# vtk DataFile Version 3.0
vtk output
ASCII
DATASET UNSTRUCTURED_GRID
FIELD FieldData 2
TIME 1 1 double
0.00358979
CYCLE 1 1 int
0
POINTS 3996 float
0.0765892 0.00991305 -0.0393654
0.0772468 0.008493 -0.0397192
0.0780129 0.00884538 -0.0395552
0.0772941 0.00834738 -0.0396831
0.0778264 0.00686199 -0.0394474
0.0786301 0.00722898 -0.0393997
0.0778789 0.00673436 -0.0394505
0.0783544 0.00520368 -0.0389215
0.0791705 0.00557443 -0.038825
0.0801799 -0.0104567 -0.0224878
0.0801509 -0.0104904 -0.0223251
0.0816205 -0.00843354 -0.0208008
0.0918428 -0.0150813 -0.0159001
0.0928276 -0.0118421 -0.0146794
0.0915327 -0.0150761 -0.0152527
0.0917285 -0.0109258 -0.0176925
0.091443 -0.0149235 -0.0152775
0.0918872 -0.0140316 -0.0154927
0.097718 -0.0102081 -0.0161652
0.0919151 -0.0143108 -0.0152138
0.0917167 -0.0144222 -0.0147945
0.0988053 -0.0121245 -0.0206248
0.0913986 -0.0135505 -0.0148261
0.0910422 -0.0124421 -0.0151979
0.0973091 -0.0137756 -0.0198385
0.0906232 -0.0122981 -0.0152128
0.0963697 -0.0130598 -0.0198329
0.0871837 -0.0111475 -0.0128153
0.0901447 -0.0121162 -0.0149467
0.0931309 -0.0133684 -0.0198145
0.0874355 -0.011767 -0.0136641
0.0872811 -0.0118145 -0.0131993
0.0860674 -0.0111235 -0.0160099
0.0856514 -0.0124471 -0.0151242
0.0909594 -0.0118894 -0.0216392
0.0864968 -0.0115267 -0.0138237
0.0866196 -0.0116878 -0.0143575
0.0876181 -0.010737 -0.0154485
0.0881455 -0.0125221 -0.0187747
0.0877293 -0.010956 -0.0141764
0.0868072 -0.0112607 -0.0145505
0.0911346 -0.0122083 -0.0229482
0.085553 -0.0110654 -0.0143245
0.0854025 -0.0112276 -0.015452
0.0904663 -0.0075769 -0.0319774
0.0862227 -0.0114632 -0.0161688
0.0794538 -0.0106803 -0.0199838
0.082561 -0.0131186 -0.0169338
0.0831502 -0.0130885 -0.0168852
0.086392 -0.00863365 -0.0225515
0.084712 -0.0109792 -0.0153167
0.0840418 -0.0118694 -0.0163191
0.0846082 -0.0114203 -0.0167556
0.0811041 -0.0099509 -0.0248223
0.0817265 -0.00963289 -0.0215008
0.0821448 -0.01135 -0.0185107
0.0821784 -0.0124736 -0.0180249
0.0817646 -0.0122522 -0.0180159
0.0818864 -0.012931 -0.0175067
0.0805865 -0.00920847 -0.0208494
0.0809984 -0.0105947 -0.0181665
0.0809082 -0.00903938 -0.0203147
0.081704 -0.010718 -0.0184822
0.0817137 -0.0108486 -0.0182263
0.0816202 -0.0107433 -0.0181547
0.0821896 -0.0105049 -0.0182359
0.0794556 -0.0105098 -0.0206202
0.0797801 -0.0107396 -0.0204336
0.0803096 -0.0103132 -0.0206504
0.0798149 -0.0114979 -0.0188537
0.0803426 -0.0110392 -0.0189056
0.0805865 -0.0110092 -0.0186964
0.0811062 -0.0107546 -0.018976
0.0759386 0.0114864 -0.039289
0.0765117 0.010061 -0.0393034
0.0766163 0.0118669 -0.0391596
0.0772916 0.0104401 -0.0393117
0.0766719 0.0119088 -0.0391516
0.0773383 0.0121444 -0.03909
0.0780809 0.0108396 -0.0392763
0.0774678 0.0122181 -0.0390791
0.0779846 0.0125763 -0.0390495
0.0788502 0.0112146 -0.039257
0.0781943 0.0126846 -0.0390483
0.0786586 0.0129579 -0.039069
0.0796315 0.0116343 -0.0392482
0.0788322 0.0130727 -0.0390799
0.0803894 0.0120333 -0.0392824
0.0795272 0.0134502 -0.0391741
0.0789371 0.0131236 -0.0390898
0.0811214 0.0124377 -0.0394606
0.0801903 0.0138319 -0.0393265
0.0796894 0.0135327 -0.0392046
0.0818454 0.0128052 -0.0396995
0.0808463 0.0141966 -0.0395371
0.0804174 0.0139534 -0.0393921
0.0818461 0.0147164 -0.039972
0.0816584 0.0146212 -0.0398779
0.0825534 0.0131505 -0.0400323
0.0814882 0.0145346 -0.0397982
0.0811365 0.0143596 -0.03965
0.0822908 0.0149307 -0.040215
0.0832494 0.0134967 -0.0404041
0.0825097 0.015072 -0.0403659
0.0828712 0.0152662 -0.0406136
0.0839388 0.0138064 -0.0408244
0.0831293 0.0154339 -0.0408223
0.0833989 0.0155879 -0.041045
0.0846052 0.0140865 -0.0412618
0.0837157 0.0157535 -0.0413261
0.0851948 0.0143554 -0.0418178
0.0842762 0.0160528 -0.0419175
0.0840676 0.0159234 -0.0416611
0.0839269 0.0158543 -0.0415252
0.0845633 0.0161961 -0.0422389
0.0857153 0.0145453 -0.0424854
0.0847978 0.0163265 -0.0425438
0.0849927 0.0164333 -0.0428204
0.0861573 0.0147118 -0.0432055
0.0852453 0.0165672 -0.043221
0.0868129 0.0149767 -0.0447839
0.08598 0.0169596 -0.0447208
0.0858123 0.0168643 -0.0443027
0.0865398 0.014873 -0.0439659
0.0857249 0.0168214 -0.044121
0.0856407 0.0167793 -0.043951
0.0853793 0.0166384 -0.0434521
0.0870453 0.0150609 -0.0456143
0.0872421 0.0151257 -0.0464537
0.0864813 0.0172363 -0.0463579
0.0863377 0.0171289 -0.0457503
0.086266 0.0170968 -0.0455252
0.0861042 0.0169996 -0.0450136
0.0952091 -0.0130643 -0.02249
0.094573 -0.0123535 -0.0248915
0.0952745 -0.0122966 -0.0224834
0.0951738 -0.0115575 -0.0250359
0.0946043 -0.0120784 -0.0224482
0.0971332 -0.0117231 -0.0239735
0.0990501 -0.0153179 -0.0307646
0.104094 -0.00888991 -0.0311643
0.0994413 -0.013341 -0.0211223
0.0954848 -0.00851774 -0.0276603
0.0982341 -0.00851554 -0.0274372
0.096525 -0.00841485 -0.0263124
0.10153 -0.00581117 -0.0318688
0.0874924 -0.00939726 -0.0310186
0.0962167 -0.00741733 -0.0291433
0.086929 -0.010743 -0.0332497
0.0970723 -0.0050553 -0.0303564
0.0874107 -0.0096806 -0.030619
0.0652814 -0.013756 -0.0339788
0.0932965 -0.0135145 -0.0273889
0.0633556 -0.0149395 -0.0322412
0.083379 -0.00860936 -0.0311904
0.0789257 -0.00598164 -0.0386576
0.0859032 -0.00901379 -0.0339815
0.08548 -0.00656907 -0.0321176
0.0859973 -0.00810862 -0.0327334
0.0889475 -0.00349131 -0.0359299
0.0929166 -0.0057117 -0.0373206
0.0819239 -0.00549405 -0.0414403
0.0838207 -0.00784523 -0.0385863
0.080239 -0.00562254 -0.0244403
0.0966842 -0.0134532 -0.0231918
0.0967463 -0.0141864 -0.0214844
0.0956182 -0.0152664 -0.0220726
0.0937402 -0.0134339 -0.0208152
0.0930666 -0.0122543 -0.0134101
0.0980378 -0.0126272 -0.0148997
0.101143 -0.0139905 -0.0445725
0.0992962 -0.0106987 -0.0336432
0.093756 -0.0114362 -0.0259987
0.0891898 -0.0112964 -0.0301455
0.102716 0.0201963 -0.0478736
0.0791506 -0.0101475 -0.027733
0.0941242 -0.00446046 -0.0255923
0.076128 -0.0137354 -0.0228092
0.0840656 -0.00633838 -0.0230596
0.0815436 -0.00959973 -0.0254192
0.0801619 -0.00962806 -0.0220751
0.0805532 -0.00769949 -0.0276046
0.0799964 -0.00636725 -0.026405
0.080637 -0.008783 -0.0236283
0.0944597 -0.0107542 -0.0271536
0.0929403 -0.0100273 -0.0303547
0.0927804 -0.00786229 -0.0297677
0.0926375 -0.00930704 -0.0300113
0.0922539 -0.00873445 -0.0285704
0.0923581 -0.0085866 -0.0296431
0.091458 -0.0085864 -0.0285341
0.0920126 -0.00790404 -0.0292806
0.0916193 -0.00819476 -0.0277551
0.0916127 -0.00723814 -0.0289654
0.0905231 -0.0070439 -0.030328
0.0911045 -0.00664588 -0.0286263
0.0892231 -0.00845511 -0.0309873
0.0904508 -0.00616246 -0.0284006
0.0911083 -0.00697569 -0.0274186
0.0896748 -0.00571179 -0.028337
0.0913539 -0.00730744 -0.0372632
0.0882158 -0.00546811 -0.0283475
0.0845603 -0.0043925 -0.0297016
0.0825362 -0.0046404 -0.0298158
0.0841139 -0.00646425 -0.0299806
0.0831887 -0.00522434 -0.0340915
0.08535 -0.00544701 -0.0332817
0.0859065 -0.00523154 -0.0294897
0.085026 -0.00550654 -0.0323137
0.0854719 -0.00537806 -0.0285287
0.0847683 -0.00635377 -0.0327919
0.0846485 -0.00574651 -0.0282136
0.0825233 -0.00725302 -0.030127
0.0834088 -0.00593828 -0.0284515
0.0824122 -0.00795032 -0.0262909
0.0823907 -0.00536518 -0.0287182
0.0814971 -0.00639495 -0.0287491
0.0807198 -0.00622344 -0.0288333
0.0806912 -0.0051955 -0.0285315
0.07993 -0.00585359 -0.0286498
0.0927717 -0.00873161 -0.0328376
0.0925013 -0.0080806 -0.0323548
0.0921886 -0.00743007 -0.0318848
0.0918339 -0.00678486 -0.0314504
0.0913942 -0.00615991 -0.0310488
0.0908707 -0.00560351 -0.0306601
0.0902349 -0.00514122 -0.0303179
0.0895404 -0.0047921 -0.0300387
0.0888927 -0.00467792 -0.0297322
0.087786 -0.00419583 -0.0300081
0.0871006 -0.00426679 -0.0296161
0.0862883 -0.00432647 -0.0296187
0.0854248 -0.00444545 -0.0296907
0.0846021 -0.00462006 -0.0296708
0.0837691 -0.00483177 -0.0295855
0.0828533 -0.004983 -0.0296873
0.0819086 -0.00508452 -0.0297086
0.0810203 -0.00524386 -0.0299748
0.0924354 -0.00729379 -0.0351687
0.0921829 -0.00667603 -0.0346484
0.0918739 -0.00608403 -0.0341192
0.0915516 -0.00549936 -0.0336196
0.0911304 -0.00494714 -0.0331583
0.0906233 -0.00442609 -0.0327093
0.0900456 -0.0039777 -0.0322897
0.0893928 -0.00359593 -0.0318938
0.0886765 -0.00329922 -0.0315598
0.0878972 -0.0030718 -0.0313052
0.0870603 -0.00301398 -0.0311447
0.0862054 -0.00302561 -0.0310594
0.0853578 -0.00312364 -0.0310321
0.084508 -0.00329195 -0.0310447
0.0836496 -0.00347632 -0.0310492
0.0827996 -0.00369636 -0.0310959
0.08196 -0.00391832 -0.0312012
0.0811102 -0.00416925 -0.0313297
0.0920431 -0.00561503 -0.0372868
0.0917646 -0.00507313 -0.0367479
0.0914705 -0.00454332 -0.0361794
0.0911527 -0.0040254 -0.0356027
0.0907358 -0.00353699 -0.0350635
0.0902639 -0.00306598 -0.0345464
0.0897631 -0.00261327 -0.0340626
0.0891786 -0.00223558 -0.0335942
0.088519 -0.00192026 -0.0331989
0.0877646 -0.00171398 -0.0328945
0.0869506 -0.00165341 -0.0326513
0.0861143 -0.00165802 -0.0324403
0.0852493 -0.00176325 -0.0323304
0.0843931 -0.0019356 -0.0322919
0.0835277 -0.00214249 -0.0322903
0.0826843 -0.0023969 -0.0323813
0.0830458 -0.00373515 -0.0277863
0.0859437 -0.00547405 -0.0243189
0.0918583 -0.00361744 -0.0391728
0.0915661 -0.00315206 -0.0385317
0.0912722 -0.0026823 -0.037905
0.0909288 -0.00222288 -0.0372901
0.090548 -0.00179503 -0.0366811
0.0901009 -0.00139389 -0.0361216
0.0896099 -0.00100707 -0.0355433
0.0890117 -0.000694858 -0.0350069
0.0883158 -0.000457881 -0.0345977
0.087545 -0.000307846 -0.0342725
0.0867509 -0.000256317 -0.03399
0.0859205 -0.000280873 -0.033758
0.0850729 -0.000378996 -0.0336108
0.0842073 -0.000571624 -0.0335527
0.0875523 -0.00290203 -0.026901
0.0852391 -0.00200633 -0.0298141
0.0898523 0.000580759 -0.0313283
0.080847 -0.00177011 -0.0339826
0.0916344 -0.00147698 -0.0407856
0.0913452 -0.00107263 -0.0400661
0.0911063 -0.000665708 -0.0393677
0.0908069 -0.000253655 -0.038666
0.0904122 0.00012527 -0.0380201
0.0899906 0.000466215 -0.0373767
0.0894878 0.000775022 -0.0367681
0.088873 0.00103741 -0.0362694
0.0881703 0.00121172 -0.0358379
0.0873799 0.00127448 -0.0354705
0.0865139 0.00124582 -0.0352053
0.085627 0.00112501 -0.0350115
0.0847606 0.000926674 -0.0349037
0.0839061 0.000698702 -0.0348624
0.0830706 0.000478085 -0.034845
0.0822639 0.000189318 -0.0349598
0.0814531 -0.000147498 -0.0351309
0.0806326 -0.000463591 -0.0352646
0.0911828 0.000643355 -0.0422613
0.09097 0.00101379 -0.0414996
0.0907764 0.00140012 -0.0407475
0.0905081 0.00175661 -0.0400071
0.0901529 0.00207033 -0.0392992
0.0897023 0.00238891 -0.0386545
0.0891442 0.0026244 -0.0380833
0.0885319 0.00279946 -0.0375174
0.0878405 0.00290048 -0.0370153
0.0870619 0.00287159 -0.0366585
0.0862203 0.002741 -0.0364051
0.085365 0.00255587 -0.0362266
0.0844908 0.00233894 -0.0360836
0.0836501 0.00208534 -0.0360431
0.0828278 0.00183269 -0.0360711
0.081969 0.00155587 -0.0361105
0.0811133 0.00127634 -0.0361332
0.0802218 0.00104815 -0.036098
0.090704 0.00293101 -0.0434267
0.0905275 0.00325377 -0.0426888
0.0903437 0.00353355 -0.0419301
0.0900893 0.00384219 -0.0412029
0.0897914 0.00409718 -0.0404857
0.0893537 0.00430633 -0.0398183
0.0887993 0.00449761 -0.03918
0.0881496 0.00455691 -0.038577
0.0874456 0.0045394 -0.038044
0.0866846 0.00449216 -0.0376216
0.0858544 0.00433879 -0.0373609
0.0850089 0.00411525 -0.0372213
0.0841698 0.00387832 -0.0371797
0.0833176 0.00359565 -0.037153
0.0824752 0.00332355 -0.0371404
0.0816232 0.00304848 -0.037137
0.0807804 0.00274249 -0.037152
0.0799549 0.00245445 -0.0371612
0.0900905 0.00533754 -0.0443918
0.0899131 0.00556551 -0.0436389
0.089745 0.00578388 -0.0428682
0.0894957 0.00599339 -0.0421208
0.089211 0.00616839 -0.0413566
0.0887915 0.00631885 -0.0406686
0.0882552 0.00641307 -0.0400366
0.0876474 0.00644707 -0.0394658
0.0869419 0.00638269 -0.0389483
0.0861884 0.00625981 -0.0385233
0.0854137 0.00607206 -0.038227
0.0846008 0.00578359 -0.0380775
0.0837855 0.00552548 -0.0380021
0.0829565 0.00524527 -0.0379759
0.0820998 0.00494321 -0.0380166
0.0812516 0.00463748 -0.0379913
0.0803932 0.00433157 -0.0379612
0.0795513 0.00404794 -0.037928
0.073365 -0.00895131 -0.0217417
0.0811084 -0.00913622 -0.0236046
0.0803842 -0.00989098 -0.0240913
0.0807332 -0.00787326 -0.0270545
0.0806019 -0.00895605 -0.0257331
0.0803988 -0.0090573 -0.0256486
0.0803028 -0.00986756 -0.0240748
0.0783947 0.00509246 -0.038902
0.0787025 0.003716 -0.0379445
0.0791688 0.00209922 -0.0372566
0.0793255 0.000813642 -0.0360151
0.0798075 -0.000771697 -0.035407
0.0800248 -0.00210174 -0.0341582
0.0781743 -0.00239238 -0.0365885
0.0809194 -0.00444195 -0.0306768
0.0803842 -0.00569016 -0.0300363
0.0805828 -0.00688136 -0.0286518
0.0799513 0.00594626 -0.0387229
0.08078 0.00628382 -0.0386373
0.0816138 0.00663635 -0.0386159
0.0824594 0.00697892 -0.0385895
0.0832867 0.0072625 -0.0386151
0.0841015 0.00756838 -0.038679
0.0848747 0.00786203 -0.0388551
0.0856303 0.00804152 -0.0391801
0.0863441 0.00823378 -0.0396115
0.0870238 0.00831796 -0.040089
0.0875986 0.00834005 -0.0406694
0.088043 0.00834737 -0.041363
0.0884071 0.00827958 -0.0420966
0.0886931 0.00816461 -0.042883
0.0889228 0.00803838 -0.0436845
0.0890855 0.00786183 -0.0444993
0.0893167 0.00771316 -0.0452887
0.0794191 0.00756854 -0.039241
0.0801971 0.00793338 -0.0391312
0.0809834 0.00830012 -0.0390415
0.0818 0.00865968 -0.039018
0.0826198 0.00902178 -0.0390643
0.0834057 0.00932469 -0.0391999
0.0841824 0.00962203 -0.0393914
0.0849307 0.00988589 -0.0396962
0.0856222 0.0100803 -0.0401236
0.0863002 0.0102411 -0.0406114
0.0868783 0.0103404 -0.0412026
0.0873237 0.0103698 -0.0419324
0.0876669 0.0103671 -0.0426947
0.0879609 0.0103384 -0.0434919
0.0882088 0.0102859 -0.0442963
0.0883811 0.0102308 -0.0451295
0.0885646 0.0101656 -0.0459523
0.0787829 0.00921505 -0.0393597
0.0795754 0.00960536 -0.0393014
0.0803585 0.0099744 -0.0392204
0.0811226 0.0103607 -0.0392129
0.0819033 0.0107327 -0.0393564
0.0826717 0.0110569 -0.039577
0.0833991 0.0113783 -0.0398796
0.0841246 0.011646 -0.0402362
0.0848308 0.0119379 -0.0406235
0.085516 0.0121915 -0.0410607
0.0861134 0.012356 -0.0416159
0.0866124 0.0124696 -0.0422935
0.0869926 0.0125362 -0.0430555
0.087296 0.0125781 -0.0438619
0.0875307 0.0126104 -0.0446955
0.0877122 0.0126301 -0.0455381
0.0878564 0.0126152 -0.0463543
0.0351467 -0.029934 -0.0323001
0.0422642 -0.0452335 -0.032859
0.095082 -0.0218629 -0.0164723
0.0355533 -0.0294837 -0.0339063
0.0358975 -0.0290127 -0.0355101
0.0360844 -0.0284237 -0.0370903
0.0362098 -0.0276177 -0.0385765
0.0363677 -0.026669 -0.040005
0.0364977 -0.0258329 -0.0415122
0.0365829 -0.024961 -0.043004
0.0364393 -0.0239234 -0.0444048
0.036126 -0.0227379 -0.0456719
0.0357739 -0.021437 -0.0468245
0.0355236 -0.0200621 -0.0479537
0.0354227 -0.0185144 -0.0489486
0.0352008 -0.016842 -0.0497235
0.0347899 -0.015145 -0.0502939
0.0342486 -0.0134565 -0.050757
0.0335482 -0.0118079 -0.0510657
0.0328405 -0.0101781 -0.0512421
0.0322269 -0.00852063 -0.0513036
0.0315318 -0.00689308 -0.0511331
0.0876643 0.0186523 -0.0530418
0.0348852 -0.00431021 -0.0674157
0.0362303 -0.00721474 -0.067895
0.0373366 -0.0103226 -0.0676483
0.0383004 -0.0133987 -0.066945
0.0393858 -0.0164799 -0.0664932
0.0404424 -0.0195132 -0.0658606
0.0413157 -0.0224122 -0.0647792
0.0420742 -0.0252929 -0.0634969
0.042664 -0.0281288 -0.0618871
0.0432641 -0.030819 -0.0600182
0.0438482 -0.0331608 -0.0578197
0.044241 -0.0353371 -0.0554573
0.044404 -0.0373559 -0.05292
0.0442828 -0.0391023 -0.0502105
0.0441849 -0.0407492 -0.0474814
0.0440819 -0.0422005 -0.0446818
0.0439997 -0.0434836 -0.0418299
0.0436263 -0.0443522 -0.0388623
0.042961 -0.0448087 -0.0358556
0.0888775 0.0156024 -0.0531455
0.0899529 0.012514 -0.0527214
0.0909862 0.00945417 -0.0521609
0.0919262 0.00652699 -0.0512241
0.0928661 0.00364289 -0.0502114
0.0937978 0.000694656 -0.0492539
0.0945597 -0.00214773 -0.0478926
0.0951166 -0.00472183 -0.0460651
0.0955201 -0.00706294 -0.0439661
0.095846 -0.00925668 -0.0416831
0.0962158 -0.0113298 -0.0392689
0.0964077 -0.013079 -0.0365635
0.0964147 -0.014673 -0.0337639
0.0964633 -0.0163066 -0.0310015
0.0963438 -0.0176662 -0.0281122
0.0961998 -0.0189728 -0.0252188
0.0962121 -0.0199696 -0.022615
0.0961425 -0.021664 -0.0185049
0.0802752 0.0321607 -0.0213298
0.0803254 0.0329849 -0.0224804
0.0808329 0.0327182 -0.0224473
0.0824751 0.0319758 -0.0190767
0.0796544 0.0329837 -0.0248044
0.0813517 0.0334861 -0.0231301
0.0800235 0.0330611 -0.0248374
0.0797013 0.0328684 -0.0255119
0.0769611 0.0317463 -0.0175975
0.0753521 0.0160262 -0.0381045
0.075302 0.0158817 -0.0381483
0.0760582 0.0154951 -0.0381781
0.0838527 0.0088802 -0.0485138
0.0847689 0.0110981 -0.048007
0.0837014 0.00875971 -0.0477168
0.0846777 0.0109255 -0.0471601
0.0836838 0.0087383 -0.0476521
0.0834521 0.00846053 -0.0470204
0.0844417 0.010814 -0.046347
0.0834072 0.00844687 -0.0468615
0.0832521 0.00850555 -0.0462487
0.0841314 0.0106933 -0.0455415
0.083143 0.00842918 -0.0460287
0.0829327 0.00844298 -0.0454974
0.0838052 0.0107189 -0.0447305
0.0828769 0.00853299 -0.0452998
0.0833399 0.010768 -0.043985
0.0825896 0.00876724 -0.0445672
0.0828325 0.00854724 -0.0451947
0.0828348 0.0108922 -0.0433049
0.0822125 0.00886612 -0.0438811
0.0825101 0.00881584 -0.0443955
0.0813804 0.00934031 -0.0426356
0.0816452 0.00926158 -0.0429636
0.0822906 0.0110428 -0.0426403
0.0818022 0.00907852 -0.0432303
0.0820975 0.00897636 -0.043658
0.0812487 0.00938854 -0.0424687
0.0817963 0.0112132 -0.0419725
0.0810992 0.0094398 -0.0422874
0.0807953 0.00973385 -0.0418823
0.0811777 0.0114013 -0.04135
0.0805973 0.00984715 -0.0416762
0.080232 0.00994277 -0.0413549
0.0804984 0.0115898 -0.0407864
0.0799191 0.00999011 -0.0411171
0.0790879 0.0119174 -0.0397554
0.0784378 0.0102502 -0.0402015
0.0787232 0.0101149 -0.0403717
0.0798044 0.0117324 -0.0402333
0.0788945 0.0100469 -0.0404754
0.0791681 0.0100134 -0.0406407
0.0795697 0.00998627 -0.0408993
0.0783734 0.0121455 -0.0393143
0.0776421 0.0124651 -0.0389744
0.0769642 0.0109275 -0.0395388
0.077385 0.0106977 -0.0397053
0.0776887 0.010537 -0.0398448
0.0780359 0.010355 -0.0400106
0.0761792 0.0133603 -0.0388056
0.0755532 0.0118574 -0.0392995
0.076902 0.0128902 -0.0387873
0.0758621 0.0115074 -0.0392586
0.0760581 0.0114364 -0.0392949
0.0762298 0.0113472 -0.0393335
0.0767135 0.0110359 -0.0394549
0.0748313 0.0144914 -0.0388239
0.0747748 0.0143256 -0.038875
0.0754997 0.0138469 -0.0388523
0.0743336 0.0129991 -0.0396098
0.0747631 0.012586 -0.0394283
0.0749522 0.0124508 -0.0394159
0.075324 0.0120766 -0.0393204
0.0796618 0.0323075 -0.0194925
0.0804271 0.0323179 -0.0212386
0.0802959 0.0320626 -0.0195821
0.0809099 0.0320956 -0.0206332
0.0803518 0.0320348 -0.0195806
0.0808803 0.0317953 -0.0193016
0.081286 0.0320569 -0.0207257
0.080988 0.0317489 -0.0192222
0.0815611 0.031661 -0.0192618
0.0819982 0.0320757 -0.0205061
0.0817658 0.0316125 -0.019204
0.0822459 0.0315339 -0.0190717
0.0827902 0.0320625 -0.0201898
0.082341 0.0315492 -0.0188969
0.0835453 0.0319615 -0.0198296
0.0829604 0.0315063 -0.0184605
0.0824188 0.031547 -0.0188155
0.084234 0.0321156 -0.0193898
0.083567 0.0315208 -0.0180087
0.0831125 0.0314996 -0.0183686
0.0849382 0.0322531 -0.0189234
0.0841521 0.0316284 -0.0175402
0.08375 0.0315571 -0.0178341
0.085106 0.0318611 -0.0168778
0.0849186 0.0318055 -0.0169972
0.0856691 0.0323319 -0.0185059
0.0847521 0.0317623 -0.017105
0.0844257 0.0316827 -0.017342
0.0855671 0.0319998 -0.0166083
0.086408 0.0324052 -0.018149
0.0858122 0.0320947 -0.0164684
0.0862058 0.032244 -0.0162549
0.0871338 0.0325965 -0.0178329
0.0865016 0.0323926 -0.0160971
0.0868267 0.0325498 -0.015951
0.0878441 0.0328678 -0.0175275
0.0871896 0.0327477 -0.0157806
0.0885231 0.0332397 -0.0172884
0.0878462 0.0332093 -0.0154855
0.0875962 0.0330109 -0.0156066
0.0874328 0.032903 -0.0156739
0.0881669 0.0334656 -0.0153486
0.0891851 0.0336985 -0.0170868
0.0884334 0.0337168 -0.0152353
0.0886919 0.0339167 -0.0151022
0.0897516 0.0342645 -0.0168804
0.089022 0.0342601 -0.0149291
0.0907468 0.0355709 -0.0165913
0.0900171 0.035575 -0.0144252
0.0897893 0.0352004 -0.0145784
0.0902763 0.034893 -0.0167387
0.0896745 0.0350366 -0.0146377
0.0895473 0.0348872 -0.0146812
0.0891956 0.0344559 -0.0148394
0.0911683 0.0363018 -0.0164734
0.091509 0.0370666 -0.0164172
0.09097 0.0370587 -0.0141556
0.0906614 0.0364826 -0.014237
0.0905333 0.0362747 -0.014283
0.0902444 0.0358203 -0.0143935
0.0861596 0.0162895 -0.0464989
0.0868769 0.0187836 -0.0455437
0.0859395 0.0160676 -0.0457316
0.086604 0.0184362 -0.0448289
0.0856342 0.0158644 -0.0449611
0.0862481 0.0181676 -0.0441052
0.0853059 0.0156531 -0.0441976
0.0858938 0.0179266 -0.0433835
0.0849414 0.0154797 -0.0434429
0.0854314 0.0177369 -0.0426885
0.0845076 0.0153461 -0.0427162
0.0849918 0.0175485 -0.0419981
0.0840181 0.0152667 -0.0420412
0.0845354 0.0173887 -0.0413404
0.0835225 0.0152103 -0.0413774
0.0840548 0.0172846 -0.0406434
0.0829637 0.0151815 -0.0407837
0.08354 0.0171745 -0.0400099
0.0824034 0.0152105 -0.0401613
0.0829917 0.0170848 -0.0394085
0.0817846 0.0152712 -0.0395858
0.0823732 0.0170963 -0.038872
0.081153 0.0153284 -0.0390129
0.0817192 0.01716 -0.0383478
0.080474 0.0154743 -0.0385466
0.0810263 0.0172572 -0.0379366
0.079717 0.0156662 -0.0381901
0.080314 0.0174783 -0.0375905
0.0789764 0.0159927 -0.037849
0.0795513 0.0177529 -0.0372971
0.0781882 0.0163502 -0.0377038
0.0854862 0.0137347 -0.0472879
0.0853232 0.0135554 -0.0464697
0.0851103 0.0133483 -0.04565
0.084827 0.0132104 -0.0448396
0.0844671 0.0130954 -0.044056
0.0839844 0.0130937 -0.043355
0.0834987 0.0131073 -0.042662
0.082956 0.0131415 -0.0420063
0.0824119 0.0131906 -0.0413345
0.0818102 0.0132381 -0.0407375
0.0811798 0.0133806 -0.0401365
0.0804865 0.0135228 -0.0396078
0.079789 0.0136937 -0.0391198
0.0790885 0.013979 -0.0387205
0.0783082 0.014258 -0.0384665
0.0775667 0.0146242 -0.038261
0.0768292 0.0150514 -0.0381964
0.0779565 0.0184153 -0.0370568
0.0771368 0.0187637 -0.0370051
0.0766283 0.017091 -0.0375879
0.0872434 0.0212036 -0.0443681
0.0878356 0.0234246 -0.0429534
0.0869724 0.0208348 -0.0436672
0.0875796 0.0229476 -0.0423217
0.0866156 0.0205124 -0.0429949
0.087293 0.0225267 -0.0416893
0.0862751 0.0201673 -0.0422969
0.0870205 0.0221287 -0.0410345
0.0859401 0.0198234 -0.0415911
0.086744 0.0216986 -0.040366
0.08561 0.0194993 -0.0408794
0.0863553 0.0213321 -0.0397192
0.085229 0.019254 -0.0402052
0.0859046 0.0210196 -0.0390662
0.0847769 0.0190526 -0.0395526
0.0854412 0.0207327 -0.0384282
0.0842747 0.0188464 -0.0389432
0.0848971 0.0205176 -0.0378186
0.0836905 0.0187525 -0.0383567
0.0842662 0.0203959 -0.0372581
0.0830224 0.0187075 -0.0378519
0.0836159 0.0202959 -0.036752
0.0823333 0.0187497 -0.0374081
0.0829098 0.0203055 -0.0363202
0.0815949 0.0189224 -0.0370826
0.0821347 0.0204231 -0.0359888
0.0808238 0.0191496 -0.0368545
0.0813132 0.0206359 -0.0358503
0.0800334 0.0194029 -0.0367
0.0804981 0.0209596 -0.0357458
0.0792276 0.0197397 -0.0365844
0.0797005 0.02125 -0.0357347
0.0784081 0.0200464 -0.0365483
0.0788984 0.0216083 -0.0357825
0.0776269 0.0203909 -0.0365123
0.0781046 0.0220238 -0.0358284
0.0885924 0.0254351 -0.0414559
0.0883903 0.0248999 -0.0408214
0.0881975 0.0243394 -0.0401934
0.087942 0.0238221 -0.0395692
0.0875899 0.0233963 -0.0389328
0.0871994 0.0229913 -0.0382902
0.0867507 0.0225821 -0.0376811
0.0862235 0.0222619 -0.0370941
0.085614 0.0220552 -0.0365381
0.0849757 0.0219043 -0.0360274
0.0842877 0.0218566 -0.0355542
0.083482 0.0219162 -0.0351776
0.0826551 0.0220825 -0.034934
0.0818095 0.0222775 -0.0348273
0.0809607 0.0225726 -0.0348231
0.0801638 0.0229061 -0.0349155
0.0793822 0.0232744 -0.034996
0.0786124 0.023651 -0.0351839
0.0892984 0.0273013 -0.0397505
0.0891612 0.0267273 -0.0391213
0.0890027 0.0261193 -0.0384995
0.0888037 0.0255053 -0.0379185
0.0884758 0.0249583 -0.0373138
0.0880504 0.0244831 -0.0367425
0.0875667 0.0240491 -0.0361779
0.0869856 0.0237225 -0.0356461
0.0863165 0.0235148 -0.0351728
0.0855891 0.0233987 -0.0347715
0.084818 0.0233964 -0.0344138
0.0839984 0.0234596 -0.0341522
0.083149 0.0236436 -0.034056
0.0823167 0.0239163 -0.0340997
0.0815319 0.024285 -0.0342502
0.0807444 0.0246159 -0.0344032
0.079952 0.0249941 -0.0345411
0.0791658 0.0253245 -0.0347367
0.0900413 0.0290938 -0.0377994
0.0899194 0.0284198 -0.0372707
0.0898026 0.0277678 -0.03674
0.0895447 0.0271555 -0.0361776
0.0892046 0.0265749 -0.0356469
0.0887503 0.0260434 -0.0351296
0.0882216 0.0255546 -0.0346681
0.087579 0.0252124 -0.0342359
0.0868596 0.0249849 -0.0338654
0.0861177 0.0248406 -0.0335101
0.0853027 0.024839 -0.033235
0.0844618 0.0249135 -0.033069
0.083622 0.0251844 -0.0330762
0.0828311 0.025523 -0.0332296
0.0820875 0.0258962 -0.0334221
0.0813373 0.0262619 -0.033647
0.0805123 0.0266079 -0.0338343
0.079639 0.0269382 -0.033947
0.0905882 0.0307838 -0.0358182
0.0904425 0.0301102 -0.0353328
0.0902429 0.0293972 -0.0348676
0.0900159 0.028669 -0.0343683
0.0897113 0.0280107 -0.0338898
0.0892799 0.0274498 -0.0334177
0.0887626 0.0269361 -0.0329878
0.0881308 0.0265502 -0.0326091
0.0873989 0.0262585 -0.0322661
0.0865781 0.0261327 -0.0320207
0.0857124 0.0261493 -0.0318305
0.0848264 0.0262601 -0.0317928
0.0839908 0.0265114 -0.0318662
0.083204 0.0268656 -0.0319792
0.0824424 0.0272719 -0.0321935
0.081707 0.0276644 -0.0324421
0.0809148 0.0280539 -0.0327513
0.0801081 0.0284165 -0.0330071
0.090937 0.032229 -0.0336988
0.0907593 0.0314338 -0.0332442
0.0905472 0.0306744 -0.0327923
0.0903438 0.0299566 -0.0323763
0.0900722 0.0292421 -0.0319568
0.0896847 0.0286035 -0.0315476
0.0891757 0.0280579 -0.0311444
0.0885238 0.0276286 -0.0308038
0.0877292 0.0273637 -0.0305423
0.0868649 0.0272658 -0.0303812
0.0859918 0.0273013 -0.0303326
0.0851498 0.0274564 -0.0303709
0.0843053 0.0277133 -0.03048
0.0835342 0.0280758 -0.0306594
0.0827795 0.0284616 -0.0309004
0.0820152 0.0288765 -0.0311992
0.0812289 0.0292819 -0.0315115
0.0804315 0.0296803 -0.0317806
0.0914508 0.0333894 -0.0313497
0.0913156 0.032538 -0.0309995
0.0911572 0.0317622 -0.030633
0.0909085 0.030996 -0.0302204
0.0905877 0.0302477 -0.0298748
0.0901606 0.0295489 -0.029543
0.0895326 0.0290205 -0.0292303
0.0888117 0.0285857 -0.0289669
0.0880079 0.0283041 -0.0288093
0.0871583 0.0282808 -0.0287563
0.0862947 0.0283023 -0.0287452
0.0854363 0.0285067 -0.0288493
0.0846214 0.0288435 -0.0290447
0.0838726 0.0292538 -0.0293446
0.0831581 0.0297232 -0.0296641
0.0824568 0.0301838 -0.0300196
0.0816443 0.0305396 -0.0302393
0.0808257 0.0308738 -0.0304742
0.0920044 0.0342681 -0.0290166
0.0918761 0.0334595 -0.0287046
0.0916927 0.0326026 -0.0284209
0.0913856 0.0318205 -0.0281038
0.0909813 0.0310827 -0.0277997
0.0904423 0.0304836 -0.0275292
0.0898051 0.0299425 -0.0272617
0.0890444 0.0295473 -0.0270813
0.0882292 0.0292912 -0.0270028
0.0873565 0.0292384 -0.0270258
0.086495 0.0293611 -0.0270896
0.0856626 0.0295147 -0.027407
0.0848042 0.0298573 -0.0276013
0.0841698 0.0303287 -0.0278951
0.0834966 0.0307179 -0.0282192
0.0827538 0.0311683 -0.0285825
0.0819396 0.031574 -0.0288407
0.0811035 0.0318818 -0.0290808
0.0923974 0.0350162 -0.0266111
0.0922549 0.0341767 -0.0263909
0.0920188 0.0334159 -0.0261147
0.091663 0.0326755 -0.0258852
0.0911792 0.0319758 -0.0256466
0.0905864 0.0313598 -0.0254567
0.0899208 0.0308382 -0.0253642
0.089165 0.0305235 -0.0252799
0.0883459 0.0303037 -0.0252606
0.0874832 0.0302459 -0.025373
0.086671 0.0303788 -0.0256765
0.0849913 0.0304619 -0.0305794
0.0849267 0.031269 -0.0252043
0.0848666 0.0321514 -0.0225188
0.0889444 0.0318271 -0.0291004
0.083787 0.0319992 -0.0305548
0.0813801 0.0323792 -0.0310246
0.0811534 0.0327109 -0.0296922
0.078743 0.0180867 -0.0371578
0.0774083 0.0166884 -0.0376366
0.0758341 0.01747 -0.0375446
0.0768954 0.0208074 -0.0366078
0.0763733 0.019208 -0.0368594
0.0763384 0.0190985 -0.0368905
0.0758817 0.0176043 -0.0375411
0.0798506 0.0327338 -0.0253635
0.0803541 0.0329604 -0.0277087
0.0802305 0.0322128 -0.0292569
0.0799517 0.0311559 -0.0306276
0.0796293 0.0300245 -0.032003
0.0792561 0.028766 -0.0332399
0.0787711 0.0272236 -0.0340265
0.0783374 0.0256648 -0.0349051
0.0777994 0.0239835 -0.0352271
0.0773346 0.0224246 -0.0359244
0.0827399 0.0320176 -0.0389819
0.0818765 0.0312933 -0.0352962
0.0979246 0.0350369 -0.0197391
0.0852863 0.0313053 -0.0208302
0.0857841 0.0324054 -0.0171515
0.0859433 0.0313091 -0.023879
0.0866745 0.0313265 -0.0238653
0.0875031 0.0311043 -0.0236206
0.0883407 0.0310884 -0.0234427
0.0891627 0.0312695 -0.0233646
0.0899592 0.0315944 -0.0233496
0.090701 0.0320359 -0.0233488
0.0912974 0.0326357 -0.023442
0.0917805 0.0333359 -0.0235564
0.0921604 0.0340863 -0.0237373
0.092436 0.0349066 -0.0239348
0.0925636 0.0357389 -0.0241203
0.0816343 0.0326502 -0.0232552
0.0826015 0.0327754 -0.0238863
0.0841482 0.0330356 -0.0241182
0.0846775 0.033024 -0.0224193
0.0850986 0.0326706 -0.0224837
0.0860319 0.0326212 -0.0219969
0.0865344 0.0320175 -0.0221924
0.0873075 0.0319241 -0.021896
0.0881213 0.031883 -0.0216288
0.0889191 0.032048 -0.0214246
0.0897071 0.0323537 -0.0213142
0.0904502 0.0327722 -0.0212616
0.0911082 0.0333241 -0.0212244
0.0915791 0.0340093 -0.0212713
0.0920005 0.034739 -0.0213477
0.0923144 0.0355281 -0.0214165
0.0925037 0.0363509 -0.0215348
0.0815202 0.0326294 -0.0222408
0.0822937 0.0326007 -0.0219852
0.083122 0.0326184 -0.0217192
0.0838764 0.0325652 -0.0214222
0.0846469 0.0324937 -0.0210691
0.0853831 0.0324186 -0.0207355
0.0861528 0.0324299 -0.0204107
0.0869175 0.0324071 -0.0200762
0.0876831 0.0324191 -0.0197699
0.0884417 0.0326067 -0.0195291
0.0891568 0.0329189 -0.0193451
0.0898376 0.0333642 -0.0191985
0.0904571 0.0339203 -0.0190806
0.0910044 0.0345537 -0.0190025
0.0914795 0.035247 -0.0189653
0.0918368 0.0359889 -0.0189557
0.0921463 0.036774 -0.0189505
0.0284407 0.0300664 -0.0424459
0.0299888 0.0309288 -0.0593116
0.0848399 0.0103737 -0.0553882
0.0293272 0.0316513 -0.0425349
0.0300366 0.0332675 -0.0424115
0.0307798 0.0348073 -0.0420547
0.0313995 0.0363313 -0.0414803
0.0318052 0.0378563 -0.0406993
0.0321291 0.0393099 -0.0397428
0.0324989 0.0406632 -0.038669
0.0328831 0.0419017 -0.0374729
0.0331973 0.0430139 -0.0361323
0.0334843 0.0439909 -0.0346958
0.0337728 0.0449345 -0.03324
0.034082 0.0458984 -0.031799
0.0343237 0.0467649 -0.0302872
0.0344648 0.0474039 -0.0286643
0.0345991 0.0478401 -0.026972
0.0344701 0.0481185 -0.025249
0.0342896 0.0482629 -0.0235127
0.0342037 0.0483537 -0.0217711
0.0341258 0.0483172 -0.0200241
0.0940941 0.043463 -0.0131944
0.0395537 0.0641635 -0.0181538
0.0398851 0.0646553 -0.021312
0.040048 0.0647388 -0.0245038
0.0400294 0.064389 -0.0276916
0.039999 0.0637763 -0.0308616
0.0399167 0.0629185 -0.0340443
0.039681 0.0618111 -0.0371258
0.0392793 0.0604804 -0.0400907
0.0387929 0.0588705 -0.0429
0.0382875 0.057072 -0.0455519
0.0376697 0.0550038 -0.0479529
0.0369647 0.0526614 -0.0500323
0.0360915 0.0502797 -0.0519738
0.035225 0.0477945 -0.0537541
0.0343457 0.045246 -0.0554601
0.033534 0.0425647 -0.0569398
0.0327866 0.0397505 -0.0580812
0.0320217 0.036855 -0.0589521
0.0310582 0.0338744 -0.0593982
0.0944088 0.0434643 -0.0163506
0.0947115 0.0433192 -0.0195499
0.0947373 0.0427099 -0.0225971
0.0946152 0.0419243 -0.0255725
0.0944867 0.0411373 -0.0286205
0.0942908 0.0403517 -0.0316582
0.0939785 0.0392774 -0.0346006
0.0935427 0.0376888 -0.037291
0.0930328 0.0359104 -0.0398089
0.0924517 0.0338908 -0.0421291
0.0918642 0.03185 -0.044485
0.0912128 0.0296667 -0.0467425
0.0904315 0.0271485 -0.0484612
0.0895263 0.0244687 -0.0498624
0.0886449 0.021749 -0.0513436
0.0877177 0.0189281 -0.0525118
0.0868429 0.016178 -0.0537702
0.0858934 0.01331 -0.0547264
0.0487487 -0.0103334 -0.0112797
0.0399577 -0.00544585 -0.0121588
0.0486917 -0.0102646 -0.0128908
0.0399146 -0.00529322 -0.0133258
0.0486326 -0.0100557 -0.0144896
0.0398703 -0.0050395 -0.014475
0.0485719 -0.00970826 -0.0160641
0.0398252 -0.00468661 -0.0155976
0.0485099 -0.00922459 -0.0176022
0.0397795 -0.00423714 -0.0166853
0.0484472 -0.00860907 -0.0190924
0.0397337 -0.00369453 -0.0177295
0.0483843 -0.00786564 -0.020523
0.0396881 -0.00306294 -0.0187225
0.0483216 -0.00700038 -0.0218835
0.0396429 -0.00234711 -0.0196566
0.0482595 -0.00601867 -0.0231624
0.0395987 -0.00155265 -0.0205247
0.0481971 -0.0049345 -0.0243515
0.0395554 -0.000685447 -0.0213202
0.0481054 -0.00378927 -0.0254542
0.0395142 0.000247941 -0.0220374
0.0480805 -0.00246824 -0.0264241
0.0394744 0.00124028 -0.0226701
0.0480265 -0.00110534 -0.0272916
0.0394368 0.00228399 -0.0232141
0.0479752 0.00032487 -0.0280382
0.0394016 0.0033713 -0.0236651
0.0479267 0.00181465 -0.0286561
0.0393692 0.00449381 -0.0240195
0.0478819 0.00335264 -0.0291418
0.0393396 0.00564302 -0.0242748
0.0478411 0.00492732 -0.0294915
0.0393132 0.00681024 -0.0244289
0.0478048 0.00652654 -0.0297027
0.0392902 0.00798647 -0.0244808
0.0477731 0.00813819 -0.0297738
0.0392708 0.0091628 -0.02443
0.0477462 0.00975001 -0.0297043
0.0392552 0.0103302 -0.0242769
0.0477245 0.0113497 -0.0294947
0.0392433 0.01148 -0.0240226
0.047708 0.0129251 -0.0291467
0.0392354 0.0126032 -0.0236692
0.0476969 0.0144643 -0.0286627
0.0392315 0.0136915 -0.0232194
0.0476912 0.0159554 -0.0280464
0.0392315 0.0147365 -0.0226763
0.0476911 0.0173872 -0.0273025
0.0392354 0.0157302 -0.0220445
0.0476964 0.0187488 -0.0264367
0.0392432 0.016665 -0.0213285
0.0477072 0.0200297 -0.0254557
0.0392549 0.017534 -0.0205338
0.0477234 0.0212205 -0.0243669
0.0392704 0.0183305 -0.0196666
0.0477448 0.0223116 -0.0231785
0.0392897 0.0190483 -0.0187332
0.0477712 0.0232952 -0.0218998
0.0393125 0.019682 -0.017741
0.0478026 0.0241634 -0.0205401
0.0393386 0.0202269 -0.0166974
0.0478385 0.0249099 -0.0191101
0.0393678 0.0206788 -0.0156103
0.0478788 0.025529 -0.0176206
0.0394 0.0210342 -0.0144881
0.0479232 0.0260157 -0.0160829
0.0394349 0.0212905 -0.0133393
0.0479713 0.0263667 -0.0145088
0.0394722 0.0214456 -0.0121725
0.0480228 0.0265791 -0.0129102
0.0395116 0.0214985 -0.0109967
0.0480772 0.0266512 -0.0112992
0.0395529 0.0214485 -0.00982089
0.0481342 0.0265826 -0.00968818
0.0395958 0.0212963 -0.00865391
0.0481933 0.0263738 -0.00808934
0.0396399 0.0210429 -0.0075047
0.0482541 0.0260265 -0.00651484
0.0396848 0.0206901 -0.00638201
0.0483161 0.0255431 -0.00497671
0.0397303 0.0202408 -0.00529437
0.0483789 0.0249275 -0.0034866
0.039776 0.0196983 -0.00425009
0.0484419 0.0241841 -0.00205592
0.0398216 0.0190668 -0.00325707
0.0485047 0.0233188 -0.000695493
0.0398668 0.0183511 -0.00232288
0.0485668 0.0223381 0.000584278
0.0399113 0.0175566 -0.00145466
0.0486278 0.0212496 0.00177366
0.0399546 0.0166894 -0.000658986
0.0486871 0.0200614 0.00286368
0.0399964 0.0157561 5.81436e-05
0.0487444 0.0187827 0.00384616
0.0400364 0.0147637 0.00069106
0.0487992 0.0174232 0.00471338
0.0400743 0.0137198 0.00123525
0.0488511 0.015993 0.00545874
0.0401098 0.0126324 0.00168629
0.0488996 0.0145034 0.00607671
0.0401425 0.0115098 0.00204082
0.0489444 0.0129653 0.00656253
0.0401723 0.0103605 0.00229621
0.0489852 0.0113907 0.00691245
0.0401989 0.00919329 0.00245045
0.0490215 0.00979144 0.00712382
0.0402221 0.00801693 0.00250246
0.0490533 0.00817973 0.007195
0.0402418 0.00684045 0.0024517
0.0490802 0.00656785 0.00712565
0.0402577 0.00567274 0.00229868
0.0491019 0.0049681 0.00691606
0.0402697 0.00452281 0.00204451
0.0491185 0.00339258 0.00656793
0.0402778 0.00339935 0.00169119
0.0491296 0.00185338 0.00608392
0.0402818 0.0023109 0.00124124
0.0491353 0.000362156 0.00546758
0.0402819 0.00126584 0.00069813
0.0491355 -0.00106966 0.00472377
0.0402779 0.000271968 6.62568e-05
0.0491301 -0.0024313 0.00385796
0.04027 -0.000663102 -0.000649894
0.0491193 -0.0037123 0.00287691
0.0402581 -0.00153217 -0.00144467
0.0491031 -0.004903 0.00178816
0.0402424 -0.00232865 -0.00231207
0.0490817 -0.00599426 0.000599837
0.040223 -0.00304664 -0.00324548
0.0490551 -0.00697788 -0.000678948
0.0402001 -0.0036805 -0.00423783
0.0490238 -0.0078463 -0.00203856
0.0401736 -0.0042254 -0.00528157
0.0489878 -0.00859281 -0.00346855
0.0401441 -0.00467726 -0.00636876
0.0489474 -0.00921173 -0.0049581
0.0401116 -0.00503253 -0.00749112
0.0489029 -0.00969843 -0.00649586
0.0400764 -0.00528858 -0.00864013
0.0488547 -0.0100491 -0.00807008
0.0400389 -0.00544352 -0.00980701
0.0488032 -0.0102613 -0.00966876
0.0399992 -0.00549598 -0.0109829
0.106103 -0.009071 -0.0132785
0.105361 -0.00913602 -0.0148572
0.106046 -0.00900293 -0.0148707
0.105302 -0.00892796 -0.0164478
0.105988 -0.00879635 -0.0164509
0.105242 -0.00858246 -0.0180143
0.105927 -0.00845293 -0.018007
0.10518 -0.00810142 -0.0195445
0.105866 -0.00797522 -0.0195272
0.105117 -0.00748898 -0.021027
0.105803 -0.0073667 -0.0209999
0.105054 -0.00674958 -0.0224504
0.105741 -0.00663221 -0.022414
0.104991 -0.00588894 -0.023804
0.105679 -0.00577725 -0.0237587
0.104929 -0.00491359 -0.0250774
0.105617 -0.00480826 -0.0250237
0.104869 -0.00383075 -0.0262608
0.105557 -0.00373252 -0.0261994
0.104809 -0.00264871 -0.0273454
0.105498 -0.00255824 -0.0272767
0.104752 -0.00137655 -0.0283227
0.105441 -0.00129444 -0.0282476
0.104698 -2.39493e-05 -0.0291855
0.105387 4.92544e-05 -0.0291047
0.104646 0.00139878 -0.029927
0.105336 0.00146269 -0.0298413
0.104598 0.00288098 -0.0305417
0.105288 0.00293498 -0.0304519
0.104553 0.00441113 -0.0310248
0.105243 0.00445512 -0.0309319
0.104513 0.0059777 -0.0313729
0.105203 0.0060114 -0.0312777
0.104476 0.00756872 -0.0315832
0.105167 0.00759191 -0.0314866
0.104445 0.00917209 -0.0316539
0.105135 0.00918479 -0.0315569
0.104418 0.0107756 -0.0315847
0.105109 0.0107777 -0.031488
0.104396 0.0123671 -0.0313759
0.105087 0.0123588 -0.0312807
0.10438 0.0139345 -0.0310294
0.105071 0.0139157 -0.0309364
0.104369 0.0154657 -0.0305477
0.10506 0.015437 -0.0304578
0.104363 0.0169492 -0.0299344
0.105054 0.0169107 -0.0298486
0.104363 0.0183737 -0.0291943
0.105054 0.0183258 -0.0291134
0.104368 0.0197283 -0.028333
0.105059 0.0196715 -0.0282577
0.104379 0.0210028 -0.027357
0.10507 0.0209375 -0.0272881
0.104395 0.0221872 -0.0262735
0.105086 0.0221141 -0.0262119
0.104416 0.0232727 -0.0250912
0.105107 0.0231926 -0.0250373
0.104443 0.0242512 -0.0238188
0.105133 0.0241645 -0.0237733
0.104474 0.025115 -0.0224661
0.105164 0.0250226 -0.0224295
0.10451 0.0258576 -0.0210434
0.1052 0.0257604 -0.0210161
0.10455 0.0264734 -0.0195615
0.10524 0.0263721 -0.019544
0.104594 0.0269577 -0.0180317
0.105284 0.0268533 -0.0180242
0.104642 0.0273069 -0.0164656
0.105332 0.0272002 -0.0164684
0.104694 0.0275183 -0.0148751
0.105383 0.0274102 -0.0148884
0.104748 0.02759 -0.0132724
0.105437 0.0274814 -0.0132962
0.104805 0.0275217 -0.0116696
0.105494 0.0274137 -0.011704
0.104864 0.0273139 -0.0100789
0.105552 0.0272073 -0.0101238
0.104925 0.0269683 -0.00851244
0.105613 0.0268639 -0.00856764
0.104987 0.0264874 -0.00698217
0.105674 0.0263862 -0.00704743
0.10505 0.0258748 -0.0054997
0.105736 0.0257777 -0.00557471
0.105112 0.0251353 -0.00407631
0.105799 0.025043 -0.00416068
0.105175 0.0242744 -0.00272291
0.105861 0.0241877 -0.00281612
0.105237 0.0232986 -0.0014497
0.105923 0.0232185 -0.00155128
0.105298 0.0222156 -0.000266445
0.105983 0.0221426 -0.000375716
0.105357 0.0210335 0.000818031
0.106042 0.0209683 0.000701485
0.105414 0.0197613 0.00179528
0.106099 0.0197044 0.00167234
0.105469 0.0184087 0.00265795
0.106153 0.0183607 0.00252943
0.105521 0.0169858 0.00339947
0.106204 0.0169472 0.00326605
0.105569 0.0155038 0.00401426
0.106252 0.0154749 0.00387672
0.105614 0.0139737 0.00449739
0.106297 0.0139547 0.00435676
0.105654 0.0124071 0.00484549
0.106337 0.0123986 0.00470254
0.105691 0.0108161 0.00505576
0.106373 0.010818 0.0049114
0.105722 0.00921277 0.00512645
0.106405 0.0092252 0.00498174
0.105749 0.00760925 0.0050573
0.106431 0.00763217 0.00491298
0.105771 0.00601776 0.00484869
0.106453 0.00605118 0.00470571
0.105787 0.00445043 0.0045022
0.106469 0.00449413 0.00436151
0.105799 0.00291926 0.0040205
0.106481 0.00297294 0.00388293
0.105804 0.00143574 0.00340718
0.106486 0.0014993 0.00327371
0.105804 1.13343e-05 0.00266706
0.106486 8.41967e-05 0.00253848
0.105799 -0.00134324 0.00180572
0.106481 -0.00126148 0.00168274
0.105788 -0.00261772 0.000829813
0.10647 -0.00252753 0.00071316
0.105772 -0.00380227 -0.00025356
0.106454 -0.0037043 -0.000362919
0.105751 -0.0048879 -0.00143576
0.106433 -0.00478281 -0.00153746
0.105724 -0.00586632 -0.00270809
0.106407 -0.00575482 -0.00280141
0.105693 -0.00673014 -0.00406074
0.106376 -0.00661291 -0.0041452
0.105657 -0.00747273 -0.00548343
0.10634 -0.00735058 -0.00555856
0.105617 -0.00808854 -0.00696532
0.1063 -0.00796236 -0.00703071
0.105572 -0.00857276 -0.00849516
0.106256 -0.0084433 -0.00855048
0.105524 -0.00892174 -0.0100613
0.106208 -0.00879004 -0.0101063
0.105473 -0.00913296 -0.0116517
0.106157 -0.00899984 -0.0116863
0.105418 -0.00920454 -0.0132544
0.104669 -0.00922123 -0.0148393
0.10461 -0.00901225 -0.0164362
0.104549 -0.00866546 -0.0180088
0.104487 -0.0081825 -0.0195451
0.104424 -0.0075678 -0.0210335
0.104361 -0.00682534 -0.0224625
0.104298 -0.00596119 -0.0238214
0.104236 -0.00498214 -0.0251
0.104174 -0.00389423 -0.0262873
0.104115 -0.00270796 -0.0273766
0.104058 -0.00143114 -0.0283583
0.104003 -7.32401e-05 -0.0292244
0.103951 0.00135518 -0.0299689
0.103903 0.0028432 -0.030586
0.103858 0.00437946 -0.031071
0.103817 0.00595223 -0.0314205
0.103781 0.00754954 -0.0316317
0.103749 0.00915933 -0.0317027
0.103722 0.0107692 -0.0316333
0.1037 0.012367 -0.0314236
0.103684 0.0139406 -0.0310757
0.103672 0.0154779 -0.0305921
0.103667 0.0169673 -0.0299763
0.103666 0.0183975 -0.0292333
0.103672 0.0197575 -0.0283687
0.103683 0.021037 -0.0273888
0.103699 0.0222261 -0.026301
0.10372 0.023316 -0.0251139
0.103747 0.0242983 -0.0238365
0.103778 0.0251655 -0.0224785
0.103814 0.025911 -0.0210501
0.103855 0.0265292 -0.0195623
0.103899 0.0270155 -0.0180264
0.103947 0.0273661 -0.0164541
0.103999 0.0275782 -0.0148573
0.104054 0.0276502 -0.0132482
0.104111 0.0275816 -0.0116391
0.10417 0.0273731 -0.0100421
0.104231 0.027026 -0.00846944
0.104293 0.0265432 -0.00693312
0.104356 0.0259282 -0.00544479
0.104419 0.0251858 -0.00401574
0.104482 0.0243214 -0.00265702
0.104544 0.0233418 -0.00137885
0.104605 0.0222545 -0.000190792
0.104665 0.0210676 0.000897858
0.104722 0.0197904 0.00187902
0.104777 0.0184324 0.00274505
0.104829 0.0170039 0.00348944
0.104878 0.015516 0.0041068
0.104922 0.0139798 0.00459178
0.104963 0.0124071 0.00494131
0.105 0.0108098 0.00515239
0.105031 0.00920017 0.00522333
0.105058 0.00759026 0.0051539
0.10508 0.00599248 0.00494451
0.105097 0.00441895 0.00459665
0.105108 0.0028817 0.00411304
0.105114 0.0013924 0.00349719
0.105114 -3.76927e-05 0.00275418
0.105109 -0.00139756 0.00188946
0.105098 -0.0026772 0.000909739
0.105082 -0.0038663 -0.000177873
0.10506 -0.00495626 -0.00136483
0.105034 -0.0059386 -0.00264214
0.105002 -0.00680583 -0.00400012
0.104966 -0.00755142 -0.00542845
0.104926 -0.00816966 -0.00691619
0.104881 -0.00865565 -0.00845208
0.104833 -0.00900619 -0.0100244
0.104781 -0.00921825 -0.0116211
0.104726 -0.00929012 -0.0132302
0.103973 -0.00925819 -0.014817
0.103913 -0.00904874 -0.016416
0.103852 -0.00870192 -0.0179908
0.10379 -0.00821788 -0.019529
0.103727 -0.00760265 -0.0210195
0.103664 -0.00685914 -0.0224503
0.103601 -0.00599048 -0.0238085
0.103538 -0.00501325 -0.025091
0.103478 -0.00391743 -0.026273
0.103418 -0.00273267 -0.0273667
0.10336 -0.00145786 -0.0283538
0.103306 -9.81665e-05 -0.0292213
0.103254 0.00133205 -0.0299668
0.103205 0.00282208 -0.0305846
0.10316 0.00436037 -0.0310702
0.103119 0.00593525 -0.0314201
0.103083 0.00753465 -0.0316318
0.103051 0.00914656 -0.0317029
0.103024 0.0107586 -0.0316334
0.103002 0.0123585 -0.0314233
0.102986 0.0139342 -0.031075
0.102975 0.0154736 -0.0305909
0.102969 0.0169649 -0.0299743
0.102969 0.018397 -0.0292303
0.102974 0.0197588 -0.0283645
0.102985 0.02104 -0.0273833
0.103001 0.0222307 -0.0262941
0.103022 0.023322 -0.0251054
0.103049 0.0243056 -0.0238263
0.103081 0.025174 -0.0224665
0.103117 0.0259205 -0.0210361
0.103157 0.0265395 -0.0195463
0.103202 0.0270264 -0.0180084
0.10325 0.0273773 -0.016434
0.103302 0.02759 -0.0148352
0.103356 0.027662 -0.0132239
0.103414 0.0275932 -0.0116127
0.103473 0.0273842 -0.0100136
0.103534 0.0270369 -0.00843885
0.103596 0.0265533 -0.00690052
0.103659 0.0259375 -0.00541024
0.103722 0.0251941 -0.00397927
0.103785 0.0243286 -0.00261877
0.103848 0.0233476 -0.00133893
0.103909 0.0222589 -0.000149358
0.103968 0.0210704 0.000940654
0.104026 0.0197915 0.00192313
0.104081 0.0184318 0.00279033
0.104133 0.0170014 0.00353568
0.104181 0.0155117 0.00415382
0.104226 0.0139734 0.00463941
0.104267 0.0123987 0.0049894
0.104304 0.0107993 0.00520081
0.104335 0.00918745 0.00527174
0.104362 0.00757545 0.00520225
0.104384 0.00597558 0.00499261
0.104401 0.00439995 0.00464438
0.104412 0.00286072 0.00416002
0.104418 0.00136944 0.00354345
0.104418 -6.24482e-05 0.00279946
0.104413 -0.00142419 0.00193352
0.104402 -0.00270551 0.000952624
0.104386 -0.00389612 -0.000136476
0.104364 -0.00498756 -0.00132485
0.104338 -0.00597117 -0.00260387
0.104306 -0.00683961 -0.00396367
0.10427 -0.00758609 -0.00539388
0.104229 -0.00820522 -0.00688354
0.104185 -0.00869189 -0.00842149
0.104136 -0.00904289 -0.00999582
0.104085 -0.00925521 -0.0115947
0.10403 -0.00932724 -0.0132058
0.0397504 0.00800109 -0.0109886
0.148756 0.0100483 -0.0147933
0.148756 0.010049 -0.0147879
0.148752 0.00998731 -0.0147823
0.148756 0.0100472 -0.0147985
0.148756 0.0100455 -0.0148037
0.148756 0.0100435 -0.0148087
0.148756 0.010041 -0.0148135
0.148756 0.0100381 -0.014818
0.148756 0.0100348 -0.0148223
0.148755 0.0100311 -0.0148263
0.148755 0.0100272 -0.0148299
0.148755 0.0100229 -0.0148332
0.148755 0.0100182 -0.0148361
0.148755 0.0100134 -0.0148386
0.148755 0.0100084 -0.0148406
0.148755 0.0100033 -0.0148423
0.148755 0.00999804 -0.0148434
0.148756 0.00999275 -0.0148441
0.148756 0.00998735 -0.0148444
0.148756 0.00998195 -0.0148441
0.148756 0.00997655 -0.0148434
0.148756 0.00997135 -0.0148422
0.148756 0.00996615 -0.0148406
0.148756 0.00996116 -0.0148385
0.148756 0.00995636 -0.0148361
0.148757 0.00995186 -0.0148332
0.148757 0.00994757 -0.0148299
0.148757 0.00994357 -0.0148262
0.148757 0.00993998 -0.0148222
0.148757 0.00993668 -0.014818
0.148758 0.00993379 -0.0148134
0.148758 0.00993129 -0.0148086
0.148758 0.0099292 -0.0148036
0.148758 0.00992761 -0.0147985
0.148759 0.00992641 -0.0147932
0.148759 0.00992572 -0.0147879
0.148759 0.00992552 -0.0147825
0.148759 0.00992573 -0.0147771
0.148759 0.00992644 -0.0147717
0.148759 0.00992764 -0.0147665
0.14876 0.00992925 -0.0147613
0.14876 0.00993135 -0.0147563
0.14876 0.00993386 -0.0147515
0.14876 0.00993676 -0.014747
0.14876 0.00994007 -0.0147427
0.14876 0.00994367 -0.0147387
0.14876 0.00994767 -0.0147351
0.14876 0.00995198 -0.0147318
0.14876 0.00995648 -0.0147289
0.14876 0.00996128 -0.0147264
0.14876 0.00996628 -0.0147244
0.14876 0.00997148 -0.0147227
0.14876 0.00997668 -0.0147216
0.14876 0.00998208 -0.0147209
0.14876 0.00998748 -0.0147206
0.14876 0.00999288 -0.0147209
0.14876 0.00999818 -0.0147216
0.14876 0.0100035 -0.0147228
0.148759 0.0100086 -0.0147244
0.148759 0.0100136 -0.0147264
0.148759 0.0100184 -0.0147289
0.148759 0.010023 -0.0147318
0.148759 0.0100273 -0.0147351
0.148758 0.0100312 -0.0147388
0.148758 0.0100348 -0.0147428
0.148758 0.0100381 -0.014747
0.148758 0.010041 -0.0147516
0.148758 0.0100435 -0.0147564
0.148757 0.0100455 -0.0147614
0.148757 0.0100472 -0.0147665
0.148757 0.0100483 -0.0147718
0.148757 0.010049 -0.0147771
0.148757 0.0100493 -0.0147825
0.148764 0.0103312 -0.0147831
0.148766 0.0103299 -0.0147532
0.148767 0.0103261 -0.0147235
0.148768 0.0103196 -0.0146942
0.148769 0.0103106 -0.0146656
0.14877 0.0102992 -0.0146379
0.148771 0.0102854 -0.0146114
0.148772 0.0102693 -0.0145861
0.148774 0.010251 -0.0145623
0.148775 0.0102309 -0.0145402
0.148776 0.0102088 -0.01452
0.148777 0.010185 -0.0145017
0.148778 0.0101597 -0.0144856
0.148779 0.0101332 -0.0144717
0.14878 0.0101055 -0.0144603
0.148781 0.0100769 -0.0144512
0.148781 0.0100477 -0.0144447
0.148782 0.0100179 -0.0144408
0.148783 0.00998803 -0.0144395
0.148783 0.00995803 -0.0144408
0.148784 0.00992833 -0.0144447
0.148784 0.00989903 -0.0144511
0.148784 0.00987042 -0.0144601
0.148784 0.00984272 -0.0144716
0.148784 0.0098161 -0.0144854
0.148784 0.00979089 -0.0145015
0.148784 0.00976708 -0.0145197
0.148784 0.00974496 -0.01454
0.148783 0.00972464 -0.014562
0.148783 0.00970641 -0.0145858
0.148782 0.00969019 -0.0146111
0.148781 0.00967636 -0.0146376
0.148781 0.00966483 -0.0146653
0.14878 0.0096558 -0.0146939
0.148779 0.00964927 -0.0147231
0.148778 0.00964534 -0.0147528
0.148777 0.00964401 -0.0147828
0.148776 0.00964528 -0.0148127
0.148775 0.00964914 -0.0148424
0.148774 0.00965561 -0.0148717
0.148773 0.00966458 -0.0149003
0.148771 0.00967604 -0.0149279
0.14877 0.00968981 -0.0149545
0.148769 0.00970598 -0.0149798
0.148768 0.00972415 -0.0150036
0.148767 0.00974443 -0.0150257
0.148766 0.0097665 -0.0150459
0.148765 0.00979028 -0.0150642
0.148764 0.00981545 -0.0150803
0.148763 0.00984203 -0.0150942
0.148762 0.00986972 -0.0151056
0.148761 0.0098983 -0.0151147
0.14876 0.00992759 -0.0151212
0.148759 0.00995728 -0.0151251
0.148759 0.00998728 -0.0151264
0.148758 0.0100172 -0.0151251
0.148758 0.010047 -0.0151212
0.148758 0.0100762 -0.0151147
0.148757 0.0101048 -0.0151057
0.148757 0.0101325 -0.0150943
0.148757 0.0101591 -0.0150805
0.148757 0.0101844 -0.0150644
0.148758 0.0102082 -0.0150462
0.148758 0.0102303 -0.0150259
0.148758 0.0102506 -0.0150038
0.148759 0.0102689 -0.0149801
0.148759 0.010285 -0.0149548
0.14876 0.0102988 -0.0149282
0.148761 0.0103104 -0.0149006
0.148762 0.0103194 -0.014872
0.148763 0.0103259 -0.0148428
0.148763 0.0103299 -0.014813
0.148748 0.0106328 -0.0147829
0.14875 0.0106304 -0.0147267
0.148752 0.0106232 -0.0146709
0.148754 0.010611 -0.0146159
0.148757 0.0105942 -0.0145622
0.148759 0.0105727 -0.0145102
0.148761 0.0105467 -0.0144603
0.148763 0.0105165 -0.0144128
0.148765 0.0104823 -0.0143681
0.148767 0.0104443 -0.0143266
0.14877 0.0104028 -0.0142886
0.148772 0.0103582 -0.0142543
0.148773 0.0103107 -0.014224
0.148775 0.0102608 -0.014198
0.148777 0.0102089 -0.0141765
0.148779 0.0101551 -0.0141595
0.14878 0.0101002 -0.0141473
0.148781 0.0100443 -0.0141399
0.148782 0.00998816 -0.0141375
0.148783 0.00993187 -0.0141399
0.148784 0.00987607 -0.0141472
0.148785 0.00982106 -0.0141594
0.148785 0.00976736 -0.0141763
0.148785 0.00971534 -0.0141978
0.148785 0.00966532 -0.0142237
0.148785 0.0096178 -0.0142539
0.148785 0.00957307 -0.0142882
0.148784 0.00953153 -0.0143262
0.148783 0.00949349 -0.0143677
0.148782 0.00945915 -0.0144123
0.148781 0.0094288 -0.0144597
0.14878 0.00940275 -0.0145097
0.148779 0.0093812 -0.0145616
0.148777 0.00936424 -0.0146153
0.148775 0.00935199 -0.0146702
0.148774 0.00934453 -0.014726
0.148772 0.00934206 -0.0147823
0.14877 0.0093444 -0.0148385
0.148768 0.00935174 -0.0148943
0.148766 0.00936388 -0.0149492
0.148763 0.00938072 -0.0150029
0.148761 0.00940216 -0.0150549
0.148759 0.0094281 -0.0151049
0.148757 0.00945834 -0.0151523
0.148755 0.00949259 -0.015197
0.148752 0.00953053 -0.0152385
0.14875 0.00957199 -0.0152766
0.148748 0.00961664 -0.0153108
0.148746 0.0096641 -0.0153411
0.148745 0.00971406 -0.0153671
0.148743 0.00976603 -0.0153887
0.148741 0.0098197 -0.0154056
0.14874 0.00987468 -0.0154178
0.148739 0.00993046 -0.0154252
0.148738 0.00998675 -0.0154277
0.148737 0.0100429 -0.0154253
0.148736 0.0100988 -0.0154179
0.148735 0.0101537 -0.0154058
0.148735 0.0102076 -0.0153889
0.148735 0.0102596 -0.0153674
0.148735 0.0103095 -0.0153414
0.148735 0.010357 -0.0153112
0.148735 0.0104017 -0.015277
0.148736 0.0104433 -0.015239
0.148737 0.0104814 -0.0151975
0.148738 0.0105157 -0.0151529
0.148739 0.010546 -0.0151054
0.14874 0.0105721 -0.0150555
0.148741 0.0105937 -0.0150035
0.148743 0.0106107 -0.0149498
0.148745 0.0106229 -0.0148949
0.148746 0.0106303 -0.0148391
0.148705 0.0109433 -0.0147817
0.148708 0.0109398 -0.0146984
0.148711 0.010929 -0.0146157
0.148714 0.010911 -0.0145342
0.148717 0.010886 -0.0144547
0.148721 0.0108542 -0.0143776
0.148724 0.0108158 -0.0143036
0.148727 0.0107709 -0.0142332
0.14873 0.0107202 -0.014167
0.148734 0.0106639 -0.0141055
0.148737 0.0106025 -0.0140491
0.14874 0.0105363 -0.0139983
0.148742 0.010466 -0.0139534
0.148745 0.010392 -0.0139149
0.148748 0.0103149 -0.0138829
0.14875 0.0102353 -0.0138578
0.148752 0.0101539 -0.0138397
0.148754 0.0100712 -0.0138288
0.148756 0.00998782 -0.0138251
0.148757 0.00990443 -0.0138287
0.148758 0.00982163 -0.0138395
0.148759 0.00974013 -0.0138576
0.14876 0.00966051 -0.0138826
0.14876 0.00958339 -0.0139145
0.14876 0.00950936 -0.013953
0.14876 0.00943892 -0.0139978
0.148759 0.00937268 -0.0140485
0.148758 0.00931103 -0.0141048
0.148757 0.00925467 -0.0141663
0.148756 0.00920371 -0.0142325
0.148754 0.00915884 -0.0143028
0.148752 0.00912026 -0.0143768
0.14875 0.00908818 -0.0144538
0.148748 0.009063 -0.0145333
0.148745 0.00904491 -0.0146148
0.148743 0.00903392 -0.0146975
0.14874 0.00903014 -0.0147808
0.148737 0.00903374 -0.0148641
0.148734 0.00904455 -0.0149469
0.148731 0.00906246 -0.0150283
0.148727 0.00908747 -0.0151079
0.148724 0.00911938 -0.0151849
0.148721 0.00915779 -0.015259
0.148718 0.00920251 -0.0153293
0.148714 0.00925333 -0.0153955
0.148711 0.00930955 -0.0154571
0.148708 0.00937108 -0.0155134
0.148705 0.00943721 -0.0155643
0.148702 0.00950755 -0.0156091
0.1487 0.0095815 -0.0156477
0.148697 0.00965855 -0.0156796
0.148695 0.00973811 -0.0157047
0.148693 0.00981957 -0.0157228
0.148691 0.00990235 -0.0157338
0.148689 0.00998573 -0.0157374
0.148688 0.0100691 -0.0157338
0.148687 0.0101518 -0.015723
0.148686 0.0102333 -0.015705
0.148685 0.0103129 -0.0156799
0.148685 0.0103901 -0.015648
0.148685 0.0104642 -0.0156096
0.148685 0.0105346 -0.0155648
0.148686 0.0106009 -0.015514
0.148687 0.0106624 -0.0154577
0.148688 0.0107189 -0.0153962
0.148689 0.0107697 -0.0153301
0.148691 0.0108147 -0.0152598
0.148693 0.0108533 -0.0151858
0.148695 0.0108853 -0.0151087
0.148697 0.0109104 -0.0150292
0.148699 0.0109286 -0.0149478
0.148702 0.0109396 -0.0148651
0.148631 0.0112672 -0.0147795
0.148635 0.0112624 -0.0146679
0.148639 0.011248 -0.0145571
0.148643 0.0112239 -0.0144479
0.148648 0.0111904 -0.0143413
0.148652 0.0111477 -0.0142381
0.148656 0.0110961 -0.0141389
0.148661 0.0110362 -0.0140446
0.148665 0.0109683 -0.0139559
0.148669 0.0108928 -0.0138735
0.148673 0.0108105 -0.0137979
0.148677 0.0107218 -0.0137299
0.148681 0.0106275 -0.0136698
0.148685 0.0105284 -0.0136181
0.148688 0.0104252 -0.0135753
0.148691 0.0103186 -0.0135416
0.148694 0.0102095 -0.0135174
0.148696 0.0100986 -0.0135027
0.148699 0.00998694 -0.0134978
0.148701 0.00987525 -0.0135026
0.148702 0.00976435 -0.0135172
0.148703 0.00965514 -0.0135413
0.148704 0.00954843 -0.0135749
0.148704 0.0094451 -0.0136176
0.148704 0.00934586 -0.0136691
0.148704 0.00925151 -0.0137291
0.148703 0.00916275 -0.0137971
0.148702 0.00908018 -0.0138726
0.148701 0.0090046 -0.013955
0.148699 0.00893642 -0.0140436
0.148697 0.00887622 -0.0141378
0.148694 0.00882452 -0.0142369
0.148691 0.00878162 -0.0143402
0.148688 0.00874791 -0.0144467
0.148685 0.00872359 -0.0145558
0.148681 0.00870887 -0.0146666
0.148678 0.00870385 -0.0147783
0.148674 0.00870863 -0.0148899
0.148669 0.00872311 -0.0150008
0.148665 0.00874718 -0.0151099
0.148661 0.00878066 -0.0152165
0.148657 0.00882334 -0.0153198
0.148652 0.00887483 -0.0154189
0.148648 0.00893481 -0.0155132
0.148644 0.0090028 -0.0156019
0.148639 0.0090782 -0.0156843
0.148635 0.00916061 -0.0157599
0.148631 0.00924922 -0.015828
0.148627 0.00934343 -0.0158881
0.148624 0.00944256 -0.0159397
0.14862 0.0095458 -0.0159825
0.148617 0.00965244 -0.0160162
0.148615 0.0097616 -0.0160404
0.148612 0.00987246 -0.0160551
0.14861 0.00998414 -0.01606
0.148608 0.0100958 -0.0160552
0.148606 0.0102067 -0.0160406
0.148605 0.0103159 -0.0160165
0.148605 0.0104225 -0.0159829
0.148604 0.0105259 -0.0159402
0.148604 0.0106251 -0.0158887
0.148604 0.0107195 -0.0158287
0.148605 0.0108083 -0.0157607
0.148606 0.0108908 -0.0156852
0.148608 0.0109665 -0.0156029
0.14861 0.0110346 -0.0155142
0.148612 0.0110947 -0.01542
0.148614 0.0111465 -0.0153209
0.148617 0.0111894 -0.0152177
0.14862 0.0112232 -0.0151111
0.148624 0.0112475 -0.015002
0.148627 0.0112622 -0.0148912
0.148534 0.011573 -0.0147765
0.148539 0.0115671 -0.0146381
0.148544 0.0115491 -0.0145007
0.148549 0.0115193 -0.0143654
0.148555 0.0114777 -0.0142332
0.14856 0.0114248 -0.0141052
0.148565 0.0113609 -0.0139822
0.148571 0.0112866 -0.0138653
0.148576 0.0112023 -0.0137553
0.148581 0.0111087 -0.0136531
0.148587 0.0110066 -0.0135595
0.148591 0.0108967 -0.013475
0.148596 0.0107799 -0.0134005
0.148601 0.010657 -0.0133365
0.148605 0.010529 -0.0132834
0.148609 0.0103968 -0.0132417
0.148612 0.0102615 -0.0132116
0.148615 0.0101241 -0.0131935
0.148618 0.00998562 -0.0131873
0.14862 0.00984713 -0.0131933
0.148622 0.00970963 -0.0132113
0.148624 0.00957423 -0.0132413
0.148625 0.009442 -0.0132829
0.148625 0.00931386 -0.0133358
0.148625 0.00919081 -0.0133998
0.148625 0.00907375 -0.0134742
0.148624 0.00896368 -0.0135585
0.148622 0.00886139 -0.013652
0.14862 0.0087676 -0.0137541
0.148618 0.00868309 -0.013864
0.148616 0.00860847 -0.0139809
0.148612 0.00854435 -0.0141038
0.148609 0.00849112 -0.0142318
0.148605 0.00844938 -0.0143639
0.148601 0.00841914 -0.0144992
0.148597 0.00840089 -0.0146365
0.148592 0.00839474 -0.014775
0.148587 0.00840059 -0.0149134
0.148582 0.00841854 -0.0150508
0.148577 0.00844849 -0.0151861
0.148571 0.00848994 -0.0153183
0.148566 0.00854289 -0.0154463
0.14856 0.00860674 -0.0155693
0.148555 0.00868111 -0.0156862
0.14855 0.00876537 -0.0157962
0.148544 0.00885894 -0.0158984
0.148539 0.00896102 -0.015992
0.148534 0.00907091 -0.0160764
0.14853 0.00918781 -0.0161509
0.148525 0.00931072 -0.016215
0.148521 0.00943874 -0.0162681
0.148517 0.00957087 -0.0163098
0.148514 0.00970622 -0.0163399
0.148511 0.00984367 -0.016358
0.148508 0.00998214 -0.0163641
0.148506 0.0101206 -0.0163582
0.148504 0.0102581 -0.0163401
0.148502 0.0103934 -0.0163102
0.148501 0.0105258 -0.0162686
0.148501 0.0106539 -0.0162156
0.148501 0.0107769 -0.0161517
0.148501 0.0108939 -0.0160773
0.148502 0.011004 -0.015993
0.148504 0.0111063 -0.0158994
0.148505 0.0112001 -0.0157973
0.148508 0.0112846 -0.0156874
0.14851 0.0113592 -0.0155706
0.148513 0.0114233 -0.0154477
0.148517 0.0114765 -0.0153197
0.148521 0.0115184 -0.0151876
0.148525 0.0115485 -0.0150523
0.148529 0.0115668 -0.0149149
0.148403 0.0118953 -0.0147723
0.148409 0.0118882 -0.0146056
0.148415 0.0118666 -0.0144402
0.148422 0.0118306 -0.0142772
0.148428 0.0117806 -0.0141181
0.148435 0.0117169 -0.0139639
0.148441 0.01164 -0.0138158
0.148448 0.0115504 -0.013675
0.148454 0.0114489 -0.0135426
0.14846 0.0113363 -0.0134195
0.148466 0.0112133 -0.0133067
0.148472 0.0110809 -0.013205
0.148478 0.0109403 -0.0131153
0.148483 0.0107923 -0.0130382
0.148488 0.0106381 -0.0129742
0.148493 0.0104789 -0.012924
0.148497 0.0103159 -0.0128878
0.148501 0.0101505 -0.0128659
0.148504 0.0099837 -0.0128586
0.148507 0.00981692 -0.0128658
0.148509 0.00965133 -0.0128875
0.148511 0.00948831 -0.0129235
0.148512 0.00932898 -0.0129736
0.148513 0.00917474 -0.0130374
0.148513 0.00902658 -0.0131144
0.148512 0.0088856 -0.013204
0.148511 0.00875311 -0.0133055
0.14851 0.00862991 -0.0134182
0.148507 0.0085169 -0.0135411
0.148505 0.00841517 -0.0136735
0.148501 0.00832533 -0.0138142
0.148498 0.00824808 -0.0139622
0.148493 0.00818402 -0.0141163
0.148489 0.00813366 -0.0142754
0.148484 0.00809729 -0.0144383
0.148478 0.00807531 -0.0146038
0.148473 0.00806783 -0.0147705
0.148467 0.00807495 -0.0149372
0.148461 0.00809656 -0.0151027
0.148454 0.00813258 -0.0152656
0.148448 0.0081826 -0.0154248
0.148442 0.00824632 -0.015579
0.148435 0.00832325 -0.015727
0.148428 0.00841278 -0.0158678
0.148422 0.00851422 -0.0160002
0.148416 0.00862697 -0.0161233
0.14841 0.00874992 -0.0162361
0.148404 0.00888219 -0.0163378
0.148398 0.00902297 -0.0164275
0.148393 0.00917096 -0.0165046
0.148388 0.00932506 -0.0165686
0.148383 0.00948428 -0.0166188
0.148379 0.00964721 -0.016655
0.148375 0.00981276 -0.0166769
0.148372 0.00997952 -0.0166842
0.148369 0.0101463 -0.016677
0.148367 0.0103118 -0.0166553
0.148365 0.0104749 -0.0166193
0.148364 0.0106341 -0.0165692
0.148363 0.0107885 -0.0165054
0.148363 0.0109366 -0.0164284
0.148364 0.0110775 -0.0163388
0.148365 0.0112101 -0.0162373
0.148367 0.0113333 -0.0161246
0.148369 0.0114462 -0.0160017
0.148371 0.011548 -0.0158693
0.148375 0.0116379 -0.0157286
0.148378 0.0117151 -0.0155807
0.148383 0.0117792 -0.0154265
0.148387 0.0118296 -0.0152674
0.148392 0.0118658 -0.0151045
0.148398 0.0118878 -0.0149391
0.148231 0.0122397 -0.0147668
0.148238 0.0122313 -0.0145698
0.148245 0.0122058 -0.0143743
0.148253 0.0121634 -0.0141818
0.14826 0.0121042 -0.0139937
0.148268 0.0120289 -0.0138115
0.148276 0.011938 -0.0136365
0.148283 0.0118322 -0.0134702
0.148291 0.0117123 -0.0133137
0.148298 0.0115792 -0.0131683
0.148306 0.0114339 -0.013035
0.148313 0.0112775 -0.0129149
0.148319 0.0111112 -0.0128089
0.148326 0.0109364 -0.0127177
0.148332 0.0107543 -0.0126422
0.148337 0.0105662 -0.0125828
0.148342 0.0103737 -0.01254
0.148347 0.0101781 -0.0125142
0.14835 0.00998107 -0.0125055
0.148354 0.00978399 -0.012514
0.148356 0.0095884 -0.0125397
0.148358 0.00939568 -0.0125822
0.14836 0.00920755 -0.0126414
0.14836 0.00902519 -0.0127168
0.148361 0.00885012 -0.0128078
0.14836 0.00868363 -0.0129136
0.148359 0.00852703 -0.0130336
0.148357 0.0083814 -0.0131667
0.148354 0.00824797 -0.013312
0.148351 0.00812771 -0.0134684
0.148347 0.00802155 -0.0136346
0.148342 0.00793027 -0.0138095
0.148338 0.00785459 -0.0139916
0.148332 0.00779509 -0.0141796
0.148326 0.00775219 -0.0143721
0.14832 0.00772618 -0.0145676
0.148313 0.00771737 -0.0147646
0.148306 0.00772576 -0.0149615
0.148299 0.00775134 -0.015157
0.148291 0.00779383 -0.0153496
0.148284 0.00785291 -0.0155376
0.148276 0.0079282 -0.0157198
0.148268 0.0080191 -0.0158948
0.148261 0.0081249 -0.0160611
0.148253 0.00824481 -0.0162176
0.148246 0.00837793 -0.016363
0.148238 0.00852326 -0.0164963
0.148231 0.0086796 -0.0166164
0.148225 0.00884586 -0.0167224
0.148218 0.00902073 -0.0168136
0.148212 0.00920291 -0.0168891
0.148207 0.00939092 -0.0169485
0.148202 0.00958354 -0.0169912
0.148198 0.00977907 -0.0170171
0.148194 0.00997613 -0.0170258
0.14819 0.0101732 -0.0170173
0.148188 0.0103688 -0.0169916
0.148186 0.0105614 -0.0169491
0.148184 0.0107496 -0.0168898
0.148184 0.0109319 -0.0168145
0.148184 0.011107 -0.0167235
0.148184 0.0112735 -0.0166177
0.148186 0.0114302 -0.0164977
0.148188 0.0115757 -0.0163646
0.14819 0.0117091 -0.0162193
0.148193 0.0118294 -0.0160629
0.148197 0.0119355 -0.0158967
0.148202 0.0120268 -0.0157218
0.148207 0.0121025 -0.0155397
0.148212 0.0121621 -0.0153517
0.148218 0.012205 -0.0151592
0.148224 0.0122309 -0.0149637
0.148006 0.0126132 -0.0147594
0.148014 0.0126033 -0.0145295
0.148023 0.0125736 -0.0143014
0.148031 0.012524 -0.0140767
0.14804 0.012455 -0.0138573
0.148049 0.0123672 -0.0136447
0.148058 0.0122611 -0.0134405
0.148067 0.0121376 -0.0132464
0.148076 0.0119977 -0.0130638
0.148085 0.0118424 -0.0128941
0.148093 0.0116729 -0.0127386
0.148102 0.0114903 -0.0125985
0.148109 0.0112964 -0.0124747
0.148117 0.0110924 -0.0123684
0.148124 0.0108798 -0.0122802
0.14813 0.0106603 -0.012211
0.148136 0.0104356 -0.012161
0.148141 0.0102075 -0.0121309
0.148146 0.00997752 -0.0121207
0.148149 0.00974755 -0.0121307
0.148153 0.00951925 -0.0121606
0.148155 0.00929454 -0.0122103
0.148157 0.0090749 -0.0122794
0.148157 0.00886213 -0.0123673
0.148157 0.00865785 -0.0124734
0.148157 0.00846354 -0.012597
0.148155 0.00828082 -0.0127369
0.148153 0.00811088 -0.0128923
0.14815 0.00795521 -0.0130619
0.148146 0.00781484 -0.0132443
0.148141 0.00769105 -0.0134383
0.148136 0.00758444 -0.0136423
0.148131 0.00749612 -0.0138549
0.148124 0.0074267 -0.0140743
0.148117 0.00737666 -0.0142989
0.14811 0.00734632 -0.014527
0.148102 0.00733607 -0.0147568
0.148094 0.00734582 -0.0149867
0.148086 0.00737567 -0.0152148
0.148077 0.00742522 -0.0154395
0.148068 0.00749417 -0.0156589
0.148059 0.00758203 -0.0158715
0.14805 0.00768819 -0.0160757
0.148041 0.00781156 -0.0162698
0.148032 0.00795154 -0.0164523
0.148023 0.00810683 -0.0166221
0.148015 0.00827643 -0.0167776
0.148007 0.00845885 -0.0169177
0.147999 0.00865288 -0.0170414
0.147991 0.00885693 -0.0171478
0.147985 0.0090695 -0.0172359
0.147978 0.00928898 -0.0173052
0.147972 0.00951359 -0.0173551
0.147967 0.00974181 -0.0173853
0.147963 0.00997176 -0.0173954
0.147959 0.0102017 -0.0173855
0.147956 0.0104299 -0.0173556
0.147953 0.0106547 -0.0173059
0.147952 0.0108744 -0.0172368
0.147951 0.0110871 -0.0171489
0.147951 0.0112914 -0.0170427
0.147952 0.0114856 -0.0169192
0.147953 0.0116684 -0.0167792
0.147956 0.0118383 -0.0166239
0.147959 0.0119941 -0.0164543
0.147962 0.0121343 -0.0162719
0.147967 0.0122582 -0.0160779
0.147972 0.0123647 -0.0158738
0.147978 0.012453 -0.0156613
0.147984 0.0125225 -0.0154419
0.147991 0.0125726 -0.0152173
0.147998 0.0126028 -0.0149892
0.147713 0.0130243 -0.0147497
0.147722 0.0130129 -0.0144835
0.147732 0.0129784 -0.0142194
0.147742 0.0129211 -0.0139593
0.147752 0.0128412 -0.0137052
0.147763 0.0127395 -0.0134591
0.147773 0.0126167 -0.0132227
0.147784 0.0124737 -0.012998
0.147794 0.0123117 -0.0127866
0.147804 0.0121319 -0.0125901
0.147814 0.0119356 -0.01241
0.147823 0.0117244 -0.0122478
0.147832 0.0114998 -0.0121045
0.147841 0.0112635 -0.0119814
0.147849 0.0110174 -0.0118794
0.147856 0.0107633 -0.0117991
0.147863 0.0105031 -0.0117413
0.147869 0.010239 -0.0117064
0.147874 0.00997279 -0.0116947
0.147879 0.00970652 -0.0117062
0.147882 0.00944222 -0.0117408
0.147885 0.009182 -0.0117983
0.147887 0.00892775 -0.0118783
0.147888 0.00868138 -0.0119801
0.147888 0.00844488 -0.012103
0.147887 0.00821996 -0.012246
0.147885 0.00800831 -0.0124081
0.147883 0.00781165 -0.012588
0.147879 0.00763136 -0.0127843
0.147875 0.00746896 -0.0129955
0.147869 0.00732543 -0.0132201
0.147864 0.0072022 -0.0134564
0.147857 0.00709994 -0.0137024
0.147849 0.00701948 -0.0139564
0.147841 0.00696151 -0.0142165
0.147833 0.00692643 -0.0144806
0.147824 0.00691455 -0.0147467
0.147814 0.00692586 -0.0150128
0.147805 0.00696037 -0.015277
0.147795 0.00701778 -0.0155371
0.147784 0.0070977 -0.0157911
0.147774 0.00719941 -0.0160373
0.147763 0.00732214 -0.0162736
0.147753 0.00746517 -0.0164984
0.147743 0.00762712 -0.0167098
0.147733 0.00780698 -0.0169063
0.147723 0.00800325 -0.0170863
0.147713 0.00821454 -0.0172486
0.147704 0.00843914 -0.0173918
0.147696 0.00867536 -0.0175149
0.147688 0.00892151 -0.017617
0.14768 0.00917558 -0.0176972
0.147674 0.00943567 -0.017755
0.147668 0.00969988 -0.0177899
0.147662 0.00996613 -0.0178016
0.147658 0.0102324 -0.0177902
0.147654 0.0104966 -0.0177555
0.147652 0.0107569 -0.017698
0.14765 0.0110111 -0.017618
0.147649 0.0112574 -0.0175162
0.147649 0.011494 -0.0173933
0.14765 0.0117189 -0.0172503
0.147652 0.0119305 -0.0170882
0.147654 0.0121272 -0.0169084
0.147658 0.0123074 -0.0167121
0.147662 0.0124699 -0.0165008
0.147667 0.0126133 -0.0162762
0.147673 0.0127367 -0.01604
0.14768 0.0128389 -0.0157939
0.147687 0.0129194 -0.0155399
0.147695 0.0129773 -0.0152799
0.147704 0.0130124 -0.0150158
0.147327 0.0134846 -0.0147368
0.147338 0.0134716 -0.01443
0.147349 0.0134318 -0.0141255
0.147361 0.0133656 -0.0138256
0.147373 0.0132735 -0.0135327
0.147385 0.0131562 -0.0132489
0.147397 0.0130146 -0.0129764
0.147409 0.0128498 -0.0127173
0.14742 0.012663 -0.0124736
0.147432 0.0124557 -0.012247
0.147443 0.0122295 -0.0120394
0.147454 0.0119859 -0.0118523
0.147465 0.0117269 -0.0116872
0.147475 0.0114545 -0.0115453
0.147484 0.0111708 -0.0114276
0.147492 0.0108779 -0.0113351
0.1475 0.010578 -0.0112685
0.147507 0.0102734 -0.0112282
0.147513 0.00996645 -0.0112147
0.147518 0.00965948 -0.0112279
0.147522 0.00935479 -0.0112679
0.147526 0.00905476 -0.0113342
0.147528 0.0087616 -0.0114264
0.147529 0.00847762 -0.0115438
0.147529 0.0082049 -0.0116854
0.147528 0.00794556 -0.0118503
0.147526 0.00770159 -0.0120372
0.147523 0.0074748 -0.0122445
0.147519 0.00726698 -0.0124709
0.147514 0.00707964 -0.0127144
0.147508 0.00691429 -0.0129734
0.147501 0.00677211 -0.0132457
0.147493 0.00665422 -0.0135294
0.147485 0.00656152 -0.0138223
0.147475 0.00649471 -0.0141221
0.147466 0.00645429 -0.0144266
0.147455 0.00644056 -0.0147334
0.147444 0.00645363 -0.0150402
0.147433 0.0064934 -0.0153447
0.147421 0.00655957 -0.0156446
0.147409 0.00665164 -0.0159375
0.147397 0.00676892 -0.0162213
0.147385 0.00691051 -0.0164938
0.147373 0.0070753 -0.0167529
0.147362 0.00726211 -0.0169966
0.14735 0.00746943 -0.0172232
0.147339 0.00769576 -0.0174308
0.147328 0.00793932 -0.0176178
0.147317 0.0081983 -0.017783
0.147307 0.00847069 -0.0179249
0.147298 0.00875442 -0.0180426
0.14729 0.00904736 -0.0181351
0.147282 0.00934724 -0.0182017
0.147275 0.00965184 -0.0182419
0.147269 0.00995877 -0.0182555
0.147264 0.0102657 -0.0182422
0.14726 0.0105704 -0.0182023
0.147257 0.0108704 -0.018136
0.147254 0.0111636 -0.0180438
0.147253 0.0114476 -0.0179264
0.147253 0.0117203 -0.0177847
0.147254 0.0119796 -0.0176198
0.147256 0.0122236 -0.017433
0.14726 0.0124503 -0.0172256
0.147264 0.0126581 -0.0169993
0.147269 0.0128454 -0.0167557
0.147275 0.0130108 -0.0164968
0.147281 0.013153 -0.0162245
0.147289 0.0132709 -0.0159408
0.147298 0.0133637 -0.0156479
0.147307 0.0134305 -0.0153481
0.147317 0.0134709 -0.0150436
0.146814 0.0140091 -0.0147196
0.146826 0.013994 -0.0143663
0.146839 0.0139482 -0.0140157
0.146852 0.0138721 -0.0136704
0.146866 0.0137659 -0.013333
0.14688 0.0136309 -0.0130062
0.146894 0.0134679 -0.0126925
0.146907 0.0132781 -0.0123941
0.146921 0.0130631 -0.0121134
0.146934 0.0128243 -0.0118526
0.146948 0.0125637 -0.0116136
0.14696 0.0122833 -0.0113981
0.146972 0.011985 -0.011208
0.146983 0.0116714 -0.0110445
0.146994 0.0113447 -0.010909
0.147004 0.0110074 -0.0108025
0.147013 0.010662 -0.0107258
0.147021 0.0103113 -0.0106794
0.147028 0.00995788 -0.0106638
0.147034 0.00960432 -0.0106791
0.147039 0.00925353 -0.0107251
0.147042 0.00890799 -0.0108014
0.147045 0.00857043 -0.0109076
0.147046 0.00824343 -0.0110428
0.147046 0.00792939 -0.0112059
0.147045 0.00763083 -0.0113958
0.147042 0.00734983 -0.0116109
0.147039 0.00708871 -0.0118497
0.147034 0.00684945 -0.0121103
0.147028 0.00663378 -0.0123908
0.147022 0.00644328 -0.012689
0.147014 0.00627957 -0.0130026
0.147005 0.00614384 -0.0133293
0.146995 0.00603709 -0.0136665
0.146984 0.00596013 -0.0140117
0.146973 0.00591356 -0.0143623
0.146961 0.00589779 -0.0147157
0.146949 0.00591281 -0.015069
0.146935 0.00595863 -0.0154196
0.146922 0.00603485 -0.0157649
0.146908 0.00614088 -0.0161022
0.146895 0.00627591 -0.016429
0.146881 0.00643895 -0.0167428
0.146867 0.0066288 -0.0170412
0.146853 0.00684386 -0.0173218
0.14684 0.00708254 -0.0175827
0.146827 0.00734314 -0.0178217
0.146814 0.00762366 -0.0180371
0.146802 0.0079218 -0.0182273
0.146791 0.00823547 -0.0183907
0.14678 0.00856216 -0.0185262
0.14677 0.00889949 -0.0186327
0.146762 0.00924484 -0.0187094
0.146754 0.00959553 -0.0187558
0.146747 0.00994905 -0.0187714
0.146741 0.0103025 -0.0187561
0.146736 0.0106533 -0.0187101
0.146732 0.0109988 -0.0186338
0.14673 0.0113364 -0.0185276
0.146729 0.0116634 -0.0183924
0.146729 0.0119774 -0.0182293
0.14673 0.0122761 -0.0180394
0.146732 0.012557 -0.0178243
0.146736 0.0128181 -0.0175855
0.14674 0.0130574 -0.0173249
0.146746 0.0132731 -0.0170444
0.146753 0.0134635 -0.0167463
0.146761 0.0136272 -0.0164326
0.14677 0.0137629 -0.016106
0.14678 0.0138698 -0.0157688
0.14679 0.0139467 -0.0154235
0.146802 0.0139932 -0.0150729
0.14607 0.0146563 -0.0146946
0.146085 0.0146389 -0.0142837
0.1461 0.0145856 -0.013876
0.146116 0.014497 -0.0134745
0.146131 0.0143737 -0.0130822
0.146148 0.0142167 -0.0127022
0.146164 0.0140271 -0.0123373
0.14618 0.0138064 -0.0119903
0.146195 0.0135563 -0.011664
0.146211 0.0132787 -0.0113606
0.146226 0.0129756 -0.0110826
0.146241 0.0126495 -0.0108321
0.146255 0.0123027 -0.010611
0.146268 0.0119379 -0.0104209
0.14628 0.0115581 -0.0102634
0.146292 0.0111658 -0.0101395
0.146302 0.0107642 -0.0100503
0.146312 0.0103564 -0.00999638
0.14632 0.00994534 -0.00997823
0.146327 0.00953428 -0.00999595
0.146332 0.00912628 -0.0100494
0.146336 0.00872444 -0.0101382
0.146339 0.00833196 -0.0102617
0.146341 0.00795164 -0.0104189
0.146341 0.00758648 -0.0106086
0.146339 0.00723928 -0.0108294
0.146337 0.00691255 -0.0110796
0.146333 0.00660889 -0.0113573
0.146327 0.00633059 -0.0116603
0.14632 0.00607977 -0.0119865
0.146312 0.00585833 -0.0123332
0.146303 0.00566796 -0.0126979
0.146293 0.00551007 -0.0130778
0.146281 0.00538597 -0.01347
0.146269 0.00529646 -0.0138714
0.146256 0.00524233 -0.0142791
0.146242 0.0052239 -0.01469
0.146227 0.00524146 -0.0151008
0.146212 0.00529472 -0.0155086
0.146197 0.00538338 -0.0159101
0.146181 0.00550665 -0.0163024
0.146165 0.00566372 -0.0166824
0.146149 0.00585331 -0.0170473
0.146133 0.006074 -0.0173942
0.146117 0.00632411 -0.0177206
0.146101 0.00660174 -0.0180239
0.146086 0.00690479 -0.0183019
0.146071 0.00723097 -0.0185524
0.146057 0.00757767 -0.0187735
0.146044 0.0079424 -0.0189636
0.146032 0.00832236 -0.0191212
0.14602 0.00871456 -0.019245
0.14601 0.00911619 -0.0193342
0.146001 0.00952406 -0.0193881
0.145993 0.00993507 -0.0194062
0.145986 0.0103461 -0.0193885
0.14598 0.0107541 -0.0193351
0.145976 0.0111558 -0.0192462
0.145973 0.0115484 -0.0191228
0.145972 0.0119286 -0.0189656
0.145972 0.0122938 -0.0187759
0.145973 0.0126411 -0.0185551
0.145976 0.0129678 -0.0183049
0.14598 0.0132715 -0.0180273
0.145985 0.0135497 -0.0177242
0.145992 0.0138006 -0.0173981
0.146 0.014022 -0.0170513
0.146009 0.0142124 -0.0166866
0.14602 0.0143703 -0.0163068
0.146031 0.0144944 -0.0159146
0.146043 0.0145839 -0.0155132
0.146057 0.014638 -0.0151054
0.145066 0.0154009 -0.0146606
0.145083 0.0153805 -0.0141833
0.1451 0.0153187 -0.0137097
0.145118 0.0152157 -0.0132432
0.145137 0.0150724 -0.0127875
0.145155 0.01489 -0.0123461
0.145174 0.0146698 -0.0119222
0.145193 0.0144134 -0.0115192
0.145211 0.0141229 -0.01114
0.145229 0.0138004 -0.0107876
0.145247 0.0134483 -0.0104647
0.145264 0.0130695 -0.0101737
0.14528 0.0126667 -0.00991681
0.145295 0.012243 -0.009696
0.14531 0.0118016 -0.00951295
0.145323 0.011346 -0.00936906
0.145335 0.0108795 -0.00926542
0.145346 0.0104056 -0.00920282
0.145355 0.00992819 -0.00918172
0.145363 0.00945064 -0.00920232
0.14537 0.00897674 -0.00926442
0.145375 0.00850999 -0.00936758
0.145378 0.00805399 -0.00951101
0.14538 0.00761214 -0.0096936
0.14538 0.00718795 -0.00991398
0.145378 0.00678462 -0.0101705
0.145375 0.00640504 -0.0104611
0.14537 0.00605233 -0.0107837
0.145364 0.00572899 -0.0111358
0.145356 0.00543761 -0.0115146
0.145347 0.0051804 -0.0119175
0.145336 0.00495918 -0.0123411
0.145324 0.00477583 -0.0127824
0.145311 0.00463166 -0.013238
0.145297 0.00452768 -0.0137044
0.145281 0.00446478 -0.014178
0.145265 0.00444348 -0.0146553
0.145248 0.00446378 -0.0151326
0.145231 0.00452567 -0.0156062
0.145213 0.00462867 -0.0160727
0.145194 0.00477187 -0.0165284
0.145175 0.00495428 -0.0169698
0.145157 0.00517459 -0.0173937
0.145138 0.00543093 -0.0177967
0.14512 0.00572148 -0.0181759
0.145102 0.00604406 -0.0185282
0.145084 0.00639605 -0.0188511
0.145067 0.00677498 -0.0191421
0.145051 0.00717774 -0.019399
0.145035 0.00760143 -0.0196198
0.145021 0.00804285 -0.0198028
0.145008 0.00849852 -0.0199467
0.144996 0.00896503 -0.0200503
0.144985 0.00943878 -0.0201129
0.144976 0.00991628 -0.020134
0.144968 0.0103937 -0.0201134
0.144961 0.0108677 -0.0200513
0.144956 0.0113345 -0.0199482
0.144953 0.0117904 -0.0198047
0.144951 0.0122322 -0.0196221
0.144951 0.0126564 -0.0194018
0.144953 0.0130598 -0.0191453
0.144956 0.0134392 -0.0188547
0.144961 0.013792 -0.0185321
0.144967 0.0141153 -0.01818
0.144975 0.0144067 -0.0178012
0.144984 0.014664 -0.0173984
0.144995 0.0148851 -0.0169747
0.145007 0.0150684 -0.0165334
0.14502 0.0152127 -0.0160779
0.145034 0.0153167 -0.0156115
0.14505 0.0153795 -0.0151379
0.143642 0.0162974 -0.0146123
0.143662 0.0162736 -0.0140547
0.143682 0.0162013 -0.0135013
0.143703 0.0160811 -0.0129564
0.143725 0.0159137 -0.012424
0.143747 0.0157006 -0.0119082
0.143769 0.0154433 -0.011413
0.14379 0.0151438 -0.0109422
0.143812 0.0148044 -0.0104992
0.143833 0.0144276 -0.0100875
0.143854 0.0140163 -0.00971027
0.143873 0.0135737 -0.00937027
0.143892 0.0131031 -0.00907016
0.14391 0.012608 -0.00881218
0.143927 0.0120925 -0.00859833
0.143943 0.01156 -0.00843021
0.143957 0.011015 -0.00830913
0.143969 0.0104615 -0.00823598
0.14398 0.00990369 -0.00821134
0.14399 0.00934574 -0.00823539
0.143997 0.00879203 -0.00830796
0.144003 0.00824676 -0.00842847
0.144007 0.00771403 -0.00859603
0.144009 0.00719785 -0.00880935
0.144009 0.00670232 -0.00906683
0.144007 0.00623103 -0.00936647
0.144003 0.00578761 -0.00970603
0.143998 0.00537553 -0.0100829
0.14399 0.00499782 -0.0104942
0.143981 0.00465738 -0.0109369
0.14397 0.0043568 -0.0114075
0.143958 0.00409839 -0.0119024
0.143944 0.00388416 -0.012418
0.143928 0.00371571 -0.0129502
0.143912 0.00359425 -0.0134951
0.143894 0.00352078 -0.0140484
0.143875 0.00349589 -0.0146061
0.143855 0.0035196 -0.0151637
0.143835 0.00359192 -0.0157171
0.143813 0.00371223 -0.016262
0.143792 0.00387955 -0.0167944
0.14377 0.00409268 -0.0173102
0.143748 0.00435003 -0.0178053
0.143726 0.00464959 -0.0182762
0.143705 0.00498908 -0.0187191
0.143684 0.00536589 -0.0191308
0.143663 0.00577712 -0.0195081
0.143643 0.00621979 -0.019848
0.143624 0.0066904 -0.0201481
0.143606 0.00718535 -0.0204061
0.14359 0.00770103 -0.0206199
0.143574 0.00823336 -0.020788
0.14356 0.00877835 -0.0209091
0.143548 0.00933188 -0.0209822
0.143537 0.00988976 -0.0210068
0.143527 0.0104476 -0.0209827
0.14352 0.0110013 -0.0209102
0.143514 0.0115465 -0.0207897
0.14351 0.0120794 -0.0206221
0.143508 0.0125954 -0.0204088
0.143508 0.013091 -0.0201513
0.14351 0.0135623 -0.0198517
0.143514 0.0140057 -0.0195121
0.143519 0.0144178 -0.0191353
0.143527 0.0147955 -0.018724
0.143536 0.0151359 -0.0182814
0.143547 0.0154364 -0.0178108
0.143559 0.0156948 -0.0173158
0.143573 0.015909 -0.0168003
0.143589 0.0160776 -0.0162681
0.143605 0.0161989 -0.0157232
0.143623 0.0162724 -0.0151699
0.141534 0.0174163 -0.0145405
0.141558 0.0173882 -0.0138822
0.141582 0.0173028 -0.0132288
0.141607 0.0171608 -0.0125854
0.141632 0.0169632 -0.0119568
0.141658 0.0167116 -0.0113478
0.141684 0.0164078 -0.0107632
0.141709 0.0160542 -0.0102072
0.141735 0.0156534 -0.00968421
0.14176 0.0152085 -0.00919814
0.141784 0.0147229 -0.00875269
0.141808 0.0142003 -0.00835126
0.14183 0.0136447 -0.00799691
0.141851 0.0130602 -0.00769231
0.141871 0.0124515 -0.00743981
0.141889 0.0118229 -0.00724131
0.141906 0.0111794 -0.00709835
0.141921 0.0105258 -0.00701198
0.141934 0.00986717 -0.00698288
0.141945 0.00920841 -0.00701127
0.141954 0.00855467 -0.00709695
0.141961 0.00791087 -0.00723924
0.141965 0.00728181 -0.00743708
0.141967 0.00667237 -0.00768895
0.141968 0.00608718 -0.00799295
0.141965 0.00553073 -0.00834676
0.141961 0.00500723 -0.00874768
0.141954 0.00452067 -0.00919267
0.141946 0.00407467 -0.00967833
0.141935 0.00367273 -0.010201
0.141922 0.00331786 -0.0107566
0.141907 0.00301285 -0.011341
0.141891 0.00275982 -0.0119498
0.141872 0.00256086 -0.0125782
0.141853 0.00241749 -0.0132215
0.141832 0.00233081 -0.0138748
0.141809 0.00230132 -0.0145332
0.141786 0.00232943 -0.0151916
0.141762 0.00241473 -0.015845
0.141737 0.00255675 -0.0164885
0.141711 0.00275437 -0.017117
0.141686 0.00300611 -0.017726
0.14166 0.00330986 -0.0183106
0.141634 0.00366353 -0.0188666
0.141609 0.00406434 -0.0193896
0.141584 0.00450927 -0.0198756
0.141559 0.00499483 -0.020321
0.141536 0.00551744 -0.0207224
0.141514 0.00607308 -0.0210768
0.141492 0.00665758 -0.0213813
0.141473 0.00726642 -0.0216338
0.141454 0.00789502 -0.0218322
0.141438 0.00853848 -0.0219752
0.141423 0.00919199 -0.0220615
0.14141 0.00985067 -0.0220906
0.141399 0.0105093 -0.0220622
0.14139 0.0111631 -0.0219765
0.141383 0.0118069 -0.0218342
0.141379 0.0124359 -0.0216363
0.141376 0.0130452 -0.0213845
0.141376 0.0136304 -0.0210805
0.141379 0.0141868 -0.0207267
0.141383 0.0147103 -0.0203258
0.14139 0.0151969 -0.0198808
0.141398 0.0156429 -0.0193952
0.141409 0.0160448 -0.0188726
0.141422 0.0163996 -0.018317
0.141437 0.0167047 -0.0177326
0.141453 0.0169576 -0.0171239
0.141471 0.0171566 -0.0164955
0.141491 0.0173 -0.0158522
0.141512 0.0173868 -0.0151989
0.138049 0.0189477 -0.0144215
0.138077 0.0189138 -0.0136242
0.138106 0.0188105 -0.012833
0.138136 0.0186385 -0.0120539
0.138167 0.0183993 -0.0112927
0.138198 0.0180945 -0.0105553
0.138229 0.0177267 -0.00984732
0.138261 0.0172985 -0.0091741
0.138291 0.0168131 -0.00854078
0.138322 0.0162744 -0.00795219
0.138351 0.0156864 -0.00741278
0.138379 0.0150536 -0.00692669
0.138406 0.0143807 -0.00649759
0.138432 0.013673 -0.00612877
0.138456 0.0129357 -0.00582301
0.138478 0.0121747 -0.00558266
0.138499 0.0113954 -0.00540954
0.138517 0.0106039 -0.00530497
0.138532 0.00980641 -0.00526976
0.138546 0.00900873 -0.00530415
0.138556 0.00821706 -0.00540791
0.138565 0.00743742 -0.00558023
0.13857 0.00667569 -0.00581981
0.138573 0.00593779 -0.00612483
0.138573 0.00522921 -0.00649296
0.13857 0.00455536 -0.0069214
0.138565 0.00392135 -0.00740689
0.138557 0.00333217 -0.00794575
0.138546 0.00279204 -0.00853384
0.138533 0.00230536 -0.00916673
0.138518 0.00187563 -0.00983957
0.1385 0.00150616 -0.0105473
0.13848 0.00119987 -0.0112844
0.138458 0.000958943 -0.0120454
0.138434 0.000785302 -0.0128244
0.138408 0.000680247 -0.0136155
0.138381 0.000644486 -0.0144128
0.138353 0.000678523 -0.0152101
0.138324 0.000781866 -0.0160013
0.138294 0.00095382 -0.0167805
0.138263 0.00119309 -0.0175417
0.138232 0.00149778 -0.0182791
0.1382 0.00186571 -0.0189871
0.138169 0.00229396 -0.0196603
0.138139 0.00277925 -0.0202936
0.138108 0.00331809 -0.0208822
0.138079 0.00390606 -0.0214215
0.138051 0.00453899 -0.0219076
0.138023 0.00521188 -0.0223367
0.137998 0.00591962 -0.0227054
0.137974 0.00665683 -0.0230111
0.137952 0.007418 -0.0232514
0.137932 0.00819725 -0.0234245
0.137914 0.00898866 -0.023529
0.137898 0.00978625 -0.0235642
0.137885 0.0105838 -0.0235298
0.137874 0.0113755 -0.023426
0.137866 0.0121552 -0.0232537
0.13786 0.0129168 -0.0230141
0.137857 0.0136547 -0.0227091
0.137857 0.0143633 -0.0223409
0.13786 0.0150371 -0.0219125
0.137865 0.015671 -0.021427
0.137873 0.0162602 -0.0208882
0.137884 0.0168003 -0.0203001
0.137897 0.017287 -0.0196673
0.137912 0.0177167 -0.0189945
0.13793 0.0180861 -0.0182868
0.13795 0.0183925 -0.0175497
0.137972 0.0186334 -0.0167888
0.137996 0.018807 -0.0160098
0.138022 0.0189121 -0.0152187
0.133165 0.0207111 -0.0142541
0.133199 0.0206703 -0.0132956
0.133234 0.020546 -0.0123443
0.13327 0.0203394 -0.0114076
0.133307 0.0200517 -0.0104924
0.133345 0.0196854 -0.00960588
0.133382 0.019243 -0.00875468
0.133419 0.0187282 -0.00794529
0.133456 0.0181448 -0.00718388
0.133493 0.0174971 -0.00647625
0.133528 0.0167902 -0.00582778
0.133562 0.0160292 -0.0052434
0.133595 0.0152204 -0.00472756
0.133626 0.0143694 -0.00428418
0.133655 0.013483 -0.00391668
0.133681 0.012568 -0.00362772
0.133705 0.0116311 -0.00341972
0.133727 0.0106797 -0.00329406
0.133746 0.00972082 -0.00325175
0.133762 0.00876184 -0.00329319
0.133775 0.00781006 -0.003418
0.133785 0.00687279 -0.00362516
0.133791 0.00595703 -0.00391329
0.133795 0.00506988 -0.00427999
0.133795 0.00421804 -0.0047226
0.133792 0.00340792 -0.00523771
0.133785 0.00264581 -0.00582139
0.133776 0.00193742 -0.00646921
0.133763 0.00128816 -0.00717624
0.133747 0.000703035 -0.00793711
0.133728 0.000186344 -0.00874601
0.133707 -0.000257802 -0.00959679
0.133683 -0.000626196 -0.010483
0.133656 -0.000915831 -0.0113979
0.133628 -0.0011247 -0.0123344
0.133597 -0.00125098 -0.0132856
0.133564 -0.00129398 -0.014244
0.13353 -0.00125319 -0.0152026
0.133495 -0.00112908 -0.0161538
0.133459 -0.000922364 -0.0170906
0.133422 -0.000634817 -0.0180058
0.133385 -0.000268435 -0.0188923
0.133347 0.00017379 -0.0197435
0.13331 0.000688664 -0.0205529
0.133273 0.00127209 -0.0213144
0.133236 0.00191979 -0.022022
0.133201 0.00262675 -0.0226705
0.133167 0.00338758 -0.0232549
0.133134 0.00419658 -0.0237708
0.133104 0.00504747 -0.0242141
0.133075 0.00593383 -0.0245816
0.133048 0.00684898 -0.0248706
0.133024 0.00778582 -0.0250786
0.133002 0.00873734 -0.0252043
0.132983 0.00969625 -0.0252466
0.132967 0.0106553 -0.0252051
0.132954 0.011607 -0.0250803
0.132945 0.0125443 -0.0248731
0.132938 0.01346 -0.024585
0.132935 0.0143472 -0.0242183
0.132934 0.0151991 -0.0237757
0.132938 0.0160092 -0.0232605
0.132944 0.0167714 -0.0226768
0.132954 0.0174798 -0.022029
0.132966 0.0181291 -0.021322
0.132982 0.0187142 -0.0205611
0.133001 0.0192308 -0.0197522
0.133022 0.019675 -0.0189014
0.133046 0.0200433 -0.0180152
0.133073 0.020333 -0.0171003
0.133101 0.0205418 -0.0161637
0.133132 0.0206681 -0.0152126
0.126332 0.0227495 -0.0140193
0.126373 0.0227007 -0.0128724
0.126415 0.0225521 -0.0117342
0.126458 0.0223048 -0.0106134
0.126503 0.0219606 -0.00951839
0.126547 0.0215224 -0.00845763
0.126592 0.0209931 -0.00743916
0.126637 0.0203772 -0.00647072
0.126681 0.0196791 -0.00555969
0.126725 0.0189042 -0.004713
0.126767 0.0180583 -0.00393716
0.126808 0.017148 -0.00323795
0.126847 0.0161801 -0.00262068
0.126884 0.015162 -0.00209025
0.126919 0.0141015 -0.00165055
0.12695 0.0130066 -0.00130489
0.126979 0.0118858 -0.00105597
0.127005 0.0107473 -0.00090569
0.127028 0.00960009 -0.000855147
0.127047 0.00845271 -0.000904746
0.127063 0.00731402 -0.00105409
0.127074 0.00619262 -0.00130208
0.127082 0.00509702 -0.00164682
0.127086 0.00403551 -0.00208562
0.127086 0.0030164 -0.00261518
0.127083 0.00204718 -0.0032316
0.127075 0.00113536 -0.00393
0.127063 0.000287837 -0.00470506
0.127048 -0.000488981 -0.00555101
0.127029 -0.00118909 -0.00646137
0.127007 -0.00180719 -0.00742918
0.126981 -0.00233857 -0.00844711
0.126952 -0.00277933 -0.0095074
0.126921 -0.00312585 -0.010602
0.126886 -0.00337573 -0.0117225
0.126849 -0.00352695 -0.0128605
0.126811 -0.0035784 -0.0140073
0.12677 -0.00352968 -0.0151542
0.126728 -0.00338116 -0.0162923
0.126684 -0.00313393 -0.0174132
0.12664 -0.00278998 -0.0185082
0.126595 -0.0023517 -0.019569
0.12655 -0.00182267 -0.0205875
0.126506 -0.00120679 -0.021556
0.126461 -0.000508744 -0.0224671
0.126418 0.000266183 -0.0233139
0.126376 0.001112 -0.0240899
0.126335 0.00202231 -0.0247892
0.126296 0.00299022 -0.0254066
0.126259 0.00400824 -0.0259371
0.126225 0.00506886 -0.0263769
0.126193 0.00616379 -0.0267226
0.126164 0.00728474 -0.0269716
0.126138 0.00842319 -0.0271219
0.126115 0.00957055 -0.0271725
0.126096 0.0107179 -0.0271229
0.126081 0.0118568 -0.0269736
0.126069 0.0129783 -0.0267256
0.126061 0.014074 -0.0263808
0.126057 0.0151355 -0.025942
0.126057 0.0161548 -0.0254124
0.126061 0.017124 -0.0247959
0.126068 0.0180359 -0.0240974
0.12608 0.0188835 -0.0233223
0.126095 0.0196602 -0.0224762
0.126114 0.0203604 -0.0215658
0.126136 0.0209785 -0.0205979
0.126162 0.0215099 -0.0195798
0.12619 0.0219505 -0.0185195
0.126222 0.0222971 -0.0174248
0.126256 0.0225469 -0.0163042
0.126293 0.0226981 -0.0151661
0.117526 0.0249431 -0.0137151
0.117574 0.0248856 -0.0123632
0.117623 0.0247105 -0.0110214
0.117675 0.024419 -0.00970012
0.117727 0.0240134 -0.00840932
0.11778 0.0234968 -0.00715883
0.117833 0.0228731 -0.00595819
0.117886 0.022147 -0.00481652
0.117938 0.0213241 -0.00374251
0.117989 0.0204106 -0.00274438
0.118039 0.0194135 -0.00182959
0.118087 0.0183404 -0.0010053
0.118133 0.0171995 -0.000277617
0.118177 0.0159994 0.000347757
0.118218 0.0147492 0.00086622
0.118255 0.0134586 0.00127377
0.11829 0.0121371 0.0015673
0.11832 0.0107951 0.0017446
0.118347 0.00944274 0.00180417
0.11837 0.00809011 0.00174581
0.118388 0.00674776 0.00156971
0.118402 0.00542578 0.00127737
0.118411 0.00413417 0.000870975
0.118416 0.00288295 0.000353632
0.118416 0.0016815 -0.000270658
0.118412 0.000538926 -0.000997297
0.118402 -0.000535972 -0.00182059
0.118389 -0.00153509 -0.00273444
0.118371 -0.00245072 -0.00373169
0.118348 -0.00327596 -0.0048049
0.118322 -0.00400459 -0.00594585
0.118292 -0.00463101 -0.00714587
0.118258 -0.00515041 -0.00839583
0.11822 -0.00555888 -0.00968621
0.11818 -0.00585322 -0.0110072
0.118136 -0.00603142 -0.0123487
0.11809 -0.00609198 -0.0137006
0.118042 -0.00603438 -0.0150525
0.117993 -0.00585913 -0.0163943
0.117941 -0.00556771 -0.0177155
0.117889 -0.00516211 -0.0190063
0.117836 -0.00464552 -0.0202568
0.117783 -0.00402182 -0.0214575
0.117731 -0.0032958 -0.0225992
0.117678 -0.00247302 -0.0236733
0.117627 -0.00155968 -0.0246715
0.117577 -0.000562642 -0.0255864
0.117529 0.000510396 -0.0264108
0.117483 0.00165135 -0.0271386
0.11744 0.00285142 -0.0277641
0.117399 0.00410153 -0.0282826
0.117361 0.00539227 -0.0286902
0.117327 0.00671363 -0.0289837
0.117297 0.00805563 -0.029161
0.11727 0.00940816 -0.0292206
0.117247 0.0107607 -0.0291622
0.117229 0.0121031 -0.0289861
0.117215 0.0134252 -0.0286937
0.117206 0.0147167 -0.0282873
0.117201 0.0159681 -0.0277699
0.117201 0.0171695 -0.0271456
0.117205 0.018312 -0.0264189
0.117214 0.0193869 -0.0255955
0.117228 0.020386 -0.0246816
0.117246 0.0213016 -0.0236843
0.117268 0.0221269 -0.0226111
0.117294 0.0228556 -0.0214701
0.117325 0.0234819 -0.02027
0.117358 0.0240013 -0.01902
0.117396 0.0244098 -0.0177296
0.117436 0.0247043 -0.0164086
0.11748 0.0248825 -0.015067
0.0157256 -0.0244639 -0.00260283
0.0166624 -0.0255227 0.00110837
0.0312114 0.0087095 -0.00071956
0.0172502 -0.026013 0.00439611
0.0189192 -0.0257319 0.0075363
0.0141439 -0.0209798 -0.0112363
0.0136177 -0.0220641 -0.00795549
0.0144593 -0.0233855 -0.00541163
0.0172009 -0.0186149 -0.0196175
0.0149898 -0.0193545 -0.0169444
0.013398 -0.0194664 -0.0142298
0.0223314 -0.0139579 -0.0277858
0.020914 -0.0163329 -0.0254525
0.0190086 -0.0179794 -0.0225622
0.0234984 -0.00754733 -0.0341834
0.0240248 -0.0102671 -0.0323712
0.0223179 -0.0119242 -0.030007
0.0245537 0.00124503 -0.036564
0.0236229 -0.00178723 -0.0356714
0.0251121 -0.00490792 -0.0349442
0.0235786 0.0108122 -0.036177
0.0237277 0.00781969 -0.0364762
0.0237386 0.0045886 -0.0365129
0.0245646 0.0182254 -0.0351786
0.025277 0.015384 -0.0358122
0.0260105 0.0125273 -0.0365049
0.025621 0.0266926 -0.0321803
0.0255845 0.0240263 -0.0338108
0.0248926 0.021098 -0.0345261
0.0293451 0.0333574 -0.0269946
0.0293089 0.0306631 -0.0288406
0.0273477 0.0288853 -0.0305364
0.0307134 0.0389889 -0.0204769
0.0291239 0.037409 -0.023037
0.0286714 0.0352886 -0.0251752
0.0280543 0.0435622 -0.0111984
0.0291137 0.0425223 -0.0145132
0.0291117 0.0408299 -0.0175855
0.0277128 0.0444328 -0.00102636
0.0275701 0.0442364 -0.00416047
0.0278752 0.0441052 -0.00750787
0.0247169 0.041448 0.00839771
0.0258626 0.043176 0.00541804
0.0260578 0.0444611 0.00199206
0.0222298 0.038038 0.0177032
0.0235038 0.0393486 0.0141279
0.02279 0.0401157 0.0110528
0.024222 0.0315893 0.026102
0.0231759 0.0338326 0.0240227
0.0224784 0.0359765 0.0208833
0.0227934 0.0241455 0.0322873
0.0245445 0.0268495 0.0305613
0.0247007 0.029152 0.0282011
0.0239885 0.0167464 0.0356473
0.0228626 0.0187213 0.0342835
0.0219999 0.0212992 0.0334071
0.0210447 0.00775743 0.0360517
0.0215756 0.0109866 0.0358394
0.0235496 0.0134887 0.0363388
0.0194057 -0.00228489 0.0339332
0.0187514 0.00122847 0.0351246
0.018914 0.00456095 0.0356682
0.0163437 -0.0101185 0.0287042
0.0184858 -0.00763409 0.0308214
0.0189687 -0.00498056 0.0323817
0.0181452 -0.01813 0.0238214
0.0190592 -0.0155005 0.0263203
0.0170678 -0.0129104 0.0266955
0.0179884 -0.0226419 0.015503
0.0178728 -0.0210102 0.0178304
0.0176495 -0.0194635 0.0206628
0.0201663 -0.0253035 0.0106792
0.0196525 -0.0238372 0.0135669
0.0296955 0.0443883 -0.0111984
0.0312185 0.0438485 -0.0145211
0.0310389 0.0427814 -0.0181428
0.0308322 0.0416293 -0.0210198
0.0298607 0.0401264 -0.024087
0.0298145 0.0380935 -0.0269273
0.0301512 0.0357386 -0.0293081
0.0296561 0.0332033 -0.0315384
0.0282984 0.0307821 -0.0333563
0.0265029 0.0282716 -0.0349058
0.0267394 0.0252873 -0.0368802
0.0250419 0.0223351 -0.037744
0.0257233 0.0189964 -0.038175
0.0254719 0.0156945 -0.0390733
0.0248926 0.0126316 -0.0392569
0.0239659 0.00901941 -0.039158
0.0248548 0.00585616 -0.0396914
0.0251958 0.00314936 -0.039271
0.0244921 -0.000164919 -0.0391359
0.0248468 -0.00374482 -0.0381907
0.0260088 -0.00657955 -0.0372464
0.0252996 -0.00892981 -0.0352133
0.0255368 -0.0117873 -0.0332463
0.0243348 -0.0141466 -0.0313905
0.0239719 -0.016365 -0.0290183
0.0228467 -0.018398 -0.0259695
0.021525 -0.0199337 -0.0229564
0.0197311 -0.0203955 -0.0204277
0.0183391 -0.0206032 -0.0174824
0.0162738 -0.0203921 -0.0148566
0.0163266 -0.0216917 -0.0116459
0.0163641 -0.0226636 -0.00825839
0.0182959 -0.0232788 -0.00618926
0.0192807 -0.0241612 -0.00322546
0.020435 -0.0245176 -0.000168435
0.0210058 -0.02509 0.00338227
0.0226569 -0.0247022 0.00622894
0.0231164 -0.0243851 0.00977717
0.0224897 -0.0234175 0.0124529
0.0209142 -0.0223688 0.015497
0.0218414 -0.0211504 0.0184141
0.0207719 -0.0195283 0.0212068
0.0207007 -0.0170026 0.0231498
0.0215742 -0.0154692 0.0262266
0.0197074 -0.0127723 0.0274619
0.0189434 -0.00983543 0.02841
0.0205392 -0.00766486 0.030871
0.0219256 -0.00518222 0.0321312
0.0226422 -0.00272478 0.0342991
0.0216616 0.000723155 0.0342721
0.022352 0.00389563 0.0347748
0.0241361 0.0062605 0.035859
0.0257862 0.00894623 0.0362194
0.0253571 0.0123332 0.0353981
0.025831 0.0156093 0.0343617
0.0266102 0.0183291 0.0328889
0.0243426 0.0203058 0.0310347
0.0256337 0.0234953 0.0304091
0.0258898 0.0263235 0.0291529
0.02684 0.0287028 0.0277887
0.0268443 0.0308361 0.0254398
0.0266845 0.0333032 0.023423
0.0254596 0.0347215 0.0204836
0.0252282 0.0369606 0.0174568
0.0258508 0.0390174 0.0148976
0.0259083 0.0409096 0.01231
0.027727 0.0424976 0.00933507
0.0279337 0.0437158 0.00610596
0.0288841 0.0443739 0.00281514
0.0305634 0.0452492 -0.000590855
0.0309249 0.0452853 -0.00427493
0.0303532 0.0450503 -0.00797925
0.0351599 0.00815936 -0.00339484
0.0836364 0.0107971 0.00141559
0.0835038 0.0124416 0.00127823
0.0843866 0.0124511 0.001321
0.0834934 0.0126052 0.00127839
0.0833968 0.0142577 0.00132807
0.0842747 0.0142593 0.00124112
0.083389 0.0143952 0.00133932
0.0832121 0.0159734 0.00102808
0.0840814 0.0159921 0.00105083
0.0807928 0.0304895 -0.0122461
0.0800775 0.0300131 -0.0123271
0.0822866 0.0303378 -0.00980896
0.0871315 0.040346 -0.0206321
0.0879955 0.0401338 -0.0185411
0.0871909 0.0395245 -0.0206187
0.0880023 0.039301 -0.018619
0.0871984 0.0394604 -0.020589
0.087171 0.0387411 -0.0205913
0.0879797 0.0384182 -0.0186845
0.0871457 0.0386008 -0.020648
0.0870518 0.037981 -0.0206617
0.0879265 0.0375076 -0.0187454
0.0870185 0.0377458 -0.0206328
0.0868761 0.0372096 -0.0207654
0.0877469 0.0366685 -0.018839
0.0868264 0.0370033 -0.0207583
0.0875002 0.0358376 -0.0187957
0.086626 0.0362413 -0.0206047
0.0868029 0.0368909 -0.0207306
0.0870972 0.0350619 -0.0187703
0.0863724 0.0355379 -0.0204464
0.0865558 0.0360686 -0.0206407
0.0855989 0.0341764 -0.0203883
0.0858498 0.0345301 -0.0203375
0.0866483 0.034281 -0.0187437
0.0860313 0.0348401 -0.0203541
0.0862522 0.0353054 -0.020467
0.0854703 0.0340087 -0.0204146
0.0861066 0.033608 -0.0186728
0.0853254 0.0338302 -0.0204321
0.0849674 0.0333954 -0.0203998
0.0854932 0.0329804 -0.0186178
0.0847424 0.0332582 -0.0205468
0.0844062 0.0329072 -0.0204968
0.084844 0.0324181 -0.0185585
0.0841564 0.032648 -0.0203596
0.0834678 0.0315572 -0.0182551
0.0828084 0.0316589 -0.0202573
0.083095 0.0318253 -0.0202438
0.0842057 0.0318981 -0.0184578
0.0834718 0.0317698 -0.0191813
0.0835214 0.0321301 -0.0202143
0.0838422 0.0324126 -0.0204265
0.082782 0.0312124 -0.0179471
0.082062 0.0309551 -0.0175753
0.0815389 0.0309814 -0.0193138
0.0818889 0.0310695 -0.019534
0.0821541 0.0312305 -0.0197975
0.0824804 0.0314056 -0.0199807
0.0804495 0.0306647 -0.016719
0.0802041 0.0310046 -0.0180951
0.0813535 0.030727 -0.0171817
0.0805403 0.0308198 -0.0185438
0.0807279 0.0307445 -0.0187046
0.0809235 0.030747 -0.0188391
0.0813361 0.0308643 -0.0192281
0.0776821 0.030626 -0.0161463
0.0775497 0.030628 -0.0163272
0.0788061 0.0305811 -0.0162388
0.0786173 0.0311787 -0.0178216
0.0789083 0.0309353 -0.0175503
0.0795962 0.0308621 -0.0177682
0.0798342 0.0308267 -0.0179158
0.0837768 0.00904354 0.00153771
0.0836532 0.0106196 0.00145033
0.0845211 0.00898674 0.00142166
0.0844802 0.010574 0.00139855
0.0845489 0.00890926 0.00143052
0.085269 0.00915657 0.00140475
0.0853278 0.0106261 0.0014665
0.0853778 0.00906881 0.0014045
0.0859537 0.00916169 0.00137482
0.0861441 0.0107201 0.00158168
0.086174 0.00928848 0.00149264
0.0866883 0.00939477 0.00157762
0.0870278 0.010744 0.00168242
0.0869103 0.00939589 0.00160221
0.0878591 0.0106288 0.00182773
0.0874013 0.00932427 0.00145782
0.086788 0.00941269 0.00136649
0.0886989 0.0105949 0.00211066
0.0881407 0.00918366 0.00166814
0.0875932 0.00929527 0.0015299
0.0895131 0.0105801 0.0024528
0.0889454 0.00898825 0.00201108
0.0883993 0.00911048 0.00176456
0.0902838 0.0088636 0.00270759
0.0900455 0.00889442 0.00257373
0.0902801 0.0105419 0.00287619
0.0898202 0.00891383 0.00245142
0.0893367 0.00895478 0.00219958
0.0908116 0.00879336 0.0030098
0.0910361 0.0105125 0.00327949
0.0910694 0.00875731 0.00317457
0.0914691 0.00871663 0.00344299
0.0917395 0.0104722 0.0037699
0.0917645 0.00866706 0.00367357
0.0920749 0.00863536 0.00392953
0.0923877 0.0104315 0.0043492
0.0924301 0.0085831 0.00425677
0.0929862 0.010397 0.00496165
0.0930411 0.00850364 0.0048992
0.0928062 0.00854026 0.00463029
0.0926558 0.00855667 0.00447854
0.0933374 0.0084811 0.00524034
0.0935188 0.0103883 0.0056226
0.0935899 0.00845834 0.0055709
0.0938174 0.00846019 0.00586515
0.0939758 0.010383 0.00637272
0.0940902 0.00844321 0.00628719
0.0947076 0.0104298 0.00795296
0.094846 0.00832706 0.00782457
0.0946875 0.0083913 0.00741226
0.0943807 0.0103976 0.00715614
0.0946004 0.00841443 0.00722822
0.0945126 0.00841555 0.00705208
0.0942355 0.00843039 0.00653339
0.0949713 0.0104709 0.00876307
0.0952092 0.0104741 0.00958129
0.0953419 0.00817814 0.00947233
0.0951862 0.00824424 0.00886484
0.0951119 0.00824392 0.00863838
0.0949632 0.00830323 0.00811842
0.0896622 0.0390254 -0.0136201
0.0903051 0.0382166 -0.0110814
0.0898522 0.0382115 -0.0139063
0.0904619 0.0374119 -0.0114288
0.0899508 0.0373456 -0.0141675
0.0905603 0.0365958 -0.0117788
0.0900151 0.0364743 -0.0144254
0.0905744 0.0357762 -0.0120764
0.0899715 0.0356026 -0.0146426
0.0904278 0.0349309 -0.0123476
0.0895159 0.0347768 -0.0147233
0.090081 0.0341146 -0.0125671
0.088979 0.0340129 -0.0147569
0.0895512 0.0334068 -0.0126992
0.0883996 0.0333198 -0.0147795
0.0889332 0.0327925 -0.0127556
0.0877931 0.0326501 -0.014777
0.0882953 0.0321868 -0.0127786
0.0870982 0.0320983 -0.0147157
0.0875949 0.0316543 -0.0127189
0.0863604 0.0316538 -0.0145903
0.0868501 0.031213 -0.0126311
0.0855892 0.0312895 -0.014383
0.0860551 0.0308249 -0.0124899
0.0847967 0.0309612 -0.0142345
0.0852426 0.0304951 -0.0123303
0.0840053 0.0306703 -0.0140354
0.0844213 0.0302492 -0.0121293
0.0831978 0.0304328 -0.0137781
0.0835792 0.0300361 -0.0119242
0.0824255 0.0302421 -0.0134966
0.0888232 0.0396756 -0.0160816
0.0888814 0.0388123 -0.0162607
0.0888681 0.0379361 -0.0164305
0.0889109 0.0370694 -0.0166148
0.0888093 0.0362049 -0.0167396
0.0885188 0.0353806 -0.0167594
0.08808 0.0346326 -0.0167948
0.0876027 0.0338902 -0.0167957
0.0870276 0.0332006 -0.016764
0.0864103 0.0326177 -0.016668
0.0857355 0.0320804 -0.0165504
0.084951 0.0316249 -0.016417
0.084193 0.0312375 -0.0162141
0.0834459 0.0309553 -0.015957
0.0826787 0.030718 -0.0156777
0.0819739 0.0304868 -0.0153822
0.081328 0.030439 -0.0150281
0.0819101 0.0297369 -0.0114142
0.0810608 0.02962 -0.0111136
0.080869 0.0294259 -0.0128066
0.0907957 0.0370281 -0.00864873
0.0910966 0.0357037 -0.00627655
0.0909388 0.0363 -0.00907554
0.0912533 0.0350144 -0.00674842
0.0909929 0.0355357 -0.00948659
0.0913513 0.0343036 -0.00722141
0.0909614 0.0347667 -0.00984466
0.0913341 0.0335948 -0.00765863
0.0907905 0.0340141 -0.0101531
0.0912116 0.0328657 -0.00807475
0.0904309 0.033281 -0.0104147
0.0909042 0.0321634 -0.00842449
0.0899443 0.0326009 -0.0106163
0.0904427 0.0315228 -0.00867825
0.0893779 0.0319767 -0.0107462
0.0898505 0.0309544 -0.00886443
0.0886941 0.0314362 -0.0107904
0.0891392 0.0304597 -0.00895654
0.0879784 0.0309154 -0.0107858
0.0884048 0.0300281 -0.00896204
0.0872139 0.0304976 -0.0107633
0.0876047 0.0297138 -0.00890625
0.0864044 0.0301573 -0.0106537
0.0867785 0.0294651 -0.00879423
0.0855774 0.0299155 -0.0104792
0.0859519 0.0291679 -0.00866822
0.0847678 0.0296853 -0.0103241
0.0851239 0.0289389 -0.00850538
0.0839465 0.029499 -0.0101436
0.084314 0.0287858 -0.00832449
0.0831273 0.0293716 -0.00991078
0.0834978 0.028645 -0.00814692
0.0822961 0.0292787 -0.00962878
0.0826675 0.0285726 -0.00794449
0.0814231 0.029274 -0.00934108
0.0818096 0.0284766 -0.00776671
0.0915332 0.0342587 -0.0040584
0.0917083 0.0336178 -0.0045828
0.091786 0.0329467 -0.00508175
0.0917509 0.0322711 -0.00557966
0.0915895 0.0315894 -0.00605184
0.0912508 0.0309291 -0.00644027
0.0907869 0.0303285 -0.00675605
0.0902096 0.0297716 -0.00699294
0.0895409 0.0293034 -0.00712699
0.0887933 0.0289467 -0.00716331
0.087993 0.0286738 -0.00714893
0.0871779 0.0284594 -0.00707272
0.0863505 0.0282765 -0.00695354
0.0854959 0.0281225 -0.00680476
0.0846559 0.0279808 -0.00663414
0.083832 0.0278866 -0.00646113
0.0829941 0.0277814 -0.00631172
0.0821503 0.0276769 -0.00612335
0.0923037 0.0326562 -0.00204713
0.0924101 0.0320317 -0.00262508
0.0924421 0.0313907 -0.00319178
0.0923364 0.0307219 -0.00371637
0.0921059 0.0300824 -0.00419844
0.0917773 0.029487 -0.00466462
0.0912615 0.028934 -0.00501103
0.0906295 0.0284518 -0.00524038
0.0899028 0.0280621 -0.00539801
0.0891109 0.0277452 -0.00549032
0.088289 0.0275011 -0.005494
0.0874778 0.0273529 -0.00543851
0.0866713 0.027256 -0.00530021
0.0858414 0.0271576 -0.00513396
0.085008 0.0270686 -0.00499562
0.0841505 0.0269639 -0.00487308
0.0832989 0.0268373 -0.00476477
0.082436 0.0266813 -0.00465095
0.0930264 0.0308706 -0.000191043
0.0931205 0.0303096 -0.0007849
0.0930952 0.0297256 -0.0013903
0.0929061 0.0291296 -0.00197373
0.0925899 0.0285404 -0.0024991
0.0921714 0.0279826 -0.00296372
0.0916457 0.0274592 -0.0033445
0.0910107 0.0270113 -0.00363865
0.0902727 0.0266737 -0.00384685
0.0894828 0.0263926 -0.00395747
0.0886521 0.0261941 -0.00395398
0.0877964 0.0260888 -0.00390443
0.0869351 0.0260155 -0.00380461
0.0861028 0.0259553 -0.00366935
0.0852482 0.0259082 -0.00353878
0.084387 0.0258485 -0.00341904
0.0835444 0.0257877 -0.0032648
0.0827109 0.0256842 -0.00313566
0.0935187 0.0289654 0.00165874
0.0936088 0.0284577 0.00100544
0.093551 0.0279306 0.000372596
0.0933499 0.0273865 -0.000223151
0.0930112 0.0268553 -0.000778632
0.0925188 0.0263635 -0.00126309
0.0919427 0.02594 -0.00171229
0.0912938 0.0255766 -0.00207546
0.0905903 0.0252314 -0.00236847
0.0898254 0.0249478 -0.00253849
0.0890089 0.0247519 -0.00261461
0.088166 0.0246588 -0.00260889
0.0873153 0.0246184 -0.00253077
0.0864538 0.0245874 -0.00243856
0.0856019 0.0245364 -0.00230903
0.0847602 0.0245005 -0.00216916
0.0839085 0.0244525 -0.00200673
0.0830562 0.0244034 -0.00184749
0.0938989 0.027034 0.00345598
0.09393 0.0265227 0.00275668
0.0938313 0.0260186 0.00207949
0.0935926 0.0255466 0.00141257
0.0932225 0.0250957 0.000795819
0.0927859 0.0246572 0.000246308
0.0922318 0.0242912 -0.000261017
0.0915864 0.0239695 -0.000694741
0.0909037 0.0236504 -0.00104663
0.0901195 0.0234146 -0.00127485
0.0892957 0.0232341 -0.00141526
0.0884628 0.0231063 -0.00147361
0.0876212 0.0230358 -0.00145913
0.0867687 0.0229869 -0.00139275
0.0859153 0.0229456 -0.00129776
0.0850602 0.0229315 -0.00116908
0.0841985 0.0228831 -0.00109767
0.0833223 0.0228134 -0.00105143
0.0941141 0.0248823 0.00502088
0.0941378 0.0244355 0.004267
0.0940276 0.0239993 0.00353316
0.0937802 0.0235777 0.00282852
0.0934126 0.0231808 0.0021916
0.0929636 0.0228275 0.00159332
0.092439 0.0225135 0.00103084
0.0918276 0.0222238 0.000530475
0.0911235 0.0219692 0.000150449
0.0903429 0.0217771 -0.000149451
0.0895354 0.0216034 -0.000356857
0.0887136 0.0214433 -0.000479552
0.0878774 0.0213656 -0.000510881
0.087017 0.0212982 -0.00048511
0.0861698 0.0212572 -0.00044678
0.0852978 0.0212268 -0.000398795
0.084434 0.0211863 -0.000398263
0.0835585 0.0211273 -0.000401164
0.0940865 0.0225913 0.00638454
0.0940431 0.0222407 0.00563323
0.093952 0.0218706 0.00486794
0.0937864 0.0215269 0.00412069
0.0935086 0.0211953 0.00339425
0.0930968 0.0209005 0.0027191
0.09261 0.0205993 0.00212075
0.0920295 0.0203375 0.00158599
0.0913344 0.0201354 0.0011229
0.0905988 0.0199761 0.000748469
0.0898034 0.0198286 0.000507838
0.0889813 0.0197182 0.00037985
0.0881483 0.0196461 0.000297921
0.0873159 0.0195874 0.000240547
0.0864468 0.0195187 0.000191069
0.085573 0.019469 0.000166956
0.0846662 0.0194467 0.00017081
0.083781 0.0194322 0.000229313
0.0941609 0.0202698 0.00755605
0.0940782 0.0199894 0.00676824
0.0939625 0.0197216 0.00599214
0.0938062 0.0194685 0.00519768
0.0935527 0.0192202 0.00441729
0.0931778 0.0189593 0.0036961
0.0927181 0.0186953 0.00303423
0.0921768 0.0184463 0.00246173
0.0915373 0.018261 0.00195832
0.0908075 0.0181068 0.00155793
0.0900119 0.0180044 0.00126543
0.0891554 0.0179491 0.00105862
0.0883175 0.0178761 0.000896803
0.0874721 0.0178013 0.000786306
0.0866041 0.0177704 0.000702414
0.0857367 0.0177471 0.00067426
0.084831 0.0177324 0.000730425
0.0839451 0.0177315 0.000818353
0.0827637 0.02987 -0.0116589
0.0818529 0.029901 -0.0129249
0.0798375 0.0295865 -0.0122674
0.0805909 0.0292714 -0.00912204
0.0802631 0.0294963 -0.0107592
0.0802404 0.0295057 -0.0108658
0.0799218 0.0298337 -0.0121906
0.0832061 0.01609 0.00103947
0.0830821 0.017737 0.000901416
0.0829005 0.0194008 0.000300982
0.0826945 0.0210827 -0.000330137
0.082453 0.0227518 -0.000965866
0.0821929 0.0243761 -0.00164899
0.0818828 0.0255834 -0.00299454
0.0815864 0.026501 -0.00453656
0.0812899 0.0275631 -0.00597699
0.0809548 0.0283574 -0.00759221
0.0849537 0.016012 0.00104445
0.0858275 0.016024 0.00104531
0.0867257 0.0160048 0.00110661
0.0876017 0.0160122 0.00120468
0.0884589 0.0160727 0.00138082
0.0893002 0.0161218 0.00159107
0.0901291 0.0161699 0.00188235
0.090926 0.0162386 0.00222784
0.0916621 0.0163481 0.0026435
0.0923334 0.0164935 0.00313899
0.0928981 0.0166694 0.00373574
0.093369 0.0168475 0.00443196
0.0937409 0.0170455 0.0051836
0.0940181 0.0172579 0.00596018
0.0942178 0.0174718 0.00676832
0.0943722 0.0176786 0.00758317
0.0945243 0.0178775 0.00840722
0.0851455 0.014259 0.00124945
0.085999 0.0142544 0.00135172
0.0868533 0.0142671 0.00148046
0.0877131 0.0142856 0.001617
0.0885732 0.0142865 0.00180702
0.0894302 0.0142678 0.00203674
0.0902493 0.0142959 0.00231307
0.0910151 0.0143445 0.0027071
0.0917081 0.01442 0.00321044
0.0923806 0.0144994 0.00374959
0.0929738 0.0145967 0.0043739
0.0935276 0.0147094 0.0050344
0.0939994 0.0148461 0.00574385
0.0943543 0.0149763 0.00651028
0.0945948 0.0151438 0.00730435
0.0947576 0.0153133 0.00812563
0.0948784 0.0154714 0.0089522
0.0852423 0.0124493 0.00140915
0.0860946 0.0124607 0.00157148
0.0869416 0.0124667 0.0017402
0.0877663 0.0124687 0.00189924
0.088613 0.0124413 0.00215453
0.0894397 0.0124233 0.00245229
0.0902505 0.0124567 0.00272708
0.0910254 0.012478 0.00309122
0.0917351 0.0124845 0.00361921
0.0923721 0.0125068 0.00419962
0.0929851 0.012541 0.00479595
0.0935598 0.0125857 0.00544559
0.0940604 0.0126493 0.00615357
0.0944597 0.0127248 0.00690088
0.0947758 0.0128083 0.00768404
0.0950053 0.0129053 0.00849878
0.0951224 0.0130075 0.00932777
0.0306673 0.0266414 -0.00899032
0.0291791 0.0430998 -0.00789522
0.0866058 0.0473343 -0.0200743
0.0309469 0.0266618 -0.00727091
0.0312312 0.0265058 -0.00556931
0.0314353 0.026103 -0.00389713
0.0316662 0.0255157 -0.0022757
0.0320262 0.0248343 -0.00070927
0.032366 0.0239988 0.000766804
0.0326291 0.0229735 0.00213731
0.0328201 0.0218027 0.00342879
0.0330649 0.0205214 0.0045997
0.0333472 0.0191654 0.00567089
0.0335913 0.017729 0.00662894
0.0338538 0.0162359 0.00751164
0.0341275 0.0146679 0.00829078
0.0343276 0.0130529 0.00895366
0.0345265 0.0114197 0.00951871
0.0347354 0.00971572 0.00994918
0.0349997 0.00798217 0.0102366
0.0352221 0.0062113 0.0103336
0.0353771 0.00442335 0.0102998
0.096653 0.00760393 0.0163214
0.0382225 0.00377921 0.0266989
0.0381436 0.00695658 0.0268875
0.037795 0.0100474 0.0265226
0.0375078 0.0131197 0.0260586
0.0372916 0.0162408 0.0255554
0.0369855 0.019232 0.0245516
0.0366315 0.022161 0.0234111
0.0362595 0.0250174 0.0222223
0.035869 0.0275782 0.0204481
0.0355207 0.0300924 0.0185432
0.0349536 0.0325257 0.0165701
0.0343314 0.0346981 0.0144054
0.0336723 0.0367033 0.0121167
0.033091 0.0384717 0.00962296
0.0325379 0.0397894 0.0068571
0.0318275 0.040932 0.00403511
0.0311225 0.041675 0.00107779
0.0304761 0.0422645 -0.00190294
0.0298441 0.0431031 -0.00483301
0.0965326 0.0107923 0.016418
0.0974046 0.0151971 0.0144183
0.0960126 0.0170058 0.0155274
0.0956615 0.0199938 0.0149038
0.0952622 0.02289 0.013802
0.0948365 0.0256153 0.012302
0.0943944 0.0283343 0.0107781
0.0938913 0.0309793 0.00910398
0.0933286 0.0333834 0.00707258
0.0927228 0.0355758 0.00479307
0.0920888 0.0376246 0.00237707
0.0914083 0.0395728 -0.000103553
0.090698 0.0413566 -0.00265937
0.0900142 0.0429081 -0.0053503
0.0893656 0.0443201 -0.00813195
0.0887014 0.0454589 -0.0110281
0.0880179 0.0462704 -0.014012
0.0873298 0.0469664 -0.0170173
0.0808044 -0.00857169 -0.0169222
0.08105 -0.00861374 -0.0153378
0.0819085 -0.00845299 -0.0153633
0.0810733 -0.00863484 -0.0151834
0.0812793 -0.0085338 -0.0135786
0.0820178 -0.00864569 -0.0137733
0.081299 -0.00859148 -0.0134562
0.0814906 -0.00838672 -0.0118363
0.0824467 -0.00861724 -0.011798
0.082989 0.00538913 0.00184266
0.0829931 0.00554321 0.00186883
0.0838528 0.00560599 0.00177336
0.0948587 0.0104741 0.00881428
0.0951993 0.00824259 0.00894923
0.0946225 0.0104325 0.00803143
0.0949738 0.00823066 0.00812635
0.0946006 0.0104183 0.00796646
0.094328 0.0104695 0.00729064
0.0946513 0.00824386 0.00726023
0.0942636 0.0104746 0.0071523
0.0939744 0.0104742 0.00658997
0.0942661 0.00822335 0.00646225
0.0938566 0.0105161 0.00638653
0.0935768 0.0104779 0.00591822
0.0937708 0.00815348 0.00574396
0.0934606 0.0104429 0.00574073
0.0932361 0.00809983 0.00505462
0.0930055 0.0102225 0.00511086
0.093395 0.0104302 0.00564141
0.0926615 0.00804909 0.00441353
0.092505 0.0101562 0.00451097
0.0928922 0.0101963 0.00496625
0.0914153 0.00978931 0.00348441
0.0917206 0.00995795 0.00372871
0.0920439 0.00796208 0.00380826
0.0919666 0.0100668 0.00395473
0.0923243 0.0101346 0.00431587
0.0912625 0.00971604 0.00336661
0.0913388 0.00783496 0.00329589
0.0910844 0.00965287 0.00323131
0.0906333 0.009503 0.00292344
0.0905783 0.00770739 0.00287477
0.0903834 0.00944603 0.00276343
0.0899674 0.00934896 0.0025076
0.0898016 0.00758816 0.00251053
0.0896195 0.00929635 0.00229468
0.0880835 0.00747562 0.00194237
0.0880565 0.0092905 0.00136855
0.0883894 0.00920549 0.00142116
0.0889454 0.00748556 0.00220381
0.088578 0.00916697 0.00150913
0.0888642 0.00911239 0.00173003
0.0892527 0.00920386 0.0020612
0.0872458 0.00755382 0.00171348
0.0864378 0.00750929 0.00162807
0.0862947 0.00950294 0.0010693
0.0868353 0.0094068 0.00108344
0.0872262 0.00955182 0.0011798
0.0876276 0.00948384 0.00131487
0.0846966 0.00745093 0.00160625
0.0847125 0.00911757 0.00125295
0.0855841 0.00750168 0.00160902
0.0852228 0.00919444 0.00119997
0.0854301 0.00923921 0.00117717
0.0856128 0.00930304 0.00115934
0.0861242 0.00935702 0.00118538
0.0829566 0.00710337 0.00176599
0.0829734 0.00726299 0.00183985
0.0838344 0.00736087 0.00164847
0.0829395 0.00880579 0.00168998
0.083541 0.0089751 0.00151074
0.0837816 0.00901196 0.00146245
0.084351 0.00916396 0.00131422
0.0804975 -0.00868095 -0.0186652
0.0807683 -0.00858229 -0.0170966
0.0807454 -0.0095387 -0.0174377
0.0820254 -0.00852829 -0.0165701
0.0807182 -0.00961497 -0.0173596
0.0809937 -0.00915978 -0.0186074
0.0826676 -0.00870157 -0.0167622
0.0811409 -0.00850377 -0.019244
0.0823607 -0.00695689 -0.0198364
0.0814305 -0.0089352 -0.0174759
0.0839128 -0.00549843 -0.0177124
0.0852403 -0.00431423 -0.01894
0.0858268 -0.00367445 -0.0163211
0.083561 -0.00321951 -0.0177646
0.0820276 -0.00516668 -0.0140081
0.0903505 0.00147814 -0.0151978
0.0717646 0.00255861 -0.0280602
0.0841027 -0.0106384 -0.0167738
0.0920124 -0.0042545 -0.0197696
0.0926773 -0.0041863 -0.0293368
0.0868487 -0.000795233 -0.0266989
0.0908213 0.00990954 -0.0158476
0.107738 0.00134302 -0.0127637
0.0880497 -0.030627 -0.0273324
0.0958425 -0.0149718 -0.0311873
0.0913074 -0.00375849 -0.0207481
0.0784891 0.0128239 -0.0163451
0.0959547 0.00252948 -0.0275195
0.0970037 -0.0208476 -0.0358188
0.0954641 -0.0257988 -0.0354791
0.0889447 -0.0552067 -0.0409187
0.0930674 0.00644823 -0.00995535
0.0856742 0.0011805 -0.0119683
0.0833473 -0.0119215 -0.0214905
0.0825313 0.0268522 -0.0270289
0.0838878 -0.0137404 -0.0246755
0.0715377 0.0649836 -0.0307445
0.0679599 -0.0417714 0.0488542
0.0223765 -0.0534578 0.215327
0.0545221 -0.0840145 -0.0270565
0.0842588 -0.0263319 -0.0239934
0.0778834 -0.0425471 0.0355115
0.0639602 -0.050813 -0.0244212
0.0784332 -0.0460656 0.0402824
0.132026 0.0184797 -0.0873774
0.068699 -0.036287 -0.0196625
0.0309089 -0.0961539 -0.0390804
0.0839326 -0.0169714 -0.0238251
0.0817747 -0.00337026 -0.0193173
0.0729903 -0.0315711 -0.0217744
0.0781237 -0.0283639 -0.0268893
0.0911368 -0.0151007 -0.0169707
0.0474441 -0.096484 -0.00894961
0.0831769 0.189196 -0.00812997
0.0913594 -0.0195298 -0.0253598
0.0901838 -0.0190741 -0.0183052
0.0930754 -0.0194017 -0.0204361
0.0872935 -0.0167175 -0.0234841
0.0933768 -0.0264795 -0.0231351
0.0824268 -0.00905982 -0.0164472
0.0958287 0.00301904 0.00850621
0.0956295 0.000532773 0.00806908
0.0956008 0.00316633 0.00766931
0.0953987 0.000723832 0.00727519
0.0952528 0.00328965 0.00690944
0.0950656 0.000898111 0.0065312
0.0947504 0.00337669 0.00621112
0.0946259 0.00107761 0.00583615
0.0941873 0.00347027 0.00556669
0.094051 0.00125393 0.00522337
0.0935352 0.00353641 0.00499024
0.0934005 0.00140089 0.00470368
0.0928276 0.00359071 0.00447929
0.0927297 0.00149956 0.0042314
0.0921024 0.00363 0.00400308
0.0919942 0.00157884 0.00382439
0.0913627 0.00366174 0.00357572
0.0912442 0.00166875 0.0034705
0.0905967 0.00367782 0.00322195
0.090458 0.00173558 0.00312522
0.0897796 0.00369829 0.00293856
0.0896749 0.00178205 0.0028014
0.0889813 0.00370347 0.00266538
0.0888646 0.00181061 0.00253527
0.0881662 0.00372095 0.00240378
0.0880538 0.00181894 0.00231299
0.0873454 0.00374129 0.00223514
0.0872442 0.00184969 0.00214631
0.0864779 0.0037741 0.00211525
0.0864223 0.00190738 0.00203133
0.0856208 0.00379862 0.00197738
0.0956091 0.0056179 0.00879385
0.0954319 0.0057091 0.00795721
0.0951125 0.00575677 0.00713973
0.0946401 0.00578031 0.00640952
0.0940928 0.0057706 0.00571702
0.0934736 0.00578093 0.00508073
0.09283 0.0057997 0.00449964
0.0921493 0.00576946 0.00396933
0.0913868 0.00572731 0.00351518
0.0906255 0.00566927 0.00309916
0.089811 0.00564738 0.00278684
0.0889868 0.00563528 0.00252011
0.0881343 0.00561906 0.00230322
0.0872852 0.00564937 0.00210003
0.0864209 0.0056434 0.00195917
0.0855669 0.00563106 0.00185273
0.084719 0.00562039 0.00179141
0.0847384 0.00200888 0.00182224
0.0838882 0.00205353 0.00179444
0.0838814 0.00380861 0.00180661
0.0954647 -0.00189887 0.00733671
0.0953381 -0.00425908 0.00635472
0.095256 -0.00160054 0.00659513
0.09513 -0.00389612 0.00565603
0.0949182 -0.00132916 0.0058797
0.0947923 -0.00353761 0.00500179
0.0944543 -0.00108052 0.00523831
0.0943343 -0.00321264 0.00443289
0.0938993 -0.000857722 0.00468361
0.093803 -0.0029095 0.00389108
0.0932498 -0.000639126 0.00420207
0.0932177 -0.00261922 0.00340035
0.0925555 -0.000478658 0.00377678
0.0925557 -0.00238309 0.00295131
0.0918374 -0.000337095 0.00337327
0.0918587 -0.00220462 0.00255322
0.0911068 -0.000229203 0.00300084
0.0911591 -0.0020478 0.0021766
0.0903569 -0.000120636 0.00266113
0.0904315 -0.00191124 0.00186789
0.0895997 -5.59629e-05 0.00235234
0.0896782 -0.00183501 0.00164149
0.0887984 -1.65848e-05 0.00213145
0.0888715 -0.00177202 0.00151831
0.0879813 -2.7822e-06 0.00202645
0.0880343 -0.00173096 0.00146629
0.0871679 4.81678e-05 0.00193881
0.0871832 -0.00168145 0.00144834
0.0863513 0.000106289 0.00184367
0.0863302 -0.00163761 0.00140161
0.0855259 0.00015462 0.00175621
0.0854942 -0.00160095 0.00136969
0.0846866 0.000217919 0.00166583
0.0846542 -0.001517 0.00131614
0.0838647 0.000282804 0.00161929
0.0838185 -0.00144435 0.00128578
0.0953683 -0.0064636 0.00502771
0.0951271 -0.00600596 0.00435592
0.0947798 -0.0055668 0.00371395
0.0943617 -0.00516708 0.00313121
0.0938384 -0.00480018 0.00262328
0.0932637 -0.00447261 0.00217351
0.092617 -0.00421407 0.00177903
0.0919249 -0.00401082 0.00142922
0.0911975 -0.00382155 0.00114587
0.090436 -0.00366718 0.000928142
0.08962 -0.00356401 0.000765026
0.0887893 -0.00343458 0.000665066
0.0879643 -0.00334169 0.00059405
0.0871149 -0.00328012 0.00057341
0.086272 -0.00322678 0.000577024
0.0854199 -0.00316806 0.000593832
0.0845802 -0.00312594 0.000605565
0.0837454 -0.00307118 0.000579891
0.095529 -0.00837465 0.00331474
0.0953059 -0.00785518 0.00270412
0.0949573 -0.00736888 0.00213619
0.0944688 -0.00693286 0.00161829
0.093902 -0.00654847 0.00115222
0.0932681 -0.0061928 0.000744644
0.0925872 -0.00590664 0.000393226
0.0918616 -0.00567784 0.000132773
0.0911 -0.00544709 -7.51993e-05
0.0903238 -0.00524728 -0.000242261
0.0895072 -0.00509781 -0.000336914
0.0886842 -0.00496523 -0.00041908
0.08786 -0.00479506 -0.000522394
0.0870343 -0.00466422 -0.00055276
0.0861845 -0.0045873 -0.000526542
0.0853253 -0.00452198 -0.000514532
0.0844867 -0.00448681 -0.000474599
0.083663 -0.00447243 -0.000437616
0.0954705 -0.0101548 0.00146368
0.0952831 -0.00956702 0.00090738
0.0949317 -0.00903747 0.000413707
0.0944447 -0.0085443 -4.00587e-05
0.0938464 -0.00811219 -0.000430905
0.0931792 -0.00774336 -0.000756483
0.0924709 -0.00744066 -0.00102278
0.0917203 -0.00718879 -0.0012328
0.0909572 -0.00693425 -0.00140317
0.0901653 -0.00671265 -0.00153348
0.0893538 -0.0065446 -0.001638
0.0885413 -0.00635631 -0.00172278
0.0876854 -0.00616065 -0.00175748
0.0868429 -0.00598088 -0.00178374
0.0860017 -0.00581141 -0.00178113
0.0851546 -0.00569772 -0.00175961
0.0843126 -0.00561048 -0.00176067
0.0834771 -0.00555112 -0.0017609
0.0950543 -0.0118337 -0.000362567
0.0949258 -0.0112127 -0.000903539
0.0946423 -0.0105993 -0.00139039
0.0941872 -0.0100553 -0.00180152
0.0936104 -0.00959919 -0.00216101
0.0929494 -0.00921143 -0.00243225
0.0922343 -0.00885117 -0.00263013
0.0915085 -0.00851145 -0.00281298
0.0907334 -0.00823333 -0.00297202
0.0899432 -0.00800071 -0.00307567
0.0891289 -0.00774469 -0.00316856
0.0883061 -0.00747761 -0.00324871
0.0874478 -0.00728545 -0.00329614
0.0865949 -0.00707829 -0.0033084
0.085767 -0.00685518 -0.00331687
0.0849558 -0.00668662 -0.00331645
0.084112 -0.00654823 -0.00330404
0.0832788 -0.00639347 -0.00329816
0.0946327 -0.0133037 -0.00242648
0.0945007 -0.012623 -0.00288654
0.0942452 -0.0119763 -0.00330987
0.0938568 -0.0113731 -0.00369134
0.0932584 -0.0108778 -0.00399282
0.0925875 -0.0104429 -0.004233
0.0918618 -0.010034 -0.00443937
0.0911479 -0.00961015 -0.00460385
0.0904131 -0.00922367 -0.00475468
0.0896494 -0.00890558 -0.00483292
0.0888757 -0.00858742 -0.00485439
0.088059 -0.00834434 -0.00488861
0.0872201 -0.00814699 -0.00488448
0.0863791 -0.00791795 -0.00490436
0.0855694 -0.00765891 -0.0049603
0.0847443 -0.00742095 -0.00497531
0.0839266 -0.00727756 -0.0049634
0.083108 -0.00716824 -0.0049169
0.0942585 -0.014556 -0.00467908
0.0941181 -0.0138403 -0.00503928
0.0938305 -0.0131529 -0.00539975
0.0933714 -0.01253 -0.00570532
0.0928069 -0.0119564 -0.00595009
0.0921802 -0.0114164 -0.00616685
0.0915126 -0.0109146 -0.0063405
0.0908228 -0.0104333 -0.00648366
0.0901063 -0.00999506 -0.00659763
0.0893572 -0.00960406 -0.00665909
0.0885916 -0.00925524 -0.00668846
0.0878266 -0.00895389 -0.00669567
0.0870228 -0.00870931 -0.00667735
0.086213 -0.00848251 -0.006674
0.0854005 -0.00826325 -0.00666351
0.0845752 -0.00801409 -0.00668196
0.0837498 -0.00779325 -0.00669366
0.0829047 -0.0076102 -0.00667175
0.0936171 -0.0157338 -0.00701174
0.0934593 -0.0150029 -0.0073089
0.0931711 -0.0142796 -0.00757261
0.0928077 -0.0135851 -0.00782591
0.0923846 -0.0129062 -0.00804603
0.0918828 -0.012264 -0.00823854
0.0912784 -0.011689 -0.00832913
0.0906154 -0.0111825 -0.00834851
0.0898919 -0.010626 -0.00855222
0.089197 -0.0102236 -0.00856299
0.0884411 -0.00985236 -0.00858967
0.0876169 -0.00951774 -0.00864855
0.0868492 -0.00923074 -0.00861934
0.0860544 -0.00899436 -0.00856845
0.0852532 -0.00877651 -0.00851422
0.0844492 -0.00850237 -0.00848287
0.0836083 -0.00820642 -0.00842084
0.082749 -0.00800237 -0.00839795
0.0931872 -0.0166409 -0.00953601
0.0930488 -0.0158473 -0.00973828
0.0928427 -0.0150644 -0.00990436
0.0925426 -0.0142582 -0.00999208
0.0920997 -0.0134958 -0.010018
0.0916154 -0.0126808 -0.0101317
0.0910778 -0.0118272 -0.0100308
0.090783 -0.0110574 -0.0100765
0.089836 -0.0104455 -0.0107183
0.0892737 -0.0100779 -0.0108696
0.088746 -0.0102016 -0.0102118
0.0876055 -0.00977298 -0.0105937
0.0867748 -0.00963264 -0.0106237
0.0859712 -0.00935398 -0.0105319
0.0851172 -0.00906824 -0.0104391
0.0842919 -0.00879567 -0.0103554
0.0834608 -0.00850513 -0.010194
0.0825984 -0.00831548 -0.0101247
0.0855764 0.00196602 0.0019123
0.0847515 0.00382162 0.00187772
0.0829886 0.00379168 0.00173805
0.0830404 0.000361297 0.00164262
0.0830482 0.00197909 0.00186808
0.0830347 0.00207512 0.00180833
0.082978 0.0036701 0.00168068
0.0814999 -0.0083426 -0.0117297
0.0816826 -0.00825526 -0.0100731
0.0818678 -0.00786479 -0.00833826
0.0820548 -0.00744483 -0.00661665
0.0822739 -0.00713524 -0.00484335
0.0824489 -0.00629657 -0.00329966
0.08264 -0.00550126 -0.00175197
0.0828296 -0.00448637 -0.000353179
0.0829186 -0.00303012 0.000599326
0.0830134 -0.00140029 0.00128699
0.0832938 -0.00886523 -0.0121396
0.0842268 -0.00901341 -0.0123639
0.0851763 -0.00914459 -0.0124967
0.0859424 -0.00921194 -0.0127502
0.0866481 -0.0094091 -0.0130818
0.087386 -0.00942015 -0.0137123
0.0871421 -0.00956841 -0.0124724
0.0859302 -0.00812443 -0.0127529
0.0871539 -0.0102897 -0.0122022
0.088376 -0.0116903 -0.0120554
0.0900064 -0.0127184 -0.0141194
0.0905878 -0.0130762 -0.0124824
0.090446 -0.0132803 -0.0114541
0.0913687 -0.0144062 -0.0119189
0.0924063 -0.0150954 -0.0119892
0.0928869 -0.0162059 -0.012184
0.0929947 -0.0171655 -0.0120159
0.0830819 -0.00861771 -0.0139202
0.0840929 -0.00841067 -0.0140994
0.0849471 -0.00844222 -0.014334
0.0858596 -0.00768901 -0.0139611
0.0877018 -0.00844775 -0.0164786
0.0885184 -0.00857428 -0.017413
0.0922501 -0.00758001 -0.0202162
0.0932305 -0.0095283 -0.0183592
0.0897086 -0.00934871 -0.0158106
0.0868601 -0.0144446 -0.0155985
0.0932997 -0.0122951 -0.0192512
0.0900842 -0.0105931 -0.0183078
0.0924826 -0.0147256 -0.0161592
0.0928956 -0.0152221 -0.0170043
0.091056 -0.0140412 -0.0162642
0.0915311 -0.0151036 -0.0148967
0.0923727 -0.0170206 -0.0142819
0.0823266 -0.00836508 -0.0148433
0.0842274 -0.00614086 -0.0146214
0.0847534 -0.00689514 -0.0166317
0.0860119 -0.00957296 -0.0153438
0.0924995 -0.00469712 -0.0172269
0.0836066 -0.00335654 -0.0184276
0.0847332 -0.0110979 -0.0178898
0.0857328 -0.00866265 -0.0176059
0.0864049 -0.0185396 -0.0175026
0.0929378 -0.0257926 -0.0172396
0.0871738 -0.0155986 -0.020093
0.0856192 -0.011631 -0.0158213
0.0825049 -0.0161166 -0.0223195
0.0829795 -0.0253911 -0.0170798
0.0860924 -0.0202155 -0.0179689
0.0913961 -0.0184532 -0.0150994
0.091126 -0.0176259 -0.0164916
0.0348315 0.00774227 0.0129962
0.0390717 0.00750016 0.029511
0.0964717 0.0110251 0.0157356
0.0348636 0.00600109 0.0127269
0.0348804 0.004288 0.0123814
0.0347709 0.00259609 0.0119337
0.0346736 0.000936244 0.0113556
0.034619 -0.000631404 0.0105877
0.0345648 -0.00214384 0.00970035
0.0344772 -0.00357974 0.00872842
0.0342621 -0.00488299 0.00762589
0.0340177 -0.00610752 0.0064163
0.0338673 -0.00724839 0.0050729
0.0337004 -0.00827536 0.00366826
0.0334947 -0.00926417 0.0022153
0.033299 -0.0101128 0.000691737
0.0330099 -0.010772 -0.00090414
0.0326691 -0.0113297 -0.00252828
0.0324014 -0.0117666 -0.00421404
0.0321831 -0.0120692 -0.00593991
0.0318895 -0.0121977 -0.0076679
0.0314793 -0.0122072 -0.00938066
0.0912668 -0.0249185 -0.0226584
0.0327208 -0.0288003 -0.0106353
0.0334656 -0.0292645 -0.00762876
0.0339982 -0.028624 -0.00454571
0.0345136 -0.0280809 -0.00144779
0.0350512 -0.0277409 0.00170125
0.0355132 -0.0267878 0.00468392
0.0360267 -0.0254671 0.00744283
0.0366299 -0.0240638 0.0101727
0.0372641 -0.0222524 0.0127515
0.0377055 -0.0200816 0.0150955
0.0380936 -0.017992 0.0175666
0.038493 -0.0157319 0.0198058
0.0386486 -0.0131949 0.0215764
0.0388444 -0.0107103 0.0234539
0.0390015 -0.00783583 0.0248984
0.0390417 -0.00484376 0.0261104
0.0391652 -0.00187336 0.0273866
0.0391686 0.00121157 0.0282378
0.0390838 0.00437913 0.0288546
0.0918535 -0.0251183 -0.0196074
0.092511 -0.0249139 -0.0165501
0.0931134 -0.0245661 -0.0134605
0.0936771 -0.0239437 -0.0104026
0.0942497 -0.0230484 -0.00742945
0.0947988 -0.0217004 -0.00461147
0.0953612 -0.0202095 -0.00181444
0.0958551 -0.0187326 0.00102166
0.0962137 -0.0169347 0.00368977
0.0965041 -0.0149262 0.00618587
0.0967822 -0.0127197 0.0084822
0.0970168 -0.0102415 0.0105201
0.0971405 -0.00747957 0.0121697
0.0971681 -0.00454275 0.0134338
0.0970996 -0.00154512 0.014458
0.0970066 0.00152601 0.0152531
0.0969006 0.00466033 0.0157398
0.0967008 0.00783563 0.0158642
0.00191627 -0.390587 0.386797
-0.00269627 -0.390652 -0.413203
-0.00270101 0.40941 0.386862
0.00192019 0.409335 -0.413128
-0.0178049 -0.390583 -0.413132
-0.0130886 -0.390659 0.386866
-0.0130846 0.409406 -0.413196
-0.0178097 0.409341 0.38679

CELLS 7964 39820
4 0 1 2 2
4 3 4 5 5
4 6 7 8 8
4 9 10 11 11
4 12 13 14 14
4 13 15 14 14
4 14 15 16 16
4 16 15 17 17
4 15 18 17 17
4 17 18 19 19
4 19 18 20 20
4 18 21 20 20
4 20 21 22 22
4 22 21 23 23
4 21 24 23 23
4 23 24 25 25
4 26 27 24 24
4 27 28 24 24
4 24 28 25 25
4 29 30 26 26
4 30 31 26 26
4 26 31 27 27
4 32 33 34 34
4 33 35 34 34
4 34 35 29 29
4 35 36 29 29
4 29 36 30 30
4 32 34 37 37
4 34 38 37 37
4 37 38 39 39
4 39 38 40 40
4 38 41 40 40
4 40 41 42 42
4 42 41 43 43
4 41 44 43 43
4 43 44 45 45
4 46 47 48 48
4 46 48 49 49
4 48 50 49 49
4 50 51 49 49
4 49 51 44 44
4 51 52 44 44
4 44 52 45 45
4 53 54 55 55
4 55 56 53 53
4 56 57 53 53
4 53 57 46 46
4 57 58 46 46
4 46 58 47 47
4 59 60 61 61
4 60 62 61 61
4 62 63 61 61
4 63 64 61 61
4 61 64 54 54
4 64 65 54 54
4 54 65 55 55
4 66 67 68 68
4 67 69 68 68
4 69 70 68 68
4 70 71 68 68
4 68 71 59 59
4 71 72 59 59
4 59 72 60 60
4 73 74 75 75
4 74 76 75 75
4 75 76 77 77
4 77 76 78 78
4 76 79 78 78
4 78 79 80 80
4 80 79 81 81
4 79 82 81 81
4 81 82 83 83
4 83 82 84 84
4 82 85 84 84
4 84 85 86 86
4 87 88 85 85
4 88 89 85 85
4 85 89 86 86
4 90 91 87 87
4 91 92 87 87
4 87 92 88 88
4 93 94 90 90
4 94 95 90 90
4 90 95 91 91
4 96 97 98 98
4 97 99 98 98
4 98 99 93 93
4 99 100 93 93
4 93 100 94 94
4 96 98 101 101
4 98 102 101 101
4 101 102 103 103
4 103 102 104 104
4 102 105 104 104
4 104 105 106 106
4 106 105 107 107
4 105 108 107 107
4 107 108 109 109
4 110 111 112 112
4 110 112 108 108
4 112 113 108 108
4 108 113 109 109
4 111 110 114 114
4 110 115 114 114
4 114 115 116 116
4 116 115 117 117
4 115 118 117 117
4 117 118 119 119
4 120 121 122 122
4 120 122 123 123
4 122 124 123 123
4 124 125 123 123
4 123 125 118 118
4 125 126 118 118
4 118 126 119 119
4 127 128 129 129
4 129 130 127 127
4 130 131 127 127
4 127 131 120 120
4 131 132 120 120
4 120 132 121 121
4 133 134 135 135
4 134 136 135 135
4 135 136 137 137
4 136 138 137 137
4 137 138 139 139
4 138 140 139 139
4 139 140 141 141
4 140 142 141 141
4 141 142 143 143
4 142 144 143 143
4 143 144 145 145
4 144 146 145 145
4 145 146 147 147
4 146 148 147 147
4 147 148 149 149
4 148 150 149 149
4 149 150 151 151
4 150 152 151 151
4 151 152 153 153
4 152 154 153 153
4 153 154 155 155
4 154 156 155 155
4 155 156 157 157
4 156 158 157 157
4 157 158 159 159
4 158 160 159 159
4 159 160 161 161
4 160 162 161 161
4 161 162 163 163
4 164 133 165 165
4 133 135 165 165
4 165 135 166 166
4 135 137 166 166
4 166 137 167 167
4 137 139 167 167
4 167 139 168 168
4 139 141 168 168
4 168 141 169 169
4 141 143 169 169
4 169 143 170 170
4 143 145 170 170
4 170 145 171 171
4 145 147 171 171
4 171 147 172 172
4 147 149 172 172
4 172 149 173 173
4 149 151 173 173
4 173 151 174 174
4 151 153 174 174
4 174 153 175 175
4 153 155 175 175
4 175 155 176 176
4 155 157 176 176
4 176 157 177 177
4 157 159 177 177
4 177 159 178 178
4 159 161 178 178
4 178 161 179 179
4 161 163 179 179
4 179 163 180 180
4 13 164 15 15
4 164 165 15 15
4 15 165 18 18
4 165 166 18 18
4 18 166 21 21
4 166 167 21 21
4 21 167 24 24
4 167 168 24 24
4 24 168 26 26
4 168 169 26 26
4 26 169 29 29
4 169 170 29 29
4 29 170 34 34
4 170 171 34 34
4 34 171 38 38
4 171 172 38 38
4 38 172 41 41
4 172 173 41 41
4 41 173 44 44
4 173 174 44 44
4 44 174 49 49
4 174 175 49 49
4 49 175 46 46
4 175 176 46 46
4 46 176 53 53
4 176 177 53 53
4 53 177 54 54
4 177 178 54 54
4 54 178 61 61
4 178 179 61 61
4 61 179 59 59
4 179 180 59 59
4 59 180 68 68
4 181 182 183 183
4 184 185 186 186
4 185 187 186 186
4 186 187 188 188
4 187 189 188 188
4 188 189 190 190
4 189 191 190 190
4 190 191 192 192
4 191 193 192 192
4 192 193 194 194
4 193 195 194 194
4 194 195 196 196
4 195 197 196 196
4 196 197 198 198
4 197 199 198 198
4 198 199 200 200
4 199 201 200 200
4 200 201 202 202
4 201 203 202 202
4 202 203 204 204
4 203 205 204 204
4 204 205 206 206
4 205 207 206 206
4 206 207 208 208
4 207 209 208 208
4 208 209 210 210
4 209 211 210 210
4 210 211 212 212
4 211 213 212 212
4 212 213 214 214
4 213 215 214 214
4 214 215 216 216
4 215 217 216 216
4 216 217 218 218
4 217 219 218 218
4 185 220 187 187
4 220 221 187 187
4 187 221 189 189
4 221 222 189 189
4 189 222 191 191
4 222 223 191 191
4 191 223 193 193
4 223 224 193 193
4 193 224 195 195
4 224 225 195 195
4 195 225 197 197
4 225 226 197 197
4 197 226 199 199
4 226 227 199 199
4 199 227 201 201
4 227 228 201 201
4 201 228 203 203
4 228 229 203 203
4 203 229 205 205
4 229 230 205 205
4 205 230 207 207
4 230 231 207 207
4 207 231 209 209
4 231 232 209 209
4 209 232 211 211
4 232 233 211 211
4 211 233 213 213
4 233 234 213 213
4 213 234 215 215
4 234 235 215 215
4 215 235 217 217
4 235 236 217 217
4 217 236 219 219
4 236 237 219 219
4 220 238 221 221
4 238 239 221 221
4 221 239 222 222
4 239 240 222 222
4 222 240 223 223
4 240 241 223 223
4 223 241 224 224
4 241 242 224 224
4 224 242 225 225
4 242 243 225 225
4 225 243 226 226
4 243 244 226 226
4 226 244 227 227
4 244 245 227 227
4 227 245 228 228
4 245 246 228 228
4 228 246 229 229
4 246 247 229 229
4 229 247 230 230
4 247 248 230 230
4 230 248 231 231
4 248 249 231 231
4 231 249 232 232
4 249 250 232 232
4 232 250 233 233
4 250 251 233 233
4 233 251 234 234
4 251 252 234 234
4 234 252 235 235
4 252 253 235 235
4 235 253 236 236
4 253 254 236 236
4 236 254 237 237
4 254 255 237 237
4 238 256 239 239
4 256 257 239 239
4 239 257 240 240
4 257 258 240 240
4 240 258 241 241
4 258 259 241 241
4 241 259 242 242
4 259 260 242 242
4 242 260 243 243
4 260 261 243 243
4 243 261 244 244
4 261 262 244 244
4 244 262 245 245
4 262 263 245 245
4 245 263 246 246
4 263 264 246 246
4 246 264 247 247
4 264 265 247 247
4 247 265 248 248
4 265 266 248 248
4 248 266 249 249
4 266 267 249 249
4 249 267 250 250
4 267 268 250 250
4 250 268 251 251
4 268 269 251 251
4 251 269 252 252
4 269 270 252 252
4 252 270 253 253
4 270 271 253 253
4 253 271 254 254
4 271 272 254 254
4 254 272 255 255
4 272 273 255 255
4 256 274 257 257
4 274 275 257 257
4 257 275 258 258
4 275 276 258 258
4 258 276 259 259
4 276 277 259 259
4 259 277 260 260
4 277 278 260 260
4 260 278 261 261
4 278 279 261 261
4 261 279 262 262
4 279 280 262 262
4 262 280 263 263
4 280 281 263 263
4 263 281 264 264
4 281 282 264 264
4 264 282 265 265
4 282 283 265 265
4 265 283 266 266
4 283 284 266 266
4 266 284 267 267
4 284 285 267 267
4 267 285 268 268
4 285 286 268 268
4 268 286 269 269
4 286 287 269 269
4 269 287 270 270
4 287 288 270 270
4 270 288 271 271
4 288 289 271 271
4 271 289 272 272
4 289 290 272 272
4 272 290 273 273
4 290 291 273 273
4 274 292 275 275
4 292 293 275 275
4 275 293 276 276
4 293 294 276 276
4 276 294 277 277
4 294 295 277 277
4 277 295 278 278
4 295 296 278 278
4 278 296 279 279
4 296 297 279 279
4 279 297 280 280
4 297 298 280 280
4 280 298 281 281
4 298 299 281 281
4 281 299 282 282
4 299 300 282 282
4 282 300 283 283
4 300 301 283 283
4 283 301 284 284
4 301 302 284 284
4 284 302 285 285
4 302 303 285 285
4 285 303 286 286
4 303 304 286 286
4 286 304 287 287
4 304 305 287 287
4 287 305 288 288
4 305 306 288 288
4 288 306 289 289
4 306 307 289 289
4 289 307 290 290
4 307 308 290 290
4 290 308 291 291
4 308 309 291 291
4 292 310 293 293
4 310 311 293 293
4 293 311 294 294
4 311 312 294 294
4 294 312 295 295
4 312 313 295 295
4 295 313 296 296
4 313 314 296 296
4 296 314 297 297
4 314 315 297 297
4 297 315 298 298
4 315 316 298 298
4 298 316 299 299
4 316 317 299 299
4 299 317 300 300
4 317 318 300 300
4 300 318 301 301
4 318 319 301 301
4 301 319 302 302
4 319 320 302 302
4 302 320 303 303
4 320 321 303 303
4 303 321 304 304
4 321 322 304 304
4 304 322 305 305
4 322 323 305 305
4 305 323 306 306
4 323 324 306 306
4 306 324 307 307
4 324 325 307 307
4 307 325 308 308
4 325 326 308 308
4 308 326 309 309
4 326 327 309 309
4 310 328 311 311
4 328 329 311 311
4 311 329 312 312
4 329 330 312 312
4 312 330 313 313
4 330 331 313 313
4 313 331 314 314
4 331 332 314 314
4 314 332 315 315
4 332 333 315 315
4 315 333 316 316
4 333 334 316 316
4 316 334 317 317
4 334 335 317 317
4 317 335 318 318
4 335 336 318 318
4 318 336 319 319
4 336 337 319 319
4 319 337 320 320
4 337 338 320 320
4 320 338 321 321
4 338 339 321 321
4 321 339 322 322
4 339 340 322 322
4 322 340 323 323
4 340 341 323 323
4 323 341 324 324
4 341 342 324 324
4 324 342 325 325
4 342 343 325 325
4 325 343 326 326
4 343 344 326 326
4 326 344 327 327
4 344 345 327 327
4 328 346 329 329
4 346 347 329 329
4 329 347 330 330
4 347 348 330 330
4 330 348 331 331
4 348 349 331 331
4 331 349 332 332
4 349 350 332 332
4 332 350 333 333
4 350 351 333 333
4 333 351 334 334
4 351 352 334 334
4 334 352 335 335
4 352 353 335 335
4 335 353 336 336
4 353 354 336 336
4 336 354 337 337
4 354 355 337 337
4 337 355 338 338
4 355 356 338 338
4 338 356 339 339
4 356 357 339 339
4 339 357 340 340
4 357 358 340 340
4 340 358 341 341
4 358 359 341 341
4 341 359 342 342
4 359 360 342 342
4 342 360 343 343
4 360 361 343 343
4 343 361 344 344
4 361 362 344 344
4 344 362 345 345
4 362 363 345 345
4 162 364 163 163
4 364 365 163 163
4 163 365 180 180
4 365 11 180 180
4 180 11 68 68
4 11 10 68 68
4 68 10 66 66
4 364 181 365 365
4 181 183 365 365
4 365 183 11 11
4 183 366 11 11
4 11 366 9 9
4 367 368 182 182
4 368 369 182 182
4 182 369 183 183
4 369 370 183 183
4 183 370 366 366
4 371 372 363 363
4 372 373 363 363
4 363 373 345 345
4 373 374 345 345
4 345 374 327 327
4 374 375 327 327
4 327 375 309 309
4 375 376 309 309
4 309 376 291 291
4 376 377 291 291
4 291 377 273 273
4 377 378 273 273
4 273 378 255 255
4 378 379 255 255
4 255 379 237 237
4 379 380 237 237
4 237 380 219 219
4 380 367 219 219
4 219 367 218 218
4 367 182 218 218
4 218 182 216 216
4 182 181 216 216
4 216 181 214 214
4 181 364 214 214
4 214 364 212 212
4 364 162 212 212
4 212 162 210 210
4 162 160 210 210
4 210 160 208 208
4 160 158 208 208
4 208 158 206 206
4 158 156 206 206
4 206 156 204 204
4 156 154 204 204
4 204 154 202 202
4 154 152 202 202
4 202 152 200 200
4 152 150 200 200
4 200 150 198 198
4 150 148 198 198
4 198 148 196 196
4 148 146 196 196
4 196 146 194 194
4 146 144 194 194
4 194 144 192 192
4 144 142 192 192
4 192 142 190 190
4 142 140 190 190
4 190 140 188 188
4 140 138 188 188
4 188 138 186 186
4 138 136 186 186
4 186 136 184 184
4 136 134 184 184
4 7 371 8 8
4 371 363 8 8
4 8 363 381 381
4 363 362 381 381
4 381 362 382 382
4 362 361 382 382
4 382 361 383 383
4 361 360 383 383
4 383 360 384 384
4 360 359 384 384
4 384 359 385 385
4 359 358 385 385
4 385 358 386 386
4 358 357 386 386
4 386 357 387 387
4 357 356 387 387
4 387 356 388 388
4 356 355 388 388
4 388 355 389 389
4 355 354 389 389
4 389 354 390 390
4 354 353 390 390
4 390 353 391 391
4 353 352 391 391
4 391 352 392 392
4 352 351 392 392
4 392 351 393 393
4 351 350 393 393
4 393 350 394 394
4 350 349 394 394
4 394 349 395 395
4 349 348 395 395
4 395 348 396 396
4 348 347 396 396
4 396 347 397 397
4 347 346 397 397
4 4 6 5 5
4 6 8 5 5
4 5 8 398 398
4 8 381 398 398
4 398 381 399 399
4 381 382 399 399
4 399 382 400 400
4 382 383 400 400
4 400 383 401 401
4 383 384 401 401
4 401 384 402 402
4 384 385 402 402
4 402 385 403 403
4 385 386 403 403
4 403 386 404 404
4 386 387 404 404
4 404 387 405 405
4 387 388 405 405
4 405 388 406 406
4 388 389 406 406
4 406 389 407 407
4 389 390 407 407
4 407 390 408 408
4 390 391 408 408
4 408 391 409 409
4 391 392 409 409
4 409 392 410 410
4 392 393 410 410
4 410 393 411 411
4 393 394 411 411
4 411 394 412 412
4 394 395 412 412
4 412 395 413 413
4 395 396 413 413
4 413 396 414 414
4 396 397 414 414
4 1 3 2 2
4 3 5 2 2
4 2 5 415 415
4 5 398 415 415
4 415 398 416 416
4 398 399 416 416
4 416 399 417 417
4 399 400 417 417
4 417 400 418 418
4 400 401 418 418
4 418 401 419 419
4 401 402 419 419
4 419 402 420 420
4 402 403 420 420
4 420 403 421 421
4 403 404 421 421
4 421 404 422 422
4 404 405 422 422
4 422 405 423 423
4 405 406 423 423
4 423 406 424 424
4 406 407 424 424
4 424 407 425 425
4 407 408 425 425
4 425 408 426 426
4 408 409 426 426
4 426 409 427 427
4 409 410 427 427
4 427 410 428 428
4 410 411 428 428
4 428 411 429 429
4 411 412 429 429
4 429 412 430 430
4 412 413 430 430
4 430 413 431 431
4 413 414 431 431
4 74 0 76 76
4 0 2 76 76
4 76 2 79 79
4 2 415 79 79
4 79 415 82 82
4 415 416 82 82
4 82 416 85 85
4 416 417 85 85
4 85 417 87 87
4 417 418 87 87
4 87 418 90 90
4 418 419 90 90
4 90 419 93 93
4 419 420 93 93
4 93 420 98 98
4 420 421 98 98
4 98 421 102 102
4 421 422 102 102
4 102 422 105 105
4 422 423 105 105
4 105 423 108 108
4 423 424 108 108
4 108 424 110 110
4 424 425 110 110
4 110 425 115 115
4 425 426 115 115
4 115 426 118 118
4 426 427 118 118
4 118 427 123 123
4 427 428 123 123
4 123 428 120 120
4 428 429 120 120
4 120 429 127 127
4 429 430 127 127
4 127 430 128 128
4 430 431 128 128
4 69 432 433 433
4 69 433 70 70
4 17 19 433 433
4 19 20 433 433
4 433 20 22 22
4 433 434 12 12
4 63 62 433 433
4 62 60 433 433
4 12 14 433 433
4 14 16 433 433
4 433 16 17 17
4 30 36 433 433
4 36 35 433 433
4 433 35 33 33
4 43 45 433 433
4 45 52 433 433
4 433 52 51 51
4 56 55 433 433
4 60 72 433 433
4 72 71 433 433
4 433 71 70 70
4 22 23 433 433
4 23 25 433 433
4 433 25 28 28
4 33 32 433 433
4 32 37 433 433
4 433 37 39 39
4 55 65 433 433
4 65 64 433 433
4 433 64 63 63
4 28 27 433 433
4 27 31 433 433
4 433 31 30 30
4 39 40 433 433
4 40 42 433 433
4 433 42 43 43
4 51 50 433 433
4 50 48 433 433
4 433 48 47 47
4 47 58 433 433
4 58 57 433 433
4 433 57 56 56
4 69 67 432 432
4 67 435 432 432
4 67 66 435 435
4 66 10 435 435
4 435 10 436 436
4 10 9 436 436
4 9 366 436 436
4 436 366 437 437
4 366 370 437 437
4 370 369 437 437
4 437 369 438 438
4 369 368 438 438
4 368 367 438 438
4 438 367 439 439
4 367 380 439 439
4 439 380 440 440
4 380 379 440 440
4 440 379 441 441
4 379 378 441 441
4 441 378 442 442
4 378 377 442 442
4 442 377 443 443
4 377 376 443 443
4 443 376 444 444
4 376 375 444 444
4 444 375 445 445
4 375 374 445 445
4 445 374 446 446
4 374 373 446 446
4 446 373 447 447
4 373 372 447 447
4 447 372 448 448
4 372 371 448 448
4 448 371 449 449
4 371 450 449 449
4 371 7 450 450
4 7 6 450 450
4 450 6 451 451
4 6 4 451 451
4 4 3 451 451
4 451 3 452 452
4 3 1 452 452
4 1 0 452 452
4 452 0 453 453
4 0 74 453 453
4 453 74 73 73
4 130 129 86 86
4 129 454 86 86
4 86 454 84 84
4 78 80 454 454
4 80 81 454 454
4 81 83 454 454
4 454 83 84 84
4 94 100 124 124
4 124 113 112 112
4 104 106 124 124
4 86 122 121 121
4 455 453 454 454
4 453 73 454 454
4 73 75 454 454
4 75 77 454 454
4 454 77 78 78
4 88 92 124 124
4 106 107 124 124
4 107 109 124 124
4 124 109 113 113
4 121 132 86 86
4 132 131 86 86
4 86 131 130 130
4 92 91 124 124
4 91 95 124 124
4 124 95 94 94
4 100 99 124 124
4 99 97 124 124
4 124 97 96 96
4 111 114 116 116
4 119 126 112 112
4 126 125 112 112
4 112 125 124 124
4 122 86 124 124
4 86 89 124 124
4 124 89 88 88
4 96 101 124 124
4 101 103 124 124
4 124 103 104 104
4 111 116 112 112
4 116 117 112 112
4 112 117 119 119
4 453 455 452 452
4 455 456 452 452
4 452 456 451 451
4 456 457 451 451
4 451 457 450 450
4 457 458 450 450
4 450 458 449 449
4 458 459 449 449
4 449 459 448 448
4 459 460 448 448
4 448 460 447 447
4 460 461 447 447
4 447 461 446 446
4 461 462 446 446
4 446 462 445 445
4 462 463 445 445
4 445 463 444 444
4 463 464 444 444
4 444 464 443 443
4 464 465 443 443
4 443 465 442 442
4 465 466 442 442
4 442 466 441 441
4 466 467 441 441
4 441 467 440 440
4 467 468 440 440
4 440 468 439 439
4 468 469 439 439
4 439 469 438 438
4 469 470 438 438
4 438 470 437 437
4 470 471 437 437
4 437 471 436 436
4 471 472 436 436
4 436 472 435 435
4 472 473 435 435
4 435 473 432 432
4 473 433 432 432
4 455 454 474 474
4 455 474 456 456
4 474 475 456 456
4 456 475 457 457
4 475 476 457 457
4 457 476 458 458
4 476 477 458 458
4 458 477 459 459
4 477 478 459 459
4 459 478 460 460
4 478 479 460 460
4 460 479 461 461
4 479 480 461 461
4 461 480 462 462
4 480 481 462 462
4 462 481 463 463
4 481 482 463 463
4 463 482 464 464
4 482 483 464 464
4 464 483 465 465
4 483 484 465 465
4 465 484 466 466
4 484 485 466 466
4 466 485 467 467
4 485 486 467 467
4 467 486 468 468
4 486 487 468 468
4 468 487 469 469
4 487 488 469 469
4 469 488 470 470
4 488 489 470 470
4 470 489 471 471
4 489 490 471 471
4 471 490 472 472
4 490 491 472 472
4 472 491 473 473
4 491 434 473 473
4 473 434 433 433
4 12 434 13 13
4 434 491 13 13
4 13 491 164 164
4 491 490 164 164
4 164 490 133 133
4 490 489 133 133
4 133 489 134 134
4 489 488 134 134
4 134 488 184 184
4 488 487 184 184
4 184 487 185 185
4 487 486 185 185
4 185 486 220 220
4 486 485 220 220
4 220 485 238 238
4 485 484 238 238
4 238 484 256 256
4 484 483 256 256
4 256 483 274 274
4 483 482 274 274
4 274 482 292 292
4 482 481 292 292
4 292 481 310 310
4 481 480 310 310
4 310 480 328 328
4 480 479 328 328
4 328 479 346 346
4 479 478 346 346
4 346 478 397 397
4 478 477 397 397
4 397 477 414 414
4 477 476 414 414
4 414 476 431 431
4 476 475 431 431
4 431 475 128 128
4 475 474 128 128
4 128 474 129 129
4 474 454 129 129
4 492 493 494 494
4 495 496 497 497
4 498 499 500 500
4 501 502 503 503
4 504 505 506 506
4 505 507 506 506
4 506 507 508 508
4 508 507 509 509
4 507 510 509 509
4 509 510 511 511
4 511 510 512 512
4 510 513 512 512
4 512 513 514 514
4 514 513 515 515
4 513 516 515 515
4 515 516 517 517
4 518 519 516 516
4 519 520 516 516
4 516 520 517 517
4 521 522 518 518
4 522 523 518 518
4 518 523 519 519
4 524 525 526 526
4 525 527 526 526
4 526 527 521 521
4 527 528 521 521
4 521 528 522 522
4 524 526 529 529
4 526 530 529 529
4 529 530 531 531
4 531 530 532 532
4 530 533 532 532
4 532 533 534 534
4 534 533 535 535
4 533 536 535 535
4 535 536 537 537
4 538 539 540 540
4 538 540 541 541
4 540 542 541 541
4 542 543 541 541
4 541 543 536 536
4 543 544 536 536
4 536 544 537 537
4 545 546 547 547
4 547 548 545 545
4 548 549 545 545
4 545 549 538 538
4 549 550 538 538
4 538 550 539 539
4 551 552 553 553
4 552 554 553 553
4 554 555 553 553
4 555 556 553 553
4 553 556 546 546
4 556 557 546 546
4 546 557 547 547
4 558 559 560 560
4 559 561 560 560
4 561 562 560 560
4 562 563 560 560
4 560 563 551 551
4 563 564 551 551
4 551 564 552 552
4 565 566 567 567
4 566 568 567 567
4 567 568 569 569
4 569 568 570 570
4 568 571 570 570
4 570 571 572 572
4 572 571 573 573
4 571 574 573 573
4 573 574 575 575
4 575 574 576 576
4 574 577 576 576
4 576 577 578 578
4 579 580 577 577
4 580 581 577 577
4 577 581 578 578
4 582 583 579 579
4 583 584 579 579
4 579 584 580 580
4 585 586 582 582
4 586 587 582 582
4 582 587 583 583
4 588 589 590 590
4 589 591 590 590
4 590 591 585 585
4 591 592 585 585
4 585 592 586 586
4 588 590 593 593
4 590 594 593 593
4 593 594 595 595
4 595 594 596 596
4 594 597 596 596
4 596 597 598 598
4 598 597 599 599
4 597 600 599 599
4 599 600 601 601
4 602 603 604 604
4 602 604 600 600
4 604 605 600 600
4 600 605 601 601
4 603 602 606 606
4 602 607 606 606
4 606 607 608 608
4 608 607 609 609
4 607 610 609 609
4 609 610 611 611
4 612 613 614 614
4 612 614 615 615
4 614 616 615 615
4 616 617 615 615
4 615 617 610 610
4 617 618 610 610
4 610 618 611 611
4 619 620 621 621
4 621 622 619 619
4 622 623 619 619
4 619 623 612 612
4 623 624 612 612
4 612 624 613 613
4 625 626 627 627
4 626 628 627 627
4 627 628 629 629
4 628 630 629 629
4 629 630 631 631
4 630 632 631 631
4 631 632 633 633
4 632 634 633 633
4 633 634 635 635
4 634 636 635 635
4 635 636 637 637
4 636 638 637 637
4 637 638 639 639
4 638 640 639 639
4 639 640 641 641
4 640 642 641 641
4 641 642 643 643
4 642 644 643 643
4 643 644 645 645
4 644 646 645 645
4 645 646 647 647
4 646 648 647 647
4 647 648 649 649
4 648 650 649 649
4 649 650 651 651
4 650 652 651 651
4 651 652 653 653
4 652 654 653 653
4 653 654 655 655
4 656 625 657 657
4 625 627 657 657
4 657 627 658 658
4 627 629 658 658
4 658 629 659 659
4 629 631 659 659
4 659 631 660 660
4 631 633 660 660
4 660 633 661 661
4 633 635 661 661
4 661 635 662 662
4 635 637 662 662
4 662 637 663 663
4 637 639 663 663
4 663 639 664 664
4 639 641 664 664
4 664 641 665 665
4 641 643 665 665
4 665 643 666 666
4 643 645 666 666
4 666 645 667 667
4 645 647 667 667
4 667 647 668 668
4 647 649 668 668
4 668 649 669 669
4 649 651 669 669
4 669 651 670 670
4 651 653 670 670
4 670 653 671 671
4 653 655 671 671
4 671 655 672 672
4 505 656 507 507
4 656 657 507 507
4 507 657 510 510
4 657 658 510 510
4 510 658 513 513
4 658 659 513 513
4 513 659 516 516
4 659 660 516 516
4 516 660 518 518
4 660 661 518 518
4 518 661 521 521
4 661 662 521 521
4 521 662 526 526
4 662 663 526 526
4 526 663 530 530
4 663 664 530 530
4 530 664 533 533
4 664 665 533 533
4 533 665 536 536
4 665 666 536 536
4 536 666 541 541
4 666 667 541 541
4 541 667 538 538
4 667 668 538 538
4 538 668 545 545
4 668 669 545 545
4 545 669 546 546
4 669 670 546 546
4 546 670 553 553
4 670 671 553 553
4 553 671 551 551
4 671 672 551 551
4 551 672 560 560
4 673 674 675 675
4 676 677 678 678
4 677 679 678 678
4 678 679 680 680
4 679 681 680 680
4 680 681 682 682
4 681 683 682 682
4 682 683 684 684
4 683 685 684 684
4 684 685 686 686
4 685 687 686 686
4 686 687 688 688
4 687 689 688 688
4 688 689 690 690
4 689 691 690 690
4 690 691 692 692
4 691 693 692 692
4 692 693 694 694
4 693 695 694 694
4 694 695 696 696
4 695 697 696 696
4 696 697 698 698
4 697 699 698 698
4 698 699 700 700
4 699 701 700 700
4 700 701 702 702
4 701 703 702 702
4 702 703 704 704
4 703 705 704 704
4 704 705 706 706
4 705 707 706 706
4 706 707 708 708
4 707 709 708 708
4 708 709 710 710
4 709 711 710 710
4 677 712 679 679
4 712 713 679 679
4 679 713 681 681
4 713 714 681 681
4 681 714 683 683
4 714 715 683 683
4 683 715 685 685
4 715 716 685 685
4 685 716 687 687
4 716 717 687 687
4 687 717 689 689
4 717 718 689 689
4 689 718 691 691
4 718 719 691 691
4 691 719 693 693
4 719 720 693 693
4 693 720 695 695
4 720 721 695 695
4 695 721 697 697
4 721 722 697 697
4 697 722 699 699
4 722 723 699 699
4 699 723 701 701
4 723 724 701 701
4 701 724 703 703
4 724 725 703 703
4 703 725 705 705
4 725 726 705 705
4 705 726 707 707
4 726 727 707 707
4 707 727 709 709
4 727 728 709 709
4 709 728 711 711
4 728 729 711 711
4 712 730 713 713
4 730 731 713 713
4 713 731 714 714
4 731 732 714 714
4 714 732 715 715
4 732 733 715 715
4 715 733 716 716
4 733 734 716 716
4 716 734 717 717
4 734 735 717 717
4 717 735 718 718
4 735 736 718 718
4 718 736 719 719
4 736 737 719 719
4 719 737 720 720
4 737 738 720 720
4 720 738 721 721
4 738 739 721 721
4 721 739 722 722
4 739 740 722 722
4 722 740 723 723
4 740 741 723 723
4 723 741 724 724
4 741 742 724 724
4 724 742 725 725
4 742 743 725 725
4 725 743 726 726
4 743 744 726 726
4 726 744 727 727
4 744 745 727 727
4 727 745 728 728
4 745 746 728 728
4 728 746 729 729
4 746 747 729 729
4 730 748 731 731
4 748 749 731 731
4 731 749 732 732
4 749 750 732 732
4 732 750 733 733
4 750 751 733 733
4 733 751 734 734
4 751 752 734 734
4 734 752 735 735
4 752 753 735 735
4 735 753 736 736
4 753 754 736 736
4 736 754 737 737
4 754 755 737 737
4 737 755 738 738
4 755 756 738 738
4 738 756 739 739
4 756 757 739 739
4 739 757 740 740
4 757 758 740 740
4 740 758 741 741
4 758 759 741 741
4 741 759 742 742
4 759 760 742 742
4 742 760 743 743
4 760 761 743 743
4 743 761 744 744
4 761 762 744 744
4 744 762 745 745
4 762 763 745 745
4 745 763 746 746
4 763 764 746 746
4 746 764 747 747
4 764 765 747 747
4 748 766 749 749
4 766 767 749 749
4 749 767 750 750
4 767 768 750 750
4 750 768 751 751
4 768 769 751 751
4 751 769 752 752
4 769 770 752 752
4 752 770 753 753
4 770 771 753 753
4 753 771 754 754
4 771 772 754 754
4 754 772 755 755
4 772 773 755 755
4 755 773 756 756
4 773 774 756 756
4 756 774 757 757
4 774 775 757 757
4 757 775 758 758
4 775 776 758 758
4 758 776 759 759
4 776 777 759 759
4 759 777 760 760
4 777 778 760 760
4 760 778 761 761
4 778 779 761 761
4 761 779 762 762
4 779 780 762 762
4 762 780 763 763
4 780 781 763 763
4 763 781 764 764
4 781 782 764 764
4 764 782 765 765
4 782 783 765 765
4 766 784 767 767
4 784 785 767 767
4 767 785 768 768
4 785 786 768 768
4 768 786 769 769
4 786 787 769 769
4 769 787 770 770
4 787 788 770 770
4 770 788 771 771
4 788 789 771 771
4 771 789 772 772
4 789 790 772 772
4 772 790 773 773
4 790 791 773 773
4 773 791 774 774
4 791 792 774 774
4 774 792 775 775
4 792 793 775 775
4 775 793 776 776
4 793 794 776 776
4 776 794 777 777
4 794 795 777 777
4 777 795 778 778
4 795 796 778 778
4 778 796 779 779
4 796 797 779 779
4 779 797 780 780
4 797 798 780 780
4 780 798 781 781
4 798 799 781 781
4 781 799 782 782
4 799 800 782 782
4 782 800 783 783
4 800 801 783 783
4 784 802 785 785
4 802 803 785 785
4 785 803 786 786
4 803 804 786 786
4 786 804 787 787
4 804 805 787 787
4 787 805 788 788
4 805 806 788 788
4 788 806 789 789
4 806 807 789 789
4 789 807 790 790
4 807 808 790 790
4 790 808 791 791
4 808 809 791 791
4 791 809 792 792
4 809 810 792 792
4 792 810 793 793
4 810 811 793 793
4 793 811 794 794
4 811 812 794 794
4 794 812 795 795
4 812 813 795 795
4 795 813 796 796
4 813 814 796 796
4 796 814 797 797
4 814 815 797 797
4 797 815 798 798
4 815 816 798 798
4 798 816 799 799
4 816 817 799 799
4 799 817 800 800
4 817 818 800 800
4 800 818 801 801
4 818 819 801 801
4 802 820 803 803
4 820 821 803 803
4 803 821 804 804
4 821 822 804 804
4 804 822 805 805
4 822 823 805 805
4 805 823 806 806
4 823 824 806 806
4 806 824 807 807
4 824 825 807 807
4 807 825 808 808
4 825 826 808 808
4 808 826 809 809
4 826 827 809 809
4 809 827 810 810
4 827 828 810 810
4 810 828 811 811
4 828 829 811 811
4 811 829 812 812
4 829 830 812 812
4 812 830 813 813
4 830 831 813 813
4 813 831 814 814
4 831 832 814 814
4 814 832 815 815
4 832 833 815 815
4 815 833 816 816
4 833 834 816 816
4 816 834 817 817
4 834 835 817 817
4 817 835 818 818
4 835 836 818 818
4 818 836 819 819
4 836 837 819 819
4 820 838 821 821
4 838 839 821 821
4 821 839 822 822
4 839 840 822 822
4 822 840 823 823
4 840 841 823 823
4 823 841 824 824
4 841 842 824 824
4 824 842 825 825
4 842 843 825 825
4 825 843 826 826
4 843 844 826 826
4 826 844 827 827
4 844 845 827 827
4 827 845 828 828
4 845 846 828 828
4 828 846 829 829
4 846 847 829 829
4 829 847 830 830
4 847 848 830 830
4 830 848 831 831
4 848 849 831 831
4 831 849 832 832
4 849 850 832 832
4 832 850 833 833
4 850 851 833 833
4 833 851 834 834
4 851 852 834 834
4 834 852 835 835
4 852 853 835 835
4 835 853 836 836
4 853 854 836 836
4 836 854 837 837
4 854 855 837 837
4 654 856 655 655
4 856 857 655 655
4 655 857 672 672
4 857 503 672 672
4 672 503 560 560
4 503 502 560 560
4 560 502 558 558
4 856 673 857 857
4 673 675 857 857
4 857 675 503 503
4 675 858 503 503
4 503 858 501 501
4 859 860 674 674
4 860 861 674 674
4 674 861 675 675
4 861 862 675 675
4 675 862 858 858
4 863 864 855 855
4 864 865 855 855
4 855 865 837 837
4 865 866 837 837
4 837 866 819 819
4 866 867 819 819
4 819 867 801 801
4 867 868 801 801
4 801 868 783 783
4 868 869 783 783
4 783 869 765 765
4 869 870 765 765
4 765 870 747 747
4 870 871 747 747
4 747 871 729 729
4 871 872 729 729
4 729 872 711 711
4 872 859 711 711
4 711 859 710 710
4 859 674 710 710
4 710 674 708 708
4 674 673 708 708
4 708 673 706 706
4 673 856 706 706
4 706 856 704 704
4 856 654 704 704
4 704 654 702 702
4 654 652 702 702
4 702 652 700 700
4 652 650 700 700
4 700 650 698 698
4 650 648 698 698
4 698 648 696 696
4 648 646 696 696
4 696 646 694 694
4 646 644 694 694
4 694 644 692 692
4 644 642 692 692
4 692 642 690 690
4 642 640 690 690
4 690 640 688 688
4 640 638 688 688
4 688 638 686 686
4 638 636 686 686
4 686 636 684 684
4 636 634 684 684
4 684 634 682 682
4 634 632 682 682
4 682 632 680 680
4 632 630 680 680
4 680 630 678 678
4 630 628 678 678
4 678 628 676 676
4 628 626 676 676
4 499 863 500 500
4 863 855 500 500
4 500 855 873 873
4 855 854 873 873
4 873 854 874 874
4 854 853 874 874
4 874 853 875 875
4 853 852 875 875
4 875 852 876 876
4 852 851 876 876
4 876 851 877 877
4 851 850 877 877
4 877 850 878 878
4 850 849 878 878
4 878 849 879 879
4 849 848 879 879
4 879 848 880 880
4 848 847 880 880
4 880 847 881 881
4 847 846 881 881
4 881 846 882 882
4 846 845 882 882
4 882 845 883 883
4 845 844 883 883
4 883 844 884 884
4 844 843 884 884
4 884 843 885 885
4 843 842 885 885
4 885 842 886 886
4 842 841 886 886
4 886 841 887 887
4 841 840 887 887
4 887 840 888 888
4 840 839 888 888
4 888 839 889 889
4 839 838 889 889
4 496 498 497 497
4 498 500 497 497
4 497 500 890 890
4 500 873 890 890
4 890 873 891 891
4 873 874 891 891
4 891 874 892 892
4 874 875 892 892
4 892 875 893 893
4 875 876 893 893
4 893 876 894 894
4 876 877 894 894
4 894 877 895 895
4 877 878 895 895
4 895 878 896 896
4 878 879 896 896
4 896 879 897 897
4 879 880 897 897
4 897 880 898 898
4 880 881 898 898
4 898 881 899 899
4 881 882 899 899
4 899 882 900 900
4 882 883 900 900
4 900 883 901 901
4 883 884 901 901
4 901 884 902 902
4 884 885 902 902
4 902 885 903 903
4 885 886 903 903
4 903 886 904 904
4 886 887 904 904
4 904 887 905 905
4 887 888 905 905
4 905 888 906 906
4 888 889 906 906
4 493 495 494 494
4 495 497 494 494
4 494 497 907 907
4 497 890 907 907
4 907 890 908 908
4 890 891 908 908
4 908 891 909 909
4 891 892 909 909
4 909 892 910 910
4 892 893 910 910
4 910 893 911 911
4 893 894 911 911
4 911 894 912 912
4 894 895 912 912
4 912 895 913 913
4 895 896 913 913
4 913 896 914 914
4 896 897 914 914
4 914 897 915 915
4 897 898 915 915
4 915 898 916 916
4 898 899 916 916
4 916 899 917 917
4 899 900 917 917
4 917 900 918 918
4 900 901 918 918
4 918 901 919 919
4 901 902 919 919
4 919 902 920 920
4 902 903 920 920
4 920 903 921 921
4 903 904 921 921
4 921 904 922 922
4 904 905 922 922
4 922 905 923 923
4 905 906 923 923
4 566 492 568 568
4 492 494 568 568
4 568 494 571 571
4 494 907 571 571
4 571 907 574 574
4 907 908 574 574
4 574 908 577 577
4 908 909 577 577
4 577 909 579 579
4 909 910 579 579
4 579 910 582 582
4 910 911 582 582
4 582 911 585 585
4 911 912 585 585
4 585 912 590 590
4 912 913 590 590
4 590 913 594 594
4 913 914 594 594
4 594 914 597 597
4 914 915 597 597
4 597 915 600 600
4 915 916 600 600
4 600 916 602 602
4 916 917 602 602
4 602 917 607 607
4 917 918 607 607
4 607 918 610 610
4 918 919 610 610
4 610 919 615 615
4 919 920 615 615
4 615 920 612 612
4 920 921 612 612
4 612 921 619 619
4 921 922 619 619
4 619 922 620 620
4 922 923 620 620
4 561 924 925 925
4 561 925 562 562
4 509 511 925 925
4 511 512 925 925
4 925 512 514 514
4 925 926 504 504
4 555 554 925 925
4 554 552 925 925
4 504 506 925 925
4 506 508 925 925
4 925 508 509 509
4 522 528 925 925
4 528 527 925 925
4 925 527 525 525
4 535 537 925 925
4 537 544 925 925
4 925 544 543 543
4 548 547 925 925
4 552 564 925 925
4 564 563 925 925
4 925 563 562 562
4 514 515 925 925
4 515 517 925 925
4 925 517 520 520
4 525 524 925 925
4 524 529 925 925
4 925 529 531 531
4 547 557 925 925
4 557 556 925 925
4 925 556 555 555
4 520 519 925 925
4 519 523 925 925
4 925 523 522 522
4 531 532 925 925
4 532 534 925 925
4 925 534 535 535
4 543 542 925 925
4 542 540 925 925
4 925 540 539 539
4 539 550 925 925
4 550 549 925 925
4 925 549 548 548
4 561 559 924 924
4 559 927 924 924
4 559 558 927 927
4 558 502 927 927
4 927 502 928 928
4 502 501 928 928
4 501 858 928 928
4 928 858 929 929
4 858 862 929 929
4 862 861 929 929
4 929 861 930 930
4 861 860 930 930
4 860 859 930 930
4 930 859 931 931
4 859 872 931 931
4 931 872 932 932
4 872 871 932 932
4 932 871 933 933
4 871 870 933 933
4 933 870 934 934
4 870 869 934 934
4 934 869 935 935
4 869 868 935 935
4 935 868 936 936
4 868 867 936 936
4 936 867 937 937
4 867 866 937 937
4 937 866 938 938
4 866 865 938 938
4 938 865 939 939
4 865 864 939 939
4 939 864 940 940
4 864 863 940 940
4 940 863 941 941
4 863 942 941 941
4 863 499 942 942
4 499 498 942 942
4 942 498 943 943
4 498 496 943 943
4 496 495 943 943
4 943 495 944 944
4 495 493 944 944
4 493 492 944 944
4 944 492 945 945
4 492 566 945 945
4 945 566 565 565
4 622 621 578 578
4 621 946 578 578
4 578 946 576 576
4 570 572 946 946
4 572 573 946 946
4 573 575 946 946
4 946 575 576 576
4 586 592 616 616
4 616 605 604 604
4 596 598 616 616
4 578 614 613 613
4 947 945 946 946
4 945 565 946 946
4 565 567 946 946
4 567 569 946 946
4 946 569 570 570
4 580 584 616 616
4 598 599 616 616
4 599 601 616 616
4 616 601 605 605
4 613 624 578 578
4 624 623 578 578
4 578 623 622 622
4 584 583 616 616
4 583 587 616 616
4 616 587 586 586
4 592 591 616 616
4 591 589 616 616
4 616 589 588 588
4 603 606 608 608
4 611 618 604 604
4 618 617 604 604
4 604 617 616 616
4 614 578 616 616
4 578 581 616 616
4 616 581 580 580
4 588 593 616 616
4 593 595 616 616
4 616 595 596 596
4 603 608 604 604
4 608 609 604 604
4 604 609 611 611
4 945 947 944 944
4 947 948 944 944
4 944 948 943 943
4 948 949 943 943
4 943 949 942 942
4 949 950 942 942
4 942 950 941 941
4 950 951 941 941
4 941 951 940 940
4 951 952 940 940
4 940 952 939 939
4 952 953 939 939
4 939 953 938 938
4 953 954 938 938
4 938 954 937 937
4 954 955 937 937
4 937 955 936 936
4 955 956 936 936
4 936 956 935 935
4 956 957 935 935
4 935 957 934 934
4 957 958 934 934
4 934 958 933 933
4 958 959 933 933
4 933 959 932 932
4 959 960 932 932
4 932 960 931 931
4 960 961 931 931
4 931 961 930 930
4 961 962 930 930
4 930 962 929 929
4 962 963 929 929
4 929 963 928 928
4 963 964 928 928
4 928 964 927 927
4 964 965 927 927
4 927 965 924 924
4 965 925 924 924
4 947 946 966 966
4 947 966 948 948
4 966 967 948 948
4 948 967 949 949
4 967 968 949 949
4 949 968 950 950
4 968 969 950 950
4 950 969 951 951
4 969 970 951 951
4 951 970 952 952
4 970 971 952 952
4 952 971 953 953
4 971 972 953 953
4 953 972 954 954
4 972 973 954 954
4 954 973 955 955
4 973 974 955 955
4 955 974 956 956
4 974 975 956 956
4 956 975 957 957
4 975 976 957 957
4 957 976 958 958
4 976 977 958 958
4 958 977 959 959
4 977 978 959 959
4 959 978 960 960
4 978 979 960 960
4 960 979 961 961
4 979 980 961 961
4 961 980 962 962
4 980 981 962 962
4 962 981 963 963
4 981 982 963 963
4 963 982 964 964
4 982 983 964 964
4 964 983 965 965
4 983 926 965 965
4 965 926 925 925
4 504 926 505 505
4 926 983 505 505
4 505 983 656 656
4 983 982 656 656
4 656 982 625 625
4 982 981 625 625
4 625 981 626 626
4 981 980 626 626
4 626 980 676 676
4 980 979 676 676
4 676 979 677 677
4 979 978 677 677
4 677 978 712 712
4 978 977 712 712
4 712 977 730 730
4 977 976 730 730
4 730 976 748 748
4 976 975 748 748
4 748 975 766 766
4 975 974 766 766
4 766 974 784 784
4 974 973 784 784
4 784 973 802 802
4 973 972 802 802
4 802 972 820 820
4 972 971 820 820
4 820 971 838 838
4 971 970 838 838
4 838 970 889 889
4 970 969 889 889
4 889 969 906 906
4 969 968 906 906
4 906 968 923 923
4 968 967 923 923
4 923 967 620 620
4 967 966 620 620
4 620 966 621 621
4 966 946 621 621
4 984 985 986 986
4 985 987 986 986
4 986 987 988 988
4 987 989 988 988
4 988 989 990 990
4 989 991 990 990
4 990 991 992 992
4 991 993 992 992
4 992 993 994 994
4 993 995 994 994
4 994 995 996 996
4 995 997 996 996
4 996 997 998 998
4 997 999 998 998
4 998 999 1000 1000
4 999 1001 1000 1000
4 1000 1001 1002 1002
4 1001 1003 1002 1002
4 1002 1003 1004 1004
4 1003 1005 1004 1004
4 1004 1005 1006 1006
4 1005 1007 1006 1006
4 1006 1007 1008 1008
4 1007 1009 1008 1008
4 1008 1009 1010 1010
4 1009 1011 1010 1010
4 1010 1011 1012 1012
4 1011 1013 1012 1012
4 1012 1013 1014 1014
4 1013 1015 1014 1014
4 1014 1015 1016 1016
4 1015 1017 1016 1016
4 1016 1017 1018 1018
4 1017 1019 1018 1018
4 1018 1019 1020 1020
4 1019 1021 1020 1020
4 1020 1021 1022 1022
4 1021 1023 1022 1022
4 1022 1023 1024 1024
4 1023 1025 1024 1024
4 1024 1025 1026 1026
4 1025 1027 1026 1026
4 1026 1027 1028 1028
4 1027 1029 1028 1028
4 1028 1029 1030 1030
4 1029 1031 1030 1030
4 1030 1031 1032 1032
4 1031 1033 1032 1032
4 1032 1033 1034 1034
4 1033 1035 1034 1034
4 1034 1035 1036 1036
4 1035 1037 1036 1036
4 1036 1037 1038 1038
4 1037 1039 1038 1038
4 1038 1039 1040 1040
4 1039 1041 1040 1040
4 1040 1041 1042 1042
4 1041 1043 1042 1042
4 1042 1043 1044 1044
4 1043 1045 1044 1044
4 1044 1045 1046 1046
4 1045 1047 1046 1046
4 1046 1047 1048 1048
4 1047 1049 1048 1048
4 1048 1049 1050 1050
4 1049 1051 1050 1050
4 1050 1051 1052 1052
4 1051 1053 1052 1052
4 1052 1053 1054 1054
4 1053 1055 1054 1054
4 1054 1055 1056 1056
4 1055 1057 1056 1056
4 1056 1057 1058 1058
4 1057 1059 1058 1058
4 1058 1059 1060 1060
4 1059 1061 1060 1060
4 1060 1061 1062 1062
4 1061 1063 1062 1062
4 1062 1063 1064 1064
4 1063 1065 1064 1064
4 1064 1065 1066 1066
4 1065 1067 1066 1066
4 1066 1067 1068 1068
4 1067 1069 1068 1068
4 1068 1069 1070 1070
4 1069 1071 1070 1070
4 1070 1071 1072 1072
4 1071 1073 1072 1072
4 1072 1073 1074 1074
4 1073 1075 1074 1074
4 1074 1075 1076 1076
4 1075 1077 1076 1076
4 1076 1077 1078 1078
4 1077 1079 1078 1078
4 1078 1079 1080 1080
4 1079 1081 1080 1080
4 1080 1081 1082 1082
4 1081 1083 1082 1082
4 1082 1083 1084 1084
4 1083 1085 1084 1084
4 1084 1085 1086 1086
4 1085 1087 1086 1086
4 1086 1087 1088 1088
4 1087 1089 1088 1088
4 1088 1089 1090 1090
4 1089 1091 1090 1090
4 1090 1091 1092 1092
4 1091 1093 1092 1092
4 1092 1093 1094 1094
4 1093 1095 1094 1094
4 1094 1095 1096 1096
4 1095 1097 1096 1096
4 1096 1097 1098 1098
4 1097 1099 1098 1098
4 1098 1099 1100 1100
4 1099 1101 1100 1100
4 1100 1101 1102 1102
4 1101 1103 1102 1102
4 1102 1103 1104 1104
4 1103 1105 1104 1104
4 1104 1105 1106 1106
4 1105 1107 1106 1106
4 1106 1107 1108 1108
4 1107 1109 1108 1108
4 1108 1109 1110 1110
4 1109 1111 1110 1110
4 1110 1111 1112 1112
4 1111 1113 1112 1112
4 1112 1113 1114 1114
4 1113 1115 1114 1114
4 1114 1115 1116 1116
4 1115 1117 1116 1116
4 1116 1117 1118 1118
4 1117 1119 1118 1118
4 1118 1119 1120 1120
4 1119 1121 1120 1120
4 1120 1121 1122 1122
4 1121 1123 1122 1122
4 1122 1123 1124 1124
4 1123 1125 1124 1124
4 1124 1125 1126 1126
4 1125 1127 1126 1126
4 1126 1127 984 984
4 1127 985 984 984
4 1128 1129 1130 1130
4 1129 1131 1130 1130
4 1130 1131 1132 1132
4 1131 1133 1132 1132
4 1132 1133 1134 1134
4 1133 1135 1134 1134
4 1134 1135 1136 1136
4 1135 1137 1136 1136
4 1136 1137 1138 1138
4 1137 1139 1138 1138
4 1138 1139 1140 1140
4 1139 1141 1140 1140
4 1140 1141 1142 1142
4 1141 1143 1142 1142
4 1142 1143 1144 1144
4 1143 1145 1144 1144
4 1144 1145 1146 1146
4 1145 1147 1146 1146
4 1146 1147 1148 1148
4 1147 1149 1148 1148
4 1148 1149 1150 1150
4 1149 1151 1150 1150
4 1150 1151 1152 1152
4 1151 1153 1152 1152
4 1152 1153 1154 1154
4 1153 1155 1154 1154
4 1154 1155 1156 1156
4 1155 1157 1156 1156
4 1156 1157 1158 1158
4 1157 1159 1158 1158
4 1158 1159 1160 1160
4 1159 1161 1160 1160
4 1160 1161 1162 1162
4 1161 1163 1162 1162
4 1162 1163 1164 1164
4 1163 1165 1164 1164
4 1164 1165 1166 1166
4 1165 1167 1166 1166
4 1166 1167 1168 1168
4 1167 1169 1168 1168
4 1168 1169 1170 1170
4 1169 1171 1170 1170
4 1170 1171 1172 1172
4 1171 1173 1172 1172
4 1172 1173 1174 1174
4 1173 1175 1174 1174
4 1174 1175 1176 1176
4 1175 1177 1176 1176
4 1176 1177 1178 1178
4 1177 1179 1178 1178
4 1178 1179 1180 1180
4 1179 1181 1180 1180
4 1180 1181 1182 1182
4 1181 1183 1182 1182
4 1182 1183 1184 1184
4 1183 1185 1184 1184
4 1184 1185 1186 1186
4 1185 1187 1186 1186
4 1186 1187 1188 1188
4 1187 1189 1188 1188
4 1188 1189 1190 1190
4 1189 1191 1190 1190
4 1190 1191 1192 1192
4 1191 1193 1192 1192
4 1192 1193 1194 1194
4 1193 1195 1194 1194
4 1194 1195 1196 1196
4 1195 1197 1196 1196
4 1196 1197 1198 1198
4 1197 1199 1198 1198
4 1198 1199 1200 1200
4 1199 1201 1200 1200
4 1200 1201 1202 1202
4 1201 1203 1202 1202
4 1202 1203 1204 1204
4 1203 1205 1204 1204
4 1204 1205 1206 1206
4 1205 1207 1206 1206
4 1206 1207 1208 1208
4 1207 1209 1208 1208
4 1208 1209 1210 1210
4 1209 1211 1210 1210
4 1210 1211 1212 1212
4 1211 1213 1212 1212
4 1212 1213 1214 1214
4 1213 1215 1214 1214
4 1214 1215 1216 1216
4 1215 1217 1216 1216
4 1216 1217 1218 1218
4 1217 1219 1218 1218
4 1218 1219 1220 1220
4 1219 1221 1220 1220
4 1220 1221 1222 1222
4 1221 1223 1222 1222
4 1222 1223 1224 1224
4 1223 1225 1224 1224
4 1224 1225 1226 1226
4 1225 1227 1226 1226
4 1226 1227 1228 1228
4 1227 1229 1228 1228
4 1228 1229 1230 1230
4 1229 1231 1230 1230
4 1230 1231 1232 1232
4 1231 1233 1232 1232
4 1232 1233 1234 1234
4 1233 1235 1234 1234
4 1234 1235 1236 1236
4 1235 1237 1236 1236
4 1236 1237 1238 1238
4 1237 1239 1238 1238
4 1238 1239 1240 1240
4 1239 1241 1240 1240
4 1240 1241 1242 1242
4 1241 1243 1242 1242
4 1242 1243 1244 1244
4 1243 1245 1244 1244
4 1244 1245 1246 1246
4 1245 1247 1246 1246
4 1246 1247 1248 1248
4 1247 1249 1248 1248
4 1248 1249 1250 1250
4 1249 1251 1250 1250
4 1250 1251 1252 1252
4 1251 1253 1252 1252
4 1252 1253 1254 1254
4 1253 1255 1254 1254
4 1254 1255 1256 1256
4 1255 1257 1256 1256
4 1256 1257 1258 1258
4 1257 1259 1258 1258
4 1258 1259 1260 1260
4 1259 1261 1260 1260
4 1260 1261 1262 1262
4 1261 1263 1262 1262
4 1262 1263 1264 1264
4 1263 1265 1264 1264
4 1264 1265 1266 1266
4 1265 1267 1266 1266
4 1266 1267 1268 1268
4 1267 1269 1268 1268
4 1268 1269 1270 1270
4 1269 1271 1270 1270
4 1270 1271 1128 1128
4 1271 1129 1128 1128
4 1271 1272 1129 1129
4 1272 1273 1129 1129
4 1129 1273 1131 1131
4 1273 1274 1131 1131
4 1131 1274 1133 1133
4 1274 1275 1133 1133
4 1133 1275 1135 1135
4 1275 1276 1135 1135
4 1135 1276 1137 1137
4 1276 1277 1137 1137
4 1137 1277 1139 1139
4 1277 1278 1139 1139
4 1139 1278 1141 1141
4 1278 1279 1141 1141
4 1141 1279 1143 1143
4 1279 1280 1143 1143
4 1143 1280 1145 1145
4 1280 1281 1145 1145
4 1145 1281 1147 1147
4 1281 1282 1147 1147
4 1147 1282 1149 1149
4 1282 1283 1149 1149
4 1149 1283 1151 1151
4 1283 1284 1151 1151
4 1151 1284 1153 1153
4 1284 1285 1153 1153
4 1153 1285 1155 1155
4 1285 1286 1155 1155
4 1155 1286 1157 1157
4 1286 1287 1157 1157
4 1157 1287 1159 1159
4 1287 1288 1159 1159
4 1159 1288 1161 1161
4 1288 1289 1161 1161
4 1161 1289 1163 1163
4 1289 1290 1163 1163
4 1163 1290 1165 1165
4 1290 1291 1165 1165
4 1165 1291 1167 1167
4 1291 1292 1167 1167
4 1167 1292 1169 1169
4 1292 1293 1169 1169
4 1169 1293 1171 1171
4 1293 1294 1171 1171
4 1171 1294 1173 1173
4 1294 1295 1173 1173
4 1173 1295 1175 1175
4 1295 1296 1175 1175
4 1175 1296 1177 1177
4 1296 1297 1177 1177
4 1177 1297 1179 1179
4 1297 1298 1179 1179
4 1179 1298 1181 1181
4 1298 1299 1181 1181
4 1181 1299 1183 1183
4 1299 1300 1183 1183
4 1183 1300 1185 1185
4 1300 1301 1185 1185
4 1185 1301 1187 1187
4 1301 1302 1187 1187
4 1187 1302 1189 1189
4 1302 1303 1189 1189
4 1189 1303 1191 1191
4 1303 1304 1191 1191
4 1191 1304 1193 1193
4 1304 1305 1193 1193
4 1193 1305 1195 1195
4 1305 1306 1195 1195
4 1195 1306 1197 1197
4 1306 1307 1197 1197
4 1197 1307 1199 1199
4 1307 1308 1199 1199
4 1199 1308 1201 1201
4 1308 1309 1201 1201
4 1201 1309 1203 1203
4 1309 1310 1203 1203
4 1203 1310 1205 1205
4 1310 1311 1205 1205
4 1205 1311 1207 1207
4 1311 1312 1207 1207
4 1207 1312 1209 1209
4 1312 1313 1209 1209
4 1209 1313 1211 1211
4 1313 1314 1211 1211
4 1211 1314 1213 1213
4 1314 1315 1213 1213
4 1213 1315 1215 1215
4 1315 1316 1215 1215
4 1215 1316 1217 1217
4 1316 1317 1217 1217
4 1217 1317 1219 1219
4 1317 1318 1219 1219
4 1219 1318 1221 1221
4 1318 1319 1221 1221
4 1221 1319 1223 1223
4 1319 1320 1223 1223
4 1223 1320 1225 1225
4 1320 1321 1225 1225
4 1225 1321 1227 1227
4 1321 1322 1227 1227
4 1227 1322 1229 1229
4 1322 1323 1229 1229
4 1229 1323 1231 1231
4 1323 1324 1231 1231
4 1231 1324 1233 1233
4 1324 1325 1233 1233
4 1233 1325 1235 1235
4 1325 1326 1235 1235
4 1235 1326 1237 1237
4 1326 1327 1237 1237
4 1237 1327 1239 1239
4 1327 1328 1239 1239
4 1239 1328 1241 1241
4 1328 1329 1241 1241
4 1241 1329 1243 1243
4 1329 1330 1243 1243
4 1243 1330 1245 1245
4 1330 1331 1245 1245
4 1245 1331 1247 1247
4 1331 1332 1247 1247
4 1247 1332 1249 1249
4 1332 1333 1249 1249
4 1249 1333 1251 1251
4 1333 1334 1251 1251
4 1251 1334 1253 1253
4 1334 1335 1253 1253
4 1253 1335 1255 1255
4 1335 1336 1255 1255
4 1255 1336 1257 1257
4 1336 1337 1257 1257
4 1257 1337 1259 1259
4 1337 1338 1259 1259
4 1259 1338 1261 1261
4 1338 1339 1261 1261
4 1261 1339 1263 1263
4 1339 1340 1263 1263
4 1263 1340 1265 1265
4 1340 1341 1265 1265
4 1265 1341 1267 1267
4 1341 1342 1267 1267
4 1267 1342 1269 1269
4 1342 1343 1269 1269
4 1269 1343 1271 1271
4 1343 1272 1271 1271
4 1343 1344 1272 1272
4 1344 1345 1272 1272
4 1272 1345 1273 1273
4 1345 1346 1273 1273
4 1273 1346 1274 1274
4 1346 1347 1274 1274
4 1274 1347 1275 1275
4 1347 1348 1275 1275
4 1275 1348 1276 1276
4 1348 1349 1276 1276
4 1276 1349 1277 1277
4 1349 1350 1277 1277
4 1277 1350 1278 1278
4 1350 1351 1278 1278
4 1278 1351 1279 1279
4 1351 1352 1279 1279
4 1279 1352 1280 1280
4 1352 1353 1280 1280
4 1280 1353 1281 1281
4 1353 1354 1281 1281
4 1281 1354 1282 1282
4 1354 1355 1282 1282
4 1282 1355 1283 1283
4 1355 1356 1283 1283
4 1283 1356 1284 1284
4 1356 1357 1284 1284
4 1284 1357 1285 1285
4 1357 1358 1285 1285
4 1285 1358 1286 1286
4 1358 1359 1286 1286
4 1286 1359 1287 1287
4 1359 1360 1287 1287
4 1287 1360 1288 1288
4 1360 1361 1288 1288
4 1288 1361 1289 1289
4 1361 1362 1289 1289
4 1289 1362 1290 1290
4 1362 1363 1290 1290
4 1290 1363 1291 1291
4 1363 1364 1291 1291
4 1291 1364 1292 1292
4 1364 1365 1292 1292
4 1292 1365 1293 1293
4 1365 1366 1293 1293
4 1293 1366 1294 1294
4 1366 1367 1294 1294
4 1294 1367 1295 1295
4 1367 1368 1295 1295
4 1295 1368 1296 1296
4 1368 1369 1296 1296
4 1296 1369 1297 1297
4 1369 1370 1297 1297
4 1297 1370 1298 1298
4 1370 1371 1298 1298
4 1298 1371 1299 1299
4 1371 1372 1299 1299
4 1299 1372 1300 1300
4 1372 1373 1300 1300
4 1300 1373 1301 1301
4 1373 1374 1301 1301
4 1301 1374 1302 1302
4 1374 1375 1302 1302
4 1302 1375 1303 1303
4 1375 1376 1303 1303
4 1303 1376 1304 1304
4 1376 1377 1304 1304
4 1304 1377 1305 1305
4 1377 1378 1305 1305
4 1305 1378 1306 1306
4 1378 1379 1306 1306
4 1306 1379 1307 1307
4 1379 1380 1307 1307
4 1307 1380 1308 1308
4 1380 1381 1308 1308
4 1308 1381 1309 1309
4 1381 1382 1309 1309
4 1309 1382 1310 1310
4 1382 1383 1310 1310
4 1310 1383 1311 1311
4 1383 1384 1311 1311
4 1311 1384 1312 1312
4 1384 1385 1312 1312
4 1312 1385 1313 1313
4 1385 1386 1313 1313
4 1313 1386 1314 1314
4 1386 1387 1314 1314
4 1314 1387 1315 1315
4 1387 1388 1315 1315
4 1315 1388 1316 1316
4 1388 1389 1316 1316
4 1316 1389 1317 1317
4 1389 1390 1317 1317
4 1317 1390 1318 1318
4 1390 1391 1318 1318
4 1318 1391 1319 1319
4 1391 1392 1319 1319
4 1319 1392 1320 1320
4 1392 1393 1320 1320
4 1320 1393 1321 1321
4 1393 1394 1321 1321
4 1321 1394 1322 1322
4 1394 1395 1322 1322
4 1322 1395 1323 1323
4 1395 1396 1323 1323
4 1323 1396 1324 1324
4 1396 1397 1324 1324
4 1324 1397 1325 1325
4 1397 1398 1325 1325
4 1325 1398 1326 1326
4 1398 1399 1326 1326
4 1326 1399 1327 1327
4 1399 1400 1327 1327
4 1327 1400 1328 1328
4 1400 1401 1328 1328
4 1328 1401 1329 1329
4 1401 1402 1329 1329
4 1329 1402 1330 1330
4 1402 1403 1330 1330
4 1330 1403 1331 1331
4 1403 1404 1331 1331
4 1331 1404 1332 1332
4 1404 1405 1332 1332
4 1332 1405 1333 1333
4 1405 1406 1333 1333
4 1333 1406 1334 1334
4 1406 1407 1334 1334
4 1334 1407 1335 1335
4 1407 1408 1335 1335
4 1335 1408 1336 1336
4 1408 1409 1336 1336
4 1336 1409 1337 1337
4 1409 1410 1337 1337
4 1337 1410 1338 1338
4 1410 1411 1338 1338
4 1338 1411 1339 1339
4 1411 1412 1339 1339
4 1339 1412 1340 1340
4 1412 1413 1340 1340
4 1340 1413 1341 1341
4 1413 1414 1341 1341
4 1341 1414 1342 1342
4 1414 1415 1342 1342
4 1342 1415 1343 1343
4 1415 1344 1343 1343
4 987 985 1416 1416
4 985 1127 1416 1416
4 1416 1127 1125 1125
4 993 991 1416 1416
4 991 989 1416 1416
4 1416 989 987 987
4 999 997 1416 1416
4 997 995 1416 1416
4 1416 995 993 993
4 1005 1003 1416 1416
4 1003 1001 1416 1416
4 1416 1001 999 999
4 1011 1009 1416 1416
4 1009 1007 1416 1416
4 1416 1007 1005 1005
4 1017 1015 1416 1416
4 1015 1013 1416 1416
4 1416 1013 1011 1011
4 1023 1021 1416 1416
4 1021 1019 1416 1416
4 1416 1019 1017 1017
4 1029 1027 1416 1416
4 1027 1025 1416 1416
4 1416 1025 1023 1023
4 1035 1033 1416 1416
4 1033 1031 1416 1416
4 1416 1031 1029 1029
4 1041 1039 1416 1416
4 1039 1037 1416 1416
4 1416 1037 1035 1035
4 1047 1045 1416 1416
4 1045 1043 1416 1416
4 1416 1043 1041 1041
4 1053 1051 1416 1416
4 1051 1049 1416 1416
4 1416 1049 1047 1047
4 1059 1057 1416 1416
4 1057 1055 1416 1416
4 1416 1055 1053 1053
4 1065 1063 1416 1416
4 1063 1061 1416 1416
4 1416 1061 1059 1059
4 1071 1069 1416 1416
4 1069 1067 1416 1416
4 1416 1067 1065 1065
4 1077 1075 1416 1416
4 1075 1073 1416 1416
4 1416 1073 1071 1071
4 1083 1081 1416 1416
4 1081 1079 1416 1416
4 1416 1079 1077 1077
4 1089 1087 1416 1416
4 1087 1085 1416 1416
4 1416 1085 1083 1083
4 1095 1093 1416 1416
4 1093 1091 1416 1416
4 1416 1091 1089 1089
4 1101 1099 1416 1416
4 1099 1097 1416 1416
4 1416 1097 1095 1095
4 1107 1105 1416 1416
4 1105 1103 1416 1416
4 1416 1103 1101 1101
4 1113 1111 1416 1416
4 1111 1109 1416 1416
4 1416 1109 1107 1107
4 1119 1117 1416 1416
4 1117 1115 1416 1416
4 1416 1115 1113 1113
4 1125 1123 1416 1416
4 1123 1121 1416 1416
4 1416 1121 1119 1119
4 1417 1418 1419 1419
4 1417 1419 1420 1420
4 1421 1420 1419 1419
4 1422 1421 1419 1419
4 1423 1422 1419 1419
4 1424 1423 1419 1419
4 1425 1424 1419 1419
4 1426 1425 1419 1419
4 1427 1426 1419 1419
4 1428 1427 1419 1419
4 1429 1428 1419 1419
4 1430 1429 1419 1419
4 1431 1430 1419 1419
4 1432 1431 1419 1419
4 1433 1432 1419 1419
4 1434 1433 1419 1419
4 1435 1434 1419 1419
4 1436 1435 1419 1419
4 1437 1436 1419 1419
4 1438 1437 1419 1419
4 1439 1438 1419 1419
4 1440 1439 1419 1419
4 1441 1440 1419 1419
4 1442 1441 1419 1419
4 1443 1442 1419 1419
4 1444 1443 1419 1419
4 1445 1444 1419 1419
4 1446 1445 1419 1419
4 1447 1446 1419 1419
4 1448 1447 1419 1419
4 1449 1448 1419 1419
4 1450 1449 1419 1419
4 1451 1450 1419 1419
4 1452 1451 1419 1419
4 1453 1452 1419 1419
4 1454 1453 1419 1419
4 1455 1454 1419 1419
4 1456 1455 1419 1419
4 1457 1456 1419 1419
4 1458 1457 1419 1419
4 1459 1458 1419 1419
4 1460 1459 1419 1419
4 1461 1460 1419 1419
4 1462 1461 1419 1419
4 1463 1462 1419 1419
4 1464 1463 1419 1419
4 1465 1464 1419 1419
4 1466 1465 1419 1419
4 1467 1466 1419 1419
4 1468 1467 1419 1419
4 1469 1468 1419 1419
4 1470 1469 1419 1419
4 1471 1470 1419 1419
4 1472 1471 1419 1419
4 1473 1472 1419 1419
4 1474 1473 1419 1419
4 1475 1474 1419 1419
4 1476 1475 1419 1419
4 1477 1476 1419 1419
4 1478 1477 1419 1419
4 1479 1478 1419 1419
4 1480 1479 1419 1419
4 1481 1480 1419 1419
4 1482 1481 1419 1419
4 1483 1482 1419 1419
4 1484 1483 1419 1419
4 1485 1484 1419 1419
4 1486 1485 1419 1419
4 1487 1486 1419 1419
4 1488 1487 1419 1419
4 1489 1488 1419 1419
4 1418 1489 1419 1419
4 1489 1490 1488 1488
4 1490 1491 1488 1488
4 1488 1491 1487 1487
4 1491 1492 1487 1487
4 1487 1492 1486 1486
4 1492 1493 1486 1486
4 1486 1493 1485 1485
4 1493 1494 1485 1485
4 1485 1494 1484 1484
4 1494 1495 1484 1484
4 1484 1495 1483 1483
4 1495 1496 1483 1483
4 1483 1496 1482 1482
4 1496 1497 1482 1482
4 1482 1497 1481 1481
4 1497 1498 1481 1481
4 1481 1498 1480 1480
4 1498 1499 1480 1480
4 1480 1499 1479 1479
4 1499 1500 1479 1479
4 1479 1500 1478 1478
4 1500 1501 1478 1478
4 1478 1501 1477 1477
4 1501 1502 1477 1477
4 1477 1502 1476 1476
4 1502 1503 1476 1476
4 1476 1503 1475 1475
4 1503 1504 1475 1475
4 1475 1504 1474 1474
4 1504 1505 1474 1474
4 1474 1505 1473 1473
4 1505 1506 1473 1473
4 1473 1506 1472 1472
4 1506 1507 1472 1472
4 1472 1507 1471 1471
4 1507 1508 1471 1471
4 1471 1508 1470 1470
4 1508 1509 1470 1470
4 1470 1509 1469 1469
4 1509 1510 1469 1469
4 1469 1510 1468 1468
4 1510 1511 1468 1468
4 1468 1511 1467 1467
4 1511 1512 1467 1467
4 1467 1512 1466 1466
4 1512 1513 1466 1466
4 1466 1513 1465 1465
4 1513 1514 1465 1465
4 1465 1514 1464 1464
4 1514 1515 1464 1464
4 1464 1515 1463 1463
4 1515 1516 1463 1463
4 1463 1516 1462 1462
4 1516 1517 1462 1462
4 1462 1517 1461 1461
4 1517 1518 1461 1461
4 1461 1518 1460 1460
4 1518 1519 1460 1460
4 1460 1519 1459 1459
4 1519 1520 1459 1459
4 1459 1520 1458 1458
4 1520 1521 1458 1458
4 1458 1521 1457 1457
4 1521 1522 1457 1457
4 1457 1522 1456 1456
4 1522 1523 1456 1456
4 1456 1523 1455 1455
4 1523 1524 1455 1455
4 1455 1524 1454 1454
4 1524 1525 1454 1454
4 1454 1525 1453 1453
4 1525 1526 1453 1453
4 1453 1526 1452 1452
4 1526 1527 1452 1452
4 1452 1527 1451 1451
4 1527 1528 1451 1451
4 1451 1528 1450 1450
4 1528 1529 1450 1450
4 1450 1529 1449 1449
4 1529 1530 1449 1449
4 1449 1530 1448 1448
4 1530 1531 1448 1448
4 1448 1531 1447 1447
4 1531 1532 1447 1447
4 1447 1532 1446 1446
4 1532 1533 1446 1446
4 1446 1533 1445 1445
4 1533 1534 1445 1445
4 1445 1534 1444 1444
4 1534 1535 1444 1444
4 1444 1535 1443 1443
4 1535 1536 1443 1443
4 1443 1536 1442 1442
4 1536 1537 1442 1442
4 1442 1537 1441 1441
4 1537 1538 1441 1441
4 1441 1538 1440 1440
4 1538 1539 1440 1440
4 1440 1539 1439 1439
4 1539 1540 1439 1439
4 1439 1540 1438 1438
4 1540 1541 1438 1438
4 1438 1541 1437 1437
4 1541 1542 1437 1437
4 1437 1542 1436 1436
4 1542 1543 1436 1436
4 1436 1543 1435 1435
4 1543 1544 1435 1435
4 1435 1544 1434 1434
4 1544 1545 1434 1434
4 1434 1545 1433 1433
4 1545 1546 1433 1433
4 1433 1546 1432 1432
4 1546 1547 1432 1432
4 1432 1547 1431 1431
4 1547 1548 1431 1431
4 1431 1548 1430 1430
4 1548 1549 1430 1430
4 1430 1549 1429 1429
4 1549 1550 1429 1429
4 1429 1550 1428 1428
4 1550 1551 1428 1428
4 1428 1551 1427 1427
4 1551 1552 1427 1427
4 1427 1552 1426 1426
4 1552 1553 1426 1426
4 1426 1553 1425 1425
4 1553 1554 1425 1425
4 1425 1554 1424 1424
4 1554 1555 1424 1424
4 1424 1555 1423 1423
4 1555 1556 1423 1423
4 1423 1556 1422 1422
4 1556 1557 1422 1422
4 1422 1557 1421 1421
4 1557 1558 1421 1421
4 1421 1558 1420 1420
4 1558 1559 1420 1420
4 1420 1559 1417 1417
4 1559 1560 1417 1417
4 1417 1560 1418 1418
4 1560 1561 1418 1418
4 1418 1561 1489 1489
4 1561 1490 1489 1489
4 1490 1562 1491 1491
4 1562 1563 1491 1491
4 1491 1563 1492 1492
4 1563 1564 1492 1492
4 1492 1564 1493 1493
4 1564 1565 1493 1493
4 1493 1565 1494 1494
4 1565 1566 1494 1494
4 1494 1566 1495 1495
4 1566 1567 1495 1495
4 1495 1567 1496 1496
4 1567 1568 1496 1496
4 1496 1568 1497 1497
4 1568 1569 1497 1497
4 1497 1569 1498 1498
4 1569 1570 1498 1498
4 1498 1570 1499 1499
4 1570 1571 1499 1499
4 1499 1571 1500 1500
4 1571 1572 1500 1500
4 1500 1572 1501 1501
4 1572 1573 1501 1501
4 1501 1573 1502 1502
4 1573 1574 1502 1502
4 1502 1574 1503 1503
4 1574 1575 1503 1503
4 1503 1575 1504 1504
4 1575 1576 1504 1504
4 1504 1576 1505 1505
4 1576 1577 1505 1505
4 1505 1577 1506 1506
4 1577 1578 1506 1506
4 1506 1578 1507 1507
4 1578 1579 1507 1507
4 1507 1579 1508 1508
4 1579 1580 1508 1508
4 1508 1580 1509 1509
4 1580 1581 1509 1509
4 1509 1581 1510 1510
4 1581 1582 1510 1510
4 1510 1582 1511 1511
4 1582 1583 1511 1511
4 1511 1583 1512 1512
4 1583 1584 1512 1512
4 1512 1584 1513 1513
4 1584 1585 1513 1513
4 1513 1585 1514 1514
4 1585 1586 1514 1514
4 1514 1586 1515 1515
4 1586 1587 1515 1515
4 1515 1587 1516 1516
4 1587 1588 1516 1516
4 1516 1588 1517 1517
4 1588 1589 1517 1517
4 1517 1589 1518 1518
4 1589 1590 1518 1518
4 1518 1590 1519 1519
4 1590 1591 1519 1519
4 1519 1591 1520 1520
4 1591 1592 1520 1520
4 1520 1592 1521 1521
4 1592 1593 1521 1521
4 1521 1593 1522 1522
4 1593 1594 1522 1522
4 1522 1594 1523 1523
4 1594 1595 1523 1523
4 1523 1595 1524 1524
4 1595 1596 1524 1524
4 1524 1596 1525 1525
4 1596 1597 1525 1525
4 1525 1597 1526 1526
4 1597 1598 1526 1526
4 1526 1598 1527 1527
4 1598 1599 1527 1527
4 1527 1599 1528 1528
4 1599 1600 1528 1528
4 1528 1600 1529 1529
4 1600 1601 1529 1529
4 1529 1601 1530 1530
4 1601 1602 1530 1530
4 1530 1602 1531 1531
4 1602 1603 1531 1531
4 1531 1603 1532 1532
4 1603 1604 1532 1532
4 1532 1604 1533 1533
4 1604 1605 1533 1533
4 1533 1605 1534 1534
4 1605 1606 1534 1534
4 1534 1606 1535 1535
4 1606 1607 1535 1535
4 1535 1607 1536 1536
4 1607 1608 1536 1536
4 1536 1608 1537 1537
4 1608 1609 1537 1537
4 1537 1609 1538 1538
4 1609 1610 1538 1538
4 1538 1610 1539 1539
4 1610 1611 1539 1539
4 1539 1611 1540 1540
4 1611 1612 1540 1540
4 1540 1612 1541 1541
4 1612 1613 1541 1541
4 1541 1613 1542 1542
4 1613 1614 1542 1542
4 1542 1614 1543 1543
4 1614 1615 1543 1543
4 1543 1615 1544 1544
4 1615 1616 1544 1544
4 1544 1616 1545 1545
4 1616 1617 1545 1545
4 1545 1617 1546 1546
4 1617 1618 1546 1546
4 1546 1618 1547 1547
4 1618 1619 1547 1547
4 1547 1619 1548 1548
4 1619 1620 1548 1548
4 1548 1620 1549 1549
4 1620 1621 1549 1549
4 1549 1621 1550 1550
4 1621 1622 1550 1550
4 1550 1622 1551 1551
4 1622 1623 1551 1551
4 1551 1623 1552 1552
4 1623 1624 1552 1552
4 1552 1624 1553 1553
4 1624 1625 1553 1553
4 1553 1625 1554 1554
4 1625 1626 1554 1554
4 1554 1626 1555 1555
4 1626 1627 1555 1555
4 1555 1627 1556 1556
4 1627 1628 1556 1556
4 1556 1628 1557 1557
4 1628 1629 1557 1557
4 1557 1629 1558 1558
4 1629 1630 1558 1558
4 1558 1630 1559 1559
4 1630 1631 1559 1559
4 1559 1631 1560 1560
4 1631 1632 1560 1560
4 1560 1632 1561 1561
4 1632 1633 1561 1561
4 1561 1633 1490 1490
4 1633 1562 1490 1490
4 1562 1634 1563 1563
4 1634 1635 1563 1563
4 1563 1635 1564 1564
4 1635 1636 1564 1564
4 1564 1636 1565 1565
4 1636 1637 1565 1565
4 1565 1637 1566 1566
4 1637 1638 1566 1566
4 1566 1638 1567 1567
4 1638 1639 1567 1567
4 1567 1639 1568 1568
4 1639 1640 1568 1568
4 1568 1640 1569 1569
4 1640 1641 1569 1569
4 1569 1641 1570 1570
4 1641 1642 1570 1570
4 1570 1642 1571 1571
4 1642 1643 1571 1571
4 1571 1643 1572 1572
4 1643 1644 1572 1572
4 1572 1644 1573 1573
4 1644 1645 1573 1573
4 1573 1645 1574 1574
4 1645 1646 1574 1574
4 1574 1646 1575 1575
4 1646 1647 1575 1575
4 1575 1647 1576 1576
4 1647 1648 1576 1576
4 1576 1648 1577 1577
4 1648 1649 1577 1577
4 1577 1649 1578 1578
4 1649 1650 1578 1578
4 1578 1650 1579 1579
4 1650 1651 1579 1579
4 1579 1651 1580 1580
4 1651 1652 1580 1580
4 1580 1652 1581 1581
4 1652 1653 1581 1581
4 1581 1653 1582 1582
4 1653 1654 1582 1582
4 1582 1654 1583 1583
4 1654 1655 1583 1583
4 1583 1655 1584 1584
4 1655 1656 1584 1584
4 1584 1656 1585 1585
4 1656 1657 1585 1585
4 1585 1657 1586 1586
4 1657 1658 1586 1586
4 1586 1658 1587 1587
4 1658 1659 1587 1587
4 1587 1659 1588 1588
4 1659 1660 1588 1588
4 1588 1660 1589 1589
4 1660 1661 1589 1589
4 1589 1661 1590 1590
4 1661 1662 1590 1590
4 1590 1662 1591 1591
4 1662 1663 1591 1591
4 1591 1663 1592 1592
4 1663 1664 1592 1592
4 1592 1664 1593 1593
4 1664 1665 1593 1593
4 1593 1665 1594 1594
4 1665 1666 1594 1594
4 1594 1666 1595 1595
4 1666 1667 1595 1595
4 1595 1667 1596 1596
4 1667 1668 1596 1596
4 1596 1668 1597 1597
4 1668 1669 1597 1597
4 1597 1669 1598 1598
4 1669 1670 1598 1598
4 1598 1670 1599 1599
4 1670 1671 1599 1599
4 1599 1671 1600 1600
4 1671 1672 1600 1600
4 1600 1672 1601 1601
4 1672 1673 1601 1601
4 1601 1673 1602 1602
4 1673 1674 1602 1602
4 1602 1674 1603 1603
4 1674 1675 1603 1603
4 1603 1675 1604 1604
4 1675 1676 1604 1604
4 1604 1676 1605 1605
4 1676 1677 1605 1605
4 1605 1677 1606 1606
4 1677 1678 1606 1606
4 1606 1678 1607 1607
4 1678 1679 1607 1607
4 1607 1679 1608 1608
4 1679 1680 1608 1608
4 1608 1680 1609 1609
4 1680 1681 1609 1609
4 1609 1681 1610 1610
4 1681 1682 1610 1610
4 1610 1682 1611 1611
4 1682 1683 1611 1611
4 1611 1683 1612 1612
4 1683 1684 1612 1612
4 1612 1684 1613 1613
4 1684 1685 1613 1613
4 1613 1685 1614 1614
4 1685 1686 1614 1614
4 1614 1686 1615 1615
4 1686 1687 1615 1615
4 1615 1687 1616 1616
4 1687 1688 1616 1616
4 1616 1688 1617 1617
4 1688 1689 1617 1617
4 1617 1689 1618 1618
4 1689 1690 1618 1618
4 1618 1690 1619 1619
4 1690 1691 1619 1619
4 1619 1691 1620 1620
4 1691 1692 1620 1620
4 1620 1692 1621 1621
4 1692 1693 1621 1621
4 1621 1693 1622 1622
4 1693 1694 1622 1622
4 1622 1694 1623 1623
4 1694 1695 1623 1623
4 1623 1695 1624 1624
4 1695 1696 1624 1624
4 1624 1696 1625 1625
4 1696 1697 1625 1625
4 1625 1697 1626 1626
4 1697 1698 1626 1626
4 1626 1698 1627 1627
4 1698 1699 1627 1627
4 1627 1699 1628 1628
4 1699 1700 1628 1628
4 1628 1700 1629 1629
4 1700 1701 1629 1629
4 1629 1701 1630 1630
4 1701 1702 1630 1630
4 1630 1702 1631 1631
4 1702 1703 1631 1631
4 1631 1703 1632 1632
4 1703 1704 1632 1632
4 1632 1704 1633 1633
4 1704 1705 1633 1633
4 1633 1705 1562 1562
4 1705 1634 1562 1562
4 1634 1706 1635 1635
4 1706 1707 1635 1635
4 1635 1707 1636 1636
4 1707 1708 1636 1636
4 1636 1708 1637 1637
4 1708 1709 1637 1637
4 1637 1709 1638 1638
4 1709 1710 1638 1638
4 1638 1710 1639 1639
4 1710 1711 1639 1639
4 1639 1711 1640 1640
4 1711 1712 1640 1640
4 1640 1712 1641 1641
4 1712 1713 1641 1641
4 1641 1713 1642 1642
4 1713 1714 1642 1642
4 1642 1714 1643 1643
4 1714 1715 1643 1643
4 1643 1715 1644 1644
4 1715 1716 1644 1644
4 1644 1716 1645 1645
4 1716 1717 1645 1645
4 1645 1717 1646 1646
4 1717 1718 1646 1646
4 1646 1718 1647 1647
4 1718 1719 1647 1647
4 1647 1719 1648 1648
4 1719 1720 1648 1648
4 1648 1720 1649 1649
4 1720 1721 1649 1649
4 1649 1721 1650 1650
4 1721 1722 1650 1650
4 1650 1722 1651 1651
4 1722 1723 1651 1651
4 1651 1723 1652 1652
4 1723 1724 1652 1652
4 1652 1724 1653 1653
4 1724 1725 1653 1653
4 1653 1725 1654 1654
4 1725 1726 1654 1654
4 1654 1726 1655 1655
4 1726 1727 1655 1655
4 1655 1727 1656 1656
4 1727 1728 1656 1656
4 1656 1728 1657 1657
4 1728 1729 1657 1657
4 1657 1729 1658 1658
4 1729 1730 1658 1658
4 1658 1730 1659 1659
4 1730 1731 1659 1659
4 1659 1731 1660 1660
4 1731 1732 1660 1660
4 1660 1732 1661 1661
4 1732 1733 1661 1661
4 1661 1733 1662 1662
4 1733 1734 1662 1662
4 1662 1734 1663 1663
4 1734 1735 1663 1663
4 1663 1735 1664 1664
4 1735 1736 1664 1664
4 1664 1736 1665 1665
4 1736 1737 1665 1665
4 1665 1737 1666 1666
4 1737 1738 1666 1666
4 1666 1738 1667 1667
4 1738 1739 1667 1667
4 1667 1739 1668 1668
4 1739 1740 1668 1668
4 1668 1740 1669 1669
4 1740 1741 1669 1669
4 1669 1741 1670 1670
4 1741 1742 1670 1670
4 1670 1742 1671 1671
4 1742 1743 1671 1671
4 1671 1743 1672 1672
4 1743 1744 1672 1672
4 1672 1744 1673 1673
4 1744 1745 1673 1673
4 1673 1745 1674 1674
4 1745 1746 1674 1674
4 1674 1746 1675 1675
4 1746 1747 1675 1675
4 1675 1747 1676 1676
4 1747 1748 1676 1676
4 1676 1748 1677 1677
4 1748 1749 1677 1677
4 1677 1749 1678 1678
4 1749 1750 1678 1678
4 1678 1750 1679 1679
4 1750 1751 1679 1679
4 1679 1751 1680 1680
4 1751 1752 1680 1680
4 1680 1752 1681 1681
4 1752 1753 1681 1681
4 1681 1753 1682 1682
4 1753 1754 1682 1682
4 1682 1754 1683 1683
4 1754 1755 1683 1683
4 1683 1755 1684 1684
4 1755 1756 1684 1684
4 1684 1756 1685 1685
4 1756 1757 1685 1685
4 1685 1757 1686 1686
4 1757 1758 1686 1686
4 1686 1758 1687 1687
4 1758 1759 1687 1687
4 1687 1759 1688 1688
4 1759 1760 1688 1688
4 1688 1760 1689 1689
4 1760 1761 1689 1689
4 1689 1761 1690 1690
4 1761 1762 1690 1690
4 1690 1762 1691 1691
4 1762 1763 1691 1691
4 1691 1763 1692 1692
4 1763 1764 1692 1692
4 1692 1764 1693 1693
4 1764 1765 1693 1693
4 1693 1765 1694 1694
4 1765 1766 1694 1694
4 1694 1766 1695 1695
4 1766 1767 1695 1695
4 1695 1767 1696 1696
4 1767 1768 1696 1696
4 1696 1768 1697 1697
4 1768 1769 1697 1697
4 1697 1769 1698 1698
4 1769 1770 1698 1698
4 1698 1770 1699 1699
4 1770 1771 1699 1699
4 1699 1771 1700 1700
4 1771 1772 1700 1700
4 1700 1772 1701 1701
4 1772 1773 1701 1701
4 1701 1773 1702 1702
4 1773 1774 1702 1702
4 1702 1774 1703 1703
4 1774 1775 1703 1703
4 1703 1775 1704 1704
4 1775 1776 1704 1704
4 1704 1776 1705 1705
4 1776 1777 1705 1705
4 1705 1777 1634 1634
4 1777 1706 1634 1634
4 1706 1778 1707 1707
4 1778 1779 1707 1707
4 1707 1779 1708 1708
4 1779 1780 1708 1708
4 1708 1780 1709 1709
4 1780 1781 1709 1709
4 1709 1781 1710 1710
4 1781 1782 1710 1710
4 1710 1782 1711 1711
4 1782 1783 1711 1711
4 1711 1783 1712 1712
4 1783 1784 1712 1712
4 1712 1784 1713 1713
4 1784 1785 1713 1713
4 1713 1785 1714 1714
4 1785 1786 1714 1714
4 1714 1786 1715 1715
4 1786 1787 1715 1715
4 1715 1787 1716 1716
4 1787 1788 1716 1716
4 1716 1788 1717 1717
4 1788 1789 1717 1717
4 1717 1789 1718 1718
4 1789 1790 1718 1718
4 1718 1790 1719 1719
4 1790 1791 1719 1719
4 1719 1791 1720 1720
4 1791 1792 1720 1720
4 1720 1792 1721 1721
4 1792 1793 1721 1721
4 1721 1793 1722 1722
4 1793 1794 1722 1722
4 1722 1794 1723 1723
4 1794 1795 1723 1723
4 1723 1795 1724 1724
4 1795 1796 1724 1724
4 1724 1796 1725 1725
4 1796 1797 1725 1725
4 1725 1797 1726 1726
4 1797 1798 1726 1726
4 1726 1798 1727 1727
4 1798 1799 1727 1727
4 1727 1799 1728 1728
4 1799 1800 1728 1728
4 1728 1800 1729 1729
4 1800 1801 1729 1729
4 1729 1801 1730 1730
4 1801 1802 1730 1730
4 1730 1802 1731 1731
4 1802 1803 1731 1731
4 1731 1803 1732 1732
4 1803 1804 1732 1732
4 1732 1804 1733 1733
4 1804 1805 1733 1733
4 1733 1805 1734 1734
4 1805 1806 1734 1734
4 1734 1806 1735 1735
4 1806 1807 1735 1735
4 1735 1807 1736 1736
4 1807 1808 1736 1736
4 1736 1808 1737 1737
4 1808 1809 1737 1737
4 1737 1809 1738 1738
4 1809 1810 1738 1738
4 1738 1810 1739 1739
4 1810 1811 1739 1739
4 1739 1811 1740 1740
4 1811 1812 1740 1740
4 1740 1812 1741 1741
4 1812 1813 1741 1741
4 1741 1813 1742 1742
4 1813 1814 1742 1742
4 1742 1814 1743 1743
4 1814 1815 1743 1743
4 1743 1815 1744 1744
4 1815 1816 1744 1744
4 1744 1816 1745 1745
4 1816 1817 1745 1745
4 1745 1817 1746 1746
4 1817 1818 1746 1746
4 1746 1818 1747 1747
4 1818 1819 1747 1747
4 1747 1819 1748 1748
4 1819 1820 1748 1748
4 1748 1820 1749 1749
4 1820 1821 1749 1749
4 1749 1821 1750 1750
4 1821 1822 1750 1750
4 1750 1822 1751 1751
4 1822 1823 1751 1751
4 1751 1823 1752 1752
4 1823 1824 1752 1752
4 1752 1824 1753 1753
4 1824 1825 1753 1753
4 1753 1825 1754 1754
4 1825 1826 1754 1754
4 1754 1826 1755 1755
4 1826 1827 1755 1755
4 1755 1827 1756 1756
4 1827 1828 1756 1756
4 1756 1828 1757 1757
4 1828 1829 1757 1757
4 1757 1829 1758 1758
4 1829 1830 1758 1758
4 1758 1830 1759 1759
4 1830 1831 1759 1759
4 1759 1831 1760 1760
4 1831 1832 1760 1760
4 1760 1832 1761 1761
4 1832 1833 1761 1761
4 1761 1833 1762 1762
4 1833 1834 1762 1762
4 1762 1834 1763 1763
4 1834 1835 1763 1763
4 1763 1835 1764 1764
4 1835 1836 1764 1764
4 1764 1836 1765 1765
4 1836 1837 1765 1765
4 1765 1837 1766 1766
4 1837 1838 1766 1766
4 1766 1838 1767 1767
4 1838 1839 1767 1767
4 1767 1839 1768 1768
4 1839 1840 1768 1768
4 1768 1840 1769 1769
4 1840 1841 1769 1769
4 1769 1841 1770 1770
4 1841 1842 1770 1770
4 1770 1842 1771 1771
4 1842 1843 1771 1771
4 1771 1843 1772 1772
4 1843 1844 1772 1772
4 1772 1844 1773 1773
4 1844 1845 1773 1773
4 1773 1845 1774 1774
4 1845 1846 1774 1774
4 1774 1846 1775 1775
4 1846 1847 1775 1775
4 1775 1847 1776 1776
4 1847 1848 1776 1776
4 1776 1848 1777 1777
4 1848 1849 1777 1777
4 1777 1849 1706 1706
4 1849 1778 1706 1706
4 1778 1850 1779 1779
4 1850 1851 1779 1779
4 1779 1851 1780 1780
4 1851 1852 1780 1780
4 1780 1852 1781 1781
4 1852 1853 1781 1781
4 1781 1853 1782 1782
4 1853 1854 1782 1782
4 1782 1854 1783 1783
4 1854 1855 1783 1783
4 1783 1855 1784 1784
4 1855 1856 1784 1784
4 1784 1856 1785 1785
4 1856 1857 1785 1785
4 1785 1857 1786 1786
4 1857 1858 1786 1786
4 1786 1858 1787 1787
4 1858 1859 1787 1787
4 1787 1859 1788 1788
4 1859 1860 1788 1788
4 1788 1860 1789 1789
4 1860 1861 1789 1789
4 1789 1861 1790 1790
4 1861 1862 1790 1790
4 1790 1862 1791 1791
4 1862 1863 1791 1791
4 1791 1863 1792 1792
4 1863 1864 1792 1792
4 1792 1864 1793 1793
4 1864 1865 1793 1793
4 1793 1865 1794 1794
4 1865 1866 1794 1794
4 1794 1866 1795 1795
4 1866 1867 1795 1795
4 1795 1867 1796 1796
4 1867 1868 1796 1796
4 1796 1868 1797 1797
4 1868 1869 1797 1797
4 1797 1869 1798 1798
4 1869 1870 1798 1798
4 1798 1870 1799 1799
4 1870 1871 1799 1799
4 1799 1871 1800 1800
4 1871 1872 1800 1800
4 1800 1872 1801 1801
4 1872 1873 1801 1801
4 1801 1873 1802 1802
4 1873 1874 1802 1802
4 1802 1874 1803 1803
4 1874 1875 1803 1803
4 1803 1875 1804 1804
4 1875 1876 1804 1804
4 1804 1876 1805 1805
4 1876 1877 1805 1805
4 1805 1877 1806 1806
4 1877 1878 1806 1806
4 1806 1878 1807 1807
4 1878 1879 1807 1807
4 1807 1879 1808 1808
4 1879 1880 1808 1808
4 1808 1880 1809 1809
4 1880 1881 1809 1809
4 1809 1881 1810 1810
4 1881 1882 1810 1810
4 1810 1882 1811 1811
4 1882 1883 1811 1811
4 1811 1883 1812 1812
4 1883 1884 1812 1812
4 1812 1884 1813 1813
4 1884 1885 1813 1813
4 1813 1885 1814 1814
4 1885 1886 1814 1814
4 1814 1886 1815 1815
4 1886 1887 1815 1815
4 1815 1887 1816 1816
4 1887 1888 1816 1816
4 1816 1888 1817 1817
4 1888 1889 1817 1817
4 1817 1889 1818 1818
4 1889 1890 1818 1818
4 1818 1890 1819 1819
4 1890 1891 1819 1819
4 1819 1891 1820 1820
4 1891 1892 1820 1820
4 1820 1892 1821 1821
4 1892 1893 1821 1821
4 1821 1893 1822 1822
4 1893 1894 1822 1822
4 1822 1894 1823 1823
4 1894 1895 1823 1823
4 1823 1895 1824 1824
4 1895 1896 1824 1824
4 1824 1896 1825 1825
4 1896 1897 1825 1825
4 1825 1897 1826 1826
4 1897 1898 1826 1826
4 1826 1898 1827 1827
4 1898 1899 1827 1827
4 1827 1899 1828 1828
4 1899 1900 1828 1828
4 1828 1900 1829 1829
4 1900 1901 1829 1829
4 1829 1901 1830 1830
4 1901 1902 1830 1830
4 1830 1902 1831 1831
4 1902 1903 1831 1831
4 1831 1903 1832 1832
4 1903 1904 1832 1832
4 1832 1904 1833 1833
4 1904 1905 1833 1833
4 1833 1905 1834 1834
4 1905 1906 1834 1834
4 1834 1906 1835 1835
4 1906 1907 1835 1835
4 1835 1907 1836 1836
4 1907 1908 1836 1836
4 1836 1908 1837 1837
4 1908 1909 1837 1837
4 1837 1909 1838 1838
4 1909 1910 1838 1838
4 1838 1910 1839 1839
4 1910 1911 1839 1839
4 1839 1911 1840 1840
4 1911 1912 1840 1840
4 1840 1912 1841 1841
4 1912 1913 1841 1841
4 1841 1913 1842 1842
4 1913 1914 1842 1842
4 1842 1914 1843 1843
4 1914 1915 1843 1843
4 1843 1915 1844 1844
4 1915 1916 1844 1844
4 1844 1916 1845 1845
4 1916 1917 1845 1845
4 1845 1917 1846 1846
4 1917 1918 1846 1846
4 1846 1918 1847 1847
4 1918 1919 1847 1847
4 1847 1919 1848 1848
4 1919 1920 1848 1848
4 1848 1920 1849 1849
4 1920 1921 1849 1849
4 1849 1921 1778 1778
4 1921 1850 1778 1778
4 1850 1922 1851 1851
4 1922 1923 1851 1851
4 1851 1923 1852 1852
4 1923 1924 1852 1852
4 1852 1924 1853 1853
4 1924 1925 1853 1853
4 1853 1925 1854 1854
4 1925 1926 1854 1854
4 1854 1926 1855 1855
4 1926 1927 1855 1855
4 1855 1927 1856 1856
4 1927 1928 1856 1856
4 1856 1928 1857 1857
4 1928 1929 1857 1857
4 1857 1929 1858 1858
4 1929 1930 1858 1858
4 1858 1930 1859 1859
4 1930 1931 1859 1859
4 1859 1931 1860 1860
4 1931 1932 1860 1860
4 1860 1932 1861 1861
4 1932 1933 1861 1861
4 1861 1933 1862 1862
4 1933 1934 1862 1862
4 1862 1934 1863 1863
4 1934 1935 1863 1863
4 1863 1935 1864 1864
4 1935 1936 1864 1864
4 1864 1936 1865 1865
4 1936 1937 1865 1865
4 1865 1937 1866 1866
4 1937 1938 1866 1866
4 1866 1938 1867 1867
4 1938 1939 1867 1867
4 1867 1939 1868 1868
4 1939 1940 1868 1868
4 1868 1940 1869 1869
4 1940 1941 1869 1869
4 1869 1941 1870 1870
4 1941 1942 1870 1870
4 1870 1942 1871 1871
4 1942 1943 1871 1871
4 1871 1943 1872 1872
4 1943 1944 1872 1872
4 1872 1944 1873 1873
4 1944 1945 1873 1873
4 1873 1945 1874 1874
4 1945 1946 1874 1874
4 1874 1946 1875 1875
4 1946 1947 1875 1875
4 1875 1947 1876 1876
4 1947 1948 1876 1876
4 1876 1948 1877 1877
4 1948 1949 1877 1877
4 1877 1949 1878 1878
4 1949 1950 1878 1878
4 1878 1950 1879 1879
4 1950 1951 1879 1879
4 1879 1951 1880 1880
4 1951 1952 1880 1880
4 1880 1952 1881 1881
4 1952 1953 1881 1881
4 1881 1953 1882 1882
4 1953 1954 1882 1882
4 1882 1954 1883 1883
4 1954 1955 1883 1883
4 1883 1955 1884 1884
4 1955 1956 1884 1884
4 1884 1956 1885 1885
4 1956 1957 1885 1885
4 1885 1957 1886 1886
4 1957 1958 1886 1886
4 1886 1958 1887 1887
4 1958 1959 1887 1887
4 1887 1959 1888 1888
4 1959 1960 1888 1888
4 1888 1960 1889 1889
4 1960 1961 1889 1889
4 1889 1961 1890 1890
4 1961 1962 1890 1890
4 1890 1962 1891 1891
4 1962 1963 1891 1891
4 1891 1963 1892 1892
4 1963 1964 1892 1892
4 1892 1964 1893 1893
4 1964 1965 1893 1893
4 1893 1965 1894 1894
4 1965 1966 1894 1894
4 1894 1966 1895 1895
4 1966 1967 1895 1895
4 1895 1967 1896 1896
4 1967 1968 1896 1896
4 1896 1968 1897 1897
4 1968 1969 1897 1897
4 1897 1969 1898 1898
4 1969 1970 1898 1898
4 1898 1970 1899 1899
4 1970 1971 1899 1899
4 1899 1971 1900 1900
4 1971 1972 1900 1900
4 1900 1972 1901 1901
4 1972 1973 1901 1901
4 1901 1973 1902 1902
4 1973 1974 1902 1902
4 1902 1974 1903 1903
4 1974 1975 1903 1903
4 1903 1975 1904 1904
4 1975 1976 1904 1904
4 1904 1976 1905 1905
4 1976 1977 1905 1905
4 1905 1977 1906 1906
4 1977 1978 1906 1906
4 1906 1978 1907 1907
4 1978 1979 1907 1907
4 1907 1979 1908 1908
4 1979 1980 1908 1908
4 1908 1980 1909 1909
4 1980 1981 1909 1909
4 1909 1981 1910 1910
4 1981 1982 1910 1910
4 1910 1982 1911 1911
4 1982 1983 1911 1911
4 1911 1983 1912 1912
4 1983 1984 1912 1912
4 1912 1984 1913 1913
4 1984 1985 1913 1913
4 1913 1985 1914 1914
4 1985 1986 1914 1914
4 1914 1986 1915 1915
4 1986 1987 1915 1915
4 1915 1987 1916 1916
4 1987 1988 1916 1916
4 1916 1988 1917 1917
4 1988 1989 1917 1917
4 1917 1989 1918 1918
4 1989 1990 1918 1918
4 1918 1990 1919 1919
4 1990 1991 1919 1919
4 1919 1991 1920 1920
4 1991 1992 1920 1920
4 1920 1992 1921 1921
4 1992 1993 1921 1921
4 1921 1993 1850 1850
4 1993 1922 1850 1850
4 1922 1994 1923 1923
4 1994 1995 1923 1923
4 1923 1995 1924 1924
4 1995 1996 1924 1924
4 1924 1996 1925 1925
4 1996 1997 1925 1925
4 1925 1997 1926 1926
4 1997 1998 1926 1926
4 1926 1998 1927 1927
4 1998 1999 1927 1927
4 1927 1999 1928 1928
4 1999 2000 1928 1928
4 1928 2000 1929 1929
4 2000 2001 1929 1929
4 1929 2001 1930 1930
4 2001 2002 1930 1930
4 1930 2002 1931 1931
4 2002 2003 1931 1931
4 1931 2003 1932 1932
4 2003 2004 1932 1932
4 1932 2004 1933 1933
4 2004 2005 1933 1933
4 1933 2005 1934 1934
4 2005 2006 1934 1934
4 1934 2006 1935 1935
4 2006 2007 1935 1935
4 1935 2007 1936 1936
4 2007 2008 1936 1936
4 1936 2008 1937 1937
4 2008 2009 1937 1937
4 1937 2009 1938 1938
4 2009 2010 1938 1938
4 1938 2010 1939 1939
4 2010 2011 1939 1939
4 1939 2011 1940 1940
4 2011 2012 1940 1940
4 1940 2012 1941 1941
4 2012 2013 1941 1941
4 1941 2013 1942 1942
4 2013 2014 1942 1942
4 1942 2014 1943 1943
4 2014 2015 1943 1943
4 1943 2015 1944 1944
4 2015 2016 1944 1944
4 1944 2016 1945 1945
4 2016 2017 1945 1945
4 1945 2017 1946 1946
4 2017 2018 1946 1946
4 1946 2018 1947 1947
4 2018 2019 1947 1947
4 1947 2019 1948 1948
4 2019 2020 1948 1948
4 1948 2020 1949 1949
4 2020 2021 1949 1949
4 1949 2021 1950 1950
4 2021 2022 1950 1950
4 1950 2022 1951 1951
4 2022 2023 1951 1951
4 1951 2023 1952 1952
4 2023 2024 1952 1952
4 1952 2024 1953 1953
4 2024 2025 1953 1953
4 1953 2025 1954 1954
4 2025 2026 1954 1954
4 1954 2026 1955 1955
4 2026 2027 1955 1955
4 1955 2027 1956 1956
4 2027 2028 1956 1956
4 1956 2028 1957 1957
4 2028 2029 1957 1957
4 1957 2029 1958 1958
4 2029 2030 1958 1958
4 1958 2030 1959 1959
4 2030 2031 1959 1959
4 1959 2031 1960 1960
4 2031 2032 1960 1960
4 1960 2032 1961 1961
4 2032 2033 1961 1961
4 1961 2033 1962 1962
4 2033 2034 1962 1962
4 1962 2034 1963 1963
4 2034 2035 1963 1963
4 1963 2035 1964 1964
4 2035 2036 1964 1964
4 1964 2036 1965 1965
4 2036 2037 1965 1965
4 1965 2037 1966 1966
4 2037 2038 1966 1966
4 1966 2038 1967 1967
4 2038 2039 1967 1967
4 1967 2039 1968 1968
4 2039 2040 1968 1968
4 1968 2040 1969 1969
4 2040 2041 1969 1969
4 1969 2041 1970 1970
4 2041 2042 1970 1970
4 1970 2042 1971 1971
4 2042 2043 1971 1971
4 1971 2043 1972 1972
4 2043 2044 1972 1972
4 1972 2044 1973 1973
4 2044 2045 1973 1973
4 1973 2045 1974 1974
4 2045 2046 1974 1974
4 1974 2046 1975 1975
4 2046 2047 1975 1975
4 1975 2047 1976 1976
4 2047 2048 1976 1976
4 1976 2048 1977 1977
4 2048 2049 1977 1977
4 1977 2049 1978 1978
4 2049 2050 1978 1978
4 1978 2050 1979 1979
4 2050 2051 1979 1979
4 1979 2051 1980 1980
4 2051 2052 1980 1980
4 1980 2052 1981 1981
4 2052 2053 1981 1981
4 1981 2053 1982 1982
4 2053 2054 1982 1982
4 1982 2054 1983 1983
4 2054 2055 1983 1983
4 1983 2055 1984 1984
4 2055 2056 1984 1984
4 1984 2056 1985 1985
4 2056 2057 1985 1985
4 1985 2057 1986 1986
4 2057 2058 1986 1986
4 1986 2058 1987 1987
4 2058 2059 1987 1987
4 1987 2059 1988 1988
4 2059 2060 1988 1988
4 1988 2060 1989 1989
4 2060 2061 1989 1989
4 1989 2061 1990 1990
4 2061 2062 1990 1990
4 1990 2062 1991 1991
4 2062 2063 1991 1991
4 1991 2063 1992 1992
4 2063 2064 1992 1992
4 1992 2064 1993 1993
4 2064 2065 1993 1993
4 1993 2065 1922 1922
4 2065 1994 1922 1922
4 1994 2066 1995 1995
4 2066 2067 1995 1995
4 1995 2067 1996 1996
4 2067 2068 1996 1996
4 1996 2068 1997 1997
4 2068 2069 1997 1997
4 1997 2069 1998 1998
4 2069 2070 1998 1998
4 1998 2070 1999 1999
4 2070 2071 1999 1999
4 1999 2071 2000 2000
4 2071 2072 2000 2000
4 2000 2072 2001 2001
4 2072 2073 2001 2001
4 2001 2073 2002 2002
4 2073 2074 2002 2002
4 2002 2074 2003 2003
4 2074 2075 2003 2003
4 2003 2075 2004 2004
4 2075 2076 2004 2004
4 2004 2076 2005 2005
4 2076 2077 2005 2005
4 2005 2077 2006 2006
4 2077 2078 2006 2006
4 2006 2078 2007 2007
4 2078 2079 2007 2007
4 2007 2079 2008 2008
4 2079 2080 2008 2008
4 2008 2080 2009 2009
4 2080 2081 2009 2009
4 2009 2081 2010 2010
4 2081 2082 2010 2010
4 2010 2082 2011 2011
4 2082 2083 2011 2011
4 2011 2083 2012 2012
4 2083 2084 2012 2012
4 2012 2084 2013 2013
4 2084 2085 2013 2013
4 2013 2085 2014 2014
4 2085 2086 2014 2014
4 2014 2086 2015 2015
4 2086 2087 2015 2015
4 2015 2087 2016 2016
4 2087 2088 2016 2016
4 2016 2088 2017 2017
4 2088 2089 2017 2017
4 2017 2089 2018 2018
4 2089 2090 2018 2018
4 2018 2090 2019 2019
4 2090 2091 2019 2019
4 2019 2091 2020 2020
4 2091 2092 2020 2020
4 2020 2092 2021 2021
4 2092 2093 2021 2021
4 2021 2093 2022 2022
4 2093 2094 2022 2022
4 2022 2094 2023 2023
4 2094 2095 2023 2023
4 2023 2095 2024 2024
4 2095 2096 2024 2024
4 2024 2096 2025 2025
4 2096 2097 2025 2025
4 2025 2097 2026 2026
4 2097 2098 2026 2026
4 2026 2098 2027 2027
4 2098 2099 2027 2027
4 2027 2099 2028 2028
4 2099 2100 2028 2028
4 2028 2100 2029 2029
4 2100 2101 2029 2029
4 2029 2101 2030 2030
4 2101 2102 2030 2030
4 2030 2102 2031 2031
4 2102 2103 2031 2031
4 2031 2103 2032 2032
4 2103 2104 2032 2032
4 2032 2104 2033 2033
4 2104 2105 2033 2033
4 2033 2105 2034 2034
4 2105 2106 2034 2034
4 2034 2106 2035 2035
4 2106 2107 2035 2035
4 2035 2107 2036 2036
4 2107 2108 2036 2036
4 2036 2108 2037 2037
4 2108 2109 2037 2037
4 2037 2109 2038 2038
4 2109 2110 2038 2038
4 2038 2110 2039 2039
4 2110 2111 2039 2039
4 2039 2111 2040 2040
4 2111 2112 2040 2040
4 2040 2112 2041 2041
4 2112 2113 2041 2041
4 2041 2113 2042 2042
4 2113 2114 2042 2042
4 2042 2114 2043 2043
4 2114 2115 2043 2043
4 2043 2115 2044 2044
4 2115 2116 2044 2044
4 2044 2116 2045 2045
4 2116 2117 2045 2045
4 2045 2117 2046 2046
4 2117 2118 2046 2046
4 2046 2118 2047 2047
4 2118 2119 2047 2047
4 2047 2119 2048 2048
4 2119 2120 2048 2048
4 2048 2120 2049 2049
4 2120 2121 2049 2049
4 2049 2121 2050 2050
4 2121 2122 2050 2050
4 2050 2122 2051 2051
4 2122 2123 2051 2051
4 2051 2123 2052 2052
4 2123 2124 2052 2052
4 2052 2124 2053 2053
4 2124 2125 2053 2053
4 2053 2125 2054 2054
4 2125 2126 2054 2054
4 2054 2126 2055 2055
4 2126 2127 2055 2055
4 2055 2127 2056 2056
4 2127 2128 2056 2056
4 2056 2128 2057 2057
4 2128 2129 2057 2057
4 2057 2129 2058 2058
4 2129 2130 2058 2058
4 2058 2130 2059 2059
4 2130 2131 2059 2059
4 2059 2131 2060 2060
4 2131 2132 2060 2060
4 2060 2132 2061 2061
4 2132 2133 2061 2061
4 2061 2133 2062 2062
4 2133 2134 2062 2062
4 2062 2134 2063 2063
4 2134 2135 2063 2063
4 2063 2135 2064 2064
4 2135 2136 2064 2064
4 2064 2136 2065 2065
4 2136 2137 2065 2065
4 2065 2137 1994 1994
4 2137 2066 1994 1994
4 2066 2138 2067 2067
4 2138 2139 2067 2067
4 2067 2139 2068 2068
4 2139 2140 2068 2068
4 2068 2140 2069 2069
4 2140 2141 2069 2069
4 2069 2141 2070 2070
4 2141 2142 2070 2070
4 2070 2142 2071 2071
4 2142 2143 2071 2071
4 2071 2143 2072 2072
4 2143 2144 2072 2072
4 2072 2144 2073 2073
4 2144 2145 2073 2073
4 2073 2145 2074 2074
4 2145 2146 2074 2074
4 2074 2146 2075 2075
4 2146 2147 2075 2075
4 2075 2147 2076 2076
4 2147 2148 2076 2076
4 2076 2148 2077 2077
4 2148 2149 2077 2077
4 2077 2149 2078 2078
4 2149 2150 2078 2078
4 2078 2150 2079 2079
4 2150 2151 2079 2079
4 2079 2151 2080 2080
4 2151 2152 2080 2080
4 2080 2152 2081 2081
4 2152 2153 2081 2081
4 2081 2153 2082 2082
4 2153 2154 2082 2082
4 2082 2154 2083 2083
4 2154 2155 2083 2083
4 2083 2155 2084 2084
4 2155 2156 2084 2084
4 2084 2156 2085 2085
4 2156 2157 2085 2085
4 2085 2157 2086 2086
4 2157 2158 2086 2086
4 2086 2158 2087 2087
4 2158 2159 2087 2087
4 2087 2159 2088 2088
4 2159 2160 2088 2088
4 2088 2160 2089 2089
4 2160 2161 2089 2089
4 2089 2161 2090 2090
4 2161 2162 2090 2090
4 2090 2162 2091 2091
4 2162 2163 2091 2091
4 2091 2163 2092 2092
4 2163 2164 2092 2092
4 2092 2164 2093 2093
4 2164 2165 2093 2093
4 2093 2165 2094 2094
4 2165 2166 2094 2094
4 2094 2166 2095 2095
4 2166 2167 2095 2095
4 2095 2167 2096 2096
4 2167 2168 2096 2096
4 2096 2168 2097 2097
4 2168 2169 2097 2097
4 2097 2169 2098 2098
4 2169 2170 2098 2098
4 2098 2170 2099 2099
4 2170 2171 2099 2099
4 2099 2171 2100 2100
4 2171 2172 2100 2100
4 2100 2172 2101 2101
4 2172 2173 2101 2101
4 2101 2173 2102 2102
4 2173 2174 2102 2102
4 2102 2174 2103 2103
4 2174 2175 2103 2103
4 2103 2175 2104 2104
4 2175 2176 2104 2104
4 2104 2176 2105 2105
4 2176 2177 2105 2105
4 2105 2177 2106 2106
4 2177 2178 2106 2106
4 2106 2178 2107 2107
4 2178 2179 2107 2107
4 2107 2179 2108 2108
4 2179 2180 2108 2108
4 2108 2180 2109 2109
4 2180 2181 2109 2109
4 2109 2181 2110 2110
4 2181 2182 2110 2110
4 2110 2182 2111 2111
4 2182 2183 2111 2111
4 2111 2183 2112 2112
4 2183 2184 2112 2112
4 2112 2184 2113 2113
4 2184 2185 2113 2113
4 2113 2185 2114 2114
4 2185 2186 2114 2114
4 2114 2186 2115 2115
4 2186 2187 2115 2115
4 2115 2187 2116 2116
4 2187 2188 2116 2116
4 2116 2188 2117 2117
4 2188 2189 2117 2117
4 2117 2189 2118 2118
4 2189 2190 2118 2118
4 2118 2190 2119 2119
4 2190 2191 2119 2119
4 2119 2191 2120 2120
4 2191 2192 2120 2120
4 2120 2192 2121 2121
4 2192 2193 2121 2121
4 2121 2193 2122 2122
4 2193 2194 2122 2122
4 2122 2194 2123 2123
4 2194 2195 2123 2123
4 2123 2195 2124 2124
4 2195 2196 2124 2124
4 2124 2196 2125 2125
4 2196 2197 2125 2125
4 2125 2197 2126 2126
4 2197 2198 2126 2126
4 2126 2198 2127 2127
4 2198 2199 2127 2127
4 2127 2199 2128 2128
4 2199 2200 2128 2128
4 2128 2200 2129 2129
4 2200 2201 2129 2129
4 2129 2201 2130 2130
4 2201 2202 2130 2130
4 2130 2202 2131 2131
4 2202 2203 2131 2131
4 2131 2203 2132 2132
4 2203 2204 2132 2132
4 2132 2204 2133 2133
4 2204 2205 2133 2133
4 2133 2205 2134 2134
4 2205 2206 2134 2134
4 2134 2206 2135 2135
4 2206 2207 2135 2135
4 2135 2207 2136 2136
4 2207 2208 2136 2136
4 2136 2208 2137 2137
4 2208 2209 2137 2137
4 2137 2209 2066 2066
4 2209 2138 2066 2066
4 2138 2210 2139 2139
4 2210 2211 2139 2139
4 2139 2211 2140 2140
4 2211 2212 2140 2140
4 2140 2212 2141 2141
4 2212 2213 2141 2141
4 2141 2213 2142 2142
4 2213 2214 2142 2142
4 2142 2214 2143 2143
4 2214 2215 2143 2143
4 2143 2215 2144 2144
4 2215 2216 2144 2144
4 2144 2216 2145 2145
4 2216 2217 2145 2145
4 2145 2217 2146 2146
4 2217 2218 2146 2146
4 2146 2218 2147 2147
4 2218 2219 2147 2147
4 2147 2219 2148 2148
4 2219 2220 2148 2148
4 2148 2220 2149 2149
4 2220 2221 2149 2149
4 2149 2221 2150 2150
4 2221 2222 2150 2150
4 2150 2222 2151 2151
4 2222 2223 2151 2151
4 2151 2223 2152 2152
4 2223 2224 2152 2152
4 2152 2224 2153 2153
4 2224 2225 2153 2153
4 2153 2225 2154 2154
4 2225 2226 2154 2154
4 2154 2226 2155 2155
4 2226 2227 2155 2155
4 2155 2227 2156 2156
4 2227 2228 2156 2156
4 2156 2228 2157 2157
4 2228 2229 2157 2157
4 2157 2229 2158 2158
4 2229 2230 2158 2158
4 2158 2230 2159 2159
4 2230 2231 2159 2159
4 2159 2231 2160 2160
4 2231 2232 2160 2160
4 2160 2232 2161 2161
4 2232 2233 2161 2161
4 2161 2233 2162 2162
4 2233 2234 2162 2162
4 2162 2234 2163 2163
4 2234 2235 2163 2163
4 2163 2235 2164 2164
4 2235 2236 2164 2164
4 2164 2236 2165 2165
4 2236 2237 2165 2165
4 2165 2237 2166 2166
4 2237 2238 2166 2166
4 2166 2238 2167 2167
4 2238 2239 2167 2167
4 2167 2239 2168 2168
4 2239 2240 2168 2168
4 2168 2240 2169 2169
4 2240 2241 2169 2169
4 2169 2241 2170 2170
4 2241 2242 2170 2170
4 2170 2242 2171 2171
4 2242 2243 2171 2171
4 2171 2243 2172 2172
4 2243 2244 2172 2172
4 2172 2244 2173 2173
4 2244 2245 2173 2173
4 2173 2245 2174 2174
4 2245 2246 2174 2174
4 2174 2246 2175 2175
4 2246 2247 2175 2175
4 2175 2247 2176 2176
4 2247 2248 2176 2176
4 2176 2248 2177 2177
4 2248 2249 2177 2177
4 2177 2249 2178 2178
4 2249 2250 2178 2178
4 2178 2250 2179 2179
4 2250 2251 2179 2179
4 2179 2251 2180 2180
4 2251 2252 2180 2180
4 2180 2252 2181 2181
4 2252 2253 2181 2181
4 2181 2253 2182 2182
4 2253 2254 2182 2182
4 2182 2254 2183 2183
4 2254 2255 2183 2183
4 2183 2255 2184 2184
4 2255 2256 2184 2184
4 2184 2256 2185 2185
4 2256 2257 2185 2185
4 2185 2257 2186 2186
4 2257 2258 2186 2186
4 2186 2258 2187 2187
4 2258 2259 2187 2187
4 2187 2259 2188 2188
4 2259 2260 2188 2188
4 2188 2260 2189 2189
4 2260 2261 2189 2189
4 2189 2261 2190 2190
4 2261 2262 2190 2190
4 2190 2262 2191 2191
4 2262 2263 2191 2191
4 2191 2263 2192 2192
4 2263 2264 2192 2192
4 2192 2264 2193 2193
4 2264 2265 2193 2193
4 2193 2265 2194 2194
4 2265 2266 2194 2194
4 2194 2266 2195 2195
4 2266 2267 2195 2195
4 2195 2267 2196 2196
4 2267 2268 2196 2196
4 2196 2268 2197 2197
4 2268 2269 2197 2197
4 2197 2269 2198 2198
4 2269 2270 2198 2198
4 2198 2270 2199 2199
4 2270 2271 2199 2199
4 2199 2271 2200 2200
4 2271 2272 2200 2200
4 2200 2272 2201 2201
4 2272 2273 2201 2201
4 2201 2273 2202 2202
4 2273 2274 2202 2202
4 2202 2274 2203 2203
4 2274 2275 2203 2203
4 2203 2275 2204 2204
4 2275 2276 2204 2204
4 2204 2276 2205 2205
4 2276 2277 2205 2205
4 2205 2277 2206 2206
4 2277 2278 2206 2206
4 2206 2278 2207 2207
4 2278 2279 2207 2207
4 2207 2279 2208 2208
4 2279 2280 2208 2208
4 2208 2280 2209 2209
4 2280 2281 2209 2209
4 2209 2281 2138 2138
4 2281 2210 2138 2138
4 2210 2282 2211 2211
4 2282 2283 2211 2211
4 2211 2283 2212 2212
4 2283 2284 2212 2212
4 2212 2284 2213 2213
4 2284 2285 2213 2213
4 2213 2285 2214 2214
4 2285 2286 2214 2214
4 2214 2286 2215 2215
4 2286 2287 2215 2215
4 2215 2287 2216 2216
4 2287 2288 2216 2216
4 2216 2288 2217 2217
4 2288 2289 2217 2217
4 2217 2289 2218 2218
4 2289 2290 2218 2218
4 2218 2290 2219 2219
4 2290 2291 2219 2219
4 2219 2291 2220 2220
4 2291 2292 2220 2220
4 2220 2292 2221 2221
4 2292 2293 2221 2221
4 2221 2293 2222 2222
4 2293 2294 2222 2222
4 2222 2294 2223 2223
4 2294 2295 2223 2223
4 2223 2295 2224 2224
4 2295 2296 2224 2224
4 2224 2296 2225 2225
4 2296 2297 2225 2225
4 2225 2297 2226 2226
4 2297 2298 2226 2226
4 2226 2298 2227 2227
4 2298 2299 2227 2227
4 2227 2299 2228 2228
4 2299 2300 2228 2228
4 2228 2300 2229 2229
4 2300 2301 2229 2229
4 2229 2301 2230 2230
4 2301 2302 2230 2230
4 2230 2302 2231 2231
4 2302 2303 2231 2231
4 2231 2303 2232 2232
4 2303 2304 2232 2232
4 2232 2304 2233 2233
4 2304 2305 2233 2233
4 2233 2305 2234 2234
4 2305 2306 2234 2234
4 2234 2306 2235 2235
4 2306 2307 2235 2235
4 2235 2307 2236 2236
4 2307 2308 2236 2236
4 2236 2308 2237 2237
4 2308 2309 2237 2237
4 2237 2309 2238 2238
4 2309 2310 2238 2238
4 2238 2310 2239 2239
4 2310 2311 2239 2239
4 2239 2311 2240 2240
4 2311 2312 2240 2240
4 2240 2312 2241 2241
4 2312 2313 2241 2241
4 2241 2313 2242 2242
4 2313 2314 2242 2242
4 2242 2314 2243 2243
4 2314 2315 2243 2243
4 2243 2315 2244 2244
4 2315 2316 2244 2244
4 2244 2316 2245 2245
4 2316 2317 2245 2245
4 2245 2317 2246 2246
4 2317 2318 2246 2246
4 2246 2318 2247 2247
4 2318 2319 2247 2247
4 2247 2319 2248 2248
4 2319 2320 2248 2248
4 2248 2320 2249 2249
4 2320 2321 2249 2249
4 2249 2321 2250 2250
4 2321 2322 2250 2250
4 2250 2322 2251 2251
4 2322 2323 2251 2251
4 2251 2323 2252 2252
4 2323 2324 2252 2252
4 2252 2324 2253 2253
4 2324 2325 2253 2253
4 2253 2325 2254 2254
4 2325 2326 2254 2254
4 2254 2326 2255 2255
4 2326 2327 2255 2255
4 2255 2327 2256 2256
4 2327 2328 2256 2256
4 2256 2328 2257 2257
4 2328 2329 2257 2257
4 2257 2329 2258 2258
4 2329 2330 2258 2258
4 2258 2330 2259 2259
4 2330 2331 2259 2259
4 2259 2331 2260 2260
4 2331 2332 2260 2260
4 2260 2332 2261 2261
4 2332 2333 2261 2261
4 2261 2333 2262 2262
4 2333 2334 2262 2262
4 2262 2334 2263 2263
4 2334 2335 2263 2263
4 2263 2335 2264 2264
4 2335 2336 2264 2264
4 2264 2336 2265 2265
4 2336 2337 2265 2265
4 2265 2337 2266 2266
4 2337 2338 2266 2266
4 2266 2338 2267 2267
4 2338 2339 2267 2267
4 2267 2339 2268 2268
4 2339 2340 2268 2268
4 2268 2340 2269 2269
4 2340 2341 2269 2269
4 2269 2341 2270 2270
4 2341 2342 2270 2270
4 2270 2342 2271 2271
4 2342 2343 2271 2271
4 2271 2343 2272 2272
4 2343 2344 2272 2272
4 2272 2344 2273 2273
4 2344 2345 2273 2273
4 2273 2345 2274 2274
4 2345 2346 2274 2274
4 2274 2346 2275 2275
4 2346 2347 2275 2275
4 2275 2347 2276 2276
4 2347 2348 2276 2276
4 2276 2348 2277 2277
4 2348 2349 2277 2277
4 2277 2349 2278 2278
4 2349 2350 2278 2278
4 2278 2350 2279 2279
4 2350 2351 2279 2279
4 2279 2351 2280 2280
4 2351 2352 2280 2280
4 2280 2352 2281 2281
4 2352 2353 2281 2281
4 2281 2353 2210 2210
4 2353 2282 2210 2210
4 2282 2354 2283 2283
4 2354 2355 2283 2283
4 2283 2355 2284 2284
4 2355 2356 2284 2284
4 2284 2356 2285 2285
4 2356 2357 2285 2285
4 2285 2357 2286 2286
4 2357 2358 2286 2286
4 2286 2358 2287 2287
4 2358 2359 2287 2287
4 2287 2359 2288 2288
4 2359 2360 2288 2288
4 2288 2360 2289 2289
4 2360 2361 2289 2289
4 2289 2361 2290 2290
4 2361 2362 2290 2290
4 2290 2362 2291 2291
4 2362 2363 2291 2291
4 2291 2363 2292 2292
4 2363 2364 2292 2292
4 2292 2364 2293 2293
4 2364 2365 2293 2293
4 2293 2365 2294 2294
4 2365 2366 2294 2294
4 2294 2366 2295 2295
4 2366 2367 2295 2295
4 2295 2367 2296 2296
4 2367 2368 2296 2296
4 2296 2368 2297 2297
4 2368 2369 2297 2297
4 2297 2369 2298 2298
4 2369 2370 2298 2298
4 2298 2370 2299 2299
4 2370 2371 2299 2299
4 2299 2371 2300 2300
4 2371 2372 2300 2300
4 2300 2372 2301 2301
4 2372 2373 2301 2301
4 2301 2373 2302 2302
4 2373 2374 2302 2302
4 2302 2374 2303 2303
4 2374 2375 2303 2303
4 2303 2375 2304 2304
4 2375 2376 2304 2304
4 2304 2376 2305 2305
4 2376 2377 2305 2305
4 2305 2377 2306 2306
4 2377 2378 2306 2306
4 2306 2378 2307 2307
4 2378 2379 2307 2307
4 2307 2379 2308 2308
4 2379 2380 2308 2308
4 2308 2380 2309 2309
4 2380 2381 2309 2309
4 2309 2381 2310 2310
4 2381 2382 2310 2310
4 2310 2382 2311 2311
4 2382 2383 2311 2311
4 2311 2383 2312 2312
4 2383 2384 2312 2312
4 2312 2384 2313 2313
4 2384 2385 2313 2313
4 2313 2385 2314 2314
4 2385 2386 2314 2314
4 2314 2386 2315 2315
4 2386 2387 2315 2315
4 2315 2387 2316 2316
4 2387 2388 2316 2316
4 2316 2388 2317 2317
4 2388 2389 2317 2317
4 2317 2389 2318 2318
4 2389 2390 2318 2318
4 2318 2390 2319 2319
4 2390 2391 2319 2319
4 2319 2391 2320 2320
4 2391 2392 2320 2320
4 2320 2392 2321 2321
4 2392 2393 2321 2321
4 2321 2393 2322 2322
4 2393 2394 2322 2322
4 2322 2394 2323 2323
4 2394 2395 2323 2323
4 2323 2395 2324 2324
4 2395 2396 2324 2324
4 2324 2396 2325 2325
4 2396 2397 2325 2325
4 2325 2397 2326 2326
4 2397 2398 2326 2326
4 2326 2398 2327 2327
4 2398 2399 2327 2327
4 2327 2399 2328 2328
4 2399 2400 2328 2328
4 2328 2400 2329 2329
4 2400 2401 2329 2329
4 2329 2401 2330 2330
4 2401 2402 2330 2330
4 2330 2402 2331 2331
4 2402 2403 2331 2331
4 2331 2403 2332 2332
4 2403 2404 2332 2332
4 2332 2404 2333 2333
4 2404 2405 2333 2333
4 2333 2405 2334 2334
4 2405 2406 2334 2334
4 2334 2406 2335 2335
4 2406 2407 2335 2335
4 2335 2407 2336 2336
4 2407 2408 2336 2336
4 2336 2408 2337 2337
4 2408 2409 2337 2337
4 2337 2409 2338 2338
4 2409 2410 2338 2338
4 2338 2410 2339 2339
4 2410 2411 2339 2339
4 2339 2411 2340 2340
4 2411 2412 2340 2340
4 2340 2412 2341 2341
4 2412 2413 2341 2341
4 2341 2413 2342 2342
4 2413 2414 2342 2342
4 2342 2414 2343 2343
4 2414 2415 2343 2343
4 2343 2415 2344 2344
4 2415 2416 2344 2344
4 2344 2416 2345 2345
4 2416 2417 2345 2345
4 2345 2417 2346 2346
4 2417 2418 2346 2346
4 2346 2418 2347 2347
4 2418 2419 2347 2347
4 2347 2419 2348 2348
4 2419 2420 2348 2348
4 2348 2420 2349 2349
4 2420 2421 2349 2349
4 2349 2421 2350 2350
4 2421 2422 2350 2350
4 2350 2422 2351 2351
4 2422 2423 2351 2351
4 2351 2423 2352 2352
4 2423 2424 2352 2352
4 2352 2424 2353 2353
4 2424 2425 2353 2353
4 2353 2425 2282 2282
4 2425 2354 2282 2282
4 2354 2426 2355 2355
4 2426 2427 2355 2355
4 2355 2427 2356 2356
4 2427 2428 2356 2356
4 2356 2428 2357 2357
4 2428 2429 2357 2357
4 2357 2429 2358 2358
4 2429 2430 2358 2358
4 2358 2430 2359 2359
4 2430 2431 2359 2359
4 2359 2431 2360 2360
4 2431 2432 2360 2360
4 2360 2432 2361 2361
4 2432 2433 2361 2361
4 2361 2433 2362 2362
4 2433 2434 2362 2362
4 2362 2434 2363 2363
4 2434 2435 2363 2363
4 2363 2435 2364 2364
4 2435 2436 2364 2364
4 2364 2436 2365 2365
4 2436 2437 2365 2365
4 2365 2437 2366 2366
4 2437 2438 2366 2366
4 2366 2438 2367 2367
4 2438 2439 2367 2367
4 2367 2439 2368 2368
4 2439 2440 2368 2368
4 2368 2440 2369 2369
4 2440 2441 2369 2369
4 2369 2441 2370 2370
4 2441 2442 2370 2370
4 2370 2442 2371 2371
4 2442 2443 2371 2371
4 2371 2443 2372 2372
4 2443 2444 2372 2372
4 2372 2444 2373 2373
4 2444 2445 2373 2373
4 2373 2445 2374 2374
4 2445 2446 2374 2374
4 2374 2446 2375 2375
4 2446 2447 2375 2375
4 2375 2447 2376 2376
4 2447 2448 2376 2376
4 2376 2448 2377 2377
4 2448 2449 2377 2377
4 2377 2449 2378 2378
4 2449 2450 2378 2378
4 2378 2450 2379 2379
4 2450 2451 2379 2379
4 2379 2451 2380 2380
4 2451 2452 2380 2380
4 2380 2452 2381 2381
4 2452 2453 2381 2381
4 2381 2453 2382 2382
4 2453 2454 2382 2382
4 2382 2454 2383 2383
4 2454 2455 2383 2383
4 2383 2455 2384 2384
4 2455 2456 2384 2384
4 2384 2456 2385 2385
4 2456 2457 2385 2385
4 2385 2457 2386 2386
4 2457 2458 2386 2386
4 2386 2458 2387 2387
4 2458 2459 2387 2387
4 2387 2459 2388 2388
4 2459 2460 2388 2388
4 2388 2460 2389 2389
4 2460 2461 2389 2389
4 2389 2461 2390 2390
4 2461 2462 2390 2390
4 2390 2462 2391 2391
4 2462 2463 2391 2391
4 2391 2463 2392 2392
4 2463 2464 2392 2392
4 2392 2464 2393 2393
4 2464 2465 2393 2393
4 2393 2465 2394 2394
4 2465 2466 2394 2394
4 2394 2466 2395 2395
4 2466 2467 2395 2395
4 2395 2467 2396 2396
4 2467 2468 2396 2396
4 2396 2468 2397 2397
4 2468 2469 2397 2397
4 2397 2469 2398 2398
4 2469 2470 2398 2398
4 2398 2470 2399 2399
4 2470 2471 2399 2399
4 2399 2471 2400 2400
4 2471 2472 2400 2400
4 2400 2472 2401 2401
4 2472 2473 2401 2401
4 2401 2473 2402 2402
4 2473 2474 2402 2402
4 2402 2474 2403 2403
4 2474 2475 2403 2403
4 2403 2475 2404 2404
4 2475 2476 2404 2404
4 2404 2476 2405 2405
4 2476 2477 2405 2405
4 2405 2477 2406 2406
4 2477 2478 2406 2406
4 2406 2478 2407 2407
4 2478 2479 2407 2407
4 2407 2479 2408 2408
4 2479 2480 2408 2408
4 2408 2480 2409 2409
4 2480 2481 2409 2409
4 2409 2481 2410 2410
4 2481 2482 2410 2410
4 2410 2482 2411 2411
4 2482 2483 2411 2411
4 2411 2483 2412 2412
4 2483 2484 2412 2412
4 2412 2484 2413 2413
4 2484 2485 2413 2413
4 2413 2485 2414 2414
4 2485 2486 2414 2414
4 2414 2486 2415 2415
4 2486 2487 2415 2415
4 2415 2487 2416 2416
4 2487 2488 2416 2416
4 2416 2488 2417 2417
4 2488 2489 2417 2417
4 2417 2489 2418 2418
4 2489 2490 2418 2418
4 2418 2490 2419 2419
4 2490 2491 2419 2419
4 2419 2491 2420 2420
4 2491 2492 2420 2420
4 2420 2492 2421 2421
4 2492 2493 2421 2421
4 2421 2493 2422 2422
4 2493 2494 2422 2422
4 2422 2494 2423 2423
4 2494 2495 2423 2423
4 2423 2495 2424 2424
4 2495 2496 2424 2424
4 2424 2496 2425 2425
4 2496 2497 2425 2425
4 2425 2497 2354 2354
4 2497 2426 2354 2354
4 2426 2498 2427 2427
4 2498 2499 2427 2427
4 2427 2499 2428 2428
4 2499 2500 2428 2428
4 2428 2500 2429 2429
4 2500 2501 2429 2429
4 2429 2501 2430 2430
4 2501 2502 2430 2430
4 2430 2502 2431 2431
4 2502 2503 2431 2431
4 2431 2503 2432 2432
4 2503 2504 2432 2432
4 2432 2504 2433 2433
4 2504 2505 2433 2433
4 2433 2505 2434 2434
4 2505 2506 2434 2434
4 2434 2506 2435 2435
4 2506 2507 2435 2435
4 2435 2507 2436 2436
4 2507 2508 2436 2436
4 2436 2508 2437 2437
4 2508 2509 2437 2437
4 2437 2509 2438 2438
4 2509 2510 2438 2438
4 2438 2510 2439 2439
4 2510 2511 2439 2439
4 2439 2511 2440 2440
4 2511 2512 2440 2440
4 2440 2512 2441 2441
4 2512 2513 2441 2441
4 2441 2513 2442 2442
4 2513 2514 2442 2442
4 2442 2514 2443 2443
4 2514 2515 2443 2443
4 2443 2515 2444 2444
4 2515 2516 2444 2444
4 2444 2516 2445 2445
4 2516 2517 2445 2445
4 2445 2517 2446 2446
4 2517 2518 2446 2446
4 2446 2518 2447 2447
4 2518 2519 2447 2447
4 2447 2519 2448 2448
4 2519 2520 2448 2448
4 2448 2520 2449 2449
4 2520 2521 2449 2449
4 2449 2521 2450 2450
4 2521 2522 2450 2450
4 2450 2522 2451 2451
4 2522 2523 2451 2451
4 2451 2523 2452 2452
4 2523 2524 2452 2452
4 2452 2524 2453 2453
4 2524 2525 2453 2453
4 2453 2525 2454 2454
4 2525 2526 2454 2454
4 2454 2526 2455 2455
4 2526 2527 2455 2455
4 2455 2527 2456 2456
4 2527 2528 2456 2456
4 2456 2528 2457 2457
4 2528 2529 2457 2457
4 2457 2529 2458 2458
4 2529 2530 2458 2458
4 2458 2530 2459 2459
4 2530 2531 2459 2459
4 2459 2531 2460 2460
4 2531 2532 2460 2460
4 2460 2532 2461 2461
4 2532 2533 2461 2461
4 2461 2533 2462 2462
4 2533 2534 2462 2462
4 2462 2534 2463 2463
4 2534 2535 2463 2463
4 2463 2535 2464 2464
4 2535 2536 2464 2464
4 2464 2536 2465 2465
4 2536 2537 2465 2465
4 2465 2537 2466 2466
4 2537 2538 2466 2466
4 2466 2538 2467 2467
4 2538 2539 2467 2467
4 2467 2539 2468 2468
4 2539 2540 2468 2468
4 2468 2540 2469 2469
4 2540 2541 2469 2469
4 2469 2541 2470 2470
4 2541 2542 2470 2470
4 2470 2542 2471 2471
4 2542 2543 2471 2471
4 2471 2543 2472 2472
4 2543 2544 2472 2472
4 2472 2544 2473 2473
4 2544 2545 2473 2473
4 2473 2545 2474 2474
4 2545 2546 2474 2474
4 2474 2546 2475 2475
4 2546 2547 2475 2475
4 2475 2547 2476 2476
4 2547 2548 2476 2476
4 2476 2548 2477 2477
4 2548 2549 2477 2477
4 2477 2549 2478 2478
4 2549 2550 2478 2478
4 2478 2550 2479 2479
4 2550 2551 2479 2479
4 2479 2551 2480 2480
4 2551 2552 2480 2480
4 2480 2552 2481 2481
4 2552 2553 2481 2481
4 2481 2553 2482 2482
4 2553 2554 2482 2482
4 2482 2554 2483 2483
4 2554 2555 2483 2483
4 2483 2555 2484 2484
4 2555 2556 2484 2484
4 2484 2556 2485 2485
4 2556 2557 2485 2485
4 2485 2557 2486 2486
4 2557 2558 2486 2486
4 2486 2558 2487 2487
4 2558 2559 2487 2487
4 2487 2559 2488 2488
4 2559 2560 2488 2488
4 2488 2560 2489 2489
4 2560 2561 2489 2489
4 2489 2561 2490 2490
4 2561 2562 2490 2490
4 2490 2562 2491 2491
4 2562 2563 2491 2491
4 2491 2563 2492 2492
4 2563 2564 2492 2492
4 2492 2564 2493 2493
4 2564 2565 2493 2493
4 2493 2565 2494 2494
4 2565 2566 2494 2494
4 2494 2566 2495 2495
4 2566 2567 2495 2495
4 2495 2567 2496 2496
4 2567 2568 2496 2496
4 2496 2568 2497 2497
4 2568 2569 2497 2497
4 2497 2569 2426 2426
4 2569 2498 2426 2426
4 2498 2570 2499 2499
4 2570 2571 2499 2499
4 2499 2571 2500 2500
4 2571 2572 2500 2500
4 2500 2572 2501 2501
4 2572 2573 2501 2501
4 2501 2573 2502 2502
4 2573 2574 2502 2502
4 2502 2574 2503 2503
4 2574 2575 2503 2503
4 2503 2575 2504 2504
4 2575 2576 2504 2504
4 2504 2576 2505 2505
4 2576 2577 2505 2505
4 2505 2577 2506 2506
4 2577 2578 2506 2506
4 2506 2578 2507 2507
4 2578 2579 2507 2507
4 2507 2579 2508 2508
4 2579 2580 2508 2508
4 2508 2580 2509 2509
4 2580 2581 2509 2509
4 2509 2581 2510 2510
4 2581 2582 2510 2510
4 2510 2582 2511 2511
4 2582 2583 2511 2511
4 2511 2583 2512 2512
4 2583 2584 2512 2512
4 2512 2584 2513 2513
4 2584 2585 2513 2513
4 2513 2585 2514 2514
4 2585 2586 2514 2514
4 2514 2586 2515 2515
4 2586 2587 2515 2515
4 2515 2587 2516 2516
4 2587 2588 2516 2516
4 2516 2588 2517 2517
4 2588 2589 2517 2517
4 2517 2589 2518 2518
4 2589 2590 2518 2518
4 2518 2590 2519 2519
4 2590 2591 2519 2519
4 2519 2591 2520 2520
4 2591 2592 2520 2520
4 2520 2592 2521 2521
4 2592 2593 2521 2521
4 2521 2593 2522 2522
4 2593 2594 2522 2522
4 2522 2594 2523 2523
4 2594 2595 2523 2523
4 2523 2595 2524 2524
4 2595 2596 2524 2524
4 2524 2596 2525 2525
4 2596 2597 2525 2525
4 2525 2597 2526 2526
4 2597 2598 2526 2526
4 2526 2598 2527 2527
4 2598 2599 2527 2527
4 2527 2599 2528 2528
4 2599 2600 2528 2528
4 2528 2600 2529 2529
4 2600 2601 2529 2529
4 2529 2601 2530 2530
4 2601 2602 2530 2530
4 2530 2602 2531 2531
4 2602 2603 2531 2531
4 2531 2603 2532 2532
4 2603 2604 2532 2532
4 2532 2604 2533 2533
4 2604 2605 2533 2533
4 2533 2605 2534 2534
4 2605 2606 2534 2534
4 2534 2606 2535 2535
4 2606 2607 2535 2535
4 2535 2607 2536 2536
4 2607 2608 2536 2536
4 2536 2608 2537 2537
4 2608 2609 2537 2537
4 2537 2609 2538 2538
4 2609 2610 2538 2538
4 2538 2610 2539 2539
4 2610 2611 2539 2539
4 2539 2611 2540 2540
4 2611 2612 2540 2540
4 2540 2612 2541 2541
4 2612 2613 2541 2541
4 2541 2613 2542 2542
4 2613 2614 2542 2542
4 2542 2614 2543 2543
4 2614 2615 2543 2543
4 2543 2615 2544 2544
4 2615 2616 2544 2544
4 2544 2616 2545 2545
4 2616 2617 2545 2545
4 2545 2617 2546 2546
4 2617 2618 2546 2546
4 2546 2618 2547 2547
4 2618 2619 2547 2547
4 2547 2619 2548 2548
4 2619 2620 2548 2548
4 2548 2620 2549 2549
4 2620 2621 2549 2549
4 2549 2621 2550 2550
4 2621 2622 2550 2550
4 2550 2622 2551 2551
4 2622 2623 2551 2551
4 2551 2623 2552 2552
4 2623 2624 2552 2552
4 2552 2624 2553 2553
4 2624 2625 2553 2553
4 2553 2625 2554 2554
4 2625 2626 2554 2554
4 2554 2626 2555 2555
4 2626 2627 2555 2555
4 2555 2627 2556 2556
4 2627 2628 2556 2556
4 2556 2628 2557 2557
4 2628 2629 2557 2557
4 2557 2629 2558 2558
4 2629 2630 2558 2558
4 2558 2630 2559 2559
4 2630 2631 2559 2559
4 2559 2631 2560 2560
4 2631 2632 2560 2560
4 2560 2632 2561 2561
4 2632 2633 2561 2561
4 2561 2633 2562 2562
4 2633 2634 2562 2562
4 2562 2634 2563 2563
4 2634 2635 2563 2563
4 2563 2635 2564 2564
4 2635 2636 2564 2564
4 2564 2636 2565 2565
4 2636 2637 2565 2565
4 2565 2637 2566 2566
4 2637 2638 2566 2566
4 2566 2638 2567 2567
4 2638 2639 2567 2567
4 2567 2639 2568 2568
4 2639 2640 2568 2568
4 2568 2640 2569 2569
4 2640 2641 2569 2569
4 2569 2641 2498 2498
4 2641 2570 2498 2498
4 2570 2642 2571 2571
4 2642 2643 2571 2571
4 2571 2643 2572 2572
4 2643 2644 2572 2572
4 2572 2644 2573 2573
4 2644 2645 2573 2573
4 2573 2645 2574 2574
4 2645 2646 2574 2574
4 2574 2646 2575 2575
4 2646 2647 2575 2575
4 2575 2647 2576 2576
4 2647 2648 2576 2576
4 2576 2648 2577 2577
4 2648 2649 2577 2577
4 2577 2649 2578 2578
4 2649 2650 2578 2578
4 2578 2650 2579 2579
4 2650 2651 2579 2579
4 2579 2651 2580 2580
4 2651 2652 2580 2580
4 2580 2652 2581 2581
4 2652 2653 2581 2581
4 2581 2653 2582 2582
4 2653 2654 2582 2582
4 2582 2654 2583 2583
4 2654 2655 2583 2583
4 2583 2655 2584 2584
4 2655 2656 2584 2584
4 2584 2656 2585 2585
4 2656 2657 2585 2585
4 2585 2657 2586 2586
4 2657 2658 2586 2586
4 2586 2658 2587 2587
4 2658 2659 2587 2587
4 2587 2659 2588 2588
4 2659 2660 2588 2588
4 2588 2660 2589 2589
4 2660 2661 2589 2589
4 2589 2661 2590 2590
4 2661 2662 2590 2590
4 2590 2662 2591 2591
4 2662 2663 2591 2591
4 2591 2663 2592 2592
4 2663 2664 2592 2592
4 2592 2664 2593 2593
4 2664 2665 2593 2593
4 2593 2665 2594 2594
4 2665 2666 2594 2594
4 2594 2666 2595 2595
4 2666 2667 2595 2595
4 2595 2667 2596 2596
4 2667 2668 2596 2596
4 2596 2668 2597 2597
4 2668 2669 2597 2597
4 2597 2669 2598 2598
4 2669 2670 2598 2598
4 2598 2670 2599 2599
4 2670 2671 2599 2599
4 2599 2671 2600 2600
4 2671 2672 2600 2600
4 2600 2672 2601 2601
4 2672 2673 2601 2601
4 2601 2673 2602 2602
4 2673 2674 2602 2602
4 2602 2674 2603 2603
4 2674 2675 2603 2603
4 2603 2675 2604 2604
4 2675 2676 2604 2604
4 2604 2676 2605 2605
4 2676 2677 2605 2605
4 2605 2677 2606 2606
4 2677 2678 2606 2606
4 2606 2678 2607 2607
4 2678 2679 2607 2607
4 2607 2679 2608 2608
4 2679 2680 2608 2608
4 2608 2680 2609 2609
4 2680 2681 2609 2609
4 2609 2681 2610 2610
4 2681 2682 2610 2610
4 2610 2682 2611 2611
4 2682 2683 2611 2611
4 2611 2683 2612 2612
4 2683 2684 2612 2612
4 2612 2684 2613 2613
4 2684 2685 2613 2613
4 2613 2685 2614 2614
4 2685 2686 2614 2614
4 2614 2686 2615 2615
4 2686 2687 2615 2615
4 2615 2687 2616 2616
4 2687 2688 2616 2616
4 2616 2688 2617 2617
4 2688 2689 2617 2617
4 2617 2689 2618 2618
4 2689 2690 2618 2618
4 2618 2690 2619 2619
4 2690 2691 2619 2619
4 2619 2691 2620 2620
4 2691 2692 2620 2620
4 2620 2692 2621 2621
4 2692 2693 2621 2621
4 2621 2693 2622 2622
4 2693 2694 2622 2622
4 2622 2694 2623 2623
4 2694 2695 2623 2623
4 2623 2695 2624 2624
4 2695 2696 2624 2624
4 2624 2696 2625 2625
4 2696 2697 2625 2625
4 2625 2697 2626 2626
4 2697 2698 2626 2626
4 2626 2698 2627 2627
4 2698 2699 2627 2627
4 2627 2699 2628 2628
4 2699 2700 2628 2628
4 2628 2700 2629 2629
4 2700 2701 2629 2629
4 2629 2701 2630 2630
4 2701 2702 2630 2630
4 2630 2702 2631 2631
4 2702 2703 2631 2631
4 2631 2703 2632 2632
4 2703 2704 2632 2632
4 2632 2704 2633 2633
4 2704 2705 2633 2633
4 2633 2705 2634 2634
4 2705 2706 2634 2634
4 2634 2706 2635 2635
4 2706 2707 2635 2635
4 2635 2707 2636 2636
4 2707 2708 2636 2636
4 2636 2708 2637 2637
4 2708 2709 2637 2637
4 2637 2709 2638 2638
4 2709 2710 2638 2638
4 2638 2710 2639 2639
4 2710 2711 2639 2639
4 2639 2711 2640 2640
4 2711 2712 2640 2640
4 2640 2712 2641 2641
4 2712 2713 2641 2641
4 2641 2713 2570 2570
4 2713 2642 2570 2570
4 2642 2714 2643 2643
4 2714 2715 2643 2643
4 2643 2715 2644 2644
4 2715 2716 2644 2644
4 2644 2716 2645 2645
4 2716 2717 2645 2645
4 2645 2717 2646 2646
4 2717 2718 2646 2646
4 2646 2718 2647 2647
4 2718 2719 2647 2647
4 2647 2719 2648 2648
4 2719 2720 2648 2648
4 2648 2720 2649 2649
4 2720 2721 2649 2649
4 2649 2721 2650 2650
4 2721 2722 2650 2650
4 2650 2722 2651 2651
4 2722 2723 2651 2651
4 2651 2723 2652 2652
4 2723 2724 2652 2652
4 2652 2724 2653 2653
4 2724 2725 2653 2653
4 2653 2725 2654 2654
4 2725 2726 2654 2654
4 2654 2726 2655 2655
4 2726 2727 2655 2655
4 2655 2727 2656 2656
4 2727 2728 2656 2656
4 2656 2728 2657 2657
4 2728 2729 2657 2657
4 2657 2729 2658 2658
4 2729 2730 2658 2658
4 2658 2730 2659 2659
4 2730 2731 2659 2659
4 2659 2731 2660 2660
4 2731 2732 2660 2660
4 2660 2732 2661 2661
4 2732 2733 2661 2661
4 2661 2733 2662 2662
4 2733 2734 2662 2662
4 2662 2734 2663 2663
4 2734 2735 2663 2663
4 2663 2735 2664 2664
4 2735 2736 2664 2664
4 2664 2736 2665 2665
4 2736 2737 2665 2665
4 2665 2737 2666 2666
4 2737 2738 2666 2666
4 2666 2738 2667 2667
4 2738 2739 2667 2667
4 2667 2739 2668 2668
4 2739 2740 2668 2668
4 2668 2740 2669 2669
4 2740 2741 2669 2669
4 2669 2741 2670 2670
4 2741 2742 2670 2670
4 2670 2742 2671 2671
4 2742 2743 2671 2671
4 2671 2743 2672 2672
4 2743 2744 2672 2672
4 2672 2744 2673 2673
4 2744 2745 2673 2673
4 2673 2745 2674 2674
4 2745 2746 2674 2674
4 2674 2746 2675 2675
4 2746 2747 2675 2675
4 2675 2747 2676 2676
4 2747 2748 2676 2676
4 2676 2748 2677 2677
4 2748 2749 2677 2677
4 2677 2749 2678 2678
4 2749 2750 2678 2678
4 2678 2750 2679 2679
4 2750 2751 2679 2679
4 2679 2751 2680 2680
4 2751 2752 2680 2680
4 2680 2752 2681 2681
4 2752 2753 2681 2681
4 2681 2753 2682 2682
4 2753 2754 2682 2682
4 2682 2754 2683 2683
4 2754 2755 2683 2683
4 2683 2755 2684 2684
4 2755 2756 2684 2684
4 2684 2756 2685 2685
4 2756 2757 2685 2685
4 2685 2757 2686 2686
4 2757 2758 2686 2686
4 2686 2758 2687 2687
4 2758 2759 2687 2687
4 2687 2759 2688 2688
4 2759 2760 2688 2688
4 2688 2760 2689 2689
4 2760 2761 2689 2689
4 2689 2761 2690 2690
4 2761 2762 2690 2690
4 2690 2762 2691 2691
4 2762 2763 2691 2691
4 2691 2763 2692 2692
4 2763 2764 2692 2692
4 2692 2764 2693 2693
4 2764 2765 2693 2693
4 2693 2765 2694 2694
4 2765 2766 2694 2694
4 2694 2766 2695 2695
4 2766 2767 2695 2695
4 2695 2767 2696 2696
4 2767 2768 2696 2696
4 2696 2768 2697 2697
4 2768 2769 2697 2697
4 2697 2769 2698 2698
4 2769 2770 2698 2698
4 2698 2770 2699 2699
4 2770 2771 2699 2699
4 2699 2771 2700 2700
4 2771 2772 2700 2700
4 2700 2772 2701 2701
4 2772 2773 2701 2701
4 2701 2773 2702 2702
4 2773 2774 2702 2702
4 2702 2774 2703 2703
4 2774 2775 2703 2703
4 2703 2775 2704 2704
4 2775 2776 2704 2704
4 2704 2776 2705 2705
4 2776 2777 2705 2705
4 2705 2777 2706 2706
4 2777 2778 2706 2706
4 2706 2778 2707 2707
4 2778 2779 2707 2707
4 2707 2779 2708 2708
4 2779 2780 2708 2708
4 2708 2780 2709 2709
4 2780 2781 2709 2709
4 2709 2781 2710 2710
4 2781 2782 2710 2710
4 2710 2782 2711 2711
4 2782 2783 2711 2711
4 2711 2783 2712 2712
4 2783 2784 2712 2712
4 2712 2784 2713 2713
4 2784 2785 2713 2713
4 2713 2785 2642 2642
4 2785 2714 2642 2642
4 2714 2786 2715 2715
4 2786 2787 2715 2715
4 2715 2787 2716 2716
4 2787 2788 2716 2716
4 2716 2788 2717 2717
4 2788 2789 2717 2717
4 2717 2789 2718 2718
4 2789 2790 2718 2718
4 2718 2790 2719 2719
4 2790 2791 2719 2719
4 2719 2791 2720 2720
4 2791 2792 2720 2720
4 2720 2792 2721 2721
4 2792 2793 2721 2721
4 2721 2793 2722 2722
4 2793 2794 2722 2722
4 2722 2794 2723 2723
4 2794 2795 2723 2723
4 2723 2795 2724 2724
4 2795 2796 2724 2724
4 2724 2796 2725 2725
4 2796 2797 2725 2725
4 2725 2797 2726 2726
4 2797 2798 2726 2726
4 2726 2798 2727 2727
4 2798 2799 2727 2727
4 2727 2799 2728 2728
4 2799 2800 2728 2728
4 2728 2800 2729 2729
4 2800 2801 2729 2729
4 2729 2801 2730 2730
4 2801 2802 2730 2730
4 2730 2802 2731 2731
4 2802 2803 2731 2731
4 2731 2803 2732 2732
4 2803 2804 2732 2732
4 2732 2804 2733 2733
4 2804 2805 2733 2733
4 2733 2805 2734 2734
4 2805 2806 2734 2734
4 2734 2806 2735 2735
4 2806 2807 2735 2735
4 2735 2807 2736 2736
4 2807 2808 2736 2736
4 2736 2808 2737 2737
4 2808 2809 2737 2737
4 2737 2809 2738 2738
4 2809 2810 2738 2738
4 2738 2810 2739 2739
4 2810 2811 2739 2739
4 2739 2811 2740 2740
4 2811 2812 2740 2740
4 2740 2812 2741 2741
4 2812 2813 2741 2741
4 2741 2813 2742 2742
4 2813 2814 2742 2742
4 2742 2814 2743 2743
4 2814 2815 2743 2743
4 2743 2815 2744 2744
4 2815 2816 2744 2744
4 2744 2816 2745 2745
4 2816 2817 2745 2745
4 2745 2817 2746 2746
4 2817 2818 2746 2746
4 2746 2818 2747 2747
4 2818 2819 2747 2747
4 2747 2819 2748 2748
4 2819 2820 2748 2748
4 2748 2820 2749 2749
4 2820 2821 2749 2749
4 2749 2821 2750 2750
4 2821 2822 2750 2750
4 2750 2822 2751 2751
4 2822 2823 2751 2751
4 2751 2823 2752 2752
4 2823 2824 2752 2752
4 2752 2824 2753 2753
4 2824 2825 2753 2753
4 2753 2825 2754 2754
4 2825 2826 2754 2754
4 2754 2826 2755 2755
4 2826 2827 2755 2755
4 2755 2827 2756 2756
4 2827 2828 2756 2756
4 2756 2828 2757 2757
4 2828 2829 2757 2757
4 2757 2829 2758 2758
4 2829 2830 2758 2758
4 2758 2830 2759 2759
4 2830 2831 2759 2759
4 2759 2831 2760 2760
4 2831 2832 2760 2760
4 2760 2832 2761 2761
4 2832 2833 2761 2761
4 2761 2833 2762 2762
4 2833 2834 2762 2762
4 2762 2834 2763 2763
4 2834 2835 2763 2763
4 2763 2835 2764 2764
4 2835 2836 2764 2764
4 2764 2836 2765 2765
4 2836 2837 2765 2765
4 2765 2837 2766 2766
4 2837 2838 2766 2766
4 2766 2838 2767 2767
4 2838 2839 2767 2767
4 2767 2839 2768 2768
4 2839 2840 2768 2768
4 2768 2840 2769 2769
4 2840 2841 2769 2769
4 2769 2841 2770 2770
4 2841 2842 2770 2770
4 2770 2842 2771 2771
4 2842 2843 2771 2771
4 2771 2843 2772 2772
4 2843 2844 2772 2772
4 2772 2844 2773 2773
4 2844 2845 2773 2773
4 2773 2845 2774 2774
4 2845 2846 2774 2774
4 2774 2846 2775 2775
4 2846 2847 2775 2775
4 2775 2847 2776 2776
4 2847 2848 2776 2776
4 2776 2848 2777 2777
4 2848 2849 2777 2777
4 2777 2849 2778 2778
4 2849 2850 2778 2778
4 2778 2850 2779 2779
4 2850 2851 2779 2779
4 2779 2851 2780 2780
4 2851 2852 2780 2780
4 2780 2852 2781 2781
4 2852 2853 2781 2781
4 2781 2853 2782 2782
4 2853 2854 2782 2782
4 2782 2854 2783 2783
4 2854 2855 2783 2783
4 2783 2855 2784 2784
4 2855 2856 2784 2784
4 2784 2856 2785 2785
4 2856 2857 2785 2785
4 2785 2857 2714 2714
4 2857 2786 2714 2714
4 1198 2857 1196 1196
4 2857 2856 1196 1196
4 1196 2856 1194 1194
4 2856 2855 1194 1194
4 1194 2855 1192 1192
4 2855 2854 1192 1192
4 1192 2854 1190 1190
4 2854 2853 1190 1190
4 1190 2853 1188 1188
4 2853 2852 1188 1188
4 1188 2852 1186 1186
4 2852 2851 1186 1186
4 1186 2851 1184 1184
4 2851 2850 1184 1184
4 1184 2850 1182 1182
4 2850 2849 1182 1182
4 1182 2849 1180 1180
4 2849 2848 1180 1180
4 1180 2848 1178 1178
4 2848 2847 1178 1178
4 1178 2847 1176 1176
4 2847 2846 1176 1176
4 1176 2846 1174 1174
4 2846 2845 1174 1174
4 1174 2845 1172 1172
4 2845 2844 1172 1172
4 1172 2844 1170 1170
4 2844 2843 1170 1170
4 1170 2843 1168 1168
4 2843 2842 1168 1168
4 1168 2842 1166 1166
4 2842 2841 1166 1166
4 1166 2841 1164 1164
4 2841 2840 1164 1164
4 1164 2840 1162 1162
4 2840 2839 1162 1162
4 1162 2839 1160 1160
4 2839 2838 1160 1160
4 1160 2838 1158 1158
4 2838 2837 1158 1158
4 1158 2837 1156 1156
4 2837 2836 1156 1156
4 1156 2836 1154 1154
4 2836 2835 1154 1154
4 1154 2835 1152 1152
4 2835 2834 1152 1152
4 1152 2834 1150 1150
4 2834 2833 1150 1150
4 1150 2833 1148 1148
4 2833 2832 1148 1148
4 1148 2832 1146 1146
4 2832 2831 1146 1146
4 1146 2831 1144 1144
4 2831 2830 1144 1144
4 1144 2830 1142 1142
4 2830 2829 1142 1142
4 1142 2829 1140 1140
4 2829 2828 1140 1140
4 1140 2828 1138 1138
4 2828 2827 1138 1138
4 1138 2827 1136 1136
4 2827 2826 1136 1136
4 1136 2826 1134 1134
4 2826 2825 1134 1134
4 1134 2825 1132 1132
4 2825 2824 1132 1132
4 1132 2824 1130 1130
4 2824 2823 1130 1130
4 1130 2823 1128 1128
4 2823 2822 1128 1128
4 1128 2822 1270 1270
4 2822 2821 1270 1270
4 1270 2821 1268 1268
4 2821 2820 1268 1268
4 1268 2820 1266 1266
4 2820 2819 1266 1266
4 1266 2819 1264 1264
4 2819 2818 1264 1264
4 1264 2818 1262 1262
4 2818 2817 1262 1262
4 1262 2817 1260 1260
4 2817 2816 1260 1260
4 1260 2816 1258 1258
4 2816 2815 1258 1258
4 1258 2815 1256 1256
4 2815 2814 1256 1256
4 1256 2814 1254 1254
4 2814 2813 1254 1254
4 1254 2813 1252 1252
4 2813 2812 1252 1252
4 1252 2812 1250 1250
4 2812 2811 1250 1250
4 1250 2811 1248 1248
4 2811 2810 1248 1248
4 1248 2810 1246 1246
4 2810 2809 1246 1246
4 1246 2809 1244 1244
4 2809 2808 1244 1244
4 1244 2808 1242 1242
4 2808 2807 1242 1242
4 1242 2807 1240 1240
4 2807 2806 1240 1240
4 1240 2806 1238 1238
4 2806 2805 1238 1238
4 1238 2805 1236 1236
4 2805 2804 1236 1236
4 1236 2804 1234 1234
4 2804 2803 1234 1234
4 1234 2803 1232 1232
4 2803 2802 1232 1232
4 1232 2802 1230 1230
4 2802 2801 1230 1230
4 1230 2801 1228 1228
4 2801 2800 1228 1228
4 1228 2800 1226 1226
4 2800 2799 1226 1226
4 1226 2799 1224 1224
4 2799 2798 1224 1224
4 1224 2798 1222 1222
4 2798 2797 1222 1222
4 1222 2797 1220 1220
4 2797 2796 1220 1220
4 1220 2796 1218 1218
4 2796 2795 1218 1218
4 1218 2795 1216 1216
4 2795 2794 1216 1216
4 1216 2794 1214 1214
4 2794 2793 1214 1214
4 1214 2793 1212 1212
4 2793 2792 1212 1212
4 1212 2792 1210 1210
4 2792 2791 1210 1210
4 1210 2791 1208 1208
4 2791 2790 1208 1208
4 1208 2790 1206 1206
4 2790 2789 1206 1206
4 1206 2789 1204 1204
4 2789 2788 1204 1204
4 1204 2788 1202 1202
4 2788 2787 1202 1202
4 1202 2787 1200 1200
4 2787 2786 1200 1200
4 1200 2786 1198 1198
4 2786 2857 1198 1198
4 1056 1378 1054 1054
4 1378 1377 1054 1054
4 1054 1377 1052 1052
4 1377 1376 1052 1052
4 1052 1376 1050 1050
4 1376 1375 1050 1050
4 1050 1375 1048 1048
4 1375 1374 1048 1048
4 1048 1374 1046 1046
4 1374 1373 1046 1046
4 1046 1373 1044 1044
4 1373 1372 1044 1044
4 1044 1372 1042 1042
4 1372 1371 1042 1042
4 1042 1371 1040 1040
4 1371 1370 1040 1040
4 1040 1370 1038 1038
4 1370 1369 1038 1038
4 1038 1369 1036 1036
4 1369 1368 1036 1036
4 1036 1368 1034 1034
4 1368 1367 1034 1034
4 1034 1367 1032 1032
4 1367 1366 1032 1032
4 1032 1366 1030 1030
4 1366 1365 1030 1030
4 1030 1365 1028 1028
4 1365 1364 1028 1028
4 1028 1364 1026 1026
4 1364 1363 1026 1026
4 1026 1363 1024 1024
4 1363 1362 1024 1024
4 1024 1362 1022 1022
4 1362 1361 1022 1022
4 1022 1361 1020 1020
4 1361 1360 1020 1020
4 1020 1360 1018 1018
4 1360 1359 1018 1018
4 1018 1359 1016 1016
4 1359 1358 1016 1016
4 1016 1358 1014 1014
4 1358 1357 1014 1014
4 1014 1357 1012 1012
4 1357 1356 1012 1012
4 1012 1356 1010 1010
4 1356 1355 1010 1010
4 1010 1355 1008 1008
4 1355 1354 1008 1008
4 1008 1354 1006 1006
4 1354 1353 1006 1006
4 1006 1353 1004 1004
4 1353 1352 1004 1004
4 1004 1352 1002 1002
4 1352 1351 1002 1002
4 1002 1351 1000 1000
4 1351 1350 1000 1000
4 1000 1350 998 998
4 1350 1349 998 998
4 998 1349 996 996
4 1349 1348 996 996
4 996 1348 994 994
4 1348 1347 994 994
4 994 1347 992 992
4 1347 1346 992 992
4 992 1346 990 990
4 1346 1345 990 990
4 990 1345 988 988
4 1345 1344 988 988
4 988 1344 986 986
4 1344 1415 986 986
4 986 1415 984 984
4 1415 1414 984 984
4 984 1414 1126 1126
4 1414 1413 1126 1126
4 1126 1413 1124 1124
4 1413 1412 1124 1124
4 1124 1412 1122 1122
4 1412 1411 1122 1122
4 1122 1411 1120 1120
4 1411 1410 1120 1120
4 1120 1410 1118 1118
4 1410 1409 1118 1118
4 1118 1409 1116 1116
4 1409 1408 1116 1116
4 1116 1408 1114 1114
4 1408 1407 1114 1114
4 1114 1407 1112 1112
4 1407 1406 1112 1112
4 1112 1406 1110 1110
4 1406 1405 1110 1110
4 1110 1405 1108 1108
4 1405 1404 1108 1108
4 1108 1404 1106 1106
4 1404 1403 1106 1106
4 1106 1403 1104 1104
4 1403 1402 1104 1104
4 1104 1402 1102 1102
4 1402 1401 1102 1102
4 1102 1401 1100 1100
4 1401 1400 1100 1100
4 1100 1400 1098 1098
4 1400 1399 1098 1098
4 1098 1399 1096 1096
4 1399 1398 1096 1096
4 1096 1398 1094 1094
4 1398 1397 1094 1094
4 1094 1397 1092 1092
4 1397 1396 1092 1092
4 1092 1396 1090 1090
4 1396 1395 1090 1090
4 1090 1395 1088 1088
4 1395 1394 1088 1088
4 1088 1394 1086 1086
4 1394 1393 1086 1086
4 1086 1393 1084 1084
4 1393 1392 1084 1084
4 1084 1392 1082 1082
4 1392 1391 1082 1082
4 1082 1391 1080 1080
4 1391 1390 1080 1080
4 1080 1390 1078 1078
4 1390 1389 1078 1078
4 1078 1389 1076 1076
4 1389 1388 1076 1076
4 1076 1388 1074 1074
4 1388 1387 1074 1074
4 1074 1387 1072 1072
4 1387 1386 1072 1072
4 1072 1386 1070 1070
4 1386 1385 1070 1070
4 1070 1385 1068 1068
4 1385 1384 1068 1068
4 1068 1384 1066 1066
4 1384 1383 1066 1066
4 1066 1383 1064 1064
4 1383 1382 1064 1064
4 1064 1382 1062 1062
4 1382 1381 1062 1062
4 1062 1381 1060 1060
4 1381 1380 1060 1060
4 1060 1380 1058 1058
4 1380 1379 1058 1058
4 1058 1379 1056 1056
4 1379 1378 1056 1056
4 2858 2859 2860 2860
4 2859 2861 2860 2860
4 2860 2861 2862 2862
4 2863 2864 2860 2860
4 2864 2865 2860 2860
4 2860 2865 2858 2858
4 2866 2867 2860 2860
4 2867 2868 2860 2860
4 2860 2868 2863 2863
4 2869 2870 2860 2860
4 2870 2871 2860 2860
4 2860 2871 2866 2866
4 2872 2873 2860 2860
4 2873 2874 2860 2860
4 2860 2874 2869 2869
4 2875 2876 2860 2860
4 2876 2877 2860 2860
4 2860 2877 2872 2872
4 2878 2879 2860 2860
4 2879 2880 2860 2860
4 2860 2880 2875 2875
4 2881 2882 2860 2860
4 2882 2883 2860 2860
4 2860 2883 2878 2878
4 2884 2885 2860 2860
4 2885 2886 2860 2860
4 2860 2886 2881 2881
4 2887 2888 2860 2860
4 2888 2889 2860 2860
4 2860 2889 2884 2884
4 2890 2891 2860 2860
4 2891 2892 2860 2860
4 2860 2892 2887 2887
4 2893 2894 2860 2860
4 2894 2895 2860 2860
4 2860 2895 2890 2890
4 2896 2897 2860 2860
4 2897 2898 2860 2860
4 2860 2898 2893 2893
4 2899 2900 2860 2860
4 2900 2901 2860 2860
4 2860 2901 2896 2896
4 2902 2903 2860 2860
4 2903 2904 2860 2860
4 2860 2904 2899 2899
4 2905 2906 2860 2860
4 2906 2907 2860 2860
4 2860 2907 2902 2902
4 2908 2909 2860 2860
4 2909 2910 2860 2860
4 2860 2910 2905 2905
4 2911 2912 2860 2860
4 2912 2913 2860 2860
4 2860 2913 2908 2908
4 2914 2915 2860 2860
4 2915 2916 2860 2860
4 2860 2916 2911 2911
4 2917 2918 2860 2860
4 2918 2919 2860 2860
4 2860 2919 2914 2914
4 2920 2921 2860 2860
4 2921 2922 2860 2860
4 2860 2922 2917 2917
4 2923 2924 2860 2860
4 2924 2925 2860 2860
4 2860 2925 2920 2920
4 2926 2927 2860 2860
4 2927 2928 2860 2860
4 2860 2928 2923 2923
4 2862 2929 2860 2860
4 2929 2930 2860 2860
4 2860 2930 2926 2926
4 2898 2931 2893 2893
4 2931 2932 2893 2893
4 2893 2932 2894 2894
4 2932 2933 2894 2894
4 2894 2933 2895 2895
4 2933 2934 2895 2895
4 2895 2934 2890 2890
4 2934 2935 2890 2890
4 2890 2935 2891 2891
4 2935 2936 2891 2891
4 2891 2936 2892 2892
4 2936 2937 2892 2892
4 2892 2937 2887 2887
4 2937 2938 2887 2887
4 2887 2938 2888 2888
4 2938 2939 2888 2888
4 2888 2939 2889 2889
4 2939 2940 2889 2889
4 2889 2940 2884 2884
4 2940 2941 2884 2884
4 2884 2941 2885 2885
4 2941 2942 2885 2885
4 2885 2942 2886 2886
4 2942 2943 2886 2886
4 2886 2943 2881 2881
4 2943 2944 2881 2881
4 2881 2944 2882 2882
4 2944 2945 2882 2882
4 2882 2945 2883 2883
4 2945 2946 2883 2883
4 2883 2946 2878 2878
4 2946 2947 2878 2878
4 2878 2947 2879 2879
4 2947 2948 2879 2879
4 2879 2948 2880 2880
4 2948 2949 2880 2880
4 2880 2949 2875 2875
4 2949 2950 2875 2875
4 2875 2950 2876 2876
4 2950 2951 2876 2876
4 2876 2951 2877 2877
4 2951 2952 2877 2877
4 2877 2952 2872 2872
4 2952 2953 2872 2872
4 2872 2953 2873 2873
4 2953 2954 2873 2873
4 2873 2954 2874 2874
4 2954 2955 2874 2874
4 2874 2955 2869 2869
4 2955 2956 2869 2869
4 2869 2956 2870 2870
4 2956 2957 2870 2870
4 2870 2957 2871 2871
4 2957 2958 2871 2871
4 2871 2958 2866 2866
4 2958 2959 2866 2866
4 2866 2959 2867 2867
4 2959 2960 2867 2867
4 2867 2960 2868 2868
4 2960 2961 2868 2868
4 2868 2961 2863 2863
4 2961 2962 2863 2863
4 2863 2962 2864 2864
4 2962 2963 2864 2864
4 2864 2963 2865 2865
4 2963 2964 2865 2865
4 2865 2964 2858 2858
4 2964 2965 2858 2858
4 2858 2965 2859 2859
4 2965 2966 2859 2859
4 2859 2966 2861 2861
4 2966 2967 2861 2861
4 2861 2967 2862 2862
4 2967 2968 2862 2862
4 2862 2968 2929 2929
4 2968 2969 2929 2929
4 2929 2969 2930 2930
4 2969 2970 2930 2930
4 2930 2970 2926 2926
4 2970 2971 2926 2926
4 2926 2971 2927 2927
4 2971 2972 2927 2927
4 2927 2972 2928 2928
4 2972 2973 2928 2928
4 2928 2973 2923 2923
4 2973 2974 2923 2923
4 2923 2974 2924 2924
4 2974 2975 2924 2924
4 2924 2975 2925 2925
4 2975 2976 2925 2925
4 2925 2976 2920 2920
4 2976 2977 2920 2920
4 2920 2977 2921 2921
4 2977 2978 2921 2921
4 2921 2978 2922 2922
4 2978 2979 2922 2922
4 2922 2979 2917 2917
4 2979 2980 2917 2917
4 2917 2980 2918 2918
4 2980 2981 2918 2918
4 2918 2981 2919 2919
4 2981 2982 2919 2919
4 2919 2982 2914 2914
4 2982 2983 2914 2914
4 2914 2983 2915 2915
4 2983 2984 2915 2915
4 2915 2984 2916 2916
4 2984 2985 2916 2916
4 2916 2985 2911 2911
4 2985 2986 2911 2911
4 2911 2986 2912 2912
4 2986 2987 2912 2912
4 2912 2987 2913 2913
4 2987 2988 2913 2913
4 2913 2988 2908 2908
4 2988 2989 2908 2908
4 2908 2989 2909 2909
4 2989 2990 2909 2909
4 2909 2990 2910 2910
4 2990 2991 2910 2910
4 2910 2991 2905 2905
4 2991 2992 2905 2905
4 2905 2992 2906 2906
4 2992 2993 2906 2906
4 2906 2993 2907 2907
4 2993 2994 2907 2907
4 2907 2994 2902 2902
4 2994 2995 2902 2902
4 2902 2995 2903 2903
4 2995 2996 2903 2903
4 2903 2996 2904 2904
4 2996 2997 2904 2904
4 2904 2997 2899 2899
4 2997 2998 2899 2899
4 2899 2998 2900 2900
4 2998 2999 2900 2900
4 2900 2999 2901 2901
4 2999 3000 2901 2901
4 2901 3000 2896 2896
4 3000 3001 2896 2896
4 2896 3001 2897 2897
4 3001 3002 2897 2897
4 2897 3002 2898 2898
4 3002 2931 2898 2898
4 2968 2967 3003 3003
4 2967 2966 3003 3003
4 3003 2966 2965 2965
4 2971 2970 3003 3003
4 2970 2969 3003 3003
4 3003 2969 2968 2968
4 2974 2973 3003 3003
4 2973 2972 3003 3003
4 3003 2972 2971 2971
4 2977 2976 3003 3003
4 2976 2975 3003 3003
4 3003 2975 2974 2974
4 2980 2979 3003 3003
4 2979 2978 3003 3003
4 3003 2978 2977 2977
4 2983 2982 3003 3003
4 2982 2981 3003 3003
4 3003 2981 2980 2980
4 2986 2985 3003 3003
4 2985 2984 3003 3003
4 3003 2984 2983 2983
4 2989 2988 3003 3003
4 2988 2987 3003 3003
4 3003 2987 2986 2986
4 2992 2991 3003 3003
4 2991 2990 3003 3003
4 3003 2990 2989 2989
4 2995 2994 3003 3003
4 2994 2993 3003 3003
4 3003 2993 2992 2992
4 2998 2997 3003 3003
4 2997 2996 3003 3003
4 3003 2996 2995 2995
4 3001 3000 3003 3003
4 3000 2999 3003 3003
4 3003 2999 2998 2998
4 2932 2931 3003 3003
4 2931 3002 3003 3003
4 3003 3002 3001 3001
4 2935 2934 3003 3003
4 2934 2933 3003 3003
4 3003 2933 2932 2932
4 2938 2937 3003 3003
4 2937 2936 3003 3003
4 3003 2936 2935 2935
4 2941 2940 3003 3003
4 2940 2939 3003 3003
4 3003 2939 2938 2938
4 2944 2943 3003 3003
4 2943 2942 3003 3003
4 3003 2942 2941 2941
4 2947 2946 3003 3003
4 2946 2945 3003 3003
4 3003 2945 2944 2944
4 2950 2949 3003 3003
4 2949 2948 3003 3003
4 3003 2948 2947 2947
4 2953 2952 3003 3003
4 2952 2951 3003 3003
4 3003 2951 2950 2950
4 2956 2955 3003 3003
4 2955 2954 3003 3003
4 3003 2954 2953 2953
4 2959 2958 3003 3003
4 2958 2957 3003 3003
4 3003 2957 2956 2956
4 2962 2961 3003 3003
4 2961 2960 3003 3003
4 3003 2960 2959 2959
4 2965 2964 3003 3003
4 2964 2963 3003 3003
4 3003 2963 2962 2962
4 3004 3005 3006 3006
4 3007 3008 3009 3009
4 3010 3011 3012 3012
4 3013 3014 3015 3015
4 3016 3017 3018 3018
4 3017 3019 3018 3018
4 3018 3019 3020 3020
4 3020 3019 3021 3021
4 3019 3022 3021 3021
4 3021 3022 3023 3023
4 3023 3022 3024 3024
4 3022 3025 3024 3024
4 3024 3025 3026 3026
4 3026 3025 3027 3027
4 3025 3028 3027 3027
4 3027 3028 3029 3029
4 3030 3031 3028 3028
4 3031 3032 3028 3028
4 3028 3032 3029 3029
4 3033 3034 3030 3030
4 3034 3035 3030 3030
4 3030 3035 3031 3031
4 3036 3037 3038 3038
4 3037 3039 3038 3038
4 3038 3039 3033 3033
4 3039 3040 3033 3033
4 3033 3040 3034 3034
4 3036 3038 3041 3041
4 3038 3042 3041 3041
4 3041 3042 3043 3043
4 3043 3042 3044 3044
4 3042 3045 3044 3044
4 3044 3045 3046 3046
4 3046 3045 3047 3047
4 3045 3048 3047 3047
4 3047 3048 3049 3049
4 3050 3051 3052 3052
4 3050 3052 3053 3053
4 3052 3054 3053 3053
4 3054 3055 3053 3053
4 3053 3055 3048 3048
4 3055 3056 3048 3048
4 3048 3056 3049 3049
4 3057 3058 3059 3059
4 3059 3060 3057 3057
4 3060 3061 3057 3057
4 3057 3061 3050 3050
4 3061 3062 3050 3050
4 3050 3062 3051 3051
4 3063 3064 3065 3065
4 3064 3066 3065 3065
4 3066 3067 3065 3065
4 3067 3068 3065 3065
4 3065 3068 3058 3058
4 3068 3069 3058 3058
4 3058 3069 3059 3059
4 3070 3071 3072 3072
4 3071 3073 3072 3072
4 3073 3074 3072 3072
4 3074 3075 3072 3072
4 3072 3075 3063 3063
4 3075 3076 3063 3063
4 3063 3076 3064 3064
4 3077 3078 3079 3079
4 3078 3080 3079 3079
4 3079 3080 3081 3081
4 3081 3080 3082 3082
4 3080 3083 3082 3082
4 3082 3083 3084 3084
4 3084 3083 3085 3085
4 3083 3086 3085 3085
4 3085 3086 3087 3087
4 3087 3086 3088 3088
4 3086 3089 3088 3088
4 3088 3089 3090 3090
4 3091 3092 3089 3089
4 3092 3093 3089 3089
4 3089 3093 3090 3090
4 3094 3095 3091 3091
4 3095 3096 3091 3091
4 3091 3096 3092 3092
4 3097 3098 3094 3094
4 3098 3099 3094 3094
4 3094 3099 3095 3095
4 3100 3101 3102 3102
4 3101 3103 3102 3102
4 3102 3103 3097 3097
4 3103 3104 3097 3097
4 3097 3104 3098 3098
4 3100 3102 3105 3105
4 3102 3106 3105 3105
4 3105 3106 3107 3107
4 3107 3106 3108 3108
4 3106 3109 3108 3108
4 3108 3109 3110 3110
4 3110 3109 3111 3111
4 3109 3112 3111 3111
4 3111 3112 3113 3113
4 3114 3115 3116 3116
4 3114 3116 3112 3112
4 3116 3117 3112 3112
4 3112 3117 3113 3113
4 3115 3114 3118 3118
4 3114 3119 3118 3118
4 3118 3119 3120 3120
4 3120 3119 3121 3121
4 3119 3122 3121 3121
4 3121 3122 3123 3123
4 3124 3125 3126 3126
4 3124 3126 3127 3127
4 3126 3128 3127 3127
4 3128 3129 3127 3127
4 3127 3129 3122 3122
4 3129 3130 3122 3122
4 3122 3130 3123 3123
4 3131 3132 3133 3133
4 3133 3134 3131 3131
4 3134 3135 3131 3131
4 3131 3135 3124 3124
4 3135 3136 3124 3124
4 3124 3136 3125 3125
4 3137 3138 3139 3139
4 3138 3140 3139 3139
4 3139 3140 3141 3141
4 3140 3142 3141 3141
4 3141 3142 3143 3143
4 3142 3144 3143 3143
4 3143 3144 3145 3145
4 3144 3146 3145 3145
4 3145 3146 3147 3147
4 3146 3148 3147 3147
4 3147 3148 3149 3149
4 3148 3150 3149 3149
4 3149 3150 3151 3151
4 3150 3152 3151 3151
4 3151 3152 3153 3153
4 3152 3154 3153 3153
4 3153 3154 3155 3155
4 3154 3156 3155 3155
4 3155 3156 3157 3157
4 3156 3158 3157 3157
4 3157 3158 3159 3159
4 3158 3160 3159 3159
4 3159 3160 3161 3161
4 3160 3162 3161 3161
4 3161 3162 3163 3163
4 3162 3164 3163 3163
4 3163 3164 3165 3165
4 3164 3166 3165 3165
4 3165 3166 3167 3167
4 3168 3137 3169 3169
4 3137 3139 3169 3169
4 3169 3139 3170 3170
4 3139 3141 3170 3170
4 3170 3141 3171 3171
4 3141 3143 3171 3171
4 3171 3143 3172 3172
4 3143 3145 3172 3172
4 3172 3145 3173 3173
4 3145 3147 3173 3173
4 3173 3147 3174 3174
4 3147 3149 3174 3174
4 3174 3149 3175 3175
4 3149 3151 3175 3175
4 3175 3151 3176 3176
4 3151 3153 3176 3176
4 3176 3153 3177 3177
4 3153 3155 3177 3177
4 3177 3155 3178 3178
4 3155 3157 3178 3178
4 3178 3157 3179 3179
4 3157 3159 3179 3179
4 3179 3159 3180 3180
4 3159 3161 3180 3180
4 3180 3161 3181 3181
4 3161 3163 3181 3181
4 3181 3163 3182 3182
4 3163 3165 3182 3182
4 3182 3165 3183 3183
4 3165 3167 3183 3183
4 3183 3167 3184 3184
4 3017 3168 3019 3019
4 3168 3169 3019 3019
4 3019 3169 3022 3022
4 3169 3170 3022 3022
4 3022 3170 3025 3025
4 3170 3171 3025 3025
4 3025 3171 3028 3028
4 3171 3172 3028 3028
4 3028 3172 3030 3030
4 3172 3173 3030 3030
4 3030 3173 3033 3033
4 3173 3174 3033 3033
4 3033 3174 3038 3038
4 3174 3175 3038 3038
4 3038 3175 3042 3042
4 3175 3176 3042 3042
4 3042 3176 3045 3045
4 3176 3177 3045 3045
4 3045 3177 3048 3048
4 3177 3178 3048 3048
4 3048 3178 3053 3053
4 3178 3179 3053 3053
4 3053 3179 3050 3050
4 3179 3180 3050 3050
4 3050 3180 3057 3057
4 3180 3181 3057 3057
4 3057 3181 3058 3058
4 3181 3182 3058 3058
4 3058 3182 3065 3065
4 3182 3183 3065 3065
4 3065 3183 3063 3063
4 3183 3184 3063 3063
4 3063 3184 3072 3072
4 3185 3186 3187 3187
4 3188 3189 3190 3190
4 3189 3191 3190 3190
4 3190 3191 3192 3192
4 3191 3193 3192 3192
4 3192 3193 3194 3194
4 3193 3195 3194 3194
4 3194 3195 3196 3196
4 3195 3197 3196 3196
4 3196 3197 3198 3198
4 3197 3199 3198 3198
4 3198 3199 3200 3200
4 3199 3201 3200 3200
4 3200 3201 3202 3202
4 3201 3203 3202 3202
4 3202 3203 3204 3204
4 3203 3205 3204 3204
4 3204 3205 3206 3206
4 3205 3207 3206 3206
4 3206 3207 3208 3208
4 3207 3209 3208 3208
4 3208 3209 3210 3210
4 3209 3211 3210 3210
4 3210 3211 3212 3212
4 3211 3213 3212 3212
4 3212 3213 3214 3214
4 3213 3215 3214 3214
4 3214 3215 3216 3216
4 3215 3217 3216 3216
4 3216 3217 3218 3218
4 3217 3219 3218 3218
4 3218 3219 3220 3220
4 3219 3221 3220 3220
4 3220 3221 3222 3222
4 3221 3223 3222 3222
4 3189 3224 3191 3191
4 3224 3225 3191 3191
4 3191 3225 3193 3193
4 3225 3226 3193 3193
4 3193 3226 3195 3195
4 3226 3227 3195 3195
4 3195 3227 3197 3197
4 3227 3228 3197 3197
4 3197 3228 3199 3199
4 3228 3229 3199 3199
4 3199 3229 3201 3201
4 3229 3230 3201 3201
4 3201 3230 3203 3203
4 3230 3231 3203 3203
4 3203 3231 3205 3205
4 3231 3232 3205 3205
4 3205 3232 3207 3207
4 3232 3233 3207 3207
4 3207 3233 3209 3209
4 3233 3234 3209 3209
4 3209 3234 3211 3211
4 3234 3235 3211 3211
4 3211 3235 3213 3213
4 3235 3236 3213 3213
4 3213 3236 3215 3215
4 3236 3237 3215 3215
4 3215 3237 3217 3217
4 3237 3238 3217 3217
4 3217 3238 3219 3219
4 3238 3239 3219 3219
4 3219 3239 3221 3221
4 3239 3240 3221 3221
4 3221 3240 3223 3223
4 3240 3241 3223 3223
4 3224 3242 3225 3225
4 3242 3243 3225 3225
4 3225 3243 3226 3226
4 3243 3244 3226 3226
4 3226 3244 3227 3227
4 3244 3245 3227 3227
4 3227 3245 3228 3228
4 3245 3246 3228 3228
4 3228 3246 3229 3229
4 3246 3247 3229 3229
4 3229 3247 3230 3230
4 3247 3248 3230 3230
4 3230 3248 3231 3231
4 3248 3249 3231 3231
4 3231 3249 3232 3232
4 3249 3250 3232 3232
4 3232 3250 3233 3233
4 3250 3251 3233 3233
4 3233 3251 3234 3234
4 3251 3252 3234 3234
4 3234 3252 3235 3235
4 3252 3253 3235 3235
4 3235 3253 3236 3236
4 3253 3254 3236 3236
4 3236 3254 3237 3237
4 3254 3255 3237 3237
4 3237 3255 3238 3238
4 3255 3256 3238 3238
4 3238 3256 3239 3239
4 3256 3257 3239 3239
4 3239 3257 3240 3240
4 3257 3258 3240 3240
4 3240 3258 3241 3241
4 3258 3259 3241 3241
4 3242 3260 3243 3243
4 3260 3261 3243 3243
4 3243 3261 3244 3244
4 3261 3262 3244 3244
4 3244 3262 3245 3245
4 3262 3263 3245 3245
4 3245 3263 3246 3246
4 3263 3264 3246 3246
4 3246 3264 3247 3247
4 3264 3265 3247 3247
4 3247 3265 3248 3248
4 3265 3266 3248 3248
4 3248 3266 3249 3249
4 3266 3267 3249 3249
4 3249 3267 3250 3250
4 3267 3268 3250 3250
4 3250 3268 3251 3251
4 3268 3269 3251 3251
4 3251 3269 3252 3252
4 3269 3270 3252 3252
4 3252 3270 3253 3253
4 3270 3271 3253 3253
4 3253 3271 3254 3254
4 3271 3272 3254 3254
4 3254 3272 3255 3255
4 3272 3273 3255 3255
4 3255 3273 3256 3256
4 3273 3274 3256 3256
4 3256 3274 3257 3257
4 3274 3275 3257 3257
4 3257 3275 3258 3258
4 3275 3276 3258 3258
4 3258 3276 3259 3259
4 3276 3277 3259 3259
4 3260 3278 3261 3261
4 3278 3279 3261 3261
4 3261 3279 3262 3262
4 3279 3280 3262 3262
4 3262 3280 3263 3263
4 3280 3281 3263 3263
4 3263 3281 3264 3264
4 3281 3282 3264 3264
4 3264 3282 3265 3265
4 3282 3283 3265 3265
4 3265 3283 3266 3266
4 3283 3284 3266 3266
4 3266 3284 3267 3267
4 3284 3285 3267 3267
4 3267 3285 3268 3268
4 3285 3286 3268 3268
4 3268 3286 3269 3269
4 3286 3287 3269 3269
4 3269 3287 3270 3270
4 3287 3288 3270 3270
4 3270 3288 3271 3271
4 3288 3289 3271 3271
4 3271 3289 3272 3272
4 3289 3290 3272 3272
4 3272 3290 3273 3273
4 3290 3291 3273 3273
4 3273 3291 3274 3274
4 3291 3292 3274 3274
4 3274 3292 3275 3275
4 3292 3293 3275 3275
4 3275 3293 3276 3276
4 3293 3294 3276 3276
4 3276 3294 3277 3277
4 3294 3295 3277 3277
4 3278 3296 3279 3279
4 3296 3297 3279 3279
4 3279 3297 3280 3280
4 3297 3298 3280 3280
4 3280 3298 3281 3281
4 3298 3299 3281 3281
4 3281 3299 3282 3282
4 3299 3300 3282 3282
4 3282 3300 3283 3283
4 3300 3301 3283 3283
4 3283 3301 3284 3284
4 3301 3302 3284 3284
4 3284 3302 3285 3285
4 3302 3303 3285 3285
4 3285 3303 3286 3286
4 3303 3304 3286 3286
4 3286 3304 3287 3287
4 3304 3305 3287 3287
4 3287 3305 3288 3288
4 3305 3306 3288 3288
4 3288 3306 3289 3289
4 3306 3307 3289 3289
4 3289 3307 3290 3290
4 3307 3308 3290 3290
4 3290 3308 3291 3291
4 3308 3309 3291 3291
4 3291 3309 3292 3292
4 3309 3310 3292 3292
4 3292 3310 3293 3293
4 3310 3311 3293 3293
4 3293 3311 3294 3294
4 3311 3312 3294 3294
4 3294 3312 3295 3295
4 3312 3313 3295 3295
4 3296 3314 3297 3297
4 3314 3315 3297 3297
4 3297 3315 3298 3298
4 3315 3316 3298 3298
4 3298 3316 3299 3299
4 3316 3317 3299 3299
4 3299 3317 3300 3300
4 3317 3318 3300 3300
4 3300 3318 3301 3301
4 3318 3319 3301 3301
4 3301 3319 3302 3302
4 3319 3320 3302 3302
4 3302 3320 3303 3303
4 3320 3321 3303 3303
4 3303 3321 3304 3304
4 3321 3322 3304 3304
4 3304 3322 3305 3305
4 3322 3323 3305 3305
4 3305 3323 3306 3306
4 3323 3324 3306 3306
4 3306 3324 3307 3307
4 3324 3325 3307 3307
4 3307 3325 3308 3308
4 3325 3326 3308 3308
4 3308 3326 3309 3309
4 3326 3327 3309 3309
4 3309 3327 3310 3310
4 3327 3328 3310 3310
4 3310 3328 3311 3311
4 3328 3329 3311 3311
4 3311 3329 3312 3312
4 3329 3330 3312 3312
4 3312 3330 3313 3313
4 3330 3331 3313 3313
4 3314 3332 3315 3315
4 3332 3333 3315 3315
4 3315 3333 3316 3316
4 3333 3334 3316 3316
4 3316 3334 3317 3317
4 3334 3335 3317 3317
4 3317 3335 3318 3318
4 3335 3336 3318 3318
4 3318 3336 3319 3319
4 3336 3337 3319 3319
4 3319 3337 3320 3320
4 3337 3338 3320 3320
4 3320 3338 3321 3321
4 3338 3339 3321 3321
4 3321 3339 3322 3322
4 3339 3340 3322 3322
4 3322 3340 3323 3323
4 3340 3341 3323 3323
4 3323 3341 3324 3324
4 3341 3342 3324 3324
4 3324 3342 3325 3325
4 3342 3343 3325 3325
4 3325 3343 3326 3326
4 3343 3344 3326 3326
4 3326 3344 3327 3327
4 3344 3345 3327 3327
4 3327 3345 3328 3328
4 3345 3346 3328 3328
4 3328 3346 3329 3329
4 3346 3347 3329 3329
4 3329 3347 3330 3330
4 3347 3348 3330 3330
4 3330 3348 3331 3331
4 3348 3349 3331 3331
4 3332 3350 3333 3333
4 3350 3351 3333 3333
4 3333 3351 3334 3334
4 3351 3352 3334 3334
4 3334 3352 3335 3335
4 3352 3353 3335 3335
4 3335 3353 3336 3336
4 3353 3354 3336 3336
4 3336 3354 3337 3337
4 3354 3355 3337 3337
4 3337 3355 3338 3338
4 3355 3356 3338 3338
4 3338 3356 3339 3339
4 3356 3357 3339 3339
4 3339 3357 3340 3340
4 3357 3358 3340 3340
4 3340 3358 3341 3341
4 3358 3359 3341 3341
4 3341 3359 3342 3342
4 3359 3360 3342 3342
4 3342 3360 3343 3343
4 3360 3361 3343 3343
4 3343 3361 3344 3344
4 3361 3362 3344 3344
4 3344 3362 3345 3345
4 3362 3363 3345 3345
4 3345 3363 3346 3346
4 3363 3364 3346 3346
4 3346 3364 3347 3347
4 3364 3365 3347 3347
4 3347 3365 3348 3348
4 3365 3366 3348 3348
4 3348 3366 3349 3349
4 3366 3367 3349 3349
4 3166 3368 3167 3167
4 3368 3369 3167 3167
4 3167 3369 3184 3184
4 3369 3015 3184 3184
4 3184 3015 3072 3072
4 3015 3014 3072 3072
4 3072 3014 3070 3070
4 3368 3185 3369 3369
4 3185 3187 3369 3369
4 3369 3187 3015 3015
4 3187 3370 3015 3015
4 3015 3370 3013 3013
4 3371 3372 3186 3186
4 3372 3373 3186 3186
4 3186 3373 3187 3187
4 3373 3374 3187 3187
4 3187 3374 3370 3370
4 3375 3376 3367 3367
4 3376 3377 3367 3367
4 3367 3377 3349 3349
4 3377 3378 3349 3349
4 3349 3378 3331 3331
4 3378 3379 3331 3331
4 3331 3379 3313 3313
4 3379 3380 3313 3313
4 3313 3380 3295 3295
4 3380 3381 3295 3295
4 3295 3381 3277 3277
4 3381 3382 3277 3277
4 3277 3382 3259 3259
4 3382 3383 3259 3259
4 3259 3383 3241 3241
4 3383 3384 3241 3241
4 3241 3384 3223 3223
4 3384 3371 3223 3223
4 3223 3371 3222 3222
4 3371 3186 3222 3222
4 3222 3186 3220 3220
4 3186 3185 3220 3220
4 3220 3185 3218 3218
4 3185 3368 3218 3218
4 3218 3368 3216 3216
4 3368 3166 3216 3216
4 3216 3166 3214 3214
4 3166 3164 3214 3214
4 3214 3164 3212 3212
4 3164 3162 3212 3212
4 3212 3162 3210 3210
4 3162 3160 3210 3210
4 3210 3160 3208 3208
4 3160 3158 3208 3208
4 3208 3158 3206 3206
4 3158 3156 3206 3206
4 3206 3156 3204 3204
4 3156 3154 3204 3204
4 3204 3154 3202 3202
4 3154 3152 3202 3202
4 3202 3152 3200 3200
4 3152 3150 3200 3200
4 3200 3150 3198 3198
4 3150 3148 3198 3198
4 3198 3148 3196 3196
4 3148 3146 3196 3196
4 3196 3146 3194 3194
4 3146 3144 3194 3194
4 3194 3144 3192 3192
4 3144 3142 3192 3192
4 3192 3142 3190 3190
4 3142 3140 3190 3190
4 3190 3140 3188 3188
4 3140 3138 3188 3188
4 3011 3375 3012 3012
4 3375 3367 3012 3012
4 3012 3367 3385 3385
4 3367 3366 3385 3385
4 3385 3366 3386 3386
4 3366 3365 3386 3386
4 3386 3365 3387 3387
4 3365 3364 3387 3387
4 3387 3364 3388 3388
4 3364 3363 3388 3388
4 3388 3363 3389 3389
4 3363 3362 3389 3389
4 3389 3362 3390 3390
4 3362 3361 3390 3390
4 3390 3361 3391 3391
4 3361 3360 3391 3391
4 3391 3360 3392 3392
4 3360 3359 3392 3392
4 3392 3359 3393 3393
4 3359 3358 3393 3393
4 3393 3358 3394 3394
4 3358 3357 3394 3394
4 3394 3357 3395 3395
4 3357 3356 3395 3395
4 3395 3356 3396 3396
4 3356 3355 3396 3396
4 3396 3355 3397 3397
4 3355 3354 3397 3397
4 3397 3354 3398 3398
4 3354 3353 3398 3398
4 3398 3353 3399 3399
4 3353 3352 3399 3399
4 3399 3352 3400 3400
4 3352 3351 3400 3400
4 3400 3351 3401 3401
4 3351 3350 3401 3401
4 3008 3010 3009 3009
4 3010 3012 3009 3009
4 3009 3012 3402 3402
4 3012 3385 3402 3402
4 3402 3385 3403 3403
4 3385 3386 3403 3403
4 3403 3386 3404 3404
4 3386 3387 3404 3404
4 3404 3387 3405 3405
4 3387 3388 3405 3405
4 3405 3388 3406 3406
4 3388 3389 3406 3406
4 3406 3389 3407 3407
4 3389 3390 3407 3407
4 3407 3390 3408 3408
4 3390 3391 3408 3408
4 3408 3391 3409 3409
4 3391 3392 3409 3409
4 3409 3392 3410 3410
4 3392 3393 3410 3410
4 3410 3393 3411 3411
4 3393 3394 3411 3411
4 3411 3394 3412 3412
4 3394 3395 3412 3412
4 3412 3395 3413 3413
4 3395 3396 3413 3413
4 3413 3396 3414 3414
4 3396 3397 3414 3414
4 3414 3397 3415 3415
4 3397 3398 3415 3415
4 3415 3398 3416 3416
4 3398 3399 3416 3416
4 3416 3399 3417 3417
4 3399 3400 3417 3417
4 3417 3400 3418 3418
4 3400 3401 3418 3418
4 3005 3007 3006 3006
4 3007 3009 3006 3006
4 3006 3009 3419 3419
4 3009 3402 3419 3419
4 3419 3402 3420 3420
4 3402 3403 3420 3420
4 3420 3403 3421 3421
4 3403 3404 3421 3421
4 3421 3404 3422 3422
4 3404 3405 3422 3422
4 3422 3405 3423 3423
4 3405 3406 3423 3423
4 3423 3406 3424 3424
4 3406 3407 3424 3424
4 3424 3407 3425 3425
4 3407 3408 3425 3425
4 3425 3408 3426 3426
4 3408 3409 3426 3426
4 3426 3409 3427 3427
4 3409 3410 3427 3427
4 3427 3410 3428 3428
4 3410 3411 3428 3428
4 3428 3411 3429 3429
4 3411 3412 3429 3429
4 3429 3412 3430 3430
4 3412 3413 3430 3430
4 3430 3413 3431 3431
4 3413 3414 3431 3431
4 3431 3414 3432 3432
4 3414 3415 3432 3432
4 3432 3415 3433 3433
4 3415 3416 3433 3433
4 3433 3416 3434 3434
4 3416 3417 3434 3434
4 3434 3417 3435 3435
4 3417 3418 3435 3435
4 3078 3004 3080 3080
4 3004 3006 3080 3080
4 3080 3006 3083 3083
4 3006 3419 3083 3083
4 3083 3419 3086 3086
4 3419 3420 3086 3086
4 3086 3420 3089 3089
4 3420 3421 3089 3089
4 3089 3421 3091 3091
4 3421 3422 3091 3091
4 3091 3422 3094 3094
4 3422 3423 3094 3094
4 3094 3423 3097 3097
4 3423 3424 3097 3097
4 3097 3424 3102 3102
4 3424 3425 3102 3102
4 3102 3425 3106 3106
4 3425 3426 3106 3106
4 3106 3426 3109 3109
4 3426 3427 3109 3109
4 3109 3427 3112 3112
4 3427 3428 3112 3112
4 3112 3428 3114 3114
4 3428 3429 3114 3114
4 3114 3429 3119 3119
4 3429 3430 3119 3119
4 3119 3430 3122 3122
4 3430 3431 3122 3122
4 3122 3431 3127 3127
4 3431 3432 3127 3127
4 3127 3432 3124 3124
4 3432 3433 3124 3124
4 3124 3433 3131 3131
4 3433 3434 3131 3131
4 3131 3434 3132 3132
4 3434 3435 3132 3132
4 3073 3436 3437 3437
4 3073 3437 3074 3074
4 3021 3023 3437 3437
4 3023 3024 3437 3437
4 3437 3024 3026 3026
4 3437 3438 3016 3016
4 3067 3066 3437 3437
4 3066 3064 3437 3437
4 3016 3018 3437 3437
4 3018 3020 3437 3437
4 3437 3020 3021 3021
4 3034 3040 3437 3437
4 3040 3039 3437 3437
4 3437 3039 3037 3037
4 3047 3049 3437 3437
4 3049 3056 3437 3437
4 3437 3056 3055 3055
4 3060 3059 3437 3437
4 3064 3076 3437 3437
4 3076 3075 3437 3437
4 3437 3075 3074 3074
4 3026 3027 3437 3437
4 3027 3029 3437 3437
4 3437 3029 3032 3032
4 3037 3036 3437 3437
4 3036 3041 3437 3437
4 3437 3041 3043 3043
4 3059 3069 3437 3437
4 3069 3068 3437 3437
4 3437 3068 3067 3067
4 3032 3031 3437 3437
4 3031 3035 3437 3437
4 3437 3035 3034 3034
4 3043 3044 3437 3437
4 3044 3046 3437 3437
4 3437 3046 3047 3047
4 3055 3054 3437 3437
4 3054 3052 3437 3437
4 3437 3052 3051 3051
4 3051 3062 3437 3437
4 3062 3061 3437 3437
4 3437 3061 3060 3060
4 3073 3071 3436 3436
4 3071 3439 3436 3436
4 3071 3070 3439 3439
4 3070 3014 3439 3439
4 3439 3014 3440 3440
4 3014 3013 3440 3440
4 3013 3370 3440 3440
4 3440 3370 3441 3441
4 3370 3374 3441 3441
4 3374 3373 3441 3441
4 3441 3373 3442 3442
4 3373 3372 3442 3442
4 3372 3371 3442 3442
4 3442 3371 3443 3443
4 3371 3384 3443 3443
4 3443 3384 3444 3444
4 3384 3383 3444 3444
4 3444 3383 3445 3445
4 3383 3382 3445 3445
4 3445 3382 3446 3446
4 3382 3381 3446 3446
4 3446 3381 3447 3447
4 3381 3380 3447 3447
4 3447 3380 3448 3448
4 3380 3379 3448 3448
4 3448 3379 3449 3449
4 3379 3378 3449 3449
4 3449 3378 3450 3450
4 3378 3377 3450 3450
4 3450 3377 3451 3451
4 3377 3376 3451 3451
4 3451 3376 3452 3452
4 3376 3375 3452 3452
4 3452 3375 3453 3453
4 3375 3454 3453 3453
4 3375 3011 3454 3454
4 3011 3010 3454 3454
4 3454 3010 3455 3455
4 3010 3008 3455 3455
4 3008 3007 3455 3455
4 3455 3007 3456 3456
4 3007 3005 3456 3456
4 3005 3004 3456 3456
4 3456 3004 3457 3457
4 3004 3078 3457 3457
4 3457 3078 3077 3077
4 3134 3133 3090 3090
4 3133 3458 3090 3090
4 3090 3458 3088 3088
4 3082 3084 3458 3458
4 3084 3085 3458 3458
4 3085 3087 3458 3458
4 3458 3087 3088 3088
4 3098 3104 3128 3128
4 3128 3117 3116 3116
4 3108 3110 3128 3128
4 3090 3126 3125 3125
4 3459 3457 3458 3458
4 3457 3077 3458 3458
4 3077 3079 3458 3458
4 3079 3081 3458 3458
4 3458 3081 3082 3082
4 3092 3096 3128 3128
4 3110 3111 3128 3128
4 3111 3113 3128 3128
4 3128 3113 3117 3117
4 3125 3136 3090 3090
4 3136 3135 3090 3090
4 3090 3135 3134 3134
4 3096 3095 3128 3128
4 3095 3099 3128 3128
4 3128 3099 3098 3098
4 3104 3103 3128 3128
4 3103 3101 3128 3128
4 3128 3101 3100 3100
4 3115 3118 3120 3120
4 3123 3130 3116 3116
4 3130 3129 3116 3116
4 3116 3129 3128 3128
4 3126 3090 3128 3128
4 3090 3093 3128 3128
4 3128 3093 3092 3092
4 3100 3105 3128 3128
4 3105 3107 3128 3128
4 3128 3107 3108 3108
4 3115 3120 3116 3116
4 3120 3121 3116 3116
4 3116 3121 3123 3123
4 3457 3459 3456 3456
4 3459 3460 3456 3456
4 3456 3460 3455 3455
4 3460 3461 3455 3455
4 3455 3461 3454 3454
4 3461 3462 3454 3454
4 3454 3462 3453 3453
4 3462 3463 3453 3453
4 3453 3463 3452 3452
4 3463 3464 3452 3452
4 3452 3464 3451 3451
4 3464 3465 3451 3451
4 3451 3465 3450 3450
4 3465 3466 3450 3450
4 3450 3466 3449 3449
4 3466 3467 3449 3449
4 3449 3467 3448 3448
4 3467 3468 3448 3448
4 3448 3468 3447 3447
4 3468 3469 3447 3447
4 3447 3469 3446 3446
4 3469 3470 3446 3446
4 3446 3470 3445 3445
4 3470 3471 3445 3445
4 3445 3471 3444 3444
4 3471 3472 3444 3444
4 3444 3472 3443 3443
4 3472 3473 3443 3443
4 3443 3473 3442 3442
4 3473 3474 3442 3442
4 3442 3474 3441 3441
4 3474 3475 3441 3441
4 3441 3475 3440 3440
4 3475 3476 3440 3440
4 3440 3476 3439 3439
4 3476 3477 3439 3439
4 3439 3477 3436 3436
4 3477 3437 3436 3436
4 3459 3458 3478 3478
4 3459 3478 3460 3460
4 3478 3479 3460 3460
4 3460 3479 3461 3461
4 3479 3480 3461 3461
4 3461 3480 3462 3462
4 3480 3481 3462 3462
4 3462 3481 3463 3463
4 3481 3482 3463 3463
4 3463 3482 3464 3464
4 3482 3483 3464 3464
4 3464 3483 3465 3465
4 3483 3484 3465 3465
4 3465 3484 3466 3466
4 3484 3485 3466 3466
4 3466 3485 3467 3467
4 3485 3486 3467 3467
4 3467 3486 3468 3468
4 3486 3487 3468 3468
4 3468 3487 3469 3469
4 3487 3488 3469 3469
4 3469 3488 3470 3470
4 3488 3489 3470 3470
4 3470 3489 3471 3471
4 3489 3490 3471 3471
4 3471 3490 3472 3472
4 3490 3491 3472 3472
4 3472 3491 3473 3473
4 3491 3492 3473 3473
4 3473 3492 3474 3474
4 3492 3493 3474 3474
4 3474 3493 3475 3475
4 3493 3494 3475 3475
4 3475 3494 3476 3476
4 3494 3495 3476 3476
4 3476 3495 3477 3477
4 3495 3438 3477 3477
4 3477 3438 3437 3437
4 3016 3438 3017 3017
4 3438 3495 3017 3017
4 3017 3495 3168 3168
4 3495 3494 3168 3168
4 3168 3494 3137 3137
4 3494 3493 3137 3137
4 3137 3493 3138 3138
4 3493 3492 3138 3138
4 3138 3492 3188 3188
4 3492 3491 3188 3188
4 3188 3491 3189 3189
4 3491 3490 3189 3189
4 3189 3490 3224 3224
4 3490 3489 3224 3224
4 3224 3489 3242 3242
4 3489 3488 3242 3242
4 3242 3488 3260 3260
4 3488 3487 3260 3260
4 3260 3487 3278 3278
4 3487 3486 3278 3278
4 3278 3486 3296 3296
4 3486 3485 3296 3296
4 3296 3485 3314 3314
4 3485 3484 3314 3314
4 3314 3484 3332 3332
4 3484 3483 3332 3332
4 3332 3483 3350 3350
4 3483 3482 3350 3350
4 3350 3482 3401 3401
4 3482 3481 3401 3401
4 3401 3481 3418 3418
4 3481 3480 3418 3418
4 3418 3480 3435 3435
4 3480 3479 3435 3435
4 3435 3479 3132 3132
4 3479 3478 3132 3132
4 3132 3478 3133 3133
4 3478 3458 3133 3133
4 3496 3497 3498 3498
4 3499 3500 3501 3501
4 3502 3503 3504 3504
4 3505 3506 3507 3507
4 3508 3509 3510 3510
4 3509 3511 3510 3510
4 3510 3511 3512 3512
4 3512 3511 3513 3513
4 3511 3514 3513 3513
4 3513 3514 3515 3515
4 3515 3514 3516 3516
4 3514 3517 3516 3516
4 3516 3517 3518 3518
4 3518 3517 3519 3519
4 3517 3520 3519 3519
4 3519 3520 3521 3521
4 3522 3523 3520 3520
4 3523 3524 3520 3520
4 3520 3524 3521 3521
4 3525 3526 3522 3522
4 3526 3527 3522 3522
4 3522 3527 3523 3523
4 3528 3529 3530 3530
4 3529 3531 3530 3530
4 3530 3531 3525 3525
4 3531 3532 3525 3525
4 3525 3532 3526 3526
4 3528 3530 3533 3533
4 3530 3534 3533 3533
4 3533 3534 3535 3535
4 3535 3534 3536 3536
4 3534 3537 3536 3536
4 3536 3537 3538 3538
4 3538 3537 3539 3539
4 3537 3540 3539 3539
4 3539 3540 3541 3541
4 3542 3543 3544 3544
4 3542 3544 3545 3545
4 3544 3546 3545 3545
4 3546 3547 3545 3545
4 3545 3547 3540 3540
4 3547 3548 3540 3540
4 3540 3548 3541 3541
4 3549 3550 3551 3551
4 3551 3552 3549 3549
4 3552 3553 3549 3549
4 3549 3553 3542 3542
4 3553 3554 3542 3542
4 3542 3554 3543 3543
4 3555 3556 3557 3557
4 3556 3558 3557 3557
4 3558 3559 3557 3557
4 3559 3560 3557 3557
4 3557 3560 3550 3550
4 3560 3561 3550 3550
4 3550 3561 3551 3551
4 3562 3563 3564 3564
4 3563 3565 3564 3564
4 3565 3566 3564 3564
4 3566 3567 3564 3564
4 3564 3567 3555 3555
4 3567 3568 3555 3555
4 3555 3568 3556 3556
4 3569 3570 3571 3571
4 3570 3572 3571 3571
4 3571 3572 3573 3573
4 3573 3572 3574 3574
4 3572 3575 3574 3574
4 3574 3575 3576 3576
4 3576 3575 3577 3577
4 3575 3578 3577 3577
4 3577 3578 3579 3579
4 3579 3578 3580 3580
4 3578 3581 3580 3580
4 3580 3581 3582 3582
4 3583 3584 3581 3581
4 3584 3585 3581 3581
4 3581 3585 3582 3582
4 3586 3587 3583 3583
4 3587 3588 3583 3583
4 3583 3588 3584 3584
4 3589 3590 3586 3586
4 3590 3591 3586 3586
4 3586 3591 3587 3587
4 3592 3593 3594 3594
4 3593 3595 3594 3594
4 3594 3595 3589 3589
4 3595 3596 3589 3589
4 3589 3596 3590 3590
4 3592 3594 3597 3597
4 3594 3598 3597 3597
4 3597 3598 3599 3599
4 3599 3598 3600 3600
4 3598 3601 3600 3600
4 3600 3601 3602 3602
4 3602 3601 3603 3603
4 3601 3604 3603 3603
4 3603 3604 3605 3605
4 3606 3607 3608 3608
4 3606 3608 3604 3604
4 3608 3609 3604 3604
4 3604 3609 3605 3605
4 3607 3606 3610 3610
4 3606 3611 3610 3610
4 3610 3611 3612 3612
4 3612 3611 3613 3613
4 3611 3614 3613 3613
4 3613 3614 3615 3615
4 3616 3617 3618 3618
4 3616 3618 3619 3619
4 3618 3620 3619 3619
4 3620 3621 3619 3619
4 3619 3621 3614 3614
4 3621 3622 3614 3614
4 3614 3622 3615 3615
4 3623 3624 3625 3625
4 3625 3626 3623 3623
4 3626 3627 3623 3623
4 3623 3627 3616 3616
4 3627 3628 3616 3616
4 3616 3628 3617 3617
4 3629 3630 3631 3631
4 3630 3632 3631 3631
4 3631 3632 3633 3633
4 3632 3634 3633 3633
4 3633 3634 3635 3635
4 3634 3636 3635 3635
4 3635 3636 3637 3637
4 3636 3638 3637 3637
4 3637 3638 3639 3639
4 3638 3640 3639 3639
4 3639 3640 3641 3641
4 3640 3642 3641 3641
4 3641 3642 3643 3643
4 3642 3644 3643 3643
4 3643 3644 3645 3645
4 3644 3646 3645 3645
4 3645 3646 3647 3647
4 3646 3648 3647 3647
4 3647 3648 3649 3649
4 3648 3650 3649 3649
4 3649 3650 3651 3651
4 3650 3652 3651 3651
4 3651 3652 3653 3653
4 3652 3654 3653 3653
4 3653 3654 3655 3655
4 3654 3656 3655 3655
4 3655 3656 3657 3657
4 3656 3658 3657 3657
4 3657 3658 3659 3659
4 3660 3629 3661 3661
4 3629 3631 3661 3661
4 3661 3631 3662 3662
4 3631 3633 3662 3662
4 3662 3633 3663 3663
4 3633 3635 3663 3663
4 3663 3635 3664 3664
4 3635 3637 3664 3664
4 3664 3637 3665 3665
4 3637 3639 3665 3665
4 3665 3639 3666 3666
4 3639 3641 3666 3666
4 3666 3641 3667 3667
4 3641 3643 3667 3667
4 3667 3643 3668 3668
4 3643 3645 3668 3668
4 3668 3645 3669 3669
4 3645 3647 3669 3669
4 3669 3647 3670 3670
4 3647 3649 3670 3670
4 3670 3649 3671 3671
4 3649 3651 3671 3671
4 3671 3651 3672 3672
4 3651 3653 3672 3672
4 3672 3653 3673 3673
4 3653 3655 3673 3673
4 3673 3655 3674 3674
4 3655 3657 3674 3674
4 3674 3657 3675 3675
4 3657 3659 3675 3675
4 3675 3659 3676 3676
4 3509 3660 3511 3511
4 3660 3661 3511 3511
4 3511 3661 3514 3514
4 3661 3662 3514 3514
4 3514 3662 3517 3517
4 3662 3663 3517 3517
4 3517 3663 3520 3520
4 3663 3664 3520 3520
4 3520 3664 3522 3522
4 3664 3665 3522 3522
4 3522 3665 3525 3525
4 3665 3666 3525 3525
4 3525 3666 3530 3530
4 3666 3667 3530 3530
4 3530 3667 3534 3534
4 3667 3668 3534 3534
4 3534 3668 3537 3537
4 3668 3669 3537 3537
4 3537 3669 3540 3540
4 3669 3670 3540 3540
4 3540 3670 3545 3545
4 3670 3671 3545 3545
4 3545 3671 3542 3542
4 3671 3672 3542 3542
4 3542 3672 3549 3549
4 3672 3673 3549 3549
4 3549 3673 3550 3550
4 3673 3674 3550 3550
4 3550 3674 3557 3557
4 3674 3675 3557 3557
4 3557 3675 3555 3555
4 3675 3676 3555 3555
4 3555 3676 3564 3564
4 3677 3678 3679 3679
4 3680 3681 3682 3682
4 3681 3683 3682 3682
4 3682 3683 3684 3684
4 3683 3685 3684 3684
4 3684 3685 3686 3686
4 3685 3687 3686 3686
4 3686 3687 3688 3688
4 3687 3689 3688 3688
4 3688 3689 3690 3690
4 3689 3691 3690 3690
4 3690 3691 3692 3692
4 3691 3693 3692 3692
4 3692 3693 3694 3694
4 3693 3695 3694 3694
4 3694 3695 3696 3696
4 3695 3697 3696 3696
4 3696 3697 3698 3698
4 3697 3699 3698 3698
4 3698 3699 3700 3700
4 3699 3701 3700 3700
4 3700 3701 3702 3702
4 3701 3703 3702 3702
4 3702 3703 3704 3704
4 3703 3705 3704 3704
4 3704 3705 3706 3706
4 3705 3707 3706 3706
4 3706 3707 3708 3708
4 3707 3709 3708 3708
4 3708 3709 3710 3710
4 3709 3711 3710 3710
4 3710 3711 3712 3712
4 3711 3713 3712 3712
4 3712 3713 3714 3714
4 3713 3715 3714 3714
4 3681 3716 3683 3683
4 3716 3717 3683 3683
4 3683 3717 3685 3685
4 3717 3718 3685 3685
4 3685 3718 3687 3687
4 3718 3719 3687 3687
4 3687 3719 3689 3689
4 3719 3720 3689 3689
4 3689 3720 3691 3691
4 3720 3721 3691 3691
4 3691 3721 3693 3693
4 3721 3722 3693 3693
4 3693 3722 3695 3695
4 3722 3723 3695 3695
4 3695 3723 3697 3697
4 3723 3724 3697 3697
4 3697 3724 3699 3699
4 3724 3725 3699 3699
4 3699 3725 3701 3701
4 3725 3726 3701 3701
4 3701 3726 3703 3703
4 3726 3727 3703 3703
4 3703 3727 3705 3705
4 3727 3728 3705 3705
4 3705 3728 3707 3707
4 3728 3729 3707 3707
4 3707 3729 3709 3709
4 3729 3730 3709 3709
4 3709 3730 3711 3711
4 3730 3731 3711 3711
4 3711 3731 3713 3713
4 3731 3732 3713 3713
4 3713 3732 3715 3715
4 3732 3733 3715 3715
4 3716 3734 3717 3717
4 3734 3735 3717 3717
4 3717 3735 3718 3718
4 3735 3736 3718 3718
4 3718 3736 3719 3719
4 3736 3737 3719 3719
4 3719 3737 3720 3720
4 3737 3738 3720 3720
4 3720 3738 3721 3721
4 3738 3739 3721 3721
4 3721 3739 3722 3722
4 3739 3740 3722 3722
4 3722 3740 3723 3723
4 3740 3741 3723 3723
4 3723 3741 3724 3724
4 3741 3742 3724 3724
4 3724 3742 3725 3725
4 3742 3743 3725 3725
4 3725 3743 3726 3726
4 3743 3744 3726 3726
4 3726 3744 3727 3727
4 3744 3745 3727 3727
4 3727 3745 3728 3728
4 3745 3746 3728 3728
4 3728 3746 3729 3729
4 3746 3747 3729 3729
4 3729 3747 3730 3730
4 3747 3748 3730 3730
4 3730 3748 3731 3731
4 3748 3749 3731 3731
4 3731 3749 3732 3732
4 3749 3750 3732 3732
4 3732 3750 3733 3733
4 3750 3751 3733 3733
4 3734 3752 3735 3735
4 3752 3753 3735 3735
4 3735 3753 3736 3736
4 3753 3754 3736 3736
4 3736 3754 3737 3737
4 3754 3755 3737 3737
4 3737 3755 3738 3738
4 3755 3756 3738 3738
4 3738 3756 3739 3739
4 3756 3757 3739 3739
4 3739 3757 3740 3740
4 3757 3758 3740 3740
4 3740 3758 3741 3741
4 3758 3759 3741 3741
4 3741 3759 3742 3742
4 3759 3760 3742 3742
4 3742 3760 3743 3743
4 3760 3761 3743 3743
4 3743 3761 3744 3744
4 3761 3762 3744 3744
4 3744 3762 3745 3745
4 3762 3763 3745 3745
4 3745 3763 3746 3746
4 3763 3764 3746 3746
4 3746 3764 3747 3747
4 3764 3765 3747 3747
4 3747 3765 3748 3748
4 3765 3766 3748 3748
4 3748 3766 3749 3749
4 3766 3767 3749 3749
4 3749 3767 3750 3750
4 3767 3768 3750 3750
4 3750 3768 3751 3751
4 3768 3769 3751 3751
4 3752 3770 3753 3753
4 3770 3771 3753 3753
4 3753 3771 3754 3754
4 3771 3772 3754 3754
4 3754 3772 3755 3755
4 3772 3773 3755 3755
4 3755 3773 3756 3756
4 3773 3774 3756 3756
4 3756 3774 3757 3757
4 3774 3775 3757 3757
4 3757 3775 3758 3758
4 3775 3776 3758 3758
4 3758 3776 3759 3759
4 3776 3777 3759 3759
4 3759 3777 3760 3760
4 3777 3778 3760 3760
4 3760 3778 3761 3761
4 3778 3779 3761 3761
4 3761 3779 3762 3762
4 3779 3780 3762 3762
4 3762 3780 3763 3763
4 3780 3781 3763 3763
4 3763 3781 3764 3764
4 3781 3782 3764 3764
4 3764 3782 3765 3765
4 3782 3783 3765 3765
4 3765 3783 3766 3766
4 3783 3784 3766 3766
4 3766 3784 3767 3767
4 3784 3785 3767 3767
4 3767 3785 3768 3768
4 3785 3786 3768 3768
4 3768 3786 3769 3769
4 3786 3787 3769 3769
4 3770 3788 3771 3771
4 3788 3789 3771 3771
4 3771 3789 3772 3772
4 3789 3790 3772 3772
4 3772 3790 3773 3773
4 3790 3791 3773 3773
4 3773 3791 3774 3774
4 3791 3792 3774 3774
4 3774 3792 3775 3775
4 3792 3793 3775 3775
4 3775 3793 3776 3776
4 3793 3794 3776 3776
4 3776 3794 3777 3777
4 3794 3795 3777 3777
4 3777 3795 3778 3778
4 3795 3796 3778 3778
4 3778 3796 3779 3779
4 3796 3797 3779 3779
4 3779 3797 3780 3780
4 3797 3798 3780 3780
4 3780 3798 3781 3781
4 3798 3799 3781 3781
4 3781 3799 3782 3782
4 3799 3800 3782 3782
4 3782 3800 3783 3783
4 3800 3801 3783 3783
4 3783 3801 3784 3784
4 3801 3802 3784 3784
4 3784 3802 3785 3785
4 3802 3803 3785 3785
4 3785 3803 3786 3786
4 3803 3804 3786 3786
4 3786 3804 3787 3787
4 3804 3805 3787 3787
4 3788 3806 3789 3789
4 3806 3807 3789 3789
4 3789 3807 3790 3790
4 3807 3808 3790 3790
4 3790 3808 3791 3791
4 3808 3809 3791 3791
4 3791 3809 3792 3792
4 3809 3810 3792 3792
4 3792 3810 3793 3793
4 3810 3811 3793 3793
4 3793 3811 3794 3794
4 3811 3812 3794 3794
4 3794 3812 3795 3795
4 3812 3813 3795 3795
4 3795 3813 3796 3796
4 3813 3814 3796 3796
4 3796 3814 3797 3797
4 3814 3815 3797 3797
4 3797 3815 3798 3798
4 3815 3816 3798 3798
4 3798 3816 3799 3799
4 3816 3817 3799 3799
4 3799 3817 3800 3800
4 3817 3818 3800 3800
4 3800 3818 3801 3801
4 3818 3819 3801 3801
4 3801 3819 3802 3802
4 3819 3820 3802 3802
4 3802 3820 3803 3803
4 3820 3821 3803 3803
4 3803 3821 3804 3804
4 3821 3822 3804 3804
4 3804 3822 3805 3805
4 3822 3823 3805 3805
4 3806 3824 3807 3807
4 3824 3825 3807 3807
4 3807 3825 3808 3808
4 3825 3826 3808 3808
4 3808 3826 3809 3809
4 3826 3827 3809 3809
4 3809 3827 3810 3810
4 3827 3828 3810 3810
4 3810 3828 3811 3811
4 3828 3829 3811 3811
4 3811 3829 3812 3812
4 3829 3830 3812 3812
4 3812 3830 3813 3813
4 3830 3831 3813 3813
4 3813 3831 3814 3814
4 3831 3832 3814 3814
4 3814 3832 3815 3815
4 3832 3833 3815 3815
4 3815 3833 3816 3816
4 3833 3834 3816 3816
4 3816 3834 3817 3817
4 3834 3835 3817 3817
4 3817 3835 3818 3818
4 3835 3836 3818 3818
4 3818 3836 3819 3819
4 3836 3837 3819 3819
4 3819 3837 3820 3820
4 3837 3838 3820 3820
4 3820 3838 3821 3821
4 3838 3839 3821 3821
4 3821 3839 3822 3822
4 3839 3840 3822 3822
4 3822 3840 3823 3823
4 3840 3841 3823 3823
4 3824 3842 3825 3825
4 3842 3843 3825 3825
4 3825 3843 3826 3826
4 3843 3844 3826 3826
4 3826 3844 3827 3827
4 3844 3845 3827 3827
4 3827 3845 3828 3828
4 3845 3846 3828 3828
4 3828 3846 3829 3829
4 3846 3847 3829 3829
4 3829 3847 3830 3830
4 3847 3848 3830 3830
4 3830 3848 3831 3831
4 3848 3849 3831 3831
4 3831 3849 3832 3832
4 3849 3850 3832 3832
4 3832 3850 3833 3833
4 3850 3851 3833 3833
4 3833 3851 3834 3834
4 3851 3852 3834 3834
4 3834 3852 3835 3835
4 3852 3853 3835 3835
4 3835 3853 3836 3836
4 3853 3854 3836 3836
4 3836 3854 3837 3837
4 3854 3855 3837 3837
4 3837 3855 3838 3838
4 3855 3856 3838 3838
4 3838 3856 3839 3839
4 3856 3857 3839 3839
4 3839 3857 3840 3840
4 3857 3858 3840 3840
4 3840 3858 3841 3841
4 3858 3859 3841 3841
4 3658 3860 3659 3659
4 3860 3861 3659 3659
4 3659 3861 3676 3676
4 3861 3507 3676 3676
4 3676 3507 3564 3564
4 3507 3506 3564 3564
4 3564 3506 3562 3562
4 3860 3677 3861 3861
4 3677 3679 3861 3861
4 3861 3679 3507 3507
4 3679 3862 3507 3507
4 3507 3862 3505 3505
4 3863 3864 3678 3678
4 3864 3865 3678 3678
4 3678 3865 3679 3679
4 3865 3866 3679 3679
4 3679 3866 3862 3862
4 3867 3868 3859 3859
4 3868 3869 3859 3859
4 3859 3869 3841 3841
4 3869 3870 3841 3841
4 3841 3870 3823 3823
4 3870 3871 3823 3823
4 3823 3871 3805 3805
4 3871 3872 3805 3805
4 3805 3872 3787 3787
4 3872 3873 3787 3787
4 3787 3873 3769 3769
4 3873 3874 3769 3769
4 3769 3874 3751 3751
4 3874 3875 3751 3751
4 3751 3875 3733 3733
4 3875 3876 3733 3733
4 3733 3876 3715 3715
4 3876 3863 3715 3715
4 3715 3863 3714 3714
4 3863 3678 3714 3714
4 3714 3678 3712 3712
4 3678 3677 3712 3712
4 3712 3677 3710 3710
4 3677 3860 3710 3710
4 3710 3860 3708 3708
4 3860 3658 3708 3708
4 3708 3658 3706 3706
4 3658 3656 3706 3706
4 3706 3656 3704 3704
4 3656 3654 3704 3704
4 3704 3654 3702 3702
4 3654 3652 3702 3702
4 3702 3652 3700 3700
4 3652 3650 3700 3700
4 3700 3650 3698 3698
4 3650 3648 3698 3698
4 3698 3648 3696 3696
4 3648 3646 3696 3696
4 3696 3646 3694 3694
4 3646 3644 3694 3694
4 3694 3644 3692 3692
4 3644 3642 3692 3692
4 3692 3642 3690 3690
4 3642 3640 3690 3690
4 3690 3640 3688 3688
4 3640 3638 3688 3688
4 3688 3638 3686 3686
4 3638 3636 3686 3686
4 3686 3636 3684 3684
4 3636 3634 3684 3684
4 3684 3634 3682 3682
4 3634 3632 3682 3682
4 3682 3632 3680 3680
4 3632 3630 3680 3680
4 3503 3867 3504 3504
4 3867 3859 3504 3504
4 3504 3859 3877 3877
4 3859 3858 3877 3877
4 3877 3858 3878 3878
4 3858 3857 3878 3878
4 3878 3857 3879 3879
4 3857 3856 3879 3879
4 3879 3856 3880 3880
4 3856 3855 3880 3880
4 3880 3855 3881 3881
4 3855 3854 3881 3881
4 3881 3854 3882 3882
4 3854 3853 3882 3882
4 3882 3853 3883 3883
4 3853 3852 3883 3883
4 3883 3852 3884 3884
4 3852 3851 3884 3884
4 3884 3851 3885 3885
4 3851 3850 3885 3885
4 3885 3850 3886 3886
4 3850 3849 3886 3886
4 3886 3849 3887 3887
4 3849 3848 3887 3887
4 3887 3848 3888 3888
4 3848 3847 3888 3888
4 3888 3847 3889 3889
4 3847 3846 3889 3889
4 3889 3846 3890 3890
4 3846 3845 3890 3890
4 3890 3845 3891 3891
4 3845 3844 3891 3891
4 3891 3844 3892 3892
4 3844 3843 3892 3892
4 3892 3843 3893 3893
4 3843 3842 3893 3893
4 3500 3502 3501 3501
4 3502 3504 3501 3501
4 3501 3504 3894 3894
4 3504 3877 3894 3894
4 3894 3877 3895 3895
4 3877 3878 3895 3895
4 3895 3878 3896 3896
4 3878 3879 3896 3896
4 3896 3879 3897 3897
4 3879 3880 3897 3897
4 3897 3880 3898 3898
4 3880 3881 3898 3898
4 3898 3881 3899 3899
4 3881 3882 3899 3899
4 3899 3882 3900 3900
4 3882 3883 3900 3900
4 3900 3883 3901 3901
4 3883 3884 3901 3901
4 3901 3884 3902 3902
4 3884 3885 3902 3902
4 3902 3885 3903 3903
4 3885 3886 3903 3903
4 3903 3886 3904 3904
4 3886 3887 3904 3904
4 3904 3887 3905 3905
4 3887 3888 3905 3905
4 3905 3888 3906 3906
4 3888 3889 3906 3906
4 3906 3889 3907 3907
4 3889 3890 3907 3907
4 3907 3890 3908 3908
4 3890 3891 3908 3908
4 3908 3891 3909 3909
4 3891 3892 3909 3909
4 3909 3892 3910 3910
4 3892 3893 3910 3910
4 3497 3499 3498 3498
4 3499 3501 3498 3498
4 3498 3501 3911 3911
4 3501 3894 3911 3911
4 3911 3894 3912 3912
4 3894 3895 3912 3912
4 3912 3895 3913 3913
4 3895 3896 3913 3913
4 3913 3896 3914 3914
4 3896 3897 3914 3914
4 3914 3897 3915 3915
4 3897 3898 3915 3915
4 3915 3898 3916 3916
4 3898 3899 3916 3916
4 3916 3899 3917 3917
4 3899 3900 3917 3917
4 3917 3900 3918 3918
4 3900 3901 3918 3918
4 3918 3901 3919 3919
4 3901 3902 3919 3919
4 3919 3902 3920 3920
4 3902 3903 3920 3920
4 3920 3903 3921 3921
4 3903 3904 3921 3921
4 3921 3904 3922 3922
4 3904 3905 3922 3922
4 3922 3905 3923 3923
4 3905 3906 3923 3923
4 3923 3906 3924 3924
4 3906 3907 3924 3924
4 3924 3907 3925 3925
4 3907 3908 3925 3925
4 3925 3908 3926 3926
4 3908 3909 3926 3926
4 3926 3909 3927 3927
4 3909 3910 3927 3927
4 3570 3496 3572 3572
4 3496 3498 3572 3572
4 3572 3498 3575 3575
4 3498 3911 3575 3575
4 3575 3911 3578 3578
4 3911 3912 3578 3578
4 3578 3912 3581 3581
4 3912 3913 3581 3581
4 3581 3913 3583 3583
4 3913 3914 3583 3583
4 3583 3914 3586 3586
4 3914 3915 3586 3586
4 3586 3915 3589 3589
4 3915 3916 3589 3589
4 3589 3916 3594 3594
4 3916 3917 3594 3594
4 3594 3917 3598 3598
4 3917 3918 3598 3598
4 3598 3918 3601 3601
4 3918 3919 3601 3601
4 3601 3919 3604 3604
4 3919 3920 3604 3604
4 3604 3920 3606 3606
4 3920 3921 3606 3606
4 3606 3921 3611 3611
4 3921 3922 3611 3611
4 3611 3922 3614 3614
4 3922 3923 3614 3614
4 3614 3923 3619 3619
4 3923 3924 3619 3619
4 3619 3924 3616 3616
4 3924 3925 3616 3616
4 3616 3925 3623 3623
4 3925 3926 3623 3623
4 3623 3926 3624 3624
4 3926 3927 3624 3624
4 3565 3928 3929 3929
4 3565 3929 3566 3566
4 3513 3515 3929 3929
4 3515 3516 3929 3929
4 3929 3516 3518 3518
4 3929 3930 3508 3508
4 3559 3558 3929 3929
4 3558 3556 3929 3929
4 3508 3510 3929 3929
4 3510 3512 3929 3929
4 3929 3512 3513 3513
4 3526 3532 3929 3929
4 3532 3531 3929 3929
4 3929 3531 3529 3529
4 3539 3541 3929 3929
4 3541 3548 3929 3929
4 3929 3548 3547 3547
4 3552 3551 3929 3929
4 3556 3568 3929 3929
4 3568 3567 3929 3929
4 3929 3567 3566 3566
4 3518 3519 3929 3929
4 3519 3521 3929 3929
4 3929 3521 3524 3524
4 3529 3528 3929 3929
4 3528 3533 3929 3929
4 3929 3533 3535 3535
4 3551 3561 3929 3929
4 3561 3560 3929 3929
4 3929 3560 3559 3559
4 3524 3523 3929 3929
4 3523 3527 3929 3929
4 3929 3527 3526 3526
4 3535 3536 3929 3929
4 3536 3538 3929 3929
4 3929 3538 3539 3539
4 3547 3546 3929 3929
4 3546 3544 3929 3929
4 3929 3544 3543 3543
4 3543 3554 3929 3929
4 3554 3553 3929 3929
4 3929 3553 3552 3552
4 3565 3563 3928 3928
4 3563 3931 3928 3928
4 3563 3562 3931 3931
4 3562 3506 3931 3931
4 3931 3506 3932 3932
4 3506 3505 3932 3932
4 3505 3862 3932 3932
4 3932 3862 3933 3933
4 3862 3866 3933 3933
4 3866 3865 3933 3933
4 3933 3865 3934 3934
4 3865 3864 3934 3934
4 3864 3863 3934 3934
4 3934 3863 3935 3935
4 3863 3876 3935 3935
4 3935 3876 3936 3936
4 3876 3875 3936 3936
4 3936 3875 3937 3937
4 3875 3874 3937 3937
4 3937 3874 3938 3938
4 3874 3873 3938 3938
4 3938 3873 3939 3939
4 3873 3872 3939 3939
4 3939 3872 3940 3940
4 3872 3871 3940 3940
4 3940 3871 3941 3941
4 3871 3870 3941 3941
4 3941 3870 3942 3942
4 3870 3869 3942 3942
4 3942 3869 3943 3943
4 3869 3868 3943 3943
4 3943 3868 3944 3944
4 3868 3867 3944 3944
4 3944 3867 3945 3945
4 3867 3946 3945 3945
4 3867 3503 3946 3946
4 3503 3502 3946 3946
4 3946 3502 3947 3947
4 3502 3500 3947 3947
4 3500 3499 3947 3947
4 3947 3499 3948 3948
4 3499 3497 3948 3948
4 3497 3496 3948 3948
4 3948 3496 3949 3949
4 3496 3570 3949 3949
4 3949 3570 3569 3569
4 3626 3625 3582 3582
4 3625 3950 3582 3582
4 3582 3950 3580 3580
4 3574 3576 3950 3950
4 3576 3577 3950 3950
4 3577 3579 3950 3950
4 3950 3579 3580 3580
4 3590 3596 3620 3620
4 3620 3609 3608 3608
4 3600 3602 3620 3620
4 3582 3618 3617 3617
4 3951 3949 3950 3950
4 3949 3569 3950 3950
4 3569 3571 3950 3950
4 3571 3573 3950 3950
4 3950 3573 3574 3574
4 3584 3588 3620 3620
4 3602 3603 3620 3620
4 3603 3605 3620 3620
4 3620 3605 3609 3609
4 3617 3628 3582 3582
4 3628 3627 3582 3582
4 3582 3627 3626 3626
4 3588 3587 3620 3620
4 3587 3591 3620 3620
4 3620 3591 3590 3590
4 3596 3595 3620 3620
4 3595 3593 3620 3620
4 3620 3593 3592 3592
4 3607 3610 3612 3612
4 3615 3622 3608 3608
4 3622 3621 3608 3608
4 3608 3621 3620 3620
4 3618 3582 3620 3620
4 3582 3585 3620 3620
4 3620 3585 3584 3584
4 3592 3597 3620 3620
4 3597 3599 3620 3620
4 3620 3599 3600 3600
4 3607 3612 3608 3608
4 3612 3613 3608 3608
4 3608 3613 3615 3615
4 3949 3951 3948 3948
4 3951 3952 3948 3948
4 3948 3952 3947 3947
4 3952 3953 3947 3947
4 3947 3953 3946 3946
4 3953 3954 3946 3946
4 3946 3954 3945 3945
4 3954 3955 3945 3945
4 3945 3955 3944 3944
4 3955 3956 3944 3944
4 3944 3956 3943 3943
4 3956 3957 3943 3943
4 3943 3957 3942 3942
4 3957 3958 3942 3942
4 3942 3958 3941 3941
4 3958 3959 3941 3941
4 3941 3959 3940 3940
4 3959 3960 3940 3940
4 3940 3960 3939 3939
4 3960 3961 3939 3939
4 3939 3961 3938 3938
4 3961 3962 3938 3938
4 3938 3962 3937 3937
4 3962 3963 3937 3937
4 3937 3963 3936 3936
4 3963 3964 3936 3936
4 3936 3964 3935 3935
4 3964 3965 3935 3935
4 3935 3965 3934 3934
4 3965 3966 3934 3934
4 3934 3966 3933 3933
4 3966 3967 3933 3933
4 3933 3967 3932 3932
4 3967 3968 3932 3932
4 3932 3968 3931 3931
4 3968 3969 3931 3931
4 3931 3969 3928 3928
4 3969 3929 3928 3928
4 3951 3950 3970 3970
4 3951 3970 3952 3952
4 3970 3971 3952 3952
4 3952 3971 3953 3953
4 3971 3972 3953 3953
4 3953 3972 3954 3954
4 3972 3973 3954 3954
4 3954 3973 3955 3955
4 3973 3974 3955 3955
4 3955 3974 3956 3956
4 3974 3975 3956 3956
4 3956 3975 3957 3957
4 3975 3976 3957 3957
4 3957 3976 3958 3958
4 3976 3977 3958 3958
4 3958 3977 3959 3959
4 3977 3978 3959 3959
4 3959 3978 3960 3960
4 3978 3979 3960 3960
4 3960 3979 3961 3961
4 3979 3980 3961 3961
4 3961 3980 3962 3962
4 3980 3981 3962 3962
4 3962 3981 3963 3963
4 3981 3982 3963 3963
4 3963 3982 3964 3964
4 3982 3983 3964 3964
4 3964 3983 3965 3965
4 3983 3984 3965 3965
4 3965 3984 3966 3966
4 3984 3985 3966 3966
4 3966 3985 3967 3967
4 3985 3986 3967 3967
4 3967 3986 3968 3968
4 3986 3987 3968 3968
4 3968 3987 3969 3969
4 3987 3930 3969 3969
4 3969 3930 3929 3929
4 3508 3930 3509 3509
4 3930 3987 3509 3509
4 3509 3987 3660 3660
4 3987 3986 3660 3660
4 3660 3986 3629 3629
4 3986 3985 3629 3629
4 3629 3985 3630 3630
4 3985 3984 3630 3630
4 3630 3984 3680 3680
4 3984 3983 3680 3680
4 3680 3983 3681 3681
4 3983 3982 3681 3681
4 3681 3982 3716 3716
4 3982 3981 3716 3716
4 3716 3981 3734 3734
4 3981 3980 3734 3734
4 3734 3980 3752 3752
4 3980 3979 3752 3752
4 3752 3979 3770 3770
4 3979 3978 3770 3770
4 3770 3978 3788 3788
4 3978 3977 3788 3788
4 3788 3977 3806 3806
4 3977 3976 3806 3806
4 3806 3976 3824 3824
4 3976 3975 3824 3824
4 3824 3975 3842 3842
4 3975 3974 3842 3842
4 3842 3974 3893 3893
4 3974 3973 3893 3893
4 3893 3973 3910 3910
4 3973 3972 3910 3910
4 3910 3972 3927 3927
4 3972 3971 3927 3927
4 3927 3971 3624 3624
4 3971 3970 3624 3624
4 3624 3970 3625 3625
4 3970 3950 3625 3625
4 3988 3989 3990 3990
4 3989 3991 3990 3990
4 3992 3993 3994 3994
4 3993 3995 3994 3994
4 3995 3993 3990 3990
4 3993 3988 3990 3990
4 3993 3992 3988 3988
4 3992 3989 3988 3988
4 3994 3995 3991 3991
4 3995 3990 3991 3991
4 3992 3994 3989 3989
4 3994 3991 3989 3989

CELL_TYPES 7964
5
5
5
5
5
5
5
5
5
5
5
5
5
5
5
5
5
5
5
5
5
5
5
5
5
5
5
5
5
5
5
5
5
5
5
5
5
5
5
5
5
5
5
5
5
5
5
5
5
5
5
5
5
5
5
5
5
5
5
5
5
5
5
5
5
5
5
5
5
5
5
5
5
5
5
5
5
5
5
5
5
5
5
5
5
5
5
5
5
5
5
5
5
5
5
5
5
5
5
5
5
5
5
5
5
5
5
5
5
5
5
5
5
5
5
5
5
5
5
5
5
5
5
5
5
5
5
5
5
5
5
5
5
5
5
5
5
5
5
5
5
5
5
5
5
5
5
5
5
5
5
5
5
5
5
5
5
5
5
5
5
5
5
5
5
5
5
5
5
5
5
5
5
5
5
5
5
5
5
5
5
5
5
5
5
5
5
5
5
5
5
5
5
5
5
5
5
5
5
5
5
5
5
5
5
5
5
5
5
5
5
5
5
5
5
5
5
5
5
5
5
5
5
5
5
5
5
5
5
5
5
5
5
5
5
5
5
5
5
5
5
5
5
5
5
5
5
5
5
5
5
5
5
5
5
5
5
5
5
5
5
5
5
5
5
5
5
5
5
5
5
5
5
5
5
5
5
5
5
5
5
5
5
5
5
5
5
5
5
5
5
5
5
5
5
5
5
5
5
5
5
5
5
5
5
5
5
5
5
5
5
5
5
5
5
5
5
5
5
5
5
5
5
5
5
5
5
5
5
5
5
5
5
5
5
5
5
5
5
5
5
5
5
5
5
5
5
5
5
5
5
5
5
5
5
5
5
5
5
5
5
5
5
5
5
5
5
5
5
5
5
5
5
5
5
5
5
5
5
5
5
5
5
5
5
5
5
5
5
5
5
5
5
5
5
5
5
5
5
5
5
5
5
5
5
5
5
5
5
5
5
5
5
5
5
5
5
5
5
5
5
5
5
5
5
5
5
5
5
5
5
5
5
5
5
5
5
5
5
5
5
5
5
5
5
5
5
5
5
5
5
5
5
5
5
5
5
5
5
5
5
5
5
5
5
5
5
5
5
5
5
5
5
5
5
5
5
5
5
5
5
5
5
5
5
5
5
5
5
5
5
5
5
5
5
5
5
5
5
5
5
5
5
5
5
5
5
5
5
5
5
5
5
5
5
5
5
5
5
5
5
5
5
5
5
5
5
5
5
5
5
5
5
5
5
5
5
5
5
5
5
5
5
5
5
5
5
5
5
5
5
5
5
5
5
5
5
5
5
5
5
5
5
5
5
5
5
5
5
5
5
5
5
5
5
5
5
5
5
5
5
5
5
5
5
5
5
5
5
5
5
5
5
5
5
5
5
5
5
5
5
5
5
5
5
5
5
5
5
5
5
5
5
5
5
5
5
5
5
5
5
5
5
5
5
5
5
5
5
5
5
5
5
5
5
5
5
5
5
5
5
5
5
5
5
5
5
5
5
5
5
5
5
5
5
5
5
5
5
5
5
5
5
5
5
5
5
5
5
5
5
5
5
5
5
5
5
5
5
5
5
5
5
5
5
5
5
5
5
5
5
5
5
5
5
5
5
5
5
5
5
5
5
5
5
5
5
5
5
5
5
5
5
5
5
5
5
5
5
5
5
5
5
5
5
5
5
5
5
5
5
5
5
5
5
5
5
5
5
5
5
5
5
5
5
5
5
5
5
5
5
5
5
5
5
5
5
5
5
5
5
5
5
5
5
5
5
5
5
5
5
5
5
5
5
5
5
5
5
5
5
5
5
5
5
5
5
5
5
5
5
5
5
5
5
5
5
5
5
5
5
5
5
5
5
5
5
5
5
5
5
5
5
5
5
5
5
5
5
5
5
5
5
5
5
5
5
5
5
5
5
5
5
5
5
5
5
5
5
5
5
5
5
5
5
5
5
5
5
5
5
5
5
5
5
5
5
5
5
5
5
5
5
5
5
5
5
5
5
5
5
5
5
5
5
5
5
5
5
5
5
5
5
5
5
5
5
5
5
5
5
5
5
5
5
5
5
5
5
5
5
5
5
5
5
5
5
5
5
5
5
5
5
5
5
5
5
5
5
5
5
5
5
5
5
5
5
5
5
5
5
5
5
5
5
5
5
5
5
5
5
5
5
5
5
5
5
5
5
5
5
5
5
5
5
5
5
5
5
5
5
5
5
5
5
5
5
5
5
5
5
5
5
5
5
5
5
5
5
5
5
5
5
5
5
5
5
5
5
5
5
5
5
5
5
5
5
5
5
5
5
5
5
5
5
5
5
5
5
5
5
5
5
5
5
5
5
5
5
5
5
5
5
5
5
5
5
5
5
5
5
5
5
5
5
5
5
5
5
5
5
5
5
5
5
5
5
5
5
5
5
5
5
5
5
5
5
5
5
5
5
5
5
5
5
5
5
5
5
5
5
5
5
5
5
5
5
5
5
5
5
5
5
5
5
5
5
5
5
5
5
5
5
5
5
5
5
5
5
5
5
5
5
5
5
5
5
5
5
5
5
5
5
5
5
5
5
5
5
5
5
5
5
5
5
5
5
5
5
5
5
5
5
5
5
5
5
5
5
5
5
5
5
5
5
5
5
5
5
5
5
5
5
5
5
5
5
5
5
5
5
5
5
5
5
5
5
5
5
5
5
5
5
5
5
5
5
5
5
5
5
5
5
5
5
5
5
5
5
5
5
5
5
5
5
5
5
5
5
5
5
5
5
5
5
5
5
5
5
5
5
5
5
5
5
5
5
5
5
5
5
5
5
5
5
5
5
5
5
5
5
5
5
5
5
5
5
5
5
5
5
5
5
5
5
5
5
5
5
5
5
5
5
5
5
5
5
5
5
5
5
5
5
5
5
5
5
5
5
5
5
5
5
5
5
5
5
5
5
5
5
5
5
5
5
5
5
5
5
5
5
5
5
5
5
5
5
5
5
5
5
5
5
5
5
5
5
5
5
5
5
5
5
5
5
5
5
5
5
5
5
5
5
5
5
5
5
5
5
5
5
5
5
5
5
5
5
5
5
5
5
5
5
5
5
5
5
5
5
5
5
5
5
5
5
5
5
5
5
5
5
5
5
5
5
5
5
5
5
5
5
5
5
5
5
5
5
5
5
5
5
5
5
5
5
5
5
5
5
5
5
5
5
5
5
5
5
5
5
5
5
5
5
5
5
5
5
5
5
5
5
5
5
5
5
5
5
5
5
5
5
5
5
5
5
5
5
5
5
5
5
5
5
5
5
5
5
5
5
5
5
5
5
5
5
5
5
5
5
5
5
5
5
5
5
5
5
5
5
5
5
5
5
5
5
5
5
5
5
5
5
5
5
5
5
5
5
5
5
5
5
5
5
5
5
5
5
5
5
5
5
5
5
5
5
5
5
5
5
5
5
5
5
5
5
5
5
5
5
5
5
5
5
5
5
5
5
5
5
5
5
5
5
5
5
5
5
5
5
5
5
5
5
5
5
5
5
5
5
5
5
5
5
5
5
5
5
5
5
5
5
5
5
5
5
5
5
5
5
5
5
5
5
5
5
5
5
5
5
5
5
5
5
5
5
5
5
5
5
5
5
5
5
5
5
5
5
5
5
5
5
5
5
5
5
5
5
5
5
5
5
5
5
5
5
5
5
5
5
5
5
5
5
5
5
5
5
5
5
5
5
5
5
5
5
5
5
5
5
5
5
5
5
5
5
5
5
5
5
5
5
5
5
5
5
5
5
5
5
5
5
5
5
5
5
5
5
5
5
5
5
5
5
5
5
5
5
5
5
5
5
5
5
5
5
5
5
5
5
5
5
5
5
5
5
5
5
5
5
5
5
5
5
5
5
5
5
5
5
5
5
5
5
5
5
5
5
5
5
5
5
5
5
5
5
5
5
5
5
5
5
5
5
5
5
5
5
5
5
5
5
5
5
5
5
5
5
5
5
5
5
5
5
5
5
5
5
5
5
5
5
5
5
5
5
5
5
5
5
5
5
5
5
5
5
5
5
5
5
5
5
5
5
5
5
5
5
5
5
5
5
5
5
5
5
5
5
5
5
5
5
5
5
5
5
5
5
5
5
5
5
5
5
5
5
5
5
5
5
5
5
5
5
5
5
5
5
5
5
5
5
5
5
5
5
5
5
5
5
5
5
5
5
5
5
5
5
5
5
5
5
5
5
5
5
5
5
5
5
5
5
5
5
5
5
5
5
5
5
5
5
5
5
5
5
5
5
5
5
5
5
5
5
5
5
5
5
5
5
5
5
5
5
5
5
5
5
5
5
5
5
5
5
5
5
5
5
5
5
5
5
5
5
5
5
5
5
5
5
5
5
5
5
5
5
5
5
5
5
5
5
5
5
5
5
5
5
5
5
5
5
5
5
5
5
5
5
5
5
5
5
5
5
5
5
5
5
5
5
5
5
5
5
5
5
5
5
5
5
5
5
5
5
5
5
5
5
5
5
5
5
5
5
5
5
5
5
5
5
5
5
5
5
5
5
5
5
5
5
5
5
5
5
5
5
5
5
5
5
5
5
5
5
5
5
5
5
5
5
5
5
5
5
5
5
5
5
5
5
5
5
5
5
5
5
5
5
5
5
5
5
5
5
5
5
5
5
5
5
5
5
5
5
5
5
5
5
5
5
5
5
5
5
5
5
5
5
5
5
5
5
5
5
5
5
5
5
5
5
5
5
5
5
5
5
5
5
5
5
5
5
5
5
5
5
5
5
5
5
5
5
5
5
5
5
5
5
5
5
5
5
5
5
5
5
5
5
5
5
5
5
5
5
5
5
5
5
5
5
5
5
5
5
5
5
5
5
5
5
5
5
5
5
5
5
5
5
5
5
5
5
5
5
5
5
5
5
5
5
5
5
5
5
5
5
5
5
5
5
5
5
5
5
5
5
5
5
5
5
5
5
5
5
5
5
5
5
5
5
5
5
5
5
5
5
5
5
5
5
5
5
5
5
5
5
5
5
5
5
5
5
5
5
5
5
5
5
5
5
5
5
5
5
5
5
5
5
5
5
5
5
5
5
5
5
5
5
5
5
5
5
5
5
5
5
5
5
5
5
5
5
5
5
5
5
5
5
5
5
5
5
5
5
5
5
5
5
5
5
5
5
5
5
5
5
5
5
5
5
5
5
5
5
5
5
5
5
5
5
5
5
5
5
5
5
5
5
5
5
5
5
5
5
5
5
5
5
5
5
5
5
5
5
5
5
5
5
5
5
5
5
5
5
5
5
5
5
5
5
5
5
5
5
5
5
5
5
5
5
5
5
5
5
5
5
5
5
5
5
5
5
5
5
5
5
5
5
5
5
5
5
5
5
5
5
5
5
5
5
5
5
5
5
5
5
5
5
5
5
5
5
5
5
5
5
5
5
5
5
5
5
5
5
5
5
5
5
5
5
5
5
5
5
5
5
5
5
5
5
5
5
5
5
5
5
5
5
5
5
5
5
5
5
5
5
5
5
5
5
5
5
5
5
5
5
5
5
5
5
5
5
5
5
5
5
5
5
5
5
5
5
5
5
5
5
5
5
5
5
5
5
5
5
5
5
5
5
5
5
5
5
5
5
5
5
5
5
5
5
5
5
5
5
5
5
5
5
5
5
5
5
5
5
5
5
5
5
5
5
5
5
5
5
5
5
5
5
5
5
5
5
5
5
5
5
5
5
5
5
5
5
5
5
5
5
5
5
5
5
5
5
5
5
5
5
5
5
5
5
5
5
5
5
5
5
5
5
5
5
5
5
5
5
5
5
5
5
5
5
5
5
5
5
5
5
5
5
5
5
5
5
5
5
5
5
5
5
5
5
5
5
5
5
5
5
5
5
5
5
5
5
5
5
5
5
5
5
5
5
5
5
5
5
5
5
5
5
5
5
5
5
5
5
5
5
5
5
5
5
5
5
5
5
5
5
5
5
5
5
5
5
5
5
5
5
5
5
5
5
5
5
5
5
5
5
5
5
5
5
5
5
5
5
5
5
5
5
5
5
5
5
5
5
5
5
5
5
5
5
5
5
5
5
5
5
5
5
5
5
5
5
5
5
5
5
5
5
5
5
5
5
5
5
5
5
5
5
5
5
5
5
5
5
5
5
5
5
5
5
5
5
5
5
5
5
5
5
5
5
5
5
5
5
5
5
5
5
5
5
5
5
5
5
5
5
5
5
5
5
5
5
5
5
5
5
5
5
5
5
5
5
5
5
5
5
5
5
5
5
5
5
5
5
5
5
5
5
5
5
5
5
5
5
5
5
5
5
5
5
5
5
5
5
5
5
5
5
5
5
5
5
5
5
5
5
5
5
5
5
5
5
5
5
5
5
5
5
5
5
5
5
5
5
5
5
5
5
5
5
5
5
5
5
5
5
5
5
5
5
5
5
5
5
5
5
5
5
5
5
5
5
5
5
5
5
5
5
5
5
5
5
5
5
5
5
5
5
5
5
5
5
5
5
5
5
5
5
5
5
5
5
5
5
5
5
5
5
5
5
5
5
5
5
5
5
5
5
5
5
5
5
5
5
5
5
5
5
5
5
5
5
5
5
5
5
5
5
5
5
5
5
5
5
5
5
5
5
5
5
5
5
5
5
5
5
5
5
5
5
5
5
5
5
5
5
5
5
5
5
5
5
5
5
5
5
5
5
5
5
5
5
5
5
5
5
5
5
5
5
5
5
5
5
5
5
5
5
5
5
5
5
5
5
5
5
5
5
5
5
5
5
5
5
5
5
5
5
5
5
5
5
5
5
5
5
5
5
5
5
5
5
5
5
5
5
5
5
5
5
5
5
5
5
5
5
5
5
5
5
5
5
5
5
5
5
5
5
5
5
5
5
5
5
5
5
5
5
5
5
5
5
5
5
5
5
5
5
5
5
5
5
5
5
5
5
5
5
5
5
5
5
5
5
5
5
5
5
5
5
5
5
5
5
5
5
5
5
5
5
5
5
5
5
5
5
5
5
5
5
5
5
5
5
5
5
5
5
5
5
5
5
5
5
5
5
5
5
5
5
5
5
5
5
5
5
5
5
5
5
5
5
5
5
5
5
5
5
5
5
5
5
5
5
5
5
5
5
5
5
5
5
5
5
5
5
5
5
5
5
5
5
5
5
5
5
5
5
5
5
5
5
5
5
5
5
5
5
5
5
5
5
5
5
5
5
5
5
5
5
5
5
5
5
5
5
5
5
5
5
5
5
5
5
5
5
5
5
5
5
5
5
5
5
5
5
5
5
5
5
5
5
5
5
5
5
5
5
5
5
5
5
5
5
5
5
5
5
5
5
5
5
5
5
5
5
5
5
5
5
5
5
5
5
5
5
5
5
5
5
5
5
5
5
5
5
5
5
5
5
5
5
5
5
5
5
5
5
5
5
5
5
5
5
5
5
5
5
5
5
5
5
5
5
5
5
5
5
5
5
5
5
5
5
5
5
5
5
5
5
5
5
5
5
5
5
5
5
5
5
5
5
5
5
5
5
5
5
5
5
5
5
5
5
5
5
5
5
5
5
5
5
5
5
5
5
5
5
5
5
5
5
5
5
5
5
5
5
5
5
5
5
5
5
5
5
5
5
5
5
5
5
5
5
5
5
5
5
5
5
5
5
5
5
5
5
5
5
5
5
5
5
5
5
5
5
5
5
5
5
5
5
5
5
5
5
5
5
5
5
5
5
5
5
5
5
5
5
5
5
5
5
5
5
5
5
5
5
5
5
5
5
5
5
5
5
5
5
5
5
5
5
5
5
5
5
5
5
5
5
5
5
5
5
5
5
5
5
5
5
5
5
5
5
5
5
5
5
5
5
5
5
5
5
5
5
5
5
5
5
5
5
5
5
5
5
5
5
5
5
5
5
5
5
5
5
5
5
5
5
5
5
5
5
5
5
5
5
5
5
5
5
5
5
5
5
5
5
5
5
5
5
5
5
5
5
5
5
5
5
5
5
5
5
5
5
5
5
5
5
5
5
5
5
5
5
5
5
5
5
5
5
5
5
5
5
5
5
5
5
5
5
5
5
5
5
5
5
5
5
5
5
5
5
5
5
5
5
5
5
5
5
5
5
5
5
5
5
5
5
5
5
5
5
5
5
5
5
5
5
5
5
5
5
5
5
5
5
5
5
5
5
5
5
5
5
5
5
5
5
5
5
5
5
5
5
5
5
5
5
5
5
5
5
5
5
5
5
5
5
5
5
5
5
5
5
5
5
5
5
5
5
5
5
5
5
5
5
5
5
5
5
5
5
5
5
5
5
5
5
5
5
5
5
5
5
5
5
5
5
5
5
5
5
5
5
5
5
5
5
5
5
5
5
5
5
5
5
5
5
5
5
5
5
5
5
5
5
5
5
5
5
5
5
5
5
5
5
5
5
5
5
5
5
5
5
5
5
5
5
5
5
5
5
5
5
5
5
5
5
5
5
5
5
5
5
5
5
5
5
5
5
5
5
5
5
5
5
5
5
5
5
5
5
5
5
5
5
5
5
5
5
5
5
5
5
5
5
5
5
5
5
5
5
5
5
5
5
5
5
5
5
5
5
5
5
5
5
5
5
5
5
5
5
5
5
5
5
5
5
5
5
5
5
5
5
5
5
5
5
5
5
5
5
5
5
5
5
5
5
5
5
5
5
5
5
5
5
5
5
5
5
5
5
5
5
5
5
5
5
5
5
5
5
5
5
5
5
5
5
5
5
5
5
5
5
5
5
5
5
5
5
5
5
5
5
5
5
5
5
5
5
5
5
5
5
5
5
5
5
5
5
5
5
5
5
5
5
5
5
5
5
5
5
5
5
5
5
5
5
5
5
5
5
5
5
5
5
5
5
5
5
5
5
5
5
5
5
5
5
5
5
5
5
5
5
5
5
5
5
5
5
5
5
5
5
5
5
5
5
5
5
5
5
5
5
5
5
5
5
5
5
5
5
5
5
5
5
5
5
5
5
5
5
5
5
5
5
5
5
5
5
5
5
5
5
5
5
5
5
5
5
5
5
5
5
5
5
5
5
5
5
5
5
5
5
5
5
5
5
5
5
5
5
5
5
5
5
5
5
5
5
5
5
5
5
5
5
5
5
5
5
5
5
5
5
5
5
5
5
5
5
5
5
5
5
5
5
5
5
5
5
5
5
5
5
5
5
5
5
5
5
5
5
5
5
5
5
5
5
5
5
5
5
5
5
5
5
5
5
5
5
5
5
5
5
5
5
5
5
5
5
5
5
5
5
5
5
5
5
5
5
5
5
5
5
5
5
5
5
5
5
5
5
5
5
5
5
5
5
5
5
5
5
5
5
5
5
5
5
5
5
5
5
5
5
5
5
5
5
5
5
5
5
5
5
5
5
5
5
5
5
5
5
5
5
5
5
5
5
5
5
5
5
5
5
5
5
5
5
5
5
5
5
5
5
5
5
5
5
5
5
5
5
5
5
5
5
5
5
5
5
5
5
5
5
5
5
5
5
5
5
5
5
5
5
5
5
5
5
5
5
5
5
5
5
5
5
5
5
5
5
5
5
5
5
5
5
5
5
5
5
5
5
5
5
5
5
5
5
5
5
5
5
5
5
5
5
5
5
5
5
5
5
5
5
5
5
5
5
5
5
5
5
5
5
5
5
5
5
5
5
5
5
5
5
5
5
5
5
5
5
5
5
5
5
5
5
5
5
5
5
5
5
5
5
5
5
5
5
5
5
5
5
5
5
5
5
5
5
5
5
5
5
5
5
5
5
5
5
5
5
5
5
5
5
5
5
5
5
5
5
5
5
5
5
5
5
5
5
5
5
5
5
5
5
5
5
5
5
5
5
5
5
5
5
5
5
5
5
5
5
5
5
5
5
5
5
5
5
5
5
5
5
5
5
5
5
5
5
5
5
5
5
5
5
5
5
5
5
5
5
5
5
5
5
5
5
5
5
5
5
5
5
5
5
5
5
5
5
5
5
5
5
5
5
5
5
5
5
5
5
5
5
5
5
5
5
5
5
5
5
5
5
5
5
5
5
5
5
5
5
5
5
5
5
5
5
5
5
5
5
5
5
5
5
5
5
5
5
5
5
5
5
5
5
5
5
5
5
5
5
5
5
5
5
5
5
5
5
5
5
5
5
5
5
5
5
5
5
5
5
5
5
5
5
5
5
5
5
5
5
5
5
5
5
5
5
5
5
5
5
5
5
5
5
5
5
5
5
5
5
5
5
5
5
5
5
5
5
5
5
5
5
5
5
5
5
5
5
5
5
5
5
5
5
5
5
5
5
5
5
5
5
5
5
5
5
5
5
5
5
5
5
5
5
5
5
5
5
5
5
5
5
5
5
5
5
5
5
5
5
5
5
5
5
5
5
5
5
5
5
5
5
5
5
5
5
5
5
5
5
5
5
5
5
5
5
5
5
5
5
5
5
5
5
5
5
5
5
5
5
5
5
5
5
5
5
5
5
5
5
5
5
5
5
5
5
5
5
5
5
5
5
5
5
5
5
5
5
5
5
5
5
5
5
5
5
5
5
5
5
5
5
5
5
5
5
5
5
5
5
5
5
5
5
5
5
5
5
5
5
5
5
5
5
5
5
5
5
5
5
5
5
5
5
5
5
5
5
5
5
5
5
5
5
5
5
5
5
5
5
5
5
5
5
5
5
5
5
5
5
5
5
5
5
5
5
5
5
5
5
5
5
5
5
5
5
5
5
5
5
5
5
5
5
5
5
5
5
5
5
5
5
5
5
5
5
5
5
5
5
5
5
5
5
5
5
5
5
5
5
5
5
5
5
5
5
5
5
5
5
5
5
5
5
5
5
5
5
5
5
5
5
5
5
5
5
5
5
5
5
5
5
5
5
5
5
5
5
5
5
5
5
5
5
5
5
5
5
5
5
5
5
5
5
5
5
5
5
5
5
5
5
5
5
5
5
5
5
5
5
5
5
5
5
5
5
5
5
5
5
5
5
5
5
5
5
5
5
5
5
5
5
5
5
5
5
5
5
5
5
5
5
5
5
5
5
5
5
5
5
5
5
5
5
5
5
5
5
5
5
5
5
5
5
5
5
5
5
5
5
5
5
5
5
5
5
5
5
5
5
5
5
5
5
5
5
5
5
5
5
5
5
5
5
5
5
5
5
5
5
5
5
5
5
5
5
5
5
5
5
5
5
5
5
5
5
5
5
5
5
5
5
5
5
5
5
5
5
5
5
5
5
5
5
5
5
5
5
5
5
5
5
5
5
5
5
5
5
5
5
5
5
5
5
5
5
5
5
5
5
5
5
5
5
5
5
5
5
5
5
5
5
5
5
5
5
5
5
5
5
5
5
5
5
5
5
5
5
5
5
5
5
5
5
5
5
5
5
5
5
5
5
5
5
5
5
5
5
5
5
5
5
5
5
5
5
5
5
5
5
5
5
5
5
5
5
5
5
5
5
5
5
5
5
5
5
5
5
5
5
5
5
5
5
5
5
5
5
5
5
5
5
5
5
5
5
5
5
5
5
5
5
5
5
5
5
5
5
5
5
5
5
5
5
5
5
5
5
5
5
5
5
5
5
5
5
5
5
5
5
5
5
5
5
5
5
5
5
5
5
5
5
5
5
5
5
5
5
5
5
5
5
5
5
5
5
5
5
5
5
5
5
5
5
5
5
5
5
5
5
5
5
5
5
5
5
5
5
5
5
5
5
5
5
5
5
5
5
5
5
5
5
5
5
5
5
5
5
5
5
5
5
5
5
5
5
5
5
5
5
5
5
5
5
5
5
5
5
5
5
5
5
5
5
5
5
5
5
5
5
5
5
5
5
5
5
5
5
5
5
5
5
5
5
5
5
5
5
5
5
5
5
5
5
5
5
5
5
5
5
5
5
5
5
5
5
5
5
5
5
5
5
5
5
5
5
5
5
5
5
5
5
5
5
5
5
5
5
5
5
5
5
5
5
5
5
5
5
5
5
5
5
5
5
5
5
5
5
5
5
5
5
5
5
5
5
5
5
5
5
5
5
5
5
5
5
5
5
5
5
5
5
5
5
5
5
5
5
5
5
5
5
5
5
5
5
5
5
5
5
5
5
5
5
5
5
5
5
5
5
5
5
5
5
5
5
5
5
5
5
5
5
5
5
5
5
5
5
5
5
5
5
5
5
5
5
5
5
5
5
5
5
5
5
5
5
5
5
5
5
5
5
5
5
5
5
5
5
5
5
5
5
5
5
5
5
5
5
5
5
5
5
5
5
5
5
5
5
5
5
5
5
5
5
5
5
5
5
5
5
5
5
5
5
5
5
5
5
5
5
5
5
5
5
5
5
5
5
5
5
5
5
5
5
5
5
5
5
5
5
5
5
5
5
5
5
5
5
5
5
5
5
5
5
5
5
5
5
5
5
5
5
5
5
5
5
5
5
5
5
5
5
5
5
5
5
5
5
5
5
5
5
5
5
5
5
5
5
5
5
5
5
5
5
5
5
5
5
5
5
5
5
5
5
5
5
5
5
5
5
5
5
5
5
5
5
5
5
5
5
5
5
5
5
5
5
5
5
5
5
5
5
5
5
5
5
5
5
5
5
5
5
5
5
5
5
5
5
5
5
5
5
5
5
5
5
5
5
5
5
5
5
5
5
5
5
5
5
5
5
5
5
5
5
5
5
5
5
5
5
5
5
5
5
5
5
5
5
5
5
5
5
5
5
5
5
5
5
5
5
5
5
5
5
5
5
5
5
5
5
5
5
5
5
5
5
5
5
5
5
5
5
5
5
5
5
5
5
5
5
5
5
5
5
5
5
5
5
5
5
5
5
5
5
5
5
5
5
5
5
5
5
5
5
5
5
5
5
5
5
5
5
5
5
5
5
5
5
5
5
5
5
5
5
5
5
5
5
5
5
5
5
5
5
5
5
5
5
5
5
5
5
5
5
5
5
5
5
5
5
5
5
5
5
5
5
5
5
5
5
5
5
5
5
5
5
5
5
5
5
5
5
5
5
5
5
5
5
5
5
5
5
5
5
5
5
5
5
5
5
5
5
5
5
5
5
5
5
5
5
5
5
5
5
5
5
5
5
5
5
5
5
5
5
5
5
5
5
5
5
5
5
5
5
5
5
5
5
5
5
5
5
5
5
5
5
5
5
5
5
5
5
5
5
5
5
5
5
5
5
5
5
5
5
5
5
5
5
5
5
5
5
5
5
5
5
5
5
5
5
5
5
5
5
5
5
5
5
5
5
5
5
5
5
5
5
5
5
5
5
5
5
5
5
5
5
5
5
5
5
5
5
5
5
5
5
5
5
5
5
5
5
5
5
5
5
5
5
5
5
5
5
5
5
5
5
5
5
5
5
5
5
5
5
5
5
5
5
5
5
5
5
5
5
5
5
5
5
5
5
5
5
5
5
5
5
5
5
5
5
5
5
5
5
5
5
5
5
5
5
5
5
5
5
5
5
5
5
5
5
5
5
5
5
5
5
5
5
5
5
5
5
5
5
5
5
5
5
5
5
5
5
5
5
5
5
5
5
5
5
5
5
5
5
5
5
5
5
5
5
5
5
5
5
5
5
5
5
5
5
5
5
5
5
5
5
5
5
5
5
5
5
5
5
5
5
5
5
5
5
5
5
5
5
5
5
5
5
5
5
5
5
5
5
5
5
5
5
5
5
5
5
5
5
5
5
5
5
5
5
5
5
5
5
5
5
5
5
5
5
5
5
5
5
5
5
5
5
5
5
5
5
5
5
5
5
5
5
5
5
5
5
5
5
5
5
5
5
5
5
5
5
5
5
5
5
5
5
5
5
5
5
5
5
5
5
5
5
5
5
5
5
5
5
5
5
5
5
5
5
5
5
5
5
5
5
5
5
5
5
5
5
5
5
5
5
5
5
5
5
5
5
5
5
5
5
5
5
5
5
5
5
5
5
5
5
5
5
5
5
5
5
5
5
5
5
5
5
5
5
5
5
5
5
5
5
5
5
5
5
5
5
5
5
5
5
5
5
5
5
5
5
5
5
5
5
5
5
5
5
5
5
5
5
5
5
5
5
5
5
5
5
5
5
5
5
5
5
5
5
5
5
5
5
5
5
5
5
5
5
5
5
5
5
5
5
5
5
5
5
5
5
5
5
5
5
5
5
5
5
5
5
5
5
5
5
5
5
5
5
5
5
5
5
5
5
5
5
5
5
5
5
5
5
5
5
5
5
5
5
5
5
5
5
5
5
5
5
5
5
5
5
5
5
5
5
5
5
5
5
5
5
5
5
5
5
5
5
5
5
5
5
5
5
5
5
5
5
5
5
5
5
5
5
5
5
5
5
5
5
5
5
5
5
5
5
5
5
5
5
5
5
5
5
5
5
5
5
5
5
5
5
5
5
5
5
5
5
5
5
5
5
5
5
5
5
5
5
5
5
5
5
5
5
5
5
5
5
5
5
5
5
5
5
5
5
5
5
5
5
5
5
5
5
5
5
5
5
5
5
5
5
5
5
5
5
5
5
5
5
5
5
5
5
5
5
5
5
5
5
5
5
5
5
5
5
5
5
5
5
5
5
5
5
5
5
5
5
5
5
5
5
5
5
5
5
5
5
5
5
5
5
5
5
5
5
5
5
5
5
5
5
5
5
5
5
5
5
5
5
5
5
5
5
5
5
5
5
5
5
5
5
5
5
5
5
5
5
5
5
5
5
5
5
5
5
5
5
5
5
5
5
5
5
5
5
5
5
5
5
5
5
5
5
5
5
5
5
5
5
5
5
5
5
5
5
5
5
5
5
5
5
5
5
5
5
5
5
5
5
5
5
5
5
5
5
5
5
5
5
5
5
5
5
5
5
5
5
5
5
5
5
5
5
5
5
5
5
5
5
5
5
5
5
5
5
5
5
5
5
5
5
5
5
5
5
5
5
5
5
5
5
5
5
5
5
5
5
5
5
5
5
5
5
5
5
5
5
5
5
5
5
5
5
5
5
5
5
5
5
5
5
5
5
5
5
5
5
5
5
5
5
5
5
5
5
5
5
5
5
5
5
5
5
5
5
5
5
5
5
5
5
5
5
5
5
5
5
5
5
5
5
5
5
5
5
5
5
5
5
5
5
5
5
5
5
5
5
5
5
5
5
5
5
5
5
5
5
5
5
5
5
5
5
5
5
5
5
5
5
5
5
5
5
5
5
5
5
5
5
5
5
5
5
5
5
5
5
5
5
5
5
5
5
5
5
5
5
5
5
5
5
5
5
5
5
5
5
5
5
5
5
5
5
5
5
5
5
5
5
5
5
5
5
5
5
5
5
5
5
5
5
5
5
5
5
5
5
5
5
5
5
5
5
5
5
5
5
5
5
5
5
5
5
5
5
5
5
5
5
5
5
5
5
5
5
5
5
5
5
5
5
5
5
5
5
5
5
5
5
5
5
5
5
5
5
5
5
5
5
5
5
5
5
5
5
5
5
5
5
5
5
5
5
5
5
5
5
5
5
5
5
5
5
5
5
5
5
5
5
5
5
5
5
5
5
5
5
5
5
5
5
5
5
5
5
5
5
5
5
5
5
5
5
5
5
5
5
5
5
5
5
5
5
5
5
5
5
5
5
5
5
5
5
5
5
5
5
5
5
5
5
5
5
5
5
5
5
5
5
5
5
5
5
5
5
5
5
5
5
5
5
5
5
5
5
5
5
5
5
5
5
5
5
5
5
5
5
5
5
5
5
5
5
5
5
5
5
5
5
5
5
5
5
5
5
5
5
5
5
5
5
5
5
5
5
5
5
5
5
5
5
5
5
5
5
5
5
5
5
5
5
5
5
5
5
5
5
5
5
5
5
5
5
5
5
5
5
5
5
5
5
5
5
5
5
5
5
5
5
5
5
5
5
5
5
5
5
5
5
5
5
5
5
5
5
5
5
5
5
5
5
5
5
5
5
5
5
5
5
5
5
5
5
5
5
5
5
5
5
5
5
5
5
5
5
5
5
5
5
5
5
5
5
5
5
5
5
5
5
5
5
5
5
5
5
5
5
5
5
5
5
5
5
5
5
5
5
5
5
5
5
5
5
5
5
5
5
5
5
5
5
5
5
5
5
5
5
5
5
5
5
5
5
5
5
5
5
5
5
5
5
5
5
5
5
5
5
5
5
5
5
5
5
5
5
5
5
5
5
5
5
5
5
5
5
5
5
5
5
5
5
5
5
5
5
5
5
5
5
5
5
5
5
5
5
5
5
5
5
5
5
5
5
5
5
5
5
5
5
5
5
5
5
5
5
5
5
5
5
5
5
5
5
5
5
5
5
5
5
5
5
5
5
5
5
5
5
5
5
5
5
5
5
5
5
5
5
5
5
5
5
5
5
5
5
5
5
5
5
5
5
5
5
5
5
5
5
5
5
5
5
5
5
5
5
5
5
5
5
5
5
5
5
5
5
5
5
5
5
5
5
5
5
5
5
5
5
5
5
5
5
5
5
5
5
5
5
5
5
5
5
5
5
5
5
5
5
5
5
5
5
5
5
5
5
5
5
5
5
5
5
5
5
5
5
5
5
5
5
5
5
5
5
5
5
5
5
5
5
5
5
5
5
5
5
5
5
5
5
5
5
5
5
5
5
5
5
5
5
5
5
5
5
5
5
5
5
5
5
5
5
5
5
5
5
5
5
5
5
5
5
5
5
5
5
5
5
5
5
5
5
5
5
5
5
5
5
5
5
5
5
5
5
5
5
5
5
5
5
5
5
5
5
5
5
5
5
5
5
5
5
5
5
5
5
5
5
5
5
5
5
5
5
5
5
5
5
5
5
5
5
5
5
5
5
5
5
5
5
5
5
5
5
5
5
5
5
5
5
5
5
5
5
5
5
5
5
5
5
5
5
5
5
5
5
5
5
5
5
5
5
5
5
5
5
5
5
5
5
5
5
5
5
5
5
5
5
5
5
5
5
5
5
5
5
5
5
5
5
5
5
5
5
5
5
5
5
5
5
5
5
5
5
5
5
5
5
5
5
5
5
5
5
5
5
5
5
5
5
5
5
5
5
5
5
5
5
5
5
5
5
5
5
5
5
5
5
5
5
5
5
5
5
5
5
5
5
5
5
5
5
5
5
5
5
5
5
5
5
5
5
5
5
5
5
5
5
5
5
5
5
5
5
5
5
5
5
5
5
5
5
5
5
5
5
5
5
5
5
5
5
5
5
5
5
5
5
5
5
5
5
5
5
5
5
5
5
5
5
5
5
5
5
5
5
5
5
5
5
5
5
5
5
5
5
5
5
5
5
5
5
5
5
5
5
5
5
5
5
5
5
5
5
5
5
5
5
5
5
5
5
5
5
5
5
5
5
5
5
5
5
5
5
5
5
5
5
5
5
5
5
5
5
5
5
5
5
5
5
5
5
5
5
5
5
5
5
5
5
5
5
5
5
5
5
5
5
5
5
5
5
5
5
5
5
5
5
5
5
5
5
5
5
5
5
5
5
5
5
5
5
5
5
5
5
5
5
5
5
5
5
5
5
5
5
5
5
5
5
5
5
5
5
5
5
5
5
5
5
5
5
5
5
5
5
5
5
5
5
5
5
5
5
5
5
5
5
5
5
5
5
5
5
5
5
5
5
5
5
5
5
5
5
5
5
5
5
5
5
5
5
5
5
5
5
5
5
5
5
5
5
5
5
5
5
5
5
5
5
5
5
5
5
5
5
5
5
5
5
5
5
5
5
5
5
5
5
5
5
5
5
5
5
5
5
5
5
5
5
5
5
5
5
5
5
5
5
5
5
5
5
5
5
5
5
5
5
5
5
5
5
5
5
5
5
5
5
5
5
5
5
5
5
5
5
5
5
5
5
5
5
5
5
5
5
5
5
5
5
5
5
5
5
5
5
5
5
5
5
5
5
5
5
5
5
5
5
5
5
5
5
5
5
5
5
5
5
5
5
5
5
5
5
5
5
5
5
5
5
5
5
5
5
5
5
5
5
5
5
5
5
5
5
5
5
5
5
5
5
5
5
5
5
5
5
5
5
5
5
5
5
5
5
5
5
5
5
5
5
5
5
5
5
5
5
5
5
5
5
5
5
5

POINT_DATA 3996
SCALARS NODE_ID int 1
LOOKUP_TABLE default
1
2
3
4
5
6
7
8
9
10
11
12
13
14
15
16
17
18
19
20
21
22
23
24
25
26
27
28
29
30
31
32
33
34
35
36
37
38
39
40
41
42
43
44
45
46
47
48
49
50
51
52
53
54
55
56
57
58
59
60
61
62
63
64
65
66
67
68
69
70
71
72
73
74
75
76
77
78
79
80
81
82
83
84
85
86
87
88
89
90
91
92
93
94
95
96
97
98
99
100
101
102
103
104
105
106
107
108
109
110
111
112
113
114
115
116
117
118
119
120
121
122
123
124
125
126
127
128
129
130
131
132
133
134
135
136
137
138
139
140
141
142
143
144
145
146
147
148
149
150
151
152
153
154
155
156
157
158
159
160
161
162
163
164
165
166
167
168
169
170
171
172
173
174
175
176
177
178
179
180
181
182
183
184
185
186
187
188
189
190
191
192
193
194
195
196
197
198
199
200
201
202
203
204
205
206
207
208
209
210
211
212
213
214
215
216
217
218
219
220
221
222
223
224
225
226
227
228
229
230
231
232
233
234
235
236
237
238
239
240
241
242
243
244
245
246
247
248
249
250
251
252
253
254
255
256
257
258
259
260
261
262
263
264
265
266
267
268
269
270
271
272
273
274
275
276
277
278
279
280
281
282
283
284
285
286
287
288
289
290
291
292
293
294
295
296
297
298
299
300
301
302
303
304
305
306
307
308
309
310
311
312
313
314
315
316
317
318
319
320
321
322
323
324
325
326
327
328
329
330
331
332
333
334
335
336
337
338
339
340
341
342
343
344
345
346
347
348
349
350
351
352
353
354
355
356
357
358
359
360
361
362
363
364
365
366
367
368
369
370
371
372
373
374
375
376
377
378
379
380
381
382
383
384
385
386
387
388
389
390
391
392
393
394
395
396
397
398
399
400
401
402
403
404
405
406
407
408
409
410
411
412
413
414
415
416
417
418
419
420
421
422
423
424
425
426
427
428
429
430
431
432
433
434
435
436
437
438
439
440
441
442
443
444
445
446
447
448
449
450
451
452
453
454
455
456
457
458
459
460
461
462
463
464
465
466
467
468
469
470
471
472
473
474
475
476
477
478
479
480
481
482
483
484
485
486
487
488
489
490
491
492
493
494
495
496
497
498
499
500
501
502
503
504
505
506
507
508
509
510
511
512
513
514
515
516
517
518
519
520
521
522
523
524
525
526
527
528
529
530
531
532
533
534
535
536
537
538
539
540
541
542
543
544
545
546
547
548
549
550
551
552
553
554
555
556
557
558
559
560
561
562
563
564
565
566
567
568
569
570
571
572
573
574
575
576
577
578
579
580
581
582
583
584
585
586
587
588
589
590
591
592
593
594
595
596
597
598
599
600
601
602
603
604
605
606
607
608
609
610
611
612
613
614
615
616
617
618
619
620
621
622
623
624
625
626
627
628
629
630
631
632
633
634
635
636
637
638
639
640
641
642
643
644
645
646
647
648
649
650
651
652
653
654
655
656
657
658
659
660
661
662
663
664
665
666
667
668
669
670
671
672
673
674
675
676
677
678
679
680
681
682
683
684
685
686
687
688
689
690
691
692
693
694
695
696
697
698
699
700
701
702
703
704
705
706
707
708
709
710
711
712
713
714
715
716
717
718
719
720
721
722
723
724
725
726
727
728
729
730
731
732
733
734
735
736
737
738
739
740
741
742
743
744
745
746
747
748
749
750
751
752
753
754
755
756
757
758
759
760
761
762
763
764
765
766
767
768
769
770
771
772
773
774
775
776
777
778
779
780
781
782
783
784
785
786
787
788
789
790
791
792
793
794
795
796
797
798
799
800
801
802
803
804
805
806
807
808
809
810
811
812
813
814
815
816
817
818
819
820
821
822
823
824
825
826
827
828
829
830
831
832
833
834
835
836
837
838
839
840
841
842
843
844
845
846
847
848
849
850
851
852
853
854
855
856
857
858
859
860
861
862
863
864
865
866
867
868
869
870
871
872
873
874
875
876
877
878
879
880
881
882
883
884
885
886
887
888
889
890
891
892
893
894
895
896
897
898
899
900
901
902
903
904
905
906
907
908
909
910
911
912
913
914
915
916
917
918
919
920
921
922
923
924
925
926
927
928
929
930
931
932
933
934
935
936
937
938
939
940
941
942
943
944
945
946
947
948
949
950
951
952
953
954
955
956
957
958
959
960
961
962
963
964
965
966
967
968
969
970
971
972
973
974
975
976
977
978
979
980
981
982
983
984
985
986
987
988
989
990
991
992
993
994
995
996
997
998
999
1000
1001
1002
1003
1004
1005
1006
1007
1008
1009
1010
1011
1012
1013
1014
1015
1016
1017
1018
1019
1020
1021
1022
1023
1024
1025
1026
1027
1028
1029
1030
1031
1032
1033
1034
1035
1036
1037
1038
1039
1040
1041
1042
1043
1044
1045
1046
1047
1048
1049
1050
1051
1052
1053
1054
1055
1056
1057
1058
1059
1060
1061
1062
1063
1064
1065
1066
1067
1068
1069
1070
1071
1072
1073
1074
1075
1076
1077
1078
1079
1080
1081
1082
1083
1084
1085
1086
1087
1088
1089
1090
1091
1092
1093
1094
1095
1096
1097
1098
1099
1100
1101
1102
1103
1104
1105
1106
1107
1108
1109
1110
1111
1112
1113
1114
1115
1116
1117
1118
1119
1120
1121
1122
1123
1124
1125
1126
1127
1128
1129
1130
1131
1132
1133
1134
1135
1136
1137
1138
1139
1140
1141
1142
1143
1144
1145
1146
1147
1148
1149
1150
1151
1152
1153
1154
1155
1156
1157
1158
1159
1160
1161
1162
1163
1164
1165
1166
1167
1168
1169
1170
1171
1172
1173
1174
1175
1176
1177
1178
1179
1180
1181
1182
1183
1184
1185
1186
1187
1188
1189
1190
1191
1192
1193
1194
1195
1196
1197
1198
1199
1200
1201
1202
1203
1204
1205
1206
1207
1208
1209
1210
1211
1212
1213
1214
1215
1216
1217
1218
1219
1220
1221
1222
1223
1224
1225
1226
1227
1228
1229
1230
1231
1232
1233
1234
1235
1236
1237
1238
1239
1240
1241
1242
1243
1244
1245
1246
1247
1248
1249
1250
1251
1252
1253
1254
1255
1256
1257
1258
1259
1260
1261
1262
1263
1264
1265
1266
1267
1268
1269
1270
1271
1272
1273
1274
1275
1276
1277
1278
1279
1280
1281
1282
1283
1284
1285
1286
1287
1288
1289
1290
1291
1292
1293
1294
1295
1296
1297
1298
1299
1300
1301
1302
1303
1304
1305
1306
1307
1308
1309
1310
1311
1312
1313
1314
1315
1316
1317
1318
1319
1320
1321
1322
1323
1324
1325
1326
1327
1328
1329
1330
1331
1332
1333
1334
1335
1336
1337
1338
1339
1340
1341
1342
1343
1344
1345
1346
1347
1348
1349
1350
1351
1352
1353
1354
1355
1356
1357
1358
1359
1360
1361
1362
1363
1364
1365
1366
1367
1368
1369
1370
1371
1372
1373
1374
1375
1376
1377
1378
1379
1380
1381
1382
1383
1384
1385
1386
1387
1388
1389
1390
1391
1392
1393
1394
1395
1396
1397
1398
1399
1400
1401
1402
1403
1404
1405
1406
1407
1408
1409
1410
1411
1412
1413
1414
1415
1416
1417
1418
1419
1420
1421
1422
1423
1424
1425
1426
1427
1428
1429
1430
1431
1432
1433
1434
1435
1436
1437
1438
1439
1440
1441
1442
1443
1444
1445
1446
1447
1448
1449
1450
1451
1452
1453
1454
1455
1456
1457
1458
1459
1460
1461
1462
1463
1464
1465
1466
1467
1468
1469
1470
1471
1472
1473
1474
1475
1476
1477
1478
1479
1480
1481
1482
1483
1484
1485
1486
1487
1488
1489
1490
1491
1492
1493
1494
1495
1496
1497
1498
1499
1500
1501
1502
1503
1504
1505
1506
1507
1508
1509
1510
1511
1512
1513
1514
1515
1516
1517
1518
1519
1520
1521
1522
1523
1524
1525
1526
1527
1528
1529
1530
1531
1532
1533
1534
1535
1536
1537
1538
1539
1540
1541
1542
1543
1544
1545
1546
1547
1548
1549
1550
1551
1552
1553
1554
1555
1556
1557
1558
1559
1560
1561
1562
1563
1564
1565
1566
1567
1568
1569
1570
1571
1572
1573
1574
1575
1576
1577
1578
1579
1580
1581
1582
1583
1584
1585
1586
1587
1588
1589
1590
1591
1592
1593
1594
1595
1596
1597
1598
1599
1600
1601
1602
1603
1604
1605
1606
1607
1608
1609
1610
1611
1612
1613
1614
1615
1616
1617
1618
1619
1620
1621
1622
1623
1624
1625
1626
1627
1628
1629
1630
1631
1632
1633
1634
1635
1636
1637
1638
1639
1640
1641
1642
1643
1644
1645
1646
1647
1648
1649
1650
1651
1652
1653
1654
1655
1656
1657
1658
1659
1660
1661
1662
1663
1664
1665
1666
1667
1668
1669
1670
1671
1672
1673
1674
1675
1676
1677
1678
1679
1680
1681
1682
1683
1684
1685
1686
1687
1688
1689
1690
1691
1692
1693
1694
1695
1696
1697
1698
1699
1700
1701
1702
1703
1704
1705
1706
1707
1708
1709
1710
1711
1712
1713
1714
1715
1716
1717
1718
1719
1720
1721
1722
1723
1724
1725
1726
1727
1728
1729
1730
1731
1732
1733
1734
1735
1736
1737
1738
1739
1740
1741
1742
1743
1744
1745
1746
1747
1748
1749
1750
1751
1752
1753
1754
1755
1756
1757
1758
1759
1760
1761
1762
1763
1764
1765
1766
1767
1768
1769
1770
1771
1772
1773
1774
1775
1776
1777
1778
1779
1780
1781
1782
1783
1784
1785
1786
1787
1788
1789
1790
1791
1792
1793
1794
1795
1796
1797
1798
1799
1800
1801
1802
1803
1804
1805
1806
1807
1808
1809
1810
1811
1812
1813
1814
1815
1816
1817
1818
1819
1820
1821
1822
1823
1824
1825
1826
1827
1828
1829
1830
1831
1832
1833
1834
1835
1836
1837
1838
1839
1840
1841
1842
1843
1844
1845
1846
1847
1848
1849
1850
1851
1852
1853
1854
1855
1856
1857
1858
1859
1860
1861
1862
1863
1864
1865
1866
1867
1868
1869
1870
1871
1872
1873
1874
1875
1876
1877
1878
1879
1880
1881
1882
1883
1884
1885
1886
1887
1888
1889
1890
1891
1892
1893
1894
1895
1896
1897
1898
1899
1900
1901
1902
1903
1904
1905
1906
1907
1908
1909
1910
1911
1912
1913
1914
1915
1916
1917
1918
1919
1920
1921
1922
1923
1924
1925
1926
1927
1928
1929
1930
1931
1932
1933
1934
1935
1936
1937
1938
1939
1940
1941
1942
1943
1944
1945
1946
1947
1948
1949
1950
1951
1952
1953
1954
1955
1956
1957
1958
1959
1960
1961
1962
1963
1964
1965
1966
1967
1968
1969
1970
1971
1972
1973
1974
1975
1976
1977
1978
1979
1980
1981
1982
1983
1984
1985
1986
1987
1988
1989
1990
1991
1992
1993
1994
1995
1996
1997
1998
1999
2000
2001
2002
2003
2004
2005
2006
2007
2008
2009
2010
2011
2012
2013
2014
2015
2016
2017
2018
2019
2020
2021
2022
2023
2024
2025
2026
2027
2028
2029
2030
2031
2032
2033
2034
2035
2036
2037
2038
2039
2040
2041
2042
2043
2044
2045
2046
2047
2048
2049
2050
2051
2052
2053
2054
2055
2056
2057
2058
2059
2060
2061
2062
2063
2064
2065
2066
2067
2068
2069
2070
2071
2072
2073
2074
2075
2076
2077
2078
2079
2080
2081
2082
2083
2084
2085
2086
2087
2088
2089
2090
2091
2092
2093
2094
2095
2096
2097
2098
2099
2100
2101
2102
2103
2104
2105
2106
2107
2108
2109
2110
2111
2112
2113
2114
2115
2116
2117
2118
2119
2120
2121
2122
2123
2124
2125
2126
2127
2128
2129
2130
2131
2132
2133
2134
2135
2136
2137
2138
2139
2140
2141
2142
2143
2144
2145
2146
2147
2148
2149
2150
2151
2152
2153
2154
2155
2156
2157
2158
2159
2160
2161
2162
2163
2164
2165
2166
2167
2168
2169
2170
2171
2172
2173
2174
2175
2176
2177
2178
2179
2180
2181
2182
2183
2184
2185
2186
2187
2188
2189
2190
2191
2192
2193
2194
2195
2196
2197
2198
2199
2200
2201
2202
2203
2204
2205
2206
2207
2208
2209
2210
2211
2212
2213
2214
2215
2216
2217
2218
2219
2220
2221
2222
2223
2224
2225
2226
2227
2228
2229
2230
2231
2232
2233
2234
2235
2236
2237
2238
2239
2240
2241
2242
2243
2244
2245
2246
2247
2248
2249
2250
2251
2252
2253
2254
2255
2256
2257
2258
2259
2260
2261
2262
2263
2264
2265
2266
2267
2268
2269
2270
2271
2272
2273
2274
2275
2276
2277
2278
2279
2280
2281
2282
2283
2284
2285
2286
2287
2288
2289
2290
2291
2292
2293
2294
2295
2296
2297
2298
2299
2300
2301
2302
2303
2304
2305
2306
2307
2308
2309
2310
2311
2312
2313
2314
2315
2316
2317
2318
2319
2320
2321
2322
2323
2324
2325
2326
2327
2328
2329
2330
2331
2332
2333
2334
2335
2336
2337
2338
2339
2340
2341
2342
2343
2344
2345
2346
2347
2348
2349
2350
2351
2352
2353
2354
2355
2356
2357
2358
2359
2360
2361
2362
2363
2364
2365
2366
2367
2368
2369
2370
2371
2372
2373
2374
2375
2376
2377
2378
2379
2380
2381
2382
2383
2384
2385
2386
2387
2388
2389
2390
2391
2392
2393
2394
2395
2396
2397
2398
2399
2400
2401
2402
2403
2404
2405
2406
2407
2408
2409
2410
2411
2412
2413
2414
2415
2416
2417
2418
2419
2420
2421
2422
2423
2424
2425
2426
2427
2428
2429
2430
2431
2432
2433
2434
2435
2436
2437
2438
2439
2440
2441
2442
2443
2444
2445
2446
2447
2448
2449
2450
2451
2452
2453
2454
2455
2456
2457
2458
2459
2460
2461
2462
2463
2464
2465
2466
2467
2468
2469
2470
2471
2472
2473
2474
2475
2476
2477
2478
2479
2480
2481
2482
2483
2484
2485
2486
2487
2488
2489
2490
2491
2492
2493
2494
2495
2496
2497
2498
2499
2500
2501
2502
2503
2504
2505
2506
2507
2508
2509
2510
2511
2512
2513
2514
2515
2516
2517
2518
2519
2520
2521
2522
2523
2524
2525
2526
2527
2528
2529
2530
2531
2532
2533
2534
2535
2536
2537
2538
2539
2540
2541
2542
2543
2544
2545
2546
2547
2548
2549
2550
2551
2552
2553
2554
2555
2556
2557
2558
2559
2560
2561
2562
2563
2564
2565
2566
2567
2568
2569
2570
2571
2572
2573
2574
2575
2576
2577
2578
2579
2580
2581
2582
2583
2584
2585
2586
2587
2588
2589
2590
2591
2592
2593
2594
2595
2596
2597
2598
2599
2600
2601
2602
2603
2604
2605
2606
2607
2608
2609
2610
2611
2612
2613
2614
2615
2616
2617
2618
2619
2620
2621
2622
2623
2624
2625
2626
2627
2628
2629
2630
2631
2632
2633
2634
2635
2636
2637
2638
2639
2640
2641
2642
2643
2644
2645
2646
2647
2648
2649
2650
2651
2652
2653
2654
2655
2656
2657
2658
2659
2660
2661
2662
2663
2664
2665
2666
2667
2668
2669
2670
2671
2672
2673
2674
2675
2676
2677
2678
2679
2680
2681
2682
2683
2684
2685
2686
2687
2688
2689
2690
2691
2692
2693
2694
2695
2696
2697
2698
2699
2700
2701
2702
2703
2704
2705
2706
2707
2708
2709
2710
2711
2712
2713
2714
2715
2716
2717
2718
2719
2720
2721
2722
2723
2724
2725
2726
2727
2728
2729
2730
2731
2732
2733
2734
2735
2736
2737
2738
2739
2740
2741
2742
2743
2744
2745
2746
2747
2748
2749
2750
2751
2752
2753
2754
2755
2756
2757
2758
2759
2760
2761
2762
2763
2764
2765
2766
2767
2768
2769
2770
2771
2772
2773
2774
2775
2776
2777
2778
2779
2780
2781
2782
2783
2784
2785
2786
2787
2788
2789
2790
2791
2792
2793
2794
2795
2796
2797
2798
2799
2800
2801
2802
2803
2804
2805
2806
2807
2808
2809
2810
2811
2812
2813
2814
2815
2816
2817
2818
2819
2820
2821
2822
2823
2824
2825
2826
2827
2828
2829
2830
2831
2832
2833
2834
2835
2836
2837
2838
2839
2840
2841
2842
2843
2844
2845
2846
2847
2848
2849
2850
2851
2852
2853
2854
2855
2856
2857
2858
2859
2860
2861
2862
2863
2864
2865
2866
2867
2868
2869
2870
2871
2872
2873
2874
2875
2876
2877
2878
2879
2880
2881
2882
2883
2884
2885
2886
2887
2888
2889
2890
2891
2892
2893
2894
2895
2896
2897
2898
2899
2900
2901
2902
2903
2904
2905
2906
2907
2908
2909
2910
2911
2912
2913
2914
2915
2916
2917
2918
2919
2920
2921
2922
2923
2924
2925
2926
2927
2928
2929
2930
2931
2932
2933
2934
2935
2936
2937
2938
2939
2940
2941
2942
2943
2944
2945
2946
2947
2948
2949
2950
2951
2952
2953
2954
2955
2956
2957
2958
2959
2960
2961
2962
2963
2964
2965
2966
2967
2968
2969
2970
2971
2972
2973
2974
2975
2976
2977
2978
2979
2980
2981
2982
2983
2984
2985
2986
2987
2988
2989
2990
2991
2992
2993
2994
2995
2996
2997
2998
2999
3000
3001
3002
3003
3004
3005
3006
3007
3008
3009
3010
3011
3012
3013
3014
3015
3016
3017
3018
3019
3020
3021
3022
3023
3024
3025
3026
3027
3028
3029
3030
3031
3032
3033
3034
3035
3036
3037
3038
3039
3040
3041
3042
3043
3044
3045
3046
3047
3048
3049
3050
3051
3052
3053
3054
3055
3056
3057
3058
3059
3060
3061
3062
3063
3064
3065
3066
3067
3068
3069
3070
3071
3072
3073
3074
3075
3076
3077
3078
3079
3080
3081
3082
3083
3084
3085
3086
3087
3088
3089
3090
3091
3092
3093
3094
3095
3096
3097
3098
3099
3100
3101
3102
3103
3104
3105
3106
3107
3108
3109
3110
3111
3112
3113
3114
3115
3116
3117
3118
3119
3120
3121
3122
3123
3124
3125
3126
3127
3128
3129
3130
3131
3132
3133
3134
3135
3136
3137
3138
3139
3140
3141
3142
3143
3144
3145
3146
3147
3148
3149
3150
3151
3152
3153
3154
3155
3156
3157
3158
3159
3160
3161
3162
3163
3164
3165
3166
3167
3168
3169
3170
3171
3172
3173
3174
3175
3176
3177
3178
3179
3180
3181
3182
3183
3184
3185
3186
3187
3188
3189
3190
3191
3192
3193
3194
3195
3196
3197
3198
3199
3200
3201
3202
3203
3204
3205
3206
3207
3208
3209
3210
3211
3212
3213
3214
3215
3216
3217
3218
3219
3220
3221
3222
3223
3224
3225
3226
3227
3228
3229
3230
3231
3232
3233
3234
3235
3236
3237
3238
3239
3240
3241
3242
3243
3244
3245
3246
3247
3248
3249
3250
3251
3252
3253
3254
3255
3256
3257
3258
3259
3260
3261
3262
3263
3264
3265
3266
3267
3268
3269
3270
3271
3272
3273
3274
3275
3276
3277
3278
3279
3280
3281
3282
3283
3284
3285
3286
3287
3288
3289
3290
3291
3292
3293
3294
3295
3296
3297
3298
3299
3300
3301
3302
3303
3304
3305
3306
3307
3308
3309
3310
3311
3312
3313
3314
3315
3316
3317
3318
3319
3320
3321
3322
3323
3324
3325
3326
3327
3328
3329
3330
3331
3332
3333
3334
3335
3336
3337
3338
3339
3340
3341
3342
3343
3344
3345
3346
3347
3348
3349
3350
3351
3352
3353
3354
3355
3356
3357
3358
3359
3360
3361
3362
3363
3364
3365
3366
3367
3368
3369
3370
3371
3372
3373
3374
3375
3376
3377
3378
3379
3380
3381
3382
3383
3384
3385
3386
3387
3388
3389
3390
3391
3392
3393
3394
3395
3396
3397
3398
3399
3400
3401
3402
3403
3404
3405
3406
3407
3408
3409
3410
3411
3412
3413
3414
3415
3416
3417
3418
3419
3420
3421
3422
3423
3424
3425
3426
3427
3428
3429
3430
3431
3432
3433
3434
3435
3436
3437
3438
3439
3440
3441
3442
3443
3444
3445
3446
3447
3448
3449
3450
3451
3452
3453
3454
3455
3456
3457
3458
3459
3460
3461
3462
3463
3464
3465
3466
3467
3468
3469
3470
3471
3472
3473
3474
3475
3476
3477
3478
3479
3480
3481
3482
3483
3484
3485
3486
3487
3488
3489
3490
3491
3492
3493
3494
3495
3496
3497
3498
3499
3500
3501
3502
3503
3504
3505
3506
3507
3508
3509
3510
3511
3512
3513
3514
3515
3516
3517
3518
3519
3520
3521
3522
3523
3524
3525
3526
3527
3528
3529
3530
3531
3532
3533
3534
3535
3536
3537
3538
3539
3540
3541
3542
3543
3544
3545
3546
3547
3548
3549
3550
3551
3552
3553
3554
3555
3556
3557
3558
3559
3560
3561
3562
3563
3564
3565
3566
3567
3568
3569
3570
3571
3572
3573
3574
3575
3576
3577
3578
3579
3580
3581
3582
3583
3584
3585
3586
3587
3588
3589
3590
3591
3592
3593
3594
3595
3596
3597
3598
3599
3600
3601
3602
3603
3604
3605
3606
3607
3608
3609
3610
3611
3612
3613
3614
3615
3616
3617
3618
3619
3620
3621
3622
3623
3624
3625
3626
3627
3628
3629
3630
3631
3632
3633
3634
3635
3636
3637
3638
3639
3640
3641
3642
3643
3644
3645
3646
3647
3648
3649
3650
3651
3652
3653
3654
3655
3656
3657
3658
3659
3660
3661
3662
3663
3664
3665
3666
3667
3668
3669
3670
3671
3672
3673
3674
3675
3676
3677
3678
3679
3680
3681
3682
3683
3684
3685
3686
3687
3688
3689
3690
3691
3692
3693
3694
3695
3696
3697
3698
3699
3700
3701
3702
3703
3704
3705
3706
3707
3708
3709
3710
3711
3712
3713
3714
3715
3716
3717
3718
3719
3720
3721
3722
3723
3724
3725
3726
3727
3728
3729
3730
3731
3732
3733
3734
3735
3736
3737
3738
3739
3740
3741
3742
3743
3744
3745
3746
3747
3748
3749
3750
3751
3752
3753
3754
3755
3756
3757
3758
3759
3760
3761
3762
3763
3764
3765
3766
3767
3768
3769
3770
3771
3772
3773
3774
3775
3776
3777
3778
3779
3780
3781
3782
3783
3784
3785
3786
3787
3788
3789
3790
3791
3792
3793
3794
3795
3796
3797
3798
3799
3800
3801
3802
3803
3804
3805
3806
3807
3808
3809
3810
3811
3812
3813
3814
3815
3816
3817
3818
3819
3820
3821
3822
3823
3824
3825
3826
3827
3828
3829
3830
3831
3832
3833
3834
3835
3836
3837
3838
3839
3840
3841
3842
3843
3844
3845
3846
3847
3848
3849
3850
3851
3852
3853
3854
3855
3856
3857
3858
3859
3860
3861
3862
3863
3864
3865
3866
3867
3868
3869
3870
3871
3872
3873
3874
3875
3876
3877
3878
3879
3880
3881
3882
3883
3884
3885
3886
3887
3888
3889
3890
3891
3892
3893
3894
3895
3896
3897
3898
3899
3900
3901
3902
3903
3904
3905
3906
3907
3908
3909
3910
3911
3912
3913
3914
3915
3916
3917
3918
3919
3920
3921
3922
3923
3924
3925
3926
3927
3928
3929
3930
3931
3932
3933
3934
3935
3936
3937
3938
3939
3940
3941
3942
3943
3944
3945
3946
3947
3948
3949
3950
3951
3952
3953
3954
3955
3956
3957
3958
3959
3960
3961
3962
3963
3964
3965
3966
3967
3968
3969
3970
3971
3972
3973
3974
3975
3976
3977
3978
3979
3980
3981
3982
3983
3984
3985
3986
3987
3988
3989
3990
3991
3992
3993
3994
3995
3996

CELL_DATA 7964
SCALARS ELEMENT_ID int 1
LOOKUP_TABLE default
1
2
3
4
5
6
7
8
9
10
11
12
13
14
15
16
17
18
19
20
21
22
23
24
25
26
27
28
29
30
31
32
33
34
35
36
37
38
39
40
41
42
43
44
45
46
47
48
49
50
51
52
53
54
55
56
57
58
59
60
61
62
63
64
65
66
67
68
69
70
71
72
73
74
75
76
77
78
79
80
81
82
83
84
85
86
87
88
89
90
91
92
93
94
95
96
97
98
99
100
101
102
103
104
105
106
107
108
109
110
111
112
113
114
115
116
117
118
119
120
121
122
123
124
125
126
127
128
129
130
131
132
133
134
135
136
137
138
139
140
141
142
143
144
145
146
147
148
149
150
151
152
153
154
155
156
157
158
159
160
161
162
163
164
165
166
167
168
169
170
171
172
173
174
175
176
177
178
179
180
181
182
183
184
185
186
187
188
189
190
191
192
193
194
195
196
197
198
199
200
201
202
203
204
205
206
207
208
209
210
211
212
213
214
215
216
217
218
219
220
221
222
223
224
225
226
227
228
229
230
231
232
233
234
235
236
237
238
239
240
241
242
243
244
245
246
247
248
249
250
251
252
253
254
255
256
257
258
259
260
261
262
263
264
265
266
267
268
269
270
271
272
273
274
275
276
277
278
279
280
281
282
283
284
285
286
287
288
289
290
291
292
293
294
295
296
297
298
299
300
301
302
303
304
305
306
307
308
309
310
311
312
313
314
315
316
317
318
319
320
321
322
323
324
325
326
327
328
329
330
331
332
333
334
335
336
337
338
339
340
341
342
343
344
345
346
347
348
349
350
351
352
353
354
355
356
357
358
359
360
361
362
363
364
365
366
367
368
369
370
371
372
373
374
375
376
377
378
379
380
381
382
383
384
385
386
387
388
389
390
391
392
393
394
395
396
397
398
399
400
401
402
403
404
405
406
407
408
409
410
411
412
413
414
415
416
417
418
419
420
421
422
423
424
425
426
427
428
429
430
431
432
433
434
435
436
437
438
439
440
441
442
443
444
445
446
447
448
449
450
451
452
453
454
455
456
457
458
459
460
461
462
463
464
465
466
467
468
469
470
471
472
473
474
475
476
477
478
479
480
481
482
483
484
485
486
487
488
489
490
491
492
493
494
495
496
497
498
499
500
501
502
503
504
505
506
507
508
509
510
511
512
513
514
515
516
517
518
519
520
521
522
523
524
525
526
527
528
529
530
531
532
533
534
535
536
537
538
539
540
541
542
543
544
545
546
547
548
549
550
551
552
553
554
555
556
557
558
559
560
561
562
563
564
565
566
567
568
569
570
571
572
573
574
575
576
577
578
579
580
581
582
583
584
585
586
587
588
589
590
591
592
593
594
595
596
597
598
599
600
601
602
603
604
605
606
607
608
609
610
611
612
613
614
615
616
617
618
619
620
621
622
623
624
625
626
627
628
629
630
631
632
633
634
635
636
637
638
639
640
641
642
643
644
645
646
647
648
649
650
651
652
653
654
655
656
657
658
659
660
661
662
663
664
665
666
667
668
669
670
671
672
673
674
675
676
677
678
679
680
681
682
683
684
685
686
687
688
689
690
691
692
693
694
695
696
697
698
699
700
701
702
703
704
705
706
707
708
709
710
711
712
713
714
715
716
717
718
719
720
721
722
723
724
725
726
727
728
729
730
731
732
733
734
735
736
737
738
739
740
741
742
743
744
745
746
747
748
749
750
751
752
753
754
755
756
757
758
759
760
761
762
763
764
765
766
767
768
769
770
771
772
773
774
775
776
777
778
779
780
781
782
783
784
785
786
787
788
789
790
791
792
793
794
795
796
797
798
799
800
801
802
803
804
805
806
807
808
809
810
811
812
813
814
815
816
817
818
819
820
821
822
823
824
825
826
827
828
829
830
831
832
833
834
835
836
837
838
839
840
841
842
843
844
845
846
847
848
849
850
851
852
853
854
855
856
857
858
859
860
861
862
863
864
865
866
867
868
869
870
871
872
873
874
875
876
877
878
879
880
881
882
883
884
885
886
887
888
889
890
891
892
893
894
895
896
897
898
899
900
901
902
903
904
905
906
907
908
909
910
911
912
913
914
915
916
917
918
919
920
921
922
923
924
925
926
927
928
929
930
931
932
933
934
935
936
937
938
939
940
941
942
943
944
945
946
947
948
949
950
951
952
953
954
955
956
957
958
959
960
961
962
963
964
965
966
967
968
969
970
971
972
973
974
975
976
977
978
979
980
981
982
983
984
985
986
987
988
989
990
991
992
993
994
995
996
997
998
999
1000
1001
1002
1003
1004
1005
1006
1007
1008
1009
1010
1011
1012
1013
1014
1015
1016
1017
1018
1019
1020
1021
1022
1023
1024
1025
1026
1027
1028
1029
1030
1031
1032
1033
1034
1035
1036
1037
1038
1039
1040
1041
1042
1043
1044
1045
1046
1047
1048
1049
1050
1051
1052
1053
1054
1055
1056
1057
1058
1059
1060
1061
1062
1063
1064
1065
1066
1067
1068
1069
1070
1071
1072
1073
1074
1075
1076
1077
1078
1079
1080
1081
1082
1083
1084
1085
1086
1087
1088
1089
1090
1091
1092
1093
1094
1095
1096
1097
1098
1099
1100
1101
1102
1103
1104
1105
1106
1107
1108
1109
1110
1111
1112
1113
1114
1115
1116
1117
1118
1119
1120
1121
1122
1123
1124
1125
1126
1127
1128
1129
1130
1131
1132
1133
1134
1135
1136
1137
1138
1139
1140
1141
1142
1143
1144
1145
1146
1147
1148
1149
1150
1151
1152
1153
1154
1155
1156
1157
1158
1159
1160
1161
1162
1163
1164
1165
1166
1167
1168
1169
1170
1171
1172
1173
1174
1175
1176
1177
1178
1179
1180
1181
1182
1183
1184
1185
1186
1187
1188
1189
1190
1191
1192
1193
1194
1195
1196
1197
1198
1199
1200
1201
1202
1203
1204
1205
1206
1207
1208
1209
1210
1211
1212
1213
1214
1215
1216
1217
1218
1219
1220
1221
1222
1223
1224
1225
1226
1227
1228
1229
1230
1231
1232
1233
1234
1235
1236
1237
1238
1239
1240
1241
1242
1243
1244
1245
1246
1247
1248
1249
1250
1251
1252
1253
1254
1255
1256
1257
1258
1259
1260
1261
1262
1263
1264
1265
1266
1267
1268
1269
1270
1271
1272
1273
1274
1275
1276
1277
1278
1279
1280
1281
1282
1283
1284
1285
1286
1287
1288
1289
1290
1291
1292
1293
1294
1295
1296
1297
1298
1299
1300
1301
1302
1303
1304
1305
1306
1307
1308
1309
1310
1311
1312
1313
1314
1315
1316
1317
1318
1319
1320
1321
1322
1323
1324
1325
1326
1327
1328
1329
1330
1331
1332
1333
1334
1335
1336
1337
1338
1339
1340
1341
1342
1343
1344
1345
1346
1347
1348
1349
1350
1351
1352
1353
1354
1355
1356
1357
1358
1359
1360
1361
1362
1363
1364
1365
1366
1367
1368
1369
1370
1371
1372
1373
1374
1375
1376
1377
1378
1379
1380
1381
1382
1383
1384
1385
1386
1387
1388
1389
1390
1391
1392
1393
1394
1395
1396
1397
1398
1399
1400
1401
1402
1403
1404
1405
1406
1407
1408
1409
1410
1411
1412
1413
1414
1415
1416
1417
1418
1419
1420
1421
1422
1423
1424
1425
1426
1427
1428
1429
1430
1431
1432
1433
1434
1435
1436
1437
1438
1439
1440
1441
1442
1443
1444
1445
1446
1447
1448
1449
1450
1451
1452
1453
1454
1455
1456
1457
1458
1459
1460
1461
1462
1463
1464
1465
1466
1467
1468
1469
1470
1471
1472
1473
1474
1475
1476
1477
1478
1479
1480
1481
1482
1483
1484
1485
1486
1487
1488
1489
1490
1491
1492
1493
1494
1495
1496
1497
1498
1499
1500
1501
1502
1503
1504
1505
1506
1507
1508
1509
1510
1511
1512
1513
1514
1515
1516
1517
1518
1519
1520
1521
1522
1523
1524
1525
1526
1527
1528
1529
1530
1531
1532
1533
1534
1535
1536
1537
1538
1539
1540
1541
1542
1543
1544
1545
1546
1547
1548
1549
1550
1551
1552
1553
1554
1555
1556
1557
1558
1559
1560
1561
1562
1563
1564
1565
1566
1567
1568
1569
1570
1571
1572
1573
1574
1575
1576
1577
1578
1579
1580
1581
1582
1583
1584
1585
1586
1587
1588
1589
1590
1591
1592
1593
1594
1595
1596
1597
1598
1599
1600
1601
1602
1603
1604
1605
1606
1607
1608
1609
1610
1611
1612
1613
1614
1615
1616
1617
1618
1619
1620
1621
1622
1623
1624
1625
1626
1627
1628
1629
1630
1631
1632
1633
1634
1635
1636
1637
1638
1639
1640
1641
1642
1643
1644
1645
1646
1647
1648
1649
1650
1651
1652
1653
1654
1655
1656
1657
1658
1659
1660
1661
1662
1663
1664
1665
1666
1667
1668
1669
1670
1671
1672
1673
1674
1675
1676
1677
1678
1679
1680
1681
1682
1683
1684
1685
1686
1687
1688
1689
1690
1691
1692
1693
1694
1695
1696
1697
1698
1699
1700
1701
1702
1703
1704
1705
1706
1707
1708
1709
1710
1711
1712
1713
1714
1715
1716
1717
1718
1719
1720
1721
1722
1723
1724
1725
1726
1727
1728
1729
1730
1731
1732
1733
1734
1735
1736
1737
1738
1739
1740
1741
1742
1743
1744
1745
1746
1747
1748
1749
1750
1751
1752
1753
1754
1755
1756
1757
1758
1759
1760
1761
1762
1763
1764
1765
1766
1767
1768
1769
1770
1771
1772
1773
1774
1775
1776
1777
1778
1779
1780
1781
1782
1783
1784
1785
1786
1787
1788
1789
1790
1791
1792
1793
1794
1795
1796
1797
1798
1799
1800
1801
1802
1803
1804
1805
1806
1807
1808
1809
1810
1811
1812
1813
1814
1815
1816
1817
1818
1819
1820
1821
1822
1823
1824
1825
1826
1827
1828
1829
1830
1831
1832
1833
1834
1835
1836
1837
1838
1839
1840
1841
1842
1843
1844
1845
1846
1847
1848
1849
1850
1851
1852
1853
1854
1855
1856
1857
1858
1859
1860
1861
1862
1863
1864
1865
1866
1867
1868
1869
1870
1871
1872
1873
1874
1875
1876
1877
1878
1879
1880
1881
1882
1883
1884
1885
1886
1887
1888
1889
1890
1891
1892
1893
1894
1895
1896
1897
1898
1899
1900
1901
1902
1903
1904
1905
1906
1907
1908
1909
1910
1911
1912
1913
1914
1915
1916
1917
1918
1919
1920
1921
1922
1923
1924
1925
1926
1927
1928
1929
1930
1931
1932
1933
1934
1935
1936
1937
1938
1939
1940
1941
1942
1943
1944
1945
1946
1947
1948
1949
1950
1951
1952
1953
1954
1955
1956
1957
1958
1959
1960
1961
1962
1963
1964
1965
1966
1967
1968
1969
1970
1971
1972
1973
1974
1975
1976
1977
1978
1979
1980
1981
1982
1983
1984
1985
1986
1987
1988
1989
1990
1991
1992
1993
1994
1995
1996
1997
1998
1999
2000
2001
2002
2003
2004
2005
2006
2007
2008
2009
2010
2011
2012
2013
2014
2015
2016
2017
2018
2019
2020
2021
2022
2023
2024
2025
2026
2027
2028
2029
2030
2031
2032
2033
2034
2035
2036
2037
2038
2039
2040
2041
2042
2043
2044
2045
2046
2047
2048
2049
2050
2051
2052
2053
2054
2055
2056
2057
2058
2059
2060
2061
2062
2063
2064
2065
2066
2067
2068
2069
2070
2071
2072
2073
2074
2075
2076
2077
2078
2079
2080
2081
2082
2083
2084
2085
2086
2087
2088
2089
2090
2091
2092
2093
2094
2095
2096
2097
2098
2099
2100
2101
2102
2103
2104
2105
2106
2107
2108
2109
2110
2111
2112
2113
2114
2115
2116
2117
2118
2119
2120
2121
2122
2123
2124
2125
2126
2127
2128
2129
2130
2131
2132
2133
2134
2135
2136
2137
2138
2139
2140
2141
2142
2143
2144
2145
2146
2147
2148
2149
2150
2151
2152
2153
2154
2155
2156
2157
2158
2159
2160
2161
2162
2163
2164
2165
2166
2167
2168
2169
2170
2171
2172
2173
2174
2175
2176
2177
2178
2179
2180
2181
2182
2183
2184
2185
2186
2187
2188
2189
2190
2191
2192
2193
2194
2195
2196
2197
2198
2199
2200
2201
2202
2203
2204
2205
2206
2207
2208
2209
2210
2211
2212
2213
2214
2215
2216
2217
2218
2219
2220
2221
2222
2223
2224
2225
2226
2227
2228
2229
2230
2231
2232
2233
2234
2235
2236
2237
2238
2239
2240
2241
2242
2243
2244
2245
2246
2247
2248
2249
2250
2251
2252
2253
2254
2255
2256
2257
2258
2259
2260
2261
2262
2263
2264
2265
2266
2267
2268
2269
2270
2271
2272
2273
2274
2275
2276
2277
2278
2279
2280
2281
2282
2283
2284
2285
2286
2287
2288
2289
2290
2291
2292
2293
2294
2295
2296
2297
2298
2299
2300
2301
2302
2303
2304
2305
2306
2307
2308
2309
2310
2311
2312
2313
2314
2315
2316
2317
2318
2319
2320
2321
2322
2323
2324
2325
2326
2327
2328
2329
2330
2331
2332
2333
2334
2335
2336
2337
2338
2339
2340
2341
2342
2343
2344
2345
2346
2347
2348
2349
2350
2351
2352
2353
2354
2355
2356
2357
2358
2359
2360
2361
2362
2363
2364
2365
2366
2367
2368
2369
2370
2371
2372
2373
2374
2375
2376
2377
2378
2379
2380
2381
2382
2383
2384
2385
2386
2387
2388
2389
2390
2391
2392
2393
2394
2395
2396
2397
2398
2399
2400
2401
2402
2403
2404
2405
2406
2407
2408
2409
2410
2411
2412
2413
2414
2415
2416
2417
2418
2419
2420
2421
2422
2423
2424
2425
2426
2427
2428
2429
2430
2431
2432
2433
2434
2435
2436
2437
2438
2439
2440
2441
2442
2443
2444
2445
2446
2447
2448
2449
2450
2451
2452
2453
2454
2455
2456
2457
2458
2459
2460
2461
2462
2463
2464
2465
2466
2467
2468
2469
2470
2471
2472
2473
2474
2475
2476
2477
2478
2479
2480
2481
2482
2483
2484
2485
2486
2487
2488
2489
2490
2491
2492
2493
2494
2495
2496
2497
2498
2499
2500
2501
2502
2503
2504
2505
2506
2507
2508
2509
2510
2511
2512
2513
2514
2515
2516
2517
2518
2519
2520
2521
2522
2523
2524
2525
2526
2527
2528
2529
2530
2531
2532
2533
2534
2535
2536
2537
2538
2539
2540
2541
2542
2543
2544
2545
2546
2547
2548
2549
2550
2551
2552
2553
2554
2555
2556
2557
2558
2559
2560
2561
2562
2563
2564
2565
2566
2567
2568
2569
2570
2571
2572
2573
2574
2575
2576
2577
2578
2579
2580
2581
2582
2583
2584
2585
2586
2587
2588
2589
2590
2591
2592
2593
2594
2595
2596
2597
2598
2599
2600
2601
2602
2603
2604
2605
2606
2607
2608
2609
2610
2611
2612
2613
2614
2615
2616
2617
2618
2619
2620
2621
2622
2623
2624
2625
2626
2627
2628
2629
2630
2631
2632
2633
2634
2635
2636
2637
2638
2639
2640
2641
2642
2643
2644
2645
2646
2647
2648
2649
2650
2651
2652
2653
2654
2655
2656
2657
2658
2659
2660
2661
2662
2663
2664
2665
2666
2667
2668
2669
2670
2671
2672
2673
2674
2675
2676
2677
2678
2679
2680
2681
2682
2683
2684
2685
2686
2687
2688
2689
2690
2691
2692
2693
2694
2695
2696
2697
2698
2699
2700
2701
2702
2703
2704
2705
2706
2707
2708
2709
2710
2711
2712
2713
2714
2715
2716
2717
2718
2719
2720
2721
2722
2723
2724
2725
2726
2727
2728
2729
2730
2731
2732
2733
2734
2735
2736
2737
2738
2739
2740
2741
2742
2743
2744
2745
2746
2747
2748
2749
2750
2751
2752
2753
2754
2755
2756
2757
2758
2759
2760
2761
2762
2763
2764
2765
2766
2767
2768
2769
2770
2771
2772
2773
2774
2775
2776
2777
2778
2779
2780
2781
2782
2783
2784
2785
2786
2787
2788
2789
2790
2791
2792
2793
2794
2795
2796
2797
2798
2799
2800
2801
2802
2803
2804
2805
2806
2807
2808
2809
2810
2811
2812
2813
2814
2815
2816
2817
2818
2819
2820
2821
2822
2823
2824
2825
2826
2827
2828
2829
2830
2831
2832
2833
2834
2835
2836
2837
2838
2839
2840
2841
2842
2843
2844
2845
2846
2847
2848
2849
2850
2851
2852
2853
2854
2855
2856
2857
2858
2859
2860
2861
2862
2863
2864
2865
2866
2867
2868
2869
2870
2871
2872
2873
2874
2875
2876
2877
2878
2879
2880
2881
2882
2883
2884
2885
2886
2887
2888
2889
2890
2891
2892
2893
2894
2895
2896
2897
2898
2899
2900
2901
2902
2903
2904
2905
2906
2907
2908
2909
2910
2911
2912
2913
2914
2915
2916
2917
2918
2919
2920
2921
2922
2923
2924
2925
2926
2927
2928
2929
2930
2931
2932
2933
2934
2935
2936
2937
2938
2939
2940
2941
2942
2943
2944
2945
2946
2947
2948
2949
2950
2951
2952
2953
2954
2955
2956
2957
2958
2959
2960
2961
2962
2963
2964
2965
2966
2967
2968
2969
2970
2971
2972
2973
2974
2975
2976
2977
2978
2979
2980
2981
2982
2983
2984
2985
2986
2987
2988
2989
2990
2991
2992
2993
2994
2995
2996
2997
2998
2999
3000
3001
3002
3003
3004
3005
3006
3007
3008
3009
3010
3011
3012
3013
3014
3015
3016
3017
3018
3019
3020
3021
3022
3023
3024
3025
3026
3027
3028
3029
3030
3031
3032
3033
3034
3035
3036
3037
3038
3039
3040
3041
3042
3043
3044
3045
3046
3047
3048
3049
3050
3051
3052
3053
3054
3055
3056
3057
3058
3059
3060
3061
3062
3063
3064
3065
3066
3067
3068
3069
3070
3071
3072
3073
3074
3075
3076
3077
3078
3079
3080
3081
3082
3083
3084
3085
3086
3087
3088
3089
3090
3091
3092
3093
3094
3095
3096
3097
3098
3099
3100
3101
3102
3103
3104
3105
3106
3107
3108
3109
3110
3111
3112
3113
3114
3115
3116
3117
3118
3119
3120
3121
3122
3123
3124
3125
3126
3127
3128
3129
3130
3131
3132
3133
3134
3135
3136
3137
3138
3139
3140
3141
3142
3143
3144
3145
3146
3147
3148
3149
3150
3151
3152
3153
3154
3155
3156
3157
3158
3159
3160
3161
3162
3163
3164
3165
3166
3167
3168
3169
3170
3171
3172
3173
3174
3175
3176
3177
3178
3179
3180
3181
3182
3183
3184
3185
3186
3187
3188
3189
3190
3191
3192
3193
3194
3195
3196
3197
3198
3199
3200
3201
3202
3203
3204
3205
3206
3207
3208
3209
3210
3211
3212
3213
3214
3215
3216
3217
3218
3219
3220
3221
3222
3223
3224
3225
3226
3227
3228
3229
3230
3231
3232
3233
3234
3235
3236
3237
3238
3239
3240
3241
3242
3243
3244
3245
3246
3247
3248
3249
3250
3251
3252
3253
3254
3255
3256
3257
3258
3259
3260
3261
3262
3263
3264
3265
3266
3267
3268
3269
3270
3271
3272
3273
3274
3275
3276
3277
3278
3279
3280
3281
3282
3283
3284
3285
3286
3287
3288
3289
3290
3291
3292
3293
3294
3295
3296
3297
3298
3299
3300
3301
3302
3303
3304
3305
3306
3307
3308
3309
3310
3311
3312
3313
3314
3315
3316
3317
3318
3319
3320
3321
3322
3323
3324
3325
3326
3327
3328
3329
3330
3331
3332
3333
3334
3335
3336
3337
3338
3339
3340
3341
3342
3343
3344
3345
3346
3347
3348
3349
3350
3351
3352
3353
3354
3355
3356
3357
3358
3359
3360
3361
3362
3363
3364
3365
3366
3367
3368
3369
3370
3371
3372
3373
3374
3375
3376
3377
3378
3379
3380
3381
3382
3383
3384
3385
3386
3387
3388
3389
3390
3391
3392
3393
3394
3395
3396
3397
3398
3399
3400
3401
3402
3403
3404
3405
3406
3407
3408
3409
3410
3411
3412
3413
3414
3415
3416
3417
3418
3419
3420
3421
3422
3423
3424
3425
3426
3427
3428
3429
3430
3431
3432
3433
3434
3435
3436
3437
3438
3439
3440
3441
3442
3443
3444
3445
3446
3447
3448
3449
3450
3451
3452
3453
3454
3455
3456
3457
3458
3459
3460
3461
3462
3463
3464
3465
3466
3467
3468
3469
3470
3471
3472
3473
3474
3475
3476
3477
3478
3479
3480
3481
3482
3483
3484
3485
3486
3487
3488
3489
3490
3491
3492
3493
3494
3495
3496
3497
3498
3499
3500
3501
3502
3503
3504
3505
3506
3507
3508
3509
3510
3511
3512
3513
3514
3515
3516
3517
3518
3519
3520
3521
3522
3523
3524
3525
3526
3527
3528
3529
3530
3531
3532
3533
3534
3535
3536
3537
3538
3539
3540
3541
3542
3543
3544
3545
3546
3547
3548
3549
3550
3551
3552
3553
3554
3555
3556
3557
3558
3559
3560
3561
3562
3563
3564
3565
3566
3567
3568
3569
3570
3571
3572
3573
3574
3575
3576
3577
3578
3579
3580
3581
3582
3583
3584
3585
3586
3587
3588
3589
3590
3591
3592
3593
3594
3595
3596
3597
3598
3599
3600
3601
3602
3603
3604
3605
3606
3607
3608
3609
3610
3611
3612
3613
3614
3615
3616
3617
3618
3619
3620
3621
3622
3623
3624
3625
3626
3627
3628
3629
3630
3631
3632
3633
3634
3635
3636
3637
3638
3639
3640
3641
3642
3643
3644
3645
3646
3647
3648
3649
3650
3651
3652
3653
3654
3655
3656
3657
3658
3659
3660
3661
3662
3663
3664
3665
3666
3667
3668
3669
3670
3671
3672
3673
3674
3675
3676
3677
3678
3679
3680
3681
3682
3683
3684
3685
3686
3687
3688
3689
3690
3691
3692
3693
3694
3695
3696
3697
3698
3699
3700
3701
3702
3703
3704
3705
3706
3707
3708
3709
3710
3711
3712
3713
3714
3715
3716
3717
3718
3719
3720
3721
3722
3723
3724
3725
3726
3727
3728
3729
3730
3731
3732
3733
3734
3735
3736
3737
3738
3739
3740
3741
3742
3743
3744
3745
3746
3747
3748
3749
3750
3751
3752
3753
3754
3755
3756
3757
3758
3759
3760
3761
3762
3763
3764
3765
3766
3767
3768
3769
3770
3771
3772
3773
3774
3775
3776
3777
3778
3779
3780
3781
3782
3783
3784
3785
3786
3787
3788
3789
3790
3791
3792
3793
3794
3795
3796
3797
3798
3799
3800
3801
3802
3803
3804
3805
3806
3807
3808
3809
3810
3811
3812
3813
3814
3815
3816
3817
3818
3819
3820
3821
3822
3823
3824
3825
3826
3827
3828
3829
3830
3831
3832
3833
3834
3835
3836
3837
3838
3839
3840
3841
3842
3843
3844
3845
3846
3847
3848
3849
3850
3851
3852
3853
3854
3855
3856
3857
3858
3859
3860
3861
3862
3863
3864
3865
3866
3867
3868
3869
3870
3871
3872
3873
3874
3875
3876
3877
3878
3879
3880
3881
3882
3883
3884
3885
3886
3887
3888
3889
3890
3891
3892
3893
3894
3895
3896
3897
3898
3899
3900
3901
3902
3903
3904
3905
3906
3907
3908
3909
3910
3911
3912
3913
3914
3915
3916
3917
3918
3919
3920
3921
3922
3923
3924
3925
3926
3927
3928
3929
3930
3931
3932
3933
3934
3935
3936
3937
3938
3939
3940
3941
3942
3943
3944
3945
3946
3947
3948
3949
3950
3951
3952
3953
3954
3955
3956
3957
3958
3959
3960
3961
3962
3963
3964
3965
3966
3967
3968
3969
3970
3971
3972
3973
3974
3975
3976
3977
3978
3979
3980
3981
3982
3983
3984
3985
3986
3987
3988
3989
3990
3991
3992
3993
3994
3995
3996
3997
3998
3999
4000
4001
4002
4003
4004
4005
4006
4007
4008
4009
4010
4011
4012
4013
4014
4015
4016
4017
4018
4019
4020
4021
4022
4023
4024
4025
4026
4027
4028
4029
4030
4031
4032
4033
4034
4035
4036
4037
4038
4039
4040
4041
4042
4043
4044
4045
4046
4047
4048
4049
4050
4051
4052
4053
4054
4055
4056
4057
4058
4059
4060
4061
4062
4063
4064
4065
4066
4067
4068
4069
4070
4071
4072
4073
4074
4075
4076
4077
4078
4079
4080
4081
4082
4083
4084
4085
4086
4087
4088
4089
4090
4091
4092
4093
4094
4095
4096
4097
4098
4099
4100
4101
4102
4103
4104
4105
4106
4107
4108
4109
4110
4111
4112
4113
4114
4115
4116
4117
4118
4119
4120
4121
4122
4123
4124
4125
4126
4127
4128
4129
4130
4131
4132
4133
4134
4135
4136
4137
4138
4139
4140
4141
4142
4143
4144
4145
4146
4147
4148
4149
4150
4151
4152
4153
4154
4155
4156
4157
4158
4159
4160
4161
4162
4163
4164
4165
4166
4167
4168
4169
4170
4171
4172
4173
4174
4175
4176
4177
4178
4179
4180
4181
4182
4183
4184
4185
4186
4187
4188
4189
4190
4191
4192
4193
4194
4195
4196
4197
4198
4199
4200
4201
4202
4203
4204
4205
4206
4207
4208
4209
4210
4211
4212
4213
4214
4215
4216
4217
4218
4219
4220
4221
4222
4223
4224
4225
4226
4227
4228
4229
4230
4231
4232
4233
4234
4235
4236
4237
4238
4239
4240
4241
4242
4243
4244
4245
4246
4247
4248
4249
4250
4251
4252
4253
4254
4255
4256
4257
4258
4259
4260
4261
4262
4263
4264
4265
4266
4267
4268
4269
4270
4271
4272
4273
4274
4275
4276
4277
4278
4279
4280
4281
4282
4283
4284
4285
4286
4287
4288
4289
4290
4291
4292
4293
4294
4295
4296
4297
4298
4299
4300
4301
4302
4303
4304
4305
4306
4307
4308
4309
4310
4311
4312
4313
4314
4315
4316
4317
4318
4319
4320
4321
4322
4323
4324
4325
4326
4327
4328
4329
4330
4331
4332
4333
4334
4335
4336
4337
4338
4339
4340
4341
4342
4343
4344
4345
4346
4347
4348
4349
4350
4351
4352
4353
4354
4355
4356
4357
4358
4359
4360
4361
4362
4363
4364
4365
4366
4367
4368
4369
4370
4371
4372
4373
4374
4375
4376
4377
4378
4379
4380
4381
4382
4383
4384
4385
4386
4387
4388
4389
4390
4391
4392
4393
4394
4395
4396
4397
4398
4399
4400
4401
4402
4403
4404
4405
4406
4407
4408
4409
4410
4411
4412
4413
4414
4415
4416
4417
4418
4419
4420
4421
4422
4423
4424
4425
4426
4427
4428
4429
4430
4431
4432
4433
4434
4435
4436
4437
4438
4439
4440
4441
4442
4443
4444
4445
4446
4447
4448
4449
4450
4451
4452
4453
4454
4455
4456
4457
4458
4459
4460
4461
4462
4463
4464
4465
4466
4467
4468
4469
4470
4471
4472
4473
4474
4475
4476
4477
4478
4479
4480
4481
4482
4483
4484
4485
4486
4487
4488
4489
4490
4491
4492
4493
4494
4495
4496
4497
4498
4499
4500
4501
4502
4503
4504
4505
4506
4507
4508
4509
4510
4511
4512
4513
4514
4515
4516
4517
4518
4519
4520
4521
4522
4523
4524
4525
4526
4527
4528
4529
4530
4531
4532
4533
4534
4535
4536
4537
4538
4539
4540
4541
4542
4543
4544
4545
4546
4547
4548
4549
4550
4551
4552
4553
4554
4555
4556
4557
4558
4559
4560
4561
4562
4563
4564
4565
4566
4567
4568
4569
4570
4571
4572
4573
4574
4575
4576
4577
4578
4579
4580
4581
4582
4583
4584
4585
4586
4587
4588
4589
4590
4591
4592
4593
4594
4595
4596
4597
4598
4599
4600
4601
4602
4603
4604
4605
4606
4607
4608
4609
4610
4611
4612
4613
4614
4615
4616
4617
4618
4619
4620
4621
4622
4623
4624
4625
4626
4627
4628
4629
4630
4631
4632
4633
4634
4635
4636
4637
4638
4639
4640
4641
4642
4643
4644
4645
4646
4647
4648
4649
4650
4651
4652
4653
4654
4655
4656
4657
4658
4659
4660
4661
4662
4663
4664
4665
4666
4667
4668
4669
4670
4671
4672
4673
4674
4675
4676
4677
4678
4679
4680
4681
4682
4683
4684
4685
4686
4687
4688
4689
4690
4691
4692
4693
4694
4695
4696
4697
4698
4699
4700
4701
4702
4703
4704
4705
4706
4707
4708
4709
4710
4711
4712
4713
4714
4715
4716
4717
4718
4719
4720
4721
4722
4723
4724
4725
4726
4727
4728
4729
4730
4731
4732
4733
4734
4735
4736
4737
4738
4739
4740
4741
4742
4743
4744
4745
4746
4747
4748
4749
4750
4751
4752
4753
4754
4755
4756
4757
4758
4759
4760
4761
4762
4763
4764
4765
4766
4767
4768
4769
4770
4771
4772
4773
4774
4775
4776
4777
4778
4779
4780
4781
4782
4783
4784
4785
4786
4787
4788
4789
4790
4791
4792
4793
4794
4795
4796
4797
4798
4799
4800
4801
4802
4803
4804
4805
4806
4807
4808
4809
4810
4811
4812
4813
4814
4815
4816
4817
4818
4819
4820
4821
4822
4823
4824
4825
4826
4827
4828
4829
4830
4831
4832
4833
4834
4835
4836
4837
4838
4839
4840
4841
4842
4843
4844
4845
4846
4847
4848
4849
4850
4851
4852
4853
4854
4855
4856
4857
4858
4859
4860
4861
4862
4863
4864
4865
4866
4867
4868
4869
4870
4871
4872
4873
4874
4875
4876
4877
4878
4879
4880
4881
4882
4883
4884
4885
4886
4887
4888
4889
4890
4891
4892
4893
4894
4895
4896
4897
4898
4899
4900
4901
4902
4903
4904
4905
4906
4907
4908
4909
4910
4911
4912
4913
4914
4915
4916
4917
4918
4919
4920
4921
4922
4923
4924
4925
4926
4927
4928
4929
4930
4931
4932
4933
4934
4935
4936
4937
4938
4939
4940
4941
4942
4943
4944
4945
4946
4947
4948
4949
4950
4951
4952
4953
4954
4955
4956
4957
4958
4959
4960
4961
4962
4963
4964
4965
4966
4967
4968
4969
4970
4971
4972
4973
4974
4975
4976
4977
4978
4979
4980
4981
4982
4983
4984
4985
4986
4987
4988
4989
4990
4991
4992
4993
4994
4995
4996
4997
4998
4999
5000
5001
5002
5003
5004
5005
5006
5007
5008
5009
5010
5011
5012
5013
5014
5015
5016
5017
5018
5019
5020
5021
5022
5023
5024
5025
5026
5027
5028
5029
5030
5031
5032
5033
5034
5035
5036
5037
5038
5039
5040
5041
5042
5043
5044
5045
5046
5047
5048
5049
5050
5051
5052
5053
5054
5055
5056
5057
5058
5059
5060
5061
5062
5063
5064
5065
5066
5067
5068
5069
5070
5071
5072
5073
5074
5075
5076
5077
5078
5079
5080
5081
5082
5083
5084
5085
5086
5087
5088
5089
5090
5091
5092
5093
5094
5095
5096
5097
5098
5099
5100
5101
5102
5103
5104
5105
5106
5107
5108
5109
5110
5111
5112
5113
5114
5115
5116
5117
5118
5119
5120
5121
5122
5123
5124
5125
5126
5127
5128
5129
5130
5131
5132
5133
5134
5135
5136
5137
5138
5139
5140
5141
5142
5143
5144
5145
5146
5147
5148
5149
5150
5151
5152
5153
5154
5155
5156
5157
5158
5159
5160
5161
5162
5163
5164
5165
5166
5167
5168
5169
5170
5171
5172
5173
5174
5175
5176
5177
5178
5179
5180
5181
5182
5183
5184
5185
5186
5187
5188
5189
5190
5191
5192
5193
5194
5195
5196
5197
5198
5199
5200
5201
5202
5203
5204
5205
5206
5207
5208
5209
5210
5211
5212
5213
5214
5215
5216
5217
5218
5219
5220
5221
5222
5223
5224
5225
5226
5227
5228
5229
5230
5231
5232
5233
5234
5235
5236
5237
5238
5239
5240
5241
5242
5243
5244
5245
5246
5247
5248
5249
5250
5251
5252
5253
5254
5255
5256
5257
5258
5259
5260
5261
5262
5263
5264
5265
5266
5267
5268
5269
5270
5271
5272
5273
5274
5275
5276
5277
5278
5279
5280
5281
5282
5283
5284
5285
5286
5287
5288
5289
5290
5291
5292
5293
5294
5295
5296
5297
5298
5299
5300
5301
5302
5303
5304
5305
5306
5307
5308
5309
5310
5311
5312
5313
5314
5315
5316
5317
5318
5319
5320
5321
5322
5323
5324
5325
5326
5327
5328
5329
5330
5331
5332
5333
5334
5335
5336
5337
5338
5339
5340
5341
5342
5343
5344
5345
5346
5347
5348
5349
5350
5351
5352
5353
5354
5355
5356
5357
5358
5359
5360
5361
5362
5363
5364
5365
5366
5367
5368
5369
5370
5371
5372
5373
5374
5375
5376
5377
5378
5379
5380
5381
5382
5383
5384
5385
5386
5387
5388
5389
5390
5391
5392
5393
5394
5395
5396
5397
5398
5399
5400
5401
5402
5403
5404
5405
5406
5407
5408
5409
5410
5411
5412
5413
5414
5415
5416
5417
5418
5419
5420
5421
5422
5423
5424
5425
5426
5427
5428
5429
5430
5431
5432
5433
5434
5435
5436
5437
5438
5439
5440
5441
5442
5443
5444
5445
5446
5447
5448
5449
5450
5451
5452
5453
5454
5455
5456
5457
5458
5459
5460
5461
5462
5463
5464
5465
5466
5467
5468
5469
5470
5471
5472
5473
5474
5475
5476
5477
5478
5479
5480
5481
5482
5483
5484
5485
5486
5487
5488
5489
5490
5491
5492
5493
5494
5495
5496
5497
5498
5499
5500
5501
5502
5503
5504
5505
5506
5507
5508
5509
5510
5511
5512
5513
5514
5515
5516
5517
5518
5519
5520
5521
5522
5523
5524
5525
5526
5527
5528
5529
5530
5531
5532
5533
5534
5535
5536
5537
5538
5539
5540
5541
5542
5543
5544
5545
5546
5547
5548
5549
5550
5551
5552
5553
5554
5555
5556
5557
5558
5559
5560
5561
5562
5563
5564
5565
5566
5567
5568
5569
5570
5571
5572
5573
5574
5575
5576
5577
5578
5579
5580
5581
5582
5583
5584
5585
5586
5587
5588
5589
5590
5591
5592
5593
5594
5595
5596
5597
5598
5599
5600
5601
5602
5603
5604
5605
5606
5607
5608
5609
5610
5611
5612
5613
5614
5615
5616
5617
5618
5619
5620
5621
5622
5623
5624
5625
5626
5627
5628
5629
5630
5631
5632
5633
5634
5635
5636
5637
5638
5639
5640
5641
5642
5643
5644
5645
5646
5647
5648
5649
5650
5651
5652
5653
5654
5655
5656
5657
5658
5659
5660
5661
5662
5663
5664
5665
5666
5667
5668
5669
5670
5671
5672
5673
5674
5675
5676
5677
5678
5679
5680
5681
5682
5683
5684
5685
5686
5687
5688
5689
5690
5691
5692
5693
5694
5695
5696
5697
5698
5699
5700
5701
5702
5703
5704
5705
5706
5707
5708
5709
5710
5711
5712
5713
5714
5715
5716
5717
5718
5719
5720
5721
5722
5723
5724
5725
5726
5727
5728
5729
5730
5731
5732
5733
5734
5735
5736
5737
5738
5739
5740
5741
5742
5743
5744
5745
5746
5747
5748
5749
5750
5751
5752
5753
5754
5755
5756
5757
5758
5759
5760
5761
5762
5763
5764
5765
5766
5767
5768
5769
5770
5771
5772
5773
5774
5775
5776
5777
5778
5779
5780
5781
5782
5783
5784
5785
5786
5787
5788
5789
5790
5791
5792
5793
5794
5795
5796
5797
5798
5799
5800
5801
5802
5803
5804
5805
5806
5807
5808
5809
5810
5811
5812
5813
5814
5815
5816
5817
5818
5819
5820
5821
5822
5823
5824
5825
5826
5827
5828
5829
5830
5831
5832
5833
5834
5835
5836
5837
5838
5839
5840
5841
5842
5843
5844
5845
5846
5847
5848
5849
5850
5851
5852
5853
5854
5855
5856
5857
5858
5859
5860
5861
5862
5863
5864
5865
5866
5867
5868
5869
5870
5871
5872
5873
5874
5875
5876
5877
5878
5879
5880
5881
5882
5883
5884
5885
5886
5887
5888
5889
5890
5891
5892
5893
5894
5895
5896
5897
5898
5899
5900
5901
5902
5903
5904
5905
5906
5907
5908
5909
5910
5911
5912
5913
5914
5915
5916
5917
5918
5919
5920
5921
5922
5923
5924
5925
5926
5927
5928
5929
5930
5931
5932
5933
5934
5935
5936
5937
5938
5939
5940
5941
5942
5943
5944
5945
5946
5947
5948
5949
5950
5951
5952
5953
5954
5955
5956
5957
5958
5959
5960
5961
5962
5963
5964
5965
5966
5967
5968
5969
5970
5971
5972
5973
5974
5975
5976
5977
5978
5979
5980
5981
5982
5983
5984
5985
5986
5987
5988
5989
5990
5991
5992
5993
5994
5995
5996
5997
5998
5999
6000
6001
6002
6003
6004
6005
6006
6007
6008
6009
6010
6011
6012
6013
6014
6015
6016
6017
6018
6019
6020
6021
6022
6023
6024
6025
6026
6027
6028
6029
6030
6031
6032
6033
6034
6035
6036
6037
6038
6039
6040
6041
6042
6043
6044
6045
6046
6047
6048
6049
6050
6051
6052
6053
6054
6055
6056
6057
6058
6059
6060
6061
6062
6063
6064
6065
6066
6067
6068
6069
6070
6071
6072
6073
6074
6075
6076
6077
6078
6079
6080
6081
6082
6083
6084
6085
6086
6087
6088
6089
6090
6091
6092
6093
6094
6095
6096
6097
6098
6099
6100
6101
6102
6103
6104
6105
6106
6107
6108
6109
6110
6111
6112
6113
6114
6115
6116
6117
6118
6119
6120
6121
6122
6123
6124
6125
6126
6127
6128
6129
6130
6131
6132
6133
6134
6135
6136
6137
6138
6139
6140
6141
6142
6143
6144
6145
6146
6147
6148
6149
6150
6151
6152
6153
6154
6155
6156
6157
6158
6159
6160
6161
6162
6163
6164
6165
6166
6167
6168
6169
6170
6171
6172
6173
6174
6175
6176
6177
6178
6179
6180
6181
6182
6183
6184
6185
6186
6187
6188
6189
6190
6191
6192
6193
6194
6195
6196
6197
6198
6199
6200
6201
6202
6203
6204
6205
6206
6207
6208
6209
6210
6211
6212
6213
6214
6215
6216
6217
6218
6219
6220
6221
6222
6223
6224
6225
6226
6227
6228
6229
6230
6231
6232
6233
6234
6235
6236
6237
6238
6239
6240
6241
6242
6243
6244
6245
6246
6247
6248
6249
6250
6251
6252
6253
6254
6255
6256
6257
6258
6259
6260
6261
6262
6263
6264
6265
6266
6267
6268
6269
6270
6271
6272
6273
6274
6275
6276
6277
6278
6279
6280
6281
6282
6283
6284
6285
6286
6287
6288
6289
6290
6291
6292
6293
6294
6295
6296
6297
6298
6299
6300
6301
6302
6303
6304
6305
6306
6307
6308
6309
6310
6311
6312
6313
6314
6315
6316
6317
6318
6319
6320
6321
6322
6323
6324
6325
6326
6327
6328
6329
6330
6331
6332
6333
6334
6335
6336
6337
6338
6339
6340
6341
6342
6343
6344
6345
6346
6347
6348
6349
6350
6351
6352
6353
6354
6355
6356
6357
6358
6359
6360
6361
6362
6363
6364
6365
6366
6367
6368
6369
6370
6371
6372
6373
6374
6375
6376
6377
6378
6379
6380
6381
6382
6383
6384
6385
6386
6387
6388
6389
6390
6391
6392
6393
6394
6395
6396
6397
6398
6399
6400
6401
6402
6403
6404
6405
6406
6407
6408
6409
6410
6411
6412
6413
6414
6415
6416
6417
6418
6419
6420
6421
6422
6423
6424
6425
6426
6427
6428
6429
6430
6431
6432
6433
6434
6435
6436
6437
6438
6439
6440
6441
6442
6443
6444
6445
6446
6447
6448
6449
6450
6451
6452
6453
6454
6455
6456
6457
6458
6459
6460
6461
6462
6463
6464
6465
6466
6467
6468
6469
6470
6471
6472
6473
6474
6475
6476
6477
6478
6479
6480
6481
6482
6483
6484
6485
6486
6487
6488
6489
6490
6491
6492
6493
6494
6495
6496
6497
6498
6499
6500
6501
6502
6503
6504
6505
6506
6507
6508
6509
6510
6511
6512
6513
6514
6515
6516
6517
6518
6519
6520
6521
6522
6523
6524
6525
6526
6527
6528
6529
6530
6531
6532
6533
6534
6535
6536
6537
6538
6539
6540
6541
6542
6543
6544
6545
6546
6547
6548
6549
6550
6551
6552
6553
6554
6555
6556
6557
6558
6559
6560
6561
6562
6563
6564
6565
6566
6567
6568
6569
6570
6571
6572
6573
6574
6575
6576
6577
6578
6579
6580
6581
6582
6583
6584
6585
6586
6587
6588
6589
6590
6591
6592
6593
6594
6595
6596
6597
6598
6599
6600
6601
6602
6603
6604
6605
6606
6607
6608
6609
6610
6611
6612
6613
6614
6615
6616
6617
6618
6619
6620
6621
6622
6623
6624
6625
6626
6627
6628
6629
6630
6631
6632
6633
6634
6635
6636
6637
6638
6639
6640
6641
6642
6643
6644
6645
6646
6647
6648
6649
6650
6651
6652
6653
6654
6655
6656
6657
6658
6659
6660
6661
6662
6663
6664
6665
6666
6667
6668
6669
6670
6671
6672
6673
6674
6675
6676
6677
6678
6679
6680
6681
6682
6683
6684
6685
6686
6687
6688
6689
6690
6691
6692
6693
6694
6695
6696
6697
6698
6699
6700
6701
6702
6703
6704
6705
6706
6707
6708
6709
6710
6711
6712
6713
6714
6715
6716
6717
6718
6719
6720
6721
6722
6723
6724
6725
6726
6727
6728
6729
6730
6731
6732
6733
6734
6735
6736
6737
6738
6739
6740
6741
6742
6743
6744
6745
6746
6747
6748
6749
6750
6751
6752
6753
6754
6755
6756
6757
6758
6759
6760
6761
6762
6763
6764
6765
6766
6767
6768
6769
6770
6771
6772
6773
6774
6775
6776
6777
6778
6779
6780
6781
6782
6783
6784
6785
6786
6787
6788
6789
6790
6791
6792
6793
6794
6795
6796
6797
6798
6799
6800
6801
6802
6803
6804
6805
6806
6807
6808
6809
6810
6811
6812
6813
6814
6815
6816
6817
6818
6819
6820
6821
6822
6823
6824
6825
6826
6827
6828
6829
6830
6831
6832
6833
6834
6835
6836
6837
6838
6839
6840
6841
6842
6843
6844
6845
6846
6847
6848
6849
6850
6851
6852
6853
6854
6855
6856
6857
6858
6859
6860
6861
6862
6863
6864
6865
6866
6867
6868
6869
6870
6871
6872
6873
6874
6875
6876
6877
6878
6879
6880
6881
6882
6883
6884
6885
6886
6887
6888
6889
6890
6891
6892
6893
6894
6895
6896
6897
6898
6899
6900
6901
6902
6903
6904
6905
6906
6907
6908
6909
6910
6911
6912
6913
6914
6915
6916
6917
6918
6919
6920
6921
6922
6923
6924
6925
6926
6927
6928
6929
6930
6931
6932
6933
6934
6935
6936
6937
6938
6939
6940
6941
6942
6943
6944
6945
6946
6947
6948
6949
6950
6951
6952
6953
6954
6955
6956
6957
6958
6959
6960
6961
6962
6963
6964
6965
6966
6967
6968
6969
6970
6971
6972
6973
6974
6975
6976
6977
6978
6979
6980
6981
6982
6983
6984
6985
6986
6987
6988
6989
6990
6991
6992
6993
6994
6995
6996
6997
6998
6999
7000
7001
7002
7003
7004
7005
7006
7007
7008
7009
7010
7011
7012
7013
7014
7015
7016
7017
7018
7019
7020
7021
7022
7023
7024
7025
7026
7027
7028
7029
7030
7031
7032
7033
7034
7035
7036
7037
7038
7039
7040
7041
7042
7043
7044
7045
7046
7047
7048
7049
7050
7051
7052
7053
7054
7055
7056
7057
7058
7059
7060
7061
7062
7063
7064
7065
7066
7067
7068
7069
7070
7071
7072
7073
7074
7075
7076
7077
7078
7079
7080
7081
7082
7083
7084
7085
7086
7087
7088
7089
7090
7091
7092
7093
7094
7095
7096
7097
7098
7099
7100
7101
7102
7103
7104
7105
7106
7107
7108
7109
7110
7111
7112
7113
7114
7115
7116
7117
7118
7119
7120
7121
7122
7123
7124
7125
7126
7127
7128
7129
7130
7131
7132
7133
7134
7135
7136
7137
7138
7139
7140
7141
7142
7143
7144
7145
7146
7147
7148
7149
7150
7151
7152
7153
7154
7155
7156
7157
7158
7159
7160
7161
7162
7163
7164
7165
7166
7167
7168
7169
7170
7171
7172
7173
7174
7175
7176
7177
7178
7179
7180
7181
7182
7183
7184
7185
7186
7187
7188
7189
7190
7191
7192
7193
7194
7195
7196
7197
7198
7199
7200
7201
7202
7203
7204
7205
7206
7207
7208
7209
7210
7211
7212
7213
7214
7215
7216
7217
7218
7219
7220
7221
7222
7223
7224
7225
7226
7227
7228
7229
7230
7231
7232
7233
7234
7235
7236
7237
7238
7239
7240
7241
7242
7243
7244
7245
7246
7247
7248
7249
7250
7251
7252
7253
7254
7255
7256
7257
7258
7259
7260
7261
7262
7263
7264
7265
7266
7267
7268
7269
7270
7271
7272
7273
7274
7275
7276
7277
7278
7279
7280
7281
7282
7283
7284
7285
7286
7287
7288
7289
7290
7291
7292
7293
7294
7295
7296
7297
7298
7299
7300
7301
7302
7303
7304
7305
7306
7307
7308
7309
7310
7311
7312
7313
7314
7315
7316
7317
7318
7319
7320
7321
7322
7323
7324
7325
7326
7327
7328
7329
7330
7331
7332
7333
7334
7335
7336
7337
7338
7339
7340
7341
7342
7343
7344
7345
7346
7347
7348
7349
7350
7351
7352
7353
7354
7355
7356
7357
7358
7359
7360
7361
7362
7363
7364
7365
7366
7367
7368
7369
7370
7371
7372
7373
7374
7375
7376
7377
7378
7379
7380
7381
7382
7383
7384
7385
7386
7387
7388
7389
7390
7391
7392
7393
7394
7395
7396
7397
7398
7399
7400
7401
7402
7403
7404
7405
7406
7407
7408
7409
7410
7411
7412
7413
7414
7415
7416
7417
7418
7419
7420
7421
7422
7423
7424
7425
7426
7427
7428
7429
7430
7431
7432
7433
7434
7435
7436
7437
7438
7439
7440
7441
7442
7443
7444
7445
7446
7447
7448
7449
7450
7451
7452
7453
7454
7455
7456
7457
7458
7459
7460
7461
7462
7463
7464
7465
7466
7467
7468
7469
7470
7471
7472
7473
7474
7475
7476
7477
7478
7479
7480
7481
7482
7483
7484
7485
7486
7487
7488
7489
7490
7491
7492
7493
7494
7495
7496
7497
7498
7499
7500
7501
7502
7503
7504
7505
7506
7507
7508
7509
7510
7511
7512
7513
7514
7515
7516
7517
7518
7519
7520
7521
7522
7523
7524
7525
7526
7527
7528
7529
7530
7531
7532
7533
7534
7535
7536
7537
7538
7539
7540
7541
7542
7543
7544
7545
7546
7547
7548
7549
7550
7551
7552
7553
7554
7555
7556
7557
7558
7559
7560
7561
7562
7563
7564
7565
7566
7567
7568
7569
7570
7571
7572
7573
7574
7575
7576
7577
7578
7579
7580
7581
7582
7583
7584
7585
7586
7587
7588
7589
7590
7591
7592
7593
7594
7595
7596
7597
7598
7599
7600
7601
7602
7603
7604
7605
7606
7607
7608
7609
7610
7611
7612
7613
7614
7615
7616
7617
7618
7619
7620
7621
7622
7623
7624
7625
7626
7627
7628
7629
7630
7631
7632
7633
7634
7635
7636
7637
7638
7639
7640
7641
7642
7643
7644
7645
7646
7647
7648
7649
7650
7651
7652
7653
7654
7655
7656
7657
7658
7659
7660
7661
7662
7663
7664
7665
7666
7667
7668
7669
7670
7671
7672
7673
7674
7675
7676
7677
7678
7679
7680
7681
7682
7683
7684
7685
7686
7687
7688
7689
7690
7691
7692
7693
7694
7695
7696
7697
7698
7699
7700
7701
7702
7703
7704
7705
7706
7707
7708
7709
7710
7711
7712
7713
7714
7715
7716
7717
7718
7719
7720
7721
7722
7723
7724
7725
7726
7727
7728
7729
7730
7731
7732
7733
7734
7735
7736
7737
7738
7739
7740
7741
7742
7743
7744
7745
7746
7747
7748
7749
7750
7751
7752
7753
7754
7755
7756
7757
7758
7759
7760
7761
7762
7763
7764
7765
7766
7767
7768
7769
7770
7771
7772
7773
7774
7775
7776
7777
7778
7779
7780
7781
7782
7783
7784
7785
7786
7787
7788
7789
7790
7791
7792
7793
7794
7795
7796
7797
7798
7799
7800
7801
7802
7803
7804
7805
7806
7807
7808
7809
7810
7811
7812
7813
7814
7815
7816
7817
7818
7819
7820
7821
7822
7823
7824
7825
7826
7827
7828
7829
7830
7831
7832
7833
7834
7835
7836
7837
7838
7839
7840
7841
7842
7843
7844
7845
7846
7847
7848
7849
7850
7851
7852
7853
7854
7855
7856
7857
7858
7859
7860
7861
7862
7863
7864
7865
7866
7867
7868
7869
7870
7871
7872
7873
7874
7875
7876
7877
7878
7879
7880
7881
7882
7883
7884
7885
7886
7887
7888
7889
7890
7891
7892
7893
7894
7895
7896
7897
7898
7899
7900
7901
7902
7903
7904
7905
7906
7907
7908
7909
7910
7911
7912
7913
7914
7915
7916
7917
7918
7919
7920
7921
7922
7923
7924
7925
7926
7927
7928
7929
7930
7931
7932
7933
7934
7935
7936
7937
7938
7939
7940
7941
7942
7943
7944
7945
7946
7947
7948
7949
7950
7951
7952
7953
7954
7955
7956
7957
7958
7959
7960
7961
7962
7963
7964

SCALARS PART_ID int 1
LOOKUP_TABLE default
1
1
1
1
1
1
1
1
1
1
1
1
1
1
1
1
1
1
1
1
1
1
1
1
1
1
1
1
1
1
1
1
1
1
1
1
1
1
1
1
1
1
1
1
1
1
1
1
1
1
1
1
1
1
1
1
1
1
1
1
1
1
1
1
1
1
1
1
1
1
1
1
1
1
1
1
1
1
1
1
1
1
1
1
1
1
1
1
1
1
1
1
1
1
1
1
1
1
1
1
1
1
1
1
1
1
1
1
1
1
1
1
1
1
1
1
1
1
1
1
1
1
1
1
1
1
1
1
1
1
1
1
1
1
1
1
1
1
1
1
1
1
1
1
1
1
1
1
1
1
1
1
1
1
1
1
1
1
1
1
1
1
1
1
1
1
1
1
1
1
1
1
1
1
1
1
1
1
1
1
1
1
1
1
1
1
1
1
1
1
1
1
1
1
1
1
1
1
1
1
1
1
1
1
1
1
1
1
1
1
1
1
1
1
1
1
1
1
1
1
1
1
1
1
1
1
1
1
1
1
1
1
1
1
1
1
1
1
1
1
1
1
1
1
1
1
1
1
1
1
1
1
1
1
1
1
1
1
1
1
1
1
1
1
1
1
1
1
1
1
1
1
1
1
1
1
1
1
1
1
1
1
1
1
1
1
1
1
1
1
1
1
1
1
1
1
1
1
1
1
1
1
1
1
1
1
1
1
1
1
1
1
1
1
1
1
1
1
1
1
1
1
1
1
1
1
1
1
1
1
1
1
1
1
1
1
1
1
1
1
1
1
1
1
1
1
1
1
1
1
1
1
1
1
1
1
1
1
1
1
1
1
1
1
1
1
1
1
1
1
1
1
1
1
1
1
1
1
1
1
1
1
1
1
1
1
1
1
1
1
1
1
1
1
1
1
1
1
1
1
1
1
1
1
1
1
1
1
1
1
1
1
1
1
1
1
1
1
1
1
1
1
1
1
1
1
1
1
1
1
1
1
1
1
1
1
1
1
1
1
1
1
1
1
1
1
1
1
1
1
1
1
1
1
1
1
1
1
1
1
1
1
1
1
1
1
1
1
1
1
1
1
1
1
1
1
1
1
1
1
1
1
1
1
1
1
1
1
1
1
1
1
1
1
1
1
1
1
1
1
1
1
1
1
1
1
1
1
1
1
1
1
1
1
1
1
1
1
1
1
1
1
1
1
1
1
1
1
1
1
1
1
1
1
1
1
1
1
1
1
1
1
1
1
1
1
1
1
1
1
1
1
1
1
1
1
1
1
1
1
1
1
1
1
1
1
1
1
1
1
1
1
1
1
1
1
1
1
1
1
1
1
1
1
1
1
1
1
1
1
1
1
1
1
1
1
1
1
1
1
1
1
1
1
1
1
1
1
1
1
1
1
1
1
1
1
1
1
1
1
1
1
1
1
1
1
1
1
1
1
1
1
1
1
1
1
1
1
1
1
1
1
1
1
1
1
1
1
1
1
1
1
1
1
1
1
1
1
1
1
1
1
1
1
1
1
1
1
1
1
1
1
1
1
1
1
1
1
1
1
1
1
1
1
1
1
1
1
1
1
1
1
1
1
1
1
1
1
1
1
1
1
1
1
1
1
1
1
1
1
1
1
1
1
1
1
1
1
1
1
1
1
1
1
1
1
1
1
1
1
1
1
1
1
1
1
1
1
1
1
1
1
1
1
1
1
1
1
1
1
1
1
1
1
1
1
1
1
1
1
1
1
1
1
1
1
1
1
1
1
1
1
1
1
1
1
1
1
1
1
1
1
1
1
1
1
1
1
1
1
1
1
1
1
1
1
1
1
1
1
1
1
1
1
1
1
1
1
1
1
1
1
1
1
1
1
1
1
1
1
1
1
1
1
1
1
1
1
1
1
1
1
1
1
1
1
1
1
1
1
1
1
1
1
1
1
1
1
1
1
1
1
1
1
1
1
1
1
1
1
1
1
1
1
1
1
1
1
1
1
1
1
1
1
1
1
1
1
1
1
1
1
1
1
1
1
1
1
1
1
1
1
1
1
1
1
1
1
1
1
1
1
1
1
1
1
1
1
1
1
1
1
1
1
1
1
1
1
1
1
1
1
1
1
1
1
1
1
1
1
1
1
1
1
1
1
1
1
1
1
1
1
1
1
1
1
1
1
1
1
1
1
1
1
1
1
1
1
1
1
1
1
1
1
1
1
1
1
1
1
1
1
1
1
1
1
1
1
1
1
2
2
2
2
2
2
2
2
2
2
2
2
2
2
2
2
2
2
2
2
2
2
2
2
2
2
2
2
2
2
2
2
2
2
2
2
2
2
2
2
2
2
2
2
2
2
2
2
2
2
2
2
2
2
2
2
2
2
2
2
2
2
2
2
2
2
2
2
2
2
2
2
2
2
2
2
2
2
2
2
2
2
2
2
2
2
2
2
2
2
2
2
2
2
2
2
2
2
2
2
2
2
2
2
2
2
2
2
2
2
2
2
2
2
2
2
2
2
2
2
2
2
2
2
2
2
2
2
2
2
2
2
2
2
2
2
2
2
2
2
2
2
2
2
2
2
2
2
2
2
2
2
2
2
2
2
2
2
2
2
2
2
2
2
2
2
2
2
2
2
2
2
2
2
2
2
2
2
2
2
2
2
2
2
2
2
2
2
2
2
2
2
2
2
2
2
2
2
2
2
2
2
2
2
2
2
2
2
2
2
2
2
2
2
2
2
2
2
2
2
2
2
2
2
2
2
2
2
2
2
2
2
2
2
2
2
2
2
2
2
2
2
2
2
2
2
2
2
2
2
2
2
2
2
2
2
2
2
2
2
2
2
2
2
2
2
2
2
2
2
2
2
2
2
2
2
2
2
2
2
2
2
2
2
2
2
2
2
2
2
2
2
2
2
2
2
2
2
2
2
2
2
2
2
2
2
2
2
2
2
2
2
2
2
2
2
2
2
2
2
2
2
2
2
2
2
2
2
2
2
2
2
2
2
2
2
2
2
2
2
2
2
2
2
2
2
2
2
2
2
2
2
2
2
2
2
2
2
2
2
2
2
2
2
2
2
2
2
2
2
2
2
2
2
2
2
2
2
2
2
2
2
2
2
2
2
2
2
2
2
2
2
2
2
2
2
2
2
2
2
2
2
2
2
2
2
2
2
2
2
2
2
2
2
2
2
2
2
2
2
2
2
2
2
2
2
2
2
2
2
2
2
2
2
2
2
2
2
2
2
2
2
2
2
2
2
2
2
2
2
2
2
2
2
2
2
2
2
2
2
2
2
2
2
2
2
2
2
2
2
2
2
2
2
2
2
2
2
2
2
2
2
2
2
2
2
2
2
2
2
2
2
2
2
2
2
2
2
2
2
2
2
2
2
2
2
2
2
2
2
2
2
2
2
2
2
2
2
2
2
2
2
2
2
2
2
2
2
2
2
2
2
2
2
2
2
2
2
2
2
2
2
2
2
2
2
2
2
2
2
2
2
2
2
2
2
2
2
2
2
2
2
2
2
2
2
2
2
2
2
2
2
2
2
2
2
2
2
2
2
2
2
2
2
2
2
2
2
2
2
2
2
2
2
2
2
2
2
2
2
2
2
2
2
2
2
2
2
2
2
2
2
2
2
2
2
2
2
2
2
2
2
2
2
2
2
2
2
2
2
2
2
2
2
2
2
2
2
2
2
2
2
2
2
2
2
2
2
2
2
2
2
2
2
2
2
2
2
2
2
2
2
2
2
2
2
2
2
2
2
2
2
2
2
2
2
2
2
2
2
2
2
2
2
2
2
2
2
2
2
2
2
2
2
2
2
2
2
2
2
2
2
2
2
2
2
2
2
2
2
2
2
2
2
2
2
2
2
2
2
2
2
2
2
2
2
2
2
2
2
2
2
2
2
2
2
2
2
2
2
2
2
2
2
2
2
2
2
2
2
2
2
2
2
2
2
2
2
2
2
2
2
2
2
2
2
2
2
2
2
2
2
2
2
2
2
2
2
2
2
2
2
2
2
2
2
2
2
2
2
2
2
2
2
2
2
2
2
2
2
2
2
2
2
2
2
2
2
2
2
2
2
2
2
2
2
2
2
2
2
2
2
2
2
2
2
2
2
2
2
2
2
2
2
2
2
2
2
2
2
2
2
2
2
2
2
2
2
2
2
2
2
2
2
2
2
2
2
2
2
2
2
2
2
2
2
2
2
2
2
2
2
2
2
2
2
2
2
2
2
2
2
2
2
2
2
2
2
2
2
2
2
2
2
2
2
2
2
2
2
2
2
2
2
2
2
2
2
2
2
2
2
2
2
2
2
2
2
2
2
2
2
2
2
2
2
2
2
2
2
2
2
2
2
2
2
2
2
2
2
2
2
2
2
2
2
2
2
2
2
2
2
2
2
2
2
2
2
2
2
2
2
2
2
2
2
2
2
2
2
2
2
2
2
2
2
2
2
2
2
3
3
3
3
3
3
3
3
3
3
3
3
3
3
3
3
3
3
3
3
3
3
3
3
3
3
3
3
3
3
3
3
3
3
3
3
3
3
3
3
3
3
3
3
3
3
3
3
3
3
3
3
3
3
3
3
3
3
3
3
3
3
3
3
3
3
3
3
3
3
3
3
3
3
3
3
3
3
3
3
3
3
3
3
3
3
3
3
3
3
3
3
3
3
3
3
3
3
3
3
3
3
3
3
3
3
3
3
3
3
3
3
3
3
3
3
3
3
3
3
3
3
3
3
3
3
3
3
3
3
3
3
3
3
3
3
3
3
3
3
3
3
3
3
3
3
3
3
3
3
3
3
3
3
3
3
3
3
3
3
3
3
3
3
3
3
3
3
3
3
3
3
3
3
3
3
3
3
3
3
3
3
3
3
3
3
3
3
3
3
3
3
3
3
3
3
3
3
3
3
3
3
3
3
3
3
3
3
3
3
3
3
3
3
3
3
3
3
3
3
3
3
3
3
3
3
3
3
3
3
3
3
3
3
3
3
3
3
3
3
3
3
3
3
3
3
3
3
3
3
3
3
3
3
3
3
3
3
3
3
3
3
3
3
3
3
3
3
3
3
3
3
3
3
3
3
3
3
3
3
3
3
3
3
3
3
3
3
3
3
3
3
3
3
3
3
3
3
3
3
3
3
3
3
3
3
3
3
3
3
3
3
3
3
3
3
3
3
3
3
3
3
3
3
3
3
3
3
3
3
3
3
3
3
3
3
3
3
3
3
3
3
3
3
3
3
3
3
3
3
3
3
3
3
3
3
3
3
3
3
3
3
3
3
3
3
3
3
3
3
3
3
3
3
3
3
3
3
3
3
3
3
3
3
3
3
3
3
3
3
3
3
3
3
3
3
3
3
3
3
3
3
3
3
3
3
3
3
3
3
3
3
3
3
3
3
3
3
3
3
3
3
3
3
3
3
3
3
3
3
3
3
3
3
3
3
3
3
3
3
3
3
3
3
3
3
3
3
3
3
3
3
3
3
3
3
3
3
3
3
3
3
3
3
3
3
3
3
3
3
3
3
3
3
3
3
3
3
3
3
3
3
3
3
3
3
3
3
3
3
3
3
3
3
3
3
3
3
3
3
3
3
3
3
3
3
3
3
3
3
3
3
3
3
3
3
3
3
3
3
3
3
3
3
3
3
3
3
3
3
3
3
3
3
3
3
3
3
3
3
3
3
3
3
3
3
3
3
3
3
3
3
3
3
3
3
3
3
3
3
3
3
3
3
3
3
3
3
3
3
3
3
3
3
3
3
3
3
3
3
3
3
3
3
3
3
3
3
3
3
3
3
3
3
3
3
3
3
3
3
3
3
3
3
3
3
3
3
3
3
3
3
3
3
3
3
3
3
3
3
3
3
3
3
3
3
3
3
3
3
3
3
3
3
3
3
3
3
3
3
3
3
3
3
3
3
3
3
3
3
3
3
3
3
3
3
3
3
3
3
3
3
3
3
3
3
3
3
3
3
3
3
3
3
3
3
3
3
3
3
3
3
3
3
3
3
3
3
3
3
3
3
3
3
3
3
3
3
3
3
3
3
3
3
3
3
3
3
3
3
3
3
3
3
3
3
3
3
3
3
3
3
3
3
3
3
3
3
3
3
3
3
3
3
3
3
3
3
3
3
3
3
3
3
3
3
3
3
3
3
3
3
3
3
3
3
3
3
3
3
3
3
3
3
3
3
3
3
3
3
3
3
3
3
3
3
3
3
3
3
3
3
3
3
3
3
3
3
3
3
3
3
3
3
3
3
3
3
3
3
3
3
3
3
3
3
3
3
3
3
3
3
3
3
3
3
3
3
3
3
3
3
3
3
3
3
3
3
3
3
3
3
3
3
3
3
3
3
3
3
3
3
3
3
3
3
3
3
3
3
3
3
3
3
3
3
3
3
3
3
3
3
3
3
3
3
3
3
3
3
3
3
3
3
3
3
3
3
3
3
3
3
3
3
3
3
3
3
3
3
3
3
3
3
3
3
3
3
3
3
3
3
3
3
3
3
3
3
3
3
3
3
3
3
3
3
3
3
3
3
3
3
3
3
3
3
3
3
3
3
3
3
3
3
3
3
3
3
3
3
3
3
3
3
3
3
3
3
3
3
3
3
3
3
3
3
3
3
3
3
3
3
3
3
3
3
3
3
3
3
3
3
3
3
3
3
3
3
3
3
3
3
3
3
3
3
3
3
3
3
3
3
3
3
3
3
3
3
3
3
3
3
3
3
3
3
3
3
3
3
3
3
3
3
3
3
3
3
3
3
3
3
3
3
3
3
3
3
3
3
3
3
3
3
3
3
3
3
3
3
3
3
3
3
3
3
3
3
3
3
3
3
3
3
3
3
3
3
3
3
3
3
3
3
3
3
3
3
3
3
3
3
3
3
3
3
3
3
3
3
3
3
3
3
3
3
3
3
3
3
3
3
3
3
3
3
3
3
3
3
3
3
3
3
3
3
3
3
3
3
3
3
3
3
3
3
3
3
3
3
3
3
3
3
3
3
3
3
3
3
3
3
3
3
3
3
3
3
3
3
3
3
3
3
3
3
3
3
3
3
3
3
3
3
3
3
3
3
3
3
3
3
3
3
3
3
3
3
3
3
3
3
3
3
3
3
3
3
3
3
3
3
3
3
3
3
3
3
3
3
3
3
3
3
3
3
3
3
3
3
3
3
3
3
3
3
3
3
3
3
3
3
3
3
3
3
3
3
3
3
3
3
3
3
3
3
3
3
3
3
3
3
3
3
3
3
3
3
3
3
3
3
3
3
3
3
3
3
3
3
3
3
3
3
3
3
3
3
3
3
3
3
3
3
3
3
3
3
3
3
3
3
3
3
3
3
3
3
3
3
3
3
3
3
3
3
3
3
3
3
3
3
3
3
3
3
3
3
3
3
3
3
3
3
3
3
3
3
3
3
3
3
3
3
3
3
3
3
3
3
3
3
3
3
3
3
3
3
3
3
3
3
3
3
3
3
3
3
3
3
3
3
3
3
3
3
3
3
3
3
3
3
3
3
3
3
3
3
3
3
3
3
3
3
3
3
3
3
3
3
3
3
3
3
3
3
3
3
3
3
3
3
3
3
3
3
3
3
3
3
3
3
3
3
3
3
3
3
3
3
3
3
3
3
3
3
3
3
3
3
3
3
3
3
3
3
3
3
3
3
3
3
3
3
3
3
3
3
3
3
3
3
3
3
3
3
3
3
3
3
3
3
3
3
3
3
3
3
3
3
3
3
3
3
3
3
3
3
3
3
3
3
3
3
3
3
3
3
3
3
3
3
3
3
3
3
3
3
3
3
3
3
3
3
3
3
3
3
3
3
3
3
3
3
3
3
3
3
3
3
3
3
3
3
3
3
3
3
3
3
3
3
3
3
3
3
3
3
3
3
3
3
3
3
3
3
3
3
3
3
3
3
3
3
3
3
3
3
3
3
3
3
3
3
3
3
3
3
3
3
3
3
3
3
3
3
3
3
3
3
3
3
3
3
3
3
3
3
3
3
3
3
3
3
3
3
3
3
3
3
3
3
3
3
3
3
3
3
3
3
3
3
3
3
3
3
3
3
3
3
3
3
3
3
3
3
3
3
3
3
3
3
3
3
3
3
3
3
3
3
3
3
3
3
3
3
3
3
3
3
3
3
3
3
3
3
3
3
3
3
3
3
3
3
3
3
3
3
3
3
3
3
3
3
3
3
3
3
3
3
3
3
3
3
3
3
3
3
3
3
3
3
3
3
3
3
3
3
3
3
3
3
3
3
3
3
3
3
3
3
3
3
3
3
3
3
3
3
3
3
3
3
3
3
3
3
3
3
3
3
3
3
3
3
3
3
3
3
3
3
3
3
3
3
3
3
3
3
3
3
3
3
3
3
3
3
3
3
3
3
3
3
3
3
3
3
3
3
3
3
3
3
3
3
3
3
3
3
3
3
3
3
3
3
3
3
3
3
3
3
3
3
3
3
3
3
3
3
3
3
3
3
3
3
3
3
3
3
3
3
3
3
3
3
3
3
3
3
3
3
3
3
3
3
3
3
3
3
3
3
3
3
3
3
3
3
3
3
3
3
3
3
3
3
3
3
3
3
3
3
3
3
3
3
3
3
3
3
3
3
3
3
3
3
3
3
3
3
3
3
3
3
3
3
3
3
3
3
3
3
3
3
3
3
3
3
3
3
3
3
3
3
3
3
3
3
3
3
3
3
3
3
3
3
3
3
3
3
3
3
3
3
3
3
3
3
3
3
3
3
3
3
3
3
3
3
3
3
3
3
3
3
3
3
3
3
3
3
3
3
3
3
3
3
3
3
3
3
3
3
3
3
3
3
3
3
3
3
3
3
3
3
3
3
3
3
3
3
3
3
3
3
3
3
3
3
3
3
3
3
3
3
3
3
3
3
3
3
3
3
3
3
3
3
3
3
3
3
3
3
3
3
3
3
3
3
3
3
3
3
3
3
3
3
3
3
3
3
3
3
3
3
3
3
3
3
3
3
3
3
3
3
3
3
3
3
3
3
3
3
3
3
3
3
3
3
3
3
3
3
3
3
3
3
3
3
3
3
3
3
3
3
3
3
3
3
3
3
3
3
3
3
3
3
3
3
3
3
3
3
3
3
3
3
3
3
3
3
3
3
3
3
3
3
3
3
3
3
3
3
3
3
3
3
3
3
3
3
3
3
3
3
3
3
3
3
3
3
3
3
3
3
3
3
3
3
3
3
3
3
3
3
3
3
3
3
3
3
3
3
3
3
3
3
3
3
3
3
3
3
3
3
3
3
3
3
3
3
3
3
3
3
3
3
3
3
3
3
3
3
3
3
3
3
3
3
3
3
3
3
3
3
3
3
3
3
3
3
3
3
3
3
3
3
3
3
3
3
3
3
3
3
3
3
3
3
3
3
3
3
3
3
3
3
3
3
3
3
3
3
3
3
3
3
3
3
3
3
3
3
3
3
3
3
3
3
3
3
3
3
3
3
3
3
3
3
3
3
3
3
3
3
3
3
3
3
3
3
3
3
3
3
3
3
3
3
3
3
3
3
3
3
3
3
3
3
3
3
3
3
3
3
3
3
3
3
3
3
3
3
3
3
3
3
3
3
3
3
3
3
3
3
3
3
3
3
3
3
3
3
3
3
3
3
3
3
3
3
3
3
3
3
3
3
3
3
3
3
3
3
3
3
3
3
3
3
3
3
3
3
3
3
3
3
3
3
3
3
3
3
3
3
3
3
3
3
3
3
3
3
3
3
3
3
3
3
3
3
3
3
3
3
3
3
3
3
3
3
3
3
3
3
3
3
3
3
3
3
3
3
3
3
3
3
3
3
3
3
3
3
3
3
3
3
3
3
3
3
3
3
3
3
3
3
3
3
3
3
3
3
3
3
3
3
3
3
3
3
3
3
3
3
3
3
3
3
3
3
3
3
3
3
3
3
3
3
3
3
3
3
3
3
3
3
3
3
3
3
3
3
3
3
3
3
3
3
3
3
3
3
3
3
3
3
3
3
3
3
3
3
3
3
3
3
3
3
3
3
3
3
3
3
3
3
3
3
3
3
3
3
3
3
3
3
3
3
3
3
3
3
3
3
3
3
3
3
3
3
3
3
3
3
3
3
3
3
3
3
3
3
3
3
3
3
3
3
3
3
3
3
3
3
3
3
3
3
3
3
3
3
3
3
3
3
3
3
3
3
3
3
3
3
3
3
3
3
3
3
3
3
3
3
3
3
3
3
3
3
3
3
3
3
3
3
3
3
3
3
3
3
3
3
3
3
3
3
3
3
3
3
3
3
3
3
3
3
3
3
3
3
3
3
3
3
3
3
3
3
3
3
3
3
3
3
3
3
3
3
3
3
3
3
3
3
3
3
3
3
3
3
3
3
3
3
3
3
3
3
3
3
3
3
3
3
3
3
3
3
3
3
3
3
3
3
3
3
3
3
3
3
3
3
3
3
3
3
3
3
3
3
3
3
3
3
3
3
3
3
3
3
3
3
3
3
3
3
3
3
3
3
3
3
3
3
3
3
3
3
3
3
3
3
3
3
3
3
3
3
3
3
3
3
3
3
3
3
3
3
3
3
3
3
3
3
3
3
3
3
3
3
3
3
3
3
3
3
3
3
3
3
3
3
3
3
3
3
3
3
3
3
3
3
3
3
3
3
3
3
3
3
3
3
3
3
3
3
3
3
3
3
3
3
3
3
3
3
3
3
3
3
3
3
3
3
3
3
3
3
3
3
3
3
3
3
3
3
3
3
3
3
3
3
3
3
3
3
3
3
3
3
3
3
3
3
3
3
3
3
3
3
3
3
3
3
3
3
3
3
3
3
3
3
3
3
3
3
3
3
3
3
3
3
3
3
3
3
3
3
3
3
3
3
3
3
3
3
3
3
3
3
3
3
3
3
3
3
3
3
3
3
3
3
3
3
3
3
3
3
3
3
3
3
3
3
3
3
3
3
3
3
3
3
3
3
3
3
3
3
3
3
3
3
3
3
3
3
3
3
3
3
3
3
3
3
3
3
3
3
3
3
3
3
3
3
3
3
3
3
3
3
3
3
3
3
3
3
3
3
3
3
3
3
3
3
3
3
3
3
3
3
3
3
3
3
3
3
3
3
3
3
3
3
3
3
3
3
3
3
3
3
3
3
3
3
3
3
3
3
3
3
3
3
3
3
3
3
3
3
3
3
3
3
3
3
3
3
3
3
3
3
3
3
3
3
3
3
3
3
3
3
3
3
3
3
3
3
3
3
3
3
3
3
3
3
3
3
3
3
3
3
3
3
3
3
3
3
3
3
3
3
3
3
3
3
3
3
3
3
3
3
3
3
3
3
3
3
3
3
3
3
3
3
3
3
3
3
3
3
3
3
3
3
3
3
3
3
3
3
3
3
3
3
3
3
3
3
3
3
3
3
3
3
3
3
3
3
3
3
3
3
3
3
3
3
3
3
3
3
3
3
3
3
3
3
3
3
3
3
3
3
3
3
3
3
3
3
3
3
3
3
3
3
3
3
3
3
3
3
3
3
3
3
3
3
3
3
3
3
3
3
3
3
3
3
3
3
3
3
3
3
3
3
3
3
3
3
3
3
3
3
3
3
3
3
3
3
3
3
3
3
3
3
3
3
3
3
3
3
3
3
3
3
3
3
3
3
3
3
3
3
3
3
3
3
3
3
3
3
3
3
3
3
3
3
3
3
3
3
3
3
3
3
3
3
3
3
3
3
3
3
3
3
3
3
3
3
3
3
3
3
3
3
3
3
3
3
3
3
3
3
3
3
3
3
3
3
3
3
3
3
3
3
3
3
3
3
3
3
3
3
3
3
3
3
3
3
3
3
3
3
3
3
3
3
3
3
3
3
3
3
3
3
3
3
3
3
3
3
3
3
3
3
3
3
3
3
3
3
3
3
3
3
3
3
3
3
3
3
3
3
3
3
3
3
3
3
3
3
3
3
3
3
3
3
3
3
3
3
3
3
3
3
3
3
3
3
3
3
3
3
3
3
3
3
3
3
3
3
3
3
3
3
3
3
3
3
3
3
3
3
3
3
3
3
3
3
3
3
3
3
3
3
3
3
3
3
3
3
3
3
3
3
3
3
3
3
3
3
3
3
3
3
3
3
3
3
3
3
3
3
3
3
3
3
3
3
3
3
3
3
3
3
3
3
3
3
3
3
3
3
3
3
3
3
3
3
3
3
3
3
3
3
3
3
3
3
3
3
3
3
3
3
3
3
3
3
3
3
3
3
3
3
3
3
3
3
3
3
3
3
3
3
3
3
3
3
3
3
3
3
3
3
3
3
3
3
3
3
3
3
3
3
3
3
3
3
3
3
3
3
3
3
3
3
3
3
3
3
3
3
3
3
3
3
3
3
3
3
3
3
3
3
3
3
3
3
3
3
3
3
3
3
3
3
3
3
3
3
3
3
3
3
3
3
3
3
3
3
3
3
3
3
3
3
3
3
3
3
3
3
3
3
3
3
3
3
3
3
3
3
3
3
3
3
3
3
3
3
3
3
3
3
3
3
3
3
3
3
3
3
3
3
3
3
3
3
3
3
3
3
3
3
3
3
3
3
3
3
3
3
3
3
3
3
3
3
3
3
3
3
3
3
3
3
3
3
3
3
3
3
3
3
3
3
3
3
3
3
3
3
3
3
3
3
3
3
3
3
3
3
3
3
3
3
3
3
3
3
3
3
3
3
3
3
3
3
3
3
3
3
3
3
3
3
3
3
3
3
3
3
3
3
3
3
3
3
3
3
3
3
3
3
3
3
3
3
3
3
3
3
3
3
3
3
3
3
3
3
3
3
3
3
3
3
3
3
3
3
3
3
3
3
3
3
3
3
3
3
3
3
3
3
3
3
3
3
3
3
3
3
3
3
3
3
3
3
3
3
3
3
3
3
3
3
4
4
4
4
4
4
4
4
4
4
4
4
4
4
4
4
4
4
4
4
4
4
4
4
4
4
4
4
4
4
4
4
4
4
4
4
4
4
4
4
4
4
4
4
4
4
4
4
4
4
4
4
4
4
4
4
4
4
4
4
4
4
4
4
4
4
4
4
4
4
4
4
4
4
4
4
4
4
4
4
4
4
4
4
4
4
4
4
4
4
4
4
4
4
4
4
4
4
4
4
4
4
4
4
4
4
4
4
4
4
4
4
4
4
4
4
4
4
4
4
4
4
4
4
4
4
4
4
4
4
4
4
4
4
4
4
4
4
4
4
4
4
4
4
4
4
4
4
4
4
4
4
4
4
4
4
4
4
4
4
4
4
4
4
4
4
4
4
4
4
4
4
4
4
4
4
4
4
4
4
4
4
4
4
4
4
4
4
4
4
4
4
4
4
4
4
4
4
4
4
4
4
4
4
4
4
4
4
4
4
4
4
4
4
4
4
4
4
4
4
4
4
4
4
4
4
4
4
4
4
4
4
4
4
4
4
4
4
4
4
4
4
4
4
4
4
4
4
4
4
4
4
4
4
4
4
4
4
4
4
4
4
4
4
4
4
4
4
4
4
4
4
4
4
4
4
4
4
4
4
4
4
4
4
4
4
4
4
5
5
5
5
5
5
5
5
5
5
5
5
5
5
5
5
5
5
5
5
5
5
5
5
5
5
5
5
5
5
5
5
5
5
5
5
5
5
5
5
5
5
5
5
5
5
5
5
5
5
5
5
5
5
5
5
5
5
5
5
5
5
5
5
5
5
5
5
5
5
5
5
5
5
5
5
5
5
5
5
5
5
5
5
5
5
5
5
5
5
5
5
5
5
5
5
5
5
5
5
5
5
5
5
5
5
5
5
5
5
5
5
5
5
5
5
5
5
5
5
5
5
5
5
5
5
5
5
5
5
5
5
5
5
5
5
5
5
5
5
5
5
5
5
5
5
5
5
5
5
5
5
5
5
5
5
5
5
5
5
5
5
5
5
5
5
5
5
5
5
5
5
5
5
5
5
5
5
5
5
5
5
5
5
5
5
5
5
5
5
5
5
5
5
5
5
5
5
5
5
5
5
5
5
5
5
5
5
5
5
5
5
5
5
5
5
5
5
5
5
5
5
5
5
5
5
5
5
5
5
5
5
5
5
5
5
5
5
5
5
5
5
5
5
5
5
5
5
5
5
5
5
5
5
5
5
5
5
5
5
5
5
5
5
5
5
5
5
5
5
5
5
5
5
5
5
5
5
5
5
5
5
5
5
5
5
5
5
5
5
5
5
5
5
5
5
5
5
5
5
5
5
5
5
5
5
5
5
5
5
5
5
5
5
5
5
5
5
5
5
5
5
5
5
5
5
5
5
5
5
5
5
5
5
5
5
5
5
5
5
5
5
5
5
5
5
5
5
5
5
5
5
5
5
5
5
5
5
5
5
5
5
5
5
5
5
5
5
5
5
5
5
5
5
5
5
5
5
5
5
5
5
5
5
5
5
5
5
5
5
5
5
5
5
5
5
5
5
5
5
5
5
5
5
5
5
5
5
5
5
5
5
5
5
5
5
5
5
5
5
5
5
5
5
5
5
5
5
5
5
5
5
5
5
5
5
5
5
5
5
5
5
5
5
5
5
5
5
5
5
5
5
5
5
5
5
5
5
5
5
5
5
5
5
5
5
5
5
5
5
5
5
5
5
5
5
5
5
5
5
5
5
5
5
5
5
5
5
5
5
5
5
5
5
5
5
5
5
5
5
5
5
5
5
5
5
5
5
5
5
5
5
5
5
5
5
5
5
5
5
5
5
5
5
5
5
5
5
5
5
5
5
5
5
5
5
5
5
5
5
5
5
5
5
5
5
5
5
5
5
5
5
5
5
5
5
5
5
5
5
5
5
5
5
5
5
5
5
5
5
5
5
5
5
5
5
5
5
5
5
5
5
5
5
5
5
5
5
5
5
5
5
5
5
5
5
5
5
5
5
5
5
5
5
5
5
5
5
5
5
5
5
5
5
5
5
5
5
5
5
5
5
5
5
5
5
5
5
5
5
5
5
5
5
5
5
5
5
5
5
5
5
5
5
5
5
5
5
5
5
5
5
5
5
5
5
5
5
5
5
5
5
5
5
5
5
5
5
5
5
5
5
5
5
5
5
5
5
5
5
5
5
5
5
5
5
5
5
5
5
5
5
5
5
5
5
5
5
5
5
5
5
5
5
5
5
5
5
5
5
5
5
5
5
5
5
5
5
5
5
5
5
5
5
5
5
5
5
5
5
5
5
5
5
5
5
5
5
5
5
5
5
5
5
5
5
5
5
5
5
5
5
5
5
5
5
5
5
5
5
5
5
5
5
5
5
5
5
5
5
5
5
5
5
5
5
5
5
5
5
5
5
5
5
5
5
5
5
5
5
5
5
5
5
5
5
5
5
5
5
5
5
5
5
5
5
5
5
5
5
5
5
5
5
5
5
5
5
5
5
5
5
5
5
5
5
5
5
5
5
5
5
5
5
5
5
5
5
5
5
5
5
5
5
5
5
5
5
5
5
5
5
5
5
5
5
5
5
5
5
5
5
5
5
5
5
5
5
5
5
5
5
5
5
5
5
5
5
5
5
5
5
5
5
5
5
5
5
5
5
5
5
5
5
5
5
5
5
5
5
5
5
5
5
5
5
5
5
5
5
5
5
5
5
5
5
5
5
5
5
5
5
5
5
5
5
5
5
5
5
5
5
5
5
5
5
5
5
5
5
5
5
5
5
5
5
5
5
5
5
5
5
5
5
5
5
5
5
5
5
5
5
5
5
5
5
5
5
5
5
5
5
5
5
5
5
5
5
5
5
6
6
6
6
6
6
6
6
6
6
6
6
6
6
6
6
6
6
6
6
6
6
6
6
6
6
6
6
6
6
6
6
6
6
6
6
6
6
6
6
6
6
6
6
6
6
6
6
6
6
6
6
6
6
6
6
6
6
6
6
6
6
6
6
6
6
6
6
6
6
6
6
6
6
6
6
6
6
6
6
6
6
6
6
6
6
6
6
6
6
6
6
6
6
6
6
6
6
6
6
6
6
6
6
6
6
6
6
6
6
6
6
6
6
6
6
6
6
6
6
6
6
6
6
6
6
6
6
6
6
6
6
6
6
6
6
6
6
6
6
6
6
6
6
6
6
6
6
6
6
6
6
6
6
6
6
6
6
6
6
6
6
6
6
6
6
6
6
6
6
6
6
6
6
6
6
6
6
6
6
6
6
6
6
6
6
6
6
6
6
6
6
6
6
6
6
6
6
6
6
6
6
6
6
6
6
6
6
6
6
6
6
6
6
6
6
6
6
6
6
6
6
6
6
6
6
6
6
6
6
6
6
6
6
6
6
6
6
6
6
6
6
6
6
6
6
6
6
6
6
6
6
6
6
6
6
6
6
6
6
6
6
6
6
6
6
6
6
6
6
6
6
6
6
6
6
6
6
6
6
6
6
6
6
6
6
6
6
6
6
6
6
6
6
6
6
6
6
6
6
6
6
6
6
6
6
6
6
6
6
6
6
6
6
6
6
6
6
6
6
6
6
6
6
6
6
6
6
6
6
6
6
6
6
6
6
6
6
6
6
6
6
6
6
6
6
6
6
6
6
6
6
6
6
6
6
6
6
6
6
6
6
6
6
6
6
6
6
6
6
6
6
6
6
6
6
6
6
6
6
6
6
6
6
6
6
6
6
6
6
6
6
6
6
6
6
6
6
6
6
6
6
6
6
6
6
6
6
6
6
6
6
6
6
6
6
6
6
6
6
6
6
6
6
6
6
6
6
6
6
6
6
6
6
6
6
6
6
6
6
6
6
6
6
6
6
6
6
6
6
6
6
6
6
6
6
6
6
6
6
6
6
6
6
6
6
6
6
6
6
6
6
6
6
6
6
6
6
6
6
6
6
6
6
6
6
6
6
6
6
6
6
6
6
6
6
6
6
6
6
6
6
6
6
6
6
6
6
6
6
6
6
6
6
6
6
6
6
6
6
6
6
6
6
6
6
6
6
6
6
6
6
6
6
6
6
6
6
6
6
6
6
6
6
6
6
6
6
6
6
6
6
6
6
6
6
6
6
6
6
6
6
6
6
6
6
6
6
6
6
6
6
6
6
6
6
6
6
6
6
6
6
6
6
6
6
6
6
6
6
6
6
6
6
6
6
6
6
6
6
6
6
6
6
6
6
6
6
6
6
6
6
6
6
6
6
6
6
6
6
6
6
6
6
6
6
6
6
6
6
6
6
6
6
6
6
6
6
6
6
6
6
6
6
6
6
6
6
6
6
6
6
6
6
6
6
6
6
6
6
6
6
6
6
6
6
6
6
6
6
6
6
6
6
6
6
6
6
6
6
6
6
6
6
6
6
6
6
6
6
6
6
6
6
6
6
6
6
6
6
6
6
6
6
6
6
6
6
6
6
6
6
6
6
6
6
6
6
6
6
6
6
6
6
6
6
6
6
6
6
6
6
6
6
6
6
6
6
6
6
6
6
6
6
6
6
6
6
6
6
6
6
6
6
6
6
6
6
6
6
6
6
6
6
6
6
6
6
6
6
6
6
6
6
6
6
6
6
6
6
6
6
6
6
6
6
6
6
6
6
6
6
6
6
6
6
6
6
6
6
6
6
6
6
6
6
6
6
6
6
6
6
6
6
6
6
6
6
6
6
6
6
6
6
6
6
6
6
6
6
6
6
6
6
6
6
6
6
6
6
6
6
6
6
6
6
6
6
6
6
6
6
6
6
6
6
6
6
6
6
6
6
6
6
6
6
6
6
6
6
6
6
6
6
6
6
6
6
6
6
6
6
6
6
6
6
6
6
6
6
6
6
6
6
6
6
6
6
6
6
6
6
6
6
6
6
6
6
6
6
6
6
6
6
6
6
6
6
6
6
6
6
6
6
6
6
6
6
6
6
6
6
6
6
6
6
6
6
6
6
6
6
6
6
6
6
6
6
6
6
6
6
6
6
6
6
6
6
6
6
6
6
6
6
6
6
6
6
6
6
6
6
6
6
6
6
6
6
6
6
7
7
7
7
7
7
7
7
7
7
7
7

SCALARS EROSION_STATUS int 1
LOOKUP_TABLE default
1
1
1
1
1
1
1
1
1
1
1
1
1
1
1
1
1
1
1
1
1
1
1
1
1
1
1
1
1
1
1
1
1
1
1
1
1
1
1
1
1
1
1
1
1
1
1
1
1
1
1
1
1
1
1
1
1
1
1
1
1
1
1
1
1
1
1
1
1
1
1
1
1
1
1
1
1
1
1
1
1
1
1
1
1
1
1
1
1
1
1
1
1
1
1
1
1
1
1
1
1
1
1
1
1
1
1
1
1
1
1
1
1
1
1
1
1
1
1
1
1
1
1
1
1
1
1
1
1
1
1
1
1
1
1
1
1
1
1
1
1
1
1
1
1
1
1
1
1
1
1
1
1
1
1
1
1
1
1
1
1
1
1
1
1
1
1
1
1
1
1
1
1
1
1
1
1
1
1
1
1
1
1
1
1
1
1
1
1
1
1
1
1
1
1
1
1
1
1
1
1
1
1
1
1
1
1
1
1
1
1
1
1
1
1
1
1
1
1
1
1
1
1
1
1
1
1
1
1
1
1
1
1
1
1
1
1
1
1
1
1
1
1
1
1
1
1
1
1
1
1
1
1
1
1
1
1
1
1
1
1
1
1
1
1
1
1
1
1
1
1
1
1
1
1
1
1
1
1
1
1
1
1
1
1
1
1
1
1
1
1
1
1
1
1
1
1
1
1
1
1
1
1
1
1
1
1
1
1
1
1
1
1
1
1
1
1
1
1
1
1
1
1
1
1
1
1
1
1
1
1
1
1
1
1
1
1
1
1
1
1
1
1
1
1
1
1
1
1
1
1
1
1
1
1
1
1
1
1
1
1
1
1
1
1
1
1
1
1
1
1
1
1
1
1
1
1
1
1
1
1
1
1
1
1
1
1
1
1
1
1
1
1
1
1
1
1
1
1
1
1
1
1
1
1
1
1
1
1
1
1
1
1
1
1
1
1
1
1
1
1
1
1
1
1
1
1
1
1
1
1
1
1
1
1
1
1
1
1
1
1
1
1
1
1
1
1
1
1
1
1
1
1
1
1
1
1
1
1
1
1
1
1
1
1
1
1
1
1
1
1
1
1
1
1
1
1
1
1
1
1
1
1
1
1
1
1
1
1
1
1
1
1
1
1
1
1
1
1
1
1
1
1
1
1
1
1
1
1
1
1
1
1
1
1
1
1
1
1
1
1
1
1
1
1
1
1
1
1
1
1
1
1
1
1
1
1
1
1
1
1
1
1
1
1
1
1
1
1
1
1
1
1
1
1
1
1
1
1
1
1
1
1
1
1
1
1
1
1
1
1
1
1
1
1
1
1
1
1
1
1
1
1
1
1
1
1
1
1
1
1
1
1
1
1
1
1
1
1
1
1
1
1
1
1
1
1
1
1
1
1
1
1
1
1
1
1
1
1
1
1
1
1
1
1
1
1
1
1
1
1
1
1
1
1
1
1
1
1
1
1
1
1
1
1
1
1
1
1
1
1
1
1
1
1
1
1
1
1
1
1
1
1
1
1
1
1
1
1
1
1
1
1
1
1
1
1
1
1
1
1
1
1
1
1
1
1
1
1
1
1
1
1
1
1
1
1
1
1
1
1
1
1
1
1
1
1
1
1
1
1
1
1
1
1
1
1
1
1
1
1
1
1
1
1
1
1
1
1
1
1
1
1
1
1
1
1
1
1
1
1
1
1
1
1
1
1
1
1
1
1
1
1
1
1
1
1
1
1
1
1
1
1
1
1
1
1
1
1
1
1
1
1
1
1
1
1
1
1
1
1
1
1
1
1
1
1
1
1
1
1
1
1
1
1
1
1
1
1
1
1
1
1
1
1
1
1
1
1
1
1
1
1
1
1
1
1
1
1
1
1
1
1
1
1
1
1
1
1
1
1
1
1
1
1
1
1
1
1
1
1
1
1
1
1
1
1
1
1
1
1
1
1
1
1
1
1
1
1
1
1
1
1
1
1
1
1
1
1
1
1
1
1
1
1
1
1
1
1
1
1
1
1
1
1
1
1
1
1
1
1
1
1
1
1
1
1
1
1
1
1
1
1
1
1
1
1
1
1
1
1
1
1
1
1
1
1
1
1
1
1
1
1
1
1
1
1
1
1
1
1
1
1
1
1
1
1
1
1
1
1
1
1
1
1
1
1
1
1
1
1
1
1
1
1
1
1
1
1
1
1
1
1
1
1
1
1
1
1
1
1
1
1
1
1
1
1
1
1
1
1
1
1
1
1
1
1
1
1
1
1
1
1
1
1
1
1
1
1
1
1
1
1
1
1
1
1
1
1
1
1
1
1
1
1
1
1
1
1
1
1
1
1
1
1
1
1
1
1
1
1
1
1
1
1
1
1
1
1
1
1
1
1
1
1
1
1
1
1
1
1
1
1
1
1
1
1
1
1
1
1
1
1
1
1
1
1
1
1
1
1
1
1
1
1
1
1
1
1
1
1
1
1
1
1
1
1
1
1
1
1
1
1
1
1
1
1
1
1
1
1
1
1
1
1
1
1
1
1
1
1
1
1
1
1
1
1
1
1
1
1
1
1
1
1
1
1
1
1
1
1
1
1
1
1
1
1
1
1
1
1
1
1
1
1
1
1
1
1
1
1
1
1
1
1
1
1
1
1
1
1
1
1
1
1
1
1
1
1
1
1
1
1
1
1
1
1
1
1
1
1
1
1
1
1
1
1
1
1
1
1
1
1
1
1
1
1
1
1
1
1
1
1
1
1
1
1
1
1
1
1
1
1
1
1
1
1
1
1
1
1
1
1
1
1
1
1
1
1
1
1
1
1
1
1
1
1
1
1
1
1
1
1
1
1
1
1
1
1
1
1
1
1
1
1
1
1
1
1
1
1
1
1
1
1
1
1
1
1
1
1
1
1
1
1
1
1
1
1
1
1
1
1
1
1
1
1
1
1
1
1
1
1
1
1
1
1
1
1
1
1
1
1
1
1
1
1
1
1
1
1
1
1
1
1
1
1
1
1
1
1
1
1
1
1
1
1
1
1
1
1
1
1
1
1
1
1
1
1
1
1
1
1
1
1
1
1
1
1
1
1
1
1
1
1
1
1
1
1
1
1
1
1
1
1
1
1
1
1
1
1
1
1
1
1
1
1
1
1
1
1
1
1
1
1
1
1
1
1
1
1
1
1
1
1
1
1
1
1
1
1
1
1
1
1
1
1
1
1
1
1
1
1
1
1
1
1
1
1
1
1
1
1
1
1
1
1
1
1
1
1
1
1
1
1
1
1
1
1
1
1
1
1
1
1
1
1
1
1
1
1
1
1
1
1
1
1
1
1
1
1
1
1
1
1
1
1
1
1
1
1
1
1
1
1
1
1
1
1
1
1
1
1
1
1
1
1
1
1
1
1
1
1
1
1
1
1
1
1
1
1
1
1
1
1
1
1
1
1
1
1
1
1
1
1
1
1
1
1
1
1
1
1
1
1
1
1
1
1
1
1
1
1
1
1
1
1
1
1
1
1
1
1
1
1
1
1
1
1
1
1
1
1
1
1
1
1
1
1
1
1
1
1
1
1
1
1
1
1
1
1
1
1
1
1
1
1
1
1
1
1
1
1
1
1
1
1
1
1
1
1
1
1
1
1
1
1
1
1
1
1
1
1
1
1
1
1
1
1
1
1
1
1
1
1
1
1
1
1
1
1
1
1
1
1
1
1
1
1
1
1
1
1
1
1
1
1
1
1
1
1
1
1
1
1
1
1
1
1
1
1
1
1
1
1
1
1
1
1
1
1
1
1
1
1
1
1
1
1
1
1
1
1
1
1
1
1
1
1
1
1
1
1
1
1
1
1
1
1
1
1
1
1
1
1
1
1
1
1
1
1
1
1
1
1
1
1
1
1
1
1
1
1
1
1
1
1
1
1
1
1
1
1
1
1
1
1
1
1
1
1
1
1
1
1
1
1
1
1
1
1
1
1
1
1
1
1
1
1
1
1
1
1
1
1
1
1
1
1
1
1
1
1
1
1
1
1
1
1
1
1
1
1
1
1
1
1
1
1
1
1
1
1
1
1
1
1
1
1
1
1
1
1
1
1
1
1
1
1
1
1
1
1
1
1
1
1
1
1
1
1
1
1
1
1
1
1
1
1
1
1
1
1
1
1
1
1
1
1
1
1
1
1
1
1
1
1
1
1
1
1
1
1
1
1
1
1
1
1
1
1
1
1
1
1
1
1
1
1
1
1
1
1
1
1
1
1
1
1
1
1
1
1
1
1
1
1
1
1
1
1
1
1
1
1
1
1
1
1
1
1
1
1
1
1
1
1
1
1
1
1
1
1
1
1
1
1
1
1
1
1
1
1
1
1
1
1
1
1
1
1
1
1
1
1
1
1
1
1
1
1
1
1
1
1
1
1
1
1
1
1
1
1
1
1
1
1
1
1
1
1
1
1
1
1
1
1
1
1
1
1
1
1
1
1
1
1
1
1
1
1
1
1
1
1
1
1
1
1
1
1
1
1
1
1
1
1
1
1
1
1
1
1
1
1
1
1
1
1
1
1
1
1
1
1
1
1
1
1
1
1
1
1
1
1
1
1
1
1
1
1
1
1
1
1
1
1
1
1
1
1
1
1
1
1
1
1
1
1
1
1
1
1
1
1
1
1
1
1
1
1
1
1
1
1
1
1
1
1
1
1
1
1
1
1
1
1
1
1
1
1
1
1
1
1
1
1
1
1
1
1
1
1
1
1
1
1
1
1
1
1
1
1
1
1
1
1
1
1
1
1
1
1
1
1
1
1
1
1
1
1
1
1
1
1
1
1
1
1
1
1
1
1
1
1
1
1
1
1
1
1
1
1
1
1
1
1
1
1
1
1
1
1
1
1
1
1
1
1
1
1
1
1
1
1
1
1
1
1
1
1
1
1
1
1
1
1
1
1
1
1
1
1
1
1
1
1
1
1
1
1
1
1
1
1
1
1
1
1
1
1
1
1
1
1
1
1
1
1
1
1
1
1
1
1
1
1
1
1
1
1
1
1
1
1
1
1
1
1
1
1
1
1
1
1
1
1
1
1
1
1
1
1
1
1
1
1
1
1
1
1
1
1
1
1
1
1
1
1
1
1
1
1
1
1
1
1
1
1
1
1
1
1
1
1
1
1
1
1
1
1
1
1
1
1
1
1
1
1
1
1
1
1
1
1
1
1
1
1
1
1
1
1
1
1
1
1
1
1
1
1
1
1
1
1
1
1
1
1
1
1
1
1
1
1
1
1
1
1
1
1
1
1
1
1
1
1
1
1
1
1
1
1
1
1
1
1
1
1
1
1
1
1
1
1
1
1
1
1
1
1
1
1
1
1
1
1
1
1
1
1
1
1
1
1
1
1
1
1
1
1
1
1
1
1
1
1
1
1
1
1
1
1
1
1
1
1
1
1
1
1
1
1
1
1
1
1
1
1
1
1
1
1
1
1
1
1
1
1
1
1
1
1
1
1
1
1
1
1
1
1
1
1
1
1
1
1
1
1
1
1
1
1
1
1
1
1
1
1
1
1
1
1
1
1
1
1
1
1
1
1
1
1
1
1
1
1
1
1
1
1
1
1
1
1
1
1
1
1
1
1
1
1
1
1
1
1
1
1
1
1
1
1
1
1
1
1
1
1
1
1
1
1
1
1
1
1
1
1
1
1
1
1
1
1
1
1
1
1
1
1
1
1
1
1
1
1
1
1
1
1
1
1
1
1
1
1
1
1
1
1
1
1
1
1
1
1
1
1
1
1
1
1
1
1
1
1
1
1
1
1
1
1
1
1
1
1
1
1
1
1
1
1
1
1
1
1
1
1
1
1
1
1
1
1
1
1
1
1
1
1
1
1
1
1
1
1
1
1
1
1
1
1
1
1
1
1
1
1
1
1
1
1
1
1
1
1
1
1
1
1
1
1
1
1
1
1
1
1
1
1
1
1
1
1
1
1
1
1
1
1
1
1
1
1
1
1
1
1
1
1
1
1
1
1
1
1
1
1
1
1
1
1
1
1
1
1
1
1
1
1
1
1
1
1
1
1
1
1
1
1
1
1
1
1
1
1
1
1
1
1
1
1
1
1
1
1
1
1
1
1
1
1
1
1
1
1
1
1
1
1
1
1
1
1
1
1
1
1
1
1
1
1
1
1
1
1
1
1
1
1
1
1
1
1
1
1
1
1
1
1
1
1
1
1
1
1
1
1
1
1
1
1
1
1
1
1
1
1
1
1
1
1
1
1
1
1
1
1
1
1
1
1
1
1
1
1
1
1
1
1
1
1
1
1
1
1
1
1
1
1
1
1
1
1
1
1
1
1
1
1
1
1
1
1
1
1
1
1
1
1
1
1
1
1
1
1
1
1
1
1
1
1
1
1
1
1
1
1
1
1
1
1
1
1
1
1
1
1
1
1
1
1
1
1
1
1
1
1
1
1
1
1
1
1
1
1
1
1
1
1
1
1
1
1
1
1
1
1
1
1
1
1
1
1
1
1
1
1
1
1
1
1
1
1
1
1
1
1
1
1
1
1
1
1
1
1
1
1
1
1
1
1
1
1
1
1
1
1
1
1
1
1
1
1
1
1
1
1
1
1
1
1
1
1
1
1
1
1
1
1
1
1
1
1
1
1
1
1
1
1
1
1
1
1
1
1
1
1
1
1
1
1
1
1
1
1
1
1
1
1
1
1
1
1
1
1
1
1
1
1
1
1
1
1
1
1
1
1
1
1
1
1
1
1
1
1
1
1
1
1
1
1
1
1
1
1
1
1
1
1
1
1
1
1
1
1
1
1
1
1
1
1
1
1
1
1
1
1
1
1
1
1
1
1
1
1
1
1
1
1
1
1
1
1
1
1
1
1
1
1
1
1
1
1
1
1
1
1
1
1
1
1
1
1
1
1
1
1
1
1
1
1
1
1
1
1
1
1
1
1
1
1
1
1
1
1
1
1
1
1
1
1
1
1
1
1
1
1
1
1
1
1
1
1
1
1
1
1
1
1
1
1
1
1
1
1
1
1
1
1
1
1
1
1
1
1
1
1
1
1
1
1
1
1
1
1
1
1
1
1
1
1
1
1
1
1
1
1
1
1
1
1
1
1
1
1
1
1
1
1
1
1
1
1
1
1
1
1
1
1
1
1
1
1
1
1
1
1
1
1
1
1
1
1
1
1
1
1
1
1
1
1
1
1
1
1
1
1
1
1
1
1
1
1
1
1
1
1
1
1
1
1
1
1
1
1
1
1
1
1
1
1
1
1
1
1
1
1
1
1
1
1
1
1
1
1
1
1
1
1
1
1
1
1
1
1
1
1
1
1
1
1
1
1
1
1
1
1
1
1
1
1
1
1
1
1
1
1
1
1
1
1
1
1
1
1
1
1
1
1
1
1
1
1
1
1
1
1
1
1
1
1
1
1
1
1
1
1
1
1
1
1
1
1
1
1
1
1
1
1
1
1
1
1
1
1
1
1
1
1
1
1
1
1
1
1
1
1
1
1
1
1
1
1
1
1
1
1
1
1
1
1
1
1
1
1
1
1
1
1
1
1
1
1
1
1
1
1
1
1
1
1
1
1
1
1
1
1
1
1
1
1
1
1
1
1
1
1
1
1
1
1
1
1
1
1
1
1
1
1
1
1
1
1
1
1
1
1
1
1
1
1
1
1
1
1
1
1
1
1
1
1
1
1
1
1
1
1
1
1
1
1
1
1
1
1
1
1
1
1
1
1
1
1
1
1
1
1
1
1
1
1
1
1
1
1
1
1
1
1
1
1
1
1
1
1
1
1
1
1
1
1
1
1
1
1
1
1
1
1
1
1
1
1
1
1
1
1
1
1
1
1
1
1
1
1
1
1
1
1
1
1
1
1
1
1
1
1
1
1
1
1
1
1
1
1
1
1
1
1
1
1
1
1
1
1
1
1
1
1
1
1
1
1
1
1
1
1
1
1
1
1
1
1
1
1
1
1
1
1
1
1
1
1
1
1
1
1
1
1
1
1
1
1
1
1
1
1
1
1
1
1
1
1
1
1
1
1
1
1
1
1
1
1
1
1
1
1
1
1
1
1
1
1
1
1
1
1
1
1
1
1
1
1
1
1
1
1
1
1
1
1
1
1
1
1
1
1
1
1
1
1
1
1
1
1
1
1
1
1
1
1
1
1
1
1
1
1
1
1
1
1
1
1
1
1
1
1
1
1
1
1
1
1
1
1
1
1
1
1
1
1
1
1
1
1
1
1
1
1
1
1
1
1
1
1
1
1
1
1
1
1
1
1
1
1
1
1
1
1
1
1
1
1
1
1
1
1
1
1
1
1
1
1
1
1
1
1
1
1
1
1
1
1
1
1
1
1
1
1
1
1
1
1
1
1
1
1
1
1
1
1
1
1
1
1
1
1
1
1
1
1
1
1
1
1
1
1
1
1
1
1
1
1
1
1
1
1
1
1
1
1
1
1
1
1
1
1
1
1
1
1
1
1
1
1
1
1
1
1
1
1
1
1
1
1
1
1
1
1
1
1
1
1
1
1
1
1
1
1
1
1
1
1
1
1
1
1
1
1
1
1
1
1
1
1
1
1
1
1
1
1
1
1
1
1
1
1
1
1
1
1
1
1
1
1
1
1
1
1
1
1
1
1
1
1
1
1
1
1
1
1
1
1
1
1
1
1
1
1
1
1
1
1
1
1
1
1
1
1
1
1
1
1
1
1
1
1
1
1
1
1
1
1
1
1
1
1
1
1
1
1
1
1
1
1
1
1
1
1
1
1
1
1
1
1
1
1
1
1
1
1
1
1
1
1
1
1
1
1
1
1
1
1
1
1
1
1
1
1
1
1
1
1
1
1
1
1
1
1
1
1
1
1
1
1
1
1
1
1
1
1
1
1
1
1
1
1
1
1
1
1
1
1
1
1
1
1
1
1
1
1
1
1
1
1
1
1
1
1
1
1
1
1
1
1
1
1
1
1
1
1
1
1
1
1
1
1
1
1
1
1
1
1
1
1
1
1
1
1
1
1
1
1
1
1
1
1
1
1
1
1
1
1
1
1
1
1
1
1
1
1
1
1
1
1
1
1
1
1
1
1
1
1
1
1
1
1
1
1
1
1
1
1
1
1
1
1
1
1
1
1
1
1
1
1
1
1
1
1
1
1
1
1
1
1
1
1
1
1
1
1
1
1
1
1
1
1
1
1
1
1
1
1
1
1
1
1
1
1
1
1
1
1
1
1
1
1
1
1
1
1
1
1
1
1
1
1
1
1
1
1
1
1
1
1
1
1
1
1
1
1
1
1
1
1
1
1
1
1
1
1
1
1
1
1
1
1
1
1
1
1
1
1
1
1
1
1
1
1
1
1
1
1
1
1
1
1
1
1
1
1
1
1
1
1
1
1
1
1
1
1
1
1
1
1
1
1
1
1
1
1
1
1
1
1
1
1
1
1
1
1
1
1
1
1
1
1
1
1
1
1
1
1
1
1
1
1
1
1
1
1
1
1
1
1
1
1
1
1
1
1
1
1
1
1
1
1
1
1
1
1
1
1
1
1
1
1
1
1
1
1
1
1
1
1
1
1
1
1
1
1
1
1
1
1
1
1
1
1
1
1
1
1
1
1
1
1
1
1
1
1
1
1
1
1
1
1
1
1
1
1
1
1
1
1
1
1
1
1
1
1
1
1
1
1
1
1
1
1
1
1
1
1
1
1
1
1
1
1
1
1
1
1
1
1
1
1
1
1
1
1
1
1
1
1
1
1
1
1
1
1
1
1
1
1
1
1
1
1
1
1
1
1
1
1
1
1
1
1
1
1
1
1
1
1
1
1
1
1
1
1
1
1
1
1
1
1
1
1
1
1
1
1
1
1
1
1
1
1
1
1
1
1
1
1
1
1
1
1
1
1
1
1
1
1
1
1
1
1
1
1
1
1
1
1
1
1
1
1
1
1
1
1
1
1
1
1
1
1
1
1
1
1
1
1
1
1
1
1
1
1
1
1
1
1
1
1
1
1
1
1
1
1
1
1
1
1
1
1
1
1
1
1
1
1
1
1
1
1
1
1
1
1
1
1
1
1
1
1
1
1
1
1
1
1
1
1
1
1
1
1
1
1
1
1
1
1
1
1
1
1
1
1
1
1
1
1
1
1
1
1
1
1
1
1
1
1
1
1
1
1
1
1
1
1
1
1
1
1
1
1
1
1
1
1
1
1
1
1
1
1
1
1
1
1
1
1
1
1
1
1
1
1
1
1
1
1
1
1
1
1
1
1
1
1
1
1
1
1
1
1
1
1
1
1
1
1
1
1
1
1
1
1
1
1
1
1
1
1
1
1
1
1
1
1
1
1
1
1
1
1
1
1
1
1
1
1
1
1
1
1
1
1
1
1
1
1
1
1
1
1
1
1
1
1
1
1
1
1
1
1
1
1
1
1
1
1
1
1
1
1
1
1
1
1
1
1
1
1
1
1
1
1
1
1
1
1
1
1
1
1
1
1
1
1
1
1
1
1
1
1
1
1
1
1
1
1
1
1
1
1
1
1
1
1
1
1
1
1
1
1
1
1
1
1
1
1
1
1
1
1
1
1
1
1
1
1
1
1
1
1
1
1
1
1
1
1
1
1
1
1
1
1
1
1
1
1
1
1
1
1
1
1
1
1
1
1
1
1
1
1
1
1
1
1
1
1
1
1
1
1
1
1
1
1
1
1
1
1
1
1
1
1
1
1
1
1
1
1
1
1
1
1
1
1
1
1
1
1
1
1
1
1
1
1
1
1
1
1
1
1
1
1
1
1
1
1
1
1
1
1
1
1
1
1
1
1
1
1
1
1
1
1
1
1
1
1
1
1
1
1
1
1
1
1
1
1
1
1
1
1
1
1
1
1
1
1
1
1
1
1
1
1
1
1
1
1
1
1
1
1
1
1
1
1
1
1
1
1
1
1
1
1
1
1
1
1
1
1
1
1
1
1
1
1
1
1
1
1
1
1
1
1
1
1
1
1
1
1
1
1
1
1
1
1
1
1
1
1
1
1
1
1
1
1
1
1
1
1
1
1
1
1
1
1
1
1
1
1
1
1
1
1
1
1
1
1
1
1
1
1
1
1
1
1
1
1
1
1
1
1
1
1
1
1
1
1
1
1
1
1
1
1
1
1
1
1
1
1
1
1
1
1
1
1
1
1
1
1
1
1
1
1
1
1
1
1
1
1
1
1
1
1
1
1
1
1
1
1
1
1
1
1
1
1
1
1
1
1
1
1
1
1
1
1
1
1
1
1
1
1
1
1
1
1
1
1
1
1
1
1
1
1
1
1
1
1
1
1
1
1
1
1
1
1
1
1
1
1
1
1
1
1
1
1
1
1
1
1
1
1
1
1
1
1
1
1
1
1
1
1
1
1
1
1
1
1
1
1
1
1
1
1
1
1
1
1
1
1
1
1
1
1
1
1
1
1
1
1
1
1
1
1
1
1
1
1
1
1
1
1
1
1
1
1
1
1
1
1
1
1
1
1
1
1
1
1
1
1
1
1
1
1
1
1
1
1
1
1
1
1
1
1
1
1
1
1
1
1
1
1
1
1
1
1
1
1
1
1
1
1
1
1
1
1
1
1
1
1
1
1
1
1
1
1
1
1
1
1
1
1
1
1
1
1
1
1
1
1
1
1
1
1
1
1
1
1
1
1
1
1
1
1
1
1
1
1
1
1
1
1
1
1
1
1
1
1
1
1
1
1
1
1
1
1
1
1
1
1
1
1
1
1
1
1
1
1
1
1
1
1
1
1
1
1
1
1
1
1
1
1
1
1
1
1
1
1
1
1
1
1
1
1
1
1
1
1
1
1
1
1
1
1
1
1
1
1
1
1
1
1
1
1
1
1
1
1
1
1
1
1
1
1
1
1
1
1
1
1
1
1
1
1
1
1
1
1
1
1
1
1
1
1
1
1
1
1
1
1
1
1
1
1
1
1
1
1
1
1
1
1
1
1
1
1
1
1
1
1
1
1
1
1
1
1
1
1
1
1
1
1
1
1
1
1
1
1
1
1
1
1
1
1
1
1
1
1
1
1
1
1
1
1
1
1
1
1
1
1
1
1
1
1
1
1
1
1
1
1
1
1
1
1
1
1
1
1
1
1
1
1
1
1
1
1
1
1
1
1
1
1
1
1
1
1
1
1
1
1
1
1
1
1
1
1
1
1
1
1
1
1
1
1
1
1
1
1
1
1
1
1
1
1
1
1
1
1
1
1
1
1
1
1
1
1
1
1
1
1
1
1
1
1
1
1
1
1
1
1
1
1
1
1
1
1
1
1
1
1
1
1
1
1
1
1
1
1
1
1
1
1
1
1
1
1
1
1
1
1
1
1
1
1
1
1
1
1
1
1
1
1
1
1
1
1
1
1
1
1
1
1
1
1
1
1
1
1
1
1
1
1
1
1
1
1
1
1
1
1
1
1
1
1
1
1
1
1
1
1
1
1
1
1
1
1
1
1
1
1
1
1
1
1
1
1
1
1
1
1
1
1
1
1
1
1
1
1
1
1
1
1
1
1
1
1
1
1
1
1
1
1
1
1
1
1
1
1
1
1
1
1
1
1
1
1
1
1
1
1
1
1
1
1
1
1
1
1
1
1
1
1
1
1
1
1
1
1
1
1
1
1
1
1
1
1
1
1
1
1
1
1
1
1
1
1
1
1
1
1
1
1
1
1
1
1
1
1
1
1
1
1
1
1
1
1
1
1
1
1
1
1
1
1
1
1
1
1
1
1
1
1
1
1
1
1
1
1
1
1
1
1
1
1
1
1
1
1
1
1
1
1
1
1
1
1
1
1
1
1
1
1
1
1
1
1
1
1
1
1
1
1
1
1
1
1
1
1
1
1
1
1
1
1
1
1
1
1
1
1
1
1
1
1
1
1
1
1
1
1
1
1
1
1
1
1
1
1
1
1
1
1
1
1
1
1
1
1
1
1
1
1
1
1
1
1
1
1
1
1
1
1
1
1
1
1
1
1
1
1
1
1
1
1
1
1
1
1
1
1
1
1
1
1
1
1
1
1
1
1
1
1
1
1
1
1
1
1
1
1
1
1
1
1
1
1
1
1
1
1
1
1
1
1
1
1
1
1
1
1
1
1
1
1
1
1
1
1
1
1
1
1
1
1
1
1
1
1
1
1
1
1
1
1
1
1
1
1
1
1
1
1
1
1
1
1
1
1
1
1
1
1
1
1
1
1
1
1
1
1
1
1
1
1
1
1
1
1
1
1
1
1
1
1
1
1
1
1
1
1
1
1
1
1
1
1
1
1
1
1
1
1
1
1
1
1
1
1
1
1
1
1
1
1
1
1
1
1
1
1
1
1
1
1
1
1
1
1
1
1
1
1
1
1
1
1
1
1
1
1
1
1
1
1
1
1
1
1
1
1
1
1
1
1
1
1
1
1
1
1
1
1
1
1
1
1
1
1
1
1
1
1
1
1
1
1
1
1
1
1
1
1
1
1
1
1
1
1
1
1
1
1
1
1
1
1
1
1
1
1
1
1
1
1
1
1
1
1
1
1
1
1
1
1
1
1
1
1
1
1
1
1
1
1
1
1
1
1
1
1
1
1
1
1
1
1
1
1
1
1
1
1
1
1
1
1
1
1
1
1
1
1
1
1
1
1
1
1
1
1
1
1
1
1
1
1
1
1
1
1
1
1
1
1
1
1
1
1
1
1
1
1
1
1
1
1
1
1
1
1
1
1
1
1
1
1
1
1
1
1
1
1
1
1
1
1
1
1
1
1
1
1
1
1
1
1
1
1
1
1
1
1
1
1
1
1
1
1
1
1
1
1
1
1
1
1
1
1
1
1
1
1
1
1
1
1
1
1
1
1
1
1
1
1
1
1
1
1
1
1
1
1
1
1
1
1
1
1
1
1
1
1
1
1
1
1
1
1
1
1
1
1
1
1
1
1
1
1
1
1
1
1
1
1
1
1
1
1
1
1
1
1
1
1
1
1
1
1
1
1
1
1
1
1
1
1
1
1
1
1
1
1
1
1
1
1
1
1
1
1
1
1
1
1
1
1
1
1
1
1
1
1
1
1
1
1
1
1
1
1
1
1
1
1
1
1
1
1
1
1
1
1
1
1
1
1
1
1
1
1
1
1
1
1
1
1
1
1
1
1
1
1
1
1
1
1
1
1
1
1
1
1
1
1
1
1
1
1
1
1
1
1
1
1
1
1
1
1
1
1
1
1
1
1
1
1
1
1
1
1
1
1
1
1
1
1
1
1
1
1
1
1
1
1
1
1
1
1
1
1
1
1
1
1
1
1
1
1
1
1
1
1
1
1
1
1
1
1
1
1
1
1
1
1
1
1
1
1
1
1
1
1
1
1
1
1
1
1
1
1
1
1
1
1
1
1
1
1
1
1
1
1
1
1
1
1
1
1
1
1
1
1
1
1
1
1
1
1
1
1
1
1
1
1
1
1
1
1
1
1
1
1
1
1
1
1
1
1
1
1
1
1
1
1
1
1
1
1
1
1
1
1
1
1
1
1
1
1
1
1
1
1
1
1
1
1
1
1
1
1
1
1
1
1
1
1
1
1
1
1
1
1
1
1
1
1
1
1
1
1
1
1
1
1
1
1
1
1
1
1
1
1
1
1
1
1
1
1
1
1
1
1
1
1
1
1
1
1
1
1
1
1
1
1
1
1
1
1
1
1
1
1
1
1
1
1
1
1
1
1
1
1
1
1
1
1
1
1
1
1
1
1
1
1
1
1
1
1
1
1
1
1
1
1
1
1
1
1
1
1
1
1
1
1
1
1
1
1
1
1
1
1
1
1
1
1
1
1
1
1
1
1
1
1
1
1
1
1
1
1
1
1
1
1
1
1
1
1
1
1
1
1
1
1
1
1
1
1
1
1
1
1
1
1
1
1
1
1
1
1
1
1
1
1
1
1
1
1
1
1
1
1
1
1
1
1
1
1
1
1
1
1
1
1
1
1
1
1
1
1
1
1
1
1
1
1
1
1
1
1
1
1
1
1
1
1
1
1
1
1
1
1
1
1
1
1
1
1
1
1
1
1
1
1
1
1
1
1
1
1
1
1
1
1
1
1
1
1
1
1
1
1
1
1
1
1
1
1
1
1
1
1
1
1
1
1
1
1
1
1
1
1
1
1
1
1
1
1
1
1
1
1
1
1
1
1
1
1
1
1
1
1
1
1
1
1
1
1
1
1
1
1
1
1
1
1
1
1
1
1
1
1
1
1
1
1
1
1
1
1
1
1
1
1
1
1
1
1
1
1
1
1
1
1
1
1
1
1
1
1
1
1
1
1
1
1
1
1
1
1
1
1
1
1
1
1
1
1
1
1
1
1
1
1
1
1
1
1
1
1
1
1
1
1
1
1
1
1
1
1
1
1
1
1
1
1
1
1
1
1
1
1
1
1
1
1
1
1
1
1
1
1
1
1
1
1
1
1
1
1
1
1
1
1
1
1
1
1
1
1
1
1
1
1
1
1
1
1
1
1
1
1
1
1
1
1
1
1
1
1
1
1
1
1
1
1
1
1
1
1
1
1
1
1
1
1
1
1
1
1
1
1
1
1
1
1
1
1
1
1
1
1
1
1
1
1
1
1
1
1
1
1
1
1
1
1
1
1
1
1
1
1
1
1
1
1
1
1
1
1
1
1
1
1
1
1
1
1
1
1
1
1
1
1
1
1
1
1
1
1
1
1
1
1
1
1
1
1
1
1
1
1
1
1
1
1
1
1
1
1
1
1
1
1
1
1
1
1
1
1
1
1
1
1
1
1
1
1
1
1
1
1
1
1
1
1
1
1
1
1
1
1
1
1
1
1
1
1
1
1
1
1
1
1
1
1
1
1
1
1
1
1
1
1
1
1
1
1
1
1
1
1
1
1
1
1
1
1
1
1
1
1
1
1
1
1
1
1
1
1
1
1
1
1
1
1
1
1
1
1
1
1
1
1
1
1
1
1
1
1
1
1
1
1
1
1
1
1
1
1
1
1
1
1
1
1
1
1
1
1
1
1
1
1
1
1
1
1
1
1
1
1
1
1
1
1
1
1
1
1
1
1
1
1
1
1
1
1
1
1
1
1
1
1
1
1
1
1
1
1
1
1
1
1
1
1
1
1
1
1
1
1
1
1
1
1
1
1
1
1
1
1
1
1
1
1
1
1
1
1
1
1
1
1
1
1
1
1
1
1
1
1
1
1
1
1
1
1
1
1
1
1
1
1
1
1
1
1
1
1
1
1
1
1
1
1
1
1
1
1
1
1
1
1
1
1
1
1
1
1
1
1
1
1
1
1
1
1
1
1
1
1
1
1
1
1
1
1
1
1
1
1
1
1
1
1
1
1
1
1
1
1
1
1
1
1
1
1
1
1
1
1
1
1
1
1
1
1
1
1
1
1
1
1
1
1
1
1
1
1
1
1
1
1
1
1
1
1
1
1
1
1
1
1
1
1
1
1
1
1
1
1
1
1
1
1
1
1
1
1
1
1
1
1
1
1
1
1
1
1
1
1
1
1
1
1
1
1
1
1
1
1
1
1
1
1
1
1
1
1
1
1
1
1
1
1
1
1
1
1
1
1
1
1
1
1
1
1
1
1
1
1
1
1
1
1
1
1
1
1
1
1
1
1
1
1
1
1
1
1
1
1
1
1
1
1
1
1
1
1
1
1
1
1
1
1
1
1
1
1
1
1
1
1
1
1
1
1
1
1
1
1
1
1
1
1
1
1
1
1
1
1
1
1
1
1
1
1
1
1
1
1
1
1
1
1
1
1
1
1
1
1
1
1
1
1
1
1
1
1
1
1
1
1
1
1
1
1
1
1
1
1
1
1
1
1
1
1
1
1
1
1
1
1
1
1
1
1
1
1
1
1
1
1
1
1
1
1
1
1
1
1
1
1
1
1
1
1
1
1
1
1
1
1
1
1
1
1
1
1
1
1
1
1
1
1
1
1
1
1
1
1
1
1
1
1
1
1
1
1
1
1
1
1
1
1
1
1
1
1
1
1
1
1
1
1
1
1
1
1
1
1
1
1
1
1
1
1
1
1
1
1
1
1
1
1
1
1
1
1
1
1
1
1
1
1
1
1
1
1
1
1
1
1
1
1
1
1
1
1
1
1
1
1
1
1
1
1
1
1
1
1
1
1
1
1
1
1
1
1
1
1
1
1
1
1
1
1
1
1
1
1
1
1
1
1
1
1
1
1
1
1
1
1
1
1
1
1
1
1
1
1
1
1
1
1
1
1
1
1
1
1
1
1
1
1
1
1
1
1
1
1
1
1
1
1
1
1
1
1
1
1
1
1
1
1
1
1
1
1
1
1
1
1
1
1
1
1
1
1
1
1
1
1
1
1
1
1
1
1
1
1
1
1
1
1
1
1
1
1
1
1
1
1
1
1
1
1
1
1
1
1
1
1
1
1
1
1
1
1
1
1
1
1
1
1
1
1
1
1
1
1
1
1
1
1
1
1
1
1
1
1
1
1
1
1
1
1
1
1
1
1
1
1
1
1
1
1
1
1
1
1
1
1
1
1
1
1
1
1
1
1
1
1
1
1
1
1
1
1
1
1
1
1
1
1
1
1
1
1
1
1
1
1
1
1
1
1
1
1
1
1
1
1
1
1
1
1
1
1
1
1
1
1
1
1
1
1
1
1
1
1
1
1
1
1
1
1
1
1
1
1
1
1
1
1
1
1
1
1
1
1
1
1
1
1
1
1
1
1
1
1
1
1
1
1
1
1
1
1
1
1
1
1
1
1
1
1
1
1
1
1
1
1
1
1
1
1
1
1
1
1
1
1
1
1
1
1
1
1
1
1
1
1
1
1
1
1
1
1
1
1
1
1
1
1
1
1
1
1
1
1
1
1
1
1
1
1
1
1
1
1
1
1
1
1
1
1
1
1
1
1
1
1
1
1
1
1
1
1
1
1
1
1
1
1
1
1
1
1
1
1
1
1
1
1
1
1
1
1
1
1
1

SCALARS 2DELEM_Von_Mises float 1
LOOKUP_TABLE default
980677
1.33662e+06
2.07793e+06
4.7206e+07
1.82206e+07
4.09999e+07
2.87606e+08
3.14234e+07
6.23189e+07
3.46216e+07
6.90754e+07
4.86637e+07
5.73225e+07
4.55834e+07
6.11697e+07
3.6933e+07
5.55898e+07
1.55446e+08
1.03142e+08
4.81801e+07
6.14797e+07
5.75558e+07
3.99482e+07
6.07595e+07
4.66235e+07
3.83132e+07
4.3884e+07
8.62723e+07
1.10894e+08
1.48333e+08
3.53528e+07
6.35436e+07
5.25114e+07
4.8149e+07
6.49726e+07
7.01343e+07
8.83606e+07
5.5773e+07
1.52809e+08
8.41688e+07
4.33583e+07
4.50249e+07
6.28529e+07
4.53881e+07
5.52745e+07
1.71742e+08
1.41336e+08
6.50762e+07
8.28012e+07
5.40406e+07
1.90829e+07
3.13332e+07
2.5807e+07
2.17106e+07
2.0896e+08
1.38839e+08
3.14392e+07
1.82154e+07
4.75407e+06
2.51501e+07
1.247e+07
1.3735e+07
3.22787e+07
3.59772e+06
2.19925e+06
6.14391e+06
2.34686e+06
2.81024e+06
2.54847e+06
4.58116e+06
2.2099e+06
1.70337e+06
2.5511e+06
2.72874e+06
3.91795e+06
1.76924e+06
2.16648e+06
1.59577e+06
2.21489e+06
2.47297e+06
803045
1.27783e+06
1.62528e+06
594984
522428
890306
815099
826914
1.31081e+06
1.13725e+06
1.49788e+06
2.19311e+06
628444
629330
1.93242e+06
1.44868e+06
1.22307e+06
1.30487e+06
1.16082e+06
500623
965844
1.29054e+06
537216
169706
1.18416e+06
1.46003e+06
569709
819439
611018
478855
1.05661e+06
1.06309e+06
218030
658974
999872
697163
908985
1.64186e+06
807536
696752
2.09099e+06
5.53015e+06
9.63809e+06
1.41502e+07
4.00502e+07
8.76969e+07
6.52645e+07
9.16036e+07
6.35011e+07
5.73286e+07
2.25556e+07
1.10786e+08
6.41154e+07
5.87458e+07
1.44114e+08
1.46335e+08
1.25991e+08
6.80713e+07
8.40648e+07
1.494e+08
2.01212e+08
1.94203e+08
3.3933e+08
5.96332e+07
5.38265e+07
6.24793e+07
1.37848e+08
7.25608e+07
1.60746e+08
7.47992e+07
3.20338e+07
2.50592e+07
1.93585e+07
2.65967e+07
3.20401e+07
7.69616e+07
7.09724e+07
6.77216e+07
6.76824e+07
7.08063e+07
1.06623e+08
5.73795e+07
7.51992e+07
9.14662e+07
2.67862e+08
5.66672e+08
6.0239e+07
2.16595e+08
1.00234e+08
1.09834e+08
3.06336e+08
1.70648e+08
1.20671e+08
1.26258e+08
1.03785e+08
1.18374e+08
8.41757e+07
7.97728e+07
7.66686e+07
8.99092e+07
6.68445e+07
5.11564e+07
3.25424e+07
9.50609e+07
2.59096e+07
5.16444e+07
3.1483e+07
1.85345e+08
6.67264e+07
6.46187e+07
4.65273e+07
7.63201e+07
1.01844e+08
6.61857e+07
8.08186e+07
7.90309e+07
3.38452e+08
9.89008e+07
5.37743e+07
5.25502e+07
2.99422e+08
7.95837e+07
1.51053e+08
6.87579e+07
1.32646e+08
1.52365e+08
1.76348e+08
5.94761e+07
1.02107e+08
2.5645e+07
4.93317e+07
4.99629e+07
7.42952e+07
1.6286e+07
4.45882e+07
6.06373e+07
4.76611e+07
3.82773e+07
2.62761e+07
2.60461e+07
2.13387e+07
2.36453e+07
1.34221e+07
1.0694e+08
1.79197e+07
2.32562e+07
1.71267e+07
5.94861e+07
3.31901e+07
9.68405e+07
4.56266e+07
4.85493e+07
1.2433e+08
6.84006e+07
1.11846e+08
9.93081e+07
6.77336e+07
7.41102e+07
1.32101e+07
1.2335e+08
3.30278e+07
3.01153e+07
1.55052e+07
4.39769e+07
2.57542e+07
1.62159e+08
5.53551e+07
7.70675e+07
9.25502e+07
2.69811e+06
2.66124e+06
1.90003e+06
2.01246e+06
1.75171e+06
1.45206e+06
1.83152e+06
836598
1.32302e+06
1.0573e+06
2.07686e+06
883037
5.75007e+06
2.36562e+06
1.75699e+07
1.87356e+07
6.02184e+07
4.70251e+07
5.2788e+07
4.28901e+07
2.9875e+07
2.35985e+07
3.13162e+07
7.0122e+06
1.88912e+07
2.86721e+06
1.13406e+07
1.17636e+07
1.29222e+07
1.69593e+07
3.79535e+07
2.05604e+07
9.73409e+06
1.11682e+07
3.3673e+06
2.95536e+06
3.06795e+06
3.12316e+06
2.72083e+06
3.25264e+06
2.19984e+06
2.89449e+06
2.51592e+06
2.27102e+06
2.41565e+06
2.47918e+06
3.11715e+06
1.99234e+06
9.38493e+06
3.90348e+06
1.60994e+07
4.66473e+06
1.63683e+07
1.43915e+06
2.55425e+06
833652
535683
1.31457e+06
4.0041e+06
1.83537e+06
5.6246e+06
3.30019e+06
2.68422e+06
2.66659e+06
2.5739e+06
2.43957e+06
3.17114e+06
2.50702e+06
2.29866e+06
3.34085e+06
2.6517e+06
3.2762e+06
2.90336e+06
3.14691e+06
2.45998e+06
2.47348e+06
1.55919e+06
1.93237e+06
1.72643e+06
2.2331e+06
1.67237e+06
2.27708e+06
1.92449e+06
2.47835e+06
1.77536e+06
2.33355e+06
2.22193e+06
2.61078e+06
1.89179e+06
2.84969e+06
2.08951e+06
2.43456e+06
2.17637e+06
2.37095e+06
2.38711e+06
2.24073e+06
2.29902e+06
1.37171e+06
1.10298e+06
8.61292e+07
2.33014e+07
7.11176e+07
3.33685e+06
2.20839e+06
2.32711e+06
2.22972e+06
2.11643e+06
2.10771e+06
2.06859e+06
2.27578e+06
1.66795e+06
2.52626e+06
2.0059e+06
1.62364e+06
1.31489e+06
1.86765e+06
1.32899e+06
1.1994e+06
1.05198e+06
863356
1.33973e+06
2.02101e+06
2.01544e+06
2.33759e+06
2.04092e+06
2.37844e+06
2.19057e+06
2.45804e+06
2.00723e+06
9.82757e+07
5.52158e+07
5.76095e+07
3.58353e+07
1.39696e+08
9.30062e+07
6.88291e+07
1.97173e+06
1.04259e+06
1.8025e+06
1.54379e+06
1.47115e+06
473522
1.51707e+06
1.17002e+06
2.07486e+06
1.37451e+06
743265
1.34606e+06
928333
1.70755e+06
1.4182e+06
1.96437e+06
1.4724e+06
2.5318e+06
2.30287e+06
2.19514e+06
1.8806e+06
2.17254e+06
1.35119e+06
1.44557e+06
1.17482e+06
837736
1.52468e+08
5.21665e+07
7.05746e+07
4.07106e+07
4.87939e+07
9.75565e+07
5.65581e+07
1.54765e+06
2.28168e+06
1.52338e+06
2.3731e+06
1.03934e+06
1.65445e+06
1.42943e+06
1.69247e+06
1.76724e+06
2.07775e+06
1.66417e+06
2.16726e+06
2.82223e+06
2.50172e+06
2.43545e+06
1.76269e+06
2.34607e+06
1.40278e+06
3.22391e+06
1.74144e+06
3.55115e+06
3.01995e+06
3.90053e+06
3.19529e+06
3.61001e+06
2.27741e+06
2.46132e+06
1.97306e+06
1.63938e+06
1.13466e+06
1.54136e+06
745639
1.50192e+06
739530
1.54758e+06
625650
2.05436e+06
970499
2.30309e+06
1.35417e+06
1.97489e+06
2.19144e+06
3.15456e+06
1.57236e+06
2.68831e+06
1.98563e+06
1.25522e+06
2.09025e+06
3.41401e+06
1.89623e+06
4.01453e+06
2.33685e+06
2.68271e+06
2.98708e+06
2.63153e+06
2.93261e+06
2.54367e+06
3.15925e+06
2.03029e+06
2.64076e+06
2.4516e+06
1.82693e+06
1.65007e+06
1.47749e+06
1.86007e+06
1.74147e+06
2.52375e+06
1.89794e+06
2.8446e+06
2.34305e+06
2.71024e+06
2.03226e+06
2.43143e+06
2.15045e+06
2.25086e+06
2.17168e+06
1.47279e+06
1.81654e+06
1.95701e+06
1.21605e+06
1.26652e+06
1.68295e+06
1.91324e+06
2.88822e+06
2.67726e+06
1.85098e+06
2.61143e+06
1.96647e+06
3.0198e+06
2.47266e+06
3.86768e+06
1.7003e+06
2.47677e+06
2.95988e+06
2.72864e+06
2.82484e+06
2.13043e+06
2.21868e+06
3.07449e+06
2.65989e+06
2.26634e+06
2.22916e+06
1.7367e+06
3.65668e+08
7.41158e+07
4.912e+07
3.65061e+07
4.04525e+07
6.56201e+07
1.65283e+07
1.03634e+08
3.11089e+07
2.59676e+07
1.69563e+07
5.38906e+07
4.04221e+07
2.93105e+07
5.07872e+07
1.81664e+07
4.46932e+07
2.68439e+06
2.70664e+06
3.0412e+06
3.70009e+06
3.3724e+06
1.90052e+06
471559
1.21122e+06
1.3246e+06
3.05483e+07
6.994e+07
1.09416e+08
7.80216e+07
3.71182e+07
9.83031e+06
7.64504e+06
9.14023e+06
1.85342e+07
2.65768e+07
9.19357e+07
2.65856e+07
7.11102e+07
1.14479e+08
7.04037e+07
5.87785e+07
1.42421e+08
4.69216e+07
6.45787e+07
5.42321e+07
7.25533e+07
1.63685e+07
2.83741e+08
6.84561e+07
9.11204e+07
2.60547e+07
9.33554e+07
6.57421e+07
5.74637e+07
5.0172e+07
8.40577e+07
6.47655e+07
4.61112e+07
3.706e+07
7.46288e+07
5.34792e+07
5.13878e+07
2.21356e+07
1.13453e+08
8.51067e+07
6.70586e+07
2.97842e+07
2.49303e+07
7.39479e+07
1.15432e+07
2.25612e+06
2.77687e+06
3.14126e+06
2.57216e+06
1.94258e+06
2.65445e+06
2.45052e+06
2.57807e+06
2.12723e+06
1.94693e+06
1.37658e+06
2.06877e+06
1.88115e+06
2.24355e+06
3.14428e+06
2.97447e+06
1.43878e+06
1.97812e+06
2.47232e+06
1.51779e+06
1.28905e+06
1.18431e+06
1.76704e+06
1.37185e+06
1.95576e+06
1.9634e+06
2.02543e+06
2.49481e+06
1.60859e+06
1.91087e+06
1.75334e+06
2.66721e+06
1.72922e+06
2.67101e+06
2.07556e+06
2.79883e+06
1.36334e+06
2.47056e+06
1.16942e+06
2.81924e+06
1.25464e+06
1.40491e+06
1.14697e+06
1.87183e+06
799194
1.68161e+06
829596
921891
1.48632e+06
1.05541e+06
1.27981e+06
2.16689e+06
1.28654e+06
1.38772e+06
1.67122e+06
1.60266e+06
732318
1.48624e+06
1.4332e+06
2.06663e+06
1.00532e+06
2.59707e+06
1.66492e+06
2.11616e+06
1.65377e+06
1.60167e+06
1.5215e+06
1.78042e+06
2.15451e+06
1.17377e+06
2.17797e+06
1.79808e+06
786392
1.33098e+06
1.08592e+06
1.09355e+06
1.906e+06
1.96579e+06
1.51923e+06
2.15247e+06
2.3219e+06
1.44735e+06
1.51575e+06
1.56246e+06
540908
960256
1.20256e+06
1.39304e+06
1.10405e+06
1.5529e+06
852482
1.89694e+06
1.00267e+06
1.46291e+06
1.80278e+06
1.92728e+06
1.10708e+06
1.32756e+06
821052
2.43566e+06
401660
1.67013e+06
1.06524e+06
1.72473e+06
1.49839e+06
1.9777e+06
1.83956e+06
1.46871e+06
1.2651e+06
537656
882923
1.65261e+06
842231
1.32587e+06
1.45158e+06
1.14743e+06
1.17746e+06
2.16544e+06
1.52876e+06
1.47426e+06
991663
640990
878589
1.40587e+06
529834
1.22983e+06
924905
1.11497e+06
1.15146e+06
750427
639991
1.72449e+06
648593
1.0764e+06
735553
835195
873899
1.37436e+06
575867
1.18709e+06
416960
1.43278e+06
276845
1.56557e+06
1.11627e+06
5.75087e+06
3.02432e+07
8.46889e+06
4.02836e+07
2.2104e+06
3.05093e+07
2.81411e+07
5.24788e+06
4.4131e+07
2.00509e+07
4.80466e+07
2.63831e+07
3.79996e+07
3.03643e+07
5.76603e+07
2.19248e+07
4.33572e+07
4.86152e+07
2.08196e+07
2.42452e+07
2.84614e+07
2.61726e+07
6.10545e+07
7.57765e+07
8.76678e+07
9.017e+07
3.45921e+07
6.1967e+06
3.44949e+07
5.23715e+07
5.09221e+07
2.18123e+07
5.7431e+07
4.62836e+07
3.19586e+07
7.40001e+07
1.17299e+08
2.74765e+08
3.78557e+07
2.69933e+07
3.55141e+07
4.14499e+06
591515
3.09095e+07
5.31708e+06
620128
2.3464e+06
2.04848e+06
1.31824e+06
2.2299e+07
2.71312e+06
788815
3.4434e+07
3.26159e+06
1.57532e+06
3.10666e+06
827404
1.78148e+06
415280
1.6641e+07
1.79304e+06
4.25644e+07
1.73013e+06
3.56919e+07
1.27906e+06
1.31049e+06
1.18136e+06
568379
3.72744e+06
930095
3.93363e+06
1.21666e+06
2.5258e+06
1.30081e+06
1.83803e+06
1.96544e+06
1.51385e+06
1.38475e+06
1.12297e+06
750416
453596
1.51418e+06
663120
689018
1.00252e+06
381068
630124
833380
760366
803622
854486
495319
432420
520718
1.07915e+06
5.77799e+06
1.51301e+06
1.38069e+06
326799
418406
1.86897e+06
1.96285e+06
1.0755e+06
686844
3.19023e+06
2.15836e+06
2.7336e+06
511722
1.03077e+06
1.00279e+06
713471
1.13937e+06
1.27476e+06
1.02541e+06
608170
853821
1.31395e+07
3.13161e+06
1.77221e+06
911788
609084
958772
610083
1.44307e+06
1.38793e+06
1.4863e+06
5.42906e+06
3.7826e+06
3.71065e+06
2.38856e+06
2.41882e+06
893517
2.00809e+06
1.38997e+06
3.5002e+06
2.34815e+06
2.12561e+06
2.46064e+06
2.74771e+06
2.19661e+06
1.05772e+06
1.82663e+06
1.10943e+06
2.05375e+06
1.39928e+06
1.14728e+06
1.71908e+06
1.83007e+06
1.26984e+06
1.367e+06
1.12951e+06
1.64573e+06
1.12461e+06
3.0968e+06
1.63884e+06
1.84562e+06
1.20422e+06
2.66307e+06
1.48226e+06
3.04236e+06
1.90406e+06
2.30374e+06
1.56373e+06
1.40015e+06
2.97934e+06
1.72359e+06
1.18224e+06
1.7459e+06
1.18301e+06
2.03298e+06
2.09922e+06
1.85529e+06
1.97997e+06
1.13095e+06
1.79084e+06
842508
1.47238e+06
1.31096e+06
963241
1.33458e+06
1.32829e+06
835304
2.08756e+06
415621
1.86661e+06
563296
1.94439e+06
1.44679e+06
1.34439e+06
1.95943e+06
1.10328e+06
1.46762e+06
924506
1.44434e+06
438038
1.35595e+06
522275
1.33987e+06
1.4101e+06
4.90835e+06
925843
1.05344e+07
871222
1.05702e+07
428984
3.1036e+07
2.15581e+07
4.24109e+07
1.89748e+07
1.27344e+07
3.11307e+06
2.50311e+06
3.0581e+06
4.23499e+06
2.97019e+06
1.12754e+07
1.84472e+06
3.87073e+06
3.58213e+06
2.94172e+06
3.06643e+06
2.07455e+06
1.36217e+06
2.34799e+06
1.90338e+06
1.18022e+06
1.78884e+06
445957
844907
1.00194e+06
1.77822e+06
1.4205e+06
3.21138e+06
1.88413e+06
2.11936e+06
2.24944e+06
2.1557e+06
1.31862e+06
2.4145e+06
1.3616e+06
3.2008e+06
875595
2.04023e+06
1.46779e+07
3.87811e+07
2.9565e+08
3.24884e+06
2.91693e+06
3.31514e+06
8.49139e+06
1.02217e+07
6.68301e+06
1.06327e+07
1.29266e+07
5.63719e+06
4.21586e+06
1.07516e+07
6.303e+06
1.30038e+07
3.5521e+06
9.09265e+06
1.00609e+07
4.55975e+06
3.35712e+06
4.03204e+06
3.88707e+06
1.18605e+07
3.93524e+06
4.9145e+06
1.37498e+07
6.48398e+06
4.06487e+06
4.90375e+06
1.11522e+07
2.79336e+06
5.80334e+06
4.37491e+06
1.7613e+06
1.73819e+06
5.55373e+06
4.21783e+06
4.23144e+06
5.61409e+06
4.13046e+06
5.64418e+06
3.12233e+06
3.61382e+06
4.58288e+06
4.51384e+06
4.85388e+06
6.02988e+06
3.07855e+06
6.38652e+06
7.11667e+06
3.87527e+06
3.38654e+06
6.94094e+06
4.06677e+06
4.66121e+06
6.09618e+06
5.82683e+06
7.49804e+06
3.20057e+06
6.3874e+06
5.05369e+06
1.29121e+07
1.68135e+07
9.38162e+06
1.22155e+07
7.35957e+06
2.57105e+07
1.40251e+07
6.61233e+06
4.86632e+06
5.48527e+06
4.76125e+06
6.80495e+06
1.88762e+07
5.24962e+06
7.48958e+06
1.49121e+07
6.37408e+06
8.69974e+06
7.94843e+06
6.16253e+06
6.27159e+06
1.0046e+07
4.07268e+06
4.54101e+06
4.5048e+06
5.75478e+06
5.44208e+06
2.6822e+06
4.02256e+06
1.72636e+06
1.73618e+06
2.97908e+06
1.7854e+06
1.51577e+06
2.36636e+06
1.40303e+06
1.00187e+06
2.20412e+06
1.05655e+06
761484
1.59903e+06
1.62797e+06
2.84478e+06
1.82398e+06
1.85789e+06
1.46562e+06
4.00143e+06
1.79587e+06
1.36032e+06
1.66231e+06
2.28894e+06
1.11546e+06
1.50704e+06
1.38229e+06
945424
1.75687e+06
1.1289e+06
1.59122e+06
5.39295e+06
3.01646e+06
3.65037e+06
1.6189e+06
2.11963e+06
1.63464e+06
2.47251e+06
1.76288e+06
2.04613e+06
1.84827e+06
2.43373e+06
2.45733e+06
3.07398e+06
2.9086e+06
2.7226e+06
3.5566e+06
3.38705e+06
4.41189e+06
2.91183e+06
3.41564e+06
3.23117e+06
2.63976e+06
3.27217e+06
3.92163e+06
3.48542e+06
2.86311e+06
5.58862e+06
5.68855e+06
4.57923e+06
4.77642e+06
2.23059e+06
3.08056e+06
2.16827e+06
2.97492e+06
2.50427e+06
3.01718e+06
2.37223e+06
2.88351e+06
3.79616e+06
2.31993e+06
3.97346e+06
2.66645e+06
3.14453e+06
2.77724e+06
3.13479e+06
2.78457e+06
1.80308e+06
3.53629e+06
3.77259e+06
2.89825e+06
2.2251e+06
2.49653e+06
2.77007e+06
3.46219e+06
4.71838e+06
1.53784e+06
2.64472e+06
5.7811e+06
5.58046e+06
4.12213e+06
6.34568e+06
2.56269e+06
3.46471e+06
3.45294e+06
3.05694e+06
3.02644e+06
3.91434e+06
6.40419e+06
3.1218e+06
4.97938e+06
4.03144e+06
6.15776e+06
4.22439e+06
5.82313e+06
3.61109e+06
6.44897e+06
3.96344e+06
5.1031e+06
2.58604e+06
4.14626e+06
3.65385e+06
2.35348e+06
2.14582e+06
2.73615e+06
2.70312e+06
3.76528e+06
4.78502e+06
5.45103e+06
2.80947e+06
6.90937e+06
4.23139e+06
6.76508e+06
4.82531e+06
7.58666e+06
3.68962e+06
2.25189e+06
2.93972e+06
2.28463e+06
2.78107e+06
1.73112e+06
2.72347e+06
1.84798e+06
2.25377e+06
1.74957e+06
2.39237e+06
2.51989e+06
1.01038e+06
2.12293e+06
1.25529e+06
2.16589e+06
1.68943e+06
2.19921e+06
2.25006e+06
1.81904e+06
2.44705e+06
2.7778e+06
3.1828e+06
3.66918e+06
3.04444e+06
3.27894e+06
1.7649e+06
2.73968e+06
4.37669e+06
4.52729e+06
2.15005e+06
2.29291e+06
3.35886e+06
3.24262e+06
5.27706e+06
4.05593e+06
2.1969e+06
3.56152e+06
1.93265e+06
2.72587e+06
1.60364e+06
1.70999e+06
1.64572e+06
2.17941e+06
1.73933e+06
1.91763e+06
1.81072e+06
1.8989e+06
1.43531e+06
1.51895e+06
1.49997e+06
1.44112e+06
2.11129e+06
2.22433e+06
3.15946e+06
2.95206e+06
2.98007e+06
2.84633e+06
3.47953e+06
2.77053e+06
2.71652e+06
3.89521e+06
3.13016e+06
2.91198e+06
3.03513e+06
4.07437e+06
3.51266e+06
4.84807e+06
2.11888e+06
1.97809e+06
1.32945e+06
2.80465e+06
1.43361e+06
2.92944e+06
2.04e+06
2.45722e+06
1.34545e+06
1.79067e+06
1.62943e+06
2.06217e+06
1.77539e+06
2.04078e+06
1.75665e+06
1.59706e+06
1.73463e+06
2.02442e+06
1.65973e+06
1.86612e+06
1.41903e+06
936474
529466
902068
369779
423356
742389
1.18933e+06
2.23377e+06
1.80293e+06
1.81582e+06
2.29223e+06
3.34251e+06
2.21033e+06
1.48108e+06
1.98064e+06
1.866e+06
1.62891e+06
2.10408e+06
3.46513e+06
1.887e+06
2.92037e+06
2.76742e+06
3.61949e+06
2.85396e+06
3.01953e+06
3.8192e+06
2.37265e+06
3.09632e+06
1.83458e+06
2.71701e+06
1.80064e+06
1.83851e+06
685610
506355
681349
1.14724e+06
780097
859938
561553
1.09773e+06
962510
2.03692e+06
1.55866e+06
2.09542e+06
1.85579e+06
1.32876e+06
1.30264e+06
2.10746e+06
3.35157e+06
3.09042e+06
3.29491e+06
3.43627e+06
2.33714e+06
2.50401e+06
2.4191e+06
1.94889e+06
2.39304e+06
1.56634e+06
3.82197e+06
2.51792e+06
2.53854e+06
2.92928e+06
2.58824e+06
1.98679e+06
2.05369e+06
1.57884e+06
604310
474383
822394
1.44266e+06
614766
786998
1.01335e+06
1.42716e+06
1.22929e+06
1.39307e+06
1.61734e+06
1.62001e+06
1.6206e+06
2.32144e+06
1.99578e+06
2.16076e+06
1.22913e+06
2.27508e+06
1.52585e+06
1.27227e+06
1.5203e+06
913749
1.1793e+06
425141
964796
692489
1.52652e+06
1.04887e+06
1.82645e+06
1.02116e+06
890342
520044
574822
525173
633155
1.44154e+06
1.84974e+06
1.50466e+06
1.58616e+06
996781
196523
305064
1.28463e+06
1.49372e+06
1.87125e+06
2.39106e+06
3.53769e+06
2.90252e+06
2.35452e+06
2.24222e+06
1.94019e+06
1.87796e+06
1.43457e+06
549458
1.91906e+06
1.35337e+06
1.72237e+06
1.09145e+06
1.74567e+06
1.21386e+06
1.16903e+06
435554
1.13631e+06
958638
1.02992e+06
2.25419e+06
1.94532e+06
2.22529e+06
2.72327e+06
3.14983e+06
3.01663e+06
2.80048e+06
2.7312e+06
2.25168e+06
1.66701e+06
2.76174e+06
2.07516e+06
1.45792e+06
2.68373e+06
1.56317e+06
3.16309e+06
2.64421e+06
2.77404e+06
3.91894e+06
3.2346e+06
206960
1.48111e+06
1.99443e+06
1.31349e+06
1.45648e+06
2.47287e+06
1.2152e+06
2.4445e+06
1.65723e+06
2.1257e+06
814043
2.36167e+06
1.95562e+06
3.46503e+06
3.30776e+06
2.6818e+06
2.85251e+06
2.84694e+06
1.48731e+06
2.51234e+06
8.18646e+06
4.0627e+06
3.59458e+06
3.69089e+06
1.90287e+06
2.73646e+06
5.75499e+06
4.47164e+06
5.43086e+06
3.09157e+06
3.82127e+06
3.47335e+06
4.7909e+06
775745
1.08688e+06
2.79136e+06
1.21666e+06
1.46642e+06
1.93294e+06
2.1236e+06
1.82209e+06
1.67964e+06
2.15014e+06
793434
4.04188e+06
2.28851e+06
3.00621e+06
3.88727e+06
3.04367e+06
3.55159e+06
4.29458e+06
1.94733e+06
7.38616e+06
8.99285e+06
9.25282e+07
2.02756e+07
7.16666e+07
1.24779e+07
5.20967e+07
3.54153e+07
6.02904e+07
3.69324e+07
5.38454e+07
8.23074e+06
2.90136e+07
1.27094e+07
2.86764e+07
4.22668e+06
4.6762e+06
2.58234e+06
5.49153e+06
4.71789e+06
4.20014e+06
6.2302e+06
4.43236e+06
5.41999e+06
3.85102e+06
1.84833e+06
4.61138e+06
2.87208e+06
3.50455e+06
3.54485e+06
4.47834e+06
1.71184e+06
7.56762e+07
5.38341e+07
2.3044e+07
3.29604e+06
3.13209e+06
2.41923e+06
3.05113e+06
1.88628e+06
2.32885e+06
2.33106e+06
1.51306e+06
1.44602e+06
1.65808e+06
1.28307e+06
1.42034e+06
1.43126e+06
3.37327e+06
3.76876e+06
4.87769e+06
4.9499e+06
3.01491e+06
3.07808e+06
2.58219e+06
3.19034e+06
4.07136e+06
3.01863e+06
2.86256e+06
4.30135e+06
3.62956e+06
4.38225e+06
3.89555e+06
2.77004e+06
2.54979e+06
2.81736e+06
1.90556e+06
3.25941e+06
2.57782e+06
2.45591e+06
2.49233e+06
2.5308e+06
2.94394e+06
2.56271e+06
3.49205e+06
2.82686e+06
1.73647e+06
2.17767e+06
1.75451e+06
2.08953e+06
2.41992e+06
2.73085e+06
3.27114e+06
2.44093e+06
2.94339e+06
3.04553e+06
5.70064e+07
4.1642e+07
1.15398e+08
5.15679e+07
7.4069e+07
5.01744e+07
6.38407e+07
4.98555e+07
1.15762e+08
1.06283e+08
9.74106e+07
5.99216e+07
1.23094e+08
7.57529e+07
4.2084e+07
6.52826e+07
2.46774e+06
6.96214e+06
3.92492e+06
4.29106e+06
3.31095e+06
2.75204e+06
2.8322e+06
2.7472e+06
3.65017e+06
3.89595e+06
2.64152e+06
2.04519e+06
2.21379e+06
1.01683e+06
858866
1.33077e+06
716480
1.41118e+06
1.59958e+06
1.46041e+06
2.7505e+07
4.43169e+07
5.85508e+07
1.13648e+08
6.98406e+07
4.58655e+07
5.12549e+07
9.07149e+07
6.87599e+07
8.31152e+07
2.58204e+07
1.6367e+08
4.65357e+07
1.68922e+08
2.26035e+07
4.69269e+06
4.69562e+06
2.35912e+06
3.0355e+06
2.48485e+06
4.24261e+06
2.29343e+06
2.90774e+06
2.12066e+06
2.2458e+06
2.71387e+06
3.16507e+06
2.09325e+06
3.08996e+06
2.39029e+06
2.22361e+06
938904
2.97017e+06
820120
2.10485e+06
1.20773e+06
1.95237e+08
7.83624e+07
1.20891e+07
1.86099e+07
1.67816e+07
1.84049e+07
3.64944e+06
2.12602e+07
1.27219e+07
3.09005e+07
9.67452e+06
1.41661e+07
6.98987e+06
1.25036e+07
8.2774e+06
1.33479e+07
4.88401e+06
3.74882e+06
3.9332e+06
2.50676e+06
3.14217e+06
2.3888e+06
2.83465e+06
800145
2.11553e+06
754514
1.55633e+06
965368
1.58717e+06
1.82818e+06
1.58166e+06
1.33963e+06
2.49802e+06
1.67515e+06
2.06565e+06
1.1565e+06
3.62694e+08
2.14266e+07
2.66239e+07
6.62587e+06
5.45066e+06
4.41992e+06
5.56124e+06
3.42221e+06
7.21545e+06
5.09339e+06
7.64527e+06
5.08571e+06
7.72148e+06
5.76611e+06
5.5982e+06
4.94539e+06
4.29166e+06
4.57558e+06
3.61585e+06
4.06158e+06
2.9761e+06
2.88857e+06
2.37486e+06
2.95433e+06
1.55028e+06
1.82744e+06
2.72518e+06
1.99791e+06
1.78945e+06
1.63414e+06
2.22713e+06
1.67095e+06
1.69264e+06
2.41846e+06
1.7788e+06
1.5765e+06
696371
833983
3.1006e+06
661509
2.66075e+06
956369
1.82859e+06
1.76071e+06
1.08323e+06
943438
798441
1.18381e+06
1.32453e+06
996767
1.80086e+06
1.94932e+06
2.26962e+06
2.42571e+06
678062
712358
613289
1.78851e+06
2.44282e+06
657773
779574
2.1832e+06
1.8271e+06
2.19847e+06
1.23863e+06
1.88163e+06
1.44517e+06
1.85996e+06
557556
2.06274e+06
1.04563e+06
1.33579e+06
2.70164e+06
1.20888e+06
1.79631e+06
1.32082e+06
1.58226e+06
1.8883e+06
791033
3.78059e+06
1.35843e+06
1.1851e+06
1.40636e+06
1.11928e+06
1.01709e+06
2.22539e+06
2.12313e+06
1.94908e+06
1.41321e+06
1.93227e+06
1.94897e+06
2.01965e+06
2.10045e+06
2.39989e+06
1.29355e+06
1.50358e+06
1.55054e+06
1.26724e+06
2.26936e+06
1.40197e+06
1.48044e+06
1.27012e+06
1.55989e+06
1.25144e+06
1.65697e+06
1.29643e+06
1.11894e+06
1.33982e+06
1.50386e+06
1.3286e+06
1.27027e+07
1.81352e+06
2.34956e+06
3.29684e+07
2.10933e+07
2.76674e+06
4.98816e+07
4.43485e+07
1.33394e+06
1.66278e+08
5.15192e+06
810518
3.16706e+07
1.21736e+07
2.60698e+06
2.33289e+06
1.76389e+06
3.07924e+06
3.0808e+06
3.30227e+06
2.91717e+06
1.27505e+06
2.57643e+06
2.31032e+06
1.45279e+06
793156
1.13254e+06
5.49342e+06
5.88913e+06
4.22279e+06
1.80422e+06
3.06642e+06
4.37978e+06
2.85132e+06
4.31046e+06
2.55632e+06
3.96819e+06
1.35133e+06
1.67336e+06
1.92856e+06
1.65801e+06
1.03384e+06
1.03915e+06
1.79902e+07
880522
1.2278e+06
2.15969e+06
1.24132e+06
1.2353e+06
2.09416e+06
2.0026e+06
1.1899e+06
4.56127e+06
1.14402e+07
7.88041e+06
2.37345e+06
760986
2.03858e+06
691053
733972
1.50072e+06
1.26576e+06
1.52207e+06
1.2439e+06
410719
1.3165e+06
1.0879e+06
1.14344e+06
2.94568e+06
1.12319e+06
2.69916e+06
1.28699e+06
1.16857e+06
1.22675e+06
2.81981e+06
1.57407e+06
2.33896e+06
2.045e+06
1.19965e+06
1.04348e+06
1.11984e+06
821967
1.47073e+06
1.29401e+06
1.02811e+06
964587
500567
190329
1.57679e+06
282244
3.13432e+06
1.68551e+06
4.46499e+06
3.88487e+06
960540
1.76471e+06
1.23127e+06
1.65028e+06
544938
1.74726e+06
979766
1.30315e+06
1.03207e+06
1.77731e+06
1.63872e+06
1.77425e+06
1.64709e+06
2.00678e+06
989106
1.85617e+06
740052
1.38339e+06
490331
1.2217e+06
703679
1.02752e+06
985119
1.43988e+06
559466
1.05776e+06
498162
1.09263e+06
1.02912e+06
570580
910359
1.3729e+06
876397
1.73565e+06
1.02461e+06
1.05584e+06
958268
617088
3.26598e+06
1.26181e+06
3.08133e+06
225119
3.07661e+06
1.36094e+06
3.64073e+06
2.84784e+06
2.59089e+06
2.19122e+06
2.28709e+06
4.07801e+06
1.90295e+06
3.03945e+06
1.57165e+06
603515
2.17898e+06
679367
1.86558e+06
2.61884e+06
326523
1.95253e+06
794762
1.98377e+06
1.26327e+06
616510
684595
1.29373e+06
1.45282e+06
1.70888e+06
2.35735e+06
2.65383e+06
1.34057e+06
2.44877e+06
482511
737106
257125
1.53351e+06
1.24601e+08
7.72072e+07
1.23083e+08
7.38085e+07
1.20504e+08
7.44022e+07
1.19498e+08
7.29523e+07
1.18884e+08
7.61059e+07
1.15635e+08
7.47528e+07
1.13102e+08
7.43524e+07
1.77865e+08
5.26407e+07
8.53658e+08
1.13649e+08
5.59837e+09
7.14376e+08
6.16439e+09
1.01804e+08
6.00829e+08
4.71337e+07
1.78466e+08
6.14478e+07
9.65803e+07
5.62757e+07
9.63666e+07
5.09946e+07
9.73475e+07
4.67203e+07
9.69094e+07
5.17534e+07
9.6966e+07
6.53948e+07
9.87364e+07
6.59567e+07
1.00462e+08
6.4486e+07
1.04915e+08
6.80703e+07
1.0136e+08
7.47058e+07
9.90126e+07
6.06699e+07
9.99075e+07
4.90995e+07
9.99657e+07
4.67347e+07
9.94516e+07
4.5673e+07
9.83575e+07
4.48928e+07
9.82412e+07
4.36436e+07
9.82052e+07
4.62337e+07
9.86004e+07
4.73309e+07
9.84694e+07
5.18389e+07
9.93412e+07
5.7247e+07
1.01484e+08
5.35355e+07
1.0135e+08
5.68643e+07
1.03144e+08
6.12153e+07
1.04706e+08
5.67482e+07
1.04811e+08
6.80297e+07
1.06746e+08
6.17211e+07
1.07887e+08
7.3042e+07
1.12095e+08
8.16437e+07
1.16187e+08
8.29833e+07
1.21164e+08
7.4291e+07
1.22503e+08
7.06053e+07
1.21783e+08
7.06866e+07
1.20358e+08
7.08681e+07
1.18692e+08
7.74702e+07
1.18517e+08
7.96097e+07
1.15899e+08
8.18986e+07
1.13181e+08
7.81052e+07
1.11931e+08
7.97142e+07
1.10892e+08
7.86082e+07
1.08717e+08
7.23671e+07
1.08011e+08
7.60586e+07
1.06104e+08
7.38034e+07
1.06558e+08
6.94852e+07
1.08143e+08
7.3204e+07
1.11277e+08
7.76873e+07
1.14643e+08
8.53027e+07
1.19098e+08
8.79004e+07
1.22255e+08
9.10567e+07
1.25275e+08
9.26097e+07
1.26804e+08
9.47757e+07
1.28457e+08
9.52878e+07
1.29996e+08
9.36702e+07
1.29733e+08
9.47521e+07
1.31305e+08
9.89131e+07
1.34365e+08
9.88233e+07
1.36073e+08
9.69167e+07
1.37301e+08
9.35493e+07
1.34902e+08
8.56219e+07
1.27563e+08
8.12613e+07
1.24186e+08
7.99065e+07
1.12763e+08
1.12419e+08
1.08273e+08
1.03059e+08
1.10513e+08
1.10924e+08
1.07439e+08
1.03392e+08
1.08667e+08
1.09085e+08
1.07489e+08
1.04807e+08
1.07674e+08
1.05363e+08
1.08952e+08
1.08656e+08
1.02255e+08
1.00015e+08
1.04102e+08
1.02567e+08
1.08938e+08
1.08022e+08
1.09101e+08
1.07353e+08
1.1011e+08
1.08226e+08
1.07059e+08
1.04677e+08
1.01506e+08
9.83001e+07
1.01247e+08
9.9281e+07
1.04405e+08
1.03841e+08
1.01472e+08
9.9641e+07
1.01759e+08
1.00502e+08
9.79438e+07
9.5814e+07
9.56705e+07
9.41009e+07
9.52312e+07
9.39204e+07
9.42299e+07
9.28611e+07
9.51166e+07
9.39084e+07
9.8199e+07
9.68034e+07
9.92271e+07
9.76013e+07
9.51228e+07
9.38603e+07
9.43222e+07
9.30488e+07
9.29257e+07
9.24176e+07
9.28144e+07
9.23243e+07
9.11357e+07
9.10172e+07
9.1573e+07
9.27572e+07
9.3791e+07
9.49902e+07
9.64147e+07
9.73595e+07
1.01473e+08
1.01444e+08
1.01008e+08
1.00721e+08
1.00689e+08
1.01097e+08
1.01736e+08
1.03099e+08
1.03953e+08
1.04384e+08
1.0443e+08
1.05371e+08
1.04413e+08
1.05777e+08
1.06073e+08
1.06324e+08
1.0362e+08
1.04997e+08
1.0236e+08
1.04998e+08
1.03554e+08
1.06367e+08
1.03861e+08
1.07518e+08
1.05427e+08
1.08114e+08
1.05827e+08
1.0828e+08
1.08395e+08
1.11515e+08
1.12788e+08
1.14708e+08
1.11862e+08
1.14441e+08
1.14304e+08
1.16257e+08
1.15508e+08
1.16808e+08
1.1414e+08
1.15781e+08
1.15975e+08
1.17773e+08
1.1815e+08
1.19794e+08
1.19327e+08
1.2043e+08
1.17082e+08
1.18065e+08
1.15268e+08
1.15912e+08
1.14309e+08
1.15002e+08
1.13908e+08
1.15525e+08
1.18671e+08
1.19838e+08
1.14228e+08
1.15132e+08
1.14848e+08
1.15367e+08
1.15965e+08
1.16425e+08
1.15371e+08
1.16249e+08
1.12034e+08
1.13071e+08
1.1238e+08
1.13797e+08
1.1156e+08
1.1205e+08
1.14593e+08
1.15621e+08
1.1708e+08
1.186e+08
1.16289e+08
1.18359e+08
1.16694e+08
1.17444e+08
1.10365e+08
1.04943e+08
1.13515e+08
1.15698e+08
1.10021e+08
1.05329e+08
1.10706e+08
1.13033e+08
1.08374e+08
1.08005e+08
1.01608e+08
9.99443e+07
1.01816e+08
1.22922e+08
9.63031e+07
5.43017e+07
7.36791e+07
7.07097e+07
1.07722e+08
1.07486e+08
1.09833e+08
1.08277e+08
1.09117e+08
1.08059e+08
1.06683e+08
1.05115e+08
1.02725e+08
1.00065e+08
1.00694e+08
9.86789e+07
1.04114e+08
1.03625e+08
1.02692e+08
1.00871e+08
1.01292e+08
1.00662e+08
9.61863e+07
9.38974e+07
9.5309e+07
9.40008e+07
9.55238e+07
9.42367e+07
9.34423e+07
9.13485e+07
9.4154e+07
9.24449e+07
9.74299e+07
9.57723e+07
9.81346e+07
9.60194e+07
9.54761e+07
9.35312e+07
9.50118e+07
9.31871e+07
9.26845e+07
9.17367e+07
9.47174e+07
9.34775e+07
9.20533e+07
9.12578e+07
9.23099e+07
9.23726e+07
9.57547e+07
9.571e+07
9.71151e+07
9.80076e+07
1.0296e+08
1.02174e+08
1.03218e+08
1.02004e+08
1.00959e+08
1.00848e+08
1.02507e+08
1.0343e+08
1.06119e+08
1.06199e+08
1.05272e+08
1.05829e+08
1.05737e+08
1.0702e+08
1.09581e+08
1.09433e+08
1.05792e+08
1.06735e+08
1.03983e+08
1.06479e+08
1.06611e+08
1.09041e+08
1.06626e+08
1.09779e+08
1.09457e+08
1.11151e+08
1.09832e+08
1.11959e+08
1.10467e+08
1.13728e+08
1.15811e+08
1.17227e+08
1.15311e+08
1.17718e+08
1.18279e+08
1.19946e+08
1.19665e+08
1.20527e+08
1.17422e+08
1.18953e+08
1.18181e+08
1.20014e+08
1.21987e+08
1.23732e+08
1.23881e+08
1.24731e+08
1.21182e+08
1.21719e+08
1.19236e+08
1.19834e+08
1.18109e+08
1.19145e+08
1.17265e+08
1.18914e+08
1.22659e+08
1.23208e+08
1.18746e+08
1.19396e+08
1.19343e+08
1.19964e+08
1.18368e+08
1.18812e+08
1.17237e+08
1.18141e+08
1.15607e+08
1.16823e+08
1.16598e+08
1.18415e+08
1.13804e+08
1.13776e+08
1.16127e+08
1.17603e+08
1.1906e+08
1.21339e+08
1.19772e+08
1.21767e+08
1.19039e+08
1.21693e+08
1.12956e+08
1.07551e+08
1.15825e+08
1.19596e+08
1.11882e+08
1.07025e+08
1.12577e+08
1.16254e+08
1.1668e+08
1.76198e+08
2.00049e+08
7.44768e+07
1.39875e+08
2.78347e+08
3.5479e+08
1.20347e+08
1.06569e+08
1.84888e+08
1.10552e+08
1.08234e+08
1.10066e+08
1.09037e+08
1.07956e+08
1.07329e+08
1.06738e+08
1.05997e+08
1.03957e+08
1.02259e+08
1.00526e+08
9.81287e+07
1.02825e+08
1.02696e+08
1.0204e+08
1.0059e+08
1.01048e+08
1.00708e+08
9.48057e+07
9.29656e+07
9.34802e+07
9.23697e+07
9.46858e+07
9.30169e+07
9.29515e+07
9.0646e+07
9.21503e+07
9.05482e+07
9.53221e+07
9.32053e+07
9.77282e+07
9.49441e+07
9.36153e+07
9.12864e+07
9.40222e+07
9.16582e+07
9.37763e+07
9.20678e+07
9.5301e+07
9.31218e+07
9.25092e+07
9.08345e+07
9.34703e+07
9.27256e+07
9.62678e+07
9.53726e+07
9.80708e+07
9.80849e+07
1.04788e+08
1.02888e+08
1.04238e+08
1.0234e+08
1.02118e+08
1.01691e+08
1.03825e+08
1.04312e+08
1.06837e+08
1.06377e+08
1.07382e+08
1.07622e+08
1.0767e+08
1.08778e+08
1.114e+08
1.10848e+08
1.09303e+08
1.10165e+08
1.07151e+08
1.09633e+08
1.0861e+08
1.10321e+08
1.09776e+08
1.12097e+08
1.13404e+08
1.14587e+08
1.13247e+08
1.15019e+08
1.14158e+08
1.1691e+08
1.18776e+08
1.19994e+08
1.17828e+08
1.2011e+08
1.22141e+08
1.23222e+08
1.23543e+08
1.2433e+08
1.20558e+08
1.22621e+08
1.21702e+08
1.23564e+08
1.24996e+08
1.26279e+08
1.2729e+08
1.27524e+08
1.2525e+08
1.25776e+08
1.22818e+08
1.23852e+08
1.22639e+08
1.23702e+08
1.21411e+08
1.22335e+08
1.25517e+08
1.25827e+08
1.21553e+08
1.22429e+08
1.24241e+08
1.2462e+08
1.21513e+08
1.21911e+08
1.1914e+08
1.20618e+08
1.18504e+08
1.19564e+08
1.20513e+08
1.22544e+08
1.17046e+08
1.1717e+08
1.17788e+08
1.1945e+08
1.211e+08
1.23021e+08
1.224e+08
1.24526e+08
3.07048e+07
2.86768e+07
2.57542e+07
2.66128e+07
2.70391e+07
3.08975e+07
3.29434e+07
3.03916e+07
2.67705e+07
6.51647e+07
5.56446e+07
3.67176e+07
4.42649e+07
4.67925e+07
4.91777e+07
4.04827e+07
4.18401e+07
4.22537e+07
4.65443e+07
4.3301e+07
3.98873e+07
5.09905e+07
5.23376e+07
5.24422e+07
4.85016e+07
5.20227e+07
5.08282e+07
4.74773e+07
4.79825e+07
4.77858e+07
4.70468e+07
4.79305e+07
5.03654e+07
4.31117e+07
4.41026e+07
4.50822e+07
2.93187e+07
3.69516e+07
3.85411e+07
2.72997e+07
2.67608e+07
2.8165e+07
2.13529e+07
2.23261e+07
2.90452e+07
2.23998e+07
2.2991e+07
2.33954e+07
2.00961e+07
2.15016e+07
2.22223e+07
1.93983e+07
1.98314e+07
2.02262e+07
2.22931e+07
2.01274e+07
1.97292e+07
2.99445e+07
2.40477e+07
2.40613e+07
2.83604e+07
2.91005e+07
2.8903e+07
3.0933e+07
2.84492e+07
2.75044e+07
2.1215e+07
2.43281e+07
2.97642e+07
2.29057e+07
1.6716e+07
1.52694e+07
1.06975e+07
1.07523e+07
1.07717e+07
1.07907e+07
1.0804e+07
1.0805e+07
1.07951e+07
1.07742e+07
1.07478e+07
1.07083e+07
1.0664e+07
1.0617e+07
1.05668e+07
1.05172e+07
1.04668e+07
1.0421e+07
1.03785e+07
1.03414e+07
1.03105e+07
1.02852e+07
1.02674e+07
1.02548e+07
1.02481e+07
1.02458e+07
1.0248e+07
1.02529e+07
1.02595e+07
1.02673e+07
1.02748e+07
1.02811e+07
1.0286e+07
1.02874e+07
1.02881e+07
1.02844e+07
1.02783e+07
1.02729e+07
1.02633e+07
1.02529e+07
1.02453e+07
1.02354e+07
1.02294e+07
1.02251e+07
1.02226e+07
1.02244e+07
1.02264e+07
1.02318e+07
1.02395e+07
1.02469e+07
1.02551e+07
1.02624e+07
1.02692e+07
1.02731e+07
1.02751e+07
1.02746e+07
1.02718e+07
1.02674e+07
1.02616e+07
1.02563e+07
1.0252e+07
1.02504e+07
1.02527e+07
1.02609e+07
1.02728e+07
1.0294e+07
1.03221e+07
1.03566e+07
1.04013e+07
1.04403e+07
1.04995e+07
1.05482e+07
1.05969e+07
1.06551e+07
1.0737e+07
1.08904e+07
1.07233e+07
1.08248e+07
1.07084e+07
1.07597e+07
1.06905e+07
1.06987e+07
1.06737e+07
1.06429e+07
1.06544e+07
1.05956e+07
1.06344e+07
1.05566e+07
1.06131e+07
1.05268e+07
1.05909e+07
1.05063e+07
1.0568e+07
1.04935e+07
1.05448e+07
1.04869e+07
1.05214e+07
1.04846e+07
1.04984e+07
1.04841e+07
1.04762e+07
1.04831e+07
1.04551e+07
1.04792e+07
1.04351e+07
1.04704e+07
1.04169e+07
1.04553e+07
1.04e+07
1.04327e+07
1.03847e+07
1.04024e+07
1.03708e+07
1.03645e+07
1.03577e+07
1.03201e+07
1.03461e+07
1.02706e+07
1.03345e+07
1.0218e+07
1.03232e+07
1.01646e+07
1.0311e+07
1.01129e+07
1.03e+07
1.00656e+07
1.02876e+07
1.00248e+07
1.02734e+07
9.99271e+06
1.02606e+07
9.97084e+06
1.0246e+07
9.95961e+06
1.02313e+07
9.96047e+06
1.02169e+07
9.9716e+06
1.02011e+07
9.99335e+06
1.01882e+07
1.00231e+07
1.01748e+07
1.00598e+07
1.01636e+07
1.01007e+07
1.0156e+07
1.01437e+07
1.01504e+07
1.01868e+07
1.01486e+07
1.02283e+07
1.01518e+07
1.02659e+07
1.01593e+07
1.02995e+07
1.01722e+07
1.03271e+07
1.01906e+07
1.03504e+07
1.02143e+07
1.03674e+07
1.02433e+07
1.0381e+07
1.02772e+07
1.03914e+07
1.03151e+07
1.04005e+07
1.03564e+07
1.04097e+07
1.03999e+07
1.04213e+07
1.04448e+07
1.04367e+07
1.04898e+07
1.04575e+07
1.0534e+07
1.04846e+07
1.05763e+07
1.05192e+07
1.06162e+07
1.05612e+07
1.06528e+07
1.06105e+07
1.06856e+07
1.06661e+07
1.07148e+07
1.0727e+07
1.07395e+07
1.07909e+07
1.07605e+07
1.08563e+07
1.07774e+07
1.09206e+07
1.07908e+07
1.09812e+07
1.08001e+07
1.1036e+07
1.08054e+07
1.10824e+07
1.08093e+07
1.11184e+07
1.08089e+07
1.11426e+07
1.08061e+07
1.11535e+07
1.08012e+07
1.11506e+07
1.07931e+07
1.11345e+07
1.07864e+07
1.11049e+07
1.07708e+07
1.10638e+07
1.07639e+07
1.10125e+07
1.07523e+07
1.09538e+07
1.12089e+07
1.12361e+07
1.12071e+07
1.11788e+07
1.12001e+07
1.11177e+07
1.11866e+07
1.10565e+07
1.11664e+07
1.09957e+07
1.11378e+07
1.09381e+07
1.11017e+07
1.0884e+07
1.1057e+07
1.08348e+07
1.10035e+07
1.07899e+07
1.09426e+07
1.07496e+07
1.08745e+07
1.07124e+07
1.08006e+07
1.06771e+07
1.07224e+07
1.06419e+07
1.06419e+07
1.0605e+07
1.05608e+07
1.05643e+07
1.04811e+07
1.0518e+07
1.0405e+07
1.04645e+07
1.0334e+07
1.04031e+07
1.02698e+07
1.03332e+07
1.02133e+07
1.02553e+07
1.0165e+07
1.01702e+07
1.01249e+07
1.00798e+07
1.00927e+07
9.9864e+06
1.00672e+07
9.89302e+06
1.00475e+07
9.80276e+06
1.00318e+07
9.71925e+06
1.00187e+07
9.64584e+06
1.00068e+07
9.58565e+06
9.99481e+06
9.54135e+06
9.98248e+06
9.5144e+06
9.96811e+06
9.50621e+06
9.95343e+06
9.51646e+06
9.93769e+06
9.5439e+06
9.92276e+06
9.58661e+06
9.90918e+06
9.64202e+06
9.8991e+06
9.70848e+06
9.89401e+06
9.77981e+06
9.8952e+06
9.85644e+06
9.904e+06
9.93242e+06
9.92192e+06
1.00064e+07
9.94883e+06
1.00767e+07
9.98574e+06
1.01424e+07
1.00313e+07
1.02027e+07
1.0086e+07
1.02573e+07
1.01475e+07
1.03067e+07
1.02149e+07
1.03525e+07
1.02864e+07
1.03961e+07
1.03603e+07
1.04386e+07
1.04349e+07
1.0482e+07
1.05087e+07
1.05274e+07
1.05799e+07
1.05762e+07
1.06476e+07
1.06289e+07
1.07108e+07
1.06861e+07
1.07688e+07
1.07478e+07
1.08216e+07
1.08135e+07
1.08689e+07
1.08823e+07
1.0911e+07
1.09532e+07
1.09483e+07
1.10246e+07
1.09812e+07
1.10951e+07
1.10104e+07
1.11626e+07
1.10365e+07
1.12256e+07
1.10599e+07
1.12824e+07
1.10811e+07
1.13313e+07
1.11007e+07
1.1371e+07
1.11189e+07
1.14003e+07
1.11358e+07
1.14183e+07
1.11518e+07
1.14245e+07
1.11661e+07
1.14191e+07
1.11795e+07
1.14017e+07
1.11907e+07
1.13738e+07
1.12e+07
1.13356e+07
1.12063e+07
1.12897e+07
1.15437e+07
1.13679e+07
1.15401e+07
1.13396e+07
1.1529e+07
1.13053e+07
1.15085e+07
1.12655e+07
1.14791e+07
1.12213e+07
1.14392e+07
1.11727e+07
1.13894e+07
1.11196e+07
1.13289e+07
1.1064e+07
1.12582e+07
1.10063e+07
1.11771e+07
1.09464e+07
1.10866e+07
1.08848e+07
1.09872e+07
1.08207e+07
1.088e+07
1.07539e+07
1.07661e+07
1.06834e+07
1.06476e+07
1.06083e+07
1.05267e+07
1.05278e+07
1.04053e+07
1.04404e+07
1.02861e+07
1.0346e+07
1.0171e+07
1.02438e+07
1.00626e+07
1.01344e+07
9.96246e+06
1.00184e+07
9.87244e+06
9.89773e+06
9.79344e+06
9.77484e+06
9.72565e+06
9.65284e+06
9.66934e+06
9.5355e+06
9.62349e+06
9.42666e+06
9.58738e+06
9.33073e+06
9.55951e+06
9.25135e+06
9.53854e+06
9.19214e+06
9.52329e+06
9.15556e+06
9.51304e+06
9.14287e+06
9.50682e+06
9.15378e+06
9.50452e+06
9.1879e+06
9.50639e+06
9.24261e+06
9.51289e+06
9.31354e+06
9.52453e+06
9.39722e+06
9.54318e+06
9.49141e+06
9.56889e+06
9.58944e+06
9.60364e+06
9.68801e+06
9.6476e+06
9.78572e+06
9.70116e+06
9.8802e+06
9.76471e+06
9.96829e+06
9.83768e+06
1.00507e+07
9.9193e+06
1.01286e+07
1.0008e+07
1.02005e+07
1.01019e+07
1.02698e+07
1.01995e+07
1.03366e+07
1.02985e+07
1.04027e+07
1.03967e+07
1.04691e+07
1.04922e+07
1.05367e+07
1.05835e+07
1.06061e+07
1.06696e+07
1.06772e+07
1.07495e+07
1.07495e+07
1.08232e+07
1.08225e+07
1.08906e+07
1.08948e+07
1.0952e+07
1.09653e+07
1.10083e+07
1.10328e+07
1.10603e+07
1.10963e+07
1.1109e+07
1.11548e+07
1.1155e+07
1.12078e+07
1.11989e+07
1.12549e+07
1.12413e+07
1.12957e+07
1.12825e+07
1.13304e+07
1.13221e+07
1.13591e+07
1.13607e+07
1.13823e+07
1.13967e+07
1.13998e+07
1.14306e+07
1.14119e+07
1.14611e+07
1.14186e+07
1.14885e+07
1.142e+07
1.15107e+07
1.14159e+07
1.15282e+07
1.14059e+07
1.15389e+07
1.13897e+07
1.16584e+07
1.12817e+07
1.16671e+07
1.12894e+07
1.16641e+07
1.12915e+07
1.16489e+07
1.12866e+07
1.1622e+07
1.1273e+07
1.15827e+07
1.12491e+07
1.15306e+07
1.12152e+07
1.1466e+07
1.11728e+07
1.13901e+07
1.11206e+07
1.13025e+07
1.10588e+07
1.12033e+07
1.09884e+07
1.10927e+07
1.09096e+07
1.09713e+07
1.08238e+07
1.08409e+07
1.0731e+07
1.0702e+07
1.06312e+07
1.05565e+07
1.05248e+07
1.04064e+07
1.04117e+07
1.02539e+07
1.02917e+07
1.0102e+07
1.01651e+07
9.95389e+06
1.00324e+07
9.81251e+06
9.89448e+06
9.68101e+06
9.75282e+06
9.56202e+06
9.60956e+06
9.45776e+06
9.46767e+06
9.36935e+06
9.33055e+06
9.29749e+06
9.20223e+06
9.24149e+06
9.08701e+06
9.20108e+06
8.98914e+06
9.17295e+06
8.91217e+06
9.15666e+06
8.85949e+06
9.14888e+06
8.83279e+06
9.14782e+06
8.83254e+06
9.15223e+06
8.85828e+06
9.16097e+06
8.9076e+06
9.17398e+06
8.97782e+06
9.19162e+06
9.06492e+06
9.21528e+06
9.1648e+06
9.24707e+06
9.2736e+06
9.28828e+06
9.38742e+06
9.34078e+06
9.50227e+06
9.4069e+06
9.61698e+06
9.48698e+06
9.72877e+06
9.58023e+06
9.83773e+06
9.68707e+06
9.94333e+06
9.80558e+06
1.0045e+07
9.93201e+06
1.01444e+07
1.00642e+07
1.02415e+07
1.01979e+07
1.03371e+07
1.03295e+07
1.04316e+07
1.04558e+07
1.0525e+07
1.05734e+07
1.06168e+07
1.06802e+07
1.07062e+07
1.07744e+07
1.07917e+07
1.08554e+07
1.08718e+07
1.09235e+07
1.09449e+07
1.098e+07
1.10096e+07
1.10265e+07
1.10649e+07
1.10655e+07
1.11096e+07
1.10997e+07
1.11441e+07
1.11318e+07
1.1169e+07
1.11645e+07
1.11853e+07
1.11994e+07
1.11949e+07
1.12379e+07
1.11997e+07
1.12803e+07
1.12013e+07
1.13271e+07
1.12026e+07
1.13766e+07
1.12048e+07
1.14283e+07
1.12095e+07
1.14794e+07
1.12172e+07
1.15278e+07
1.1228e+07
1.15719e+07
1.12412e+07
1.16097e+07
1.12557e+07
1.1639e+07
1.127e+07
1.1621e+07
1.12491e+07
1.16754e+07
1.13072e+07
1.17186e+07
1.13585e+07
1.17473e+07
1.13975e+07
1.17587e+07
1.14199e+07
1.17497e+07
1.14234e+07
1.17196e+07
1.14068e+07
1.16682e+07
1.13679e+07
1.15931e+07
1.13077e+07
1.14956e+07
1.12274e+07
1.13766e+07
1.11301e+07
1.12393e+07
1.10184e+07
1.10861e+07
1.0895e+07
1.09195e+07
1.07628e+07
1.07431e+07
1.06245e+07
1.05603e+07
1.0482e+07
1.03753e+07
1.0337e+07
1.01916e+07
1.01902e+07
1.00123e+07
1.00415e+07
9.84074e+06
9.89079e+06
9.67958e+06
9.73813e+06
9.5312e+06
9.58377e+06
9.39753e+06
9.42868e+06
9.2796e+06
9.27432e+06
9.17792e+06
9.12329e+06
9.09206e+06
8.97876e+06
9.02092e+06
8.84487e+06
8.96334e+06
8.72602e+06
8.91669e+06
8.62635e+06
8.87971e+06
8.55016e+06
8.85039e+06
8.50049e+06
8.82775e+06
8.47991e+06
8.81146e+06
8.48887e+06
8.8022e+06
8.52763e+06
8.80149e+06
8.59319e+06
8.81125e+06
8.68346e+06
8.83336e+06
8.79417e+06
8.87145e+06
8.92003e+06
8.92666e+06
9.05773e+06
9.00008e+06
9.20156e+06
9.09285e+06
9.3475e+06
9.20422e+06
9.49365e+06
9.33247e+06
9.63679e+06
9.47554e+06
9.77595e+06
9.62987e+06
9.91109e+06
9.79175e+06
1.00416e+07
9.95764e+06
1.01676e+07
1.01223e+07
1.02907e+07
1.02829e+07
1.04106e+07
1.04353e+07
1.05269e+07
1.05757e+07
1.06386e+07
1.07008e+07
1.07438e+07
1.08087e+07
1.08406e+07
1.08982e+07
1.09267e+07
1.09687e+07
1.09995e+07
1.10208e+07
1.10571e+07
1.10565e+07
1.10979e+07
1.10781e+07
1.11216e+07
1.10891e+07
1.11291e+07
1.10936e+07
1.11221e+07
1.10958e+07
1.11036e+07
1.10995e+07
1.10775e+07
1.1109e+07
1.10484e+07
1.11256e+07
1.1021e+07
1.11526e+07
1.09994e+07
1.11891e+07
1.09878e+07
1.12359e+07
1.09889e+07
1.1292e+07
1.1004e+07
1.13549e+07
1.10333e+07
1.14221e+07
1.10755e+07
1.14911e+07
1.1128e+07
1.15586e+07
1.11875e+07
1.16183e+07
1.13468e+07
1.173e+07
1.14477e+07
1.183e+07
1.15379e+07
1.19114e+07
1.16117e+07
1.19689e+07
1.16629e+07
1.1999e+07
1.1687e+07
1.19985e+07
1.1682e+07
1.19645e+07
1.16461e+07
1.18965e+07
1.15794e+07
1.17945e+07
1.14848e+07
1.16614e+07
1.13641e+07
1.14991e+07
1.12216e+07
1.13118e+07
1.10618e+07
1.11045e+07
1.08891e+07
1.08829e+07
1.0708e+07
1.06531e+07
1.05226e+07
1.04205e+07
1.03354e+07
1.01914e+07
1.0149e+07
9.97096e+06
9.96426e+06
9.76351e+06
9.78141e+06
9.57242e+06
9.60023e+06
9.4002e+06
9.42037e+06
9.24759e+06
9.24136e+06
9.11449e+06
9.06374e+06
8.9994e+06
8.88846e+06
8.90029e+06
8.71776e+06
8.81424e+06
8.55507e+06
8.73824e+06
8.40468e+06
8.66961e+06
8.27116e+06
8.6062e+06
8.16018e+06
8.54663e+06
8.07671e+06
8.4915e+06
8.02499e+06
8.44074e+06
8.00812e+06
8.39994e+06
8.02776e+06
8.36875e+06
8.08269e+06
8.35428e+06
8.17192e+06
8.36175e+06
8.29116e+06
8.39256e+06
8.43634e+06
8.45259e+06
8.60161e+06
8.54461e+06
8.78214e+06
8.66475e+06
8.97239e+06
8.81671e+06
9.16791e+06
8.99392e+06
9.36502e+06
9.19323e+06
9.56053e+06
9.40845e+06
9.7522e+06
9.6329e+06
9.93951e+06
9.86088e+06
1.01196e+07
1.00849e+07
1.02919e+07
1.02987e+07
1.04554e+07
1.0497e+07
1.06085e+07
1.06746e+07
1.07495e+07
1.08278e+07
1.08766e+07
1.09538e+07
1.09874e+07
1.10508e+07
1.10792e+07
1.11183e+07
1.11502e+07
1.11576e+07
1.11987e+07
1.11708e+07
1.1224e+07
1.11615e+07
1.12265e+07
1.11351e+07
1.12081e+07
1.10972e+07
1.11719e+07
1.10543e+07
1.11225e+07
1.10128e+07
1.10659e+07
1.09793e+07
1.10089e+07
1.09594e+07
1.09579e+07
1.09577e+07
1.09198e+07
1.09773e+07
1.08999e+07
1.10195e+07
1.09025e+07
1.10836e+07
1.09293e+07
1.11678e+07
1.09804e+07
1.12685e+07
1.10526e+07
1.13809e+07
1.11416e+07
1.14996e+07
1.12421e+07
1.17438e+07
1.15637e+07
1.18956e+07
1.16897e+07
1.20332e+07
1.18031e+07
1.21502e+07
1.18972e+07
1.22397e+07
1.19647e+07
1.22968e+07
1.20032e+07
1.23189e+07
1.20083e+07
1.2302e+07
1.19787e+07
1.22456e+07
1.19142e+07
1.21499e+07
1.1816e+07
1.20154e+07
1.16868e+07
1.18449e+07
1.1529e+07
1.16414e+07
1.13473e+07
1.14097e+07
1.11468e+07
1.11561e+07
1.0932e+07
1.08868e+07
1.07071e+07
1.06087e+07
1.04763e+07
1.03287e+07
1.02424e+07
1.00539e+07
1.00078e+07
9.79061e+06
9.77371e+06
9.54424e+06
9.54106e+06
9.31864e+06
9.30985e+06
9.11672e+06
9.08062e+06
8.93871e+06
8.85362e+06
8.7836e+06
8.6301e+06
8.64944e+06
8.4125e+06
8.53209e+06
8.20397e+06
8.42793e+06
8.00906e+06
8.33323e+06
7.83332e+06
8.24468e+06
7.6828e+06
8.16067e+06
7.56395e+06
8.08095e+06
7.48228e+06
8.00725e+06
7.4428e+06
7.94386e+06
7.44841e+06
7.89415e+06
7.49979e+06
7.86665e+06
7.59562e+06
7.86701e+06
7.73321e+06
7.90258e+06
7.90772e+06
7.97758e+06
8.11344e+06
8.09702e+06
8.34328e+06
8.25833e+06
8.59096e+06
8.46091e+06
8.85043e+06
8.69921e+06
9.11516e+06
8.96571e+06
9.38106e+06
9.25189e+06
9.64277e+06
9.54855e+06
9.89593e+06
9.84426e+06
1.01378e+07
1.01308e+07
1.03652e+07
1.03994e+07
1.05747e+07
1.06419e+07
1.07645e+07
1.08528e+07
1.09325e+07
1.10271e+07
1.10758e+07
1.1162e+07
1.11932e+07
1.12562e+07
1.12832e+07
1.13104e+07
1.1345e+07
1.1327e+07
1.13783e+07
1.13102e+07
1.13843e+07
1.1266e+07
1.13651e+07
1.12014e+07
1.13243e+07
1.11251e+07
1.12668e+07
1.10455e+07
1.11988e+07
1.0972e+07
1.11273e+07
1.09133e+07
1.10604e+07
1.08764e+07
1.10053e+07
1.0867e+07
1.09693e+07
1.0889e+07
1.09578e+07
1.0943e+07
1.09742e+07
1.1028e+07
1.10197e+07
1.11406e+07
1.1093e+07
1.12752e+07
1.11907e+07
1.14253e+07
1.13065e+07
1.15844e+07
1.14336e+07
1.1924e+07
1.181e+07
1.21e+07
1.19642e+07
1.22632e+07
1.21045e+07
1.24059e+07
1.22226e+07
1.25222e+07
1.23134e+07
1.26076e+07
1.23713e+07
1.26563e+07
1.23931e+07
1.26648e+07
1.23766e+07
1.26306e+07
1.2322e+07
1.25535e+07
1.22286e+07
1.24319e+07
1.21003e+07
1.22685e+07
1.19389e+07
1.20658e+07
1.17489e+07
1.18273e+07
1.1534e+07
1.15574e+07
1.12981e+07
1.12621e+07
1.10454e+07
1.09481e+07
1.07793e+07
1.06228e+07
1.05027e+07
1.02937e+07
1.02177e+07
9.9683e+06
9.92597e+06
9.65376e+06
9.62872e+06
9.3569e+06
9.32764e+06
9.08217e+06
9.02377e+06
8.83312e+06
8.71945e+06
8.61071e+06
8.41754e+06
8.41424e+06
8.12228e+06
8.24106e+06
7.83915e+06
8.08767e+06
7.57498e+06
7.95014e+06
7.33781e+06
7.82519e+06
7.13622e+06
7.71101e+06
6.97947e+06
7.6075e+06
6.87498e+06
7.51712e+06
6.82899e+06
7.4447e+06
6.84523e+06
7.39655e+06
6.92383e+06
7.37971e+06
7.06079e+06
7.40323e+06
7.2512e+06
7.47299e+06
7.48622e+06
7.59445e+06
7.75759e+06
7.76775e+06
8.05503e+06
7.99047e+06
8.36995e+06
8.25797e+06
8.6945e+06
8.56177e+06
9.02185e+06
8.89242e+06
9.344e+06
9.23781e+06
9.65707e+06
9.58731e+06
9.95536e+06
9.92922e+06
1.02355e+07
1.02535e+07
1.04939e+07
1.05511e+07
1.07276e+07
1.08143e+07
1.09341e+07
1.10369e+07
1.11111e+07
1.12148e+07
1.12569e+07
1.13454e+07
1.137e+07
1.1429e+07
1.14499e+07
1.14674e+07
1.14971e+07
1.14646e+07
1.15125e+07
1.1427e+07
1.14988e+07
1.13619e+07
1.14595e+07
1.12786e+07
1.13998e+07
1.11866e+07
1.13261e+07
1.10962e+07
1.12458e+07
1.10169e+07
1.11669e+07
1.09575e+07
1.10979e+07
1.09243e+07
1.10466e+07
1.09226e+07
1.10198e+07
1.09547e+07
1.10226e+07
1.1021e+07
1.10579e+07
1.11197e+07
1.11259e+07
1.12468e+07
1.12247e+07
1.1398e+07
1.13497e+07
1.15656e+07
1.14943e+07
1.17435e+07
1.16507e+07
1.1984e+07
1.18685e+07
1.21743e+07
1.20667e+07
1.23606e+07
1.22543e+07
1.25359e+07
1.24214e+07
1.2693e+07
1.25623e+07
1.28248e+07
1.267e+07
1.29245e+07
1.27398e+07
1.29864e+07
1.27684e+07
1.3005e+07
1.27541e+07
1.29773e+07
1.2696e+07
1.29002e+07
1.25953e+07
1.2773e+07
1.24541e+07
1.25962e+07
1.22746e+07
1.23712e+07
1.20603e+07
1.21015e+07
1.18147e+07
1.1792e+07
1.15416e+07
1.14486e+07
1.12441e+07
1.1079e+07
1.09253e+07
1.06913e+07
1.05878e+07
1.02948e+07
1.02338e+07
9.89914e+06
9.86557e+06
9.51341e+06
9.48526e+06
9.146e+06
9.09571e+06
8.80338e+06
8.70033e+06
8.49012e+06
8.3041e+06
8.20857e+06
7.91354e+06
7.95808e+06
7.53683e+06
7.73733e+06
7.18469e+06
7.54318e+06
6.86921e+06
7.37323e+06
6.60394e+06
7.22637e+06
6.40233e+06
7.10292e+06
6.27634e+06
7.00617e+06
6.23389e+06
6.94174e+06
6.27778e+06
6.91699e+06
6.40527e+06
6.93799e+06
6.60786e+06
7.01374e+06
6.87395e+06
7.14623e+06
7.18947e+06
7.33878e+06
7.54061e+06
7.5862e+06
7.91431e+06
7.88273e+06
8.2994e+06
8.21931e+06
8.68571e+06
8.58517e+06
9.06393e+06
8.96556e+06
9.42877e+06
9.35108e+06
9.77313e+06
9.72792e+06
1.00932e+07
1.00862e+07
1.03849e+07
1.04157e+07
1.06459e+07
1.0709e+07
1.08738e+07
1.09594e+07
1.10672e+07
1.11626e+07
1.12253e+07
1.13162e+07
1.13476e+07
1.14202e+07
1.14347e+07
1.14767e+07
1.14874e+07
1.14901e+07
1.15075e+07
1.14666e+07
1.14974e+07
1.14139e+07
1.14603e+07
1.1341e+07
1.14008e+07
1.12574e+07
1.13239e+07
1.11727e+07
1.12362e+07
1.10956e+07
1.11449e+07
1.10336e+07
1.10582e+07
1.09927e+07
1.09841e+07
1.09766e+07
1.09305e+07
1.09884e+07
1.09047e+07
1.10285e+07
1.09119e+07
1.10971e+07
1.09557e+07
1.11927e+07
1.1037e+07
1.13137e+07
1.11546e+07
1.14576e+07
1.1303e+07
1.16201e+07
1.14779e+07
1.17975e+07
1.16695e+07
1.18188e+07
1.16683e+07
1.20392e+07
1.19352e+07
1.22714e+07
1.21993e+07
1.25061e+07
1.24503e+07
1.27354e+07
1.26787e+07
1.29489e+07
1.28753e+07
1.31364e+07
1.30331e+07
1.32882e+07
1.31463e+07
1.33956e+07
1.32104e+07
1.34514e+07
1.32229e+07
1.34499e+07
1.31819e+07
1.33866e+07
1.30878e+07
1.32594e+07
1.2942e+07
1.30682e+07
1.27468e+07
1.28145e+07
1.25051e+07
1.2502e+07
1.22205e+07
1.21369e+07
1.18972e+07
1.17264e+07
1.15387e+07
1.12802e+07
1.11489e+07
1.08092e+07
1.07314e+07
1.03253e+07
1.029e+07
9.84077e+06
9.82837e+06
9.36736e+06
9.35078e+06
8.91603e+06
8.86278e+06
8.49518e+06
8.37087e+06
8.11112e+06
7.88385e+06
7.76758e+06
7.41293e+06
7.46541e+06
6.97171e+06
7.20453e+06
6.57659e+06
6.9837e+06
6.24578e+06
6.8033e+06
5.99783e+06
6.66452e+06
5.84877e+06
6.57118e+06
5.80875e+06
6.52842e+06
5.87935e+06
6.54267e+06
6.05338e+06
6.61907e+06
6.31659e+06
6.76164e+06
6.65081e+06
6.96924e+06
7.03694e+06
7.2386e+06
7.45695e+06
7.56125e+06
7.895e+06
7.92691e+06
8.33737e+06
8.32255e+06
8.77258e+06
8.73445e+06
9.19161e+06
9.1503e+06
9.58613e+06
9.55641e+06
9.95037e+06
9.94194e+06
1.02791e+07
1.02965e+07
1.05689e+07
1.06116e+07
1.0817e+07
1.08805e+07
1.10223e+07
1.10987e+07
1.11844e+07
1.12637e+07
1.13041e+07
1.13754e+07
1.1383e+07
1.14359e+07
1.14234e+07
1.14502e+07
1.14286e+07
1.14252e+07
1.14022e+07
1.13696e+07
1.13482e+07
1.12928e+07
1.12708e+07
1.12053e+07
1.11753e+07
1.11166e+07
1.10668e+07
1.10347e+07
1.09513e+07
1.09666e+07
1.08358e+07
1.09168e+07
1.07278e+07
1.08869e+07
1.06347e+07
1.08787e+07
1.0565e+07
1.08915e+07
1.05262e+07
1.09253e+07
1.05247e+07
1.09806e+07
1.05659e+07
1.10581e+07
1.06524e+07
1.11597e+07
1.07846e+07
1.1286e+07
1.09586e+07
1.14394e+07
1.11698e+07
1.16181e+07
1.14095e+07
1.15735e+07
1.1453e+07
1.18736e+07
1.18349e+07
1.21998e+07
1.2216e+07
1.25404e+07
1.2582e+07
1.28823e+07
1.29239e+07
1.32111e+07
1.32299e+07
1.35134e+07
1.34925e+07
1.37771e+07
1.37041e+07
1.39905e+07
1.38598e+07
1.4144e+07
1.39557e+07
1.42295e+07
1.39894e+07
1.42417e+07
1.39596e+07
1.4176e+07
1.38667e+07
1.40306e+07
1.37122e+07
1.3806e+07
1.34978e+07
1.35046e+07
1.32264e+07
1.31311e+07
1.29006e+07
1.26929e+07
1.25242e+07
1.21994e+07
1.21008e+07
1.16619e+07
1.1634e+07
1.10943e+07
1.11288e+07
1.05113e+07
1.05904e+07
9.92834e+06
1.00254e+07
9.36058e+06
9.44178e+06
8.82178e+06
8.84941e+06
8.3235e+06
8.26048e+06
7.87417e+06
7.68967e+06
7.47957e+06
7.15468e+06
7.14272e+06
6.67597e+06
6.86534e+06
6.27586e+06
6.64856e+06
5.97678e+06
6.49446e+06
5.7975e+06
6.40599e+06
5.74874e+06
6.38678e+06
5.82993e+06
6.44007e+06
6.02888e+06
6.56744e+06
6.32587e+06
6.76738e+06
6.69792e+06
7.03504e+06
7.12248e+06
7.36194e+06
7.57935e+06
7.73709e+06
8.05139e+06
8.14751e+06
8.52466e+06
8.57983e+06
8.98731e+06
9.02038e+06
9.42931e+06
9.45574e+06
9.84302e+06
9.87412e+06
1.02214e+07
1.02642e+07
1.05588e+07
1.06162e+07
1.08505e+07
1.09216e+07
1.10933e+07
1.1174e+07
1.12848e+07
1.13684e+07
1.14236e+07
1.15022e+07
1.15099e+07
1.15752e+07
1.15446e+07
1.15898e+07
1.15302e+07
1.15519e+07
1.14703e+07
1.14699e+07
1.13697e+07
1.13549e+07
1.12342e+07
1.12191e+07
1.10707e+07
1.10755e+07
1.08865e+07
1.09358e+07
1.06902e+07
1.081e+07
1.04907e+07
1.0705e+07
1.02979e+07
1.06248e+07
1.01223e+07
1.05703e+07
9.9748e+06
1.05407e+07
9.86612e+06
1.05346e+07
9.80636e+06
1.05516e+07
9.8041e+06
1.05931e+07
9.86554e+06
1.06623e+07
9.99304e+06
1.07644e+07
1.01859e+07
1.09033e+07
1.04377e+07
1.10843e+07
1.07415e+07
1.13084e+07
1.10845e+07
1.13806e+07
1.11176e+07
1.18425e+07
1.16895e+07
1.23433e+07
1.22653e+07
1.28655e+07
1.28295e+07
1.33902e+07
1.33651e+07
1.38984e+07
1.38606e+07
1.43727e+07
1.43043e+07
1.47973e+07
1.46867e+07
1.51584e+07
1.50001e+07
1.54441e+07
1.52383e+07
1.5645e+07
1.53969e+07
1.57535e+07
1.54733e+07
1.57643e+07
1.5467e+07
1.56746e+07
1.5379e+07
1.5484e+07
1.52115e+07
1.51945e+07
1.4968e+07
1.48113e+07
1.46526e+07
1.43414e+07
1.427e+07
1.37952e+07
1.38255e+07
1.31858e+07
1.33254e+07
1.25288e+07
1.2776e+07
1.18426e+07
1.21851e+07
1.1147e+07
1.15612e+07
1.04617e+07
1.09141e+07
9.80597e+06
1.02556e+07
9.19653e+06
9.59899e+06
8.64694e+06
8.95981e+06
8.16672e+06
8.35558e+06
7.76117e+06
7.80547e+06
7.43335e+06
7.33088e+06
7.18457e+06
6.95324e+06
7.01493e+06
6.69124e+06
6.9249e+06
6.55777e+06
6.91478e+06
6.55663e+06
6.98426e+06
6.68111e+06
7.13118e+06
6.91596e+06
7.3516e+06
7.24053e+06
7.63754e+06
7.63273e+06
7.97996e+06
8.0714e+06
8.36701e+06
8.53751e+06
8.78579e+06
9.01406e+06
9.22264e+06
9.48688e+06
9.66428e+06
9.94331e+06
1.00976e+07
1.03725e+07
1.05102e+07
1.07649e+07
1.08903e+07
1.11124e+07
1.12276e+07
1.14084e+07
1.15129e+07
1.1647e+07
1.17378e+07
1.18236e+07
1.18956e+07
1.1935e+07
1.19816e+07
1.19796e+07
1.19941e+07
1.19578e+07
1.19343e+07
1.18714e+07
1.18077e+07
1.17245e+07
1.16241e+07
1.15229e+07
1.1397e+07
1.12745e+07
1.11431e+07
1.09885e+07
1.08804e+07
1.06752e+07
1.06264e+07
1.03459e+07
1.03964e+07
1.00129e+07
1.02014e+07
9.68921e+06
1.00484e+07
9.38974e+06
9.93855e+06
9.1304e+06
9.87063e+06
8.928e+06
9.8421e+06
8.79947e+06
9.85166e+06
8.7599e+06
9.90131e+06
8.82036e+06
9.99618e+06
8.98595e+06
1.01444e+07
9.25457e+06
1.03529e+07
9.61812e+06
1.06291e+07
1.00619e+07
1.09731e+07
1.0568e+07
1.12053e+07
1.06532e+07
1.19149e+07
1.15259e+07
1.26801e+07
1.24115e+07
1.34748e+07
1.32893e+07
1.4273e+07
1.41391e+07
1.50492e+07
1.49423e+07
1.57811e+07
1.56827e+07
1.64486e+07
1.63478e+07
1.70345e+07
1.69247e+07
1.75245e+07
1.74026e+07
1.79061e+07
1.77756e+07
1.81701e+07
1.80377e+07
1.83094e+07
1.8188e+07
1.83205e+07
1.8227e+07
1.82025e+07
1.81573e+07
1.79569e+07
1.79848e+07
1.75889e+07
1.77157e+07
1.71066e+07
1.73589e+07
1.65221e+07
1.69242e+07
1.58506e+07
1.64224e+07
1.51114e+07
1.58653e+07
1.43272e+07
1.5265e+07
1.35225e+07
1.46334e+07
1.27234e+07
1.39835e+07
1.19553e+07
1.33283e+07
1.1241e+07
1.26811e+07
1.05988e+07
1.20555e+07
1.00423e+07
1.14651e+07
9.57967e+06
1.09234e+07
9.21386e+06
1.04438e+07
8.94416e+06
1.00389e+07
8.7668e+06
9.71934e+06
8.67624e+06
9.49256e+06
8.66701e+06
9.36335e+06
8.73297e+06
9.33171e+06
8.86767e+06
9.39323e+06
9.06407e+06
9.53918e+06
9.31477e+06
9.75877e+06
9.6107e+06
1.00377e+07
9.94259e+06
1.03613e+07
1.02997e+07
1.07141e+07
1.06707e+07
1.10804e+07
1.10435e+07
1.14451e+07
1.1407e+07
1.17949e+07
1.17492e+07
1.2117e+07
1.20588e+07
1.23997e+07
1.2325e+07
1.26327e+07
1.25368e+07
1.28059e+07
1.26837e+07
1.29109e+07
1.27557e+07
1.29403e+07
1.27449e+07
1.2889e+07
1.26468e+07
1.27554e+07
1.24603e+07
1.25398e+07
1.219e+07
1.22469e+07
1.18461e+07
1.18839e+07
1.14451e+07
1.14613e+07
1.10086e+07
1.09918e+07
1.05621e+07
1.04896e+07
1.01318e+07
9.96932e+06
9.74214e+06
9.44594e+06
9.41219e+06
8.93466e+06
9.15368e+06
8.45316e+06
8.96978e+06
8.02121e+06
8.85689e+06
7.66303e+06
8.80901e+06
7.40608e+06
8.82254e+06
7.2797e+06
8.89922e+06
7.30909e+06
9.04708e+06
7.50883e+06
9.27839e+06
7.87913e+06
9.60585e+06
8.40548e+06
1.00376e+07
9.06334e+06
1.05739e+07
9.82358e+06
1.06373e+07
9.98738e+06
1.16906e+07
1.13673e+07
1.28328e+07
1.27562e+07
1.40253e+07
1.41277e+07
1.52311e+07
1.54607e+07
1.64171e+07
1.6733e+07
1.75529e+07
1.79257e+07
1.86113e+07
1.90203e+07
1.9569e+07
2.00031e+07
2.04075e+07
2.08603e+07
2.11088e+07
2.15834e+07
2.16608e+07
2.21663e+07
2.20534e+07
2.26066e+07
2.22813e+07
2.29058e+07
2.23424e+07
2.30678e+07
2.22378e+07
2.31004e+07
2.19729e+07
2.30139e+07
2.15572e+07
2.28213e+07
2.10047e+07
2.25361e+07
2.03336e+07
2.21741e+07
1.95676e+07
2.17499e+07
1.87344e+07
2.12774e+07
1.78642e+07
2.07697e+07
1.69895e+07
2.02385e+07
1.61426e+07
1.96953e+07
1.53538e+07
1.91511e+07
1.46486e+07
1.86157e+07
1.40467e+07
1.80984e+07
1.35594e+07
1.76068e+07
1.31896e+07
1.71474e+07
1.29318e+07
1.67248e+07
1.27747e+07
1.63423e+07
1.27017e+07
1.60019e+07
1.2696e+07
1.57052e+07
1.27419e+07
1.54536e+07
1.28246e+07
1.52478e+07
1.29328e+07
1.50888e+07
1.30578e+07
1.49758e+07
1.31922e+07
1.49062e+07
1.33306e+07
1.48745e+07
1.34686e+07
1.48742e+07
1.36011e+07
1.48957e+07
1.3724e+07
1.49296e+07
1.3833e+07
1.49651e+07
1.39228e+07
1.49922e+07
1.39878e+07
1.50007e+07
1.40199e+07
1.49795e+07
1.40095e+07
1.49164e+07
1.39454e+07
1.47997e+07
1.38166e+07
1.46184e+07
1.3612e+07
1.43622e+07
1.33241e+07
1.40253e+07
1.29484e+07
1.36038e+07
1.24867e+07
1.30986e+07
1.19474e+07
1.25142e+07
1.13466e+07
1.18587e+07
1.0708e+07
1.11426e+07
1.00619e+07
1.03789e+07
9.44154e+06
9.5811e+06
8.879e+06
8.76076e+06
8.40025e+06
7.92991e+06
8.02034e+06
7.10108e+06
7.74066e+06
6.29386e+06
7.55393e+06
5.54172e+06
7.44788e+06
4.90251e+06
7.41703e+06
4.47024e+06
7.46754e+06
4.35996e+06
7.61797e+06
4.64465e+06
7.89599e+06
5.30303e+06
8.32856e+06
6.24542e+06
8.93288e+06
7.38383e+06
9.70805e+06
8.64814e+06
9.4269e+06
1.06067e+07
1.0971e+07
1.2426e+07
1.26213e+07
1.42771e+07
1.43366e+07
1.61245e+07
1.60761e+07
1.79468e+07
1.7806e+07
1.9721e+07
1.94919e+07
2.1424e+07
2.11041e+07
2.30394e+07
2.26131e+07
2.45504e+07
2.39934e+07
2.59466e+07
2.52235e+07
2.7221e+07
2.62854e+07
2.83619e+07
2.71645e+07
2.93684e+07
2.78496e+07
3.02354e+07
2.83337e+07
3.09625e+07
2.86132e+07
3.15539e+07
2.86901e+07
3.2013e+07
2.85709e+07
3.23489e+07
2.82683e+07
3.2569e+07
2.78003e+07
3.26826e+07
2.71911e+07
3.26942e+07
2.64681e+07
3.26109e+07
2.56632e+07
3.24345e+07
2.48105e+07
3.21735e+07
2.39482e+07
3.18351e+07
2.31147e+07
3.14278e+07
2.23442e+07
3.09661e+07
2.16668e+07
3.04559e+07
2.11013e+07
2.99089e+07
2.06569e+07
2.93345e+07
2.03292e+07
2.87367e+07
2.0103e+07
2.81241e+07
1.99565e+07
2.74965e+07
1.98619e+07
2.68585e+07
1.97921e+07
2.62142e+07
1.97221e+07
2.55653e+07
1.96297e+07
2.4922e+07
1.95015e+07
2.42917e+07
1.93266e+07
2.3684e+07
1.91009e+07
2.31045e+07
1.88259e+07
2.25566e+07
1.85057e+07
2.20426e+07
1.81484e+07
2.15632e+07
1.77623e+07
2.11147e+07
1.73577e+07
2.06941e+07
1.69439e+07
2.0299e+07
1.65281e+07
1.9926e+07
1.61134e+07
1.95688e+07
1.56969e+07
1.92168e+07
1.52695e+07
1.88534e+07
1.48172e+07
1.84618e+07
1.43244e+07
1.80234e+07
1.37766e+07
1.75257e+07
1.31631e+07
1.69595e+07
1.2481e+07
1.63161e+07
1.17333e+07
1.55946e+07
1.0933e+07
1.47929e+07
1.00993e+07
1.39138e+07
9.25712e+06
1.29633e+07
8.43417e+06
1.19453e+07
7.6562e+06
1.08691e+07
6.94406e+06
9.73828e+06
6.31275e+06
8.56385e+06
5.77258e+06
7.37051e+06
5.33367e+06
6.20171e+06
5.01648e+06
5.14862e+06
4.86116e+06
4.38937e+06
4.92501e+06
4.18749e+06
5.26476e+06
4.69267e+06
5.9085e+06
5.77476e+06
6.84511e+06
7.21112e+06
8.03472e+06
8.85111e+06
9.46524e+06
2.06204e+07
1.12436e+07
2.15582e+07
1.3171e+07
2.26952e+07
1.52107e+07
2.40164e+07
1.73375e+07
2.54772e+07
1.95224e+07
2.70252e+07
2.17297e+07
2.8676e+07
2.39351e+07
3.03669e+07
2.6101e+07
3.21187e+07
2.82003e+07
3.39203e+07
3.02026e+07
3.5716e+07
3.20716e+07
3.75245e+07
3.37802e+07
3.9255e+07
3.52899e+07
4.08852e+07
3.65751e+07
4.23843e+07
3.76179e+07
4.37139e+07
3.84059e+07
4.48799e+07
3.89421e+07
4.58646e+07
3.92329e+07
4.66714e+07
3.92927e+07
4.72907e+07
3.91365e+07
4.77417e+07
3.87903e+07
4.80249e+07
3.8274e+07
4.81738e+07
3.76251e+07
4.82054e+07
3.68799e+07
4.8139e+07
3.60748e+07
4.79917e+07
3.52629e+07
4.7779e+07
3.44699e+07
4.75023e+07
3.37339e+07
4.71663e+07
3.30816e+07
4.67895e+07
3.25122e+07
4.63444e+07
3.20371e+07
4.58562e+07
3.16262e+07
4.52918e+07
3.12553e+07
4.46347e+07
3.08958e+07
4.39119e+07
3.04973e+07
4.30642e+07
3.00439e+07
4.21483e+07
2.94999e+07
4.11479e+07
2.88528e+07
4.00922e+07
2.80951e+07
3.90185e+07
2.72244e+07
3.79336e+07
2.62575e+07
3.68806e+07
2.52106e+07
3.58698e+07
2.41158e+07
3.49287e+07
2.30078e+07
3.40655e+07
2.19348e+07
3.33136e+07
2.09371e+07
3.26874e+07
2.00512e+07
3.21927e+07
1.92963e+07
3.18329e+07
1.86573e+07
3.15571e+07
1.8115e+07
3.13482e+07
1.76209e+07
3.11589e+07
1.71363e+07
3.09594e+07
1.66303e+07
3.07439e+07
1.60613e+07
3.04677e+07
1.54207e+07
3.01287e+07
1.46866e+07
2.97002e+07
1.38558e+07
2.9162e+07
1.29408e+07
2.8528e+07
1.19457e+07
2.77783e+07
1.09007e+07
2.6938e+07
9.81976e+06
2.60098e+07
8.72721e+06
2.50031e+07
7.65599e+06
2.39565e+07
6.63999e+06
2.28989e+07
5.74285e+06
2.18858e+07
5.05742e+06
2.09746e+07
4.717e+06
2.023e+07
4.84682e+06
1.97154e+07
5.47334e+06
1.9482e+07
6.51343e+06
1.95573e+07
7.86983e+06
1.99458e+07
1.9329e+07
4.08921e+07
1.97962e+07
4.05298e+07
2.05119e+07
4.02565e+07
2.14897e+07
4.00767e+07
2.27298e+07
4.00015e+07
2.42244e+07
4.00519e+07
2.59502e+07
4.02756e+07
2.78771e+07
4.07093e+07
2.9976e+07
4.13906e+07
3.22014e+07
4.23619e+07
3.45076e+07
4.35801e+07
3.68372e+07
4.49949e+07
3.91145e+07
4.64573e+07
4.12728e+07
4.78824e+07
4.32547e+07
4.91713e+07
4.50171e+07
5.02581e+07
4.65376e+07
5.10878e+07
4.7799e+07
5.16214e+07
4.87963e+07
5.18359e+07
4.95263e+07
5.17477e+07
4.99926e+07
5.14402e+07
5.0212e+07
5.09864e+07
5.02042e+07
5.04826e+07
4.99968e+07
4.99899e+07
4.96251e+07
4.95619e+07
4.91188e+07
4.92326e+07
4.85228e+07
4.90115e+07
4.78701e+07
4.8903e+07
4.71927e+07
4.89028e+07
4.65383e+07
4.9006e+07
4.59149e+07
4.91777e+07
4.53444e+07
4.94e+07
4.48059e+07
4.96228e+07
4.42762e+07
4.97859e+07
4.37449e+07
4.98799e+07
4.31605e+07
4.98349e+07
4.25187e+07
4.96548e+07
4.17898e+07
4.93338e+07
4.09707e+07
4.88802e+07
4.00687e+07
4.83513e+07
3.90763e+07
4.77652e+07
3.80068e+07
4.7169e+07
3.68651e+07
4.65809e+07
3.56782e+07
4.60487e+07
3.44763e+07
4.55927e+07
3.33133e+07
4.5251e+07
3.2247e+07
4.50542e+07
3.13202e+07
4.50004e+07
3.05668e+07
4.51013e+07
2.99731e+07
4.53337e+07
2.9529e+07
4.56921e+07
2.91955e+07
4.61496e+07
2.89354e+07
4.66825e+07
2.87207e+07
4.72617e+07
2.84977e+07
4.78391e+07
2.82335e+07
4.83743e+07
2.78891e+07
4.8825e+07
2.74339e+07
4.91537e+07
2.68704e+07
4.93428e+07
2.61972e+07
4.93652e+07
2.54366e+07
4.92133e+07
2.4612e+07
4.88861e+07
2.37475e+07
4.83798e+07
2.28789e+07
4.77209e+07
2.20384e+07
4.69337e+07
2.12568e+07
4.60607e+07
2.056e+07
4.51468e+07
1.99715e+07
4.42349e+07
1.9511e+07
4.33716e+07
1.91983e+07
4.25887e+07
1.90492e+07
4.19125e+07
1.9084e+07
4.135e+07
4.50507e+07
3.30685e+07
4.46093e+07
3.18839e+07
4.41338e+07
3.06335e+07
4.36115e+07
2.93008e+07
4.30094e+07
2.78699e+07
4.2321e+07
2.63161e+07
4.15446e+07
2.46459e+07
4.06983e+07
2.28751e+07
3.98311e+07
2.10922e+07
3.90016e+07
1.94845e+07
3.82945e+07
1.82691e+07
3.7783e+07
1.7658e+07
3.75157e+07
1.77225e+07
3.75125e+07
1.83341e+07
3.7763e+07
1.93328e+07
3.82395e+07
2.03796e+07
3.88819e+07
2.13341e+07
3.96164e+07
2.19659e+07
4.03577e+07
2.21688e+07
4.10409e+07
2.19656e+07
4.16389e+07
2.13219e+07
4.21487e+07
2.03965e+07
4.25652e+07
1.92276e+07
4.28904e+07
1.79624e+07
4.31249e+07
1.6667e+07
4.32635e+07
1.5389e+07
4.33103e+07
1.42126e+07
4.3262e+07
1.31638e+07
4.31356e+07
1.23342e+07
4.29504e+07
1.17778e+07
4.27183e+07
1.15807e+07
4.24735e+07
1.17692e+07
4.22363e+07
1.2351e+07
4.2026e+07
1.32751e+07
4.18551e+07
1.44988e+07
4.17267e+07
1.5957e+07
4.16499e+07
1.75643e+07
4.164e+07
1.92954e+07
4.17075e+07
2.10849e+07
4.18688e+07
2.28852e+07
4.21259e+07
2.46643e+07
4.24656e+07
2.63814e+07
4.28734e+07
2.80087e+07
4.33352e+07
2.95224e+07
4.38364e+07
3.09025e+07
4.43728e+07
3.21385e+07
4.49404e+07
3.32301e+07
4.55335e+07
3.4192e+07
4.61474e+07
3.50475e+07
4.67767e+07
3.58368e+07
4.74114e+07
3.659e+07
4.80428e+07
3.73242e+07
4.8656e+07
3.80668e+07
4.92342e+07
3.88138e+07
4.9756e+07
3.95371e+07
5.01998e+07
4.02192e+07
5.05437e+07
4.08222e+07
5.07701e+07
4.13159e+07
5.08717e+07
4.16706e+07
5.0835e+07
4.1871e+07
5.06651e+07
4.19153e+07
5.03737e+07
4.17942e+07
4.99772e+07
4.15142e+07
4.95056e+07
4.10904e+07
4.89859e+07
4.05454e+07
4.84432e+07
3.98922e+07
4.78984e+07
3.91471e+07
4.73677e+07
3.83072e+07
4.68591e+07
3.73882e+07
4.63788e+07
3.63822e+07
4.59236e+07
3.53121e+07
4.54831e+07
3.42098e+07
6.72573e+07
5.7662e+07
6.79663e+07
5.87291e+07
6.86566e+07
5.98337e+07
6.92861e+07
6.09134e+07
6.97216e+07
6.19112e+07
6.98991e+07
6.27773e+07
6.97587e+07
6.34259e+07
6.92006e+07
6.3707e+07
6.82236e+07
6.35296e+07
6.67705e+07
6.29353e+07
6.49345e+07
6.1964e+07
6.2783e+07
6.06621e+07
6.03919e+07
5.91143e+07
5.78451e+07
5.74689e+07
5.51663e+07
5.58292e+07
5.24748e+07
5.41675e+07
4.97922e+07
5.26889e+07
4.72275e+07
5.14335e+07
4.48465e+07
5.03489e+07
4.2675e+07
4.94706e+07
4.07596e+07
4.86488e+07
3.90774e+07
4.78834e+07
3.76685e+07
4.7205e+07
3.65394e+07
4.6595e+07
3.57542e+07
4.6164e+07
3.53931e+07
4.60791e+07
3.55138e+07
4.64195e+07
3.61712e+07
4.7245e+07
3.73792e+07
4.85125e+07
3.90721e+07
5.00123e+07
4.11304e+07
5.16644e+07
4.34218e+07
5.3367e+07
4.57536e+07
5.49685e+07
4.80222e+07
5.63288e+07
5.01115e+07
5.73379e+07
5.19525e+07
5.78921e+07
5.35493e+07
5.81442e+07
5.48771e+07
5.79915e+07
5.59896e+07
5.75951e+07
5.69501e+07
5.7212e+07
5.77946e+07
5.6765e+07
5.85842e+07
5.65323e+07
5.93465e+07
5.6491e+07
6.01101e+07
5.66678e+07
6.08608e+07
5.709e+07
6.16285e+07
5.75922e+07
6.24286e+07
5.82072e+07
6.32724e+07
5.89168e+07
6.41554e+07
5.96568e+07
6.50284e+07
6.04048e+07
6.58686e+07
6.10449e+07
6.66404e+07
6.16412e+07
6.72745e+07
6.21333e+07
6.76885e+07
6.23469e+07
6.78415e+07
6.21834e+07
6.7726e+07
6.15681e+07
6.73769e+07
6.05072e+07
6.68898e+07
5.91861e+07
6.63632e+07
5.7749e+07
6.58952e+07
5.64107e+07
6.55275e+07
5.53103e+07
6.52822e+07
5.45118e+07
6.51553e+07
5.40163e+07
6.51192e+07
5.36658e+07
6.51273e+07
5.34648e+07
6.51647e+07
5.34039e+07
6.52225e+07
5.34775e+07
6.53156e+07
5.37514e+07
6.54978e+07
5.42653e+07
6.57686e+07
5.49649e+07
6.61557e+07
5.57321e+07
6.66589e+07
5.6626e+07
9.04173e+07
8.62277e+07
8.85213e+07
8.49302e+07
8.58626e+07
8.39128e+07
8.38534e+07
8.32606e+07
8.31338e+07
8.30548e+07
8.32238e+07
8.3155e+07
8.3912e+07
8.32594e+07
8.50351e+07
8.34036e+07
8.66436e+07
8.33857e+07
8.83141e+07
8.29356e+07
8.89286e+07
8.24962e+07
8.91869e+07
8.22696e+07
8.96765e+07
8.25858e+07
9.03318e+07
8.34327e+07
9.12429e+07
8.46503e+07
9.27359e+07
8.62955e+07
9.3778e+07
8.76322e+07
9.44986e+07
8.87894e+07
9.46194e+07
9.00269e+07
9.55833e+07
9.16034e+07
9.77591e+07
9.37494e+07
9.98718e+07
9.60936e+07
1.01544e+08
9.81035e+07
1.03158e+08
9.99698e+07
1.04009e+08
1.01415e+08
1.03868e+08
1.02275e+08
1.02946e+08
1.02446e+08
1.01571e+08
1.01917e+08
1.0117e+08
1.01336e+08
1.01197e+08
1.00653e+08
1.00209e+08
9.96654e+07
1.01618e+08
9.89625e+07
1.01044e+08
9.79286e+07
1.03688e+08
9.7562e+07
1.04303e+08
9.70684e+07
1.03177e+08
9.60473e+07
1.01476e+08
9.49693e+07
9.97923e+07
9.38362e+07
9.84878e+07
9.28469e+07
9.69696e+07
9.18992e+07
9.57913e+07
9.11235e+07
9.4705e+07
9.04452e+07
9.42031e+07
8.98749e+07
9.37387e+07
8.93473e+07
9.3326e+07
8.92467e+07
9.36397e+07
8.95707e+07
9.40067e+07
9.04014e+07
9.46962e+07
9.16107e+07
9.57194e+07
9.2844e+07
9.69909e+07
9.37457e+07
9.82152e+07
9.42241e+07
9.88817e+07
9.43295e+07
9.91727e+07
9.42278e+07
9.89605e+07
9.43056e+07
9.95e+07
9.43035e+07
9.96739e+07
9.44488e+07
9.95104e+07
9.47839e+07
1.00029e+08
9.50069e+07
9.93775e+07
9.54803e+07
9.90955e+07
9.59982e+07
9.87712e+07
9.6435e+07
9.76669e+07
9.68608e+07
9.69559e+07
9.71362e+07
9.62923e+07
9.7238e+07
9.60678e+07
9.70342e+07
9.69509e+07
9.62361e+07
9.66123e+07
9.51192e+07
9.58245e+07
9.38113e+07
9.54326e+07
9.22858e+07
9.38341e+07
9.07844e+07
9.28756e+07
8.9257e+07
9.1869e+07
8.76955e+07
2.16545e+08
1.89281e+08
2.14898e+08
1.8754e+08
2.13027e+08
1.8583e+08
2.1064e+08
1.84128e+08
2.08307e+08
1.82621e+08
2.05207e+08
1.81136e+08
2.03248e+08
1.79971e+08
2.01571e+08
1.79224e+08
2.00544e+08
1.78849e+08
1.99937e+08
1.78761e+08
1.99831e+08
1.78923e+08
1.99979e+08
1.7904e+08
2.00001e+08
1.79393e+08
2.00284e+08
1.79831e+08
2.01635e+08
1.80385e+08
2.02797e+08
1.8116e+08
2.03042e+08
1.82097e+08
2.03752e+08
1.83002e+08
2.04443e+08
1.83771e+08
2.04865e+08
1.84773e+08
2.04999e+08
1.85464e+08
2.05442e+08
1.86336e+08
2.05666e+08
1.8729e+08
2.44552e+08
1.94745e+08
6.67694e+08
2.41186e+08
8.17278e+09
4.50211e+08
7.57698e+09
2.97889e+08
8.88516e+08
1.98136e+08
2.28828e+08
2.27504e+08
2.2275e+08
1.96354e+08
2.2634e+08
1.97821e+08
2.28912e+08
2.00203e+08
2.30751e+08
2.02646e+08
2.31794e+08
2.04752e+08
2.31744e+08
2.06565e+08
2.30498e+08
2.08379e+08
2.29407e+08
2.09521e+08
2.28595e+08
2.10486e+08
2.28381e+08
2.11545e+08
2.28435e+08
2.12042e+08
2.28782e+08
2.12913e+08
2.292e+08
2.13525e+08
2.2846e+08
2.14477e+08
2.27661e+08
2.15226e+08
2.27191e+08
2.15293e+08
2.26808e+08
2.15372e+08
2.26361e+08
2.15392e+08
2.25908e+08
2.15174e+08
2.25012e+08
2.1476e+08
2.24165e+08
2.14324e+08
2.2322e+08
2.14009e+08
2.2254e+08
2.1353e+08
2.22018e+08
2.13066e+08
2.21581e+08
2.12374e+08
2.216e+08
2.11694e+08
2.21326e+08
2.11037e+08
2.21049e+08
2.10133e+08
2.21088e+08
2.0924e+08
2.20924e+08
2.08569e+08
2.21411e+08
2.07964e+08
2.22113e+08
2.07305e+08
2.22805e+08
2.06317e+08
2.23867e+08
2.05224e+08
2.24939e+08
2.0396e+08
2.25689e+08
2.02526e+08
2.26028e+08
2.00858e+08
2.25859e+08
1.99298e+08
2.24354e+08
1.97578e+08
2.22726e+08
1.95854e+08
2.21121e+08
1.94124e+08
2.19838e+08
1.9256e+08
2.18071e+08
1.91002e+08
6.41361e+06
3.69415e+06
2.24626e+06
4.22281e+06
3.68958e+06
2.7518e+06
4.22146e+06
2.59717e+06
3.88841e+06
3.50119e+06
5.05938e+06
4.31047e+06
2.18903e+06
4.68953e+06
3.56072e+06
558852
2.34009e+06
3.24487e+06
2.59885e+06
1.94466e+06
4.01881e+06
2.77739e+06
2.42894e+06
2.70409e+06
2.83477e+06
1.8484e+06
3.1482e+06
3.19379e+06
3.19293e+06
4.41989e+06
2.11275e+06
2.79068e+06
5.39515e+06
3.57218e+06
2.62337e+06
5.0994e+06
1.67876e+06
3.38816e+06
5.4173e+06
6.69708e+06
7.25377e+06
3.38782e+06
8.1754e+06
5.45367e+06
4.34e+06
2.85693e+06
6.29266e+06
6.4852e+06
5.67053e+06
5.13811e+06
1.41123e+06
7.63557e+06
4.30871e+06
3.359e+06
1.68984e+06
1.45438e+06
1.23429e+06
4.25574e+06
788446
6.44396e+06
5.98456e+06
1.8792e+06
1.63268e+06
4.03511e+06
1.15668e+06
3.60889e+06
6.74672e+06
2.63132e+06
2.43492e+06
1.22073e+06
516998
4.72877e+06
1.95138e+07
1.86931e+07
1.96515e+07
1.89134e+07
4.78929e+06
1.37689e+07
9.44854e+06
1.33862e+07
7.15395e+06
4.26594e+06
1.18708e+07
8.37158e+06
2.37998e+07
1.20302e+07
7.6731e+06
8.19594e+06
7.40954e+06
1.5425e+07
3.75947e+06
5.42002e+06
1.16179e+07
2.22749e+07
1.47374e+07
3.04715e+06
8.87898e+06
3.07931e+06
6.89056e+06
4.47711e+06
4.52417e+06
9.98682e+06
3.64278e+06
6.94735e+06
1.81933e+07
9.83827e+06
1.51654e+07
1.65035e+07
2.07673e+07
7.79202e+06
2.43164e+07
5.603e+06
2.30023e+07
3.33827e+06
2.06737e+07
1.21579e+07
1.52939e+07
7.66819e+06
7.49993e+06
3.04833e+06
8.76986e+06
1.79887e+07
2.97954e+06
3.63775e+06
9.92684e+06
3.57023e+06
1.73355e+07
8.3675e+06
2.32367e+07
8.08226e+06
2.65402e+07
8.99741e+06
1.07957e+07
1.2378e+07
1.90537e+07
1.82395e+07
6.49287e+06
8.52698e+06
1.16502e+07
9.67434e+06
8.18791e+06
8.23598e+06
5.52021e+06
9.36714e+06
1.19732e+07
7.93108e+06
9.10917e+06
1.27471e+07
2.41121e+07
1.01523e+07
2.78532e+07
1.29621e+07
8.69607e+06
1.67182e+07
1.34831e+07
1.13056e+07
8.95345e+06
2.35837e+07
1.48657e+07
1.20419e+07
2.63508e+07
5.61297e+07
1.37222e+07
8.79886e+06
2.40858e+07
2.42116e+07
1.32391e+07
2.196e+07
2.42752e+06
1.90669e+07
1.69578e+07
2.77909e+06
5.52673e+06
6.03329e+06
1.05543e+07
8.01071e+06
1.02014e+07
2.21706e+07
1.30943e+07
1.4956e+07
1.33113e+07
5.31801e+06
9.72028e+06
8.53043e+06
6.2557e+06
1.18397e+07
1.48838e+07
5.73282e+06
2.26658e+07
1.32828e+07
8.69073e+06
1.01112e+07
2.19527e+07
1.28814e+07
1.82696e+07
3.91664e+06
1.23265e+07
7.45413e+06
1.20564e+07
6.1705e+06
9.54989e+06
6.85634e+06
1.97293e+07
1.44439e+07
1.25862e+07
1.82189e+07
9.3765e+06
1.04125e+07
5.35984e+06
6.21356e+06
1.7143e+07
3.41206e+06
3.83666e+06
6.6836e+06
8.75609e+06
1.853e+07
5.94785e+06
3.44193e+06
2.91836e+06
3.84731e+06
6.60132e+06
5.09028e+06
5.17831e+06
6.98677e+06
3.28631e+06
6.15247e+06
3.2342e+06
1.77903e+06
4.37408e+06
4.45833e+06
3.29594e+06
3.36402e+06
3.09365e+06
2.13996e+06
6.39407e+06
6.97169e+06
4.47197e+06
3.06966e+06
3.60343e+06
2.9951e+06
1.77799e+06
3.9211e+06
4.0692e+06
1.08966e+06
4.72911e+06
4.38062e+06
2.13612e+06
4.60523e+06
2.394e+06
3.81081e+06
5.16753e+06
2.48031e+06
3.97609e+06
841316
3.97489e+06
2.9424e+06
3.62434e+06
5.41811e+06
1.36775e+06
708395
1.96714e+06
3.03904e+06
2.08181e+06
408372
1.65931e+06
5.66735e+06
1.6499e+06
1.46264e+06
3.94091e+06
2.18453e+06
3.54396e+06
5.40008e+06
5.338e+06
1.84544e+06
4.33569e+06
1.24355e+06
4.9185e+06
555620
1.58214e+06
2.30052e+06
2.83323e+06
3.72768e+06
3.05566e+06
2.76962e+06
2.3077e+06
1.72274e+06
2.07572e+06
4.7553e+06
2.32112e+06
1.86741e+06
2.33684e+06
6.42459e+07
3.86199e+06
1.25975e+06
1.14571e+07
2.06554e+06
1.02751e+06
8.01554e+06
609052
2.39537e+06
1.92784e+06
4.75936e+06
2.56013e+06
1.76689e+06
1.98296e+06
2.8005e+06
7.5501e+06
967475
4.24557e+06
6.88919e+06
7.98655e+06
2.46296e+06
2.1764e+06
656704
5.49574e+06
5.14023e+06
2.86767e+06
2.90282e+06
3.42369e+06
3.79458e+06
1.30587e+07
5.11284e+06
6.41657e+06
5.10326e+06
1.17679e+07
6.85079e+06
2.42736e+08
5.30039e+07
4.95968e+06
8.1278e+06
1.02284e+07
6.77145e+06
9.63195e+06
1.32177e+07
6.66485e+06
9.27864e+06
9.97682e+06
1.10674e+07
1.60997e+07
1.12437e+07
8.51265e+06
7.30178e+06
1.31002e+07
6.58052e+06
4.04432e+07
1.06266e+07
1.18577e+07
2.59688e+08
2.47157e+07
2.02711e+07
1.62379e+07
4.57575e+06
3.31154e+06
1.36215e+08
8.48494e+06
1.88726e+06
2.08932e+07
4.40157e+06
2.80141e+06
1.55312e+07
9.75871e+06
5.60876e+06
6.84729e+06
5.09222e+06
4.13265e+06
3.39754e+07
6.71274e+06
4.61989e+06
7.36614e+06
4.41995e+06
6.78847e+06
3.36882e+06
5.40175e+06
6.72637e+06
1.32644e+06
8.51841e+06
6.7967e+06
3.00972e+06
1.28394e+06
2.10899e+06
1.18934e+06
1.55954e+06
2.34569e+06
1.0191e+06
1.39774e+06
2.06659e+06
2.12059e+06
1.88715e+06
1.08066e+06
1.4022e+06
691203
1.30021e+06
1.00801e+06
1.32557e+06
1.65659e+06
1.52e+06
2.55104e+06
1.41597e+06
2.43807e+06
2.32189e+06
1.96123e+06
1.5289e+06
1.74124e+06
807756
471237
1.98114e+06
1.06133e+06
1.19496e+06
949180
1.49932e+06
1.48444e+06
1.53386e+06
1.33102e+06
1.39985e+06
1.61629e+06
1.40351e+06
1.35589e+06
2.28073e+06
1.24941e+06
1.89197e+06
881152
1.10104e+06
652810
974669
666752
703579
1.73455e+06
1.56186e+06
2.01008e+06
2.61214e+06
2.49691e+06
1.4515e+06
3.06402e+06
2.87649e+06
3.80182e+06
3.91152e+06
3.49528e+06
5.22782e+06
1.48436e+06
1.58885e+06
1.22399e+06
2.27118e+06
1.424e+06
2.39936e+06
1.68129e+06
2.17343e+06
2.01474e+06
2.15953e+06
2.0466e+06
1.96483e+06
1.7959e+06
1.57876e+06
1.67067e+06
1.73437e+06
2.33769e+06
1.65853e+06
1.88258e+06
2.23618e+06
2.14465e+06
3.83451e+06
3.59463e+06
3.25834e+06
4.20188e+06
3.30328e+06
3.68822e+06
4.2376e+06
5.969e+06
5.63434e+06
9.60511e+06
2.83697e+06
1.38712e+06
2.36666e+06
1.79588e+06
1.52519e+06
1.55489e+06
1.27514e+06
1.3701e+06
2.33375e+06
1.54215e+06
1.12887e+06
1.8614e+06
1.41559e+06
1.62227e+06
1.65552e+06
2.15344e+06
2.93193e+06
3.50025e+06
4.10731e+06
4.33158e+06
5.4355e+06
3.90736e+06
4.82217e+06
4.66243e+06
6.10615e+06
5.25513e+06
5.90894e+06
4.67501e+06
6.00837e+06
5.36261e+06
5.58005e+06
6.85001e+06
1.93228e+07
5.88333e+06
2.07727e+06
2.3125e+06
1.81652e+06
2.13707e+06
2.37226e+06
2.60257e+06
2.75014e+06
1.8355e+06
1.94134e+06
1.94045e+06
1.61986e+06
2.51177e+06
1.96646e+06
1.91799e+06
1.53965e+06
1.38448e+06
2.12203e+06
2.34685e+06
1.25698e+06
2.21406e+06
2.26544e+06
2.46917e+06
2.7052e+06
3.21993e+06
2.83347e+06
4.23928e+06
3.63445e+06
4.79422e+06
4.10668e+06
3.92966e+06
4.45322e+06
2.71544e+06
3.34895e+06
920110
1.66034e+06
1.87014e+06
1.49142e+06
2.23926e+06
2.51887e+06
2.35573e+06
2.03759e+06
2.1686e+06
2.10619e+06
2.38947e+06
2.83282e+06
2.84385e+06
2.35584e+06
2.81032e+06
2.33417e+06
3.39816e+06
3.34159e+06
3.21524e+06
2.58602e+06
2.52745e+06
2.5943e+06
2.62867e+06
3.06884e+06
2.27402e+06
2.73163e+06
2.03985e+06
2.78462e+06
2.95025e+06
2.80265e+06
3.16637e+06
2.37714e+06
2.26499e+06
1.89887e+06
2.60849e+06
1.67697e+06
1.49849e+06
2.08204e+06
1.46243e+06
1.82975e+06
2.01979e+06
2.02874e+06
2.67607e+06
2.53284e+06
2.75039e+06
2.71348e+06
2.44311e+06
2.33773e+06
2.83998e+06
2.86852e+06
2.22833e+06
2.6958e+06
1.60854e+06
2.0311e+06
2.32293e+06
2.65652e+06
2.79693e+06
2.62459e+06
3.42515e+06
2.32779e+06
3.25364e+06
2.75954e+06
2.36035e+06
2.42542e+06
1.68059e+06
1.79183e+06
1.56581e+06
2.62071e+06
1.80568e+06
1.2322e+06
2.62197e+06
1.44485e+06
1.82212e+06
1.39093e+06
1.28714e+06
1.82246e+06
1.08822e+06
2.53328e+06
1.74966e+06
1.9955e+06
2.10332e+06
2.32717e+06
2.12466e+06
1.84732e+06
1.92204e+06
1.30576e+06
1.72179e+06
1.42186e+06
1.86258e+06
2.72914e+06
1.72021e+06
2.97038e+06
1.67513e+06
2.88188e+06
2.42517e+06
2.10499e+06
1.76723e+06
1.67899e+06
1.6957e+06
1.8327e+06
2.59832e+06
2.22275e+06
2.26847e+06
2.77362e+06
2.32745e+06
2.34489e+06
2.75703e+06
2.49112e+06
2.74101e+06
2.69444e+06
2.82303e+06
3.03964e+06
2.61035e+06
2.71984e+06
2.88041e+06
2.27072e+06
2.98376e+06
1.98731e+06
2.14942e+06
1.50968e+06
1.89892e+06
1.22441e+06
1.66519e+06
2.00406e+06
2.24399e+06
1.84181e+06
2.0654e+06
2.05352e+06
1.49789e+06
1.63618e+06
1.26058e+06
1.78145e+06
1.96145e+06
1.95524e+06
1.6621e+06
2.10351e+06
1.49011e+06
3.6258e+06
1.76317e+06
3.45293e+06
2.38307e+06
3.0276e+06
2.73333e+06
2.3581e+06
2.49773e+06
1.75652e+06
2.58254e+06
2.81475e+06
3.36566e+06
3.12095e+06
3.1625e+06
1.99292e+06
2.41507e+06
1.8304e+06
1.6754e+06
1.43006e+06
1.44716e+06
2.08754e+06
1.67794e+06
2.30156e+06
2.19743e+06
2.3127e+06
2.38677e+06
2.04892e+06
2.2226e+06
2.38187e+06
2.2295e+06
1.7013e+06
1.86319e+06
1.22744e+06
1.15465e+06
1.34486e+06
1.23236e+06
1.57253e+06
1.48574e+06
2.13771e+06
1.67285e+06
2.19051e+06
2.27611e+06
2.38375e+06
2.85752e+06
2.9093e+06
3.23308e+06
2.82585e+06
2.83559e+06
2.0902e+06
2.17639e+06
1.74705e+06
2.10533e+06
1.36102e+06
1.57822e+06
1.63942e+06
1.35254e+06
2.18143e+06
2.13501e+06
2.12046e+06
1.7565e+06
2.09821e+06
2.52781e+06
2.21722e+06
2.04353e+06
2.01758e+06
2.3149e+06
1.42526e+06
1.70922e+06
1.45412e+06
2.50894e+06
1.97308e+06
1.7698e+06
1.85764e+06
2.50198e+06
2.07126e+06
2.16824e+06
2.4152e+06
2.45019e+06
2.79028e+06
2.0714e+06
2.70786e+06
2.45028e+06
2.35501e+06
2.38166e+06
2.42411e+06
2.975e+06
2.02521e+06
2.28278e+06
1.79865e+06
2.27656e+06
2.69151e+06
2.79262e+06
2.1204e+06
3.20996e+06
3.17736e+06
2.23787e+06
3.26586e+06
2.36633e+06
3.26472e+06
2.5508e+06
2.06976e+06
2.06802e+06
2.62605e+06
2.21729e+06
1.90774e+06
2.94884e+06
2.84013e+06
3.29923e+06
2.85549e+06
3.32744e+06
3.10188e+06
2.27016e+06
2.08659e+06
1.40381e+06
2.2182e+06
1.63649e+06
2.64338e+06
2.58437e+06
3.47181e+06
2.37631e+06
2.34723e+06
2.53574e+06
2.11635e+06
2.22151e+06
1.92779e+06
1.34733e+06
2.10088e+06
1.08303e+06
1.18595e+06
1.60546e+06
1.45391e+06
1.5502e+06
2.10862e+06
1.66987e+06
1.56521e+06
1.55211e+06
5.35606e+06
1.85374e+07
1.74172e+07
6.7944e+07
5.08413e+07
5.13147e+07
2.80601e+07
8.7634e+06
9.21476e+06
2.42651e+07
1.91955e+07
3.49877e+07
2.72815e+06
4.30007e+06
3.43048e+06
1.2465e+07
1.78485e+07
1.65775e+06
1.95836e+06
1.0183e+06
1.48462e+06
1.62451e+06
1.77918e+06
1.28232e+06
1.27233e+06
709436
1.16658e+06
2.286e+06
1.91242e+06
2.27178e+06
1.70915e+06
1.66412e+06
1.12421e+06
2.60492e+06
1.22666e+06
1.91754e+06
2.15107e+06
3.1001e+06
3.49868e+06
3.49381e+06
2.75962e+06
3.07059e+06
4.03396e+06
2.55991e+06
2.94089e+06
2.65261e+06
3.20157e+06
3.43959e+06
2.59653e+06
2.8302e+06
2.71186e+06
1.95528e+06
2.31563e+06
2.45989e+06
2.39789e+06
1.92755e+06
1.56842e+06
1.99736e+06
1.33189e+06
1.45593e+06
1.04427e+06
1.5221e+06
1.38755e+06
2.29398e+06
1.3963e+06
1.82418e+06
1.64837e+06
1.36819e+06
1.20169e+06
1.79612e+06
1.6096e+06
1.27378e+06
1.52666e+06
1.25894e+06
1.85004e+06
1.40185e+06
1.70007e+06
2.43269e+06
1.536e+06
1.88558e+06
1.94617e+06
879902
1.49512e+06
1.44653e+06
2.09526e+06
2.16971e+06
2.70141e+06
2.02546e+06
2.44364e+06
1.84154e+06
2.18256e+06
1.60601e+06
2.37034e+06
1.7858e+06
1.72102e+06
2.15537e+06
1.51605e+06
1.8597e+06
1.9222e+06
1.66863e+06
2.4637e+06
1.41271e+06
2.27327e+06
1.86507e+06
2.12573e+06
2.27495e+06
1.72909e+06
1.71785e+06
2.67013e+06
2.81954e+06
2.47134e+06
3.08269e+06
2.58429e+06
2.4724e+06
3.35088e+06
1.93136e+06
2.68926e+06
2.84945e+06
1.67015e+06
3.22602e+06
2.48899e+06
2.10403e+06
2.76369e+06
1.90514e+06
2.42521e+06
1.84914e+06
1.82058e+06
2.10417e+06
1.69064e+06
2.26884e+06
1.99072e+06
2.35784e+06
2.55056e+06
1.99072e+06
2.08769e+06
2.19802e+06
1.53356e+06
1.10381e+06
1.25877e+06
680472
1.32666e+06
1.00429e+06
1.66483e+06
2.10803e+06
1.69354e+06
2.10334e+06
1.65399e+06
1.6636e+06
1.97958e+06
1.61575e+06
1.54433e+06
2.08783e+06
1.29031e+06
2.44673e+06
2.21824e+06
1.96264e+06
2.90663e+06
649176
1.92396e+06
1.52948e+06
2.34589e+06
2.95025e+06
2.18996e+06
2.64109e+06
2.18074e+06
2.34241e+06
2.09244e+06
2.1443e+06
1.90604e+06
1.80469e+06
1.45746e+06
1.61794e+06
1.90516e+06
1.52816e+06
1.01056e+06
1.03507e+06
834249
992250
1.00745e+06
4.28937e+06
4.02575e+06
2.36938e+06
1.77011e+06
2.76611e+06
853226
1.22926e+06
1.86361e+06
4.67972e+06
1.88362e+06
1.47728e+06
2.24663e+06
1.0976e+06
2.35731e+06
1.93233e+06
742240
1.76973e+06
1.27453e+06
2.06445e+06
2.07184e+06
1.64622e+06
1.72611e+06
1.78446e+06
1.40208e+06
1.1762e+06
967365
1.10096e+06
786911
867250
1.1369e+06
632490
1.25528e+06
789727
1.15351e+06
1.92344e+06
1.03443e+06
842271
4.10172e+07
847465
439398
671902
747693
1.02337e+07
1.65472e+07
1.49327e+06
1.02443e+06
588140
604275
1.00036e+06
845619
822871
944498
959318
1.05e+07
1.49943e+07
3.52732e+07
7.31738e+07
1.73207e+06
917363
928727
954612
986610
994307
6.195e+06
4.07213e+06
9.36772e+06
678044
1.19901e+06
494781
1.00616e+06
1.23638e+06
1.13325e+06
4.4166e+07
5.67186e+07
2.71007e+06
5.77351e+06
1.71918e+06
6.95892e+06
1.96354e+07
1.60919e+06
4.73222e+07
3.34655e+07
752727
7.1519e+07
1.33406e+07
1.56418e+06
2.24479e+07
4.4247e+06
1.45164e+06
1.54174e+06
929398
674838
1.17511e+06
356155
1.36508e+06
950433
1.22846e+06
1.92807e+06
1.2855e+06
1.05507e+06
1.38754e+06
519007
535157
759316
909789
584778
1.29209e+06
736394
1.19516e+06
1.3108e+06
957927
1e+06
1.00784e+06
972159
467178
846866
912442
1.35742e+06
1.02701e+06
1.70968e+06
1.67815e+06
1.20777e+06
1.25913e+06
927631
1.34728e+06
606798
2.68972e+06
3.5574e+06
4.08442e+06
8.83334e+06
1.39294e+06
1.44617e+07
2.86834e+06
3.50429e+06
3.08946e+06
531952
376559
1.89087e+06
4.41696e+07
2.57415e+06
1.06425e+07
533930
2.89523e+06
990031
1.84334e+06
1.89472e+06
1.5272e+06
5.93911e+06
2.92744e+06
1.06131e+07
1.93612e+07
1.64073e+07
1.30727e+07
1.57277e+07
2.45691e+06
1.38113e+06
456365
2.07021e+06
2.54369e+07
2.34555e+06
5.74109e+06
567902
2.47133e+06
2.98266e+06
587817
2.36657e+06
1.36074e+06
1.78622e+06
1.03595e+06
1.54012e+06
1.1662e+06
478653
950034
2.08407e+06
290789
331565
480289
963987
771129
2.32865e+06
825268
887143
1.37072e+06
322952
1.36228e+06
1.35414e+06
1.8346e+06
617301
1.66038e+06
1.12909e+06
1.2525e+06
705430
187208
1.80721e+06
588849
1.12861e+06
678866
2.51843e+06
1.17378e+06
1.85079e+06
2.34447e+06
2.83679e+06
2.41418e+06
2.44082e+06
918800
786103
1.55069e+07
619178
1.7395e+07
220935
751560
754379
318120
758523
312115
536301
352044
432011
581923
1.04139e+06
831891
1.66449e+06
1.09005e+06
784683
1.17824e+06
604498
1.2055e+06
666322
1.04412e+06
625808
793881
1.0843e+06
892585
532063
836443
501340
678719
603082
640999
721760
748565
547343
276724
699022
473955
1.42533e+06
1.06343e+06
258121
1.85903e+06
1.20259e+06
2.21056e+06
1.90621e+06
2.14783e+06
1.82979e+06
1.88998e+06
2.26085e+06
2.30998e+06
2.04056e+06
2.13688e+06
1.81476e+06
1.81552e+06
2.07356e+06
2.51467e+06
1.78158e+06
1.90922e+06
1.37947e+06
2.06899e+06
1.63884e+06
1.93101e+06
3.03085e+06
954834
1.35936e+06
1.12931e+06
855548
1.00719e+06
1.3344e+07
6.77527e+06
1.54025e+07
163748
529895
1.08522e+06
5.67653e+06
4.61028e+06
2.02219e+06
1.86752e+06
2.33215e+06
965530
5.0824e+06
3.22671e+06
3.66533e+06
2.97982e+06
3.15555e+06
7.8028e+06
3.97732e+06
4.12555e+06
3.59755e+06
2.38414e+06
4.83141e+06
3.78845e+06
3.01131e+06
4.67161e+06
3.08177e+06
5.26673e+06
2.96371e+06
3.22032e+06
3.92983e+06
3.49705e+06
6.33234e+06
991652
4.54159e+06
3.45772e+06
744941
1.69635e+06
2.15592e+06
320799
2.70392e+06
6.61002e+06
3.09463e+06
1.13421e+07
1.27633e+07
1.49592e+06
4.1763e+06
3.82997e+06
8.96142e+06
3.9924e+06
6.55948e+06
8.05352e+06
1.07261e+07
1.15773e+07
3.11759e+06
5.74062e+06
5.71547e+06
1.01547e+07
5.25211e+06
8.34388e+06
1.6608e+07
2.34062e+06
2.78771e+06
6.43332e+06
3.55917e+06
2.73771e+06
7.94545e+06
4.05596e+06
3.3703e+07
4.25145e+07
2.09408e+07
1.74109e+07
2.74161e+07
6.08377e+07
3.15829e+07
2.01954e+07
7.02305e+07
4.38454e+07
7.77742e+07
2.17601e+08
5.53268e+07
1.13939e+08
1.86597e+08
5.84916e+07
1.78342e+08
1.90014e+08
8.59216e+07
1.21379e+08
1.73343e+08
1.39888e+08
1.4175e+08
7.51771e+07
1.11707e+08
1.13445e+08
8.98654e+07
9.6053e+07
8.62294e+07
1.07908e+08
2.09315e+08
8.97056e+07
1.22544e+08
8.81197e+07
1.0742e+08
1.45484e+08
1.8349e+08
1.96462e+08
1.41774e+08
1.1835e+08
1.48911e+08
2.23211e+08
1.893e+08
1.25197e+08
1.46412e+08
1.65299e+08
2.39994e+08
4.78659e+08
1.79728e+08
2.86717e+08
1.91266e+08
2.90778e+08
6.27695e+07
6.87341e+07
1.15865e+08
1.18232e+08
2.3819e+08
1.89835e+08
1.05391e+06
835636
853407
1.24386e+06
910995
948549
570785
806832
1.10873e+06
1.0861e+06
1.36738e+06
1.5111e+06
1.15398e+06
1.21485e+06
878896
1.18818e+06
1.31799e+06
1.24293e+06
1.21466e+06
1.51647e+06
1.35568e+06
2.06388e+06
991924
2.58609e+06
1.70034e+06
2.52134e+06
887624
2.06621e+06
1.05417e+06
1.27854e+06
1.09792e+06
437122
1.77521e+06
474564
859050
562367
1.21381e+06
946377
749897
1.2581e+06
527444
702550
397555
1.08928e+06
667658
1.06171e+06
926237
211928
239102
404089
1.253e+06
450583
1.03639e+06
2.02722e+06
2.26748e+06
1.61785e+06
1.70927e+06
1.58046e+06
1.28904e+06
1.5291e+06
1.17395e+06
1.54485e+06
1.91287e+06
1.38554e+06
1.32467e+06
1.95069e+06
1.08947e+06
1.42703e+06
1.41365e+06
1.7448e+06
1.7552e+06
1.94454e+06
1.1013e+06
1.3517e+06
1.44577e+06
791295
1.58086e+06
978856
1.5757e+06
140927
2.07079e+06
1.10922e+06
2.08094e+06
1.05621e+06
4.599e+06
2.55113e+06
3.25024e+06
1.32124e+06
1.79731e+06
1.92797e+06
2.22189e+06
1.64045e+06
2.6893e+06
1.27784e+06
1.56015e+06
1.93259e+06
1.10584e+06
1.97843e+06
1.31676e+06
2.65946e+06
1.82008e+06
2.00523e+06
1.63837e+06
2.32642e+06
1.5373e+06
1.42237e+06
1.38856e+06
1.71787e+06
1.4929e+06
2.03393e+06
1.2968e+06
2.25399e+06
1.6551e+06
2.72312e+06
1.31117e+06
1.81957e+06
1.91755e+06
1.22352e+06
2.7726e+06
962702
2.50272e+06
543884
1.74951e+06
1.36412e+06
1.72721e+06
1.36362e+06
2.27851e+06
1.44436e+06
1.96387e+06
755905
1.69308e+06
833500
2.38677e+06
1.78764e+06
1.80277e+06
1.81032e+06
1.80589e+06
2.50259e+06
1.25332e+06
2.55419e+06
1.76701e+06
2.64857e+06
2.34436e+06
2.46212e+06
2.47885e+06
2.28727e+06
2.90204e+06
1.36758e+06
1.79785e+06
854023
1.0053e+06
1.19816e+06
1.10922e+06
698404
563926
913143
1.16487e+06
706020
1.27674e+06
1.0227e+06
1.48996e+06
1.34721e+06
1.74454e+06
1.68994e+06
1.2431e+06
1.49678e+06
1.69331e+06
1.18201e+06
1.75464e+06
1.53888e+06
2.47394e+06
1.351e+06
2.63255e+06
2.25837e+06
2.94372e+06
2.53307e+06
2.52141e+06
1.62023e+06
2.22976e+06
1.74402e+06
1.21646e+06
1.22949e+06
1.49734e+06
1.13858e+06
1.43739e+06
765690
901505
1.20239e+06
1.21231e+06
929036
1.41546e+06
592047
1.04303e+06
1.00189e+06
1.09137e+06
1.56118e+06
1.80514e+06
1.64383e+06
1.92602e+06
2.29749e+06
1.59819e+06
1.49709e+06
1.79684e+06
1.37484e+06
1.4096e+06
1.52482e+06
2.03213e+06
2.0367e+06
2.16697e+06
2.04376e+06
1.64366e+06
1.63446e+06
1.78898e+06
1.38464e+06
1.36904e+06
1.87232e+06
1.28587e+06
1.22016e+06
1.08988e+06
697310
1.39736e+06
411917
592373
1.00775e+06
911056
1.01223e+06
1.30382e+06
1.42036e+06
1.82125e+06
2.07782e+06
1.30688e+06
2.01941e+06
2.26492e+06
1.97623e+06
1.72739e+06
2.44481e+06
1.64023e+06
3.0046e+06
1.7503e+06
2.85736e+06
2.25335e+06
1.9187e+06
2.02548e+06
1.91972e+06
1.58084e+06
2.35665e+06
1.36322e+06
2.29914e+06
1.62409e+06
1.34392e+06
1.25714e+06
1.0879e+06
641292
1.60164e+06
1.00674e+06
951252
1.23806e+06
1.32167e+06
1.39925e+06
2.31612e+06
1.9126e+06
1.39168e+06
2.31643e+06
1.09898e+06
1.97459e+06
1.78569e+06
1.67819e+06
2.37424e+06
2.0968e+06
2.7574e+06
2.93841e+06
2.89558e+06
2.73007e+06
3.14244e+06
1.8922e+06
3.2538e+06
2.5622e+06
2.34472e+06
3.1113e+06
2.85394e+06
2.70642e+06
2.478e+06
1.57228e+06
1.11004e+06
1.24006e+06
1.56386e+06
1.29914e+06
964038
970654
664213
690123
1.31571e+06
1.83395e+06
1.11992e+06
1.14781e+06
2.15834e+06
1.47091e+06
2.0038e+06
2.11644e+06
2.10803e+06
2.5125e+06
2.50566e+06
2.82782e+06
3.03977e+06
3.49971e+06
2.67876e+06
3.16779e+06
3.09713e+06
3.1179e+06
2.72142e+06
2.09679e+06
2.26444e+06
2.12987e+06
2.23666e+06
1.7439e+06
1.75133e+06
1.10232e+06
1.74289e+06
1.45999e+06
1.91502e+06
582267
1.29699e+06
542308
1.44521e+06
1.45311e+06
1.11028e+06
507964
786259
1.74739e+06
1.51797e+06
2.03907e+06
1.43509e+06
2.85268e+06
3.24896e+06
2.67836e+06
2.49761e+06
2.74906e+06
2.45421e+06
2.19476e+06
2.0162e+06
1.44059e+06
1.66456e+06
987444
1.35011e+06
595937
2.84039e+06
1.35147e+06
4.0933e+06
1.04479e+06
2.77404e+06
1.86931e+06
1.519e+06
2.6646e+06
2.43955e+06
2.84835e+06
3.64327e+06
2.97901e+06
3.26175e+06
2.76842e+06
3.15301e+06
2.04605e+06
2.34537e+06
1.72558e+06
2.13639e+06
436195
401507
3.39113e+06
2.11466e+06
2.46016e+06
2.08261e+06
2.18825e+06
2.93064e+06
1.6431e+06
4.68747e+06
3.04242e+06
5.98285e+06
3.71508e+06
1.04202e+07
6.63498e+06
6.69712e+06
7.87282e+06
1.61799e+07
3.76943e+06
9.56235e+06
4.8721e+06
2.98709e+07
7.71631e+06
1.26459e+07
3.68318e+06
3.4789e+06
4.44062e+06
4.04347e+06
4.04103e+06
2.78441e+06
2.7566e+06
2.51024e+06
1.91536e+06
4.32181e+06
550708
1.23546e+06
1.26236e+06
851791
837113
709779
423329
1.94393e+06
2.18513e+06
1.7047e+06
933353
700908
787330
1.63521e+06
1.71549e+06
3.61745e+06
779099
2.15938e+06
2.93501e+06
2.07851e+06
1.78444e+06
794499
641626
678903
1.22864e+06
1.49549e+06
1.25661e+06
1.58008e+06
2.05059e+06
2.14736e+06
1.98222e+06
1.28716e+06
1.12355e+06
1.32556e+06
1.66929e+06
2.20026e+06
3.00133e+06
2.50996e+06
3.20002e+06
2.60523e+06
1.10905e+06
1.60907e+06
1.34386e+06
1.81418e+06
759335
1.7371e+06
1.39317e+06
1.74492e+06
1.48725e+06
2.34996e+06
1.8329e+06
2.13477e+06
1.70662e+06
2.48453e+06
1.99894e+06
1.83231e+06
1.91754e+06
2.41131e+06
2.01009e+06
2.21636e+06
2.31407e+06
1.96864e+06
2.04778e+06
1.80126e+06
1.47573e+06
1.8949e+06
1.58706e+06
1.65251e+06
1.51984e+06
1.4689e+06
1.50843e+06
1.70689e+06
997589
3.57398e+06
4.05115e+06
8.46992e+06
3.34653e+06
4.85586e+06
5.60809e+06
3.97918e+06
5.19174e+06
9.65573e+06
5.63514e+06
1.21022e+07
8.72167e+06
1.93318e+07
1.54699e+07
7.45774e+07
2.5282e+07
1.14067e+08
3.33847e+07
2.13476e+07
2.60225e+07
4.30783e+07
1.66225e+07
4.25058e+07
2.21322e+07
2.57506e+07
4.4755e+06
1.86223e+07
1.87387e+07
1.81267e+07
5.76279e+06
1.23742e+07
5.26475e+06
1.30178e+07
1.67052e+06
4.3404e+06
1.33658e+06
4.16458e+06
9.08581e+06
6.10762e+06
5.11369e+06
5.3247e+06
3.23725e+06
2.97388e+06
3.08415e+06
1.06357e+07
4.11939e+06
4.35021e+07
2.45002e+07
3.21374e+07
2.77135e+07
6.00975e+07
2.43474e+07
6.62199e+07
4.79231e+07
8.10837e+07
3.35457e+07
4.6008e+07
2.33756e+07
5.7735e+07
3.42129e+07
1.46806e+08
3.85149e+07
6.50426e+07
2.14543e+07
5.74798e+07
2.09204e+07
2.37643e+07
1.85193e+07
2.6648e+07
1.17616e+07
2.61498e+07
8.34981e+06
438874
3.55263e+06
3.11212e+07
2.52904e+07
4.5073e+07
6.98695e+06
2.51662e+07
1.25666e+07
4.5637e+07
2.15656e+07
6.60665e+07
1.5434e+08
1.07432e+08
8.83643e+07
5.28124e+07
9.21374e+07
1.35174e+08
1.51415e+08
7.79809e+07
5.24264e+07
1.24363e+08
6.335e+07
5.24715e+07
1.04942e+08
1.07082e+08
3.91991e+07
8.71537e+07
5.00986e+07
6.85082e+07
5.12975e+07
7.07111e+07
3.52948e+07
3.93337e+07
2.6703e+07
2.24725e+07
2.81974e+07
2.23823e+07
1.75444e+07
1.36653e+07
3.2404e+07
2.93169e+07
5.59327e+07
1.19064e+08
3.61845e+07
5.88544e+07
3.7247e+07
5.1205e+07
6.86821e+07
1.00076e+08
6.19789e+07
8.71089e+07
8.00464e+07
9.3114e+07
9.44623e+07
6.87065e+07
6.34442e+07
7.60364e+07
1.30134e+08
1.50649e+08
9.78994e+07
1.11614e+08
1.81862e+08
2.07627e+08
1.06916e+08
8.0079e+07
8.07871e+07
7.35468e+07
5.08161e+07
9.09132e+07
8.652e+07
4.5561e+07
3.33333e+07
521564
2.86732e+06
872898
788028
873210
851598
4.47804e+06
7.00959e+06
959918
484437
878250
417497
437354
409215
3.75645e+06
6.14482e+06
1.04909e+07
7.08165e+06
9.4322e+06
8.53148e+06
4.40621e+06
547344
1.16988e+06
1.03604e+06
433190
458639
462179
3.12274e+06
4.88634e+06
1.46018e+06
698956
406401
416177
458521
599021
1.5515e+06
1.22267e+07
5.0683e+06
4.18427e+06
1.84577e+06
3.95057e+06
8.00977e+06
711524
1.0851e+06
724104
633526
980443
603395
527479
846517
484792
491322
688020
415179
374233
1.13353e+06
932472
1.39941e+06
610917
1.0281e+06
852001
781388
628600
941001
865612
1.11561e+06
1.08791e+06
961371
1.58722e+06
847690
1.65209e+06
777105
1.79545e+06
661865
1.96858e+06
1.20713e+06
493366
1.84276e+06
1.65546e+06
1.23985e+06
1.5678e+06
1.51841e+06
487173
1.274e+06
1.0419e+06
1.27026e+06
536822
671392
7.44159e+07
2.67711e+07
9.09172e+07
5.64992e+07
4.27703e+07
7.62767e+07
6.77198e+07
9.83274e+07
3.81889e+08
1.17087e+08
5.97798e+07
864634
342752
2.63023e+07
1.58292e+07
2.53546e+07
1.34796e+08
1.65676e+08
1.19611e+08
1.82211e+08
1.98612e+08
1.15114e+08
1.40916e+08
1.09533e+08
1.25989e+08
1.40076e+08
1.58021e+08
1.35245e+08
1.68343e+08
1.68109e+08
4.04584e+08
1.8731e+08
2.10455e+08
2.34885e+08
2.04872e+08
1.02077e+08
1.36981e+08
1.43752e+08
9.72235e+07
2.05401e+08
2.08423e+08
2.14652e+08
1.17632e+06
3.44661e+06
819650
4.16376e+06
1.47927e+06
1.20656e+06
1.05915e+06
3.52571e+06
190633
325677
585276
1.26336e+06
466937
491429
845176
969752
420527
2.41372e+06
1.03043e+06
1.52215e+06
1.0447e+06
1.06091e+06
986705
2.04919e+06
730573
2.10049e+06
783460
1.3542e+06
1.21592e+06
1.7303e+06
1.43877e+06
3.23449e+06
1.38134e+06
1.06356e+06
1.46328e+06
1.66642e+06
2.11889e+06
3.3242e+06
335639
829921
178789
648303
376059
852250
480159
875922
143982
614524
404064
580220
905398
1.28335e+06
857141
1.88628e+06
1.07424e+06
1.18154e+06
1.02692e+06
1.21201e+06
713155
926071
879000
560694
914001
464036
738645
975229
816019
1.05785e+06
709580
1.16587e+06
606412
848294
710115
1.09867e+06
839426
838049
1.6894e+06
713931
826217
650004
1.09275e+06
441736
1.07189e+06
764968
650471
832872
600047
1.0815e+06
635302
1.17277e+06
2.49734e+06
1.94533e+06
2.19485e+06
2.42694e+06
1.14155e+06
2.55988e+06
1.86667e+06
2.70868e+06
2.28181e+06
3.27225e+06
3.19433e+06
2.8969e+06
2.9711e+06
2.57416e+06
1.75296e+06
956648
7.30716e+06
3.02062e+06
5.48821e+06
2.64742e+06
1.93166e+07
5.61023e+06
2.52233e+07
9.07497e+06
196122
226988
208215
209310
1.70279e+07
1.69849e+06
2.14681e+06
1.69741e+07
2.17612e+06
1.69712e+07
1.70209e+07
1.72138e+06

