<?xml version="1.0"?>
<VTKFile type="PolyData" version="0.1" byte_order="LittleEndian">
  <PolyData>
    <Piece NumberOfPoints="5820" NumberOfPolys="1940">
      <PointData/>
      <CellData Scalars="pressureCoeff" Vectors="U">
        <DataArray type="Float32" Name="U_0" format="ascii">
          0 0 0 0 0 0 0 0 0
          0 0 0 0 0 0 0 0 0
          0 0 0 0 0 0 0 0 0
          0 0 0 0 0 0 0 0 0
          0 0 0 0 0 0 0 0 0
          0 0 0 0 0 0 0 0 0
          0 0 0 0 0 0 0 0 0
          0 0 0 0 0 0 0 0 0
          0 0 0 0 0 0 0 0 0
          0 0 0 0 0 0 0 0 0
          0 0 0 0 0 0 0 0 0
          0 0 0 0 0 0 0 0 0
          0 0 0 0 0 0 0 0 0
          0 0 0 0 0 0 0 0 0
          0 0 0 0 0 0 0 0 0
          0 0 0 0 0 0 0 0 0
          0 0 0 0 0 0 0 0 0
          0 0 0 0 0 0 0 0 0
          0 0 0 0 0 0 0 0 0
          0 0 0 0 0 0 0 0 0
          0 0 0 0 0 0 0 0 0
          0 0 0 0 0 0 0 0 0
          0 0 0 0 0 0 0 0 0
          0 0 0 0 0 0 0 0 0
          0 0 0 0 0 0 0 0 0
          0 0 0 0 0 0 0 0 0
          0 0 0 0 0 0 0 0 0
          0 0 0 0 0 0 0 0 0
          0 0 0 0 0 0 0 0 0
          0 0 0 0 0 0 0 0 0
          0 0 0 0 0 0 0 0 0
          0 0 0 0 0 0 0 0 0
          0 0 0 0 0 0 0 0 0
          0 0 0 0 0 0 0 0 0
          0 0 0 0 0 0 0 0 0
          0 0 0 0 0 0 0 0 0
          0 0 0 0 0 0 0 0 0
          0 0 0 0 0 0 0 0 0
          0 0 0 0 0 0 0 0 0
          0 0 0 0 0 0 0 0 0
          0 0 0 0 0 0 0 0 0
          0 0 0 0 0 0 0 0 0
          0 0 0 0 0 0 0 0 0
          0 0 0 0 0 0 0 0 0
          0 0 0 0 0 0 0 0 0
          0 0 0 0 0 0 0 0 0
          0 0 0 0 0 0 0 0 0
          0 0 0 0 0 0 0 0 0
          0 0 0 0 0 0 0 0 0
          0 0 0 0 0 0 0 0 0
          0 0 0 0 0 0 0 0 0
          0 0 0 0 0 0 0 0 0
          0 0 0 0 0 0 0 0 0
          0 0 0 0 0 0 0 0 0
          0 0 0 0 0 0 0 0 0
          0 0 0 0 0 0 0 0 0
          0 0 0 0 0 0 0 0 0
          0 0 0 0 0 0 0 0 0
          0 0 0 0 0 0 0 0 0
          0 0 0 0 0 0 0 0 0
          0 0 0 0 0 0 0 0 0
          0 0 0 0 0 0 0 0 0
          0 0 0 0 0 0 0 0 0
          0 0 0 0 0 0 0 0 0
          0 0 0 0 0 0 0 0 0
          0 0 0 0 0 0 0 0 0
          0 0 0 0 0 0 0 0 0
          0 0 0 0 0 0 0 0 0
          0 0 0 0 0 0 0 0 0
          0 0 0 0 0 0 0 0 0
          0 0 0 0 0 0 0 0 0
          0 0 0 0 0 0 0 0 0
          0 0 0 0 0 0 0 0 0
          0 0 0 0 0 0 0 0 0
          0 0 0 0 0 0 0 0 0
          0 0 0 0 0 0 0 0 0
          0 0 0 0 0 0 0 0 0
          0 0 0 0 0 0 0 0 0
          0 0 0 0 0 0 0 0 0
          0 0 0 0 0 0 0 0 0
          0 0 0 0 0 0 0 0 0
          0 0 0 0 0 0 0 0 0
          0 0 0 0 0 0 0 0 0
          0 0 0 0 0 0 0 0 0
          0 0 0 0 0 0 0 0 0
          0 0 0 0 0 0 0 0 0
          0 0 0 0 0 0 0 0 0
          0 0 0 0 0 0 0 0 0
          0 0 0 0 0 0 0 0 0
          0 0 0 0 0 0 0 0 0
          0 0 0 0 0 0 0 0 0
          0 0 0 0 0 0 0 0 0
          0 0 0 0 0 0 0 0 0
          0 0 0 0 0 0 0 0 0
          0 0 0 0 0 0 0 0 0
          0 0 0 0 0 0 0 0 0
          0 0 0 0 0 0 0 0 0
          0 0 0 0 0 0 0 0 0
          0 0 0 0 0 0 0 0 0
          0 0 0 0 0 0 0 0 0
          0 0 0 0 0 0 0 0 0
          0 0 0 0 0 0 0 0 0
          0 0 0 0 0 0 0 0 0
          0 0 0 0 0 0 0 0 0
          0 0 0 0 0 0 0 0 0
          0 0 0 0 0 0 0 0 0
          0 0 0 0 0 0 0 0 0
          0 0 0 0 0 0 0 0 0
          0 0 0 0 0 0 0 0 0
          0 0 0 0 0 0 0 0 0
          0 0 0 0 0 0 0 0 0
          0 0 0 0 0 0 0 0 0
          0 0 0 0 0 0 0 0 0
          0 0 0 0 0 0 0 0 0
          0 0 0 0 0 0 0 0 0
          0 0 0 0 0 0 0 0 0
          0 0 0 0 0 0 0 0 0
          0 0 0 0 0 0 0 0 0
          0 0 0 0 0 0 0 0 0
          0 0 0 0 0 0 0 0 0
          0 0 0 0 0 0 0 0 0
          0 0 0 0 0 0 0 0 0
          0 0 0 0 0 0 0 0 0
          0 0 0 0 0 0 0 0 0
          0 0 0 0 0 0 0 0 0
          0 0 0 0 0 0 0 0 0
          0 0 0 0 0 0 0 0 0
          0 0 0 0 0 0 0 0 0
          0 0 0 0 0 0 0 0 0
          0 0 0 0 0 0 0 0 0
          0 0 0 0 0 0 0 0 0
          0 0 0 0 0 0 0 0 0
          0 0 0 0 0 0 0 0 0
          0 0 0 0 0 0 0 0 0
          0 0 0 0 0 0 0 0 0
          0 0 0 0 0 0 0 0 0
          0 0 0 0 0 0 0 0 0
          0 0 0 0 0 0 0 0 0
          0 0 0 0 0 0 0 0 0
          0 0 0 0 0 0 0 0 0
          0 0 0 0 0 0 0 0 0
          0 0 0 0 0 0 0 0 0
          0 0 0 0 0 0 0 0 0
          0 0 0 0 0 0 0 0 0
          0 0 0 0 0 0 0 0 0
          0 0 0 0 0 0 0 0 0
          0 0 0 0 0 0 0 0 0
          0 0 0 0 0 0 0 0 0
          0 0 0 0 0 0 0 0 0
          0 0 0 0 0 0 0 0 0
          0 0 0 0 0 0 0 0 0
          0 0 0 0 0 0 0 0 0
          0 0 0 0 0 0 0 0 0
          0 0 0 0 0 0 0 0 0
          0 0 0 0 0 0 0 0 0
          0 0 0 0 0 0 0 0 0
          0 0 0 0 0 0 0 0 0
          0 0 0 0 0 0 0 0 0
          0 0 0 0 0 0 0 0 0
          0 0 0 0 0 0 0 0 0
          0 0 0 0 0 0 0 0 0
          0 0 0 0 0 0 0 0 0
          0 0 0 0 0 0 0 0 0
          0 0 0 0 0 0 0 0 0
          0 0 0 0 0 0 0 0 0
          0 0 0 0 0 0 0 0 0
          0 0 0 0 0 0 0 0 0
          0 0 0 0 0 0 0 0 0
          0 0 0 0 0 0 0 0 0
          0 0 0 0 0 0 0 0 0
          0 0 0 0 0 0 0 0 0
          0 0 0 0 0 0 0 0 0
          0 0 0 0 0 0 0 0 0
          0 0 0 0 0 0 0 0 0
          0 0 0 0 0 0 0 0 0
          0 0 0 0 0 0 0 0 0
          0 0 0 0 0 0 0 0 0
          0 0 0 0 0 0 0 0 0
          0 0 0 0 0 0 0 0 0
          0 0 0 0 0 0 0 0 0
          0 0 0 0 0 0 0 0 0
          0 0 0 0 0 0 0 0 0
          0 0 0 0 0 0 0 0 0
          0 0 0 0 0 0 0 0 0
          0 0 0 0 0 0 0 0 0
          0 0 0 0 0 0 0 0 0
          0 0 0 0 0 0 0 0 0
          0 0 0 0 0 0 0 0 0
          0 0 0 0 0 0 0 0 0
          0 0 0 0 0 0 0 0 0
          0 0 0 0 0 0 0 0 0
          0 0 0 0 0 0 0 0 0
          0 0 0 0 0 0 0 0 0
          0 0 0 0 0 0 0 0 0
          0 0 0 0 0 0 0 0 0
          0 0 0 0 0 0 0 0 0
          0 0 0 0 0 0 0 0 0
          0 0 0 0 0 0 0 0 0
          0 0 0 0 0 0 0 0 0
          0 0 0 0 0 0 0 0 0
          0 0 0 0 0 0 0 0 0
          0 0 0 0 0 0 0 0 0
          0 0 0 0 0 0 0 0 0
          0 0 0 0 0 0 0 0 0
          0 0 0 0 0 0 0 0 0
          0 0 0 0 0 0 0 0 0
          0 0 0 0 0 0 0 0 0
          0 0 0 0 0 0 0 0 0
          0 0 0 0 0 0 0 0 0
          0 0 0 0 0 0 0 0 0
          0 0 0 0 0 0 0 0 0
          0 0 0 0 0 0 0 0 0
          0 0 0 0 0 0 0 0 0
          0 0 0 0 0 0 0 0 0
          0 0 0 0 0 0 0 0 0
          0 0 0 0 0
        </DataArray>
        <DataArray type="Float32" Name="Ux" format="ascii">
          0 0 0 0 0 0 0 0 0
          0 0 0 0 0 0 0 0 0
          0 0 0 0 0 0 0 0 0
          0 0 0 0 0 0 0 0 0
          0 0 0 0 0 0 0 0 0
          0 0 0 0 0 0 0 0 0
          0 0 0 0 0 0 0 0 0
          0 0 0 0 0 0 0 0 0
          0 0 0 0 0 0 0 0 0
          0 0 0 0 0 0 0 0 0
          0 0 0 0 0 0 0 0 0
          0 0 0 0 0 0 0 0 0
          0 0 0 0 0 0 0 0 0
          0 0 0 0 0 0 0 0 0
          0 0 0 0 0 0 0 0 0
          0 0 0 0 0 0 0 0 0
          0 0 0 0 0 0 0 0 0
          0 0 0 0 0 0 0 0 0
          0 0 0 0 0 0 0 0 0
          0 0 0 0 0 0 0 0 0
          0 0 0 0 0 0 0 0 0
          0 0 0 0 0 0 0 0 0
          0 0 0 0 0 0 0 0 0
          0 0 0 0 0 0 0 0 0
          0 0 0 0 0 0 0 0 0
          0 0 0 0 0 0 0 0 0
          0 0 0 0 0 0 0 0 0
          0 0 0 0 0 0 0 0 0
          0 0 0 0 0 0 0 0 0
          0 0 0 0 0 0 0 0 0
          0 0 0 0 0 0 0 0 0
          0 0 0 0 0 0 0 0 0
          0 0 0 0 0 0 0 0 0
          0 0 0 0 0 0 0 0 0
          0 0 0 0 0 0 0 0 0
          0 0 0 0 0 0 0 0 0
          0 0 0 0 0 0 0 0 0
          0 0 0 0 0 0 0 0 0
          0 0 0 0 0 0 0 0 0
          0 0 0 0 0 0 0 0 0
          0 0 0 0 0 0 0 0 0
          0 0 0 0 0 0 0 0 0
          0 0 0 0 0 0 0 0 0
          0 0 0 0 0 0 0 0 0
          0 0 0 0 0 0 0 0 0
          0 0 0 0 0 0 0 0 0
          0 0 0 0 0 0 0 0 0
          0 0 0 0 0 0 0 0 0
          0 0 0 0 0 0 0 0 0
          0 0 0 0 0 0 0 0 0
          0 0 0 0 0 0 0 0 0
          0 0 0 0 0 0 0 0 0
          0 0 0 0 0 0 0 0 0
          0 0 0 0 0 0 0 0 0
          0 0 0 0 0 0 0 0 0
          0 0 0 0 0 0 0 0 0
          0 0 0 0 0 0 0 0 0
          0 0 0 0 0 0 0 0 0
          0 0 0 0 0 0 0 0 0
          0 0 0 0 0 0 0 0 0
          0 0 0 0 0 0 0 0 0
          0 0 0 0 0 0 0 0 0
          0 0 0 0 0 0 0 0 0
          0 0 0 0 0 0 0 0 0
          0 0 0 0 0 0 0 0 0
          0 0 0 0 0 0 0 0 0
          0 0 0 0 0 0 0 0 0
          0 0 0 0 0 0 0 0 0
          0 0 0 0 0 0 0 0 0
          0 0 0 0 0 0 0 0 0
          0 0 0 0 0 0 0 0 0
          0 0 0 0 0 0 0 0 0
          0 0 0 0 0 0 0 0 0
          0 0 0 0 0 0 0 0 0
          0 0 0 0 0 0 0 0 0
          0 0 0 0 0 0 0 0 0
          0 0 0 0 0 0 0 0 0
          0 0 0 0 0 0 0 0 0
          0 0 0 0 0 0 0 0 0
          0 0 0 0 0 0 0 0 0
          0 0 0 0 0 0 0 0 0
          0 0 0 0 0 0 0 0 0
          0 0 0 0 0 0 0 0 0
          0 0 0 0 0 0 0 0 0
          0 0 0 0 0 0 0 0 0
          0 0 0 0 0 0 0 0 0
          0 0 0 0 0 0 0 0 0
          0 0 0 0 0 0 0 0 0
          0 0 0 0 0 0 0 0 0
          0 0 0 0 0 0 0 0 0
          0 0 0 0 0 0 0 0 0
          0 0 0 0 0 0 0 0 0
          0 0 0 0 0 0 0 0 0
          0 0 0 0 0 0 0 0 0
          0 0 0 0 0 0 0 0 0
          0 0 0 0 0 0 0 0 0
          0 0 0 0 0 0 0 0 0
          0 0 0 0 0 0 0 0 0
          0 0 0 0 0 0 0 0 0
          0 0 0 0 0 0 0 0 0
          0 0 0 0 0 0 0 0 0
          0 0 0 0 0 0 0 0 0
          0 0 0 0 0 0 0 0 0
          0 0 0 0 0 0 0 0 0
          0 0 0 0 0 0 0 0 0
          0 0 0 0 0 0 0 0 0
          0 0 0 0 0 0 0 0 0
          0 0 0 0 0 0 0 0 0
          0 0 0 0 0 0 0 0 0
          0 0 0 0 0 0 0 0 0
          0 0 0 0 0 0 0 0 0
          0 0 0 0 0 0 0 0 0
          0 0 0 0 0 0 0 0 0
          0 0 0 0 0 0 0 0 0
          0 0 0 0 0 0 0 0 0
          0 0 0 0 0 0 0 0 0
          0 0 0 0 0 0 0 0 0
          0 0 0 0 0 0 0 0 0
          0 0 0 0 0 0 0 0 0
          0 0 0 0 0 0 0 0 0
          0 0 0 0 0 0 0 0 0
          0 0 0 0 0 0 0 0 0
          0 0 0 0 0 0 0 0 0
          0 0 0 0 0 0 0 0 0
          0 0 0 0 0 0 0 0 0
          0 0 0 0 0 0 0 0 0
          0 0 0 0 0 0 0 0 0
          0 0 0 0 0 0 0 0 0
          0 0 0 0 0 0 0 0 0
          0 0 0 0 0 0 0 0 0
          0 0 0 0 0 0 0 0 0
          0 0 0 0 0 0 0 0 0
          0 0 0 0 0 0 0 0 0
          0 0 0 0 0 0 0 0 0
          0 0 0 0 0 0 0 0 0
          0 0 0 0 0 0 0 0 0
          0 0 0 0 0 0 0 0 0
          0 0 0 0 0 0 0 0 0
          0 0 0 0 0 0 0 0 0
          0 0 0 0 0 0 0 0 0
          0 0 0 0 0 0 0 0 0
          0 0 0 0 0 0 0 0 0
          0 0 0 0 0 0 0 0 0
          0 0 0 0 0 0 0 0 0
          0 0 0 0 0 0 0 0 0
          0 0 0 0 0 0 0 0 0
          0 0 0 0 0 0 0 0 0
          0 0 0 0 0 0 0 0 0
          0 0 0 0 0 0 0 0 0
          0 0 0 0 0 0 0 0 0
          0 0 0 0 0 0 0 0 0
          0 0 0 0 0 0 0 0 0
          0 0 0 0 0 0 0 0 0
          0 0 0 0 0 0 0 0 0
          0 0 0 0 0 0 0 0 0
          0 0 0 0 0 0 0 0 0
          0 0 0 0 0 0 0 0 0
          0 0 0 0 0 0 0 0 0
          0 0 0 0 0 0 0 0 0
          0 0 0 0 0 0 0 0 0
          0 0 0 0 0 0 0 0 0
          0 0 0 0 0 0 0 0 0
          0 0 0 0 0 0 0 0 0
          0 0 0 0 0 0 0 0 0
          0 0 0 0 0 0 0 0 0
          0 0 0 0 0 0 0 0 0
          0 0 0 0 0 0 0 0 0
          0 0 0 0 0 0 0 0 0
          0 0 0 0 0 0 0 0 0
          0 0 0 0 0 0 0 0 0
          0 0 0 0 0 0 0 0 0
          0 0 0 0 0 0 0 0 0
          0 0 0 0 0 0 0 0 0
          0 0 0 0 0 0 0 0 0
          0 0 0 0 0 0 0 0 0
          0 0 0 0 0 0 0 0 0
          0 0 0 0 0 0 0 0 0
          0 0 0 0 0 0 0 0 0
          0 0 0 0 0 0 0 0 0
          0 0 0 0 0 0 0 0 0
          0 0 0 0 0 0 0 0 0
          0 0 0 0 0 0 0 0 0
          0 0 0 0 0 0 0 0 0
          0 0 0 0 0 0 0 0 0
          0 0 0 0 0 0 0 0 0
          0 0 0 0 0 0 0 0 0
          0 0 0 0 0 0 0 0 0
          0 0 0 0 0 0 0 0 0
          0 0 0 0 0 0 0 0 0
          0 0 0 0 0 0 0 0 0
          0 0 0 0 0 0 0 0 0
          0 0 0 0 0 0 0 0 0
          0 0 0 0 0 0 0 0 0
          0 0 0 0 0 0 0 0 0
          0 0 0 0 0 0 0 0 0
          0 0 0 0 0 0 0 0 0
          0 0 0 0 0 0 0 0 0
          0 0 0 0 0 0 0 0 0
          0 0 0 0 0 0 0 0 0
          0 0 0 0 0 0 0 0 0
          0 0 0 0 0 0 0 0 0
          0 0 0 0 0 0 0 0 0
          0 0 0 0 0 0 0 0 0
          0 0 0 0 0 0 0 0 0
          0 0 0 0 0 0 0 0 0
          0 0 0 0 0 0 0 0 0
          0 0 0 0 0 0 0 0 0
          0 0 0 0 0 0 0 0 0
          0 0 0 0 0 0 0 0 0
          0 0 0 0 0 0 0 0 0
          0 0 0 0 0 0 0 0 0
          0 0 0 0 0 0 0 0 0
          0 0 0 0 0 0 0 0 0
          0 0 0 0 0 0 0 0 0
          0 0 0 0 0 0 0 0 0
          0 0 0 0 0
        </DataArray>
        <DataArray type="Float32" Name="U_1" format="ascii">
          0 0 0 0 0 0 0 0 0
          0 0 0 0 0 0 0 0 0
          0 0 0 0 0 0 0 0 0
          0 0 0 0 0 0 0 0 0
          0 0 0 0 0 0 0 0 0
          0 0 0 0 0 0 0 0 0
          0 0 0 0 0 0 0 0 0
          0 0 0 0 0 0 0 0 0
          0 0 0 0 0 0 0 0 0
          0 0 0 0 0 0 0 0 0
          0 0 0 0 0 0 0 0 0
          0 0 0 0 0 0 0 0 0
          0 0 0 0 0 0 0 0 0
          0 0 0 0 0 0 0 0 0
          0 0 0 0 0 0 0 0 0
          0 0 0 0 0 0 0 0 0
          0 0 0 0 0 0 0 0 0
          0 0 0 0 0 0 0 0 0
          0 0 0 0 0 0 0 0 0
          0 0 0 0 0 0 0 0 0
          0 0 0 0 0 0 0 0 0
          0 0 0 0 0 0 0 0 0
          0 0 0 0 0 0 0 0 0
          0 0 0 0 0 0 0 0 0
          0 0 0 0 0 0 0 0 0
          0 0 0 0 0 0 0 0 0
          0 0 0 0 0 0 0 0 0
          0 0 0 0 0 0 0 0 0
          0 0 0 0 0 0 0 0 0
          0 0 0 0 0 0 0 0 0
          0 0 0 0 0 0 0 0 0
          0 0 0 0 0 0 0 0 0
          0 0 0 0 0 0 0 0 0
          0 0 0 0 0 0 0 0 0
          0 0 0 0 0 0 0 0 0
          0 0 0 0 0 0 0 0 0
          0 0 0 0 0 0 0 0 0
          0 0 0 0 0 0 0 0 0
          0 0 0 0 0 0 0 0 0
          0 0 0 0 0 0 0 0 0
          0 0 0 0 0 0 0 0 0
          0 0 0 0 0 0 0 0 0
          0 0 0 0 0 0 0 0 0
          0 0 0 0 0 0 0 0 0
          0 0 0 0 0 0 0 0 0
          0 0 0 0 0 0 0 0 0
          0 0 0 0 0 0 0 0 0
          0 0 0 0 0 0 0 0 0
          0 0 0 0 0 0 0 0 0
          0 0 0 0 0 0 0 0 0
          0 0 0 0 0 0 0 0 0
          0 0 0 0 0 0 0 0 0
          0 0 0 0 0 0 0 0 0
          0 0 0 0 0 0 0 0 0
          0 0 0 0 0 0 0 0 0
          0 0 0 0 0 0 0 0 0
          0 0 0 0 0 0 0 0 0
          0 0 0 0 0 0 0 0 0
          0 0 0 0 0 0 0 0 0
          0 0 0 0 0 0 0 0 0
          0 0 0 0 0 0 0 0 0
          0 0 0 0 0 0 0 0 0
          0 0 0 0 0 0 0 0 0
          0 0 0 0 0 0 0 0 0
          0 0 0 0 0 0 0 0 0
          0 0 0 0 0 0 0 0 0
          0 0 0 0 0 0 0 0 0
          0 0 0 0 0 0 0 0 0
          0 0 0 0 0 0 0 0 0
          0 0 0 0 0 0 0 0 0
          0 0 0 0 0 0 0 0 0
          0 0 0 0 0 0 0 0 0
          0 0 0 0 0 0 0 0 0
          0 0 0 0 0 0 0 0 0
          0 0 0 0 0 0 0 0 0
          0 0 0 0 0 0 0 0 0
          0 0 0 0 0 0 0 0 0
          0 0 0 0 0 0 0 0 0
          0 0 0 0 0 0 0 0 0
          0 0 0 0 0 0 0 0 0
          0 0 0 0 0 0 0 0 0
          0 0 0 0 0 0 0 0 0
          0 0 0 0 0 0 0 0 0
          0 0 0 0 0 0 0 0 0
          0 0 0 0 0 0 0 0 0
          0 0 0 0 0 0 0 0 0
          0 0 0 0 0 0 0 0 0
          0 0 0 0 0 0 0 0 0
          0 0 0 0 0 0 0 0 0
          0 0 0 0 0 0 0 0 0
          0 0 0 0 0 0 0 0 0
          0 0 0 0 0 0 0 0 0
          0 0 0 0 0 0 0 0 0
          0 0 0 0 0 0 0 0 0
          0 0 0 0 0 0 0 0 0
          0 0 0 0 0 0 0 0 0
          0 0 0 0 0 0 0 0 0
          0 0 0 0 0 0 0 0 0
          0 0 0 0 0 0 0 0 0
          0 0 0 0 0 0 0 0 0
          0 0 0 0 0 0 0 0 0
          0 0 0 0 0 0 0 0 0
          0 0 0 0 0 0 0 0 0
          0 0 0 0 0 0 0 0 0
          0 0 0 0 0 0 0 0 0
          0 0 0 0 0 0 0 0 0
          0 0 0 0 0 0 0 0 0
          0 0 0 0 0 0 0 0 0
          0 0 0 0 0 0 0 0 0
          0 0 0 0 0 0 0 0 0
          0 0 0 0 0 0 0 0 0
          0 0 0 0 0 0 0 0 0
          0 0 0 0 0 0 0 0 0
          0 0 0 0 0 0 0 0 0
          0 0 0 0 0 0 0 0 0
          0 0 0 0 0 0 0 0 0
          0 0 0 0 0 0 0 0 0
          0 0 0 0 0 0 0 0 0
          0 0 0 0 0 0 0 0 0
          0 0 0 0 0 0 0 0 0
          0 0 0 0 0 0 0 0 0
          0 0 0 0 0 0 0 0 0
          0 0 0 0 0 0 0 0 0
          0 0 0 0 0 0 0 0 0
          0 0 0 0 0 0 0 0 0
          0 0 0 0 0 0 0 0 0
          0 0 0 0 0 0 0 0 0
          0 0 0 0 0 0 0 0 0
          0 0 0 0 0 0 0 0 0
          0 0 0 0 0 0 0 0 0
          0 0 0 0 0 0 0 0 0
          0 0 0 0 0 0 0 0 0
          0 0 0 0 0 0 0 0 0
          0 0 0 0 0 0 0 0 0
          0 0 0 0 0 0 0 0 0
          0 0 0 0 0 0 0 0 0
          0 0 0 0 0 0 0 0 0
          0 0 0 0 0 0 0 0 0
          0 0 0 0 0 0 0 0 0
          0 0 0 0 0 0 0 0 0
          0 0 0 0 0 0 0 0 0
          0 0 0 0 0 0 0 0 0
          0 0 0 0 0 0 0 0 0
          0 0 0 0 0 0 0 0 0
          0 0 0 0 0 0 0 0 0
          0 0 0 0 0 0 0 0 0
          0 0 0 0 0 0 0 0 0
          0 0 0 0 0 0 0 0 0
          0 0 0 0 0 0 0 0 0
          0 0 0 0 0 0 0 0 0
          0 0 0 0 0 0 0 0 0
          0 0 0 0 0 0 0 0 0
          0 0 0 0 0 0 0 0 0
          0 0 0 0 0 0 0 0 0
          0 0 0 0 0 0 0 0 0
          0 0 0 0 0 0 0 0 0
          0 0 0 0 0 0 0 0 0
          0 0 0 0 0 0 0 0 0
          0 0 0 0 0 0 0 0 0
          0 0 0 0 0 0 0 0 0
          0 0 0 0 0 0 0 0 0
          0 0 0 0 0 0 0 0 0
          0 0 0 0 0 0 0 0 0
          0 0 0 0 0 0 0 0 0
          0 0 0 0 0 0 0 0 0
          0 0 0 0 0 0 0 0 0
          0 0 0 0 0 0 0 0 0
          0 0 0 0 0 0 0 0 0
          0 0 0 0 0 0 0 0 0
          0 0 0 0 0 0 0 0 0
          0 0 0 0 0 0 0 0 0
          0 0 0 0 0 0 0 0 0
          0 0 0 0 0 0 0 0 0
          0 0 0 0 0 0 0 0 0
          0 0 0 0 0 0 0 0 0
          0 0 0 0 0 0 0 0 0
          0 0 0 0 0 0 0 0 0
          0 0 0 0 0 0 0 0 0
          0 0 0 0 0 0 0 0 0
          0 0 0 0 0 0 0 0 0
          0 0 0 0 0 0 0 0 0
          0 0 0 0 0 0 0 0 0
          0 0 0 0 0 0 0 0 0
          0 0 0 0 0 0 0 0 0
          0 0 0 0 0 0 0 0 0
          0 0 0 0 0 0 0 0 0
          0 0 0 0 0 0 0 0 0
          0 0 0 0 0 0 0 0 0
          0 0 0 0 0 0 0 0 0
          0 0 0 0 0 0 0 0 0
          0 0 0 0 0 0 0 0 0
          0 0 0 0 0 0 0 0 0
          0 0 0 0 0 0 0 0 0
          0 0 0 0 0 0 0 0 0
          0 0 0 0 0 0 0 0 0
          0 0 0 0 0 0 0 0 0
          0 0 0 0 0 0 0 0 0
          0 0 0 0 0 0 0 0 0
          0 0 0 0 0 0 0 0 0
          0 0 0 0 0 0 0 0 0
          0 0 0 0 0 0 0 0 0
          0 0 0 0 0 0 0 0 0
          0 0 0 0 0 0 0 0 0
          0 0 0 0 0 0 0 0 0
          0 0 0 0 0 0 0 0 0
          0 0 0 0 0 0 0 0 0
          0 0 0 0 0 0 0 0 0
          0 0 0 0 0 0 0 0 0
          0 0 0 0 0 0 0 0 0
          0 0 0 0 0 0 0 0 0
          0 0 0 0 0 0 0 0 0
          0 0 0 0 0 0 0 0 0
          0 0 0 0 0 0 0 0 0
          0 0 0 0 0 0 0 0 0
          0 0 0 0 0 0 0 0 0
          0 0 0 0 0
        </DataArray>
        <DataArray type="Float32" Name="U_2" format="ascii">
          0 0 0 0 0 0 0 0 0
          0 0 0 0 0 0 0 0 0
          0 0 0 0 0 0 0 0 0
          0 0 0 0 0 0 0 0 0
          0 0 0 0 0 0 0 0 0
          0 0 0 0 0 0 0 0 0
          0 0 0 0 0 0 0 0 0
          0 0 0 0 0 0 0 0 0
          0 0 0 0 0 0 0 0 0
          0 0 0 0 0 0 0 0 0
          0 0 0 0 0 0 0 0 0
          0 0 0 0 0 0 0 0 0
          0 0 0 0 0 0 0 0 0
          0 0 0 0 0 0 0 0 0
          0 0 0 0 0 0 0 0 0
          0 0 0 0 0 0 0 0 0
          0 0 0 0 0 0 0 0 0
          0 0 0 0 0 0 0 0 0
          0 0 0 0 0 0 0 0 0
          0 0 0 0 0 0 0 0 0
          0 0 0 0 0 0 0 0 0
          0 0 0 0 0 0 0 0 0
          0 0 0 0 0 0 0 0 0
          0 0 0 0 0 0 0 0 0
          0 0 0 0 0 0 0 0 0
          0 0 0 0 0 0 0 0 0
          0 0 0 0 0 0 0 0 0
          0 0 0 0 0 0 0 0 0
          0 0 0 0 0 0 0 0 0
          0 0 0 0 0 0 0 0 0
          0 0 0 0 0 0 0 0 0
          0 0 0 0 0 0 0 0 0
          0 0 0 0 0 0 0 0 0
          0 0 0 0 0 0 0 0 0
          0 0 0 0 0 0 0 0 0
          0 0 0 0 0 0 0 0 0
          0 0 0 0 0 0 0 0 0
          0 0 0 0 0 0 0 0 0
          0 0 0 0 0 0 0 0 0
          0 0 0 0 0 0 0 0 0
          0 0 0 0 0 0 0 0 0
          0 0 0 0 0 0 0 0 0
          0 0 0 0 0 0 0 0 0
          0 0 0 0 0 0 0 0 0
          0 0 0 0 0 0 0 0 0
          0 0 0 0 0 0 0 0 0
          0 0 0 0 0 0 0 0 0
          0 0 0 0 0 0 0 0 0
          0 0 0 0 0 0 0 0 0
          0 0 0 0 0 0 0 0 0
          0 0 0 0 0 0 0 0 0
          0 0 0 0 0 0 0 0 0
          0 0 0 0 0 0 0 0 0
          0 0 0 0 0 0 0 0 0
          0 0 0 0 0 0 0 0 0
          0 0 0 0 0 0 0 0 0
          0 0 0 0 0 0 0 0 0
          0 0 0 0 0 0 0 0 0
          0 0 0 0 0 0 0 0 0
          0 0 0 0 0 0 0 0 0
          0 0 0 0 0 0 0 0 0
          0 0 0 0 0 0 0 0 0
          0 0 0 0 0 0 0 0 0
          0 0 0 0 0 0 0 0 0
          0 0 0 0 0 0 0 0 0
          0 0 0 0 0 0 0 0 0
          0 0 0 0 0 0 0 0 0
          0 0 0 0 0 0 0 0 0
          0 0 0 0 0 0 0 0 0
          0 0 0 0 0 0 0 0 0
          0 0 0 0 0 0 0 0 0
          0 0 0 0 0 0 0 0 0
          0 0 0 0 0 0 0 0 0
          0 0 0 0 0 0 0 0 0
          0 0 0 0 0 0 0 0 0
          0 0 0 0 0 0 0 0 0
          0 0 0 0 0 0 0 0 0
          0 0 0 0 0 0 0 0 0
          0 0 0 0 0 0 0 0 0
          0 0 0 0 0 0 0 0 0
          0 0 0 0 0 0 0 0 0
          0 0 0 0 0 0 0 0 0
          0 0 0 0 0 0 0 0 0
          0 0 0 0 0 0 0 0 0
          0 0 0 0 0 0 0 0 0
          0 0 0 0 0 0 0 0 0
          0 0 0 0 0 0 0 0 0
          0 0 0 0 0 0 0 0 0
          0 0 0 0 0 0 0 0 0
          0 0 0 0 0 0 0 0 0
          0 0 0 0 0 0 0 0 0
          0 0 0 0 0 0 0 0 0
          0 0 0 0 0 0 0 0 0
          0 0 0 0 0 0 0 0 0
          0 0 0 0 0 0 0 0 0
          0 0 0 0 0 0 0 0 0
          0 0 0 0 0 0 0 0 0
          0 0 0 0 0 0 0 0 0
          0 0 0 0 0 0 0 0 0
          0 0 0 0 0 0 0 0 0
          0 0 0 0 0 0 0 0 0
          0 0 0 0 0 0 0 0 0
          0 0 0 0 0 0 0 0 0
          0 0 0 0 0 0 0 0 0
          0 0 0 0 0 0 0 0 0
          0 0 0 0 0 0 0 0 0
          0 0 0 0 0 0 0 0 0
          0 0 0 0 0 0 0 0 0
          0 0 0 0 0 0 0 0 0
          0 0 0 0 0 0 0 0 0
          0 0 0 0 0 0 0 0 0
          0 0 0 0 0 0 0 0 0
          0 0 0 0 0 0 0 0 0
          0 0 0 0 0 0 0 0 0
          0 0 0 0 0 0 0 0 0
          0 0 0 0 0 0 0 0 0
          0 0 0 0 0 0 0 0 0
          0 0 0 0 0 0 0 0 0
          0 0 0 0 0 0 0 0 0
          0 0 0 0 0 0 0 0 0
          0 0 0 0 0 0 0 0 0
          0 0 0 0 0 0 0 0 0
          0 0 0 0 0 0 0 0 0
          0 0 0 0 0 0 0 0 0
          0 0 0 0 0 0 0 0 0
          0 0 0 0 0 0 0 0 0
          0 0 0 0 0 0 0 0 0
          0 0 0 0 0 0 0 0 0
          0 0 0 0 0 0 0 0 0
          0 0 0 0 0 0 0 0 0
          0 0 0 0 0 0 0 0 0
          0 0 0 0 0 0 0 0 0
          0 0 0 0 0 0 0 0 0
          0 0 0 0 0 0 0 0 0
          0 0 0 0 0 0 0 0 0
          0 0 0 0 0 0 0 0 0
          0 0 0 0 0 0 0 0 0
          0 0 0 0 0 0 0 0 0
          0 0 0 0 0 0 0 0 0
          0 0 0 0 0 0 0 0 0
          0 0 0 0 0 0 0 0 0
          0 0 0 0 0 0 0 0 0
          0 0 0 0 0 0 0 0 0
          0 0 0 0 0 0 0 0 0
          0 0 0 0 0 0 0 0 0
          0 0 0 0 0 0 0 0 0
          0 0 0 0 0 0 0 0 0
          0 0 0 0 0 0 0 0 0
          0 0 0 0 0 0 0 0 0
          0 0 0 0 0 0 0 0 0
          0 0 0 0 0 0 0 0 0
          0 0 0 0 0 0 0 0 0
          0 0 0 0 0 0 0 0 0
          0 0 0 0 0 0 0 0 0
          0 0 0 0 0 0 0 0 0
          0 0 0 0 0 0 0 0 0
          0 0 0 0 0 0 0 0 0
          0 0 0 0 0 0 0 0 0
          0 0 0 0 0 0 0 0 0
          0 0 0 0 0 0 0 0 0
          0 0 0 0 0 0 0 0 0
          0 0 0 0 0 0 0 0 0
          0 0 0 0 0 0 0 0 0
          0 0 0 0 0 0 0 0 0
          0 0 0 0 0 0 0 0 0
          0 0 0 0 0 0 0 0 0
          0 0 0 0 0 0 0 0 0
          0 0 0 0 0 0 0 0 0
          0 0 0 0 0 0 0 0 0
          0 0 0 0 0 0 0 0 0
          0 0 0 0 0 0 0 0 0
          0 0 0 0 0 0 0 0 0
          0 0 0 0 0 0 0 0 0
          0 0 0 0 0 0 0 0 0
          0 0 0 0 0 0 0 0 0
          0 0 0 0 0 0 0 0 0
          0 0 0 0 0 0 0 0 0
          0 0 0 0 0 0 0 0 0
          0 0 0 0 0 0 0 0 0
          0 0 0 0 0 0 0 0 0
          0 0 0 0 0 0 0 0 0
          0 0 0 0 0 0 0 0 0
          0 0 0 0 0 0 0 0 0
          0 0 0 0 0 0 0 0 0
          0 0 0 0 0 0 0 0 0
          0 0 0 0 0 0 0 0 0
          0 0 0 0 0 0 0 0 0
          0 0 0 0 0 0 0 0 0
          0 0 0 0 0 0 0 0 0
          0 0 0 0 0 0 0 0 0
          0 0 0 0 0 0 0 0 0
          0 0 0 0 0 0 0 0 0
          0 0 0 0 0 0 0 0 0
          0 0 0 0 0 0 0 0 0
          0 0 0 0 0 0 0 0 0
          0 0 0 0 0 0 0 0 0
          0 0 0 0 0 0 0 0 0
          0 0 0 0 0 0 0 0 0
          0 0 0 0 0 0 0 0 0
          0 0 0 0 0 0 0 0 0
          0 0 0 0 0 0 0 0 0
          0 0 0 0 0 0 0 0 0
          0 0 0 0 0 0 0 0 0
          0 0 0 0 0 0 0 0 0
          0 0 0 0 0 0 0 0 0
          0 0 0 0 0 0 0 0 0
          0 0 0 0 0 0 0 0 0
          0 0 0 0 0 0 0 0 0
          0 0 0 0 0 0 0 0 0
          0 0 0 0 0 0 0 0 0
          0 0 0 0 0 0 0 0 0
          0 0 0 0 0 0 0 0 0
          0 0 0 0 0 0 0 0 0
          0 0 0 0 0 0 0 0 0
          0 0 0 0 0 0 0 0 0
          0 0 0 0 0
        </DataArray>
        <DataArray type="Float32" Name="k" format="ascii">
          5.2009e-13 5.26589667e-13 5.26643667e-13 5.20883e-13 5.18722667e-13 5.18134333e-13 5.19455667e-13 5.20672333e-13 5.26852e-13
          5.20389667e-13 5.2711e-13 5.20805e-13 5.18762333e-13 5.19899333e-13 5.20117333e-13 5.19097667e-13 5.19746667e-13 5.22820667e-13
          5.27146667e-13 5.25674667e-13 5.22869e-13 5.20254333e-13 5.25468333e-13 5.26840333e-13 5.63220333e-13 5.63229e-13 5.57989e-13
          5.5799e-13 5.57868e-13 5.57342e-13 5.57343e-13 5.57859333e-13 5.48749667e-13 5.52442e-13 5.23807333e-13 5.24530667e-13
          5.27745e-13 5.36231e-13 5.46831667e-13 5.39543667e-13 5.53022333e-13 5.49264e-13 5.26101e-13 5.24904e-13 5.36745333e-13
          5.29018e-13 5.4007e-13 5.47414667e-13 5.63587e-13 5.63653e-13 5.58027667e-13 5.58028333e-13 5.57372e-13 5.57976667e-13
          5.58045333e-13 5.57374e-13 5.19190333e-13 5.17791e-13 5.21243333e-13 5.22404667e-13 5.18827e-13 5.20646333e-13 5.23563333e-13
          5.21643333e-13 5.53279667e-13 5.49931333e-13 5.26948667e-13 5.24550667e-13 5.40287e-13 5.47611e-13 5.38466e-13 5.31274667e-13
          5.63721e-13 5.63693333e-13 5.58040333e-13 5.5804e-13 5.58024667e-13 5.57384e-13 5.57393e-13 5.58061667e-13 5.49896667e-13
          5.53274667e-13 5.25097e-13 5.27089333e-13 5.47584e-13 5.40263e-13 5.31060667e-13 5.38349333e-13 5.63726333e-13 5.6376e-13
          5.58043e-13 5.58041667e-13 5.57388e-13 5.58035667e-13 5.58076e-13 5.57396e-13 5.93986667e-13 5.90181667e-13 5.89498333e-13
          5.83662333e-13 5.88681e-13 5.83004e-13 5.52758e-13 5.65992e-13 5.53037e-13 5.66431667e-13 5.52076667e-13 5.6567e-13
          5.51851e-13 5.65223333e-13 5.84134e-13 5.89108333e-13 5.94383333e-13 5.91219e-13 5.88888333e-13 5.83693e-13 5.53018e-13
          5.66366667e-13 5.52761333e-13 5.65887333e-13 5.83788e-13 5.8621e-13 5.90410667e-13 5.89638e-13 5.85936333e-13 5.83291667e-13
          5.51993667e-13 5.65192667e-13 5.52241667e-13 5.65599667e-13 5.90766e-13 5.84456e-13 5.90002333e-13 5.83853e-13 5.95175333e-13
          5.90675333e-13 5.3129e-13 5.31448e-13 5.18384333e-13 5.19731333e-13 5.19636667e-13 5.18366667e-13 5.25977333e-13 5.29513667e-13
          5.30115e-13 5.26613333e-13 5.22371667e-13 5.21457667e-13 5.21413667e-13 5.22271333e-13 5.31709e-13 5.31569667e-13 5.29748e-13
          5.26094667e-13 5.26791e-13 5.30334333e-13 5.28751667e-13 5.34456333e-13 5.2928e-13 5.34735333e-13 5.49985667e-13 5.53361667e-13
          5.24836333e-13 5.27144e-13 5.31346333e-13 5.38520333e-13 5.47702333e-13 5.40368667e-13 5.21976667e-13 5.21986333e-13 5.22945333e-13
          5.20011667e-13 5.25282e-13 5.26385e-13 5.25658333e-13 5.27147667e-13 5.26365333e-13 5.25251667e-13 5.33284333e-13 5.27939e-13
          5.27712333e-13 5.33058667e-13 5.53403e-13 5.49991333e-13 5.27180333e-13 5.24834333e-13 5.38444e-13 5.31319667e-13 5.40374667e-13
          5.47719e-13 5.27983e-13 5.27902333e-13 5.20074e-13 5.23013333e-13 5.29107667e-13 5.26527e-13 5.27152667e-13 5.25616333e-13
          5.26436333e-13 5.29155333e-13 5.29016e-13 5.34517333e-13 5.28701667e-13 5.34260667e-13 5.52103333e-13 5.47656667e-13 5.47637333e-13
          5.52075333e-13 5.2474e-13 5.24019e-13 5.23993333e-13 5.2467e-13 5.39551333e-13 5.46742333e-13 5.46714333e-13 5.39533667e-13
          5.34927667e-13 5.27380333e-13 5.27304667e-13 5.34908333e-13 5.28438e-13 5.33957667e-13 5.34205667e-13 5.28878667e-13 5.25789e-13
          5.30686667e-13 5.29404333e-13 5.33737667e-13 5.25477667e-13 5.29995667e-13 5.37269667e-13 5.34471333e-13 5.38312e-13 5.36529e-13
          5.36061e-13 5.37896667e-13 5.30848333e-13 5.25830333e-13 5.33571667e-13 5.29349667e-13 5.3068e-13 5.25778e-13 5.35157333e-13
          5.38209667e-13 5.36339e-13 5.38138333e-13 5.39481333e-13 5.37211667e-13 5.29405667e-13 5.2695e-13 5.27896e-13 5.30375333e-13
          5.30826333e-13 5.27693333e-13 5.30997333e-13 5.27918e-13 5.28089e-13 5.30925333e-13 5.30979e-13 5.27905e-13 5.27100667e-13
          5.2952e-13 5.29505e-13 5.27064e-13 5.32563667e-13 5.29405667e-13 5.30375333e-13 5.33234e-13 5.19170667e-13 5.19521e-13
          5.20569667e-13 5.21887e-13 5.33307e-13 5.30826333e-13 5.33442e-13 5.30997333e-13 5.30925333e-13 5.33427e-13 5.33442667e-13
          5.30979e-13 5.2952e-13 5.32624667e-13 5.32601667e-13 5.29505e-13 5.25349667e-13 5.28056667e-13 5.63072667e-13 5.65174e-13
          5.2806e-13 5.30915e-13 5.29603333e-13 5.30951667e-13 5.25687e-13 5.28271e-13 5.65566e-13 5.64173667e-13 5.25011333e-13
          5.26479e-13 5.34164667e-13 5.19966333e-13 5.13388e-13 5.10549667e-13 5.10569e-13 5.60586e-13 5.42492e-13 5.21152667e-13
          5.26049e-13 5.22992667e-13 5.28449e-13 5.25253333e-13 5.28342667e-13 5.31395e-13 5.60609333e-13 5.43635333e-13 5.45005e-13
          5.29489333e-13 5.31498333e-13 5.26202667e-13 5.23929667e-13 5.27862333e-13 5.24586e-13 5.19224667e-13 5.12121667e-13 5.16647333e-13
          5.17442667e-13 5.25090667e-13 5.27781667e-13 5.60344e-13 5.42364667e-13 5.21087667e-13 5.25575333e-13 5.26883333e-13 5.34571667e-13
          5.32744e-13 5.33920667e-13 5.23500333e-13 5.26938e-13 5.2083e-13 5.14844667e-13 5.14491333e-13 5.20515e-13 5.14837e-13
          5.20789e-13 5.20514e-13 5.14512333e-13 5.33642667e-13 5.36168667e-13 5.34091333e-13 5.31945667e-13 5.34005667e-13 5.3213e-13
          5.32192e-13 5.28104667e-13 5.37056e-13 5.36535e-13 5.42178667e-13 5.24765333e-13 5.24725333e-13 5.42211667e-13 5.32918667e-13
          5.29121333e-13 5.29416333e-13 5.34080333e-13 5.36180333e-13 5.26688333e-13 5.24103e-13 5.23338e-13 5.26468e-13 5.27701333e-13
          5.25342667e-13 5.24439e-13 5.27698333e-13 5.31890333e-13 5.34597667e-13 5.35190333e-13 5.25115e-13 5.26472e-13 5.25423333e-13
          5.24973e-13 5.34159333e-13 5.30759667e-13 5.30444667e-13 5.33773e-13 5.31669e-13 5.33711e-13 5.24412e-13 5.41699333e-13
          5.42093e-13 5.24430333e-13 5.33012667e-13 5.29804333e-13 5.25763e-13 5.24969333e-13 5.27216e-13 5.28022333e-13 5.33620667e-13
          5.31553e-13 5.30711667e-13 5.34117667e-13 5.33788e-13 5.30436667e-13 5.44864333e-13 5.44696333e-13 5.35491e-13 5.36400333e-13
          5.25881333e-13 5.27276333e-13 5.21591667e-13 5.29126667e-13 5.34244e-13 5.33899667e-13 5.16234667e-13 5.20427333e-13 5.23355e-13
          5.31729333e-13 5.28303333e-13 5.17904667e-13 5.52522e-13 5.71327667e-13 5.17462667e-13 5.20063e-13 5.19599333e-13 5.26210667e-13
          5.23667333e-13 5.34604e-13 5.46309e-13 5.29924e-13 5.2212e-13 5.23239e-13 5.21333e-13 5.21317e-13 5.31612e-13
          5.28206667e-13 5.24564e-13 5.04745333e-13 5.02848333e-13 5.17059333e-13 5.08059333e-13 5.17007e-13 5.08060333e-13 5.39645667e-13
          5.45017333e-13 5.69579333e-13 5.51009667e-13 5.47610333e-13 5.3573e-13 5.45018667e-13 5.39626333e-13 5.40836333e-13 5.46441333e-13
          5.46287333e-13 5.40553333e-13 5.27141e-13 5.23297e-13 5.24016e-13 5.28351667e-13 5.18318e-13 5.09359333e-13 5.14663e-13
          5.10006667e-13 5.06965333e-13 5.04565667e-13 5.33647e-13 5.30905667e-13 5.26520333e-13 5.24386667e-13 5.28531333e-13 5.26377e-13
          5.23408667e-13 5.21507667e-13 5.21366333e-13 5.31677333e-13 5.62049e-13 5.42808333e-13 5.10232333e-13 5.24440333e-13 5.40343333e-13
          5.40303333e-13 5.37799667e-13 5.37764e-13 5.63107667e-13 5.39614e-13 5.31594667e-13 5.32845667e-13 5.12631e-13 5.13937e-13
          5.19769333e-13 5.20418667e-13 5.17462667e-13 5.29054667e-13 5.25106667e-13 5.20136e-13 5.23904333e-13 5.31402e-13 5.27736e-13
          5.28350667e-13 5.26321667e-13 5.20838e-13 5.42888e-13 5.61943e-13 5.30209e-13 5.27024667e-13 5.31537333e-13 5.212e-13
          5.21384667e-13 5.23273333e-13 5.19915667e-13 5.23680333e-13 5.1373e-13 5.18231667e-13 5.30903e-13 5.33062333e-13 5.29635333e-13
          5.32788e-13 5.27139e-13 5.27634667e-13 5.36028333e-13 5.28641333e-13 5.27019e-13 5.37704667e-13 5.37764333e-13 5.40019667e-13
          5.25937667e-13 5.25926667e-13 5.39962333e-13 5.43118667e-13 5.6281e-13 5.27428e-13 5.31151333e-13 5.29833667e-13 5.26799333e-13
          5.32844667e-13 5.30409e-13 5.3281e-13 5.29643e-13 5.09205333e-13 5.16255e-13 5.23598667e-13 5.17311333e-13 5.27591e-13
          5.2765e-13 5.26982e-13 5.28560333e-13 5.35975333e-13 5.23212e-13 5.27056667e-13 5.27050333e-13 5.23218333e-13 5.41237e-13
          5.47135667e-13 5.47106667e-13 5.41008e-13 5.21945e-13 5.32288333e-13 5.42825667e-13 5.39500667e-13 5.32713667e-13 5.28909e-13
          5.34276667e-13 5.42054333e-13 5.28478333e-13 5.31064e-13 5.33846e-13 5.40733333e-13 5.32652e-13 5.22341333e-13 5.39208e-13
          5.28910333e-13 5.29027667e-13 5.39446e-13 5.20722e-13 5.20769333e-13 5.3304e-13 5.33437667e-13 5.34712e-13 5.33512e-13
          5.25036667e-13 5.25934e-13 5.28179333e-13 5.27352667e-13 5.32508667e-13 5.27825333e-13 5.19346667e-13 5.15408333e-13 5.40135333e-13
          5.43160667e-13 5.29203667e-13 5.33561e-13 5.34452e-13 5.42033333e-13 5.31006333e-13 5.30560333e-13 5.30982333e-13 5.34214333e-13
          5.20804333e-13 5.21492667e-13 5.24401667e-13 5.23218e-13 5.22812667e-13 5.23243333e-13 5.24669e-13 5.33982667e-13 5.35012e-13
          5.33633e-13 5.24283e-13 5.16266333e-13 5.16684667e-13 5.18323e-13 5.24683333e-13 5.31112e-13 5.28623e-13 5.33387667e-13
          5.40190667e-13 5.31139333e-13 5.28778e-13 5.34026333e-13 5.40916e-13 5.21414e-13 5.23447333e-13 5.33037333e-13 5.34303667e-13
          5.34243667e-13 5.31008333e-13 5.35761e-13 5.16941667e-13 5.1271e-13 5.23934333e-13 5.22307e-13 5.33429e-13 5.40344333e-13
          5.39483e-13 5.42861667e-13 5.28074333e-13 5.33337667e-13 5.1482e-13 5.18749667e-13 5.31949333e-13 5.3776e-13 5.16103e-13
          5.23841333e-13 5.3702e-13 5.31900667e-13 5.35643e-13 5.21758667e-13 5.22575333e-13 5.13439333e-13 5.17459e-13 5.27844e-13
          5.30773667e-13 5.34134667e-13 5.41375667e-13 5.27174e-13 5.31391333e-13 5.40007e-13 5.46228e-13 5.42847333e-13 5.39474333e-13
          5.81668667e-13 5.85043667e-13 5.56409e-13 5.60141333e-13 5.56243e-13 5.59893333e-13 5.78185333e-13 5.78507333e-13 5.62058667e-13
          5.48869333e-13 5.47661667e-13 5.52757667e-13 5.30777e-13 5.25828667e-13 5.25659333e-13 5.29406333e-13 5.30903e-13 5.29645667e-13
          5.14848e-13 5.11191e-13 5.16486e-13 5.1644e-13 5.31892e-13 5.31100667e-13 5.20852e-13 5.25533333e-13 5.16980333e-13
          5.17021667e-13 5.28782e-13 5.29733667e-13 5.26690667e-13 5.21362e-13 5.30481667e-13 5.3074e-13 5.28161667e-13 5.22863667e-13
          5.24381333e-13 5.25118667e-13 5.35392333e-13 5.37753333e-13 5.29622e-13 5.31230333e-13 5.23871e-13 5.27829333e-13 5.19589333e-13
          5.14689e-13 5.25622e-13 5.29984333e-13 5.41143667e-13 5.22810333e-13 5.23592667e-13 5.22194e-13 5.26749333e-13 5.29049667e-13
          5.26559667e-13 5.26512e-13 5.25755333e-13 5.31384667e-13 5.29434667e-13 5.30946333e-13 5.30427667e-13 5.31450333e-13 5.28444333e-13
          5.28348e-13 5.24717667e-13 5.16335667e-13 5.24092e-13 5.50369667e-13 5.34759333e-13 5.37394e-13 5.10557333e-13 5.12360333e-13
          5.12353667e-13 5.10557333e-13 5.15927333e-13 5.15919e-13 5.33483e-13 5.38314333e-13 5.38287e-13 5.33464667e-13 5.29298e-13
          5.29324667e-13 5.14523e-13 5.30213e-13 5.53108667e-13 5.2613e-13 5.24450333e-13 5.18088333e-13 5.21963333e-13 5.38633667e-13
          5.36516e-13 5.22401333e-13 5.25547e-13 5.17186333e-13 5.21256667e-13 5.18770667e-13 5.22475333e-13 5.22239e-13 5.28121333e-13
          5.22638e-13 5.2607e-13 5.21056667e-13 5.27116667e-13 5.37212e-13 5.33888667e-13 5.22570667e-13 5.24556333e-13 5.17780333e-13
          5.13922e-13 5.25496e-13 5.23791e-13 5.83988e-13 5.52724667e-13 5.23741667e-13 5.24996e-13 5.29377e-13 5.2729e-13
          5.27294e-13 5.29518e-13 5.35391333e-13 5.34029e-13 5.26607e-13 5.29070667e-13 5.2669e-13 5.22148e-13 5.25693333e-13
          5.26402e-13 5.27949667e-13 5.29748e-13 5.29812e-13 5.32499e-13 5.2946e-13 5.28640667e-13 5.31536667e-13 5.29346333e-13
          5.28409333e-13 5.31236333e-13 5.25075e-13 5.28794e-13 5.18654333e-13 5.23400333e-13 5.26027e-13 5.24855667e-13 5.20982333e-13
          5.26483e-13 5.21878667e-13 5.26208667e-13 5.28686667e-13 5.25480667e-13 5.2629e-13 5.26152667e-13 5.27706667e-13 5.24519333e-13
          5.27785667e-13 5.30989e-13 5.28648333e-13 5.16073e-13 5.23581667e-13 5.26978e-13 5.28833333e-13 5.29163667e-13 5.27096e-13
          5.35068333e-13 5.33630333e-13 5.20741e-13 5.22289667e-13 5.20235667e-13 5.20781e-13 5.37630333e-13 5.35542333e-13 5.35701333e-13
          5.35210333e-13 5.35825667e-13 5.33524e-13 5.31353e-13 5.30993e-13 5.28641667e-13 5.3032e-13 5.23572e-13 5.27565e-13
          5.14497e-13 5.19752e-13 5.28878333e-13 5.20528667e-13 5.17583e-13 5.16940667e-13 5.32860333e-13 5.32408667e-13 5.18038333e-13
          5.24590333e-13 5.50429333e-13 5.36111667e-13 5.14343333e-13 5.38117333e-13 5.33195333e-13 5.33806333e-13 5.38169333e-13 5.29628667e-13
          5.30128e-13 5.12242333e-13 5.1033e-13 5.10394667e-13 5.13187667e-13 5.17209667e-13 5.1634e-13 5.24741333e-13 5.26915667e-13
          5.15799e-13 5.36732333e-13 5.50904e-13 5.23237333e-13 5.19821e-13 5.29022e-13 5.26478e-13 5.22133667e-13 5.26670667e-13
          5.26416e-13 5.25721e-13 5.32424333e-13 5.29704e-13 5.29712e-13 5.27855e-13 5.28603333e-13 5.29457333e-13 5.28308e-13
          5.24702667e-13 5.1781e-13 5.19207667e-13 5.25845333e-13 5.20757333e-13 5.24744667e-13 5.31067333e-13 5.29155e-13 5.35094667e-13
          5.37475667e-13 5.33493333e-13 5.35773667e-13 5.35053333e-13 5.35543333e-13 5.30969e-13 5.31365667e-13 5.2375e-13 5.27901667e-13
          5.17933e-13 5.13648333e-13 5.16196667e-13 5.16798e-13 5.20461e-13 5.28816e-13 5.29592e-13 5.3111e-13 5.33233e-13
          5.32587333e-13 5.24693333e-13 5.18102667e-13 5.30945333e-13 5.31563333e-13 5.16226333e-13 5.16407333e-13 5.25011667e-13 5.20368e-13
          5.31501667e-13 5.30900667e-13 5.16406333e-13 5.16218667e-13 5.20359333e-13 5.2498e-13 5.10883667e-13 5.14756667e-13 5.29525667e-13
          5.30744e-13 5.15024667e-13 5.15024333e-13 5.78195e-13 5.78521667e-13 5.58024333e-13 5.53971e-13 5.45953667e-13 5.48910667e-13
          5.56779333e-13 5.54669667e-13 5.60652e-13 5.58882333e-13 5.82126e-13 5.85696e-13 5.60729333e-13 5.57331667e-13 5.57371667e-13
          5.60667e-13 5.731e-13 5.56057333e-13 5.56795333e-13 5.51296667e-13 5.82256667e-13 5.71381667e-13 5.42249333e-13 5.36197e-13
          5.60038667e-13 5.60381e-13 5.44261e-13 5.39593333e-13 5.54617333e-13 5.52216667e-13 5.57069e-13 5.73170667e-13 5.50917333e-13
          5.56635e-13 5.71310667e-13 5.82107333e-13 5.37399667e-13 5.43383667e-13 5.63745667e-13 5.62133e-13 5.39254333e-13 5.43977667e-13
          5.52193667e-13 5.54637e-13 5.52645333e-13 5.62203333e-13 5.39541667e-13 5.37422333e-13 5.43686667e-13 5.41239e-13 5.42202667e-13
          5.45529667e-13 5.43374e-13 5.37200333e-13 5.58775333e-13 5.62498e-13 5.31330667e-13 5.39751667e-13 5.61686333e-13 5.58344667e-13
          5.54693667e-13 5.62917667e-13 5.39119667e-13 5.85385e-13 5.83156e-13 5.79569667e-13 5.81798667e-13 5.71676333e-13 5.51959667e-13
          5.55517667e-13 5.15347e-13 5.28274e-13 5.41842667e-13 5.33788667e-13 5.56772e-13 5.65591667e-13 5.38173333e-13 5.43203333e-13
          5.41509333e-13 5.43923e-13 5.51075333e-13 5.54886e-13 5.46291e-13 5.43385333e-13 5.38482333e-13 5.43767333e-13 5.61785e-13
          5.58444333e-13 5.87746e-13 5.85149e-13 5.39730333e-13 5.31325667e-13 5.56897667e-13 5.61278667e-13 5.38884333e-13 5.30972e-13
          5.58018667e-13 5.61130333e-13 6.02663667e-13 6.07143e-13 5.46007667e-13 5.42396333e-13 5.55467333e-13 5.52005667e-13 5.41997e-13
          5.36925333e-13 5.20084667e-13 5.15197667e-13 5.52376333e-13 5.61732667e-13 5.39488333e-13 5.37505e-13 5.51070333e-13 5.54807333e-13
          5.84861333e-13 5.87393667e-13 5.31200667e-13 5.39682e-13 5.61789e-13 5.62329333e-13 5.42207667e-13 5.45508e-13 5.52579667e-13
          5.61957e-13 5.37494333e-13 5.39484e-13 5.32812333e-13 5.29638e-13 5.27932667e-13 5.31893e-13 5.30951333e-13 5.33901e-13
          5.11915667e-13 5.15489e-13 5.31393667e-13 5.28146667e-13 5.28664333e-13 5.3266e-13 5.39722333e-13 5.63934667e-13 5.27522e-13
          5.25167333e-13 5.32378333e-13 5.22002333e-13 5.22031e-13 5.32403e-13 5.76094667e-13 5.68885333e-13 5.78926667e-13 5.70368667e-13
          5.51623667e-13 5.45735667e-13 5.47919667e-13 5.61665333e-13 5.44204e-13 5.54949667e-13 5.25888e-13 5.24407e-13 5.33048667e-13
          5.27609e-13 5.25349667e-13 5.29012e-13 5.27105667e-13 5.20966667e-13 5.20579667e-13 5.32868667e-13 5.35956e-13 5.30041e-13
          5.47279333e-13 5.47306333e-13 5.30228e-13 5.24807333e-13 5.35184333e-13 5.15239667e-13 5.13829667e-13 5.20321333e-13 5.20259e-13
          5.38470667e-13 5.34194333e-13 5.27164667e-13 5.25475e-13 5.30661333e-13 5.3641e-13 5.33129333e-13 5.11531e-13 5.15287e-13
          5.20552333e-13 5.20219667e-13 5.49058667e-13 5.48707e-13 5.21315333e-13 5.28083e-13 5.14003667e-13 5.22784333e-13 5.30655333e-13
          5.32630333e-13 5.35714667e-13 5.29876333e-13 5.25865e-13 5.27105333e-13 5.20605333e-13 5.20234667e-13 5.26125e-13 5.24908333e-13
          5.33325e-13 5.44047333e-13 5.43820333e-13 5.29326667e-13 5.25454e-13 5.25635e-13 5.30703e-13 5.44095667e-13 5.548e-13
          5.78883667e-13 5.70264667e-13 5.76024667e-13 5.68788667e-13 5.54814333e-13 5.50633e-13 5.44164e-13 5.52491667e-13 5.53305e-13
          5.54314667e-13 5.62991e-13 5.61894e-13 5.44938e-13 5.39617e-13 5.41243333e-13 5.44693667e-13 5.46482333e-13 5.34682667e-13
          5.42054333e-13 5.48019667e-13 5.33740667e-13 5.46051667e-13 5.40733333e-13 5.47589e-13 5.68831667e-13 5.50548667e-13 6.00803667e-13
          6.00755333e-13 5.55803667e-13 5.72694333e-13 6.12044333e-13 5.98452333e-13 6.18276667e-13 6.04618e-13 5.67715333e-13 5.62858667e-13
          5.50750333e-13 5.55228667e-13 5.44127333e-13 5.53511667e-13 5.64141667e-13 5.63119e-13 5.62943e-13 5.61941e-13 5.39556e-13
          5.44959e-13 5.15572667e-13 5.15482667e-13 5.35028667e-13 5.35514333e-13 5.35019e-13 5.39618667e-13 5.33597667e-13 5.36006333e-13
          5.31086667e-13 5.31366667e-13 5.17052e-13 5.17682e-13 5.20632e-13 5.29086e-13 5.29997e-13 5.28199333e-13 5.24468333e-13
          5.24653333e-13 5.34414667e-13 5.31498333e-13 5.27474667e-13 5.25052667e-13 5.29006e-13 5.29759667e-13 5.20901e-13 5.24982333e-13
          5.21272667e-13 5.25066333e-13 5.24399e-13 5.26145e-13 5.21986667e-13 5.18093333e-13 5.67766667e-13 5.62815e-13 5.74441333e-13
          5.57443e-13 5.98782e-13 6.12370333e-13 6.18534e-13 6.05566333e-13 5.44814e-13 5.41222e-13 5.30752333e-13 5.42493667e-13
          5.42033333e-13 5.48101e-13 5.38250333e-13 5.33894e-13 5.28942e-13 5.31381667e-13 5.23545e-13 5.15344333e-13 5.14393667e-13
          5.37151e-13 5.36889333e-13 5.32336e-13 5.27208333e-13 5.22228e-13 5.23595e-13 5.10572667e-13 5.10503667e-13 5.39012667e-13
          5.41052667e-13 5.38171667e-13 5.30544e-13 5.29500333e-13 5.23289333e-13 5.41636333e-13 5.37620333e-13 6.02617667e-13 6.02452667e-13
          5.46267667e-13 5.33867667e-13 5.40190667e-13 5.46126667e-13 5.42068e-13 5.29971e-13 5.40916e-13 5.47675333e-13 5.58016e-13
          5.80163333e-13 5.67856333e-13 5.58311667e-13 5.30208e-13 6.18755667e-13 6.15973333e-13 5.16562333e-13 5.17513e-13 5.29114333e-13
          5.31466667e-13 5.19102333e-13 5.23724333e-13 5.25322667e-13 5.27979333e-13 5.29668667e-13 5.29475667e-13 5.28681e-13 5.33266e-13
          5.34799e-13 5.41449e-13 5.39574667e-13 5.40805e-13 5.43944667e-13 5.11311333e-13 5.15581333e-13 5.30039667e-13 5.37452e-13
          5.44894e-13 5.50746e-13 5.40344333e-13 5.46168e-13 5.44787e-13 5.40872e-13 5.79652333e-13 5.59358e-13 6.18893e-13
          6.03673e-13 6.27551333e-13 6.15462333e-13 5.67461667e-13 5.62623e-13 5.25327667e-13 5.21354667e-13 5.25794333e-13 5.24046333e-13
          5.18441e-13 5.22227667e-13 5.22926e-13 5.22388667e-13 5.16087e-13 5.26584333e-13 5.37328e-13 5.45284667e-13 5.10584333e-13
          5.14653667e-13 5.52377333e-13 5.46708333e-13 5.35467e-13 5.27573e-13 5.27152667e-13 5.34135667e-13 5.27860667e-13 5.28253667e-13
          5.22147e-13 5.16179667e-13 5.16015333e-13 5.29862e-13 5.29503667e-13 5.27915e-13 5.34201333e-13 5.29420333e-13 5.29808667e-13
          5.23287e-13 5.23310333e-13 5.50526333e-13 5.54646667e-13 5.62861e-13 5.61780667e-13 5.44316e-13 5.53812333e-13 5.64152e-13
          5.62946667e-13 5.67505667e-13 5.62565667e-13 5.54839667e-13 5.72788667e-13 5.98992e-13 6.12581333e-13 6.18315667e-13 6.04972e-13
          5.61066667e-13 5.44133333e-13 5.55294667e-13 6.02239667e-13 6.01762667e-13 5.33554e-13 5.45955333e-13 5.41375667e-13 5.52271e-13
          5.46228e-13 5.53926e-13 5.40802667e-13 5.44761333e-13 5.54537667e-13 5.50844333e-13 5.63357667e-13 5.61808e-13 5.44663e-13
          5.53223333e-13 5.53803333e-13 5.54437e-13 5.85043667e-13 5.72833667e-13 5.73781333e-13 5.78884e-13 5.73694667e-13 5.78879333e-13
          5.78507333e-13 5.66880333e-13 5.71416333e-13 5.78675667e-13 5.71019333e-13 5.78436333e-13 5.22199667e-13 5.26122333e-13 5.09781667e-13
          5.14011333e-13 5.26254667e-13 5.22408667e-13 5.14150333e-13 5.10051e-13 5.22479333e-13 5.15808e-13 5.1588e-13 5.22357667e-13
          5.34292333e-13 5.28004333e-13 5.20969e-13 5.21166333e-13 5.14703e-13 5.08676667e-13 5.33280333e-13 5.27529333e-13 5.3163e-13
          5.31221333e-13 5.26267667e-13 5.27307e-13 5.3671e-13 5.28549667e-13 5.16288e-13 5.11897e-13 5.23181667e-13 5.35893333e-13
          5.16181e-13 5.11433e-13 5.34133667e-13 5.36952333e-13 5.52046e-13 5.47052667e-13 5.28643e-13 5.33076e-13 5.42805667e-13
          5.40463333e-13 5.16775e-13 5.20853333e-13 5.20272667e-13 5.40716667e-13 5.46828333e-13 5.23221333e-13 5.29348667e-13 5.32224333e-13
          5.40138667e-13 5.40291e-13 5.32559333e-13 5.23955333e-13 5.23745667e-13 5.20867333e-13 5.22180667e-13 5.22590333e-13 5.21242e-13
          5.27583333e-13 5.32633667e-13 5.14796333e-13 5.18979333e-13 5.32202e-13 5.21608333e-13 5.22086e-13 5.33086667e-13 5.21070333e-13
          5.24883e-13 5.26821e-13 5.27104333e-13 5.16784e-13 5.21492333e-13 5.17643e-13 5.27450667e-13 5.35398667e-13 5.15244333e-13
          5.11308667e-13 5.41092e-13 5.45311333e-13 5.25336e-13 5.29874e-13 5.38723e-13 5.38350667e-13 5.39613333e-13 5.43030333e-13
          5.50991e-13 5.35697667e-13 5.37435667e-13 5.42039e-13 5.34754e-13 5.3829e-13 5.36278e-13 5.34438e-13 5.59755e-13
          5.91062667e-13 5.5891e-13 5.86533333e-13 5.63228333e-13 5.68354667e-13 5.59527e-13 6.16971667e-13 6.17841e-13 5.84978667e-13
          5.51995e-13 5.21995667e-13 5.26222e-13 5.40372667e-13 5.38672667e-13 5.30152667e-13 5.37358667e-13 5.32969e-13 5.30081333e-13
          5.26987333e-13 5.27918667e-13 5.32192333e-13 5.27524333e-13 5.39727e-13 5.41673e-13 5.38659e-13 5.34872e-13 5.23699333e-13
          5.23680667e-13 5.32277e-13 5.29414667e-13 5.22703333e-13 5.22430667e-13 5.38736667e-13 5.38442e-13 5.40937667e-13 5.36991667e-13
          5.24492333e-13 5.20403333e-13 5.15888333e-13 5.32591e-13 5.28378e-13 5.38454333e-13 5.45397e-13 5.40731667e-13 5.32578333e-13
          5.32913333e-13 5.41488333e-13 5.41514667e-13 5.43321333e-13 5.38584333e-13 5.39845e-13 5.44220667e-13 5.35772333e-13 5.33985e-13
          5.43452667e-13 5.47229e-13 5.47745333e-13 5.42704e-13 5.20380667e-13 5.21084667e-13 5.39561333e-13 5.38115333e-13 5.50181333e-13
          5.42677667e-13 5.19897e-13 5.20504333e-13 5.38544667e-13 5.39928e-13 5.43554667e-13 5.51483667e-13 5.23026e-13 5.25167e-13
          5.34927667e-13 5.22745e-13 5.22232667e-13 5.21789e-13 5.19638667e-13 5.32171667e-13 5.30668e-13 5.30498333e-13 5.25173e-13
          5.19352333e-13 5.27526667e-13 5.26426667e-13 5.2523e-13 5.15944667e-13 5.23173e-13 5.33823333e-13 5.28179667e-13 5.36476667e-13
          5.39593e-13 5.34837333e-13 5.41743667e-13 5.33201667e-13 5.33307e-13 5.41954e-13 5.23877e-13 5.24123667e-13 5.31756e-13
          5.27967667e-13 5.18784333e-13 5.14776e-13 5.21491e-13 5.32492667e-13 5.27996333e-13 5.26724e-13 5.20189333e-13 5.20357333e-13
          5.31229333e-13 5.20509e-13 5.24802e-13 5.21082e-13 5.29922e-13 5.32538e-13 5.46002e-13 5.41561e-13 5.2944e-13
          5.33606e-13 5.24809333e-13 5.24535333e-13 5.25147333e-13 5.30865667e-13 5.30669333e-13 5.27333333e-13 5.19164333e-13 5.36538333e-13
          5.28268e-13 5.26535e-13 5.27634333e-13 5.39640333e-13 5.34876e-13 5.25968667e-13 5.21254333e-13 5.13478333e-13 5.10236667e-13
          5.21149667e-13 5.25753e-13 5.10526333e-13 5.13696333e-13 5.27315333e-13 5.38331e-13 5.37781333e-13 5.27085333e-13 5.19632e-13
          5.19539333e-13 5.16155333e-13 5.22803333e-13 5.23050333e-13 5.16493667e-13 5.78521667e-13 5.66899667e-13 5.78668e-13 5.71426e-13
          5.78410667e-13 5.70994667e-13 5.85696e-13 5.73778e-13 5.79064667e-13 5.74114333e-13 5.74033333e-13 5.79086e-13 5.39122e-13
          5.63742333e-13 5.55419e-13 5.72351667e-13 5.83375667e-13 5.80778667e-13 5.37299333e-13 5.43489667e-13 5.60381e-13 5.56939e-13
          5.41503e-13 5.43903667e-13 5.80683e-13 5.83215333e-13 5.72286667e-13 5.44573333e-13 5.38402e-13 5.63984333e-13 5.63745667e-13
          5.15219e-13 5.20122667e-13 5.37184e-13 5.42198667e-13 5.43935333e-13 5.41492e-13 5.67954667e-13 5.66945e-13 5.5837e-13
          5.47728667e-13 5.55689333e-13 5.61510667e-13 5.3314e-13 5.38252667e-13 5.25149e-13 5.15134e-13 5.47651e-13 5.49326e-13
          5.52589667e-13 5.50763e-13 5.50526e-13 5.62203333e-13 5.39851333e-13 5.44551333e-13 5.52020667e-13 5.54468333e-13 5.44986333e-13
          5.41534e-13 5.36892e-13 5.42830667e-13 5.62498e-13 5.60871667e-13 5.42122e-13 5.34643667e-13 5.60441e-13 5.61686333e-13
          5.50473e-13 5.56185e-13 5.70797333e-13 5.81187667e-13 6.10091333e-13 5.87454667e-13 5.68961667e-13 5.65403667e-13 5.79263667e-13
          5.8261e-13 5.90412e-13 5.99198667e-13 5.55795333e-13 5.7261e-13 5.66723333e-13 5.67746e-13 5.58877e-13 5.48386667e-13
          5.62224333e-13 5.56597e-13 5.49810333e-13 5.48066333e-13 5.53220333e-13 5.65231e-13 5.62676667e-13 5.48827e-13 5.44689667e-13
          5.39861333e-13 5.54576667e-13 5.52163e-13 5.69118333e-13 5.65307667e-13 5.82941667e-13 5.79571667e-13 5.90893333e-13 5.9984e-13
          5.87832333e-13 6.10391e-13 5.41192333e-13 5.44664667e-13 5.42141e-13 5.35153333e-13 5.59191333e-13 5.61785e-13 5.34621667e-13
          5.42076667e-13 5.61278667e-13 5.59997333e-13 5.32945e-13 5.40919667e-13 5.61130333e-13 5.58765667e-13 5.62459333e-13 5.57163667e-13
          6.02909e-13 5.93227e-13 5.78072333e-13 5.92981667e-13 5.77827e-13 5.40619667e-13 5.44767333e-13 6.12422333e-13 5.87307667e-13
          5.82077e-13 5.78577667e-13 5.98976667e-13 5.90076667e-13 5.73051e-13 5.56661667e-13 5.65407333e-13 5.68869e-13 5.52424e-13
          5.62067e-13 5.59558333e-13 5.48218667e-13 5.47543667e-13 5.58133e-13 5.61264e-13 5.55459667e-13 5.48930333e-13 5.47296667e-13
          5.66813333e-13 5.68018667e-13 5.82562667e-13 5.79326333e-13 5.99668333e-13 5.90805667e-13 5.69022667e-13 5.65285667e-13 6.10568667e-13
          5.88137333e-13 5.41998333e-13 5.34471e-13 5.60478e-13 5.61789e-13 5.44318333e-13 5.40432333e-13 5.52685e-13 5.50910667e-13
          5.5059e-13 5.61957e-13 5.58841e-13 5.47805333e-13 5.55836667e-13 5.62073e-13 5.47129333e-13 5.48498667e-13 5.67169667e-13
          5.67803333e-13 5.56428e-13 5.57562e-13 5.57965333e-13 5.56778e-13 5.97305667e-13 5.97287333e-13 5.66198333e-13 5.62936e-13
          5.57307667e-13 5.62073333e-13 5.33515667e-13 5.41629e-13 5.61486e-13 5.55491333e-13 5.30565667e-13 5.27704333e-13 5.41361e-13
          5.34428333e-13 5.28228667e-13 5.28060667e-13 5.32099e-13 5.36379667e-13 5.39796333e-13 5.98439e-13 5.97653333e-13 6.02998333e-13
          6.08911667e-13 5.50954333e-13 5.43558e-13 5.63625e-13 5.66556333e-13 5.57501667e-13 5.62059667e-13 5.4217e-13 5.33869e-13
          5.27465e-13 5.34714333e-13 5.42230333e-13 5.32076667e-13 5.28083333e-13 5.48017e-13 5.42839333e-13 5.37287667e-13 5.34402667e-13
          5.44953333e-13 5.52660667e-13 5.61533333e-13 5.55686667e-13 5.98002667e-13 5.9728e-13 5.37201e-13 5.31121e-13 5.30573e-13
          5.36132e-13 5.25073333e-13 5.20982667e-13 5.23453e-13 5.21756e-13 5.14537667e-13 5.44339667e-13 5.52082333e-13 5.41970333e-13
          5.37065e-13 5.36129e-13 5.39924667e-13 5.31257e-13 5.37133333e-13 5.43911333e-13 5.45324667e-13 5.40329e-13 5.43796333e-13
          5.3526e-13 5.19403333e-13 5.14308667e-13 5.14526333e-13 5.19698333e-13 5.47185333e-13 5.45643e-13 5.45629333e-13 5.46275667e-13
          5.51027333e-13 5.43587e-13 5.40201667e-13 5.43913e-13 5.29248e-13 5.30679667e-13 5.38700667e-13 5.43950667e-13 5.37132e-13
          5.42268333e-13 5.41660333e-13 5.47203667e-13 5.28997333e-13 5.30393667e-13 5.43239333e-13 5.50389667e-13 5.51767e-13 5.44724333e-13
          5.31301e-13 5.31205667e-13 5.41467667e-13 5.33363e-13 5.40675e-13 5.46518333e-13 5.41725e-13 5.36767667e-13 5.31354e-13
          5.37252e-13 5.37303333e-13 5.31467e-13 6.0582e-13 6.16323667e-13 5.79231333e-13 5.59185667e-13 6.16554667e-13 6.06312667e-13
          5.59848667e-13 5.79572667e-13 6.21080667e-13 6.08365333e-13 5.62771667e-13 5.82439667e-13 6.05970667e-13 6.16303e-13 5.79473e-13
          5.58512667e-13 5.23992e-13 5.17470667e-13 5.18493667e-13 5.12041333e-13
        </DataArray>
        <DataArray type="Float32" Name="Cp" format="ascii">
          0 0 0 0 0 0 0 0 0
          0 0 0 0 0 0 0 0 0
          0 0 0 0 0 0 0 0 0
          0 0 0 0 0 0 0 0 0
          0 0 0 0 0 0 0 0 0
          0 0 0 0 0 0 0 0 0
          0 0 0 0 0 0 0 0 0
          0 0 0 0 0 0 0 0 0
          0 0 0 0 0 0 0 0 0
          0 0 0 0 0 0 0 0 0
          0 0 0 0 0 0 0 0 0
          0 0 0 0 0 0 0 0 0
          0 0 0 0 0 0 0 0 0
          0 0 0 0 0 0 0 0 0
          0 0 0 0 0 0 0 0 0
          0 0 0 0 0 0 0 0 0
          0 0 0 0 0 0 0 0 0
          0 0 0 0 0 0 0 0 0
          0 0 0 0 0 0 0 0 0
          0 0 0 0 0 0 0 0 0
          0 0 0 0 0 0 0 0 0
          0 0 0 0 0 0 0 0 0
          0 0 0 0 0 0 0 0 0
          0 0 0 0 0 0 0 0 0
          0 0 0 0 0 0 0 0 0
          0 0 0 0 0 0 0 0 0
          0 0 0 0 0 0 0 0 0
          0 0 0 0 0 0 0 0 0
          0 0 0 0 0 0 0 0 0
          0 0 0 0 0 0 0 0 0
          0 0 0 0 0 0 0 0 0
          0 0 0 0 0 0 0 0 0
          0 0 0 0 0 0 0 0 0
          0 0 0 0 0 0 0 0 0
          0 0 0 0 0 0 0 0 0
          0 0 0 0 0 0 0 0 0
          0 0 0 0 0 0 0 0 0
          0 0 0 0 0 0 0 0 0
          0 0 0 0 0 0 0 0 0
          0 0 0 0 0 0 0 0 0
          0 0 0 0 0 0 0 0 0
          0 0 0 0 0 0 0 0 0
          0 0 0 0 0 0 0 0 0
          0 0 0 0 0 0 0 0 0
          0 0 0 0 0 0 0 0 0
          0 0 0 0 0 0 0 0 0
          0 0 0 0 0 0 0 0 0
          0 0 0 0 0 0 0 0 0
          0 0 0 0 0 0 0 0 0
          0 0 0 0 0 0 0 0 0
          0 0 0 0 0 0 0 0 0
          0 0 0 0 0 0 0 0 0
          0 0 0 0 0 0 0 0 0
          0 0 0 0 0 0 0 0 0
          0 0 0 0 0 0 0 0 0
          0 0 0 0 0 0 0 0 0
          0 0 0 0 0 0 0 0 0
          0 0 0 0 0 0 0 0 0
          0 0 0 0 0 0 0 0 0
          0 0 0 0 0 0 0 0 0
          0 0 0 0 0 0 0 0 0
          0 0 0 0 0 0 0 0 0
          0 0 0 0 0 0 0 0 0
          0 0 0 0 0 0 0 0 0
          0 0 0 0 0 0 0 0 0
          0 0 0 0 0 0 0 0 0
          0 0 0 0 0 0 0 0 0
          0 0 0 0 0 0 0 0 0
          0 0 0 0 0 0 0 0 0
          0 0 0 0 0 0 0 0 0
          0 0 0 0 0 0 0 0 0
          0 0 0 0 0 0 0 0 0
          0 0 0 0 0 0 0 0 0
          0 0 0 0 0 0 0 0 0
          0 0 0 0 0 0 0 0 0
          0 0 0 0 0 0 0 0 0
          0 0 0 0 0 0 0 0 0
          0 0 0 0 0 0 0 0 0
          0 0 0 0 0 0 0 0 0
          0 0 0 0 0 0 0 0 0
          0 0 0 0 0 0 0 0 0
          0 0 0 0 0 0 0 0 0
          0 0 0 0 0 0 0 0 0
          0 0 0 0 0 0 0 0 0
          0 0 0 0 0 0 0 0 0
          0 0 0 0 0 0 0 0 0
          0 0 0 0 0 0 0 0 0
          0 0 0 0 0 0 0 0 0
          0 0 0 0 0 0 0 0 0
          0 0 0 0 0 0 0 0 0
          0 0 0 0 0 0 0 0 0
          0 0 0 0 0 0 0 0 0
          0 0 0 0 0 0 0 0 0
          0 0 0 0 0 0 0 0 0
          0 0 0 0 0 0 0 0 0
          0 0 0 0 0 0 0 0 0
          0 0 0 0 0 0 0 0 0
          0 0 0 0 0 0 0 0 0
          0 0 0 0 0 0 0 0 0
          0 0 0 0 0 0 0 0 0
          0 0 0 0 0 0 0 0 0
          0 0 0 0 0 0 0 0 0
          0 0 0 0 0 0 0 0 0
          0 0 0 0 0 0 0 0 0
          0 0 0 0 0 0 0 0 0
          0 0 0 0 0 0 0 0 0
          0 0 0 0 0 0 0 0 0
          0 0 0 0 0 0 0 0 0
          0 0 0 0 0 0 0 0 0
          0 0 0 0 0 0 0 0 0
          0 0 0 0 0 0 0 0 0
          0 0 0 0 0 0 0 0 0
          0 0 0 0 0 0 0 0 0
          0 0 0 0 0 0 0 0 0
          0 0 0 0 0 0 0 0 0
          0 0 0 0 0 0 0 0 0
          0 0 0 0 0 0 0 0 0
          0 0 0 0 0 0 0 0 0
          0 0 0 0 0 0 0 0 0
          0 0 0 0 0 0 0 0 0
          0 0 0 0 0 0 0 0 0
          0 0 0 0 0 0 0 0 0
          0 0 0 0 0 0 0 0 0
          0 0 0 0 0 0 0 0 0
          0 0 0 0 0 0 0 0 0
          0 0 0 0 0 0 0 0 0
          0 0 0 0 0 0 0 0 0
          0 0 0 0 0 0 0 0 0
          0 0 0 0 0 0 0 0 0
          0 0 0 0 0 0 0 0 0
          0 0 0 0 0 0 0 0 0
          0 0 0 0 0 0 0 0 0
          0 0 0 0 0 0 0 0 0
          0 0 0 0 0 0 0 0 0
          0 0 0 0 0 0 0 0 0
          0 0 0 0 0 0 0 0 0
          0 0 0 0 0 0 0 0 0
          0 0 0 0 0 0 0 0 0
          0 0 0 0 0 0 0 0 0
          0 0 0 0 0 0 0 0 0
          0 0 0 0 0 0 0 0 0
          0 0 0 0 0 0 0 0 0
          0 0 0 0 0 0 0 0 0
          0 0 0 0 0 0 0 0 0
          0 0 0 0 0 0 0 0 0
          0 0 0 0 0 0 0 0 0
          0 0 0 0 0 0 0 0 0
          0 0 0 0 0 0 0 0 0
          0 0 0 0 0 0 0 0 0
          0 0 0 0 0 0 0 0 0
          0 0 0 0 0 0 0 0 0
          0 0 0 0 0 0 0 0 0
          0 0 0 0 0 0 0 0 0
          0 0 0 0 0 0 0 0 0
          0 0 0 0 0 0 0 0 0
          0 0 0 0 0 0 0 0 0
          0 0 0 0 0 0 0 0 0
          0 0 0 0 0 0 0 0 0
          0 0 0 0 0 0 0 0 0
          0 0 0 0 0 0 0 0 0
          0 0 0 0 0 0 0 0 0
          0 0 0 0 0 0 0 0 0
          0 0 0 0 0 0 0 0 0
          0 0 0 0 0 0 0 0 0
          0 0 0 0 0 0 0 0 0
          0 0 0 0 0 0 0 0 0
          0 0 0 0 0 0 0 0 0
          0 0 0 0 0 0 0 0 0
          0 0 0 0 0 0 0 0 0
          0 0 0 0 0 0 0 0 0
          0 0 0 0 0 0 0 0 0
          0 0 0 0 0 0 0 0 0
          0 0 0 0 0 0 0 0 0
          0 0 0 0 0 0 0 0 0
          0 0 0 0 0 0 0 0 0
          0 0 0 0 0 0 0 0 0
          0 0 0 0 0 0 0 0 0
          0 0 0 0 0 0 0 0 0
          0 0 0 0 0 0 0 0 0
          0 0 0 0 0 0 0 0 0
          0 0 0 0 0 0 0 0 0
          0 0 0 0 0 0 0 0 0
          0 0 0 0 0 0 0 0 0
          0 0 0 0 0 0 0 0 0
          0 0 0 0 0 0 0 0 0
          0 0 0 0 0 0 0 0 0
          0 0 0 0 0 0 0 0 0
          0 0 0 0 0 0 0 0 0
          0 0 0 0 0 0 0 0 0
          0 0 0 0 0 0 0 0 0
          0 0 0 0 0 0 0 0 0
          0 0 0 0 0 0 0 0 0
          0 0 0 0 0 0 0 0 0
          0 0 0 0 0 0 0 0 0
          0 0 0 0 0 0 0 0 0
          0 0 0 0 0 0 0 0 0
          0 0 0 0 0 0 0 0 0
          0 0 0 0 0 0 0 0 0
          0 0 0 0 0 0 0 0 0
          0 0 0 0 0 0 0 0 0
          0 0 0 0 0 0 0 0 0
          0 0 0 0 0 0 0 0 0
          0 0 0 0 0 0 0 0 0
          0 0 0 0 0 0 0 0 0
          0 0 0 0 0 0 0 0 0
          0 0 0 0 0 0 0 0 0
          0 0 0 0 0 0 0 0 0
          0 0 0 0 0 0 0 0 0
          0 0 0 0 0 0 0 0 0
          0 0 0 0 0 0 0 0 0
          0 0 0 0 0 0 0 0 0
          0 0 0 0 0 0 0 0 0
          0 0 0 0 0 0 0 0 0
          0 0 0 0 0 0 0 0 0
          0 0 0 0 0 0 0 0 0
          0 0 0 0 0
        </DataArray>
        <DataArray type="Float32" Name="Uz" format="ascii">
          0 0 0 0 0 0 0 0 0
          0 0 0 0 0 0 0 0 0
          0 0 0 0 0 0 0 0 0
          0 0 0 0 0 0 0 0 0
          0 0 0 0 0 0 0 0 0
          0 0 0 0 0 0 0 0 0
          0 0 0 0 0 0 0 0 0
          0 0 0 0 0 0 0 0 0
          0 0 0 0 0 0 0 0 0
          0 0 0 0 0 0 0 0 0
          0 0 0 0 0 0 0 0 0
          0 0 0 0 0 0 0 0 0
          0 0 0 0 0 0 0 0 0
          0 0 0 0 0 0 0 0 0
          0 0 0 0 0 0 0 0 0
          0 0 0 0 0 0 0 0 0
          0 0 0 0 0 0 0 0 0
          0 0 0 0 0 0 0 0 0
          0 0 0 0 0 0 0 0 0
          0 0 0 0 0 0 0 0 0
          0 0 0 0 0 0 0 0 0
          0 0 0 0 0 0 0 0 0
          0 0 0 0 0 0 0 0 0
          0 0 0 0 0 0 0 0 0
          0 0 0 0 0 0 0 0 0
          0 0 0 0 0 0 0 0 0
          0 0 0 0 0 0 0 0 0
          0 0 0 0 0 0 0 0 0
          0 0 0 0 0 0 0 0 0
          0 0 0 0 0 0 0 0 0
          0 0 0 0 0 0 0 0 0
          0 0 0 0 0 0 0 0 0
          0 0 0 0 0 0 0 0 0
          0 0 0 0 0 0 0 0 0
          0 0 0 0 0 0 0 0 0
          0 0 0 0 0 0 0 0 0
          0 0 0 0 0 0 0 0 0
          0 0 0 0 0 0 0 0 0
          0 0 0 0 0 0 0 0 0
          0 0 0 0 0 0 0 0 0
          0 0 0 0 0 0 0 0 0
          0 0 0 0 0 0 0 0 0
          0 0 0 0 0 0 0 0 0
          0 0 0 0 0 0 0 0 0
          0 0 0 0 0 0 0 0 0
          0 0 0 0 0 0 0 0 0
          0 0 0 0 0 0 0 0 0
          0 0 0 0 0 0 0 0 0
          0 0 0 0 0 0 0 0 0
          0 0 0 0 0 0 0 0 0
          0 0 0 0 0 0 0 0 0
          0 0 0 0 0 0 0 0 0
          0 0 0 0 0 0 0 0 0
          0 0 0 0 0 0 0 0 0
          0 0 0 0 0 0 0 0 0
          0 0 0 0 0 0 0 0 0
          0 0 0 0 0 0 0 0 0
          0 0 0 0 0 0 0 0 0
          0 0 0 0 0 0 0 0 0
          0 0 0 0 0 0 0 0 0
          0 0 0 0 0 0 0 0 0
          0 0 0 0 0 0 0 0 0
          0 0 0 0 0 0 0 0 0
          0 0 0 0 0 0 0 0 0
          0 0 0 0 0 0 0 0 0
          0 0 0 0 0 0 0 0 0
          0 0 0 0 0 0 0 0 0
          0 0 0 0 0 0 0 0 0
          0 0 0 0 0 0 0 0 0
          0 0 0 0 0 0 0 0 0
          0 0 0 0 0 0 0 0 0
          0 0 0 0 0 0 0 0 0
          0 0 0 0 0 0 0 0 0
          0 0 0 0 0 0 0 0 0
          0 0 0 0 0 0 0 0 0
          0 0 0 0 0 0 0 0 0
          0 0 0 0 0 0 0 0 0
          0 0 0 0 0 0 0 0 0
          0 0 0 0 0 0 0 0 0
          0 0 0 0 0 0 0 0 0
          0 0 0 0 0 0 0 0 0
          0 0 0 0 0 0 0 0 0
          0 0 0 0 0 0 0 0 0
          0 0 0 0 0 0 0 0 0
          0 0 0 0 0 0 0 0 0
          0 0 0 0 0 0 0 0 0
          0 0 0 0 0 0 0 0 0
          0 0 0 0 0 0 0 0 0
          0 0 0 0 0 0 0 0 0
          0 0 0 0 0 0 0 0 0
          0 0 0 0 0 0 0 0 0
          0 0 0 0 0 0 0 0 0
          0 0 0 0 0 0 0 0 0
          0 0 0 0 0 0 0 0 0
          0 0 0 0 0 0 0 0 0
          0 0 0 0 0 0 0 0 0
          0 0 0 0 0 0 0 0 0
          0 0 0 0 0 0 0 0 0
          0 0 0 0 0 0 0 0 0
          0 0 0 0 0 0 0 0 0
          0 0 0 0 0 0 0 0 0
          0 0 0 0 0 0 0 0 0
          0 0 0 0 0 0 0 0 0
          0 0 0 0 0 0 0 0 0
          0 0 0 0 0 0 0 0 0
          0 0 0 0 0 0 0 0 0
          0 0 0 0 0 0 0 0 0
          0 0 0 0 0 0 0 0 0
          0 0 0 0 0 0 0 0 0
          0 0 0 0 0 0 0 0 0
          0 0 0 0 0 0 0 0 0
          0 0 0 0 0 0 0 0 0
          0 0 0 0 0 0 0 0 0
          0 0 0 0 0 0 0 0 0
          0 0 0 0 0 0 0 0 0
          0 0 0 0 0 0 0 0 0
          0 0 0 0 0 0 0 0 0
          0 0 0 0 0 0 0 0 0
          0 0 0 0 0 0 0 0 0
          0 0 0 0 0 0 0 0 0
          0 0 0 0 0 0 0 0 0
          0 0 0 0 0 0 0 0 0
          0 0 0 0 0 0 0 0 0
          0 0 0 0 0 0 0 0 0
          0 0 0 0 0 0 0 0 0
          0 0 0 0 0 0 0 0 0
          0 0 0 0 0 0 0 0 0
          0 0 0 0 0 0 0 0 0
          0 0 0 0 0 0 0 0 0
          0 0 0 0 0 0 0 0 0
          0 0 0 0 0 0 0 0 0
          0 0 0 0 0 0 0 0 0
          0 0 0 0 0 0 0 0 0
          0 0 0 0 0 0 0 0 0
          0 0 0 0 0 0 0 0 0
          0 0 0 0 0 0 0 0 0
          0 0 0 0 0 0 0 0 0
          0 0 0 0 0 0 0 0 0
          0 0 0 0 0 0 0 0 0
          0 0 0 0 0 0 0 0 0
          0 0 0 0 0 0 0 0 0
          0 0 0 0 0 0 0 0 0
          0 0 0 0 0 0 0 0 0
          0 0 0 0 0 0 0 0 0
          0 0 0 0 0 0 0 0 0
          0 0 0 0 0 0 0 0 0
          0 0 0 0 0 0 0 0 0
          0 0 0 0 0 0 0 0 0
          0 0 0 0 0 0 0 0 0
          0 0 0 0 0 0 0 0 0
          0 0 0 0 0 0 0 0 0
          0 0 0 0 0 0 0 0 0
          0 0 0 0 0 0 0 0 0
          0 0 0 0 0 0 0 0 0
          0 0 0 0 0 0 0 0 0
          0 0 0 0 0 0 0 0 0
          0 0 0 0 0 0 0 0 0
          0 0 0 0 0 0 0 0 0
          0 0 0 0 0 0 0 0 0
          0 0 0 0 0 0 0 0 0
          0 0 0 0 0 0 0 0 0
          0 0 0 0 0 0 0 0 0
          0 0 0 0 0 0 0 0 0
          0 0 0 0 0 0 0 0 0
          0 0 0 0 0 0 0 0 0
          0 0 0 0 0 0 0 0 0
          0 0 0 0 0 0 0 0 0
          0 0 0 0 0 0 0 0 0
          0 0 0 0 0 0 0 0 0
          0 0 0 0 0 0 0 0 0
          0 0 0 0 0 0 0 0 0
          0 0 0 0 0 0 0 0 0
          0 0 0 0 0 0 0 0 0
          0 0 0 0 0 0 0 0 0
          0 0 0 0 0 0 0 0 0
          0 0 0 0 0 0 0 0 0
          0 0 0 0 0 0 0 0 0
          0 0 0 0 0 0 0 0 0
          0 0 0 0 0 0 0 0 0
          0 0 0 0 0 0 0 0 0
          0 0 0 0 0 0 0 0 0
          0 0 0 0 0 0 0 0 0
          0 0 0 0 0 0 0 0 0
          0 0 0 0 0 0 0 0 0
          0 0 0 0 0 0 0 0 0
          0 0 0 0 0 0 0 0 0
          0 0 0 0 0 0 0 0 0
          0 0 0 0 0 0 0 0 0
          0 0 0 0 0 0 0 0 0
          0 0 0 0 0 0 0 0 0
          0 0 0 0 0 0 0 0 0
          0 0 0 0 0 0 0 0 0
          0 0 0 0 0 0 0 0 0
          0 0 0 0 0 0 0 0 0
          0 0 0 0 0 0 0 0 0
          0 0 0 0 0 0 0 0 0
          0 0 0 0 0 0 0 0 0
          0 0 0 0 0 0 0 0 0
          0 0 0 0 0 0 0 0 0
          0 0 0 0 0 0 0 0 0
          0 0 0 0 0 0 0 0 0
          0 0 0 0 0 0 0 0 0
          0 0 0 0 0 0 0 0 0
          0 0 0 0 0 0 0 0 0
          0 0 0 0 0 0 0 0 0
          0 0 0 0 0 0 0 0 0
          0 0 0 0 0 0 0 0 0
          0 0 0 0 0 0 0 0 0
          0 0 0 0 0 0 0 0 0
          0 0 0 0 0 0 0 0 0
          0 0 0 0 0 0 0 0 0
          0 0 0 0 0 0 0 0 0
          0 0 0 0 0 0 0 0 0
          0 0 0 0 0 0 0 0 0
          0 0 0 0 0 0 0 0 0
          0 0 0 0 0
        </DataArray>
        <DataArray type="Float32" Name="p" format="ascii">
          0 0 0 0 0 0 0 0 0
          0 0 0 0 0 0 0 0 0
          0 0 0 0 0 0 0 0 0
          0 0 0 0 0 0 0 0 0
          0 0 0 0 0 0 0 0 0
          0 0 0 0 0 0 0 0 0
          0 0 0 0 0 0 0 0 0
          0 0 0 0 0 0 0 0 0
          0 0 0 0 0 0 0 0 0
          0 0 0 0 0 0 0 0 0
          0 0 0 0 0 0 0 0 0
          0 0 0 0 0 0 0 0 0
          0 0 0 0 0 0 0 0 0
          0 0 0 0 0 0 0 0 0
          0 0 0 0 0 0 0 0 0
          0 0 0 0 0 0 0 0 0
          0 0 0 0 0 0 0 0 0
          0 0 0 0 0 0 0 0 0
          0 0 0 0 0 0 0 0 0
          0 0 0 0 0 0 0 0 0
          0 0 0 0 0 0 0 0 0
          0 0 0 0 0 0 0 0 0
          0 0 0 0 0 0 0 0 0
          0 0 0 0 0 0 0 0 0
          0 0 0 0 0 0 0 0 0
          0 0 0 0 0 0 0 0 0
          0 0 0 0 0 0 0 0 0
          0 0 0 0 0 0 0 0 0
          0 0 0 0 0 0 0 0 0
          0 0 0 0 0 0 0 0 0
          0 0 0 0 0 0 0 0 0
          0 0 0 0 0 0 0 0 0
          0 0 0 0 0 0 0 0 0
          0 0 0 0 0 0 0 0 0
          0 0 0 0 0 0 0 0 0
          0 0 0 0 0 0 0 0 0
          0 0 0 0 0 0 0 0 0
          0 0 0 0 0 0 0 0 0
          0 0 0 0 0 0 0 0 0
          0 0 0 0 0 0 0 0 0
          0 0 0 0 0 0 0 0 0
          0 0 0 0 0 0 0 0 0
          0 0 0 0 0 0 0 0 0
          0 0 0 0 0 0 0 0 0
          0 0 0 0 0 0 0 0 0
          0 0 0 0 0 0 0 0 0
          0 0 0 0 0 0 0 0 0
          0 0 0 0 0 0 0 0 0
          0 0 0 0 0 0 0 0 0
          0 0 0 0 0 0 0 0 0
          0 0 0 0 0 0 0 0 0
          0 0 0 0 0 0 0 0 0
          0 0 0 0 0 0 0 0 0
          0 0 0 0 0 0 0 0 0
          0 0 0 0 0 0 0 0 0
          0 0 0 0 0 0 0 0 0
          0 0 0 0 0 0 0 0 0
          0 0 0 0 0 0 0 0 0
          0 0 0 0 0 0 0 0 0
          0 0 0 0 0 0 0 0 0
          0 0 0 0 0 0 0 0 0
          0 0 0 0 0 0 0 0 0
          0 0 0 0 0 0 0 0 0
          0 0 0 0 0 0 0 0 0
          0 0 0 0 0 0 0 0 0
          0 0 0 0 0 0 0 0 0
          0 0 0 0 0 0 0 0 0
          0 0 0 0 0 0 0 0 0
          0 0 0 0 0 0 0 0 0
          0 0 0 0 0 0 0 0 0
          0 0 0 0 0 0 0 0 0
          0 0 0 0 0 0 0 0 0
          0 0 0 0 0 0 0 0 0
          0 0 0 0 0 0 0 0 0
          0 0 0 0 0 0 0 0 0
          0 0 0 0 0 0 0 0 0
          0 0 0 0 0 0 0 0 0
          0 0 0 0 0 0 0 0 0
          0 0 0 0 0 0 0 0 0
          0 0 0 0 0 0 0 0 0
          0 0 0 0 0 0 0 0 0
          0 0 0 0 0 0 0 0 0
          0 0 0 0 0 0 0 0 0
          0 0 0 0 0 0 0 0 0
          0 0 0 0 0 0 0 0 0
          0 0 0 0 0 0 0 0 0
          0 0 0 0 0 0 0 0 0
          0 0 0 0 0 0 0 0 0
          0 0 0 0 0 0 0 0 0
          0 0 0 0 0 0 0 0 0
          0 0 0 0 0 0 0 0 0
          0 0 0 0 0 0 0 0 0
          0 0 0 0 0 0 0 0 0
          0 0 0 0 0 0 0 0 0
          0 0 0 0 0 0 0 0 0
          0 0 0 0 0 0 0 0 0
          0 0 0 0 0 0 0 0 0
          0 0 0 0 0 0 0 0 0
          0 0 0 0 0 0 0 0 0
          0 0 0 0 0 0 0 0 0
          0 0 0 0 0 0 0 0 0
          0 0 0 0 0 0 0 0 0
          0 0 0 0 0 0 0 0 0
          0 0 0 0 0 0 0 0 0
          0 0 0 0 0 0 0 0 0
          0 0 0 0 0 0 0 0 0
          0 0 0 0 0 0 0 0 0
          0 0 0 0 0 0 0 0 0
          0 0 0 0 0 0 0 0 0
          0 0 0 0 0 0 0 0 0
          0 0 0 0 0 0 0 0 0
          0 0 0 0 0 0 0 0 0
          0 0 0 0 0 0 0 0 0
          0 0 0 0 0 0 0 0 0
          0 0 0 0 0 0 0 0 0
          0 0 0 0 0 0 0 0 0
          0 0 0 0 0 0 0 0 0
          0 0 0 0 0 0 0 0 0
          0 0 0 0 0 0 0 0 0
          0 0 0 0 0 0 0 0 0
          0 0 0 0 0 0 0 0 0
          0 0 0 0 0 0 0 0 0
          0 0 0 0 0 0 0 0 0
          0 0 0 0 0 0 0 0 0
          0 0 0 0 0 0 0 0 0
          0 0 0 0 0 0 0 0 0
          0 0 0 0 0 0 0 0 0
          0 0 0 0 0 0 0 0 0
          0 0 0 0 0 0 0 0 0
          0 0 0 0 0 0 0 0 0
          0 0 0 0 0 0 0 0 0
          0 0 0 0 0 0 0 0 0
          0 0 0 0 0 0 0 0 0
          0 0 0 0 0 0 0 0 0
          0 0 0 0 0 0 0 0 0
          0 0 0 0 0 0 0 0 0
          0 0 0 0 0 0 0 0 0
          0 0 0 0 0 0 0 0 0
          0 0 0 0 0 0 0 0 0
          0 0 0 0 0 0 0 0 0
          0 0 0 0 0 0 0 0 0
          0 0 0 0 0 0 0 0 0
          0 0 0 0 0 0 0 0 0
          0 0 0 0 0 0 0 0 0
          0 0 0 0 0 0 0 0 0
          0 0 0 0 0 0 0 0 0
          0 0 0 0 0 0 0 0 0
          0 0 0 0 0 0 0 0 0
          0 0 0 0 0 0 0 0 0
          0 0 0 0 0 0 0 0 0
          0 0 0 0 0 0 0 0 0
          0 0 0 0 0 0 0 0 0
          0 0 0 0 0 0 0 0 0
          0 0 0 0 0 0 0 0 0
          0 0 0 0 0 0 0 0 0
          0 0 0 0 0 0 0 0 0
          0 0 0 0 0 0 0 0 0
          0 0 0 0 0 0 0 0 0
          0 0 0 0 0 0 0 0 0
          0 0 0 0 0 0 0 0 0
          0 0 0 0 0 0 0 0 0
          0 0 0 0 0 0 0 0 0
          0 0 0 0 0 0 0 0 0
          0 0 0 0 0 0 0 0 0
          0 0 0 0 0 0 0 0 0
          0 0 0 0 0 0 0 0 0
          0 0 0 0 0 0 0 0 0
          0 0 0 0 0 0 0 0 0
          0 0 0 0 0 0 0 0 0
          0 0 0 0 0 0 0 0 0
          0 0 0 0 0 0 0 0 0
          0 0 0 0 0 0 0 0 0
          0 0 0 0 0 0 0 0 0
          0 0 0 0 0 0 0 0 0
          0 0 0 0 0 0 0 0 0
          0 0 0 0 0 0 0 0 0
          0 0 0 0 0 0 0 0 0
          0 0 0 0 0 0 0 0 0
          0 0 0 0 0 0 0 0 0
          0 0 0 0 0 0 0 0 0
          0 0 0 0 0 0 0 0 0
          0 0 0 0 0 0 0 0 0
          0 0 0 0 0 0 0 0 0
          0 0 0 0 0 0 0 0 0
          0 0 0 0 0 0 0 0 0
          0 0 0 0 0 0 0 0 0
          0 0 0 0 0 0 0 0 0
          0 0 0 0 0 0 0 0 0
          0 0 0 0 0 0 0 0 0
          0 0 0 0 0 0 0 0 0
          0 0 0 0 0 0 0 0 0
          0 0 0 0 0 0 0 0 0
          0 0 0 0 0 0 0 0 0
          0 0 0 0 0 0 0 0 0
          0 0 0 0 0 0 0 0 0
          0 0 0 0 0 0 0 0 0
          0 0 0 0 0 0 0 0 0
          0 0 0 0 0 0 0 0 0
          0 0 0 0 0 0 0 0 0
          0 0 0 0 0 0 0 0 0
          0 0 0 0 0 0 0 0 0
          0 0 0 0 0 0 0 0 0
          0 0 0 0 0 0 0 0 0
          0 0 0 0 0 0 0 0 0
          0 0 0 0 0 0 0 0 0
          0 0 0 0 0 0 0 0 0
          0 0 0 0 0 0 0 0 0
          0 0 0 0 0 0 0 0 0
          0 0 0 0 0 0 0 0 0
          0 0 0 0 0 0 0 0 0
          0 0 0 0 0 0 0 0 0
          0 0 0 0 0 0 0 0 0
          0 0 0 0 0 0 0 0 0
          0 0 0 0 0 0 0 0 0
          0 0 0 0 0 0 0 0 0
          0 0 0 0 0
        </DataArray>
        <DataArray type="Float32" Name="pPa" format="ascii">
          0 0 0 0 0 0 0 0 0
          0 0 0 0 0 0 0 0 0
          0 0 0 0 0 0 0 0 0
          0 0 0 0 0 0 0 0 0
          0 0 0 0 0 0 0 0 0
          0 0 0 0 0 0 0 0 0
          0 0 0 0 0 0 0 0 0
          0 0 0 0 0 0 0 0 0
          0 0 0 0 0 0 0 0 0
          0 0 0 0 0 0 0 0 0
          0 0 0 0 0 0 0 0 0
          0 0 0 0 0 0 0 0 0
          0 0 0 0 0 0 0 0 0
          0 0 0 0 0 0 0 0 0
          0 0 0 0 0 0 0 0 0
          0 0 0 0 0 0 0 0 0
          0 0 0 0 0 0 0 0 0
          0 0 0 0 0 0 0 0 0
          0 0 0 0 0 0 0 0 0
          0 0 0 0 0 0 0 0 0
          0 0 0 0 0 0 0 0 0
          0 0 0 0 0 0 0 0 0
          0 0 0 0 0 0 0 0 0
          0 0 0 0 0 0 0 0 0
          0 0 0 0 0 0 0 0 0
          0 0 0 0 0 0 0 0 0
          0 0 0 0 0 0 0 0 0
          0 0 0 0 0 0 0 0 0
          0 0 0 0 0 0 0 0 0
          0 0 0 0 0 0 0 0 0
          0 0 0 0 0 0 0 0 0
          0 0 0 0 0 0 0 0 0
          0 0 0 0 0 0 0 0 0
          0 0 0 0 0 0 0 0 0
          0 0 0 0 0 0 0 0 0
          0 0 0 0 0 0 0 0 0
          0 0 0 0 0 0 0 0 0
          0 0 0 0 0 0 0 0 0
          0 0 0 0 0 0 0 0 0
          0 0 0 0 0 0 0 0 0
          0 0 0 0 0 0 0 0 0
          0 0 0 0 0 0 0 0 0
          0 0 0 0 0 0 0 0 0
          0 0 0 0 0 0 0 0 0
          0 0 0 0 0 0 0 0 0
          0 0 0 0 0 0 0 0 0
          0 0 0 0 0 0 0 0 0
          0 0 0 0 0 0 0 0 0
          0 0 0 0 0 0 0 0 0
          0 0 0 0 0 0 0 0 0
          0 0 0 0 0 0 0 0 0
          0 0 0 0 0 0 0 0 0
          0 0 0 0 0 0 0 0 0
          0 0 0 0 0 0 0 0 0
          0 0 0 0 0 0 0 0 0
          0 0 0 0 0 0 0 0 0
          0 0 0 0 0 0 0 0 0
          0 0 0 0 0 0 0 0 0
          0 0 0 0 0 0 0 0 0
          0 0 0 0 0 0 0 0 0
          0 0 0 0 0 0 0 0 0
          0 0 0 0 0 0 0 0 0
          0 0 0 0 0 0 0 0 0
          0 0 0 0 0 0 0 0 0
          0 0 0 0 0 0 0 0 0
          0 0 0 0 0 0 0 0 0
          0 0 0 0 0 0 0 0 0
          0 0 0 0 0 0 0 0 0
          0 0 0 0 0 0 0 0 0
          0 0 0 0 0 0 0 0 0
          0 0 0 0 0 0 0 0 0
          0 0 0 0 0 0 0 0 0
          0 0 0 0 0 0 0 0 0
          0 0 0 0 0 0 0 0 0
          0 0 0 0 0 0 0 0 0
          0 0 0 0 0 0 0 0 0
          0 0 0 0 0 0 0 0 0
          0 0 0 0 0 0 0 0 0
          0 0 0 0 0 0 0 0 0
          0 0 0 0 0 0 0 0 0
          0 0 0 0 0 0 0 0 0
          0 0 0 0 0 0 0 0 0
          0 0 0 0 0 0 0 0 0
          0 0 0 0 0 0 0 0 0
          0 0 0 0 0 0 0 0 0
          0 0 0 0 0 0 0 0 0
          0 0 0 0 0 0 0 0 0
          0 0 0 0 0 0 0 0 0
          0 0 0 0 0 0 0 0 0
          0 0 0 0 0 0 0 0 0
          0 0 0 0 0 0 0 0 0
          0 0 0 0 0 0 0 0 0
          0 0 0 0 0 0 0 0 0
          0 0 0 0 0 0 0 0 0
          0 0 0 0 0 0 0 0 0
          0 0 0 0 0 0 0 0 0
          0 0 0 0 0 0 0 0 0
          0 0 0 0 0 0 0 0 0
          0 0 0 0 0 0 0 0 0
          0 0 0 0 0 0 0 0 0
          0 0 0 0 0 0 0 0 0
          0 0 0 0 0 0 0 0 0
          0 0 0 0 0 0 0 0 0
          0 0 0 0 0 0 0 0 0
          0 0 0 0 0 0 0 0 0
          0 0 0 0 0 0 0 0 0
          0 0 0 0 0 0 0 0 0
          0 0 0 0 0 0 0 0 0
          0 0 0 0 0 0 0 0 0
          0 0 0 0 0 0 0 0 0
          0 0 0 0 0 0 0 0 0
          0 0 0 0 0 0 0 0 0
          0 0 0 0 0 0 0 0 0
          0 0 0 0 0 0 0 0 0
          0 0 0 0 0 0 0 0 0
          0 0 0 0 0 0 0 0 0
          0 0 0 0 0 0 0 0 0
          0 0 0 0 0 0 0 0 0
          0 0 0 0 0 0 0 0 0
          0 0 0 0 0 0 0 0 0
          0 0 0 0 0 0 0 0 0
          0 0 0 0 0 0 0 0 0
          0 0 0 0 0 0 0 0 0
          0 0 0 0 0 0 0 0 0
          0 0 0 0 0 0 0 0 0
          0 0 0 0 0 0 0 0 0
          0 0 0 0 0 0 0 0 0
          0 0 0 0 0 0 0 0 0
          0 0 0 0 0 0 0 0 0
          0 0 0 0 0 0 0 0 0
          0 0 0 0 0 0 0 0 0
          0 0 0 0 0 0 0 0 0
          0 0 0 0 0 0 0 0 0
          0 0 0 0 0 0 0 0 0
          0 0 0 0 0 0 0 0 0
          0 0 0 0 0 0 0 0 0
          0 0 0 0 0 0 0 0 0
          0 0 0 0 0 0 0 0 0
          0 0 0 0 0 0 0 0 0
          0 0 0 0 0 0 0 0 0
          0 0 0 0 0 0 0 0 0
          0 0 0 0 0 0 0 0 0
          0 0 0 0 0 0 0 0 0
          0 0 0 0 0 0 0 0 0
          0 0 0 0 0 0 0 0 0
          0 0 0 0 0 0 0 0 0
          0 0 0 0 0 0 0 0 0
          0 0 0 0 0 0 0 0 0
          0 0 0 0 0 0 0 0 0
          0 0 0 0 0 0 0 0 0
          0 0 0 0 0 0 0 0 0
          0 0 0 0 0 0 0 0 0
          0 0 0 0 0 0 0 0 0
          0 0 0 0 0 0 0 0 0
          0 0 0 0 0 0 0 0 0
          0 0 0 0 0 0 0 0 0
          0 0 0 0 0 0 0 0 0
          0 0 0 0 0 0 0 0 0
          0 0 0 0 0 0 0 0 0
          0 0 0 0 0 0 0 0 0
          0 0 0 0 0 0 0 0 0
          0 0 0 0 0 0 0 0 0
          0 0 0 0 0 0 0 0 0
          0 0 0 0 0 0 0 0 0
          0 0 0 0 0 0 0 0 0
          0 0 0 0 0 0 0 0 0
          0 0 0 0 0 0 0 0 0
          0 0 0 0 0 0 0 0 0
          0 0 0 0 0 0 0 0 0
          0 0 0 0 0 0 0 0 0
          0 0 0 0 0 0 0 0 0
          0 0 0 0 0 0 0 0 0
          0 0 0 0 0 0 0 0 0
          0 0 0 0 0 0 0 0 0
          0 0 0 0 0 0 0 0 0
          0 0 0 0 0 0 0 0 0
          0 0 0 0 0 0 0 0 0
          0 0 0 0 0 0 0 0 0
          0 0 0 0 0 0 0 0 0
          0 0 0 0 0 0 0 0 0
          0 0 0 0 0 0 0 0 0
          0 0 0 0 0 0 0 0 0
          0 0 0 0 0 0 0 0 0
          0 0 0 0 0 0 0 0 0
          0 0 0 0 0 0 0 0 0
          0 0 0 0 0 0 0 0 0
          0 0 0 0 0 0 0 0 0
          0 0 0 0 0 0 0 0 0
          0 0 0 0 0 0 0 0 0
          0 0 0 0 0 0 0 0 0
          0 0 0 0 0 0 0 0 0
          0 0 0 0 0 0 0 0 0
          0 0 0 0 0 0 0 0 0
          0 0 0 0 0 0 0 0 0
          0 0 0 0 0 0 0 0 0
          0 0 0 0 0 0 0 0 0
          0 0 0 0 0 0 0 0 0
          0 0 0 0 0 0 0 0 0
          0 0 0 0 0 0 0 0 0
          0 0 0 0 0 0 0 0 0
          0 0 0 0 0 0 0 0 0
          0 0 0 0 0 0 0 0 0
          0 0 0 0 0 0 0 0 0
          0 0 0 0 0 0 0 0 0
          0 0 0 0 0 0 0 0 0
          0 0 0 0 0 0 0 0 0
          0 0 0 0 0 0 0 0 0
          0 0 0 0 0 0 0 0 0
          0 0 0 0 0 0 0 0 0
          0 0 0 0 0 0 0 0 0
          0 0 0 0 0 0 0 0 0
          0 0 0 0 0 0 0 0 0
          0 0 0 0 0 0 0 0 0
          0 0 0 0 0 0 0 0 0
          0 0 0 0 0 0 0 0 0
          0 0 0 0 0
        </DataArray>
        <DataArray type="Float32" Name="U_mag" format="ascii">
          0 0 0 0 0 0 0 0 0
          0 0 0 0 0 0 0 0 0
          0 0 0 0 0 0 0 0 0
          0 0 0 0 0 0 0 0 0
          0 0 0 0 0 0 0 0 0
          0 0 0 0 0 0 0 0 0
          0 0 0 0 0 0 0 0 0
          0 0 0 0 0 0 0 0 0
          0 0 0 0 0 0 0 0 0
          0 0 0 0 0 0 0 0 0
          0 0 0 0 0 0 0 0 0
          0 0 0 0 0 0 0 0 0
          0 0 0 0 0 0 0 0 0
          0 0 0 0 0 0 0 0 0
          0 0 0 0 0 0 0 0 0
          0 0 0 0 0 0 0 0 0
          0 0 0 0 0 0 0 0 0
          0 0 0 0 0 0 0 0 0
          0 0 0 0 0 0 0 0 0
          0 0 0 0 0 0 0 0 0
          0 0 0 0 0 0 0 0 0
          0 0 0 0 0 0 0 0 0
          0 0 0 0 0 0 0 0 0
          0 0 0 0 0 0 0 0 0
          0 0 0 0 0 0 0 0 0
          0 0 0 0 0 0 0 0 0
          0 0 0 0 0 0 0 0 0
          0 0 0 0 0 0 0 0 0
          0 0 0 0 0 0 0 0 0
          0 0 0 0 0 0 0 0 0
          0 0 0 0 0 0 0 0 0
          0 0 0 0 0 0 0 0 0
          0 0 0 0 0 0 0 0 0
          0 0 0 0 0 0 0 0 0
          0 0 0 0 0 0 0 0 0
          0 0 0 0 0 0 0 0 0
          0 0 0 0 0 0 0 0 0
          0 0 0 0 0 0 0 0 0
          0 0 0 0 0 0 0 0 0
          0 0 0 0 0 0 0 0 0
          0 0 0 0 0 0 0 0 0
          0 0 0 0 0 0 0 0 0
          0 0 0 0 0 0 0 0 0
          0 0 0 0 0 0 0 0 0
          0 0 0 0 0 0 0 0 0
          0 0 0 0 0 0 0 0 0
          0 0 0 0 0 0 0 0 0
          0 0 0 0 0 0 0 0 0
          0 0 0 0 0 0 0 0 0
          0 0 0 0 0 0 0 0 0
          0 0 0 0 0 0 0 0 0
          0 0 0 0 0 0 0 0 0
          0 0 0 0 0 0 0 0 0
          0 0 0 0 0 0 0 0 0
          0 0 0 0 0 0 0 0 0
          0 0 0 0 0 0 0 0 0
          0 0 0 0 0 0 0 0 0
          0 0 0 0 0 0 0 0 0
          0 0 0 0 0 0 0 0 0
          0 0 0 0 0 0 0 0 0
          0 0 0 0 0 0 0 0 0
          0 0 0 0 0 0 0 0 0
          0 0 0 0 0 0 0 0 0
          0 0 0 0 0 0 0 0 0
          0 0 0 0 0 0 0 0 0
          0 0 0 0 0 0 0 0 0
          0 0 0 0 0 0 0 0 0
          0 0 0 0 0 0 0 0 0
          0 0 0 0 0 0 0 0 0
          0 0 0 0 0 0 0 0 0
          0 0 0 0 0 0 0 0 0
          0 0 0 0 0 0 0 0 0
          0 0 0 0 0 0 0 0 0
          0 0 0 0 0 0 0 0 0
          0 0 0 0 0 0 0 0 0
          0 0 0 0 0 0 0 0 0
          0 0 0 0 0 0 0 0 0
          0 0 0 0 0 0 0 0 0
          0 0 0 0 0 0 0 0 0
          0 0 0 0 0 0 0 0 0
          0 0 0 0 0 0 0 0 0
          0 0 0 0 0 0 0 0 0
          0 0 0 0 0 0 0 0 0
          0 0 0 0 0 0 0 0 0
          0 0 0 0 0 0 0 0 0
          0 0 0 0 0 0 0 0 0
          0 0 0 0 0 0 0 0 0
          0 0 0 0 0 0 0 0 0
          0 0 0 0 0 0 0 0 0
          0 0 0 0 0 0 0 0 0
          0 0 0 0 0 0 0 0 0
          0 0 0 0 0 0 0 0 0
          0 0 0 0 0 0 0 0 0
          0 0 0 0 0 0 0 0 0
          0 0 0 0 0 0 0 0 0
          0 0 0 0 0 0 0 0 0
          0 0 0 0 0 0 0 0 0
          0 0 0 0 0 0 0 0 0
          0 0 0 0 0 0 0 0 0
          0 0 0 0 0 0 0 0 0
          0 0 0 0 0 0 0 0 0
          0 0 0 0 0 0 0 0 0
          0 0 0 0 0 0 0 0 0
          0 0 0 0 0 0 0 0 0
          0 0 0 0 0 0 0 0 0
          0 0 0 0 0 0 0 0 0
          0 0 0 0 0 0 0 0 0
          0 0 0 0 0 0 0 0 0
          0 0 0 0 0 0 0 0 0
          0 0 0 0 0 0 0 0 0
          0 0 0 0 0 0 0 0 0
          0 0 0 0 0 0 0 0 0
          0 0 0 0 0 0 0 0 0
          0 0 0 0 0 0 0 0 0
          0 0 0 0 0 0 0 0 0
          0 0 0 0 0 0 0 0 0
          0 0 0 0 0 0 0 0 0
          0 0 0 0 0 0 0 0 0
          0 0 0 0 0 0 0 0 0
          0 0 0 0 0 0 0 0 0
          0 0 0 0 0 0 0 0 0
          0 0 0 0 0 0 0 0 0
          0 0 0 0 0 0 0 0 0
          0 0 0 0 0 0 0 0 0
          0 0 0 0 0 0 0 0 0
          0 0 0 0 0 0 0 0 0
          0 0 0 0 0 0 0 0 0
          0 0 0 0 0 0 0 0 0
          0 0 0 0 0 0 0 0 0
          0 0 0 0 0 0 0 0 0
          0 0 0 0 0 0 0 0 0
          0 0 0 0 0 0 0 0 0
          0 0 0 0 0 0 0 0 0
          0 0 0 0 0 0 0 0 0
          0 0 0 0 0 0 0 0 0
          0 0 0 0 0 0 0 0 0
          0 0 0 0 0 0 0 0 0
          0 0 0 0 0 0 0 0 0
          0 0 0 0 0 0 0 0 0
          0 0 0 0 0 0 0 0 0
          0 0 0 0 0 0 0 0 0
          0 0 0 0 0 0 0 0 0
          0 0 0 0 0 0 0 0 0
          0 0 0 0 0 0 0 0 0
          0 0 0 0 0 0 0 0 0
          0 0 0 0 0 0 0 0 0
          0 0 0 0 0 0 0 0 0
          0 0 0 0 0 0 0 0 0
          0 0 0 0 0 0 0 0 0
          0 0 0 0 0 0 0 0 0
          0 0 0 0 0 0 0 0 0
          0 0 0 0 0 0 0 0 0
          0 0 0 0 0 0 0 0 0
          0 0 0 0 0 0 0 0 0
          0 0 0 0 0 0 0 0 0
          0 0 0 0 0 0 0 0 0
          0 0 0 0 0 0 0 0 0
          0 0 0 0 0 0 0 0 0
          0 0 0 0 0 0 0 0 0
          0 0 0 0 0 0 0 0 0
          0 0 0 0 0 0 0 0 0
          0 0 0 0 0 0 0 0 0
          0 0 0 0 0 0 0 0 0
          0 0 0 0 0 0 0 0 0
          0 0 0 0 0 0 0 0 0
          0 0 0 0 0 0 0 0 0
          0 0 0 0 0 0 0 0 0
          0 0 0 0 0 0 0 0 0
          0 0 0 0 0 0 0 0 0
          0 0 0 0 0 0 0 0 0
          0 0 0 0 0 0 0 0 0
          0 0 0 0 0 0 0 0 0
          0 0 0 0 0 0 0 0 0
          0 0 0 0 0 0 0 0 0
          0 0 0 0 0 0 0 0 0
          0 0 0 0 0 0 0 0 0
          0 0 0 0 0 0 0 0 0
          0 0 0 0 0 0 0 0 0
          0 0 0 0 0 0 0 0 0
          0 0 0 0 0 0 0 0 0
          0 0 0 0 0 0 0 0 0
          0 0 0 0 0 0 0 0 0
          0 0 0 0 0 0 0 0 0
          0 0 0 0 0 0 0 0 0
          0 0 0 0 0 0 0 0 0
          0 0 0 0 0 0 0 0 0
          0 0 0 0 0 0 0 0 0
          0 0 0 0 0 0 0 0 0
          0 0 0 0 0 0 0 0 0
          0 0 0 0 0 0 0 0 0
          0 0 0 0 0 0 0 0 0
          0 0 0 0 0 0 0 0 0
          0 0 0 0 0 0 0 0 0
          0 0 0 0 0 0 0 0 0
          0 0 0 0 0 0 0 0 0
          0 0 0 0 0 0 0 0 0
          0 0 0 0 0 0 0 0 0
          0 0 0 0 0 0 0 0 0
          0 0 0 0 0 0 0 0 0
          0 0 0 0 0 0 0 0 0
          0 0 0 0 0 0 0 0 0
          0 0 0 0 0 0 0 0 0
          0 0 0 0 0 0 0 0 0
          0 0 0 0 0 0 0 0 0
          0 0 0 0 0 0 0 0 0
          0 0 0 0 0 0 0 0 0
          0 0 0 0 0 0 0 0 0
          0 0 0 0 0 0 0 0 0
          0 0 0 0 0 0 0 0 0
          0 0 0 0 0 0 0 0 0
          0 0 0 0 0 0 0 0 0
          0 0 0 0 0 0 0 0 0
          0 0 0 0 0 0 0 0 0
          0 0 0 0 0 0 0 0 0
          0 0 0 0 0 0 0 0 0
          0 0 0 0 0
        </DataArray>
        <DataArray type="Float32" Name="nut" format="ascii">
          0 0 0 0 0 0 0 0 0
          0 0 0 0 0 0 0 0 0
          0 0 0 0 0 0 0 0 0
          0 0 0 0 0 0 0 0 0
          0 0 0 0 0 0 0 0 0
          0 0 0 0 0 0 0 0 0
          0 0 0 0 0 0 0 0 0
          0 0 0 0 0 0 0 0 0
          0 0 0 0 0 0 0 0 0
          0 0 0 0 0 0 0 0 0
          0 0 0 0 0 0 0 0 0
          0 0 0 0 0 0 0 0 0
          0 0 0 0 0 0 0 0 0
          0 0 0 0 0 0 0 0 0
          0 0 0 0 0 0 0 0 0
          0 0 0 0 0 0 0 0 0
          0 0 0 0 0 0 0 0 0
          0 0 0 0 0 0 0 0 0
          0 0 0 0 0 0 0 0 0
          0 0 0 0 0 0 0 0 0
          0 0 0 0 0 0 0 0 0
          0 0 0 0 0 0 0 0 0
          0 0 0 0 0 0 0 0 0
          0 0 0 0 0 0 0 0 0
          0 0 0 0 0 0 0 0 0
          0 0 0 0 0 0 0 0 0
          0 0 0 0 0 0 0 0 0
          0 0 0 0 0 0 0 0 0
          0 0 0 0 0 0 0 0 0
          0 0 0 0 0 0 0 0 0
          0 0 0 0 0 0 0 0 0
          0 0 0 0 0 0 0 0 0
          0 0 0 0 0 0 0 0 0
          0 0 0 0 0 0 0 0 0
          0 0 0 0 0 0 0 0 0
          0 0 0 0 0 0 0 0 0
          0 0 0 0 0 0 0 0 0
          0 0 0 0 0 0 0 0 0
          0 0 0 0 0 0 0 0 0
          0 0 0 0 0 0 0 0 0
          0 0 0 0 0 0 0 0 0
          0 0 0 0 0 0 0 0 0
          0 0 0 0 0 0 0 0 0
          0 0 0 0 0 0 0 0 0
          0 0 0 0 0 0 0 0 0
          0 0 0 0 0 0 0 0 0
          0 0 0 0 0 0 0 0 0
          0 0 0 0 0 0 0 0 0
          0 0 0 0 0 0 0 0 0
          0 0 0 0 0 0 0 0 0
          0 0 0 0 0 0 0 0 0
          0 0 0 0 0 0 0 0 0
          0 0 0 0 0 0 0 0 0
          0 0 0 0 0 0 0 0 0
          0 0 0 0 0 0 0 0 0
          0 0 0 0 0 0 0 0 0
          0 0 0 0 0 0 0 0 0
          0 0 0 0 0 0 0 0 0
          0 0 0 0 0 0 0 0 0
          0 0 0 0 0 0 0 0 0
          0 0 0 0 0 0 0 0 0
          0 0 0 0 0 0 0 0 0
          0 0 0 0 0 0 0 0 0
          0 0 0 0 0 0 0 0 0
          0 0 0 0 0 0 0 0 0
          0 0 0 0 0 0 0 0 0
          0 0 0 0 0 0 0 0 0
          0 0 0 0 0 0 0 0 0
          0 0 0 0 0 0 0 0 0
          0 0 0 0 0 0 0 0 0
          0 0 0 0 0 0 0 0 0
          0 0 0 0 0 0 0 0 0
          0 0 0 0 0 0 0 0 0
          0 0 0 0 0 0 0 0 0
          0 0 0 0 0 0 0 0 0
          0 0 0 0 0 0 0 0 0
          0 0 0 0 0 0 0 0 0
          0 0 0 0 0 0 0 0 0
          0 0 0 0 0 0 0 0 0
          0 0 0 0 0 0 0 0 0
          0 0 0 0 0 0 0 0 0
          0 0 0 0 0 0 0 0 0
          0 0 0 0 0 0 0 0 0
          0 0 0 0 0 0 0 0 0
          0 0 0 0 0 0 0 0 0
          0 0 0 0 0 0 0 0 0
          0 0 0 0 0 0 0 0 0
          0 0 0 0 0 0 0 0 0
          0 0 0 0 0 0 0 0 0
          0 0 0 0 0 0 0 0 0
          0 0 0 0 0 0 0 0 0
          0 0 0 0 0 0 0 0 0
          0 0 0 0 0 0 0 0 0
          0 0 0 0 0 0 0 0 0
          0 0 0 0 0 0 0 0 0
          0 0 0 0 0 0 0 0 0
          0 0 0 0 0 0 0 0 0
          0 0 0 0 0 0 0 0 0
          0 0 0 0 0 0 0 0 0
          0 0 0 0 0 0 0 0 0
          0 0 0 0 0 0 0 0 0
          0 0 0 0 0 0 0 0 0
          0 0 0 0 0 0 0 0 0
          0 0 0 0 0 0 0 0 0
          0 0 0 0 0 0 0 0 0
          0 0 0 0 0 0 0 0 0
          0 0 0 0 0 0 0 0 0
          0 0 0 0 0 0 0 0 0
          0 0 0 0 0 0 0 0 0
          0 0 0 0 0 0 0 0 0
          0 0 0 0 0 0 0 0 0
          0 0 0 0 0 0 0 0 0
          0 0 0 0 0 0 0 0 0
          0 0 0 0 0 0 0 0 0
          0 0 0 0 0 0 0 0 0
          0 0 0 0 0 0 0 0 0
          0 0 0 0 0 0 0 0 0
          0 0 0 0 0 0 0 0 0
          0 0 0 0 0 0 0 0 0
          0 0 0 0 0 0 0 0 0
          0 0 0 0 0 0 0 0 0
          0 0 0 0 0 0 0 0 0
          0 0 0 0 0 0 0 0 0
          0 0 0 0 0 0 0 0 0
          0 0 0 0 0 0 0 0 0
          0 0 0 0 0 0 0 0 0
          0 0 0 0 0 0 0 0 0
          0 0 0 0 0 0 0 0 0
          0 0 0 0 0 0 0 0 0
          0 0 0 0 0 0 0 0 0
          0 0 0 0 0 0 0 0 0
          0 0 0 0 0 0 0 0 0
          0 0 0 0 0 0 0 0 0
          0 0 0 0 0 0 0 0 0
          0 0 0 0 0 0 0 0 0
          0 0 0 0 0 0 0 0 0
          0 0 0 0 0 0 0 0 0
          0 0 0 0 0 0 0 0 0
          0 0 0 0 0 0 0 0 0
          0 0 0 0 0 0 0 0 0
          0 0 0 0 0 0 0 0 0
          0 0 0 0 0 0 0 0 0
          0 0 0 0 0 0 0 0 0
          0 0 0 0 0 0 0 0 0
          0 0 0 0 0 0 0 0 0
          0 0 0 0 0 0 0 0 0
          0 0 0 0 0 0 0 0 0
          0 0 0 0 0 0 0 0 0
          0 0 0 0 0 0 0 0 0
          0 0 0 0 0 0 0 0 0
          0 0 0 0 0 0 0 0 0
          0 0 0 0 0 0 0 0 0
          0 0 0 0 0 0 0 0 0
          0 0 0 0 0 0 0 0 0
          0 0 0 0 0 0 0 0 0
          0 0 0 0 0 0 0 0 0
          0 0 0 0 0 0 0 0 0
          0 0 0 0 0 0 0 0 0
          0 0 0 0 0 0 0 0 0
          0 0 0 0 0 0 0 0 0
          0 0 0 0 0 0 0 0 0
          0 0 0 0 0 0 0 0 0
          0 0 0 0 0 0 0 0 0
          0 0 0 0 0 0 0 0 0
          0 0 0 0 0 0 0 0 0
          0 0 0 0 0 0 0 0 0
          0 0 0 0 0 0 0 0 0
          0 0 0 0 0 0 0 0 0
          0 0 0 0 0 0 0 0 0
          0 0 0 0 0 0 0 0 0
          0 0 0 0 0 0 0 0 0
          0 0 0 0 0 0 0 0 0
          0 0 0 0 0 0 0 0 0
          0 0 0 0 0 0 0 0 0
          0 0 0 0 0 0 0 0 0
          0 0 0 0 0 0 0 0 0
          0 0 0 0 0 0 0 0 0
          0 0 0 0 0 0 0 0 0
          0 0 0 0 0 0 0 0 0
          0 0 0 0 0 0 0 0 0
          0 0 0 0 0 0 0 0 0
          0 0 0 0 0 0 0 0 0
          0 0 0 0 0 0 0 0 0
          0 0 0 0 0 0 0 0 0
          0 0 0 0 0 0 0 0 0
          0 0 0 0 0 0 0 0 0
          0 0 0 0 0 0 0 0 0
          0 0 0 0 0 0 0 0 0
          0 0 0 0 0 0 0 0 0
          0 0 0 0 0 0 0 0 0
          0 0 0 0 0 0 0 0 0
          0 0 0 0 0 0 0 0 0
          0 0 0 0 0 0 0 0 0
          0 0 0 0 0 0 0 0 0
          0 0 0 0 0 0 0 0 0
          0 0 0 0 0 0 0 0 0
          0 0 0 0 0 0 0 0 0
          0 0 0 0 0 0 0 0 0
          0 0 0 0 0 0 0 0 0
          0 0 0 0 0 0 0 0 0
          0 0 0 0 0 0 0 0 0
          0 0 0 0 0 0 0 0 0
          0 0 0 0 0 0 0 0 0
          0 0 0 0 0 0 0 0 0
          0 0 0 0 0 0 0 0 0
          0 0 0 0 0 0 0 0 0
          0 0 0 0 0 0 0 0 0
          0 0 0 0 0 0 0 0 0
          0 0 0 0 0 0 0 0 0
          0 0 0 0 0 0 0 0 0
          0 0 0 0 0 0 0 0 0
          0 0 0 0 0 0 0 0 0
          0 0 0 0 0 0 0 0 0
          0 0 0 0 0 0 0 0 0
          0 0 0 0 0 0 0 0 0
          0 0 0 0 0
        </DataArray>
        <DataArray type="Float32" Name="omega" format="ascii">
          65.0838333 49.4859667 48.178 61.0509333 66.0631 73.1378 66.2760333 59.1645667 48.8121667
          63.2013333 48.6282 63.2835 69.9949667 62.6407 63.0247333 70.5904667 71.1205 61.6365
          46.2380667 43.3969 60.706 67.413 43.8559 47.0438333 17.7828667 17.7688667 17.0258
          17.0260333 21.0738333 19.6524 19.6753667 21.1105667 31.7419 31.0701 73.9578 68.4014333
          55.2301667 40.2768333 34.4471667 39.7182 29.8342333 30.5292667 63.4744667 69.9825333 39.0642
          51.9882667 38.5556333 33.2294333 17.6786 17.6553667 17.0253667 17.0248667 19.6503333 21.0556667
          21.0505667 19.6689667 75.4731333 79.1744667 57.3445333 62.3018667 72.6381 69.3229667 57.8367667
          54.9087 28.2654 28.6707667 59.8406 71.1796333 36.9400333 31.6491333 34.9852 44.4421667
          17.6505667 17.6499333 17.0227333 17.023 21.0336667 19.6482 19.6496 21.0354333 28.9607
          28.5207333 68.6692333 58.7693 31.9268 37.2423333 45.1071333 35.3305333 17.6535667 17.6549
          17.0237667 17.0237667 19.6673667 21.0596333 21.0667 19.6731 12.2142667 14.1372 12.3847667
          13.3592 13.2456333 14.2075 24.8784 19.6163333 24.6023333 19.3290667 25.0155667 19.5408667
          25.0529 19.5978667 13.2928667 12.3072667 11.3778667 13.3316333 12.2519667 13.2572333 24.3939
          19.2765 24.4869333 19.3878333 14.262 15.1794667 15.0880333 15.1499333 15.0276 14.1284333
          25.0513333 19.6998333 24.8309667 19.4669 12.5155 13.3683333 13.4729333 14.3145667 12.5233667
          14.3443667 32.6582333 32.5501667 76.1240333 73.0085667 74.0791 77.2196 38.8584 35.4272
          34.8624333 37.9981667 61.006 56.2549333 56.6895 61.7578667 32.0060333 32.1899333 35.0657333
          38.5848 37.5317333 34.3428333 37.1213 33.1991667 36.3311667 32.9231 28.6652 28.2604667
          70.0562333 59.1402 44.4593667 34.9796333 31.6453333 36.9378667 53.7315 53.7282 60.9931333
          69.3304 40.1223 42.2509 43.4483667 46.3123 42.2886333 40.2058333 34.9493 38.6588
          38.7386333 34.9866333 28.3419333 28.7805667 59.532 70.7674333 35.1504 44.5837 37.0797667
          31.7537333 35.871 35.8526 69.9126333 61.2285 35.4248 37.6474667 46.2802 43.4355667
          37.9238333 35.5665333 36.4469 32.8829667 36.6929667 32.976 30.9466 32.2625 32.4441333
          31.1422333 66.9326333 72.6268667 73.4420333 67.7502333 39.5085 34.2515667 34.4699333 39.7543667
          41.1753 54.9300667 55.429 41.3569333 37.3912 33.5356667 33.3153 36.7673 42.6376333
          39.3649333 41.4724 34.5207333 43.1205 40.1425 28.6964 31.0536333 28.2862333 29.5902333
          29.1738 27.7828 39.5150333 42.703 34.7234 41.575 39.5298333 42.6563667 30.9636
          28.4653333 29.8040667 28.4664667 27.3487667 29.0686 60.8943333 67.0757 64.2653667 57.8084333
          54.6391333 64.2975333 54.4259667 63.6948667 62.9520667 54.6698 54.8024333 64.2655 66.2655
          60.0994667 60.6840333 66.9401 51.1652333 60.8943333 57.8084333 49.4644 58.1584 59.7423667
          54.3318333 53.4635667 48.3870667 54.6391333 48.1869 54.4259667 54.6698 48.1511 48.4841667
          54.8024333 60.0994667 50.7575333 51.1587667 60.6840333 75.3001 80.6656333 24.1800667 30.1472
          42.8167333 42.2718333 40.2501333 40.7388333 73.75 80.6624 30.2695333 24.2612333 112.842467
          89.7719 59.3002667 465.283667 454.195667 385.343133 424.046133 64.6803667 74.1268667 75.0615
          45.7424 53.7206667 41.3152667 47.5654333 41.9348333 41.4049667 64.7533667 66.2945333 63.7822667
          41.6912333 41.5537 45.0164333 51.5214667 43.4713667 50.4234 627.777 688.507667 326.7014
          220.7644 75.6215333 80.4090333 65.1909667 74.8621 75.6041333 112.676333 88.8697667 58.7149333
          59.8567667 55.3956333 123.360033 99.0993333 136.7577 160.2867 240.158333 170.035 160.826167
          136.8935 169.116 238.201667 71.4234667 47.7193 85.7007 109.549633 163.611233 210.1689
          122.098867 138.856333 53.3163 57.1483667 127.472233 191.771333 191.579 127.313633 53.1242667
          79.0535 86.8061 60.3830333 105.531767 133.301333 186.761667 178.630333 41.8644333 39.3397333
          73.6410333 80.2511333 141.656267 124.2763 62.0311 56.4857667 45.4876667 43.2673 42.7716
          44.7656 52.6585 80.4440333 113.721333 85.7403667 245.1365 164.1605 203.401333 133.576233
          127.252667 199.879333 63.1391667 66.9650333 71.6577333 78.7192667 78.8853667 81.0800667 163.0027
          244.834367 80.7922667 52.9374667 84.9425 113.014767 47.7392333 47.7377333 64.4599 62.9211
          86.5551333 83.7859333 77.6367 62.9253 66.8108 64.1588333 182.173033 66.8966333 160.631333
          121.761333 152.611 227.948333 48.4125333 32.6822 241.302667 208.498 184.929667 59.5545667
          84.7675333 71.2677667 51.5010333 61.8640333 75.8871667 162.119333 189.982333 237.774333 170.6132
          56.8905667 82.9426667 981.548 1257.86 743.650333 1080.693 743.544 1080.22633 67.1047333
          66.1563333 31.9892 47.3159333 51.8818333 72.0345333 66.1853 67.1727667 113.743133 98.8250667
          99.2497333 114.954467 50.9746667 94.3622667 92.7282333 49.2598 520.143 760.457333 565.493
          724.822667 623.256 835.955333 41.4011 47.4224333 57.8717333 81.1100667 54.9460667 73.4881
          160.755 189.743667 238.110667 170.3962 76.3965 78.6839667 250.746 229.938333 184.632667
          184.606333 96.6748333 96.5306333 69.3451 85.1576667 45.9372 40.8267667 381.3829 320.177567
          193.035333 212.215667 241.302667 54.2215 79.9653 136.154 84.4927333 42.5005 49.6209667
          56.4729667 75.6476 76.3677333 75.3175 65.6486667 53.1563667 72.9277 172.908033 242.005667
          192.422333 162.476333 137.668667 85.4075667 258.226833 75.2888 46.2784 41.0817 43.2666667
          40.8792333 85.2666667 86.0781 63.0805667 79.8124 79.2144 97.3708 97.5173 198.054333
          219.572667 220.127667 198.393333 77.3595 72.5567333 52.5593333 45.0454667 55.1104333 74.4769667
          43.6020333 50.7213 40.8287 43.2191667 619.566433 559.1961 265.495767 219.225433 86.6628333
          85.3418333 79.7883 80.4100333 63.3300333 95.0373667 51.3497 51.2965667 94.7726333 113.253933
          98.4680667 98.7897333 113.846267 140.029733 99.3597333 43.0647333 38.0078333 54.0318667 65.1873333
          66.1071 59.7959 65.842 55.8159 66.7617667 61.6264 99.5073333 139.4053 34.3879
          56.7675333 56.3872 34.5023333 147.700567 147.2073 57.7062333 51.007 71.6133667 68.4991
          78.3740667 71.5401 80.4501333 78.3196333 56.2615667 64.8878667 101.5518 140.260767 37.5209
          42.9642333 62.9734 52.2508 64.0985333 58.4335 62.2786333 63.6396 76.9199333 73.0859
          59.5728667 60.0129 49.9519667 51.1535667 192.693 181.063333 193.601 150.270667 32.1508
          34.7543333 111.332033 201.615667 228.536333 254.869 200.651 55.3857 64.6125333 66.0791
          61.6952333 54.7598333 63.6499667 64.7751 60.2619667 122.0567 95.5297333 35.3874667 32.7033333
          85.7061333 74.1757 57.1107 137.687 162.934667 103.2119 124.1402 65.1021667 59.4919333
          38.0503333 43.0754667 65.3702667 55.7587 143.984267 104.3183 59.3830333 53.6640667 190.117
          108.037767 53.5866 71.0809667 82.1808333 126.857 105.762933 161.878667 136.681 71.8472333
          58.7193333 71.4218333 63.4186333 77.1710333 63.6485333 56.4637667 60.3661333 43.0646667 38.0268333
          21.3999333 22.0587333 79.8761667 65.3169667 80.2952333 65.968 23.5104 25.7335667 38.5784667
          52.2588 52.2492 44.6142667 248.5838 194.9558 178.636133 213.371133 246.074433 228.1331
          299.498667 264.324333 195.275533 183.796533 40.9542667 42.5801667 87.3093667 53.7748667 181.285933
          192.495267 79.3005 77.8085667 52.3260667 86.0771 265.028233 174.193733 211.840967 384.316
          187.014333 186.358467 38.4027667 32.2366667 71.9997667 60.0522667 73.9648 64.5909 119.194433
          195.3278 73.6361667 83.2543667 63.8013 121.841533 103.246167 66.5920667 50.0177 74.8382667
          56.5259333 87.8774667 120.2826 64.9823 63.9827 69.3363667 71.9523333 67.6459667 67.0815667
          83.7028333 100.186233 190.645 107.993967 102.9601 115.8932 97.5142 212.579 161.213
          161.097667 212.413 129.881533 129.852867 34.7023333 48.3775 48.2215667 34.6786667 44.8306
          44.8425333 125.061333 112.1113 84.4782333 59.2630333 71.394 93.8165333 69.4149667 31.7939333
          37.3982 92.8650667 90.2541333 137.863233 82.5905667 153.370667 112.201233 116.434567 126.399667
          115.686467 85.4807667 112.0953 114.531433 102.3392 112.4791 93.9966667 71.9783333 129.506633
          152.484633 44.0646333 47.3999333 43.0358 53.6229667 57.8819667 52.953 59.0454667 61.0465667
          60.9368 58.7817667 32.1078333 34.4727 56.5331 79.0643667 50.0777333 66.6774667 129.6931
          93.0743667 47.3667667 42.3821 71.7553667 54.0773 85.3787333 100.921 65.5133333 64.7697
          70.7726 66.3624 104.3626 87.0229667 128.9977 97.7117 91.1199 120.285533 155.592333
          50.9715667 68.0757667 57.3272333 76.1756333 122.5517 89.4529333 92.1836333 107.143267 102.135733
          85.5372333 65.3683 67.3486667 194.081 110.206033 61.7241333 60.0562667 59.3682 61.3233333
          32.4553333 35.0007333 59.9421 59.8478333 59.9614 60.2243667 32.0221667 37.4143 35.324
          34.0118 77.8761333 34.9161333 87.73 134.389633 72.1580667 60.9897333 76.5471 66.7172667
          196.887733 119.792433 220.674 256.443667 232.567 248.242 50.795 56.2264 103.110067
          82.1114667 105.630033 113.041133 128.025333 48.8855667 35.3073333 33.9627667 48.6285667 44.3082
          43.0741333 167.688333 224.919667 221.613667 157.956333 127.8018 133.6728 69.9396333 56.5137667
          115.733267 104.402767 97.3051667 65.6251333 85.5787333 74.6127667 57.0663667 66.7665333 50.1168667
          87.8102 119.847667 54.3809 71.7802667 42.3827333 47.7639333 95.3427667 80.0760667 83.6703
          100.628967 126.452767 125.400267 91.0121667 146.296767 114.574667 65.3521 64.2080667 39.6065
          32.2697667 34.8863667 77.3624333 34.2597333 35.5794667 133.118733 86.9324667 75.1222 64.9147
          123.2157 199.2501 249.755333 234.345 254.320333 218.759 70.6671667 59.0160333 50.2133667
          56.3874667 82.7698333 104.186667 42.9991667 41.6213333 187.062333 197.592 55.1174 89.6532333
          41.6025667 42.9637667 197.0148 186.644467 89.5680333 55.1011 271.697333 307.534667 234.1786
          251.468933 174.684567 174.6209 23.5080667 25.7324333 45.2607667 47.7785667 53.8007667 51.2719333
          46.0838667 46.8904333 38.5655 40.2357 21.3815667 22.0439333 65.2718 79.8832 79.5661333
          65.098 26.8938 30.2774 45.1511 53.4198333 29.4966 32.2717 50.2022333 67.5891667
          34.8766333 39.6786 69.7093333 59.5812667 66.5247 88.0046667 29.4203667 26.0681333 53.1793333
          45.2131 32.2497667 29.4775 68.3137 50.8744 38.3682 34.4704333 59.7973 70.0594667
          88.0896 66.5232333 147.876 134.237333 158.556667 145.981333 103.349667 124.778333 32.7944
          31.2971 38.6531667 45.0122 44.3429 38.7178333 53.0671667 49.0175333 40.8277667 44.9975667
          42.4592667 46.1952 65.0306333 28.6271667 29.0451 34.4525 34.0345667 36.1094667 52.0419667
          50.6945333 239.172333 230.587667 220.264 270.755 145.916333 132.950667 146.202667 156.24
          124.7086 103.432633 52.6642667 51.2877333 30.8562333 31.9838333 43.7118 38.3017 38.7794667
          44.1103 28.6244333 29.0538 49.0906333 53.1315 46.079 41.1445333 50.3008667 53.4422333
          44.7868667 40.5158333 27.5609 26.7981 30.6096667 32.4951 50.6496667 51.9831 171.163
          221.190667 286.146667 243.080333 148.367 134.858 158.838333 146.229667 52.7203333 51.3522
          29.0486667 28.6290667 53.9239333 49.4779333 41.1667333 39.7404 32.7776 31.2928667 148.243667
          134.990333 146.105 158.437 40.7981 43.1374 50.0164333 42.8657333 41.6971 39.8242333
          189.788333 133.672733 41.9052 48.8481 63.6356 52.485 86.2114 69.9602 101.3494
          54.2847667 99.4757333 140.5257 140.073167 99.2444667 17.1457667 17.1754 15.7172 55.5925667
          45.4181333 53.6828 52.9017333 38.6713667 142.005567 67.0669333 90.2156667 114.2872 82.4094333
          101.070667 53.5167333 83.2974 86.0451333 97.9721667 98.3565667 62.7116667 57.6869 64.4541333
          28.1349667 28.0561 71.136 91.1479667 73.6842 106.509633 96.4446333 90.3900667 88.8329
          60.1403667 64.2702667 84.1539667 87.1686667 62.3670333 55.9451 60.6709333 231.616667 146.898033
          100.683233 100.746433 27.8470333 28.0578333 78.0218667 63.3615333 138.973333 112.5116 97.429
          62.9728 58.0076667 64.8615 87.2013 84.5367 100.141567 100.436367 89.1294333 112.458333
          82.1734667 47.6424333 47.6786333 219.631733 183.858067 198.799733 252.395733 146.275667 68.9937333
          15.7184667 59.0365 17.1407667 17.1836667 45.5468667 79.2644333 97.9126333 68.7332 72.9386333
          72.6408 48.8427667 42.2602333 65.8820667 66.9222 52.0858667 46.4625333 51.9481 72.1892
          59.7959 55.3808333 72.8224 52.6027667 61.6264 56.0355 31.8208667 47.1514667 20.8079
          16.6318 38.263 30.3436333 31.51094 46.2812333 12.09454 15.1545667 66.4126 99.4327
          80.2257333 45.723 99.2986 69.2666333 39.1119667 39.6949667 49.0817667 41.9821 67.5629333
          66.3635333 169.1155 169.554833 34.2803 35.5846667 53.6670333 39.6403 34.7429 77.3938333
          134.038933 87.7443333 247.423333 231.702667 255.726 220.256333 42.3077 47.2677 83.2737667
          79.8437 49.1839333 66.567 85.2637667 90.6107333 95.3598333 80.1674667 146.1017 114.0566
          129.1641 101.905767 71.4496667 59.3293667 69.4695667 93.8878667 66.3702 99.4062 31.2255333
          40.9817667 46.2669333 31.4881533 12.0936533 15.0824667 46.7923 52.9190333 140.719033 98.7449667
          58.4335 54.4934 41.6282333 55.7926333 130.838567 71.7378 303.781667 484.958667 370.383667
          34.2871667 32.9654 61.5545 123.8499 46.0211667 43.8298 202.873333 189.484333 30.2478
          29.583 34.1790667 46.7245 71.4913 83.9816667 45.6363 58.1421 20.7962667 16.5391333
          52.4779667 72.8738667 61.6952333 56.8087667 99.4215333 137.677933 60.2619667 55.1699667 44.9181
          29.8895667 57.5586667 54.4365333 63.1877 19.2645333 14.9965 179.883 183.626333 71.7908667
          54.2027 123.8757 94.9252333 91.0252 47.5305 42.9297333 81.4111 96.6571333 31.4814333
          30.4034333 24.4572333 25.8376667 26.4229333 23.7632667 248.901667 177.059667 70.0095667 63.1913667
          87.9521333 66.3129667 59.4919333 55.8318333 46.6122667 51.9263 28.9319333 37.0499667 31.1500067
          46.1958333 11.3510733 14.0388667 69.9461667 106.41 102.4046 130.7466 60.4184 72.5282
          94.0098 69.4192667 160.562667 187.054333 237.909 117.7956 87.2589333 51.364 250.946
          180.595333 64.2040667 85.0271667 105.157933 104.265567 126.707567 104.5372 169.2424 238.058667
          285.058333 303.579 303.779333 235.696 361.009833 170.165667 105.455133 361.3677 235.698767
          249.1973 249.192067 79.3563667 45.4399 49.6892 43.1212 98.0521 68.3841667 38.0851667
          38.4035 69.738 106.1955 38.6741333 30.5102 44.4369333 29.41713 12.1380967 15.2008333
          57.4025333 58.2360667 42.5216 20.8484667 16.6798333 73.7737333 53.3174 63.4186333 51.5186
          60.3661333 50.0830333 52.1284333 46.6555 45.7218333 79.3314333 49.2481 43.0562 97.7055
          68.2504667 72.2972667 72.4983 22.0587333 42.2734667 25.5893667 19.2750333 25.8169667 19.2706667
          25.7335667 34.2138667 27.7767333 19.5740333 27.8694667 19.6535667 95.3400333 82.9687667 279.601333
          186.273067 83.038 94.6937 185.5138 279.189 175.856333 257.484333 257.655667 175.395333
          104.309767 168.9495 279.037667 278.454 329.104 351.221 105.939433 170.0725 76.7149667
          80.536 75.6484667 78.5685333 33.6332333 50.3346333 121.602333 189.732 170.944 103.058633
          175.214667 248.473333 63.2105333 63.7702333 64.2422 83.6055667 71.1052 67.4696667 37.4322
          50.1902 212.269333 197.437 224.179667 59.6528667 43.7568 84.5005 75.0818333 48.6913
          34.2672667 34.1534333 48.4487333 85.1476333 85.3552333 148.318333 133.157667 132.537 147.757667
          70.1445333 63.4861333 145.82 106.843433 80.3853 114.544733 113.405233 79.1694 134.102667
          108.479667 132.375133 108.4866 157.945333 158.628667 188.069333 53.8549 35.7186 143.538
          178.801667 95.2801 65.2242 136.350333 128.526333 114.593533 26.7144333 54.3892 86.1466667
          53.8579333 52.3946667 26.837 50.8935667 79.9114667 48.6363 48.9548667 43.1529667 40.9389
          30.9174333 42.8865333 38.4942 40.3897 32.4939 42.4655 29.7526667 28.4727333 41.2203667
          54.5035 60.1584 51.0605 30.0588 30.6160667 47.0717667 34.6286333 69.2775667 73.1595333
          79.026 81.0431333 71.0569 75.0703 52.5500333 39.0821 43.6519333 56.7230667 82.9705667
          85.2829667 68.1969333 73.697 146.7056 119.8058 78.3554667 54.0878333 53.3938667 68.9585667
          188.032333 203.287667 243.664333 67.6898 86.692 63.8244667 51.4564333 74.5614667 32.4229
          32.3621667 46.8278667 46.8388333 26.0982 28.4424 28.0697 25.7752667 30.1109333 31.2680667
          24.4158 22.3721 22.4336333 25.8184667 56.0946333 56.6069 55.1505 27.0351 54.8163667
          87.5481 56.7238 57.3669333 26.7563333 54.7018 86.6217333 53.9442333 211.721 248.941333
          176.674667 44.6147 46.2285333 246.843 209.922667 140.51 78.7322333 74.5712333 89.8329
          104.3805 83.9799 79.9629333 78.7645 125.470833 127.171433 129.417433 51.7595 34.1821333
          40.1504 53.3293333 33.9245333 48.9405333 47.6977 33.0061667 87.8885667 87.3533 55.7497667
          64.3033667 103.958967 142.0432 130.897333 88.0975333 130.300333 138.86 152.097667 149.980667
          95.9585333 138.376333 101.506867 128.696867 72.9678667 68.8362 34.8177333 49.2868 70.1239
          66.9628 79.6174333 83.5785667 90.8683667 74.9285667 79.3852667 84.8599333 105.655033 34.0514333
          51.4025333 75.2579333 78.0921 40.0882333 53.4059333 82.0591333 98.1933667 186.372667 272.732333
          97.3685333 81.7539667 272.007667 185.366 60.3176667 34.2482 34.4662333 60.0171667 148.014633
          148.496967 253.278333 174.591 174.559667 253.487 25.7324333 34.2135 19.5674 27.7550333
          19.6591333 27.8878 22.0439333 42.2855333 19.2603 25.5528667 25.6978667 19.2620333 65.1363
          46.2759 42.5370333 36.1622 34.0558667 34.4852333 43.6209 37.6555333 39.6786 45.1020667
          124.860867 103.3809 34.3971 33.9775 36.1048333 38.2726333 45.7743667 38.3048333 38.3682
          242.315333 285.072667 220.518 170.830333 103.173233 124.7396 32.9132 33.2110333 97.7563667
          185.005467 93.3128667 77.9192 272.411333 223.596333 234.277 240.943 52.1288333 32.1970333
          110.782767 121.247867 135.300667 134.237333 59.6753 69.5987333 87.9028667 66.4742 44.5614
          56.7389333 69.4278 51.9174667 38.7178333 34.8239 55.4365 69.4866 35.4785667 40.8277667
          52.9885333 45.0054667 32.2367 29.4832 31.42634 54.3812333 33.1575333 34.5049667 78.8933667
          64.8667 25.5280667 18.3117 30.3914333 26.9216333 34.2726667 33.6896667 98.5678 184.3481
          79.1846333 94.3474667 32.4861 52.7027 111.763 118.9238 106.302467 109.2308 70.1182333
          60.1308 66.4607667 87.7367333 33.1208333 34.4973667 64.8227667 78.8197333 25.5102667 18.3171333
          54.3193333 31.4046867 59.1941333 46.4964667 53.9419333 94.3621667 36.0289 38.7794667 69.7630333
          55.5952 41.1445333 35.8535667 89.8489 57.2475333 40.5158333 36.7054667 45.9357667 52.4441
          31.8625333 33.6973333 37.1867 29.3957 32.8850667 55.3809667 43.1563667 31.4732067 55.3591333
          68.4372667 83.3053333 18.3484 25.5675667 26.8129333 30.4156333 34.4773667 33.1439333 111.294633
          120.7978 108.473133 109.373467 187.439733 98.9034667 78.1978333 93.6942667 32.0456667 52.1089667
          33.1744667 32.8561333 68.2058 80.8209667 18.2893667 25.4752 33.1561333 34.5242667 29.3359633
          50.8734667 56.0245 70.3171 35.906 41.1667333 43.8946333 55.8901333 111.5316 121.848333
          135.911667 134.990333 98.5339 186.914267 94.1801 78.1361333 52.7079667 32.5094333 32.8971333
          33.0981667 35.5481333 34.7442667 34.8551333 35.7137667 39.1222 31.5880333 29.3435333 24.2591333
          45.9488 44.6109667 88.7232 66.6614333 45.2246 47.3822 118.5132 116.2122 45.8496
          58.4057667 70.0862333 150.022267 128.902933 50.2174333 39.8344 31.6301 39.1629333 39.0304667
          30.9404667 32.577 48.7664 24.5489333 29.4878 45.9046 44.5822 65.867 88.8844667
          105.005667 73.6065333 44.972 121.870967 138.177433 30.3114 43.4992667 63.128 62.4035667
          45.9844333 30.5468667 45.2034667 47.3781667 31.7801333 39.5685667 110.316833 143.978567 144.225467
          111.849067 95.3070333 128.634167 128.256833 166.383 240.019 46.4907667 31.0876 46.092
          56.021 54.6964667 42.0282667 72.1158333 57.4400667 44.3869 37.7745 47.8688667 67.1824
          91.0159 130.008733 152.912067 172.950333 137.761333 37.1854667 62.1419 98.3799667 93.3395333
          20.7033333 24.0133 24.9240667 22.8548333 36.1587 37.4906333 57.5014667 47.2118 55.1424
          45.4592667 45.9650333 30.7158 36.2659 37.6399 24.3591333 21.0804 20.2870333 23.2992333
          144.754733 145.032733 66.6760333 88.3465 49.1575333 34.8792667 46.2261667 56.2553 143.723333
          110.505467 111.491933 144.2748 13.7218 12.00994 22.3317333 31.5992667 12.0101867 13.7347333
          33.3319 22.3114 11.6742733 13.4729667 30.9446333 21.9375 13.7934333 12.05693 21.5722
          31.0623667 144.276333 176.518667 179.842667 225.474
        </DataArray>
        <DataArray type="Float32" Name="Uy" format="ascii">
          0 0 0 0 0 0 0 0 0
          0 0 0 0 0 0 0 0 0
          0 0 0 0 0 0 0 0 0
          0 0 0 0 0 0 0 0 0
          0 0 0 0 0 0 0 0 0
          0 0 0 0 0 0 0 0 0
          0 0 0 0 0 0 0 0 0
          0 0 0 0 0 0 0 0 0
          0 0 0 0 0 0 0 0 0
          0 0 0 0 0 0 0 0 0
          0 0 0 0 0 0 0 0 0
          0 0 0 0 0 0 0 0 0
          0 0 0 0 0 0 0 0 0
          0 0 0 0 0 0 0 0 0
          0 0 0 0 0 0 0 0 0
          0 0 0 0 0 0 0 0 0
          0 0 0 0 0 0 0 0 0
          0 0 0 0 0 0 0 0 0
          0 0 0 0 0 0 0 0 0
          0 0 0 0 0 0 0 0 0
          0 0 0 0 0 0 0 0 0
          0 0 0 0 0 0 0 0 0
          0 0 0 0 0 0 0 0 0
          0 0 0 0 0 0 0 0 0
          0 0 0 0 0 0 0 0 0
          0 0 0 0 0 0 0 0 0
          0 0 0 0 0 0 0 0 0
          0 0 0 0 0 0 0 0 0
          0 0 0 0 0 0 0 0 0
          0 0 0 0 0 0 0 0 0
          0 0 0 0 0 0 0 0 0
          0 0 0 0 0 0 0 0 0
          0 0 0 0 0 0 0 0 0
          0 0 0 0 0 0 0 0 0
          0 0 0 0 0 0 0 0 0
          0 0 0 0 0 0 0 0 0
          0 0 0 0 0 0 0 0 0
          0 0 0 0 0 0 0 0 0
          0 0 0 0 0 0 0 0 0
          0 0 0 0 0 0 0 0 0
          0 0 0 0 0 0 0 0 0
          0 0 0 0 0 0 0 0 0
          0 0 0 0 0 0 0 0 0
          0 0 0 0 0 0 0 0 0
          0 0 0 0 0 0 0 0 0
          0 0 0 0 0 0 0 0 0
          0 0 0 0 0 0 0 0 0
          0 0 0 0 0 0 0 0 0
          0 0 0 0 0 0 0 0 0
          0 0 0 0 0 0 0 0 0
          0 0 0 0 0 0 0 0 0
          0 0 0 0 0 0 0 0 0
          0 0 0 0 0 0 0 0 0
          0 0 0 0 0 0 0 0 0
          0 0 0 0 0 0 0 0 0
          0 0 0 0 0 0 0 0 0
          0 0 0 0 0 0 0 0 0
          0 0 0 0 0 0 0 0 0
          0 0 0 0 0 0 0 0 0
          0 0 0 0 0 0 0 0 0
          0 0 0 0 0 0 0 0 0
          0 0 0 0 0 0 0 0 0
          0 0 0 0 0 0 0 0 0
          0 0 0 0 0 0 0 0 0
          0 0 0 0 0 0 0 0 0
          0 0 0 0 0 0 0 0 0
          0 0 0 0 0 0 0 0 0
          0 0 0 0 0 0 0 0 0
          0 0 0 0 0 0 0 0 0
          0 0 0 0 0 0 0 0 0
          0 0 0 0 0 0 0 0 0
          0 0 0 0 0 0 0 0 0
          0 0 0 0 0 0 0 0 0
          0 0 0 0 0 0 0 0 0
          0 0 0 0 0 0 0 0 0
          0 0 0 0 0 0 0 0 0
          0 0 0 0 0 0 0 0 0
          0 0 0 0 0 0 0 0 0
          0 0 0 0 0 0 0 0 0
          0 0 0 0 0 0 0 0 0
          0 0 0 0 0 0 0 0 0
          0 0 0 0 0 0 0 0 0
          0 0 0 0 0 0 0 0 0
          0 0 0 0 0 0 0 0 0
          0 0 0 0 0 0 0 0 0
          0 0 0 0 0 0 0 0 0
          0 0 0 0 0 0 0 0 0
          0 0 0 0 0 0 0 0 0
          0 0 0 0 0 0 0 0 0
          0 0 0 0 0 0 0 0 0
          0 0 0 0 0 0 0 0 0
          0 0 0 0 0 0 0 0 0
          0 0 0 0 0 0 0 0 0
          0 0 0 0 0 0 0 0 0
          0 0 0 0 0 0 0 0 0
          0 0 0 0 0 0 0 0 0
          0 0 0 0 0 0 0 0 0
          0 0 0 0 0 0 0 0 0
          0 0 0 0 0 0 0 0 0
          0 0 0 0 0 0 0 0 0
          0 0 0 0 0 0 0 0 0
          0 0 0 0 0 0 0 0 0
          0 0 0 0 0 0 0 0 0
          0 0 0 0 0 0 0 0 0
          0 0 0 0 0 0 0 0 0
          0 0 0 0 0 0 0 0 0
          0 0 0 0 0 0 0 0 0
          0 0 0 0 0 0 0 0 0
          0 0 0 0 0 0 0 0 0
          0 0 0 0 0 0 0 0 0
          0 0 0 0 0 0 0 0 0
          0 0 0 0 0 0 0 0 0
          0 0 0 0 0 0 0 0 0
          0 0 0 0 0 0 0 0 0
          0 0 0 0 0 0 0 0 0
          0 0 0 0 0 0 0 0 0
          0 0 0 0 0 0 0 0 0
          0 0 0 0 0 0 0 0 0
          0 0 0 0 0 0 0 0 0
          0 0 0 0 0 0 0 0 0
          0 0 0 0 0 0 0 0 0
          0 0 0 0 0 0 0 0 0
          0 0 0 0 0 0 0 0 0
          0 0 0 0 0 0 0 0 0
          0 0 0 0 0 0 0 0 0
          0 0 0 0 0 0 0 0 0
          0 0 0 0 0 0 0 0 0
          0 0 0 0 0 0 0 0 0
          0 0 0 0 0 0 0 0 0
          0 0 0 0 0 0 0 0 0
          0 0 0 0 0 0 0 0 0
          0 0 0 0 0 0 0 0 0
          0 0 0 0 0 0 0 0 0
          0 0 0 0 0 0 0 0 0
          0 0 0 0 0 0 0 0 0
          0 0 0 0 0 0 0 0 0
          0 0 0 0 0 0 0 0 0
          0 0 0 0 0 0 0 0 0
          0 0 0 0 0 0 0 0 0
          0 0 0 0 0 0 0 0 0
          0 0 0 0 0 0 0 0 0
          0 0 0 0 0 0 0 0 0
          0 0 0 0 0 0 0 0 0
          0 0 0 0 0 0 0 0 0
          0 0 0 0 0 0 0 0 0
          0 0 0 0 0 0 0 0 0
          0 0 0 0 0 0 0 0 0
          0 0 0 0 0 0 0 0 0
          0 0 0 0 0 0 0 0 0
          0 0 0 0 0 0 0 0 0
          0 0 0 0 0 0 0 0 0
          0 0 0 0 0 0 0 0 0
          0 0 0 0 0 0 0 0 0
          0 0 0 0 0 0 0 0 0
          0 0 0 0 0 0 0 0 0
          0 0 0 0 0 0 0 0 0
          0 0 0 0 0 0 0 0 0
          0 0 0 0 0 0 0 0 0
          0 0 0 0 0 0 0 0 0
          0 0 0 0 0 0 0 0 0
          0 0 0 0 0 0 0 0 0
          0 0 0 0 0 0 0 0 0
          0 0 0 0 0 0 0 0 0
          0 0 0 0 0 0 0 0 0
          0 0 0 0 0 0 0 0 0
          0 0 0 0 0 0 0 0 0
          0 0 0 0 0 0 0 0 0
          0 0 0 0 0 0 0 0 0
          0 0 0 0 0 0 0 0 0
          0 0 0 0 0 0 0 0 0
          0 0 0 0 0 0 0 0 0
          0 0 0 0 0 0 0 0 0
          0 0 0 0 0 0 0 0 0
          0 0 0 0 0 0 0 0 0
          0 0 0 0 0 0 0 0 0
          0 0 0 0 0 0 0 0 0
          0 0 0 0 0 0 0 0 0
          0 0 0 0 0 0 0 0 0
          0 0 0 0 0 0 0 0 0
          0 0 0 0 0 0 0 0 0
          0 0 0 0 0 0 0 0 0
          0 0 0 0 0 0 0 0 0
          0 0 0 0 0 0 0 0 0
          0 0 0 0 0 0 0 0 0
          0 0 0 0 0 0 0 0 0
          0 0 0 0 0 0 0 0 0
          0 0 0 0 0 0 0 0 0
          0 0 0 0 0 0 0 0 0
          0 0 0 0 0 0 0 0 0
          0 0 0 0 0 0 0 0 0
          0 0 0 0 0 0 0 0 0
          0 0 0 0 0 0 0 0 0
          0 0 0 0 0 0 0 0 0
          0 0 0 0 0 0 0 0 0
          0 0 0 0 0 0 0 0 0
          0 0 0 0 0 0 0 0 0
          0 0 0 0 0 0 0 0 0
          0 0 0 0 0 0 0 0 0
          0 0 0 0 0 0 0 0 0
          0 0 0 0 0 0 0 0 0
          0 0 0 0 0 0 0 0 0
          0 0 0 0 0 0 0 0 0
          0 0 0 0 0 0 0 0 0
          0 0 0 0 0 0 0 0 0
          0 0 0 0 0 0 0 0 0
          0 0 0 0 0 0 0 0 0
          0 0 0 0 0 0 0 0 0
          0 0 0 0 0 0 0 0 0
          0 0 0 0 0 0 0 0 0
          0 0 0 0 0 0 0 0 0
          0 0 0 0 0 0 0 0 0
          0 0 0 0 0 0 0 0 0
          0 0 0 0 0 0 0 0 0
          0 0 0 0 0 0 0 0 0
          0 0 0 0 0 0 0 0 0
          0 0 0 0 0
        </DataArray>
        <DataArray type="Float32" Name="pressureCoeff" format="ascii">
          0 0 0 0 0 0 0 0 0
          0 0 0 0 0 0 0 0 0
          0 0 0 0 0 0 0 0 0
          0 0 0 0 0 0 0 0 0
          0 0 0 0 0 0 0 0 0
          0 0 0 0 0 0 0 0 0
          0 0 0 0 0 0 0 0 0
          0 0 0 0 0 0 0 0 0
          0 0 0 0 0 0 0 0 0
          0 0 0 0 0 0 0 0 0
          0 0 0 0 0 0 0 0 0
          0 0 0 0 0 0 0 0 0
          0 0 0 0 0 0 0 0 0
          0 0 0 0 0 0 0 0 0
          0 0 0 0 0 0 0 0 0
          0 0 0 0 0 0 0 0 0
          0 0 0 0 0 0 0 0 0
          0 0 0 0 0 0 0 0 0
          0 0 0 0 0 0 0 0 0
          0 0 0 0 0 0 0 0 0
          0 0 0 0 0 0 0 0 0
          0 0 0 0 0 0 0 0 0
          0 0 0 0 0 0 0 0 0
          0 0 0 0 0 0 0 0 0
          0 0 0 0 0 0 0 0 0
          0 0 0 0 0 0 0 0 0
          0 0 0 0 0 0 0 0 0
          0 0 0 0 0 0 0 0 0
          0 0 0 0 0 0 0 0 0
          0 0 0 0 0 0 0 0 0
          0 0 0 0 0 0 0 0 0
          0 0 0 0 0 0 0 0 0
          0 0 0 0 0 0 0 0 0
          0 0 0 0 0 0 0 0 0
          0 0 0 0 0 0 0 0 0
          0 0 0 0 0 0 0 0 0
          0 0 0 0 0 0 0 0 0
          0 0 0 0 0 0 0 0 0
          0 0 0 0 0 0 0 0 0
          0 0 0 0 0 0 0 0 0
          0 0 0 0 0 0 0 0 0
          0 0 0 0 0 0 0 0 0
          0 0 0 0 0 0 0 0 0
          0 0 0 0 0 0 0 0 0
          0 0 0 0 0 0 0 0 0
          0 0 0 0 0 0 0 0 0
          0 0 0 0 0 0 0 0 0
          0 0 0 0 0 0 0 0 0
          0 0 0 0 0 0 0 0 0
          0 0 0 0 0 0 0 0 0
          0 0 0 0 0 0 0 0 0
          0 0 0 0 0 0 0 0 0
          0 0 0 0 0 0 0 0 0
          0 0 0 0 0 0 0 0 0
          0 0 0 0 0 0 0 0 0
          0 0 0 0 0 0 0 0 0
          0 0 0 0 0 0 0 0 0
          0 0 0 0 0 0 0 0 0
          0 0 0 0 0 0 0 0 0
          0 0 0 0 0 0 0 0 0
          0 0 0 0 0 0 0 0 0
          0 0 0 0 0 0 0 0 0
          0 0 0 0 0 0 0 0 0
          0 0 0 0 0 0 0 0 0
          0 0 0 0 0 0 0 0 0
          0 0 0 0 0 0 0 0 0
          0 0 0 0 0 0 0 0 0
          0 0 0 0 0 0 0 0 0
          0 0 0 0 0 0 0 0 0
          0 0 0 0 0 0 0 0 0
          0 0 0 0 0 0 0 0 0
          0 0 0 0 0 0 0 0 0
          0 0 0 0 0 0 0 0 0
          0 0 0 0 0 0 0 0 0
          0 0 0 0 0 0 0 0 0
          0 0 0 0 0 0 0 0 0
          0 0 0 0 0 0 0 0 0
          0 0 0 0 0 0 0 0 0
          0 0 0 0 0 0 0 0 0
          0 0 0 0 0 0 0 0 0
          0 0 0 0 0 0 0 0 0
          0 0 0 0 0 0 0 0 0
          0 0 0 0 0 0 0 0 0
          0 0 0 0 0 0 0 0 0
          0 0 0 0 0 0 0 0 0
          0 0 0 0 0 0 0 0 0
          0 0 0 0 0 0 0 0 0
          0 0 0 0 0 0 0 0 0
          0 0 0 0 0 0 0 0 0
          0 0 0 0 0 0 0 0 0
          0 0 0 0 0 0 0 0 0
          0 0 0 0 0 0 0 0 0
          0 0 0 0 0 0 0 0 0
          0 0 0 0 0 0 0 0 0
          0 0 0 0 0 0 0 0 0
          0 0 0 0 0 0 0 0 0
          0 0 0 0 0 0 0 0 0
          0 0 0 0 0 0 0 0 0
          0 0 0 0 0 0 0 0 0
          0 0 0 0 0 0 0 0 0
          0 0 0 0 0 0 0 0 0
          0 0 0 0 0 0 0 0 0
          0 0 0 0 0 0 0 0 0
          0 0 0 0 0 0 0 0 0
          0 0 0 0 0 0 0 0 0
          0 0 0 0 0 0 0 0 0
          0 0 0 0 0 0 0 0 0
          0 0 0 0 0 0 0 0 0
          0 0 0 0 0 0 0 0 0
          0 0 0 0 0 0 0 0 0
          0 0 0 0 0 0 0 0 0
          0 0 0 0 0 0 0 0 0
          0 0 0 0 0 0 0 0 0
          0 0 0 0 0 0 0 0 0
          0 0 0 0 0 0 0 0 0
          0 0 0 0 0 0 0 0 0
          0 0 0 0 0 0 0 0 0
          0 0 0 0 0 0 0 0 0
          0 0 0 0 0 0 0 0 0
          0 0 0 0 0 0 0 0 0
          0 0 0 0 0 0 0 0 0
          0 0 0 0 0 0 0 0 0
          0 0 0 0 0 0 0 0 0
          0 0 0 0 0 0 0 0 0
          0 0 0 0 0 0 0 0 0
          0 0 0 0 0 0 0 0 0
          0 0 0 0 0 0 0 0 0
          0 0 0 0 0 0 0 0 0
          0 0 0 0 0 0 0 0 0
          0 0 0 0 0 0 0 0 0
          0 0 0 0 0 0 0 0 0
          0 0 0 0 0 0 0 0 0
          0 0 0 0 0 0 0 0 0
          0 0 0 0 0 0 0 0 0
          0 0 0 0 0 0 0 0 0
          0 0 0 0 0 0 0 0 0
          0 0 0 0 0 0 0 0 0
          0 0 0 0 0 0 0 0 0
          0 0 0 0 0 0 0 0 0
          0 0 0 0 0 0 0 0 0
          0 0 0 0 0 0 0 0 0
          0 0 0 0 0 0 0 0 0
          0 0 0 0 0 0 0 0 0
          0 0 0 0 0 0 0 0 0
          0 0 0 0 0 0 0 0 0
          0 0 0 0 0 0 0 0 0
          0 0 0 0 0 0 0 0 0
          0 0 0 0 0 0 0 0 0
          0 0 0 0 0 0 0 0 0
          0 0 0 0 0 0 0 0 0
          0 0 0 0 0 0 0 0 0
          0 0 0 0 0 0 0 0 0
          0 0 0 0 0 0 0 0 0
          0 0 0 0 0 0 0 0 0
          0 0 0 0 0 0 0 0 0
          0 0 0 0 0 0 0 0 0
          0 0 0 0 0 0 0 0 0
          0 0 0 0 0 0 0 0 0
          0 0 0 0 0 0 0 0 0
          0 0 0 0 0 0 0 0 0
          0 0 0 0 0 0 0 0 0
          0 0 0 0 0 0 0 0 0
          0 0 0 0 0 0 0 0 0
          0 0 0 0 0 0 0 0 0
          0 0 0 0 0 0 0 0 0
          0 0 0 0 0 0 0 0 0
          0 0 0 0 0 0 0 0 0
          0 0 0 0 0 0 0 0 0
          0 0 0 0 0 0 0 0 0
          0 0 0 0 0 0 0 0 0
          0 0 0 0 0 0 0 0 0
          0 0 0 0 0 0 0 0 0
          0 0 0 0 0 0 0 0 0
          0 0 0 0 0 0 0 0 0
          0 0 0 0 0 0 0 0 0
          0 0 0 0 0 0 0 0 0
          0 0 0 0 0 0 0 0 0
          0 0 0 0 0 0 0 0 0
          0 0 0 0 0 0 0 0 0
          0 0 0 0 0 0 0 0 0
          0 0 0 0 0 0 0 0 0
          0 0 0 0 0 0 0 0 0
          0 0 0 0 0 0 0 0 0
          0 0 0 0 0 0 0 0 0
          0 0 0 0 0 0 0 0 0
          0 0 0 0 0 0 0 0 0
          0 0 0 0 0 0 0 0 0
          0 0 0 0 0 0 0 0 0
          0 0 0 0 0 0 0 0 0
          0 0 0 0 0 0 0 0 0
          0 0 0 0 0 0 0 0 0
          0 0 0 0 0 0 0 0 0
          0 0 0 0 0 0 0 0 0
          0 0 0 0 0 0 0 0 0
          0 0 0 0 0 0 0 0 0
          0 0 0 0 0 0 0 0 0
          0 0 0 0 0 0 0 0 0
          0 0 0 0 0 0 0 0 0
          0 0 0 0 0 0 0 0 0
          0 0 0 0 0 0 0 0 0
          0 0 0 0 0 0 0 0 0
          0 0 0 0 0 0 0 0 0
          0 0 0 0 0 0 0 0 0
          0 0 0 0 0 0 0 0 0
          0 0 0 0 0 0 0 0 0
          0 0 0 0 0 0 0 0 0
          0 0 0 0 0 0 0 0 0
          0 0 0 0 0 0 0 0 0
          0 0 0 0 0 0 0 0 0
          0 0 0 0 0 0 0 0 0
          0 0 0 0 0 0 0 0 0
          0 0 0 0 0 0 0 0 0
          0 0 0 0 0 0 0 0 0
          0 0 0 0 0 0 0 0 0
          0 0 0 0 0 0 0 0 0
          0 0 0 0 0
        </DataArray>
        <DataArray type="Float32" Name="pressureCoeffAbs" format="ascii">
          0 0 0 0 0 0 0 0 0
          0 0 0 0 0 0 0 0 0
          0 0 0 0 0 0 0 0 0
          0 0 0 0 0 0 0 0 0
          0 0 0 0 0 0 0 0 0
          0 0 0 0 0 0 0 0 0
          0 0 0 0 0 0 0 0 0
          0 0 0 0 0 0 0 0 0
          0 0 0 0 0 0 0 0 0
          0 0 0 0 0 0 0 0 0
          0 0 0 0 0 0 0 0 0
          0 0 0 0 0 0 0 0 0
          0 0 0 0 0 0 0 0 0
          0 0 0 0 0 0 0 0 0
          0 0 0 0 0 0 0 0 0
          0 0 0 0 0 0 0 0 0
          0 0 0 0 0 0 0 0 0
          0 0 0 0 0 0 0 0 0
          0 0 0 0 0 0 0 0 0
          0 0 0 0 0 0 0 0 0
          0 0 0 0 0 0 0 0 0
          0 0 0 0 0 0 0 0 0
          0 0 0 0 0 0 0 0 0
          0 0 0 0 0 0 0 0 0
          0 0 0 0 0 0 0 0 0
          0 0 0 0 0 0 0 0 0
          0 0 0 0 0 0 0 0 0
          0 0 0 0 0 0 0 0 0
          0 0 0 0 0 0 0 0 0
          0 0 0 0 0 0 0 0 0
          0 0 0 0 0 0 0 0 0
          0 0 0 0 0 0 0 0 0
          0 0 0 0 0 0 0 0 0
          0 0 0 0 0 0 0 0 0
          0 0 0 0 0 0 0 0 0
          0 0 0 0 0 0 0 0 0
          0 0 0 0 0 0 0 0 0
          0 0 0 0 0 0 0 0 0
          0 0 0 0 0 0 0 0 0
          0 0 0 0 0 0 0 0 0
          0 0 0 0 0 0 0 0 0
          0 0 0 0 0 0 0 0 0
          0 0 0 0 0 0 0 0 0
          0 0 0 0 0 0 0 0 0
          0 0 0 0 0 0 0 0 0
          0 0 0 0 0 0 0 0 0
          0 0 0 0 0 0 0 0 0
          0 0 0 0 0 0 0 0 0
          0 0 0 0 0 0 0 0 0
          0 0 0 0 0 0 0 0 0
          0 0 0 0 0 0 0 0 0
          0 0 0 0 0 0 0 0 0
          0 0 0 0 0 0 0 0 0
          0 0 0 0 0 0 0 0 0
          0 0 0 0 0 0 0 0 0
          0 0 0 0 0 0 0 0 0
          0 0 0 0 0 0 0 0 0
          0 0 0 0 0 0 0 0 0
          0 0 0 0 0 0 0 0 0
          0 0 0 0 0 0 0 0 0
          0 0 0 0 0 0 0 0 0
          0 0 0 0 0 0 0 0 0
          0 0 0 0 0 0 0 0 0
          0 0 0 0 0 0 0 0 0
          0 0 0 0 0 0 0 0 0
          0 0 0 0 0 0 0 0 0
          0 0 0 0 0 0 0 0 0
          0 0 0 0 0 0 0 0 0
          0 0 0 0 0 0 0 0 0
          0 0 0 0 0 0 0 0 0
          0 0 0 0 0 0 0 0 0
          0 0 0 0 0 0 0 0 0
          0 0 0 0 0 0 0 0 0
          0 0 0 0 0 0 0 0 0
          0 0 0 0 0 0 0 0 0
          0 0 0 0 0 0 0 0 0
          0 0 0 0 0 0 0 0 0
          0 0 0 0 0 0 0 0 0
          0 0 0 0 0 0 0 0 0
          0 0 0 0 0 0 0 0 0
          0 0 0 0 0 0 0 0 0
          0 0 0 0 0 0 0 0 0
          0 0 0 0 0 0 0 0 0
          0 0 0 0 0 0 0 0 0
          0 0 0 0 0 0 0 0 0
          0 0 0 0 0 0 0 0 0
          0 0 0 0 0 0 0 0 0
          0 0 0 0 0 0 0 0 0
          0 0 0 0 0 0 0 0 0
          0 0 0 0 0 0 0 0 0
          0 0 0 0 0 0 0 0 0
          0 0 0 0 0 0 0 0 0
          0 0 0 0 0 0 0 0 0
          0 0 0 0 0 0 0 0 0
          0 0 0 0 0 0 0 0 0
          0 0 0 0 0 0 0 0 0
          0 0 0 0 0 0 0 0 0
          0 0 0 0 0 0 0 0 0
          0 0 0 0 0 0 0 0 0
          0 0 0 0 0 0 0 0 0
          0 0 0 0 0 0 0 0 0
          0 0 0 0 0 0 0 0 0
          0 0 0 0 0 0 0 0 0
          0 0 0 0 0 0 0 0 0
          0 0 0 0 0 0 0 0 0
          0 0 0 0 0 0 0 0 0
          0 0 0 0 0 0 0 0 0
          0 0 0 0 0 0 0 0 0
          0 0 0 0 0 0 0 0 0
          0 0 0 0 0 0 0 0 0
          0 0 0 0 0 0 0 0 0
          0 0 0 0 0 0 0 0 0
          0 0 0 0 0 0 0 0 0
          0 0 0 0 0 0 0 0 0
          0 0 0 0 0 0 0 0 0
          0 0 0 0 0 0 0 0 0
          0 0 0 0 0 0 0 0 0
          0 0 0 0 0 0 0 0 0
          0 0 0 0 0 0 0 0 0
          0 0 0 0 0 0 0 0 0
          0 0 0 0 0 0 0 0 0
          0 0 0 0 0 0 0 0 0
          0 0 0 0 0 0 0 0 0
          0 0 0 0 0 0 0 0 0
          0 0 0 0 0 0 0 0 0
          0 0 0 0 0 0 0 0 0
          0 0 0 0 0 0 0 0 0
          0 0 0 0 0 0 0 0 0
          0 0 0 0 0 0 0 0 0
          0 0 0 0 0 0 0 0 0
          0 0 0 0 0 0 0 0 0
          0 0 0 0 0 0 0 0 0
          0 0 0 0 0 0 0 0 0
          0 0 0 0 0 0 0 0 0
          0 0 0 0 0 0 0 0 0
          0 0 0 0 0 0 0 0 0
          0 0 0 0 0 0 0 0 0
          0 0 0 0 0 0 0 0 0
          0 0 0 0 0 0 0 0 0
          0 0 0 0 0 0 0 0 0
          0 0 0 0 0 0 0 0 0
          0 0 0 0 0 0 0 0 0
          0 0 0 0 0 0 0 0 0
          0 0 0 0 0 0 0 0 0
          0 0 0 0 0 0 0 0 0
          0 0 0 0 0 0 0 0 0
          0 0 0 0 0 0 0 0 0
          0 0 0 0 0 0 0 0 0
          0 0 0 0 0 0 0 0 0
          0 0 0 0 0 0 0 0 0
          0 0 0 0 0 0 0 0 0
          0 0 0 0 0 0 0 0 0
          0 0 0 0 0 0 0 0 0
          0 0 0 0 0 0 0 0 0
          0 0 0 0 0 0 0 0 0
          0 0 0 0 0 0 0 0 0
          0 0 0 0 0 0 0 0 0
          0 0 0 0 0 0 0 0 0
          0 0 0 0 0 0 0 0 0
          0 0 0 0 0 0 0 0 0
          0 0 0 0 0 0 0 0 0
          0 0 0 0 0 0 0 0 0
          0 0 0 0 0 0 0 0 0
          0 0 0 0 0 0 0 0 0
          0 0 0 0 0 0 0 0 0
          0 0 0 0 0 0 0 0 0
          0 0 0 0 0 0 0 0 0
          0 0 0 0 0 0 0 0 0
          0 0 0 0 0 0 0 0 0
          0 0 0 0 0 0 0 0 0
          0 0 0 0 0 0 0 0 0
          0 0 0 0 0 0 0 0 0
          0 0 0 0 0 0 0 0 0
          0 0 0 0 0 0 0 0 0
          0 0 0 0 0 0 0 0 0
          0 0 0 0 0 0 0 0 0
          0 0 0 0 0 0 0 0 0
          0 0 0 0 0 0 0 0 0
          0 0 0 0 0 0 0 0 0
          0 0 0 0 0 0 0 0 0
          0 0 0 0 0 0 0 0 0
          0 0 0 0 0 0 0 0 0
          0 0 0 0 0 0 0 0 0
          0 0 0 0 0 0 0 0 0
          0 0 0 0 0 0 0 0 0
          0 0 0 0 0 0 0 0 0
          0 0 0 0 0 0 0 0 0
          0 0 0 0 0 0 0 0 0
          0 0 0 0 0 0 0 0 0
          0 0 0 0 0 0 0 0 0
          0 0 0 0 0 0 0 0 0
          0 0 0 0 0 0 0 0 0
          0 0 0 0 0 0 0 0 0
          0 0 0 0 0 0 0 0 0
          0 0 0 0 0 0 0 0 0
          0 0 0 0 0 0 0 0 0
          0 0 0 0 0 0 0 0 0
          0 0 0 0 0 0 0 0 0
          0 0 0 0 0 0 0 0 0
          0 0 0 0 0 0 0 0 0
          0 0 0 0 0 0 0 0 0
          0 0 0 0 0 0 0 0 0
          0 0 0 0 0 0 0 0 0
          0 0 0 0 0 0 0 0 0
          0 0 0 0 0 0 0 0 0
          0 0 0 0 0 0 0 0 0
          0 0 0 0 0 0 0 0 0
          0 0 0 0 0 0 0 0 0
          0 0 0 0 0 0 0 0 0
          0 0 0 0 0 0 0 0 0
          0 0 0 0 0 0 0 0 0
          0 0 0 0 0 0 0 0 0
          0 0 0 0 0 0 0 0 0
          0 0 0 0 0 0 0 0 0
          0 0 0 0 0 0 0 0 0
          0 0 0 0 0
        </DataArray>
        <DataArray type="Float32" Name="pressurePa" format="ascii">
          0 0 0 0 0 0 0 0 0
          0 0 0 0 0 0 0 0 0
          0 0 0 0 0 0 0 0 0
          0 0 0 0 0 0 0 0 0
          0 0 0 0 0 0 0 0 0
          0 0 0 0 0 0 0 0 0
          0 0 0 0 0 0 0 0 0
          0 0 0 0 0 0 0 0 0
          0 0 0 0 0 0 0 0 0
          0 0 0 0 0 0 0 0 0
          0 0 0 0 0 0 0 0 0
          0 0 0 0 0 0 0 0 0
          0 0 0 0 0 0 0 0 0
          0 0 0 0 0 0 0 0 0
          0 0 0 0 0 0 0 0 0
          0 0 0 0 0 0 0 0 0
          0 0 0 0 0 0 0 0 0
          0 0 0 0 0 0 0 0 0
          0 0 0 0 0 0 0 0 0
          0 0 0 0 0 0 0 0 0
          0 0 0 0 0 0 0 0 0
          0 0 0 0 0 0 0 0 0
          0 0 0 0 0 0 0 0 0
          0 0 0 0 0 0 0 0 0
          0 0 0 0 0 0 0 0 0
          0 0 0 0 0 0 0 0 0
          0 0 0 0 0 0 0 0 0
          0 0 0 0 0 0 0 0 0
          0 0 0 0 0 0 0 0 0
          0 0 0 0 0 0 0 0 0
          0 0 0 0 0 0 0 0 0
          0 0 0 0 0 0 0 0 0
          0 0 0 0 0 0 0 0 0
          0 0 0 0 0 0 0 0 0
          0 0 0 0 0 0 0 0 0
          0 0 0 0 0 0 0 0 0
          0 0 0 0 0 0 0 0 0
          0 0 0 0 0 0 0 0 0
          0 0 0 0 0 0 0 0 0
          0 0 0 0 0 0 0 0 0
          0 0 0 0 0 0 0 0 0
          0 0 0 0 0 0 0 0 0
          0 0 0 0 0 0 0 0 0
          0 0 0 0 0 0 0 0 0
          0 0 0 0 0 0 0 0 0
          0 0 0 0 0 0 0 0 0
          0 0 0 0 0 0 0 0 0
          0 0 0 0 0 0 0 0 0
          0 0 0 0 0 0 0 0 0
          0 0 0 0 0 0 0 0 0
          0 0 0 0 0 0 0 0 0
          0 0 0 0 0 0 0 0 0
          0 0 0 0 0 0 0 0 0
          0 0 0 0 0 0 0 0 0
          0 0 0 0 0 0 0 0 0
          0 0 0 0 0 0 0 0 0
          0 0 0 0 0 0 0 0 0
          0 0 0 0 0 0 0 0 0
          0 0 0 0 0 0 0 0 0
          0 0 0 0 0 0 0 0 0
          0 0 0 0 0 0 0 0 0
          0 0 0 0 0 0 0 0 0
          0 0 0 0 0 0 0 0 0
          0 0 0 0 0 0 0 0 0
          0 0 0 0 0 0 0 0 0
          0 0 0 0 0 0 0 0 0
          0 0 0 0 0 0 0 0 0
          0 0 0 0 0 0 0 0 0
          0 0 0 0 0 0 0 0 0
          0 0 0 0 0 0 0 0 0
          0 0 0 0 0 0 0 0 0
          0 0 0 0 0 0 0 0 0
          0 0 0 0 0 0 0 0 0
          0 0 0 0 0 0 0 0 0
          0 0 0 0 0 0 0 0 0
          0 0 0 0 0 0 0 0 0
          0 0 0 0 0 0 0 0 0
          0 0 0 0 0 0 0 0 0
          0 0 0 0 0 0 0 0 0
          0 0 0 0 0 0 0 0 0
          0 0 0 0 0 0 0 0 0
          0 0 0 0 0 0 0 0 0
          0 0 0 0 0 0 0 0 0
          0 0 0 0 0 0 0 0 0
          0 0 0 0 0 0 0 0 0
          0 0 0 0 0 0 0 0 0
          0 0 0 0 0 0 0 0 0
          0 0 0 0 0 0 0 0 0
          0 0 0 0 0 0 0 0 0
          0 0 0 0 0 0 0 0 0
          0 0 0 0 0 0 0 0 0
          0 0 0 0 0 0 0 0 0
          0 0 0 0 0 0 0 0 0
          0 0 0 0 0 0 0 0 0
          0 0 0 0 0 0 0 0 0
          0 0 0 0 0 0 0 0 0
          0 0 0 0 0 0 0 0 0
          0 0 0 0 0 0 0 0 0
          0 0 0 0 0 0 0 0 0
          0 0 0 0 0 0 0 0 0
          0 0 0 0 0 0 0 0 0
          0 0 0 0 0 0 0 0 0
          0 0 0 0 0 0 0 0 0
          0 0 0 0 0 0 0 0 0
          0 0 0 0 0 0 0 0 0
          0 0 0 0 0 0 0 0 0
          0 0 0 0 0 0 0 0 0
          0 0 0 0 0 0 0 0 0
          0 0 0 0 0 0 0 0 0
          0 0 0 0 0 0 0 0 0
          0 0 0 0 0 0 0 0 0
          0 0 0 0 0 0 0 0 0
          0 0 0 0 0 0 0 0 0
          0 0 0 0 0 0 0 0 0
          0 0 0 0 0 0 0 0 0
          0 0 0 0 0 0 0 0 0
          0 0 0 0 0 0 0 0 0
          0 0 0 0 0 0 0 0 0
          0 0 0 0 0 0 0 0 0
          0 0 0 0 0 0 0 0 0
          0 0 0 0 0 0 0 0 0
          0 0 0 0 0 0 0 0 0
          0 0 0 0 0 0 0 0 0
          0 0 0 0 0 0 0 0 0
          0 0 0 0 0 0 0 0 0
          0 0 0 0 0 0 0 0 0
          0 0 0 0 0 0 0 0 0
          0 0 0 0 0 0 0 0 0
          0 0 0 0 0 0 0 0 0
          0 0 0 0 0 0 0 0 0
          0 0 0 0 0 0 0 0 0
          0 0 0 0 0 0 0 0 0
          0 0 0 0 0 0 0 0 0
          0 0 0 0 0 0 0 0 0
          0 0 0 0 0 0 0 0 0
          0 0 0 0 0 0 0 0 0
          0 0 0 0 0 0 0 0 0
          0 0 0 0 0 0 0 0 0
          0 0 0 0 0 0 0 0 0
          0 0 0 0 0 0 0 0 0
          0 0 0 0 0 0 0 0 0
          0 0 0 0 0 0 0 0 0
          0 0 0 0 0 0 0 0 0
          0 0 0 0 0 0 0 0 0
          0 0 0 0 0 0 0 0 0
          0 0 0 0 0 0 0 0 0
          0 0 0 0 0 0 0 0 0
          0 0 0 0 0 0 0 0 0
          0 0 0 0 0 0 0 0 0
          0 0 0 0 0 0 0 0 0
          0 0 0 0 0 0 0 0 0
          0 0 0 0 0 0 0 0 0
          0 0 0 0 0 0 0 0 0
          0 0 0 0 0 0 0 0 0
          0 0 0 0 0 0 0 0 0
          0 0 0 0 0 0 0 0 0
          0 0 0 0 0 0 0 0 0
          0 0 0 0 0 0 0 0 0
          0 0 0 0 0 0 0 0 0
          0 0 0 0 0 0 0 0 0
          0 0 0 0 0 0 0 0 0
          0 0 0 0 0 0 0 0 0
          0 0 0 0 0 0 0 0 0
          0 0 0 0 0 0 0 0 0
          0 0 0 0 0 0 0 0 0
          0 0 0 0 0 0 0 0 0
          0 0 0 0 0 0 0 0 0
          0 0 0 0 0 0 0 0 0
          0 0 0 0 0 0 0 0 0
          0 0 0 0 0 0 0 0 0
          0 0 0 0 0 0 0 0 0
          0 0 0 0 0 0 0 0 0
          0 0 0 0 0 0 0 0 0
          0 0 0 0 0 0 0 0 0
          0 0 0 0 0 0 0 0 0
          0 0 0 0 0 0 0 0 0
          0 0 0 0 0 0 0 0 0
          0 0 0 0 0 0 0 0 0
          0 0 0 0 0 0 0 0 0
          0 0 0 0 0 0 0 0 0
          0 0 0 0 0 0 0 0 0
          0 0 0 0 0 0 0 0 0
          0 0 0 0 0 0 0 0 0
          0 0 0 0 0 0 0 0 0
          0 0 0 0 0 0 0 0 0
          0 0 0 0 0 0 0 0 0
          0 0 0 0 0 0 0 0 0
          0 0 0 0 0 0 0 0 0
          0 0 0 0 0 0 0 0 0
          0 0 0 0 0 0 0 0 0
          0 0 0 0 0 0 0 0 0
          0 0 0 0 0 0 0 0 0
          0 0 0 0 0 0 0 0 0
          0 0 0 0 0 0 0 0 0
          0 0 0 0 0 0 0 0 0
          0 0 0 0 0 0 0 0 0
          0 0 0 0 0 0 0 0 0
          0 0 0 0 0 0 0 0 0
          0 0 0 0 0 0 0 0 0
          0 0 0 0 0 0 0 0 0
          0 0 0 0 0 0 0 0 0
          0 0 0 0 0 0 0 0 0
          0 0 0 0 0 0 0 0 0
          0 0 0 0 0 0 0 0 0
          0 0 0 0 0 0 0 0 0
          0 0 0 0 0 0 0 0 0
          0 0 0 0 0 0 0 0 0
          0 0 0 0 0 0 0 0 0
          0 0 0 0 0 0 0 0 0
          0 0 0 0 0 0 0 0 0
          0 0 0 0 0 0 0 0 0
          0 0 0 0 0 0 0 0 0
          0 0 0 0 0 0 0 0 0
          0 0 0 0 0 0 0 0 0
          0 0 0 0 0 0 0 0 0
          0 0 0 0 0
        </DataArray>
        <DataArray type="Float32" Name="pressurePaAbs" format="ascii">
          0 0 0 0 0 0 0 0 0
          0 0 0 0 0 0 0 0 0
          0 0 0 0 0 0 0 0 0
          0 0 0 0 0 0 0 0 0
          0 0 0 0 0 0 0 0 0
          0 0 0 0 0 0 0 0 0
          0 0 0 0 0 0 0 0 0
          0 0 0 0 0 0 0 0 0
          0 0 0 0 0 0 0 0 0
          0 0 0 0 0 0 0 0 0
          0 0 0 0 0 0 0 0 0
          0 0 0 0 0 0 0 0 0
          0 0 0 0 0 0 0 0 0
          0 0 0 0 0 0 0 0 0
          0 0 0 0 0 0 0 0 0
          0 0 0 0 0 0 0 0 0
          0 0 0 0 0 0 0 0 0
          0 0 0 0 0 0 0 0 0
          0 0 0 0 0 0 0 0 0
          0 0 0 0 0 0 0 0 0
          0 0 0 0 0 0 0 0 0
          0 0 0 0 0 0 0 0 0
          0 0 0 0 0 0 0 0 0
          0 0 0 0 0 0 0 0 0
          0 0 0 0 0 0 0 0 0
          0 0 0 0 0 0 0 0 0
          0 0 0 0 0 0 0 0 0
          0 0 0 0 0 0 0 0 0
          0 0 0 0 0 0 0 0 0
          0 0 0 0 0 0 0 0 0
          0 0 0 0 0 0 0 0 0
          0 0 0 0 0 0 0 0 0
          0 0 0 0 0 0 0 0 0
          0 0 0 0 0 0 0 0 0
          0 0 0 0 0 0 0 0 0
          0 0 0 0 0 0 0 0 0
          0 0 0 0 0 0 0 0 0
          0 0 0 0 0 0 0 0 0
          0 0 0 0 0 0 0 0 0
          0 0 0 0 0 0 0 0 0
          0 0 0 0 0 0 0 0 0
          0 0 0 0 0 0 0 0 0
          0 0 0 0 0 0 0 0 0
          0 0 0 0 0 0 0 0 0
          0 0 0 0 0 0 0 0 0
          0 0 0 0 0 0 0 0 0
          0 0 0 0 0 0 0 0 0
          0 0 0 0 0 0 0 0 0
          0 0 0 0 0 0 0 0 0
          0 0 0 0 0 0 0 0 0
          0 0 0 0 0 0 0 0 0
          0 0 0 0 0 0 0 0 0
          0 0 0 0 0 0 0 0 0
          0 0 0 0 0 0 0 0 0
          0 0 0 0 0 0 0 0 0
          0 0 0 0 0 0 0 0 0
          0 0 0 0 0 0 0 0 0
          0 0 0 0 0 0 0 0 0
          0 0 0 0 0 0 0 0 0
          0 0 0 0 0 0 0 0 0
          0 0 0 0 0 0 0 0 0
          0 0 0 0 0 0 0 0 0
          0 0 0 0 0 0 0 0 0
          0 0 0 0 0 0 0 0 0
          0 0 0 0 0 0 0 0 0
          0 0 0 0 0 0 0 0 0
          0 0 0 0 0 0 0 0 0
          0 0 0 0 0 0 0 0 0
          0 0 0 0 0 0 0 0 0
          0 0 0 0 0 0 0 0 0
          0 0 0 0 0 0 0 0 0
          0 0 0 0 0 0 0 0 0
          0 0 0 0 0 0 0 0 0
          0 0 0 0 0 0 0 0 0
          0 0 0 0 0 0 0 0 0
          0 0 0 0 0 0 0 0 0
          0 0 0 0 0 0 0 0 0
          0 0 0 0 0 0 0 0 0
          0 0 0 0 0 0 0 0 0
          0 0 0 0 0 0 0 0 0
          0 0 0 0 0 0 0 0 0
          0 0 0 0 0 0 0 0 0
          0 0 0 0 0 0 0 0 0
          0 0 0 0 0 0 0 0 0
          0 0 0 0 0 0 0 0 0
          0 0 0 0 0 0 0 0 0
          0 0 0 0 0 0 0 0 0
          0 0 0 0 0 0 0 0 0
          0 0 0 0 0 0 0 0 0
          0 0 0 0 0 0 0 0 0
          0 0 0 0 0 0 0 0 0
          0 0 0 0 0 0 0 0 0
          0 0 0 0 0 0 0 0 0
          0 0 0 0 0 0 0 0 0
          0 0 0 0 0 0 0 0 0
          0 0 0 0 0 0 0 0 0
          0 0 0 0 0 0 0 0 0
          0 0 0 0 0 0 0 0 0
          0 0 0 0 0 0 0 0 0
          0 0 0 0 0 0 0 0 0
          0 0 0 0 0 0 0 0 0
          0 0 0 0 0 0 0 0 0
          0 0 0 0 0 0 0 0 0
          0 0 0 0 0 0 0 0 0
          0 0 0 0 0 0 0 0 0
          0 0 0 0 0 0 0 0 0
          0 0 0 0 0 0 0 0 0
          0 0 0 0 0 0 0 0 0
          0 0 0 0 0 0 0 0 0
          0 0 0 0 0 0 0 0 0
          0 0 0 0 0 0 0 0 0
          0 0 0 0 0 0 0 0 0
          0 0 0 0 0 0 0 0 0
          0 0 0 0 0 0 0 0 0
          0 0 0 0 0 0 0 0 0
          0 0 0 0 0 0 0 0 0
          0 0 0 0 0 0 0 0 0
          0 0 0 0 0 0 0 0 0
          0 0 0 0 0 0 0 0 0
          0 0 0 0 0 0 0 0 0
          0 0 0 0 0 0 0 0 0
          0 0 0 0 0 0 0 0 0
          0 0 0 0 0 0 0 0 0
          0 0 0 0 0 0 0 0 0
          0 0 0 0 0 0 0 0 0
          0 0 0 0 0 0 0 0 0
          0 0 0 0 0 0 0 0 0
          0 0 0 0 0 0 0 0 0
          0 0 0 0 0 0 0 0 0
          0 0 0 0 0 0 0 0 0
          0 0 0 0 0 0 0 0 0
          0 0 0 0 0 0 0 0 0
          0 0 0 0 0 0 0 0 0
          0 0 0 0 0 0 0 0 0
          0 0 0 0 0 0 0 0 0
          0 0 0 0 0 0 0 0 0
          0 0 0 0 0 0 0 0 0
          0 0 0 0 0 0 0 0 0
          0 0 0 0 0 0 0 0 0
          0 0 0 0 0 0 0 0 0
          0 0 0 0 0 0 0 0 0
          0 0 0 0 0 0 0 0 0
          0 0 0 0 0 0 0 0 0
          0 0 0 0 0 0 0 0 0
          0 0 0 0 0 0 0 0 0
          0 0 0 0 0 0 0 0 0
          0 0 0 0 0 0 0 0 0
          0 0 0 0 0 0 0 0 0
          0 0 0 0 0 0 0 0 0
          0 0 0 0 0 0 0 0 0
          0 0 0 0 0 0 0 0 0
          0 0 0 0 0 0 0 0 0
          0 0 0 0 0 0 0 0 0
          0 0 0 0 0 0 0 0 0
          0 0 0 0 0 0 0 0 0
          0 0 0 0 0 0 0 0 0
          0 0 0 0 0 0 0 0 0
          0 0 0 0 0 0 0 0 0
          0 0 0 0 0 0 0 0 0
          0 0 0 0 0 0 0 0 0
          0 0 0 0 0 0 0 0 0
          0 0 0 0 0 0 0 0 0
          0 0 0 0 0 0 0 0 0
          0 0 0 0 0 0 0 0 0
          0 0 0 0 0 0 0 0 0
          0 0 0 0 0 0 0 0 0
          0 0 0 0 0 0 0 0 0
          0 0 0 0 0 0 0 0 0
          0 0 0 0 0 0 0 0 0
          0 0 0 0 0 0 0 0 0
          0 0 0 0 0 0 0 0 0
          0 0 0 0 0 0 0 0 0
          0 0 0 0 0 0 0 0 0
          0 0 0 0 0 0 0 0 0
          0 0 0 0 0 0 0 0 0
          0 0 0 0 0 0 0 0 0
          0 0 0 0 0 0 0 0 0
          0 0 0 0 0 0 0 0 0
          0 0 0 0 0 0 0 0 0
          0 0 0 0 0 0 0 0 0
          0 0 0 0 0 0 0 0 0
          0 0 0 0 0 0 0 0 0
          0 0 0 0 0 0 0 0 0
          0 0 0 0 0 0 0 0 0
          0 0 0 0 0 0 0 0 0
          0 0 0 0 0 0 0 0 0
          0 0 0 0 0 0 0 0 0
          0 0 0 0 0 0 0 0 0
          0 0 0 0 0 0 0 0 0
          0 0 0 0 0 0 0 0 0
          0 0 0 0 0 0 0 0 0
          0 0 0 0 0 0 0 0 0
          0 0 0 0 0 0 0 0 0
          0 0 0 0 0 0 0 0 0
          0 0 0 0 0 0 0 0 0
          0 0 0 0 0 0 0 0 0
          0 0 0 0 0 0 0 0 0
          0 0 0 0 0 0 0 0 0
          0 0 0 0 0 0 0 0 0
          0 0 0 0 0 0 0 0 0
          0 0 0 0 0 0 0 0 0
          0 0 0 0 0 0 0 0 0
          0 0 0 0 0 0 0 0 0
          0 0 0 0 0 0 0 0 0
          0 0 0 0 0 0 0 0 0
          0 0 0 0 0 0 0 0 0
          0 0 0 0 0 0 0 0 0
          0 0 0 0 0 0 0 0 0
          0 0 0 0 0 0 0 0 0
          0 0 0 0 0 0 0 0 0
          0 0 0 0 0 0 0 0 0
          0 0 0 0 0 0 0 0 0
          0 0 0 0 0 0 0 0 0
          0 0 0 0 0 0 0 0 0
          0 0 0 0 0 0 0 0 0
          0 0 0 0 0
        </DataArray>
        <DataArray type="Float32" Name="pressureVisible01" format="ascii">
          0.5 0.5 0.5 0.5 0.5 0.5 0.5 0.5 0.5
          0.5 0.5 0.5 0.5 0.5 0.5 0.5 0.5 0.5
          0.5 0.5 0.5 0.5 0.5 0.5 0.5 0.5 0.5
          0.5 0.5 0.5 0.5 0.5 0.5 0.5 0.5 0.5
          0.5 0.5 0.5 0.5 0.5 0.5 0.5 0.5 0.5
          0.5 0.5 0.5 0.5 0.5 0.5 0.5 0.5 0.5
          0.5 0.5 0.5 0.5 0.5 0.5 0.5 0.5 0.5
          0.5 0.5 0.5 0.5 0.5 0.5 0.5 0.5 0.5
          0.5 0.5 0.5 0.5 0.5 0.5 0.5 0.5 0.5
          0.5 0.5 0.5 0.5 0.5 0.5 0.5 0.5 0.5
          0.5 0.5 0.5 0.5 0.5 0.5 0.5 0.5 0.5
          0.5 0.5 0.5 0.5 0.5 0.5 0.5 0.5 0.5
          0.5 0.5 0.5 0.5 0.5 0.5 0.5 0.5 0.5
          0.5 0.5 0.5 0.5 0.5 0.5 0.5 0.5 0.5
          0.5 0.5 0.5 0.5 0.5 0.5 0.5 0.5 0.5
          0.5 0.5 0.5 0.5 0.5 0.5 0.5 0.5 0.5
          0.5 0.5 0.5 0.5 0.5 0.5 0.5 0.5 0.5
          0.5 0.5 0.5 0.5 0.5 0.5 0.5 0.5 0.5
          0.5 0.5 0.5 0.5 0.5 0.5 0.5 0.5 0.5
          0.5 0.5 0.5 0.5 0.5 0.5 0.5 0.5 0.5
          0.5 0.5 0.5 0.5 0.5 0.5 0.5 0.5 0.5
          0.5 0.5 0.5 0.5 0.5 0.5 0.5 0.5 0.5
          0.5 0.5 0.5 0.5 0.5 0.5 0.5 0.5 0.5
          0.5 0.5 0.5 0.5 0.5 0.5 0.5 0.5 0.5
          0.5 0.5 0.5 0.5 0.5 0.5 0.5 0.5 0.5
          0.5 0.5 0.5 0.5 0.5 0.5 0.5 0.5 0.5
          0.5 0.5 0.5 0.5 0.5 0.5 0.5 0.5 0.5
          0.5 0.5 0.5 0.5 0.5 0.5 0.5 0.5 0.5
          0.5 0.5 0.5 0.5 0.5 0.5 0.5 0.5 0.5
          0.5 0.5 0.5 0.5 0.5 0.5 0.5 0.5 0.5
          0.5 0.5 0.5 0.5 0.5 0.5 0.5 0.5 0.5
          0.5 0.5 0.5 0.5 0.5 0.5 0.5 0.5 0.5
          0.5 0.5 0.5 0.5 0.5 0.5 0.5 0.5 0.5
          0.5 0.5 0.5 0.5 0.5 0.5 0.5 0.5 0.5
          0.5 0.5 0.5 0.5 0.5 0.5 0.5 0.5 0.5
          0.5 0.5 0.5 0.5 0.5 0.5 0.5 0.5 0.5
          0.5 0.5 0.5 0.5 0.5 0.5 0.5 0.5 0.5
          0.5 0.5 0.5 0.5 0.5 0.5 0.5 0.5 0.5
          0.5 0.5 0.5 0.5 0.5 0.5 0.5 0.5 0.5
          0.5 0.5 0.5 0.5 0.5 0.5 0.5 0.5 0.5
          0.5 0.5 0.5 0.5 0.5 0.5 0.5 0.5 0.5
          0.5 0.5 0.5 0.5 0.5 0.5 0.5 0.5 0.5
          0.5 0.5 0.5 0.5 0.5 0.5 0.5 0.5 0.5
          0.5 0.5 0.5 0.5 0.5 0.5 0.5 0.5 0.5
          0.5 0.5 0.5 0.5 0.5 0.5 0.5 0.5 0.5
          0.5 0.5 0.5 0.5 0.5 0.5 0.5 0.5 0.5
          0.5 0.5 0.5 0.5 0.5 0.5 0.5 0.5 0.5
          0.5 0.5 0.5 0.5 0.5 0.5 0.5 0.5 0.5
          0.5 0.5 0.5 0.5 0.5 0.5 0.5 0.5 0.5
          0.5 0.5 0.5 0.5 0.5 0.5 0.5 0.5 0.5
          0.5 0.5 0.5 0.5 0.5 0.5 0.5 0.5 0.5
          0.5 0.5 0.5 0.5 0.5 0.5 0.5 0.5 0.5
          0.5 0.5 0.5 0.5 0.5 0.5 0.5 0.5 0.5
          0.5 0.5 0.5 0.5 0.5 0.5 0.5 0.5 0.5
          0.5 0.5 0.5 0.5 0.5 0.5 0.5 0.5 0.5
          0.5 0.5 0.5 0.5 0.5 0.5 0.5 0.5 0.5
          0.5 0.5 0.5 0.5 0.5 0.5 0.5 0.5 0.5
          0.5 0.5 0.5 0.5 0.5 0.5 0.5 0.5 0.5
          0.5 0.5 0.5 0.5 0.5 0.5 0.5 0.5 0.5
          0.5 0.5 0.5 0.5 0.5 0.5 0.5 0.5 0.5
          0.5 0.5 0.5 0.5 0.5 0.5 0.5 0.5 0.5
          0.5 0.5 0.5 0.5 0.5 0.5 0.5 0.5 0.5
          0.5 0.5 0.5 0.5 0.5 0.5 0.5 0.5 0.5
          0.5 0.5 0.5 0.5 0.5 0.5 0.5 0.5 0.5
          0.5 0.5 0.5 0.5 0.5 0.5 0.5 0.5 0.5
          0.5 0.5 0.5 0.5 0.5 0.5 0.5 0.5 0.5
          0.5 0.5 0.5 0.5 0.5 0.5 0.5 0.5 0.5
          0.5 0.5 0.5 0.5 0.5 0.5 0.5 0.5 0.5
          0.5 0.5 0.5 0.5 0.5 0.5 0.5 0.5 0.5
          0.5 0.5 0.5 0.5 0.5 0.5 0.5 0.5 0.5
          0.5 0.5 0.5 0.5 0.5 0.5 0.5 0.5 0.5
          0.5 0.5 0.5 0.5 0.5 0.5 0.5 0.5 0.5
          0.5 0.5 0.5 0.5 0.5 0.5 0.5 0.5 0.5
          0.5 0.5 0.5 0.5 0.5 0.5 0.5 0.5 0.5
          0.5 0.5 0.5 0.5 0.5 0.5 0.5 0.5 0.5
          0.5 0.5 0.5 0.5 0.5 0.5 0.5 0.5 0.5
          0.5 0.5 0.5 0.5 0.5 0.5 0.5 0.5 0.5
          0.5 0.5 0.5 0.5 0.5 0.5 0.5 0.5 0.5
          0.5 0.5 0.5 0.5 0.5 0.5 0.5 0.5 0.5
          0.5 0.5 0.5 0.5 0.5 0.5 0.5 0.5 0.5
          0.5 0.5 0.5 0.5 0.5 0.5 0.5 0.5 0.5
          0.5 0.5 0.5 0.5 0.5 0.5 0.5 0.5 0.5
          0.5 0.5 0.5 0.5 0.5 0.5 0.5 0.5 0.5
          0.5 0.5 0.5 0.5 0.5 0.5 0.5 0.5 0.5
          0.5 0.5 0.5 0.5 0.5 0.5 0.5 0.5 0.5
          0.5 0.5 0.5 0.5 0.5 0.5 0.5 0.5 0.5
          0.5 0.5 0.5 0.5 0.5 0.5 0.5 0.5 0.5
          0.5 0.5 0.5 0.5 0.5 0.5 0.5 0.5 0.5
          0.5 0.5 0.5 0.5 0.5 0.5 0.5 0.5 0.5
          0.5 0.5 0.5 0.5 0.5 0.5 0.5 0.5 0.5
          0.5 0.5 0.5 0.5 0.5 0.5 0.5 0.5 0.5
          0.5 0.5 0.5 0.5 0.5 0.5 0.5 0.5 0.5
          0.5 0.5 0.5 0.5 0.5 0.5 0.5 0.5 0.5
          0.5 0.5 0.5 0.5 0.5 0.5 0.5 0.5 0.5
          0.5 0.5 0.5 0.5 0.5 0.5 0.5 0.5 0.5
          0.5 0.5 0.5 0.5 0.5 0.5 0.5 0.5 0.5
          0.5 0.5 0.5 0.5 0.5 0.5 0.5 0.5 0.5
          0.5 0.5 0.5 0.5 0.5 0.5 0.5 0.5 0.5
          0.5 0.5 0.5 0.5 0.5 0.5 0.5 0.5 0.5
          0.5 0.5 0.5 0.5 0.5 0.5 0.5 0.5 0.5
          0.5 0.5 0.5 0.5 0.5 0.5 0.5 0.5 0.5
          0.5 0.5 0.5 0.5 0.5 0.5 0.5 0.5 0.5
          0.5 0.5 0.5 0.5 0.5 0.5 0.5 0.5 0.5
          0.5 0.5 0.5 0.5 0.5 0.5 0.5 0.5 0.5
          0.5 0.5 0.5 0.5 0.5 0.5 0.5 0.5 0.5
          0.5 0.5 0.5 0.5 0.5 0.5 0.5 0.5 0.5
          0.5 0.5 0.5 0.5 0.5 0.5 0.5 0.5 0.5
          0.5 0.5 0.5 0.5 0.5 0.5 0.5 0.5 0.5
          0.5 0.5 0.5 0.5 0.5 0.5 0.5 0.5 0.5
          0.5 0.5 0.5 0.5 0.5 0.5 0.5 0.5 0.5
          0.5 0.5 0.5 0.5 0.5 0.5 0.5 0.5 0.5
          0.5 0.5 0.5 0.5 0.5 0.5 0.5 0.5 0.5
          0.5 0.5 0.5 0.5 0.5 0.5 0.5 0.5 0.5
          0.5 0.5 0.5 0.5 0.5 0.5 0.5 0.5 0.5
          0.5 0.5 0.5 0.5 0.5 0.5 0.5 0.5 0.5
          0.5 0.5 0.5 0.5 0.5 0.5 0.5 0.5 0.5
          0.5 0.5 0.5 0.5 0.5 0.5 0.5 0.5 0.5
          0.5 0.5 0.5 0.5 0.5 0.5 0.5 0.5 0.5
          0.5 0.5 0.5 0.5 0.5 0.5 0.5 0.5 0.5
          0.5 0.5 0.5 0.5 0.5 0.5 0.5 0.5 0.5
          0.5 0.5 0.5 0.5 0.5 0.5 0.5 0.5 0.5
          0.5 0.5 0.5 0.5 0.5 0.5 0.5 0.5 0.5
          0.5 0.5 0.5 0.5 0.5 0.5 0.5 0.5 0.5
          0.5 0.5 0.5 0.5 0.5 0.5 0.5 0.5 0.5
          0.5 0.5 0.5 0.5 0.5 0.5 0.5 0.5 0.5
          0.5 0.5 0.5 0.5 0.5 0.5 0.5 0.5 0.5
          0.5 0.5 0.5 0.5 0.5 0.5 0.5 0.5 0.5
          0.5 0.5 0.5 0.5 0.5 0.5 0.5 0.5 0.5
          0.5 0.5 0.5 0.5 0.5 0.5 0.5 0.5 0.5
          0.5 0.5 0.5 0.5 0.5 0.5 0.5 0.5 0.5
          0.5 0.5 0.5 0.5 0.5 0.5 0.5 0.5 0.5
          0.5 0.5 0.5 0.5 0.5 0.5 0.5 0.5 0.5
          0.5 0.5 0.5 0.5 0.5 0.5 0.5 0.5 0.5
          0.5 0.5 0.5 0.5 0.5 0.5 0.5 0.5 0.5
          0.5 0.5 0.5 0.5 0.5 0.5 0.5 0.5 0.5
          0.5 0.5 0.5 0.5 0.5 0.5 0.5 0.5 0.5
          0.5 0.5 0.5 0.5 0.5 0.5 0.5 0.5 0.5
          0.5 0.5 0.5 0.5 0.5 0.5 0.5 0.5 0.5
          0.5 0.5 0.5 0.5 0.5 0.5 0.5 0.5 0.5
          0.5 0.5 0.5 0.5 0.5 0.5 0.5 0.5 0.5
          0.5 0.5 0.5 0.5 0.5 0.5 0.5 0.5 0.5
          0.5 0.5 0.5 0.5 0.5 0.5 0.5 0.5 0.5
          0.5 0.5 0.5 0.5 0.5 0.5 0.5 0.5 0.5
          0.5 0.5 0.5 0.5 0.5 0.5 0.5 0.5 0.5
          0.5 0.5 0.5 0.5 0.5 0.5 0.5 0.5 0.5
          0.5 0.5 0.5 0.5 0.5 0.5 0.5 0.5 0.5
          0.5 0.5 0.5 0.5 0.5 0.5 0.5 0.5 0.5
          0.5 0.5 0.5 0.5 0.5 0.5 0.5 0.5 0.5
          0.5 0.5 0.5 0.5 0.5 0.5 0.5 0.5 0.5
          0.5 0.5 0.5 0.5 0.5 0.5 0.5 0.5 0.5
          0.5 0.5 0.5 0.5 0.5 0.5 0.5 0.5 0.5
          0.5 0.5 0.5 0.5 0.5 0.5 0.5 0.5 0.5
          0.5 0.5 0.5 0.5 0.5 0.5 0.5 0.5 0.5
          0.5 0.5 0.5 0.5 0.5 0.5 0.5 0.5 0.5
          0.5 0.5 0.5 0.5 0.5 0.5 0.5 0.5 0.5
          0.5 0.5 0.5 0.5 0.5 0.5 0.5 0.5 0.5
          0.5 0.5 0.5 0.5 0.5 0.5 0.5 0.5 0.5
          0.5 0.5 0.5 0.5 0.5 0.5 0.5 0.5 0.5
          0.5 0.5 0.5 0.5 0.5 0.5 0.5 0.5 0.5
          0.5 0.5 0.5 0.5 0.5 0.5 0.5 0.5 0.5
          0.5 0.5 0.5 0.5 0.5 0.5 0.5 0.5 0.5
          0.5 0.5 0.5 0.5 0.5 0.5 0.5 0.5 0.5
          0.5 0.5 0.5 0.5 0.5 0.5 0.5 0.5 0.5
          0.5 0.5 0.5 0.5 0.5 0.5 0.5 0.5 0.5
          0.5 0.5 0.5 0.5 0.5 0.5 0.5 0.5 0.5
          0.5 0.5 0.5 0.5 0.5 0.5 0.5 0.5 0.5
          0.5 0.5 0.5 0.5 0.5 0.5 0.5 0.5 0.5
          0.5 0.5 0.5 0.5 0.5 0.5 0.5 0.5 0.5
          0.5 0.5 0.5 0.5 0.5 0.5 0.5 0.5 0.5
          0.5 0.5 0.5 0.5 0.5 0.5 0.5 0.5 0.5
          0.5 0.5 0.5 0.5 0.5 0.5 0.5 0.5 0.5
          0.5 0.5 0.5 0.5 0.5 0.5 0.5 0.5 0.5
          0.5 0.5 0.5 0.5 0.5 0.5 0.5 0.5 0.5
          0.5 0.5 0.5 0.5 0.5 0.5 0.5 0.5 0.5
          0.5 0.5 0.5 0.5 0.5 0.5 0.5 0.5 0.5
          0.5 0.5 0.5 0.5 0.5 0.5 0.5 0.5 0.5
          0.5 0.5 0.5 0.5 0.5 0.5 0.5 0.5 0.5
          0.5 0.5 0.5 0.5 0.5 0.5 0.5 0.5 0.5
          0.5 0.5 0.5 0.5 0.5 0.5 0.5 0.5 0.5
          0.5 0.5 0.5 0.5 0.5 0.5 0.5 0.5 0.5
          0.5 0.5 0.5 0.5 0.5 0.5 0.5 0.5 0.5
          0.5 0.5 0.5 0.5 0.5 0.5 0.5 0.5 0.5
          0.5 0.5 0.5 0.5 0.5 0.5 0.5 0.5 0.5
          0.5 0.5 0.5 0.5 0.5 0.5 0.5 0.5 0.5
          0.5 0.5 0.5 0.5 0.5 0.5 0.5 0.5 0.5
          0.5 0.5 0.5 0.5 0.5 0.5 0.5 0.5 0.5
          0.5 0.5 0.5 0.5 0.5 0.5 0.5 0.5 0.5
          0.5 0.5 0.5 0.5 0.5 0.5 0.5 0.5 0.5
          0.5 0.5 0.5 0.5 0.5 0.5 0.5 0.5 0.5
          0.5 0.5 0.5 0.5 0.5 0.5 0.5 0.5 0.5
          0.5 0.5 0.5 0.5 0.5 0.5 0.5 0.5 0.5
          0.5 0.5 0.5 0.5 0.5 0.5 0.5 0.5 0.5
          0.5 0.5 0.5 0.5 0.5 0.5 0.5 0.5 0.5
          0.5 0.5 0.5 0.5 0.5 0.5 0.5 0.5 0.5
          0.5 0.5 0.5 0.5 0.5 0.5 0.5 0.5 0.5
          0.5 0.5 0.5 0.5 0.5 0.5 0.5 0.5 0.5
          0.5 0.5 0.5 0.5 0.5 0.5 0.5 0.5 0.5
          0.5 0.5 0.5 0.5 0.5 0.5 0.5 0.5 0.5
          0.5 0.5 0.5 0.5 0.5 0.5 0.5 0.5 0.5
          0.5 0.5 0.5 0.5 0.5 0.5 0.5 0.5 0.5
          0.5 0.5 0.5 0.5 0.5 0.5 0.5 0.5 0.5
          0.5 0.5 0.5 0.5 0.5 0.5 0.5 0.5 0.5
          0.5 0.5 0.5 0.5 0.5 0.5 0.5 0.5 0.5
          0.5 0.5 0.5 0.5 0.5 0.5 0.5 0.5 0.5
          0.5 0.5 0.5 0.5 0.5 0.5 0.5 0.5 0.5
          0.5 0.5 0.5 0.5 0.5 0.5 0.5 0.5 0.5
          0.5 0.5 0.5 0.5 0.5 0.5 0.5 0.5 0.5
          0.5 0.5 0.5 0.5 0.5 0.5 0.5 0.5 0.5
          0.5 0.5 0.5 0.5 0.5 0.5 0.5 0.5 0.5
          0.5 0.5 0.5 0.5 0.5 0.5 0.5 0.5 0.5
          0.5 0.5 0.5 0.5 0.5 0.5 0.5 0.5 0.5
          0.5 0.5 0.5 0.5 0.5 0.5 0.5 0.5 0.5
          0.5 0.5 0.5 0.5 0.5 0.5 0.5 0.5 0.5
          0.5 0.5 0.5 0.5 0.5 0.5 0.5 0.5 0.5
          0.5 0.5 0.5 0.5 0.5 0.5 0.5 0.5 0.5
          0.5 0.5 0.5 0.5 0.5
        </DataArray>
        <DataArray type="Float32" Name="U" NumberOfComponents="3" format="ascii">
          0 0 0 0 0 0 0 0 0
          0 0 0 0 0 0 0 0 0
          0 0 0 0 0 0 0 0 0
          0 0 0 0 0 0 0 0 0
          0 0 0 0 0 0 0 0 0
          0 0 0 0 0 0 0 0 0
          0 0 0 0 0 0 0 0 0
          0 0 0 0 0 0 0 0 0
          0 0 0 0 0 0 0 0 0
          0 0 0 0 0 0 0 0 0
          0 0 0 0 0 0 0 0 0
          0 0 0 0 0 0 0 0 0
          0 0 0 0 0 0 0 0 0
          0 0 0 0 0 0 0 0 0
          0 0 0 0 0 0 0 0 0
          0 0 0 0 0 0 0 0 0
          0 0 0 0 0 0 0 0 0
          0 0 0 0 0 0 0 0 0
          0 0 0 0 0 0 0 0 0
          0 0 0 0 0 0 0 0 0
          0 0 0 0 0 0 0 0 0
          0 0 0 0 0 0 0 0 0
          0 0 0 0 0 0 0 0 0
          0 0 0 0 0 0 0 0 0
          0 0 0 0 0 0 0 0 0
          0 0 0 0 0 0 0 0 0
          0 0 0 0 0 0 0 0 0
          0 0 0 0 0 0 0 0 0
          0 0 0 0 0 0 0 0 0
          0 0 0 0 0 0 0 0 0
          0 0 0 0 0 0 0 0 0
          0 0 0 0 0 0 0 0 0
          0 0 0 0 0 0 0 0 0
          0 0 0 0 0 0 0 0 0
          0 0 0 0 0 0 0 0 0
          0 0 0 0 0 0 0 0 0
          0 0 0 0 0 0 0 0 0
          0 0 0 0 0 0 0 0 0
          0 0 0 0 0 0 0 0 0
          0 0 0 0 0 0 0 0 0
          0 0 0 0 0 0 0 0 0
          0 0 0 0 0 0 0 0 0
          0 0 0 0 0 0 0 0 0
          0 0 0 0 0 0 0 0 0
          0 0 0 0 0 0 0 0 0
          0 0 0 0 0 0 0 0 0
          0 0 0 0 0 0 0 0 0
          0 0 0 0 0 0 0 0 0
          0 0 0 0 0 0 0 0 0
          0 0 0 0 0 0 0 0 0
          0 0 0 0 0 0 0 0 0
          0 0 0 0 0 0 0 0 0
          0 0 0 0 0 0 0 0 0
          0 0 0 0 0 0 0 0 0
          0 0 0 0 0 0 0 0 0
          0 0 0 0 0 0 0 0 0
          0 0 0 0 0 0 0 0 0
          0 0 0 0 0 0 0 0 0
          0 0 0 0 0 0 0 0 0
          0 0 0 0 0 0 0 0 0
          0 0 0 0 0 0 0 0 0
          0 0 0 0 0 0 0 0 0
          0 0 0 0 0 0 0 0 0
          0 0 0 0 0 0 0 0 0
          0 0 0 0 0 0 0 0 0
          0 0 0 0 0 0 0 0 0
          0 0 0 0 0 0 0 0 0
          0 0 0 0 0 0 0 0 0
          0 0 0 0 0 0 0 0 0
          0 0 0 0 0 0 0 0 0
          0 0 0 0 0 0 0 0 0
          0 0 0 0 0 0 0 0 0
          0 0 0 0 0 0 0 0 0
          0 0 0 0 0 0 0 0 0
          0 0 0 0 0 0 0 0 0
          0 0 0 0 0 0 0 0 0
          0 0 0 0 0 0 0 0 0
          0 0 0 0 0 0 0 0 0
          0 0 0 0 0 0 0 0 0
          0 0 0 0 0 0 0 0 0
          0 0 0 0 0 0 0 0 0
          0 0 0 0 0 0 0 0 0
          0 0 0 0 0 0 0 0 0
          0 0 0 0 0 0 0 0 0
          0 0 0 0 0 0 0 0 0
          0 0 0 0 0 0 0 0 0
          0 0 0 0 0 0 0 0 0
          0 0 0 0 0 0 0 0 0
          0 0 0 0 0 0 0 0 0
          0 0 0 0 0 0 0 0 0
          0 0 0 0 0 0 0 0 0
          0 0 0 0 0 0 0 0 0
          0 0 0 0 0 0 0 0 0
          0 0 0 0 0 0 0 0 0
          0 0 0 0 0 0 0 0 0
          0 0 0 0 0 0 0 0 0
          0 0 0 0 0 0 0 0 0
          0 0 0 0 0 0 0 0 0
          0 0 0 0 0 0 0 0 0
          0 0 0 0 0 0 0 0 0
          0 0 0 0 0 0 0 0 0
          0 0 0 0 0 0 0 0 0
          0 0 0 0 0 0 0 0 0
          0 0 0 0 0 0 0 0 0
          0 0 0 0 0 0 0 0 0
          0 0 0 0 0 0 0 0 0
          0 0 0 0 0 0 0 0 0
          0 0 0 0 0 0 0 0 0
          0 0 0 0 0 0 0 0 0
          0 0 0 0 0 0 0 0 0
          0 0 0 0 0 0 0 0 0
          0 0 0 0 0 0 0 0 0
          0 0 0 0 0 0 0 0 0
          0 0 0 0 0 0 0 0 0
          0 0 0 0 0 0 0 0 0
          0 0 0 0 0 0 0 0 0
          0 0 0 0 0 0 0 0 0
          0 0 0 0 0 0 0 0 0
          0 0 0 0 0 0 0 0 0
          0 0 0 0 0 0 0 0 0
          0 0 0 0 0 0 0 0 0
          0 0 0 0 0 0 0 0 0
          0 0 0 0 0 0 0 0 0
          0 0 0 0 0 0 0 0 0
          0 0 0 0 0 0 0 0 0
          0 0 0 0 0 0 0 0 0
          0 0 0 0 0 0 0 0 0
          0 0 0 0 0 0 0 0 0
          0 0 0 0 0 0 0 0 0
          0 0 0 0 0 0 0 0 0
          0 0 0 0 0 0 0 0 0
          0 0 0 0 0 0 0 0 0
          0 0 0 0 0 0 0 0 0
          0 0 0 0 0 0 0 0 0
          0 0 0 0 0 0 0 0 0
          0 0 0 0 0 0 0 0 0
          0 0 0 0 0 0 0 0 0
          0 0 0 0 0 0 0 0 0
          0 0 0 0 0 0 0 0 0
          0 0 0 0 0 0 0 0 0
          0 0 0 0 0 0 0 0 0
          0 0 0 0 0 0 0 0 0
          0 0 0 0 0 0 0 0 0
          0 0 0 0 0 0 0 0 0
          0 0 0 0 0 0 0 0 0
          0 0 0 0 0 0 0 0 0
          0 0 0 0 0 0 0 0 0
          0 0 0 0 0 0 0 0 0
          0 0 0 0 0 0 0 0 0
          0 0 0 0 0 0 0 0 0
          0 0 0 0 0 0 0 0 0
          0 0 0 0 0 0 0 0 0
          0 0 0 0 0 0 0 0 0
          0 0 0 0 0 0 0 0 0
          0 0 0 0 0 0 0 0 0
          0 0 0 0 0 0 0 0 0
          0 0 0 0 0 0 0 0 0
          0 0 0 0 0 0 0 0 0
          0 0 0 0 0 0 0 0 0
          0 0 0 0 0 0 0 0 0
          0 0 0 0 0 0 0 0 0
          0 0 0 0 0 0 0 0 0
          0 0 0 0 0 0 0 0 0
          0 0 0 0 0 0 0 0 0
          0 0 0 0 0 0 0 0 0
          0 0 0 0 0 0 0 0 0
          0 0 0 0 0 0 0 0 0
          0 0 0 0 0 0 0 0 0
          0 0 0 0 0 0 0 0 0
          0 0 0 0 0 0 0 0 0
          0 0 0 0 0 0 0 0 0
          0 0 0 0 0 0 0 0 0
          0 0 0 0 0 0 0 0 0
          0 0 0 0 0 0 0 0 0
          0 0 0 0 0 0 0 0 0
          0 0 0 0 0 0 0 0 0
          0 0 0 0 0 0 0 0 0
          0 0 0 0 0 0 0 0 0
          0 0 0 0 0 0 0 0 0
          0 0 0 0 0 0 0 0 0
          0 0 0 0 0 0 0 0 0
          0 0 0 0 0 0 0 0 0
          0 0 0 0 0 0 0 0 0
          0 0 0 0 0 0 0 0 0
          0 0 0 0 0 0 0 0 0
          0 0 0 0 0 0 0 0 0
          0 0 0 0 0 0 0 0 0
          0 0 0 0 0 0 0 0 0
          0 0 0 0 0 0 0 0 0
          0 0 0 0 0 0 0 0 0
          0 0 0 0 0 0 0 0 0
          0 0 0 0 0 0 0 0 0
          0 0 0 0 0 0 0 0 0
          0 0 0 0 0 0 0 0 0
          0 0 0 0 0 0 0 0 0
          0 0 0 0 0 0 0 0 0
          0 0 0 0 0 0 0 0 0
          0 0 0 0 0 0 0 0 0
          0 0 0 0 0 0 0 0 0
          0 0 0 0 0 0 0 0 0
          0 0 0 0 0 0 0 0 0
          0 0 0 0 0 0 0 0 0
          0 0 0 0 0 0 0 0 0
          0 0 0 0 0 0 0 0 0
          0 0 0 0 0 0 0 0 0
          0 0 0 0 0 0 0 0 0
          0 0 0 0 0 0 0 0 0
          0 0 0 0 0 0 0 0 0
          0 0 0 0 0 0 0 0 0
          0 0 0 0 0 0 0 0 0
          0 0 0 0 0 0 0 0 0
          0 0 0 0 0 0 0 0 0
          0 0 0 0 0 0 0 0 0
          0 0 0 0 0 0 0 0 0
          0 0 0 0 0 0 0 0 0
          0 0 0 0 0 0 0 0 0
          0 0 0 0 0 0 0 0 0
          0 0 0 0 0 0 0 0 0
          0 0 0 0 0 0 0 0 0
          0 0 0 0 0 0 0 0 0
          0 0 0 0 0 0 0 0 0
          0 0 0 0 0 0 0 0 0
          0 0 0 0 0 0 0 0 0
          0 0 0 0 0 0 0 0 0
          0 0 0 0 0 0 0 0 0
          0 0 0 0 0 0 0 0 0
          0 0 0 0 0 0 0 0 0
          0 0 0 0 0 0 0 0 0
          0 0 0 0 0 0 0 0 0
          0 0 0 0 0 0 0 0 0
          0 0 0 0 0 0 0 0 0
          0 0 0 0 0 0 0 0 0
          0 0 0 0 0 0 0 0 0
          0 0 0 0 0 0 0 0 0
          0 0 0 0 0 0 0 0 0
          0 0 0 0 0 0 0 0 0
          0 0 0 0 0 0 0 0 0
          0 0 0 0 0 0 0 0 0
          0 0 0 0 0 0 0 0 0
          0 0 0 0 0 0 0 0 0
          0 0 0 0 0 0 0 0 0
          0 0 0 0 0 0 0 0 0
          0 0 0 0 0 0 0 0 0
          0 0 0 0 0 0 0 0 0
          0 0 0 0 0 0 0 0 0
          0 0 0 0 0 0 0 0 0
          0 0 0 0 0 0 0 0 0
          0 0 0 0 0 0 0 0 0
          0 0 0 0 0 0 0 0 0
          0 0 0 0 0 0 0 0 0
          0 0 0 0 0 0 0 0 0
          0 0 0 0 0 0 0 0 0
          0 0 0 0 0 0 0 0 0
          0 0 0 0 0 0 0 0 0
          0 0 0 0 0 0 0 0 0
          0 0 0 0 0 0 0 0 0
          0 0 0 0 0 0 0 0 0
          0 0 0 0 0 0 0 0 0
          0 0 0 0 0 0 0 0 0
          0 0 0 0 0 0 0 0 0
          0 0 0 0 0 0 0 0 0
          0 0 0 0 0 0 0 0 0
          0 0 0 0 0 0 0 0 0
          0 0 0 0 0 0 0 0 0
          0 0 0 0 0 0 0 0 0
          0 0 0 0 0 0 0 0 0
          0 0 0 0 0 0 0 0 0
          0 0 0 0 0 0 0 0 0
          0 0 0 0 0 0 0 0 0
          0 0 0 0 0 0 0 0 0
          0 0 0 0 0 0 0 0 0
          0 0 0 0 0 0 0 0 0
          0 0 0 0 0 0 0 0 0
          0 0 0 0 0 0 0 0 0
          0 0 0 0 0 0 0 0 0
          0 0 0 0 0 0 0 0 0
          0 0 0 0 0 0 0 0 0
          0 0 0 0 0 0 0 0 0
          0 0 0 0 0 0 0 0 0
          0 0 0 0 0 0 0 0 0
          0 0 0 0 0 0 0 0 0
          0 0 0 0 0 0 0 0 0
          0 0 0 0 0 0 0 0 0
          0 0 0 0 0 0 0 0 0
          0 0 0 0 0 0 0 0 0
          0 0 0 0 0 0 0 0 0
          0 0 0 0 0 0 0 0 0
          0 0 0 0 0 0 0 0 0
          0 0 0 0 0 0 0 0 0
          0 0 0 0 0 0 0 0 0
          0 0 0 0 0 0 0 0 0
          0 0 0 0 0 0 0 0 0
          0 0 0 0 0 0 0 0 0
          0 0 0 0 0 0 0 0 0
          0 0 0 0 0 0 0 0 0
          0 0 0 0 0 0 0 0 0
          0 0 0 0 0 0 0 0 0
          0 0 0 0 0 0 0 0 0
          0 0 0 0 0 0 0 0 0
          0 0 0 0 0 0 0 0 0
          0 0 0 0 0 0 0 0 0
          0 0 0 0 0 0 0 0 0
          0 0 0 0 0 0 0 0 0
          0 0 0 0 0 0 0 0 0
          0 0 0 0 0 0 0 0 0
          0 0 0 0 0 0 0 0 0
          0 0 0 0 0 0 0 0 0
          0 0 0 0 0 0 0 0 0
          0 0 0 0 0 0 0 0 0
          0 0 0 0 0 0 0 0 0
          0 0 0 0 0 0 0 0 0
          0 0 0 0 0 0 0 0 0
          0 0 0 0 0 0 0 0 0
          0 0 0 0 0 0 0 0 0
          0 0 0 0 0 0 0 0 0
          0 0 0 0 0 0 0 0 0
          0 0 0 0 0 0 0 0 0
          0 0 0 0 0 0 0 0 0
          0 0 0 0 0 0 0 0 0
          0 0 0 0 0 0 0 0 0
          0 0 0 0 0 0 0 0 0
          0 0 0 0 0 0 0 0 0
          0 0 0 0 0 0 0 0 0
          0 0 0 0 0 0 0 0 0
          0 0 0 0 0 0 0 0 0
          0 0 0 0 0 0 0 0 0
          0 0 0 0 0 0 0 0 0
          0 0 0 0 0 0 0 0 0
          0 0 0 0 0 0 0 0 0
          0 0 0 0 0 0 0 0 0
          0 0 0 0 0 0 0 0 0
          0 0 0 0 0 0 0 0 0
          0 0 0 0 0 0 0 0 0
          0 0 0 0 0 0 0 0 0
          0 0 0 0 0 0 0 0 0
          0 0 0 0 0 0 0 0 0
          0 0 0 0 0 0 0 0 0
          0 0 0 0 0 0 0 0 0
          0 0 0 0 0 0 0 0 0
          0 0 0 0 0 0 0 0 0
          0 0 0 0 0 0 0 0 0
          0 0 0 0 0 0 0 0 0
          0 0 0 0 0 0 0 0 0
          0 0 0 0 0 0 0 0 0
          0 0 0 0 0 0 0 0 0
          0 0 0 0 0 0 0 0 0
          0 0 0 0 0 0 0 0 0
          0 0 0 0 0 0 0 0 0
          0 0 0 0 0 0 0 0 0
          0 0 0 0 0 0 0 0 0
          0 0 0 0 0 0 0 0 0
          0 0 0 0 0 0 0 0 0
          0 0 0 0 0 0 0 0 0
          0 0 0 0 0 0 0 0 0
          0 0 0 0 0 0 0 0 0
          0 0 0 0 0 0 0 0 0
          0 0 0 0 0 0 0 0 0
          0 0 0 0 0 0 0 0 0
          0 0 0 0 0 0 0 0 0
          0 0 0 0 0 0 0 0 0
          0 0 0 0 0 0 0 0 0
          0 0 0 0 0 0 0 0 0
          0 0 0 0 0 0 0 0 0
          0 0 0 0 0 0 0 0 0
          0 0 0 0 0 0 0 0 0
          0 0 0 0 0 0 0 0 0
          0 0 0 0 0 0 0 0 0
          0 0 0 0 0 0 0 0 0
          0 0 0 0 0 0 0 0 0
          0 0 0 0 0 0 0 0 0
          0 0 0 0 0 0 0 0 0
          0 0 0 0 0 0 0 0 0
          0 0 0 0 0 0 0 0 0
          0 0 0 0 0 0 0 0 0
          0 0 0 0 0 0 0 0 0
          0 0 0 0 0 0 0 0 0
          0 0 0 0 0 0 0 0 0
          0 0 0 0 0 0 0 0 0
          0 0 0 0 0 0 0 0 0
          0 0 0 0 0 0 0 0 0
          0 0 0 0 0 0 0 0 0
          0 0 0 0 0 0 0 0 0
          0 0 0 0 0 0 0 0 0
          0 0 0 0 0 0 0 0 0
          0 0 0 0 0 0 0 0 0
          0 0 0 0 0 0 0 0 0
          0 0 0 0 0 0 0 0 0
          0 0 0 0 0 0 0 0 0
          0 0 0 0 0 0 0 0 0
          0 0 0 0 0 0 0 0 0
          0 0 0 0 0 0 0 0 0
          0 0 0 0 0 0 0 0 0
          0 0 0 0 0 0 0 0 0
          0 0 0 0 0 0 0 0 0
          0 0 0 0 0 0 0 0 0
          0 0 0 0 0 0 0 0 0
          0 0 0 0 0 0 0 0 0
          0 0 0 0 0 0 0 0 0
          0 0 0 0 0 0 0 0 0
          0 0 0 0 0 0 0 0 0
          0 0 0 0 0 0 0 0 0
          0 0 0 0 0 0 0 0 0
          0 0 0 0 0 0 0 0 0
          0 0 0 0 0 0 0 0 0
          0 0 0 0 0 0 0 0 0
          0 0 0 0 0 0 0 0 0
          0 0 0 0 0 0 0 0 0
          0 0 0 0 0 0 0 0 0
          0 0 0 0 0 0 0 0 0
          0 0 0 0 0 0 0 0 0
          0 0 0 0 0 0 0 0 0
          0 0 0 0 0 0 0 0 0
          0 0 0 0 0 0 0 0 0
          0 0 0 0 0 0 0 0 0
          0 0 0 0 0 0 0 0 0
          0 0 0 0 0 0 0 0 0
          0 0 0 0 0 0 0 0 0
          0 0 0 0 0 0 0 0 0
          0 0 0 0 0 0 0 0 0
          0 0 0 0 0 0 0 0 0
          0 0 0 0 0 0 0 0 0
          0 0 0 0 0 0 0 0 0
          0 0 0 0 0 0 0 0 0
          0 0 0 0 0 0 0 0 0
          0 0 0 0 0 0 0 0 0
          0 0 0 0 0 0 0 0 0
          0 0 0 0 0 0 0 0 0
          0 0 0 0 0 0 0 0 0
          0 0 0 0 0 0 0 0 0
          0 0 0 0 0 0 0 0 0
          0 0 0 0 0 0 0 0 0
          0 0 0 0 0 0 0 0 0
          0 0 0 0 0 0 0 0 0
          0 0 0 0 0 0 0 0 0
          0 0 0 0 0 0 0 0 0
          0 0 0 0 0 0 0 0 0
          0 0 0 0 0 0 0 0 0
          0 0 0 0 0 0 0 0 0
          0 0 0 0 0 0 0 0 0
          0 0 0 0 0 0 0 0 0
          0 0 0 0 0 0 0 0 0
          0 0 0 0 0 0 0 0 0
          0 0 0 0 0 0 0 0 0
          0 0 0 0 0 0 0 0 0
          0 0 0 0 0 0 0 0 0
          0 0 0 0 0 0 0 0 0
          0 0 0 0 0 0 0 0 0
          0 0 0 0 0 0 0 0 0
          0 0 0 0 0 0 0 0 0
          0 0 0 0 0 0 0 0 0
          0 0 0 0 0 0 0 0 0
          0 0 0 0 0 0 0 0 0
          0 0 0 0 0 0 0 0 0
          0 0 0 0 0 0 0 0 0
          0 0 0 0 0 0 0 0 0
          0 0 0 0 0 0 0 0 0
          0 0 0 0 0 0 0 0 0
          0 0 0 0 0 0 0 0 0
          0 0 0 0 0 0 0 0 0
          0 0 0 0 0 0 0 0 0
          0 0 0 0 0 0 0 0 0
          0 0 0 0 0 0 0 0 0
          0 0 0 0 0 0 0 0 0
          0 0 0 0 0 0 0 0 0
          0 0 0 0 0 0 0 0 0
          0 0 0 0 0 0 0 0 0
          0 0 0 0 0 0 0 0 0
          0 0 0 0 0 0 0 0 0
          0 0 0 0 0 0 0 0 0
          0 0 0 0 0 0 0 0 0
          0 0 0 0 0 0 0 0 0
          0 0 0 0 0 0 0 0 0
          0 0 0 0 0 0 0 0 0
          0 0 0 0 0 0 0 0 0
          0 0 0 0 0 0 0 0 0
          0 0 0 0 0 0 0 0 0
          0 0 0 0 0 0 0 0 0
          0 0 0 0 0 0 0 0 0
          0 0 0 0 0 0 0 0 0
          0 0 0 0 0 0 0 0 0
          0 0 0 0 0 0 0 0 0
          0 0 0 0 0 0 0 0 0
          0 0 0 0 0 0 0 0 0
          0 0 0 0 0 0 0 0 0
          0 0 0 0 0 0 0 0 0
          0 0 0 0 0 0 0 0 0
          0 0 0 0 0 0 0 0 0
          0 0 0 0 0 0 0 0 0
          0 0 0 0 0 0 0 0 0
          0 0 0 0 0 0 0 0 0
          0 0 0 0 0 0 0 0 0
          0 0 0 0 0 0 0 0 0
          0 0 0 0 0 0 0 0 0
          0 0 0 0 0 0 0 0 0
          0 0 0 0 0 0 0 0 0
          0 0 0 0 0 0 0 0 0
          0 0 0 0 0 0 0 0 0
          0 0 0 0 0 0 0 0 0
          0 0 0 0 0 0 0 0 0
          0 0 0 0 0 0 0 0 0
          0 0 0 0 0 0 0 0 0
          0 0 0 0 0 0 0 0 0
          0 0 0 0 0 0 0 0 0
          0 0 0 0 0 0 0 0 0
          0 0 0 0 0 0 0 0 0
          0 0 0 0 0 0 0 0 0
          0 0 0 0 0 0 0 0 0
          0 0 0 0 0 0 0 0 0
          0 0 0 0 0 0 0 0 0
          0 0 0 0 0 0 0 0 0
          0 0 0 0 0 0 0 0 0
          0 0 0 0 0 0 0 0 0
          0 0 0 0 0 0 0 0 0
          0 0 0 0 0 0 0 0 0
          0 0 0 0 0 0 0 0 0
          0 0 0 0 0 0 0 0 0
          0 0 0 0 0 0 0 0 0
          0 0 0 0 0 0 0 0 0
          0 0 0 0 0 0 0 0 0
          0 0 0 0 0 0 0 0 0
          0 0 0 0 0 0 0 0 0
          0 0 0 0 0 0 0 0 0
          0 0 0 0 0 0 0 0 0
          0 0 0 0 0 0 0 0 0
          0 0 0 0 0 0 0 0 0
          0 0 0 0 0 0 0 0 0
          0 0 0 0 0 0 0 0 0
          0 0 0 0 0 0 0 0 0
          0 0 0 0 0 0 0 0 0
          0 0 0 0 0 0 0 0 0
          0 0 0 0 0 0 0 0 0
          0 0 0 0 0 0 0 0 0
          0 0 0 0 0 0 0 0 0
          0 0 0 0 0 0 0 0 0
          0 0 0 0 0 0 0 0 0
          0 0 0 0 0 0 0 0 0
          0 0 0 0 0 0 0 0 0
          0 0 0 0 0 0 0 0 0
          0 0 0 0 0 0 0 0 0
          0 0 0 0 0 0 0 0 0
          0 0 0 0 0 0 0 0 0
          0 0 0 0 0 0 0 0 0
          0 0 0 0 0 0 0 0 0
          0 0 0 0 0 0 0 0 0
          0 0 0 0 0 0 0 0 0
          0 0 0 0 0 0 0 0 0
          0 0 0 0 0 0 0 0 0
          0 0 0 0 0 0 0 0 0
          0 0 0 0 0 0 0 0 0
          0 0 0 0 0 0 0 0 0
          0 0 0 0 0 0 0 0 0
          0 0 0 0 0 0 0 0 0
          0 0 0 0 0 0 0 0 0
          0 0 0 0 0 0 0 0 0
          0 0 0 0 0 0 0 0 0
          0 0 0 0 0 0 0 0 0
          0 0 0 0 0 0 0 0 0
          0 0 0 0 0 0 0 0 0
          0 0 0 0 0 0 0 0 0
          0 0 0 0 0 0 0 0 0
          0 0 0 0 0 0 0 0 0
          0 0 0 0 0 0 0 0 0
          0 0 0 0 0 0 0 0 0
          0 0 0 0 0 0 0 0 0
          0 0 0 0 0 0 0 0 0
          0 0 0 0 0 0 0 0 0
          0 0 0 0 0 0 0 0 0
          0 0 0 0 0 0 0 0 0
          0 0 0 0 0 0 0 0 0
          0 0 0 0 0 0 0 0 0
          0 0 0 0 0 0 0 0 0
          0 0 0 0 0 0 0 0 0
          0 0 0 0 0 0 0 0 0
          0 0 0 0 0 0 0 0 0
          0 0 0 0 0 0 0 0 0
          0 0 0 0 0 0 0 0 0
          0 0 0 0 0 0 0 0 0
          0 0 0 0 0 0 0 0 0
          0 0 0 0 0 0 0 0 0
          0 0 0 0 0 0 0 0 0
          0 0 0 0 0 0 0 0 0
          0 0 0 0 0 0 0 0 0
          0 0 0 0 0 0 0 0 0
          0 0 0 0 0 0 0 0 0
          0 0 0 0 0 0 0 0 0
          0 0 0 0 0 0 0 0 0
          0 0 0 0 0 0 0 0 0
          0 0 0 0 0 0 0 0 0
          0 0 0 0 0 0 0 0 0
          0 0 0 0 0 0 0 0 0
          0 0 0 0 0 0 0 0 0
          0 0 0 0 0 0 0 0 0
          0 0 0 0 0 0 0 0 0
          0 0 0 0 0 0 0 0 0
          0 0 0 0 0 0 0 0 0
          0 0 0 0 0 0 0 0 0
          0 0 0 0 0 0 0 0 0
          0 0 0 0 0 0 0 0 0
          0 0 0 0 0 0 0 0 0
          0 0 0 0 0 0 0 0 0
          0 0 0 0 0 0 0 0 0
          0 0 0 0 0 0 0 0 0
          0 0 0 0 0 0 0 0 0
          0 0 0 0 0 0 0 0 0
          0 0 0 0 0 0 0 0 0
          0 0 0 0 0 0 0 0 0
          0 0 0 0 0 0 0 0 0
          0 0 0 0 0 0 0 0 0
          0 0 0 0 0 0 0 0 0
          0 0 0 0 0 0 0 0 0
          0 0 0 0 0 0 0 0 0
          0 0 0 0 0 0 0 0 0
          0 0 0 0 0 0 0 0 0
          0 0 0 0 0 0 0 0 0
          0 0 0 0 0 0 0 0 0
          0 0 0 0 0 0 0 0 0
          0 0 0 0 0 0 0 0 0
          0 0 0 0 0 0 0 0 0
          0 0 0 0 0 0 0 0 0
          0 0 0 0 0 0 0 0 0
          0 0 0 0 0 0 0 0 0
          0 0 0 0 0 0 0 0 0
          0 0 0 0 0 0 0 0 0
          0 0 0 0 0 0 0 0 0
          0 0 0 0 0 0 0 0 0
          0 0 0 0 0 0 0 0 0
          0 0 0 0 0 0 0 0 0
          0 0 0 0 0 0 0 0 0
          0 0 0 0 0 0 0 0 0
          0 0 0 0 0 0 0 0 0
          0 0 0 0 0 0 0 0 0
          0 0 0 0 0 0 0 0 0
          0 0 0 0 0 0 0 0 0
          0 0 0 0 0 0 0 0 0
          0 0 0 0 0 0 0 0 0
          0 0 0 0 0 0 0 0 0
          0 0 0 0 0 0 0 0 0
          0 0 0 0 0 0 0 0 0
          0 0 0 0 0 0 0 0 0
          0 0 0 0 0 0 0 0 0
          0 0 0 0 0 0 0 0 0
          0 0 0 0 0 0 0 0 0
          0 0 0 0 0 0 0 0 0
          0 0 0 0 0 0 0 0 0
          0 0 0 0 0 0 0 0 0
          0 0 0 0 0 0 0 0 0
          0 0 0 0 0 0
        </DataArray>
      </CellData>
      <Points>
        <DataArray type="Float32" NumberOfComponents="3" format="ascii">
          0.11759 0.0239833 -0.0305648 0.117384 0.00931899 -0.0329195 0.120934 0.00931985 -0.0335467
          0.11759 0.0239833 -0.0305648 0.120934 0.00931985 -0.0335467 0.127441 0.0299454 -0.0470083
          0.11759 -0.0257225 0.0192632 0.128052 -0.0418412 0.0256618 0.120934 -0.0286865 0.0046734
          0.11759 -0.0257225 0.0192632 0.120934 -0.0286865 0.0046734 0.117384 -0.0282795 0.00467421
          0.117044 -0.00527991 -0.0304323 0.124841 -0.00699371 -0.0378328 0.120934 0.00931985 -0.0335467
          0.117044 -0.00527991 -0.0304323 0.120934 0.00931985 -0.0335467 0.117384 0.00931899 -0.0329195
          0.117044 -0.0257497 -0.00990456 0.117384 -0.0282795 0.00467421 0.120934 -0.0286865 0.0046734
          0.117044 -0.0257497 -0.00990456 0.120934 -0.0286865 0.0046734 0.127664 -0.03509 -0.0112282
          0.11759 0.0445509 -0.0100046 0.127477 0.0609029 -0.0158164 0.120934 0.0475388 0.0046471
          0.11759 0.0445509 -0.0100046 0.120934 0.0475388 0.0046471 0.117384 0.0468995 0.00464718
          0.120934 0.00934558 0.0428274 0.127339 -0.0111173 0.0561456 0.11759 -0.00533335 0.0398279
          0.120934 0.00934558 0.0428274 0.11759 -0.00533335 0.0398279 0.117384 0.00934513 0.0422595
          0.117044 0.0444282 0.0192673 0.117384 0.0468995 0.00464718 0.120934 0.0475388 0.0046471
          0.117044 0.0444282 0.0192673 0.120934 0.0475388 0.0046471 0.126587 0.0525671 0.0216421
          0.117044 0.023891 0.0397496 0.126449 0.0261864 0.0478198 0.120934 0.00934558 0.0428274
          0.117044 0.023891 0.0397496 0.120934 0.00934558 0.0428274 0.117384 0.00934513 0.0422595
          0.108642 0.00931228 -0.0296767 0.117384 0.00931899 -0.0329195 0.11759 0.0239833 -0.0305648
          0.108642 0.00931228 -0.0296767 0.11759 0.0239833 -0.0305648 0.108293 0.0242359 -0.0297318
          0.107995 0.0362176 -0.0222375 0.108293 0.0242359 -0.0297318 0.11759 0.0239833 -0.0305648
          0.107995 0.0362176 -0.0222375 0.11759 0.0239833 -0.0305648 0.118513 0.0363736 -0.0223907
          0.108642 -0.0250367 0.004681 0.108293 -0.0253874 0.0197125 0.11759 -0.0257225 0.0192632
          0.108642 -0.0250367 0.004681 0.11759 -0.0257225 0.0192632 0.117384 -0.0282795 0.00467421
          0.107995 -0.0175201 0.0314999 0.118513 -0.0176062 0.0315832 0.11759 -0.0257225 0.0192632
          0.107995 -0.0175201 0.0314999 0.11759 -0.0257225 0.0192632 0.108293 -0.0253874 0.0197125
          0.082082 0.0341746 0.0295346 0.0798111 0.0233612 0.0335401 0.0787725 0.0234966 0.0188566
          0.082082 0.0341746 0.0295346 0.0787725 0.0234966 0.0188566 0.0798111 0.0381801 0.0187212
          0.0787154 0.00931 0.00467 0.0787151 0.0236117 0.00467 0.0787725 0.0234966 0.0188566
          0.0787154 0.00931 0.00467 0.0787725 0.0234966 0.0188566 0.0787151 0.00931 0.0189717
          0.0791383 0.0383896 0.00466996 0.0798111 0.0381801 0.0187212 0.0787725 0.0234966 0.0188566
          0.0791383 0.0383896 0.00466996 0.0787725 0.0234966 0.0188566 0.0787151 0.0236117 0.00467
          0.0791383 0.00930996 0.0337496 0.0787151 0.00931 0.0189717 0.0787725 0.0234966 0.0188566
          0.0791383 0.00930996 0.0337496 0.0787725 0.0234966 0.0188566 0.0798111 0.0233612 0.0335401
          0.082082 -0.0155546 -0.0201946 0.0949968 -0.0174278 -0.0220672 0.0946978 -0.00250092 -0.0306464
          0.082082 -0.0155546 -0.0201946 0.0946978 -0.00250092 -0.0306464 0.0798111 -0.00474116 -0.0242001
          0.108642 0.00931228 -0.0296767 0.0994616 0.00931393 -0.0308606 0.0946978 -0.00250092 -0.0306464
          0.108642 0.00931228 -0.0296767 0.0946978 -0.00250092 -0.0306464 0.108183 -0.00573361 -0.0300928
          0.107778 -0.0175366 -0.0221767 0.108183 -0.00573361 -0.0300928 0.0946978 -0.00250092 -0.0306464
          0.107778 -0.0175366 -0.0221767 0.0946978 -0.00250092 -0.0306464 0.0949968 -0.0174278 -0.0220672
          0.0791383 0.00931004 -0.0244096 0.0798111 -0.00474116 -0.0242001 0.0946978 -0.00250092 -0.0306464
          0.0791383 0.00931004 -0.0244096 0.0946978 -0.00250092 -0.0306464 0.0895712 0.00931126 -0.0294479
          0.082082 -0.0155546 -0.0201946 0.0798111 -0.0195601 -0.00938116 0.0946978 -0.0259717 -0.00712894
          0.082082 -0.0155546 -0.0201946 0.0946978 -0.0259717 -0.00712894 0.0949968 -0.0174278 -0.0220672
          0.108642 -0.0250367 0.004681 0.108183 -0.025428 -0.0103624 0.0946978 -0.0259717 -0.00712894
          0.108642 -0.0250367 0.004681 0.0946978 -0.0259717 -0.00712894 0.0994616 -0.0262206 0.00467758
          0.107778 -0.0175366 -0.0221767 0.0949968 -0.0174278 -0.0220672 0.0946978 -0.0259717 -0.00712894
          0.107778 -0.0175366 -0.0221767 0.0946978 -0.0259717 -0.00712894 0.108183 -0.025428 -0.0103624
          0.0791382 -0.0197697 0.00467004 0.0895712 -0.0248079 0.00468006 0.0946978 -0.0259717 -0.00712894
          0.0791382 -0.0197697 0.00467004 0.0946978 -0.0259717 -0.00712894 0.0798111 -0.0195601 -0.00938116
          0.082082 -0.0155546 -0.0201946 0.0798111 -0.00474116 -0.0242001 0.0787725 -0.00487655 -0.00951655
          0.082082 -0.0155546 -0.0201946 0.0787725 -0.00487655 -0.00951655 0.0798111 -0.0195601 -0.00938116
          0.0787154 0.00931 0.00467 0.0787151 -0.00499171 0.00467 0.0787725 -0.00487655 -0.00951655
          0.0787154 0.00931 0.00467 0.0787725 -0.00487655 -0.00951655 0.0787151 0.00931 -0.00963171
          0.0791383 0.00931004 -0.0244096 0.0787151 0.00931 -0.00963171 0.0787725 -0.00487655 -0.00951655
          0.0791383 0.00931004 -0.0244096 0.0787725 -0.00487655 -0.00951655 0.0798111 -0.00474116 -0.0242001
          0.0791382 -0.0197697 0.00467004 0.0798111 -0.0195601 -0.00938116 0.0787725 -0.00487655 -0.00951655
          0.0791382 -0.0197697 0.00467004 0.0787725 -0.00487655 -0.00951655 0.0787151 -0.00499171 0.00467
          0.108642 0.00931228 -0.0296767 0.108183 -0.00573361 -0.0300928 0.117044 -0.00527991 -0.0304323
          0.108642 0.00931228 -0.0296767 0.117044 -0.00527991 -0.0304323 0.117384 0.00931899 -0.0329195
          0.107778 -0.0175366 -0.0221767 0.117116 -0.017549 -0.022192 0.117044 -0.00527991 -0.0304323
          0.107778 -0.0175366 -0.0221767 0.117044 -0.00527991 -0.0304323 0.108183 -0.00573361 -0.0300928
          0.108642 -0.0250367 0.004681 0.117384 -0.0282795 0.00467421 0.117044 -0.0257497 -0.00990456
          0.108642 -0.0250367 0.004681 0.117044 -0.0257497 -0.00990456 0.108183 -0.025428 -0.0103624
          0.107778 -0.0175366 -0.0221767 0.108183 -0.025428 -0.0103624 0.117044 -0.0257497 -0.00990456
          0.107778 -0.0175366 -0.0221767 0.117044 -0.0257497 -0.00990456 0.117116 -0.017549 -0.022192
          0.0820856 0.0341746 -0.0201946 0.0798111 0.0233613 -0.0242002 0.0946996 0.0211259 -0.0306652
          0.0820856 0.0341746 -0.0201946 0.0946996 0.0211259 -0.0306652 0.0950021 0.0360732 -0.0220938
          0.108642 0.00931228 -0.0296767 0.108293 0.0242359 -0.0297318 0.0946996 0.0211259 -0.0306652
          0.108642 0.00931228 -0.0296767 0.0946996 0.0211259 -0.0306652 0.0994616 0.00931393 -0.0308606
          0.0791383 0.00931004 -0.0244096 0.0895712 0.00931126 -0.0294479 0.0946996 0.0211259 -0.0306652
          0.0791383 0.00931004 -0.0244096 0.0946996 0.0211259 -0.0306652 0.0798111 0.0233613 -0.0242002
          0.107995 0.0362176 -0.0222375 0.0950021 0.0360732 -0.0220938 0.0946996 0.0211259 -0.0306652
          0.107995 0.0362176 -0.0222375 0.0946996 0.0211259 -0.0306652 0.108293 0.0242359 -0.0297318
          0.0820856 0.0341746 -0.0201946 0.0798111 0.0381802 -0.00938131 0.0787725 0.0234966 -0.00951655
          0.0820856 0.0341746 -0.0201946 0.0787725 0.0234966 -0.00951655 0.0798111 0.0233613 -0.0242002
          0.0787154 0.00931 0.00467 0.0787151 0.00931 -0.00963171 0.0787725 0.0234966 -0.00951655
          0.0787154 0.00931 0.00467 0.0787725 0.0234966 -0.00951655 0.0787151 0.0236117 0.00467
          0.0791383 0.00931004 -0.0244096 0.0798111 0.0233613 -0.0242002 0.0787725 0.0234966 -0.00951655
          0.0791383 0.00931004 -0.0244096 0.0787725 0.0234966 -0.00951655 0.0787151 0.00931 -0.00963171
          0.0791383 0.0383896 0.00466996 0.0787151 0.0236117 0.00467 0.0787725 0.0234966 -0.00951655
          0.0791383 0.0383896 0.00466996 0.0787725 0.0234966 -0.00951655 0.0798111 0.0381802 -0.00938131
          0.0820839 -0.0155546 0.0295346 0.0950021 -0.0173938 0.0313744 0.0946996 -0.0259581 0.0164676
          0.0820839 -0.0155546 0.0295346 0.0946996 -0.0259581 0.0164676 0.0798111 -0.0195602 0.0187213
          0.108642 -0.0250367 0.004681 0.0994616 -0.0262206 0.00467758 0.0946996 -0.0259581 0.0164676
          0.108642 -0.0250367 0.004681 0.0946996 -0.0259581 0.0164676 0.108293 -0.0253874 0.0197125
          0.0791382 -0.0197697 0.00467004 0.0798111 -0.0195602 0.0187213 0.0946996 -0.0259581 0.0164676
          0.0791382 -0.0197697 0.00467004 0.0946996 -0.0259581 0.0164676 0.0895712 -0.0248079 0.00468006
          0.107995 -0.0175201 0.0314999 0.108293 -0.0253874 0.0197125 0.0946996 -0.0259581 0.0164676
          0.107995 -0.0175201 0.0314999 0.0946996 -0.0259581 0.0164676 0.0950021 -0.0173938 0.0313744
          0.0820839 -0.0155546 0.0295346 0.0798111 -0.0195602 0.0187213 0.0787725 -0.00487655 0.0188566
          0.0820839 -0.0155546 0.0295346 0.0787725 -0.00487655 0.0188566 0.0798111 -0.00474131 0.0335402
          0.0787154 0.00931 0.00467 0.0787151 0.00931 0.0189717 0.0787725 -0.00487655 0.0188566
          0.0787154 0.00931 0.00467 0.0787725 -0.00487655 0.0188566 0.0787151 -0.00499171 0.00467
          0.0791382 -0.0197697 0.00467004 0.0787151 -0.00499171 0.00467 0.0787725 -0.00487655 0.0188566
          0.0791382 -0.0197697 0.00467004 0.0787725 -0.00487655 0.0188566 0.0798111 -0.0195602 0.0187213
          0.0791383 0.00930996 0.0337496 0.0798111 -0.00474131 0.0335402 0.0787725 -0.00487655 0.0188566
          0.0791383 0.00930996 0.0337496 0.0787725 -0.00487655 0.0188566 0.0787151 0.00931 0.0189717
          0.18093 0.00921571 0.0170497 0.17944 0.0184559 0.0137663 0.180951 0.0217572 0.00476724
          0.18093 0.00921571 0.0170497 0.180951 0.0217572 0.00476724 0.187228 0.000681927 0.010167
          0.180951 0.0217572 0.00476724 0.17944 0.0184559 0.0137663 0.169238 0.0203648 0.0157622
          0.180951 0.0217572 0.00476724 0.169238 0.0203648 0.0157622 0.169449 0.0249548 0.00474377
          0.169238 0.0203648 0.0157622 0.17944 0.0184559 0.0137663 0.18093 0.00921571 0.0170497
          0.169238 0.0203648 0.0157622 0.18093 0.00921571 0.0170497 0.169434 0.00923804 0.0202442
          0.156217 0.00918433 -0.0138284 0.156135 -0.00380443 -0.00833356 0.169234 -0.00176909 -0.00637276
          0.156217 0.00918433 -0.0138284 0.169234 -0.00176909 -0.00637276 0.169446 0.00923694 -0.0109616
          0.169234 -0.00176909 -0.00637276 0.156135 -0.00380443 -0.00833356 0.156212 -0.00912157 0.00479289
          0.169234 -0.00176909 -0.00637276 0.156212 -0.00912157 0.00479289 0.169431 -0.00625225 0.00474156
          0.169245 0.020393 -0.00645282 0.156121 0.0223433 -0.00847403 0.156217 0.00918433 -0.0138284
          0.169245 0.020393 -0.00645282 0.156217 0.00918433 -0.0138284 0.169446 0.00923694 -0.0109616
          0.156218 0.0278222 0.00479629 0.156121 0.0223433 -0.00847403 0.169245 0.020393 -0.00645282
          0.156218 0.0278222 0.00479629 0.169245 0.020393 -0.00645282 0.169449 0.0249548 0.00474377
          0.169245 0.020393 -0.00645282 0.169446 0.00923694 -0.0109616 0.180947 0.00921338 -0.00776462
          0.169245 0.020393 -0.00645282 0.180947 0.00921338 -0.00776462 0.179452 0.0184658 -0.00447251
          0.180951 0.0217572 0.00476724 0.179452 0.0184658 -0.00447251 0.180947 0.00921338 -0.00776462
          0.180951 0.0217572 0.00476724 0.180947 0.00921338 -0.00776462 0.187228 0.000681927 0.010167
          0.169245 0.020393 -0.00645282 0.179452 0.0184658 -0.00447251 0.180951 0.0217572 0.00476724
          0.169245 0.020393 -0.00645282 0.180951 0.0217572 0.00476724 0.169449 0.0249548 0.00474377
          0.156212 -0.00912157 0.00479289 0.156135 -0.00377523 0.0176468 0.169225 -0.00174042 0.0156865
          0.156212 -0.00912157 0.00479289 0.169225 -0.00174042 0.0156865 0.169431 -0.00625225 0.00474156
          0.169225 -0.00174042 0.0156865 0.156135 -0.00377523 0.0176468 0.156212 0.00918654 0.0231143
          0.169225 -0.00174042 0.0156865 0.156212 0.00918654 0.0231143 0.169434 0.00923804 0.0202442
          0.180926 -0.00305821 0.00476372 0.169431 -0.00625225 0.00474156 0.169225 -0.00174042 0.0156865
          0.180926 -0.00305821 0.00476372 0.169225 -0.00174042 0.0156865 0.179422 0.000234627 0.0137586
          0.180926 -0.00305821 0.00476372 0.179422 0.000234627 0.0137586 0.18093 0.00921571 0.0170497
          0.180926 -0.00305821 0.00476372 0.18093 0.00921571 0.0170497 0.187228 0.000681927 0.010167
          0.18093 0.00921571 0.0170497 0.179422 0.000234627 0.0137586 0.169225 -0.00174042 0.0156865
          0.18093 0.00921571 0.0170497 0.169225 -0.00174042 0.0156865 0.169434 0.00923804 0.0202442
          0.169238 0.0203648 0.0157622 0.156136 0.0223269 0.0177991 0.156218 0.0278222 0.00479629
          0.169238 0.0203648 0.0157622 0.156218 0.0278222 0.00479629 0.169449 0.0249548 0.00474377
          0.156212 0.00918654 0.0231143 0.156136 0.0223269 0.0177991 0.169238 0.0203648 0.0157622
          0.156212 0.00918654 0.0231143 0.169238 0.0203648 0.0157622 0.169434 0.00923804 0.0202442
          0.169234 -0.00176909 -0.00637276 0.179434 0.000226301 -0.00446441 0.180947 0.00921338 -0.00776462
          0.169234 -0.00176909 -0.00637276 0.180947 0.00921338 -0.00776462 0.169446 0.00923694 -0.0109616
          0.180926 -0.00305821 0.00476372 0.179434 0.000226301 -0.00446441 0.169234 -0.00176909 -0.00637276
          0.180926 -0.00305821 0.00476372 0.169234 -0.00176909 -0.00637276 0.169431 -0.00625225 0.00474156
          0.180947 0.00921338 -0.00776462 0.179434 0.000226301 -0.00446441 0.180926 -0.00305821 0.00476372
          0.180947 0.00921338 -0.00776462 0.180926 -0.00305821 0.00476372 0.187228 0.000681927 0.010167
          0.140786 0.0362198 0.0315823 0.14174 0.0401496 0.0200508 0.1456 0.0224359 0.017722
          0.140786 0.0362198 0.0315823 0.1456 0.0224359 0.017722 0.141739 0.0246908 0.0355096
          0.108642 0.0436567 0.00464831 0.117384 0.0468995 0.00464718 0.117044 0.0444282 0.0192673
          0.108642 0.0436567 0.00464831 0.117044 0.0444282 0.0192673 0.108183 0.0440892 0.0197185
          0.108642 0.00934306 0.0390167 0.108183 0.0243451 0.039411 0.117044 0.023891 0.0397496
          0.108642 0.00934306 0.0390167 0.117044 0.023891 0.0397496 0.117384 0.00934513 0.0422595
          0.141755 0.040446 0.00467096 0.146483 0.0278587 0.00463983 0.1456 0.0224359 0.017722
          0.141755 0.040446 0.00467096 0.1456 0.0224359 0.017722 0.14174 0.0401496 0.0200508
          0.141738 0.00930718 0.0358056 0.141739 0.0246908 0.0355096 0.1456 0.0224359 0.017722
          0.141738 0.00930718 0.0358056 0.1456 0.0224359 0.017722 0.146453 0.00935358 0.0231397
          0.107778 0.0361696 0.0315298 0.108183 0.0440892 0.0197185 0.117044 0.0444282 0.0192673
          0.107778 0.0361696 0.0315298 0.117044 0.0444282 0.0192673 0.117116 0.0361823 0.0315453
          0.107778 0.0361696 0.0315298 0.117116 0.0361823 0.0315453 0.117044 0.023891 0.0397496
          0.107778 0.0361696 0.0315298 0.117044 0.023891 0.0397496 0.108183 0.0243451 0.039411
          0.140786 -0.0179462 -0.0225885 0.141756 -0.0215296 -0.0107108 0.1456 -0.0037374 -0.008451
          0.140786 -0.0179462 -0.0225885 0.1456 -0.0037374 -0.008451 0.141747 -0.00607083 -0.0261696
          0.141756 0.00930904 -0.026466 0.141747 -0.00607083 -0.0261696 0.1456 -0.0037374 -0.008451
          0.141756 0.00930904 -0.026466 0.1456 -0.0037374 -0.008451 0.146483 0.00935341 -0.0138658
          0.141757 -0.0218256 0.00467282 0.146453 -0.00914688 0.00463973 0.1456 -0.0037374 -0.008451
          0.141757 -0.0218256 0.00467282 0.1456 -0.0037374 -0.008451 0.141756 -0.0215296 -0.0107108
          0.156217 0.00918433 -0.0138284 0.146483 0.00935341 -0.0138658 0.1456 -0.0037374 -0.008451
          0.156217 0.00918433 -0.0138284 0.1456 -0.0037374 -0.008451 0.156135 -0.00380443 -0.00833356
          0.1456 -0.0037374 -0.008451 0.146453 -0.00914688 0.00463973 0.156212 -0.00912157 0.00479289
          0.1456 -0.0037374 -0.008451 0.156212 -0.00912157 0.00479289 0.156135 -0.00380443 -0.00833356
          0.0820856 0.0341746 -0.0201946 0.0950021 0.0360732 -0.0220938 0.0946996 0.0446506 -0.00714924
          0.0820856 0.0341746 -0.0201946 0.0946996 0.0446506 -0.00714924 0.0798111 0.0381802 -0.00938131
          0.108642 0.0436567 0.00464831 0.0994616 0.0448406 0.00464991 0.0946996 0.0446506 -0.00714924
          0.108642 0.0436567 0.00464831 0.0946996 0.0446506 -0.00714924 0.108293 0.0437159 -0.0102587
          0.107995 0.0362176 -0.0222375 0.108293 0.0437159 -0.0102587 0.0946996 0.0446506 -0.00714924
          0.107995 0.0362176 -0.0222375 0.0946996 0.0446506 -0.00714924 0.0950021 0.0360732 -0.0220938
          0.0791383 0.0383896 0.00466996 0.0798111 0.0381802 -0.00938131 0.0946996 0.0446506 -0.00714924
          0.0791383 0.0383896 0.00466996 0.0946996 0.0446506 -0.00714924 0.0895712 0.0434279 0.00465026
          0.144986 0.0397568 -0.0257768 0.141833 0.0246851 -0.0261766 0.145859 0.0224833 -0.00849019
          0.144986 0.0397568 -0.0257768 0.145859 0.0224833 -0.00849019 0.141833 0.0401566 -0.0107051
          0.108642 0.0436567 0.00464831 0.108293 0.0437159 -0.0102587 0.11759 0.0445509 -0.0100046
          0.108642 0.0436567 0.00464831 0.11759 0.0445509 -0.0100046 0.117384 0.0468995 0.00464718
          0.141756 0.00930904 -0.026466 0.146483 0.00935341 -0.0138658 0.145859 0.0224833 -0.00849019
          0.141756 0.00930904 -0.026466 0.145859 0.0224833 -0.00849019 0.141833 0.0246851 -0.0261766
          0.107995 0.0362176 -0.0222375 0.118513 0.0363736 -0.0223907 0.11759 0.0445509 -0.0100046
          0.107995 0.0362176 -0.0222375 0.11759 0.0445509 -0.0100046 0.108293 0.0437159 -0.0102587
          0.141755 0.040446 0.00467096 0.141833 0.0401566 -0.0107051 0.145859 0.0224833 -0.00849019
          0.141755 0.040446 0.00467096 0.145859 0.0224833 -0.00849019 0.146483 0.0278587 0.00463983
          0.156217 0.00918433 -0.0138284 0.156121 0.0223433 -0.00847403 0.145859 0.0224833 -0.00849019
          0.156217 0.00918433 -0.0138284 0.145859 0.0224833 -0.00849019 0.146483 0.00935341 -0.0138658
          0.156218 0.0278222 0.00479629 0.146483 0.0278587 0.00463983 0.145859 0.0224833 -0.00849019
          0.156218 0.0278222 0.00479629 0.145859 0.0224833 -0.00849019 0.156121 0.0223433 -0.00847403
          0.0820839 -0.0155546 0.0295346 0.0798111 -0.00474131 0.0335402 0.0946996 -0.00248826 0.0399456
          0.0820839 -0.0155546 0.0295346 0.0946996 -0.00248826 0.0399456 0.0950021 -0.0173938 0.0313744
          0.108642 0.00934306 0.0390167 0.108293 -0.00559189 0.0390102 0.0946996 -0.00248826 0.0399456
          0.108642 0.00934306 0.0390167 0.0946996 -0.00248826 0.0399456 0.0994616 0.00934168 0.0402006
          0.107995 -0.0175201 0.0314999 0.0950021 -0.0173938 0.0313744 0.0946996 -0.00248826 0.0399456
          0.107995 -0.0175201 0.0314999 0.0946996 -0.00248826 0.0399456 0.108293 -0.00559189 0.0390102
          0.0791383 0.00930996 0.0337496 0.0895712 0.00934119 0.0387879 0.0946996 -0.00248826 0.0399456
          0.0791383 0.00930996 0.0337496 0.0946996 -0.00248826 0.0399456 0.0798111 -0.00474131 0.0335402
          0.144866 -0.0211839 0.0351628 0.141738 -0.00605479 0.0354873 0.145655 -0.00372799 0.0177213
          0.144866 -0.0211839 0.0351628 0.145655 -0.00372799 0.0177213 0.141747 -0.0215073 0.0200348
          0.108642 0.00934306 0.0390167 0.117384 0.00934513 0.0422595 0.11759 -0.00533335 0.0398279
          0.108642 0.00934306 0.0390167 0.11759 -0.00533335 0.0398279 0.108293 -0.00559189 0.0390102
          0.141757 -0.0218256 0.00467282 0.141747 -0.0215073 0.0200348 0.145655 -0.00372799 0.0177213
          0.141757 -0.0218256 0.00467282 0.145655 -0.00372799 0.0177213 0.146453 -0.00914688 0.00463973
          0.107995 -0.0175201 0.0314999 0.108293 -0.00559189 0.0390102 0.11759 -0.00533335 0.0398279
          0.107995 -0.0175201 0.0314999 0.11759 -0.00533335 0.0398279 0.118513 -0.0176062 0.0315832
          0.141738 0.00930718 0.0358056 0.146453 0.00935358 0.0231397 0.145655 -0.00372799 0.0177213
          0.141738 0.00930718 0.0358056 0.145655 -0.00372799 0.0177213 0.141738 -0.00605479 0.0354873
          0.156212 -0.00912157 0.00479289 0.146453 -0.00914688 0.00463973 0.145655 -0.00372799 0.0177213
          0.156212 -0.00912157 0.00479289 0.145655 -0.00372799 0.0177213 0.156135 -0.00377523 0.0176468
          0.145655 -0.00372799 0.0177213 0.146453 0.00935358 0.0231397 0.156212 0.00918654 0.0231143
          0.145655 -0.00372799 0.0177213 0.156212 0.00918654 0.0231143 0.156135 -0.00377523 0.0176468
          0.082082 0.0341746 0.0295346 0.0798111 0.0381801 0.0187212 0.0946978 0.0446394 0.0164831
          0.082082 0.0341746 0.0295346 0.0946978 0.0446394 0.0164831 0.0949968 0.0360598 0.0314191
          0.082082 0.0341746 0.0295346 0.0949968 0.0360598 0.0314191 0.0946978 0.0211138 0.0399626
          0.082082 0.0341746 0.0295346 0.0946978 0.0211138 0.0399626 0.0798111 0.0233612 0.0335401
          0.108642 0.0436567 0.00464831 0.108183 0.0440892 0.0197185 0.0946978 0.0446394 0.0164831
          0.108642 0.0436567 0.00464831 0.0946978 0.0446394 0.0164831 0.0994616 0.0448406 0.00464991
          0.108642 0.00934306 0.0390167 0.0994616 0.00934168 0.0402006 0.0946978 0.0211138 0.0399626
          0.108642 0.00934306 0.0390167 0.0946978 0.0211138 0.0399626 0.108183 0.0243451 0.039411
          0.0791383 0.0383896 0.00466996 0.0895712 0.0434279 0.00465026 0.0946978 0.0446394 0.0164831
          0.0791383 0.0383896 0.00466996 0.0946978 0.0446394 0.0164831 0.0798111 0.0381801 0.0187212
          0.0791383 0.00930996 0.0337496 0.0798111 0.0233612 0.0335401 0.0946978 0.0211138 0.0399626
          0.0791383 0.00930996 0.0337496 0.0946978 0.0211138 0.0399626 0.0895712 0.00934119 0.0387879
          0.107778 0.0361696 0.0315298 0.0949968 0.0360598 0.0314191 0.0946978 0.0446394 0.0164831
          0.107778 0.0361696 0.0315298 0.0946978 0.0446394 0.0164831 0.108183 0.0440892 0.0197185
          0.107778 0.0361696 0.0315298 0.108183 0.0243451 0.039411 0.0946978 0.0211138 0.0399626
          0.107778 0.0361696 0.0315298 0.0946978 0.0211138 0.0399626 0.0949968 0.0360598 0.0314191
          0.1456 0.0224359 0.017722 0.146483 0.0278587 0.00463983 0.156218 0.0278222 0.00479629
          0.1456 0.0224359 0.017722 0.156218 0.0278222 0.00479629 0.156136 0.0223269 0.0177991
          0.1456 0.0224359 0.017722 0.156136 0.0223269 0.0177991 0.156212 0.00918654 0.0231143
          0.1456 0.0224359 0.017722 0.156212 0.00918654 0.0231143 0.146453 0.00935358 0.0231397
          0.128706 0.037519 -0.0412435 0.118513 0.0363736 -0.0223907 0.11759 0.0239833 -0.0305648
          0.128706 0.037519 -0.0412435 0.11759 0.0239833 -0.0305648 0.127441 0.0299454 -0.0470083
          0.141756 0.00930904 -0.026466 0.141833 0.0246851 -0.0261766 0.138718 0.0245969 -0.0409355
          0.141756 0.00930904 -0.026466 0.138718 0.0245969 -0.0409355 0.141637 0.009321 -0.0338311
          0.11759 -0.0257225 0.0192632 0.118513 -0.0176062 0.0315832 0.129177 -0.036558 0.0331404
          0.11759 -0.0257225 0.0192632 0.129177 -0.036558 0.0331404 0.128052 -0.0418412 0.0256618
          0.141757 -0.0218256 0.00467282 0.141589 -0.0291272 0.00467453 0.138236 -0.0363358 0.0198993
          0.141757 -0.0218256 0.00467282 0.138236 -0.0363358 0.0198993 0.141747 -0.0215073 0.0200348
          0.141756 0.00930904 -0.026466 0.141637 0.009321 -0.0338311 0.135724 -0.00543841 -0.0425195
          0.141756 0.00930904 -0.026466 0.135724 -0.00543841 -0.0425195 0.141747 -0.00607083 -0.0261696
          0.141757 -0.0218256 0.00467282 0.141756 -0.0215296 -0.0107108 0.137711 -0.0374088 -0.0103649
          0.141757 -0.0218256 0.00467282 0.137711 -0.0374088 -0.0103649 0.141589 -0.0291272 0.00467453
          0.128811 0.0551498 -0.0236526 0.127477 0.0609029 -0.0158164 0.11759 0.0445509 -0.0100046
          0.128811 0.0551498 -0.0236526 0.11759 0.0445509 -0.0100046 0.118513 0.0363736 -0.0223907
          0.141755 0.040446 0.00467096 0.141637 0.0478467 0.00464649 0.138732 0.0549155 -0.0106168
          0.141755 0.040446 0.00467096 0.138732 0.0549155 -0.0106168 0.141833 0.0401566 -0.0107051
          0.11759 -0.00533335 0.0398279 0.127339 -0.0111173 0.0561456 0.128613 -0.0190502 0.0505307
          0.11759 -0.00533335 0.0398279 0.128613 -0.0190502 0.0505307 0.118513 -0.0176062 0.0315832
          0.141738 0.00930718 0.0358056 0.141738 -0.00605479 0.0354873 0.137383 -0.00593189 0.0502756
          0.141738 0.00930718 0.0358056 0.137383 -0.00593189 0.0502756 0.141577 0.00934644 0.0426445
          0.141755 0.040446 0.00467096 0.14174 0.0401496 0.0200508 0.135298 0.0565215 0.0190806
          0.141755 0.040446 0.00467096 0.135298 0.0565215 0.0190806 0.141637 0.0478467 0.00464649
          0.141738 0.00930718 0.0358056 0.141577 0.00934644 0.0426445 0.135284 0.0237812 0.0519115
          0.141738 0.00930718 0.0358056 0.135284 0.0237812 0.0519115 0.141739 0.0246908 0.0355096
          0.0941398 0.00931868 -0.0334886 0.0941319 0.00086261 -0.033183 0.0946978 -0.00250092 -0.0306464
          0.0941398 0.00931868 -0.0334886 0.0946978 -0.00250092 -0.0306464 0.0994616 0.00931393 -0.0308606
          0.0941398 -0.0287799 0.00467298 0.0994616 -0.0262206 0.00467758 0.0946978 -0.0259717 -0.00712894
          0.0941398 -0.0287799 0.00467298 0.0946978 -0.0259717 -0.00712894 0.0941319 -0.0285009 -0.00377026
          0.0946996 0.0211259 -0.0306652 0.0941319 0.0177618 -0.033196 0.0941398 0.00931868 -0.0334886
          0.0946996 0.0211259 -0.0306652 0.0941398 0.00931868 -0.0334886 0.0994616 0.00931393 -0.0308606
          0.0941398 0.0474802 0.00464963 0.0941319 0.0471836 -0.00378172 0.0946996 0.0446506 -0.00714924
          0.0941398 0.0474802 0.00464963 0.0946996 0.0446506 -0.00714924 0.0994616 0.0448406 0.00464991
          0.0946996 -0.0259581 0.0164676 0.0994616 -0.0262206 0.00467758 0.0941398 -0.0287799 0.00467298
          0.0946996 -0.0259581 0.0164676 0.0941398 -0.0287799 0.00467298 0.0941319 -0.0284919 0.0131067
          0.0946996 -0.00248826 0.0399456 0.0941319 0.000870059 0.0424794 0.0941398 0.00934202 0.0427754
          0.0946996 -0.00248826 0.0399456 0.0941398 0.00934202 0.0427754 0.0994616 0.00934168 0.0402006
          0.0941398 0.0474802 0.00464963 0.0994616 0.0448406 0.00464991 0.0946978 0.0446394 0.0164831
          0.0941398 0.0474802 0.00464963 0.0946978 0.0446394 0.0164831 0.0941319 0.0471745 0.0131215
          0.0941398 0.00934202 0.0427754 0.0941319 0.017751 0.0424926 0.0946978 0.0211138 0.0399626
          0.0941398 0.00934202 0.0427754 0.0946978 0.0211138 0.0399626 0.0994616 0.00934168 0.0402006
          0.0941398 0.00931868 -0.0334886 0.0895712 0.00931126 -0.0294479 0.0946978 -0.00250092 -0.0306464
          0.0941398 0.00931868 -0.0334886 0.0946978 -0.00250092 -0.0306464 0.0941319 0.00086261 -0.033183
          0.0941398 -0.0287799 0.00467298 0.0941319 -0.0285009 -0.00377026 0.0946978 -0.0259717 -0.00712894
          0.0941398 -0.0287799 0.00467298 0.0946978 -0.0259717 -0.00712894 0.0895712 -0.0248079 0.00468006
          0.117044 -0.00527991 -0.0304323 0.117116 -0.017549 -0.022192 0.125233 -0.0239904 -0.0356861
          0.117044 -0.00527991 -0.0304323 0.125233 -0.0239904 -0.0356861 0.124841 -0.00699371 -0.0378328
          0.128219 -0.0405644 -0.0255202 0.117116 -0.017549 -0.022192 0.117044 -0.0257497 -0.00990456
          0.128219 -0.0405644 -0.0255202 0.117044 -0.0257497 -0.00990456 0.127664 -0.03509 -0.0112282
          0.0946996 0.0211259 -0.0306652 0.0895712 0.00931126 -0.0294479 0.0941398 0.00931868 -0.0334886
          0.0946996 0.0211259 -0.0306652 0.0941398 0.00931868 -0.0334886 0.0941319 0.0177618 -0.033196
          0.0941398 0.0474802 0.00464963 0.0895712 0.0434279 0.00465026 0.0946996 0.0446506 -0.00714924
          0.0941398 0.0474802 0.00464963 0.0946996 0.0446506 -0.00714924 0.0941319 0.0471836 -0.00378172
          0.0946996 -0.0259581 0.0164676 0.0941319 -0.0284919 0.0131067 0.0941398 -0.0287799 0.00467298
          0.0946996 -0.0259581 0.0164676 0.0941398 -0.0287799 0.00467298 0.0895712 -0.0248079 0.00468006
          0.0946996 -0.00248826 0.0399456 0.0895712 0.00934119 0.0387879 0.0941398 0.00934202 0.0427754
          0.0946996 -0.00248826 0.0399456 0.0941398 0.00934202 0.0427754 0.0941319 0.000870059 0.0424794
          0.0941398 0.0474802 0.00464963 0.0941319 0.0471745 0.0131215 0.0946978 0.0446394 0.0164831
          0.0941398 0.0474802 0.00464963 0.0946978 0.0446394 0.0164831 0.0895712 0.0434279 0.00465026
          0.0941398 0.00934202 0.0427754 0.0895712 0.00934119 0.0387879 0.0946978 0.0211138 0.0399626
          0.0941398 0.00934202 0.0427754 0.0946978 0.0211138 0.0399626 0.0941319 0.017751 0.0424926
          0.11368 0.0857477 -0.100908 0.110103 0.0719071 -0.107447 0.11753 0.0692879 -0.0962485
          0.11368 0.0857477 -0.100908 0.11753 0.0692879 -0.0962485 0.11849 0.0851458 -0.0925473
          0.106281 0.129824 -0.115844 0.104784 0.129361 -0.101859 0.100363 0.141642 -0.101248
          0.106281 0.129824 -0.115844 0.100363 0.141642 -0.101248 0.102898 0.139425 -0.116231
          0.120934 0.00931985 -0.0335467 0.127872 0.00779961 -0.0597649 0.128132 0.0245064 -0.0562082
          0.120934 0.00931985 -0.0335467 0.128132 0.0245064 -0.0562082 0.127441 0.0299454 -0.0470083
          0.128732 -0.0515821 0.0198662 0.129021 -0.056169 0.00311565 0.120934 -0.0286865 0.0046734
          0.128732 -0.0515821 0.0198662 0.120934 -0.0286865 0.0046734 0.128052 -0.0418412 0.0256618
          0.117132 -0.0915072 0.0647409 0.109686 -0.102751 0.0674062 0.113224 -0.0968186 0.0804622
          0.117132 -0.0915072 0.0647409 0.113224 -0.0968186 0.0804622 0.118301 -0.0879108 0.0802308
          0.106274 -0.111303 0.12518 0.102899 -0.111591 0.134786 0.100359 -0.096593 0.137005
          0.106274 -0.111303 0.12518 0.100359 -0.096593 0.137005 0.104759 -0.097219 0.124718
          0.116763 -0.0938979 -0.0531697 0.11683 -0.0914275 -0.0653914 0.113561 -0.0970194 -0.0712313
          0.116763 -0.0938979 -0.0531697 0.113561 -0.0970194 -0.0712313 0.107946 -0.113675 -0.0733721
          0.116763 -0.0938979 -0.0531697 0.107946 -0.113675 -0.0733721 0.107665 -0.113706 -0.0580389
          0.121225 -0.0545945 -0.0638875 0.117365 -0.0514347 -0.0777915 0.118363 -0.0379506 -0.0759976
          0.121225 -0.0545945 -0.0638875 0.118363 -0.0379506 -0.0759976 0.123021 -0.0372277 -0.0692583
          0.121225 -0.0545945 -0.0638875 0.123021 -0.0372277 -0.0692583 0.125076 -0.034828 -0.0572552
          0.121225 -0.0545945 -0.0638875 0.125076 -0.034828 -0.0572552 0.122393 -0.0510417 -0.0558066
          0.105887 0.0559831 -0.117648 0.101603 0.0599657 -0.122499 0.10233 0.071143 -0.123006
          0.105887 0.0559831 -0.117648 0.10233 0.071143 -0.123006 0.109405 0.0696596 -0.0999126
          0.105887 0.0559831 -0.117648 0.109405 0.0696596 -0.0999126 0.108581 0.0542143 -0.101255
          0.126514 -0.0106272 -0.0627825 0.127872 0.00779961 -0.0597649 0.120934 0.00931985 -0.0335467
          0.126514 -0.0106272 -0.0627825 0.120934 0.00931985 -0.0335467 0.124841 -0.00699371 -0.0378328
          0.120934 -0.0286865 0.0046734 0.129021 -0.056169 0.00311565 0.128444 -0.0583446 -0.00607472
          0.120934 -0.0286865 0.0046734 0.128444 -0.0583446 -0.00607472 0.127664 -0.03509 -0.0112282
          0.128272 0.0701914 -0.0105264 0.127814 0.0738754 0.00644316 0.120934 0.0475388 0.0046471
          0.128272 0.0701914 -0.0105264 0.120934 0.0475388 0.0046471 0.127477 0.0609029 -0.0158164
          0.102345 0.136997 -0.0571641 0.101629 0.136471 -0.0459636 0.105938 0.131651 -0.0420258
          0.102345 0.136997 -0.0571641 0.105938 0.131651 -0.0420258 0.108595 0.115235 -0.0402333
          0.102345 0.136997 -0.0571641 0.108595 0.115235 -0.0402333 0.109415 0.113892 -0.0556792
          0.120934 0.00934558 0.0428274 0.127756 0.0110263 0.0691969 0.128129 -0.00588644 0.0655481
          0.120934 0.00934558 0.0428274 0.128129 -0.00588644 0.0655481 0.127339 -0.0111173 0.0561456
          0.120934 0.0475388 0.0046471 0.127814 0.0738754 0.00644316 0.126247 0.0768262 0.0248592
          0.120934 0.0475388 0.0046471 0.126247 0.0768262 0.0248592 0.126587 0.0525671 0.0216421
          0.12654 0.0197285 0.0720399 0.127756 0.0110263 0.0691969 0.120934 0.00934558 0.0428274
          0.12654 0.0197285 0.0720399 0.120934 0.00934558 0.0428274 0.126449 0.0261864 0.0478198
          0.118175 0.0900402 0.0519872 0.117317 0.0916572 0.0654574 0.121374 0.0780033 0.06853
          0.118175 0.0900402 0.0519872 0.121374 0.0780033 0.06853 0.122598 0.0698089 0.0650745
          0.118175 0.0900402 0.0519872 0.122598 0.0698089 0.0650745 0.124784 0.0713449 0.0483967
          0.118175 0.0900402 0.0519872 0.124784 0.0713449 0.0483967 0.122949 0.0832432 0.0510785
          0.113691 -0.0670158 0.110152 0.110171 -0.0532623 0.11681 0.11756 -0.0505625 0.105505
          0.113691 -0.0670158 0.110152 0.11756 -0.0505625 0.105505 0.118401 -0.0664847 0.101868
          0.105968 -0.0373991 0.127025 0.101658 -0.0412645 0.131775 0.102345 -0.0525241 0.132357
          0.105968 -0.0373991 0.127025 0.102345 -0.0525241 0.132357 0.109383 -0.0510404 0.109254
          0.105968 -0.0373991 0.127025 0.109383 -0.0510404 0.109254 0.10857 -0.0355951 0.110595
          0.116418 0.112569 0.0626158 0.116569 0.110142 0.0749204 0.113474 0.115602 0.0805314
          0.116418 0.112569 0.0626158 0.113474 0.115602 0.0805314 0.107825 0.132285 0.0827283
          0.116418 0.112569 0.0626158 0.107825 0.132285 0.0827283 0.10756 0.132316 0.0674069
          0.131083 0.076706 -0.0401821 0.129775 0.0806958 -0.0266673 0.123675 0.100203 -0.0259284
          0.131083 0.076706 -0.0401821 0.123675 0.100203 -0.0259284 0.122 0.101738 -0.0415213
          0.118178 -0.0946536 0.0318844 0.118951 -0.0952332 0.0218233 0.110888 -0.114692 0.019791
          0.118178 -0.0946536 0.0318844 0.110888 -0.114692 0.019791 0.108297 -0.114802 0.0353783
          0.114337 0.105851 0.00353994 0.114047 0.106219 0.0186857 0.117258 0.0984209 0.0237275
          0.114337 0.105851 0.00353994 0.117258 0.0984209 0.0237275 0.118249 0.0972466 0.00731814
          0.112412 0.105145 0.0365195 0.117238 0.096798 0.0312951 0.117258 0.0984209 0.0237275
          0.112412 0.105145 0.0365195 0.117258 0.0984209 0.0237275 0.114047 0.106219 0.0186857
          0.114321 0.00827827 0.101109 0.118194 0.0119555 0.0925864 0.117249 0.0283537 0.0937681
          0.114321 0.00827827 0.101109 0.117249 0.0283537 0.0937681 0.114062 0.0234254 0.101493
          0.112414 0.0411491 0.100498 0.114062 0.0234254 0.101493 0.117249 0.0283537 0.0937681
          0.112414 0.0411491 0.100498 0.117249 0.0283537 0.0937681 0.117249 0.0360381 0.0920825
          0.113726 0.00929783 -0.0935911 0.1141 -0.00462181 -0.0923679 0.112748 -0.00590743 -0.10345
          0.113726 0.00929783 -0.0935911 0.112748 -0.00590743 -0.10345 0.11 0.00780705 -0.105275
          0.112514 -0.022461 -0.0911288 0.111916 -0.0211917 -0.103027 0.112748 -0.00590743 -0.10345
          0.112514 -0.022461 -0.0911288 0.112748 -0.00590743 -0.10345 0.1141 -0.00462181 -0.0923679
          0.113992 -0.0520501 -0.0878707 0.114092 -0.0374276 -0.0866452 0.118363 -0.0379506 -0.0759976
          0.113992 -0.0520501 -0.0878707 0.118363 -0.0379506 -0.0759976 0.117365 -0.0514347 -0.0777915
          0.110946 0.0703747 -0.0887122 0.118923 0.0737945 -0.0698884 0.116579 0.0577369 -0.0770572
          0.110946 0.0703747 -0.0887122 0.116579 0.0577369 -0.0770572 0.113004 0.0556574 -0.0876272
          0.130997 0.0541552 -0.0626452 0.121853 0.0555061 -0.087761 0.123525 0.0400148 -0.086282
          0.130997 0.0541552 -0.0626452 0.123525 0.0400148 -0.086282 0.129604 0.0408257 -0.0666795
          0.103367 0.100687 -0.113554 0.100269 0.101153 -0.12144 0.100124 0.116443 -0.122241
          0.103367 0.100687 -0.113554 0.100124 0.116443 -0.122241 0.104373 0.113937 -0.114791
          0.103385 0.127554 -0.0867076 0.104386 0.128785 -0.0999554 0.100135 0.13623 -0.102464
          0.103385 0.127554 -0.0867076 0.100135 0.13623 -0.102464 0.100276 0.135425 -0.0871734
          0.114823 -0.0873228 0.00573514 0.110295 -0.101028 0.00295885 0.109678 -0.101794 -0.0141749
          0.114823 -0.0873228 0.00573514 0.109678 -0.101794 -0.0141749 0.114569 -0.087735 -0.00962801
          0.112321 -0.0862182 -0.0268804 0.114569 -0.087735 -0.00962801 0.109678 -0.101794 -0.0141749
          0.112321 -0.0862182 -0.0268804 0.109678 -0.101794 -0.0141749 0.111978 -0.0986995 -0.0257949
          0.133981 -0.0778251 0.00217332 0.133438 -0.0749766 -0.00633964 0.126149 -0.080993 -0.0105618
          0.133981 -0.0778251 0.00217332 0.126149 -0.080993 -0.0105618 0.122224 -0.0940509 -0.0118325
          0.133981 -0.0778251 0.00217332 0.122224 -0.0940509 -0.0118325 0.12075 -0.0976081 0.0041146
          0.133981 -0.0778251 0.00217332 0.12075 -0.0976081 0.0041146 0.129167 -0.0834393 0.00504555
          0.128219 -0.0405644 -0.0255202 0.127664 -0.03509 -0.0112282 0.128444 -0.0583446 -0.00607472
          0.128219 -0.0405644 -0.0255202 0.128444 -0.0583446 -0.00607472 0.126936 -0.0518362 -0.027349
          0.11822 0.113328 -0.0223541 0.123675 0.100203 -0.0259284 0.125785 0.0992859 -0.0084929
          0.11822 0.113328 -0.0223541 0.125785 0.0992859 -0.0084929 0.118505 0.113236 -0.0123305
          0.110665 -0.0840481 0.0657678 0.112766 -0.0828747 0.0509246 0.116316 -0.0723927 0.0529417
          0.110665 -0.0840481 0.0657678 0.116316 -0.0723927 0.0529417 0.118828 -0.0652281 0.0691541
          0.131002 -0.0580611 0.0495056 0.130999 -0.0624296 0.0359269 0.123907 -0.0818926 0.0354447
          0.131002 -0.0580611 0.0495056 0.123907 -0.0818926 0.0354447 0.121611 -0.0831085 0.0508541
          0.126891 0.0498689 0.0335759 0.126587 0.0525671 0.0216421 0.126247 0.0768262 0.0248592
          0.126891 0.0498689 0.0335759 0.126247 0.0768262 0.0248592 0.127522 0.0695598 0.0347194
          0.126868 0.0383351 0.045426 0.127573 0.0393585 0.0649186 0.12654 0.0197285 0.0720399
          0.126868 0.0383351 0.045426 0.12654 0.0197285 0.0720399 0.126449 0.0261864 0.0478198
          0.114337 0.105851 0.00353994 0.109992 0.119302 0.00627879 0.112753 0.117431 0.0198874
          0.114337 0.105851 0.00353994 0.112753 0.117431 0.0198874 0.114047 0.106219 0.0186857
          0.112412 0.105145 0.0365195 0.114047 0.106219 0.0186857 0.112753 0.117431 0.0198874
          0.112412 0.105145 0.0365195 0.112753 0.117431 0.0198874 0.111816 0.116997 0.0351708
          0.113866 0.101826 0.0660332 0.117317 0.0916572 0.0654574 0.118175 0.0900402 0.0519872
          0.113866 0.101826 0.0660332 0.118175 0.0900402 0.0519872 0.114006 0.100604 0.0513816
          0.103293 -0.10883 0.0960442 0.104349 -0.110125 0.109299 0.100113 -0.117593 0.111802
          0.103293 -0.10883 0.0960442 0.100113 -0.117593 0.111802 0.1002 -0.11675 0.0965097
          0.103401 -0.0820682 0.122932 0.100273 -0.0825333 0.130782 0.100136 -0.0978245 0.131591
          0.103401 -0.0820682 0.122932 0.100136 -0.0978245 0.131591 0.104384 -0.0953156 0.124143
          0.134788 -0.00407842 0.0761089 0.129473 -0.0219387 0.0759732 0.123552 -0.0212247 0.0954683
          0.134788 -0.00407842 0.0761089 0.123552 -0.0212247 0.0954683 0.125625 -0.00371217 0.0944985
          0.125625 -0.00371217 0.0944985 0.123552 -0.0212247 0.0954683 0.11813 -0.0177756 0.10861
          0.125625 -0.00371217 0.0944985 0.11813 -0.0177756 0.10861 0.118444 -0.0076861 0.1086
          0.118444 -0.0076861 0.1086 0.11813 -0.0177756 0.10861 0.108769 -0.0213687 0.128699
          0.118444 -0.0076861 0.1086 0.108769 -0.0213687 0.128699 0.110902 -0.00540712 0.128449
          0.113847 0.0706724 0.0971842 0.114041 0.0560329 0.0959704 0.118157 0.0566143 0.085377
          0.113847 0.0706724 0.0971842 0.118157 0.0566143 0.085377 0.117321 0.0701863 0.0869396
          0.114321 0.00827827 0.101109 0.114062 0.0234254 0.101493 0.112797 0.0245276 0.112796
          0.114321 0.00827827 0.101109 0.112797 0.0245276 0.112796 0.10999 0.010905 0.114641
          0.112414 0.0411491 0.100498 0.111827 0.0398109 0.112358 0.112797 0.0245276 0.112796
          0.112414 0.0411491 0.100498 0.112797 0.0245276 0.112796 0.114062 0.0234254 0.101493
          0.102547 -0.110004 -0.114644 0.104848 -0.111367 -0.101424 0.106307 -0.0971162 -0.101739
          0.102547 -0.110004 -0.114644 0.106307 -0.0971162 -0.101739 0.104782 -0.0967801 -0.116002
          0.116441 -0.0486802 -0.0985919 0.117249 -0.0383623 -0.0992237 0.108698 -0.0368875 -0.117681
          0.116441 -0.0486802 -0.0985919 0.108698 -0.0368875 -0.117681 0.107627 -0.0534193 -0.118332
          0.11185 0.0093389 -0.119042 0.120791 0.0105318 -0.0994349 0.118365 0.0263372 -0.0992436
          0.11185 0.0093389 -0.119042 0.118365 0.0263372 -0.0992436 0.110765 0.0240225 -0.119122
          0.109304 0.0700961 -0.1162 0.110103 0.0719071 -0.107447 0.11368 0.0857477 -0.100908
          0.109304 0.0700961 -0.1162 0.11368 0.0857477 -0.100908 0.1087 0.087217 -0.113597
          0.107665 -0.113706 -0.0580389 0.108831 -0.113026 -0.0414906 0.117546 -0.0946357 -0.0430341
          0.107665 -0.113706 -0.0580389 0.117546 -0.0946357 -0.0430341 0.116763 -0.0938979 -0.0531697
          0.125418 -0.0526349 -0.0391537 0.122393 -0.0510417 -0.0558066 0.125076 -0.034828 -0.0572552
          0.125418 -0.0526349 -0.0391537 0.125076 -0.034828 -0.0572552 0.12668 -0.0370525 -0.0417008
          0.123386 0.0663819 -0.0457367 0.119317 0.0681216 -0.0541222 0.117563 0.0741517 -0.0601527
          0.123386 0.0663819 -0.0457367 0.117563 0.0741517 -0.0601527 0.118963 0.0838577 -0.0598361
          0.123386 0.0663819 -0.0457367 0.118963 0.0838577 -0.0598361 0.116824 0.0912275 -0.0436628
          0.123386 0.0663819 -0.0457367 0.116824 0.0912275 -0.0436628 0.120366 0.0843395 -0.0391973
          0.108537 0.132334 -0.0569889 0.108077 0.133505 -0.0415646 0.106063 0.14245 -0.0400836
          0.108537 0.132334 -0.0569889 0.106063 0.14245 -0.0400836 0.10426 0.141548 -0.0570864
          0.12075 -0.0976081 0.0041146 0.116829 -0.10607 0.00455959 0.112412 -0.112061 0.00467945
          0.12075 -0.0976081 0.0041146 0.112412 -0.112061 0.00467945 0.110888 -0.114692 0.019791
          0.12075 -0.0976081 0.0041146 0.110888 -0.114692 0.019791 0.118951 -0.0952332 0.0218233
          0.126247 0.0768262 0.0248592 0.127814 0.0738754 0.00644316 0.123298 0.0859975 0.00392548
          0.126247 0.0768262 0.0248592 0.123298 0.0859975 0.00392548 0.124405 0.0823592 0.0198695
          0.111932 0.133013 0.00464106 0.112464 0.132519 0.0190845 0.108239 0.142751 0.0152444
          0.111932 0.133013 0.00464106 0.108239 0.142751 0.0152444 0.105283 0.142944 0.00464496
          0.108623 -0.111383 0.0655053 0.10842 -0.108893 0.0825858 0.113224 -0.0968186 0.0804622
          0.108623 -0.111383 0.0655053 0.113224 -0.0968186 0.0804622 0.109686 -0.102751 0.0674062
          0.117518 -0.0556514 0.0693499 0.119267 -0.0495939 0.0633449 0.123281 -0.0410545 0.0617327
          0.117518 -0.0556514 0.0693499 0.123281 -0.0410545 0.0617327 0.12014 -0.0345912 0.0795473
          0.117518 -0.0556514 0.0693499 0.12014 -0.0345912 0.0795473 0.116586 -0.0390496 0.0864187
          0.117518 -0.0556514 0.0693499 0.116586 -0.0390496 0.0864187 0.118944 -0.0551158 0.0792613
          0.123235 0.0086645 0.0812312 0.127756 0.0110263 0.0691969 0.12654 0.0197285 0.0720399
          0.123235 0.0086645 0.0812312 0.12654 0.0197285 0.0720399 0.124381 0.0245091 0.0777229
          0.121423 0.0732144 0.0733529 0.122598 0.0698089 0.0650745 0.121374 0.0780033 0.06853
          0.121423 0.0732144 0.0733529 0.121374 0.0780033 0.06853 0.117541 0.0785834 0.0738573
          0.121374 0.0780033 0.06853 0.117317 0.0916572 0.0654574 0.112947 0.0860408 0.0813205
          0.121374 0.0780033 0.06853 0.112947 0.0860408 0.0813205 0.117541 0.0785834 0.0738573
          0.112947 0.0860408 0.0813205 0.117321 0.0701863 0.0869396 0.121423 0.0732144 0.0733529
          0.112947 0.0860408 0.0813205 0.121423 0.0732144 0.0733529 0.117541 0.0785834 0.0738573
          0.10756 0.132316 0.0674069 0.107825 0.132285 0.0827283 0.103734 0.144597 0.0810216
          0.10756 0.132316 0.0674069 0.103734 0.144597 0.0810216 0.10673 0.141421 0.0681232
          0.109377 -0.0513447 0.125443 0.104274 -0.0524498 0.136913 0.106098 -0.0354628 0.137833
          0.109377 -0.0513447 0.125443 0.106098 -0.0354628 0.137833 0.108077 -0.0369246 0.128865
          0.111977 0.00928105 0.128368 0.105293 0.00928496 0.138305 0.106704 0.0199482 0.138064
          0.111977 0.00928105 0.128368 0.106704 0.0199482 0.138064 0.112509 0.0237269 0.127876
          0.107593 0.0720432 0.127674 0.106754 0.0727925 0.136755 0.103748 0.0856611 0.139958
          0.107593 0.0720432 0.127674 0.103748 0.0856611 0.139958 0.107847 0.0873653 0.127643
          0.102547 -0.110004 -0.114644 0.101941 -0.108565 -0.126741 0.100224 -0.114234 -0.13183
          0.102547 -0.110004 -0.114644 0.100224 -0.114234 -0.13183 0.0997396 -0.126998 -0.131638
          0.102547 -0.110004 -0.114644 0.0997396 -0.126998 -0.131638 0.100215 -0.127187 -0.118873
          0.102547 -0.110004 -0.114644 0.100215 -0.127187 -0.118873 0.101997 -0.122072 -0.113294
          0.106689 -0.0519061 -0.115623 0.109099 -0.0516617 -0.101985 0.109931 -0.0663415 -0.101395
          0.106689 -0.0519061 -0.115623 0.109931 -0.0663415 -0.101395 0.105836 -0.0653829 -0.114971
          0.106683 -0.111023 -0.0565523 0.105811 -0.110355 -0.0700364 0.109924 -0.096753 -0.0709864
          0.106683 -0.111023 -0.0565523 0.109924 -0.096753 -0.0709864 0.109116 -0.0975056 -0.0562915
          0.113027 -0.0675684 -0.0721906 0.117365 -0.0514347 -0.0777915 0.121225 -0.0545945 -0.0638875
          0.113027 -0.0675684 -0.0721906 0.121225 -0.0545945 -0.0638875 0.117466 -0.0601293 -0.0648042
          0.11963 -0.0687204 -0.0518853 0.11651 -0.0744291 -0.0578448 0.113027 -0.0675684 -0.0721906
          0.11963 -0.0687204 -0.0518853 0.113027 -0.0675684 -0.0721906 0.117466 -0.0601293 -0.0648042
          0.121225 -0.0545945 -0.0638875 0.122393 -0.0510417 -0.0558066 0.11963 -0.0687204 -0.0518853
          0.121225 -0.0545945 -0.0638875 0.11963 -0.0687204 -0.0518853 0.117466 -0.0601293 -0.0648042
          0.10663 0.00948199 -0.116989 0.11 0.00780705 -0.105275 0.112748 -0.00590743 -0.10345
          0.10663 0.00948199 -0.116989 0.112748 -0.00590743 -0.10345 0.107703 -0.00532536 -0.115893
          0.123243 0.010209 -0.0720718 0.127872 0.00779961 -0.0597649 0.126514 -0.0106272 -0.0627825
          0.123243 0.010209 -0.0720718 0.126514 -0.0106272 -0.0627825 0.124688 -0.00589418 -0.0683349
          0.128132 0.0245064 -0.0562082 0.127872 0.00779961 -0.0597649 0.123243 0.010209 -0.0720718
          0.128132 0.0245064 -0.0562082 0.123243 0.010209 -0.0720718 0.125854 0.0244821 -0.0683732
          0.117563 0.0741517 -0.0601527 0.119317 0.0681216 -0.0541222 0.123344 0.0596668 -0.0524049
          0.117563 0.0741517 -0.0601527 0.123344 0.0596668 -0.0524049 0.120155 0.0532558 -0.0701998
          0.117563 0.0741517 -0.0601527 0.120155 0.0532558 -0.0701998 0.116579 0.0577369 -0.0770572
          0.117563 0.0741517 -0.0601527 0.116579 0.0577369 -0.0770572 0.118923 0.0737945 -0.0698884
          0.10233 0.071143 -0.123006 0.101079 0.0856195 -0.121583 0.107693 0.0855583 -0.0992584
          0.10233 0.071143 -0.123006 0.107693 0.0855583 -0.0992584 0.109405 0.0696596 -0.0999126
          0.104386 0.128785 -0.0999554 0.1038 0.113524 -0.0995444 0.104373 0.113937 -0.114791
          0.104386 0.128785 -0.0999554 0.104373 0.113937 -0.114791 0.100124 0.116443 -0.122241
          0.104386 0.128785 -0.0999554 0.100124 0.116443 -0.122241 0.0994908 0.132324 -0.118344
          0.104386 0.128785 -0.0999554 0.0994908 0.132324 -0.118344 0.100135 0.13623 -0.102464
          0.117563 0.0741517 -0.0601527 0.118923 0.0737945 -0.0698884 0.113879 0.0862029 -0.0722229
          0.117563 0.0741517 -0.0601527 0.113879 0.0862029 -0.0722229 0.118963 0.0838577 -0.0598361
          0.101098 0.135576 -0.0716398 0.102345 0.136997 -0.0571641 0.109415 0.113892 -0.0556792
          0.101098 0.135576 -0.0716398 0.109415 0.113892 -0.0556792 0.107724 0.113234 -0.0715789
          0.10696 -0.112289 0.00463827 0.10812 -0.111255 -0.009962 0.109678 -0.101794 -0.0141749
          0.10696 -0.112289 0.00463827 0.109678 -0.101794 -0.0141749 0.110295 -0.101028 0.00295885
          0.11963 -0.0687204 -0.0518853 0.122393 -0.0510417 -0.0558066 0.125418 -0.0526349 -0.0391537
          0.11963 -0.0687204 -0.0518853 0.125418 -0.0526349 -0.0391537 0.122473 -0.0629488 -0.0397649
          0.12075 -0.0976081 0.0041146 0.122224 -0.0940509 -0.0118325 0.112902 -0.11399 -0.0102364
          0.12075 -0.0976081 0.0041146 0.112902 -0.11399 -0.0102364 0.112412 -0.112061 0.00467945
          0.12075 -0.0976081 0.0041146 0.112412 -0.112061 0.00467945 0.116829 -0.10607 0.00455959
          0.128444 -0.0583446 -0.00607472 0.129021 -0.056169 0.00311565 0.12419 -0.0676243 0.00535559
          0.128444 -0.0583446 -0.00607472 0.12419 -0.0676243 0.00535559 0.125068 -0.0666166 -0.00900507
          0.123344 0.0596668 -0.0524049 0.119317 0.0681216 -0.0541222 0.123386 0.0663819 -0.0457367
          0.123344 0.0596668 -0.0524049 0.123386 0.0663819 -0.0457367 0.121779 0.0568953 -0.0429056
          0.106666 0.130942 0.00457671 0.109992 0.119302 0.00627879 0.10867 0.118582 -0.00900672
          0.106666 0.130942 0.00457671 0.10867 0.118582 -0.00900672 0.106182 0.130281 -0.0102341
          0.123298 0.0859975 0.00392548 0.127814 0.0738754 0.00644316 0.128272 0.0701914 -0.0105264
          0.123298 0.0859975 0.00392548 0.128272 0.0701914 -0.0105264 0.126042 0.0823276 -0.0105034
          0.105523 -0.112843 0.0511814 0.108284 -0.0966147 0.0495953 0.109112 -0.0952936 0.0650304
          0.105523 -0.112843 0.0511814 0.109112 -0.0952936 0.0650304 0.102396 -0.118416 0.0665081
          0.105523 -0.112843 0.0511814 0.102396 -0.118416 0.0665081 0.10152 -0.117893 0.0553884
          0.12419 -0.0676243 0.00535559 0.129021 -0.056169 0.00311565 0.128732 -0.0515821 0.0198662
          0.12419 -0.0676243 0.00535559 0.128732 -0.0515821 0.0198662 0.12621 -0.0636846 0.0198446
          0.117518 -0.0556514 0.0693499 0.118828 -0.0652281 0.0691541 0.116316 -0.0723927 0.0529417
          0.117518 -0.0556514 0.0693499 0.116316 -0.0723927 0.0529417 0.119885 -0.0655606 0.048405
          0.117518 -0.0556514 0.0693499 0.119885 -0.0655606 0.048405 0.123213 -0.0478933 0.0548743
          0.117518 -0.0556514 0.0693499 0.123213 -0.0478933 0.0548743 0.119267 -0.0495939 0.0633449
          0.123281 -0.0410545 0.0617327 0.119267 -0.0495939 0.0633449 0.123213 -0.0478933 0.0548743
          0.123281 -0.0410545 0.0617327 0.123213 -0.0478933 0.0548743 0.121679 -0.0382197 0.052107
          0.124784 0.0713449 0.0483967 0.122598 0.0698089 0.0650745 0.124785 0.0530319 0.066642
          0.124784 0.0713449 0.0483967 0.124785 0.0530319 0.066642 0.126969 0.0552245 0.0505883
          0.106666 0.130942 0.00457671 0.107695 0.129874 0.0193054 0.112753 0.117431 0.0198874
          0.106666 0.130942 0.00457671 0.112753 0.117431 0.0198874 0.109992 0.119302 0.00627879
          0.106619 0.12961 0.0658837 0.109012 0.115961 0.0656407 0.108992 0.11621 0.0504208
          0.106619 0.12961 0.0658837 0.108992 0.11621 0.0504208 0.107645 0.129127 0.0507194
          0.120939 0.113445 0.00348559 0.121433 0.111646 0.02063 0.112464 0.132519 0.0190845
          0.120939 0.113445 0.00348559 0.112464 0.132519 0.0190845 0.111932 0.133013 0.00464106
          0.116418 0.112569 0.0626158 0.10756 0.132316 0.0674069 0.108618 0.131663 0.0508696
          0.116418 0.112569 0.0626158 0.108618 0.131663 0.0508696 0.113348 0.12238 0.0489038
          0.116418 0.112569 0.0626158 0.113348 0.12238 0.0489038 0.117171 0.113244 0.0524026
          0.117518 -0.0556514 0.0693499 0.118944 -0.0551158 0.0792613 0.113922 -0.0675858 0.0815658
          0.117518 -0.0556514 0.0693499 0.113922 -0.0675858 0.0815658 0.118828 -0.0652281 0.0691541
          0.0994855 -0.113701 0.127681 0.100113 -0.117593 0.111802 0.104349 -0.110125 0.109299
          0.0994855 -0.113701 0.127681 0.104349 -0.110125 0.109299 0.103773 -0.0949089 0.108889
          0.0994855 -0.113701 0.127681 0.103773 -0.0949089 0.108889 0.104384 -0.0953156 0.124143
          0.0994855 -0.113701 0.127681 0.104384 -0.0953156 0.124143 0.100136 -0.0978245 0.131591
          0.107725 -0.066939 0.108594 0.109383 -0.0510404 0.109254 0.102345 -0.0525241 0.132357
          0.107725 -0.066939 0.108594 0.102345 -0.0525241 0.132357 0.101117 -0.067 0.130949
          0.106677 0.00930508 0.126247 0.106188 -0.00559421 0.125641 0.108641 -0.00435389 0.113934
          0.106677 0.00930508 0.126247 0.108641 -0.00435389 0.113934 0.10999 0.010905 0.114641
          0.128129 -0.00588644 0.0655481 0.127756 0.0110263 0.0691969 0.123235 0.0086645 0.0812312
          0.128129 -0.00588644 0.0655481 0.123235 0.0086645 0.0812312 0.125672 -0.00586082 0.0777381
          0.106677 0.00930508 0.126247 0.10999 0.010905 0.114641 0.112797 0.0245276 0.112796
          0.106677 0.00930508 0.126247 0.112797 0.0245276 0.112796 0.107736 0.0239453 0.125233
          0.106625 0.0705239 0.124969 0.107678 0.0553603 0.124482 0.108992 0.0550608 0.11157
          0.106625 0.0705239 0.124969 0.108992 0.0550608 0.11157 0.109044 0.0702817 0.111323
          0.124785 0.0530319 0.066642 0.122598 0.0698089 0.0650745 0.121423 0.0732144 0.0733529
          0.124785 0.0530319 0.066642 0.121423 0.0732144 0.0733529 0.117321 0.0701863 0.0869396
          0.124785 0.0530319 0.066642 0.117321 0.0701863 0.0869396 0.118157 0.0566143 0.085377
          0.124785 0.0530319 0.066642 0.118157 0.0566143 0.085377 0.122994 0.0557289 0.0786038
          0.120871 0.00819562 0.10874 0.111977 0.00928105 0.128368 0.112509 0.0237269 0.127876
          0.120871 0.00819562 0.10874 0.112509 0.0237269 0.127876 0.121413 0.0253689 0.106901
          0.116447 0.0672686 0.107938 0.117159 0.0570258 0.108583 0.113374 0.0535591 0.117743
          0.116447 0.0672686 0.107938 0.113374 0.0535591 0.117743 0.108628 0.0555093 0.127023
          0.116447 0.0672686 0.107938 0.108628 0.0555093 0.127023 0.107593 0.0720432 0.127674
          0.106619 0.12961 0.0658837 0.105765 0.128962 0.079371 0.10986 0.115377 0.0803264
          0.106619 0.12961 0.0658837 0.10986 0.115377 0.0803264 0.109012 0.115961 0.0656407
          0.106625 0.0705239 0.124969 0.109044 0.0702817 0.111323 0.109852 0.0849665 0.110737
          0.106625 0.0705239 0.124969 0.109852 0.0849665 0.110737 0.105783 0.0840089 0.124319
          0.102608 0.128651 0.124011 0.101953 0.127275 0.13607 0.1002 0.132851 0.141162
          0.102608 0.128651 0.124011 0.1002 0.132851 0.141162 0.0997303 0.145618 0.140978
          0.102608 0.128651 0.124011 0.0997303 0.145618 0.140978 0.100195 0.145801 0.128211
          0.102608 0.128651 0.124011 0.100195 0.145801 0.128211 0.101967 0.140709 0.12263
          0.106689 -0.0519061 -0.115623 0.105836 -0.0653829 -0.114971 0.102237 -0.065509 -0.128727
          0.106689 -0.0519061 -0.115623 0.102237 -0.065509 -0.128727 0.106779 -0.0541582 -0.127441
          0.106689 -0.0519061 -0.115623 0.106779 -0.0541582 -0.127441 0.108535 -0.0370401 -0.123866
          0.106689 -0.0519061 -0.115623 0.108535 -0.0370401 -0.123866 0.107701 -0.0367409 -0.115139
          0.10663 0.00948199 -0.116989 0.107703 -0.00532536 -0.115893 0.106753 -0.00131343 -0.128725
          0.10663 0.00948199 -0.116989 0.106753 -0.00131343 -0.128725 0.104563 0.00933435 -0.12774
          0.101858 0.00935536 -0.132009 0.104563 0.00933435 -0.12774 0.106753 -0.00131343 -0.128725
          0.101858 0.00935536 -0.132009 0.106753 -0.00131343 -0.128725 0.101804 0.00139181 -0.132648
          0.10663 0.00948199 -0.116989 0.104563 0.00933435 -0.12774 0.10741 0.0199007 -0.129179
          0.10663 0.00948199 -0.116989 0.10741 0.0199007 -0.129179 0.106139 0.0242132 -0.116302
          0.10741 0.0199007 -0.129179 0.104563 0.00933435 -0.12774 0.101858 0.00935536 -0.132009
          0.10741 0.0199007 -0.129179 0.101858 0.00935536 -0.132009 0.101638 0.0182808 -0.132456
          0.106683 -0.111023 -0.0565523 0.106782 -0.122727 -0.0588212 0.102152 -0.124071 -0.0701193
          0.106683 -0.111023 -0.0565523 0.102152 -0.124071 -0.0701193 0.105811 -0.110355 -0.0700364
          0.106733 -0.0815114 -0.114706 0.104782 -0.0967801 -0.116002 0.106307 -0.0971162 -0.101739
          0.106733 -0.0815114 -0.114706 0.106307 -0.0971162 -0.101739 0.108255 -0.083722 -0.103326
          0.1068 -0.110072 -0.0861558 0.108315 -0.098685 -0.0883802 0.106307 -0.0971162 -0.101739
          0.1068 -0.110072 -0.0861558 0.106307 -0.0971162 -0.101739 0.104848 -0.111367 -0.101424
          0.111382 -0.084002 -0.0861289 0.108255 -0.083722 -0.103326 0.106307 -0.0971162 -0.101739
          0.111382 -0.084002 -0.0861289 0.106307 -0.0971162 -0.101739 0.108315 -0.098685 -0.0883802
          0.120187 -0.0206608 -0.0976484 0.117249 -0.0383623 -0.0992237 0.12313 -0.0346284 -0.0857305
          0.120187 -0.0206608 -0.0976484 0.12313 -0.0346284 -0.0857305 0.122349 -0.0222227 -0.0866045
          0.120187 -0.0206608 -0.0976484 0.111528 -0.02064 -0.117742 0.108698 -0.0368875 -0.117681
          0.120187 -0.0206608 -0.0976484 0.108698 -0.0368875 -0.117681 0.117249 -0.0383623 -0.0992237
          0.118174 0.0364642 -0.0992209 0.118365 0.0263372 -0.0992436 0.125605 0.0225671 -0.0853508
          0.118174 0.0364642 -0.0992209 0.125605 0.0225671 -0.0853508 0.123525 0.0400148 -0.086282
          0.108691 0.0399903 -0.119367 0.110765 0.0240225 -0.119122 0.118365 0.0263372 -0.0992436
          0.108691 0.0399903 -0.119367 0.118365 0.0263372 -0.0992436 0.118174 0.0364642 -0.0992209
          0.108242 0.0970781 -0.111672 0.1087 0.087217 -0.113597 0.11368 0.0857477 -0.100908
          0.108242 0.0970781 -0.111672 0.11368 0.0857477 -0.100908 0.110431 0.10219 -0.102969
          0.110993 0.103827 -0.0898475 0.110431 0.10219 -0.102969 0.11368 0.0857477 -0.100908
          0.110993 0.103827 -0.0898475 0.11368 0.0857477 -0.100908 0.115484 0.0887461 -0.0889902
          0.106683 -0.111023 -0.0565523 0.107905 -0.110525 -0.0413831 0.108574 -0.119219 -0.0416691
          0.106683 -0.111023 -0.0565523 0.108574 -0.119219 -0.0416691 0.106782 -0.122727 -0.0588212
          0.10696 -0.112289 0.00463827 0.104771 -0.123389 0.00469336 0.106874 -0.12407 -0.00591684
          0.10696 -0.112289 0.00463827 0.106874 -0.12407 -0.00591684 0.10812 -0.111255 -0.009962
          0.106874 -0.12407 -0.00591684 0.104771 -0.123389 0.00469336 0.101774 -0.127336 0.00471768
          0.106874 -0.12407 -0.00591684 0.101774 -0.127336 0.00471768 0.101879 -0.128019 -0.0034822
          0.123944 -0.081175 -0.0393326 0.117546 -0.0946357 -0.0430341 0.120979 -0.0935222 -0.0256273
          0.123944 -0.081175 -0.0393326 0.120979 -0.0935222 -0.0256273 0.12319 -0.0828121 -0.0278979
          0.111864 -0.113137 -0.0253364 0.120979 -0.0935222 -0.0256273 0.117546 -0.0946357 -0.0430341
          0.111864 -0.113137 -0.0253364 0.117546 -0.0946357 -0.0430341 0.108831 -0.113026 -0.0414906
          0.125233 -0.0239904 -0.0356861 0.12668 -0.0370525 -0.0417008 0.125076 -0.034828 -0.0572552
          0.125233 -0.0239904 -0.0356861 0.125076 -0.034828 -0.0572552 0.127548 -0.020723 -0.0555832
          0.128219 -0.0405644 -0.0255202 0.126936 -0.0518362 -0.027349 0.125418 -0.0526349 -0.0391537
          0.128219 -0.0405644 -0.0255202 0.125418 -0.0526349 -0.0391537 0.12668 -0.0370525 -0.0417008
          0.135238 -0.0167806 -0.0558888 0.130833 -0.0249276 -0.0579655 0.128401 -0.0392761 -0.0580527
          0.135238 -0.0167806 -0.0558888 0.128401 -0.0392761 -0.0580527 0.132926 -0.0388524 -0.0434929
          0.135238 -0.0167806 -0.0558888 0.132926 -0.0388524 -0.0434929 0.133403 -0.0336927 -0.0385966
          0.135238 -0.0167806 -0.0558888 0.133403 -0.0336927 -0.0385966 0.133491 -0.0200677 -0.0400303
          0.128706 0.037519 -0.0412435 0.127441 0.0299454 -0.0470083 0.128132 0.0245064 -0.0562082
          0.128706 0.037519 -0.0412435 0.128132 0.0245064 -0.0562082 0.125574 0.0393135 -0.055704
          0.123205 0.0819854 -0.024635 0.125804 0.0696835 -0.0253276 0.123386 0.0663819 -0.0457367
          0.123205 0.0819854 -0.024635 0.123386 0.0663819 -0.0457367 0.120366 0.0843395 -0.0391973
          0.114108 0.103198 -0.0238992 0.123205 0.0819854 -0.024635 0.120366 0.0843395 -0.0391973
          0.114108 0.103198 -0.0238992 0.120366 0.0843395 -0.0391973 0.116824 0.0912275 -0.0436628
          0.114108 0.103198 -0.0238992 0.116824 0.0912275 -0.0436628 0.113085 0.101646 -0.0417091
          0.106666 0.130942 0.00457671 0.106182 0.130281 -0.0102341 0.107353 0.143283 -0.00581216
          0.106666 0.130942 0.00457671 0.107353 0.143283 -0.00581216 0.104574 0.141734 0.0046457
          0.101864 0.14599 0.00462436 0.104574 0.141734 0.0046457 0.107353 0.143283 -0.00581216
          0.101864 0.14599 0.00462436 0.107353 0.143283 -0.00581216 0.101646 0.146436 -0.00430122
          0.10696 -0.112289 0.00463827 0.105997 -0.111668 0.0195723 0.107386 -0.124528 0.0152472
          0.10696 -0.112289 0.00463827 0.107386 -0.124528 0.0152472 0.104771 -0.123389 0.00469336
          0.101774 -0.127336 0.00471768 0.104771 -0.123389 0.00469336 0.107386 -0.124528 0.0152472
          0.101774 -0.127336 0.00471768 0.107386 -0.124528 0.0152472 0.101512 -0.127758 0.0136483
          0.126969 -0.0819331 0.018877 0.118951 -0.0952332 0.0218233 0.118178 -0.0946536 0.0318844
          0.126969 -0.0819331 0.018877 0.118178 -0.0946536 0.0318844 0.123907 -0.0818926 0.0354447
          0.129177 -0.036558 0.0331404 0.125413 -0.0510643 0.0346776 0.128732 -0.0515821 0.0198662
          0.129177 -0.036558 0.0331404 0.128732 -0.0515821 0.0198662 0.128052 -0.0418412 0.0256618
          0.135404 0.0807958 0.0190988 0.1339 0.0794204 0.0292831 0.128553 0.0863276 0.0364949
          0.135404 0.0807958 0.0190988 0.128553 0.0863276 0.0364949 0.122489 0.100589 0.0361904
          0.135404 0.0807958 0.0190988 0.122489 0.100589 0.0361904 0.124502 0.101671 0.0205073
          0.117258 0.0984209 0.0237275 0.124405 0.0823592 0.0198695 0.123298 0.0859975 0.00392548
          0.117258 0.0984209 0.0237275 0.123298 0.0859975 0.00392548 0.118249 0.0972466 0.00731814
          0.121919 0.0845296 0.0347025 0.127522 0.0695598 0.0347194 0.126247 0.0768262 0.0248592
          0.121919 0.0845296 0.0347025 0.126247 0.0768262 0.0248592 0.124405 0.0823592 0.0198695
          0.108239 0.142751 0.0152444 0.104574 0.141734 0.0046457 0.101864 0.14599 0.00462436
          0.108239 0.142751 0.0152444 0.101864 0.14599 0.00462436 0.101818 0.14661 0.0126291
          0.106619 0.12961 0.0658837 0.107645 0.129127 0.0507194 0.108458 0.137844 0.0510384
          0.106619 0.12961 0.0658837 0.108458 0.137844 0.0510384 0.10673 0.141421 0.0681232
          0.108127 -0.107004 0.0924811 0.1106 -0.0983176 0.0975329 0.113224 -0.0968186 0.0804622
          0.108127 -0.107004 0.0924811 0.113224 -0.0968186 0.0804622 0.10842 -0.108893 0.0825858
          0.110983 -0.0852094 0.0991894 0.11549 -0.0843493 0.0841135 0.113224 -0.0968186 0.0804622
          0.110983 -0.0852094 0.0991894 0.113224 -0.0968186 0.0804622 0.1106 -0.0983176 0.0975329
          0.121965 -0.0368823 0.0970954 0.123552 -0.0212247 0.0954683 0.129473 -0.0219387 0.0759732
          0.121965 -0.0368823 0.0970954 0.129473 -0.0219387 0.0759732 0.130894 -0.0355364 0.0719465
          0.122244 -0.0200481 0.077537 0.12014 -0.0345912 0.0795473 0.123281 -0.0410545 0.0617327
          0.122244 -0.0200481 0.077537 0.123281 -0.0410545 0.0617327 0.12543 -0.0206971 0.0650443
          0.134761 0.023679 0.0755825 0.124138 0.0251686 0.0970355 0.12245 0.0408338 0.0959481
          0.134761 0.023679 0.0755825 0.12245 0.0408338 0.0959481 0.128361 0.041141 0.0816774
          0.134761 0.023679 0.0755825 0.128361 0.041141 0.0816774 0.133777 0.0337817 0.0746127
          0.121905 0.0393544 0.0798861 0.124381 0.0245091 0.0777229 0.12654 0.0197285 0.0720399
          0.121905 0.0393544 0.0798861 0.12654 0.0197285 0.0720399 0.127573 0.0393585 0.0649186
          0.117249 0.0283537 0.0937681 0.118194 0.0119555 0.0925864 0.123235 0.0086645 0.0812312
          0.117249 0.0283537 0.0937681 0.123235 0.0086645 0.0812312 0.124381 0.0245091 0.0777229
          0.106677 0.00930508 0.126247 0.104001 0.00928342 0.136336 0.107347 -0.0011608 0.138656
          0.106677 0.00930508 0.126247 0.107347 -0.0011608 0.138656 0.106188 -0.00559421 0.125641
          0.107347 -0.0011608 0.138656 0.104001 0.00928342 0.136336 0.101854 0.00926579 0.141346
          0.107347 -0.0011608 0.138656 0.101854 0.00926579 0.141346 0.10164 0.000341088 0.141795
          0.101854 0.00926579 0.141346 0.104001 0.00928342 0.136336 0.106677 0.00930508 0.126247
          0.101854 0.00926579 0.141346 0.106677 0.00930508 0.126247 0.107736 0.0239453 0.125233
          0.101854 0.00926579 0.141346 0.107736 0.0239453 0.125233 0.106704 0.0199482 0.138064
          0.101854 0.00926579 0.141346 0.106704 0.0199482 0.138064 0.101812 0.0173486 0.141941
          0.106625 0.0705239 0.124969 0.106754 0.0727925 0.136755 0.108473 0.0556752 0.133205
          0.106625 0.0705239 0.124969 0.108473 0.0556752 0.133205 0.107678 0.0553603 0.124482
          0.0981682 -0.126617 -0.138494 0.097797 -0.125127 -0.129767 0.0981577 -0.133848 -0.131265
          0.0981682 -0.126617 -0.138494 0.0981577 -0.133848 -0.131265 0.0983061 -0.135589 -0.140227
          0.0981682 -0.126617 -0.138494 0.0997396 -0.126998 -0.131638 0.100224 -0.114234 -0.13183
          0.0981682 -0.126617 -0.138494 0.100224 -0.114234 -0.13183 0.0990122 -0.113846 -0.138854
          0.100215 -0.127187 -0.118873 0.0997396 -0.126998 -0.131638 0.0981577 -0.133848 -0.131265
          0.100215 -0.127187 -0.118873 0.0981577 -0.133848 -0.131265 0.0989907 -0.134212 -0.118482
          0.0982941 0.153009 -0.131245 0.0981739 0.143902 -0.129922 0.0982944 0.145225 -0.13903
          0.0982941 0.153009 -0.131245 0.0982944 0.145225 -0.13903 0.0983947 0.15445 -0.14047
          0.0997572 0.145689 -0.131709 0.0982944 0.145225 -0.13903 0.0984298 0.132326 -0.13932
          0.0997572 0.145689 -0.131709 0.0984298 0.132326 -0.13932 0.0998481 0.131838 -0.135149
          0.0997572 0.145689 -0.131709 0.0998481 0.131838 -0.135149 0.102889 0.13021 -0.125438
          0.0997572 0.145689 -0.131709 0.102889 0.13021 -0.125438 0.1037 0.137897 -0.128917
          0.101817 -0.0998229 -0.119395 0.101889 -0.0839118 -0.123408 0.105047 -0.0805288 -0.116027
          0.101817 -0.0998229 -0.119395 0.105047 -0.0805288 -0.116027 0.109155 -0.0795133 -0.0994305
          0.101817 -0.0998229 -0.119395 0.109155 -0.0795133 -0.0994305 0.10409 -0.0957175 -0.100359
          0.101817 -0.0998229 -0.119395 0.10409 -0.0957175 -0.100359 0.102337 -0.101214 -0.105693
          0.105056 -0.111398 -0.0851787 0.10184 -0.118633 -0.0886577 0.101805 -0.114752 -0.10446
          0.105056 -0.111398 -0.0851787 0.101805 -0.114752 -0.10446 0.102337 -0.101214 -0.105693
          0.105056 -0.111398 -0.0851787 0.102337 -0.101214 -0.105693 0.10409 -0.0957175 -0.100359
          0.105056 -0.111398 -0.0851787 0.10409 -0.0957175 -0.100359 0.10917 -0.0948129 -0.0841948
          0.105047 -0.0805288 -0.116027 0.105836 -0.0653829 -0.114971 0.109931 -0.0663415 -0.101395
          0.105047 -0.0805288 -0.116027 0.109931 -0.0663415 -0.101395 0.109155 -0.0795133 -0.0994305
          0.113992 -0.0520501 -0.0878707 0.111454 -0.0647776 -0.0913437 0.109931 -0.0663415 -0.101395
          0.113992 -0.0520501 -0.0878707 0.109931 -0.0663415 -0.101395 0.109099 -0.0516617 -0.101985
          0.108124 -0.0814658 -0.0861401 0.109155 -0.0795133 -0.0994305 0.109931 -0.0663415 -0.101395
          0.108124 -0.0814658 -0.0861401 0.109931 -0.0663415 -0.101395 0.111454 -0.0647776 -0.0913437
          0.105056 -0.111398 -0.0851787 0.10917 -0.0948129 -0.0841948 0.109924 -0.096753 -0.0709864
          0.105056 -0.111398 -0.0851787 0.109924 -0.096753 -0.0709864 0.105811 -0.110355 -0.0700364
          0.11421 -0.084004 -0.0578887 0.109116 -0.0975056 -0.0562915 0.109924 -0.096753 -0.0709864
          0.11421 -0.084004 -0.0578887 0.109924 -0.096753 -0.0709864 0.111441 -0.0866701 -0.069509
          0.108124 -0.0814658 -0.0861401 0.111441 -0.0866701 -0.069509 0.109924 -0.096753 -0.0709864
          0.108124 -0.0814658 -0.0861401 0.109924 -0.096753 -0.0709864 0.10917 -0.0948129 -0.0841948
          0.113992 -0.0520501 -0.0878707 0.117365 -0.0514347 -0.0777915 0.113027 -0.0675684 -0.0721906
          0.113992 -0.0520501 -0.0878707 0.113027 -0.0675684 -0.0721906 0.111454 -0.0647776 -0.0913437
          0.11421 -0.084004 -0.0578887 0.111441 -0.0866701 -0.069509 0.113027 -0.0675684 -0.0721906
          0.11421 -0.084004 -0.0578887 0.113027 -0.0675684 -0.0721906 0.11651 -0.0744291 -0.0578448
          0.108124 -0.0814658 -0.0861401 0.111454 -0.0647776 -0.0913437 0.113027 -0.0675684 -0.0721906
          0.108124 -0.0814658 -0.0861401 0.113027 -0.0675684 -0.0721906 0.111441 -0.0866701 -0.069509
          0.10741 -0.0207548 -0.115306 0.107703 -0.00532536 -0.115893 0.112748 -0.00590743 -0.10345
          0.10741 -0.0207548 -0.115306 0.112748 -0.00590743 -0.10345 0.111916 -0.0211917 -0.103027
          0.124335 -0.00653708 -0.0876928 0.121409 -0.00648451 -0.0977874 0.120187 -0.0206608 -0.0976484
          0.124335 -0.00653708 -0.0876928 0.120187 -0.0206608 -0.0976484 0.122349 -0.0222227 -0.0866045
          0.12313 -0.0346284 -0.0857305 0.126448 -0.0376921 -0.0723036 0.128603 -0.0225097 -0.072322
          0.12313 -0.0346284 -0.0857305 0.128603 -0.0225097 -0.072322 0.122349 -0.0222227 -0.0866045
          0.122068 -0.020582 -0.0705056 0.127548 -0.020723 -0.0555832 0.125076 -0.034828 -0.0572552
          0.122068 -0.020582 -0.0705056 0.125076 -0.034828 -0.0572552 0.123021 -0.0372277 -0.0692583
          0.124335 -0.00653708 -0.0876928 0.122349 -0.0222227 -0.0866045 0.128603 -0.0225097 -0.072322
          0.124335 -0.00653708 -0.0876928 0.128603 -0.0225097 -0.072322 0.134205 -0.0148881 -0.065023
          0.124335 -0.00653708 -0.0876928 0.134205 -0.0148881 -0.065023 0.134707 -0.00505385 -0.0661954
          0.122068 -0.020582 -0.0705056 0.124688 -0.00589418 -0.0683349 0.126514 -0.0106272 -0.0627825
          0.122068 -0.020582 -0.0705056 0.126514 -0.0106272 -0.0627825 0.127548 -0.020723 -0.0555832
          0.107743 0.039013 -0.115857 0.105887 0.0559831 -0.117648 0.108581 0.0542143 -0.101255
          0.107743 0.039013 -0.115857 0.108581 0.0542143 -0.101255 0.109155 0.039394 -0.102451
          0.110946 0.0703747 -0.0887122 0.113004 0.0556574 -0.0876272 0.108581 0.0542143 -0.101255
          0.110946 0.0703747 -0.0887122 0.108581 0.0542143 -0.101255 0.109405 0.0696596 -0.0999126
          0.114019 0.0379083 -0.0892091 0.109155 0.039394 -0.102451 0.108581 0.0542143 -0.101255
          0.114019 0.0379083 -0.0892091 0.108581 0.0542143 -0.101255 0.113004 0.0556574 -0.0876272
          0.121853 0.0555061 -0.087761 0.118077 0.0540333 -0.0970047 0.118174 0.0364642 -0.0992209
          0.121853 0.0555061 -0.087761 0.118174 0.0364642 -0.0992209 0.123525 0.0400148 -0.086282
          0.118174 0.0364642 -0.0992209 0.118077 0.0540333 -0.0970047 0.108069 0.0555448 -0.119526
          0.118174 0.0364642 -0.0992209 0.108069 0.0555448 -0.119526 0.108691 0.0399903 -0.119367
          0.125605 0.0225671 -0.0853508 0.134685 0.0231279 -0.0671053 0.129604 0.0408257 -0.0666795
          0.125605 0.0225671 -0.0853508 0.129604 0.0408257 -0.0666795 0.123525 0.0400148 -0.086282
          0.122245 0.0386681 -0.0681968 0.125574 0.0393135 -0.055704 0.128132 0.0245064 -0.0562082
          0.122245 0.0386681 -0.0681968 0.128132 0.0245064 -0.0562082 0.125854 0.0244821 -0.0683732
          0.122245 0.0386681 -0.0681968 0.120155 0.0532558 -0.0701998 0.123344 0.0596668 -0.0524049
          0.122245 0.0386681 -0.0681968 0.123344 0.0596668 -0.0524049 0.125574 0.0393135 -0.055704
          0.101079 0.0856195 -0.121583 0.100269 0.101153 -0.12144 0.103367 0.100687 -0.113554
          0.101079 0.0856195 -0.121583 0.103367 0.100687 -0.113554 0.105484 0.099554 -0.101973
          0.101079 0.0856195 -0.121583 0.105484 0.099554 -0.101973 0.107693 0.0855583 -0.0992584
          0.103367 0.100687 -0.113554 0.104373 0.113937 -0.114791 0.1038 0.113524 -0.0995444
          0.103367 0.100687 -0.113554 0.1038 0.113524 -0.0995444 0.105484 0.099554 -0.101973
          0.103385 0.127554 -0.0867076 0.105489 0.115988 -0.0855441 0.1038 0.113524 -0.0995444
          0.103385 0.127554 -0.0867076 0.1038 0.113524 -0.0995444 0.104386 0.128785 -0.0999554
          0.107072 0.101708 -0.0877052 0.105484 0.099554 -0.101973 0.1038 0.113524 -0.0995444
          0.107072 0.101708 -0.0877052 0.1038 0.113524 -0.0995444 0.105489 0.115988 -0.0855441
          0.110946 0.0703747 -0.0887122 0.110499 0.086747 -0.0886162 0.113879 0.0862029 -0.0722229
          0.110946 0.0703747 -0.0887122 0.113879 0.0862029 -0.0722229 0.118923 0.0737945 -0.0698884
          0.111001 0.102691 -0.0563793 0.118963 0.0838577 -0.0598361 0.113879 0.0862029 -0.0722229
          0.111001 0.102691 -0.0563793 0.113879 0.0862029 -0.0722229 0.110505 0.102653 -0.0727214
          0.107072 0.101708 -0.0877052 0.110505 0.102653 -0.0727214 0.113879 0.0862029 -0.0722229
          0.107072 0.101708 -0.0877052 0.113879 0.0862029 -0.0722229 0.110499 0.086747 -0.0886162
          0.107724 0.113234 -0.0715789 0.105489 0.115988 -0.0855441 0.103385 0.127554 -0.0867076
          0.107724 0.113234 -0.0715789 0.103385 0.127554 -0.0867076 0.100276 0.135425 -0.0871734
          0.107724 0.113234 -0.0715789 0.100276 0.135425 -0.0871734 0.101098 0.135576 -0.0716398
          0.111001 0.102691 -0.0563793 0.110505 0.102653 -0.0727214 0.107724 0.113234 -0.0715789
          0.111001 0.102691 -0.0563793 0.107724 0.113234 -0.0715789 0.109415 0.113892 -0.0556792
          0.107072 0.101708 -0.0877052 0.105489 0.115988 -0.0855441 0.107724 0.113234 -0.0715789
          0.107072 0.101708 -0.0877052 0.107724 0.113234 -0.0715789 0.110505 0.102653 -0.0727214
          0.107728 -0.110659 -0.0253819 0.111978 -0.0986995 -0.0257949 0.109678 -0.101794 -0.0141749
          0.107728 -0.110659 -0.0253819 0.109678 -0.101794 -0.0141749 0.10812 -0.111255 -0.009962
          0.130186 -0.0680864 -0.0278622 0.127362 -0.0676445 -0.0423524 0.123944 -0.081175 -0.0393326
          0.130186 -0.0680864 -0.0278622 0.123944 -0.081175 -0.0393326 0.12319 -0.0828121 -0.0278979
          0.122498 -0.0660614 -0.0255372 0.122473 -0.0629488 -0.0397649 0.125418 -0.0526349 -0.0391537
          0.122498 -0.0660614 -0.0255372 0.125418 -0.0526349 -0.0391537 0.126936 -0.0518362 -0.027349
          0.13746 -0.0517313 -0.0232154 0.131587 -0.0532614 -0.0304712 0.128968 -0.0533364 -0.0438148
          0.13746 -0.0517313 -0.0232154 0.128968 -0.0533364 -0.0438148 0.127362 -0.0676445 -0.0423524
          0.13746 -0.0517313 -0.0232154 0.127362 -0.0676445 -0.0423524 0.130186 -0.0680864 -0.0278622
          0.13746 -0.0517313 -0.0232154 0.130186 -0.0680864 -0.0278622 0.136656 -0.0613752 -0.0203592
          0.120979 -0.0935222 -0.0256273 0.122224 -0.0940509 -0.0118325 0.126149 -0.080993 -0.0105618
          0.120979 -0.0935222 -0.0256273 0.126149 -0.080993 -0.0105618 0.12319 -0.0828121 -0.0278979
          0.130186 -0.0680864 -0.0278622 0.12319 -0.0828121 -0.0278979 0.126149 -0.080993 -0.0105618
          0.130186 -0.0680864 -0.0278622 0.126149 -0.080993 -0.0105618 0.133438 -0.0749766 -0.00633964
          0.130186 -0.0680864 -0.0278622 0.133438 -0.0749766 -0.00633964 0.136198 -0.0665225 -0.0104386
          0.130186 -0.0680864 -0.0278622 0.136198 -0.0665225 -0.0104386 0.136656 -0.0613752 -0.0203592
          0.128444 -0.0583446 -0.00607472 0.125068 -0.0666166 -0.00900507 0.122498 -0.0660614 -0.0255372
          0.128444 -0.0583446 -0.00607472 0.122498 -0.0660614 -0.0255372 0.126936 -0.0518362 -0.027349
          0.118043 -0.0799976 -0.0142299 0.125068 -0.0666166 -0.00900507 0.12419 -0.0676243 0.00535559
          0.118043 -0.0799976 -0.0142299 0.12419 -0.0676243 0.00535559 0.11886 -0.0792143 0.00191242
          0.125233 -0.0239904 -0.0356861 0.127548 -0.020723 -0.0555832 0.126514 -0.0106272 -0.0627825
          0.125233 -0.0239904 -0.0356861 0.126514 -0.0106272 -0.0627825 0.124841 -0.00699371 -0.0378328
          0.144986 0.0397568 -0.0257768 0.147531 0.045044 -0.031064 0.147433 0.0452364 -0.0355986
          0.144986 0.0397568 -0.0257768 0.147433 0.0452364 -0.0355986 0.145538 0.0418865 -0.0404073
          0.144986 0.0397568 -0.0257768 0.145538 0.0418865 -0.0404073 0.138718 0.0245969 -0.0409355
          0.144986 0.0397568 -0.0257768 0.138718 0.0245969 -0.0409355 0.141833 0.0246851 -0.0261766
          0.128706 0.037519 -0.0412435 0.125574 0.0393135 -0.055704 0.123344 0.0596668 -0.0524049
          0.128706 0.037519 -0.0412435 0.123344 0.0596668 -0.0524049 0.121779 0.0568953 -0.0429056
          0.128811 0.0551498 -0.0236526 0.121779 0.0568953 -0.0429056 0.123386 0.0663819 -0.0457367
          0.128811 0.0551498 -0.0236526 0.123386 0.0663819 -0.0457367 0.125804 0.0696835 -0.0253276
          0.128272 0.0701914 -0.0105264 0.127477 0.0609029 -0.0158164 0.128811 0.0551498 -0.0236526
          0.128272 0.0701914 -0.0105264 0.128811 0.0551498 -0.0236526 0.125804 0.0696835 -0.0253276
          0.111001 0.102691 -0.0563793 0.109415 0.113892 -0.0556792 0.108595 0.115235 -0.0402333
          0.111001 0.102691 -0.0563793 0.108595 0.115235 -0.0402333 0.113085 0.101646 -0.0417091
          0.107743 0.129837 -0.025033 0.109223 0.116435 -0.025412 0.108595 0.115235 -0.0402333
          0.107743 0.129837 -0.025033 0.108595 0.115235 -0.0402333 0.105938 0.131651 -0.0420258
          0.114108 0.103198 -0.0238992 0.113085 0.101646 -0.0417091 0.108595 0.115235 -0.0402333
          0.114108 0.103198 -0.0238992 0.108595 0.115235 -0.0402333 0.109223 0.116435 -0.025412
          0.107743 0.129837 -0.025033 0.106182 0.130281 -0.0102341 0.10867 0.118582 -0.00900672
          0.107743 0.129837 -0.025033 0.10867 0.118582 -0.00900672 0.109223 0.116435 -0.025412
          0.114337 0.105851 0.00353994 0.111852 0.105948 -0.0126974 0.10867 0.118582 -0.00900672
          0.114337 0.105851 0.00353994 0.10867 0.118582 -0.00900672 0.109992 0.119302 0.00627879
          0.114108 0.103198 -0.0238992 0.109223 0.116435 -0.025412 0.10867 0.118582 -0.00900672
          0.114108 0.103198 -0.0238992 0.10867 0.118582 -0.00900672 0.111852 0.105948 -0.0126974
          0.11822 0.113328 -0.0223541 0.11813 0.111083 -0.0399334 0.122 0.101738 -0.0415213
          0.11822 0.113328 -0.0223541 0.122 0.101738 -0.0415213 0.123675 0.100203 -0.0259284
          0.135062 0.0809519 -0.00890848 0.125785 0.0992859 -0.0084929 0.123675 0.100203 -0.0259284
          0.135062 0.0809519 -0.00890848 0.123675 0.100203 -0.0259284 0.129775 0.0806958 -0.0266673
          0.123205 0.0819854 -0.024635 0.126042 0.0823276 -0.0105034 0.128272 0.0701914 -0.0105264
          0.123205 0.0819854 -0.024635 0.128272 0.0701914 -0.0105264 0.125804 0.0696835 -0.0253276
          0.114337 0.105851 0.00353994 0.118249 0.0972466 0.00731814 0.123298 0.0859975 0.00392548
          0.114337 0.105851 0.00353994 0.123298 0.0859975 0.00392548 0.126042 0.0823276 -0.0105034
          0.114337 0.105851 0.00353994 0.126042 0.0823276 -0.0105034 0.111852 0.105948 -0.0126974
          0.114108 0.103198 -0.0238992 0.111852 0.105948 -0.0126974 0.126042 0.0823276 -0.0105034
          0.114108 0.103198 -0.0238992 0.126042 0.0823276 -0.0105034 0.123205 0.0819854 -0.024635
          0.107472 -0.11125 0.0343821 0.109115 -0.0978078 0.0347551 0.108284 -0.0966147 0.0495953
          0.107472 -0.11125 0.0343821 0.108284 -0.0966147 0.0495953 0.105523 -0.112843 0.0511814
          0.110665 -0.0840481 0.0657678 0.109112 -0.0952936 0.0650304 0.108284 -0.0966147 0.0495953
          0.110665 -0.0840481 0.0657678 0.108284 -0.0966147 0.0495953 0.112766 -0.0828747 0.0509246
          0.113972 -0.0845911 0.0334032 0.112766 -0.0828747 0.0509246 0.108284 -0.0966147 0.0495953
          0.113972 -0.0845911 0.0334032 0.108284 -0.0966147 0.0495953 0.109115 -0.0978078 0.0347551
          0.126969 -0.0819331 0.018877 0.123907 -0.0818926 0.0354447 0.130999 -0.0624296 0.0359269
          0.126969 -0.0819331 0.018877 0.130999 -0.0624296 0.0359269 0.137019 -0.0639085 0.0196114
          0.122158 -0.0635741 0.0340329 0.12621 -0.0636846 0.0198446 0.128732 -0.0515821 0.0198662
          0.122158 -0.0635741 0.0340329 0.128732 -0.0515821 0.0198662 0.125413 -0.0510643 0.0346776
          0.118178 -0.0946536 0.0318844 0.117727 -0.0922718 0.0492432 0.121611 -0.0831085 0.0508541
          0.118178 -0.0946536 0.0318844 0.121611 -0.0831085 0.0508541 0.123907 -0.0818926 0.0354447
          0.123213 -0.0478933 0.0548743 0.119885 -0.0655606 0.048405 0.122158 -0.0635741 0.0340329
          0.123213 -0.0478933 0.0548743 0.122158 -0.0635741 0.0340329 0.125413 -0.0510643 0.0346776
          0.129177 -0.036558 0.0331404 0.121679 -0.0382197 0.052107 0.123213 -0.0478933 0.0548743
          0.129177 -0.036558 0.0331404 0.123213 -0.0478933 0.0548743 0.125413 -0.0510643 0.0346776
          0.128613 -0.0190502 0.0505307 0.12543 -0.0206971 0.0650443 0.123281 -0.0410545 0.0617327
          0.128613 -0.0190502 0.0505307 0.123281 -0.0410545 0.0617327 0.121679 -0.0382197 0.052107
          0.128613 -0.0190502 0.0505307 0.127339 -0.0111173 0.0561456 0.128129 -0.00588644 0.0655481
          0.128613 -0.0190502 0.0505307 0.128129 -0.00588644 0.0655481 0.12543 -0.0206971 0.0650443
          0.124784 0.0713449 0.0483967 0.126969 0.0552245 0.0505883 0.126891 0.0498689 0.0335759
          0.124784 0.0713449 0.0483967 0.126891 0.0498689 0.0335759 0.127522 0.0695598 0.0347194
          0.126868 0.0383351 0.045426 0.126969 0.0552245 0.0505883 0.124785 0.0530319 0.066642
          0.126868 0.0383351 0.045426 0.124785 0.0530319 0.066642 0.127573 0.0393585 0.0649186
          0.107388 0.129289 0.0347349 0.111816 0.116997 0.0351708 0.112753 0.117431 0.0198874
          0.107388 0.129289 0.0347349 0.112753 0.117431 0.0198874 0.107695 0.129874 0.0193054
          0.107388 0.129289 0.0347349 0.107645 0.129127 0.0507194 0.108992 0.11621 0.0504208
          0.107388 0.129289 0.0347349 0.108992 0.11621 0.0504208 0.111816 0.116997 0.0351708
          0.113866 0.101826 0.0660332 0.114006 0.100604 0.0513816 0.108992 0.11621 0.0504208
          0.113866 0.101826 0.0660332 0.108992 0.11621 0.0504208 0.109012 0.115961 0.0656407
          0.112412 0.105145 0.0365195 0.111816 0.116997 0.0351708 0.108992 0.11621 0.0504208
          0.112412 0.105145 0.0365195 0.108992 0.11621 0.0504208 0.114006 0.100604 0.0513816
          0.120118 0.111678 0.0347222 0.121433 0.111646 0.02063 0.124502 0.101671 0.0205073
          0.120118 0.111678 0.0347222 0.124502 0.101671 0.0205073 0.122489 0.100589 0.0361904
          0.128553 0.0863276 0.0364949 0.126641 0.0862742 0.0516525 0.123065 0.0997082 0.048619
          0.128553 0.0863276 0.0364949 0.123065 0.0997082 0.048619 0.122489 0.100589 0.0361904
          0.121919 0.0845296 0.0347025 0.122949 0.0832432 0.0510785 0.124784 0.0713449 0.0483967
          0.121919 0.0845296 0.0347025 0.124784 0.0713449 0.0483967 0.127522 0.0695598 0.0347194
          0.112412 0.105145 0.0365195 0.114006 0.100604 0.0513816 0.118175 0.0900402 0.0519872
          0.112412 0.105145 0.0365195 0.118175 0.0900402 0.0519872 0.122949 0.0832432 0.0510785
          0.112412 0.105145 0.0365195 0.122949 0.0832432 0.0510785 0.121919 0.0845296 0.0347025
          0.112412 0.105145 0.0365195 0.121919 0.0845296 0.0347025 0.117238 0.096798 0.0312951
          0.120118 0.111678 0.0347222 0.122489 0.100589 0.0361904 0.123065 0.0997082 0.048619
          0.120118 0.111678 0.0347222 0.123065 0.0997082 0.048619 0.117171 0.113244 0.0524026
          0.113348 0.12238 0.0489038 0.114073 0.122436 0.0328758 0.120118 0.111678 0.0347222
          0.113348 0.12238 0.0489038 0.120118 0.111678 0.0347222 0.117171 0.113244 0.0524026
          0.103293 -0.10883 0.0960442 0.1002 -0.11675 0.0965097 0.100971 -0.116868 0.0809781
          0.103293 -0.10883 0.0960442 0.100971 -0.116868 0.0809781 0.107455 -0.0946503 0.0809128
          0.103293 -0.10883 0.0960442 0.107455 -0.0946503 0.0809128 0.105425 -0.0972675 0.0949244
          0.110665 -0.0840481 0.0657678 0.118828 -0.0652281 0.0691541 0.113922 -0.0675858 0.0815658
          0.110665 -0.0840481 0.0657678 0.113922 -0.0675858 0.0815658 0.11036 -0.0838847 0.0820763
          0.110976 -0.0516719 0.0979482 0.110438 -0.0680599 0.0979882 0.113922 -0.0675858 0.0815658
          0.110976 -0.0516719 0.0979482 0.113922 -0.0675858 0.0815658 0.118944 -0.0551158 0.0792613
          0.107022 -0.0831863 0.0969323 0.11036 -0.0838847 0.0820763 0.113922 -0.0675858 0.0815658
          0.107022 -0.0831863 0.0969323 0.113922 -0.0675858 0.0815658 0.110438 -0.0680599 0.0979882
          0.103293 -0.10883 0.0960442 0.105425 -0.0972675 0.0949244 0.103773 -0.0949089 0.108889
          0.103293 -0.10883 0.0960442 0.103773 -0.0949089 0.108889 0.104349 -0.110125 0.109299
          0.103401 -0.0820682 0.122932 0.104384 -0.0953156 0.124143 0.103773 -0.0949089 0.108889
          0.103401 -0.0820682 0.122932 0.103773 -0.0949089 0.108889 0.109996 -0.0819876 0.108026
          0.107022 -0.0831863 0.0969323 0.109996 -0.0819876 0.108026 0.103773 -0.0949089 0.108889
          0.107022 -0.0831863 0.0969323 0.103773 -0.0949089 0.108889 0.105425 -0.0972675 0.0949244
          0.110976 -0.0516719 0.0979482 0.109383 -0.0510404 0.109254 0.107725 -0.066939 0.108594
          0.110976 -0.0516719 0.0979482 0.107725 -0.066939 0.108594 0.110438 -0.0680599 0.0979882
          0.103401 -0.0820682 0.122932 0.109996 -0.0819876 0.108026 0.107725 -0.066939 0.108594
          0.103401 -0.0820682 0.122932 0.107725 -0.066939 0.108594 0.101117 -0.067 0.130949
          0.103401 -0.0820682 0.122932 0.101117 -0.067 0.130949 0.100273 -0.0825333 0.130782
          0.107022 -0.0831863 0.0969323 0.110438 -0.0680599 0.0979882 0.107725 -0.066939 0.108594
          0.107022 -0.0831863 0.0969323 0.107725 -0.066939 0.108594 0.109996 -0.0819876 0.108026
          0.110976 -0.0516719 0.0979482 0.113075 -0.0370651 0.0970008 0.10857 -0.0355951 0.110595
          0.110976 -0.0516719 0.0979482 0.10857 -0.0355951 0.110595 0.109383 -0.0510404 0.109254
          0.107731 -0.0203934 0.125198 0.105968 -0.0373991 0.127025 0.10857 -0.0355951 0.110595
          0.107731 -0.0203934 0.125198 0.10857 -0.0355951 0.110595 0.109221 -0.0207721 0.111795
          0.114076 -0.0192735 0.0985489 0.109221 -0.0207721 0.111795 0.10857 -0.0355951 0.110595
          0.114076 -0.0192735 0.0985489 0.10857 -0.0355951 0.110595 0.113075 -0.0370651 0.0970008
          0.114321 0.00827827 0.101109 0.10999 0.010905 0.114641 0.108641 -0.00435389 0.113934
          0.114321 0.00827827 0.101109 0.108641 -0.00435389 0.113934 0.111826 -0.0079892 0.101232
          0.107731 -0.0203934 0.125198 0.109221 -0.0207721 0.111795 0.108641 -0.00435389 0.113934
          0.107731 -0.0203934 0.125198 0.108641 -0.00435389 0.113934 0.106188 -0.00559421 0.125641
          0.114076 -0.0192735 0.0985489 0.111826 -0.0079892 0.101232 0.108641 -0.00435389 0.113934
          0.114076 -0.0192735 0.0985489 0.108641 -0.00435389 0.113934 0.109221 -0.0207721 0.111795
          0.122244 -0.0200481 0.077537 0.12543 -0.0206971 0.0650443 0.128129 -0.00588644 0.0655481
          0.122244 -0.0200481 0.077537 0.128129 -0.00588644 0.0655481 0.125672 -0.00586082 0.0777381
          0.125672 -0.00586082 0.0777381 0.123235 0.0086645 0.0812312 0.118194 0.0119555 0.0925864
          0.125672 -0.00586082 0.0777381 0.118194 0.0119555 0.0925864 0.114321 0.00827827 0.101109
          0.125672 -0.00586082 0.0777381 0.114321 0.00827827 0.101109 0.111826 -0.0079892 0.101232
          0.114076 -0.0192735 0.0985489 0.122244 -0.0200481 0.077537 0.125672 -0.00586082 0.0777381
          0.114076 -0.0192735 0.0985489 0.125672 -0.00586082 0.0777381 0.111826 -0.0079892 0.101232
          0.121965 -0.0368823 0.0970954 0.118051 -0.0353344 0.106388 0.11813 -0.0177756 0.10861
          0.121965 -0.0368823 0.0970954 0.11813 -0.0177756 0.10861 0.123552 -0.0212247 0.0954683
          0.107437 0.0393746 0.124643 0.107736 0.0239453 0.125233 0.112797 0.0245276 0.112796
          0.107437 0.0393746 0.124643 0.112797 0.0245276 0.112796 0.111827 0.0398109 0.112358
          0.113847 0.0706724 0.0971842 0.109044 0.0702817 0.111323 0.108992 0.0550608 0.11157
          0.113847 0.0706724 0.0971842 0.108992 0.0550608 0.11157 0.114041 0.0560329 0.0959704
          0.107437 0.0393746 0.124643 0.111827 0.0398109 0.112358 0.108992 0.0550608 0.11157
          0.107437 0.0393746 0.124643 0.108992 0.0550608 0.11157 0.107678 0.0553603 0.124482
          0.112414 0.0411491 0.100498 0.114041 0.0560329 0.0959704 0.108992 0.0550608 0.11157
          0.112414 0.0411491 0.100498 0.108992 0.0550608 0.11157 0.111827 0.0398109 0.112358
          0.123091 0.0532669 0.0950664 0.126634 0.0562932 0.0816347 0.128361 0.041141 0.0816774
          0.123091 0.0532669 0.0950664 0.128361 0.041141 0.0816774 0.12245 0.0408338 0.0959481
          0.121905 0.0393544 0.0798861 0.127573 0.0393585 0.0649186 0.124785 0.0530319 0.066642
          0.121905 0.0393544 0.0798861 0.124785 0.0530319 0.066642 0.122994 0.0557289 0.0786038
          0.112414 0.0411491 0.100498 0.117249 0.0360381 0.0920825 0.121905 0.0393544 0.0798861
          0.112414 0.0411491 0.100498 0.121905 0.0393544 0.0798861 0.122994 0.0557289 0.0786038
          0.112414 0.0411491 0.100498 0.122994 0.0557289 0.0786038 0.118157 0.0566143 0.085377
          0.112414 0.0411491 0.100498 0.118157 0.0566143 0.085377 0.114041 0.0560329 0.0959704
          0.124138 0.0251686 0.0970355 0.121413 0.0253689 0.106901 0.120095 0.0393544 0.107021
          0.124138 0.0251686 0.0970355 0.120095 0.0393544 0.107021 0.12245 0.0408338 0.0959481
          0.123091 0.0532669 0.0950664 0.12245 0.0408338 0.0959481 0.120095 0.0393544 0.107021
          0.123091 0.0532669 0.0950664 0.120095 0.0393544 0.107021 0.117159 0.0570258 0.108583
          0.113374 0.0535591 0.117743 0.117159 0.0570258 0.108583 0.120095 0.0393544 0.107021
          0.113374 0.0535591 0.117743 0.120095 0.0393544 0.107021 0.114117 0.0375447 0.117799
          0.113866 0.101826 0.0660332 0.109012 0.115961 0.0656407 0.10986 0.115377 0.0803264
          0.113866 0.101826 0.0660332 0.10986 0.115377 0.0803264 0.111437 0.105254 0.078728
          0.104945 0.129976 0.0944883 0.108956 0.113443 0.0935317 0.10986 0.115377 0.0803264
          0.104945 0.129976 0.0944883 0.10986 0.115377 0.0803264 0.105765 0.128962 0.079371
          0.107843 0.100075 0.0954353 0.111437 0.105254 0.078728 0.10986 0.115377 0.0803264
          0.107843 0.100075 0.0954353 0.10986 0.115377 0.0803264 0.108956 0.113443 0.0935317
          0.113847 0.0706724 0.0971842 0.111445 0.0834383 0.10054 0.109852 0.0849665 0.110737
          0.113847 0.0706724 0.0971842 0.109852 0.0849665 0.110737 0.109044 0.0702817 0.111323
          0.104946 0.0991284 0.125337 0.105783 0.0840089 0.124319 0.109852 0.0849665 0.110737
          0.104946 0.0991284 0.125337 0.109852 0.0849665 0.110737 0.108971 0.0981692 0.108801
          0.107843 0.100075 0.0954353 0.108971 0.0981692 0.108801 0.109852 0.0849665 0.110737
          0.107843 0.100075 0.0954353 0.109852 0.0849665 0.110737 0.111445 0.0834383 0.10054
          0.104946 0.0991284 0.125337 0.108971 0.0981692 0.108801 0.10416 0.114351 0.109711
          0.104946 0.0991284 0.125337 0.10416 0.114351 0.109711 0.102482 0.11985 0.115141
          0.104946 0.0991284 0.125337 0.102482 0.11985 0.115141 0.101767 0.118422 0.128715
          0.104946 0.0991284 0.125337 0.101767 0.118422 0.128715 0.101848 0.102586 0.132651
          0.107843 0.100075 0.0954353 0.108956 0.113443 0.0935317 0.10416 0.114351 0.109711
          0.107843 0.100075 0.0954353 0.10416 0.114351 0.109711 0.108971 0.0981692 0.108801
          0.0983042 -0.134391 0.140586 0.0981777 -0.125282 0.139262 0.0983023 -0.126602 0.148372
          0.0983042 -0.134391 0.140586 0.0983023 -0.126602 0.148372 0.0984033 -0.135831 0.149811
          0.0998641 -0.130523 0.127196 0.0984256 -0.134681 0.127686 0.0983042 -0.134391 0.140586
          0.0998641 -0.130523 0.127196 0.0983042 -0.134391 0.140586 0.099753 -0.127068 0.141048
          0.0998641 -0.130523 0.127196 0.099753 -0.127068 0.141048 0.103703 -0.124288 0.133185
          0.0998641 -0.130523 0.127196 0.103703 -0.124288 0.133185 0.102924 -0.120825 0.125574
          0.0983023 -0.126602 0.148372 0.0984347 -0.113704 0.148659 0.0998343 -0.113219 0.144478
          0.0983023 -0.126602 0.148372 0.0998343 -0.113219 0.144478 0.102899 -0.111591 0.134786
          0.0983023 -0.126602 0.148372 0.102899 -0.111591 0.134786 0.103703 -0.124288 0.133185
          0.0983023 -0.126602 0.148372 0.103703 -0.124288 0.133185 0.099753 -0.127068 0.141048
          0.0981719 0.145241 0.147832 0.097805 0.143746 0.139106 0.0981644 0.152473 0.1406
          0.0981719 0.145241 0.147832 0.0981644 0.152473 0.1406 0.0983065 0.154209 0.149569
          0.0981644 0.152473 0.1406 0.0989963 0.152827 0.127822 0.100195 0.145801 0.128211
          0.0981644 0.152473 0.1406 0.100195 0.145801 0.128211 0.0997303 0.145618 0.140978
          0.0981719 0.145241 0.147832 0.0997303 0.145618 0.140978 0.1002 0.132851 0.141162
          0.0981719 0.145241 0.147832 0.1002 0.132851 0.141162 0.0989956 0.132462 0.148187
          0.108265 0.125643 -0.0830789 0.103719 0.136276 -0.0870479 0.100363 0.141642 -0.101248
          0.108265 0.125643 -0.0830789 0.100363 0.141642 -0.101248 0.104784 0.129361 -0.101859
          0.108746 0.133342 -0.0260091 0.106994 0.14219 -0.0271642 0.106063 0.14245 -0.0400836
          0.108746 0.133342 -0.0260091 0.106063 0.14245 -0.0400836 0.108077 0.133505 -0.0415646
          0.105087 0.150569 -0.0324284 0.104517 0.151597 -0.0376563 0.106063 0.14245 -0.0400836
          0.105087 0.150569 -0.0324284 0.106063 0.14245 -0.0400836 0.106994 0.14219 -0.0271642
          0.111456 0.131724 0.0346182 0.107622 0.137967 0.0337678 0.108239 0.142751 0.0152444
          0.111456 0.131724 0.0346182 0.108239 0.142751 0.0152444 0.112464 0.132519 0.0190845
          0.104639 0.152531 0.00609853 0.105283 0.142944 0.00464496 0.108239 0.142751 0.0152444
          0.104639 0.152531 0.00609853 0.108239 0.142751 0.0152444 0.106274 0.153994 0.014467
          0.106706 0.128686 0.0954755 0.10347 0.143012 0.095718 0.103734 0.144597 0.0810216
          0.106706 0.128686 0.0954755 0.103734 0.144597 0.0810216 0.107825 0.132285 0.0827283
          0.10256 0.152644 0.0703751 0.10673 0.141421 0.0681232 0.103734 0.144597 0.0810216
          0.10256 0.152644 0.0703751 0.103734 0.144597 0.0810216 0.103362 0.150815 0.0789826
          0.107944 -0.0846165 0.120197 0.104759 -0.097219 0.124718 0.100359 -0.096593 0.137005
          0.107944 -0.0846165 0.120197 0.100359 -0.096593 0.137005 0.103719 -0.0824079 0.131636
          0.108769 -0.0213687 0.128699 0.108077 -0.0369246 0.128865 0.106098 -0.0354628 0.137833
          0.108769 -0.0213687 0.128699 0.106098 -0.0354628 0.137833 0.107002 -0.0225295 0.137552
          0.10511 -0.0278136 0.145926 0.107002 -0.0225295 0.137552 0.106098 -0.0354628 0.137833
          0.10511 -0.0278136 0.145926 0.106098 -0.0354628 0.137833 0.104565 -0.0329445 0.146902
          0.111484 0.0392589 0.127083 0.112509 0.0237269 0.127876 0.106704 0.0199482 0.138064
          0.111484 0.0392589 0.127083 0.106704 0.0199482 0.138064 0.107662 0.0384265 0.133329
          0.104641 0.0107416 0.147895 0.106284 0.019106 0.149357 0.106704 0.0199482 0.138064
          0.104641 0.0107416 0.147895 0.106704 0.0199482 0.138064 0.105293 0.00928496 0.138305
          0.106711 0.100176 0.123971 0.107847 0.0873653 0.127643 0.103748 0.0856611 0.139958
          0.106711 0.100176 0.123971 0.103748 0.0856611 0.139958 0.103477 0.100359 0.138372
          0.102571 0.0750175 0.148004 0.103372 0.0836864 0.1461 0.103748 0.0856611 0.139958
          0.102571 0.0750175 0.148004 0.103748 0.0856611 0.139958 0.106754 0.0727925 0.136755
          0.101046 -0.0704453 -0.139365 0.101505 -0.0699301 -0.133514 0.10116 -0.0814968 -0.131033
          0.101046 -0.0704453 -0.139365 0.10116 -0.0814968 -0.131033 0.100642 -0.078304 -0.140413
          0.102237 -0.065509 -0.128727 0.101505 -0.0699301 -0.133514 0.101046 -0.0704453 -0.139365
          0.102237 -0.065509 -0.128727 0.101046 -0.0704453 -0.139365 0.103407 -0.0649976 -0.136855
          0.102593 -0.0564032 -0.138659 0.106779 -0.0541582 -0.127441 0.102237 -0.065509 -0.128727
          0.102593 -0.0564032 -0.138659 0.102237 -0.065509 -0.128727 0.103407 -0.0649976 -0.136855
          0.10741 -0.0207548 -0.115306 0.107701 -0.0367409 -0.115139 0.108535 -0.0370401 -0.123866
          0.10741 -0.0207548 -0.115306 0.108535 -0.0370401 -0.123866 0.107629 -0.0198011 -0.123989
          0.10741 -0.0207548 -0.115306 0.107629 -0.0198011 -0.123989 0.106753 -0.00131343 -0.128725
          0.10741 -0.0207548 -0.115306 0.106753 -0.00131343 -0.128725 0.107703 -0.00532536 -0.115893
          0.104669 0.00788038 -0.138557 0.102551 0.00933671 -0.137733 0.106753 -0.00131343 -0.128725
          0.104669 0.00788038 -0.138557 0.106753 -0.00131343 -0.128725 0.106328 -0.000474801 -0.140018
          0.107743 0.039013 -0.115857 0.106139 0.0242132 -0.116302 0.10741 0.0199007 -0.129179
          0.107743 0.039013 -0.115857 0.10741 0.0199007 -0.129179 0.106995 0.0411447 -0.12821
          0.104669 0.00788038 -0.138557 0.105126 0.0193111 -0.138507 0.10741 0.0199007 -0.129179
          0.104669 0.00788038 -0.138557 0.10741 0.0199007 -0.129179 0.102551 0.00933671 -0.137733
          0.107743 0.039013 -0.115857 0.106995 0.0411447 -0.12821 0.101078 0.0575764 -0.130531
          0.107743 0.039013 -0.115857 0.101078 0.0575764 -0.130531 0.101603 0.0599657 -0.122499
          0.107743 0.039013 -0.115857 0.101603 0.0599657 -0.122499 0.105887 0.0559831 -0.117648
          0.106035 0.054048 -0.128452 0.101078 0.0575764 -0.130531 0.102068 0.0551651 -0.13696
          0.106035 0.054048 -0.128452 0.102068 0.0551651 -0.13696 0.104493 0.051659 -0.137637
          0.105073 0.0464604 -0.136551 0.104493 0.051659 -0.137637 0.102068 0.0551651 -0.13696
          0.105073 0.0464604 -0.136551 0.102068 0.0551651 -0.13696 0.101078 0.0575764 -0.130531
          0.105073 0.0464604 -0.136551 0.101078 0.0575764 -0.130531 0.106995 0.0411447 -0.12821
          0.0998481 0.131838 -0.135149 0.0984298 0.132326 -0.13932 0.0986878 0.122478 -0.140668
          0.0998481 0.131838 -0.135149 0.0986878 0.122478 -0.140668 0.0996436 0.119624 -0.128547
          0.105056 -0.111398 -0.0851787 0.105811 -0.110355 -0.0700364 0.102152 -0.124071 -0.0701193
          0.105056 -0.111398 -0.0851787 0.102152 -0.124071 -0.0701193 0.101255 -0.130159 -0.0755774
          0.105056 -0.111398 -0.0851787 0.101255 -0.130159 -0.0755774 0.101121 -0.126401 -0.0861094
          0.105056 -0.111398 -0.0851787 0.101121 -0.126401 -0.0861094 0.10184 -0.118633 -0.0886577
          0.101121 -0.126401 -0.0861094 0.101255 -0.130159 -0.0755774 0.100997 -0.134713 -0.0750828
          0.101121 -0.126401 -0.0861094 0.100997 -0.134713 -0.0750828 0.100605 -0.135767 -0.0829358
          0.102152 -0.124071 -0.0701193 0.103358 -0.132093 -0.0697266 0.100997 -0.134713 -0.0750828
          0.102152 -0.124071 -0.0701193 0.100997 -0.134713 -0.0750828 0.101255 -0.130159 -0.0755774
          0.102565 -0.134042 -0.0610309 0.103358 -0.132093 -0.0697266 0.102152 -0.124071 -0.0701193
          0.102565 -0.134042 -0.0610309 0.102152 -0.124071 -0.0701193 0.106782 -0.122727 -0.0588212
          0.0986894 0.154645 -0.1085 0.0984311 0.1533 -0.118345 0.09985 0.149131 -0.117857
          0.0986894 0.154645 -0.1085 0.09985 0.149131 -0.117857 0.0996478 0.142522 -0.105645
          0.107728 -0.110659 -0.0253819 0.107862 -0.119362 -0.0245375 0.108574 -0.119219 -0.0416691
          0.107728 -0.110659 -0.0253819 0.108574 -0.119219 -0.0416691 0.107905 -0.110525 -0.0413831
          0.107728 -0.110659 -0.0253819 0.10812 -0.111255 -0.009962 0.106874 -0.12407 -0.00591684
          0.107728 -0.110659 -0.0253819 0.106874 -0.12407 -0.00591684 0.107862 -0.119362 -0.0245375
          0.104652 -0.133847 0.00325839 0.106247 -0.135337 -0.005134 0.106874 -0.12407 -0.00591684
          0.104652 -0.133847 0.00325839 0.106874 -0.12407 -0.00591684 0.10253 -0.133126 0.00469675
          0.102066 0.150943 -0.0411844 0.101085 0.144506 -0.0435986 0.106063 0.14245 -0.0400836
          0.102066 0.150943 -0.0411844 0.106063 0.14245 -0.0400836 0.104517 0.151597 -0.0376563
          0.107743 0.129837 -0.025033 0.106994 0.14219 -0.0271642 0.107353 0.143283 -0.00581216
          0.107743 0.129837 -0.025033 0.107353 0.143283 -0.00581216 0.106182 0.130281 -0.0102341
          0.104639 0.152531 0.00609853 0.102552 0.151712 0.00464329 0.107353 0.143283 -0.00581216
          0.104639 0.152531 0.00609853 0.107353 0.143283 -0.00581216 0.105137 0.152481 -0.00532606
          0.107472 -0.11125 0.0343821 0.1065 -0.123557 0.0363295 0.107386 -0.124528 0.0152472
          0.107472 -0.11125 0.0343821 0.107386 -0.124528 0.0152472 0.105997 -0.111668 0.0195723
          0.104652 -0.133847 0.00325839 0.10253 -0.133126 0.00469675 0.107386 -0.124528 0.0152472
          0.104652 -0.133847 0.00325839 0.107386 -0.124528 0.0152472 0.105177 -0.133781 0.0146781
          0.104763 -0.125569 0.0516629 0.103718 -0.132828 0.0470258 0.101814 -0.132697 0.0504466
          0.104763 -0.125569 0.0516629 0.101814 -0.132697 0.0504466 0.101096 -0.125878 0.052942
          0.107388 0.129289 0.0347349 0.107622 0.137967 0.0337678 0.108458 0.137844 0.0510384
          0.107388 0.129289 0.0347349 0.108458 0.137844 0.0510384 0.107645 0.129127 0.0507194
          0.0998641 -0.130523 0.127196 0.0996365 -0.123914 0.114984 0.0986828 -0.13603 0.117836
          0.0998641 -0.130523 0.127196 0.0986828 -0.13603 0.117836 0.0984256 -0.134681 0.127686
          0.102189 0.142698 0.0794722 0.101463 0.147485 0.083905 0.101129 0.145019 0.0954535
          0.102189 0.142698 0.0794722 0.101129 0.145019 0.0954535 0.101842 0.137368 0.0978881
          0.102189 0.142698 0.0794722 0.101842 0.137368 0.0978881 0.104945 0.129976 0.0944883
          0.102189 0.142698 0.0794722 0.104945 0.129976 0.0944883 0.105765 0.128962 0.079371
          0.101129 0.145019 0.0954535 0.101463 0.147485 0.083905 0.101012 0.15334 0.0844215
          0.101129 0.145019 0.0954535 0.101012 0.15334 0.0844215 0.100611 0.154393 0.0922735
          0.101012 0.15334 0.0844215 0.101463 0.147485 0.083905 0.102189 0.142698 0.0794722
          0.101012 0.15334 0.0844215 0.102189 0.142698 0.0794722 0.103362 0.150815 0.0789826
          0.0998343 -0.113219 0.144478 0.0984347 -0.113704 0.148659 0.0986953 -0.103863 0.15
          0.0998343 -0.113219 0.144478 0.0986953 -0.103863 0.15 0.0996388 -0.101004 0.137892
          0.102094 -0.0365531 0.146262 0.104565 -0.0329445 0.146902 0.106098 -0.0354628 0.137833
          0.102094 -0.0365531 0.146262 0.106098 -0.0354628 0.137833 0.101093 -0.0389614 0.13986
          0.107731 -0.0203934 0.125198 0.106188 -0.00559421 0.125641 0.107347 -0.0011608 0.138656
          0.107731 -0.0203934 0.125198 0.107347 -0.0011608 0.138656 0.107002 -0.0225295 0.137552
          0.104641 0.0107416 0.147895 0.10512 -0.000687673 0.147843 0.107347 -0.0011608 0.138656
          0.104641 0.0107416 0.147895 0.107347 -0.0011608 0.138656 0.102559 0.0092833 0.147064
          0.107437 0.0393746 0.124643 0.107678 0.0553603 0.124482 0.108473 0.0556752 0.133205
          0.107437 0.0393746 0.124643 0.108473 0.0556752 0.133205 0.107662 0.0384265 0.133329
          0.101019 0.0890627 0.148701 0.10147 0.0885468 0.142847 0.101132 0.100095 0.140378
          0.101019 0.0890627 0.148701 0.101132 0.100095 0.140378 0.100627 0.0969164 0.149753
          0.101019 0.0890627 0.148701 0.103372 0.0836864 0.1461 0.102198 0.0841155 0.13806
          0.101019 0.0890627 0.148701 0.102198 0.0841155 0.13806 0.10147 0.0885468 0.142847
          0.106689 -0.0519061 -0.115623 0.107701 -0.0367409 -0.115139 0.10908 -0.0364422 -0.102236
          0.106689 -0.0519061 -0.115623 0.10908 -0.0364422 -0.102236 0.109099 -0.0516617 -0.101985
          0.10663 0.00948199 -0.116989 0.106139 0.0242132 -0.116302 0.108633 0.0230836 -0.104532
          0.10663 0.00948199 -0.116989 0.108633 0.0230836 -0.104532 0.11 0.00780705 -0.105275
          0.106683 -0.111023 -0.0565523 0.109116 -0.0975056 -0.0562915 0.109119 -0.0980978 -0.0411082
          0.106683 -0.111023 -0.0565523 0.109119 -0.0980978 -0.0411082 0.107905 -0.110525 -0.0413831
          0.128968 -0.0533364 -0.0438148 0.132926 -0.0388524 -0.0434929 0.128401 -0.0392761 -0.0580527
          0.128968 -0.0533364 -0.0438148 0.128401 -0.0392761 -0.0580527 0.127207 -0.052364 -0.0569719
          0.10696 -0.112289 0.00463827 0.110295 -0.101028 0.00295885 0.108728 -0.100158 0.0183023
          0.10696 -0.112289 0.00463827 0.108728 -0.100158 0.0183023 0.105997 -0.111668 0.0195723
          0.106666 0.130942 0.00457671 0.104574 0.141734 0.0046457 0.108239 0.142751 0.0152444
          0.106666 0.130942 0.00457671 0.108239 0.142751 0.0152444 0.107695 0.129874 0.0193054
          0.109112 -0.0952936 0.0650304 0.107455 -0.0946503 0.0809128 0.100971 -0.116868 0.0809781
          0.109112 -0.0952936 0.0650304 0.100971 -0.116868 0.0809781 0.102396 -0.118416 0.0665081
          0.125686 0.0703332 0.0809244 0.121669 0.0847875 0.0801496 0.125662 0.0855634 0.0656922
          0.125686 0.0703332 0.0809244 0.125662 0.0855634 0.0656922 0.127534 0.0709548 0.0663148
          0.106619 0.12961 0.0658837 0.10673 0.141421 0.0681232 0.102189 0.142698 0.0794722
          0.106619 0.12961 0.0658837 0.102189 0.142698 0.0794722 0.105765 0.128962 0.079371
          0.106625 0.0705239 0.124969 0.105783 0.0840089 0.124319 0.102198 0.0841155 0.13806
          0.106625 0.0705239 0.124969 0.102198 0.0841155 0.13806 0.106754 0.0727925 0.136755
          0.0993445 -0.124899 -0.118467 0.097797 -0.125127 -0.129767 0.0993684 -0.113829 -0.129536
          0.0993445 -0.124899 -0.118467 0.0993684 -0.113829 -0.129536 0.0997577 -0.113247 -0.117887
          0.0985496 0.13222 -0.13005 0.0981739 0.143902 -0.129922 0.0985509 0.14403 -0.11824
          0.0985496 0.13222 -0.13005 0.0985509 0.14403 -0.11824 0.0994908 0.132324 -0.118344
          0.0997572 0.145689 -0.131709 0.1037 0.137897 -0.128917 0.102898 0.139425 -0.116231
          0.0997572 0.145689 -0.131709 0.102898 0.139425 -0.116231 0.09985 0.149131 -0.117857
          0.0997572 0.145689 -0.131709 0.09985 0.149131 -0.117857 0.0984311 0.1533 -0.118345
          0.0997572 0.145689 -0.131709 0.0984311 0.1533 -0.118345 0.0982941 0.153009 -0.131245
          0.101817 -0.0998229 -0.119395 0.102337 -0.101214 -0.105693 0.101805 -0.114752 -0.10446
          0.101817 -0.0998229 -0.119395 0.101805 -0.114752 -0.10446 0.0997577 -0.113247 -0.117887
          0.107627 -0.0534193 -0.118332 0.107908 -0.068737 -0.118299 0.113529 -0.0665706 -0.101643
          0.107627 -0.0534193 -0.118332 0.113529 -0.0665706 -0.101643 0.11664 -0.060961 -0.0962014
          0.107627 -0.0534193 -0.118332 0.11664 -0.060961 -0.0962014 0.116441 -0.0486802 -0.0985919
          0.125308 -0.0517151 -0.0715595 0.121722 -0.0660937 -0.0707006 0.125759 -0.0669466 -0.0563056
          0.125308 -0.0517151 -0.0715595 0.125759 -0.0669466 -0.0563056 0.127207 -0.052364 -0.0569719
          0.11185 0.0093389 -0.119042 0.112431 -0.00510268 -0.118542 0.121409 -0.00648451 -0.0977874
          0.11185 0.0093389 -0.119042 0.121409 -0.00648451 -0.0977874 0.120791 0.0105318 -0.0994349
          0.128401 -0.0392761 -0.0580527 0.126448 -0.0376921 -0.0723036 0.125308 -0.0517151 -0.0715595
          0.128401 -0.0392761 -0.0580527 0.125308 -0.0517151 -0.0715595 0.127207 -0.052364 -0.0569719
          0.109304 0.0700961 -0.1162 0.108069 0.0555448 -0.119526 0.118077 0.0540333 -0.0970047
          0.109304 0.0700961 -0.1162 0.118077 0.0540333 -0.0970047 0.11753 0.0692879 -0.0962485
          0.109304 0.0700961 -0.1162 0.11753 0.0692879 -0.0962485 0.110103 0.0719071 -0.107447
          0.106281 0.129824 -0.115844 0.104782 0.115839 -0.11538 0.107592 0.116139 -0.100271
          0.106281 0.129824 -0.115844 0.107592 0.116139 -0.100271 0.104784 0.129361 -0.101859
          0.108537 0.132334 -0.0569889 0.108716 0.127613 -0.0732022 0.113707 0.114888 -0.0717521
          0.108537 0.132334 -0.0569889 0.113707 0.114888 -0.0717521 0.1185 0.106561 -0.0711262
          0.108537 0.132334 -0.0569889 0.1185 0.106561 -0.0711262 0.117735 0.108607 -0.0551234
          0.130211 0.0872666 -0.0574967 0.119783 0.084538 -0.0705544 0.130266 0.0714925 -0.0733014
          0.130211 0.0872666 -0.0574967 0.130266 0.0714925 -0.0733014 0.128663 0.070779 -0.0647931
          0.125759 -0.0669466 -0.0563056 0.127362 -0.0676445 -0.0423524 0.128968 -0.0533364 -0.0438148
          0.125759 -0.0669466 -0.0563056 0.128968 -0.0533364 -0.0438148 0.127207 -0.052364 -0.0569719
          0.108537 0.132334 -0.0569889 0.117735 0.108607 -0.0551234 0.11813 0.111083 -0.0399334
          0.108537 0.132334 -0.0569889 0.11813 0.111083 -0.0399334 0.108077 0.133505 -0.0415646
          0.111932 0.133013 0.00464106 0.11086 0.133093 -0.0100457 0.118505 0.113236 -0.0123305
          0.111932 0.133013 0.00464106 0.118505 0.113236 -0.0123305 0.120939 0.113445 0.00348559
          0.108623 -0.111383 0.0655053 0.109686 -0.102751 0.0674062 0.117132 -0.0915072 0.0647409
          0.108623 -0.111383 0.0655053 0.117132 -0.0915072 0.0647409 0.117727 -0.0922718 0.0492432
          0.108623 -0.111383 0.0655053 0.117727 -0.0922718 0.0492432 0.107285 -0.114962 0.0509095
          0.128608 0.0720066 0.0532038 0.132803 0.0574436 0.0528036 0.128604 0.0578448 0.0673672
          0.128608 0.0720066 0.0532038 0.128604 0.0578448 0.0673672 0.127534 0.0709548 0.0663148
          0.125662 0.0855634 0.0656922 0.126641 0.0862742 0.0516525 0.128608 0.0720066 0.0532038
          0.125662 0.0855634 0.0656922 0.128608 0.0720066 0.0532038 0.127534 0.0709548 0.0663148
          0.106274 -0.111303 0.12518 0.104759 -0.097219 0.124718 0.107927 -0.0997171 0.113295
          0.106274 -0.111303 0.12518 0.107927 -0.0997171 0.113295 0.10478 -0.11074 0.111199
          0.109377 -0.0513447 0.125443 0.110171 -0.0532623 0.11681 0.113691 -0.0670158 0.110152
          0.109377 -0.0513447 0.125443 0.113691 -0.0670158 0.110152 0.108705 -0.0685838 0.122951
          0.129527 -0.0684626 0.0666394 0.119771 -0.0658342 0.0797821 0.130149 -0.0528389 0.0826106
          0.129527 -0.0684626 0.0666394 0.130149 -0.0528389 0.0826106 0.130533 -0.0486599 0.0626399
          0.129527 -0.0684626 0.0666394 0.130533 -0.0486599 0.0626399 0.135068 -0.0618396 0.0606397
          0.109377 -0.0513447 0.125443 0.108077 -0.0369246 0.128865 0.118051 -0.0353344 0.106388
          0.109377 -0.0513447 0.125443 0.118051 -0.0353344 0.106388 0.11756 -0.0505625 0.105505
          0.109377 -0.0513447 0.125443 0.11756 -0.0505625 0.105505 0.110171 -0.0532623 0.11681
          0.111977 0.00928105 0.128368 0.120871 0.00819562 0.10874 0.118444 -0.0076861 0.1086
          0.111977 0.00928105 0.128368 0.118444 -0.0076861 0.1086 0.110902 -0.00540712 0.128449
          0.128604 0.0578448 0.0673672 0.126634 0.0562932 0.0816347 0.125686 0.0703332 0.0809244
          0.128604 0.0578448 0.0673672 0.125686 0.0703332 0.0809244 0.127534 0.0709548 0.0663148
          0.107593 0.0720432 0.127674 0.107847 0.0873653 0.127643 0.113312 0.0855421 0.111274
          0.107593 0.0720432 0.127674 0.113312 0.0855421 0.111274 0.116575 0.0796387 0.105435
          0.107593 0.0720432 0.127674 0.116575 0.0796387 0.105435 0.116447 0.0672686 0.107938
          0.102608 0.128651 0.124011 0.104692 0.129975 0.110755 0.106125 0.11576 0.111121
          0.102608 0.128651 0.124011 0.106125 0.11576 0.111121 0.104708 0.115396 0.125336
          0.101762 0.133353 0.113779 0.102482 0.11985 0.115141 0.10416 0.114351 0.109711
          0.101762 0.133353 0.113779 0.10416 0.114351 0.109711 0.108956 0.113443 0.0935317
          0.101762 0.133353 0.113779 0.108956 0.113443 0.0935317 0.104945 0.129976 0.0944883
          0.101762 0.133353 0.113779 0.104945 0.129976 0.0944883 0.101842 0.137368 0.0978881
          0.101767 0.118422 0.128715 0.102482 0.11985 0.115141 0.101762 0.133353 0.113779
          0.101767 0.118422 0.128715 0.101762 0.133353 0.113779 0.099594 0.131858 0.127218
          0.0985516 -0.1136 0.13939 0.0981777 -0.125282 0.139262 0.0985463 -0.12541 0.12758
          0.0985516 -0.1136 0.13939 0.0985463 -0.12541 0.12758 0.0994855 -0.113701 0.127681
          0.0993393 0.143519 0.127807 0.097805 0.143746 0.139106 0.099339 0.132447 0.138879
          0.0993393 0.143519 0.127807 0.099339 0.132447 0.138879 0.099594 0.131858 0.127218
          0.102547 -0.110004 -0.114644 0.104782 -0.0967801 -0.116002 0.102793 -0.0964536 -0.124719
          0.102547 -0.110004 -0.114644 0.102793 -0.0964536 -0.124719 0.101941 -0.108565 -0.126741
          0.100224 -0.114234 -0.13183 0.101941 -0.108565 -0.126741 0.102793 -0.0964536 -0.124719
          0.100224 -0.114234 -0.13183 0.102793 -0.0964536 -0.124719 0.0999432 -0.0999821 -0.132927
          0.100224 -0.114234 -0.13183 0.0999432 -0.0999821 -0.132927 0.0994525 -0.104368 -0.140194
          0.100224 -0.114234 -0.13183 0.0994525 -0.104368 -0.140194 0.0990122 -0.113846 -0.138854
          0.0993684 -0.113829 -0.129536 0.0999432 -0.0999821 -0.132927 0.101817 -0.0998229 -0.119395
          0.0993684 -0.113829 -0.129536 0.101817 -0.0998229 -0.119395 0.0997577 -0.113247 -0.117887
          0.107627 -0.0534193 -0.118332 0.106779 -0.0541582 -0.127441 0.103784 -0.0670512 -0.130619
          0.107627 -0.0534193 -0.118332 0.103784 -0.0670512 -0.130619 0.107908 -0.068737 -0.118299
          0.107627 -0.0534193 -0.118332 0.108698 -0.0368875 -0.117681 0.108535 -0.0370401 -0.123866
          0.107627 -0.0534193 -0.118332 0.108535 -0.0370401 -0.123866 0.106779 -0.0541582 -0.127441
          0.11185 0.0093389 -0.119042 0.105266 0.00933503 -0.128961 0.106753 -0.00131343 -0.128725
          0.11185 0.0093389 -0.119042 0.106753 -0.00131343 -0.128725 0.112431 -0.00510268 -0.118542
          0.101858 0.00935536 -0.132009 0.101804 0.00139181 -0.132648 0.106753 -0.00131343 -0.128725
          0.101858 0.00935536 -0.132009 0.106753 -0.00131343 -0.128725 0.102551 0.00933671 -0.137733
          0.11185 0.0093389 -0.119042 0.110765 0.0240225 -0.119122 0.10741 0.0199007 -0.129179
          0.11185 0.0093389 -0.119042 0.10741 0.0199007 -0.129179 0.105266 0.00933503 -0.128961
          0.10741 0.0199007 -0.129179 0.101638 0.0182808 -0.132456 0.101858 0.00935536 -0.132009
          0.10741 0.0199007 -0.129179 0.101858 0.00935536 -0.132009 0.102551 0.00933671 -0.137733
          0.109304 0.0700961 -0.1162 0.104233 0.0710685 -0.127567 0.106035 0.054048 -0.128452
          0.109304 0.0700961 -0.1162 0.106035 0.054048 -0.128452 0.108069 0.0555448 -0.119526
          0.101674 0.0707391 -0.126728 0.101078 0.0575764 -0.130531 0.106035 0.054048 -0.128452
          0.101674 0.0707391 -0.126728 0.106035 0.054048 -0.128452 0.104233 0.0710685 -0.127567
          0.109304 0.0700961 -0.1162 0.1087 0.087217 -0.113597 0.105369 0.0856067 -0.123884
          0.109304 0.0700961 -0.1162 0.105369 0.0856067 -0.123884 0.104233 0.0710685 -0.127567
          0.101674 0.0707391 -0.126728 0.100533 0.0855746 -0.125925 0.101079 0.0856195 -0.121583
          0.101674 0.0707391 -0.126728 0.101079 0.0856195 -0.121583 0.10233 0.071143 -0.123006
          0.105369 0.0856067 -0.123884 0.100533 0.0855746 -0.125925 0.101674 0.0707391 -0.126728
          0.105369 0.0856067 -0.123884 0.101674 0.0707391 -0.126728 0.104233 0.0710685 -0.127567
          0.100124 0.116443 -0.122241 0.0996436 0.119624 -0.128547 0.0985496 0.13222 -0.13005
          0.100124 0.116443 -0.122241 0.0985496 0.13222 -0.13005 0.0994908 0.132324 -0.118344
          0.102547 -0.110004 -0.114644 0.101997 -0.122072 -0.113294 0.101857 -0.119294 -0.100944
          0.102547 -0.110004 -0.114644 0.101857 -0.119294 -0.100944 0.104848 -0.111367 -0.101424
          0.101857 -0.119294 -0.100944 0.101997 -0.122072 -0.113294 0.100215 -0.127187 -0.118873
          0.101857 -0.119294 -0.100944 0.100215 -0.127187 -0.118873 0.0989907 -0.134212 -0.118482
          0.101857 -0.119294 -0.100944 0.0989907 -0.134212 -0.118482 0.0994289 -0.13555 -0.109001
          0.101857 -0.119294 -0.100944 0.0994289 -0.13555 -0.109001 0.0999001 -0.128143 -0.104694
          0.101805 -0.114752 -0.10446 0.0999001 -0.128143 -0.104694 0.0993445 -0.124899 -0.118467
          0.101805 -0.114752 -0.10446 0.0993445 -0.124899 -0.118467 0.0997577 -0.113247 -0.117887
          0.107665 -0.113706 -0.0580389 0.107946 -0.113675 -0.0733721 0.103748 -0.125968 -0.0716976
          0.107665 -0.113706 -0.0580389 0.103748 -0.125968 -0.0716976 0.106782 -0.122727 -0.0588212
          0.108124 -0.0814658 -0.0861401 0.10917 -0.0948129 -0.0841948 0.10409 -0.0957175 -0.100359
          0.108124 -0.0814658 -0.0861401 0.10409 -0.0957175 -0.100359 0.109155 -0.0795133 -0.0994305
          0.10741 -0.0207548 -0.115306 0.111916 -0.0211917 -0.103027 0.10908 -0.0364422 -0.102236
          0.10741 -0.0207548 -0.115306 0.10908 -0.0364422 -0.102236 0.107701 -0.0367409 -0.115139
          0.12313 -0.0346284 -0.0857305 0.117249 -0.0383623 -0.0992237 0.116441 -0.0486802 -0.0985919
          0.12313 -0.0346284 -0.0857305 0.116441 -0.0486802 -0.0985919 0.121803 -0.0508748 -0.0855858
          0.113992 -0.0520501 -0.0878707 0.109099 -0.0516617 -0.101985 0.10908 -0.0364422 -0.102236
          0.113992 -0.0520501 -0.0878707 0.10908 -0.0364422 -0.102236 0.114092 -0.0374276 -0.0866452
          0.112514 -0.022461 -0.0911288 0.114092 -0.0374276 -0.0866452 0.10908 -0.0364422 -0.102236
          0.112514 -0.022461 -0.0911288 0.10908 -0.0364422 -0.102236 0.111916 -0.0211917 -0.103027
          0.112514 -0.022461 -0.0911288 0.117269 -0.0171851 -0.0829916 0.122068 -0.020582 -0.0705056
          0.112514 -0.022461 -0.0911288 0.122068 -0.020582 -0.0705056 0.123021 -0.0372277 -0.0692583
          0.112514 -0.022461 -0.0911288 0.123021 -0.0372277 -0.0692583 0.118363 -0.0379506 -0.0759976
          0.112514 -0.022461 -0.0911288 0.118363 -0.0379506 -0.0759976 0.114092 -0.0374276 -0.0866452
          0.107743 0.039013 -0.115857 0.109155 0.039394 -0.102451 0.108633 0.0230836 -0.104532
          0.107743 0.039013 -0.115857 0.108633 0.0230836 -0.104532 0.106139 0.0242132 -0.116302
          0.125605 0.0225671 -0.0853508 0.118365 0.0263372 -0.0992436 0.120791 0.0105318 -0.0994349
          0.125605 0.0225671 -0.0853508 0.120791 0.0105318 -0.0994349 0.126707 0.00897838 -0.0870194
          0.113726 0.00929783 -0.0935911 0.11 0.00780705 -0.105275 0.108633 0.0230836 -0.104532
          0.113726 0.00929783 -0.0935911 0.108633 0.0230836 -0.104532 0.111782 0.0267256 -0.0919955
          0.113726 0.00929783 -0.0935911 0.111782 0.0267256 -0.0919955 0.125854 0.0244821 -0.0683732
          0.113726 0.00929783 -0.0935911 0.125854 0.0244821 -0.0683732 0.123243 0.010209 -0.0720718
          0.114019 0.0379083 -0.0892091 0.111782 0.0267256 -0.0919955 0.108633 0.0230836 -0.104532
          0.114019 0.0379083 -0.0892091 0.108633 0.0230836 -0.104532 0.109155 0.039394 -0.102451
          0.114019 0.0379083 -0.0892091 0.122245 0.0386681 -0.0681968 0.125854 0.0244821 -0.0683732
          0.114019 0.0379083 -0.0892091 0.125854 0.0244821 -0.0683732 0.111782 0.0267256 -0.0919955
          0.121126 0.0817902 -0.0867889 0.115484 0.0887461 -0.0889902 0.11368 0.0857477 -0.100908
          0.121126 0.0817902 -0.0867889 0.11368 0.0857477 -0.100908 0.11849 0.0851458 -0.0925473
          0.110946 0.0703747 -0.0887122 0.109405 0.0696596 -0.0999126 0.107693 0.0855583 -0.0992584
          0.110946 0.0703747 -0.0887122 0.107693 0.0855583 -0.0992584 0.110499 0.086747 -0.0886162
          0.107072 0.101708 -0.0877052 0.110499 0.086747 -0.0886162 0.107693 0.0855583 -0.0992584
          0.107072 0.101708 -0.0877052 0.107693 0.0855583 -0.0992584 0.105484 0.099554 -0.101973
          0.0985509 0.14403 -0.11824 0.0996478 0.142522 -0.105645 0.100135 0.13623 -0.102464
          0.0985509 0.14403 -0.11824 0.100135 0.13623 -0.102464 0.0994908 0.132324 -0.118344
          0.108537 0.132334 -0.0569889 0.10426 0.141548 -0.0570864 0.105378 0.137878 -0.0716268
          0.108537 0.132334 -0.0569889 0.105378 0.137878 -0.0716268 0.108716 0.127613 -0.0732022
          0.101688 0.140698 -0.0567588 0.102345 0.136997 -0.0571641 0.101098 0.135576 -0.0716398
          0.101688 0.140698 -0.0567588 0.101098 0.135576 -0.0716398 0.100555 0.139884 -0.0715944
          0.101688 0.140698 -0.0567588 0.100555 0.139884 -0.0715944 0.105378 0.137878 -0.0716268
          0.101688 0.140698 -0.0567588 0.105378 0.137878 -0.0716268 0.10426 0.141548 -0.0570864
          0.107665 -0.113706 -0.0580389 0.106782 -0.122727 -0.0588212 0.108574 -0.119219 -0.0416691
          0.107665 -0.113706 -0.0580389 0.108574 -0.119219 -0.0416691 0.108831 -0.113026 -0.0414906
          0.112412 -0.112061 0.00467945 0.112902 -0.11399 -0.0102364 0.106874 -0.12407 -0.00591684
          0.112412 -0.112061 0.00467945 0.106874 -0.12407 -0.00591684 0.105778 -0.124418 0.00469291
          0.106874 -0.12407 -0.00591684 0.101879 -0.128019 -0.0034822 0.101774 -0.127336 0.00471768
          0.106874 -0.12407 -0.00591684 0.101774 -0.127336 0.00471768 0.10253 -0.133126 0.00469675
          0.123944 -0.081175 -0.0393326 0.122108 -0.0808328 -0.0554268 0.116763 -0.0938979 -0.0531697
          0.123944 -0.081175 -0.0393326 0.116763 -0.0938979 -0.0531697 0.117546 -0.0946357 -0.0430341
          0.11421 -0.084004 -0.0578887 0.11302 -0.0845138 -0.0418977 0.109119 -0.0980978 -0.0411082
          0.11421 -0.084004 -0.0578887 0.109119 -0.0980978 -0.0411082 0.109116 -0.0975056 -0.0562915
          0.11302 -0.0845138 -0.0418977 0.11421 -0.084004 -0.0578887 0.11651 -0.0744291 -0.0578448
          0.11302 -0.0845138 -0.0418977 0.11651 -0.0744291 -0.0578448 0.11963 -0.0687204 -0.0518853
          0.11302 -0.0845138 -0.0418977 0.11963 -0.0687204 -0.0518853 0.122473 -0.0629488 -0.0397649
          0.107728 -0.110659 -0.0253819 0.107905 -0.110525 -0.0413831 0.109119 -0.0980978 -0.0411082
          0.107728 -0.110659 -0.0253819 0.109119 -0.0980978 -0.0411082 0.111978 -0.0986995 -0.0257949
          0.112321 -0.0862182 -0.0268804 0.111978 -0.0986995 -0.0257949 0.109119 -0.0980978 -0.0411082
          0.112321 -0.0862182 -0.0268804 0.109119 -0.0980978 -0.0411082 0.11302 -0.0845138 -0.0418977
          0.125233 -0.0239904 -0.0356861 0.117116 -0.017549 -0.022192 0.128219 -0.0405644 -0.0255202
          0.125233 -0.0239904 -0.0356861 0.128219 -0.0405644 -0.0255202 0.12668 -0.0370525 -0.0417008
          0.132325 -0.0418038 -0.0325389 0.132926 -0.0388524 -0.0434929 0.128968 -0.0533364 -0.0438148
          0.132325 -0.0418038 -0.0325389 0.128968 -0.0533364 -0.0438148 0.131587 -0.0532614 -0.0304712
          0.139451 0.00938137 -0.0554392 0.141637 0.009321 -0.0338311 0.138718 0.0245969 -0.0409355
          0.139451 0.00938137 -0.0554392 0.138718 0.0245969 -0.0409355 0.137609 0.0245263 -0.0553554
          0.137903 0.0357145 -0.0520082 0.137609 0.0245263 -0.0553554 0.138718 0.0245969 -0.0409355
          0.137903 0.0357145 -0.0520082 0.138718 0.0245969 -0.0409355 0.145538 0.0418865 -0.0404073
          0.135189 0.0646457 -0.0564588 0.135576 0.0809291 -0.0517259 0.130211 0.0872666 -0.0574967
          0.135189 0.0646457 -0.0564588 0.130211 0.0872666 -0.0574967 0.128663 0.070779 -0.0647931
          0.135189 0.0646457 -0.0564588 0.138043 0.0692515 -0.0407434 0.131083 0.076706 -0.0401821
          0.135189 0.0646457 -0.0564588 0.131083 0.076706 -0.0401821 0.135576 0.0809291 -0.0517259
          0.106063 0.14245 -0.0400836 0.101085 0.144506 -0.0435986 0.101688 0.140698 -0.0567588
          0.106063 0.14245 -0.0400836 0.101688 0.140698 -0.0567588 0.10426 0.141548 -0.0570864
          0.111932 0.133013 0.00464106 0.105283 0.142944 0.00464496 0.107353 0.143283 -0.00581216
          0.111932 0.133013 0.00464106 0.107353 0.143283 -0.00581216 0.11086 0.133093 -0.0100457
          0.101864 0.14599 0.00462436 0.101646 0.146436 -0.00430122 0.107353 0.143283 -0.00581216
          0.101864 0.14599 0.00462436 0.107353 0.143283 -0.00581216 0.102552 0.151712 0.00464329
          0.112412 -0.112061 0.00467945 0.105778 -0.124418 0.00469291 0.107386 -0.124528 0.0152472
          0.112412 -0.112061 0.00467945 0.107386 -0.124528 0.0152472 0.110888 -0.114692 0.019791
          0.101774 -0.127336 0.00471768 0.101512 -0.127758 0.0136483 0.107386 -0.124528 0.0152472
          0.101774 -0.127336 0.00471768 0.107386 -0.124528 0.0152472 0.10253 -0.133126 0.00469675
          0.108623 -0.111383 0.0655053 0.107285 -0.114962 0.0509095 0.104763 -0.125569 0.0516629
          0.108623 -0.111383 0.0655053 0.104763 -0.125569 0.0516629 0.102591 -0.122743 0.0666534
          0.105523 -0.112843 0.0511814 0.10152 -0.117893 0.0553884 0.101096 -0.125878 0.052942
          0.105523 -0.112843 0.0511814 0.101096 -0.125878 0.052942 0.1065 -0.123557 0.0363295
          0.105523 -0.112843 0.0511814 0.1065 -0.123557 0.0363295 0.107472 -0.11125 0.0343821
          0.104763 -0.125569 0.0516629 0.101096 -0.125878 0.052942 0.10217 -0.121726 0.066087
          0.104763 -0.125569 0.0516629 0.10217 -0.121726 0.066087 0.102591 -0.122743 0.0666534
          0.126969 -0.0819331 0.018877 0.129167 -0.0834393 0.00504555 0.12075 -0.0976081 0.0041146
          0.126969 -0.0819331 0.018877 0.12075 -0.0976081 0.0041146 0.118951 -0.0952332 0.0218233
          0.114823 -0.0873228 0.00573514 0.111895 -0.0873665 0.0221219 0.108728 -0.100158 0.0183023
          0.114823 -0.0873228 0.00573514 0.108728 -0.100158 0.0183023 0.110295 -0.101028 0.00295885
          0.114823 -0.0873228 0.00573514 0.11886 -0.0792143 0.00191242 0.12419 -0.0676243 0.00535559
          0.114823 -0.0873228 0.00573514 0.12419 -0.0676243 0.00535559 0.12621 -0.0636846 0.0198446
          0.114823 -0.0873228 0.00573514 0.12621 -0.0636846 0.0198446 0.111895 -0.0873665 0.0221219
          0.107472 -0.11125 0.0343821 0.105997 -0.111668 0.0195723 0.108728 -0.100158 0.0183023
          0.107472 -0.11125 0.0343821 0.108728 -0.100158 0.0183023 0.109115 -0.0978078 0.0347551
          0.113972 -0.0845911 0.0334032 0.109115 -0.0978078 0.0347551 0.108728 -0.100158 0.0183023
          0.113972 -0.0845911 0.0334032 0.108728 -0.100158 0.0183023 0.111895 -0.0873665 0.0221219
          0.144866 -0.0211839 0.0351628 0.141747 -0.0215073 0.0200348 0.138236 -0.0363358 0.0198993
          0.144866 -0.0211839 0.0351628 0.138236 -0.0363358 0.0198993 0.139177 -0.0362956 0.0351361
          0.140513 -0.0515164 0.00472697 0.13835 -0.0510098 0.0198957 0.138236 -0.0363358 0.0198993
          0.140513 -0.0515164 0.00472697 0.138236 -0.0363358 0.0198993 0.141589 -0.0291272 0.00467453
          0.138234 -0.0477252 0.0308392 0.139177 -0.0362956 0.0351361 0.138236 -0.0363358 0.0198993
          0.138234 -0.0477252 0.0308392 0.138236 -0.0363358 0.0198993 0.13835 -0.0510098 0.0198957
          0.117258 0.0984209 0.0237275 0.117238 0.096798 0.0312951 0.121919 0.0845296 0.0347025
          0.117258 0.0984209 0.0237275 0.121919 0.0845296 0.0347025 0.124405 0.0823592 0.0198695
          0.124502 0.101671 0.0205073 0.126838 0.101228 0.00519415 0.133075 0.0786874 0.0045979
          0.124502 0.101671 0.0205073 0.133075 0.0786874 0.0045979 0.135404 0.0807958 0.0190988
          0.134865 0.0698288 0.0304612 0.1339 0.0794204 0.0292831 0.135404 0.0807958 0.0190988
          0.134865 0.0698288 0.0304612 0.135404 0.0807958 0.0190988 0.136693 0.0692146 0.0191628
          0.108239 0.142751 0.0152444 0.101818 0.14661 0.0126291 0.101864 0.14599 0.00462436
          0.108239 0.142751 0.0152444 0.101864 0.14599 0.00462436 0.102552 0.151712 0.00464329
          0.10756 0.132316 0.0674069 0.10673 0.141421 0.0681232 0.108458 0.137844 0.0510384
          0.10756 0.132316 0.0674069 0.108458 0.137844 0.0510384 0.108618 0.131663 0.0508696
          0.108623 -0.111383 0.0655053 0.102591 -0.122743 0.0666534 0.105065 -0.118756 0.0809617
          0.108623 -0.111383 0.0655053 0.105065 -0.118756 0.0809617 0.10842 -0.108893 0.0825858
          0.100971 -0.116868 0.0809781 0.100431 -0.121387 0.0809355 0.10217 -0.121726 0.066087
          0.100971 -0.116868 0.0809781 0.10217 -0.121726 0.066087 0.102396 -0.118416 0.0665081
          0.10217 -0.121726 0.066087 0.100431 -0.121387 0.0809355 0.105065 -0.118756 0.0809617
          0.10217 -0.121726 0.066087 0.105065 -0.118756 0.0809617 0.102591 -0.122743 0.0666534
          0.0985463 -0.12541 0.12758 0.0996365 -0.123914 0.114984 0.100113 -0.117593 0.111802
          0.0985463 -0.12541 0.12758 0.100113 -0.117593 0.111802 0.0994855 -0.113701 0.127681
          0.120826 -0.0821154 0.0769113 0.118301 -0.0879108 0.0802308 0.113224 -0.0968186 0.0804622
          0.120826 -0.0821154 0.0769113 0.113224 -0.0968186 0.0804622 0.11549 -0.0843493 0.0841135
          0.110665 -0.0840481 0.0657678 0.11036 -0.0838847 0.0820763 0.107455 -0.0946503 0.0809128
          0.110665 -0.0840481 0.0657678 0.107455 -0.0946503 0.0809128 0.109112 -0.0952936 0.0650304
          0.107022 -0.0831863 0.0969323 0.105425 -0.0972675 0.0949244 0.107455 -0.0946503 0.0809128
          0.107022 -0.0831863 0.0969323 0.107455 -0.0946503 0.0809128 0.11036 -0.0838847 0.0820763
          0.122244 -0.0200481 0.077537 0.114076 -0.0192735 0.0985489 0.113075 -0.0370651 0.0970008
          0.122244 -0.0200481 0.077537 0.113075 -0.0370651 0.0970008 0.116586 -0.0390496 0.0864187
          0.122244 -0.0200481 0.077537 0.116586 -0.0390496 0.0864187 0.12014 -0.0345912 0.0795473
          0.130533 -0.0486599 0.0626399 0.130149 -0.0528389 0.0826106 0.135501 -0.0470433 0.0762438
          0.130533 -0.0486599 0.0626399 0.135501 -0.0470433 0.0762438 0.130894 -0.0355364 0.0719465
          0.130533 -0.0486599 0.0626399 0.130894 -0.0355364 0.0719465 0.137725 -0.0361274 0.0646731
          0.121905 0.0393544 0.0798861 0.117249 0.0360381 0.0920825 0.117249 0.0283537 0.0937681
          0.121905 0.0393544 0.0798861 0.117249 0.0283537 0.0937681 0.124381 0.0245091 0.0777229
          0.134922 0.0351472 0.0651949 0.136554 0.0237975 0.0645668 0.134761 0.023679 0.0755825
          0.134922 0.0351472 0.0651949 0.134761 0.023679 0.0755825 0.133777 0.0337817 0.0746127
          0.134922 0.0351472 0.0651949 0.133777 0.0337817 0.0746127 0.128361 0.041141 0.0816774
          0.134922 0.0351472 0.0651949 0.128361 0.041141 0.0816774 0.126634 0.0562932 0.0816347
          0.134922 0.0351472 0.0651949 0.126634 0.0562932 0.0816347 0.128604 0.0578448 0.0673672
          0.11845 0.0985865 0.0775527 0.121705 0.0995601 0.0648441 0.125662 0.0855634 0.0656922
          0.11845 0.0985865 0.0775527 0.125662 0.0855634 0.0656922 0.121669 0.0847875 0.0801496
          0.11845 0.0985865 0.0775527 0.121669 0.0847875 0.0801496 0.118456 0.0822615 0.0938611
          0.11845 0.0985865 0.0775527 0.118456 0.0822615 0.0938611 0.115435 0.0880519 0.0984413
          0.11845 0.0985865 0.0775527 0.115435 0.0880519 0.0984413 0.11132 0.100142 0.0978237
          0.11845 0.0985865 0.0775527 0.11132 0.100142 0.0978237 0.115426 0.103083 0.083402
          0.113866 0.101826 0.0660332 0.111437 0.105254 0.078728 0.112947 0.0860408 0.0813205
          0.113866 0.101826 0.0660332 0.112947 0.0860408 0.0813205 0.117317 0.0916572 0.0654574
          0.118456 0.0822615 0.0938611 0.121669 0.0847875 0.0801496 0.125686 0.0703332 0.0809244
          0.118456 0.0822615 0.0938611 0.125686 0.0703332 0.0809244 0.121693 0.0694834 0.0949191
          0.113847 0.0706724 0.0971842 0.117321 0.0701863 0.0869396 0.112947 0.0860408 0.0813205
          0.113847 0.0706724 0.0971842 0.112947 0.0860408 0.0813205 0.111445 0.0834383 0.10054
          0.107843 0.100075 0.0954353 0.111445 0.0834383 0.10054 0.112947 0.0860408 0.0813205
          0.107843 0.100075 0.0954353 0.112947 0.0860408 0.0813205 0.111437 0.105254 0.078728
          0.102608 0.128651 0.124011 0.101967 0.140709 0.12263 0.102747 0.13866 0.110426
          0.102608 0.128651 0.124011 0.102747 0.13866 0.110426 0.104692 0.129975 0.110755
          0.101762 0.133353 0.113779 0.0999138 0.146895 0.113962 0.0993393 0.143519 0.127807
          0.101762 0.133353 0.113779 0.0993393 0.143519 0.127807 0.099594 0.131858 0.127218
          0.102747 0.13866 0.110426 0.101967 0.140709 0.12263 0.100195 0.145801 0.128211
          0.102747 0.13866 0.110426 0.100195 0.145801 0.128211 0.0989963 0.152827 0.127822
          0.102747 0.13866 0.110426 0.0989963 0.152827 0.127822 0.0994338 0.15417 0.118333
          0.102747 0.13866 0.110426 0.0994338 0.15417 0.118333 0.0999138 0.146895 0.113962
          0.100136 -0.0978245 0.131591 0.0996388 -0.101004 0.137892 0.0985516 -0.1136 0.13939
          0.100136 -0.0978245 0.131591 0.0985516 -0.1136 0.13939 0.0994855 -0.113701 0.127681
          0.109377 -0.0513447 0.125443 0.108705 -0.0685838 0.122951 0.105107 -0.0669824 0.132804
          0.109377 -0.0513447 0.125443 0.105107 -0.0669824 0.132804 0.104274 -0.0524498 0.136913
          0.101117 -0.067 0.130949 0.102345 -0.0525241 0.132357 0.10169 -0.0521187 0.136057
          0.101117 -0.067 0.130949 0.10169 -0.0521187 0.136057 0.100577 -0.0669542 0.135221
          0.105107 -0.0669824 0.132804 0.100577 -0.0669542 0.135221 0.10169 -0.0521187 0.136057
          0.105107 -0.0669824 0.132804 0.10169 -0.0521187 0.136057 0.104274 -0.0524498 0.136913
          0.101093 -0.0389614 0.13986 0.101658 -0.0412645 0.131775 0.105968 -0.0373991 0.127025
          0.101093 -0.0389614 0.13986 0.105968 -0.0373991 0.127025 0.107731 -0.0203934 0.125198
          0.101093 -0.0389614 0.13986 0.107731 -0.0203934 0.125198 0.107002 -0.0225295 0.137552
          0.10169 -0.0521187 0.136057 0.101093 -0.0389614 0.13986 0.106098 -0.0354628 0.137833
          0.10169 -0.0521187 0.136057 0.106098 -0.0354628 0.137833 0.104274 -0.0524498 0.136913
          0.111977 0.00928105 0.128368 0.110902 -0.00540712 0.128449 0.107347 -0.0011608 0.138656
          0.111977 0.00928105 0.128368 0.107347 -0.0011608 0.138656 0.105293 0.00928496 0.138305
          0.107347 -0.0011608 0.138656 0.10164 0.000341088 0.141795 0.101854 0.00926579 0.141346
          0.107347 -0.0011608 0.138656 0.101854 0.00926579 0.141346 0.102559 0.0092833 0.147064
          0.101854 0.00926579 0.141346 0.101812 0.0173486 0.141941 0.106704 0.0199482 0.138064
          0.101854 0.00926579 0.141346 0.106704 0.0199482 0.138064 0.102559 0.0092833 0.147064
          0.107593 0.0720432 0.127674 0.108628 0.0555093 0.127023 0.108473 0.0556752 0.133205
          0.107593 0.0720432 0.127674 0.108473 0.0556752 0.133205 0.106754 0.0727925 0.136755
          0.102608 0.128651 0.124011 0.104708 0.115396 0.125336 0.102481 0.116688 0.134945
          0.102608 0.128651 0.124011 0.102481 0.116688 0.134945 0.101953 0.127275 0.13607
          0.099339 0.132447 0.138879 0.0999172 0.118649 0.142172 0.101767 0.118422 0.128715
          0.099339 0.132447 0.138879 0.101767 0.118422 0.128715 0.099594 0.131858 0.127218
          0.1002 0.132851 0.141162 0.101953 0.127275 0.13607 0.102481 0.116688 0.134945
          0.1002 0.132851 0.141162 0.102481 0.116688 0.134945 0.0999172 0.118649 0.142172
          0.1002 0.132851 0.141162 0.0999172 0.118649 0.142172 0.0994407 0.122975 0.149531
          0.1002 0.132851 0.141162 0.0994407 0.122975 0.149531 0.0989956 0.132462 0.148187
          0.0981682 -0.126617 -0.138494 0.0983061 -0.135589 -0.140227 0.0981577 -0.133848 -0.131265
          0.0981682 -0.126617 -0.138494 0.0981577 -0.133848 -0.131265 0.0997396 -0.126998 -0.131638
          0.0981682 -0.126617 -0.138494 0.0990122 -0.113846 -0.138854 0.0993684 -0.113829 -0.129536
          0.0981682 -0.126617 -0.138494 0.0993684 -0.113829 -0.129536 0.097797 -0.125127 -0.129767
          0.0993445 -0.124899 -0.118467 0.0989907 -0.134212 -0.118482 0.0981577 -0.133848 -0.131265
          0.0993445 -0.124899 -0.118467 0.0981577 -0.133848 -0.131265 0.097797 -0.125127 -0.129767
          0.0982941 0.153009 -0.131245 0.0983947 0.15445 -0.14047 0.0982944 0.145225 -0.13903
          0.0982941 0.153009 -0.131245 0.0982944 0.145225 -0.13903 0.0997572 0.145689 -0.131709
          0.0985496 0.13222 -0.13005 0.0984298 0.132326 -0.13932 0.0982944 0.145225 -0.13903
          0.0985496 0.13222 -0.13005 0.0982944 0.145225 -0.13903 0.0981739 0.143902 -0.129922
          0.0982941 0.153009 -0.131245 0.0984311 0.1533 -0.118345 0.0985509 0.14403 -0.11824
          0.0982941 0.153009 -0.131245 0.0985509 0.14403 -0.11824 0.0981739 0.143902 -0.129922
          0.106733 -0.0815114 -0.114706 0.108255 -0.083722 -0.103326 0.113529 -0.0665706 -0.101643
          0.106733 -0.0815114 -0.114706 0.113529 -0.0665706 -0.101643 0.107908 -0.068737 -0.118299
          0.111382 -0.084002 -0.0861289 0.115463 -0.0695172 -0.0891127 0.113529 -0.0665706 -0.101643
          0.111382 -0.084002 -0.0861289 0.113529 -0.0665706 -0.101643 0.108255 -0.083722 -0.103326
          0.1068 -0.110072 -0.0861558 0.107946 -0.113675 -0.0733721 0.113561 -0.0970194 -0.0712313
          0.1068 -0.110072 -0.0861558 0.113561 -0.0970194 -0.0712313 0.108315 -0.098685 -0.0883802
          0.111382 -0.084002 -0.0861289 0.108315 -0.098685 -0.0883802 0.113561 -0.0970194 -0.0712313
          0.111382 -0.084002 -0.0861289 0.113561 -0.0970194 -0.0712313 0.115478 -0.0844676 -0.0740948
          0.118457 -0.0635603 -0.0846756 0.11664 -0.060961 -0.0962014 0.113529 -0.0665706 -0.101643
          0.118457 -0.0635603 -0.0846756 0.113529 -0.0665706 -0.101643 0.115463 -0.0695172 -0.0891127
          0.118569 -0.0799398 -0.0680783 0.115478 -0.0844676 -0.0740948 0.113561 -0.0970194 -0.0712313
          0.118569 -0.0799398 -0.0680783 0.113561 -0.0970194 -0.0712313 0.11683 -0.0914275 -0.0653914
          0.125308 -0.0517151 -0.0715595 0.121803 -0.0508748 -0.0855858 0.118457 -0.0635603 -0.0846756
          0.125308 -0.0517151 -0.0715595 0.118457 -0.0635603 -0.0846756 0.121722 -0.0660937 -0.0707006
          0.115478 -0.0844676 -0.0740948 0.118569 -0.0799398 -0.0680783 0.121722 -0.0660937 -0.0707006
          0.115478 -0.0844676 -0.0740948 0.121722 -0.0660937 -0.0707006 0.118457 -0.0635603 -0.0846756
          0.115478 -0.0844676 -0.0740948 0.118457 -0.0635603 -0.0846756 0.115463 -0.0695172 -0.0891127
          0.115478 -0.0844676 -0.0740948 0.115463 -0.0695172 -0.0891127 0.111382 -0.084002 -0.0861289
          0.118569 -0.0799398 -0.0680783 0.122108 -0.0808328 -0.0554268 0.125759 -0.0669466 -0.0563056
          0.118569 -0.0799398 -0.0680783 0.125759 -0.0669466 -0.0563056 0.121722 -0.0660937 -0.0707006
          0.111528 -0.02064 -0.117742 0.120187 -0.0206608 -0.0976484 0.121409 -0.00648451 -0.0977874
          0.111528 -0.02064 -0.117742 0.121409 -0.00648451 -0.0977874 0.112431 -0.00510268 -0.118542
          0.124335 -0.00653708 -0.0876928 0.126707 0.00897838 -0.0870194 0.120791 0.0105318 -0.0994349
          0.124335 -0.00653708 -0.0876928 0.120791 0.0105318 -0.0994349 0.121409 -0.00648451 -0.0977874
          0.12313 -0.0346284 -0.0857305 0.121803 -0.0508748 -0.0855858 0.125308 -0.0517151 -0.0715595
          0.12313 -0.0346284 -0.0857305 0.125308 -0.0517151 -0.0715595 0.126448 -0.0376921 -0.0723036
          0.128603 -0.0225097 -0.072322 0.126448 -0.0376921 -0.0723036 0.128401 -0.0392761 -0.0580527
          0.128603 -0.0225097 -0.072322 0.128401 -0.0392761 -0.0580527 0.130833 -0.0249276 -0.0579655
          0.128603 -0.0225097 -0.072322 0.130833 -0.0249276 -0.0579655 0.135238 -0.0167806 -0.0558888
          0.128603 -0.0225097 -0.072322 0.135238 -0.0167806 -0.0558888 0.134205 -0.0148881 -0.065023
          0.117401 -0.00962553 -0.0843953 0.124688 -0.00589418 -0.0683349 0.122068 -0.020582 -0.0705056
          0.117401 -0.00962553 -0.0843953 0.122068 -0.020582 -0.0705056 0.117269 -0.0171851 -0.0829916
          0.126707 0.00897838 -0.0870194 0.124335 -0.00653708 -0.0876928 0.134707 -0.00505385 -0.0661954
          0.126707 0.00897838 -0.0870194 0.134707 -0.00505385 -0.0661954 0.136298 0.0114229 -0.0666709
          0.135238 -0.0167806 -0.0558888 0.136662 -0.00518155 -0.0552329 0.134707 -0.00505385 -0.0661954
          0.135238 -0.0167806 -0.0558888 0.134707 -0.00505385 -0.0661954 0.134205 -0.0148881 -0.065023
          0.134685 0.0231279 -0.0671053 0.125605 0.0225671 -0.0853508 0.126707 0.00897838 -0.0870194
          0.134685 0.0231279 -0.0671053 0.126707 0.00897838 -0.0870194 0.136298 0.0114229 -0.0666709
          0.139451 0.00938137 -0.0554392 0.137609 0.0245263 -0.0553554 0.134685 0.0231279 -0.0671053
          0.139451 0.00938137 -0.0554392 0.134685 0.0231279 -0.0671053 0.136298 0.0114229 -0.0666709
          0.120155 0.0532558 -0.0701998 0.122245 0.0386681 -0.0681968 0.114019 0.0379083 -0.0892091
          0.120155 0.0532558 -0.0701998 0.114019 0.0379083 -0.0892091 0.113004 0.0556574 -0.0876272
          0.120155 0.0532558 -0.0701998 0.113004 0.0556574 -0.0876272 0.116579 0.0577369 -0.0770572
          0.135189 0.0646457 -0.0564588 0.135586 0.0657148 -0.0669589 0.130997 0.0541552 -0.0626452
          0.135189 0.0646457 -0.0564588 0.130997 0.0541552 -0.0626452 0.137964 0.0547223 -0.0552658
          0.135189 0.0646457 -0.0564588 0.128663 0.070779 -0.0647931 0.130266 0.0714925 -0.0733014
          0.135189 0.0646457 -0.0564588 0.130266 0.0714925 -0.0733014 0.135586 0.0657148 -0.0669589
          0.108242 0.0970781 -0.111672 0.110431 0.10219 -0.102969 0.107592 0.116139 -0.100271
          0.108242 0.0970781 -0.111672 0.107592 0.116139 -0.100271 0.104782 0.115839 -0.11538
          0.108265 0.125643 -0.0830789 0.104784 0.129361 -0.101859 0.107592 0.116139 -0.100271
          0.108265 0.125643 -0.0830789 0.107592 0.116139 -0.100271 0.110423 0.11695 -0.0882112
          0.110993 0.103827 -0.0898475 0.110423 0.11695 -0.0882112 0.107592 0.116139 -0.100271
          0.110993 0.103827 -0.0898475 0.107592 0.116139 -0.100271 0.110431 0.10219 -0.102969
          0.110993 0.103827 -0.0898475 0.115484 0.0887461 -0.0889902 0.121126 0.0817902 -0.0867889
          0.110993 0.103827 -0.0898475 0.121126 0.0817902 -0.0867889 0.119783 0.084538 -0.0705544
          0.110993 0.103827 -0.0898475 0.119783 0.084538 -0.0705544 0.12111 0.100767 -0.0677974
          0.110993 0.103827 -0.0898475 0.12111 0.100767 -0.0677974 0.115481 0.102971 -0.0747625
          0.108265 0.125643 -0.0830789 0.110423 0.11695 -0.0882112 0.113707 0.114888 -0.0717521
          0.108265 0.125643 -0.0830789 0.113707 0.114888 -0.0717521 0.108716 0.127613 -0.0732022
          0.110993 0.103827 -0.0898475 0.115481 0.102971 -0.0747625 0.113707 0.114888 -0.0717521
          0.110993 0.103827 -0.0898475 0.113707 0.114888 -0.0717521 0.110423 0.11695 -0.0882112
          0.121126 0.0817902 -0.0867889 0.119504 0.0701586 -0.0866402 0.130266 0.0714925 -0.0733014
          0.121126 0.0817902 -0.0867889 0.130266 0.0714925 -0.0733014 0.119783 0.084538 -0.0705544
          0.12111 0.100767 -0.0677974 0.119783 0.084538 -0.0705544 0.130211 0.0872666 -0.0574967
          0.12111 0.100767 -0.0677974 0.130211 0.0872666 -0.0574967 0.119495 0.10062 -0.0561786
          0.113707 0.114888 -0.0717521 0.115481 0.102971 -0.0747625 0.12111 0.100767 -0.0677974
          0.113707 0.114888 -0.0717521 0.12111 0.100767 -0.0677974 0.1185 0.106561 -0.0711262
          0.111864 -0.113137 -0.0253364 0.112902 -0.11399 -0.0102364 0.122224 -0.0940509 -0.0118325
          0.111864 -0.113137 -0.0253364 0.122224 -0.0940509 -0.0118325 0.120979 -0.0935222 -0.0256273
          0.122498 -0.0660614 -0.0255372 0.117194 -0.0783114 -0.0234403 0.112321 -0.0862182 -0.0268804
          0.122498 -0.0660614 -0.0255372 0.112321 -0.0862182 -0.0268804 0.11302 -0.0845138 -0.0418977
          0.122498 -0.0660614 -0.0255372 0.11302 -0.0845138 -0.0418977 0.122473 -0.0629488 -0.0397649
          0.123944 -0.081175 -0.0393326 0.127362 -0.0676445 -0.0423524 0.125759 -0.0669466 -0.0563056
          0.123944 -0.081175 -0.0393326 0.125759 -0.0669466 -0.0563056 0.122108 -0.0808328 -0.0554268
          0.122498 -0.0660614 -0.0255372 0.125068 -0.0666166 -0.00900507 0.118043 -0.0799976 -0.0142299
          0.122498 -0.0660614 -0.0255372 0.118043 -0.0799976 -0.0142299 0.117194 -0.0783114 -0.0234403
          0.13746 -0.0517313 -0.0232154 0.136656 -0.0613752 -0.0203592 0.136198 -0.0665225 -0.0104386
          0.13746 -0.0517313 -0.0232154 0.136198 -0.0665225 -0.0104386 0.138998 -0.0514097 -0.00992977
          0.133981 -0.0778251 0.00217332 0.129167 -0.0834393 0.00504555 0.126969 -0.0819331 0.018877
          0.133981 -0.0778251 0.00217332 0.126969 -0.0819331 0.018877 0.137019 -0.0639085 0.0196114
          0.133981 -0.0778251 0.00217332 0.137019 -0.0639085 0.0196114 0.135162 -0.0662673 0.00471179
          0.140786 -0.0179462 -0.0225885 0.141747 -0.00607083 -0.0261696 0.135724 -0.00543841 -0.0425195
          0.140786 -0.0179462 -0.0225885 0.135724 -0.00543841 -0.0425195 0.133491 -0.0200677 -0.0400303
          0.135238 -0.0167806 -0.0558888 0.133491 -0.0200677 -0.0400303 0.135724 -0.00543841 -0.0425195
          0.135238 -0.0167806 -0.0558888 0.135724 -0.00543841 -0.0425195 0.136662 -0.00518155 -0.0552329
          0.140786 -0.0179462 -0.0225885 0.136456 -0.0364386 -0.0257971 0.137711 -0.0374088 -0.0103649
          0.140786 -0.0179462 -0.0225885 0.137711 -0.0374088 -0.0103649 0.141756 -0.0215296 -0.0107108
          0.13746 -0.0517313 -0.0232154 0.138998 -0.0514097 -0.00992977 0.137711 -0.0374088 -0.0103649
          0.13746 -0.0517313 -0.0232154 0.137711 -0.0374088 -0.0103649 0.136456 -0.0364386 -0.0257971
          0.135189 0.0646457 -0.0564588 0.137964 0.0547223 -0.0552658 0.144942 0.0553424 -0.0413624
          0.135189 0.0646457 -0.0564588 0.144942 0.0553424 -0.0413624 0.138043 0.0692515 -0.0407434
          0.138148 0.0657429 -0.0213209 0.138043 0.0692515 -0.0407434 0.144942 0.0553424 -0.0413624
          0.138148 0.0657429 -0.0213209 0.144942 0.0553424 -0.0413624 0.147488 0.0495743 -0.0355943
          0.138148 0.0657429 -0.0213209 0.147488 0.0495743 -0.0355943 0.147634 0.0496934 -0.0311415
          0.138148 0.0657429 -0.0213209 0.147634 0.0496934 -0.0311415 0.145576 0.0544159 -0.0277149
          0.147433 0.0452364 -0.0355986 0.147488 0.0495743 -0.0355943 0.144942 0.0553424 -0.0413624
          0.147433 0.0452364 -0.0355986 0.144942 0.0553424 -0.0413624 0.137964 0.0547223 -0.0552658
          0.147433 0.0452364 -0.0355986 0.137964 0.0547223 -0.0552658 0.137903 0.0357145 -0.0520082
          0.147433 0.0452364 -0.0355986 0.137903 0.0357145 -0.0520082 0.145538 0.0418865 -0.0404073
          0.147433 0.0452364 -0.0355986 0.147531 0.045044 -0.031064 0.147634 0.0496934 -0.0311415
          0.147433 0.0452364 -0.0355986 0.147634 0.0496934 -0.0311415 0.147488 0.0495743 -0.0355943
          0.145576 0.0544159 -0.0277149 0.147634 0.0496934 -0.0311415 0.147531 0.045044 -0.031064
          0.145576 0.0544159 -0.0277149 0.147531 0.045044 -0.031064 0.144986 0.0397568 -0.0257768
          0.145576 0.0544159 -0.0277149 0.144986 0.0397568 -0.0257768 0.141833 0.0401566 -0.0107051
          0.145576 0.0544159 -0.0277149 0.141833 0.0401566 -0.0107051 0.138732 0.0549155 -0.0106168
          0.139399 0.0694162 0.00459843 0.137864 0.0693486 -0.0105487 0.138732 0.0549155 -0.0106168
          0.139399 0.0694162 0.00459843 0.138732 0.0549155 -0.0106168 0.141637 0.0478467 0.00464649
          0.138148 0.0657429 -0.0213209 0.145576 0.0544159 -0.0277149 0.138732 0.0549155 -0.0106168
          0.138148 0.0657429 -0.0213209 0.138732 0.0549155 -0.0106168 0.137864 0.0693486 -0.0105487
          0.108746 0.133342 -0.0260091 0.108077 0.133505 -0.0415646 0.11813 0.111083 -0.0399334
          0.108746 0.133342 -0.0260091 0.11813 0.111083 -0.0399334 0.11822 0.113328 -0.0223541
          0.108746 0.133342 -0.0260091 0.11822 0.113328 -0.0223541 0.118505 0.113236 -0.0123305
          0.108746 0.133342 -0.0260091 0.118505 0.113236 -0.0123305 0.11086 0.133093 -0.0100457
          0.135062 0.0809519 -0.00890848 0.133075 0.0786874 0.0045979 0.126838 0.101228 0.00519415
          0.135062 0.0809519 -0.00890848 0.126838 0.101228 0.00519415 0.125785 0.0992859 -0.0084929
          0.139399 0.0694162 0.00459843 0.133075 0.0786874 0.0045979 0.135062 0.0809519 -0.00890848
          0.139399 0.0694162 0.00459843 0.135062 0.0809519 -0.00890848 0.137864 0.0693486 -0.0105487
          0.138148 0.0657429 -0.0213209 0.137864 0.0693486 -0.0105487 0.135062 0.0809519 -0.00890848
          0.138148 0.0657429 -0.0213209 0.135062 0.0809519 -0.00890848 0.129775 0.0806958 -0.0266673
          0.125785 0.0992859 -0.0084929 0.126838 0.101228 0.00519415 0.120939 0.113445 0.00348559
          0.125785 0.0992859 -0.0084929 0.120939 0.113445 0.00348559 0.118505 0.113236 -0.0123305
          0.108297 -0.114802 0.0353783 0.107285 -0.114962 0.0509095 0.117727 -0.0922718 0.0492432
          0.108297 -0.114802 0.0353783 0.117727 -0.0922718 0.0492432 0.118178 -0.0946536 0.0318844
          0.122158 -0.0635741 0.0340329 0.113972 -0.0845911 0.0334032 0.111895 -0.0873665 0.0221219
          0.122158 -0.0635741 0.0340329 0.111895 -0.0873665 0.0221219 0.12621 -0.0636846 0.0198446
          0.140513 -0.0515164 0.00472697 0.135162 -0.0662673 0.00471179 0.137019 -0.0639085 0.0196114
          0.140513 -0.0515164 0.00472697 0.137019 -0.0639085 0.0196114 0.13835 -0.0510098 0.0198957
          0.138234 -0.0477252 0.0308392 0.13835 -0.0510098 0.0198957 0.137019 -0.0639085 0.0196114
          0.138234 -0.0477252 0.0308392 0.137019 -0.0639085 0.0196114 0.130999 -0.0624296 0.0359269
          0.116316 -0.0723927 0.0529417 0.112766 -0.0828747 0.0509246 0.113972 -0.0845911 0.0334032
          0.116316 -0.0723927 0.0529417 0.113972 -0.0845911 0.0334032 0.122158 -0.0635741 0.0340329
          0.116316 -0.0723927 0.0529417 0.122158 -0.0635741 0.0340329 0.119885 -0.0655606 0.048405
          0.121611 -0.0831085 0.0508541 0.119087 -0.0819892 0.0655181 0.129527 -0.0684626 0.0666394
          0.121611 -0.0831085 0.0508541 0.129527 -0.0684626 0.0666394 0.135068 -0.0618396 0.0606397
          0.121611 -0.0831085 0.0508541 0.135068 -0.0618396 0.0606397 0.131002 -0.0580611 0.0495056
          0.130533 -0.0486599 0.0626399 0.137886 -0.0507023 0.0501096 0.131002 -0.0580611 0.0495056
          0.130533 -0.0486599 0.0626399 0.131002 -0.0580611 0.0495056 0.135068 -0.0618396 0.0606397
          0.144866 -0.0211839 0.0351628 0.139177 -0.0362956 0.0351361 0.14495 -0.036375 0.0503544
          0.144866 -0.0211839 0.0351628 0.14495 -0.036375 0.0503544 0.139091 -0.0211602 0.0502691
          0.130533 -0.0486599 0.0626399 0.137725 -0.0361274 0.0646731 0.14495 -0.036375 0.0503544
          0.130533 -0.0486599 0.0626399 0.14495 -0.036375 0.0503544 0.137886 -0.0507023 0.0501096
          0.138234 -0.0477252 0.0308392 0.137886 -0.0507023 0.0501096 0.14495 -0.036375 0.0503544
          0.138234 -0.0477252 0.0308392 0.14495 -0.036375 0.0503544 0.139177 -0.0362956 0.0351361
          0.137828 -0.0160738 0.0608538 0.139091 -0.0211602 0.0502691 0.14495 -0.036375 0.0503544
          0.137828 -0.0160738 0.0608538 0.14495 -0.036375 0.0503544 0.137725 -0.0361274 0.0646731
          0.144866 -0.0211839 0.0351628 0.139091 -0.0211602 0.0502691 0.137383 -0.00593189 0.0502756
          0.144866 -0.0211839 0.0351628 0.137383 -0.00593189 0.0502756 0.141738 -0.00605479 0.0354873
          0.139254 0.00923895 0.0647699 0.141577 0.00934644 0.0426445 0.137383 -0.00593189 0.0502756
          0.139254 0.00923895 0.0647699 0.137383 -0.00593189 0.0502756 0.137467 -0.00592669 0.0646838
          0.137828 -0.0160738 0.0608538 0.137467 -0.00592669 0.0646838 0.137383 -0.00593189 0.0502756
          0.137828 -0.0160738 0.0608538 0.137383 -0.00593189 0.0502756 0.139091 -0.0211602 0.0502691
          0.126891 0.0498689 0.0335759 0.117116 0.0361823 0.0315453 0.117044 0.0444282 0.0192673
          0.126891 0.0498689 0.0335759 0.117044 0.0444282 0.0192673 0.126587 0.0525671 0.0216421
          0.140786 0.0362198 0.0315823 0.132028 0.0535017 0.0335043 0.135298 0.0565215 0.0190806
          0.140786 0.0362198 0.0315823 0.135298 0.0565215 0.0190806 0.14174 0.0401496 0.0200508
          0.134865 0.0698288 0.0304612 0.136693 0.0692146 0.0191628 0.135298 0.0565215 0.0190806
          0.134865 0.0698288 0.0304612 0.135298 0.0565215 0.0190806 0.132028 0.0535017 0.0335043
          0.117044 0.023891 0.0397496 0.117116 0.0361823 0.0315453 0.126868 0.0383351 0.045426
          0.117044 0.023891 0.0397496 0.126868 0.0383351 0.045426 0.126449 0.0261864 0.0478198
          0.140786 0.0362198 0.0315823 0.141739 0.0246908 0.0355096 0.135284 0.0237812 0.0519115
          0.140786 0.0362198 0.0315823 0.135284 0.0237812 0.0519115 0.131994 0.0381318 0.0488501
          0.134922 0.0351472 0.0651949 0.131994 0.0381318 0.0488501 0.135284 0.0237812 0.0519115
          0.134922 0.0351472 0.0651949 0.135284 0.0237812 0.0519115 0.136554 0.0237975 0.0645668
          0.134922 0.0351472 0.0651949 0.128604 0.0578448 0.0673672 0.132803 0.0574436 0.0528036
          0.134922 0.0351472 0.0651949 0.132803 0.0574436 0.0528036 0.133495 0.0523176 0.0476724
          0.134922 0.0351472 0.0651949 0.133495 0.0523176 0.0476724 0.131994 0.0381318 0.0488501
          0.126891 0.0498689 0.0335759 0.126969 0.0552245 0.0505883 0.126868 0.0383351 0.045426
          0.126891 0.0498689 0.0335759 0.126868 0.0383351 0.045426 0.117116 0.0361823 0.0315453
          0.132028 0.0535017 0.0335043 0.133495 0.0523176 0.0476724 0.132803 0.0574436 0.0528036
          0.132028 0.0535017 0.0335043 0.132803 0.0574436 0.0528036 0.128608 0.0720066 0.0532038
          0.132028 0.0535017 0.0335043 0.128608 0.0720066 0.0532038 0.134865 0.0698288 0.0304612
          0.111456 0.131724 0.0346182 0.112464 0.132519 0.0190845 0.121433 0.111646 0.02063
          0.111456 0.131724 0.0346182 0.121433 0.111646 0.02063 0.120118 0.111678 0.0347222
          0.111456 0.131724 0.0346182 0.120118 0.111678 0.0347222 0.114073 0.122436 0.0328758
          0.111456 0.131724 0.0346182 0.114073 0.122436 0.0328758 0.113348 0.12238 0.0489038
          0.111456 0.131724 0.0346182 0.113348 0.12238 0.0489038 0.108618 0.131663 0.0508696
          0.124502 0.101671 0.0205073 0.121433 0.111646 0.02063 0.120939 0.113445 0.00348559
          0.124502 0.101671 0.0205073 0.120939 0.113445 0.00348559 0.126838 0.101228 0.00519415
          0.128608 0.0720066 0.0532038 0.126641 0.0862742 0.0516525 0.128553 0.0863276 0.0364949
          0.128608 0.0720066 0.0532038 0.128553 0.0863276 0.0364949 0.1339 0.0794204 0.0292831
          0.128608 0.0720066 0.0532038 0.1339 0.0794204 0.0292831 0.134865 0.0698288 0.0304612
          0.123065 0.0997082 0.048619 0.126641 0.0862742 0.0516525 0.125662 0.0855634 0.0656922
          0.123065 0.0997082 0.048619 0.125662 0.0855634 0.0656922 0.121705 0.0995601 0.0648441
          0.123065 0.0997082 0.048619 0.121705 0.0995601 0.0648441 0.116418 0.112569 0.0626158
          0.123065 0.0997082 0.048619 0.116418 0.112569 0.0626158 0.117171 0.113244 0.0524026
          0.108127 -0.107004 0.0924811 0.10478 -0.11074 0.111199 0.107927 -0.0997171 0.113295
          0.108127 -0.107004 0.0924811 0.107927 -0.0997171 0.113295 0.1106 -0.0983176 0.0975329
          0.107944 -0.0846165 0.120197 0.110221 -0.0835922 0.112324 0.107927 -0.0997171 0.113295
          0.107944 -0.0846165 0.120197 0.107927 -0.0997171 0.113295 0.104759 -0.097219 0.124718
          0.110983 -0.0852094 0.0991894 0.1106 -0.0983176 0.0975329 0.107927 -0.0997171 0.113295
          0.110983 -0.0852094 0.0991894 0.107927 -0.0997171 0.113295 0.110221 -0.0835922 0.112324
          0.107944 -0.0846165 0.120197 0.108705 -0.0685838 0.122951 0.113691 -0.0670158 0.110152
          0.107944 -0.0846165 0.120197 0.113691 -0.0670158 0.110152 0.110221 -0.0835922 0.112324
          0.110983 -0.0852094 0.0991894 0.110221 -0.0835922 0.112324 0.113691 -0.0670158 0.110152
          0.110983 -0.0852094 0.0991894 0.113691 -0.0670158 0.110152 0.115421 -0.0700547 0.0983388
          0.120826 -0.0821154 0.0769113 0.119771 -0.0658342 0.0797821 0.129527 -0.0684626 0.0666394
          0.120826 -0.0821154 0.0769113 0.129527 -0.0684626 0.0666394 0.119087 -0.0819892 0.0655181
          0.121038 -0.0631 0.0961189 0.119771 -0.0658342 0.0797821 0.120826 -0.0821154 0.0769113
          0.121038 -0.0631 0.0961189 0.120826 -0.0821154 0.0769113 0.11549 -0.0843493 0.0841135
          0.121038 -0.0631 0.0961189 0.11549 -0.0843493 0.0841135 0.110983 -0.0852094 0.0991894
          0.121038 -0.0631 0.0961189 0.110983 -0.0852094 0.0991894 0.115421 -0.0700547 0.0983388
          0.121038 -0.0631 0.0961189 0.119435 -0.051538 0.0959769 0.130149 -0.0528389 0.0826106
          0.121038 -0.0631 0.0961189 0.130149 -0.0528389 0.0826106 0.119771 -0.0658342 0.0797821
          0.113691 -0.0670158 0.110152 0.118401 -0.0664847 0.101868 0.121038 -0.0631 0.0961189
          0.113691 -0.0670158 0.110152 0.121038 -0.0631 0.0961189 0.115421 -0.0700547 0.0983388
          0.108769 -0.0213687 0.128699 0.11813 -0.0177756 0.10861 0.118051 -0.0353344 0.106388
          0.108769 -0.0213687 0.128699 0.118051 -0.0353344 0.106388 0.108077 -0.0369246 0.128865
          0.139254 0.00923895 0.0647699 0.137467 -0.00592669 0.0646838 0.134788 -0.00407842 0.0761089
          0.139254 0.00923895 0.0647699 0.134788 -0.00407842 0.0761089 0.136158 0.00743317 0.0761359
          0.125625 -0.00371217 0.0944985 0.126587 0.00984237 0.096462 0.136158 0.00743317 0.0761359
          0.125625 -0.00371217 0.0944985 0.136158 0.00743317 0.0761359 0.134788 -0.00407842 0.0761089
          0.120871 0.00819562 0.10874 0.126587 0.00984237 0.096462 0.125625 -0.00371217 0.0944985
          0.120871 0.00819562 0.10874 0.125625 -0.00371217 0.0944985 0.118444 -0.0076861 0.1086
          0.111484 0.0392589 0.127083 0.114117 0.0375447 0.117799 0.120095 0.0393544 0.107021
          0.111484 0.0392589 0.127083 0.120095 0.0393544 0.107021 0.121413 0.0253689 0.106901
          0.111484 0.0392589 0.127083 0.121413 0.0253689 0.106901 0.112509 0.0237269 0.127876
          0.111484 0.0392589 0.127083 0.108628 0.0555093 0.127023 0.113374 0.0535591 0.117743
          0.111484 0.0392589 0.127083 0.113374 0.0535591 0.117743 0.114117 0.0375447 0.117799
          0.123091 0.0532669 0.0950664 0.121693 0.0694834 0.0949191 0.125686 0.0703332 0.0809244
          0.123091 0.0532669 0.0950664 0.125686 0.0703332 0.0809244 0.126634 0.0562932 0.0816347
          0.124138 0.0251686 0.0970355 0.126587 0.00984237 0.096462 0.120871 0.00819562 0.10874
          0.124138 0.0251686 0.0970355 0.120871 0.00819562 0.10874 0.121413 0.0253689 0.106901
          0.116447 0.0672686 0.107938 0.121693 0.0694834 0.0949191 0.123091 0.0532669 0.0950664
          0.116447 0.0672686 0.107938 0.123091 0.0532669 0.0950664 0.117159 0.0570258 0.108583
          0.106706 0.128686 0.0954755 0.107825 0.132285 0.0827283 0.113474 0.115602 0.0805314
          0.106706 0.128686 0.0954755 0.113474 0.115602 0.0805314 0.109434 0.114661 0.0949699
          0.11132 0.100142 0.0978237 0.109434 0.114661 0.0949699 0.113474 0.115602 0.0805314
          0.11132 0.100142 0.0978237 0.113474 0.115602 0.0805314 0.115426 0.103083 0.083402
          0.106711 0.100176 0.123971 0.109432 0.0996081 0.110016 0.113312 0.0855421 0.111274
          0.106711 0.100176 0.123971 0.113312 0.0855421 0.111274 0.107847 0.0873653 0.127643
          0.11132 0.100142 0.0978237 0.115435 0.0880519 0.0984413 0.113312 0.0855421 0.111274
          0.11132 0.100142 0.0978237 0.113312 0.0855421 0.111274 0.109432 0.0996081 0.110016
          0.106706 0.128686 0.0954755 0.109434 0.114661 0.0949699 0.106125 0.11576 0.111121
          0.106706 0.128686 0.0954755 0.106125 0.11576 0.111121 0.104692 0.129975 0.110755
          0.106711 0.100176 0.123971 0.104708 0.115396 0.125336 0.106125 0.11576 0.111121
          0.106711 0.100176 0.123971 0.106125 0.11576 0.111121 0.109432 0.0996081 0.110016
          0.11132 0.100142 0.0978237 0.109432 0.0996081 0.110016 0.106125 0.11576 0.111121
          0.11132 0.100142 0.0978237 0.106125 0.11576 0.111121 0.109434 0.114661 0.0949699
          0.11845 0.0985865 0.0775527 0.115426 0.103083 0.083402 0.113474 0.115602 0.0805314
          0.11845 0.0985865 0.0775527 0.113474 0.115602 0.0805314 0.116569 0.110142 0.0749204
          0.118456 0.0822615 0.0938611 0.116575 0.0796387 0.105435 0.113312 0.0855421 0.111274
          0.118456 0.0822615 0.0938611 0.113312 0.0855421 0.111274 0.115435 0.0880519 0.0984413
          0.0983042 -0.134391 0.140586 0.0984033 -0.135831 0.149811 0.0983023 -0.126602 0.148372
          0.0983042 -0.134391 0.140586 0.0983023 -0.126602 0.148372 0.099753 -0.127068 0.141048
          0.0985463 -0.12541 0.12758 0.0981777 -0.125282 0.139262 0.0983042 -0.134391 0.140586
          0.0985463 -0.12541 0.12758 0.0983042 -0.134391 0.140586 0.0984256 -0.134681 0.127686
          0.0983023 -0.126602 0.148372 0.0981777 -0.125282 0.139262 0.0985516 -0.1136 0.13939
          0.0983023 -0.126602 0.148372 0.0985516 -0.1136 0.13939 0.0984347 -0.113704 0.148659
          0.0981719 0.145241 0.147832 0.0983065 0.154209 0.149569 0.0981644 0.152473 0.1406
          0.0981719 0.145241 0.147832 0.0981644 0.152473 0.1406 0.0997303 0.145618 0.140978
          0.0981644 0.152473 0.1406 0.097805 0.143746 0.139106 0.0993393 0.143519 0.127807
          0.0981644 0.152473 0.1406 0.0993393 0.143519 0.127807 0.0989963 0.152827 0.127822
          0.0981719 0.145241 0.147832 0.0989956 0.132462 0.148187 0.099339 0.132447 0.138879
          0.0981719 0.145241 0.147832 0.099339 0.132447 0.138879 0.097805 0.143746 0.139106
          0.107743 0.129837 -0.025033 0.105938 0.131651 -0.0420258 0.101629 0.136471 -0.0459636
          0.107743 0.129837 -0.025033 0.101629 0.136471 -0.0459636 0.101085 0.144506 -0.0435986
          0.107743 0.129837 -0.025033 0.101085 0.144506 -0.0435986 0.106994 0.14219 -0.0271642
          0.105087 0.150569 -0.0324284 0.106994 0.14219 -0.0271642 0.101085 0.144506 -0.0435986
          0.105087 0.150569 -0.0324284 0.101085 0.144506 -0.0435986 0.102066 0.150943 -0.0411844
          0.105087 0.150569 -0.0324284 0.102066 0.150943 -0.0411844 0.104517 0.151597 -0.0376563
          0.107388 0.129289 0.0347349 0.107695 0.129874 0.0193054 0.108239 0.142751 0.0152444
          0.107388 0.129289 0.0347349 0.108239 0.142751 0.0152444 0.107622 0.137967 0.0337678
          0.104639 0.152531 0.00609853 0.106274 0.153994 0.014467 0.108239 0.142751 0.0152444
          0.104639 0.152531 0.00609853 0.108239 0.142751 0.0152444 0.102552 0.151712 0.00464329
          0.10256 0.152644 0.0703751 0.103362 0.150815 0.0789826 0.102189 0.142698 0.0794722
          0.10256 0.152644 0.0703751 0.102189 0.142698 0.0794722 0.10673 0.141421 0.0681232
          0.10511 -0.0278136 0.145926 0.104565 -0.0329445 0.146902 0.102094 -0.0365531 0.146262
          0.10511 -0.0278136 0.145926 0.102094 -0.0365531 0.146262 0.101093 -0.0389614 0.13986
          0.10511 -0.0278136 0.145926 0.101093 -0.0389614 0.13986 0.107002 -0.0225295 0.137552
          0.107437 0.0393746 0.124643 0.107662 0.0384265 0.133329 0.106704 0.0199482 0.138064
          0.107437 0.0393746 0.124643 0.106704 0.0199482 0.138064 0.107736 0.0239453 0.125233
          0.104641 0.0107416 0.147895 0.102559 0.0092833 0.147064 0.106704 0.0199482 0.138064
          0.104641 0.0107416 0.147895 0.106704 0.0199482 0.138064 0.106284 0.019106 0.149357
          0.102198 0.0841155 0.13806 0.105783 0.0840089 0.124319 0.104946 0.0991284 0.125337
          0.102198 0.0841155 0.13806 0.104946 0.0991284 0.125337 0.101848 0.102586 0.132651
          0.102198 0.0841155 0.13806 0.101848 0.102586 0.132651 0.101132 0.100095 0.140378
          0.102198 0.0841155 0.13806 0.101132 0.100095 0.140378 0.10147 0.0885468 0.142847
          0.102571 0.0750175 0.148004 0.106754 0.0727925 0.136755 0.102198 0.0841155 0.13806
          0.102571 0.0750175 0.148004 0.102198 0.0841155 0.13806 0.103372 0.0836864 0.1461
          0.0993684 -0.113829 -0.129536 0.0990122 -0.113846 -0.138854 0.0994525 -0.104368 -0.140194
          0.0993684 -0.113829 -0.129536 0.0994525 -0.104368 -0.140194 0.0999432 -0.0999821 -0.132927
          0.101817 -0.0998229 -0.119395 0.0999432 -0.0999821 -0.132927 0.10116 -0.0814968 -0.131033
          0.101817 -0.0998229 -0.119395 0.10116 -0.0814968 -0.131033 0.101889 -0.0839118 -0.123408
          0.102793 -0.0964536 -0.124719 0.103543 -0.0817413 -0.129032 0.10116 -0.0814968 -0.131033
          0.102793 -0.0964536 -0.124719 0.10116 -0.0814968 -0.131033 0.0999432 -0.0999821 -0.132927
          0.105047 -0.0805288 -0.116027 0.101889 -0.0839118 -0.123408 0.10116 -0.0814968 -0.131033
          0.105047 -0.0805288 -0.116027 0.10116 -0.0814968 -0.131033 0.101505 -0.0699301 -0.133514
          0.105047 -0.0805288 -0.116027 0.101505 -0.0699301 -0.133514 0.102237 -0.065509 -0.128727
          0.105047 -0.0805288 -0.116027 0.102237 -0.065509 -0.128727 0.105836 -0.0653829 -0.114971
          0.106733 -0.0815114 -0.114706 0.103543 -0.0817413 -0.129032 0.102793 -0.0964536 -0.124719
          0.106733 -0.0815114 -0.114706 0.102793 -0.0964536 -0.124719 0.104782 -0.0967801 -0.116002
          0.10116 -0.0814968 -0.131033 0.103543 -0.0817413 -0.129032 0.103784 -0.0670512 -0.130619
          0.10116 -0.0814968 -0.131033 0.103784 -0.0670512 -0.130619 0.103407 -0.0649976 -0.136855
          0.10116 -0.0814968 -0.131033 0.103407 -0.0649976 -0.136855 0.101046 -0.0704453 -0.139365
          0.10116 -0.0814968 -0.131033 0.101046 -0.0704453 -0.139365 0.100642 -0.078304 -0.140413
          0.106733 -0.0815114 -0.114706 0.107908 -0.068737 -0.118299 0.103784 -0.0670512 -0.130619
          0.106733 -0.0815114 -0.114706 0.103784 -0.0670512 -0.130619 0.103543 -0.0817413 -0.129032
          0.102593 -0.0564032 -0.138659 0.103407 -0.0649976 -0.136855 0.103784 -0.0670512 -0.130619
          0.102593 -0.0564032 -0.138659 0.103784 -0.0670512 -0.130619 0.106779 -0.0541582 -0.127441
          0.111528 -0.02064 -0.117742 0.107629 -0.0198011 -0.123989 0.108535 -0.0370401 -0.123866
          0.111528 -0.02064 -0.117742 0.108535 -0.0370401 -0.123866 0.108698 -0.0368875 -0.117681
          0.111528 -0.02064 -0.117742 0.112431 -0.00510268 -0.118542 0.106753 -0.00131343 -0.128725
          0.111528 -0.02064 -0.117742 0.106753 -0.00131343 -0.128725 0.107629 -0.0198011 -0.123989
          0.104669 0.00788038 -0.138557 0.106328 -0.000474801 -0.140018 0.106753 -0.00131343 -0.128725
          0.104669 0.00788038 -0.138557 0.106753 -0.00131343 -0.128725 0.105266 0.00933503 -0.128961
          0.108691 0.0399903 -0.119367 0.106995 0.0411447 -0.12821 0.10741 0.0199007 -0.129179
          0.108691 0.0399903 -0.119367 0.10741 0.0199007 -0.129179 0.110765 0.0240225 -0.119122
          0.104669 0.00788038 -0.138557 0.105266 0.00933503 -0.128961 0.10741 0.0199007 -0.129179
          0.104669 0.00788038 -0.138557 0.10741 0.0199007 -0.129179 0.105126 0.0193111 -0.138507
          0.108691 0.0399903 -0.119367 0.108069 0.0555448 -0.119526 0.106035 0.054048 -0.128452
          0.108691 0.0399903 -0.119367 0.106035 0.054048 -0.128452 0.106995 0.0411447 -0.12821
          0.105073 0.0464604 -0.136551 0.106995 0.0411447 -0.12821 0.106035 0.054048 -0.128452
          0.105073 0.0464604 -0.136551 0.106035 0.054048 -0.128452 0.104493 0.051659 -0.137637
          0.101079 0.0856195 -0.121583 0.100533 0.0855746 -0.125925 0.0997343 0.101348 -0.126902
          0.101079 0.0856195 -0.121583 0.0997343 0.101348 -0.126902 0.100269 0.101153 -0.12144
          0.0985496 0.13222 -0.13005 0.0996436 0.119624 -0.128547 0.0986878 0.122478 -0.140668
          0.0985496 0.13222 -0.13005 0.0986878 0.122478 -0.140668 0.0984298 0.132326 -0.13932
          0.100124 0.116443 -0.122241 0.100269 0.101153 -0.12144 0.0997343 0.101348 -0.126902
          0.100124 0.116443 -0.122241 0.0997343 0.101348 -0.126902 0.0996436 0.119624 -0.128547
          0.100359 0.115231 -0.127662 0.0996436 0.119624 -0.128547 0.0997343 0.101348 -0.126902
          0.100359 0.115231 -0.127662 0.0997343 0.101348 -0.126902 0.103714 0.101028 -0.122289
          0.108242 0.0970781 -0.111672 0.104782 0.115839 -0.11538 0.100359 0.115231 -0.127662
          0.108242 0.0970781 -0.111672 0.100359 0.115231 -0.127662 0.103714 0.101028 -0.122289
          0.0993445 -0.124899 -0.118467 0.0999001 -0.128143 -0.104694 0.0994289 -0.13555 -0.109001
          0.0993445 -0.124899 -0.118467 0.0994289 -0.13555 -0.109001 0.0989907 -0.134212 -0.118482
          0.101121 -0.126401 -0.0861094 0.0999001 -0.128143 -0.104694 0.101805 -0.114752 -0.10446
          0.101121 -0.126401 -0.0861094 0.101805 -0.114752 -0.10446 0.10184 -0.118633 -0.0886577
          0.101857 -0.119294 -0.100944 0.0999001 -0.128143 -0.104694 0.101121 -0.126401 -0.0861094
          0.101857 -0.119294 -0.100944 0.101121 -0.126401 -0.0861094 0.103543 -0.124386 -0.0863739
          0.1068 -0.110072 -0.0861558 0.104848 -0.111367 -0.101424 0.101857 -0.119294 -0.100944
          0.1068 -0.110072 -0.0861558 0.101857 -0.119294 -0.100944 0.103543 -0.124386 -0.0863739
          0.103748 -0.125968 -0.0716976 0.103543 -0.124386 -0.0863739 0.101121 -0.126401 -0.0861094
          0.103748 -0.125968 -0.0716976 0.101121 -0.126401 -0.0861094 0.100605 -0.135767 -0.0829358
          0.103748 -0.125968 -0.0716976 0.100605 -0.135767 -0.0829358 0.100997 -0.134713 -0.0750828
          0.103748 -0.125968 -0.0716976 0.100997 -0.134713 -0.0750828 0.103358 -0.132093 -0.0697266
          0.1068 -0.110072 -0.0861558 0.103543 -0.124386 -0.0863739 0.103748 -0.125968 -0.0716976
          0.1068 -0.110072 -0.0861558 0.103748 -0.125968 -0.0716976 0.107946 -0.113675 -0.0733721
          0.102565 -0.134042 -0.0610309 0.106782 -0.122727 -0.0588212 0.103748 -0.125968 -0.0716976
          0.102565 -0.134042 -0.0610309 0.103748 -0.125968 -0.0716976 0.103358 -0.132093 -0.0697266
          0.0986894 0.154645 -0.1085 0.0996478 0.142522 -0.105645 0.0985509 0.14403 -0.11824
          0.0986894 0.154645 -0.1085 0.0985509 0.14403 -0.11824 0.0984311 0.1533 -0.118345
          0.100135 0.13623 -0.102464 0.0996478 0.142522 -0.105645 0.0997409 0.140876 -0.0873678
          0.100135 0.13623 -0.102464 0.0997409 0.140876 -0.0873678 0.100276 0.135425 -0.0871734
          0.0997409 0.140876 -0.0873678 0.0996478 0.142522 -0.105645 0.100363 0.141642 -0.101248
          0.0997409 0.140876 -0.0873678 0.100363 0.141642 -0.101248 0.103719 0.136276 -0.0870479
          0.101098 0.135576 -0.0716398 0.100276 0.135425 -0.0871734 0.0997409 0.140876 -0.0873678
          0.101098 0.135576 -0.0716398 0.0997409 0.140876 -0.0873678 0.100555 0.139884 -0.0715944
          0.111864 -0.113137 -0.0253364 0.108831 -0.113026 -0.0414906 0.108574 -0.119219 -0.0416691
          0.111864 -0.113137 -0.0253364 0.108574 -0.119219 -0.0416691 0.107862 -0.119362 -0.0245375
          0.111864 -0.113137 -0.0253364 0.107862 -0.119362 -0.0245375 0.106874 -0.12407 -0.00591684
          0.111864 -0.113137 -0.0253364 0.106874 -0.12407 -0.00591684 0.112902 -0.11399 -0.0102364
          0.104652 -0.133847 0.00325839 0.105778 -0.124418 0.00469291 0.106874 -0.12407 -0.00591684
          0.104652 -0.133847 0.00325839 0.106874 -0.12407 -0.00591684 0.106247 -0.135337 -0.005134
          0.108746 0.133342 -0.0260091 0.11086 0.133093 -0.0100457 0.107353 0.143283 -0.00581216
          0.108746 0.133342 -0.0260091 0.107353 0.143283 -0.00581216 0.106994 0.14219 -0.0271642
          0.104639 0.152531 0.00609853 0.105137 0.152481 -0.00532606 0.107353 0.143283 -0.00581216
          0.104639 0.152531 0.00609853 0.107353 0.143283 -0.00581216 0.105283 0.142944 0.00464496
          0.108297 -0.114802 0.0353783 0.110888 -0.114692 0.019791 0.107386 -0.124528 0.0152472
          0.108297 -0.114802 0.0353783 0.107386 -0.124528 0.0152472 0.1065 -0.123557 0.0363295
          0.104652 -0.133847 0.00325839 0.105177 -0.133781 0.0146781 0.107386 -0.124528 0.0152472
          0.104652 -0.133847 0.00325839 0.107386 -0.124528 0.0152472 0.105778 -0.124418 0.00469291
          0.108297 -0.114802 0.0353783 0.1065 -0.123557 0.0363295 0.104763 -0.125569 0.0516629
          0.108297 -0.114802 0.0353783 0.104763 -0.125569 0.0516629 0.107285 -0.114962 0.0509095
          0.101096 -0.125878 0.052942 0.101814 -0.132697 0.0504466 0.103718 -0.132828 0.0470258
          0.101096 -0.125878 0.052942 0.103718 -0.132828 0.0470258 0.104411 -0.13173 0.0417228
          0.101096 -0.125878 0.052942 0.104411 -0.13173 0.0417228 0.1065 -0.123557 0.0363295
          0.104411 -0.13173 0.0417228 0.103718 -0.132828 0.0470258 0.104763 -0.125569 0.0516629
          0.104411 -0.13173 0.0417228 0.104763 -0.125569 0.0516629 0.1065 -0.123557 0.0363295
          0.111456 0.131724 0.0346182 0.108618 0.131663 0.0508696 0.108458 0.137844 0.0510384
          0.111456 0.131724 0.0346182 0.108458 0.137844 0.0510384 0.107622 0.137967 0.0337678
          0.0996591 -0.122333 0.0967051 0.100431 -0.121387 0.0809355 0.100971 -0.116868 0.0809781
          0.0996591 -0.122333 0.0967051 0.100971 -0.116868 0.0809781 0.1002 -0.11675 0.0965097
          0.100113 -0.117593 0.111802 0.0996365 -0.123914 0.114984 0.0996591 -0.122333 0.0967051
          0.100113 -0.117593 0.111802 0.0996591 -0.122333 0.0967051 0.1002 -0.11675 0.0965097
          0.100334 -0.123011 0.110618 0.103625 -0.11752 0.0963867 0.0996591 -0.122333 0.0967051
          0.100334 -0.123011 0.110618 0.0996591 -0.122333 0.0967051 0.0996365 -0.123914 0.114984
          0.108127 -0.107004 0.0924811 0.103625 -0.11752 0.0963867 0.100334 -0.123011 0.110618
          0.108127 -0.107004 0.0924811 0.100334 -0.123011 0.110618 0.10478 -0.11074 0.111199
          0.0985463 -0.12541 0.12758 0.0984256 -0.134681 0.127686 0.0986828 -0.13603 0.117836
          0.0985463 -0.12541 0.12758 0.0986828 -0.13603 0.117836 0.0996365 -0.123914 0.114984
          0.103734 0.144597 0.0810216 0.10347 0.143012 0.095718 0.101129 0.145019 0.0954535
          0.103734 0.144597 0.0810216 0.101129 0.145019 0.0954535 0.100611 0.154393 0.0922735
          0.103734 0.144597 0.0810216 0.100611 0.154393 0.0922735 0.101012 0.15334 0.0844215
          0.103734 0.144597 0.0810216 0.101012 0.15334 0.0844215 0.103362 0.150815 0.0789826
          0.101762 0.133353 0.113779 0.101842 0.137368 0.0978881 0.101129 0.145019 0.0954535
          0.101762 0.133353 0.113779 0.101129 0.145019 0.0954535 0.0999138 0.146895 0.113962
          0.102747 0.13866 0.110426 0.0999138 0.146895 0.113962 0.101129 0.145019 0.0954535
          0.102747 0.13866 0.110426 0.101129 0.145019 0.0954535 0.10347 0.143012 0.095718
          0.106706 0.128686 0.0954755 0.104692 0.129975 0.110755 0.102747 0.13866 0.110426
          0.106706 0.128686 0.0954755 0.102747 0.13866 0.110426 0.10347 0.143012 0.095718
          0.0993393 0.143519 0.127807 0.0999138 0.146895 0.113962 0.0994338 0.15417 0.118333
          0.0993393 0.143519 0.127807 0.0994338 0.15417 0.118333 0.0989963 0.152827 0.127822
          0.0997387 -0.0827278 0.136238 0.0996388 -0.101004 0.137892 0.100136 -0.0978245 0.131591
          0.0997387 -0.0827278 0.136238 0.100136 -0.0978245 0.131591 0.100273 -0.0825333 0.130782
          0.0997387 -0.0827278 0.136238 0.103719 -0.0824079 0.131636 0.100359 -0.096593 0.137005
          0.0997387 -0.0827278 0.136238 0.100359 -0.096593 0.137005 0.0996388 -0.101004 0.137892
          0.0985516 -0.1136 0.13939 0.0996388 -0.101004 0.137892 0.0986953 -0.103863 0.15
          0.0985516 -0.1136 0.13939 0.0986953 -0.103863 0.15 0.0984347 -0.113704 0.148659
          0.101117 -0.067 0.130949 0.100577 -0.0669542 0.135221 0.0997387 -0.0827278 0.136238
          0.101117 -0.067 0.130949 0.0997387 -0.0827278 0.136238 0.100273 -0.0825333 0.130782
          0.108769 -0.0213687 0.128699 0.107002 -0.0225295 0.137552 0.107347 -0.0011608 0.138656
          0.108769 -0.0213687 0.128699 0.107347 -0.0011608 0.138656 0.110902 -0.00540712 0.128449
          0.104641 0.0107416 0.147895 0.105293 0.00928496 0.138305 0.107347 -0.0011608 0.138656
          0.104641 0.0107416 0.147895 0.107347 -0.0011608 0.138656 0.10512 -0.000687673 0.147843
          0.111484 0.0392589 0.127083 0.107662 0.0384265 0.133329 0.108473 0.0556752 0.133205
          0.111484 0.0392589 0.127083 0.108473 0.0556752 0.133205 0.108628 0.0555093 0.127023
          0.101132 0.100095 0.140378 0.103477 0.100359 0.138372 0.103748 0.0856611 0.139958
          0.101132 0.100095 0.140378 0.103748 0.0856611 0.139958 0.103372 0.0836864 0.1461
          0.101132 0.100095 0.140378 0.103372 0.0836864 0.1461 0.101019 0.0890627 0.148701
          0.101132 0.100095 0.140378 0.101019 0.0890627 0.148701 0.100627 0.0969164 0.149753
          0.101767 0.118422 0.128715 0.0999172 0.118649 0.142172 0.101132 0.100095 0.140378
          0.101767 0.118422 0.128715 0.101132 0.100095 0.140378 0.101848 0.102586 0.132651
          0.102481 0.116688 0.134945 0.103477 0.100359 0.138372 0.101132 0.100095 0.140378
          0.102481 0.116688 0.134945 0.101132 0.100095 0.140378 0.0999172 0.118649 0.142172
          0.106711 0.100176 0.123971 0.103477 0.100359 0.138372 0.102481 0.116688 0.134945
          0.106711 0.100176 0.123971 0.102481 0.116688 0.134945 0.104708 0.115396 0.125336
          0.0994407 0.122975 0.149531 0.0999172 0.118649 0.142172 0.099339 0.132447 0.138879
          0.0994407 0.122975 0.149531 0.099339 0.132447 0.138879 0.0989956 0.132462 0.148187
          0.106281 0.129824 -0.115844 0.102898 0.139425 -0.116231 0.1037 0.137897 -0.128917
          0.106281 0.129824 -0.115844 0.1037 0.137897 -0.128917 0.102889 0.13021 -0.125438
          0.106274 -0.111303 0.12518 0.102924 -0.120825 0.125574 0.103703 -0.124288 0.133185
          0.106274 -0.111303 0.12518 0.103703 -0.124288 0.133185 0.102899 -0.111591 0.134786
          0.101674 0.0707391 -0.126728 0.10233 0.071143 -0.123006 0.101603 0.0599657 -0.122499
          0.101674 0.0707391 -0.126728 0.101603 0.0599657 -0.122499 0.101078 0.0575764 -0.130531
          0.106281 0.129824 -0.115844 0.102889 0.13021 -0.125438 0.100359 0.115231 -0.127662
          0.106281 0.129824 -0.115844 0.100359 0.115231 -0.127662 0.104782 0.115839 -0.11538
          0.100359 0.115231 -0.127662 0.102889 0.13021 -0.125438 0.0998481 0.131838 -0.135149
          0.100359 0.115231 -0.127662 0.0998481 0.131838 -0.135149 0.0996436 0.119624 -0.128547
          0.121126 0.0817902 -0.0867889 0.11849 0.0851458 -0.0925473 0.11753 0.0692879 -0.0962485
          0.121126 0.0817902 -0.0867889 0.11753 0.0692879 -0.0962485 0.119504 0.0701586 -0.0866402
          0.100363 0.141642 -0.101248 0.0996478 0.142522 -0.105645 0.09985 0.149131 -0.117857
          0.100363 0.141642 -0.101248 0.09985 0.149131 -0.117857 0.102898 0.139425 -0.116231
          0.140786 -0.0179462 -0.0225885 0.133491 -0.0200677 -0.0400303 0.133403 -0.0336927 -0.0385966
          0.140786 -0.0179462 -0.0225885 0.133403 -0.0336927 -0.0385966 0.136456 -0.0364386 -0.0257971
          0.131083 0.076706 -0.0401821 0.122 0.101738 -0.0415213 0.119495 0.10062 -0.0561786
          0.131083 0.076706 -0.0401821 0.119495 0.10062 -0.0561786 0.130211 0.0872666 -0.0574967
          0.131083 0.076706 -0.0401821 0.130211 0.0872666 -0.0574967 0.135576 0.0809291 -0.0517259
          0.111001 0.102691 -0.0563793 0.113085 0.101646 -0.0417091 0.116824 0.0912275 -0.0436628
          0.111001 0.102691 -0.0563793 0.116824 0.0912275 -0.0436628 0.118963 0.0838577 -0.0598361
          0.138148 0.0657429 -0.0213209 0.129775 0.0806958 -0.0266673 0.131083 0.076706 -0.0401821
          0.138148 0.0657429 -0.0213209 0.131083 0.076706 -0.0401821 0.138043 0.0692515 -0.0407434
          0.101688 0.140698 -0.0567588 0.101085 0.144506 -0.0435986 0.101629 0.136471 -0.0459636
          0.101688 0.140698 -0.0567588 0.101629 0.136471 -0.0459636 0.102345 0.136997 -0.0571641
          0.10152 -0.117893 0.0553884 0.102396 -0.118416 0.0665081 0.10217 -0.121726 0.066087
          0.10152 -0.117893 0.0553884 0.10217 -0.121726 0.066087 0.101096 -0.125878 0.052942
          0.139399 0.0694162 0.00459843 0.136693 0.0692146 0.0191628 0.135404 0.0807958 0.0190988
          0.139399 0.0694162 0.00459843 0.135404 0.0807958 0.0190988 0.133075 0.0786874 0.0045979
          0.106274 -0.111303 0.12518 0.10478 -0.11074 0.111199 0.100334 -0.123011 0.110618
          0.106274 -0.111303 0.12518 0.100334 -0.123011 0.110618 0.102924 -0.120825 0.125574
          0.0998641 -0.130523 0.127196 0.102924 -0.120825 0.125574 0.100334 -0.123011 0.110618
          0.0998641 -0.130523 0.127196 0.100334 -0.123011 0.110618 0.0996365 -0.123914 0.114984
          0.120826 -0.0821154 0.0769113 0.119087 -0.0819892 0.0655181 0.117132 -0.0915072 0.0647409
          0.120826 -0.0821154 0.0769113 0.117132 -0.0915072 0.0647409 0.118301 -0.0879108 0.0802308
          0.130894 -0.0355364 0.0719465 0.135501 -0.0470433 0.0762438 0.130149 -0.0528389 0.0826106
          0.130894 -0.0355364 0.0719465 0.130149 -0.0528389 0.0826106 0.119435 -0.051538 0.0959769
          0.130894 -0.0355364 0.0719465 0.119435 -0.051538 0.0959769 0.121965 -0.0368823 0.0970954
          0.110976 -0.0516719 0.0979482 0.118944 -0.0551158 0.0792613 0.116586 -0.0390496 0.0864187
          0.110976 -0.0516719 0.0979482 0.116586 -0.0390496 0.0864187 0.113075 -0.0370651 0.0970008
          0.137828 -0.0160738 0.0608538 0.137725 -0.0361274 0.0646731 0.130894 -0.0355364 0.0719465
          0.137828 -0.0160738 0.0608538 0.130894 -0.0355364 0.0719465 0.129473 -0.0219387 0.0759732
          0.134761 0.023679 0.0755825 0.136158 0.00743317 0.0761359 0.126587 0.00984237 0.096462
          0.134761 0.023679 0.0755825 0.126587 0.00984237 0.096462 0.124138 0.0251686 0.0970355
          0.139254 0.00923895 0.0647699 0.136158 0.00743317 0.0761359 0.134761 0.023679 0.0755825
          0.139254 0.00923895 0.0647699 0.134761 0.023679 0.0755825 0.136554 0.0237975 0.0645668
          0.0998343 -0.113219 0.144478 0.0996388 -0.101004 0.137892 0.100359 -0.096593 0.137005
          0.0998343 -0.113219 0.144478 0.100359 -0.096593 0.137005 0.102899 -0.111591 0.134786
          0.101658 -0.0412645 0.131775 0.101093 -0.0389614 0.13986 0.10169 -0.0521187 0.136057
          0.101658 -0.0412645 0.131775 0.10169 -0.0521187 0.136057 0.102345 -0.0525241 0.132357
          0.118457 -0.0635603 -0.0846756 0.121803 -0.0508748 -0.0855858 0.116441 -0.0486802 -0.0985919
          0.118457 -0.0635603 -0.0846756 0.116441 -0.0486802 -0.0985919 0.11664 -0.060961 -0.0962014
          0.118569 -0.0799398 -0.0680783 0.11683 -0.0914275 -0.0653914 0.116763 -0.0938979 -0.0531697
          0.118569 -0.0799398 -0.0680783 0.116763 -0.0938979 -0.0531697 0.122108 -0.0808328 -0.0554268
          0.113726 0.00929783 -0.0935911 0.123243 0.010209 -0.0720718 0.124688 -0.00589418 -0.0683349
          0.113726 0.00929783 -0.0935911 0.124688 -0.00589418 -0.0683349 0.117401 -0.00962553 -0.0843953
          0.113726 0.00929783 -0.0935911 0.117401 -0.00962553 -0.0843953 0.1141 -0.00462181 -0.0923679
          0.112514 -0.022461 -0.0911288 0.1141 -0.00462181 -0.0923679 0.117401 -0.00962553 -0.0843953
          0.112514 -0.022461 -0.0911288 0.117401 -0.00962553 -0.0843953 0.117269 -0.0171851 -0.0829916
          0.139451 0.00938137 -0.0554392 0.136298 0.0114229 -0.0666709 0.134707 -0.00505385 -0.0661954
          0.139451 0.00938137 -0.0554392 0.134707 -0.00505385 -0.0661954 0.136662 -0.00518155 -0.0552329
          0.121853 0.0555061 -0.087761 0.119504 0.0701586 -0.0866402 0.11753 0.0692879 -0.0962485
          0.121853 0.0555061 -0.087761 0.11753 0.0692879 -0.0962485 0.118077 0.0540333 -0.0970047
          0.137903 0.0357145 -0.0520082 0.129604 0.0408257 -0.0666795 0.134685 0.0231279 -0.0671053
          0.137903 0.0357145 -0.0520082 0.134685 0.0231279 -0.0671053 0.137609 0.0245263 -0.0553554
          0.130997 0.0541552 -0.0626452 0.135586 0.0657148 -0.0669589 0.130266 0.0714925 -0.0733014
          0.130997 0.0541552 -0.0626452 0.130266 0.0714925 -0.0733014 0.119504 0.0701586 -0.0866402
          0.130997 0.0541552 -0.0626452 0.119504 0.0701586 -0.0866402 0.121853 0.0555061 -0.087761
          0.137903 0.0357145 -0.0520082 0.137964 0.0547223 -0.0552658 0.130997 0.0541552 -0.0626452
          0.137903 0.0357145 -0.0520082 0.130997 0.0541552 -0.0626452 0.129604 0.0408257 -0.0666795
          0.12111 0.100767 -0.0677974 0.119495 0.10062 -0.0561786 0.117735 0.108607 -0.0551234
          0.12111 0.100767 -0.0677974 0.117735 0.108607 -0.0551234 0.1185 0.106561 -0.0711262
          0.114823 -0.0873228 0.00573514 0.114569 -0.087735 -0.00962801 0.118043 -0.0799976 -0.0142299
          0.114823 -0.0873228 0.00573514 0.118043 -0.0799976 -0.0142299 0.11886 -0.0792143 0.00191242
          0.112321 -0.0862182 -0.0268804 0.117194 -0.0783114 -0.0234403 0.118043 -0.0799976 -0.0142299
          0.112321 -0.0862182 -0.0268804 0.118043 -0.0799976 -0.0142299 0.114569 -0.087735 -0.00962801
          0.140513 -0.0515164 0.00472697 0.138998 -0.0514097 -0.00992977 0.136198 -0.0665225 -0.0104386
          0.140513 -0.0515164 0.00472697 0.136198 -0.0665225 -0.0104386 0.135162 -0.0662673 0.00471179
          0.133981 -0.0778251 0.00217332 0.135162 -0.0662673 0.00471179 0.136198 -0.0665225 -0.0104386
          0.133981 -0.0778251 0.00217332 0.136198 -0.0665225 -0.0104386 0.133438 -0.0749766 -0.00633964
          0.139451 0.00938137 -0.0554392 0.136662 -0.00518155 -0.0552329 0.135724 -0.00543841 -0.0425195
          0.139451 0.00938137 -0.0554392 0.135724 -0.00543841 -0.0425195 0.141637 0.009321 -0.0338311
          0.140513 -0.0515164 0.00472697 0.141589 -0.0291272 0.00467453 0.137711 -0.0374088 -0.0103649
          0.140513 -0.0515164 0.00472697 0.137711 -0.0374088 -0.0103649 0.138998 -0.0514097 -0.00992977
          0.128811 0.0551498 -0.0236526 0.118513 0.0363736 -0.0223907 0.128706 0.037519 -0.0412435
          0.128811 0.0551498 -0.0236526 0.128706 0.037519 -0.0412435 0.121779 0.0568953 -0.0429056
          0.122 0.101738 -0.0415213 0.11813 0.111083 -0.0399334 0.117735 0.108607 -0.0551234
          0.122 0.101738 -0.0415213 0.117735 0.108607 -0.0551234 0.119495 0.10062 -0.0561786
          0.121611 -0.0831085 0.0508541 0.117727 -0.0922718 0.0492432 0.117132 -0.0915072 0.0647409
          0.121611 -0.0831085 0.0508541 0.117132 -0.0915072 0.0647409 0.119087 -0.0819892 0.0655181
          0.138234 -0.0477252 0.0308392 0.130999 -0.0624296 0.0359269 0.131002 -0.0580611 0.0495056
          0.138234 -0.0477252 0.0308392 0.131002 -0.0580611 0.0495056 0.137886 -0.0507023 0.0501096
          0.129177 -0.036558 0.0331404 0.118513 -0.0176062 0.0315832 0.128613 -0.0190502 0.0505307
          0.129177 -0.036558 0.0331404 0.128613 -0.0190502 0.0505307 0.121679 -0.0382197 0.052107
          0.139399 0.0694162 0.00459843 0.141637 0.0478467 0.00464649 0.135298 0.0565215 0.0190806
          0.139399 0.0694162 0.00459843 0.135298 0.0565215 0.0190806 0.136693 0.0692146 0.0191628
          0.139254 0.00923895 0.0647699 0.136554 0.0237975 0.0645668 0.135284 0.0237812 0.0519115
          0.139254 0.00923895 0.0647699 0.135284 0.0237812 0.0519115 0.141577 0.00934644 0.0426445
          0.140786 0.0362198 0.0315823 0.131994 0.0381318 0.0488501 0.133495 0.0523176 0.0476724
          0.140786 0.0362198 0.0315823 0.133495 0.0523176 0.0476724 0.132028 0.0535017 0.0335043
          0.11756 -0.0505625 0.105505 0.119435 -0.051538 0.0959769 0.121038 -0.0631 0.0961189
          0.11756 -0.0505625 0.105505 0.121038 -0.0631 0.0961189 0.118401 -0.0664847 0.101868
          0.137828 -0.0160738 0.0608538 0.129473 -0.0219387 0.0759732 0.134788 -0.00407842 0.0761089
          0.137828 -0.0160738 0.0608538 0.134788 -0.00407842 0.0761089 0.137467 -0.00592669 0.0646838
          0.121965 -0.0368823 0.0970954 0.119435 -0.051538 0.0959769 0.11756 -0.0505625 0.105505
          0.121965 -0.0368823 0.0970954 0.11756 -0.0505625 0.105505 0.118051 -0.0353344 0.106388
          0.11845 0.0985865 0.0775527 0.116569 0.110142 0.0749204 0.116418 0.112569 0.0626158
          0.11845 0.0985865 0.0775527 0.116418 0.112569 0.0626158 0.121705 0.0995601 0.0648441
          0.118456 0.0822615 0.0938611 0.121693 0.0694834 0.0949191 0.116447 0.0672686 0.107938
          0.118456 0.0822615 0.0938611 0.116447 0.0672686 0.107938 0.116575 0.0796387 0.105435
          0.105369 0.0856067 -0.123884 0.103714 0.101028 -0.122289 0.0997343 0.101348 -0.126902
          0.105369 0.0856067 -0.123884 0.0997343 0.101348 -0.126902 0.100533 0.0855746 -0.125925
          0.108242 0.0970781 -0.111672 0.103714 0.101028 -0.122289 0.105369 0.0856067 -0.123884
          0.108242 0.0970781 -0.111672 0.105369 0.0856067 -0.123884 0.1087 0.087217 -0.113597
          0.105378 0.137878 -0.0716268 0.100555 0.139884 -0.0715944 0.0997409 0.140876 -0.0873678
          0.105378 0.137878 -0.0716268 0.0997409 0.140876 -0.0873678 0.103719 0.136276 -0.0870479
          0.108265 0.125643 -0.0830789 0.108716 0.127613 -0.0732022 0.105378 0.137878 -0.0716268
          0.108265 0.125643 -0.0830789 0.105378 0.137878 -0.0716268 0.103719 0.136276 -0.0870479
          0.105065 -0.118756 0.0809617 0.100431 -0.121387 0.0809355 0.0996591 -0.122333 0.0967051
          0.105065 -0.118756 0.0809617 0.0996591 -0.122333 0.0967051 0.103625 -0.11752 0.0963867
          0.108127 -0.107004 0.0924811 0.10842 -0.108893 0.0825858 0.105065 -0.118756 0.0809617
          0.108127 -0.107004 0.0924811 0.105065 -0.118756 0.0809617 0.103625 -0.11752 0.0963867
          0.105107 -0.0669824 0.132804 0.103719 -0.0824079 0.131636 0.0997387 -0.0827278 0.136238
          0.105107 -0.0669824 0.132804 0.0997387 -0.0827278 0.136238 0.100577 -0.0669542 0.135221
          0.107944 -0.0846165 0.120197 0.103719 -0.0824079 0.131636 0.105107 -0.0669824 0.132804
          0.107944 -0.0846165 0.120197 0.105107 -0.0669824 0.132804 0.108705 -0.0685838 0.122951
          0.13746 -0.0517313 -0.0232154 0.136456 -0.0364386 -0.0257971 0.132325 -0.0418038 -0.0325389
          0.13746 -0.0517313 -0.0232154 0.132325 -0.0418038 -0.0325389 0.131587 -0.0532614 -0.0304712
          0.132325 -0.0418038 -0.0325389 0.136456 -0.0364386 -0.0257971 0.133403 -0.0336927 -0.0385966
          0.132325 -0.0418038 -0.0325389 0.133403 -0.0336927 -0.0385966 0.132926 -0.0388524 -0.0434929
        </DataArray>
      </Points>
      <Polys>
        <DataArray type="Int32" Name="connectivity" format="ascii">
          0 1 2 3 4 5 6 7 8 9 10 11 12 13 14 15 16 17
          18 19 20 21 22 23 24 25 26 27 28 29 30 31 32 33 34 35
          36 37 38 39 40 41 42 43 44 45 46 47 48 49 50 51 52 53
          54 55 56 57 58 59 60 61 62 63 64 65 66 67 68 69 70 71
          72 73 74 75 76 77 78 79 80 81 82 83 84 85 86 87 88 89
          90 91 92 93 94 95 96 97 98 99 100 101 102 103 104 105 106 107
          108 109 110 111 112 113 114 115 116 117 118 119 120 121 122 123 124 125
          126 127 128 129 130 131 132 133 134 135 136 137 138 139 140 141 142 143
          144 145 146 147 148 149 150 151 152 153 154 155 156 157 158 159 160 161
          162 163 164 165 166 167 168 169 170 171 172 173 174 175 176 177 178 179
          180 181 182 183 184 185 186 187 188 189 190 191 192 193 194 195 196 197
          198 199 200 201 202 203 204 205 206 207 208 209 210 211 212 213 214 215
          216 217 218 219 220 221 222 223 224 225 226 227 228 229 230 231 232 233
          234 235 236 237 238 239 240 241 242 243 244 245 246 247 248 249 250 251
          252 253 254 255 256 257 258 259 260 261 262 263 264 265 266 267 268 269
          270 271 272 273 274 275 276 277 278 279 280 281 282 283 284 285 286 287
          288 289 290 291 292 293 294 295 296 297 298 299 300 301 302 303 304 305
          306 307 308 309 310 311 312 313 314 315 316 317 318 319 320 321 322 323
          324 325 326 327 328 329 330 331 332 333 334 335 336 337 338 339 340 341
          342 343 344 345 346 347 348 349 350 351 352 353 354 355 356 357 358 359
          360 361 362 363 364 365 366 367 368 369 370 371 372 373 374 375 376 377
          378 379 380 381 382 383 384 385 386 387 388 389 390 391 392 393 394 395
          396 397 398 399 400 401 402 403 404 405 406 407 408 409 410 411 412 413
          414 415 416 417 418 419 420 421 422 423 424 425 426 427 428 429 430 431
          432 433 434 435 436 437 438 439 440 441 442 443 444 445 446 447 448 449
          450 451 452 453 454 455 456 457 458 459 460 461 462 463 464 465 466 467
          468 469 470 471 472 473 474 475 476 477 478 479 480 481 482 483 484 485
          486 487 488 489 490 491 492 493 494 495 496 497 498 499 500 501 502 503
          504 505 506 507 508 509 510 511 512 513 514 515 516 517 518 519 520 521
          522 523 524 525 526 527 528 529 530 531 532 533 534 535 536 537 538 539
          540 541 542 543 544 545 546 547 548 549 550 551 552 553 554 555 556 557
          558 559 560 561 562 563 564 565 566 567 568 569 570 571 572 573 574 575
          576 577 578 579 580 581 582 583 584 585 586 587 588 589 590 591 592 593
          594 595 596 597 598 599 600 601 602 603 604 605 606 607 608 609 610 611
          612 613 614 615 616 617 618 619 620 621 622 623 624 625 626 627 628 629
          630 631 632 633 634 635 636 637 638 639 640 641 642 643 644 645 646 647
          648 649 650 651 652 653 654 655 656 657 658 659 660 661 662 663 664 665
          666 667 668 669 670 671 672 673 674 675 676 677 678 679 680 681 682 683
          684 685 686 687 688 689 690 691 692 693 694 695 696 697 698 699 700 701
          702 703 704 705 706 707 708 709 710 711 712 713 714 715 716 717 718 719
          720 721 722 723 724 725 726 727 728 729 730 731 732 733 734 735 736 737
          738 739 740 741 742 743 744 745 746 747 748 749 750 751 752 753 754 755
          756 757 758 759 760 761 762 763 764 765 766 767 768 769 770 771 772 773
          774 775 776 777 778 779 780 781 782 783 784 785 786 787 788 789 790 791
          792 793 794 795 796 797 798 799 800 801 802 803 804 805 806 807 808 809
          810 811 812 813 814 815 816 817 818 819 820 821 822 823 824 825 826 827
          828 829 830 831 832 833 834 835 836 837 838 839 840 841 842 843 844 845
          846 847 848 849 850 851 852 853 854 855 856 857 858 859 860 861 862 863
          864 865 866 867 868 869 870 871 872 873 874 875 876 877 878 879 880 881
          882 883 884 885 886 887 888 889 890 891 892 893 894 895 896 897 898 899
          900 901 902 903 904 905 906 907 908 909 910 911 912 913 914 915 916 917
          918 919 920 921 922 923 924 925 926 927 928 929 930 931 932 933 934 935
          936 937 938 939 940 941 942 943 944 945 946 947 948 949 950 951 952 953
          954 955 956 957 958 959 960 961 962 963 964 965 966 967 968 969 970 971
          972 973 974 975 976 977 978 979 980 981 982 983 984 985 986 987 988 989
          990 991 992 993 994 995 996 997 998 999 1000 1001 1002 1003 1004 1005 1006 1007
          1008 1009 1010 1011 1012 1013 1014 1015 1016 1017 1018 1019 1020 1021 1022 1023 1024 1025
          1026 1027 1028 1029 1030 1031 1032 1033 1034 1035 1036 1037 1038 1039 1040 1041 1042 1043
          1044 1045 1046 1047 1048 1049 1050 1051 1052 1053 1054 1055 1056 1057 1058 1059 1060 1061
          1062 1063 1064 1065 1066 1067 1068 1069 1070 1071 1072 1073 1074 1075 1076 1077 1078 1079
          1080 1081 1082 1083 1084 1085 1086 1087 1088 1089 1090 1091 1092 1093 1094 1095 1096 1097
          1098 1099 1100 1101 1102 1103 1104 1105 1106 1107 1108 1109 1110 1111 1112 1113 1114 1115
          1116 1117 1118 1119 1120 1121 1122 1123 1124 1125 1126 1127 1128 1129 1130 1131 1132 1133
          1134 1135 1136 1137 1138 1139 1140 1141 1142 1143 1144 1145 1146 1147 1148 1149 1150 1151
          1152 1153 1154 1155 1156 1157 1158 1159 1160 1161 1162 1163 1164 1165 1166 1167 1168 1169
          1170 1171 1172 1173 1174 1175 1176 1177 1178 1179 1180 1181 1182 1183 1184 1185 1186 1187
          1188 1189 1190 1191 1192 1193 1194 1195 1196 1197 1198 1199 1200 1201 1202 1203 1204 1205
          1206 1207 1208 1209 1210 1211 1212 1213 1214 1215 1216 1217 1218 1219 1220 1221 1222 1223
          1224 1225 1226 1227 1228 1229 1230 1231 1232 1233 1234 1235 1236 1237 1238 1239 1240 1241
          1242 1243 1244 1245 1246 1247 1248 1249 1250 1251 1252 1253 1254 1255 1256 1257 1258 1259
          1260 1261 1262 1263 1264 1265 1266 1267 1268 1269 1270 1271 1272 1273 1274 1275 1276 1277
          1278 1279 1280 1281 1282 1283 1284 1285 1286 1287 1288 1289 1290 1291 1292 1293 1294 1295
          1296 1297 1298 1299 1300 1301 1302 1303 1304 1305 1306 1307 1308 1309 1310 1311 1312 1313
          1314 1315 1316 1317 1318 1319 1320 1321 1322 1323 1324 1325 1326 1327 1328 1329 1330 1331
          1332 1333 1334 1335 1336 1337 1338 1339 1340 1341 1342 1343 1344 1345 1346 1347 1348 1349
          1350 1351 1352 1353 1354 1355 1356 1357 1358 1359 1360 1361 1362 1363 1364 1365 1366 1367
          1368 1369 1370 1371 1372 1373 1374 1375 1376 1377 1378 1379 1380 1381 1382 1383 1384 1385
          1386 1387 1388 1389 1390 1391 1392 1393 1394 1395 1396 1397 1398 1399 1400 1401 1402 1403
          1404 1405 1406 1407 1408 1409 1410 1411 1412 1413 1414 1415 1416 1417 1418 1419 1420 1421
          1422 1423 1424 1425 1426 1427 1428 1429 1430 1431 1432 1433 1434 1435 1436 1437 1438 1439
          1440 1441 1442 1443 1444 1445 1446 1447 1448 1449 1450 1451 1452 1453 1454 1455 1456 1457
          1458 1459 1460 1461 1462 1463 1464 1465 1466 1467 1468 1469 1470 1471 1472 1473 1474 1475
          1476 1477 1478 1479 1480 1481 1482 1483 1484 1485 1486 1487 1488 1489 1490 1491 1492 1493
          1494 1495 1496 1497 1498 1499 1500 1501 1502 1503 1504 1505 1506 1507 1508 1509 1510 1511
          1512 1513 1514 1515 1516 1517 1518 1519 1520 1521 1522 1523 1524 1525 1526 1527 1528 1529
          1530 1531 1532 1533 1534 1535 1536 1537 1538 1539 1540 1541 1542 1543 1544 1545 1546 1547
          1548 1549 1550 1551 1552 1553 1554 1555 1556 1557 1558 1559 1560 1561 1562 1563 1564 1565
          1566 1567 1568 1569 1570 1571 1572 1573 1574 1575 1576 1577 1578 1579 1580 1581 1582 1583
          1584 1585 1586 1587 1588 1589 1590 1591 1592 1593 1594 1595 1596 1597 1598 1599 1600 1601
          1602 1603 1604 1605 1606 1607 1608 1609 1610 1611 1612 1613 1614 1615 1616 1617 1618 1619
          1620 1621 1622 1623 1624 1625 1626 1627 1628 1629 1630 1631 1632 1633 1634 1635 1636 1637
          1638 1639 1640 1641 1642 1643 1644 1645 1646 1647 1648 1649 1650 1651 1652 1653 1654 1655
          1656 1657 1658 1659 1660 1661 1662 1663 1664 1665 1666 1667 1668 1669 1670 1671 1672 1673
          1674 1675 1676 1677 1678 1679 1680 1681 1682 1683 1684 1685 1686 1687 1688 1689 1690 1691
          1692 1693 1694 1695 1696 1697 1698 1699 1700 1701 1702 1703 1704 1705 1706 1707 1708 1709
          1710 1711 1712 1713 1714 1715 1716 1717 1718 1719 1720 1721 1722 1723 1724 1725 1726 1727
          1728 1729 1730 1731 1732 1733 1734 1735 1736 1737 1738 1739 1740 1741 1742 1743 1744 1745
          1746 1747 1748 1749 1750 1751 1752 1753 1754 1755 1756 1757 1758 1759 1760 1761 1762 1763
          1764 1765 1766 1767 1768 1769 1770 1771 1772 1773 1774 1775 1776 1777 1778 1779 1780 1781
          1782 1783 1784 1785 1786 1787 1788 1789 1790 1791 1792 1793 1794 1795 1796 1797 1798 1799
          1800 1801 1802 1803 1804 1805 1806 1807 1808 1809 1810 1811 1812 1813 1814 1815 1816 1817
          1818 1819 1820 1821 1822 1823 1824 1825 1826 1827 1828 1829 1830 1831 1832 1833 1834 1835
          1836 1837 1838 1839 1840 1841 1842 1843 1844 1845 1846 1847 1848 1849 1850 1851 1852 1853
          1854 1855 1856 1857 1858 1859 1860 1861 1862 1863 1864 1865 1866 1867 1868 1869 1870 1871
          1872 1873 1874 1875 1876 1877 1878 1879 1880 1881 1882 1883 1884 1885 1886 1887 1888 1889
          1890 1891 1892 1893 1894 1895 1896 1897 1898 1899 1900 1901 1902 1903 1904 1905 1906 1907
          1908 1909 1910 1911 1912 1913 1914 1915 1916 1917 1918 1919 1920 1921 1922 1923 1924 1925
          1926 1927 1928 1929 1930 1931 1932 1933 1934 1935 1936 1937 1938 1939 1940 1941 1942 1943
          1944 1945 1946 1947 1948 1949 1950 1951 1952 1953 1954 1955 1956 1957 1958 1959 1960 1961
          1962 1963 1964 1965 1966 1967 1968 1969 1970 1971 1972 1973 1974 1975 1976 1977 1978 1979
          1980 1981 1982 1983 1984 1985 1986 1987 1988 1989 1990 1991 1992 1993 1994 1995 1996 1997
          1998 1999 2000 2001 2002 2003 2004 2005 2006 2007 2008 2009 2010 2011 2012 2013 2014 2015
          2016 2017 2018 2019 2020 2021 2022 2023 2024 2025 2026 2027 2028 2029 2030 2031 2032 2033
          2034 2035 2036 2037 2038 2039 2040 2041 2042 2043 2044 2045 2046 2047 2048 2049 2050 2051
          2052 2053 2054 2055 2056 2057 2058 2059 2060 2061 2062 2063 2064 2065 2066 2067 2068 2069
          2070 2071 2072 2073 2074 2075 2076 2077 2078 2079 2080 2081 2082 2083 2084 2085 2086 2087
          2088 2089 2090 2091 2092 2093 2094 2095 2096 2097 2098 2099 2100 2101 2102 2103 2104 2105
          2106 2107 2108 2109 2110 2111 2112 2113 2114 2115 2116 2117 2118 2119 2120 2121 2122 2123
          2124 2125 2126 2127 2128 2129 2130 2131 2132 2133 2134 2135 2136 2137 2138 2139 2140 2141
          2142 2143 2144 2145 2146 2147 2148 2149 2150 2151 2152 2153 2154 2155 2156 2157 2158 2159
          2160 2161 2162 2163 2164 2165 2166 2167 2168 2169 2170 2171 2172 2173 2174 2175 2176 2177
          2178 2179 2180 2181 2182 2183 2184 2185 2186 2187 2188 2189 2190 2191 2192 2193 2194 2195
          2196 2197 2198 2199 2200 2201 2202 2203 2204 2205 2206 2207 2208 2209 2210 2211 2212 2213
          2214 2215 2216 2217 2218 2219 2220 2221 2222 2223 2224 2225 2226 2227 2228 2229 2230 2231
          2232 2233 2234 2235 2236 2237 2238 2239 2240 2241 2242 2243 2244 2245 2246 2247 2248 2249
          2250 2251 2252 2253 2254 2255 2256 2257 2258 2259 2260 2261 2262 2263 2264 2265 2266 2267
          2268 2269 2270 2271 2272 2273 2274 2275 2276 2277 2278 2279 2280 2281 2282 2283 2284 2285
          2286 2287 2288 2289 2290 2291 2292 2293 2294 2295 2296 2297 2298 2299 2300 2301 2302 2303
          2304 2305 2306 2307 2308 2309 2310 2311 2312 2313 2314 2315 2316 2317 2318 2319 2320 2321
          2322 2323 2324 2325 2326 2327 2328 2329 2330 2331 2332 2333 2334 2335 2336 2337 2338 2339
          2340 2341 2342 2343 2344 2345 2346 2347 2348 2349 2350 2351 2352 2353 2354 2355 2356 2357
          2358 2359 2360 2361 2362 2363 2364 2365 2366 2367 2368 2369 2370 2371 2372 2373 2374 2375
          2376 2377 2378 2379 2380 2381 2382 2383 2384 2385 2386 2387 2388 2389 2390 2391 2392 2393
          2394 2395 2396 2397 2398 2399 2400 2401 2402 2403 2404 2405 2406 2407 2408 2409 2410 2411
          2412 2413 2414 2415 2416 2417 2418 2419 2420 2421 2422 2423 2424 2425 2426 2427 2428 2429
          2430 2431 2432 2433 2434 2435 2436 2437 2438 2439 2440 2441 2442 2443 2444 2445 2446 2447
          2448 2449 2450 2451 2452 2453 2454 2455 2456 2457 2458 2459 2460 2461 2462 2463 2464 2465
          2466 2467 2468 2469 2470 2471 2472 2473 2474 2475 2476 2477 2478 2479 2480 2481 2482 2483
          2484 2485 2486 2487 2488 2489 2490 2491 2492 2493 2494 2495 2496 2497 2498 2499 2500 2501
          2502 2503 2504 2505 2506 2507 2508 2509 2510 2511 2512 2513 2514 2515 2516 2517 2518 2519
          2520 2521 2522 2523 2524 2525 2526 2527 2528 2529 2530 2531 2532 2533 2534 2535 2536 2537
          2538 2539 2540 2541 2542 2543 2544 2545 2546 2547 2548 2549 2550 2551 2552 2553 2554 2555
          2556 2557 2558 2559 2560 2561 2562 2563 2564 2565 2566 2567 2568 2569 2570 2571 2572 2573
          2574 2575 2576 2577 2578 2579 2580 2581 2582 2583 2584 2585 2586 2587 2588 2589 2590 2591
          2592 2593 2594 2595 2596 2597 2598 2599 2600 2601 2602 2603 2604 2605 2606 2607 2608 2609
          2610 2611 2612 2613 2614 2615 2616 2617 2618 2619 2620 2621 2622 2623 2624 2625 2626 2627
          2628 2629 2630 2631 2632 2633 2634 2635 2636 2637 2638 2639 2640 2641 2642 2643 2644 2645
          2646 2647 2648 2649 2650 2651 2652 2653 2654 2655 2656 2657 2658 2659 2660 2661 2662 2663
          2664 2665 2666 2667 2668 2669 2670 2671 2672 2673 2674 2675 2676 2677 2678 2679 2680 2681
          2682 2683 2684 2685 2686 2687 2688 2689 2690 2691 2692 2693 2694 2695 2696 2697 2698 2699
          2700 2701 2702 2703 2704 2705 2706 2707 2708 2709 2710 2711 2712 2713 2714 2715 2716 2717
          2718 2719 2720 2721 2722 2723 2724 2725 2726 2727 2728 2729 2730 2731 2732 2733 2734 2735
          2736 2737 2738 2739 2740 2741 2742 2743 2744 2745 2746 2747 2748 2749 2750 2751 2752 2753
          2754 2755 2756 2757 2758 2759 2760 2761 2762 2763 2764 2765 2766 2767 2768 2769 2770 2771
          2772 2773 2774 2775 2776 2777 2778 2779 2780 2781 2782 2783 2784 2785 2786 2787 2788 2789
          2790 2791 2792 2793 2794 2795 2796 2797 2798 2799 2800 2801 2802 2803 2804 2805 2806 2807
          2808 2809 2810 2811 2812 2813 2814 2815 2816 2817 2818 2819 2820 2821 2822 2823 2824 2825
          2826 2827 2828 2829 2830 2831 2832 2833 2834 2835 2836 2837 2838 2839 2840 2841 2842 2843
          2844 2845 2846 2847 2848 2849 2850 2851 2852 2853 2854 2855 2856 2857 2858 2859 2860 2861
          2862 2863 2864 2865 2866 2867 2868 2869 2870 2871 2872 2873 2874 2875 2876 2877 2878 2879
          2880 2881 2882 2883 2884 2885 2886 2887 2888 2889 2890 2891 2892 2893 2894 2895 2896 2897
          2898 2899 2900 2901 2902 2903 2904 2905 2906 2907 2908 2909 2910 2911 2912 2913 2914 2915
          2916 2917 2918 2919 2920 2921 2922 2923 2924 2925 2926 2927 2928 2929 2930 2931 2932 2933
          2934 2935 2936 2937 2938 2939 2940 2941 2942 2943 2944 2945 2946 2947 2948 2949 2950 2951
          2952 2953 2954 2955 2956 2957 2958 2959 2960 2961 2962 2963 2964 2965 2966 2967 2968 2969
          2970 2971 2972 2973 2974 2975 2976 2977 2978 2979 2980 2981 2982 2983 2984 2985 2986 2987
          2988 2989 2990 2991 2992 2993 2994 2995 2996 2997 2998 2999 3000 3001 3002 3003 3004 3005
          3006 3007 3008 3009 3010 3011 3012 3013 3014 3015 3016 3017 3018 3019 3020 3021 3022 3023
          3024 3025 3026 3027 3028 3029 3030 3031 3032 3033 3034 3035 3036 3037 3038 3039 3040 3041
          3042 3043 3044 3045 3046 3047 3048 3049 3050 3051 3052 3053 3054 3055 3056 3057 3058 3059
          3060 3061 3062 3063 3064 3065 3066 3067 3068 3069 3070 3071 3072 3073 3074 3075 3076 3077
          3078 3079 3080 3081 3082 3083 3084 3085 3086 3087 3088 3089 3090 3091 3092 3093 3094 3095
          3096 3097 3098 3099 3100 3101 3102 3103 3104 3105 3106 3107 3108 3109 3110 3111 3112 3113
          3114 3115 3116 3117 3118 3119 3120 3121 3122 3123 3124 3125 3126 3127 3128 3129 3130 3131
          3132 3133 3134 3135 3136 3137 3138 3139 3140 3141 3142 3143 3144 3145 3146 3147 3148 3149
          3150 3151 3152 3153 3154 3155 3156 3157 3158 3159 3160 3161 3162 3163 3164 3165 3166 3167
          3168 3169 3170 3171 3172 3173 3174 3175 3176 3177 3178 3179 3180 3181 3182 3183 3184 3185
          3186 3187 3188 3189 3190 3191 3192 3193 3194 3195 3196 3197 3198 3199 3200 3201 3202 3203
          3204 3205 3206 3207 3208 3209 3210 3211 3212 3213 3214 3215 3216 3217 3218 3219 3220 3221
          3222 3223 3224 3225 3226 3227 3228 3229 3230 3231 3232 3233 3234 3235 3236 3237 3238 3239
          3240 3241 3242 3243 3244 3245 3246 3247 3248 3249 3250 3251 3252 3253 3254 3255 3256 3257
          3258 3259 3260 3261 3262 3263 3264 3265 3266 3267 3268 3269 3270 3271 3272 3273 3274 3275
          3276 3277 3278 3279 3280 3281 3282 3283 3284 3285 3286 3287 3288 3289 3290 3291 3292 3293
          3294 3295 3296 3297 3298 3299 3300 3301 3302 3303 3304 3305 3306 3307 3308 3309 3310 3311
          3312 3313 3314 3315 3316 3317 3318 3319 3320 3321 3322 3323 3324 3325 3326 3327 3328 3329
          3330 3331 3332 3333 3334 3335 3336 3337 3338 3339 3340 3341 3342 3343 3344 3345 3346 3347
          3348 3349 3350 3351 3352 3353 3354 3355 3356 3357 3358 3359 3360 3361 3362 3363 3364 3365
          3366 3367 3368 3369 3370 3371 3372 3373 3374 3375 3376 3377 3378 3379 3380 3381 3382 3383
          3384 3385 3386 3387 3388 3389 3390 3391 3392 3393 3394 3395 3396 3397 3398 3399 3400 3401
          3402 3403 3404 3405 3406 3407 3408 3409 3410 3411 3412 3413 3414 3415 3416 3417 3418 3419
          3420 3421 3422 3423 3424 3425 3426 3427 3428 3429 3430 3431 3432 3433 3434 3435 3436 3437
          3438 3439 3440 3441 3442 3443 3444 3445 3446 3447 3448 3449 3450 3451 3452 3453 3454 3455
          3456 3457 3458 3459 3460 3461 3462 3463 3464 3465 3466 3467 3468 3469 3470 3471 3472 3473
          3474 3475 3476 3477 3478 3479 3480 3481 3482 3483 3484 3485 3486 3487 3488 3489 3490 3491
          3492 3493 3494 3495 3496 3497 3498 3499 3500 3501 3502 3503 3504 3505 3506 3507 3508 3509
          3510 3511 3512 3513 3514 3515 3516 3517 3518 3519 3520 3521 3522 3523 3524 3525 3526 3527
          3528 3529 3530 3531 3532 3533 3534 3535 3536 3537 3538 3539 3540 3541 3542 3543 3544 3545
          3546 3547 3548 3549 3550 3551 3552 3553 3554 3555 3556 3557 3558 3559 3560 3561 3562 3563
          3564 3565 3566 3567 3568 3569 3570 3571 3572 3573 3574 3575 3576 3577 3578 3579 3580 3581
          3582 3583 3584 3585 3586 3587 3588 3589 3590 3591 3592 3593 3594 3595 3596 3597 3598 3599
          3600 3601 3602 3603 3604 3605 3606 3607 3608 3609 3610 3611 3612 3613 3614 3615 3616 3617
          3618 3619 3620 3621 3622 3623 3624 3625 3626 3627 3628 3629 3630 3631 3632 3633 3634 3635
          3636 3637 3638 3639 3640 3641 3642 3643 3644 3645 3646 3647 3648 3649 3650 3651 3652 3653
          3654 3655 3656 3657 3658 3659 3660 3661 3662 3663 3664 3665 3666 3667 3668 3669 3670 3671
          3672 3673 3674 3675 3676 3677 3678 3679 3680 3681 3682 3683 3684 3685 3686 3687 3688 3689
          3690 3691 3692 3693 3694 3695 3696 3697 3698 3699 3700 3701 3702 3703 3704 3705 3706 3707
          3708 3709 3710 3711 3712 3713 3714 3715 3716 3717 3718 3719 3720 3721 3722 3723 3724 3725
          3726 3727 3728 3729 3730 3731 3732 3733 3734 3735 3736 3737 3738 3739 3740 3741 3742 3743
          3744 3745 3746 3747 3748 3749 3750 3751 3752 3753 3754 3755 3756 3757 3758 3759 3760 3761
          3762 3763 3764 3765 3766 3767 3768 3769 3770 3771 3772 3773 3774 3775 3776 3777 3778 3779
          3780 3781 3782 3783 3784 3785 3786 3787 3788 3789 3790 3791 3792 3793 3794 3795 3796 3797
          3798 3799 3800 3801 3802 3803 3804 3805 3806 3807 3808 3809 3810 3811 3812 3813 3814 3815
          3816 3817 3818 3819 3820 3821 3822 3823 3824 3825 3826 3827 3828 3829 3830 3831 3832 3833
          3834 3835 3836 3837 3838 3839 3840 3841 3842 3843 3844 3845 3846 3847 3848 3849 3850 3851
          3852 3853 3854 3855 3856 3857 3858 3859 3860 3861 3862 3863 3864 3865 3866 3867 3868 3869
          3870 3871 3872 3873 3874 3875 3876 3877 3878 3879 3880 3881 3882 3883 3884 3885 3886 3887
          3888 3889 3890 3891 3892 3893 3894 3895 3896 3897 3898 3899 3900 3901 3902 3903 3904 3905
          3906 3907 3908 3909 3910 3911 3912 3913 3914 3915 3916 3917 3918 3919 3920 3921 3922 3923
          3924 3925 3926 3927 3928 3929 3930 3931 3932 3933 3934 3935 3936 3937 3938 3939 3940 3941
          3942 3943 3944 3945 3946 3947 3948 3949 3950 3951 3952 3953 3954 3955 3956 3957 3958 3959
          3960 3961 3962 3963 3964 3965 3966 3967 3968 3969 3970 3971 3972 3973 3974 3975 3976 3977
          3978 3979 3980 3981 3982 3983 3984 3985 3986 3987 3988 3989 3990 3991 3992 3993 3994 3995
          3996 3997 3998 3999 4000 4001 4002 4003 4004 4005 4006 4007 4008 4009 4010 4011 4012 4013
          4014 4015 4016 4017 4018 4019 4020 4021 4022 4023 4024 4025 4026 4027 4028 4029 4030 4031
          4032 4033 4034 4035 4036 4037 4038 4039 4040 4041 4042 4043 4044 4045 4046 4047 4048 4049
          4050 4051 4052 4053 4054 4055 4056 4057 4058 4059 4060 4061 4062 4063 4064 4065 4066 4067
          4068 4069 4070 4071 4072 4073 4074 4075 4076 4077 4078 4079 4080 4081 4082 4083 4084 4085
          4086 4087 4088 4089 4090 4091 4092 4093 4094 4095 4096 4097 4098 4099 4100 4101 4102 4103
          4104 4105 4106 4107 4108 4109 4110 4111 4112 4113 4114 4115 4116 4117 4118 4119 4120 4121
          4122 4123 4124 4125 4126 4127 4128 4129 4130 4131 4132 4133 4134 4135 4136 4137 4138 4139
          4140 4141 4142 4143 4144 4145 4146 4147 4148 4149 4150 4151 4152 4153 4154 4155 4156 4157
          4158 4159 4160 4161 4162 4163 4164 4165 4166 4167 4168 4169 4170 4171 4172 4173 4174 4175
          4176 4177 4178 4179 4180 4181 4182 4183 4184 4185 4186 4187 4188 4189 4190 4191 4192 4193
          4194 4195 4196 4197 4198 4199 4200 4201 4202 4203 4204 4205 4206 4207 4208 4209 4210 4211
          4212 4213 4214 4215 4216 4217 4218 4219 4220 4221 4222 4223 4224 4225 4226 4227 4228 4229
          4230 4231 4232 4233 4234 4235 4236 4237 4238 4239 4240 4241 4242 4243 4244 4245 4246 4247
          4248 4249 4250 4251 4252 4253 4254 4255 4256 4257 4258 4259 4260 4261 4262 4263 4264 4265
          4266 4267 4268 4269 4270 4271 4272 4273 4274 4275 4276 4277 4278 4279 4280 4281 4282 4283
          4284 4285 4286 4287 4288 4289 4290 4291 4292 4293 4294 4295 4296 4297 4298 4299 4300 4301
          4302 4303 4304 4305 4306 4307 4308 4309 4310 4311 4312 4313 4314 4315 4316 4317 4318 4319
          4320 4321 4322 4323 4324 4325 4326 4327 4328 4329 4330 4331 4332 4333 4334 4335 4336 4337
          4338 4339 4340 4341 4342 4343 4344 4345 4346 4347 4348 4349 4350 4351 4352 4353 4354 4355
          4356 4357 4358 4359 4360 4361 4362 4363 4364 4365 4366 4367 4368 4369 4370 4371 4372 4373
          4374 4375 4376 4377 4378 4379 4380 4381 4382 4383 4384 4385 4386 4387 4388 4389 4390 4391
          4392 4393 4394 4395 4396 4397 4398 4399 4400 4401 4402 4403 4404 4405 4406 4407 4408 4409
          4410 4411 4412 4413 4414 4415 4416 4417 4418 4419 4420 4421 4422 4423 4424 4425 4426 4427
          4428 4429 4430 4431 4432 4433 4434 4435 4436 4437 4438 4439 4440 4441 4442 4443 4444 4445
          4446 4447 4448 4449 4450 4451 4452 4453 4454 4455 4456 4457 4458 4459 4460 4461 4462 4463
          4464 4465 4466 4467 4468 4469 4470 4471 4472 4473 4474 4475 4476 4477 4478 4479 4480 4481
          4482 4483 4484 4485 4486 4487 4488 4489 4490 4491 4492 4493 4494 4495 4496 4497 4498 4499
          4500 4501 4502 4503 4504 4505 4506 4507 4508 4509 4510 4511 4512 4513 4514 4515 4516 4517
          4518 4519 4520 4521 4522 4523 4524 4525 4526 4527 4528 4529 4530 4531 4532 4533 4534 4535
          4536 4537 4538 4539 4540 4541 4542 4543 4544 4545 4546 4547 4548 4549 4550 4551 4552 4553
          4554 4555 4556 4557 4558 4559 4560 4561 4562 4563 4564 4565 4566 4567 4568 4569 4570 4571
          4572 4573 4574 4575 4576 4577 4578 4579 4580 4581 4582 4583 4584 4585 4586 4587 4588 4589
          4590 4591 4592 4593 4594 4595 4596 4597 4598 4599 4600 4601 4602 4603 4604 4605 4606 4607
          4608 4609 4610 4611 4612 4613 4614 4615 4616 4617 4618 4619 4620 4621 4622 4623 4624 4625
          4626 4627 4628 4629 4630 4631 4632 4633 4634 4635 4636 4637 4638 4639 4640 4641 4642 4643
          4644 4645 4646 4647 4648 4649 4650 4651 4652 4653 4654 4655 4656 4657 4658 4659 4660 4661
          4662 4663 4664 4665 4666 4667 4668 4669 4670 4671 4672 4673 4674 4675 4676 4677 4678 4679
          4680 4681 4682 4683 4684 4685 4686 4687 4688 4689 4690 4691 4692 4693 4694 4695 4696 4697
          4698 4699 4700 4701 4702 4703 4704 4705 4706 4707 4708 4709 4710 4711 4712 4713 4714 4715
          4716 4717 4718 4719 4720 4721 4722 4723 4724 4725 4726 4727 4728 4729 4730 4731 4732 4733
          4734 4735 4736 4737 4738 4739 4740 4741 4742 4743 4744 4745 4746 4747 4748 4749 4750 4751
          4752 4753 4754 4755 4756 4757 4758 4759 4760 4761 4762 4763 4764 4765 4766 4767 4768 4769
          4770 4771 4772 4773 4774 4775 4776 4777 4778 4779 4780 4781 4782 4783 4784 4785 4786 4787
          4788 4789 4790 4791 4792 4793 4794 4795 4796 4797 4798 4799 4800 4801 4802 4803 4804 4805
          4806 4807 4808 4809 4810 4811 4812 4813 4814 4815 4816 4817 4818 4819 4820 4821 4822 4823
          4824 4825 4826 4827 4828 4829 4830 4831 4832 4833 4834 4835 4836 4837 4838 4839 4840 4841
          4842 4843 4844 4845 4846 4847 4848 4849 4850 4851 4852 4853 4854 4855 4856 4857 4858 4859
          4860 4861 4862 4863 4864 4865 4866 4867 4868 4869 4870 4871 4872 4873 4874 4875 4876 4877
          4878 4879 4880 4881 4882 4883 4884 4885 4886 4887 4888 4889 4890 4891 4892 4893 4894 4895
          4896 4897 4898 4899 4900 4901 4902 4903 4904 4905 4906 4907 4908 4909 4910 4911 4912 4913
          4914 4915 4916 4917 4918 4919 4920 4921 4922 4923 4924 4925 4926 4927 4928 4929 4930 4931
          4932 4933 4934 4935 4936 4937 4938 4939 4940 4941 4942 4943 4944 4945 4946 4947 4948 4949
          4950 4951 4952 4953 4954 4955 4956 4957 4958 4959 4960 4961 4962 4963 4964 4965 4966 4967
          4968 4969 4970 4971 4972 4973 4974 4975 4976 4977 4978 4979 4980 4981 4982 4983 4984 4985
          4986 4987 4988 4989 4990 4991 4992 4993 4994 4995 4996 4997 4998 4999 5000 5001 5002 5003
          5004 5005 5006 5007 5008 5009 5010 5011 5012 5013 5014 5015 5016 5017 5018 5019 5020 5021
          5022 5023 5024 5025 5026 5027 5028 5029 5030 5031 5032 5033 5034 5035 5036 5037 5038 5039
          5040 5041 5042 5043 5044 5045 5046 5047 5048 5049 5050 5051 5052 5053 5054 5055 5056 5057
          5058 5059 5060 5061 5062 5063 5064 5065 5066 5067 5068 5069 5070 5071 5072 5073 5074 5075
          5076 5077 5078 5079 5080 5081 5082 5083 5084 5085 5086 5087 5088 5089 5090 5091 5092 5093
          5094 5095 5096 5097 5098 5099 5100 5101 5102 5103 5104 5105 5106 5107 5108 5109 5110 5111
          5112 5113 5114 5115 5116 5117 5118 5119 5120 5121 5122 5123 5124 5125 5126 5127 5128 5129
          5130 5131 5132 5133 5134 5135 5136 5137 5138 5139 5140 5141 5142 5143 5144 5145 5146 5147
          5148 5149 5150 5151 5152 5153 5154 5155 5156 5157 5158 5159 5160 5161 5162 5163 5164 5165
          5166 5167 5168 5169 5170 5171 5172 5173 5174 5175 5176 5177 5178 5179 5180 5181 5182 5183
          5184 5185 5186 5187 5188 5189 5190 5191 5192 5193 5194 5195 5196 5197 5198 5199 5200 5201
          5202 5203 5204 5205 5206 5207 5208 5209 5210 5211 5212 5213 5214 5215 5216 5217 5218 5219
          5220 5221 5222 5223 5224 5225 5226 5227 5228 5229 5230 5231 5232 5233 5234 5235 5236 5237
          5238 5239 5240 5241 5242 5243 5244 5245 5246 5247 5248 5249 5250 5251 5252 5253 5254 5255
          5256 5257 5258 5259 5260 5261 5262 5263 5264 5265 5266 5267 5268 5269 5270 5271 5272 5273
          5274 5275 5276 5277 5278 5279 5280 5281 5282 5283 5284 5285 5286 5287 5288 5289 5290 5291
          5292 5293 5294 5295 5296 5297 5298 5299 5300 5301 5302 5303 5304 5305 5306 5307 5308 5309
          5310 5311 5312 5313 5314 5315 5316 5317 5318 5319 5320 5321 5322 5323 5324 5325 5326 5327
          5328 5329 5330 5331 5332 5333 5334 5335 5336 5337 5338 5339 5340 5341 5342 5343 5344 5345
          5346 5347 5348 5349 5350 5351 5352 5353 5354 5355 5356 5357 5358 5359 5360 5361 5362 5363
          5364 5365 5366 5367 5368 5369 5370 5371 5372 5373 5374 5375 5376 5377 5378 5379 5380 5381
          5382 5383 5384 5385 5386 5387 5388 5389 5390 5391 5392 5393 5394 5395 5396 5397 5398 5399
          5400 5401 5402 5403 5404 5405 5406 5407 5408 5409 5410 5411 5412 5413 5414 5415 5416 5417
          5418 5419 5420 5421 5422 5423 5424 5425 5426 5427 5428 5429 5430 5431 5432 5433 5434 5435
          5436 5437 5438 5439 5440 5441 5442 5443 5444 5445 5446 5447 5448 5449 5450 5451 5452 5453
          5454 5455 5456 5457 5458 5459 5460 5461 5462 5463 5464 5465 5466 5467 5468 5469 5470 5471
          5472 5473 5474 5475 5476 5477 5478 5479 5480 5481 5482 5483 5484 5485 5486 5487 5488 5489
          5490 5491 5492 5493 5494 5495 5496 5497 5498 5499 5500 5501 5502 5503 5504 5505 5506 5507
          5508 5509 5510 5511 5512 5513 5514 5515 5516 5517 5518 5519 5520 5521 5522 5523 5524 5525
          5526 5527 5528 5529 5530 5531 5532 5533 5534 5535 5536 5537 5538 5539 5540 5541 5542 5543
          5544 5545 5546 5547 5548 5549 5550 5551 5552 5553 5554 5555 5556 5557 5558 5559 5560 5561
          5562 5563 5564 5565 5566 5567 5568 5569 5570 5571 5572 5573 5574 5575 5576 5577 5578 5579
          5580 5581 5582 5583 5584 5585 5586 5587 5588 5589 5590 5591 5592 5593 5594 5595 5596 5597
          5598 5599 5600 5601 5602 5603 5604 5605 5606 5607 5608 5609 5610 5611 5612 5613 5614 5615
          5616 5617 5618 5619 5620 5621 5622 5623 5624 5625 5626 5627 5628 5629 5630 5631 5632 5633
          5634 5635 5636 5637 5638 5639 5640 5641 5642 5643 5644 5645 5646 5647 5648 5649 5650 5651
          5652 5653 5654 5655 5656 5657 5658 5659 5660 5661 5662 5663 5664 5665 5666 5667 5668 5669
          5670 5671 5672 5673 5674 5675 5676 5677 5678 5679 5680 5681 5682 5683 5684 5685 5686 5687
          5688 5689 5690 5691 5692 5693 5694 5695 5696 5697 5698 5699 5700 5701 5702 5703 5704 5705
          5706 5707 5708 5709 5710 5711 5712 5713 5714 5715 5716 5717 5718 5719 5720 5721 5722 5723
          5724 5725 5726 5727 5728 5729 5730 5731 5732 5733 5734 5735 5736 5737 5738 5739 5740 5741
          5742 5743 5744 5745 5746 5747 5748 5749 5750 5751 5752 5753 5754 5755 5756 5757 5758 5759
          5760 5761 5762 5763 5764 5765 5766 5767 5768 5769 5770 5771 5772 5773 5774 5775 5776 5777
          5778 5779 5780 5781 5782 5783 5784 5785 5786 5787 5788 5789 5790 5791 5792 5793 5794 5795
          5796 5797 5798 5799 5800 5801 5802 5803 5804 5805 5806 5807 5808 5809 5810 5811 5812 5813
          5814 5815 5816 5817 5818 5819
        </DataArray>
        <DataArray type="Int32" Name="offsets" format="ascii">
          3 6 9 12 15 18 21 24 27 30 33 36 39 42 45 48 51 54
          57 60 63 66 69 72 75 78 81 84 87 90 93 96 99 102 105 108
          111 114 117 120 123 126 129 132 135 138 141 144 147 150 153 156 159 162
          165 168 171 174 177 180 183 186 189 192 195 198 201 204 207 210 213 216
          219 222 225 228 231 234 237 240 243 246 249 252 255 258 261 264 267 270
          273 276 279 282 285 288 291 294 297 300 303 306 309 312 315 318 321 324
          327 330 333 336 339 342 345 348 351 354 357 360 363 366 369 372 375 378
          381 384 387 390 393 396 399 402 405 408 411 414 417 420 423 426 429 432
          435 438 441 444 447 450 453 456 459 462 465 468 471 474 477 480 483 486
          489 492 495 498 501 504 507 510 513 516 519 522 525 528 531 534 537 540
          543 546 549 552 555 558 561 564 567 570 573 576 579 582 585 588 591 594
          597 600 603 606 609 612 615 618 621 624 627 630 633 636 639 642 645 648
          651 654 657 660 663 666 669 672 675 678 681 684 687 690 693 696 699 702
          705 708 711 714 717 720 723 726 729 732 735 738 741 744 747 750 753 756
          759 762 765 768 771 774 777 780 783 786 789 792 795 798 801 804 807 810
          813 816 819 822 825 828 831 834 837 840 843 846 849 852 855 858 861 864
          867 870 873 876 879 882 885 888 891 894 897 900 903 906 909 912 915 918
          921 924 927 930 933 936 939 942 945 948 951 954 957 960 963 966 969 972
          975 978 981 984 987 990 993 996 999 1002 1005 1008 1011 1014 1017 1020 1023 1026
          1029 1032 1035 1038 1041 1044 1047 1050 1053 1056 1059 1062 1065 1068 1071 1074 1077 1080
          1083 1086 1089 1092 1095 1098 1101 1104 1107 1110 1113 1116 1119 1122 1125 1128 1131 1134
          1137 1140 1143 1146 1149 1152 1155 1158 1161 1164 1167 1170 1173 1176 1179 1182 1185 1188
          1191 1194 1197 1200 1203 1206 1209 1212 1215 1218 1221 1224 1227 1230 1233 1236 1239 1242
          1245 1248 1251 1254 1257 1260 1263 1266 1269 1272 1275 1278 1281 1284 1287 1290 1293 1296
          1299 1302 1305 1308 1311 1314 1317 1320 1323 1326 1329 1332 1335 1338 1341 1344 1347 1350
          1353 1356 1359 1362 1365 1368 1371 1374 1377 1380 1383 1386 1389 1392 1395 1398 1401 1404
          1407 1410 1413 1416 1419 1422 1425 1428 1431 1434 1437 1440 1443 1446 1449 1452 1455 1458
          1461 1464 1467 1470 1473 1476 1479 1482 1485 1488 1491 1494 1497 1500 1503 1506 1509 1512
          1515 1518 1521 1524 1527 1530 1533 1536 1539 1542 1545 1548 1551 1554 1557 1560 1563 1566
          1569 1572 1575 1578 1581 1584 1587 1590 1593 1596 1599 1602 1605 1608 1611 1614 1617 1620
          1623 1626 1629 1632 1635 1638 1641 1644 1647 1650 1653 1656 1659 1662 1665 1668 1671 1674
          1677 1680 1683 1686 1689 1692 1695 1698 1701 1704 1707 1710 1713 1716 1719 1722 1725 1728
          1731 1734 1737 1740 1743 1746 1749 1752 1755 1758 1761 1764 1767 1770 1773 1776 1779 1782
          1785 1788 1791 1794 1797 1800 1803 1806 1809 1812 1815 1818 1821 1824 1827 1830 1833 1836
          1839 1842 1845 1848 1851 1854 1857 1860 1863 1866 1869 1872 1875 1878 1881 1884 1887 1890
          1893 1896 1899 1902 1905 1908 1911 1914 1917 1920 1923 1926 1929 1932 1935 1938 1941 1944
          1947 1950 1953 1956 1959 1962 1965 1968 1971 1974 1977 1980 1983 1986 1989 1992 1995 1998
          2001 2004 2007 2010 2013 2016 2019 2022 2025 2028 2031 2034 2037 2040 2043 2046 2049 2052
          2055 2058 2061 2064 2067 2070 2073 2076 2079 2082 2085 2088 2091 2094 2097 2100 2103 2106
          2109 2112 2115 2118 2121 2124 2127 2130 2133 2136 2139 2142 2145 2148 2151 2154 2157 2160
          2163 2166 2169 2172 2175 2178 2181 2184 2187 2190 2193 2196 2199 2202 2205 2208 2211 2214
          2217 2220 2223 2226 2229 2232 2235 2238 2241 2244 2247 2250 2253 2256 2259 2262 2265 2268
          2271 2274 2277 2280 2283 2286 2289 2292 2295 2298 2301 2304 2307 2310 2313 2316 2319 2322
          2325 2328 2331 2334 2337 2340 2343 2346 2349 2352 2355 2358 2361 2364 2367 2370 2373 2376
          2379 2382 2385 2388 2391 2394 2397 2400 2403 2406 2409 2412 2415 2418 2421 2424 2427 2430
          2433 2436 2439 2442 2445 2448 2451 2454 2457 2460 2463 2466 2469 2472 2475 2478 2481 2484
          2487 2490 2493 2496 2499 2502 2505 2508 2511 2514 2517 2520 2523 2526 2529 2532 2535 2538
          2541 2544 2547 2550 2553 2556 2559 2562 2565 2568 2571 2574 2577 2580 2583 2586 2589 2592
          2595 2598 2601 2604 2607 2610 2613 2616 2619 2622 2625 2628 2631 2634 2637 2640 2643 2646
          2649 2652 2655 2658 2661 2664 2667 2670 2673 2676 2679 2682 2685 2688 2691 2694 2697 2700
          2703 2706 2709 2712 2715 2718 2721 2724 2727 2730 2733 2736 2739 2742 2745 2748 2751 2754
          2757 2760 2763 2766 2769 2772 2775 2778 2781 2784 2787 2790 2793 2796 2799 2802 2805 2808
          2811 2814 2817 2820 2823 2826 2829 2832 2835 2838 2841 2844 2847 2850 2853 2856 2859 2862
          2865 2868 2871 2874 2877 2880 2883 2886 2889 2892 2895 2898 2901 2904 2907 2910 2913 2916
          2919 2922 2925 2928 2931 2934 2937 2940 2943 2946 2949 2952 2955 2958 2961 2964 2967 2970
          2973 2976 2979 2982 2985 2988 2991 2994 2997 3000 3003 3006 3009 3012 3015 3018 3021 3024
          3027 3030 3033 3036 3039 3042 3045 3048 3051 3054 3057 3060 3063 3066 3069 3072 3075 3078
          3081 3084 3087 3090 3093 3096 3099 3102 3105 3108 3111 3114 3117 3120 3123 3126 3129 3132
          3135 3138 3141 3144 3147 3150 3153 3156 3159 3162 3165 3168 3171 3174 3177 3180 3183 3186
          3189 3192 3195 3198 3201 3204 3207 3210 3213 3216 3219 3222 3225 3228 3231 3234 3237 3240
          3243 3246 3249 3252 3255 3258 3261 3264 3267 3270 3273 3276 3279 3282 3285 3288 3291 3294
          3297 3300 3303 3306 3309 3312 3315 3318 3321 3324 3327 3330 3333 3336 3339 3342 3345 3348
          3351 3354 3357 3360 3363 3366 3369 3372 3375 3378 3381 3384 3387 3390 3393 3396 3399 3402
          3405 3408 3411 3414 3417 3420 3423 3426 3429 3432 3435 3438 3441 3444 3447 3450 3453 3456
          3459 3462 3465 3468 3471 3474 3477 3480 3483 3486 3489 3492 3495 3498 3501 3504 3507 3510
          3513 3516 3519 3522 3525 3528 3531 3534 3537 3540 3543 3546 3549 3552 3555 3558 3561 3564
          3567 3570 3573 3576 3579 3582 3585 3588 3591 3594 3597 3600 3603 3606 3609 3612 3615 3618
          3621 3624 3627 3630 3633 3636 3639 3642 3645 3648 3651 3654 3657 3660 3663 3666 3669 3672
          3675 3678 3681 3684 3687 3690 3693 3696 3699 3702 3705 3708 3711 3714 3717 3720 3723 3726
          3729 3732 3735 3738 3741 3744 3747 3750 3753 3756 3759 3762 3765 3768 3771 3774 3777 3780
          3783 3786 3789 3792 3795 3798 3801 3804 3807 3810 3813 3816 3819 3822 3825 3828 3831 3834
          3837 3840 3843 3846 3849 3852 3855 3858 3861 3864 3867 3870 3873 3876 3879 3882 3885 3888
          3891 3894 3897 3900 3903 3906 3909 3912 3915 3918 3921 3924 3927 3930 3933 3936 3939 3942
          3945 3948 3951 3954 3957 3960 3963 3966 3969 3972 3975 3978 3981 3984 3987 3990 3993 3996
          3999 4002 4005 4008 4011 4014 4017 4020 4023 4026 4029 4032 4035 4038 4041 4044 4047 4050
          4053 4056 4059 4062 4065 4068 4071 4074 4077 4080 4083 4086 4089 4092 4095 4098 4101 4104
          4107 4110 4113 4116 4119 4122 4125 4128 4131 4134 4137 4140 4143 4146 4149 4152 4155 4158
          4161 4164 4167 4170 4173 4176 4179 4182 4185 4188 4191 4194 4197 4200 4203 4206 4209 4212
          4215 4218 4221 4224 4227 4230 4233 4236 4239 4242 4245 4248 4251 4254 4257 4260 4263 4266
          4269 4272 4275 4278 4281 4284 4287 4290 4293 4296 4299 4302 4305 4308 4311 4314 4317 4320
          4323 4326 4329 4332 4335 4338 4341 4344 4347 4350 4353 4356 4359 4362 4365 4368 4371 4374
          4377 4380 4383 4386 4389 4392 4395 4398 4401 4404 4407 4410 4413 4416 4419 4422 4425 4428
          4431 4434 4437 4440 4443 4446 4449 4452 4455 4458 4461 4464 4467 4470 4473 4476 4479 4482
          4485 4488 4491 4494 4497 4500 4503 4506 4509 4512 4515 4518 4521 4524 4527 4530 4533 4536
          4539 4542 4545 4548 4551 4554 4557 4560 4563 4566 4569 4572 4575 4578 4581 4584 4587 4590
          4593 4596 4599 4602 4605 4608 4611 4614 4617 4620 4623 4626 4629 4632 4635 4638 4641 4644
          4647 4650 4653 4656 4659 4662 4665 4668 4671 4674 4677 4680 4683 4686 4689 4692 4695 4698
          4701 4704 4707 4710 4713 4716 4719 4722 4725 4728 4731 4734 4737 4740 4743 4746 4749 4752
          4755 4758 4761 4764 4767 4770 4773 4776 4779 4782 4785 4788 4791 4794 4797 4800 4803 4806
          4809 4812 4815 4818 4821 4824 4827 4830 4833 4836 4839 4842 4845 4848 4851 4854 4857 4860
          4863 4866 4869 4872 4875 4878 4881 4884 4887 4890 4893 4896 4899 4902 4905 4908 4911 4914
          4917 4920 4923 4926 4929 4932 4935 4938 4941 4944 4947 4950 4953 4956 4959 4962 4965 4968
          4971 4974 4977 4980 4983 4986 4989 4992 4995 4998 5001 5004 5007 5010 5013 5016 5019 5022
          5025 5028 5031 5034 5037 5040 5043 5046 5049 5052 5055 5058 5061 5064 5067 5070 5073 5076
          5079 5082 5085 5088 5091 5094 5097 5100 5103 5106 5109 5112 5115 5118 5121 5124 5127 5130
          5133 5136 5139 5142 5145 5148 5151 5154 5157 5160 5163 5166 5169 5172 5175 5178 5181 5184
          5187 5190 5193 5196 5199 5202 5205 5208 5211 5214 5217 5220 5223 5226 5229 5232 5235 5238
          5241 5244 5247 5250 5253 5256 5259 5262 5265 5268 5271 5274 5277 5280 5283 5286 5289 5292
          5295 5298 5301 5304 5307 5310 5313 5316 5319 5322 5325 5328 5331 5334 5337 5340 5343 5346
          5349 5352 5355 5358 5361 5364 5367 5370 5373 5376 5379 5382 5385 5388 5391 5394 5397 5400
          5403 5406 5409 5412 5415 5418 5421 5424 5427 5430 5433 5436 5439 5442 5445 5448 5451 5454
          5457 5460 5463 5466 5469 5472 5475 5478 5481 5484 5487 5490 5493 5496 5499 5502 5505 5508
          5511 5514 5517 5520 5523 5526 5529 5532 5535 5538 5541 5544 5547 5550 5553 5556 5559 5562
          5565 5568 5571 5574 5577 5580 5583 5586 5589 5592 5595 5598 5601 5604 5607 5610 5613 5616
          5619 5622 5625 5628 5631 5634 5637 5640 5643 5646 5649 5652 5655 5658 5661 5664 5667 5670
          5673 5676 5679 5682 5685 5688 5691 5694 5697 5700 5703 5706 5709 5712 5715 5718 5721 5724
          5727 5730 5733 5736 5739 5742 5745 5748 5751 5754 5757 5760 5763 5766 5769 5772 5775 5778
          5781 5784 5787 5790 5793 5796 5799 5802 5805 5808 5811 5814 5817 5820
        </DataArray>
      </Polys>
    </Piece>
  </PolyData>
</VTKFile>
