<?xml version="1.0"?>
<VTKFile type="PolyData" version="0.1" byte_order="LittleEndian">
  <PolyData>
    <Piece NumberOfPoints="5274" NumberOfPolys="1758">
      <PointData/>
      <CellData Scalars="pressureCoeff" Vectors="U">
        <DataArray type="Float32" Name="U_0" format="ascii">
          0 0 0 0 0 0 0 0 0
          0 0 0 0 0 0 0 0 0
          0 0 0 0 0 0 0 0 0
          0 0 0 0 0 0 0 0 0
          0 0 0 0 0 0 0 0 0
          0 0 0 0 0 0 0 0 0
          0 0 0 0 0 0 0 0 0
          0 0 0 0 0 0 0 0 0
          0 0 0 0 0 0 0 0 0
          0 0 0 0 0 0 0 0 0
          0 0 0 0 0 0 0 0 0
          0 0 0 0 0 0 0 0 0
          0 0 0 0 0 0 0 0 0
          0 0 0 0 0 0 0 0 0
          0 0 0 0 0 0 0 0 0
          0 0 0 0 0 0 0 0 0
          0 0 0 0 0 0 0 0 0
          0 0 0 0 0 0 0 0 0
          0 0 0 0 0 0 0 0 0
          0 0 0 0 0 0 0 0 0
          0 0 0 0 0 0 0 0 0
          0 0 0 0 0 0 0 0 0
          0 0 0 0 0 0 0 0 0
          0 0 0 0 0 0 0 0 0
          0 0 0 0 0 0 0 0 0
          0 0 0 0 0 0 0 0 0
          0 0 0 0 0 0 0 0 0
          0 0 0 0 0 0 0 0 0
          0 0 0 0 0 0 0 0 0
          0 0 0 0 0 0 0 0 0
          0 0 0 0 0 0 0 0 0
          0 0 0 0 0 0 0 0 0
          0 0 0 0 0 0 0 0 0
          0 0 0 0 0 0 0 0 0
          0 0 0 0 0 0 0 0 0
          0 0 0 0 0 0 0 0 0
          0 0 0 0 0 0 0 0 0
          0 0 0 0 0 0 0 0 0
          0 0 0 0 0 0 0 0 0
          0 0 0 0 0 0 0 0 0
          0 0 0 0 0 0 0 0 0
          0 0 0 0 0 0 0 0 0
          0 0 0 0 0 0 0 0 0
          0 0 0 0 0 0 0 0 0
          0 0 0 0 0 0 0 0 0
          0 0 0 0 0 0 0 0 0
          0 0 0 0 0 0 0 0 0
          0 0 0 0 0 0 0 0 0
          0 0 0 0 0 0 0 0 0
          0 0 0 0 0 0 0 0 0
          0 0 0 0 0 0 0 0 0
          0 0 0 0 0 0 0 0 0
          0 0 0 0 0 0 0 0 0
          0 0 0 0 0 0 0 0 0
          0 0 0 0 0 0 0 0 0
          0 0 0 0 0 0 0 0 0
          0 0 0 0 0 0 0 0 0
          0 0 0 0 0 0 0 0 0
          0 0 0 0 0 0 0 0 0
          0 0 0 0 0 0 0 0 0
          0 0 0 0 0 0 0 0 0
          0 0 0 0 0 0 0 0 0
          0 0 0 0 0 0 0 0 0
          0 0 0 0 0 0 0 0 0
          0 0 0 0 0 0 0 0 0
          0 0 0 0 0 0 0 0 0
          0 0 0 0 0 0 0 0 0
          0 0 0 0 0 0 0 0 0
          0 0 0 0 0 0 0 0 0
          0 0 0 0 0 0 0 0 0
          0 0 0 0 0 0 0 0 0
          0 0 0 0 0 0 0 0 0
          0 0 0 0 0 0 0 0 0
          0 0 0 0 0 0 0 0 0
          0 0 0 0 0 0 0 0 0
          0 0 0 0 0 0 0 0 0
          0 0 0 0 0 0 0 0 0
          0 0 0 0 0 0 0 0 0
          0 0 0 0 0 0 0 0 0
          0 0 0 0 0 0 0 0 0
          0 0 0 0 0 0 0 0 0
          0 0 0 0 0 0 0 0 0
          0 0 0 0 0 0 0 0 0
          0 0 0 0 0 0 0 0 0
          0 0 0 0 0 0 0 0 0
          0 0 0 0 0 0 0 0 0
          0 0 0 0 0 0 0 0 0
          0 0 0 0 0 0 0 0 0
          0 0 0 0 0 0 0 0 0
          0 0 0 0 0 0 0 0 0
          0 0 0 0 0 0 0 0 0
          0 0 0 0 0 0 0 0 0
          0 0 0 0 0 0 0 0 0
          0 0 0 0 0 0 0 0 0
          0 0 0 0 0 0 0 0 0
          0 0 0 0 0 0 0 0 0
          0 0 0 0 0 0 0 0 0
          0 0 0 0 0 0 0 0 0
          0 0 0 0 0 0 0 0 0
          0 0 0 0 0 0 0 0 0
          0 0 0 0 0 0 0 0 0
          0 0 0 0 0 0 0 0 0
          0 0 0 0 0 0 0 0 0
          0 0 0 0 0 0 0 0 0
          0 0 0 0 0 0 0 0 0
          0 0 0 0 0 0 0 0 0
          0 0 0 0 0 0 0 0 0
          0 0 0 0 0 0 0 0 0
          0 0 0 0 0 0 0 0 0
          0 0 0 0 0 0 0 0 0
          0 0 0 0 0 0 0 0 0
          0 0 0 0 0 0 0 0 0
          0 0 0 0 0 0 0 0 0
          0 0 0 0 0 0 0 0 0
          0 0 0 0 0 0 0 0 0
          0 0 0 0 0 0 0 0 0
          0 0 0 0 0 0 0 0 0
          0 0 0 0 0 0 0 0 0
          0 0 0 0 0 0 0 0 0
          0 0 0 0 0 0 0 0 0
          0 0 0 0 0 0 0 0 0
          0 0 0 0 0 0 0 0 0
          0 0 0 0 0 0 0 0 0
          0 0 0 0 0 0 0 0 0
          0 0 0 0 0 0 0 0 0
          0 0 0 0 0 0 0 0 0
          0 0 0 0 0 0 0 0 0
          0 0 0 0 0 0 0 0 0
          0 0 0 0 0 0 0 0 0
          0 0 0 0 0 0 0 0 0
          0 0 0 0 0 0 0 0 0
          0 0 0 0 0 0 0 0 0
          0 0 0 0 0 0 0 0 0
          0 0 0 0 0 0 0 0 0
          0 0 0 0 0 0 0 0 0
          0 0 0 0 0 0 0 0 0
          0 0 0 0 0 0 0 0 0
          0 0 0 0 0 0 0 0 0
          0 0 0 0 0 0 0 0 0
          0 0 0 0 0 0 0 0 0
          0 0 0 0 0 0 0 0 0
          0 0 0 0 0 0 0 0 0
          0 0 0 0 0 0 0 0 0
          0 0 0 0 0 0 0 0 0
          0 0 0 0 0 0 0 0 0
          0 0 0 0 0 0 0 0 0
          0 0 0 0 0 0 0 0 0
          0 0 0 0 0 0 0 0 0
          0 0 0 0 0 0 0 0 0
          0 0 0 0 0 0 0 0 0
          0 0 0 0 0 0 0 0 0
          0 0 0 0 0 0 0 0 0
          0 0 0 0 0 0 0 0 0
          0 0 0 0 0 0 0 0 0
          0 0 0 0 0 0 0 0 0
          0 0 0 0 0 0 0 0 0
          0 0 0 0 0 0 0 0 0
          0 0 0 0 0 0 0 0 0
          0 0 0 0 0 0 0 0 0
          0 0 0 0 0 0 0 0 0
          0 0 0 0 0 0 0 0 0
          0 0 0 0 0 0 0 0 0
          0 0 0 0 0 0 0 0 0
          0 0 0 0 0 0 0 0 0
          0 0 0 0 0 0 0 0 0
          0 0 0 0 0 0 0 0 0
          0 0 0 0 0 0 0 0 0
          0 0 0 0 0 0 0 0 0
          0 0 0 0 0 0 0 0 0
          0 0 0 0 0 0 0 0 0
          0 0 0 0 0 0 0 0 0
          0 0 0 0 0 0 0 0 0
          0 0 0 0 0 0 0 0 0
          0 0 0 0 0 0 0 0 0
          0 0 0 0 0 0 0 0 0
          0 0 0 0 0 0 0 0 0
          0 0 0 0 0 0 0 0 0
          0 0 0 0 0 0 0 0 0
          0 0 0 0 0 0 0 0 0
          0 0 0 0 0 0 0 0 0
          0 0 0 0 0 0 0 0 0
          0 0 0 0 0 0 0 0 0
          0 0 0 0 0 0 0 0 0
          0 0 0 0 0 0 0 0 0
          0 0 0 0 0 0 0 0 0
          0 0 0 0 0 0 0 0 0
          0 0 0 0 0 0 0 0 0
          0 0 0 0 0 0 0 0 0
          0 0 0 0 0 0 0 0 0
          0 0 0 0 0 0 0 0 0
          0 0 0 0 0 0 0 0 0
          0 0 0 0 0 0 0 0 0
          0 0 0 0 0 0 0 0 0
          0 0 0 0 0 0 0 0 0
          0 0 0 0 0 0 0 0 0
          0 0 0
        </DataArray>
        <DataArray type="Float32" Name="Ux" format="ascii">
          0 0 0 0 0 0 0 0 0
          0 0 0 0 0 0 0 0 0
          0 0 0 0 0 0 0 0 0
          0 0 0 0 0 0 0 0 0
          0 0 0 0 0 0 0 0 0
          0 0 0 0 0 0 0 0 0
          0 0 0 0 0 0 0 0 0
          0 0 0 0 0 0 0 0 0
          0 0 0 0 0 0 0 0 0
          0 0 0 0 0 0 0 0 0
          0 0 0 0 0 0 0 0 0
          0 0 0 0 0 0 0 0 0
          0 0 0 0 0 0 0 0 0
          0 0 0 0 0 0 0 0 0
          0 0 0 0 0 0 0 0 0
          0 0 0 0 0 0 0 0 0
          0 0 0 0 0 0 0 0 0
          0 0 0 0 0 0 0 0 0
          0 0 0 0 0 0 0 0 0
          0 0 0 0 0 0 0 0 0
          0 0 0 0 0 0 0 0 0
          0 0 0 0 0 0 0 0 0
          0 0 0 0 0 0 0 0 0
          0 0 0 0 0 0 0 0 0
          0 0 0 0 0 0 0 0 0
          0 0 0 0 0 0 0 0 0
          0 0 0 0 0 0 0 0 0
          0 0 0 0 0 0 0 0 0
          0 0 0 0 0 0 0 0 0
          0 0 0 0 0 0 0 0 0
          0 0 0 0 0 0 0 0 0
          0 0 0 0 0 0 0 0 0
          0 0 0 0 0 0 0 0 0
          0 0 0 0 0 0 0 0 0
          0 0 0 0 0 0 0 0 0
          0 0 0 0 0 0 0 0 0
          0 0 0 0 0 0 0 0 0
          0 0 0 0 0 0 0 0 0
          0 0 0 0 0 0 0 0 0
          0 0 0 0 0 0 0 0 0
          0 0 0 0 0 0 0 0 0
          0 0 0 0 0 0 0 0 0
          0 0 0 0 0 0 0 0 0
          0 0 0 0 0 0 0 0 0
          0 0 0 0 0 0 0 0 0
          0 0 0 0 0 0 0 0 0
          0 0 0 0 0 0 0 0 0
          0 0 0 0 0 0 0 0 0
          0 0 0 0 0 0 0 0 0
          0 0 0 0 0 0 0 0 0
          0 0 0 0 0 0 0 0 0
          0 0 0 0 0 0 0 0 0
          0 0 0 0 0 0 0 0 0
          0 0 0 0 0 0 0 0 0
          0 0 0 0 0 0 0 0 0
          0 0 0 0 0 0 0 0 0
          0 0 0 0 0 0 0 0 0
          0 0 0 0 0 0 0 0 0
          0 0 0 0 0 0 0 0 0
          0 0 0 0 0 0 0 0 0
          0 0 0 0 0 0 0 0 0
          0 0 0 0 0 0 0 0 0
          0 0 0 0 0 0 0 0 0
          0 0 0 0 0 0 0 0 0
          0 0 0 0 0 0 0 0 0
          0 0 0 0 0 0 0 0 0
          0 0 0 0 0 0 0 0 0
          0 0 0 0 0 0 0 0 0
          0 0 0 0 0 0 0 0 0
          0 0 0 0 0 0 0 0 0
          0 0 0 0 0 0 0 0 0
          0 0 0 0 0 0 0 0 0
          0 0 0 0 0 0 0 0 0
          0 0 0 0 0 0 0 0 0
          0 0 0 0 0 0 0 0 0
          0 0 0 0 0 0 0 0 0
          0 0 0 0 0 0 0 0 0
          0 0 0 0 0 0 0 0 0
          0 0 0 0 0 0 0 0 0
          0 0 0 0 0 0 0 0 0
          0 0 0 0 0 0 0 0 0
          0 0 0 0 0 0 0 0 0
          0 0 0 0 0 0 0 0 0
          0 0 0 0 0 0 0 0 0
          0 0 0 0 0 0 0 0 0
          0 0 0 0 0 0 0 0 0
          0 0 0 0 0 0 0 0 0
          0 0 0 0 0 0 0 0 0
          0 0 0 0 0 0 0 0 0
          0 0 0 0 0 0 0 0 0
          0 0 0 0 0 0 0 0 0
          0 0 0 0 0 0 0 0 0
          0 0 0 0 0 0 0 0 0
          0 0 0 0 0 0 0 0 0
          0 0 0 0 0 0 0 0 0
          0 0 0 0 0 0 0 0 0
          0 0 0 0 0 0 0 0 0
          0 0 0 0 0 0 0 0 0
          0 0 0 0 0 0 0 0 0
          0 0 0 0 0 0 0 0 0
          0 0 0 0 0 0 0 0 0
          0 0 0 0 0 0 0 0 0
          0 0 0 0 0 0 0 0 0
          0 0 0 0 0 0 0 0 0
          0 0 0 0 0 0 0 0 0
          0 0 0 0 0 0 0 0 0
          0 0 0 0 0 0 0 0 0
          0 0 0 0 0 0 0 0 0
          0 0 0 0 0 0 0 0 0
          0 0 0 0 0 0 0 0 0
          0 0 0 0 0 0 0 0 0
          0 0 0 0 0 0 0 0 0
          0 0 0 0 0 0 0 0 0
          0 0 0 0 0 0 0 0 0
          0 0 0 0 0 0 0 0 0
          0 0 0 0 0 0 0 0 0
          0 0 0 0 0 0 0 0 0
          0 0 0 0 0 0 0 0 0
          0 0 0 0 0 0 0 0 0
          0 0 0 0 0 0 0 0 0
          0 0 0 0 0 0 0 0 0
          0 0 0 0 0 0 0 0 0
          0 0 0 0 0 0 0 0 0
          0 0 0 0 0 0 0 0 0
          0 0 0 0 0 0 0 0 0
          0 0 0 0 0 0 0 0 0
          0 0 0 0 0 0 0 0 0
          0 0 0 0 0 0 0 0 0
          0 0 0 0 0 0 0 0 0
          0 0 0 0 0 0 0 0 0
          0 0 0 0 0 0 0 0 0
          0 0 0 0 0 0 0 0 0
          0 0 0 0 0 0 0 0 0
          0 0 0 0 0 0 0 0 0
          0 0 0 0 0 0 0 0 0
          0 0 0 0 0 0 0 0 0
          0 0 0 0 0 0 0 0 0
          0 0 0 0 0 0 0 0 0
          0 0 0 0 0 0 0 0 0
          0 0 0 0 0 0 0 0 0
          0 0 0 0 0 0 0 0 0
          0 0 0 0 0 0 0 0 0
          0 0 0 0 0 0 0 0 0
          0 0 0 0 0 0 0 0 0
          0 0 0 0 0 0 0 0 0
          0 0 0 0 0 0 0 0 0
          0 0 0 0 0 0 0 0 0
          0 0 0 0 0 0 0 0 0
          0 0 0 0 0 0 0 0 0
          0 0 0 0 0 0 0 0 0
          0 0 0 0 0 0 0 0 0
          0 0 0 0 0 0 0 0 0
          0 0 0 0 0 0 0 0 0
          0 0 0 0 0 0 0 0 0
          0 0 0 0 0 0 0 0 0
          0 0 0 0 0 0 0 0 0
          0 0 0 0 0 0 0 0 0
          0 0 0 0 0 0 0 0 0
          0 0 0 0 0 0 0 0 0
          0 0 0 0 0 0 0 0 0
          0 0 0 0 0 0 0 0 0
          0 0 0 0 0 0 0 0 0
          0 0 0 0 0 0 0 0 0
          0 0 0 0 0 0 0 0 0
          0 0 0 0 0 0 0 0 0
          0 0 0 0 0 0 0 0 0
          0 0 0 0 0 0 0 0 0
          0 0 0 0 0 0 0 0 0
          0 0 0 0 0 0 0 0 0
          0 0 0 0 0 0 0 0 0
          0 0 0 0 0 0 0 0 0
          0 0 0 0 0 0 0 0 0
          0 0 0 0 0 0 0 0 0
          0 0 0 0 0 0 0 0 0
          0 0 0 0 0 0 0 0 0
          0 0 0 0 0 0 0 0 0
          0 0 0 0 0 0 0 0 0
          0 0 0 0 0 0 0 0 0
          0 0 0 0 0 0 0 0 0
          0 0 0 0 0 0 0 0 0
          0 0 0 0 0 0 0 0 0
          0 0 0 0 0 0 0 0 0
          0 0 0 0 0 0 0 0 0
          0 0 0 0 0 0 0 0 0
          0 0 0 0 0 0 0 0 0
          0 0 0 0 0 0 0 0 0
          0 0 0 0 0 0 0 0 0
          0 0 0 0 0 0 0 0 0
          0 0 0 0 0 0 0 0 0
          0 0 0 0 0 0 0 0 0
          0 0 0 0 0 0 0 0 0
          0 0 0 0 0 0 0 0 0
          0 0 0 0 0 0 0 0 0
          0 0 0 0 0 0 0 0 0
          0 0 0 0 0 0 0 0 0
          0 0 0
        </DataArray>
        <DataArray type="Float32" Name="U_1" format="ascii">
          0 0 0 0 0 0 0 0 0
          0 0 0 0 0 0 0 0 0
          0 0 0 0 0 0 0 0 0
          0 0 0 0 0 0 0 0 0
          0 0 0 0 0 0 0 0 0
          0 0 0 0 0 0 0 0 0
          0 0 0 0 0 0 0 0 0
          0 0 0 0 0 0 0 0 0
          0 0 0 0 0 0 0 0 0
          0 0 0 0 0 0 0 0 0
          0 0 0 0 0 0 0 0 0
          0 0 0 0 0 0 0 0 0
          0 0 0 0 0 0 0 0 0
          0 0 0 0 0 0 0 0 0
          0 0 0 0 0 0 0 0 0
          0 0 0 0 0 0 0 0 0
          0 0 0 0 0 0 0 0 0
          0 0 0 0 0 0 0 0 0
          0 0 0 0 0 0 0 0 0
          0 0 0 0 0 0 0 0 0
          0 0 0 0 0 0 0 0 0
          0 0 0 0 0 0 0 0 0
          0 0 0 0 0 0 0 0 0
          0 0 0 0 0 0 0 0 0
          0 0 0 0 0 0 0 0 0
          0 0 0 0 0 0 0 0 0
          0 0 0 0 0 0 0 0 0
          0 0 0 0 0 0 0 0 0
          0 0 0 0 0 0 0 0 0
          0 0 0 0 0 0 0 0 0
          0 0 0 0 0 0 0 0 0
          0 0 0 0 0 0 0 0 0
          0 0 0 0 0 0 0 0 0
          0 0 0 0 0 0 0 0 0
          0 0 0 0 0 0 0 0 0
          0 0 0 0 0 0 0 0 0
          0 0 0 0 0 0 0 0 0
          0 0 0 0 0 0 0 0 0
          0 0 0 0 0 0 0 0 0
          0 0 0 0 0 0 0 0 0
          0 0 0 0 0 0 0 0 0
          0 0 0 0 0 0 0 0 0
          0 0 0 0 0 0 0 0 0
          0 0 0 0 0 0 0 0 0
          0 0 0 0 0 0 0 0 0
          0 0 0 0 0 0 0 0 0
          0 0 0 0 0 0 0 0 0
          0 0 0 0 0 0 0 0 0
          0 0 0 0 0 0 0 0 0
          0 0 0 0 0 0 0 0 0
          0 0 0 0 0 0 0 0 0
          0 0 0 0 0 0 0 0 0
          0 0 0 0 0 0 0 0 0
          0 0 0 0 0 0 0 0 0
          0 0 0 0 0 0 0 0 0
          0 0 0 0 0 0 0 0 0
          0 0 0 0 0 0 0 0 0
          0 0 0 0 0 0 0 0 0
          0 0 0 0 0 0 0 0 0
          0 0 0 0 0 0 0 0 0
          0 0 0 0 0 0 0 0 0
          0 0 0 0 0 0 0 0 0
          0 0 0 0 0 0 0 0 0
          0 0 0 0 0 0 0 0 0
          0 0 0 0 0 0 0 0 0
          0 0 0 0 0 0 0 0 0
          0 0 0 0 0 0 0 0 0
          0 0 0 0 0 0 0 0 0
          0 0 0 0 0 0 0 0 0
          0 0 0 0 0 0 0 0 0
          0 0 0 0 0 0 0 0 0
          0 0 0 0 0 0 0 0 0
          0 0 0 0 0 0 0 0 0
          0 0 0 0 0 0 0 0 0
          0 0 0 0 0 0 0 0 0
          0 0 0 0 0 0 0 0 0
          0 0 0 0 0 0 0 0 0
          0 0 0 0 0 0 0 0 0
          0 0 0 0 0 0 0 0 0
          0 0 0 0 0 0 0 0 0
          0 0 0 0 0 0 0 0 0
          0 0 0 0 0 0 0 0 0
          0 0 0 0 0 0 0 0 0
          0 0 0 0 0 0 0 0 0
          0 0 0 0 0 0 0 0 0
          0 0 0 0 0 0 0 0 0
          0 0 0 0 0 0 0 0 0
          0 0 0 0 0 0 0 0 0
          0 0 0 0 0 0 0 0 0
          0 0 0 0 0 0 0 0 0
          0 0 0 0 0 0 0 0 0
          0 0 0 0 0 0 0 0 0
          0 0 0 0 0 0 0 0 0
          0 0 0 0 0 0 0 0 0
          0 0 0 0 0 0 0 0 0
          0 0 0 0 0 0 0 0 0
          0 0 0 0 0 0 0 0 0
          0 0 0 0 0 0 0 0 0
          0 0 0 0 0 0 0 0 0
          0 0 0 0 0 0 0 0 0
          0 0 0 0 0 0 0 0 0
          0 0 0 0 0 0 0 0 0
          0 0 0 0 0 0 0 0 0
          0 0 0 0 0 0 0 0 0
          0 0 0 0 0 0 0 0 0
          0 0 0 0 0 0 0 0 0
          0 0 0 0 0 0 0 0 0
          0 0 0 0 0 0 0 0 0
          0 0 0 0 0 0 0 0 0
          0 0 0 0 0 0 0 0 0
          0 0 0 0 0 0 0 0 0
          0 0 0 0 0 0 0 0 0
          0 0 0 0 0 0 0 0 0
          0 0 0 0 0 0 0 0 0
          0 0 0 0 0 0 0 0 0
          0 0 0 0 0 0 0 0 0
          0 0 0 0 0 0 0 0 0
          0 0 0 0 0 0 0 0 0
          0 0 0 0 0 0 0 0 0
          0 0 0 0 0 0 0 0 0
          0 0 0 0 0 0 0 0 0
          0 0 0 0 0 0 0 0 0
          0 0 0 0 0 0 0 0 0
          0 0 0 0 0 0 0 0 0
          0 0 0 0 0 0 0 0 0
          0 0 0 0 0 0 0 0 0
          0 0 0 0 0 0 0 0 0
          0 0 0 0 0 0 0 0 0
          0 0 0 0 0 0 0 0 0
          0 0 0 0 0 0 0 0 0
          0 0 0 0 0 0 0 0 0
          0 0 0 0 0 0 0 0 0
          0 0 0 0 0 0 0 0 0
          0 0 0 0 0 0 0 0 0
          0 0 0 0 0 0 0 0 0
          0 0 0 0 0 0 0 0 0
          0 0 0 0 0 0 0 0 0
          0 0 0 0 0 0 0 0 0
          0 0 0 0 0 0 0 0 0
          0 0 0 0 0 0 0 0 0
          0 0 0 0 0 0 0 0 0
          0 0 0 0 0 0 0 0 0
          0 0 0 0 0 0 0 0 0
          0 0 0 0 0 0 0 0 0
          0 0 0 0 0 0 0 0 0
          0 0 0 0 0 0 0 0 0
          0 0 0 0 0 0 0 0 0
          0 0 0 0 0 0 0 0 0
          0 0 0 0 0 0 0 0 0
          0 0 0 0 0 0 0 0 0
          0 0 0 0 0 0 0 0 0
          0 0 0 0 0 0 0 0 0
          0 0 0 0 0 0 0 0 0
          0 0 0 0 0 0 0 0 0
          0 0 0 0 0 0 0 0 0
          0 0 0 0 0 0 0 0 0
          0 0 0 0 0 0 0 0 0
          0 0 0 0 0 0 0 0 0
          0 0 0 0 0 0 0 0 0
          0 0 0 0 0 0 0 0 0
          0 0 0 0 0 0 0 0 0
          0 0 0 0 0 0 0 0 0
          0 0 0 0 0 0 0 0 0
          0 0 0 0 0 0 0 0 0
          0 0 0 0 0 0 0 0 0
          0 0 0 0 0 0 0 0 0
          0 0 0 0 0 0 0 0 0
          0 0 0 0 0 0 0 0 0
          0 0 0 0 0 0 0 0 0
          0 0 0 0 0 0 0 0 0
          0 0 0 0 0 0 0 0 0
          0 0 0 0 0 0 0 0 0
          0 0 0 0 0 0 0 0 0
          0 0 0 0 0 0 0 0 0
          0 0 0 0 0 0 0 0 0
          0 0 0 0 0 0 0 0 0
          0 0 0 0 0 0 0 0 0
          0 0 0 0 0 0 0 0 0
          0 0 0 0 0 0 0 0 0
          0 0 0 0 0 0 0 0 0
          0 0 0 0 0 0 0 0 0
          0 0 0 0 0 0 0 0 0
          0 0 0 0 0 0 0 0 0
          0 0 0 0 0 0 0 0 0
          0 0 0 0 0 0 0 0 0
          0 0 0 0 0 0 0 0 0
          0 0 0 0 0 0 0 0 0
          0 0 0 0 0 0 0 0 0
          0 0 0 0 0 0 0 0 0
          0 0 0 0 0 0 0 0 0
          0 0 0 0 0 0 0 0 0
          0 0 0 0 0 0 0 0 0
          0 0 0 0 0 0 0 0 0
          0 0 0 0 0 0 0 0 0
          0 0 0 0 0 0 0 0 0
          0 0 0
        </DataArray>
        <DataArray type="Float32" Name="U_2" format="ascii">
          0 0 0 0 0 0 0 0 0
          0 0 0 0 0 0 0 0 0
          0 0 0 0 0 0 0 0 0
          0 0 0 0 0 0 0 0 0
          0 0 0 0 0 0 0 0 0
          0 0 0 0 0 0 0 0 0
          0 0 0 0 0 0 0 0 0
          0 0 0 0 0 0 0 0 0
          0 0 0 0 0 0 0 0 0
          0 0 0 0 0 0 0 0 0
          0 0 0 0 0 0 0 0 0
          0 0 0 0 0 0 0 0 0
          0 0 0 0 0 0 0 0 0
          0 0 0 0 0 0 0 0 0
          0 0 0 0 0 0 0 0 0
          0 0 0 0 0 0 0 0 0
          0 0 0 0 0 0 0 0 0
          0 0 0 0 0 0 0 0 0
          0 0 0 0 0 0 0 0 0
          0 0 0 0 0 0 0 0 0
          0 0 0 0 0 0 0 0 0
          0 0 0 0 0 0 0 0 0
          0 0 0 0 0 0 0 0 0
          0 0 0 0 0 0 0 0 0
          0 0 0 0 0 0 0 0 0
          0 0 0 0 0 0 0 0 0
          0 0 0 0 0 0 0 0 0
          0 0 0 0 0 0 0 0 0
          0 0 0 0 0 0 0 0 0
          0 0 0 0 0 0 0 0 0
          0 0 0 0 0 0 0 0 0
          0 0 0 0 0 0 0 0 0
          0 0 0 0 0 0 0 0 0
          0 0 0 0 0 0 0 0 0
          0 0 0 0 0 0 0 0 0
          0 0 0 0 0 0 0 0 0
          0 0 0 0 0 0 0 0 0
          0 0 0 0 0 0 0 0 0
          0 0 0 0 0 0 0 0 0
          0 0 0 0 0 0 0 0 0
          0 0 0 0 0 0 0 0 0
          0 0 0 0 0 0 0 0 0
          0 0 0 0 0 0 0 0 0
          0 0 0 0 0 0 0 0 0
          0 0 0 0 0 0 0 0 0
          0 0 0 0 0 0 0 0 0
          0 0 0 0 0 0 0 0 0
          0 0 0 0 0 0 0 0 0
          0 0 0 0 0 0 0 0 0
          0 0 0 0 0 0 0 0 0
          0 0 0 0 0 0 0 0 0
          0 0 0 0 0 0 0 0 0
          0 0 0 0 0 0 0 0 0
          0 0 0 0 0 0 0 0 0
          0 0 0 0 0 0 0 0 0
          0 0 0 0 0 0 0 0 0
          0 0 0 0 0 0 0 0 0
          0 0 0 0 0 0 0 0 0
          0 0 0 0 0 0 0 0 0
          0 0 0 0 0 0 0 0 0
          0 0 0 0 0 0 0 0 0
          0 0 0 0 0 0 0 0 0
          0 0 0 0 0 0 0 0 0
          0 0 0 0 0 0 0 0 0
          0 0 0 0 0 0 0 0 0
          0 0 0 0 0 0 0 0 0
          0 0 0 0 0 0 0 0 0
          0 0 0 0 0 0 0 0 0
          0 0 0 0 0 0 0 0 0
          0 0 0 0 0 0 0 0 0
          0 0 0 0 0 0 0 0 0
          0 0 0 0 0 0 0 0 0
          0 0 0 0 0 0 0 0 0
          0 0 0 0 0 0 0 0 0
          0 0 0 0 0 0 0 0 0
          0 0 0 0 0 0 0 0 0
          0 0 0 0 0 0 0 0 0
          0 0 0 0 0 0 0 0 0
          0 0 0 0 0 0 0 0 0
          0 0 0 0 0 0 0 0 0
          0 0 0 0 0 0 0 0 0
          0 0 0 0 0 0 0 0 0
          0 0 0 0 0 0 0 0 0
          0 0 0 0 0 0 0 0 0
          0 0 0 0 0 0 0 0 0
          0 0 0 0 0 0 0 0 0
          0 0 0 0 0 0 0 0 0
          0 0 0 0 0 0 0 0 0
          0 0 0 0 0 0 0 0 0
          0 0 0 0 0 0 0 0 0
          0 0 0 0 0 0 0 0 0
          0 0 0 0 0 0 0 0 0
          0 0 0 0 0 0 0 0 0
          0 0 0 0 0 0 0 0 0
          0 0 0 0 0 0 0 0 0
          0 0 0 0 0 0 0 0 0
          0 0 0 0 0 0 0 0 0
          0 0 0 0 0 0 0 0 0
          0 0 0 0 0 0 0 0 0
          0 0 0 0 0 0 0 0 0
          0 0 0 0 0 0 0 0 0
          0 0 0 0 0 0 0 0 0
          0 0 0 0 0 0 0 0 0
          0 0 0 0 0 0 0 0 0
          0 0 0 0 0 0 0 0 0
          0 0 0 0 0 0 0 0 0
          0 0 0 0 0 0 0 0 0
          0 0 0 0 0 0 0 0 0
          0 0 0 0 0 0 0 0 0
          0 0 0 0 0 0 0 0 0
          0 0 0 0 0 0 0 0 0
          0 0 0 0 0 0 0 0 0
          0 0 0 0 0 0 0 0 0
          0 0 0 0 0 0 0 0 0
          0 0 0 0 0 0 0 0 0
          0 0 0 0 0 0 0 0 0
          0 0 0 0 0 0 0 0 0
          0 0 0 0 0 0 0 0 0
          0 0 0 0 0 0 0 0 0
          0 0 0 0 0 0 0 0 0
          0 0 0 0 0 0 0 0 0
          0 0 0 0 0 0 0 0 0
          0 0 0 0 0 0 0 0 0
          0 0 0 0 0 0 0 0 0
          0 0 0 0 0 0 0 0 0
          0 0 0 0 0 0 0 0 0
          0 0 0 0 0 0 0 0 0
          0 0 0 0 0 0 0 0 0
          0 0 0 0 0 0 0 0 0
          0 0 0 0 0 0 0 0 0
          0 0 0 0 0 0 0 0 0
          0 0 0 0 0 0 0 0 0
          0 0 0 0 0 0 0 0 0
          0 0 0 0 0 0 0 0 0
          0 0 0 0 0 0 0 0 0
          0 0 0 0 0 0 0 0 0
          0 0 0 0 0 0 0 0 0
          0 0 0 0 0 0 0 0 0
          0 0 0 0 0 0 0 0 0
          0 0 0 0 0 0 0 0 0
          0 0 0 0 0 0 0 0 0
          0 0 0 0 0 0 0 0 0
          0 0 0 0 0 0 0 0 0
          0 0 0 0 0 0 0 0 0
          0 0 0 0 0 0 0 0 0
          0 0 0 0 0 0 0 0 0
          0 0 0 0 0 0 0 0 0
          0 0 0 0 0 0 0 0 0
          0 0 0 0 0 0 0 0 0
          0 0 0 0 0 0 0 0 0
          0 0 0 0 0 0 0 0 0
          0 0 0 0 0 0 0 0 0
          0 0 0 0 0 0 0 0 0
          0 0 0 0 0 0 0 0 0
          0 0 0 0 0 0 0 0 0
          0 0 0 0 0 0 0 0 0
          0 0 0 0 0 0 0 0 0
          0 0 0 0 0 0 0 0 0
          0 0 0 0 0 0 0 0 0
          0 0 0 0 0 0 0 0 0
          0 0 0 0 0 0 0 0 0
          0 0 0 0 0 0 0 0 0
          0 0 0 0 0 0 0 0 0
          0 0 0 0 0 0 0 0 0
          0 0 0 0 0 0 0 0 0
          0 0 0 0 0 0 0 0 0
          0 0 0 0 0 0 0 0 0
          0 0 0 0 0 0 0 0 0
          0 0 0 0 0 0 0 0 0
          0 0 0 0 0 0 0 0 0
          0 0 0 0 0 0 0 0 0
          0 0 0 0 0 0 0 0 0
          0 0 0 0 0 0 0 0 0
          0 0 0 0 0 0 0 0 0
          0 0 0 0 0 0 0 0 0
          0 0 0 0 0 0 0 0 0
          0 0 0 0 0 0 0 0 0
          0 0 0 0 0 0 0 0 0
          0 0 0 0 0 0 0 0 0
          0 0 0 0 0 0 0 0 0
          0 0 0 0 0 0 0 0 0
          0 0 0 0 0 0 0 0 0
          0 0 0 0 0 0 0 0 0
          0 0 0 0 0 0 0 0 0
          0 0 0 0 0 0 0 0 0
          0 0 0 0 0 0 0 0 0
          0 0 0 0 0 0 0 0 0
          0 0 0 0 0 0 0 0 0
          0 0 0 0 0 0 0 0 0
          0 0 0 0 0 0 0 0 0
          0 0 0 0 0 0 0 0 0
          0 0 0 0 0 0 0 0 0
          0 0 0 0 0 0 0 0 0
          0 0 0 0 0 0 0 0 0
          0 0 0 0 0 0 0 0 0
          0 0 0
        </DataArray>
        <DataArray type="Float32" Name="k" format="ascii">
          5.49710667e-13 5.41908e-13 5.41992333e-13 5.49799333e-13 5.60678667e-13 5.60650667e-13 5.65030667e-13 5.68044667e-13 5.66395667e-13
          5.64081333e-13 5.68082333e-13 5.65096333e-13 5.64578667e-13 5.67067e-13 5.25153667e-13 5.25201333e-13 5.41633e-13 5.43323e-13
          5.26725333e-13 5.26844667e-13 5.46633667e-13 5.53458333e-13 5.53425e-13 5.46624e-13 5.38766667e-13 5.34428333e-13 5.24990333e-13
          5.2961e-13 5.30953333e-13 5.34234333e-13 5.38719333e-13 5.41659e-13 5.32054667e-13 5.33224333e-13 5.36567667e-13 5.33096667e-13
          5.60781e-13 5.52821667e-13 5.48272e-13 5.54090667e-13 5.45923667e-13 5.45050333e-13 5.29876667e-13 5.25739667e-13 5.34683e-13
          5.39043333e-13 5.34547667e-13 5.31046333e-13 5.53314333e-13 5.47643333e-13 5.48302e-13 5.56902667e-13 5.44421667e-13 5.43806333e-13
          5.52795333e-13 5.60818667e-13 5.54217e-13 5.48475667e-13 5.45372e-13 5.46076e-13 5.33638333e-13 5.36412667e-13 5.40738e-13
          5.37758333e-13 5.34521333e-13 5.35778333e-13 5.48007e-13 5.53688667e-13 5.58033e-13 5.49464e-13 5.44504333e-13 5.44903333e-13
          5.28680667e-13 5.29301333e-13 5.28543333e-13 5.28422667e-13 5.28933e-13 5.28385333e-13 5.36635333e-13 5.35508e-13 5.34133e-13
          5.32559333e-13 5.32016333e-13 5.33027333e-13 5.30079333e-13 5.29306333e-13 5.30527333e-13 5.30345e-13 5.29148333e-13 5.29984333e-13
          5.53233333e-13 5.46725e-13 5.46799667e-13 5.53343667e-13 5.46741333e-13 5.53230333e-13 5.53412333e-13 5.46884667e-13 5.46727e-13
          5.53828333e-13 5.53866667e-13 5.46786e-13 5.17818e-13 5.35918e-13 5.35809667e-13 5.18019333e-13 5.08234e-13 5.16991667e-13
          5.17476667e-13 5.08709667e-13 5.46741333e-13 5.45126667e-13 5.49047667e-13 5.49604333e-13 5.43257e-13 5.44315e-13 5.60421333e-13
          5.60645333e-13 5.6447e-13 5.66560333e-13 5.60976667e-13 5.60747e-13 5.67243667e-13 5.64985e-13 5.35923667e-13 5.40948e-13
          5.40834333e-13 5.35690667e-13 5.59898667e-13 5.59921667e-13 5.66709333e-13 5.63946333e-13 5.64045e-13 5.66785e-13 5.48026667e-13
          5.50410333e-13 5.53273333e-13 5.50825667e-13 5.40728e-13 5.34969e-13 5.32719e-13 5.38858333e-13 5.43637667e-13 5.47888667e-13
          5.43156e-13 5.37258e-13 5.36138667e-13 5.41128667e-13 5.44106333e-13 5.41746333e-13 5.3365e-13 5.32350667e-13 5.52092e-13
          5.60112e-13 5.51950333e-13 5.60078667e-13 5.57067333e-13 5.48444667e-13 5.47580667e-13 5.53598e-13 5.43912333e-13 5.44427333e-13
          5.49600667e-13 5.58209667e-13 5.53986e-13 5.47952333e-13 5.44826e-13 5.44509333e-13 5.34418667e-13 5.34065333e-13 5.34217333e-13
          5.34803667e-13 5.47723e-13 5.4784e-13 5.47887667e-13 5.47609333e-13 5.4055e-13 5.35762e-13 5.35845667e-13 5.40681333e-13
          5.53433333e-13 5.47731e-13 5.47968667e-13 5.53588667e-13 5.52859667e-13 5.60333e-13 5.60408667e-13 5.53096667e-13 5.44577667e-13
          5.45569667e-13 5.45890333e-13 5.44842333e-13 5.47461e-13 5.55164667e-13 5.48325333e-13 5.55275e-13 5.29976333e-13 5.29222333e-13
          5.47403333e-13 5.55219667e-13 5.48457e-13 5.55401667e-13 5.29528333e-13 5.304e-13 5.54119e-13 5.61626e-13 5.54166667e-13
          5.61664333e-13 5.46601667e-13 5.27823333e-13 5.19065667e-13 5.19211e-13 5.15753333e-13 5.07749667e-13 5.08389667e-13 5.16285e-13
          5.41999333e-13 5.49654333e-13 5.49773333e-13 5.41858667e-13 5.49857e-13 5.42109667e-13 5.41962e-13 5.49977667e-13 5.41786e-13
          5.49385667e-13 5.49465333e-13 5.41863333e-13 5.35688e-13 5.30992333e-13 5.30971e-13 5.35893667e-13 5.21582333e-13 5.1802e-13
          5.29418333e-13 5.2878e-13 5.18928e-13 5.22206e-13 5.38287e-13 5.37569333e-13 5.46853e-13 5.42718e-13 5.58429667e-13
          5.6682e-13 5.47477667e-13 5.51636333e-13 5.81148667e-13 5.73270667e-13 6.40468667e-13 6.18231e-13 6.10363333e-13 6.20648e-13
          5.82441333e-13 5.59815e-13 5.44812667e-13 5.40715333e-13 5.24413e-13 5.18834667e-13 5.18853e-13 5.55133333e-13 5.62944e-13
          5.62462667e-13 5.63571667e-13 5.53504e-13 5.52602e-13 5.81699333e-13 5.93394333e-13 5.77551667e-13 5.57144e-13 5.53550333e-13
          5.44554e-13 5.46513667e-13 5.51045333e-13 5.37318667e-13 5.25146333e-13 5.18925e-13 5.47681333e-13 5.59837667e-13 5.46525667e-13
          5.56003667e-13 5.86195667e-13 5.69202333e-13 5.99875e-13 5.91434333e-13 5.26488333e-13 5.22894667e-13 5.65539333e-13 5.71623333e-13
          5.78865667e-13 5.81334333e-13 5.96626667e-13 5.90959333e-13 5.62843667e-13 5.81134333e-13 5.47485e-13 5.43463667e-13 5.51151667e-13
          5.46974667e-13 5.18724667e-13 5.25495667e-13 5.38021e-13 5.23449333e-13 5.27075333e-13 5.76975667e-13 5.84969333e-13 6.16959667e-13
          6.39382e-13 5.61059667e-13 5.83647333e-13 6.10654e-13 6.21017667e-13 5.44722e-13 5.52764333e-13 5.34633667e-13 5.24670667e-13
          5.2018e-13 5.38446e-13 5.25802333e-13 5.19051e-13 5.55897667e-13 5.46452333e-13 5.86378667e-13 5.69794667e-13 5.99618333e-13
          5.90847667e-13 5.72400333e-13 5.66595333e-13 5.80651e-13 5.78642667e-13 5.42387667e-13 5.25941667e-13 5.30728333e-13 5.52754e-13
          5.44707667e-13 5.85594e-13 5.77656e-13 6.40341667e-13 6.17557e-13 5.84862667e-13 5.61995e-13 6.22460667e-13 6.12237e-13
          5.49729333e-13 5.40152667e-13 5.41477e-13 5.41881333e-13 5.35108333e-13 5.37179667e-13 5.22371333e-13 5.28220333e-13 5.19199667e-13
          5.16913e-13 5.45536667e-13 5.44483e-13 5.41758e-13 5.41215667e-13 5.31501e-13 5.32681667e-13 5.32793e-13 5.37529667e-13
          5.25648333e-13 5.26410333e-13 5.25070667e-13 5.22716333e-13 5.25007667e-13 5.28073667e-13 5.22689667e-13 5.21960333e-13 5.28654667e-13
          5.32658e-13 5.27887333e-13 5.31996333e-13 5.33699667e-13 5.39121e-13 5.50775333e-13 5.25597e-13 5.26431333e-13 6.40364667e-13
          6.07320667e-13 5.258e-13 5.14356667e-13 5.09599e-13 5.13088667e-13 5.18452333e-13 5.14084e-13 5.27513e-13 5.23306e-13
          5.28355333e-13 5.22687333e-13 5.24582667e-13 5.21081667e-13 5.1505e-13 5.15128e-13 5.31707333e-13 5.33331333e-13 5.10631e-13
          5.16516667e-13 5.24651333e-13 5.23523333e-13 5.28084667e-13 5.21581333e-13 5.39526e-13 5.41015e-13 5.23729333e-13 5.22677667e-13
          5.33722e-13 5.36262667e-13 5.27209333e-13 5.22767667e-13 5.24670667e-13 5.29451667e-13 5.28013333e-13 5.22661667e-13 5.29746333e-13
          5.34082667e-13 5.32035e-13 5.33613667e-13 5.3872e-13 5.36721667e-13 5.24571667e-13 5.21120333e-13 5.23384667e-13 5.27498333e-13
          5.29651e-13 5.25078667e-13 5.22264667e-13 5.18513333e-13 5.30195e-13 5.19725333e-13 5.15308333e-13 5.30024e-13 5.30520667e-13
          5.39688333e-13 5.52260667e-13 5.32225e-13 5.33975e-13 5.25639667e-13 5.31868333e-13 5.11976e-13 5.15835667e-13 5.30362667e-13
          5.31029667e-13 5.38122e-13 5.44099e-13 5.70254333e-13 5.69868e-13 5.53565667e-13 5.65737333e-13 5.73191e-13 5.56992333e-13
          6.02819667e-13 6.05447e-13 5.57581667e-13 5.58981333e-13 5.78666667e-13 5.82279e-13 6.07768333e-13 5.84623e-13 5.75217333e-13
          5.76532e-13 5.75158667e-13 5.73135667e-13 5.55346333e-13 5.52490333e-13 5.96253e-13 5.74388e-13 5.82089333e-13 5.74714e-13
          5.34890333e-13 5.37476e-13 5.48233667e-13 5.51554333e-13 5.41081e-13 5.37125667e-13 5.30244333e-13 5.37087e-13 5.35556667e-13
          5.32265e-13 5.35682333e-13 5.46172667e-13 5.45311667e-13 5.50541e-13 5.71225667e-13 5.59762333e-13 5.82233667e-13 5.83388e-13
          5.43030333e-13 5.41449333e-13 5.42347333e-13 5.39006667e-13 5.39385333e-13 5.42235667e-13 5.20849667e-13 5.30908e-13 5.34465333e-13
          5.2617e-13 5.39689e-13 5.40212667e-13 5.76718333e-13 5.72334e-13 5.67736e-13 5.78701333e-13 5.41646667e-13 5.36612e-13
          5.45263e-13 5.48435333e-13 5.38657333e-13 5.41573333e-13 5.55032333e-13 5.45280333e-13 5.43308667e-13 5.41555333e-13 5.43167333e-13
          5.44773e-13 5.5329e-13 5.56245333e-13 5.52239333e-13 5.46119333e-13 5.50374e-13 5.50370667e-13 5.34945667e-13 5.34939e-13
          5.4943e-13 5.45034e-13 5.45018333e-13 5.49424333e-13 5.58195667e-13 5.52629333e-13 5.51747667e-13 5.48571e-13 5.25279667e-13
          5.27224e-13 5.57362e-13 5.61396667e-13 5.59691333e-13 5.61183e-13 5.34460333e-13 5.40941667e-13 5.48155e-13 5.50036333e-13
          5.51954333e-13 5.43280333e-13 5.49154667e-13 5.55775333e-13 5.49502667e-13 5.37368333e-13 5.39179667e-13 5.32406333e-13 5.34212333e-13
          5.35023333e-13 5.33350333e-13 5.36718667e-13 5.36416e-13 5.97519333e-13 5.81320667e-13 5.80180333e-13 6.23927333e-13 5.91590667e-13
          5.26521e-13 5.32995333e-13 5.37859333e-13 5.82981667e-13 6.07235e-13 6.25092667e-13 6.09421e-13 6.23491e-13 6.39638e-13
          5.16587667e-13 5.29563e-13 5.32973667e-13 5.30345667e-13 5.32647333e-13 5.16825667e-13 5.21600333e-13 5.23706333e-13 5.28229333e-13
          5.17186333e-13 5.1412e-13 6.21181333e-13 6.10112333e-13 5.81876667e-13 5.60034667e-13 5.70066667e-13 5.59903667e-13 5.75916333e-13
          5.77025333e-13 5.77624333e-13 5.77369667e-13 5.60548333e-13 5.69857e-13 5.21545e-13 5.28449e-13 5.20055e-13 5.15798667e-13
          5.18555e-13 5.28356333e-13 5.36904667e-13 5.24067e-13 5.34271667e-13 5.10207333e-13 5.14463667e-13 5.237e-13 5.67543e-13
          5.63879333e-13 5.70715333e-13 5.7711e-13 5.75068e-13 5.72266333e-13 5.6325e-13 5.63320667e-13 5.40384e-13 5.53163333e-13
          5.74554667e-13 5.43835333e-13 5.47609667e-13 5.47236333e-13 5.55632e-13 5.30532667e-13 5.38813667e-13 5.19763e-13 5.26564667e-13
          5.30535e-13 5.51674667e-13 5.45628e-13 5.36669667e-13 5.39220667e-13 5.26869667e-13 5.20299e-13 5.55198667e-13 5.60282667e-13
          5.72422e-13 5.70550333e-13 5.97722333e-13 5.9859e-13 5.95208333e-13 5.88096333e-13 5.82442e-13 5.90558e-13 5.49599667e-13
          5.50517e-13 5.42605333e-13 5.42106667e-13 5.53546667e-13 5.51800333e-13 5.48477e-13 5.49804667e-13 5.58426667e-13 5.51026667e-13
          5.45121e-13 5.53769667e-13 5.58602e-13 5.49424667e-13 5.72068333e-13 5.70493667e-13 5.49629667e-13 5.50901667e-13 5.37751667e-13
          5.34152e-13 5.21093e-13 5.1572e-13 6.71179333e-13 6.29771e-13 5.51308e-13 5.75819667e-13 5.66602667e-13 5.22346667e-13
          5.45489e-13 5.58149333e-13 5.12651e-13 5.10446667e-13 5.16029667e-13 5.23983333e-13 5.32447667e-13 5.21796e-13 5.22478e-13
          5.26531e-13 5.22036333e-13 5.25629e-13 5.11476333e-13 5.11120667e-13 5.11803667e-13 5.17879667e-13 5.30582e-13 5.32952667e-13
          5.32035e-13 5.29013667e-13 5.29542333e-13 5.45346333e-13 5.35948333e-13 5.19970667e-13 5.24532667e-13 5.3641e-13 5.40750667e-13
          5.28926667e-13 5.32406333e-13 5.2342e-13 5.30318667e-13 5.23021667e-13 5.29083333e-13 5.23765667e-13 5.19070333e-13 5.19170667e-13
          5.25734e-13 5.33177667e-13 5.25510667e-13 5.27471333e-13 5.21090667e-13 5.29064667e-13 5.3475e-13 5.21226e-13 5.16157333e-13
          5.09230333e-13 5.11714667e-13 5.21440333e-13 5.16379667e-13 5.17171667e-13 5.20707333e-13 5.11887333e-13 5.09333e-13 5.29697667e-13
          5.32662333e-13 5.56086e-13 5.55974667e-13 5.37032667e-13 5.35651e-13 5.26946667e-13 5.20718e-13 5.62373333e-13 5.65939333e-13
          5.74930667e-13 5.66571667e-13 5.5715e-13 5.58685333e-13 5.70189333e-13 5.73447e-13 5.57514333e-13 5.48021333e-13 5.20253333e-13
          5.25046e-13 5.35466e-13 5.45547e-13 5.33678e-13 5.76251e-13 5.76948667e-13 5.75438e-13 5.80069e-13 5.68069e-13
          5.77102333e-13 5.42699667e-13 5.51259333e-13 5.25949333e-13 5.39259333e-13 5.23741667e-13 5.17720667e-13 5.51139667e-13 5.66737333e-13
          5.78899667e-13 5.71097e-13 5.66306e-13 5.52528667e-13 5.69103333e-13 5.78564e-13 5.57440667e-13 5.60603333e-13 5.26318333e-13
          5.35164e-13 5.23977667e-13 5.35542333e-13 5.28771333e-13 5.30934e-13 5.33485e-13 5.35936667e-13 5.34727667e-13 5.20991667e-13
          5.27104667e-13 5.24928667e-13 5.37223e-13 5.41884e-13 5.28173667e-13 5.19941667e-13 5.22766333e-13 5.17071667e-13 5.54951333e-13
          5.70310333e-13 5.69969e-13 5.56364333e-13 5.29381667e-13 5.45314667e-13 5.29482e-13 5.22373e-13 5.88374333e-13 5.81119e-13
          5.87257333e-13 6.09754667e-13 5.85045e-13 5.61623e-13 6.14034333e-13 6.23563667e-13 5.40945333e-13 5.31547667e-13 5.19773e-13
          5.25802667e-13 5.37654333e-13 5.64426e-13 5.67162e-13 5.77726e-13 5.7137e-13 5.71733333e-13 5.75607e-13 5.64105333e-13
          5.63851667e-13 5.58133e-13 5.67061e-13 5.50269e-13 5.46056333e-13 5.51726e-13 5.26622333e-13 5.2035e-13 5.36509667e-13
          5.39177e-13 5.34145e-13 5.37536667e-13 5.41254e-13 5.44126333e-13 5.34234667e-13 5.31789667e-13 5.25243e-13 5.25201667e-13
          5.34667667e-13 5.34179667e-13 5.34739333e-13 5.33809e-13 5.24043667e-13 5.31455333e-13 5.19364667e-13 5.26801667e-13 5.35059e-13
          5.26379667e-13 5.33001e-13 5.25852667e-13 5.27703e-13 5.26592333e-13 5.22708333e-13 5.29386667e-13 5.35352333e-13 5.38045e-13
          5.70355e-13 5.68014e-13 5.28027667e-13 5.21755333e-13 5.40795e-13 5.32531333e-13 5.28095667e-13 5.27505333e-13 5.11383333e-13
          5.18365e-13 5.27846333e-13 5.28337333e-13 5.27709333e-13 5.1937e-13 5.22683333e-13 5.15702333e-13 5.14731667e-13 5.15879667e-13
          5.14923e-13 5.27048667e-13 5.40786e-13 5.30692e-13 5.28918667e-13 5.24463333e-13 5.18719333e-13 5.16154667e-13 6.07208667e-13
          5.82191e-13 6.23173333e-13 6.38935333e-13 6.27324e-13 6.11449667e-13 5.52815e-13 5.41806e-13 5.24721667e-13 5.19503e-13
          5.37391667e-13 5.34639667e-13 5.70329e-13 5.63250333e-13 5.57933333e-13 5.73039333e-13 6.04713333e-13 6.02319333e-13 5.63199667e-13
          5.57566333e-13 5.98527e-13 6.26928333e-13 5.85698667e-13 5.82748e-13 5.97854e-13 5.66894e-13 5.59506e-13 5.55706333e-13
          5.55735e-13 5.44698333e-13 5.4458e-13 5.53533667e-13 5.55009e-13 5.55115667e-13 5.5373e-13 5.51245333e-13 5.59571667e-13
          5.59551e-13 5.51129667e-13 5.81761333e-13 5.81871667e-13 6.09761e-13 6.09694667e-13 5.95445667e-13 6.04314e-13 6.04003333e-13
          5.95091e-13 5.56206667e-13 5.53294333e-13 5.20841667e-13 5.27153667e-13 5.36683333e-13 5.39084333e-13 5.48306e-13 5.57645333e-13
          5.34073667e-13 5.46250333e-13 5.67122e-13 5.64453e-13 5.71234333e-13 5.77527333e-13 5.6385e-13 5.63989333e-13 5.75134667e-13
          5.71371333e-13 5.76846333e-13 5.76296e-13 5.79399e-13 5.75098667e-13 5.28460667e-13 5.36153e-13 5.29685667e-13 5.43051e-13
          5.45758667e-13 5.30689667e-13 5.22465333e-13 5.34036667e-13 5.45328333e-13 5.23627333e-13 5.30484667e-13 5.69755e-13 5.54479667e-13
          5.55861e-13 5.69202333e-13 5.81273e-13 5.88309333e-13 6.10454333e-13 5.87579333e-13 5.86386e-13 5.62867333e-13 6.15057333e-13
          6.2463e-13 5.16519e-13 5.19109667e-13 5.24927667e-13 5.29612333e-13 5.33569e-13 5.47682333e-13 5.41841e-13 5.52839e-13
          5.19783333e-13 5.25158333e-13 5.34628333e-13 5.25997333e-13 5.14147667e-13 5.35015333e-13 5.37636333e-13 5.82950667e-13 6.08285e-13
          6.24656667e-13 6.40268667e-13 6.12398667e-13 6.27719667e-13 5.63279667e-13 5.70398e-13 5.73039e-13 5.57942e-13 5.57563667e-13
          5.63194667e-13 6.02361e-13 6.04708667e-13 5.98447333e-13 6.26874333e-13 5.37118333e-13 5.39846667e-13 5.40033e-13 5.37344e-13
          5.51231333e-13 5.57703e-13 5.48303667e-13 5.50290667e-13 5.57772667e-13 5.51246333e-13 5.50296667e-13 5.48306e-13 5.69689667e-13
          5.69747667e-13 5.23620667e-13 5.27702e-13 5.45677667e-13 5.44497e-13 5.28516e-13 5.26996333e-13 5.18124e-13 5.22127333e-13
          5.21743667e-13 5.24513667e-13 5.19718e-13 5.23235667e-13 5.18093e-13 5.22313e-13 5.32476e-13 5.18299e-13 5.28659667e-13
          5.20458333e-13 5.17812333e-13 5.20121667e-13 5.15121333e-13 5.11958333e-13 5.36496333e-13 5.47502333e-13 5.26068667e-13 5.20711e-13
          5.20259333e-13 5.24884667e-13 5.28157e-13 5.26550333e-13 5.42317333e-13 5.42033e-13 5.23690333e-13 5.22121667e-13 5.57368e-13
          5.62649333e-13 5.31670667e-13 5.29335333e-13 5.26509333e-13 5.20391667e-13 5.24292667e-13 5.50345e-13 5.47393667e-13 5.65166333e-13
          5.57208333e-13 5.67578333e-13 5.55103333e-13 5.17230333e-13 5.19620333e-13 5.25615333e-13 5.24192667e-13 5.14611667e-13 5.10771333e-13
          5.41413e-13 5.39102667e-13 5.2671e-13 5.24853e-13 5.48845667e-13 5.40177667e-13 5.33830333e-13 5.22997333e-13 5.18320333e-13
          5.19811333e-13 5.21387333e-13 5.20988333e-13 5.24587e-13 5.32854667e-13 5.30626333e-13 5.23929333e-13 5.22440333e-13 5.31603667e-13
          5.29578667e-13 5.36149667e-13 5.32302333e-13 5.37697e-13 5.47590333e-13 5.23124333e-13 5.28141e-13 5.19453333e-13 5.23046e-13
          5.22285333e-13 5.25088e-13 5.13568e-13 5.19671333e-13 5.27313667e-13 5.25710667e-13 5.14740667e-13 5.10828e-13 5.46093333e-13
          5.46018333e-13 5.2881e-13 5.26336667e-13 5.68922333e-13 5.57280333e-13 5.32591333e-13 5.37275667e-13 5.34969e-13 5.31271333e-13
          5.49466667e-13 5.40489e-13 5.30478e-13 5.23739333e-13 5.22052333e-13 5.32321667e-13 5.28696e-13 5.40601e-13 5.34559e-13
          5.46230333e-13 5.37605e-13 5.25292667e-13 5.25122333e-13 5.36409667e-13 5.47544667e-13 5.20009e-13 5.26772e-13 5.25429e-13
          5.25192e-13 5.26333333e-13 5.20839333e-13 5.21296333e-13 5.12392e-13 5.09657e-13 5.17358e-13 5.21613333e-13 5.18779667e-13
          5.23197667e-13 5.34018333e-13 5.19908e-13 5.23714333e-13 5.22338e-13 5.25105e-13 5.17379667e-13 5.21601e-13 5.68424667e-13
          5.68811e-13 5.52585667e-13 5.50165667e-13 5.52785333e-13 5.28051333e-13 5.30107667e-13 5.31479e-13 5.33478667e-13 5.25296e-13
          5.2038e-13 5.41641e-13 5.37553e-13 5.53256667e-13 5.58775333e-13 5.56006333e-13 5.38115e-13 5.44302e-13 5.44323333e-13
          5.38148e-13 5.42587667e-13 5.56752333e-13 5.35920667e-13 5.30499e-13 5.59953333e-13 5.47213667e-13 5.47472667e-13 5.52329333e-13
          6.29775333e-13 6.48910333e-13 5.49895e-13 5.71416667e-13 5.29455e-13 5.25535667e-13 5.11009333e-13 5.14983e-13 5.31877333e-13
          5.26249667e-13 5.30130667e-13 5.48646667e-13 5.18347667e-13 5.16455667e-13 5.87678e-13 5.96142e-13 5.46428e-13 5.67906333e-13
          5.29293333e-13 5.44392333e-13 5.63916e-13 5.64170667e-13 5.53347e-13 5.62012e-13 5.47368333e-13 5.51717667e-13 5.27367333e-13
          5.20099667e-13 5.49754667e-13 5.32472e-13 5.22300667e-13 5.28005e-13 5.28307667e-13 5.21550333e-13 5.23193667e-13 5.36101667e-13
          5.34391e-13 5.28707e-13 5.22065667e-13 5.68964e-13 5.92186e-13 5.7049e-13 5.64095333e-13 5.65646333e-13 5.68448e-13
          5.37892e-13 5.32425333e-13 5.31572333e-13 5.24064e-13 5.30703333e-13 5.29839667e-13 5.29582333e-13 5.21801e-13 5.69278667e-13
          5.74378e-13 6.00546e-13 5.99678333e-13 5.90052333e-13 5.97164333e-13 5.92514e-13 5.81170333e-13 5.61787333e-13 5.61421e-13
          5.56042667e-13 5.40991e-13 5.40374333e-13 5.55374333e-13 5.36347667e-13 5.25946333e-13 5.16992667e-13 5.30604e-13 5.36640667e-13
          5.67266e-13 5.72068333e-13 5.40309667e-13 5.29987333e-13 5.87385333e-13 5.58302e-13 5.63177667e-13 6.0547e-13 5.99603e-13
          5.54078333e-13 5.79434667e-13 5.52136333e-13 5.29619333e-13 5.22803333e-13 5.22929333e-13 5.36140333e-13 5.28813667e-13 5.15512333e-13
          5.11483e-13 5.53358667e-13 5.60070333e-13 6.3104e-13 6.77381e-13 5.97125333e-13 5.53627333e-13 5.34136e-13 5.43632333e-13
          6.06051667e-13 6.34163e-13 6.72318e-13 6.85615e-13 5.35420667e-13 5.25419e-13 5.18156333e-13 5.16457333e-13 5.12054667e-13
          5.14006e-13 5.21542667e-13 5.32074e-13 5.24523e-13 5.18513e-13 5.19305333e-13 5.19529667e-13 5.18644667e-13 5.26388e-13
          5.2267e-13 5.38716667e-13 5.34721667e-13 5.49327333e-13 5.45494667e-13 5.22173667e-13 5.24352667e-13 5.44292e-13 5.46342667e-13
          5.49818e-13 5.48168e-13 5.48882e-13 5.48765667e-13 5.51408e-13 5.55893333e-13 5.45238667e-13 5.42229667e-13 5.38088e-13
          5.46821e-13 5.42172333e-13 5.44694333e-13 5.39359667e-13 5.38421667e-13 5.37712667e-13 5.35349e-13 5.35307333e-13 5.42820333e-13
          5.41486667e-13 5.35221e-13 5.36009333e-13 5.37265e-13 5.33775e-13 5.38333667e-13 5.36375667e-13 5.34168333e-13 5.37053333e-13
          5.36197333e-13 5.44465e-13 5.43929333e-13 5.30558e-13 5.20837e-13 5.26432e-13 5.34263667e-13 5.39326333e-13 5.38825667e-13
          5.24295333e-13 5.18680667e-13 5.26117667e-13 5.30246667e-13 5.2e-13 5.16854667e-13 5.21118333e-13 5.25631e-13 5.17342e-13
          5.17159333e-13 5.18990333e-13 5.16794667e-13 5.16850333e-13 5.19041333e-13 5.26294e-13 5.4063e-13 5.44263333e-13 5.33661667e-13
          5.34045333e-13 5.44432e-13 5.40825e-13 5.26308e-13 5.18914667e-13 5.25039667e-13 5.41019e-13 5.43772e-13 5.27122333e-13
          5.31368e-13 5.35734667e-13 5.30347333e-13 5.20075667e-13 5.24489333e-13 5.24589667e-13 5.32407e-13 5.37351667e-13 5.46380333e-13
          5.36105e-13 5.31400667e-13 5.29266333e-13 5.20111333e-13 5.29418333e-13 5.28552333e-13 5.33046e-13 5.40253333e-13 5.49158e-13
          5.45417e-13 5.70849667e-13 5.60267e-13 5.68626e-13 5.67142333e-13 5.63884667e-13 5.41753e-13 5.35294333e-13 5.23801333e-13
          5.33815333e-13 5.35692667e-13 5.36197e-13 5.22489667e-13 5.68893333e-13 5.91297e-13 5.47333667e-13 5.58789667e-13 5.69741667e-13
          5.69950333e-13 5.35262667e-13 5.42807333e-13 5.24814667e-13 5.20192333e-13 5.26404e-13 5.21366e-13 5.28480333e-13 5.71097e-13
          5.62307e-13 5.50642333e-13 5.55954e-13 5.39084e-13 5.47454e-13 5.28041e-13 5.21683667e-13 5.27351667e-13 5.22433e-13
          5.35108333e-13 5.24873667e-13 5.42523667e-13 5.43232667e-13 5.32063333e-13 5.32971667e-13 5.40178667e-13 5.44661e-13 5.36294e-13
          5.40397e-13 5.44549333e-13 5.40908333e-13 5.36348667e-13 5.35808e-13 5.37246333e-13 5.39693667e-13 5.36846667e-13 5.36560667e-13
          5.34998333e-13 5.34405333e-13 5.36472333e-13 5.44412333e-13 5.45129667e-13 5.39713e-13 5.41889e-13 5.35006667e-13 5.32138333e-13
          5.22582333e-13 5.16162333e-13 5.17071667e-13 5.51822e-13 5.43680333e-13 5.33928333e-13 5.25453667e-13 5.29072333e-13 5.21892333e-13
          5.56742667e-13 5.68062333e-13 5.79527667e-13 5.75304667e-13 5.30245333e-13 5.20969667e-13 5.29139e-13 5.22891667e-13 5.33358667e-13
          5.50858667e-13 5.53059667e-13 5.74315e-13 6.03304333e-13 5.97591667e-13 5.91027e-13 6.03275333e-13 5.66606667e-13 5.87783e-13
          5.23092667e-13 5.28059333e-13 5.42887e-13 5.39938e-13 5.33426e-13 5.64569333e-13 5.70925333e-13 5.68806333e-13 5.64932667e-13
          5.51547e-13 5.42062333e-13 5.31464333e-13 5.29518333e-13 5.30113e-13 5.20345e-13 5.35917667e-13 5.33992e-13 5.19228667e-13
          5.25541e-13 5.2977e-13 5.22803e-13 5.43235e-13 5.55328e-13 5.53470333e-13 5.39287667e-13 5.43211667e-13 5.55396e-13
          5.54971e-13 5.40727667e-13 5.18140667e-13 5.17670667e-13 5.17052333e-13 5.19344667e-13 5.19439667e-13 5.17233667e-13 5.36201333e-13
          5.37799333e-13 5.34436333e-13 5.42739667e-13 5.29741667e-13 5.37662333e-13 5.415e-13 5.19438e-13 5.26363e-13 5.47804333e-13
          5.44353667e-13 5.27268e-13 5.29176333e-13 5.37902333e-13 5.40739333e-13 5.35961667e-13 5.42253e-13 5.54155333e-13 5.43761667e-13
          5.41236e-13 5.47651e-13 5.48397e-13 5.45314333e-13 5.48554333e-13 5.59460667e-13 5.38272667e-13 5.38213e-13 5.51475667e-13
          5.46401e-13 5.30399e-13 5.22186667e-13 5.63141e-13 5.63651667e-13 5.45771e-13 5.54580667e-13 5.41792667e-13 5.47615333e-13
          5.37952e-13 5.37798e-13 5.38401667e-13 5.44487333e-13 5.21189333e-13 5.28390667e-13 5.26951667e-13 5.27817e-13 5.40504e-13
          5.33274667e-13 5.33903667e-13 5.40892e-13 5.29871667e-13 5.30315667e-13 5.28139333e-13 5.19588e-13 5.42743e-13 5.50462e-13
          5.20250667e-13 5.23516667e-13 5.20238e-13 5.30035667e-13 5.30825667e-13 5.30178333e-13 5.52658667e-13 5.44769e-13 5.23588e-13
          5.20296e-13 5.10821333e-13 5.13068667e-13 5.16508667e-13 5.15871e-13 5.16540333e-13 5.15891e-13 5.34467667e-13 5.27874333e-13
          5.33461e-13 5.4748e-13 5.16180667e-13 5.15021e-13 5.53423333e-13 5.73873e-13 5.2659e-13 5.20914333e-13 5.12438667e-13
          5.3278e-13 5.28840667e-13 5.29293333e-13 5.31558e-13 5.4683e-13 5.51735667e-13 5.59658333e-13 6.49668667e-13 6.29528e-13
          5.68692667e-13 5.66862e-13 5.59480333e-13 5.66839667e-13 5.82486333e-13 5.82376e-13 6.10309333e-13 6.10375667e-13 6.04928667e-13
          5.96060333e-13 5.95705667e-13 6.04618e-13 5.53168667e-13 5.50386667e-13 5.52930333e-13 5.29733333e-13 5.21952333e-13 5.31938333e-13
          5.29862e-13 5.42134e-13 5.35654e-13 5.34124333e-13 5.24156667e-13 5.75306667e-13 5.66647333e-13 5.41628333e-13 5.70923333e-13
          5.64630333e-13 5.47758e-13 5.43797333e-13 5.64767333e-13 5.68530667e-13 5.69185667e-13 5.91466333e-13 5.36601333e-13 5.28036667e-13
          5.22342667e-13 5.29787e-13 5.32726667e-13 5.23164667e-13 5.22979333e-13 5.29526e-13 5.50993333e-13 5.33395333e-13 5.58381333e-13
          5.68987e-13 5.79171667e-13 5.75229333e-13 5.54506667e-13 5.75320667e-13 5.97726e-13 6.03992e-13 5.34893e-13 5.28201667e-13
          5.15047e-13 5.16213333e-13 5.26602333e-13 5.22982e-13 5.23570333e-13 5.33051e-13 5.29144e-13 5.29384e-13 5.38425e-13
          5.42526667e-13 5.53784e-13 5.74645e-13 5.54839333e-13 5.89488e-13 5.97769e-13 5.51942e-13 5.59697e-13 6.29438667e-13
          6.49584667e-13 5.2902e-13 5.25561333e-13 5.25605333e-13 5.29091667e-13 5.57361667e-13 5.43179667e-13 5.30626e-13 5.36349333e-13
          5.43203e-13 5.57431333e-13 5.36371667e-13 5.30660333e-13 5.69406333e-13 5.69348333e-13 5.42032e-13 5.42048e-13 5.44046333e-13
          5.54939667e-13 5.31912667e-13 5.28936667e-13 5.38050333e-13 5.43054333e-13 5.41591333e-13 5.39213e-13 5.37844333e-13 5.41443333e-13
          5.74441667e-13 5.72876e-13 5.71271333e-13 5.61747667e-13 5.24051667e-13 5.33107e-13 5.24093333e-13 5.23387333e-13 5.43233333e-13
          5.38289e-13 5.39176e-13 5.36932333e-13 5.35374667e-13 5.32277667e-13 5.28552667e-13 5.31072e-13 5.32308333e-13 5.28597e-13
          5.36116333e-13 5.2581e-13 5.47186667e-13 5.51004667e-13 5.36316333e-13 5.36221333e-13 5.26643667e-13 5.23997333e-13 5.38296333e-13
          5.2208e-13 6.50075667e-13 6.50551e-13 5.95625333e-13 6.08028667e-13 5.44369e-13 5.36463333e-13 5.28351333e-13 5.29545e-13
          5.50761667e-13 5.51904333e-13 5.43642e-13 5.44113e-13 6.04976333e-13 5.91207e-13 5.21551e-13 5.24235667e-13 5.37926667e-13
          5.23606333e-13 5.30642333e-13 5.24953e-13 5.23633667e-13 5.35244667e-13 5.32826667e-13 5.29526333e-13 5.27186e-13 5.40499333e-13
          5.39960333e-13 5.36627333e-13 5.36894e-13 5.26126333e-13 5.22979e-13 5.24373e-13 6.49952e-13 6.50064333e-13 5.91084667e-13
          6.04706e-13 6.5043e-13 6.50721e-13
        </DataArray>
        <DataArray type="Float32" Name="Cp" format="ascii">
          0 0 0 0 0 0 0 0 0
          0 0 0 0 0 0 0 0 0
          0 0 0 0 0 0 0 0 0
          0 0 0 0 0 0 0 0 0
          0 0 0 0 0 0 0 0 0
          0 0 0 0 0 0 0 0 0
          0 0 0 0 0 0 0 0 0
          0 0 0 0 0 0 0 0 0
          0 0 0 0 0 0 0 0 0
          0 0 0 0 0 0 0 0 0
          0 0 0 0 0 0 0 0 0
          0 0 0 0 0 0 0 0 0
          0 0 0 0 0 0 0 0 0
          0 0 0 0 0 0 0 0 0
          0 0 0 0 0 0 0 0 0
          0 0 0 0 0 0 0 0 0
          0 0 0 0 0 0 0 0 0
          0 0 0 0 0 0 0 0 0
          0 0 0 0 0 0 0 0 0
          0 0 0 0 0 0 0 0 0
          0 0 0 0 0 0 0 0 0
          0 0 0 0 0 0 0 0 0
          0 0 0 0 0 0 0 0 0
          0 0 0 0 0 0 0 0 0
          0 0 0 0 0 0 0 0 0
          0 0 0 0 0 0 0 0 0
          0 0 0 0 0 0 0 0 0
          0 0 0 0 0 0 0 0 0
          0 0 0 0 0 0 0 0 0
          0 0 0 0 0 0 0 0 0
          0 0 0 0 0 0 0 0 0
          0 0 0 0 0 0 0 0 0
          0 0 0 0 0 0 0 0 0
          0 0 0 0 0 0 0 0 0
          0 0 0 0 0 0 0 0 0
          0 0 0 0 0 0 0 0 0
          0 0 0 0 0 0 0 0 0
          0 0 0 0 0 0 0 0 0
          0 0 0 0 0 0 0 0 0
          0 0 0 0 0 0 0 0 0
          0 0 0 0 0 0 0 0 0
          0 0 0 0 0 0 0 0 0
          0 0 0 0 0 0 0 0 0
          0 0 0 0 0 0 0 0 0
          0 0 0 0 0 0 0 0 0
          0 0 0 0 0 0 0 0 0
          0 0 0 0 0 0 0 0 0
          0 0 0 0 0 0 0 0 0
          0 0 0 0 0 0 0 0 0
          0 0 0 0 0 0 0 0 0
          0 0 0 0 0 0 0 0 0
          0 0 0 0 0 0 0 0 0
          0 0 0 0 0 0 0 0 0
          0 0 0 0 0 0 0 0 0
          0 0 0 0 0 0 0 0 0
          0 0 0 0 0 0 0 0 0
          0 0 0 0 0 0 0 0 0
          0 0 0 0 0 0 0 0 0
          0 0 0 0 0 0 0 0 0
          0 0 0 0 0 0 0 0 0
          0 0 0 0 0 0 0 0 0
          0 0 0 0 0 0 0 0 0
          0 0 0 0 0 0 0 0 0
          0 0 0 0 0 0 0 0 0
          0 0 0 0 0 0 0 0 0
          0 0 0 0 0 0 0 0 0
          0 0 0 0 0 0 0 0 0
          0 0 0 0 0 0 0 0 0
          0 0 0 0 0 0 0 0 0
          0 0 0 0 0 0 0 0 0
          0 0 0 0 0 0 0 0 0
          0 0 0 0 0 0 0 0 0
          0 0 0 0 0 0 0 0 0
          0 0 0 0 0 0 0 0 0
          0 0 0 0 0 0 0 0 0
          0 0 0 0 0 0 0 0 0
          0 0 0 0 0 0 0 0 0
          0 0 0 0 0 0 0 0 0
          0 0 0 0 0 0 0 0 0
          0 0 0 0 0 0 0 0 0
          0 0 0 0 0 0 0 0 0
          0 0 0 0 0 0 0 0 0
          0 0 0 0 0 0 0 0 0
          0 0 0 0 0 0 0 0 0
          0 0 0 0 0 0 0 0 0
          0 0 0 0 0 0 0 0 0
          0 0 0 0 0 0 0 0 0
          0 0 0 0 0 0 0 0 0
          0 0 0 0 0 0 0 0 0
          0 0 0 0 0 0 0 0 0
          0 0 0 0 0 0 0 0 0
          0 0 0 0 0 0 0 0 0
          0 0 0 0 0 0 0 0 0
          0 0 0 0 0 0 0 0 0
          0 0 0 0 0 0 0 0 0
          0 0 0 0 0 0 0 0 0
          0 0 0 0 0 0 0 0 0
          0 0 0 0 0 0 0 0 0
          0 0 0 0 0 0 0 0 0
          0 0 0 0 0 0 0 0 0
          0 0 0 0 0 0 0 0 0
          0 0 0 0 0 0 0 0 0
          0 0 0 0 0 0 0 0 0
          0 0 0 0 0 0 0 0 0
          0 0 0 0 0 0 0 0 0
          0 0 0 0 0 0 0 0 0
          0 0 0 0 0 0 0 0 0
          0 0 0 0 0 0 0 0 0
          0 0 0 0 0 0 0 0 0
          0 0 0 0 0 0 0 0 0
          0 0 0 0 0 0 0 0 0
          0 0 0 0 0 0 0 0 0
          0 0 0 0 0 0 0 0 0
          0 0 0 0 0 0 0 0 0
          0 0 0 0 0 0 0 0 0
          0 0 0 0 0 0 0 0 0
          0 0 0 0 0 0 0 0 0
          0 0 0 0 0 0 0 0 0
          0 0 0 0 0 0 0 0 0
          0 0 0 0 0 0 0 0 0
          0 0 0 0 0 0 0 0 0
          0 0 0 0 0 0 0 0 0
          0 0 0 0 0 0 0 0 0
          0 0 0 0 0 0 0 0 0
          0 0 0 0 0 0 0 0 0
          0 0 0 0 0 0 0 0 0
          0 0 0 0 0 0 0 0 0
          0 0 0 0 0 0 0 0 0
          0 0 0 0 0 0 0 0 0
          0 0 0 0 0 0 0 0 0
          0 0 0 0 0 0 0 0 0
          0 0 0 0 0 0 0 0 0
          0 0 0 0 0 0 0 0 0
          0 0 0 0 0 0 0 0 0
          0 0 0 0 0 0 0 0 0
          0 0 0 0 0 0 0 0 0
          0 0 0 0 0 0 0 0 0
          0 0 0 0 0 0 0 0 0
          0 0 0 0 0 0 0 0 0
          0 0 0 0 0 0 0 0 0
          0 0 0 0 0 0 0 0 0
          0 0 0 0 0 0 0 0 0
          0 0 0 0 0 0 0 0 0
          0 0 0 0 0 0 0 0 0
          0 0 0 0 0 0 0 0 0
          0 0 0 0 0 0 0 0 0
          0 0 0 0 0 0 0 0 0
          0 0 0 0 0 0 0 0 0
          0 0 0 0 0 0 0 0 0
          0 0 0 0 0 0 0 0 0
          0 0 0 0 0 0 0 0 0
          0 0 0 0 0 0 0 0 0
          0 0 0 0 0 0 0 0 0
          0 0 0 0 0 0 0 0 0
          0 0 0 0 0 0 0 0 0
          0 0 0 0 0 0 0 0 0
          0 0 0 0 0 0 0 0 0
          0 0 0 0 0 0 0 0 0
          0 0 0 0 0 0 0 0 0
          0 0 0 0 0 0 0 0 0
          0 0 0 0 0 0 0 0 0
          0 0 0 0 0 0 0 0 0
          0 0 0 0 0 0 0 0 0
          0 0 0 0 0 0 0 0 0
          0 0 0 0 0 0 0 0 0
          0 0 0 0 0 0 0 0 0
          0 0 0 0 0 0 0 0 0
          0 0 0 0 0 0 0 0 0
          0 0 0 0 0 0 0 0 0
          0 0 0 0 0 0 0 0 0
          0 0 0 0 0 0 0 0 0
          0 0 0 0 0 0 0 0 0
          0 0 0 0 0 0 0 0 0
          0 0 0 0 0 0 0 0 0
          0 0 0 0 0 0 0 0 0
          0 0 0 0 0 0 0 0 0
          0 0 0 0 0 0 0 0 0
          0 0 0 0 0 0 0 0 0
          0 0 0 0 0 0 0 0 0
          0 0 0 0 0 0 0 0 0
          0 0 0 0 0 0 0 0 0
          0 0 0 0 0 0 0 0 0
          0 0 0 0 0 0 0 0 0
          0 0 0 0 0 0 0 0 0
          0 0 0 0 0 0 0 0 0
          0 0 0 0 0 0 0 0 0
          0 0 0 0 0 0 0 0 0
          0 0 0 0 0 0 0 0 0
          0 0 0 0 0 0 0 0 0
          0 0 0 0 0 0 0 0 0
          0 0 0 0 0 0 0 0 0
          0 0 0 0 0 0 0 0 0
          0 0 0 0 0 0 0 0 0
          0 0 0 0 0 0 0 0 0
          0 0 0 0 0 0 0 0 0
          0 0 0
        </DataArray>
        <DataArray type="Float32" Name="Uz" format="ascii">
          0 0 0 0 0 0 0 0 0
          0 0 0 0 0 0 0 0 0
          0 0 0 0 0 0 0 0 0
          0 0 0 0 0 0 0 0 0
          0 0 0 0 0 0 0 0 0
          0 0 0 0 0 0 0 0 0
          0 0 0 0 0 0 0 0 0
          0 0 0 0 0 0 0 0 0
          0 0 0 0 0 0 0 0 0
          0 0 0 0 0 0 0 0 0
          0 0 0 0 0 0 0 0 0
          0 0 0 0 0 0 0 0 0
          0 0 0 0 0 0 0 0 0
          0 0 0 0 0 0 0 0 0
          0 0 0 0 0 0 0 0 0
          0 0 0 0 0 0 0 0 0
          0 0 0 0 0 0 0 0 0
          0 0 0 0 0 0 0 0 0
          0 0 0 0 0 0 0 0 0
          0 0 0 0 0 0 0 0 0
          0 0 0 0 0 0 0 0 0
          0 0 0 0 0 0 0 0 0
          0 0 0 0 0 0 0 0 0
          0 0 0 0 0 0 0 0 0
          0 0 0 0 0 0 0 0 0
          0 0 0 0 0 0 0 0 0
          0 0 0 0 0 0 0 0 0
          0 0 0 0 0 0 0 0 0
          0 0 0 0 0 0 0 0 0
          0 0 0 0 0 0 0 0 0
          0 0 0 0 0 0 0 0 0
          0 0 0 0 0 0 0 0 0
          0 0 0 0 0 0 0 0 0
          0 0 0 0 0 0 0 0 0
          0 0 0 0 0 0 0 0 0
          0 0 0 0 0 0 0 0 0
          0 0 0 0 0 0 0 0 0
          0 0 0 0 0 0 0 0 0
          0 0 0 0 0 0 0 0 0
          0 0 0 0 0 0 0 0 0
          0 0 0 0 0 0 0 0 0
          0 0 0 0 0 0 0 0 0
          0 0 0 0 0 0 0 0 0
          0 0 0 0 0 0 0 0 0
          0 0 0 0 0 0 0 0 0
          0 0 0 0 0 0 0 0 0
          0 0 0 0 0 0 0 0 0
          0 0 0 0 0 0 0 0 0
          0 0 0 0 0 0 0 0 0
          0 0 0 0 0 0 0 0 0
          0 0 0 0 0 0 0 0 0
          0 0 0 0 0 0 0 0 0
          0 0 0 0 0 0 0 0 0
          0 0 0 0 0 0 0 0 0
          0 0 0 0 0 0 0 0 0
          0 0 0 0 0 0 0 0 0
          0 0 0 0 0 0 0 0 0
          0 0 0 0 0 0 0 0 0
          0 0 0 0 0 0 0 0 0
          0 0 0 0 0 0 0 0 0
          0 0 0 0 0 0 0 0 0
          0 0 0 0 0 0 0 0 0
          0 0 0 0 0 0 0 0 0
          0 0 0 0 0 0 0 0 0
          0 0 0 0 0 0 0 0 0
          0 0 0 0 0 0 0 0 0
          0 0 0 0 0 0 0 0 0
          0 0 0 0 0 0 0 0 0
          0 0 0 0 0 0 0 0 0
          0 0 0 0 0 0 0 0 0
          0 0 0 0 0 0 0 0 0
          0 0 0 0 0 0 0 0 0
          0 0 0 0 0 0 0 0 0
          0 0 0 0 0 0 0 0 0
          0 0 0 0 0 0 0 0 0
          0 0 0 0 0 0 0 0 0
          0 0 0 0 0 0 0 0 0
          0 0 0 0 0 0 0 0 0
          0 0 0 0 0 0 0 0 0
          0 0 0 0 0 0 0 0 0
          0 0 0 0 0 0 0 0 0
          0 0 0 0 0 0 0 0 0
          0 0 0 0 0 0 0 0 0
          0 0 0 0 0 0 0 0 0
          0 0 0 0 0 0 0 0 0
          0 0 0 0 0 0 0 0 0
          0 0 0 0 0 0 0 0 0
          0 0 0 0 0 0 0 0 0
          0 0 0 0 0 0 0 0 0
          0 0 0 0 0 0 0 0 0
          0 0 0 0 0 0 0 0 0
          0 0 0 0 0 0 0 0 0
          0 0 0 0 0 0 0 0 0
          0 0 0 0 0 0 0 0 0
          0 0 0 0 0 0 0 0 0
          0 0 0 0 0 0 0 0 0
          0 0 0 0 0 0 0 0 0
          0 0 0 0 0 0 0 0 0
          0 0 0 0 0 0 0 0 0
          0 0 0 0 0 0 0 0 0
          0 0 0 0 0 0 0 0 0
          0 0 0 0 0 0 0 0 0
          0 0 0 0 0 0 0 0 0
          0 0 0 0 0 0 0 0 0
          0 0 0 0 0 0 0 0 0
          0 0 0 0 0 0 0 0 0
          0 0 0 0 0 0 0 0 0
          0 0 0 0 0 0 0 0 0
          0 0 0 0 0 0 0 0 0
          0 0 0 0 0 0 0 0 0
          0 0 0 0 0 0 0 0 0
          0 0 0 0 0 0 0 0 0
          0 0 0 0 0 0 0 0 0
          0 0 0 0 0 0 0 0 0
          0 0 0 0 0 0 0 0 0
          0 0 0 0 0 0 0 0 0
          0 0 0 0 0 0 0 0 0
          0 0 0 0 0 0 0 0 0
          0 0 0 0 0 0 0 0 0
          0 0 0 0 0 0 0 0 0
          0 0 0 0 0 0 0 0 0
          0 0 0 0 0 0 0 0 0
          0 0 0 0 0 0 0 0 0
          0 0 0 0 0 0 0 0 0
          0 0 0 0 0 0 0 0 0
          0 0 0 0 0 0 0 0 0
          0 0 0 0 0 0 0 0 0
          0 0 0 0 0 0 0 0 0
          0 0 0 0 0 0 0 0 0
          0 0 0 0 0 0 0 0 0
          0 0 0 0 0 0 0 0 0
          0 0 0 0 0 0 0 0 0
          0 0 0 0 0 0 0 0 0
          0 0 0 0 0 0 0 0 0
          0 0 0 0 0 0 0 0 0
          0 0 0 0 0 0 0 0 0
          0 0 0 0 0 0 0 0 0
          0 0 0 0 0 0 0 0 0
          0 0 0 0 0 0 0 0 0
          0 0 0 0 0 0 0 0 0
          0 0 0 0 0 0 0 0 0
          0 0 0 0 0 0 0 0 0
          0 0 0 0 0 0 0 0 0
          0 0 0 0 0 0 0 0 0
          0 0 0 0 0 0 0 0 0
          0 0 0 0 0 0 0 0 0
          0 0 0 0 0 0 0 0 0
          0 0 0 0 0 0 0 0 0
          0 0 0 0 0 0 0 0 0
          0 0 0 0 0 0 0 0 0
          0 0 0 0 0 0 0 0 0
          0 0 0 0 0 0 0 0 0
          0 0 0 0 0 0 0 0 0
          0 0 0 0 0 0 0 0 0
          0 0 0 0 0 0 0 0 0
          0 0 0 0 0 0 0 0 0
          0 0 0 0 0 0 0 0 0
          0 0 0 0 0 0 0 0 0
          0 0 0 0 0 0 0 0 0
          0 0 0 0 0 0 0 0 0
          0 0 0 0 0 0 0 0 0
          0 0 0 0 0 0 0 0 0
          0 0 0 0 0 0 0 0 0
          0 0 0 0 0 0 0 0 0
          0 0 0 0 0 0 0 0 0
          0 0 0 0 0 0 0 0 0
          0 0 0 0 0 0 0 0 0
          0 0 0 0 0 0 0 0 0
          0 0 0 0 0 0 0 0 0
          0 0 0 0 0 0 0 0 0
          0 0 0 0 0 0 0 0 0
          0 0 0 0 0 0 0 0 0
          0 0 0 0 0 0 0 0 0
          0 0 0 0 0 0 0 0 0
          0 0 0 0 0 0 0 0 0
          0 0 0 0 0 0 0 0 0
          0 0 0 0 0 0 0 0 0
          0 0 0 0 0 0 0 0 0
          0 0 0 0 0 0 0 0 0
          0 0 0 0 0 0 0 0 0
          0 0 0 0 0 0 0 0 0
          0 0 0 0 0 0 0 0 0
          0 0 0 0 0 0 0 0 0
          0 0 0 0 0 0 0 0 0
          0 0 0 0 0 0 0 0 0
          0 0 0 0 0 0 0 0 0
          0 0 0 0 0 0 0 0 0
          0 0 0 0 0 0 0 0 0
          0 0 0 0 0 0 0 0 0
          0 0 0 0 0 0 0 0 0
          0 0 0 0 0 0 0 0 0
          0 0 0 0 0 0 0 0 0
          0 0 0 0 0 0 0 0 0
          0 0 0 0 0 0 0 0 0
          0 0 0 0 0 0 0 0 0
          0 0 0
        </DataArray>
        <DataArray type="Float32" Name="p" format="ascii">
          0 0 0 0 0 0 0 0 0
          0 0 0 0 0 0 0 0 0
          0 0 0 0 0 0 0 0 0
          0 0 0 0 0 0 0 0 0
          0 0 0 0 0 0 0 0 0
          0 0 0 0 0 0 0 0 0
          0 0 0 0 0 0 0 0 0
          0 0 0 0 0 0 0 0 0
          0 0 0 0 0 0 0 0 0
          0 0 0 0 0 0 0 0 0
          0 0 0 0 0 0 0 0 0
          0 0 0 0 0 0 0 0 0
          0 0 0 0 0 0 0 0 0
          0 0 0 0 0 0 0 0 0
          0 0 0 0 0 0 0 0 0
          0 0 0 0 0 0 0 0 0
          0 0 0 0 0 0 0 0 0
          0 0 0 0 0 0 0 0 0
          0 0 0 0 0 0 0 0 0
          0 0 0 0 0 0 0 0 0
          0 0 0 0 0 0 0 0 0
          0 0 0 0 0 0 0 0 0
          0 0 0 0 0 0 0 0 0
          0 0 0 0 0 0 0 0 0
          0 0 0 0 0 0 0 0 0
          0 0 0 0 0 0 0 0 0
          0 0 0 0 0 0 0 0 0
          0 0 0 0 0 0 0 0 0
          0 0 0 0 0 0 0 0 0
          0 0 0 0 0 0 0 0 0
          0 0 0 0 0 0 0 0 0
          0 0 0 0 0 0 0 0 0
          0 0 0 0 0 0 0 0 0
          0 0 0 0 0 0 0 0 0
          0 0 0 0 0 0 0 0 0
          0 0 0 0 0 0 0 0 0
          0 0 0 0 0 0 0 0 0
          0 0 0 0 0 0 0 0 0
          0 0 0 0 0 0 0 0 0
          0 0 0 0 0 0 0 0 0
          0 0 0 0 0 0 0 0 0
          0 0 0 0 0 0 0 0 0
          0 0 0 0 0 0 0 0 0
          0 0 0 0 0 0 0 0 0
          0 0 0 0 0 0 0 0 0
          0 0 0 0 0 0 0 0 0
          0 0 0 0 0 0 0 0 0
          0 0 0 0 0 0 0 0 0
          0 0 0 0 0 0 0 0 0
          0 0 0 0 0 0 0 0 0
          0 0 0 0 0 0 0 0 0
          0 0 0 0 0 0 0 0 0
          0 0 0 0 0 0 0 0 0
          0 0 0 0 0 0 0 0 0
          0 0 0 0 0 0 0 0 0
          0 0 0 0 0 0 0 0 0
          0 0 0 0 0 0 0 0 0
          0 0 0 0 0 0 0 0 0
          0 0 0 0 0 0 0 0 0
          0 0 0 0 0 0 0 0 0
          0 0 0 0 0 0 0 0 0
          0 0 0 0 0 0 0 0 0
          0 0 0 0 0 0 0 0 0
          0 0 0 0 0 0 0 0 0
          0 0 0 0 0 0 0 0 0
          0 0 0 0 0 0 0 0 0
          0 0 0 0 0 0 0 0 0
          0 0 0 0 0 0 0 0 0
          0 0 0 0 0 0 0 0 0
          0 0 0 0 0 0 0 0 0
          0 0 0 0 0 0 0 0 0
          0 0 0 0 0 0 0 0 0
          0 0 0 0 0 0 0 0 0
          0 0 0 0 0 0 0 0 0
          0 0 0 0 0 0 0 0 0
          0 0 0 0 0 0 0 0 0
          0 0 0 0 0 0 0 0 0
          0 0 0 0 0 0 0 0 0
          0 0 0 0 0 0 0 0 0
          0 0 0 0 0 0 0 0 0
          0 0 0 0 0 0 0 0 0
          0 0 0 0 0 0 0 0 0
          0 0 0 0 0 0 0 0 0
          0 0 0 0 0 0 0 0 0
          0 0 0 0 0 0 0 0 0
          0 0 0 0 0 0 0 0 0
          0 0 0 0 0 0 0 0 0
          0 0 0 0 0 0 0 0 0
          0 0 0 0 0 0 0 0 0
          0 0 0 0 0 0 0 0 0
          0 0 0 0 0 0 0 0 0
          0 0 0 0 0 0 0 0 0
          0 0 0 0 0 0 0 0 0
          0 0 0 0 0 0 0 0 0
          0 0 0 0 0 0 0 0 0
          0 0 0 0 0 0 0 0 0
          0 0 0 0 0 0 0 0 0
          0 0 0 0 0 0 0 0 0
          0 0 0 0 0 0 0 0 0
          0 0 0 0 0 0 0 0 0
          0 0 0 0 0 0 0 0 0
          0 0 0 0 0 0 0 0 0
          0 0 0 0 0 0 0 0 0
          0 0 0 0 0 0 0 0 0
          0 0 0 0 0 0 0 0 0
          0 0 0 0 0 0 0 0 0
          0 0 0 0 0 0 0 0 0
          0 0 0 0 0 0 0 0 0
          0 0 0 0 0 0 0 0 0
          0 0 0 0 0 0 0 0 0
          0 0 0 0 0 0 0 0 0
          0 0 0 0 0 0 0 0 0
          0 0 0 0 0 0 0 0 0
          0 0 0 0 0 0 0 0 0
          0 0 0 0 0 0 0 0 0
          0 0 0 0 0 0 0 0 0
          0 0 0 0 0 0 0 0 0
          0 0 0 0 0 0 0 0 0
          0 0 0 0 0 0 0 0 0
          0 0 0 0 0 0 0 0 0
          0 0 0 0 0 0 0 0 0
          0 0 0 0 0 0 0 0 0
          0 0 0 0 0 0 0 0 0
          0 0 0 0 0 0 0 0 0
          0 0 0 0 0 0 0 0 0
          0 0 0 0 0 0 0 0 0
          0 0 0 0 0 0 0 0 0
          0 0 0 0 0 0 0 0 0
          0 0 0 0 0 0 0 0 0
          0 0 0 0 0 0 0 0 0
          0 0 0 0 0 0 0 0 0
          0 0 0 0 0 0 0 0 0
          0 0 0 0 0 0 0 0 0
          0 0 0 0 0 0 0 0 0
          0 0 0 0 0 0 0 0 0
          0 0 0 0 0 0 0 0 0
          0 0 0 0 0 0 0 0 0
          0 0 0 0 0 0 0 0 0
          0 0 0 0 0 0 0 0 0
          0 0 0 0 0 0 0 0 0
          0 0 0 0 0 0 0 0 0
          0 0 0 0 0 0 0 0 0
          0 0 0 0 0 0 0 0 0
          0 0 0 0 0 0 0 0 0
          0 0 0 0 0 0 0 0 0
          0 0 0 0 0 0 0 0 0
          0 0 0 0 0 0 0 0 0
          0 0 0 0 0 0 0 0 0
          0 0 0 0 0 0 0 0 0
          0 0 0 0 0 0 0 0 0
          0 0 0 0 0 0 0 0 0
          0 0 0 0 0 0 0 0 0
          0 0 0 0 0 0 0 0 0
          0 0 0 0 0 0 0 0 0
          0 0 0 0 0 0 0 0 0
          0 0 0 0 0 0 0 0 0
          0 0 0 0 0 0 0 0 0
          0 0 0 0 0 0 0 0 0
          0 0 0 0 0 0 0 0 0
          0 0 0 0 0 0 0 0 0
          0 0 0 0 0 0 0 0 0
          0 0 0 0 0 0 0 0 0
          0 0 0 0 0 0 0 0 0
          0 0 0 0 0 0 0 0 0
          0 0 0 0 0 0 0 0 0
          0 0 0 0 0 0 0 0 0
          0 0 0 0 0 0 0 0 0
          0 0 0 0 0 0 0 0 0
          0 0 0 0 0 0 0 0 0
          0 0 0 0 0 0 0 0 0
          0 0 0 0 0 0 0 0 0
          0 0 0 0 0 0 0 0 0
          0 0 0 0 0 0 0 0 0
          0 0 0 0 0 0 0 0 0
          0 0 0 0 0 0 0 0 0
          0 0 0 0 0 0 0 0 0
          0 0 0 0 0 0 0 0 0
          0 0 0 0 0 0 0 0 0
          0 0 0 0 0 0 0 0 0
          0 0 0 0 0 0 0 0 0
          0 0 0 0 0 0 0 0 0
          0 0 0 0 0 0 0 0 0
          0 0 0 0 0 0 0 0 0
          0 0 0 0 0 0 0 0 0
          0 0 0 0 0 0 0 0 0
          0 0 0 0 0 0 0 0 0
          0 0 0 0 0 0 0 0 0
          0 0 0 0 0 0 0 0 0
          0 0 0 0 0 0 0 0 0
          0 0 0 0 0 0 0 0 0
          0 0 0 0 0 0 0 0 0
          0 0 0 0 0 0 0 0 0
          0 0 0 0 0 0 0 0 0
          0 0 0 0 0 0 0 0 0
          0 0 0 0 0 0 0 0 0
          0 0 0
        </DataArray>
        <DataArray type="Float32" Name="pPa" format="ascii">
          0 0 0 0 0 0 0 0 0
          0 0 0 0 0 0 0 0 0
          0 0 0 0 0 0 0 0 0
          0 0 0 0 0 0 0 0 0
          0 0 0 0 0 0 0 0 0
          0 0 0 0 0 0 0 0 0
          0 0 0 0 0 0 0 0 0
          0 0 0 0 0 0 0 0 0
          0 0 0 0 0 0 0 0 0
          0 0 0 0 0 0 0 0 0
          0 0 0 0 0 0 0 0 0
          0 0 0 0 0 0 0 0 0
          0 0 0 0 0 0 0 0 0
          0 0 0 0 0 0 0 0 0
          0 0 0 0 0 0 0 0 0
          0 0 0 0 0 0 0 0 0
          0 0 0 0 0 0 0 0 0
          0 0 0 0 0 0 0 0 0
          0 0 0 0 0 0 0 0 0
          0 0 0 0 0 0 0 0 0
          0 0 0 0 0 0 0 0 0
          0 0 0 0 0 0 0 0 0
          0 0 0 0 0 0 0 0 0
          0 0 0 0 0 0 0 0 0
          0 0 0 0 0 0 0 0 0
          0 0 0 0 0 0 0 0 0
          0 0 0 0 0 0 0 0 0
          0 0 0 0 0 0 0 0 0
          0 0 0 0 0 0 0 0 0
          0 0 0 0 0 0 0 0 0
          0 0 0 0 0 0 0 0 0
          0 0 0 0 0 0 0 0 0
          0 0 0 0 0 0 0 0 0
          0 0 0 0 0 0 0 0 0
          0 0 0 0 0 0 0 0 0
          0 0 0 0 0 0 0 0 0
          0 0 0 0 0 0 0 0 0
          0 0 0 0 0 0 0 0 0
          0 0 0 0 0 0 0 0 0
          0 0 0 0 0 0 0 0 0
          0 0 0 0 0 0 0 0 0
          0 0 0 0 0 0 0 0 0
          0 0 0 0 0 0 0 0 0
          0 0 0 0 0 0 0 0 0
          0 0 0 0 0 0 0 0 0
          0 0 0 0 0 0 0 0 0
          0 0 0 0 0 0 0 0 0
          0 0 0 0 0 0 0 0 0
          0 0 0 0 0 0 0 0 0
          0 0 0 0 0 0 0 0 0
          0 0 0 0 0 0 0 0 0
          0 0 0 0 0 0 0 0 0
          0 0 0 0 0 0 0 0 0
          0 0 0 0 0 0 0 0 0
          0 0 0 0 0 0 0 0 0
          0 0 0 0 0 0 0 0 0
          0 0 0 0 0 0 0 0 0
          0 0 0 0 0 0 0 0 0
          0 0 0 0 0 0 0 0 0
          0 0 0 0 0 0 0 0 0
          0 0 0 0 0 0 0 0 0
          0 0 0 0 0 0 0 0 0
          0 0 0 0 0 0 0 0 0
          0 0 0 0 0 0 0 0 0
          0 0 0 0 0 0 0 0 0
          0 0 0 0 0 0 0 0 0
          0 0 0 0 0 0 0 0 0
          0 0 0 0 0 0 0 0 0
          0 0 0 0 0 0 0 0 0
          0 0 0 0 0 0 0 0 0
          0 0 0 0 0 0 0 0 0
          0 0 0 0 0 0 0 0 0
          0 0 0 0 0 0 0 0 0
          0 0 0 0 0 0 0 0 0
          0 0 0 0 0 0 0 0 0
          0 0 0 0 0 0 0 0 0
          0 0 0 0 0 0 0 0 0
          0 0 0 0 0 0 0 0 0
          0 0 0 0 0 0 0 0 0
          0 0 0 0 0 0 0 0 0
          0 0 0 0 0 0 0 0 0
          0 0 0 0 0 0 0 0 0
          0 0 0 0 0 0 0 0 0
          0 0 0 0 0 0 0 0 0
          0 0 0 0 0 0 0 0 0
          0 0 0 0 0 0 0 0 0
          0 0 0 0 0 0 0 0 0
          0 0 0 0 0 0 0 0 0
          0 0 0 0 0 0 0 0 0
          0 0 0 0 0 0 0 0 0
          0 0 0 0 0 0 0 0 0
          0 0 0 0 0 0 0 0 0
          0 0 0 0 0 0 0 0 0
          0 0 0 0 0 0 0 0 0
          0 0 0 0 0 0 0 0 0
          0 0 0 0 0 0 0 0 0
          0 0 0 0 0 0 0 0 0
          0 0 0 0 0 0 0 0 0
          0 0 0 0 0 0 0 0 0
          0 0 0 0 0 0 0 0 0
          0 0 0 0 0 0 0 0 0
          0 0 0 0 0 0 0 0 0
          0 0 0 0 0 0 0 0 0
          0 0 0 0 0 0 0 0 0
          0 0 0 0 0 0 0 0 0
          0 0 0 0 0 0 0 0 0
          0 0 0 0 0 0 0 0 0
          0 0 0 0 0 0 0 0 0
          0 0 0 0 0 0 0 0 0
          0 0 0 0 0 0 0 0 0
          0 0 0 0 0 0 0 0 0
          0 0 0 0 0 0 0 0 0
          0 0 0 0 0 0 0 0 0
          0 0 0 0 0 0 0 0 0
          0 0 0 0 0 0 0 0 0
          0 0 0 0 0 0 0 0 0
          0 0 0 0 0 0 0 0 0
          0 0 0 0 0 0 0 0 0
          0 0 0 0 0 0 0 0 0
          0 0 0 0 0 0 0 0 0
          0 0 0 0 0 0 0 0 0
          0 0 0 0 0 0 0 0 0
          0 0 0 0 0 0 0 0 0
          0 0 0 0 0 0 0 0 0
          0 0 0 0 0 0 0 0 0
          0 0 0 0 0 0 0 0 0
          0 0 0 0 0 0 0 0 0
          0 0 0 0 0 0 0 0 0
          0 0 0 0 0 0 0 0 0
          0 0 0 0 0 0 0 0 0
          0 0 0 0 0 0 0 0 0
          0 0 0 0 0 0 0 0 0
          0 0 0 0 0 0 0 0 0
          0 0 0 0 0 0 0 0 0
          0 0 0 0 0 0 0 0 0
          0 0 0 0 0 0 0 0 0
          0 0 0 0 0 0 0 0 0
          0 0 0 0 0 0 0 0 0
          0 0 0 0 0 0 0 0 0
          0 0 0 0 0 0 0 0 0
          0 0 0 0 0 0 0 0 0
          0 0 0 0 0 0 0 0 0
          0 0 0 0 0 0 0 0 0
          0 0 0 0 0 0 0 0 0
          0 0 0 0 0 0 0 0 0
          0 0 0 0 0 0 0 0 0
          0 0 0 0 0 0 0 0 0
          0 0 0 0 0 0 0 0 0
          0 0 0 0 0 0 0 0 0
          0 0 0 0 0 0 0 0 0
          0 0 0 0 0 0 0 0 0
          0 0 0 0 0 0 0 0 0
          0 0 0 0 0 0 0 0 0
          0 0 0 0 0 0 0 0 0
          0 0 0 0 0 0 0 0 0
          0 0 0 0 0 0 0 0 0
          0 0 0 0 0 0 0 0 0
          0 0 0 0 0 0 0 0 0
          0 0 0 0 0 0 0 0 0
          0 0 0 0 0 0 0 0 0
          0 0 0 0 0 0 0 0 0
          0 0 0 0 0 0 0 0 0
          0 0 0 0 0 0 0 0 0
          0 0 0 0 0 0 0 0 0
          0 0 0 0 0 0 0 0 0
          0 0 0 0 0 0 0 0 0
          0 0 0 0 0 0 0 0 0
          0 0 0 0 0 0 0 0 0
          0 0 0 0 0 0 0 0 0
          0 0 0 0 0 0 0 0 0
          0 0 0 0 0 0 0 0 0
          0 0 0 0 0 0 0 0 0
          0 0 0 0 0 0 0 0 0
          0 0 0 0 0 0 0 0 0
          0 0 0 0 0 0 0 0 0
          0 0 0 0 0 0 0 0 0
          0 0 0 0 0 0 0 0 0
          0 0 0 0 0 0 0 0 0
          0 0 0 0 0 0 0 0 0
          0 0 0 0 0 0 0 0 0
          0 0 0 0 0 0 0 0 0
          0 0 0 0 0 0 0 0 0
          0 0 0 0 0 0 0 0 0
          0 0 0 0 0 0 0 0 0
          0 0 0 0 0 0 0 0 0
          0 0 0 0 0 0 0 0 0
          0 0 0 0 0 0 0 0 0
          0 0 0 0 0 0 0 0 0
          0 0 0 0 0 0 0 0 0
          0 0 0 0 0 0 0 0 0
          0 0 0 0 0 0 0 0 0
          0 0 0 0 0 0 0 0 0
          0 0 0 0 0 0 0 0 0
          0 0 0 0 0 0 0 0 0
          0 0 0 0 0 0 0 0 0
          0 0 0
        </DataArray>
        <DataArray type="Float32" Name="U_mag" format="ascii">
          0 0 0 0 0 0 0 0 0
          0 0 0 0 0 0 0 0 0
          0 0 0 0 0 0 0 0 0
          0 0 0 0 0 0 0 0 0
          0 0 0 0 0 0 0 0 0
          0 0 0 0 0 0 0 0 0
          0 0 0 0 0 0 0 0 0
          0 0 0 0 0 0 0 0 0
          0 0 0 0 0 0 0 0 0
          0 0 0 0 0 0 0 0 0
          0 0 0 0 0 0 0 0 0
          0 0 0 0 0 0 0 0 0
          0 0 0 0 0 0 0 0 0
          0 0 0 0 0 0 0 0 0
          0 0 0 0 0 0 0 0 0
          0 0 0 0 0 0 0 0 0
          0 0 0 0 0 0 0 0 0
          0 0 0 0 0 0 0 0 0
          0 0 0 0 0 0 0 0 0
          0 0 0 0 0 0 0 0 0
          0 0 0 0 0 0 0 0 0
          0 0 0 0 0 0 0 0 0
          0 0 0 0 0 0 0 0 0
          0 0 0 0 0 0 0 0 0
          0 0 0 0 0 0 0 0 0
          0 0 0 0 0 0 0 0 0
          0 0 0 0 0 0 0 0 0
          0 0 0 0 0 0 0 0 0
          0 0 0 0 0 0 0 0 0
          0 0 0 0 0 0 0 0 0
          0 0 0 0 0 0 0 0 0
          0 0 0 0 0 0 0 0 0
          0 0 0 0 0 0 0 0 0
          0 0 0 0 0 0 0 0 0
          0 0 0 0 0 0 0 0 0
          0 0 0 0 0 0 0 0 0
          0 0 0 0 0 0 0 0 0
          0 0 0 0 0 0 0 0 0
          0 0 0 0 0 0 0 0 0
          0 0 0 0 0 0 0 0 0
          0 0 0 0 0 0 0 0 0
          0 0 0 0 0 0 0 0 0
          0 0 0 0 0 0 0 0 0
          0 0 0 0 0 0 0 0 0
          0 0 0 0 0 0 0 0 0
          0 0 0 0 0 0 0 0 0
          0 0 0 0 0 0 0 0 0
          0 0 0 0 0 0 0 0 0
          0 0 0 0 0 0 0 0 0
          0 0 0 0 0 0 0 0 0
          0 0 0 0 0 0 0 0 0
          0 0 0 0 0 0 0 0 0
          0 0 0 0 0 0 0 0 0
          0 0 0 0 0 0 0 0 0
          0 0 0 0 0 0 0 0 0
          0 0 0 0 0 0 0 0 0
          0 0 0 0 0 0 0 0 0
          0 0 0 0 0 0 0 0 0
          0 0 0 0 0 0 0 0 0
          0 0 0 0 0 0 0 0 0
          0 0 0 0 0 0 0 0 0
          0 0 0 0 0 0 0 0 0
          0 0 0 0 0 0 0 0 0
          0 0 0 0 0 0 0 0 0
          0 0 0 0 0 0 0 0 0
          0 0 0 0 0 0 0 0 0
          0 0 0 0 0 0 0 0 0
          0 0 0 0 0 0 0 0 0
          0 0 0 0 0 0 0 0 0
          0 0 0 0 0 0 0 0 0
          0 0 0 0 0 0 0 0 0
          0 0 0 0 0 0 0 0 0
          0 0 0 0 0 0 0 0 0
          0 0 0 0 0 0 0 0 0
          0 0 0 0 0 0 0 0 0
          0 0 0 0 0 0 0 0 0
          0 0 0 0 0 0 0 0 0
          0 0 0 0 0 0 0 0 0
          0 0 0 0 0 0 0 0 0
          0 0 0 0 0 0 0 0 0
          0 0 0 0 0 0 0 0 0
          0 0 0 0 0 0 0 0 0
          0 0 0 0 0 0 0 0 0
          0 0 0 0 0 0 0 0 0
          0 0 0 0 0 0 0 0 0
          0 0 0 0 0 0 0 0 0
          0 0 0 0 0 0 0 0 0
          0 0 0 0 0 0 0 0 0
          0 0 0 0 0 0 0 0 0
          0 0 0 0 0 0 0 0 0
          0 0 0 0 0 0 0 0 0
          0 0 0 0 0 0 0 0 0
          0 0 0 0 0 0 0 0 0
          0 0 0 0 0 0 0 0 0
          0 0 0 0 0 0 0 0 0
          0 0 0 0 0 0 0 0 0
          0 0 0 0 0 0 0 0 0
          0 0 0 0 0 0 0 0 0
          0 0 0 0 0 0 0 0 0
          0 0 0 0 0 0 0 0 0
          0 0 0 0 0 0 0 0 0
          0 0 0 0 0 0 0 0 0
          0 0 0 0 0 0 0 0 0
          0 0 0 0 0 0 0 0 0
          0 0 0 0 0 0 0 0 0
          0 0 0 0 0 0 0 0 0
          0 0 0 0 0 0 0 0 0
          0 0 0 0 0 0 0 0 0
          0 0 0 0 0 0 0 0 0
          0 0 0 0 0 0 0 0 0
          0 0 0 0 0 0 0 0 0
          0 0 0 0 0 0 0 0 0
          0 0 0 0 0 0 0 0 0
          0 0 0 0 0 0 0 0 0
          0 0 0 0 0 0 0 0 0
          0 0 0 0 0 0 0 0 0
          0 0 0 0 0 0 0 0 0
          0 0 0 0 0 0 0 0 0
          0 0 0 0 0 0 0 0 0
          0 0 0 0 0 0 0 0 0
          0 0 0 0 0 0 0 0 0
          0 0 0 0 0 0 0 0 0
          0 0 0 0 0 0 0 0 0
          0 0 0 0 0 0 0 0 0
          0 0 0 0 0 0 0 0 0
          0 0 0 0 0 0 0 0 0
          0 0 0 0 0 0 0 0 0
          0 0 0 0 0 0 0 0 0
          0 0 0 0 0 0 0 0 0
          0 0 0 0 0 0 0 0 0
          0 0 0 0 0 0 0 0 0
          0 0 0 0 0 0 0 0 0
          0 0 0 0 0 0 0 0 0
          0 0 0 0 0 0 0 0 0
          0 0 0 0 0 0 0 0 0
          0 0 0 0 0 0 0 0 0
          0 0 0 0 0 0 0 0 0
          0 0 0 0 0 0 0 0 0
          0 0 0 0 0 0 0 0 0
          0 0 0 0 0 0 0 0 0
          0 0 0 0 0 0 0 0 0
          0 0 0 0 0 0 0 0 0
          0 0 0 0 0 0 0 0 0
          0 0 0 0 0 0 0 0 0
          0 0 0 0 0 0 0 0 0
          0 0 0 0 0 0 0 0 0
          0 0 0 0 0 0 0 0 0
          0 0 0 0 0 0 0 0 0
          0 0 0 0 0 0 0 0 0
          0 0 0 0 0 0 0 0 0
          0 0 0 0 0 0 0 0 0
          0 0 0 0 0 0 0 0 0
          0 0 0 0 0 0 0 0 0
          0 0 0 0 0 0 0 0 0
          0 0 0 0 0 0 0 0 0
          0 0 0 0 0 0 0 0 0
          0 0 0 0 0 0 0 0 0
          0 0 0 0 0 0 0 0 0
          0 0 0 0 0 0 0 0 0
          0 0 0 0 0 0 0 0 0
          0 0 0 0 0 0 0 0 0
          0 0 0 0 0 0 0 0 0
          0 0 0 0 0 0 0 0 0
          0 0 0 0 0 0 0 0 0
          0 0 0 0 0 0 0 0 0
          0 0 0 0 0 0 0 0 0
          0 0 0 0 0 0 0 0 0
          0 0 0 0 0 0 0 0 0
          0 0 0 0 0 0 0 0 0
          0 0 0 0 0 0 0 0 0
          0 0 0 0 0 0 0 0 0
          0 0 0 0 0 0 0 0 0
          0 0 0 0 0 0 0 0 0
          0 0 0 0 0 0 0 0 0
          0 0 0 0 0 0 0 0 0
          0 0 0 0 0 0 0 0 0
          0 0 0 0 0 0 0 0 0
          0 0 0 0 0 0 0 0 0
          0 0 0 0 0 0 0 0 0
          0 0 0 0 0 0 0 0 0
          0 0 0 0 0 0 0 0 0
          0 0 0 0 0 0 0 0 0
          0 0 0 0 0 0 0 0 0
          0 0 0 0 0 0 0 0 0
          0 0 0 0 0 0 0 0 0
          0 0 0 0 0 0 0 0 0
          0 0 0 0 0 0 0 0 0
          0 0 0 0 0 0 0 0 0
          0 0 0 0 0 0 0 0 0
          0 0 0 0 0 0 0 0 0
          0 0 0 0 0 0 0 0 0
          0 0 0 0 0 0 0 0 0
          0 0 0 0 0 0 0 0 0
          0 0 0 0 0 0 0 0 0
          0 0 0 0 0 0 0 0 0
          0 0 0
        </DataArray>
        <DataArray type="Float32" Name="nut" format="ascii">
          0 0 0 0 0 0 0 0 0
          0 0 0 0 0 0 0 0 0
          0 0 0 0 0 0 0 0 0
          0 0 0 0 0 0 0 0 0
          0 0 0 0 0 0 0 0 0
          0 0 0 0 0 0 0 0 0
          0 0 0 0 0 0 0 0 0
          0 0 0 0 0 0 0 0 0
          0 0 0 0 0 0 0 0 0
          0 0 0 0 0 0 0 0 0
          0 0 0 0 0 0 0 0 0
          0 0 0 0 0 0 0 0 0
          0 0 0 0 0 0 0 0 0
          0 0 0 0 0 0 0 0 0
          0 0 0 0 0 0 0 0 0
          0 0 0 0 0 0 0 0 0
          0 0 0 0 0 0 0 0 0
          0 0 0 0 0 0 0 0 0
          0 0 0 0 0 0 0 0 0
          0 0 0 0 0 0 0 0 0
          0 0 0 0 0 0 0 0 0
          0 0 0 0 0 0 0 0 0
          0 0 0 0 0 0 0 0 0
          0 0 0 0 0 0 0 0 0
          0 0 0 0 0 0 0 0 0
          0 0 0 0 0 0 0 0 0
          0 0 0 0 0 0 0 0 0
          0 0 0 0 0 0 0 0 0
          0 0 0 0 0 0 0 0 0
          0 0 0 0 0 0 0 0 0
          0 0 0 0 0 0 0 0 0
          0 0 0 0 0 0 0 0 0
          0 0 0 0 0 0 0 0 0
          0 0 0 0 0 0 0 0 0
          0 0 0 0 0 0 0 0 0
          0 0 0 0 0 0 0 0 0
          0 0 0 0 0 0 0 0 0
          0 0 0 0 0 0 0 0 0
          0 0 0 0 0 0 0 0 0
          0 0 0 0 0 0 0 0 0
          0 0 0 0 0 0 0 0 0
          0 0 0 0 0 0 0 0 0
          0 0 0 0 0 0 0 0 0
          0 0 0 0 0 0 0 0 0
          0 0 0 0 0 0 0 0 0
          0 0 0 0 0 0 0 0 0
          0 0 0 0 0 0 0 0 0
          0 0 0 0 0 0 0 0 0
          0 0 0 0 0 0 0 0 0
          0 0 0 0 0 0 0 0 0
          0 0 0 0 0 0 0 0 0
          0 0 0 0 0 0 0 0 0
          0 0 0 0 0 0 0 0 0
          0 0 0 0 0 0 0 0 0
          0 0 0 0 0 0 0 0 0
          0 0 0 0 0 0 0 0 0
          0 0 0 0 0 0 0 0 0
          0 0 0 0 0 0 0 0 0
          0 0 0 0 0 0 0 0 0
          0 0 0 0 0 0 0 0 0
          0 0 0 0 0 0 0 0 0
          0 0 0 0 0 0 0 0 0
          0 0 0 0 0 0 0 0 0
          0 0 0 0 0 0 0 0 0
          0 0 0 0 0 0 0 0 0
          0 0 0 0 0 0 0 0 0
          0 0 0 0 0 0 0 0 0
          0 0 0 0 0 0 0 0 0
          0 0 0 0 0 0 0 0 0
          0 0 0 0 0 0 0 0 0
          0 0 0 0 0 0 0 0 0
          0 0 0 0 0 0 0 0 0
          0 0 0 0 0 0 0 0 0
          0 0 0 0 0 0 0 0 0
          0 0 0 0 0 0 0 0 0
          0 0 0 0 0 0 0 0 0
          0 0 0 0 0 0 0 0 0
          0 0 0 0 0 0 0 0 0
          0 0 0 0 0 0 0 0 0
          0 0 0 0 0 0 0 0 0
          0 0 0 0 0 0 0 0 0
          0 0 0 0 0 0 0 0 0
          0 0 0 0 0 0 0 0 0
          0 0 0 0 0 0 0 0 0
          0 0 0 0 0 0 0 0 0
          0 0 0 0 0 0 0 0 0
          0 0 0 0 0 0 0 0 0
          0 0 0 0 0 0 0 0 0
          0 0 0 0 0 0 0 0 0
          0 0 0 0 0 0 0 0 0
          0 0 0 0 0 0 0 0 0
          0 0 0 0 0 0 0 0 0
          0 0 0 0 0 0 0 0 0
          0 0 0 0 0 0 0 0 0
          0 0 0 0 0 0 0 0 0
          0 0 0 0 0 0 0 0 0
          0 0 0 0 0 0 0 0 0
          0 0 0 0 0 0 0 0 0
          0 0 0 0 0 0 0 0 0
          0 0 0 0 0 0 0 0 0
          0 0 0 0 0 0 0 0 0
          0 0 0 0 0 0 0 0 0
          0 0 0 0 0 0 0 0 0
          0 0 0 0 0 0 0 0 0
          0 0 0 0 0 0 0 0 0
          0 0 0 0 0 0 0 0 0
          0 0 0 0 0 0 0 0 0
          0 0 0 0 0 0 0 0 0
          0 0 0 0 0 0 0 0 0
          0 0 0 0 0 0 0 0 0
          0 0 0 0 0 0 0 0 0
          0 0 0 0 0 0 0 0 0
          0 0 0 0 0 0 0 0 0
          0 0 0 0 0 0 0 0 0
          0 0 0 0 0 0 0 0 0
          0 0 0 0 0 0 0 0 0
          0 0 0 0 0 0 0 0 0
          0 0 0 0 0 0 0 0 0
          0 0 0 0 0 0 0 0 0
          0 0 0 0 0 0 0 0 0
          0 0 0 0 0 0 0 0 0
          0 0 0 0 0 0 0 0 0
          0 0 0 0 0 0 0 0 0
          0 0 0 0 0 0 0 0 0
          0 0 0 0 0 0 0 0 0
          0 0 0 0 0 0 0 0 0
          0 0 0 0 0 0 0 0 0
          0 0 0 0 0 0 0 0 0
          0 0 0 0 0 0 0 0 0
          0 0 0 0 0 0 0 0 0
          0 0 0 0 0 0 0 0 0
          0 0 0 0 0 0 0 0 0
          0 0 0 0 0 0 0 0 0
          0 0 0 0 0 0 0 0 0
          0 0 0 0 0 0 0 0 0
          0 0 0 0 0 0 0 0 0
          0 0 0 0 0 0 0 0 0
          0 0 0 0 0 0 0 0 0
          0 0 0 0 0 0 0 0 0
          0 0 0 0 0 0 0 0 0
          0 0 0 0 0 0 0 0 0
          0 0 0 0 0 0 0 0 0
          0 0 0 0 0 0 0 0 0
          0 0 0 0 0 0 0 0 0
          0 0 0 0 0 0 0 0 0
          0 0 0 0 0 0 0 0 0
          0 0 0 0 0 0 0 0 0
          0 0 0 0 0 0 0 0 0
          0 0 0 0 0 0 0 0 0
          0 0 0 0 0 0 0 0 0
          0 0 0 0 0 0 0 0 0
          0 0 0 0 0 0 0 0 0
          0 0 0 0 0 0 0 0 0
          0 0 0 0 0 0 0 0 0
          0 0 0 0 0 0 0 0 0
          0 0 0 0 0 0 0 0 0
          0 0 0 0 0 0 0 0 0
          0 0 0 0 0 0 0 0 0
          0 0 0 0 0 0 0 0 0
          0 0 0 0 0 0 0 0 0
          0 0 0 0 0 0 0 0 0
          0 0 0 0 0 0 0 0 0
          0 0 0 0 0 0 0 0 0
          0 0 0 0 0 0 0 0 0
          0 0 0 0 0 0 0 0 0
          0 0 0 0 0 0 0 0 0
          0 0 0 0 0 0 0 0 0
          0 0 0 0 0 0 0 0 0
          0 0 0 0 0 0 0 0 0
          0 0 0 0 0 0 0 0 0
          0 0 0 0 0 0 0 0 0
          0 0 0 0 0 0 0 0 0
          0 0 0 0 0 0 0 0 0
          0 0 0 0 0 0 0 0 0
          0 0 0 0 0 0 0 0 0
          0 0 0 0 0 0 0 0 0
          0 0 0 0 0 0 0 0 0
          0 0 0 0 0 0 0 0 0
          0 0 0 0 0 0 0 0 0
          0 0 0 0 0 0 0 0 0
          0 0 0 0 0 0 0 0 0
          0 0 0 0 0 0 0 0 0
          0 0 0 0 0 0 0 0 0
          0 0 0 0 0 0 0 0 0
          0 0 0 0 0 0 0 0 0
          0 0 0 0 0 0 0 0 0
          0 0 0 0 0 0 0 0 0
          0 0 0 0 0 0 0 0 0
          0 0 0 0 0 0 0 0 0
          0 0 0 0 0 0 0 0 0
          0 0 0 0 0 0 0 0 0
          0 0 0 0 0 0 0 0 0
          0 0 0 0 0 0 0 0 0
          0 0 0 0 0 0 0 0 0
          0 0 0 0 0 0 0 0 0
          0 0 0
        </DataArray>
        <DataArray type="Float32" Name="omega" format="ascii">
          20.6373333 22.9193 22.8613 20.5886333 17.5316667 17.545 16.7003333 15.8699667 16.1501667
          16.9098 15.8284 16.6454333 16.7854667 16.0202667 47.1921333 47.3846667 49.2664333 30.5079333
          48.9463333 47.6641667 21.5444 19.6260667 19.6280333 21.5237333 39.8462333 68.6221667 69.1849667
          46.0320333 45.3701667 43.1308333 52.9015333 27.9324 32.5547 37.5248333 31.1396667 32.8866
          17.4229333 20.1470333 22.1445333 19.7926667 24.1639667 24.6221 43.0769333 62.2084 65.5666
          36.7557 39.9502 42.3558667 19.9525 22.2617333 21.7277667 18.4759333 24.7393 24.9222667
          20.0560667 17.3813667 19.7024 21.9711667 24.2263333 23.8152333 67.0449667 42.2200333 40.2120333
          65.2486667 44.0518 43.3336667 22.0608 19.8167 18.1850333 21.2595667 24.3812 24.3159667
          37.008 34.5823333 35.0713333 36.8463667 35.0849667 35.5430667 26.6242333 50.7689 33.5959
          28.9474 30.6751333 29.9374667 34.3003333 33.1175 30.7128 34.3265 33.5892333 32.4405333
          19.6725 21.5825333 21.6243 19.6749 21.5389333 19.6455667 19.6380667 21.578 21.6431
          19.6957 19.6877667 21.6197333 252.07 164.879933 159.091267 234.235333 302.605667 273.766333
          243.709333 278.705333 20.6989 21.6173333 20.0890333 19.6679333 22.5164667 22.0191333 17.6754
          17.6935 16.9676 16.1898667 17.6148 17.5972667 16.0541333 16.8368667 29.3517 23.9143333
          23.7668667 30.4864 17.6873667 17.6768333 16.0049333 16.8518 16.7875333 15.9512 21.3564667
          19.5688667 18.5379 20.2761 25.2253 29.1412333 30.2472 26.1244333 23.3979667 20.8864
          22.8165 26.0083333 28.4201667 25.3734 24.0352667 25.2297333 29.3215667 30.7498333 82.0599
          23.1761333 76.2732 23.1781 18.5156333 21.8024333 22.4216667 20.0627333 25.0870333 24.9369
          21.3609333 18.2189 19.9242333 22.2155667 24.5002333 24.5682 29.5548667 31.534 31.4127
          27.4773667 21.2158333 21.8055333 21.5049333 21.0683667 26.0244667 28.893 27.8092667 25.4616333
          19.9628667 22.3308 22.1459333 19.8669333 20.1480333 17.4123 17.3585667 19.9411667 24.8460333
          24.3669667 23.8978667 24.4306 123.0163 64.1408333 118.034367 64.1432333 240.398667 245.383
          111.4066 58.3138333 106.046767 58.3063333 218.204667 212.852333 74.7851333 20.896 68.6205333
          20.8880667 122.606767 199.223667 228.063 219.729333 291.616667 315.471667 287.859 258.215333
          22.9574333 20.7181 20.7886333 23.0492333 20.6285 22.8765 22.9792 20.7021667 23.0680333
          20.7984333 20.7562333 23.0209333 35.1409667 39.1966 38.5363333 34.5571667 120.451567 117.0679
          52.6302 70.8822667 102.204567 109.478333 77.1175333 77.3139 75.4198667 117.145667 97.6263667
          100.023667 113.0747 71.9363 96.6358 123.450767 10.7591667 11.7837 14.2799333 12.6035
          20.9381 27.8017333 219.1671 277.728433 417.887333 331.199667 362.979667 33.7425333 31.2283667
          33.9689 34.4939 32.4160667 31.5416667 21.2583333 16.6116333 19.8085667 26.0950333 73.0231
          126.172233 115.4038 73.5072333 221.956667 317.486 281.421333 252.2823 163.551633 125.7411
          72.4072667 16.4209667 22.2117333 13.2646333 14.2967667 85.2014667 92.1256667 27.2188333 22.9393667
          15.5073333 15.0281667 13.6598667 14.2687 24.2511 17.6552 139.547733 120.688133 73.9174333
          115.458333 278.863667 311.624333 218.279333 96.2961 87.8718 83.1035333 43.5561 12.0566233
          10.87869 27.0293 20.2394333 14.1569333 12.5447667 112.141767 61.0315333 214.13 295.292
          268.139333 215.938333 309.773 276.430333 71.6561333 124.2651 16.3357333 21.8139667 13.2783
          14.3648 21.1251667 25.1393333 15.1304 15.5079667 141.614 187.142 198.112 60.9386
          112.0075 43.4735333 82.9433667 10.83013 12.02043 19.8317 26.0779667 12.4161333 13.9898333
          49.1005667 108.917833 49.5301 59.0429333 115.7622 75.1467333 166.398 138.373333 117.196233
          148.604567 61.0891333 49.0304667 72.5467333 61.1348333 62.7477 55.9075333 36.6262333 54.513
          56.4103333 55.1963333 104.3012 181.1022 252.2831 173.747433 150.931767 150.227667 116.7963
          84.0288333 81.4276 44.2396667 42.7990333 31.3884 24.2468333 62.7936667 63.9908333 16.8271033
          52.0930033 156.818667 232.346333 245.732 179.197 82.5777667 153.830533 49.5732667 75.275
          127.383333 150.531667 57.1382333 71.6988333 131.8475 131.664833 44.2869667 42.9165 256.098667
          249.784 221.153333 214.082333 132.943 175.815 89.2381 83.0897667 128.601967 129.1084
          138.793 132.138233 56.9977333 76.3574 75.8992333 64.8616 115.036 145.824667 86.2535667
          90.5329333 44.4971 43.2192667 55.7201667 73.7868333 57.5353333 72.1438 79.0906667 59.1140333
          66.0182333 78.955 55.583 69.3111333 118.3409 153.065 135.108667 43.2590667 43.0423333
          31.2213333 23.9003333 44.2595667 42.7789 104.146667 94.6754 151.051667 121.323767 43.077
          42.7623 30.7530667 42.0130333 23.1923333 23.3080667 169.967333 97.7099 36.0940333 55.1057667
          12.8578 21.3394667 43.3224 88.0864333 61.1364333 38.7570333 36.6195667 63.0896667 15.6632667
          30.963 51.6001333 48.0047667 30.5304 28.7919 131.838967 163.307267 67.3465667 46.6031667
          182.2854 129.421467 42.8968667 31.2659 55.3997 54.5149667 79.4144333 53.3484667 40.9248
          58.3626667 76.4437 49.2834333 102.678 74.2515333 43.6839333 63.1105 29.0088667 23.5535
          24.5802 32.4994 71.3058 112.4512 37.4350667 28.9859333 125.1679 71.9787333 44.7525333
          69.3133 47.7787667 44.9988333 30.6568333 61.5033667 115.422633 68.8064667 40.5330667 49.7085
          48.5079 51.2286667 36.7423667 36.9048333 32.7744667 41.2042667 75.4588333 121.955367 120.3914
          75.2188333 28.4253667 30.1266 71.4605 99.5889 23.8075667 23.8096333 173.0716 173.0306
          22.168 71.0833667 71.0421 22.1656667 32.6840333 31.3522333 29.627 54.3447667 138.153
          127.55 28.0704 29.6525 42.2458 25.6533667 109.0829 83.6691333 62.4024 147.477867
          147.111833 273.795767 145.752633 144.6948 270.7613 112.831367 113.301367 124.519333 114.546
          85.6379 84.5382333 83.4211 74.1443333 38.1028667 57.1146 68.3171 15.44111 41.4350333
          123.809 119.152967 113.932267 64.8648 37.0588333 11.71891 13.8585333 12.8695333 11.1595667
          390.892 321.436667 273.094333 62.7961333 80.7972333 139.7949 67.4721333 83.7208333 65.5140333
          171.8258 229.587367 12.1642333 13.6386667 23.6609 30.7265333 40.0562667 76.603 24.2188333
          24.7438333 23.0131667 21.3445333 87.2232 51.8201 133.2762 68.4388333 358.997 360.685667
          248.803667 123.065133 129.3538 111.8438 58.0248 359.466333 357.777667 220.799 32.2465667
          17.8360667 24.5627667 20.3958333 22.3497333 35.2207667 18.4037 24.1101 82.3941333 74.445
          63.7593333 54.4346 64.8317 70.1617333 40.6816 70.3645667 52.5781667 82.4628 82.1126
          81.0706 72.9396 101.5305 49.2902 51.6294 53.2331333 76.1989667 28.0507333 27.0547
          21.9555 21.8026333 16.3473 16.2776333 16.4064667 17.3581 17.6797 16.9506 23.1632333
          26.0220333 166.886433 166.901433 22.4049 60.3335667 60.9274333 20.1249667 23.3003333 31.3404667
          37.6152333 27.833 27.4367 28.5954333 23.3983333 23.3137667 25.5571667 31.9794667 58.8773333
          51.4645 81.3194667 122.604067 26.99393 51.1549333 143.194833 115.781533 188.115033 299.951333
          35.3877 60.7224 187.439667 277.735 134.490067 125.4974 102.7024 130.940733 123.3549
          98.0658667 54.2061333 42.1353 282.638533 282.782533 183.606667 191.943333 181.462 35.0420667
          34.5655333 37.3805 35.6040667 22.7955667 28.0343 121.425167 113.792033 57.8442333 35.72
          64.0436667 61.1952333 53.0782333 39.8215333 83.9539667 67.2494333 70.0227667 79.7627 79.7656
          68.8960333 63.5868667 80.2103667 60.5964 64.1532667 130.255667 82.4865 165.367333 185.455333
          215.840667 177.997667 165.204667 185.514333 177.889667 156.793 174.754 213.001333 63.8207333
          61.1128 108.3027 62.9144333 54.9324333 50.9213 53.3347667 75.0197667 18.1364667 33.0685
          20.6924 26.6191 26.6504333 19.3048 36.0871667 22.5740667 40.5702667 70.1877667 81.4784
          86.669 71.9918667 51.2033 69.7382 31.4092667 15.2862 47.1232 47.0933333 30.4668333
          44.9868333 43.5544333 40.5051 101.441133 88.7708 106.2326 168.8513 68.3508667 42.8462667
          22.7158333 28.0821333 73.0818667 98.3000667 22.2102 18.5441 30.3423 28.0213333 107.6707
          96.3938333 128.559167 62.0204 69.5784333 62.0267333 52.9318667 47.3874333 43.6972333 92.5838333
          83.4680333 143.102667 113.456433 56.2104 108.615467 217.147333 258.153 308.809 80.9972
          38.0196333 47.8247333 90.2777667 103.836433 95.2831667 67.0405667 132.1323 36.1514333 60.8344
          62.5427333 36.8629 22.9852 30.2135667 12.9281333 11.7544667 55.9292 75.3166 85.0013333
          89.4751667 74.0377667 17.8689667 32.366 20.1862 24.3193333 35.1478333 22.0754667 23.8130333
          18.2552333 71.8822333 64.4359 73.1432667 100.015133 73.5311667 54.3898 76.9754667 49.384
          51.4622333 39.4257667 36.8047333 51.3404 34.4077 66.4201333 66.6163333 79.4318333 93.4176667
          65.8203667 61.9357333 58.8945667 60.9418667 51.9444333 38.6405667 79.5046 68.0458 63.2911333
          81.4493 70.6429333 81.9224 73.9549667 79.46 62.973 59.6734667 38.7204333 36.2435333
          44.6213 32.4346333 85.756 96.4317667 24.8795 31.0958667 41.1825667 40.4509333 168.306667
          170.982667 152.458 40.9413667 40.2750667 69.2703333 49.6301333 107.986133 123.5805 107.8543
          123.388667 196.999667 168.712667 198.397667 63.8563 79.6663667 111.671967 126.9523 37.6532
          78.3836333 12.7961667 11.1890667 11.3145633 13.4171 89.1071 157.369667 52.6869 82.2261333
          68.9598 55.3714333 44.7478667 45.7177333 49.647 34.6424667 21.35219 13.24839 17.6421667
          39.7806333 34.1087 15.0299967 57.0831333 51.4420333 36.4375 21.5941333 25.1938667 22.6108
          22.6180333 161.7761 162.265767 59.4447667 21.7604333 21.7250333 58.9124667 31.3819 23.2605
          23.1961 31.3386 18.1104333 18.1071 14.7388 14.7396667 16.1129 15.0607667 15.0708333
          16.1254333 30.2153667 28.4447 74.8208667 53.2267 49.4347 51.7368667 69.0863333 40.0097
          68.5892667 50.2064333 32.5065667 17.6644333 24.4506 20.3054 18.1402333 23.8618667 22.2578
          35.5235 15.2538667 31.0442333 46.9296 46.9003 122.898633 132.549967 83.7437333 53.5318
          142.076333 182.571 182.206 104.351 94.7143 93.5574 60.0711333 37.9837333 80.5881667
          89.7495333 47.6952 60.6409333 36.0605 36.7750333 62.4006 21.0151333 27.7391333 12.7510333
          11.6550667 119.130033 102.339133 73.252 58.4099667 135.076633 136.874633 157.120667 88.9677667
          81.9487 52.3715 213.996 238.554333 327.795333 55.1293667 68.8009667 78.204 37.5361
          12.6900667 11.1241333 13.3232333 11.2808567 45.6701333 44.6945333 34.6317667 49.6152 39.7539333
          17.6409667 13.24143 21.3465633 34.1134333 15.0268233 74.7698667 72.6582 72.5629667 74.6599
          31.4003333 32.0658667 49.7023 29.7587 32.0367 31.3888 29.7469 49.6674 23.6168333
          23.5971333 74.5937 48.8821 37.7142 44.5543667 443.392 445.734667 107.3084 75.2461667
          91.0393667 69.3844667 149.683467 114.013367 133.845233 170.079333 122.477567 286.039333 293.895667
          358.023 87.1893333 70.1749667 119.967533 274.636333 198.066433 102.233833 286.112333 272.693
          318.214333 368.638333 47.5887 51.3489 72.9994333 95.9232333 54.6378 58.9119667 21.7158333
          21.4655 70.7298667 66.7849667 114.670733 151.671133 124.654333 20.4646667 22.1323 17.7989667
          18.8311667 19.4243 21.8241333 134.185333 103.763233 76.4345333 86.6168333 175.952533 297.126667
          59.3857667 50.1397333 71.3650667 81.7839333 136.081333 119.395333 122.5681 171.662333 135.455633
          83.4028 65.6521 129.680433 107.0722 48.2753 49.9494333 146.655667 152.804 63.9789
          62.1528333 36.9285333 41.4516 112.615267 52.8580333 149.666233 173.342567 151.520567 115.824533
          93.6309 71.9610333 208.4897 125.384133 61.1742333 68.2613667 173.8398 292.814333 44.8164333
          55.9164667 60.8755667 71.4212667 64.0469667 77.0889667 43.5679 37.5663 45.2454 52.2125667
          51.1647 80.7240333 109.606467 111.7068 122.790467 48.3456 49.4847333 47.7803333 61.8744667
          83.7876667 123.8819 57.0970667 59.5264333 120.1168 82.3948 143.787133 131.062467 56.5685333
          59.0508333 148.378 148.165667 149.624333 195.381333 300.642667 128.300833 81.5419667 133.128867
          169.072333 120.623433 149.498633 113.920167 93.3965333 71.8212667 128.0513 81.3873667 43.0277667
          42.9120333 34.2936 36.0428667 32.4071667 59.4071333 56.7421333 48.071 50.1522667 106.9173
          117.682867 34.8034667 53.7286667 33.9199333 29.8380667 34.0633 103.726233 88.5773667 88.5673667
          103.699567 88.0950667 52.4037333 101.111333 113.4167 49.3722 85.6492667 52.1188667 71.4438667
          23.3483 13.4124433 25.6852667 21.1559667 69.092 75.0719333 304.204333 184.863433 42.6584
          63.1995333 119.644867 101.441567 154.2525 174.932733 18.7208 16.1045333 36.7600667 26.1267667
          102.4768 94.5981333 31.0946 32.7632333 33.4279 29.7701 36.4606667 32.1014333 135.817833
          197.087533 100.1057 107.901667 88.1980333 62.9505667 135.518433 184.1038 179.340667 159.623333
          173.774 64.323 110.1588 51.2709 26.0615 38.9625 43.1294333 53.7874333 40.9164
          56.7165 55.5799667 115.237567 114.930567 77.1540667 59.7243 172.586333 162.187 24.1565
          21.5189 15.8410333 15.9107 16.9215 15.9698667 16.514 20.0335667 29.7202333 26.8865
          31.4713667 45.8046667 44.7915 30.2271667 223.119667 252.025667 333.191333 63.8251 56.4403
          26.1042333 23.3983333 53.0381667 62.8119333 54.9809667 66.7075 66.7597667 59.5054667 60.5204667
          61.2791667 66.3098667 259.512333 340.386667 305.627667 305.121333 59.4487333 68.7931333 150.658967
          251.280333 49.0950667 80.5240667 62.80207 24.7770333 86.4922 140.531967 178.075967 168.363967
          40.4458667 19.044 12.49267 9.73353333 47.2646333 78.6479667 123.108967 132.928667 185.116667
          141.700333 302.077333 272.250667 361.783 88.6064333 92.1543333 86.7416667 85.5672333 46.4012
          61.5434 36.8025333 36.2295667 84.3991667 84.6576667 59.1916667 47.7228333 81.7559 99.5129
          21.0898 22.4329 113.5349 71.511 26.7121667 20.4239333 26.0763333 28.6775667 36.4849
          24.0874667 24.3816667 21.4862333 37.1824333 39.1243667 45.4912333 38.7411333 36.5485 36.1487333
          37.6811667 52.0315333 37.9209333 50.0998 70.0574 55.2561333 125.196067 164.428333 52.0087
          54.4047 31.0222333 31.6742667 69.7903667 118.150667 63.7670667 43.2124667 43.7915 46.4079
          61.5956667 100.465067 125.431933 78.8825333 162.432333 180.891667 64.0816667 61.6544333 80.5167667
          87.8294667 114.412933 142.874067 143.084967 114.617833 134.497 128.034667 115.723467 97.4954667
          97.8269 116.155233 131.622667 142.961333 100.546633 61.5307333 50.7255667 52.6719333 117.9293
          73.6550667 53.8674 79.6342333 145.4163 113.387 116.255467 58.0668 39.5996333 49.1995333
          76.2594667 78.3272 61.3395667 189.987 147.781667 73.7575 83.4741 67.2009333 76.7496333
          80.0095333 66.3621333 46.1109 40.1842 42.0658667 55.5789667 56.1649 55.5264333 119.800667
          98.8517667 174.835333 163.924667 184.290333 52.8866 27.9224667 40.1750667 37.2810667 35.4325667
          35.6165667 49.9755 43.6056333 64.5439667 86.6351333 224.897667 219.813667 194.186 28.0821333
          34.2151333 36.9251333 29.3783333 44.9107 35.1894667 119.873667 179.012167 62.7412667 90.7634333
          165.260033 146.5877 34.9929667 28.6261 40.2080667 43.9478667 123.851333 69.9262667 50.7606
          40.1588667 27.6064 37.6644667 54.9018667 52.6572 48.0733 47.4798667 63.0668333 37.9905667
          50.2474 160.911367 123.526833 31.2602 30.7019 49.8404 35.0734667 132.0085 184.809367
          245.536667 285.231667 308.809 28.5018333 45.7508 132.872633 179.938133 64.2061 110.3329
          33.2223 23.6032667 15.1675333 16.1712333 133.629467 195.503633 62.8447667 88.9515667 109.4674
          101.5495 33.9791333 23.5332 13.4761333 13.2993333 40.4147 24.0362333 51.8563667 28.0315667
          236.735667 243.544667 193.467 56.4684667 58.6269667 42.5328333 38.3997 40.2889667 53.3613333
          50.0451 66.7280333 76.4943333 60.5545333 144.718067 188.357667 42.8923 57.4001667 96.8590667
          57.7077 58.8875 62.3663667 54.1704 57.9272667 75.1611667 94.8579333 61.1956333 59.5655333
          57.3737667 55.4656 79.3307333 87.3106667 141.632367 113.163833 112.6204 140.457933 52.4130333
          39.7945667 50.4403667 39.1972667 64.4516 55.0483333 45.2041333 98.4659333 59.8014333 49.6773333
          48.3135 76.7934 71.1669667 69.8931667 37.3440333 38.8509333 43.8761667 33.5976667 35.6676
          50.9700667 37.5152667 44.9406667 34.0016667 38.2427667 32.52 39.3256 36.1746 52.6664333
          74.9164 108.643333 122.717333 29.3737 24.0910333 45.6832 27.9436333 41.0964333 35.1612
          35.0318333 38.4720667 88.5025667 62.6182667 127.824667 117.385 211.236333 209.716 35.8152
          54.0227667 55.4512333 36.8446333 43.2622 54.5217667 197.691 202.711 108.410033 59.4314667
          77.715 55.0174333 208.512333 159.724333 54.4096 42.6856667 59.1737333 106.7834 54.8242333
          77.5004667 215.052667 146.5293 136.207167 132.418167 135.935833 132.2335 37.3580333 56.2296667
          135.3131 137.1311 149.202833 175.6935 23.9565333 20.2282333 212.518333 220.019333 207.695
          60.4032667 65.016 107.9014 108.651167 83.2240667 47.0017667 60.2496333 13.3700533 23.1472233
          22.8527 22.5562667 25.2128667 21.6059 18.0899667 18.0933 14.7225333 14.7216667 15.0436333
          16.0957667 16.1083 15.0537 34.0585667 35.8644667 32.4021667 169.585667 159.595 76.6011667
          59.8825 55.5693333 54.8184 97.0911 117.603 61.5076333 69.2720667 81.9339 38.9426667
          43.0878667 65.0489667 54.5711 54.1607667 40.8950667 52.2299 27.6179 68.4408667 96.0657333
          109.209633 63.513 69.1645333 101.896733 88.5248667 62.3702333 101.345633 109.222667 28.3010333
          21.6998 15.1549333 16.0826 29.0247 21.5466333 13.2317 13.2825333 36.8615 54.2673667
          175.3773 148.9073 212.186333 174.746333 166.351333 60.119 64.7385667 107.7738 102.844433
          97.3457667 23.5623333 19.8799 66.3262 45.7566667 36.4419333 46.8198333 60.1816333 23.15673
          13.3848533 113.711467 126.748667 126.668 113.632733 48.3363667 79.9018667 102.9243 90.6368667
          79.8757333 48.3072 90.5482333 102.844167 39.8676333 39.8873333 22.171 23.4877333 25.7902333
          21.7736667 44.0872667 45.4872 43.0273 46.1725 47.6418667 42.7093667 90.4706333 48.1903333
          17.7908 17.4908 17.6494 18.3816 93.4358333 78.7057 58.1622 54.3891 48.6562667
          103.125 48.9295333 89.1170333 51.5522667 61.6988333 81.5700333 79.3784333 48.6291333 49.9455
          76.1323 91.1769667 67.5271333 43.1344333 50.9699667 59.0992667 84.5787 86.8301667 166.880533
          243.889 9.69024333 10.1199 39.2156333 22.8645667 129.466233 262.045 44.2954667 49.6777333
          28.7802667 32.619 71.9074333 70.8849 24.7661333 41.9512 175.404667 132.724667 123.286667
          162.536633 103.238467 171.057167 235.279667 169.642667 203.197667 42.0107667 50.1243333 40.3353
          42.6729333 36.6292333 39.7498 216.4324 165.518767 114.477433 10.1500567 9.65462 41.4080333
          24.5604667 9.63888667 10.11533
        </DataArray>
        <DataArray type="Float32" Name="Uy" format="ascii">
          0 0 0 0 0 0 0 0 0
          0 0 0 0 0 0 0 0 0
          0 0 0 0 0 0 0 0 0
          0 0 0 0 0 0 0 0 0
          0 0 0 0 0 0 0 0 0
          0 0 0 0 0 0 0 0 0
          0 0 0 0 0 0 0 0 0
          0 0 0 0 0 0 0 0 0
          0 0 0 0 0 0 0 0 0
          0 0 0 0 0 0 0 0 0
          0 0 0 0 0 0 0 0 0
          0 0 0 0 0 0 0 0 0
          0 0 0 0 0 0 0 0 0
          0 0 0 0 0 0 0 0 0
          0 0 0 0 0 0 0 0 0
          0 0 0 0 0 0 0 0 0
          0 0 0 0 0 0 0 0 0
          0 0 0 0 0 0 0 0 0
          0 0 0 0 0 0 0 0 0
          0 0 0 0 0 0 0 0 0
          0 0 0 0 0 0 0 0 0
          0 0 0 0 0 0 0 0 0
          0 0 0 0 0 0 0 0 0
          0 0 0 0 0 0 0 0 0
          0 0 0 0 0 0 0 0 0
          0 0 0 0 0 0 0 0 0
          0 0 0 0 0 0 0 0 0
          0 0 0 0 0 0 0 0 0
          0 0 0 0 0 0 0 0 0
          0 0 0 0 0 0 0 0 0
          0 0 0 0 0 0 0 0 0
          0 0 0 0 0 0 0 0 0
          0 0 0 0 0 0 0 0 0
          0 0 0 0 0 0 0 0 0
          0 0 0 0 0 0 0 0 0
          0 0 0 0 0 0 0 0 0
          0 0 0 0 0 0 0 0 0
          0 0 0 0 0 0 0 0 0
          0 0 0 0 0 0 0 0 0
          0 0 0 0 0 0 0 0 0
          0 0 0 0 0 0 0 0 0
          0 0 0 0 0 0 0 0 0
          0 0 0 0 0 0 0 0 0
          0 0 0 0 0 0 0 0 0
          0 0 0 0 0 0 0 0 0
          0 0 0 0 0 0 0 0 0
          0 0 0 0 0 0 0 0 0
          0 0 0 0 0 0 0 0 0
          0 0 0 0 0 0 0 0 0
          0 0 0 0 0 0 0 0 0
          0 0 0 0 0 0 0 0 0
          0 0 0 0 0 0 0 0 0
          0 0 0 0 0 0 0 0 0
          0 0 0 0 0 0 0 0 0
          0 0 0 0 0 0 0 0 0
          0 0 0 0 0 0 0 0 0
          0 0 0 0 0 0 0 0 0
          0 0 0 0 0 0 0 0 0
          0 0 0 0 0 0 0 0 0
          0 0 0 0 0 0 0 0 0
          0 0 0 0 0 0 0 0 0
          0 0 0 0 0 0 0 0 0
          0 0 0 0 0 0 0 0 0
          0 0 0 0 0 0 0 0 0
          0 0 0 0 0 0 0 0 0
          0 0 0 0 0 0 0 0 0
          0 0 0 0 0 0 0 0 0
          0 0 0 0 0 0 0 0 0
          0 0 0 0 0 0 0 0 0
          0 0 0 0 0 0 0 0 0
          0 0 0 0 0 0 0 0 0
          0 0 0 0 0 0 0 0 0
          0 0 0 0 0 0 0 0 0
          0 0 0 0 0 0 0 0 0
          0 0 0 0 0 0 0 0 0
          0 0 0 0 0 0 0 0 0
          0 0 0 0 0 0 0 0 0
          0 0 0 0 0 0 0 0 0
          0 0 0 0 0 0 0 0 0
          0 0 0 0 0 0 0 0 0
          0 0 0 0 0 0 0 0 0
          0 0 0 0 0 0 0 0 0
          0 0 0 0 0 0 0 0 0
          0 0 0 0 0 0 0 0 0
          0 0 0 0 0 0 0 0 0
          0 0 0 0 0 0 0 0 0
          0 0 0 0 0 0 0 0 0
          0 0 0 0 0 0 0 0 0
          0 0 0 0 0 0 0 0 0
          0 0 0 0 0 0 0 0 0
          0 0 0 0 0 0 0 0 0
          0 0 0 0 0 0 0 0 0
          0 0 0 0 0 0 0 0 0
          0 0 0 0 0 0 0 0 0
          0 0 0 0 0 0 0 0 0
          0 0 0 0 0 0 0 0 0
          0 0 0 0 0 0 0 0 0
          0 0 0 0 0 0 0 0 0
          0 0 0 0 0 0 0 0 0
          0 0 0 0 0 0 0 0 0
          0 0 0 0 0 0 0 0 0
          0 0 0 0 0 0 0 0 0
          0 0 0 0 0 0 0 0 0
          0 0 0 0 0 0 0 0 0
          0 0 0 0 0 0 0 0 0
          0 0 0 0 0 0 0 0 0
          0 0 0 0 0 0 0 0 0
          0 0 0 0 0 0 0 0 0
          0 0 0 0 0 0 0 0 0
          0 0 0 0 0 0 0 0 0
          0 0 0 0 0 0 0 0 0
          0 0 0 0 0 0 0 0 0
          0 0 0 0 0 0 0 0 0
          0 0 0 0 0 0 0 0 0
          0 0 0 0 0 0 0 0 0
          0 0 0 0 0 0 0 0 0
          0 0 0 0 0 0 0 0 0
          0 0 0 0 0 0 0 0 0
          0 0 0 0 0 0 0 0 0
          0 0 0 0 0 0 0 0 0
          0 0 0 0 0 0 0 0 0
          0 0 0 0 0 0 0 0 0
          0 0 0 0 0 0 0 0 0
          0 0 0 0 0 0 0 0 0
          0 0 0 0 0 0 0 0 0
          0 0 0 0 0 0 0 0 0
          0 0 0 0 0 0 0 0 0
          0 0 0 0 0 0 0 0 0
          0 0 0 0 0 0 0 0 0
          0 0 0 0 0 0 0 0 0
          0 0 0 0 0 0 0 0 0
          0 0 0 0 0 0 0 0 0
          0 0 0 0 0 0 0 0 0
          0 0 0 0 0 0 0 0 0
          0 0 0 0 0 0 0 0 0
          0 0 0 0 0 0 0 0 0
          0 0 0 0 0 0 0 0 0
          0 0 0 0 0 0 0 0 0
          0 0 0 0 0 0 0 0 0
          0 0 0 0 0 0 0 0 0
          0 0 0 0 0 0 0 0 0
          0 0 0 0 0 0 0 0 0
          0 0 0 0 0 0 0 0 0
          0 0 0 0 0 0 0 0 0
          0 0 0 0 0 0 0 0 0
          0 0 0 0 0 0 0 0 0
          0 0 0 0 0 0 0 0 0
          0 0 0 0 0 0 0 0 0
          0 0 0 0 0 0 0 0 0
          0 0 0 0 0 0 0 0 0
          0 0 0 0 0 0 0 0 0
          0 0 0 0 0 0 0 0 0
          0 0 0 0 0 0 0 0 0
          0 0 0 0 0 0 0 0 0
          0 0 0 0 0 0 0 0 0
          0 0 0 0 0 0 0 0 0
          0 0 0 0 0 0 0 0 0
          0 0 0 0 0 0 0 0 0
          0 0 0 0 0 0 0 0 0
          0 0 0 0 0 0 0 0 0
          0 0 0 0 0 0 0 0 0
          0 0 0 0 0 0 0 0 0
          0 0 0 0 0 0 0 0 0
          0 0 0 0 0 0 0 0 0
          0 0 0 0 0 0 0 0 0
          0 0 0 0 0 0 0 0 0
          0 0 0 0 0 0 0 0 0
          0 0 0 0 0 0 0 0 0
          0 0 0 0 0 0 0 0 0
          0 0 0 0 0 0 0 0 0
          0 0 0 0 0 0 0 0 0
          0 0 0 0 0 0 0 0 0
          0 0 0 0 0 0 0 0 0
          0 0 0 0 0 0 0 0 0
          0 0 0 0 0 0 0 0 0
          0 0 0 0 0 0 0 0 0
          0 0 0 0 0 0 0 0 0
          0 0 0 0 0 0 0 0 0
          0 0 0 0 0 0 0 0 0
          0 0 0 0 0 0 0 0 0
          0 0 0 0 0 0 0 0 0
          0 0 0 0 0 0 0 0 0
          0 0 0 0 0 0 0 0 0
          0 0 0 0 0 0 0 0 0
          0 0 0 0 0 0 0 0 0
          0 0 0 0 0 0 0 0 0
          0 0 0 0 0 0 0 0 0
          0 0 0 0 0 0 0 0 0
          0 0 0 0 0 0 0 0 0
          0 0 0 0 0 0 0 0 0
          0 0 0 0 0 0 0 0 0
          0 0 0 0 0 0 0 0 0
          0 0 0 0 0 0 0 0 0
          0 0 0 0 0 0 0 0 0
          0 0 0 0 0 0 0 0 0
          0 0 0
        </DataArray>
        <DataArray type="Float32" Name="pressureCoeff" format="ascii">
          0 0 0 0 0 0 0 0 0
          0 0 0 0 0 0 0 0 0
          0 0 0 0 0 0 0 0 0
          0 0 0 0 0 0 0 0 0
          0 0 0 0 0 0 0 0 0
          0 0 0 0 0 0 0 0 0
          0 0 0 0 0 0 0 0 0
          0 0 0 0 0 0 0 0 0
          0 0 0 0 0 0 0 0 0
          0 0 0 0 0 0 0 0 0
          0 0 0 0 0 0 0 0 0
          0 0 0 0 0 0 0 0 0
          0 0 0 0 0 0 0 0 0
          0 0 0 0 0 0 0 0 0
          0 0 0 0 0 0 0 0 0
          0 0 0 0 0 0 0 0 0
          0 0 0 0 0 0 0 0 0
          0 0 0 0 0 0 0 0 0
          0 0 0 0 0 0 0 0 0
          0 0 0 0 0 0 0 0 0
          0 0 0 0 0 0 0 0 0
          0 0 0 0 0 0 0 0 0
          0 0 0 0 0 0 0 0 0
          0 0 0 0 0 0 0 0 0
          0 0 0 0 0 0 0 0 0
          0 0 0 0 0 0 0 0 0
          0 0 0 0 0 0 0 0 0
          0 0 0 0 0 0 0 0 0
          0 0 0 0 0 0 0 0 0
          0 0 0 0 0 0 0 0 0
          0 0 0 0 0 0 0 0 0
          0 0 0 0 0 0 0 0 0
          0 0 0 0 0 0 0 0 0
          0 0 0 0 0 0 0 0 0
          0 0 0 0 0 0 0 0 0
          0 0 0 0 0 0 0 0 0
          0 0 0 0 0 0 0 0 0
          0 0 0 0 0 0 0 0 0
          0 0 0 0 0 0 0 0 0
          0 0 0 0 0 0 0 0 0
          0 0 0 0 0 0 0 0 0
          0 0 0 0 0 0 0 0 0
          0 0 0 0 0 0 0 0 0
          0 0 0 0 0 0 0 0 0
          0 0 0 0 0 0 0 0 0
          0 0 0 0 0 0 0 0 0
          0 0 0 0 0 0 0 0 0
          0 0 0 0 0 0 0 0 0
          0 0 0 0 0 0 0 0 0
          0 0 0 0 0 0 0 0 0
          0 0 0 0 0 0 0 0 0
          0 0 0 0 0 0 0 0 0
          0 0 0 0 0 0 0 0 0
          0 0 0 0 0 0 0 0 0
          0 0 0 0 0 0 0 0 0
          0 0 0 0 0 0 0 0 0
          0 0 0 0 0 0 0 0 0
          0 0 0 0 0 0 0 0 0
          0 0 0 0 0 0 0 0 0
          0 0 0 0 0 0 0 0 0
          0 0 0 0 0 0 0 0 0
          0 0 0 0 0 0 0 0 0
          0 0 0 0 0 0 0 0 0
          0 0 0 0 0 0 0 0 0
          0 0 0 0 0 0 0 0 0
          0 0 0 0 0 0 0 0 0
          0 0 0 0 0 0 0 0 0
          0 0 0 0 0 0 0 0 0
          0 0 0 0 0 0 0 0 0
          0 0 0 0 0 0 0 0 0
          0 0 0 0 0 0 0 0 0
          0 0 0 0 0 0 0 0 0
          0 0 0 0 0 0 0 0 0
          0 0 0 0 0 0 0 0 0
          0 0 0 0 0 0 0 0 0
          0 0 0 0 0 0 0 0 0
          0 0 0 0 0 0 0 0 0
          0 0 0 0 0 0 0 0 0
          0 0 0 0 0 0 0 0 0
          0 0 0 0 0 0 0 0 0
          0 0 0 0 0 0 0 0 0
          0 0 0 0 0 0 0 0 0
          0 0 0 0 0 0 0 0 0
          0 0 0 0 0 0 0 0 0
          0 0 0 0 0 0 0 0 0
          0 0 0 0 0 0 0 0 0
          0 0 0 0 0 0 0 0 0
          0 0 0 0 0 0 0 0 0
          0 0 0 0 0 0 0 0 0
          0 0 0 0 0 0 0 0 0
          0 0 0 0 0 0 0 0 0
          0 0 0 0 0 0 0 0 0
          0 0 0 0 0 0 0 0 0
          0 0 0 0 0 0 0 0 0
          0 0 0 0 0 0 0 0 0
          0 0 0 0 0 0 0 0 0
          0 0 0 0 0 0 0 0 0
          0 0 0 0 0 0 0 0 0
          0 0 0 0 0 0 0 0 0
          0 0 0 0 0 0 0 0 0
          0 0 0 0 0 0 0 0 0
          0 0 0 0 0 0 0 0 0
          0 0 0 0 0 0 0 0 0
          0 0 0 0 0 0 0 0 0
          0 0 0 0 0 0 0 0 0
          0 0 0 0 0 0 0 0 0
          0 0 0 0 0 0 0 0 0
          0 0 0 0 0 0 0 0 0
          0 0 0 0 0 0 0 0 0
          0 0 0 0 0 0 0 0 0
          0 0 0 0 0 0 0 0 0
          0 0 0 0 0 0 0 0 0
          0 0 0 0 0 0 0 0 0
          0 0 0 0 0 0 0 0 0
          0 0 0 0 0 0 0 0 0
          0 0 0 0 0 0 0 0 0
          0 0 0 0 0 0 0 0 0
          0 0 0 0 0 0 0 0 0
          0 0 0 0 0 0 0 0 0
          0 0 0 0 0 0 0 0 0
          0 0 0 0 0 0 0 0 0
          0 0 0 0 0 0 0 0 0
          0 0 0 0 0 0 0 0 0
          0 0 0 0 0 0 0 0 0
          0 0 0 0 0 0 0 0 0
          0 0 0 0 0 0 0 0 0
          0 0 0 0 0 0 0 0 0
          0 0 0 0 0 0 0 0 0
          0 0 0 0 0 0 0 0 0
          0 0 0 0 0 0 0 0 0
          0 0 0 0 0 0 0 0 0
          0 0 0 0 0 0 0 0 0
          0 0 0 0 0 0 0 0 0
          0 0 0 0 0 0 0 0 0
          0 0 0 0 0 0 0 0 0
          0 0 0 0 0 0 0 0 0
          0 0 0 0 0 0 0 0 0
          0 0 0 0 0 0 0 0 0
          0 0 0 0 0 0 0 0 0
          0 0 0 0 0 0 0 0 0
          0 0 0 0 0 0 0 0 0
          0 0 0 0 0 0 0 0 0
          0 0 0 0 0 0 0 0 0
          0 0 0 0 0 0 0 0 0
          0 0 0 0 0 0 0 0 0
          0 0 0 0 0 0 0 0 0
          0 0 0 0 0 0 0 0 0
          0 0 0 0 0 0 0 0 0
          0 0 0 0 0 0 0 0 0
          0 0 0 0 0 0 0 0 0
          0 0 0 0 0 0 0 0 0
          0 0 0 0 0 0 0 0 0
          0 0 0 0 0 0 0 0 0
          0 0 0 0 0 0 0 0 0
          0 0 0 0 0 0 0 0 0
          0 0 0 0 0 0 0 0 0
          0 0 0 0 0 0 0 0 0
          0 0 0 0 0 0 0 0 0
          0 0 0 0 0 0 0 0 0
          0 0 0 0 0 0 0 0 0
          0 0 0 0 0 0 0 0 0
          0 0 0 0 0 0 0 0 0
          0 0 0 0 0 0 0 0 0
          0 0 0 0 0 0 0 0 0
          0 0 0 0 0 0 0 0 0
          0 0 0 0 0 0 0 0 0
          0 0 0 0 0 0 0 0 0
          0 0 0 0 0 0 0 0 0
          0 0 0 0 0 0 0 0 0
          0 0 0 0 0 0 0 0 0
          0 0 0 0 0 0 0 0 0
          0 0 0 0 0 0 0 0 0
          0 0 0 0 0 0 0 0 0
          0 0 0 0 0 0 0 0 0
          0 0 0 0 0 0 0 0 0
          0 0 0 0 0 0 0 0 0
          0 0 0 0 0 0 0 0 0
          0 0 0 0 0 0 0 0 0
          0 0 0 0 0 0 0 0 0
          0 0 0 0 0 0 0 0 0
          0 0 0 0 0 0 0 0 0
          0 0 0 0 0 0 0 0 0
          0 0 0 0 0 0 0 0 0
          0 0 0 0 0 0 0 0 0
          0 0 0 0 0 0 0 0 0
          0 0 0 0 0 0 0 0 0
          0 0 0 0 0 0 0 0 0
          0 0 0 0 0 0 0 0 0
          0 0 0 0 0 0 0 0 0
          0 0 0 0 0 0 0 0 0
          0 0 0 0 0 0 0 0 0
          0 0 0 0 0 0 0 0 0
          0 0 0 0 0 0 0 0 0
          0 0 0 0 0 0 0 0 0
          0 0 0 0 0 0 0 0 0
          0 0 0
        </DataArray>
        <DataArray type="Float32" Name="pressureCoeffAbs" format="ascii">
          0 0 0 0 0 0 0 0 0
          0 0 0 0 0 0 0 0 0
          0 0 0 0 0 0 0 0 0
          0 0 0 0 0 0 0 0 0
          0 0 0 0 0 0 0 0 0
          0 0 0 0 0 0 0 0 0
          0 0 0 0 0 0 0 0 0
          0 0 0 0 0 0 0 0 0
          0 0 0 0 0 0 0 0 0
          0 0 0 0 0 0 0 0 0
          0 0 0 0 0 0 0 0 0
          0 0 0 0 0 0 0 0 0
          0 0 0 0 0 0 0 0 0
          0 0 0 0 0 0 0 0 0
          0 0 0 0 0 0 0 0 0
          0 0 0 0 0 0 0 0 0
          0 0 0 0 0 0 0 0 0
          0 0 0 0 0 0 0 0 0
          0 0 0 0 0 0 0 0 0
          0 0 0 0 0 0 0 0 0
          0 0 0 0 0 0 0 0 0
          0 0 0 0 0 0 0 0 0
          0 0 0 0 0 0 0 0 0
          0 0 0 0 0 0 0 0 0
          0 0 0 0 0 0 0 0 0
          0 0 0 0 0 0 0 0 0
          0 0 0 0 0 0 0 0 0
          0 0 0 0 0 0 0 0 0
          0 0 0 0 0 0 0 0 0
          0 0 0 0 0 0 0 0 0
          0 0 0 0 0 0 0 0 0
          0 0 0 0 0 0 0 0 0
          0 0 0 0 0 0 0 0 0
          0 0 0 0 0 0 0 0 0
          0 0 0 0 0 0 0 0 0
          0 0 0 0 0 0 0 0 0
          0 0 0 0 0 0 0 0 0
          0 0 0 0 0 0 0 0 0
          0 0 0 0 0 0 0 0 0
          0 0 0 0 0 0 0 0 0
          0 0 0 0 0 0 0 0 0
          0 0 0 0 0 0 0 0 0
          0 0 0 0 0 0 0 0 0
          0 0 0 0 0 0 0 0 0
          0 0 0 0 0 0 0 0 0
          0 0 0 0 0 0 0 0 0
          0 0 0 0 0 0 0 0 0
          0 0 0 0 0 0 0 0 0
          0 0 0 0 0 0 0 0 0
          0 0 0 0 0 0 0 0 0
          0 0 0 0 0 0 0 0 0
          0 0 0 0 0 0 0 0 0
          0 0 0 0 0 0 0 0 0
          0 0 0 0 0 0 0 0 0
          0 0 0 0 0 0 0 0 0
          0 0 0 0 0 0 0 0 0
          0 0 0 0 0 0 0 0 0
          0 0 0 0 0 0 0 0 0
          0 0 0 0 0 0 0 0 0
          0 0 0 0 0 0 0 0 0
          0 0 0 0 0 0 0 0 0
          0 0 0 0 0 0 0 0 0
          0 0 0 0 0 0 0 0 0
          0 0 0 0 0 0 0 0 0
          0 0 0 0 0 0 0 0 0
          0 0 0 0 0 0 0 0 0
          0 0 0 0 0 0 0 0 0
          0 0 0 0 0 0 0 0 0
          0 0 0 0 0 0 0 0 0
          0 0 0 0 0 0 0 0 0
          0 0 0 0 0 0 0 0 0
          0 0 0 0 0 0 0 0 0
          0 0 0 0 0 0 0 0 0
          0 0 0 0 0 0 0 0 0
          0 0 0 0 0 0 0 0 0
          0 0 0 0 0 0 0 0 0
          0 0 0 0 0 0 0 0 0
          0 0 0 0 0 0 0 0 0
          0 0 0 0 0 0 0 0 0
          0 0 0 0 0 0 0 0 0
          0 0 0 0 0 0 0 0 0
          0 0 0 0 0 0 0 0 0
          0 0 0 0 0 0 0 0 0
          0 0 0 0 0 0 0 0 0
          0 0 0 0 0 0 0 0 0
          0 0 0 0 0 0 0 0 0
          0 0 0 0 0 0 0 0 0
          0 0 0 0 0 0 0 0 0
          0 0 0 0 0 0 0 0 0
          0 0 0 0 0 0 0 0 0
          0 0 0 0 0 0 0 0 0
          0 0 0 0 0 0 0 0 0
          0 0 0 0 0 0 0 0 0
          0 0 0 0 0 0 0 0 0
          0 0 0 0 0 0 0 0 0
          0 0 0 0 0 0 0 0 0
          0 0 0 0 0 0 0 0 0
          0 0 0 0 0 0 0 0 0
          0 0 0 0 0 0 0 0 0
          0 0 0 0 0 0 0 0 0
          0 0 0 0 0 0 0 0 0
          0 0 0 0 0 0 0 0 0
          0 0 0 0 0 0 0 0 0
          0 0 0 0 0 0 0 0 0
          0 0 0 0 0 0 0 0 0
          0 0 0 0 0 0 0 0 0
          0 0 0 0 0 0 0 0 0
          0 0 0 0 0 0 0 0 0
          0 0 0 0 0 0 0 0 0
          0 0 0 0 0 0 0 0 0
          0 0 0 0 0 0 0 0 0
          0 0 0 0 0 0 0 0 0
          0 0 0 0 0 0 0 0 0
          0 0 0 0 0 0 0 0 0
          0 0 0 0 0 0 0 0 0
          0 0 0 0 0 0 0 0 0
          0 0 0 0 0 0 0 0 0
          0 0 0 0 0 0 0 0 0
          0 0 0 0 0 0 0 0 0
          0 0 0 0 0 0 0 0 0
          0 0 0 0 0 0 0 0 0
          0 0 0 0 0 0 0 0 0
          0 0 0 0 0 0 0 0 0
          0 0 0 0 0 0 0 0 0
          0 0 0 0 0 0 0 0 0
          0 0 0 0 0 0 0 0 0
          0 0 0 0 0 0 0 0 0
          0 0 0 0 0 0 0 0 0
          0 0 0 0 0 0 0 0 0
          0 0 0 0 0 0 0 0 0
          0 0 0 0 0 0 0 0 0
          0 0 0 0 0 0 0 0 0
          0 0 0 0 0 0 0 0 0
          0 0 0 0 0 0 0 0 0
          0 0 0 0 0 0 0 0 0
          0 0 0 0 0 0 0 0 0
          0 0 0 0 0 0 0 0 0
          0 0 0 0 0 0 0 0 0
          0 0 0 0 0 0 0 0 0
          0 0 0 0 0 0 0 0 0
          0 0 0 0 0 0 0 0 0
          0 0 0 0 0 0 0 0 0
          0 0 0 0 0 0 0 0 0
          0 0 0 0 0 0 0 0 0
          0 0 0 0 0 0 0 0 0
          0 0 0 0 0 0 0 0 0
          0 0 0 0 0 0 0 0 0
          0 0 0 0 0 0 0 0 0
          0 0 0 0 0 0 0 0 0
          0 0 0 0 0 0 0 0 0
          0 0 0 0 0 0 0 0 0
          0 0 0 0 0 0 0 0 0
          0 0 0 0 0 0 0 0 0
          0 0 0 0 0 0 0 0 0
          0 0 0 0 0 0 0 0 0
          0 0 0 0 0 0 0 0 0
          0 0 0 0 0 0 0 0 0
          0 0 0 0 0 0 0 0 0
          0 0 0 0 0 0 0 0 0
          0 0 0 0 0 0 0 0 0
          0 0 0 0 0 0 0 0 0
          0 0 0 0 0 0 0 0 0
          0 0 0 0 0 0 0 0 0
          0 0 0 0 0 0 0 0 0
          0 0 0 0 0 0 0 0 0
          0 0 0 0 0 0 0 0 0
          0 0 0 0 0 0 0 0 0
          0 0 0 0 0 0 0 0 0
          0 0 0 0 0 0 0 0 0
          0 0 0 0 0 0 0 0 0
          0 0 0 0 0 0 0 0 0
          0 0 0 0 0 0 0 0 0
          0 0 0 0 0 0 0 0 0
          0 0 0 0 0 0 0 0 0
          0 0 0 0 0 0 0 0 0
          0 0 0 0 0 0 0 0 0
          0 0 0 0 0 0 0 0 0
          0 0 0 0 0 0 0 0 0
          0 0 0 0 0 0 0 0 0
          0 0 0 0 0 0 0 0 0
          0 0 0 0 0 0 0 0 0
          0 0 0 0 0 0 0 0 0
          0 0 0 0 0 0 0 0 0
          0 0 0 0 0 0 0 0 0
          0 0 0 0 0 0 0 0 0
          0 0 0 0 0 0 0 0 0
          0 0 0 0 0 0 0 0 0
          0 0 0 0 0 0 0 0 0
          0 0 0 0 0 0 0 0 0
          0 0 0 0 0 0 0 0 0
          0 0 0 0 0 0 0 0 0
          0 0 0 0 0 0 0 0 0
          0 0 0 0 0 0 0 0 0
          0 0 0 0 0 0 0 0 0
          0 0 0 0 0 0 0 0 0
          0 0 0
        </DataArray>
        <DataArray type="Float32" Name="pressurePa" format="ascii">
          0 0 0 0 0 0 0 0 0
          0 0 0 0 0 0 0 0 0
          0 0 0 0 0 0 0 0 0
          0 0 0 0 0 0 0 0 0
          0 0 0 0 0 0 0 0 0
          0 0 0 0 0 0 0 0 0
          0 0 0 0 0 0 0 0 0
          0 0 0 0 0 0 0 0 0
          0 0 0 0 0 0 0 0 0
          0 0 0 0 0 0 0 0 0
          0 0 0 0 0 0 0 0 0
          0 0 0 0 0 0 0 0 0
          0 0 0 0 0 0 0 0 0
          0 0 0 0 0 0 0 0 0
          0 0 0 0 0 0 0 0 0
          0 0 0 0 0 0 0 0 0
          0 0 0 0 0 0 0 0 0
          0 0 0 0 0 0 0 0 0
          0 0 0 0 0 0 0 0 0
          0 0 0 0 0 0 0 0 0
          0 0 0 0 0 0 0 0 0
          0 0 0 0 0 0 0 0 0
          0 0 0 0 0 0 0 0 0
          0 0 0 0 0 0 0 0 0
          0 0 0 0 0 0 0 0 0
          0 0 0 0 0 0 0 0 0
          0 0 0 0 0 0 0 0 0
          0 0 0 0 0 0 0 0 0
          0 0 0 0 0 0 0 0 0
          0 0 0 0 0 0 0 0 0
          0 0 0 0 0 0 0 0 0
          0 0 0 0 0 0 0 0 0
          0 0 0 0 0 0 0 0 0
          0 0 0 0 0 0 0 0 0
          0 0 0 0 0 0 0 0 0
          0 0 0 0 0 0 0 0 0
          0 0 0 0 0 0 0 0 0
          0 0 0 0 0 0 0 0 0
          0 0 0 0 0 0 0 0 0
          0 0 0 0 0 0 0 0 0
          0 0 0 0 0 0 0 0 0
          0 0 0 0 0 0 0 0 0
          0 0 0 0 0 0 0 0 0
          0 0 0 0 0 0 0 0 0
          0 0 0 0 0 0 0 0 0
          0 0 0 0 0 0 0 0 0
          0 0 0 0 0 0 0 0 0
          0 0 0 0 0 0 0 0 0
          0 0 0 0 0 0 0 0 0
          0 0 0 0 0 0 0 0 0
          0 0 0 0 0 0 0 0 0
          0 0 0 0 0 0 0 0 0
          0 0 0 0 0 0 0 0 0
          0 0 0 0 0 0 0 0 0
          0 0 0 0 0 0 0 0 0
          0 0 0 0 0 0 0 0 0
          0 0 0 0 0 0 0 0 0
          0 0 0 0 0 0 0 0 0
          0 0 0 0 0 0 0 0 0
          0 0 0 0 0 0 0 0 0
          0 0 0 0 0 0 0 0 0
          0 0 0 0 0 0 0 0 0
          0 0 0 0 0 0 0 0 0
          0 0 0 0 0 0 0 0 0
          0 0 0 0 0 0 0 0 0
          0 0 0 0 0 0 0 0 0
          0 0 0 0 0 0 0 0 0
          0 0 0 0 0 0 0 0 0
          0 0 0 0 0 0 0 0 0
          0 0 0 0 0 0 0 0 0
          0 0 0 0 0 0 0 0 0
          0 0 0 0 0 0 0 0 0
          0 0 0 0 0 0 0 0 0
          0 0 0 0 0 0 0 0 0
          0 0 0 0 0 0 0 0 0
          0 0 0 0 0 0 0 0 0
          0 0 0 0 0 0 0 0 0
          0 0 0 0 0 0 0 0 0
          0 0 0 0 0 0 0 0 0
          0 0 0 0 0 0 0 0 0
          0 0 0 0 0 0 0 0 0
          0 0 0 0 0 0 0 0 0
          0 0 0 0 0 0 0 0 0
          0 0 0 0 0 0 0 0 0
          0 0 0 0 0 0 0 0 0
          0 0 0 0 0 0 0 0 0
          0 0 0 0 0 0 0 0 0
          0 0 0 0 0 0 0 0 0
          0 0 0 0 0 0 0 0 0
          0 0 0 0 0 0 0 0 0
          0 0 0 0 0 0 0 0 0
          0 0 0 0 0 0 0 0 0
          0 0 0 0 0 0 0 0 0
          0 0 0 0 0 0 0 0 0
          0 0 0 0 0 0 0 0 0
          0 0 0 0 0 0 0 0 0
          0 0 0 0 0 0 0 0 0
          0 0 0 0 0 0 0 0 0
          0 0 0 0 0 0 0 0 0
          0 0 0 0 0 0 0 0 0
          0 0 0 0 0 0 0 0 0
          0 0 0 0 0 0 0 0 0
          0 0 0 0 0 0 0 0 0
          0 0 0 0 0 0 0 0 0
          0 0 0 0 0 0 0 0 0
          0 0 0 0 0 0 0 0 0
          0 0 0 0 0 0 0 0 0
          0 0 0 0 0 0 0 0 0
          0 0 0 0 0 0 0 0 0
          0 0 0 0 0 0 0 0 0
          0 0 0 0 0 0 0 0 0
          0 0 0 0 0 0 0 0 0
          0 0 0 0 0 0 0 0 0
          0 0 0 0 0 0 0 0 0
          0 0 0 0 0 0 0 0 0
          0 0 0 0 0 0 0 0 0
          0 0 0 0 0 0 0 0 0
          0 0 0 0 0 0 0 0 0
          0 0 0 0 0 0 0 0 0
          0 0 0 0 0 0 0 0 0
          0 0 0 0 0 0 0 0 0
          0 0 0 0 0 0 0 0 0
          0 0 0 0 0 0 0 0 0
          0 0 0 0 0 0 0 0 0
          0 0 0 0 0 0 0 0 0
          0 0 0 0 0 0 0 0 0
          0 0 0 0 0 0 0 0 0
          0 0 0 0 0 0 0 0 0
          0 0 0 0 0 0 0 0 0
          0 0 0 0 0 0 0 0 0
          0 0 0 0 0 0 0 0 0
          0 0 0 0 0 0 0 0 0
          0 0 0 0 0 0 0 0 0
          0 0 0 0 0 0 0 0 0
          0 0 0 0 0 0 0 0 0
          0 0 0 0 0 0 0 0 0
          0 0 0 0 0 0 0 0 0
          0 0 0 0 0 0 0 0 0
          0 0 0 0 0 0 0 0 0
          0 0 0 0 0 0 0 0 0
          0 0 0 0 0 0 0 0 0
          0 0 0 0 0 0 0 0 0
          0 0 0 0 0 0 0 0 0
          0 0 0 0 0 0 0 0 0
          0 0 0 0 0 0 0 0 0
          0 0 0 0 0 0 0 0 0
          0 0 0 0 0 0 0 0 0
          0 0 0 0 0 0 0 0 0
          0 0 0 0 0 0 0 0 0
          0 0 0 0 0 0 0 0 0
          0 0 0 0 0 0 0 0 0
          0 0 0 0 0 0 0 0 0
          0 0 0 0 0 0 0 0 0
          0 0 0 0 0 0 0 0 0
          0 0 0 0 0 0 0 0 0
          0 0 0 0 0 0 0 0 0
          0 0 0 0 0 0 0 0 0
          0 0 0 0 0 0 0 0 0
          0 0 0 0 0 0 0 0 0
          0 0 0 0 0 0 0 0 0
          0 0 0 0 0 0 0 0 0
          0 0 0 0 0 0 0 0 0
          0 0 0 0 0 0 0 0 0
          0 0 0 0 0 0 0 0 0
          0 0 0 0 0 0 0 0 0
          0 0 0 0 0 0 0 0 0
          0 0 0 0 0 0 0 0 0
          0 0 0 0 0 0 0 0 0
          0 0 0 0 0 0 0 0 0
          0 0 0 0 0 0 0 0 0
          0 0 0 0 0 0 0 0 0
          0 0 0 0 0 0 0 0 0
          0 0 0 0 0 0 0 0 0
          0 0 0 0 0 0 0 0 0
          0 0 0 0 0 0 0 0 0
          0 0 0 0 0 0 0 0 0
          0 0 0 0 0 0 0 0 0
          0 0 0 0 0 0 0 0 0
          0 0 0 0 0 0 0 0 0
          0 0 0 0 0 0 0 0 0
          0 0 0 0 0 0 0 0 0
          0 0 0 0 0 0 0 0 0
          0 0 0 0 0 0 0 0 0
          0 0 0 0 0 0 0 0 0
          0 0 0 0 0 0 0 0 0
          0 0 0 0 0 0 0 0 0
          0 0 0 0 0 0 0 0 0
          0 0 0 0 0 0 0 0 0
          0 0 0 0 0 0 0 0 0
          0 0 0 0 0 0 0 0 0
          0 0 0 0 0 0 0 0 0
          0 0 0 0 0 0 0 0 0
          0 0 0 0 0 0 0 0 0
          0 0 0 0 0 0 0 0 0
          0 0 0 0 0 0 0 0 0
          0 0 0
        </DataArray>
        <DataArray type="Float32" Name="pressurePaAbs" format="ascii">
          0 0 0 0 0 0 0 0 0
          0 0 0 0 0 0 0 0 0
          0 0 0 0 0 0 0 0 0
          0 0 0 0 0 0 0 0 0
          0 0 0 0 0 0 0 0 0
          0 0 0 0 0 0 0 0 0
          0 0 0 0 0 0 0 0 0
          0 0 0 0 0 0 0 0 0
          0 0 0 0 0 0 0 0 0
          0 0 0 0 0 0 0 0 0
          0 0 0 0 0 0 0 0 0
          0 0 0 0 0 0 0 0 0
          0 0 0 0 0 0 0 0 0
          0 0 0 0 0 0 0 0 0
          0 0 0 0 0 0 0 0 0
          0 0 0 0 0 0 0 0 0
          0 0 0 0 0 0 0 0 0
          0 0 0 0 0 0 0 0 0
          0 0 0 0 0 0 0 0 0
          0 0 0 0 0 0 0 0 0
          0 0 0 0 0 0 0 0 0
          0 0 0 0 0 0 0 0 0
          0 0 0 0 0 0 0 0 0
          0 0 0 0 0 0 0 0 0
          0 0 0 0 0 0 0 0 0
          0 0 0 0 0 0 0 0 0
          0 0 0 0 0 0 0 0 0
          0 0 0 0 0 0 0 0 0
          0 0 0 0 0 0 0 0 0
          0 0 0 0 0 0 0 0 0
          0 0 0 0 0 0 0 0 0
          0 0 0 0 0 0 0 0 0
          0 0 0 0 0 0 0 0 0
          0 0 0 0 0 0 0 0 0
          0 0 0 0 0 0 0 0 0
          0 0 0 0 0 0 0 0 0
          0 0 0 0 0 0 0 0 0
          0 0 0 0 0 0 0 0 0
          0 0 0 0 0 0 0 0 0
          0 0 0 0 0 0 0 0 0
          0 0 0 0 0 0 0 0 0
          0 0 0 0 0 0 0 0 0
          0 0 0 0 0 0 0 0 0
          0 0 0 0 0 0 0 0 0
          0 0 0 0 0 0 0 0 0
          0 0 0 0 0 0 0 0 0
          0 0 0 0 0 0 0 0 0
          0 0 0 0 0 0 0 0 0
          0 0 0 0 0 0 0 0 0
          0 0 0 0 0 0 0 0 0
          0 0 0 0 0 0 0 0 0
          0 0 0 0 0 0 0 0 0
          0 0 0 0 0 0 0 0 0
          0 0 0 0 0 0 0 0 0
          0 0 0 0 0 0 0 0 0
          0 0 0 0 0 0 0 0 0
          0 0 0 0 0 0 0 0 0
          0 0 0 0 0 0 0 0 0
          0 0 0 0 0 0 0 0 0
          0 0 0 0 0 0 0 0 0
          0 0 0 0 0 0 0 0 0
          0 0 0 0 0 0 0 0 0
          0 0 0 0 0 0 0 0 0
          0 0 0 0 0 0 0 0 0
          0 0 0 0 0 0 0 0 0
          0 0 0 0 0 0 0 0 0
          0 0 0 0 0 0 0 0 0
          0 0 0 0 0 0 0 0 0
          0 0 0 0 0 0 0 0 0
          0 0 0 0 0 0 0 0 0
          0 0 0 0 0 0 0 0 0
          0 0 0 0 0 0 0 0 0
          0 0 0 0 0 0 0 0 0
          0 0 0 0 0 0 0 0 0
          0 0 0 0 0 0 0 0 0
          0 0 0 0 0 0 0 0 0
          0 0 0 0 0 0 0 0 0
          0 0 0 0 0 0 0 0 0
          0 0 0 0 0 0 0 0 0
          0 0 0 0 0 0 0 0 0
          0 0 0 0 0 0 0 0 0
          0 0 0 0 0 0 0 0 0
          0 0 0 0 0 0 0 0 0
          0 0 0 0 0 0 0 0 0
          0 0 0 0 0 0 0 0 0
          0 0 0 0 0 0 0 0 0
          0 0 0 0 0 0 0 0 0
          0 0 0 0 0 0 0 0 0
          0 0 0 0 0 0 0 0 0
          0 0 0 0 0 0 0 0 0
          0 0 0 0 0 0 0 0 0
          0 0 0 0 0 0 0 0 0
          0 0 0 0 0 0 0 0 0
          0 0 0 0 0 0 0 0 0
          0 0 0 0 0 0 0 0 0
          0 0 0 0 0 0 0 0 0
          0 0 0 0 0 0 0 0 0
          0 0 0 0 0 0 0 0 0
          0 0 0 0 0 0 0 0 0
          0 0 0 0 0 0 0 0 0
          0 0 0 0 0 0 0 0 0
          0 0 0 0 0 0 0 0 0
          0 0 0 0 0 0 0 0 0
          0 0 0 0 0 0 0 0 0
          0 0 0 0 0 0 0 0 0
          0 0 0 0 0 0 0 0 0
          0 0 0 0 0 0 0 0 0
          0 0 0 0 0 0 0 0 0
          0 0 0 0 0 0 0 0 0
          0 0 0 0 0 0 0 0 0
          0 0 0 0 0 0 0 0 0
          0 0 0 0 0 0 0 0 0
          0 0 0 0 0 0 0 0 0
          0 0 0 0 0 0 0 0 0
          0 0 0 0 0 0 0 0 0
          0 0 0 0 0 0 0 0 0
          0 0 0 0 0 0 0 0 0
          0 0 0 0 0 0 0 0 0
          0 0 0 0 0 0 0 0 0
          0 0 0 0 0 0 0 0 0
          0 0 0 0 0 0 0 0 0
          0 0 0 0 0 0 0 0 0
          0 0 0 0 0 0 0 0 0
          0 0 0 0 0 0 0 0 0
          0 0 0 0 0 0 0 0 0
          0 0 0 0 0 0 0 0 0
          0 0 0 0 0 0 0 0 0
          0 0 0 0 0 0 0 0 0
          0 0 0 0 0 0 0 0 0
          0 0 0 0 0 0 0 0 0
          0 0 0 0 0 0 0 0 0
          0 0 0 0 0 0 0 0 0
          0 0 0 0 0 0 0 0 0
          0 0 0 0 0 0 0 0 0
          0 0 0 0 0 0 0 0 0
          0 0 0 0 0 0 0 0 0
          0 0 0 0 0 0 0 0 0
          0 0 0 0 0 0 0 0 0
          0 0 0 0 0 0 0 0 0
          0 0 0 0 0 0 0 0 0
          0 0 0 0 0 0 0 0 0
          0 0 0 0 0 0 0 0 0
          0 0 0 0 0 0 0 0 0
          0 0 0 0 0 0 0 0 0
          0 0 0 0 0 0 0 0 0
          0 0 0 0 0 0 0 0 0
          0 0 0 0 0 0 0 0 0
          0 0 0 0 0 0 0 0 0
          0 0 0 0 0 0 0 0 0
          0 0 0 0 0 0 0 0 0
          0 0 0 0 0 0 0 0 0
          0 0 0 0 0 0 0 0 0
          0 0 0 0 0 0 0 0 0
          0 0 0 0 0 0 0 0 0
          0 0 0 0 0 0 0 0 0
          0 0 0 0 0 0 0 0 0
          0 0 0 0 0 0 0 0 0
          0 0 0 0 0 0 0 0 0
          0 0 0 0 0 0 0 0 0
          0 0 0 0 0 0 0 0 0
          0 0 0 0 0 0 0 0 0
          0 0 0 0 0 0 0 0 0
          0 0 0 0 0 0 0 0 0
          0 0 0 0 0 0 0 0 0
          0 0 0 0 0 0 0 0 0
          0 0 0 0 0 0 0 0 0
          0 0 0 0 0 0 0 0 0
          0 0 0 0 0 0 0 0 0
          0 0 0 0 0 0 0 0 0
          0 0 0 0 0 0 0 0 0
          0 0 0 0 0 0 0 0 0
          0 0 0 0 0 0 0 0 0
          0 0 0 0 0 0 0 0 0
          0 0 0 0 0 0 0 0 0
          0 0 0 0 0 0 0 0 0
          0 0 0 0 0 0 0 0 0
          0 0 0 0 0 0 0 0 0
          0 0 0 0 0 0 0 0 0
          0 0 0 0 0 0 0 0 0
          0 0 0 0 0 0 0 0 0
          0 0 0 0 0 0 0 0 0
          0 0 0 0 0 0 0 0 0
          0 0 0 0 0 0 0 0 0
          0 0 0 0 0 0 0 0 0
          0 0 0 0 0 0 0 0 0
          0 0 0 0 0 0 0 0 0
          0 0 0 0 0 0 0 0 0
          0 0 0 0 0 0 0 0 0
          0 0 0 0 0 0 0 0 0
          0 0 0 0 0 0 0 0 0
          0 0 0 0 0 0 0 0 0
          0 0 0 0 0 0 0 0 0
          0 0 0 0 0 0 0 0 0
          0 0 0 0 0 0 0 0 0
          0 0 0 0 0 0 0 0 0
          0 0 0
        </DataArray>
        <DataArray type="Float32" Name="pressureVisible01" format="ascii">
          0.5 0.5 0.5 0.5 0.5 0.5 0.5 0.5 0.5
          0.5 0.5 0.5 0.5 0.5 0.5 0.5 0.5 0.5
          0.5 0.5 0.5 0.5 0.5 0.5 0.5 0.5 0.5
          0.5 0.5 0.5 0.5 0.5 0.5 0.5 0.5 0.5
          0.5 0.5 0.5 0.5 0.5 0.5 0.5 0.5 0.5
          0.5 0.5 0.5 0.5 0.5 0.5 0.5 0.5 0.5
          0.5 0.5 0.5 0.5 0.5 0.5 0.5 0.5 0.5
          0.5 0.5 0.5 0.5 0.5 0.5 0.5 0.5 0.5
          0.5 0.5 0.5 0.5 0.5 0.5 0.5 0.5 0.5
          0.5 0.5 0.5 0.5 0.5 0.5 0.5 0.5 0.5
          0.5 0.5 0.5 0.5 0.5 0.5 0.5 0.5 0.5
          0.5 0.5 0.5 0.5 0.5 0.5 0.5 0.5 0.5
          0.5 0.5 0.5 0.5 0.5 0.5 0.5 0.5 0.5
          0.5 0.5 0.5 0.5 0.5 0.5 0.5 0.5 0.5
          0.5 0.5 0.5 0.5 0.5 0.5 0.5 0.5 0.5
          0.5 0.5 0.5 0.5 0.5 0.5 0.5 0.5 0.5
          0.5 0.5 0.5 0.5 0.5 0.5 0.5 0.5 0.5
          0.5 0.5 0.5 0.5 0.5 0.5 0.5 0.5 0.5
          0.5 0.5 0.5 0.5 0.5 0.5 0.5 0.5 0.5
          0.5 0.5 0.5 0.5 0.5 0.5 0.5 0.5 0.5
          0.5 0.5 0.5 0.5 0.5 0.5 0.5 0.5 0.5
          0.5 0.5 0.5 0.5 0.5 0.5 0.5 0.5 0.5
          0.5 0.5 0.5 0.5 0.5 0.5 0.5 0.5 0.5
          0.5 0.5 0.5 0.5 0.5 0.5 0.5 0.5 0.5
          0.5 0.5 0.5 0.5 0.5 0.5 0.5 0.5 0.5
          0.5 0.5 0.5 0.5 0.5 0.5 0.5 0.5 0.5
          0.5 0.5 0.5 0.5 0.5 0.5 0.5 0.5 0.5
          0.5 0.5 0.5 0.5 0.5 0.5 0.5 0.5 0.5
          0.5 0.5 0.5 0.5 0.5 0.5 0.5 0.5 0.5
          0.5 0.5 0.5 0.5 0.5 0.5 0.5 0.5 0.5
          0.5 0.5 0.5 0.5 0.5 0.5 0.5 0.5 0.5
          0.5 0.5 0.5 0.5 0.5 0.5 0.5 0.5 0.5
          0.5 0.5 0.5 0.5 0.5 0.5 0.5 0.5 0.5
          0.5 0.5 0.5 0.5 0.5 0.5 0.5 0.5 0.5
          0.5 0.5 0.5 0.5 0.5 0.5 0.5 0.5 0.5
          0.5 0.5 0.5 0.5 0.5 0.5 0.5 0.5 0.5
          0.5 0.5 0.5 0.5 0.5 0.5 0.5 0.5 0.5
          0.5 0.5 0.5 0.5 0.5 0.5 0.5 0.5 0.5
          0.5 0.5 0.5 0.5 0.5 0.5 0.5 0.5 0.5
          0.5 0.5 0.5 0.5 0.5 0.5 0.5 0.5 0.5
          0.5 0.5 0.5 0.5 0.5 0.5 0.5 0.5 0.5
          0.5 0.5 0.5 0.5 0.5 0.5 0.5 0.5 0.5
          0.5 0.5 0.5 0.5 0.5 0.5 0.5 0.5 0.5
          0.5 0.5 0.5 0.5 0.5 0.5 0.5 0.5 0.5
          0.5 0.5 0.5 0.5 0.5 0.5 0.5 0.5 0.5
          0.5 0.5 0.5 0.5 0.5 0.5 0.5 0.5 0.5
          0.5 0.5 0.5 0.5 0.5 0.5 0.5 0.5 0.5
          0.5 0.5 0.5 0.5 0.5 0.5 0.5 0.5 0.5
          0.5 0.5 0.5 0.5 0.5 0.5 0.5 0.5 0.5
          0.5 0.5 0.5 0.5 0.5 0.5 0.5 0.5 0.5
          0.5 0.5 0.5 0.5 0.5 0.5 0.5 0.5 0.5
          0.5 0.5 0.5 0.5 0.5 0.5 0.5 0.5 0.5
          0.5 0.5 0.5 0.5 0.5 0.5 0.5 0.5 0.5
          0.5 0.5 0.5 0.5 0.5 0.5 0.5 0.5 0.5
          0.5 0.5 0.5 0.5 0.5 0.5 0.5 0.5 0.5
          0.5 0.5 0.5 0.5 0.5 0.5 0.5 0.5 0.5
          0.5 0.5 0.5 0.5 0.5 0.5 0.5 0.5 0.5
          0.5 0.5 0.5 0.5 0.5 0.5 0.5 0.5 0.5
          0.5 0.5 0.5 0.5 0.5 0.5 0.5 0.5 0.5
          0.5 0.5 0.5 0.5 0.5 0.5 0.5 0.5 0.5
          0.5 0.5 0.5 0.5 0.5 0.5 0.5 0.5 0.5
          0.5 0.5 0.5 0.5 0.5 0.5 0.5 0.5 0.5
          0.5 0.5 0.5 0.5 0.5 0.5 0.5 0.5 0.5
          0.5 0.5 0.5 0.5 0.5 0.5 0.5 0.5 0.5
          0.5 0.5 0.5 0.5 0.5 0.5 0.5 0.5 0.5
          0.5 0.5 0.5 0.5 0.5 0.5 0.5 0.5 0.5
          0.5 0.5 0.5 0.5 0.5 0.5 0.5 0.5 0.5
          0.5 0.5 0.5 0.5 0.5 0.5 0.5 0.5 0.5
          0.5 0.5 0.5 0.5 0.5 0.5 0.5 0.5 0.5
          0.5 0.5 0.5 0.5 0.5 0.5 0.5 0.5 0.5
          0.5 0.5 0.5 0.5 0.5 0.5 0.5 0.5 0.5
          0.5 0.5 0.5 0.5 0.5 0.5 0.5 0.5 0.5
          0.5 0.5 0.5 0.5 0.5 0.5 0.5 0.5 0.5
          0.5 0.5 0.5 0.5 0.5 0.5 0.5 0.5 0.5
          0.5 0.5 0.5 0.5 0.5 0.5 0.5 0.5 0.5
          0.5 0.5 0.5 0.5 0.5 0.5 0.5 0.5 0.5
          0.5 0.5 0.5 0.5 0.5 0.5 0.5 0.5 0.5
          0.5 0.5 0.5 0.5 0.5 0.5 0.5 0.5 0.5
          0.5 0.5 0.5 0.5 0.5 0.5 0.5 0.5 0.5
          0.5 0.5 0.5 0.5 0.5 0.5 0.5 0.5 0.5
          0.5 0.5 0.5 0.5 0.5 0.5 0.5 0.5 0.5
          0.5 0.5 0.5 0.5 0.5 0.5 0.5 0.5 0.5
          0.5 0.5 0.5 0.5 0.5 0.5 0.5 0.5 0.5
          0.5 0.5 0.5 0.5 0.5 0.5 0.5 0.5 0.5
          0.5 0.5 0.5 0.5 0.5 0.5 0.5 0.5 0.5
          0.5 0.5 0.5 0.5 0.5 0.5 0.5 0.5 0.5
          0.5 0.5 0.5 0.5 0.5 0.5 0.5 0.5 0.5
          0.5 0.5 0.5 0.5 0.5 0.5 0.5 0.5 0.5
          0.5 0.5 0.5 0.5 0.5 0.5 0.5 0.5 0.5
          0.5 0.5 0.5 0.5 0.5 0.5 0.5 0.5 0.5
          0.5 0.5 0.5 0.5 0.5 0.5 0.5 0.5 0.5
          0.5 0.5 0.5 0.5 0.5 0.5 0.5 0.5 0.5
          0.5 0.5 0.5 0.5 0.5 0.5 0.5 0.5 0.5
          0.5 0.5 0.5 0.5 0.5 0.5 0.5 0.5 0.5
          0.5 0.5 0.5 0.5 0.5 0.5 0.5 0.5 0.5
          0.5 0.5 0.5 0.5 0.5 0.5 0.5 0.5 0.5
          0.5 0.5 0.5 0.5 0.5 0.5 0.5 0.5 0.5
          0.5 0.5 0.5 0.5 0.5 0.5 0.5 0.5 0.5
          0.5 0.5 0.5 0.5 0.5 0.5 0.5 0.5 0.5
          0.5 0.5 0.5 0.5 0.5 0.5 0.5 0.5 0.5
          0.5 0.5 0.5 0.5 0.5 0.5 0.5 0.5 0.5
          0.5 0.5 0.5 0.5 0.5 0.5 0.5 0.5 0.5
          0.5 0.5 0.5 0.5 0.5 0.5 0.5 0.5 0.5
          0.5 0.5 0.5 0.5 0.5 0.5 0.5 0.5 0.5
          0.5 0.5 0.5 0.5 0.5 0.5 0.5 0.5 0.5
          0.5 0.5 0.5 0.5 0.5 0.5 0.5 0.5 0.5
          0.5 0.5 0.5 0.5 0.5 0.5 0.5 0.5 0.5
          0.5 0.5 0.5 0.5 0.5 0.5 0.5 0.5 0.5
          0.5 0.5 0.5 0.5 0.5 0.5 0.5 0.5 0.5
          0.5 0.5 0.5 0.5 0.5 0.5 0.5 0.5 0.5
          0.5 0.5 0.5 0.5 0.5 0.5 0.5 0.5 0.5
          0.5 0.5 0.5 0.5 0.5 0.5 0.5 0.5 0.5
          0.5 0.5 0.5 0.5 0.5 0.5 0.5 0.5 0.5
          0.5 0.5 0.5 0.5 0.5 0.5 0.5 0.5 0.5
          0.5 0.5 0.5 0.5 0.5 0.5 0.5 0.5 0.5
          0.5 0.5 0.5 0.5 0.5 0.5 0.5 0.5 0.5
          0.5 0.5 0.5 0.5 0.5 0.5 0.5 0.5 0.5
          0.5 0.5 0.5 0.5 0.5 0.5 0.5 0.5 0.5
          0.5 0.5 0.5 0.5 0.5 0.5 0.5 0.5 0.5
          0.5 0.5 0.5 0.5 0.5 0.5 0.5 0.5 0.5
          0.5 0.5 0.5 0.5 0.5 0.5 0.5 0.5 0.5
          0.5 0.5 0.5 0.5 0.5 0.5 0.5 0.5 0.5
          0.5 0.5 0.5 0.5 0.5 0.5 0.5 0.5 0.5
          0.5 0.5 0.5 0.5 0.5 0.5 0.5 0.5 0.5
          0.5 0.5 0.5 0.5 0.5 0.5 0.5 0.5 0.5
          0.5 0.5 0.5 0.5 0.5 0.5 0.5 0.5 0.5
          0.5 0.5 0.5 0.5 0.5 0.5 0.5 0.5 0.5
          0.5 0.5 0.5 0.5 0.5 0.5 0.5 0.5 0.5
          0.5 0.5 0.5 0.5 0.5 0.5 0.5 0.5 0.5
          0.5 0.5 0.5 0.5 0.5 0.5 0.5 0.5 0.5
          0.5 0.5 0.5 0.5 0.5 0.5 0.5 0.5 0.5
          0.5 0.5 0.5 0.5 0.5 0.5 0.5 0.5 0.5
          0.5 0.5 0.5 0.5 0.5 0.5 0.5 0.5 0.5
          0.5 0.5 0.5 0.5 0.5 0.5 0.5 0.5 0.5
          0.5 0.5 0.5 0.5 0.5 0.5 0.5 0.5 0.5
          0.5 0.5 0.5 0.5 0.5 0.5 0.5 0.5 0.5
          0.5 0.5 0.5 0.5 0.5 0.5 0.5 0.5 0.5
          0.5 0.5 0.5 0.5 0.5 0.5 0.5 0.5 0.5
          0.5 0.5 0.5 0.5 0.5 0.5 0.5 0.5 0.5
          0.5 0.5 0.5 0.5 0.5 0.5 0.5 0.5 0.5
          0.5 0.5 0.5 0.5 0.5 0.5 0.5 0.5 0.5
          0.5 0.5 0.5 0.5 0.5 0.5 0.5 0.5 0.5
          0.5 0.5 0.5 0.5 0.5 0.5 0.5 0.5 0.5
          0.5 0.5 0.5 0.5 0.5 0.5 0.5 0.5 0.5
          0.5 0.5 0.5 0.5 0.5 0.5 0.5 0.5 0.5
          0.5 0.5 0.5 0.5 0.5 0.5 0.5 0.5 0.5
          0.5 0.5 0.5 0.5 0.5 0.5 0.5 0.5 0.5
          0.5 0.5 0.5 0.5 0.5 0.5 0.5 0.5 0.5
          0.5 0.5 0.5 0.5 0.5 0.5 0.5 0.5 0.5
          0.5 0.5 0.5 0.5 0.5 0.5 0.5 0.5 0.5
          0.5 0.5 0.5 0.5 0.5 0.5 0.5 0.5 0.5
          0.5 0.5 0.5 0.5 0.5 0.5 0.5 0.5 0.5
          0.5 0.5 0.5 0.5 0.5 0.5 0.5 0.5 0.5
          0.5 0.5 0.5 0.5 0.5 0.5 0.5 0.5 0.5
          0.5 0.5 0.5 0.5 0.5 0.5 0.5 0.5 0.5
          0.5 0.5 0.5 0.5 0.5 0.5 0.5 0.5 0.5
          0.5 0.5 0.5 0.5 0.5 0.5 0.5 0.5 0.5
          0.5 0.5 0.5 0.5 0.5 0.5 0.5 0.5 0.5
          0.5 0.5 0.5 0.5 0.5 0.5 0.5 0.5 0.5
          0.5 0.5 0.5 0.5 0.5 0.5 0.5 0.5 0.5
          0.5 0.5 0.5 0.5 0.5 0.5 0.5 0.5 0.5
          0.5 0.5 0.5 0.5 0.5 0.5 0.5 0.5 0.5
          0.5 0.5 0.5 0.5 0.5 0.5 0.5 0.5 0.5
          0.5 0.5 0.5 0.5 0.5 0.5 0.5 0.5 0.5
          0.5 0.5 0.5 0.5 0.5 0.5 0.5 0.5 0.5
          0.5 0.5 0.5 0.5 0.5 0.5 0.5 0.5 0.5
          0.5 0.5 0.5 0.5 0.5 0.5 0.5 0.5 0.5
          0.5 0.5 0.5 0.5 0.5 0.5 0.5 0.5 0.5
          0.5 0.5 0.5 0.5 0.5 0.5 0.5 0.5 0.5
          0.5 0.5 0.5 0.5 0.5 0.5 0.5 0.5 0.5
          0.5 0.5 0.5 0.5 0.5 0.5 0.5 0.5 0.5
          0.5 0.5 0.5 0.5 0.5 0.5 0.5 0.5 0.5
          0.5 0.5 0.5 0.5 0.5 0.5 0.5 0.5 0.5
          0.5 0.5 0.5 0.5 0.5 0.5 0.5 0.5 0.5
          0.5 0.5 0.5 0.5 0.5 0.5 0.5 0.5 0.5
          0.5 0.5 0.5 0.5 0.5 0.5 0.5 0.5 0.5
          0.5 0.5 0.5 0.5 0.5 0.5 0.5 0.5 0.5
          0.5 0.5 0.5 0.5 0.5 0.5 0.5 0.5 0.5
          0.5 0.5 0.5 0.5 0.5 0.5 0.5 0.5 0.5
          0.5 0.5 0.5 0.5 0.5 0.5 0.5 0.5 0.5
          0.5 0.5 0.5 0.5 0.5 0.5 0.5 0.5 0.5
          0.5 0.5 0.5 0.5 0.5 0.5 0.5 0.5 0.5
          0.5 0.5 0.5 0.5 0.5 0.5 0.5 0.5 0.5
          0.5 0.5 0.5 0.5 0.5 0.5 0.5 0.5 0.5
          0.5 0.5 0.5 0.5 0.5 0.5 0.5 0.5 0.5
          0.5 0.5 0.5 0.5 0.5 0.5 0.5 0.5 0.5
          0.5 0.5 0.5 0.5 0.5 0.5 0.5 0.5 0.5
          0.5 0.5 0.5 0.5 0.5 0.5 0.5 0.5 0.5
          0.5 0.5 0.5 0.5 0.5 0.5 0.5 0.5 0.5
          0.5 0.5 0.5 0.5 0.5 0.5 0.5 0.5 0.5
          0.5 0.5 0.5 0.5 0.5 0.5 0.5 0.5 0.5
          0.5 0.5 0.5 0.5 0.5 0.5 0.5 0.5 0.5
          0.5 0.5 0.5 0.5 0.5 0.5 0.5 0.5 0.5
          0.5 0.5 0.5 0.5 0.5 0.5 0.5 0.5 0.5
          0.5 0.5 0.5 0.5 0.5 0.5 0.5 0.5 0.5
          0.5 0.5 0.5
        </DataArray>
        <DataArray type="Float32" Name="U" NumberOfComponents="3" format="ascii">
          0 0 0 0 0 0 0 0 0
          0 0 0 0 0 0 0 0 0
          0 0 0 0 0 0 0 0 0
          0 0 0 0 0 0 0 0 0
          0 0 0 0 0 0 0 0 0
          0 0 0 0 0 0 0 0 0
          0 0 0 0 0 0 0 0 0
          0 0 0 0 0 0 0 0 0
          0 0 0 0 0 0 0 0 0
          0 0 0 0 0 0 0 0 0
          0 0 0 0 0 0 0 0 0
          0 0 0 0 0 0 0 0 0
          0 0 0 0 0 0 0 0 0
          0 0 0 0 0 0 0 0 0
          0 0 0 0 0 0 0 0 0
          0 0 0 0 0 0 0 0 0
          0 0 0 0 0 0 0 0 0
          0 0 0 0 0 0 0 0 0
          0 0 0 0 0 0 0 0 0
          0 0 0 0 0 0 0 0 0
          0 0 0 0 0 0 0 0 0
          0 0 0 0 0 0 0 0 0
          0 0 0 0 0 0 0 0 0
          0 0 0 0 0 0 0 0 0
          0 0 0 0 0 0 0 0 0
          0 0 0 0 0 0 0 0 0
          0 0 0 0 0 0 0 0 0
          0 0 0 0 0 0 0 0 0
          0 0 0 0 0 0 0 0 0
          0 0 0 0 0 0 0 0 0
          0 0 0 0 0 0 0 0 0
          0 0 0 0 0 0 0 0 0
          0 0 0 0 0 0 0 0 0
          0 0 0 0 0 0 0 0 0
          0 0 0 0 0 0 0 0 0
          0 0 0 0 0 0 0 0 0
          0 0 0 0 0 0 0 0 0
          0 0 0 0 0 0 0 0 0
          0 0 0 0 0 0 0 0 0
          0 0 0 0 0 0 0 0 0
          0 0 0 0 0 0 0 0 0
          0 0 0 0 0 0 0 0 0
          0 0 0 0 0 0 0 0 0
          0 0 0 0 0 0 0 0 0
          0 0 0 0 0 0 0 0 0
          0 0 0 0 0 0 0 0 0
          0 0 0 0 0 0 0 0 0
          0 0 0 0 0 0 0 0 0
          0 0 0 0 0 0 0 0 0
          0 0 0 0 0 0 0 0 0
          0 0 0 0 0 0 0 0 0
          0 0 0 0 0 0 0 0 0
          0 0 0 0 0 0 0 0 0
          0 0 0 0 0 0 0 0 0
          0 0 0 0 0 0 0 0 0
          0 0 0 0 0 0 0 0 0
          0 0 0 0 0 0 0 0 0
          0 0 0 0 0 0 0 0 0
          0 0 0 0 0 0 0 0 0
          0 0 0 0 0 0 0 0 0
          0 0 0 0 0 0 0 0 0
          0 0 0 0 0 0 0 0 0
          0 0 0 0 0 0 0 0 0
          0 0 0 0 0 0 0 0 0
          0 0 0 0 0 0 0 0 0
          0 0 0 0 0 0 0 0 0
          0 0 0 0 0 0 0 0 0
          0 0 0 0 0 0 0 0 0
          0 0 0 0 0 0 0 0 0
          0 0 0 0 0 0 0 0 0
          0 0 0 0 0 0 0 0 0
          0 0 0 0 0 0 0 0 0
          0 0 0 0 0 0 0 0 0
          0 0 0 0 0 0 0 0 0
          0 0 0 0 0 0 0 0 0
          0 0 0 0 0 0 0 0 0
          0 0 0 0 0 0 0 0 0
          0 0 0 0 0 0 0 0 0
          0 0 0 0 0 0 0 0 0
          0 0 0 0 0 0 0 0 0
          0 0 0 0 0 0 0 0 0
          0 0 0 0 0 0 0 0 0
          0 0 0 0 0 0 0 0 0
          0 0 0 0 0 0 0 0 0
          0 0 0 0 0 0 0 0 0
          0 0 0 0 0 0 0 0 0
          0 0 0 0 0 0 0 0 0
          0 0 0 0 0 0 0 0 0
          0 0 0 0 0 0 0 0 0
          0 0 0 0 0 0 0 0 0
          0 0 0 0 0 0 0 0 0
          0 0 0 0 0 0 0 0 0
          0 0 0 0 0 0 0 0 0
          0 0 0 0 0 0 0 0 0
          0 0 0 0 0 0 0 0 0
          0 0 0 0 0 0 0 0 0
          0 0 0 0 0 0 0 0 0
          0 0 0 0 0 0 0 0 0
          0 0 0 0 0 0 0 0 0
          0 0 0 0 0 0 0 0 0
          0 0 0 0 0 0 0 0 0
          0 0 0 0 0 0 0 0 0
          0 0 0 0 0 0 0 0 0
          0 0 0 0 0 0 0 0 0
          0 0 0 0 0 0 0 0 0
          0 0 0 0 0 0 0 0 0
          0 0 0 0 0 0 0 0 0
          0 0 0 0 0 0 0 0 0
          0 0 0 0 0 0 0 0 0
          0 0 0 0 0 0 0 0 0
          0 0 0 0 0 0 0 0 0
          0 0 0 0 0 0 0 0 0
          0 0 0 0 0 0 0 0 0
          0 0 0 0 0 0 0 0 0
          0 0 0 0 0 0 0 0 0
          0 0 0 0 0 0 0 0 0
          0 0 0 0 0 0 0 0 0
          0 0 0 0 0 0 0 0 0
          0 0 0 0 0 0 0 0 0
          0 0 0 0 0 0 0 0 0
          0 0 0 0 0 0 0 0 0
          0 0 0 0 0 0 0 0 0
          0 0 0 0 0 0 0 0 0
          0 0 0 0 0 0 0 0 0
          0 0 0 0 0 0 0 0 0
          0 0 0 0 0 0 0 0 0
          0 0 0 0 0 0 0 0 0
          0 0 0 0 0 0 0 0 0
          0 0 0 0 0 0 0 0 0
          0 0 0 0 0 0 0 0 0
          0 0 0 0 0 0 0 0 0
          0 0 0 0 0 0 0 0 0
          0 0 0 0 0 0 0 0 0
          0 0 0 0 0 0 0 0 0
          0 0 0 0 0 0 0 0 0
          0 0 0 0 0 0 0 0 0
          0 0 0 0 0 0 0 0 0
          0 0 0 0 0 0 0 0 0
          0 0 0 0 0 0 0 0 0
          0 0 0 0 0 0 0 0 0
          0 0 0 0 0 0 0 0 0
          0 0 0 0 0 0 0 0 0
          0 0 0 0 0 0 0 0 0
          0 0 0 0 0 0 0 0 0
          0 0 0 0 0 0 0 0 0
          0 0 0 0 0 0 0 0 0
          0 0 0 0 0 0 0 0 0
          0 0 0 0 0 0 0 0 0
          0 0 0 0 0 0 0 0 0
          0 0 0 0 0 0 0 0 0
          0 0 0 0 0 0 0 0 0
          0 0 0 0 0 0 0 0 0
          0 0 0 0 0 0 0 0 0
          0 0 0 0 0 0 0 0 0
          0 0 0 0 0 0 0 0 0
          0 0 0 0 0 0 0 0 0
          0 0 0 0 0 0 0 0 0
          0 0 0 0 0 0 0 0 0
          0 0 0 0 0 0 0 0 0
          0 0 0 0 0 0 0 0 0
          0 0 0 0 0 0 0 0 0
          0 0 0 0 0 0 0 0 0
          0 0 0 0 0 0 0 0 0
          0 0 0 0 0 0 0 0 0
          0 0 0 0 0 0 0 0 0
          0 0 0 0 0 0 0 0 0
          0 0 0 0 0 0 0 0 0
          0 0 0 0 0 0 0 0 0
          0 0 0 0 0 0 0 0 0
          0 0 0 0 0 0 0 0 0
          0 0 0 0 0 0 0 0 0
          0 0 0 0 0 0 0 0 0
          0 0 0 0 0 0 0 0 0
          0 0 0 0 0 0 0 0 0
          0 0 0 0 0 0 0 0 0
          0 0 0 0 0 0 0 0 0
          0 0 0 0 0 0 0 0 0
          0 0 0 0 0 0 0 0 0
          0 0 0 0 0 0 0 0 0
          0 0 0 0 0 0 0 0 0
          0 0 0 0 0 0 0 0 0
          0 0 0 0 0 0 0 0 0
          0 0 0 0 0 0 0 0 0
          0 0 0 0 0 0 0 0 0
          0 0 0 0 0 0 0 0 0
          0 0 0 0 0 0 0 0 0
          0 0 0 0 0 0 0 0 0
          0 0 0 0 0 0 0 0 0
          0 0 0 0 0 0 0 0 0
          0 0 0 0 0 0 0 0 0
          0 0 0 0 0 0 0 0 0
          0 0 0 0 0 0 0 0 0
          0 0 0 0 0 0 0 0 0
          0 0 0 0 0 0 0 0 0
          0 0 0 0 0 0 0 0 0
          0 0 0 0 0 0 0 0 0
          0 0 0 0 0 0 0 0 0
          0 0 0 0 0 0 0 0 0
          0 0 0 0 0 0 0 0 0
          0 0 0 0 0 0 0 0 0
          0 0 0 0 0 0 0 0 0
          0 0 0 0 0 0 0 0 0
          0 0 0 0 0 0 0 0 0
          0 0 0 0 0 0 0 0 0
          0 0 0 0 0 0 0 0 0
          0 0 0 0 0 0 0 0 0
          0 0 0 0 0 0 0 0 0
          0 0 0 0 0 0 0 0 0
          0 0 0 0 0 0 0 0 0
          0 0 0 0 0 0 0 0 0
          0 0 0 0 0 0 0 0 0
          0 0 0 0 0 0 0 0 0
          0 0 0 0 0 0 0 0 0
          0 0 0 0 0 0 0 0 0
          0 0 0 0 0 0 0 0 0
          0 0 0 0 0 0 0 0 0
          0 0 0 0 0 0 0 0 0
          0 0 0 0 0 0 0 0 0
          0 0 0 0 0 0 0 0 0
          0 0 0 0 0 0 0 0 0
          0 0 0 0 0 0 0 0 0
          0 0 0 0 0 0 0 0 0
          0 0 0 0 0 0 0 0 0
          0 0 0 0 0 0 0 0 0
          0 0 0 0 0 0 0 0 0
          0 0 0 0 0 0 0 0 0
          0 0 0 0 0 0 0 0 0
          0 0 0 0 0 0 0 0 0
          0 0 0 0 0 0 0 0 0
          0 0 0 0 0 0 0 0 0
          0 0 0 0 0 0 0 0 0
          0 0 0 0 0 0 0 0 0
          0 0 0 0 0 0 0 0 0
          0 0 0 0 0 0 0 0 0
          0 0 0 0 0 0 0 0 0
          0 0 0 0 0 0 0 0 0
          0 0 0 0 0 0 0 0 0
          0 0 0 0 0 0 0 0 0
          0 0 0 0 0 0 0 0 0
          0 0 0 0 0 0 0 0 0
          0 0 0 0 0 0 0 0 0
          0 0 0 0 0 0 0 0 0
          0 0 0 0 0 0 0 0 0
          0 0 0 0 0 0 0 0 0
          0 0 0 0 0 0 0 0 0
          0 0 0 0 0 0 0 0 0
          0 0 0 0 0 0 0 0 0
          0 0 0 0 0 0 0 0 0
          0 0 0 0 0 0 0 0 0
          0 0 0 0 0 0 0 0 0
          0 0 0 0 0 0 0 0 0
          0 0 0 0 0 0 0 0 0
          0 0 0 0 0 0 0 0 0
          0 0 0 0 0 0 0 0 0
          0 0 0 0 0 0 0 0 0
          0 0 0 0 0 0 0 0 0
          0 0 0 0 0 0 0 0 0
          0 0 0 0 0 0 0 0 0
          0 0 0 0 0 0 0 0 0
          0 0 0 0 0 0 0 0 0
          0 0 0 0 0 0 0 0 0
          0 0 0 0 0 0 0 0 0
          0 0 0 0 0 0 0 0 0
          0 0 0 0 0 0 0 0 0
          0 0 0 0 0 0 0 0 0
          0 0 0 0 0 0 0 0 0
          0 0 0 0 0 0 0 0 0
          0 0 0 0 0 0 0 0 0
          0 0 0 0 0 0 0 0 0
          0 0 0 0 0 0 0 0 0
          0 0 0 0 0 0 0 0 0
          0 0 0 0 0 0 0 0 0
          0 0 0 0 0 0 0 0 0
          0 0 0 0 0 0 0 0 0
          0 0 0 0 0 0 0 0 0
          0 0 0 0 0 0 0 0 0
          0 0 0 0 0 0 0 0 0
          0 0 0 0 0 0 0 0 0
          0 0 0 0 0 0 0 0 0
          0 0 0 0 0 0 0 0 0
          0 0 0 0 0 0 0 0 0
          0 0 0 0 0 0 0 0 0
          0 0 0 0 0 0 0 0 0
          0 0 0 0 0 0 0 0 0
          0 0 0 0 0 0 0 0 0
          0 0 0 0 0 0 0 0 0
          0 0 0 0 0 0 0 0 0
          0 0 0 0 0 0 0 0 0
          0 0 0 0 0 0 0 0 0
          0 0 0 0 0 0 0 0 0
          0 0 0 0 0 0 0 0 0
          0 0 0 0 0 0 0 0 0
          0 0 0 0 0 0 0 0 0
          0 0 0 0 0 0 0 0 0
          0 0 0 0 0 0 0 0 0
          0 0 0 0 0 0 0 0 0
          0 0 0 0 0 0 0 0 0
          0 0 0 0 0 0 0 0 0
          0 0 0 0 0 0 0 0 0
          0 0 0 0 0 0 0 0 0
          0 0 0 0 0 0 0 0 0
          0 0 0 0 0 0 0 0 0
          0 0 0 0 0 0 0 0 0
          0 0 0 0 0 0 0 0 0
          0 0 0 0 0 0 0 0 0
          0 0 0 0 0 0 0 0 0
          0 0 0 0 0 0 0 0 0
          0 0 0 0 0 0 0 0 0
          0 0 0 0 0 0 0 0 0
          0 0 0 0 0 0 0 0 0
          0 0 0 0 0 0 0 0 0
          0 0 0 0 0 0 0 0 0
          0 0 0 0 0 0 0 0 0
          0 0 0 0 0 0 0 0 0
          0 0 0 0 0 0 0 0 0
          0 0 0 0 0 0 0 0 0
          0 0 0 0 0 0 0 0 0
          0 0 0 0 0 0 0 0 0
          0 0 0 0 0 0 0 0 0
          0 0 0 0 0 0 0 0 0
          0 0 0 0 0 0 0 0 0
          0 0 0 0 0 0 0 0 0
          0 0 0 0 0 0 0 0 0
          0 0 0 0 0 0 0 0 0
          0 0 0 0 0 0 0 0 0
          0 0 0 0 0 0 0 0 0
          0 0 0 0 0 0 0 0 0
          0 0 0 0 0 0 0 0 0
          0 0 0 0 0 0 0 0 0
          0 0 0 0 0 0 0 0 0
          0 0 0 0 0 0 0 0 0
          0 0 0 0 0 0 0 0 0
          0 0 0 0 0 0 0 0 0
          0 0 0 0 0 0 0 0 0
          0 0 0 0 0 0 0 0 0
          0 0 0 0 0 0 0 0 0
          0 0 0 0 0 0 0 0 0
          0 0 0 0 0 0 0 0 0
          0 0 0 0 0 0 0 0 0
          0 0 0 0 0 0 0 0 0
          0 0 0 0 0 0 0 0 0
          0 0 0 0 0 0 0 0 0
          0 0 0 0 0 0 0 0 0
          0 0 0 0 0 0 0 0 0
          0 0 0 0 0 0 0 0 0
          0 0 0 0 0 0 0 0 0
          0 0 0 0 0 0 0 0 0
          0 0 0 0 0 0 0 0 0
          0 0 0 0 0 0 0 0 0
          0 0 0 0 0 0 0 0 0
          0 0 0 0 0 0 0 0 0
          0 0 0 0 0 0 0 0 0
          0 0 0 0 0 0 0 0 0
          0 0 0 0 0 0 0 0 0
          0 0 0 0 0 0 0 0 0
          0 0 0 0 0 0 0 0 0
          0 0 0 0 0 0 0 0 0
          0 0 0 0 0 0 0 0 0
          0 0 0 0 0 0 0 0 0
          0 0 0 0 0 0 0 0 0
          0 0 0 0 0 0 0 0 0
          0 0 0 0 0 0 0 0 0
          0 0 0 0 0 0 0 0 0
          0 0 0 0 0 0 0 0 0
          0 0 0 0 0 0 0 0 0
          0 0 0 0 0 0 0 0 0
          0 0 0 0 0 0 0 0 0
          0 0 0 0 0 0 0 0 0
          0 0 0 0 0 0 0 0 0
          0 0 0 0 0 0 0 0 0
          0 0 0 0 0 0 0 0 0
          0 0 0 0 0 0 0 0 0
          0 0 0 0 0 0 0 0 0
          0 0 0 0 0 0 0 0 0
          0 0 0 0 0 0 0 0 0
          0 0 0 0 0 0 0 0 0
          0 0 0 0 0 0 0 0 0
          0 0 0 0 0 0 0 0 0
          0 0 0 0 0 0 0 0 0
          0 0 0 0 0 0 0 0 0
          0 0 0 0 0 0 0 0 0
          0 0 0 0 0 0 0 0 0
          0 0 0 0 0 0 0 0 0
          0 0 0 0 0 0 0 0 0
          0 0 0 0 0 0 0 0 0
          0 0 0 0 0 0 0 0 0
          0 0 0 0 0 0 0 0 0
          0 0 0 0 0 0 0 0 0
          0 0 0 0 0 0 0 0 0
          0 0 0 0 0 0 0 0 0
          0 0 0 0 0 0 0 0 0
          0 0 0 0 0 0 0 0 0
          0 0 0 0 0 0 0 0 0
          0 0 0 0 0 0 0 0 0
          0 0 0 0 0 0 0 0 0
          0 0 0 0 0 0 0 0 0
          0 0 0 0 0 0 0 0 0
          0 0 0 0 0 0 0 0 0
          0 0 0 0 0 0 0 0 0
          0 0 0 0 0 0 0 0 0
          0 0 0 0 0 0 0 0 0
          0 0 0 0 0 0 0 0 0
          0 0 0 0 0 0 0 0 0
          0 0 0 0 0 0 0 0 0
          0 0 0 0 0 0 0 0 0
          0 0 0 0 0 0 0 0 0
          0 0 0 0 0 0 0 0 0
          0 0 0 0 0 0 0 0 0
          0 0 0 0 0 0 0 0 0
          0 0 0 0 0 0 0 0 0
          0 0 0 0 0 0 0 0 0
          0 0 0 0 0 0 0 0 0
          0 0 0 0 0 0 0 0 0
          0 0 0 0 0 0 0 0 0
          0 0 0 0 0 0 0 0 0
          0 0 0 0 0 0 0 0 0
          0 0 0 0 0 0 0 0 0
          0 0 0 0 0 0 0 0 0
          0 0 0 0 0 0 0 0 0
          0 0 0 0 0 0 0 0 0
          0 0 0 0 0 0 0 0 0
          0 0 0 0 0 0 0 0 0
          0 0 0 0 0 0 0 0 0
          0 0 0 0 0 0 0 0 0
          0 0 0 0 0 0 0 0 0
          0 0 0 0 0 0 0 0 0
          0 0 0 0 0 0 0 0 0
          0 0 0 0 0 0 0 0 0
          0 0 0 0 0 0 0 0 0
          0 0 0 0 0 0 0 0 0
          0 0 0 0 0 0 0 0 0
          0 0 0 0 0 0 0 0 0
          0 0 0 0 0 0 0 0 0
          0 0 0 0 0 0 0 0 0
          0 0 0 0 0 0 0 0 0
          0 0 0 0 0 0 0 0 0
          0 0 0 0 0 0 0 0 0
          0 0 0 0 0 0 0 0 0
          0 0 0 0 0 0 0 0 0
          0 0 0 0 0 0 0 0 0
          0 0 0 0 0 0 0 0 0
          0 0 0 0 0 0 0 0 0
          0 0 0 0 0 0 0 0 0
          0 0 0 0 0 0 0 0 0
          0 0 0 0 0 0 0 0 0
          0 0 0 0 0 0 0 0 0
          0 0 0 0 0 0 0 0 0
          0 0 0 0 0 0 0 0 0
          0 0 0 0 0 0 0 0 0
          0 0 0 0 0 0 0 0 0
          0 0 0 0 0 0 0 0 0
          0 0 0 0 0 0 0 0 0
          0 0 0 0 0 0 0 0 0
          0 0 0 0 0 0 0 0 0
          0 0 0 0 0 0 0 0 0
          0 0 0 0 0 0 0 0 0
          0 0 0 0 0 0 0 0 0
          0 0 0 0 0 0 0 0 0
          0 0 0 0 0 0 0 0 0
          0 0 0 0 0 0 0 0 0
          0 0 0 0 0 0 0 0 0
          0 0 0 0 0 0 0 0 0
          0 0 0 0 0 0 0 0 0
          0 0 0 0 0 0 0 0 0
          0 0 0 0 0 0 0 0 0
          0 0 0 0 0 0 0 0 0
          0 0 0 0 0 0 0 0 0
          0 0 0 0 0 0 0 0 0
          0 0 0 0 0 0 0 0 0
          0 0 0 0 0 0 0 0 0
          0 0 0 0 0 0 0 0 0
          0 0 0 0 0 0 0 0 0
          0 0 0 0 0 0 0 0 0
          0 0 0 0 0 0 0 0 0
          0 0 0 0 0 0 0 0 0
          0 0 0 0 0 0 0 0 0
          0 0 0 0 0 0 0 0 0
          0 0 0 0 0 0 0 0 0
          0 0 0 0 0 0 0 0 0
          0 0 0 0 0 0 0 0 0
          0 0 0 0 0 0 0 0 0
          0 0 0 0 0 0 0 0 0
          0 0 0 0 0 0 0 0 0
          0 0 0 0 0 0 0 0 0
          0 0 0 0 0 0 0 0 0
          0 0 0 0 0 0 0 0 0
          0 0 0 0 0 0 0 0 0
          0 0 0 0 0 0 0 0 0
          0 0 0 0 0 0 0 0 0
          0 0 0 0 0 0 0 0 0
          0 0 0 0 0 0 0 0 0
          0 0 0 0 0 0 0 0 0
          0 0 0 0 0 0 0 0 0
          0 0 0 0 0 0 0 0 0
          0 0 0 0 0 0 0 0 0
          0 0 0 0 0 0 0 0 0
          0 0 0 0 0 0 0 0 0
          0 0 0 0 0 0 0 0 0
          0 0 0 0 0 0 0 0 0
          0 0 0 0 0 0 0 0 0
          0 0 0 0 0 0 0 0 0
          0 0 0 0 0 0 0 0 0
          0 0 0 0 0 0 0 0 0
          0 0 0 0 0 0 0 0 0
          0 0 0 0 0 0 0 0 0
          0 0 0 0 0 0 0 0 0
          0 0 0 0 0 0 0 0 0
          0 0 0 0 0 0 0 0 0
          0 0 0 0 0 0 0 0 0
          0 0 0 0 0 0 0 0 0
          0 0 0 0 0 0 0 0 0
          0 0 0 0 0 0 0 0 0
          0 0 0 0 0 0 0 0 0
          0 0 0 0 0 0 0 0 0
          0 0 0 0 0 0 0 0 0
          0 0 0 0 0 0 0 0 0
          0 0 0 0 0 0 0 0 0
          0 0 0 0 0 0 0 0 0
          0 0 0 0 0 0 0 0 0
          0 0 0 0 0 0 0 0 0
          0 0 0 0 0 0 0 0 0
          0 0 0 0 0 0 0 0 0
          0 0 0 0 0 0 0 0 0
          0 0 0 0 0 0 0 0 0
          0 0 0 0 0 0 0 0 0
          0 0 0 0 0 0 0 0 0
          0 0 0 0 0 0 0 0 0
          0 0 0 0 0 0 0 0 0
          0 0 0 0 0 0 0 0 0
          0 0 0 0 0 0 0 0 0
          0 0 0 0 0 0 0 0 0
          0 0 0 0 0 0 0 0 0
          0 0 0 0 0 0 0 0 0
          0 0 0 0 0 0 0 0 0
          0 0 0 0 0 0 0 0 0
          0 0 0 0 0 0 0 0 0
          0 0 0 0 0 0 0 0 0
          0 0 0 0 0 0 0 0 0
          0 0 0 0 0 0 0 0 0
          0 0 0 0 0 0 0 0 0
          0 0 0 0 0 0 0 0 0
          0 0 0 0 0 0 0 0 0
          0 0 0 0 0 0 0 0 0
          0 0 0 0 0 0 0 0 0
          0 0 0 0 0 0 0 0 0
          0 0 0 0 0 0 0 0 0
          0 0 0 0 0 0 0 0 0
          0 0 0 0 0 0 0 0 0
          0 0 0 0 0 0 0 0 0
          0 0 0 0 0 0 0 0 0
          0 0 0 0 0 0 0 0 0
          0 0 0 0 0 0 0 0 0
          0 0 0 0 0 0 0 0 0
          0 0 0 0 0 0 0 0 0
          0 0 0 0 0 0 0 0 0
          0 0 0 0 0 0 0 0 0
          0 0 0 0 0 0 0 0 0
          0 0 0 0 0 0 0 0 0
          0 0 0 0 0 0 0 0 0
          0 0 0 0 0 0 0 0 0
          0 0 0 0 0 0 0 0 0
          0 0 0 0 0 0 0 0 0
          0 0 0 0 0 0 0 0 0
          0 0 0 0 0 0 0 0 0
          0 0 0 0 0 0 0 0 0
          0 0 0 0 0 0 0 0 0
          0 0 0 0 0 0 0 0 0
          0 0 0 0 0 0 0 0 0
          0 0 0 0 0 0 0 0 0
          0 0 0 0 0 0 0 0 0
          0 0 0 0 0 0 0 0 0
          0 0 0 0 0 0 0 0 0
          0 0 0 0 0 0 0 0 0
          0 0 0 0 0 0 0 0 0
          0 0 0 0 0 0 0 0 0
          0 0 0 0 0 0 0 0 0
          0 0 0 0 0 0 0 0 0
          0 0 0 0 0 0 0 0 0
          0 0 0 0 0 0 0 0 0
          0 0 0 0 0 0 0 0 0
          0 0 0 0 0 0 0 0 0
          0 0 0 0 0 0 0 0 0
          0 0 0 0 0 0 0 0 0
          0 0 0 0 0 0 0 0 0
          0 0 0 0 0 0 0 0 0
          0 0 0 0 0 0 0 0 0
        </DataArray>
      </CellData>
      <Points>
        <DataArray type="Float32" NumberOfComponents="3" format="ascii">
          0.191332 0.00933551 -0.0234019 0.191738 -0.0051448 -0.0220457 0.201083 -0.00374981 -0.00846346
          0.191332 0.00933551 -0.0234019 0.201083 -0.00374981 -0.00846346 0.202341 0.00934413 -0.0138803
          0.191323 -0.0187095 0.0045894 0.202341 -0.00915505 0.00463946 0.201083 -0.00374981 -0.00846346
          0.191323 -0.0187095 0.0045894 0.201083 -0.00374981 -0.00846346 0.191737 -0.0173509 -0.00983962
          0.19176 -0.0160455 -0.0207405 0.191737 -0.0173509 -0.00983962 0.201083 -0.00374981 -0.00846346
          0.19176 -0.0160455 -0.0207405 0.201083 -0.00374981 -0.00846346 0.191738 -0.0051448 -0.0220457
          0.19176 -0.0160455 -0.0207405 0.191738 -0.0051448 -0.0220457 0.181005 -0.00533282 -0.0303485
          0.19176 -0.0160455 -0.0207405 0.181005 -0.00533282 -0.0303485 0.180677 -0.0174982 -0.0221928
          0.19176 0.0346655 -0.0207405 0.180636 0.0361612 -0.0222365 0.180984 0.0239911 -0.0303593
          0.19176 0.0346655 -0.0207405 0.180984 0.0239911 -0.0303593 0.191744 0.0237645 -0.0220455
          0.19176 -0.0160455 -0.0207405 0.180677 -0.0174982 -0.0221928 0.181002 -0.0256325 -0.0100269
          0.19176 -0.0160455 -0.0207405 0.181002 -0.0256325 -0.0100269 0.191737 -0.0173509 -0.00983962
          0.19176 -0.0160455 0.0299705 0.191735 -0.0173508 0.0190698 0.180977 -0.0256615 0.0192963
          0.19176 -0.0160455 0.0299705 0.180977 -0.0256615 0.0192963 0.180636 -0.0175266 0.0314519
          0.133119 0.0399097 -0.0259866 0.128798 0.0402514 -0.0113632 0.128771 0.02497 -0.0110291
          0.133119 0.0399097 -0.0259866 0.128771 0.02497 -0.0110291 0.12879 0.0253004 -0.026319
          0.136697 -0.0219675 0.0358874 0.138974 -0.0232704 0.0240062 0.128822 -0.00642307 0.0204323
          0.136697 -0.0219675 0.0358874 0.128822 -0.00642307 0.0204323 0.138964 -0.010074 0.0372548
          0.12845 0.0400946 0.0353184 0.134624 0.0285279 0.0406551 0.129145 0.0253906 0.0202139
          0.12845 0.0400946 0.0353184 0.129145 0.0253906 0.0202139 0.138358 0.0418221 0.0235229
          0.213468 0.00923287 -0.0121882 0.202341 0.00934413 -0.0138803 0.201083 -0.00374981 -0.00846346
          0.213468 0.00923287 -0.0121882 0.201083 -0.00374981 -0.00846346 0.213165 -0.00271206 -0.00735908
          0.21348 -0.00754522 0.00453559 0.213165 -0.00271206 -0.00735908 0.201083 -0.00374981 -0.00846346
          0.21348 -0.00754522 0.00453559 0.201083 -0.00374981 -0.00846346 0.202341 -0.00915505 0.00463946
          0.166091 0.036188 -0.0222626 0.166288 0.0437173 -0.0113948 0.152716 0.0439795 -0.0108423
          0.166091 0.036188 -0.0222626 0.152716 0.0439795 -0.0108423 0.147111 0.0411177 -0.0269054
          0.1384 0.0415569 0.00441671 0.144115 0.0448895 -0.00936583 0.152716 0.0439795 -0.0108423
          0.1384 0.0415569 0.00441671 0.152716 0.0439795 -0.0108423 0.151983 0.0471895 0.00447418
          0.166505 0.0473003 0.0046261 0.151983 0.0471895 0.00447418 0.152716 0.0439795 -0.0108423
          0.166505 0.0473003 0.0046261 0.152716 0.0439795 -0.0108423 0.166288 0.0437173 -0.0113948
          0.165986 -0.0175294 0.031454 0.144693 -0.0221274 0.0362192 0.151849 -0.00694036 0.0389354
          0.165986 -0.0175294 0.031454 0.151849 -0.00694036 0.0389354 0.166195 -0.00676682 0.0390202
          0.138143 0.00940558 0.03394 0.151516 0.00944712 0.0426294 0.151849 -0.00694036 0.0389354
          0.138143 0.00940558 0.03394 0.151849 -0.00694036 0.0389354 0.138964 -0.010074 0.0372548
          0.166419 0.00930548 0.0426361 0.166195 -0.00676682 0.0390202 0.151849 -0.00694036 0.0389354
          0.166419 0.00930548 0.0426361 0.151849 -0.00694036 0.0389354 0.151516 0.00944712 0.0426294
          0.16636 -0.0174751 -0.0222209 0.180677 -0.0174982 -0.0221928 0.181005 -0.00533282 -0.0303485
          0.16636 -0.0174751 -0.0222209 0.181005 -0.00533282 -0.0303485 0.166361 -0.00656826 -0.0297684
          0.191332 0.00933551 -0.0234019 0.181264 0.00931946 -0.0333267 0.181005 -0.00533282 -0.0303485
          0.191332 0.00933551 -0.0234019 0.181005 -0.00533282 -0.0303485 0.191738 -0.0051448 -0.0220457
          0.166463 0.00929992 -0.0332727 0.166361 -0.00656826 -0.0297684 0.181005 -0.00533282 -0.0303485
          0.166463 0.00929992 -0.0332727 0.181005 -0.00533282 -0.0303485 0.181264 0.00931946 -0.0333267
          0.138149 0.00948346 -0.0276042 0.151749 0.00950522 -0.0331577 0.152697 0.0247206 -0.0299668
          0.138149 0.00948346 -0.0276042 0.152697 0.0247206 -0.0299668 0.144089 0.0233583 -0.03112
          0.166091 0.036188 -0.0222626 0.147111 0.0411177 -0.0269054 0.152697 0.0247206 -0.0299668
          0.166091 0.036188 -0.0222626 0.152697 0.0247206 -0.0299668 0.166283 0.0252774 -0.0297145
          0.166463 0.00929992 -0.0332727 0.166283 0.0252774 -0.0297145 0.152697 0.0247206 -0.0299668
          0.166463 0.00929992 -0.0332727 0.152697 0.0247206 -0.0299668 0.151749 0.00950522 -0.0331577
          0.191332 0.00933551 -0.0234019 0.191744 0.0237645 -0.0220455 0.180984 0.0239911 -0.0303593
          0.191332 0.00933551 -0.0234019 0.180984 0.0239911 -0.0303593 0.181264 0.00931946 -0.0333267
          0.166091 0.036188 -0.0222626 0.166283 0.0252774 -0.0297145 0.180984 0.0239911 -0.0303593
          0.166091 0.036188 -0.0222626 0.180984 0.0239911 -0.0303593 0.180636 0.0361612 -0.0222365
          0.166463 0.00929992 -0.0332727 0.181264 0.00931946 -0.0333267 0.180984 0.0239911 -0.0303593
          0.166463 0.00929992 -0.0332727 0.180984 0.0239911 -0.0303593 0.166283 0.0252774 -0.0297145
          0.16636 -0.0174751 -0.0222209 0.166388 -0.0250189 -0.0112907 0.181002 -0.0256325 -0.0100269
          0.16636 -0.0174751 -0.0222209 0.181002 -0.0256325 -0.0100269 0.180677 -0.0174982 -0.0221928
          0.191323 -0.0187095 0.0045894 0.191737 -0.0173509 -0.00983962 0.181002 -0.0256325 -0.0100269
          0.191323 -0.0187095 0.0045894 0.181002 -0.0256325 -0.0100269 0.181255 -0.0285909 0.00462742
          0.166406 -0.0285382 0.00464298 0.181255 -0.0285909 0.00462742 0.181002 -0.0256325 -0.0100269
          0.166406 -0.0285382 0.00464298 0.181002 -0.0256325 -0.0100269 0.166388 -0.0250189 -0.0112907
          0.139765 -0.0180785 0.00471106 0.138974 -0.0232704 0.0240062 0.151863 -0.024931 0.0208662
          0.139765 -0.0180785 0.00471106 0.151863 -0.024931 0.0208662 0.151523 -0.0284183 0.00462598
          0.165986 -0.0175294 0.031454 0.1662 -0.0250359 0.0206747 0.151863 -0.024931 0.0208662
          0.165986 -0.0175294 0.031454 0.151863 -0.024931 0.0208662 0.144693 -0.0221274 0.0362192
          0.166406 -0.0285382 0.00464298 0.151523 -0.0284183 0.00462598 0.151863 -0.024931 0.0208662
          0.166406 -0.0285382 0.00464298 0.151863 -0.024931 0.0208662 0.1662 -0.0250359 0.0206747
          0.191323 -0.0187095 0.0045894 0.181255 -0.0285909 0.00462742 0.180977 -0.0256615 0.0192963
          0.191323 -0.0187095 0.0045894 0.180977 -0.0256615 0.0192963 0.191735 -0.0173508 0.0190698
          0.165986 -0.0175294 0.031454 0.180636 -0.0175266 0.0314519 0.180977 -0.0256615 0.0192963
          0.165986 -0.0175294 0.031454 0.180977 -0.0256615 0.0192963 0.1662 -0.0250359 0.0206747
          0.166406 -0.0285382 0.00464298 0.1662 -0.0250359 0.0206747 0.180977 -0.0256615 0.0192963
          0.166406 -0.0285382 0.00464298 0.180977 -0.0256615 0.0192963 0.181255 -0.0285909 0.00462742
          0.138149 0.00948346 -0.0276042 0.12879 0.0253004 -0.026319 0.128771 0.02497 -0.0110291
          0.138149 0.00948346 -0.0276042 0.128771 0.02497 -0.0110291 0.128767 0.00935333 -0.0112627
          0.1384 0.0415569 0.00441671 0.12883 0.0251545 0.00451819 0.128771 0.02497 -0.0110291
          0.1384 0.0415569 0.00441671 0.128771 0.02497 -0.0110291 0.128798 0.0402514 -0.0113632
          0.128769 0.00937691 0.00462969 0.128767 0.00935333 -0.0112627 0.128771 0.02497 -0.0110291
          0.128769 0.00937691 0.00462969 0.128771 0.02497 -0.0110291 0.12883 0.0251545 0.00451819
          0.139765 -0.0180785 0.00471106 0.128866 -0.00595905 0.00482427 0.128822 -0.00642307 0.0204323
          0.139765 -0.0180785 0.00471106 0.128822 -0.00642307 0.0204323 0.138974 -0.0232704 0.0240062
          0.138143 0.00940558 0.03394 0.138964 -0.010074 0.0372548 0.128822 -0.00642307 0.0204323
          0.138143 0.00940558 0.03394 0.128822 -0.00642307 0.0204323 0.128813 0.00934734 0.0201582
          0.128769 0.00937691 0.00462969 0.128813 0.00934734 0.0201582 0.128822 -0.00642307 0.0204323
          0.128769 0.00937691 0.00462969 0.128822 -0.00642307 0.0204323 0.128866 -0.00595905 0.00482427
          0.1384 0.0415569 0.00441671 0.138358 0.0418221 0.0235229 0.129145 0.0253906 0.0202139
          0.1384 0.0415569 0.00441671 0.129145 0.0253906 0.0202139 0.12883 0.0251545 0.00451819
          0.138143 0.00940558 0.03394 0.128813 0.00934734 0.0201582 0.129145 0.0253906 0.0202139
          0.138143 0.00940558 0.03394 0.129145 0.0253906 0.0202139 0.134624 0.0285279 0.0406551
          0.128769 0.00937691 0.00462969 0.12883 0.0251545 0.00451819 0.129145 0.0253906 0.0202139
          0.128769 0.00937691 0.00462969 0.129145 0.0253906 0.0202139 0.128813 0.00934734 0.0201582
          0.213468 0.00923287 -0.0121882 0.213167 0.02129 -0.00741346 0.201083 0.0224865 -0.00849507
          0.213468 0.00923287 -0.0121882 0.201083 0.0224865 -0.00849507 0.202341 0.00934413 -0.0138803
          0.213459 0.0260736 0.00453971 0.202341 0.0278826 0.00463874 0.201083 0.0224865 -0.00849507
          0.213459 0.0260736 0.00453971 0.201083 0.0224865 -0.00849507 0.213167 0.02129 -0.00741346
          0.21348 -0.00754522 0.00453559 0.202341 -0.00915505 0.00463946 0.201083 -0.00375305 0.0177455
          0.21348 -0.00754522 0.00453559 0.201083 -0.00375305 0.0177455 0.21317 -0.00272754 0.0166033
          0.21346 0.00923445 0.0213848 0.21317 -0.00272754 0.0166033 0.201083 -0.00375305 0.0177455
          0.21346 0.00923445 0.0213848 0.201083 -0.00375305 0.0177455 0.202341 0.00934177 0.0231645
          0.201083 0.0224998 0.0177865 0.202341 0.0278826 0.00463874 0.213459 0.0260736 0.00453971
          0.201083 0.0224998 0.0177865 0.213459 0.0260736 0.00453971 0.213165 0.0212849 0.0166379
          0.201083 0.0224998 0.0177865 0.213165 0.0212849 0.0166379 0.21346 0.00923445 0.0213848
          0.201083 0.0224998 0.0177865 0.21346 0.00923445 0.0213848 0.202341 0.00934177 0.0231645
          0.237692 0.00288342 0.00126927 0.237104 0.00929291 -0.00562054 0.228002 0.00919904 -0.00776909
          0.237692 0.00288342 0.00126927 0.228002 0.00919904 -0.00776909 0.223766 -0.000886763 -0.00558478
          0.237692 0.00288342 0.00126927 0.223766 -0.000886763 -0.00558478 0.228086 -0.00338373 0.00449052
          0.237692 0.00288342 0.00126927 0.228086 -0.00338373 0.00449052 0.237083 -0.000872132 0.00460023
          0.232935 0.0164965 -0.00276005 0.237692 0.00288342 0.00126927 0.237113 0.0195704 0.00459683
          0.232935 0.0164965 -0.00276005 0.237113 0.0195704 0.00459683 0.227841 0.021095 0.0045302
          0.232986 0.00181645 0.0119103 0.227838 0.00922565 0.0163896 0.237108 0.00929242 0.0148614
          0.232986 0.00181645 0.0119103 0.237108 0.00929242 0.0148614 0.237692 0.00288342 0.00126927
          0.136308 -0.0168118 -0.0234111 0.151322 -0.0173081 -0.022418 0.151234 -0.00674865 -0.0296342
          0.136308 -0.0168118 -0.0234111 0.151234 -0.00674865 -0.0296342 0.136141 -0.00967048 -0.0281313
          0.136308 -0.0168118 -0.0234111 0.139523 -0.0231283 -0.0140264 0.151512 -0.0252212 -0.0106121
          0.136308 -0.0168118 -0.0234111 0.151512 -0.0252212 -0.0106121 0.151322 -0.0173081 -0.022418
          0.136308 -0.0168118 -0.0234111 0.136141 -0.00967048 -0.0281313 0.13522 -0.00510626 -0.0105994
          0.136308 -0.0168118 -0.0234111 0.13522 -0.00510626 -0.0105994 0.139523 -0.0231283 -0.0140264
          0.19176 0.0346655 -0.0207405 0.191744 0.0237645 -0.0220455 0.201083 0.0224865 -0.00849507
          0.19176 0.0346655 -0.0207405 0.201083 0.0224865 -0.00849507 0.191742 0.0359706 -0.00983966
          0.19176 0.0346655 -0.0207405 0.191742 0.0359706 -0.00983966 0.180988 0.0443452 -0.0100699
          0.19176 0.0346655 -0.0207405 0.180988 0.0443452 -0.0100699 0.180636 0.0361612 -0.0222365
          0.19176 -0.0160455 0.0299705 0.191736 -0.00514467 0.0312758 0.201083 -0.00375305 0.0177455
          0.19176 -0.0160455 0.0299705 0.201083 -0.00375305 0.0177455 0.191735 -0.0173508 0.0190698
          0.19176 -0.0160455 0.0299705 0.180636 -0.0175266 0.0314519 0.180981 -0.00537454 0.0396469
          0.19176 -0.0160455 0.0299705 0.180981 -0.00537454 0.0396469 0.191736 -0.00514467 0.0312758
          0.141905 0.036506 0.0317651 0.138358 0.0418221 0.0235229 0.15194 0.0435503 0.0208214
          0.141905 0.036506 0.0317651 0.15194 0.0435503 0.0208214 0.152295 0.0362252 0.0314853
          0.141905 0.036506 0.0317651 0.152295 0.0362252 0.0314853 0.152034 0.0258705 0.0388006
          0.141905 0.036506 0.0317651 0.152034 0.0258705 0.0388006 0.134624 0.0285279 0.0406551
          0.19176 0.0346655 0.0299705 0.191742 0.0359707 0.0190695 0.201083 0.0224998 0.0177865
          0.19176 0.0346655 0.0299705 0.201083 0.0224998 0.0177865 0.191741 0.0237647 0.0312755
          0.19176 0.0346655 0.0299705 0.180677 0.0361908 0.0314953 0.181017 0.0443882 0.0192672
          0.19176 0.0346655 0.0299705 0.181017 0.0443882 0.0192672 0.191742 0.0359707 0.0190695
          0.19176 0.0346655 0.0299705 0.191741 0.0237647 0.0312755 0.181014 0.0239619 0.0396888
          0.19176 0.0346655 0.0299705 0.181014 0.0239619 0.0396888 0.180677 0.0361908 0.0314953
          0.16636 -0.0174751 -0.0222209 0.166361 -0.00656826 -0.0297684 0.151234 -0.00674865 -0.0296342
          0.16636 -0.0174751 -0.0222209 0.151234 -0.00674865 -0.0296342 0.151322 -0.0173081 -0.022418
          0.16636 -0.0174751 -0.0222209 0.151322 -0.0173081 -0.022418 0.151512 -0.0252212 -0.0106121
          0.16636 -0.0174751 -0.0222209 0.151512 -0.0252212 -0.0106121 0.166388 -0.0250189 -0.0112907
          0.138149 0.00948346 -0.0276042 0.136141 -0.00967048 -0.0281313 0.151234 -0.00674865 -0.0296342
          0.138149 0.00948346 -0.0276042 0.151234 -0.00674865 -0.0296342 0.151749 0.00950522 -0.0331577
          0.138149 0.00948346 -0.0276042 0.128767 0.00935333 -0.0112627 0.13522 -0.00510626 -0.0105994
          0.138149 0.00948346 -0.0276042 0.13522 -0.00510626 -0.0105994 0.136141 -0.00967048 -0.0281313
          0.139765 -0.0180785 0.00471106 0.151523 -0.0284183 0.00462598 0.151512 -0.0252212 -0.0106121
          0.139765 -0.0180785 0.00471106 0.151512 -0.0252212 -0.0106121 0.139523 -0.0231283 -0.0140264
          0.139765 -0.0180785 0.00471106 0.139523 -0.0231283 -0.0140264 0.13522 -0.00510626 -0.0105994
          0.139765 -0.0180785 0.00471106 0.13522 -0.00510626 -0.0105994 0.128866 -0.00595905 0.00482427
          0.166463 0.00929992 -0.0332727 0.151749 0.00950522 -0.0331577 0.151234 -0.00674865 -0.0296342
          0.166463 0.00929992 -0.0332727 0.151234 -0.00674865 -0.0296342 0.166361 -0.00656826 -0.0297684
          0.166406 -0.0285382 0.00464298 0.166388 -0.0250189 -0.0112907 0.151512 -0.0252212 -0.0106121
          0.166406 -0.0285382 0.00464298 0.151512 -0.0252212 -0.0106121 0.151523 -0.0284183 0.00462598
          0.128769 0.00937691 0.00462969 0.128866 -0.00595905 0.00482427 0.13522 -0.00510626 -0.0105994
          0.128769 0.00937691 0.00462969 0.13522 -0.00510626 -0.0105994 0.128767 0.00935333 -0.0112627
          0.223766 -0.000886763 -0.00558478 0.228002 0.00919904 -0.00776909 0.213468 0.00923287 -0.0121882
          0.223766 -0.000886763 -0.00558478 0.213468 0.00923287 -0.0121882 0.213165 -0.00271206 -0.00735908
          0.21348 -0.00754522 0.00453559 0.228086 -0.00338373 0.00449052 0.223766 -0.000886763 -0.00558478
          0.21348 -0.00754522 0.00453559 0.223766 -0.000886763 -0.00558478 0.213165 -0.00271206 -0.00735908
          0.166091 0.036188 -0.0222626 0.180636 0.0361612 -0.0222365 0.180988 0.0443452 -0.0100699
          0.166091 0.036188 -0.0222626 0.180988 0.0443452 -0.0100699 0.166288 0.0437173 -0.0113948
          0.191321 0.0373302 0.00464062 0.181273 0.0473288 0.00460575 0.180988 0.0443452 -0.0100699
          0.191321 0.0373302 0.00464062 0.180988 0.0443452 -0.0100699 0.191742 0.0359706 -0.00983966
          0.166505 0.0473003 0.0046261 0.166288 0.0437173 -0.0113948 0.180988 0.0443452 -0.0100699
          0.166505 0.0473003 0.0046261 0.180988 0.0443452 -0.0100699 0.181273 0.0473288 0.00460575
          0.165986 -0.0175294 0.031454 0.166195 -0.00676682 0.0390202 0.180981 -0.00537454 0.0396469
          0.165986 -0.0175294 0.031454 0.180981 -0.00537454 0.0396469 0.180636 -0.0175266 0.0314519
          0.191321 0.00928438 0.032635 0.191736 -0.00514467 0.0312758 0.180981 -0.00537454 0.0396469
          0.191321 0.00928438 0.032635 0.180981 -0.00537454 0.0396469 0.181264 0.00929905 0.0426279
          0.166419 0.00930548 0.0426361 0.181264 0.00929905 0.0426279 0.180981 -0.00537454 0.0396469
          0.166419 0.00930548 0.0426361 0.180981 -0.00537454 0.0396469 0.166195 -0.00676682 0.0390202
          0.1384 0.0415569 0.00441671 0.151983 0.0471895 0.00447418 0.15194 0.0435503 0.0208214
          0.1384 0.0415569 0.00441671 0.15194 0.0435503 0.0208214 0.138358 0.0418221 0.0235229
          0.138143 0.00940558 0.03394 0.134624 0.0285279 0.0406551 0.152034 0.0258705 0.0388006
          0.138143 0.00940558 0.03394 0.152034 0.0258705 0.0388006 0.151516 0.00944712 0.0426294
          0.166458 0.0361974 0.0314897 0.152295 0.0362252 0.0314853 0.15194 0.0435503 0.0208214
          0.166458 0.0361974 0.0314897 0.15194 0.0435503 0.0208214 0.166439 0.0438017 0.0205667
          0.166458 0.0361974 0.0314897 0.166438 0.0252974 0.0391046 0.152034 0.0258705 0.0388006
          0.166458 0.0361974 0.0314897 0.152034 0.0258705 0.0388006 0.152295 0.0362252 0.0314853
          0.166505 0.0473003 0.0046261 0.166439 0.0438017 0.0205667 0.15194 0.0435503 0.0208214
          0.166505 0.0473003 0.0046261 0.15194 0.0435503 0.0208214 0.151983 0.0471895 0.00447418
          0.166419 0.00930548 0.0426361 0.151516 0.00944712 0.0426294 0.152034 0.0258705 0.0388006
          0.166419 0.00930548 0.0426361 0.152034 0.0258705 0.0388006 0.166438 0.0252974 0.0391046
          0.191321 0.0373302 0.00464062 0.191742 0.0359707 0.0190695 0.181017 0.0443882 0.0192672
          0.191321 0.0373302 0.00464062 0.181017 0.0443882 0.0192672 0.181273 0.0473288 0.00460575
          0.191321 0.00928438 0.032635 0.181264 0.00929905 0.0426279 0.181014 0.0239619 0.0396888
          0.191321 0.00928438 0.032635 0.181014 0.0239619 0.0396888 0.191741 0.0237647 0.0312755
          0.166458 0.0361974 0.0314897 0.166439 0.0438017 0.0205667 0.181017 0.0443882 0.0192672
          0.166458 0.0361974 0.0314897 0.181017 0.0443882 0.0192672 0.180677 0.0361908 0.0314953
          0.166458 0.0361974 0.0314897 0.180677 0.0361908 0.0314953 0.181014 0.0239619 0.0396888
          0.166458 0.0361974 0.0314897 0.181014 0.0239619 0.0396888 0.166438 0.0252974 0.0391046
          0.166505 0.0473003 0.0046261 0.181273 0.0473288 0.00460575 0.181017 0.0443882 0.0192672
          0.166505 0.0473003 0.0046261 0.181017 0.0443882 0.0192672 0.166439 0.0438017 0.0205667
          0.166419 0.00930548 0.0426361 0.166438 0.0252974 0.0391046 0.181014 0.0239619 0.0396888
          0.166419 0.00930548 0.0426361 0.181014 0.0239619 0.0396888 0.181264 0.00929905 0.0426279
          0.213468 0.00923287 -0.0121882 0.228002 0.00919904 -0.00776909 0.22378 0.0195436 -0.00561863
          0.213468 0.00923287 -0.0121882 0.22378 0.0195436 -0.00561863 0.213167 0.02129 -0.00741346
          0.22378 0.0195436 -0.00561863 0.227841 0.021095 0.0045302 0.213459 0.0260736 0.00453971
          0.22378 0.0195436 -0.00561863 0.213459 0.0260736 0.00453971 0.213167 0.02129 -0.00741346
          0.232935 0.0164965 -0.00276005 0.227841 0.021095 0.0045302 0.22378 0.0195436 -0.00561863
          0.232935 0.0164965 -0.00276005 0.22378 0.0195436 -0.00561863 0.228002 0.00919904 -0.00776909
          0.223774 -0.000908076 0.0148343 0.228086 -0.00338373 0.00449052 0.21348 -0.00754522 0.00453559
          0.223774 -0.000908076 0.0148343 0.21348 -0.00754522 0.00453559 0.21317 -0.00272754 0.0166033
          0.21346 0.00923445 0.0213848 0.227838 0.00922565 0.0163896 0.223774 -0.000908076 0.0148343
          0.21346 0.00923445 0.0213848 0.223774 -0.000908076 0.0148343 0.21317 -0.00272754 0.0166033
          0.232986 0.00181645 0.0119103 0.228086 -0.00338373 0.00449052 0.223774 -0.000908076 0.0148343
          0.232986 0.00181645 0.0119103 0.223774 -0.000908076 0.0148343 0.227838 0.00922565 0.0163896
          0.213459 0.0260736 0.00453971 0.227841 0.021095 0.0045302 0.223785 0.0195564 0.0148626
          0.213459 0.0260736 0.00453971 0.223785 0.0195564 0.0148626 0.213165 0.0212849 0.0166379
          0.223785 0.0195564 0.0148626 0.227838 0.00922565 0.0163896 0.21346 0.00923445 0.0213848
          0.223785 0.0195564 0.0148626 0.21346 0.00923445 0.0213848 0.213165 0.0212849 0.0166379
          0.227838 0.00922565 0.0163896 0.223785 0.0195564 0.0148626 0.227841 0.021095 0.0045302
          0.227838 0.00922565 0.0163896 0.227841 0.021095 0.0045302 0.237113 0.0195704 0.00459683
          0.227838 0.00922565 0.0163896 0.237113 0.0195704 0.00459683 0.237692 0.00288342 0.00126927
          0.227838 0.00922565 0.0163896 0.237692 0.00288342 0.00126927 0.237108 0.00929242 0.0148614
          0.232935 0.0164965 -0.00276005 0.228002 0.00919904 -0.00776909 0.237104 0.00929291 -0.00562054
          0.232935 0.0164965 -0.00276005 0.237104 0.00929291 -0.00562054 0.237692 0.00288342 0.00126927
          0.232986 0.00181645 0.0119103 0.237692 0.00288342 0.00126927 0.237083 -0.000872132 0.00460023
          0.232986 0.00181645 0.0119103 0.237083 -0.000872132 0.00460023 0.228086 -0.00338373 0.00449052
          0.191332 0.00933551 -0.0234019 0.202341 0.00934413 -0.0138803 0.201083 0.0224865 -0.00849507
          0.191332 0.00933551 -0.0234019 0.201083 0.0224865 -0.00849507 0.191744 0.0237645 -0.0220455
          0.191321 0.0373302 0.00464062 0.191742 0.0359706 -0.00983966 0.201083 0.0224865 -0.00849507
          0.191321 0.0373302 0.00464062 0.201083 0.0224865 -0.00849507 0.202341 0.0278826 0.00463874
          0.191323 -0.0187095 0.0045894 0.191735 -0.0173508 0.0190698 0.201083 -0.00375305 0.0177455
          0.191323 -0.0187095 0.0045894 0.201083 -0.00375305 0.0177455 0.202341 -0.00915505 0.00463946
          0.191321 0.00928438 0.032635 0.202341 0.00934177 0.0231645 0.201083 -0.00375305 0.0177455
          0.191321 0.00928438 0.032635 0.201083 -0.00375305 0.0177455 0.191736 -0.00514467 0.0312758
          0.191321 0.0373302 0.00464062 0.202341 0.0278826 0.00463874 0.201083 0.0224998 0.0177865
          0.191321 0.0373302 0.00464062 0.201083 0.0224998 0.0177865 0.191742 0.0359707 0.0190695
          0.191321 0.00928438 0.032635 0.191741 0.0237647 0.0312755 0.201083 0.0224998 0.0177865
          0.191321 0.00928438 0.032635 0.201083 0.0224998 0.0177865 0.202341 0.00934177 0.0231645
          0.138149 0.00948346 -0.0276042 0.13466 0.017813 -0.0419249 0.133637 0.026512 -0.0413079
          0.138149 0.00948346 -0.0276042 0.133637 0.026512 -0.0413079 0.12879 0.0253004 -0.026319
          0.1384 0.0415569 0.00441671 0.128798 0.0402514 -0.0113632 0.135579 0.0551651 -0.0128516
          0.1384 0.0415569 0.00441671 0.135579 0.0551651 -0.0128516 0.135462 0.0561474 -0.00383958
          0.144672 0.0467924 -0.0201241 0.147111 0.0411177 -0.0269054 0.152716 0.0439795 -0.0108423
          0.144672 0.0467924 -0.0201241 0.152716 0.0439795 -0.0108423 0.144115 0.0448895 -0.00936583
          0.141535 -0.0175745 0.0404809 0.138964 -0.010074 0.0372548 0.151849 -0.00694036 0.0389354
          0.141535 -0.0175745 0.0404809 0.151849 -0.00694036 0.0389354 0.144693 -0.0221274 0.0362192
          0.143866 0.0351428 -0.0336748 0.144089 0.0233583 -0.03112 0.152697 0.0247206 -0.0299668
          0.143866 0.0351428 -0.0336748 0.152697 0.0247206 -0.0299668 0.147111 0.0411177 -0.0269054
          0.141905 0.036506 0.0317651 0.132855 0.0429953 0.051659 0.128647 0.0547657 0.0536111
          0.141905 0.036506 0.0317651 0.128647 0.0547657 0.0536111 0.133203 0.0563341 0.0382451
          0.11078 0.133174 -0.0882004 0.111241 0.133912 -0.0731649 0.111635 0.122032 -0.0720246
          0.11078 0.133174 -0.0882004 0.111635 0.122032 -0.0720246 0.11255 0.120425 -0.090603
          0.112597 -0.119684 -0.02362 0.113627 -0.122862 -0.00952037 0.109639 -0.130423 -0.00733608
          0.112597 -0.119684 -0.02362 0.109639 -0.130423 -0.00733608 0.111714 -0.12955 -0.0263155
          0.110658 -0.0819547 0.127986 0.112678 -0.0853332 0.115336 0.11163 -0.0673167 0.117271
          0.110658 -0.0819547 0.127986 0.11163 -0.0673167 0.117271 0.111246 -0.068355 0.129185
          0.11291 -0.0529678 -0.121653 0.112437 -0.0532845 -0.133886 0.111425 -0.0391502 -0.133283
          0.11291 -0.0529678 -0.121653 0.111425 -0.0391502 -0.133283 0.112691 -0.0375346 -0.125972
          0.111287 -0.0537779 -0.139893 0.111711 -0.0414538 -0.144316 0.111425 -0.0391502 -0.133283
          0.111287 -0.0537779 -0.139893 0.111425 -0.0391502 -0.133283 0.112437 -0.0532845 -0.133886
          0.111425 -0.0391502 -0.133283 0.114004 -0.0402818 -0.131254 0.113488 -0.0211008 -0.130321
          0.111425 -0.0391502 -0.133283 0.113488 -0.0211008 -0.130321 0.110845 -0.0219069 -0.129915
          0.113488 -0.0211008 -0.130321 0.114004 -0.0402818 -0.131254 0.116837 -0.0394969 -0.114122
          0.113488 -0.0211008 -0.130321 0.116837 -0.0394969 -0.114122 0.117638 -0.020953 -0.116482
          0.112635 -0.0833527 -0.119078 0.111928 -0.0678595 -0.118937 0.112158 -0.0692706 -0.111508
          0.112635 -0.0833527 -0.119078 0.112158 -0.0692706 -0.111508 0.113631 -0.0825502 -0.1075
          0.113631 -0.0825502 -0.1075 0.112158 -0.0692706 -0.111508 0.115289 -0.0683948 -0.102767
          0.113631 -0.0825502 -0.1075 0.115289 -0.0683948 -0.102767 0.117329 -0.0656557 -0.0910163
          0.113631 -0.0825502 -0.1075 0.117329 -0.0656557 -0.0910163 0.115231 -0.0813882 -0.0860514
          0.110187 0.0248463 -0.13745 0.114622 0.0230899 -0.130272 0.113932 0.0398062 -0.126518
          0.110187 0.0248463 -0.13745 0.113932 0.0398062 -0.126518 0.107884 0.0369594 -0.133714
          0.110187 0.0248463 -0.13745 0.107884 0.0369594 -0.133714 0.106876 0.0340782 -0.143647
          0.110187 0.0248463 -0.13745 0.106876 0.0340782 -0.143647 0.106601 0.025903 -0.140229
          0.113932 0.0398062 -0.126518 0.114622 0.0230899 -0.130272 0.117765 0.0247869 -0.11828
          0.113932 0.0398062 -0.126518 0.117765 0.0247869 -0.11828 0.115804 0.0402127 -0.118026
          0.109364 0.055514 -0.128718 0.107884 0.0369594 -0.133714 0.113932 0.0398062 -0.126518
          0.109364 0.055514 -0.128718 0.113932 0.0398062 -0.126518 0.111593 0.0565701 -0.12935
          0.115043 0.0555044 -0.117982 0.111593 0.0565701 -0.12935 0.113932 0.0398062 -0.126518
          0.115043 0.0555044 -0.117982 0.113932 0.0398062 -0.126518 0.115804 0.0402127 -0.118026
          0.113611 0.0412125 -0.121502 0.112365 0.056248 -0.120079 0.112902 0.0553921 -0.107313
          0.113611 0.0412125 -0.121502 0.112902 0.0553921 -0.107313 0.113319 0.0446123 -0.10941
          0.110602 0.100603 -0.118734 0.112689 0.104019 -0.106155 0.111608 0.0860101 -0.107945
          0.110602 0.100603 -0.118734 0.111608 0.0860101 -0.107945 0.111234 0.0869829 -0.119946
          0.111608 0.0860101 -0.107945 0.112689 0.104019 -0.106155 0.11375 0.107357 -0.0933097
          0.111608 0.0860101 -0.107945 0.11375 0.107357 -0.0933097 0.116978 0.101548 -0.0875034
          0.111608 0.0860101 -0.107945 0.116978 0.101548 -0.0875034 0.117297 0.086221 -0.0870131
          0.112725 -0.11272 -0.0889755 0.1138 -0.102829 -0.0873644 0.112207 -0.106884 -0.0740027
          0.112725 -0.11272 -0.0889755 0.112207 -0.106884 -0.0740027 0.111481 -0.114874 -0.0751396
          0.11355 0.134182 -0.0276712 0.113328 0.123413 -0.0305219 0.112976 0.121195 -0.0414643
          0.11355 0.134182 -0.0276712 0.112976 0.121195 -0.0414643 0.112554 0.133554 -0.0427505
          0.114314 0.137866 -0.0263171 0.114104 0.139994 -0.0439934 0.115051 0.131881 -0.0415985
          0.114314 0.137866 -0.0263171 0.115051 0.131881 -0.0415985 0.115857 0.131848 -0.0263218
          0.10937 0.142195 -0.042212 0.114104 0.139994 -0.0439934 0.114314 0.137866 -0.0263171
          0.10937 0.142195 -0.042212 0.114314 0.137866 -0.0263171 0.108258 0.14463 -0.0264416
          0.129564 0.0702583 0.031348 0.126297 0.06979 0.0378517 0.125436 0.0568888 0.0391919
          0.129564 0.0702583 0.031348 0.125436 0.0568888 0.0391919 0.128115 0.0557189 0.0301963
          0.114314 0.137866 -0.0263171 0.115857 0.131848 -0.0263218 0.117704 0.132031 -0.0108622
          0.114314 0.137866 -0.0263171 0.117704 0.132031 -0.0108622 0.115936 0.139618 -0.0109139
          0.114314 0.137866 -0.0263171 0.115936 0.139618 -0.0109139 0.106287 0.147294 -0.0109063
          0.114314 0.137866 -0.0263171 0.106287 0.147294 -0.0109063 0.108258 0.14463 -0.0264416
          0.109561 -0.124113 0.0514229 0.11455 -0.121318 0.0532658 0.114914 -0.120402 0.0353687
          0.109561 -0.124113 0.0514229 0.114914 -0.120402 0.0353687 0.109191 -0.125939 0.0351412
          0.115624 -0.113109 0.0507886 0.116627 -0.113221 0.0356385 0.114914 -0.120402 0.0353687
          0.115624 -0.113109 0.0507886 0.114914 -0.120402 0.0353687 0.11455 -0.121318 0.0532658
          0.109222 -0.115319 0.0677533 0.109405 -0.114601 0.0516482 0.109825 -0.102828 0.0555783
          0.109222 -0.115319 0.0677533 0.109825 -0.102828 0.0555783 0.110366 -0.106283 0.0675997
          0.110445 -0.114061 0.095895 0.110803 -0.115263 0.0823273 0.111296 -0.1032 0.0813446
          0.110445 -0.114061 0.095895 0.111296 -0.1032 0.0813446 0.112536 -0.101346 0.0992173
          0.111296 -0.1032 0.0813446 0.117139 -0.0822536 0.0814963 0.116882 -0.0828909 0.09672
          0.111296 -0.1032 0.0813446 0.116882 -0.0828909 0.09672 0.113657 -0.0886769 0.102493
          0.111296 -0.1032 0.0813446 0.113657 -0.0886769 0.102493 0.112536 -0.101346 0.0992173
          0.129627 0.0361037 0.0655571 0.127856 0.0346604 0.0510194 0.126335 0.0439952 0.0522772
          0.129627 0.0361037 0.0655571 0.126335 0.0439952 0.0522772 0.126643 0.0425353 0.0650198
          0.112633 0.135893 0.0684798 0.11254 0.13943 0.0509298 0.111199 0.147056 0.0530241
          0.112633 0.135893 0.0684798 0.111199 0.147056 0.0530241 0.112332 0.147317 0.0672732
          0.111209 0.15387 0.0677112 0.112332 0.147317 0.0672732 0.111199 0.147056 0.0530241
          0.111209 0.15387 0.0677112 0.111199 0.147056 0.0530241 0.111573 0.158216 0.0553984
          0.113356 0.144207 0.0350212 0.117555 0.130346 0.0348484 0.1166 0.128052 0.0534298
          0.113356 0.144207 0.0350212 0.1166 0.128052 0.0534298 0.113835 0.145131 0.0542165
          0.113356 0.144207 0.0350212 0.113835 0.145131 0.0542165 0.111199 0.147056 0.0530241
          0.113356 0.144207 0.0350212 0.111199 0.147056 0.0530241 0.110697 0.143919 0.0358661
          0.111131 0.134998 0.0962994 0.114343 0.118487 0.097482 0.11206 0.126195 0.0828078
          0.111131 0.134998 0.0962994 0.11206 0.126195 0.0828078 0.111723 0.134283 0.082478
          0.11206 0.126195 0.0828078 0.114343 0.118487 0.097482 0.113781 0.106124 0.101409
          0.11206 0.126195 0.0828078 0.113781 0.106124 0.101409 0.114759 0.100677 0.0959818
          0.11206 0.126195 0.0828078 0.114759 0.100677 0.0959818 0.117505 0.104155 0.0787138
          0.11163 -0.0673167 0.117271 0.112678 -0.0853332 0.115336 0.113657 -0.0886769 0.102493
          0.11163 -0.0673167 0.117271 0.113657 -0.0886769 0.102493 0.116882 -0.0828909 0.09672
          0.11163 -0.0673167 0.117271 0.116882 -0.0828909 0.09672 0.117302 -0.0674812 0.0963757
          0.11349 -0.0229584 0.129467 0.112491 -0.0380534 0.128858 0.112915 -0.0367654 0.116499
          0.11349 -0.0229584 0.129467 0.112915 -0.0367654 0.116499 0.113247 -0.0258544 0.118652
          0.114822 -0.0369007 0.127166 0.114015 -0.0393454 0.135228 0.114177 -0.0216153 0.132953
          0.114822 -0.0369007 0.127166 0.114177 -0.0216153 0.132953 0.115416 -0.0215961 0.127052
          0.114177 -0.0216153 0.132953 0.114015 -0.0393454 0.135228 0.109306 -0.0375167 0.137584
          0.114177 -0.0216153 0.132953 0.109306 -0.0375167 0.137584 0.108156 -0.0217451 0.140051
          0.114177 -0.0216153 0.132953 0.115846 -0.00620723 0.134747 0.116546 -0.00617618 0.127075
          0.114177 -0.0216153 0.132953 0.116546 -0.00617618 0.127075 0.115416 -0.0215961 0.127052
          0.114177 -0.0216153 0.132953 0.108156 -0.0217451 0.140051 0.106179 -0.00620974 0.142709
          0.114177 -0.0216153 0.132953 0.106179 -0.00620974 0.142709 0.115846 -0.00620723 0.134747
          0.112642 0.0731782 0.131202 0.112549 0.0556251 0.134742 0.11801 0.0546488 0.109538
          0.112642 0.0731782 0.131202 0.11801 0.0546488 0.109538 0.114265 0.0710393 0.111629
          0.112642 0.0731782 0.131202 0.114265 0.0710393 0.111629 0.113014 0.075391 0.116983
          0.111131 0.101009 0.130273 0.111717 0.0871731 0.129587 0.112061 0.0875031 0.1215
          0.111131 0.101009 0.130273 0.112061 0.0875031 0.1215 0.114352 0.102194 0.113764
          0.112642 0.0731782 0.131202 0.112344 0.0719688 0.142621 0.111256 0.0577452 0.142341
          0.112642 0.0731782 0.131202 0.111256 0.0577452 0.142341 0.112549 0.0556251 0.134742
          0.11122 0.0724074 0.14916 0.111573 0.0600985 0.15352 0.111256 0.0577452 0.142341
          0.11122 0.0724074 0.14916 0.111256 0.0577452 0.142341 0.112344 0.0719688 0.142621
          0.113198 0.0396999 0.1395 0.113746 0.0589589 0.140393 0.116391 0.0582127 0.123208
          0.113198 0.0396999 0.1395 0.116391 0.0582127 0.123208 0.11712 0.0394669 0.12545
          0.113198 0.0396999 0.1395 0.110729 0.0405621 0.139196 0.111256 0.0577452 0.142341
          0.113198 0.0396999 0.1395 0.111256 0.0577452 0.142341 0.113746 0.0589589 0.140393
          0.131771 -0.0195487 -0.0833369 0.13224 -0.0224381 -0.0729668 0.134686 -0.00886981 -0.0703311
          0.131771 -0.0195487 -0.0833369 0.134686 -0.00886981 -0.0703311 0.130237 -0.00675744 -0.0839514
          0.12939 0.041142 -0.0858198 0.13151 0.0397647 -0.0720768 0.132994 0.0544988 -0.0722323
          0.12939 0.041142 -0.0858198 0.132994 0.0544988 -0.0722323 0.130488 0.0513343 -0.0804357
          0.133626 -0.0800468 -0.0254494 0.131513 -0.0829732 -0.0106763 0.138007 -0.0691056 -0.0114158
          0.133626 -0.0800468 -0.0254494 0.138007 -0.0691056 -0.0114158 0.134571 -0.0679307 -0.0266103
          0.144672 0.0467924 -0.0201241 0.142596 0.0567032 -0.0274162 0.14477 0.0514621 -0.0310243
          0.144672 0.0467924 -0.0201241 0.14477 0.0514621 -0.0310243 0.147111 0.0411177 -0.0269054
          0.144672 0.0467924 -0.0201241 0.144115 0.0448895 -0.00936583 0.138402 0.0582664 -0.0118222
          0.144672 0.0467924 -0.0201241 0.138402 0.0582664 -0.0118222 0.142596 0.0567032 -0.0274162
          0.129379 -0.0813098 0.0365687 0.130022 -0.0763508 0.055093 0.13217 -0.0678043 0.0501434
          0.129379 -0.0813098 0.0365687 0.13217 -0.0678043 0.0501434 0.130427 -0.0685937 0.0357372
          0.141535 -0.0175745 0.0404809 0.144693 -0.0221274 0.0362192 0.143242 -0.0275844 0.0458306
          0.141535 -0.0175745 0.0404809 0.143242 -0.0275844 0.0458306 0.137516 -0.0231418 0.0495087
          0.141535 -0.0175745 0.0404809 0.137516 -0.0231418 0.0495087 0.136672 -0.0144291 0.0434304
          0.141535 -0.0175745 0.0404809 0.136672 -0.0144291 0.0434304 0.138964 -0.010074 0.0372548
          0.116524 -0.098416 -0.0883189 0.119522 -0.0839823 -0.0862944 0.11639 -0.0835355 -0.103023
          0.116524 -0.098416 -0.0883189 0.11639 -0.0835355 -0.103023 0.113804 -0.0997226 -0.104392
          0.11639 -0.0835355 -0.103023 0.119522 -0.0839823 -0.0862944 0.122697 -0.0689684 -0.0892216
          0.11639 -0.0835355 -0.103023 0.122697 -0.0689684 -0.0892216 0.119071 -0.0679901 -0.102734
          0.131771 -0.0195487 -0.0833369 0.123936 -0.0200208 -0.102547 0.121031 -0.0382183 -0.103027
          0.131771 -0.0195487 -0.0833369 0.121031 -0.0382183 -0.103027 0.126233 -0.0379897 -0.0898247
          0.131771 -0.0195487 -0.0833369 0.126233 -0.0379897 -0.0898247 0.128942 -0.0338733 -0.0850051
          0.131771 -0.0195487 -0.0833369 0.130237 -0.00675744 -0.0839514 0.125095 -0.00802991 -0.103615
          0.131771 -0.0195487 -0.0833369 0.125095 -0.00802991 -0.103615 0.123936 -0.0200208 -0.102547
          0.121722 0.0404434 -0.107005 0.124731 0.0252572 -0.106804 0.131581 0.0255157 -0.0840496
          0.121722 0.0404434 -0.107005 0.131581 0.0255157 -0.0840496 0.12939 0.041142 -0.0858198
          0.121722 0.0404434 -0.107005 0.12939 0.041142 -0.0858198 0.130488 0.0513343 -0.0804357
          0.121722 0.0404434 -0.107005 0.130488 0.0513343 -0.0804357 0.121276 0.0581402 -0.102185
          0.122875 0.0883029 -0.0895007 0.120301 0.102444 -0.0885245 0.120181 0.102344 -0.102944
          0.122875 0.0883029 -0.0895007 0.120181 0.102344 -0.102944 0.119722 0.0879651 -0.102242
          0.120181 0.102344 -0.102944 0.120301 0.102444 -0.0885245 0.120156 0.116931 -0.0884457
          0.120181 0.102344 -0.102944 0.120156 0.116931 -0.0884457 0.116059 0.1166 -0.10255
          0.122645 -0.084947 -0.0744661 0.119522 -0.0839823 -0.0862944 0.116524 -0.098416 -0.0883189
          0.122645 -0.084947 -0.0744661 0.116524 -0.098416 -0.0883189 0.119415 -0.0984882 -0.07258
          0.113177 -0.139225 -0.037408 0.112263 -0.138778 -0.0306584 0.113892 -0.128707 -0.0252537
          0.113177 -0.139225 -0.037408 0.113892 -0.128707 -0.0252537 0.114207 -0.125762 -0.0399291
          0.133626 -0.0800468 -0.0254494 0.130095 -0.0776641 -0.0409398 0.126692 -0.0881805 -0.0427627
          0.133626 -0.0800468 -0.0254494 0.126692 -0.0881805 -0.0427627 0.128012 -0.0897975 -0.0278251
          0.125186 -0.0989429 -0.0251214 0.128012 -0.0897975 -0.0278251 0.126692 -0.0881805 -0.0427627
          0.125186 -0.0989429 -0.0251214 0.126692 -0.0881805 -0.0427627 0.121811 -0.0992399 -0.0425705
          0.122697 -0.0689684 -0.0892216 0.119522 -0.0839823 -0.0862944 0.122645 -0.084947 -0.0744661
          0.122697 -0.0689684 -0.0892216 0.122645 -0.084947 -0.0744661 0.124981 -0.0673738 -0.0729056
          0.133119 0.0399097 -0.0259866 0.12879 0.0253004 -0.026319 0.133637 0.026512 -0.0413079
          0.133119 0.0399097 -0.0259866 0.133637 0.026512 -0.0413079 0.130379 0.0389019 -0.0402185
          0.143866 0.0351428 -0.0336748 0.147111 0.0411177 -0.0269054 0.14465 0.0450157 -0.0374744
          0.143866 0.0351428 -0.0336748 0.14465 0.0450157 -0.0374744 0.14266 0.041564 -0.0427448
          0.122882 0.103423 -0.0743757 0.120301 0.102444 -0.0885245 0.122875 0.0883029 -0.0895007
          0.122882 0.103423 -0.0743757 0.122875 0.0883029 -0.0895007 0.122132 0.0902585 -0.0763333
          0.133119 0.0399097 -0.0259866 0.130379 0.0389019 -0.0402185 0.12488 0.0578746 -0.0438837
          0.133119 0.0399097 -0.0259866 0.12488 0.0578746 -0.0438837 0.130468 0.0541283 -0.0249635
          0.120156 0.116931 -0.0884457 0.120301 0.102444 -0.0885245 0.122882 0.103423 -0.0743757
          0.120156 0.116931 -0.0884457 0.122882 0.103423 -0.0743757 0.119788 0.116176 -0.0740067
          0.128012 -0.0897975 -0.0278251 0.125186 -0.0989429 -0.0251214 0.126818 -0.0994662 -0.0126837
          0.128012 -0.0897975 -0.0278251 0.126818 -0.0994662 -0.0126837 0.130198 -0.094645 -0.00805736
          0.128012 -0.0897975 -0.0278251 0.130198 -0.094645 -0.00805736 0.131513 -0.0829732 -0.0106763
          0.128012 -0.0897975 -0.0278251 0.131513 -0.0829732 -0.0106763 0.133626 -0.0800468 -0.0254494
          0.122145 -0.102338 0.0358217 0.129379 -0.0813098 0.0365687 0.132521 -0.0793957 0.0206431
          0.122145 -0.102338 0.0358217 0.132521 -0.0793957 0.0206431 0.125384 -0.101593 0.0212134
          0.136697 -0.0219675 0.0358874 0.137182 -0.0360875 0.0366168 0.136712 -0.0303019 0.0277226
          0.136697 -0.0219675 0.0358874 0.136712 -0.0303019 0.0277226 0.138974 -0.0232704 0.0240062
          0.143484 -0.0280451 0.0297977 0.144693 -0.0221274 0.0362192 0.151863 -0.024931 0.0208662
          0.143484 -0.0280451 0.0297977 0.151863 -0.024931 0.0208662 0.138974 -0.0232704 0.0240062
          0.143484 -0.0280451 0.0297977 0.137182 -0.0360875 0.0366168 0.143967 -0.0322819 0.0410352
          0.143484 -0.0280451 0.0297977 0.143967 -0.0322819 0.0410352 0.144693 -0.0221274 0.0362192
          0.12845 0.0400946 0.0353184 0.138358 0.0418221 0.0235229 0.135958 0.0557664 0.0277421
          0.12845 0.0400946 0.0353184 0.135958 0.0557664 0.0277421 0.128115 0.0557189 0.0301963
          0.12845 0.0400946 0.0353184 0.128115 0.0557189 0.0301963 0.125436 0.0568888 0.0391919
          0.12845 0.0400946 0.0353184 0.125436 0.0568888 0.0391919 0.126164 0.044787 0.0401188
          0.121762 0.12094 -0.0265139 0.129428 0.099767 -0.0272654 0.131439 0.0978476 -0.0115896
          0.121762 0.12094 -0.0265139 0.131439 0.0978476 -0.0115896 0.124545 0.120786 -0.0113249
          0.122145 -0.102338 0.0358217 0.121623 -0.0973722 0.0533055 0.130022 -0.0763508 0.055093
          0.122145 -0.102338 0.0358217 0.130022 -0.0763508 0.055093 0.129379 -0.0813098 0.0365687
          0.1202 -0.0982549 0.0976536 0.120209 -0.083831 0.0977526 0.122932 -0.0848092 0.083592
          0.1202 -0.0982549 0.0976536 0.122932 -0.0848092 0.083592 0.119751 -0.097534 0.0832625
          0.136697 -0.0219675 0.0358874 0.137516 -0.0231418 0.0495087 0.133343 -0.0324232 0.0516797
          0.136697 -0.0219675 0.0358874 0.133343 -0.0324232 0.0516797 0.137182 -0.0360875 0.0366168
          0.122932 -0.0848092 0.083592 0.120209 -0.083831 0.0977526 0.122905 -0.0696766 0.0987263
          0.122932 -0.0848092 0.083592 0.122905 -0.0696766 0.0987263 0.122162 -0.0716258 0.0855462
          0.12845 0.0400946 0.0353184 0.127856 0.0346604 0.0510194 0.135972 0.0326566 0.0510784
          0.12845 0.0400946 0.0353184 0.135972 0.0326566 0.0510784 0.134624 0.0285279 0.0406551
          0.12845 0.0400946 0.0353184 0.126164 0.044787 0.0401188 0.126335 0.0439952 0.0522772
          0.12845 0.0400946 0.0353184 0.126335 0.0439952 0.0522772 0.127856 0.0346604 0.0510194
          0.122662 0.0870043 0.097726 0.119505 0.100202 0.0975579 0.122656 0.102421 0.082309
          0.122662 0.0870043 0.097726 0.122656 0.102421 0.082309 0.121841 0.0871727 0.0824775
          0.123775 0.116503 0.0340359 0.131662 0.0975243 0.0335635 0.129199 0.0978496 0.0451138
          0.123775 0.116503 0.0340359 0.129199 0.0978496 0.0451138 0.126057 0.102566 0.0513167
          0.123775 0.116503 0.0340359 0.126057 0.102566 0.0513167 0.120627 0.116941 0.0523016
          0.122656 0.102421 0.082309 0.119505 0.100202 0.0975579 0.11652 0.116826 0.0972323
          0.122656 0.102421 0.082309 0.11652 0.116826 0.0972323 0.119037 0.116713 0.0818421
          0.12003 -0.0837268 0.112161 0.120209 -0.083831 0.0977526 0.1202 -0.0982549 0.0976536
          0.12003 -0.0837268 0.112161 0.1202 -0.0982549 0.0976536 0.116017 -0.0978541 0.111779
          0.122905 -0.0696766 0.0987263 0.120209 -0.083831 0.0977526 0.12003 -0.0837268 0.112161
          0.122905 -0.0696766 0.0987263 0.12003 -0.0837268 0.112161 0.119768 -0.0692403 0.111412
          0.121739 -0.0217742 0.116169 0.122923 -0.00616861 0.116104 0.130953 -0.00656577 0.09226
          0.121739 -0.0217742 0.116169 0.130953 -0.00656577 0.09226 0.129283 -0.0225434 0.0951563
          0.125858 0.0559574 0.0978099 0.126137 0.0406515 0.100447 0.123215 0.0383771 0.111298
          0.125858 0.0559574 0.0978099 0.123215 0.0383771 0.111298 0.120338 0.0570357 0.112159
          0.116533 0.101928 0.112131 0.119505 0.100202 0.0975579 0.122662 0.0870043 0.097726
          0.116533 0.101928 0.112131 0.122662 0.0870043 0.097726 0.119029 0.0865594 0.112005
          0.11652 0.116826 0.0972323 0.119505 0.100202 0.0975579 0.116533 0.101928 0.112131
          0.11652 0.116826 0.0972323 0.116533 0.101928 0.112131 0.113945 0.115615 0.11092
          0.107801 -0.112052 -0.11681 0.106466 -0.121594 -0.118171 0.104415 -0.122674 -0.127771
          0.107801 -0.112052 -0.11681 0.104415 -0.122674 -0.127771 0.106406 -0.113425 -0.126341
          0.11291 -0.0529678 -0.121653 0.111928 -0.0678595 -0.118937 0.111368 -0.0672812 -0.132261
          0.11291 -0.0529678 -0.121653 0.111368 -0.0672812 -0.132261 0.112437 -0.0532845 -0.133886
          0.110877 -0.0785374 -0.142884 0.111465 -0.0686616 -0.142172 0.111368 -0.0672812 -0.132261
          0.110877 -0.0785374 -0.142884 0.111368 -0.0672812 -0.132261 0.111155 -0.0818672 -0.131495
          0.111287 -0.0537779 -0.139893 0.112437 -0.0532845 -0.133886 0.111368 -0.0672812 -0.132261
          0.111287 -0.0537779 -0.139893 0.111368 -0.0672812 -0.132261 0.111465 -0.0686616 -0.142172
          0.112635 -0.0833527 -0.119078 0.111155 -0.0818672 -0.131495 0.111368 -0.0672812 -0.132261
          0.112635 -0.0833527 -0.119078 0.111368 -0.0672812 -0.132261 0.111928 -0.0678595 -0.118937
          0.11123 0.00999068 -0.12508 0.112646 -0.00580029 -0.125008 0.111935 -0.00556753 -0.12846
          0.11123 0.00999068 -0.12508 0.111935 -0.00556753 -0.12846 0.1065 0.0126351 -0.135817
          0.111855 -0.0218857 -0.124276 0.110845 -0.0219069 -0.129915 0.111935 -0.00556753 -0.12846
          0.111855 -0.0218857 -0.124276 0.111935 -0.00556753 -0.12846 0.112646 -0.00580029 -0.125008
          0.110264 0.0722435 -0.120024 0.112365 0.056248 -0.120079 0.109364 0.055514 -0.128718
          0.110264 0.0722435 -0.120024 0.109364 0.055514 -0.128718 0.109045 0.0748706 -0.13187
          0.113611 0.0412125 -0.121502 0.107884 0.0369594 -0.133714 0.109364 0.055514 -0.128718
          0.113611 0.0412125 -0.121502 0.109364 0.055514 -0.128718 0.112365 0.056248 -0.120079
          0.110602 0.100603 -0.118734 0.108585 0.0989071 -0.131519 0.10761 0.111476 -0.1289
          0.110602 0.100603 -0.118734 0.10761 0.111476 -0.1289 0.108343 0.115011 -0.119732
          0.112391 -0.116783 -0.0620882 0.111744 -0.121244 -0.0644551 0.111321 -0.123095 -0.0742889
          0.112391 -0.116783 -0.0620882 0.111321 -0.123095 -0.0742889 0.111481 -0.114874 -0.0751396
          0.112725 -0.11272 -0.0889755 0.111481 -0.114874 -0.0751396 0.111321 -0.123095 -0.0742889
          0.112725 -0.11272 -0.0889755 0.111321 -0.123095 -0.0742889 0.110992 -0.122343 -0.0896063
          0.131187 0.00954686 -0.0885432 0.130237 -0.00675744 -0.0839514 0.134686 -0.00886981 -0.0703311
          0.131187 0.00954686 -0.0885432 0.134686 -0.00886981 -0.0703311 0.134962 0.0125305 -0.0699561
          0.136246 -0.0178659 -0.0609214 0.135737 -0.0117609 -0.0632906 0.134686 -0.00886981 -0.0703311
          0.136246 -0.0178659 -0.0609214 0.134686 -0.00886981 -0.0703311 0.13224 -0.0224381 -0.0729668
          0.129823 0.0667377 -0.0823999 0.130488 0.0513343 -0.0804357 0.132994 0.0544988 -0.0722323
          0.129823 0.0667377 -0.0823999 0.132994 0.0544988 -0.0722323 0.134574 0.0687722 -0.0730468
          0.138475 0.0374062 -0.0574592 0.140098 0.0547438 -0.0578211 0.132994 0.0544988 -0.0722323
          0.138475 0.0374062 -0.0574592 0.132994 0.0544988 -0.0722323 0.13151 0.0397647 -0.0720768
          0.133904 0.0679474 -0.0540223 0.134574 0.0687722 -0.0730468 0.132994 0.0544988 -0.0722323
          0.133904 0.0679474 -0.0540223 0.132994 0.0544988 -0.0722323 0.140098 0.0547438 -0.0578211
          0.133904 0.0679474 -0.0540223 0.140098 0.0547438 -0.0578211 0.145412 0.0591124 -0.0526326
          0.133904 0.0679474 -0.0540223 0.145412 0.0591124 -0.0526326 0.146705 0.0675401 -0.053615
          0.110313 0.133923 -0.0583357 0.111614 0.123743 -0.0600521 0.111635 0.122032 -0.0720246
          0.110313 0.133923 -0.0583357 0.111635 0.122032 -0.0720246 0.111241 0.133912 -0.0731649
          0.112793 -0.118709 0.00414537 0.107439 -0.129236 0.00462999 0.109639 -0.130423 -0.00733608
          0.112793 -0.118709 0.00414537 0.109639 -0.130423 -0.00733608 0.113627 -0.122862 -0.00952037
          0.108152 -0.137562 0.00419543 0.109045 -0.135871 -0.0032532 0.109639 -0.130423 -0.00733608
          0.108152 -0.137562 0.00419543 0.109639 -0.130423 -0.00733608 0.107439 -0.129236 0.00462999
          0.137569 -0.0540193 -0.0271921 0.134571 -0.0679307 -0.0266103 0.138007 -0.0691056 -0.0114158
          0.137569 -0.0540193 -0.0271921 0.138007 -0.0691056 -0.0114158 0.134901 -0.0558214 -0.0134433
          0.133058 -0.083702 0.00483145 0.134857 -0.0699727 0.004273 0.138007 -0.0691056 -0.0114158
          0.133058 -0.083702 0.00483145 0.138007 -0.0691056 -0.0114158 0.131513 -0.0829732 -0.0106763
          0.135089 -0.0601337 0.00389455 0.134901 -0.0558214 -0.0134433 0.138007 -0.0691056 -0.0114158
          0.135089 -0.0601337 0.00389455 0.138007 -0.0691056 -0.0114158 0.134857 -0.0699727 0.004273
          0.138824 0.0708061 -0.0228728 0.142596 0.0567032 -0.0274162 0.138402 0.0582664 -0.0118222
          0.138824 0.0708061 -0.0228728 0.138402 0.0582664 -0.0118222 0.138369 0.0719954 -0.0124495
          0.1384 0.0415569 0.00441671 0.135462 0.0561474 -0.00383958 0.138402 0.0582664 -0.0118222
          0.1384 0.0415569 0.00441671 0.138402 0.0582664 -0.0118222 0.144115 0.0448895 -0.00936583
          0.136109 0.0712097 -0.00475345 0.138369 0.0719954 -0.0124495 0.138402 0.0582664 -0.0118222
          0.136109 0.0712097 -0.00475345 0.138402 0.0582664 -0.0118222 0.135462 0.0561474 -0.00383958
          0.109222 -0.115319 0.0677533 0.108953 -0.127095 0.0701703 0.109561 -0.124113 0.0514229
          0.109222 -0.115319 0.0677533 0.109561 -0.124113 0.0514229 0.109405 -0.114601 0.0516482
          0.111444 -0.119149 0.0348298 0.109405 -0.114601 0.0516482 0.109561 -0.124113 0.0514229
          0.111444 -0.119149 0.0348298 0.109561 -0.124113 0.0514229 0.109191 -0.125939 0.0351412
          0.132344 -0.0546976 0.0371862 0.130427 -0.0685937 0.0357372 0.13217 -0.0678043 0.0501434
          0.132344 -0.0546976 0.0371862 0.13217 -0.0678043 0.0501434 0.138649 -0.0531428 0.0506373
          0.129759 -0.0774935 0.0616681 0.13404 -0.0682924 0.0636794 0.13217 -0.0678043 0.0501434
          0.129759 -0.0774935 0.0616681 0.13217 -0.0678043 0.0501434 0.130022 -0.0763508 0.055093
          0.133858 -0.0541238 0.0620585 0.138649 -0.0531428 0.0506373 0.13217 -0.0678043 0.0501434
          0.133858 -0.0541238 0.0620585 0.13217 -0.0678043 0.0501434 0.13404 -0.0682924 0.0636794
          0.133858 -0.0541238 0.0620585 0.146453 -0.0488605 0.0627854 0.144854 -0.0474479 0.0548068
          0.133858 -0.0541238 0.0620585 0.144854 -0.0474479 0.0548068 0.138649 -0.0531428 0.0506373
          0.134302 0.0714058 0.036933 0.133203 0.0563341 0.0382451 0.128647 0.0547657 0.0536111
          0.134302 0.0714058 0.036933 0.128647 0.0547657 0.0536111 0.129894 0.0715661 0.044309
          0.134149 0.0416485 0.0667161 0.129874 0.0489839 0.0668689 0.128647 0.0547657 0.0536111
          0.134149 0.0416485 0.0667161 0.128647 0.0547657 0.0536111 0.132855 0.0429953 0.051659
          0.110445 -0.114061 0.095895 0.108212 -0.11512 0.11016 0.107482 -0.124273 0.106675
          0.110445 -0.114061 0.095895 0.107482 -0.124273 0.106675 0.108372 -0.126839 0.0941766
          0.110256 -0.0536469 0.129232 0.111246 -0.068355 0.129185 0.11163 -0.0673167 0.117271
          0.110256 -0.0536469 0.129232 0.11163 -0.0673167 0.117271 0.111576 -0.055308 0.119011
          0.107419 0.130864 0.126169 0.110438 0.117578 0.12614 0.109599 0.118712 0.113987
          0.107419 0.130864 0.126169 0.109599 0.118712 0.113987 0.110427 0.130836 0.112883
          0.113781 0.106124 0.101409 0.114343 0.118487 0.097482 0.109599 0.118712 0.113987
          0.113781 0.106124 0.101409 0.109599 0.118712 0.113987 0.114352 0.102194 0.113764
          0.111131 0.134998 0.0962994 0.110427 0.130836 0.112883 0.109599 0.118712 0.113987
          0.111131 0.134998 0.0962994 0.109599 0.118712 0.113987 0.114343 0.118487 0.097482
          0.111131 0.101009 0.130273 0.114352 0.102194 0.113764 0.109599 0.118712 0.113987
          0.111131 0.101009 0.130273 0.109599 0.118712 0.113987 0.110438 0.117578 0.12614
          0.107801 -0.112052 -0.11681 0.106406 -0.113425 -0.126341 0.109972 -0.100016 -0.127096
          0.107801 -0.112052 -0.11681 0.109972 -0.100016 -0.127096 0.110463 -0.0987767 -0.117023
          0.112635 -0.0833527 -0.119078 0.110463 -0.0987767 -0.117023 0.109972 -0.100016 -0.127096
          0.112635 -0.0833527 -0.119078 0.109972 -0.100016 -0.127096 0.111155 -0.0818672 -0.131495
          0.112099 -0.0853234 -0.124185 0.112208 -0.100522 -0.120145 0.11373 -0.0952817 -0.11539
          0.112099 -0.0853234 -0.124185 0.11373 -0.0952817 -0.11539 0.114442 -0.0835313 -0.115746
          0.107801 -0.112052 -0.11681 0.110405 -0.111748 -0.103937 0.109906 -0.121753 -0.105231
          0.107801 -0.112052 -0.11681 0.109906 -0.121753 -0.105231 0.106466 -0.121594 -0.118171
          0.112725 -0.11272 -0.0889755 0.110992 -0.122343 -0.0896063 0.109906 -0.121753 -0.105231
          0.112725 -0.11272 -0.0889755 0.109906 -0.121753 -0.105231 0.110405 -0.111748 -0.103937
          0.114694 -0.111211 -0.087973 0.113816 -0.110805 -0.100093 0.112243 -0.115112 -0.105467
          0.114694 -0.111211 -0.087973 0.112243 -0.115112 -0.105467 0.109906 -0.121753 -0.105231
          0.114694 -0.111211 -0.087973 0.109906 -0.121753 -0.105231 0.110992 -0.122343 -0.0896063
          0.107801 -0.112052 -0.11681 0.110463 -0.0987767 -0.117023 0.110081 -0.0994135 -0.103845
          0.107801 -0.112052 -0.11681 0.110081 -0.0994135 -0.103845 0.110405 -0.111748 -0.103937
          0.112635 -0.0833527 -0.119078 0.113631 -0.0825502 -0.1075 0.110081 -0.0994135 -0.103845
          0.112635 -0.0833527 -0.119078 0.110081 -0.0994135 -0.103845 0.110463 -0.0987767 -0.117023
          0.112725 -0.11272 -0.0889755 0.110405 -0.111748 -0.103937 0.110081 -0.0994135 -0.103845
          0.112725 -0.11272 -0.0889755 0.110081 -0.0994135 -0.103845 0.1138 -0.102829 -0.0873644
          0.11373 -0.0952817 -0.11539 0.112208 -0.100522 -0.120145 0.109754 -0.114114 -0.118887
          0.11373 -0.0952817 -0.11539 0.109754 -0.114114 -0.118887 0.112243 -0.115112 -0.105467
          0.11373 -0.0952817 -0.11539 0.112243 -0.115112 -0.105467 0.113816 -0.110805 -0.100093
          0.11373 -0.0952817 -0.11539 0.113816 -0.110805 -0.100093 0.113804 -0.0997226 -0.104392
          0.11373 -0.0952817 -0.11539 0.113804 -0.0997226 -0.104392 0.11639 -0.0835355 -0.103023
          0.11373 -0.0952817 -0.11539 0.11639 -0.0835355 -0.103023 0.114442 -0.0835313 -0.115746
          0.116524 -0.098416 -0.0883189 0.113804 -0.0997226 -0.104392 0.113816 -0.110805 -0.100093
          0.116524 -0.098416 -0.0883189 0.113816 -0.110805 -0.100093 0.114694 -0.111211 -0.087973
          0.114183 -0.062319 -0.142012 0.111465 -0.0686616 -0.142172 0.110877 -0.0785374 -0.142884
          0.114183 -0.062319 -0.142012 0.110877 -0.0785374 -0.142884 0.111155 -0.0818672 -0.131495
          0.114183 -0.062319 -0.142012 0.111155 -0.0818672 -0.131495 0.113784 -0.0649915 -0.134414
          0.113572 -0.0523458 -0.133167 0.113507 -0.0530575 -0.140768 0.114183 -0.062319 -0.142012
          0.113572 -0.0523458 -0.133167 0.114183 -0.062319 -0.142012 0.113784 -0.0649915 -0.134414
          0.112099 -0.0853234 -0.124185 0.114442 -0.0835313 -0.115746 0.114039 -0.0699229 -0.118728
          0.112099 -0.0853234 -0.124185 0.114039 -0.0699229 -0.118728 0.113784 -0.0649915 -0.134414
          0.112099 -0.0853234 -0.124185 0.113784 -0.0649915 -0.134414 0.111155 -0.0818672 -0.131495
          0.111855 -0.0218857 -0.124276 0.112691 -0.0375346 -0.125972 0.111425 -0.0391502 -0.133283
          0.111855 -0.0218857 -0.124276 0.111425 -0.0391502 -0.133283 0.110845 -0.0219069 -0.129915
          0.11392 -0.0425157 -0.144315 0.113507 -0.0530575 -0.140768 0.113572 -0.0523458 -0.133167
          0.11392 -0.0425157 -0.144315 0.113572 -0.0523458 -0.133167 0.114004 -0.0402818 -0.131254
          0.11392 -0.0425157 -0.144315 0.114004 -0.0402818 -0.131254 0.111425 -0.0391502 -0.133283
          0.11392 -0.0425157 -0.144315 0.111425 -0.0391502 -0.133283 0.111711 -0.0414538 -0.144316
          0.114593 -0.0518485 -0.101082 0.115289 -0.0683948 -0.102767 0.112158 -0.0692706 -0.111508
          0.114593 -0.0518485 -0.101082 0.112158 -0.0692706 -0.111508 0.111928 -0.0678595 -0.118937
          0.114593 -0.0518485 -0.101082 0.111928 -0.0678595 -0.118937 0.11291 -0.0529678 -0.121653
          0.11639 -0.0835355 -0.103023 0.119071 -0.0679901 -0.102734 0.114039 -0.0699229 -0.118728
          0.11639 -0.0835355 -0.103023 0.114039 -0.0699229 -0.118728 0.114442 -0.0835313 -0.115746
          0.122697 -0.0689684 -0.0892216 0.125991 -0.0541806 -0.0894753 0.120083 -0.0512982 -0.10383
          0.122697 -0.0689684 -0.0892216 0.120083 -0.0512982 -0.10383 0.119071 -0.0679901 -0.102734
          0.116837 -0.0394969 -0.114122 0.121031 -0.0382183 -0.103027 0.123936 -0.0200208 -0.102547
          0.116837 -0.0394969 -0.114122 0.123936 -0.0200208 -0.102547 0.117638 -0.020953 -0.116482
          0.126233 -0.0379897 -0.0898247 0.121031 -0.0382183 -0.103027 0.120083 -0.0512982 -0.10383
          0.126233 -0.0379897 -0.0898247 0.120083 -0.0512982 -0.10383 0.125991 -0.0541806 -0.0894753
          0.111935 -0.00556753 -0.12846 0.110845 -0.0219069 -0.129915 0.113488 -0.0211008 -0.130321
          0.111935 -0.00556753 -0.12846 0.113488 -0.0211008 -0.130321 0.11432 -0.00656313 -0.129832
          0.117513 -0.00620775 -0.118091 0.11432 -0.00656313 -0.129832 0.113488 -0.0211008 -0.130321
          0.117513 -0.00620775 -0.118091 0.113488 -0.0211008 -0.130321 0.117638 -0.020953 -0.116482
          0.11123 0.00999068 -0.12508 0.1065 0.0126351 -0.135817 0.105957 0.0248561 -0.133687
          0.11123 0.00999068 -0.12508 0.105957 0.0248561 -0.133687 0.111463 0.0243373 -0.125675
          0.106876 0.0340782 -0.143647 0.107884 0.0369594 -0.133714 0.105957 0.0248561 -0.133687
          0.106876 0.0340782 -0.143647 0.105957 0.0248561 -0.133687 0.106601 0.025903 -0.140229
          0.10803 0.0151216 -0.143588 0.106601 0.025903 -0.140229 0.105957 0.0248561 -0.133687
          0.10803 0.0151216 -0.143588 0.105957 0.0248561 -0.133687 0.1065 0.0126351 -0.135817
          0.113611 0.0412125 -0.121502 0.111463 0.0243373 -0.125675 0.105957 0.0248561 -0.133687
          0.113611 0.0412125 -0.121502 0.105957 0.0248561 -0.133687 0.107884 0.0369594 -0.133714
          0.123936 -0.0200208 -0.102547 0.125095 -0.00802991 -0.103615 0.117513 -0.00620775 -0.118091
          0.123936 -0.0200208 -0.102547 0.117513 -0.00620775 -0.118091 0.117638 -0.020953 -0.116482
          0.130237 -0.00675744 -0.0839514 0.131187 0.00954686 -0.0885432 0.128705 0.0105801 -0.0990513
          0.130237 -0.00675744 -0.0839514 0.128705 0.0105801 -0.0990513 0.126112 0.00930119 -0.103777
          0.130237 -0.00675744 -0.0839514 0.126112 0.00930119 -0.103777 0.125095 -0.00802991 -0.103615
          0.117619 0.0236383 -0.100602 0.118285 0.00739946 -0.102533 0.11123 0.00999068 -0.12508
          0.117619 0.0236383 -0.100602 0.11123 0.00999068 -0.12508 0.111463 0.0243373 -0.125675
          0.117765 0.0247869 -0.11828 0.124731 0.0252572 -0.106804 0.121722 0.0404434 -0.107005
          0.117765 0.0247869 -0.11828 0.121722 0.0404434 -0.107005 0.115804 0.0402127 -0.118026
          0.124731 0.0252572 -0.106804 0.126112 0.00930119 -0.103777 0.128705 0.0105801 -0.0990513
          0.124731 0.0252572 -0.106804 0.128705 0.0105801 -0.0990513 0.131187 0.00954686 -0.0885432
          0.124731 0.0252572 -0.106804 0.131187 0.00954686 -0.0885432 0.131581 0.0255157 -0.0840496
          0.110264 0.0722435 -0.120024 0.109045 0.0748706 -0.13187 0.108261 0.0869307 -0.131533
          0.110264 0.0722435 -0.120024 0.108261 0.0869307 -0.131533 0.111234 0.0869829 -0.119946
          0.10734 0.0952711 -0.141494 0.108585 0.0989071 -0.131519 0.108261 0.0869307 -0.131533
          0.10734 0.0952711 -0.141494 0.108261 0.0869307 -0.131533 0.108358 0.08737 -0.140775
          0.107601 0.0782096 -0.141656 0.108358 0.08737 -0.140775 0.108261 0.0869307 -0.131533
          0.107601 0.0782096 -0.141656 0.108261 0.0869307 -0.131533 0.109045 0.0748706 -0.13187
          0.110602 0.100603 -0.118734 0.111234 0.0869829 -0.119946 0.108261 0.0869307 -0.131533
          0.110602 0.100603 -0.118734 0.108261 0.0869307 -0.131533 0.108585 0.0989071 -0.131519
          0.114659 0.072064 -0.118443 0.115187 0.0889937 -0.11451 0.108428 0.0874524 -0.134336
          0.114659 0.072064 -0.118443 0.108428 0.0874524 -0.134336 0.109045 0.0748706 -0.13187
          0.114659 0.072064 -0.118443 0.109045 0.0748706 -0.13187 0.111463 0.0661624 -0.129589
          0.115187 0.0889937 -0.11451 0.11581 0.0994538 -0.112999 0.108585 0.0989071 -0.131519
          0.115187 0.0889937 -0.11451 0.108585 0.0989071 -0.131519 0.108428 0.0874524 -0.134336
          0.110264 0.0722435 -0.120024 0.111544 0.0739863 -0.109849 0.112902 0.0553921 -0.107313
          0.110264 0.0722435 -0.120024 0.112902 0.0553921 -0.107313 0.112365 0.056248 -0.120079
          0.121722 0.0404434 -0.107005 0.121276 0.0581402 -0.102185 0.115043 0.0555044 -0.117982
          0.121722 0.0404434 -0.107005 0.115043 0.0555044 -0.117982 0.115804 0.0402127 -0.118026
          0.124329 0.0699107 -0.0894566 0.120914 0.0691635 -0.100225 0.121276 0.0581402 -0.102185
          0.124329 0.0699107 -0.0894566 0.121276 0.0581402 -0.102185 0.130488 0.0513343 -0.0804357
          0.124329 0.0699107 -0.0894566 0.130488 0.0513343 -0.0804357 0.129823 0.0667377 -0.0823999
          0.110264 0.0722435 -0.120024 0.111234 0.0869829 -0.119946 0.111608 0.0860101 -0.107945
          0.110264 0.0722435 -0.120024 0.111608 0.0860101 -0.107945 0.111544 0.0739863 -0.109849
          0.115187 0.0889937 -0.11451 0.119722 0.0879651 -0.102242 0.120181 0.102344 -0.102944
          0.115187 0.0889937 -0.11451 0.120181 0.102344 -0.102944 0.11581 0.0994538 -0.112999
          0.122875 0.0883029 -0.0895007 0.119722 0.0879651 -0.102242 0.120914 0.0691635 -0.100225
          0.122875 0.0883029 -0.0895007 0.120914 0.0691635 -0.100225 0.124329 0.0699107 -0.0894566
          0.10601 0.137319 -0.118249 0.108343 0.115011 -0.119732 0.113998 0.116645 -0.112454
          0.10601 0.137319 -0.118249 0.113998 0.116645 -0.112454 0.114083 0.1279 -0.112639
          0.10601 0.137319 -0.118249 0.105388 0.14169 -0.132793 0.102223 0.148598 -0.133077
          0.10601 0.137319 -0.118249 0.102223 0.148598 -0.133077 0.104497 0.147349 -0.119724
          0.102062 0.157251 -0.142743 0.103723 0.154193 -0.132203 0.102223 0.148598 -0.133077
          0.102062 0.157251 -0.142743 0.102223 0.148598 -0.133077 0.102982 0.149188 -0.140429
          0.104042 0.140629 -0.142952 0.102982 0.149188 -0.140429 0.102223 0.148598 -0.133077
          0.104042 0.140629 -0.142952 0.102223 0.148598 -0.133077 0.105388 0.14169 -0.132793
          0.104952 0.154972 -0.120358 0.104497 0.147349 -0.119724 0.102223 0.148598 -0.133077
          0.104952 0.154972 -0.120358 0.102223 0.148598 -0.133077 0.103723 0.154193 -0.132203
          0.10601 0.137319 -0.118249 0.108493 0.133202 -0.104039 0.11275 0.11804 -0.104259
          0.10601 0.137319 -0.118249 0.11275 0.11804 -0.104259 0.108343 0.115011 -0.119732
          0.11375 0.107357 -0.0933097 0.112689 0.104019 -0.106155 0.11275 0.11804 -0.104259
          0.11375 0.107357 -0.0933097 0.11275 0.11804 -0.104259 0.11255 0.120425 -0.090603
          0.110602 0.100603 -0.118734 0.108343 0.115011 -0.119732 0.11275 0.11804 -0.104259
          0.110602 0.100603 -0.118734 0.11275 0.11804 -0.104259 0.112689 0.104019 -0.106155
          0.11078 0.133174 -0.0882004 0.11255 0.120425 -0.090603 0.11275 0.11804 -0.104259
          0.11078 0.133174 -0.0882004 0.11275 0.11804 -0.104259 0.108493 0.133202 -0.104039
          0.120181 0.102344 -0.102944 0.116059 0.1166 -0.10255 0.113998 0.116645 -0.112454
          0.120181 0.102344 -0.102944 0.113998 0.116645 -0.112454 0.11581 0.0994538 -0.112999
          0.120156 0.116931 -0.0884457 0.115823 0.127038 -0.0853805 0.113935 0.12701 -0.102496
          0.120156 0.116931 -0.0884457 0.113935 0.12701 -0.102496 0.116059 0.1166 -0.10255
          0.10601 0.137319 -0.118249 0.104497 0.147349 -0.119724 0.10627 0.146989 -0.106166
          0.10601 0.137319 -0.118249 0.10627 0.146989 -0.106166 0.108493 0.133202 -0.104039
          0.104952 0.154972 -0.120358 0.106441 0.15595 -0.110567 0.10627 0.146989 -0.106166
          0.104952 0.154972 -0.120358 0.10627 0.146989 -0.106166 0.104497 0.147349 -0.119724
          0.11078 0.133174 -0.0882004 0.108493 0.133202 -0.104039 0.10627 0.146989 -0.106166
          0.11078 0.133174 -0.0882004 0.10627 0.146989 -0.106166 0.108416 0.146108 -0.086117
          0.116524 -0.098416 -0.0883189 0.114694 -0.111211 -0.087973 0.115113 -0.113851 -0.072563
          0.116524 -0.098416 -0.0883189 0.115113 -0.113851 -0.072563 0.119415 -0.0984882 -0.07258
          0.122645 -0.084947 -0.0744661 0.119415 -0.0984882 -0.07258 0.120706 -0.099619 -0.0562139
          0.122645 -0.084947 -0.0744661 0.120706 -0.099619 -0.0562139 0.126797 -0.0843221 -0.0579149
          0.110799 -0.139234 -0.0300214 0.112314 -0.137813 -0.0347368 0.110283 -0.132231 -0.0370046
          0.110799 -0.139234 -0.0300214 0.110283 -0.132231 -0.0370046 0.111714 -0.12955 -0.0263155
          0.114428 -0.112734 -0.0421349 0.114207 -0.125762 -0.0399291 0.114609 -0.122429 -0.0570625
          0.114428 -0.112734 -0.0421349 0.114609 -0.122429 -0.0570625 0.111744 -0.121244 -0.0644551
          0.114428 -0.112734 -0.0421349 0.111744 -0.121244 -0.0644551 0.112391 -0.116783 -0.0620882
          0.114428 -0.112734 -0.0421349 0.112391 -0.116783 -0.0620882 0.113492 -0.112531 -0.0568111
          0.113892 -0.128707 -0.0252537 0.118549 -0.112279 -0.0256476 0.117596 -0.109223 -0.0436349
          0.113892 -0.128707 -0.0252537 0.117596 -0.109223 -0.0436349 0.114207 -0.125762 -0.0399291
          0.114901 -0.0977383 -0.0560284 0.114773 -0.0985906 -0.0419469 0.114428 -0.112734 -0.0421349
          0.114901 -0.0977383 -0.0560284 0.114428 -0.112734 -0.0421349 0.113492 -0.112531 -0.0568111
          0.120706 -0.099619 -0.0562139 0.121811 -0.0992399 -0.0425705 0.126692 -0.0881805 -0.0427627
          0.120706 -0.099619 -0.0562139 0.126692 -0.0881805 -0.0427627 0.130095 -0.0776641 -0.0409398
          0.120706 -0.099619 -0.0562139 0.130095 -0.0776641 -0.0409398 0.128304 -0.0795014 -0.0525999
          0.120706 -0.099619 -0.0562139 0.128304 -0.0795014 -0.0525999 0.126797 -0.0843221 -0.0579149
          0.125186 -0.0989429 -0.0251214 0.121811 -0.0992399 -0.0425705 0.117596 -0.109223 -0.0436349
          0.125186 -0.0989429 -0.0251214 0.117596 -0.109223 -0.0436349 0.118549 -0.112279 -0.0256476
          0.122204 -0.0736993 -0.0561449 0.119345 -0.0698836 -0.0742284 0.122008 -0.0515092 -0.0783363
          0.122204 -0.0736993 -0.0561449 0.122008 -0.0515092 -0.0783363 0.123784 -0.0533642 -0.057926
          0.127313 -0.0545735 -0.0755289 0.125991 -0.0541806 -0.0894753 0.122697 -0.0689684 -0.0892216
          0.127313 -0.0545735 -0.0755289 0.122697 -0.0689684 -0.0892216 0.124981 -0.0673738 -0.0729056
          0.124981 -0.0673738 -0.0729056 0.122645 -0.084947 -0.0744661 0.126797 -0.0843221 -0.0579149
          0.124981 -0.0673738 -0.0729056 0.126797 -0.0843221 -0.0579149 0.128304 -0.0795014 -0.0525999
          0.124981 -0.0673738 -0.0729056 0.128304 -0.0795014 -0.0525999 0.129242 -0.0677627 -0.0513152
          0.122008 -0.0515092 -0.0783363 0.122313 -0.0391073 -0.0780818 0.125351 -0.0381798 -0.0578015
          0.122008 -0.0515092 -0.0783363 0.125351 -0.0381798 -0.0578015 0.123784 -0.0533642 -0.057926
          0.123847 -0.0530365 -0.0429614 0.121487 -0.0723711 -0.0435875 0.122204 -0.0736993 -0.0561449
          0.123847 -0.0530365 -0.0429614 0.122204 -0.0736993 -0.0561449 0.123784 -0.0533642 -0.057926
          0.125351 -0.0381798 -0.0578015 0.124867 -0.0378011 -0.0431888 0.123847 -0.0530365 -0.0429614
          0.125351 -0.0381798 -0.0578015 0.123847 -0.0530365 -0.0429614 0.123784 -0.0533642 -0.057926
          0.127977 0.0385588 -0.0549119 0.130379 0.0389019 -0.0402185 0.133637 0.026512 -0.0413079
          0.127977 0.0385588 -0.0549119 0.133637 0.026512 -0.0413079 0.135978 0.0260781 -0.0544127
          0.136126 0.017243 -0.0574569 0.135978 0.0260781 -0.0544127 0.133637 0.026512 -0.0413079
          0.136126 0.017243 -0.0574569 0.133637 0.026512 -0.0413079 0.13466 0.017813 -0.0419249
          0.125118 0.06069 -0.0555721 0.121942 0.0563633 -0.075069 0.123089 0.0717343 -0.0731154
          0.125118 0.06069 -0.0555721 0.123089 0.0717343 -0.0731154 0.12102 0.0718743 -0.0579492
          0.123089 0.0717343 -0.0731154 0.121115 0.08641 -0.0724844 0.12306 0.0870391 -0.0578077
          0.123089 0.0717343 -0.0731154 0.12306 0.0870391 -0.0578077 0.12102 0.0718743 -0.0579492
          0.122875 0.0883029 -0.0895007 0.124329 0.0699107 -0.0894566 0.129823 0.0667377 -0.0823999
          0.122875 0.0883029 -0.0895007 0.129823 0.0667377 -0.0823999 0.134574 0.0687722 -0.0730468
          0.122875 0.0883029 -0.0895007 0.134574 0.0687722 -0.0730468 0.127521 0.0755294 -0.0752075
          0.122875 0.0883029 -0.0895007 0.127521 0.0755294 -0.0752075 0.122132 0.0902585 -0.0763333
          0.122882 0.103423 -0.0743757 0.122132 0.0902585 -0.0763333 0.127457 0.0891437 -0.0615352
          0.122882 0.103423 -0.0743757 0.127457 0.0891437 -0.0615352 0.134536 0.0869658 -0.054812
          0.122882 0.103423 -0.0743757 0.134536 0.0869658 -0.054812 0.129924 0.096325 -0.05274
          0.122882 0.103423 -0.0743757 0.129924 0.096325 -0.05274 0.124299 0.103378 -0.0559645
          0.133904 0.0679474 -0.0540223 0.134536 0.0869658 -0.054812 0.127457 0.0891437 -0.0615352
          0.133904 0.0679474 -0.0540223 0.127457 0.0891437 -0.0615352 0.125192 0.0776855 -0.0663384
          0.125128 0.0695285 -0.0466937 0.124115 0.0601634 -0.0462383 0.125118 0.06069 -0.0555721
          0.125128 0.0695285 -0.0466937 0.125118 0.06069 -0.0555721 0.12102 0.0718743 -0.0579492
          0.125118 0.06069 -0.0555721 0.124115 0.0601634 -0.0462383 0.12488 0.0578746 -0.0438837
          0.125118 0.06069 -0.0555721 0.12488 0.0578746 -0.0438837 0.129926 0.0486934 -0.0531563
          0.127977 0.0385588 -0.0549119 0.129926 0.0486934 -0.0531563 0.12488 0.0578746 -0.0438837
          0.127977 0.0385588 -0.0549119 0.12488 0.0578746 -0.0438837 0.130379 0.0389019 -0.0402185
          0.12488 0.0578746 -0.0438837 0.124115 0.0601634 -0.0462383 0.125128 0.0695285 -0.0466937
          0.12488 0.0578746 -0.0438837 0.125128 0.0695285 -0.0466937 0.129959 0.0670623 -0.0347231
          0.128021 0.068843 -0.0246461 0.129959 0.0670623 -0.0347231 0.125128 0.0695285 -0.0466937
          0.128021 0.068843 -0.0246461 0.125128 0.0695285 -0.0466937 0.125843 0.0742136 -0.0305371
          0.128021 0.068843 -0.0246461 0.130468 0.0541283 -0.0249635 0.12488 0.0578746 -0.0438837
          0.128021 0.068843 -0.0246461 0.12488 0.0578746 -0.0438837 0.129959 0.0670623 -0.0347231
          0.12306 0.0870391 -0.0578077 0.122167 0.0891652 -0.0423252 0.125128 0.0695285 -0.0466937
          0.12306 0.0870391 -0.0578077 0.125128 0.0695285 -0.0466937 0.12102 0.0718743 -0.0579492
          0.145412 0.0591124 -0.0526326 0.146085 0.0556419 -0.0417168 0.14505 0.0662985 -0.0453355
          0.145412 0.0591124 -0.0526326 0.14505 0.0662985 -0.0453355 0.146705 0.0675401 -0.053615
          0.115202 0.128612 -0.0749975 0.115823 0.127038 -0.0853805 0.120156 0.116931 -0.0884457
          0.115202 0.128612 -0.0749975 0.120156 0.116931 -0.0884457 0.119788 0.116176 -0.0740067
          0.121007 0.114131 -0.0551958 0.119788 0.116176 -0.0740067 0.122882 0.103423 -0.0743757
          0.121007 0.114131 -0.0551958 0.122882 0.103423 -0.0743757 0.124299 0.103378 -0.0559645
          0.110313 0.133923 -0.0583357 0.111241 0.133912 -0.0731649 0.108285 0.145481 -0.0730997
          0.110313 0.133923 -0.0583357 0.108285 0.145481 -0.0730997 0.109084 0.14577 -0.0609764
          0.10736 0.155072 -0.0815465 0.108389 0.154719 -0.0735045 0.108285 0.145481 -0.0730997
          0.10736 0.155072 -0.0815465 0.108285 0.145481 -0.0730997 0.108416 0.146108 -0.086117
          0.11078 0.133174 -0.0882004 0.108416 0.146108 -0.086117 0.108285 0.145481 -0.0730997
          0.11078 0.133174 -0.0882004 0.108285 0.145481 -0.0730997 0.111241 0.133912 -0.0731649
          0.107626 0.155597 -0.0642724 0.109084 0.14577 -0.0609764 0.108285 0.145481 -0.0730997
          0.107626 0.155597 -0.0642724 0.108285 0.145481 -0.0730997 0.108389 0.154719 -0.0735045
          0.110313 0.133923 -0.0583357 0.112554 0.133554 -0.0427505 0.112976 0.121195 -0.0414643
          0.110313 0.133923 -0.0583357 0.112976 0.121195 -0.0414643 0.111614 0.123743 -0.0600521
          0.121337 0.116215 -0.0440286 0.121007 0.114131 -0.0551958 0.124299 0.103378 -0.0559645
          0.121337 0.116215 -0.0440286 0.124299 0.103378 -0.0559645 0.129924 0.096325 -0.05274
          0.121337 0.116215 -0.0440286 0.129924 0.096325 -0.05274 0.130273 0.0950598 -0.0456207
          0.121762 0.12094 -0.0265139 0.115857 0.131848 -0.0263218 0.115051 0.131881 -0.0415985
          0.121762 0.12094 -0.0265139 0.115051 0.131881 -0.0415985 0.121337 0.116215 -0.0440286
          0.110313 0.133923 -0.0583357 0.109084 0.14577 -0.0609764 0.10937 0.142195 -0.042212
          0.110313 0.133923 -0.0583357 0.10937 0.142195 -0.042212 0.112554 0.133554 -0.0427505
          0.11355 0.134182 -0.0276712 0.112554 0.133554 -0.0427505 0.10937 0.142195 -0.042212
          0.11355 0.134182 -0.0276712 0.10937 0.142195 -0.042212 0.108258 0.14463 -0.0264416
          0.109639 -0.130423 -0.00733608 0.113882 -0.126501 -0.0112244 0.113892 -0.128707 -0.0252537
          0.109639 -0.130423 -0.00733608 0.113892 -0.128707 -0.0252537 0.111714 -0.12955 -0.0263155
          0.120061 -0.112069 -0.0101665 0.118549 -0.112279 -0.0256476 0.113892 -0.128707 -0.0252537
          0.120061 -0.112069 -0.0101665 0.113892 -0.128707 -0.0252537 0.113882 -0.126501 -0.0112244
          0.117921 -0.0972854 -0.0116357 0.118579 -0.0979653 0.00266852 0.112793 -0.118709 0.00414537
          0.117921 -0.0972854 -0.0116357 0.112793 -0.118709 0.00414537 0.113627 -0.122862 -0.00952037
          0.125186 -0.0989429 -0.0251214 0.118549 -0.112279 -0.0256476 0.120061 -0.112069 -0.0101665
          0.125186 -0.0989429 -0.0251214 0.120061 -0.112069 -0.0101665 0.126818 -0.0994662 -0.0126837
          0.112793 -0.118709 0.00414537 0.111642 -0.120721 0.0194415 0.106292 -0.131345 0.0168231
          0.112793 -0.118709 0.00414537 0.106292 -0.131345 0.0168231 0.107439 -0.129236 0.00462999
          0.108152 -0.137562 0.00419543 0.107439 -0.129236 0.00462999 0.106292 -0.131345 0.0168231
          0.108152 -0.137562 0.00419543 0.106292 -0.131345 0.0168231 0.10983 -0.138953 0.0131223
          0.111444 -0.119149 0.0348298 0.109191 -0.125939 0.0351412 0.106292 -0.131345 0.0168231
          0.111444 -0.119149 0.0348298 0.106292 -0.131345 0.0168231 0.111642 -0.120721 0.0194415
          0.114914 -0.120402 0.0353687 0.115427 -0.125583 0.0183376 0.106292 -0.131345 0.0168231
          0.114914 -0.120402 0.0353687 0.106292 -0.131345 0.0168231 0.109191 -0.125939 0.0351412
          0.114914 -0.120402 0.0353687 0.116627 -0.113221 0.0356385 0.118594 -0.113946 0.0205605
          0.114914 -0.120402 0.0353687 0.118594 -0.113946 0.0205605 0.115427 -0.125583 0.0183376
          0.118579 -0.0979653 0.00266852 0.117637 -0.0967013 0.0201375 0.111642 -0.120721 0.0194415
          0.118579 -0.0979653 0.00266852 0.111642 -0.120721 0.0194415 0.112793 -0.118709 0.00414537
          0.122145 -0.102338 0.0358217 0.125384 -0.101593 0.0212134 0.118594 -0.113946 0.0205605
          0.122145 -0.102338 0.0358217 0.118594 -0.113946 0.0205605 0.116627 -0.113221 0.0356385
          0.135567 -0.0594521 0.0197957 0.132344 -0.0546976 0.0371862 0.126972 -0.0564933 0.0406007
          0.135567 -0.0594521 0.0197957 0.126972 -0.0564933 0.0406007 0.123652 -0.0714346 0.0323959
          0.135567 -0.0594521 0.0197957 0.123652 -0.0714346 0.0323959 0.124574 -0.0741412 0.0194779
          0.135089 -0.0601337 0.00389455 0.135567 -0.0594521 0.0197957 0.124574 -0.0741412 0.0194779
          0.135089 -0.0601337 0.00389455 0.124574 -0.0741412 0.0194779 0.125566 -0.0717199 0.00369868
          0.129564 0.0702583 0.031348 0.128115 0.0557189 0.0301963 0.135958 0.0557664 0.0277421
          0.129564 0.0702583 0.031348 0.135958 0.0557664 0.0277421 0.13475 0.0705505 0.0274923
          0.118161 0.116411 0.00650005 0.117477 0.114685 -0.00971493 0.111826 0.137428 -0.0104407
          0.118161 0.116411 0.00650005 0.111826 0.137428 -0.0104407 0.111401 0.137456 0.00463283
          0.117704 0.132031 -0.0108622 0.115857 0.131848 -0.0263218 0.121762 0.12094 -0.0265139
          0.117704 0.132031 -0.0108622 0.121762 0.12094 -0.0265139 0.124545 0.120786 -0.0113249
          0.126094 0.117716 0.00462272 0.124545 0.120786 -0.0113249 0.131439 0.0978476 -0.0115896
          0.126094 0.117716 0.00462272 0.131439 0.0978476 -0.0115896 0.131127 0.102397 0.0043776
          0.126094 0.117716 0.00462272 0.131127 0.102397 0.0043776 0.128696 0.112996 0.00330512
          0.111401 0.137456 0.00463283 0.111826 0.137428 -0.0104407 0.106287 0.147294 -0.0109063
          0.111401 0.137456 0.00463283 0.106287 0.147294 -0.0109063 0.107292 0.146472 0.00462556
          0.11355 0.134182 -0.0276712 0.108258 0.14463 -0.0264416 0.106287 0.147294 -0.0109063
          0.11355 0.134182 -0.0276712 0.106287 0.147294 -0.0109063 0.111826 0.137428 -0.0104407
          0.117462 0.115516 0.0201684 0.118161 0.116411 0.00650005 0.111401 0.137456 0.00463283
          0.117462 0.115516 0.0201684 0.111401 0.137456 0.00463283 0.112518 0.13827 0.0201603
          0.123775 0.116503 0.0340359 0.117555 0.130346 0.0348484 0.117449 0.131989 0.0201463
          0.123775 0.116503 0.0340359 0.117449 0.131989 0.0201463 0.125091 0.117464 0.0220491
          0.111401 0.137456 0.00463283 0.107292 0.146472 0.00462556 0.111843 0.141975 0.0201676
          0.111401 0.137456 0.00463283 0.111843 0.141975 0.0201676 0.112518 0.13827 0.0201603
          0.111708 0.138077 0.0358028 0.112518 0.13827 0.0201603 0.111843 0.141975 0.0201676
          0.111708 0.138077 0.0358028 0.111843 0.141975 0.0201676 0.110697 0.143919 0.0358661
          0.113356 0.144207 0.0350212 0.114265 0.143424 0.020803 0.117449 0.131989 0.0201463
          0.113356 0.144207 0.0350212 0.117449 0.131989 0.0201463 0.117555 0.130346 0.0348484
          0.111843 0.141975 0.0201676 0.114265 0.143424 0.020803 0.113356 0.144207 0.0350212
          0.111843 0.141975 0.0201676 0.113356 0.144207 0.0350212 0.110697 0.143919 0.0358661
          0.122145 -0.102338 0.0358217 0.116627 -0.113221 0.0356385 0.115624 -0.113109 0.0507886
          0.122145 -0.102338 0.0358217 0.115624 -0.113109 0.0507886 0.121623 -0.0973722 0.0533055
          0.121623 -0.0973722 0.0533055 0.120918 -0.095538 0.0644525 0.124226 -0.0847641 0.0651399
          0.121623 -0.0973722 0.0533055 0.124226 -0.0847641 0.0651399 0.129759 -0.0774935 0.0616681
          0.121623 -0.0973722 0.0533055 0.129759 -0.0774935 0.0616681 0.130022 -0.0763508 0.055093
          0.109222 -0.115319 0.0677533 0.110803 -0.115263 0.0823273 0.108006 -0.126895 0.0822503
          0.109222 -0.115319 0.0677533 0.108006 -0.126895 0.0822503 0.108953 -0.127095 0.0701703
          0.107155 -0.136785 0.0904843 0.10812 -0.136099 0.0826273 0.108006 -0.126895 0.0822503
          0.107155 -0.136785 0.0904843 0.108006 -0.126895 0.0822503 0.108372 -0.126839 0.0941766
          0.10755 -0.137044 0.0734973 0.108953 -0.127095 0.0701703 0.108006 -0.126895 0.0822503
          0.10755 -0.137044 0.0734973 0.108006 -0.126895 0.0822503 0.10812 -0.136099 0.0826273
          0.110445 -0.114061 0.095895 0.108372 -0.126839 0.0941766 0.108006 -0.126895 0.0822503
          0.110445 -0.114061 0.095895 0.108006 -0.126895 0.0822503 0.110803 -0.115263 0.0823273
          0.115226 -0.109856 0.0842635 0.11486 -0.113833 0.0668289 0.111826 -0.124853 0.0612955
          0.115226 -0.109856 0.0842635 0.111826 -0.124853 0.0612955 0.108953 -0.127095 0.0701703
          0.115226 -0.109856 0.0842635 0.108953 -0.127095 0.0701703 0.108224 -0.129643 0.082766
          0.109222 -0.115319 0.0677533 0.110366 -0.106283 0.0675997 0.111296 -0.1032 0.0813446
          0.109222 -0.115319 0.0677533 0.111296 -0.1032 0.0813446 0.110803 -0.115263 0.0823273
          0.120918 -0.095538 0.0644525 0.119751 -0.097534 0.0832625 0.122932 -0.0848092 0.083592
          0.120918 -0.095538 0.0644525 0.122932 -0.0848092 0.083592 0.124226 -0.0847641 0.0651399
          0.1202 -0.0982549 0.0976536 0.119751 -0.097534 0.0832625 0.115226 -0.109856 0.0842635
          0.1202 -0.0982549 0.0976536 0.115226 -0.109856 0.0842635 0.115761 -0.108329 0.0947222
          0.12297 -0.0684552 0.0669872 0.121867 -0.0704112 0.0516272 0.125121 -0.0512816 0.0563892
          0.12297 -0.0684552 0.0669872 0.125121 -0.0512816 0.0563892 0.121136 -0.053296 0.067229
          0.125121 -0.0512816 0.0563892 0.12412 -0.0404862 0.0546932 0.125118 -0.0423061 0.0651589
          0.125121 -0.0512816 0.0563892 0.125118 -0.0423061 0.0651589 0.121136 -0.053296 0.067229
          0.133343 -0.0324232 0.0516797 0.12412 -0.0404862 0.0546932 0.125121 -0.0512816 0.0563892
          0.133343 -0.0324232 0.0516797 0.125121 -0.0512816 0.0563892 0.126972 -0.0564933 0.0406007
          0.133343 -0.0324232 0.0516797 0.126972 -0.0564933 0.0406007 0.132344 -0.0546976 0.0371862
          0.133343 -0.0324232 0.0516797 0.132344 -0.0546976 0.0371862 0.137182 -0.0360875 0.0366168
          0.125118 -0.0423061 0.0651589 0.12412 -0.0404862 0.0546932 0.133343 -0.0324232 0.0516797
          0.125118 -0.0423061 0.0651589 0.133343 -0.0324232 0.0516797 0.137516 -0.0231418 0.0495087
          0.125118 -0.0423061 0.0651589 0.137516 -0.0231418 0.0495087 0.131939 -0.023615 0.068648
          0.125118 -0.0423061 0.0651589 0.131939 -0.023615 0.068648 0.126766 -0.0264538 0.0703921
          0.12304 -0.0531158 0.0823551 0.121132 -0.0677902 0.0817045 0.12297 -0.0684552 0.0669872
          0.12304 -0.0531158 0.0823551 0.12297 -0.0684552 0.0669872 0.121136 -0.053296 0.067229
          0.122932 -0.0848092 0.083592 0.122162 -0.0716258 0.0855462 0.127264 -0.0705527 0.070516
          0.122932 -0.0848092 0.083592 0.127264 -0.0705527 0.070516 0.13404 -0.0682924 0.0636794
          0.122932 -0.0848092 0.083592 0.13404 -0.0682924 0.0636794 0.129759 -0.0774935 0.0616681
          0.122932 -0.0848092 0.083592 0.129759 -0.0774935 0.0616681 0.124226 -0.0847641 0.0651399
          0.129834 -0.0477802 0.0914311 0.134115 -0.0498243 0.082229 0.127351 -0.0566856 0.0844613
          0.129834 -0.0477802 0.0914311 0.127351 -0.0566856 0.0844613 0.122162 -0.0716258 0.0855462
          0.129834 -0.0477802 0.0914311 0.122162 -0.0716258 0.0855462 0.122905 -0.0696766 0.0987263
          0.129834 -0.0477802 0.0914311 0.122905 -0.0696766 0.0987263 0.124209 -0.0512422 0.0986697
          0.133858 -0.0541238 0.0620585 0.125019 -0.061817 0.072851 0.127351 -0.0566856 0.0844613
          0.133858 -0.0541238 0.0620585 0.127351 -0.0566856 0.0844613 0.134115 -0.0498243 0.082229
          0.125118 -0.0423061 0.0651589 0.122117 -0.0376581 0.0844553 0.12304 -0.0531158 0.0823551
          0.125118 -0.0423061 0.0651589 0.12304 -0.0531158 0.0823551 0.121136 -0.053296 0.067229
          0.144401 -0.0411328 0.060954 0.145235 -0.0370055 0.050931 0.144854 -0.0474479 0.0548068
          0.144401 -0.0411328 0.060954 0.144854 -0.0474479 0.0548068 0.146453 -0.0488605 0.0627854
          0.129627 0.0361037 0.0655571 0.13474 0.0325008 0.0658547 0.135972 0.0326566 0.0510784
          0.129627 0.0361037 0.0655571 0.135972 0.0326566 0.0510784 0.127856 0.0346604 0.0510194
          0.125191 0.0567487 0.0662789 0.124341 0.0573669 0.0526719 0.125009 0.0709952 0.0520417
          0.125191 0.0567487 0.0662789 0.125009 0.0709952 0.0520417 0.123918 0.0719026 0.0672571
          0.125009 0.0709952 0.0520417 0.12196 0.092304 0.0529767 0.121974 0.0922594 0.0654517
          0.125009 0.0709952 0.0520417 0.121974 0.0922594 0.0654517 0.123918 0.0719026 0.0672571
          0.126792 0.0876223 0.0685413 0.125562 0.103193 0.0677861 0.126057 0.102566 0.0513167
          0.126792 0.0876223 0.0685413 0.126057 0.102566 0.0513167 0.129199 0.0978496 0.0451138
          0.126792 0.0876223 0.0685413 0.129199 0.0978496 0.0451138 0.128562 0.0864075 0.0485949
          0.122015 0.0701963 0.0875567 0.121987 0.0576731 0.0876991 0.125191 0.0567487 0.0662789
          0.122015 0.0701963 0.0875567 0.125191 0.0567487 0.0662789 0.123918 0.0719026 0.0672571
          0.121974 0.0922594 0.0654517 0.119232 0.0880916 0.0833962 0.122015 0.0701963 0.0875567
          0.121974 0.0922594 0.0654517 0.122015 0.0701963 0.0875567 0.123918 0.0719026 0.0672571
          0.126792 0.0876223 0.0685413 0.121841 0.0871727 0.0824775 0.122656 0.102421 0.082309
          0.126792 0.0876223 0.0685413 0.122656 0.102421 0.082309 0.125562 0.103193 0.0677861
          0.122662 0.0870043 0.097726 0.121841 0.0871727 0.0824775 0.126796 0.0732357 0.0829269
          0.122662 0.0870043 0.097726 0.126796 0.0732357 0.0829269 0.125516 0.0724862 0.0985022
          0.11423 0.116315 0.0663327 0.117997 0.114237 0.0499548 0.11254 0.13943 0.0509298
          0.11423 0.116315 0.0663327 0.11254 0.13943 0.0509298 0.112633 0.135893 0.0684798
          0.11423 0.116315 0.0663327 0.112633 0.135893 0.0684798 0.112996 0.121672 0.0706849
          0.1166 0.128052 0.0534298 0.117555 0.130346 0.0348484 0.123775 0.116503 0.0340359
          0.1166 0.128052 0.0534298 0.123775 0.116503 0.0340359 0.120627 0.116941 0.0523016
          0.119 0.11845 0.0673248 0.120627 0.116941 0.0523016 0.126057 0.102566 0.0513167
          0.119 0.11845 0.0673248 0.126057 0.102566 0.0513167 0.125562 0.103193 0.0677861
          0.111708 0.138077 0.0358028 0.110697 0.143919 0.0358661 0.111199 0.147056 0.0530241
          0.111708 0.138077 0.0358028 0.111199 0.147056 0.0530241 0.11254 0.13943 0.0509298
          0.111199 0.147056 0.0530241 0.113835 0.145131 0.0542165 0.113808 0.158229 0.0564781
          0.111199 0.147056 0.0530241 0.113808 0.158229 0.0564781 0.111573 0.158216 0.0553984
          0.113451 0.147058 0.0661523 0.113415 0.154676 0.06696 0.113808 0.158229 0.0564781
          0.113451 0.147058 0.0661523 0.113808 0.158229 0.0564781 0.113835 0.145131 0.0542165
          0.112633 0.135893 0.0684798 0.111723 0.134283 0.082478 0.11206 0.126195 0.0828078
          0.112633 0.135893 0.0684798 0.11206 0.126195 0.0828078 0.112996 0.121672 0.0706849
          0.122656 0.102421 0.082309 0.119037 0.116713 0.0818421 0.119 0.11845 0.0673248
          0.122656 0.102421 0.082309 0.119 0.11845 0.0673248 0.125562 0.103193 0.0677861
          0.11652 0.116826 0.0972323 0.11486 0.126952 0.0976442 0.113951 0.132863 0.0825159
          0.11652 0.116826 0.0972323 0.113951 0.132863 0.0825159 0.119037 0.116713 0.0818421
          0.112633 0.135893 0.0684798 0.112332 0.147317 0.0672732 0.111291 0.146094 0.0813696
          0.112633 0.135893 0.0684798 0.111291 0.146094 0.0813696 0.111723 0.134283 0.082478
          0.110822 0.156829 0.0924782 0.111092 0.145471 0.0958678 0.111291 0.146094 0.0813696
          0.110822 0.156829 0.0924782 0.111291 0.146094 0.0813696 0.111412 0.156094 0.0825957
          0.111209 0.15387 0.0677112 0.111412 0.156094 0.0825957 0.111291 0.146094 0.0813696
          0.111209 0.15387 0.0677112 0.111291 0.146094 0.0813696 0.112332 0.147317 0.0672732
          0.111131 0.134998 0.0962994 0.111723 0.134283 0.082478 0.111291 0.146094 0.0813696
          0.111131 0.134998 0.0962994 0.111291 0.146094 0.0813696 0.111092 0.145471 0.0958678
          0.113451 0.147058 0.0661523 0.113544 0.147948 0.0755779 0.11411 0.156021 0.0762592
          0.113451 0.147058 0.0661523 0.11411 0.156021 0.0762592 0.113415 0.154676 0.06696
          0.11411 0.156021 0.0762592 0.113544 0.147948 0.0755779 0.111092 0.145471 0.0958678
          0.11411 0.156021 0.0762592 0.111092 0.145471 0.0958678 0.110822 0.156829 0.0924782
          0.11411 0.156021 0.0762592 0.110822 0.156829 0.0924782 0.111412 0.156094 0.0825957
          0.106814 -0.115966 0.12989 0.114081 -0.108293 0.122217 0.11393 -0.107757 0.111684
          0.106814 -0.115966 0.12989 0.11393 -0.107757 0.111684 0.108212 -0.11512 0.11016
          0.106814 -0.115966 0.12989 0.108212 -0.11512 0.11016 0.11264 -0.0991868 0.113112
          0.106814 -0.115966 0.12989 0.11264 -0.0991868 0.113112 0.108367 -0.0962279 0.129046
          0.113657 -0.0886769 0.102493 0.112678 -0.0853332 0.115336 0.11264 -0.0991868 0.113112
          0.113657 -0.0886769 0.102493 0.11264 -0.0991868 0.113112 0.112536 -0.101346 0.0992173
          0.110445 -0.114061 0.095895 0.112536 -0.101346 0.0992173 0.11264 -0.0991868 0.113112
          0.110445 -0.114061 0.095895 0.11264 -0.0991868 0.113112 0.108212 -0.11512 0.11016
          0.110658 -0.0819547 0.127986 0.108367 -0.0962279 0.129046 0.11264 -0.0991868 0.113112
          0.110658 -0.0819547 0.127986 0.11264 -0.0991868 0.113112 0.112678 -0.0853332 0.115336
          0.1202 -0.0982549 0.0976536 0.115761 -0.108329 0.0947222 0.11393 -0.107757 0.111684
          0.1202 -0.0982549 0.0976536 0.11393 -0.107757 0.111684 0.116017 -0.0978541 0.111779
          0.12003 -0.0837268 0.112161 0.116017 -0.0978541 0.111779 0.113993 -0.0977656 0.12174
          0.12003 -0.0837268 0.112161 0.113993 -0.0977656 0.12174 0.115856 -0.0807313 0.122163
          0.106814 -0.115966 0.12989 0.105549 -0.122599 0.143208 0.101624 -0.129901 0.143826
          0.106814 -0.115966 0.12989 0.101624 -0.129901 0.143826 0.105378 -0.129273 0.13647
          0.102157 -0.138318 0.152583 0.102961 -0.135843 0.144524 0.101624 -0.129901 0.143826
          0.102157 -0.138318 0.152583 0.101624 -0.129901 0.143826 0.103088 -0.130621 0.149748
          0.104021 -0.138482 0.135857 0.105378 -0.129273 0.13647 0.101624 -0.129901 0.143826
          0.104021 -0.138482 0.135857 0.101624 -0.129901 0.143826 0.102961 -0.135843 0.144524
          0.104162 -0.12195 0.15241 0.103088 -0.130621 0.149748 0.101624 -0.129901 0.143826
          0.104162 -0.12195 0.15241 0.101624 -0.129901 0.143826 0.105549 -0.122599 0.143208
          0.110658 -0.0819547 0.127986 0.108591 -0.0802777 0.140757 0.107627 -0.0927919 0.138186
          0.110658 -0.0819547 0.127986 0.107627 -0.0927919 0.138186 0.108367 -0.0962279 0.129046
          0.120948 -0.0504045 0.109287 0.124209 -0.0512422 0.0986697 0.122905 -0.0696766 0.0987263
          0.120948 -0.0504045 0.109287 0.122905 -0.0696766 0.0987263 0.119768 -0.0692403 0.111412
          0.115208 -0.0702737 0.123838 0.119768 -0.0692403 0.111412 0.12003 -0.0837268 0.112161
          0.115208 -0.0702737 0.123838 0.12003 -0.0837268 0.112161 0.115856 -0.0807313 0.122163
          0.110256 -0.0536469 0.129232 0.111576 -0.055308 0.119011 0.112915 -0.0367654 0.116499
          0.110256 -0.0536469 0.129232 0.112915 -0.0367654 0.116499 0.112491 -0.0380534 0.128858
          0.121739 -0.0217742 0.116169 0.121113 -0.0394092 0.111398 0.114822 -0.0369007 0.127166
          0.121739 -0.0217742 0.116169 0.114822 -0.0369007 0.127166 0.115416 -0.0215961 0.127052
          0.110256 -0.0536469 0.129232 0.109038 -0.0562735 0.141071 0.108264 -0.0683085 0.140765
          0.110256 -0.0536469 0.129232 0.108264 -0.0683085 0.140765 0.111246 -0.068355 0.129185
          0.107342 -0.0766055 0.150678 0.108591 -0.0802777 0.140757 0.108264 -0.0683085 0.140765
          0.107342 -0.0766055 0.150678 0.108264 -0.0683085 0.140765 0.108377 -0.068762 0.149999
          0.110658 -0.0819547 0.127986 0.111246 -0.068355 0.129185 0.108264 -0.0683085 0.140765
          0.110658 -0.0819547 0.127986 0.108264 -0.0683085 0.140765 0.108591 -0.0802777 0.140757
          0.107593 -0.0595734 0.150898 0.108377 -0.068762 0.149999 0.108264 -0.0683085 0.140765
          0.107593 -0.0595734 0.150898 0.108264 -0.0683085 0.140765 0.109038 -0.0562735 0.141071
          0.110256 -0.0536469 0.129232 0.112491 -0.0380534 0.128858 0.109306 -0.0375167 0.137584
          0.110256 -0.0536469 0.129232 0.109306 -0.0375167 0.137584 0.109038 -0.0562735 0.141071
          0.11349 -0.0229584 0.129467 0.108156 -0.0217451 0.140051 0.109306 -0.0375167 0.137584
          0.11349 -0.0229584 0.129467 0.109306 -0.0375167 0.137584 0.112491 -0.0380534 0.128858
          0.117484 -0.00501764 0.109987 0.118157 0.0111874 0.111706 0.111387 0.009328 0.132751
          0.117484 -0.00501764 0.109987 0.111387 0.009328 0.132751 0.111788 -0.00574576 0.132706
          0.116546 -0.00617618 0.127075 0.122923 -0.00616861 0.116104 0.121739 -0.0217742 0.116169
          0.116546 -0.00617618 0.127075 0.121739 -0.0217742 0.116169 0.115416 -0.0215961 0.127052
          0.111788 -0.00574576 0.132706 0.11349 -0.0229584 0.129467 0.113247 -0.0258544 0.118652
          0.111788 -0.00574576 0.132706 0.113247 -0.0258544 0.118652 0.115706 -0.0203405 0.112778
          0.111788 -0.00574576 0.132706 0.115706 -0.0203405 0.112778 0.117484 -0.00501764 0.109987
          0.118157 0.0111874 0.111706 0.117463 0.0248633 0.11082 0.112541 0.0248553 0.133591
          0.118157 0.0111874 0.111706 0.112541 0.0248553 0.133591 0.111387 0.009328 0.132751
          0.123215 0.0383771 0.111298 0.124386 0.0270389 0.111566 0.116619 0.0248546 0.127063
          0.123215 0.0383771 0.111298 0.116619 0.0248546 0.127063 0.11712 0.0394669 0.12545
          0.111387 0.009328 0.132751 0.107245 0.00932068 0.141823 0.106179 -0.00620974 0.142709
          0.111387 0.009328 0.132751 0.106179 -0.00620974 0.142709 0.111788 -0.00574576 0.132706
          0.11349 -0.0229584 0.129467 0.111788 -0.00574576 0.132706 0.106179 -0.00620974 0.142709
          0.11349 -0.0229584 0.129467 0.106179 -0.00620974 0.142709 0.108156 -0.0217451 0.140051
          0.111387 0.009328 0.132751 0.112541 0.0248553 0.133591 0.111862 0.024863 0.137261
          0.111387 0.009328 0.132751 0.111862 0.024863 0.137261 0.107245 0.00932068 0.141823
          0.111724 0.0404981 0.133392 0.110729 0.0405621 0.139196 0.111862 0.024863 0.137261
          0.111724 0.0404981 0.133392 0.111862 0.024863 0.137261 0.112541 0.0248553 0.133591
          0.116619 0.0248546 0.127063 0.114284 0.0254868 0.138709 0.113198 0.0396999 0.1395
          0.116619 0.0248546 0.127063 0.113198 0.0396999 0.1395 0.11712 0.0394669 0.12545
          0.113198 0.0396999 0.1395 0.114284 0.0254868 0.138709 0.111862 0.024863 0.137261
          0.113198 0.0396999 0.1395 0.111862 0.024863 0.137261 0.110729 0.0405621 0.139196
          0.118946 0.0720215 0.113755 0.125516 0.0724862 0.0985022 0.125858 0.0559574 0.0978099
          0.118946 0.0720215 0.113755 0.125858 0.0559574 0.0978099 0.120338 0.0570357 0.112159
          0.116391 0.0582127 0.123208 0.120338 0.0570357 0.112159 0.123215 0.0383771 0.111298
          0.116391 0.0582127 0.123208 0.123215 0.0383771 0.111298 0.11712 0.0394669 0.12545
          0.111724 0.0404981 0.133392 0.116055 0.0402881 0.110798 0.11801 0.0546488 0.109538
          0.111724 0.0404981 0.133392 0.11801 0.0546488 0.109538 0.112549 0.0556251 0.134742
          0.112642 0.0731782 0.131202 0.113014 0.075391 0.116983 0.112061 0.0875031 0.1215
          0.112642 0.0731782 0.131202 0.112061 0.0875031 0.1215 0.111717 0.0871731 0.129587
          0.122662 0.0870043 0.097726 0.125516 0.0724862 0.0985022 0.118946 0.0720215 0.113755
          0.122662 0.0870043 0.097726 0.118946 0.0720215 0.113755 0.119029 0.0865594 0.112005
          0.113781 0.106124 0.101409 0.114352 0.102194 0.113764 0.112061 0.0875031 0.1215
          0.113781 0.106124 0.101409 0.112061 0.0875031 0.1215 0.117518 0.0834388 0.0994376
          0.113781 0.106124 0.101409 0.117518 0.0834388 0.0994376 0.114759 0.100677 0.0959818
          0.116533 0.101928 0.112131 0.119029 0.0865594 0.112005 0.113963 0.0872275 0.128143
          0.116533 0.101928 0.112131 0.113963 0.0872275 0.128143 0.114873 0.10234 0.122269
          0.111724 0.0404981 0.133392 0.112549 0.0556251 0.134742 0.111256 0.0577452 0.142341
          0.111724 0.0404981 0.133392 0.111256 0.0577452 0.142341 0.110729 0.0405621 0.139196
          0.113806 0.0611792 0.153534 0.113746 0.0589589 0.140393 0.111256 0.0577452 0.142341
          0.113806 0.0611792 0.153534 0.111256 0.0577452 0.142341 0.111573 0.0600985 0.15352
          0.113276 0.0708412 0.142348 0.113746 0.0589589 0.140393 0.113806 0.0611792 0.153534
          0.113276 0.0708412 0.142348 0.113806 0.0611792 0.153534 0.113433 0.071655 0.150003
          0.112642 0.0731782 0.131202 0.111717 0.0871731 0.129587 0.111292 0.0860648 0.141398
          0.112642 0.0731782 0.131202 0.111292 0.0860648 0.141398 0.112344 0.0719688 0.142621
          0.110831 0.0971753 0.152134 0.111424 0.0872942 0.1514 0.111292 0.0860648 0.141398
          0.110831 0.0971753 0.152134 0.111292 0.0860648 0.141398 0.1111 0.100561 0.140772
          0.111131 0.101009 0.130273 0.1111 0.100561 0.140772 0.111292 0.0860648 0.141398
          0.111131 0.101009 0.130273 0.111292 0.0860648 0.141398 0.111717 0.0871731 0.129587
          0.11122 0.0724074 0.14916 0.112344 0.0719688 0.142621 0.111292 0.0860648 0.141398
          0.11122 0.0724074 0.14916 0.111292 0.0860648 0.141398 0.111424 0.0872942 0.1514
          0.114121 0.0809629 0.151337 0.113561 0.0802875 0.143254 0.113276 0.0708412 0.142348
          0.114121 0.0809629 0.151337 0.113276 0.0708412 0.142348 0.113433 0.071655 0.150003
          0.113724 0.129465 0.109289 0.11486 0.126952 0.0976442 0.11652 0.116826 0.0972323
          0.113724 0.129465 0.109289 0.11652 0.116826 0.0972323 0.113945 0.115615 0.11092
          0.113724 0.113988 0.124775 0.113945 0.115615 0.11092 0.116533 0.101928 0.112131
          0.113724 0.113988 0.124775 0.116533 0.101928 0.112131 0.114873 0.10234 0.122269
          0.107419 0.130864 0.126169 0.110427 0.130836 0.112883 0.109933 0.141034 0.113972
          0.107419 0.130864 0.126169 0.109933 0.141034 0.113972 0.106348 0.140201 0.127331
          0.111131 0.134998 0.0962994 0.111092 0.145471 0.0958678 0.109933 0.141034 0.113972
          0.111131 0.134998 0.0962994 0.109933 0.141034 0.113972 0.110427 0.130836 0.112883
          0.107419 0.130864 0.126169 0.106346 0.132027 0.135505 0.109944 0.118671 0.136338
          0.107419 0.130864 0.126169 0.109944 0.118671 0.136338 0.110438 0.117578 0.12614
          0.111131 0.101009 0.130273 0.110438 0.117578 0.12614 0.109944 0.118671 0.136338
          0.111131 0.101009 0.130273 0.109944 0.118671 0.136338 0.1111 0.100561 0.140772
          0.107419 0.130864 0.126169 0.106348 0.140201 0.127331 0.104305 0.141255 0.137033
          0.107419 0.130864 0.126169 0.104305 0.141255 0.137033 0.106346 0.132027 0.135505
          0.133119 0.0399097 -0.0259866 0.130468 0.0541283 -0.0249635 0.135579 0.0551651 -0.0128516
          0.133119 0.0399097 -0.0259866 0.135579 0.0551651 -0.0128516 0.128798 0.0402514 -0.0113632
          0.136697 -0.0219675 0.0358874 0.138964 -0.010074 0.0372548 0.136672 -0.0144291 0.0434304
          0.136697 -0.0219675 0.0358874 0.136672 -0.0144291 0.0434304 0.137516 -0.0231418 0.0495087
          0.115231 -0.0813882 -0.0860514 0.1138 -0.102829 -0.0873644 0.110081 -0.0994135 -0.103845
          0.115231 -0.0813882 -0.0860514 0.110081 -0.0994135 -0.103845 0.113631 -0.0825502 -0.1075
          0.119019 -0.037317 -0.088451 0.117843 -0.0372305 -0.101175 0.116282 -0.0217981 -0.101602
          0.119019 -0.037317 -0.088451 0.116282 -0.0217981 -0.101602 0.118545 -0.0221671 -0.0899306
          0.116282 -0.0217981 -0.101602 0.117522 -0.00628264 -0.101506 0.120127 -0.0064436 -0.0906191
          0.116282 -0.0217981 -0.101602 0.120127 -0.0064436 -0.0906191 0.118545 -0.0221671 -0.0899306
          0.122611 0.0243859 -0.0892018 0.117619 0.0236383 -0.100602 0.115813 0.0390909 -0.103515
          0.122611 0.0243859 -0.0892018 0.115813 0.0390909 -0.103515 0.121053 0.0394487 -0.0876821
          0.11844 0.0553841 -0.0864684 0.121053 0.0394487 -0.0876821 0.115813 0.0390909 -0.103515
          0.11844 0.0553841 -0.0864684 0.115813 0.0390909 -0.103515 0.113319 0.0446123 -0.10941
          0.11844 0.0553841 -0.0864684 0.113319 0.0446123 -0.10941 0.112902 0.0553921 -0.107313
          0.117532 -0.0865911 -0.0702601 0.115275 -0.0987213 -0.0725216 0.112207 -0.106884 -0.0740027
          0.117532 -0.0865911 -0.0702601 0.112207 -0.106884 -0.0740027 0.1138 -0.102829 -0.0873644
          0.117532 -0.0865911 -0.0702601 0.1138 -0.102829 -0.0873644 0.115231 -0.0813882 -0.0860514
          0.117009 -0.0982255 -0.0273352 0.114773 -0.0985906 -0.0419469 0.119156 -0.0838514 -0.0419673
          0.117009 -0.0982255 -0.0273352 0.119156 -0.0838514 -0.0419673 0.118443 -0.0852658 -0.0269175
          0.117329 -0.0656557 -0.0910163 0.119345 -0.0698836 -0.0742284 0.117532 -0.0865911 -0.0702601
          0.117329 -0.0656557 -0.0910163 0.117532 -0.0865911 -0.0702601 0.115231 -0.0813882 -0.0860514
          0.131771 -0.0195487 -0.0833369 0.128942 -0.0338733 -0.0850051 0.129884 -0.0362174 -0.0718189
          0.131771 -0.0195487 -0.0833369 0.129884 -0.0362174 -0.0718189 0.13224 -0.0224381 -0.0729668
          0.129884 -0.0362174 -0.0718189 0.128942 -0.0338733 -0.0850051 0.126233 -0.0379897 -0.0898247
          0.129884 -0.0362174 -0.0718189 0.126233 -0.0379897 -0.0898247 0.125991 -0.0541806 -0.0894753
          0.129884 -0.0362174 -0.0718189 0.125991 -0.0541806 -0.0894753 0.127313 -0.0545735 -0.0755289
          0.129884 -0.0362174 -0.0718189 0.127313 -0.0545735 -0.0755289 0.129141 -0.0496273 -0.0703138
          0.125482 -0.0231212 -0.0745674 0.122313 -0.0391073 -0.0780818 0.119019 -0.037317 -0.088451
          0.125482 -0.0231212 -0.0745674 0.119019 -0.037317 -0.088451 0.118545 -0.0221671 -0.0899306
          0.133626 -0.0800468 -0.0254494 0.134571 -0.0679307 -0.0266103 0.130656 -0.0671473 -0.041034
          0.133626 -0.0800468 -0.0254494 0.130656 -0.0671473 -0.041034 0.130095 -0.0776641 -0.0409398
          0.119156 -0.0838514 -0.0419673 0.121487 -0.0723711 -0.0435875 0.120359 -0.0674162 -0.0255178
          0.119156 -0.0838514 -0.0419673 0.120359 -0.0674162 -0.0255178 0.118443 -0.0852658 -0.0269175
          0.126013 -0.0377581 -0.030591 0.124867 -0.0378011 -0.0431888 0.127238 -0.0234079 -0.0426662
          0.126013 -0.0377581 -0.030591 0.127238 -0.0234079 -0.0426662 0.126998 -0.0230376 -0.0322324
          0.123324 0.0374968 -0.0752621 0.124459 0.0244337 -0.0792124 0.122611 0.0243859 -0.0892018
          0.123324 0.0374968 -0.0752621 0.122611 0.0243859 -0.0892018 0.121053 0.0394487 -0.0876821
          0.124459 0.0244337 -0.0792124 0.123324 0.0374968 -0.0752621 0.125874 0.0444905 -0.0602844
          0.124459 0.0244337 -0.0792124 0.125874 0.0444905 -0.0602844 0.127977 0.0385588 -0.0549119
          0.124459 0.0244337 -0.0792124 0.127977 0.0385588 -0.0549119 0.135978 0.0260781 -0.0544127
          0.136308 -0.0168118 -0.0234111 0.136141 -0.00967048 -0.0281313 0.134557 -0.00744911 -0.0410248
          0.136308 -0.0168118 -0.0234111 0.134557 -0.00744911 -0.0410248 0.133576 -0.0223979 -0.042104
          0.136308 -0.0168118 -0.0234111 0.126998 -0.0230376 -0.0322324 0.127178 -0.0131603 -0.0316795
          0.136308 -0.0168118 -0.0234111 0.127178 -0.0131603 -0.0316795 0.136141 -0.00967048 -0.0281313
          0.134557 -0.00744911 -0.0410248 0.12751 -0.0123989 -0.0391973 0.127238 -0.0234079 -0.0426662
          0.134557 -0.00744911 -0.0410248 0.127238 -0.0234079 -0.0426662 0.133576 -0.0223979 -0.042104
          0.143866 0.0351428 -0.0336748 0.14266 0.041564 -0.0427448 0.138741 0.0257231 -0.0442942
          0.143866 0.0351428 -0.0336748 0.138741 0.0257231 -0.0442942 0.144089 0.0233583 -0.03112
          0.11844 0.0553841 -0.0864684 0.121942 0.0563633 -0.075069 0.123324 0.0374968 -0.0752621
          0.11844 0.0553841 -0.0864684 0.123324 0.0374968 -0.0752621 0.121053 0.0394487 -0.0876821
          0.117326 0.101069 -0.0721643 0.121115 0.08641 -0.0724844 0.117297 0.086221 -0.0870131
          0.117326 0.101069 -0.0721643 0.117297 0.086221 -0.0870131 0.116978 0.101548 -0.0875034
          0.129428 0.099767 -0.0272654 0.130273 0.0950598 -0.0456207 0.132807 0.0861463 -0.0405566
          0.129428 0.099767 -0.0272654 0.132807 0.0861463 -0.0405566 0.131489 0.0860012 -0.0258393
          0.127103 0.0891596 -0.0282677 0.122167 0.0891652 -0.0423252 0.118523 0.100392 -0.0414514
          0.127103 0.0891596 -0.0282677 0.118523 0.100392 -0.0414514 0.121244 0.101615 -0.0255053
          0.14477 0.0514621 -0.0310243 0.146085 0.0556419 -0.0417168 0.14465 0.0450157 -0.0374744
          0.14477 0.0514621 -0.0310243 0.14465 0.0450157 -0.0374744 0.147111 0.0411177 -0.0269054
          0.118523 0.100392 -0.0414514 0.112976 0.121195 -0.0414643 0.113328 0.123413 -0.0305219
          0.118523 0.100392 -0.0414514 0.113328 0.123413 -0.0305219 0.115789 0.117549 -0.024998
          0.118523 0.100392 -0.0414514 0.115789 0.117549 -0.024998 0.121244 0.101615 -0.0255053
          0.119699 -0.0858222 -0.0111343 0.117921 -0.0972854 -0.0116357 0.117009 -0.0982255 -0.0273352
          0.119699 -0.0858222 -0.0111343 0.117009 -0.0982255 -0.0273352 0.118443 -0.0852658 -0.0269175
          0.115825 -0.0962918 0.0346552 0.117637 -0.0967013 0.0201375 0.122124 -0.0848187 0.0201387
          0.115825 -0.0962918 0.0346552 0.122124 -0.0848187 0.0201387 0.12056 -0.0836995 0.0352493
          0.122124 -0.0848187 0.0201387 0.124574 -0.0741412 0.0194779 0.123652 -0.0714346 0.0323959
          0.122124 -0.0848187 0.0201387 0.123652 -0.0714346 0.0323959 0.12056 -0.0836995 0.0352493
          0.143484 -0.0280451 0.0297977 0.138974 -0.0232704 0.0240062 0.136712 -0.0303019 0.0277226
          0.143484 -0.0280451 0.0297977 0.136712 -0.0303019 0.0277226 0.137182 -0.0360875 0.0366168
          0.122539 0.103126 -0.0104629 0.124532 0.0932287 -0.0105088 0.127103 0.0891596 -0.0282677
          0.122539 0.103126 -0.0104629 0.127103 0.0891596 -0.0282677 0.121244 0.101615 -0.0255053
          0.141905 0.036506 0.0317651 0.133203 0.0563341 0.0382451 0.135958 0.0557664 0.0277421
          0.141905 0.036506 0.0317651 0.135958 0.0557664 0.0277421 0.138358 0.0418221 0.0235229
          0.131662 0.0975243 0.0335635 0.13019 0.0977647 0.0206557 0.134592 0.0834153 0.0224284
          0.131662 0.0975243 0.0335635 0.134592 0.0834153 0.0224284 0.131758 0.0859049 0.0356125
          0.131662 0.0975243 0.0335635 0.123775 0.116503 0.0340359 0.125091 0.117464 0.0220491
          0.131662 0.0975243 0.0335635 0.125091 0.117464 0.0220491 0.13019 0.0977647 0.0206557
          0.115789 0.117549 -0.024998 0.117477 0.114685 -0.00971493 0.122539 0.103126 -0.0104629
          0.115789 0.117549 -0.024998 0.122539 0.103126 -0.0104629 0.121244 0.101615 -0.0255053
          0.120013 0.104662 0.0204642 0.117462 0.115516 0.0201684 0.116049 0.115494 0.035593
          0.120013 0.104662 0.0204642 0.116049 0.115494 0.035593 0.118442 0.103717 0.0361544
          0.117822 -0.0827398 0.0504583 0.113258 -0.0970843 0.0505352 0.115825 -0.0962918 0.0346552
          0.117822 -0.0827398 0.0504583 0.115825 -0.0962918 0.0346552 0.12056 -0.0836995 0.0352493
          0.123652 -0.0714346 0.0323959 0.121867 -0.0704112 0.0516272 0.117822 -0.0827398 0.0504583
          0.123652 -0.0714346 0.0323959 0.117822 -0.0827398 0.0504583 0.12056 -0.0836995 0.0352493
          0.117139 -0.0822536 0.0814963 0.121132 -0.0677902 0.0817045 0.117302 -0.0674812 0.0963757
          0.117139 -0.0822536 0.0814963 0.117302 -0.0674812 0.0963757 0.116882 -0.0828909 0.09672
          0.129283 -0.0225434 0.0951563 0.129507 -0.0219223 0.0825176 0.132114 -0.0362123 0.0817263
          0.129283 -0.0225434 0.0951563 0.132114 -0.0362123 0.0817263 0.129987 -0.0411994 0.0902386
          0.118484 -0.0367662 0.0957085 0.122117 -0.0376581 0.0844553 0.127604 -0.0238382 0.0843568
          0.118484 -0.0367662 0.0957085 0.127604 -0.0238382 0.0843568 0.121237 -0.0208213 0.096936
          0.143967 -0.0322819 0.0410352 0.145235 -0.0370055 0.050931 0.143242 -0.0275844 0.0458306
          0.143967 -0.0322819 0.0410352 0.143242 -0.0275844 0.0458306 0.144693 -0.0221274 0.0362192
          0.141905 0.036506 0.0317651 0.134624 0.0285279 0.0406551 0.135972 0.0326566 0.0510784
          0.141905 0.036506 0.0317651 0.135972 0.0326566 0.0510784 0.132855 0.0429953 0.051659
          0.127604 -0.0238382 0.0843568 0.124702 -0.00563108 0.0881965 0.122614 -0.0057566 0.0984337
          0.127604 -0.0238382 0.0843568 0.122614 -0.0057566 0.0984337 0.121237 -0.0208213 0.096936
          0.130991 0.0376508 0.0921191 0.131296 0.0403024 0.0811771 0.134786 0.0273171 0.0787249
          0.130991 0.0376508 0.0921191 0.134786 0.0273171 0.0787249 0.127712 0.0251183 0.09027
          0.130991 0.0376508 0.0921191 0.127712 0.0251183 0.09027 0.124386 0.0270389 0.111566
          0.130991 0.0376508 0.0921191 0.124386 0.0270389 0.111566 0.123215 0.0383771 0.111298
          0.130991 0.0376508 0.0921191 0.123215 0.0383771 0.111298 0.126137 0.0406515 0.100447
          0.120003 0.0251417 0.0999514 0.126935 0.0244926 0.091342 0.125553 0.0417786 0.0841402
          0.120003 0.0251417 0.0999514 0.125553 0.0417786 0.0841402 0.118441 0.0408757 0.0989922
          0.125436 0.0568888 0.0391919 0.124341 0.0573669 0.0526719 0.126335 0.0439952 0.0522772
          0.125436 0.0568888 0.0391919 0.126335 0.0439952 0.0522772 0.126164 0.044787 0.0401188
          0.131662 0.0975243 0.0335635 0.131758 0.0859049 0.0356125 0.128562 0.0864075 0.0485949
          0.131662 0.0975243 0.0335635 0.128562 0.0864075 0.0485949 0.129199 0.0978496 0.0451138
          0.118912 0.101907 0.0508066 0.12196 0.092304 0.0529767 0.125454 0.0888161 0.0370601
          0.118912 0.101907 0.0508066 0.125454 0.0888161 0.0370601 0.118442 0.103717 0.0361544
          0.130991 0.0376508 0.0921191 0.128857 0.0496689 0.0930862 0.128373 0.0533167 0.0816967
          0.130991 0.0376508 0.0921191 0.128373 0.0533167 0.0816967 0.131296 0.0403024 0.0811771
          0.130991 0.0376508 0.0921191 0.126137 0.0406515 0.100447 0.125858 0.0559574 0.0978099
          0.130991 0.0376508 0.0921191 0.125858 0.0559574 0.0978099 0.128857 0.0496689 0.0930862
          0.125553 0.0417786 0.0841402 0.121987 0.0576731 0.0876991 0.118928 0.0555015 0.0972118
          0.125553 0.0417786 0.0841402 0.118928 0.0555015 0.0972118 0.118441 0.0408757 0.0989922
          0.128373 0.0533167 0.0816967 0.128857 0.0496689 0.0930862 0.125858 0.0559574 0.0978099
          0.128373 0.0533167 0.0816967 0.125858 0.0559574 0.0978099 0.125516 0.0724862 0.0985022
          0.128373 0.0533167 0.0816967 0.125516 0.0724862 0.0985022 0.126796 0.0732357 0.0829269
          0.117518 0.0834388 0.0994376 0.119232 0.0880916 0.0833962 0.117505 0.104155 0.0787138
          0.117518 0.0834388 0.0994376 0.117505 0.104155 0.0787138 0.114759 0.100677 0.0959818
          0.116049 0.115494 0.035593 0.117997 0.114237 0.0499548 0.118912 0.101907 0.0508066
          0.116049 0.115494 0.035593 0.118912 0.101907 0.0508066 0.118442 0.103717 0.0361544
          0.118484 -0.0367662 0.0957085 0.121237 -0.0208213 0.096936 0.115706 -0.0203405 0.112778
          0.118484 -0.0367662 0.0957085 0.115706 -0.0203405 0.112778 0.113247 -0.0258544 0.118652
          0.118484 -0.0367662 0.0957085 0.113247 -0.0258544 0.118652 0.112915 -0.0367654 0.116499
          0.122614 -0.0057566 0.0984337 0.117484 -0.00501764 0.109987 0.115706 -0.0203405 0.112778
          0.122614 -0.0057566 0.0984337 0.115706 -0.0203405 0.112778 0.121237 -0.0208213 0.096936
          0.116055 0.0402881 0.110798 0.117463 0.0248633 0.11082 0.120003 0.0251417 0.0999514
          0.116055 0.0402881 0.110798 0.120003 0.0251417 0.0999514 0.118441 0.0408757 0.0989922
          0.118928 0.0555015 0.0972118 0.11801 0.0546488 0.109538 0.116055 0.0402881 0.110798
          0.118928 0.0555015 0.0972118 0.116055 0.0402881 0.110798 0.118441 0.0408757 0.0989922
          0.109754 -0.114114 -0.118887 0.106406 -0.113425 -0.126341 0.104415 -0.122674 -0.127771
          0.109754 -0.114114 -0.118887 0.104415 -0.122674 -0.127771 0.106466 -0.121594 -0.118171
          0.108343 0.115011 -0.119732 0.10761 0.111476 -0.1289 0.108585 0.0989071 -0.131519
          0.108343 0.115011 -0.119732 0.108585 0.0989071 -0.131519 0.11581 0.0994538 -0.112999
          0.108343 0.115011 -0.119732 0.11581 0.0994538 -0.112999 0.113998 0.116645 -0.112454
          0.134901 -0.0558214 -0.0134433 0.12091 -0.0705976 -0.0104061 0.120359 -0.0674162 -0.0255178
          0.134901 -0.0558214 -0.0134433 0.120359 -0.0674162 -0.0255178 0.122434 -0.0525319 -0.0292317
          0.135089 -0.0601337 0.00389455 0.125566 -0.0717199 0.00369868 0.12091 -0.0705976 -0.0104061
          0.135089 -0.0601337 0.00389455 0.12091 -0.0705976 -0.0104061 0.134901 -0.0558214 -0.0134433
          0.128021 0.068843 -0.0246461 0.136172 0.0682952 -0.0121683 0.135579 0.0551651 -0.0128516
          0.128021 0.068843 -0.0246461 0.135579 0.0551651 -0.0128516 0.130468 0.0541283 -0.0249635
          0.136109 0.0712097 -0.00475345 0.135462 0.0561474 -0.00383958 0.135579 0.0551651 -0.0128516
          0.136109 0.0712097 -0.00475345 0.135579 0.0551651 -0.0128516 0.136172 0.0682952 -0.0121683
          0.108372 -0.126839 0.0941766 0.107482 -0.124273 0.106675 0.108212 -0.11512 0.11016
          0.108372 -0.126839 0.0941766 0.108212 -0.11512 0.11016 0.11393 -0.107757 0.111684
          0.108372 -0.126839 0.0941766 0.11393 -0.107757 0.111684 0.115761 -0.108329 0.0947222
          0.109584 0.132767 0.128072 0.112164 0.13414 0.114467 0.113724 0.129465 0.109289
          0.109584 0.132767 0.128072 0.113724 0.129465 0.109289 0.113945 0.115615 0.11092
          0.109584 0.132767 0.128072 0.113945 0.115615 0.11092 0.113724 0.113988 0.124775
          0.109584 0.132767 0.128072 0.113724 0.113988 0.124775 0.112165 0.119162 0.129445
          0.109754 -0.114114 -0.118887 0.112208 -0.100522 -0.120145 0.109972 -0.100016 -0.127096
          0.109754 -0.114114 -0.118887 0.109972 -0.100016 -0.127096 0.106406 -0.113425 -0.126341
          0.112099 -0.0853234 -0.124185 0.111155 -0.0818672 -0.131495 0.109972 -0.100016 -0.127096
          0.112099 -0.0853234 -0.124185 0.109972 -0.100016 -0.127096 0.112208 -0.100522 -0.120145
          0.109754 -0.114114 -0.118887 0.106466 -0.121594 -0.118171 0.109906 -0.121753 -0.105231
          0.109754 -0.114114 -0.118887 0.109906 -0.121753 -0.105231 0.112243 -0.115112 -0.105467
          0.114039 -0.0699229 -0.118728 0.116294 -0.0499765 -0.114415 0.113572 -0.0523458 -0.133167
          0.114039 -0.0699229 -0.118728 0.113572 -0.0523458 -0.133167 0.113784 -0.0649915 -0.134414
          0.111287 -0.0537779 -0.139893 0.111465 -0.0686616 -0.142172 0.114183 -0.062319 -0.142012
          0.111287 -0.0537779 -0.139893 0.114183 -0.062319 -0.142012 0.113507 -0.0530575 -0.140768
          0.113572 -0.0523458 -0.133167 0.116294 -0.0499765 -0.114415 0.116837 -0.0394969 -0.114122
          0.113572 -0.0523458 -0.133167 0.116837 -0.0394969 -0.114122 0.114004 -0.0402818 -0.131254
          0.120083 -0.0512982 -0.10383 0.116294 -0.0499765 -0.114415 0.114039 -0.0699229 -0.118728
          0.120083 -0.0512982 -0.10383 0.114039 -0.0699229 -0.118728 0.119071 -0.0679901 -0.102734
          0.117329 -0.0656557 -0.0910163 0.115289 -0.0683948 -0.102767 0.114593 -0.0518485 -0.101082
          0.117329 -0.0656557 -0.0910163 0.114593 -0.0518485 -0.101082 0.118035 -0.0524237 -0.087986
          0.116837 -0.0394969 -0.114122 0.116294 -0.0499765 -0.114415 0.120083 -0.0512982 -0.10383
          0.116837 -0.0394969 -0.114122 0.120083 -0.0512982 -0.10383 0.121031 -0.0382183 -0.103027
          0.116282 -0.0217981 -0.101602 0.117843 -0.0372305 -0.101175 0.112691 -0.0375346 -0.125972
          0.116282 -0.0217981 -0.101602 0.112691 -0.0375346 -0.125972 0.111855 -0.0218857 -0.124276
          0.119019 -0.037317 -0.088451 0.118035 -0.0524237 -0.087986 0.114593 -0.0518485 -0.101082
          0.119019 -0.037317 -0.088451 0.114593 -0.0518485 -0.101082 0.117843 -0.0372305 -0.101175
          0.115498 0.00945673 -0.12976 0.1065 0.0126351 -0.135817 0.111935 -0.00556753 -0.12846
          0.115498 0.00945673 -0.12976 0.111935 -0.00556753 -0.12846 0.11432 -0.00656313 -0.129832
          0.117513 -0.00620775 -0.118091 0.118676 0.00934378 -0.118269 0.115498 0.00945673 -0.12976
          0.117513 -0.00620775 -0.118091 0.115498 0.00945673 -0.12976 0.11432 -0.00656313 -0.129832
          0.11123 0.00999068 -0.12508 0.118285 0.00739946 -0.102533 0.117522 -0.00628264 -0.101506
          0.11123 0.00999068 -0.12508 0.117522 -0.00628264 -0.101506 0.112646 -0.00580029 -0.125008
          0.10803 0.0151216 -0.143588 0.1065 0.0126351 -0.135817 0.110187 0.0248463 -0.13745
          0.10803 0.0151216 -0.143588 0.110187 0.0248463 -0.13745 0.106601 0.025903 -0.140229
          0.115498 0.00945673 -0.12976 0.114622 0.0230899 -0.130272 0.110187 0.0248463 -0.13745
          0.115498 0.00945673 -0.12976 0.110187 0.0248463 -0.13745 0.1065 0.0126351 -0.135817
          0.115498 0.00945673 -0.12976 0.118676 0.00934378 -0.118269 0.117765 0.0247869 -0.11828
          0.115498 0.00945673 -0.12976 0.117765 0.0247869 -0.11828 0.114622 0.0230899 -0.130272
          0.126112 0.00930119 -0.103777 0.118676 0.00934378 -0.118269 0.117513 -0.00620775 -0.118091
          0.126112 0.00930119 -0.103777 0.117513 -0.00620775 -0.118091 0.125095 -0.00802991 -0.103615
          0.116282 -0.0217981 -0.101602 0.111855 -0.0218857 -0.124276 0.112646 -0.00580029 -0.125008
          0.116282 -0.0217981 -0.101602 0.112646 -0.00580029 -0.125008 0.117522 -0.00628264 -0.101506
          0.120127 -0.0064436 -0.0906191 0.117522 -0.00628264 -0.101506 0.118285 0.00739946 -0.102533
          0.120127 -0.0064436 -0.0906191 0.118285 0.00739946 -0.102533 0.122007 0.00927312 -0.0899607
          0.117765 0.0247869 -0.11828 0.118676 0.00934378 -0.118269 0.126112 0.00930119 -0.103777
          0.117765 0.0247869 -0.11828 0.126112 0.00930119 -0.103777 0.124731 0.0252572 -0.106804
          0.115813 0.0390909 -0.103515 0.117619 0.0236383 -0.100602 0.111463 0.0243373 -0.125675
          0.115813 0.0390909 -0.103515 0.111463 0.0243373 -0.125675 0.113611 0.0412125 -0.121502
          0.115813 0.0390909 -0.103515 0.113611 0.0412125 -0.121502 0.113319 0.0446123 -0.10941
          0.122611 0.0243859 -0.0892018 0.122007 0.00927312 -0.0899607 0.118285 0.00739946 -0.102533
          0.122611 0.0243859 -0.0892018 0.118285 0.00739946 -0.102533 0.117619 0.0236383 -0.100602
          0.115043 0.0555044 -0.117982 0.114659 0.072064 -0.118443 0.111463 0.0661624 -0.129589
          0.115043 0.0555044 -0.117982 0.111463 0.0661624 -0.129589 0.111593 0.0565701 -0.12935
          0.10734 0.0952711 -0.141494 0.108358 0.08737 -0.140775 0.108428 0.0874524 -0.134336
          0.10734 0.0952711 -0.141494 0.108428 0.0874524 -0.134336 0.108585 0.0989071 -0.131519
          0.107601 0.0782096 -0.141656 0.109045 0.0748706 -0.13187 0.108428 0.0874524 -0.134336
          0.107601 0.0782096 -0.141656 0.108428 0.0874524 -0.134336 0.108358 0.08737 -0.140775
          0.120914 0.0691635 -0.100225 0.114659 0.072064 -0.118443 0.115043 0.0555044 -0.117982
          0.120914 0.0691635 -0.100225 0.115043 0.0555044 -0.117982 0.121276 0.0581402 -0.102185
          0.112902 0.0553921 -0.107313 0.111544 0.0739863 -0.109849 0.115813 0.0730479 -0.0896034
          0.112902 0.0553921 -0.107313 0.115813 0.0730479 -0.0896034 0.11844 0.0553841 -0.0864684
          0.115187 0.0889937 -0.11451 0.114659 0.072064 -0.118443 0.120914 0.0691635 -0.100225
          0.115187 0.0889937 -0.11451 0.120914 0.0691635 -0.100225 0.119722 0.0879651 -0.102242
          0.111544 0.0739863 -0.109849 0.111608 0.0860101 -0.107945 0.117297 0.086221 -0.0870131
          0.111544 0.0739863 -0.109849 0.117297 0.086221 -0.0870131 0.115813 0.0730479 -0.0896034
          0.10601 0.137319 -0.118249 0.10648 0.147831 -0.119894 0.10437 0.148647 -0.132747
          0.10601 0.137319 -0.118249 0.10437 0.148647 -0.132747 0.105388 0.14169 -0.132793
          0.102062 0.157251 -0.142743 0.102982 0.149188 -0.140429 0.10437 0.148647 -0.132747
          0.102062 0.157251 -0.142743 0.10437 0.148647 -0.132747 0.103723 0.154193 -0.132203
          0.104042 0.140629 -0.142952 0.105388 0.14169 -0.132793 0.10437 0.148647 -0.132747
          0.104042 0.140629 -0.142952 0.10437 0.148647 -0.132747 0.102982 0.149188 -0.140429
          0.104952 0.154972 -0.120358 0.103723 0.154193 -0.132203 0.10437 0.148647 -0.132747
          0.104952 0.154972 -0.120358 0.10437 0.148647 -0.132747 0.10648 0.147831 -0.119894
          0.113935 0.12701 -0.102496 0.114083 0.1279 -0.112639 0.113998 0.116645 -0.112454
          0.113935 0.12701 -0.102496 0.113998 0.116645 -0.112454 0.116059 0.1166 -0.10255
          0.10601 0.137319 -0.118249 0.114083 0.1279 -0.112639 0.113935 0.12701 -0.102496
          0.10601 0.137319 -0.118249 0.113935 0.12701 -0.102496 0.108663 0.136768 -0.103761
          0.10601 0.137319 -0.118249 0.108663 0.136768 -0.103761 0.10627 0.146989 -0.106166
          0.10601 0.137319 -0.118249 0.10627 0.146989 -0.106166 0.10648 0.147831 -0.119894
          0.11375 0.107357 -0.0933097 0.11255 0.120425 -0.090603 0.111635 0.122032 -0.0720246
          0.11375 0.107357 -0.0933097 0.111635 0.122032 -0.0720246 0.117326 0.101069 -0.0721643
          0.11375 0.107357 -0.0933097 0.117326 0.101069 -0.0721643 0.116978 0.101548 -0.0875034
          0.111601 0.139185 -0.0884537 0.108663 0.136768 -0.103761 0.113935 0.12701 -0.102496
          0.111601 0.139185 -0.0884537 0.113935 0.12701 -0.102496 0.115823 0.127038 -0.0853805
          0.104952 0.154972 -0.120358 0.10648 0.147831 -0.119894 0.10627 0.146989 -0.106166
          0.104952 0.154972 -0.120358 0.10627 0.146989 -0.106166 0.106441 0.15595 -0.110567
          0.111601 0.139185 -0.0884537 0.108416 0.146108 -0.086117 0.10627 0.146989 -0.106166
          0.111601 0.139185 -0.0884537 0.10627 0.146989 -0.106166 0.108663 0.136768 -0.103761
          0.111321 -0.123095 -0.0742889 0.11471 -0.124255 -0.0696851 0.115113 -0.113851 -0.072563
          0.111321 -0.123095 -0.0742889 0.115113 -0.113851 -0.072563 0.114694 -0.111211 -0.087973
          0.111321 -0.123095 -0.0742889 0.114694 -0.111211 -0.087973 0.110992 -0.122343 -0.0896063
          0.111321 -0.123095 -0.0742889 0.111744 -0.121244 -0.0644551 0.114609 -0.122429 -0.0570625
          0.111321 -0.123095 -0.0742889 0.114609 -0.122429 -0.0570625 0.11471 -0.124255 -0.0696851
          0.114609 -0.122429 -0.0570625 0.115099 -0.112629 -0.0569964 0.115113 -0.113851 -0.072563
          0.114609 -0.122429 -0.0570625 0.115113 -0.113851 -0.072563 0.11471 -0.124255 -0.0696851
          0.112391 -0.116783 -0.0620882 0.111481 -0.114874 -0.0751396 0.112207 -0.106884 -0.0740027
          0.112391 -0.116783 -0.0620882 0.112207 -0.106884 -0.0740027 0.115275 -0.0987213 -0.0725216
          0.112391 -0.116783 -0.0620882 0.115275 -0.0987213 -0.0725216 0.114901 -0.0977383 -0.0560284
          0.112391 -0.116783 -0.0620882 0.114901 -0.0977383 -0.0560284 0.113492 -0.112531 -0.0568111
          0.115113 -0.113851 -0.072563 0.115099 -0.112629 -0.0569964 0.120706 -0.099619 -0.0562139
          0.115113 -0.113851 -0.072563 0.120706 -0.099619 -0.0562139 0.119415 -0.0984882 -0.07258
          0.117532 -0.0865911 -0.0702601 0.118229 -0.0833972 -0.057054 0.114901 -0.0977383 -0.0560284
          0.117532 -0.0865911 -0.0702601 0.114901 -0.0977383 -0.0560284 0.115275 -0.0987213 -0.0725216
          0.117596 -0.109223 -0.0436349 0.115099 -0.112629 -0.0569964 0.114609 -0.122429 -0.0570625
          0.117596 -0.109223 -0.0436349 0.114609 -0.122429 -0.0570625 0.114207 -0.125762 -0.0399291
          0.113177 -0.139225 -0.037408 0.114207 -0.125762 -0.0399291 0.110283 -0.132231 -0.0370046
          0.113177 -0.139225 -0.037408 0.110283 -0.132231 -0.0370046 0.112314 -0.137813 -0.0347368
          0.111714 -0.12955 -0.0263155 0.110283 -0.132231 -0.0370046 0.114207 -0.125762 -0.0399291
          0.111714 -0.12955 -0.0263155 0.114207 -0.125762 -0.0399291 0.114428 -0.112734 -0.0421349
          0.111714 -0.12955 -0.0263155 0.114428 -0.112734 -0.0421349 0.113945 -0.113349 -0.0270142
          0.111714 -0.12955 -0.0263155 0.113945 -0.113349 -0.0270142 0.112597 -0.119684 -0.02362
          0.110799 -0.139234 -0.0300214 0.111714 -0.12955 -0.0263155 0.113892 -0.128707 -0.0252537
          0.110799 -0.139234 -0.0300214 0.113892 -0.128707 -0.0252537 0.112263 -0.138778 -0.0306584
          0.110799 -0.139234 -0.0300214 0.112263 -0.138778 -0.0306584 0.113177 -0.139225 -0.037408
          0.110799 -0.139234 -0.0300214 0.113177 -0.139225 -0.037408 0.112314 -0.137813 -0.0347368
          0.120706 -0.099619 -0.0562139 0.115099 -0.112629 -0.0569964 0.117596 -0.109223 -0.0436349
          0.120706 -0.099619 -0.0562139 0.117596 -0.109223 -0.0436349 0.121811 -0.0992399 -0.0425705
          0.114901 -0.0977383 -0.0560284 0.118229 -0.0833972 -0.057054 0.119156 -0.0838514 -0.0419673
          0.114901 -0.0977383 -0.0560284 0.119156 -0.0838514 -0.0419673 0.114773 -0.0985906 -0.0419469
          0.117009 -0.0982255 -0.0273352 0.113945 -0.113349 -0.0270142 0.114428 -0.112734 -0.0421349
          0.117009 -0.0982255 -0.0273352 0.114428 -0.112734 -0.0421349 0.114773 -0.0985906 -0.0419469
          0.127313 -0.0545735 -0.0755289 0.124981 -0.0673738 -0.0729056 0.129242 -0.0677627 -0.0513152
          0.127313 -0.0545735 -0.0755289 0.129242 -0.0677627 -0.0513152 0.128798 -0.0557502 -0.0560496
          0.127313 -0.0545735 -0.0755289 0.128798 -0.0557502 -0.0560496 0.129141 -0.0496273 -0.0703138
          0.122008 -0.0515092 -0.0783363 0.119345 -0.0698836 -0.0742284 0.117329 -0.0656557 -0.0910163
          0.122008 -0.0515092 -0.0783363 0.117329 -0.0656557 -0.0910163 0.118035 -0.0524237 -0.087986
          0.122204 -0.0736993 -0.0561449 0.118229 -0.0833972 -0.057054 0.117532 -0.0865911 -0.0702601
          0.122204 -0.0736993 -0.0561449 0.117532 -0.0865911 -0.0702601 0.119345 -0.0698836 -0.0742284
          0.119019 -0.037317 -0.088451 0.122313 -0.0391073 -0.0780818 0.122008 -0.0515092 -0.0783363
          0.119019 -0.037317 -0.088451 0.122008 -0.0515092 -0.0783363 0.118035 -0.0524237 -0.087986
          0.125482 -0.0231212 -0.0745674 0.127061 -0.0283914 -0.0572066 0.125351 -0.0381798 -0.0578015
          0.125482 -0.0231212 -0.0745674 0.125351 -0.0381798 -0.0578015 0.122313 -0.0391073 -0.0780818
          0.136246 -0.0178659 -0.0609214 0.13224 -0.0224381 -0.0729668 0.129884 -0.0362174 -0.0718189
          0.136246 -0.0178659 -0.0609214 0.129884 -0.0362174 -0.0718189 0.128678 -0.0370398 -0.0576595
          0.119156 -0.0838514 -0.0419673 0.118229 -0.0833972 -0.057054 0.122204 -0.0736993 -0.0561449
          0.119156 -0.0838514 -0.0419673 0.122204 -0.0736993 -0.0561449 0.121487 -0.0723711 -0.0435875
          0.128304 -0.0795014 -0.0525999 0.130095 -0.0776641 -0.0409398 0.130656 -0.0671473 -0.041034
          0.128304 -0.0795014 -0.0525999 0.130656 -0.0671473 -0.041034 0.129242 -0.0677627 -0.0513152
          0.137569 -0.0540193 -0.0271921 0.130099 -0.0530581 -0.0417579 0.130656 -0.0671473 -0.041034
          0.137569 -0.0540193 -0.0271921 0.130656 -0.0671473 -0.041034 0.134571 -0.0679307 -0.0266103
          0.128798 -0.0557502 -0.0560496 0.129242 -0.0677627 -0.0513152 0.130656 -0.0671473 -0.041034
          0.128798 -0.0557502 -0.0560496 0.130656 -0.0671473 -0.041034 0.130099 -0.0530581 -0.0417579
          0.125351 -0.0381798 -0.0578015 0.127061 -0.0283914 -0.0572066 0.127238 -0.0234079 -0.0426662
          0.125351 -0.0381798 -0.0578015 0.127238 -0.0234079 -0.0426662 0.124867 -0.0378011 -0.0431888
          0.136246 -0.0178659 -0.0609214 0.128678 -0.0370398 -0.0576595 0.127573 -0.0379368 -0.0422758
          0.136246 -0.0178659 -0.0609214 0.127573 -0.0379368 -0.0422758 0.133576 -0.0223979 -0.042104
          0.126013 -0.0377581 -0.030591 0.122434 -0.0525319 -0.0292317 0.123847 -0.0530365 -0.0429614
          0.126013 -0.0377581 -0.030591 0.123847 -0.0530365 -0.0429614 0.124867 -0.0378011 -0.0431888
          0.137569 -0.0540193 -0.0271921 0.136086 -0.0405065 -0.0236293 0.127573 -0.0379368 -0.0422758
          0.137569 -0.0540193 -0.0271921 0.127573 -0.0379368 -0.0422758 0.130099 -0.0530581 -0.0417579
          0.122434 -0.0525319 -0.0292317 0.126013 -0.0377581 -0.030591 0.136086 -0.0405065 -0.0236293
          0.122434 -0.0525319 -0.0292317 0.136086 -0.0405065 -0.0236293 0.134662 -0.043904 -0.0173312
          0.122434 -0.0525319 -0.0292317 0.134662 -0.043904 -0.0173312 0.134901 -0.0558214 -0.0134433
          0.126547 0.00803184 -0.0772548 0.126022 -0.00763565 -0.0767422 0.120127 -0.0064436 -0.0906191
          0.126547 0.00803184 -0.0772548 0.120127 -0.0064436 -0.0906191 0.122007 0.00927312 -0.0899607
          0.126547 0.00803184 -0.0772548 0.134962 0.0125305 -0.0699561 0.134686 -0.00886981 -0.0703311
          0.126547 0.00803184 -0.0772548 0.134686 -0.00886981 -0.0703311 0.126022 -0.00763565 -0.0767422
          0.122611 0.0243859 -0.0892018 0.124459 0.0244337 -0.0792124 0.126547 0.00803184 -0.0772548
          0.122611 0.0243859 -0.0892018 0.126547 0.00803184 -0.0772548 0.122007 0.00927312 -0.0899607
          0.134962 0.0125305 -0.0699561 0.126547 0.00803184 -0.0772548 0.124459 0.0244337 -0.0792124
          0.134962 0.0125305 -0.0699561 0.124459 0.0244337 -0.0792124 0.135978 0.0260781 -0.0544127
          0.134962 0.0125305 -0.0699561 0.135978 0.0260781 -0.0544127 0.136126 0.017243 -0.0574569
          0.131187 0.00954686 -0.0885432 0.134962 0.0125305 -0.0699561 0.131773 0.0261166 -0.0723099
          0.131187 0.00954686 -0.0885432 0.131773 0.0261166 -0.0723099 0.131581 0.0255157 -0.0840496
          0.138475 0.0374062 -0.0574592 0.13151 0.0397647 -0.0720768 0.131773 0.0261166 -0.0723099
          0.138475 0.0374062 -0.0574592 0.131773 0.0261166 -0.0723099 0.138175 0.0264046 -0.0580784
          0.136126 0.017243 -0.0574569 0.138175 0.0264046 -0.0580784 0.131773 0.0261166 -0.0723099
          0.136126 0.017243 -0.0574569 0.131773 0.0261166 -0.0723099 0.134962 0.0125305 -0.0699561
          0.138475 0.0374062 -0.0574592 0.138175 0.0264046 -0.0580784 0.138741 0.0257231 -0.0442942
          0.138475 0.0374062 -0.0574592 0.138741 0.0257231 -0.0442942 0.14266 0.041564 -0.0427448
          0.138149 0.00948346 -0.0276042 0.144089 0.0233583 -0.03112 0.138741 0.0257231 -0.0442942
          0.138149 0.00948346 -0.0276042 0.138741 0.0257231 -0.0442942 0.13466 0.017813 -0.0419249
          0.136126 0.017243 -0.0574569 0.13466 0.017813 -0.0419249 0.138741 0.0257231 -0.0442942
          0.136126 0.017243 -0.0574569 0.138741 0.0257231 -0.0442942 0.138175 0.0264046 -0.0580784
          0.123089 0.0717343 -0.0731154 0.121942 0.0563633 -0.075069 0.11844 0.0553841 -0.0864684
          0.123089 0.0717343 -0.0731154 0.11844 0.0553841 -0.0864684 0.115813 0.0730479 -0.0896034
          0.125118 0.06069 -0.0555721 0.125874 0.0444905 -0.0602844 0.123324 0.0374968 -0.0752621
          0.125118 0.06069 -0.0555721 0.123324 0.0374968 -0.0752621 0.121942 0.0563633 -0.075069
          0.127977 0.0385588 -0.0549119 0.125874 0.0444905 -0.0602844 0.125118 0.06069 -0.0555721
          0.127977 0.0385588 -0.0549119 0.125118 0.06069 -0.0555721 0.129926 0.0486934 -0.0531563
          0.133904 0.0679474 -0.0540223 0.125192 0.0776855 -0.0663384 0.127521 0.0755294 -0.0752075
          0.133904 0.0679474 -0.0540223 0.127521 0.0755294 -0.0752075 0.134574 0.0687722 -0.0730468
          0.127521 0.0755294 -0.0752075 0.125192 0.0776855 -0.0663384 0.127457 0.0891437 -0.0615352
          0.127521 0.0755294 -0.0752075 0.127457 0.0891437 -0.0615352 0.122132 0.0902585 -0.0763333
          0.117297 0.086221 -0.0870131 0.121115 0.08641 -0.0724844 0.123089 0.0717343 -0.0731154
          0.117297 0.086221 -0.0870131 0.123089 0.0717343 -0.0731154 0.115813 0.0730479 -0.0896034
          0.117326 0.101069 -0.0721643 0.115888 0.103542 -0.0591131 0.12306 0.0870391 -0.0578077
          0.117326 0.101069 -0.0721643 0.12306 0.0870391 -0.0578077 0.121115 0.08641 -0.0724844
          0.138475 0.0374062 -0.0574592 0.14266 0.041564 -0.0427448 0.14465 0.0450157 -0.0374744
          0.138475 0.0374062 -0.0574592 0.14465 0.0450157 -0.0374744 0.146085 0.0556419 -0.0417168
          0.138475 0.0374062 -0.0574592 0.146085 0.0556419 -0.0417168 0.145412 0.0591124 -0.0526326
          0.138475 0.0374062 -0.0574592 0.145412 0.0591124 -0.0526326 0.140098 0.0547438 -0.0578211
          0.138824 0.0708061 -0.0228728 0.139563 0.0715207 -0.040953 0.14505 0.0662985 -0.0453355
          0.138824 0.0708061 -0.0228728 0.14505 0.0662985 -0.0453355 0.146085 0.0556419 -0.0417168
          0.138824 0.0708061 -0.0228728 0.146085 0.0556419 -0.0417168 0.14477 0.0514621 -0.0310243
          0.138824 0.0708061 -0.0228728 0.14477 0.0514621 -0.0310243 0.142596 0.0567032 -0.0274162
          0.12306 0.0870391 -0.0578077 0.115888 0.103542 -0.0591131 0.118523 0.100392 -0.0414514
          0.12306 0.0870391 -0.0578077 0.118523 0.100392 -0.0414514 0.122167 0.0891652 -0.0423252
          0.129924 0.096325 -0.05274 0.134536 0.0869658 -0.054812 0.132807 0.0861463 -0.0405566
          0.129924 0.096325 -0.05274 0.132807 0.0861463 -0.0405566 0.130273 0.0950598 -0.0456207
          0.127103 0.0891596 -0.0282677 0.125843 0.0742136 -0.0305371 0.125128 0.0695285 -0.0466937
          0.127103 0.0891596 -0.0282677 0.125128 0.0695285 -0.0466937 0.122167 0.0891652 -0.0423252
          0.138824 0.0708061 -0.0228728 0.131489 0.0860012 -0.0258393 0.132807 0.0861463 -0.0405566
          0.138824 0.0708061 -0.0228728 0.132807 0.0861463 -0.0405566 0.139563 0.0715207 -0.040953
          0.128021 0.068843 -0.0246461 0.125843 0.0742136 -0.0305371 0.127103 0.0891596 -0.0282677
          0.128021 0.068843 -0.0246461 0.127103 0.0891596 -0.0282677 0.124532 0.0932287 -0.0105088
          0.128021 0.068843 -0.0246461 0.124532 0.0932287 -0.0105088 0.136172 0.0682952 -0.0121683
          0.133904 0.0679474 -0.0540223 0.139563 0.0715207 -0.040953 0.132807 0.0861463 -0.0405566
          0.133904 0.0679474 -0.0540223 0.132807 0.0861463 -0.0405566 0.134536 0.0869658 -0.054812
          0.133904 0.0679474 -0.0540223 0.146705 0.0675401 -0.053615 0.14505 0.0662985 -0.0453355
          0.133904 0.0679474 -0.0540223 0.14505 0.0662985 -0.0453355 0.139563 0.0715207 -0.040953
          0.121007 0.114131 -0.0551958 0.114719 0.132502 -0.0580219 0.115202 0.128612 -0.0749975
          0.121007 0.114131 -0.0551958 0.115202 0.128612 -0.0749975 0.119788 0.116176 -0.0740067
          0.115888 0.103542 -0.0591131 0.117326 0.101069 -0.0721643 0.111635 0.122032 -0.0720246
          0.115888 0.103542 -0.0591131 0.111635 0.122032 -0.0720246 0.111614 0.123743 -0.0600521
          0.111601 0.139185 -0.0884537 0.115823 0.127038 -0.0853805 0.115202 0.128612 -0.0749975
          0.111601 0.139185 -0.0884537 0.115202 0.128612 -0.0749975 0.108464 0.148343 -0.0736217
          0.111601 0.139185 -0.0884537 0.108464 0.148343 -0.0736217 0.108416 0.146108 -0.086117
          0.109084 0.14577 -0.0609764 0.108464 0.148343 -0.0736217 0.115202 0.128612 -0.0749975
          0.109084 0.14577 -0.0609764 0.115202 0.128612 -0.0749975 0.114719 0.132502 -0.0580219
          0.109084 0.14577 -0.0609764 0.114719 0.132502 -0.0580219 0.111496 0.14348 -0.0522527
          0.10736 0.155072 -0.0815465 0.108416 0.146108 -0.086117 0.108464 0.148343 -0.0736217
          0.10736 0.155072 -0.0815465 0.108464 0.148343 -0.0736217 0.108389 0.154719 -0.0735045
          0.107626 0.155597 -0.0642724 0.108389 0.154719 -0.0735045 0.108464 0.148343 -0.0736217
          0.107626 0.155597 -0.0642724 0.108464 0.148343 -0.0736217 0.109084 0.14577 -0.0609764
          0.115051 0.131881 -0.0415985 0.114719 0.132502 -0.0580219 0.121007 0.114131 -0.0551958
          0.115051 0.131881 -0.0415985 0.121007 0.114131 -0.0551958 0.121337 0.116215 -0.0440286
          0.118523 0.100392 -0.0414514 0.115888 0.103542 -0.0591131 0.111614 0.123743 -0.0600521
          0.118523 0.100392 -0.0414514 0.111614 0.123743 -0.0600521 0.112976 0.121195 -0.0414643
          0.115789 0.117549 -0.024998 0.113328 0.123413 -0.0305219 0.11355 0.134182 -0.0276712
          0.115789 0.117549 -0.024998 0.11355 0.134182 -0.0276712 0.111826 0.137428 -0.0104407
          0.115789 0.117549 -0.024998 0.111826 0.137428 -0.0104407 0.117477 0.114685 -0.00971493
          0.111496 0.14348 -0.0522527 0.114719 0.132502 -0.0580219 0.115051 0.131881 -0.0415985
          0.111496 0.14348 -0.0522527 0.115051 0.131881 -0.0415985 0.114104 0.139994 -0.0439934
          0.110625 -0.133083 0.00461298 0.115766 -0.125129 0.00448313 0.113882 -0.126501 -0.0112244
          0.110625 -0.133083 0.00461298 0.113882 -0.126501 -0.0112244 0.109639 -0.130423 -0.00733608
          0.110625 -0.133083 0.00461298 0.109639 -0.130423 -0.00733608 0.109045 -0.135871 -0.0032532
          0.110625 -0.133083 0.00461298 0.109045 -0.135871 -0.0032532 0.108152 -0.137562 0.00419543
          0.115766 -0.125129 0.00448313 0.11934 -0.114279 0.00494019 0.120061 -0.112069 -0.0101665
          0.115766 -0.125129 0.00448313 0.120061 -0.112069 -0.0101665 0.113882 -0.126501 -0.0112244
          0.119699 -0.0858222 -0.0111343 0.121577 -0.085957 0.00517501 0.118579 -0.0979653 0.00266852
          0.119699 -0.0858222 -0.0111343 0.118579 -0.0979653 0.00266852 0.117921 -0.0972854 -0.0116357
          0.133058 -0.083702 0.00483145 0.128946 -0.0950518 0.00287912 0.126774 -0.100474 0.00501111
          0.133058 -0.083702 0.00483145 0.126774 -0.100474 0.00501111 0.125384 -0.101593 0.0212134
          0.133058 -0.083702 0.00483145 0.125384 -0.101593 0.0212134 0.132521 -0.0793957 0.0206431
          0.108152 -0.137562 0.00419543 0.10983 -0.138953 0.0131223 0.106292 -0.131345 0.0168231
          0.108152 -0.137562 0.00419543 0.106292 -0.131345 0.0168231 0.110625 -0.133083 0.00461298
          0.115766 -0.125129 0.00448313 0.110625 -0.133083 0.00461298 0.106292 -0.131345 0.0168231
          0.115766 -0.125129 0.00448313 0.106292 -0.131345 0.0168231 0.115427 -0.125583 0.0183376
          0.118594 -0.113946 0.0205605 0.11934 -0.114279 0.00494019 0.115766 -0.125129 0.00448313
          0.118594 -0.113946 0.0205605 0.115766 -0.125129 0.00448313 0.115427 -0.125583 0.0183376
          0.126774 -0.100474 0.00501111 0.11934 -0.114279 0.00494019 0.118594 -0.113946 0.0205605
          0.126774 -0.100474 0.00501111 0.118594 -0.113946 0.0205605 0.125384 -0.101593 0.0212134
          0.118579 -0.0979653 0.00266852 0.121577 -0.085957 0.00517501 0.122124 -0.0848187 0.0201387
          0.118579 -0.0979653 0.00266852 0.122124 -0.0848187 0.0201387 0.117637 -0.0967013 0.0201375
          0.115825 -0.0962918 0.0346552 0.111444 -0.119149 0.0348298 0.111642 -0.120721 0.0194415
          0.115825 -0.0962918 0.0346552 0.111642 -0.120721 0.0194415 0.117637 -0.0967013 0.0201375
          0.137569 -0.0540193 -0.0271921 0.134901 -0.0558214 -0.0134433 0.134662 -0.043904 -0.0173312
          0.137569 -0.0540193 -0.0271921 0.134662 -0.043904 -0.0173312 0.136086 -0.0405065 -0.0236293
          0.122124 -0.0848187 0.0201387 0.121577 -0.085957 0.00517501 0.125566 -0.0717199 0.00369868
          0.122124 -0.0848187 0.0201387 0.125566 -0.0717199 0.00369868 0.124574 -0.0741412 0.0194779
          0.133058 -0.083702 0.00483145 0.132521 -0.0793957 0.0206431 0.132574 -0.0695558 0.0203748
          0.133058 -0.083702 0.00483145 0.132574 -0.0695558 0.0203748 0.134857 -0.0699727 0.004273
          0.132344 -0.0546976 0.0371862 0.135567 -0.0594521 0.0197957 0.132574 -0.0695558 0.0203748
          0.132344 -0.0546976 0.0371862 0.132574 -0.0695558 0.0203748 0.130427 -0.0685937 0.0357372
          0.135089 -0.0601337 0.00389455 0.134857 -0.0699727 0.004273 0.132574 -0.0695558 0.0203748
          0.135089 -0.0601337 0.00389455 0.132574 -0.0695558 0.0203748 0.135567 -0.0594521 0.0197957
          0.138824 0.0708061 -0.0228728 0.138369 0.0719954 -0.0124495 0.131562 0.0862177 -0.0122037
          0.138824 0.0708061 -0.0228728 0.131562 0.0862177 -0.0122037 0.131489 0.0860012 -0.0258393
          0.124532 0.0932287 -0.0105088 0.126466 0.0911525 0.00594191 0.134261 0.0845095 0.00143338
          0.124532 0.0932287 -0.0105088 0.134261 0.0845095 0.00143338 0.136109 0.0712097 -0.00475345
          0.124532 0.0932287 -0.0105088 0.136109 0.0712097 -0.00475345 0.136172 0.0682952 -0.0121683
          0.122539 0.103126 -0.0104629 0.121807 0.103859 0.00465787 0.126466 0.0911525 0.00594191
          0.122539 0.103126 -0.0104629 0.126466 0.0911525 0.00594191 0.124532 0.0932287 -0.0105088
          0.131127 0.102397 0.0043776 0.131439 0.0978476 -0.0115896 0.131562 0.0862177 -0.0122037
          0.131127 0.102397 0.0043776 0.131562 0.0862177 -0.0122037 0.134261 0.0845095 0.00143338
          0.136109 0.0712097 -0.00475345 0.134261 0.0845095 0.00143338 0.131562 0.0862177 -0.0122037
          0.136109 0.0712097 -0.00475345 0.131562 0.0862177 -0.0122037 0.138369 0.0719954 -0.0124495
          0.134302 0.0714058 0.036933 0.13475 0.0705505 0.0274923 0.135958 0.0557664 0.0277421
          0.134302 0.0714058 0.036933 0.135958 0.0557664 0.0277421 0.133203 0.0563341 0.0382451
          0.131127 0.102397 0.0043776 0.134261 0.0845095 0.00143338 0.134592 0.0834153 0.0224284
          0.131127 0.102397 0.0043776 0.134592 0.0834153 0.0224284 0.13019 0.0977647 0.0206557
          0.131127 0.102397 0.0043776 0.13019 0.0977647 0.0206557 0.125091 0.117464 0.0220491
          0.131127 0.102397 0.0043776 0.125091 0.117464 0.0220491 0.126094 0.117716 0.00462272
          0.131127 0.102397 0.0043776 0.126094 0.117716 0.00462272 0.128696 0.112996 0.00330512
          0.134302 0.0714058 0.036933 0.131758 0.0859049 0.0356125 0.134592 0.0834153 0.0224284
          0.134302 0.0714058 0.036933 0.134592 0.0834153 0.0224284 0.13475 0.0705505 0.0274923
          0.126094 0.117716 0.00462272 0.118636 0.132078 0.00461562 0.117704 0.132031 -0.0108622
          0.126094 0.117716 0.00462272 0.117704 0.132031 -0.0108622 0.124545 0.120786 -0.0113249
          0.118161 0.116411 0.00650005 0.121807 0.103859 0.00465787 0.122539 0.103126 -0.0104629
          0.118161 0.116411 0.00650005 0.122539 0.103126 -0.0104629 0.117477 0.114685 -0.00971493
          0.117704 0.132031 -0.0108622 0.118636 0.132078 0.00461562 0.116644 0.14069 0.00461241
          0.117704 0.132031 -0.0108622 0.116644 0.14069 0.00461241 0.115936 0.139618 -0.0109139
          0.116644 0.14069 0.00461241 0.107292 0.146472 0.00462556 0.106287 0.147294 -0.0109063
          0.116644 0.14069 0.00461241 0.106287 0.147294 -0.0109063 0.115936 0.139618 -0.0109139
          0.117449 0.131989 0.0201463 0.118636 0.132078 0.00461562 0.126094 0.117716 0.00462272
          0.117449 0.131989 0.0201463 0.126094 0.117716 0.00462272 0.125091 0.117464 0.0220491
          0.120013 0.104662 0.0204642 0.121807 0.103859 0.00465787 0.118161 0.116411 0.00650005
          0.120013 0.104662 0.0204642 0.118161 0.116411 0.00650005 0.117462 0.115516 0.0201684
          0.116049 0.115494 0.035593 0.117462 0.115516 0.0201684 0.112518 0.13827 0.0201603
          0.116049 0.115494 0.035593 0.112518 0.13827 0.0201603 0.111708 0.138077 0.0358028
          0.116644 0.14069 0.00461241 0.118636 0.132078 0.00461562 0.117449 0.131989 0.0201463
          0.116644 0.14069 0.00461241 0.117449 0.131989 0.0201463 0.114265 0.143424 0.020803
          0.116644 0.14069 0.00461241 0.114265 0.143424 0.020803 0.111843 0.141975 0.0201676
          0.116644 0.14069 0.00461241 0.111843 0.141975 0.0201676 0.107292 0.146472 0.00462556
          0.109561 -0.124113 0.0514229 0.108953 -0.127095 0.0701703 0.111826 -0.124853 0.0612955
          0.109561 -0.124113 0.0514229 0.111826 -0.124853 0.0612955 0.11455 -0.121318 0.0532658
          0.111826 -0.124853 0.0612955 0.11486 -0.113833 0.0668289 0.115624 -0.113109 0.0507886
          0.111826 -0.124853 0.0612955 0.115624 -0.113109 0.0507886 0.11455 -0.121318 0.0532658
          0.111444 -0.119149 0.0348298 0.115825 -0.0962918 0.0346552 0.113258 -0.0970843 0.0505352
          0.111444 -0.119149 0.0348298 0.113258 -0.0970843 0.0505352 0.109825 -0.102828 0.0555783
          0.111444 -0.119149 0.0348298 0.109825 -0.102828 0.0555783 0.109405 -0.114601 0.0516482
          0.115624 -0.113109 0.0507886 0.11486 -0.113833 0.0668289 0.120918 -0.095538 0.0644525
          0.115624 -0.113109 0.0507886 0.120918 -0.095538 0.0644525 0.121623 -0.0973722 0.0533055
          0.107155 -0.136785 0.0904843 0.108372 -0.126839 0.0941766 0.108224 -0.129643 0.082766
          0.107155 -0.136785 0.0904843 0.108224 -0.129643 0.082766 0.10812 -0.136099 0.0826273
          0.10755 -0.137044 0.0734973 0.10812 -0.136099 0.0826273 0.108224 -0.129643 0.082766
          0.10755 -0.137044 0.0734973 0.108224 -0.129643 0.082766 0.108953 -0.127095 0.0701703
          0.108224 -0.129643 0.082766 0.108372 -0.126839 0.0941766 0.115761 -0.108329 0.0947222
          0.108224 -0.129643 0.082766 0.115761 -0.108329 0.0947222 0.115226 -0.109856 0.0842635
          0.120918 -0.095538 0.0644525 0.11486 -0.113833 0.0668289 0.115226 -0.109856 0.0842635
          0.120918 -0.095538 0.0644525 0.115226 -0.109856 0.0842635 0.119751 -0.097534 0.0832625
          0.111296 -0.1032 0.0813446 0.110366 -0.106283 0.0675997 0.11552 -0.0849072 0.0678884
          0.111296 -0.1032 0.0813446 0.11552 -0.0849072 0.0678884 0.117139 -0.0822536 0.0814963
          0.125121 -0.0512816 0.0563892 0.121867 -0.0704112 0.0516272 0.123652 -0.0714346 0.0323959
          0.125121 -0.0512816 0.0563892 0.123652 -0.0714346 0.0323959 0.126972 -0.0564933 0.0406007
          0.12297 -0.0684552 0.0669872 0.11552 -0.0849072 0.0678884 0.117822 -0.0827398 0.0504583
          0.12297 -0.0684552 0.0669872 0.117822 -0.0827398 0.0504583 0.121867 -0.0704112 0.0516272
          0.133858 -0.0541238 0.0620585 0.13404 -0.0682924 0.0636794 0.127264 -0.0705527 0.070516
          0.133858 -0.0541238 0.0620585 0.127264 -0.0705527 0.070516 0.125019 -0.061817 0.072851
          0.132344 -0.0546976 0.0371862 0.138649 -0.0531428 0.0506373 0.144854 -0.0474479 0.0548068
          0.132344 -0.0546976 0.0371862 0.144854 -0.0474479 0.0548068 0.145235 -0.0370055 0.050931
          0.132344 -0.0546976 0.0371862 0.145235 -0.0370055 0.050931 0.143967 -0.0322819 0.0410352
          0.132344 -0.0546976 0.0371862 0.143967 -0.0322819 0.0410352 0.137182 -0.0360875 0.0366168
          0.131939 -0.023615 0.068648 0.137516 -0.0231418 0.0495087 0.143242 -0.0275844 0.0458306
          0.131939 -0.023615 0.068648 0.143242 -0.0275844 0.0458306 0.145235 -0.0370055 0.050931
          0.131939 -0.023615 0.068648 0.145235 -0.0370055 0.050931 0.144401 -0.0411328 0.060954
          0.131939 -0.023615 0.068648 0.144401 -0.0411328 0.060954 0.138424 -0.0367871 0.0669839
          0.127351 -0.0566856 0.0844613 0.125019 -0.061817 0.072851 0.127264 -0.0705527 0.070516
          0.127351 -0.0566856 0.0844613 0.127264 -0.0705527 0.070516 0.122162 -0.0716258 0.0855462
          0.117139 -0.0822536 0.0814963 0.11552 -0.0849072 0.0678884 0.12297 -0.0684552 0.0669872
          0.117139 -0.0822536 0.0814963 0.12297 -0.0684552 0.0669872 0.121132 -0.0677902 0.0817045
          0.117302 -0.0674812 0.0963757 0.121132 -0.0677902 0.0817045 0.12304 -0.0531158 0.0823551
          0.117302 -0.0674812 0.0963757 0.12304 -0.0531158 0.0823551 0.115893 -0.0543591 0.0987721
          0.125118 -0.0423061 0.0651589 0.126766 -0.0264538 0.0703921 0.127604 -0.0238382 0.0843568
          0.125118 -0.0423061 0.0651589 0.127604 -0.0238382 0.0843568 0.122117 -0.0376581 0.0844553
          0.131939 -0.023615 0.068648 0.138424 -0.0367871 0.0669839 0.132114 -0.0362123 0.0817263
          0.131939 -0.023615 0.068648 0.132114 -0.0362123 0.0817263 0.129507 -0.0219223 0.0825176
          0.127604 -0.0238382 0.0843568 0.126766 -0.0264538 0.0703921 0.131939 -0.023615 0.068648
          0.127604 -0.0238382 0.0843568 0.131939 -0.023615 0.068648 0.135357 -0.00690361 0.0737653
          0.127604 -0.0238382 0.0843568 0.135357 -0.00690361 0.0737653 0.124702 -0.00563108 0.0881965
          0.118484 -0.0367662 0.0957085 0.115893 -0.0543591 0.0987721 0.12304 -0.0531158 0.0823551
          0.118484 -0.0367662 0.0957085 0.12304 -0.0531158 0.0823551 0.122117 -0.0376581 0.0844553
          0.129834 -0.0477802 0.0914311 0.129987 -0.0411994 0.0902386 0.132114 -0.0362123 0.0817263
          0.129834 -0.0477802 0.0914311 0.132114 -0.0362123 0.0817263 0.134115 -0.0498243 0.082229
          0.129834 -0.0477802 0.0914311 0.124209 -0.0512422 0.0986697 0.120948 -0.0504045 0.109287
          0.129834 -0.0477802 0.0914311 0.120948 -0.0504045 0.109287 0.121113 -0.0394092 0.111398
          0.129834 -0.0477802 0.0914311 0.121113 -0.0394092 0.111398 0.129987 -0.0411994 0.0902386
          0.133858 -0.0541238 0.0620585 0.134115 -0.0498243 0.082229 0.132114 -0.0362123 0.0817263
          0.133858 -0.0541238 0.0620585 0.132114 -0.0362123 0.0817263 0.138424 -0.0367871 0.0669839
          0.133858 -0.0541238 0.0620585 0.138424 -0.0367871 0.0669839 0.144401 -0.0411328 0.060954
          0.133858 -0.0541238 0.0620585 0.144401 -0.0411328 0.060954 0.146453 -0.0488605 0.0627854
          0.134149 0.0416485 0.0667161 0.132855 0.0429953 0.051659 0.135972 0.0326566 0.0510784
          0.134149 0.0416485 0.0667161 0.135972 0.0326566 0.0510784 0.13474 0.0325008 0.0658547
          0.131939 -0.023615 0.068648 0.129507 -0.0219223 0.0825176 0.130867 -0.00760933 0.0831991
          0.131939 -0.023615 0.068648 0.130867 -0.00760933 0.0831991 0.135357 -0.00690361 0.0737653
          0.135662 0.0063062 0.0793657 0.126558 0.0106608 0.0865654 0.124702 -0.00563108 0.0881965
          0.135662 0.0063062 0.0793657 0.124702 -0.00563108 0.0881965 0.135357 -0.00690361 0.0737653
          0.135662 0.0063062 0.0793657 0.135357 -0.00690361 0.0737653 0.134897 -0.000383158 0.0772135
          0.122614 -0.0057566 0.0984337 0.124702 -0.00563108 0.0881965 0.126558 0.0106608 0.0865654
          0.122614 -0.0057566 0.0984337 0.126558 0.0106608 0.0865654 0.121831 0.00935696 0.0991605
          0.130382 0.00898163 0.0925785 0.135662 0.0063062 0.0793657 0.130867 -0.00760933 0.0831991
          0.130382 0.00898163 0.0925785 0.130867 -0.00760933 0.0831991 0.130953 -0.00656577 0.09226
          0.130382 0.00898163 0.0925785 0.130953 -0.00656577 0.09226 0.122923 -0.00616861 0.116104
          0.130382 0.00898163 0.0925785 0.122923 -0.00616861 0.116104 0.124481 0.00956749 0.113919
          0.134897 -0.000383158 0.0772135 0.135357 -0.00690361 0.0737653 0.130867 -0.00760933 0.0831991
          0.134897 -0.000383158 0.0772135 0.130867 -0.00760933 0.0831991 0.135662 0.0063062 0.0793657
          0.134149 0.0416485 0.0667161 0.13474 0.0325008 0.0658547 0.134786 0.0273171 0.0787249
          0.134149 0.0416485 0.0667161 0.134786 0.0273171 0.0787249 0.131296 0.0403024 0.0811771
          0.134786 0.0273171 0.0787249 0.126935 0.0244926 0.091342 0.126558 0.0106608 0.0865654
          0.134786 0.0273171 0.0787249 0.126558 0.0106608 0.0865654 0.135662 0.0063062 0.0793657
          0.120003 0.0251417 0.0999514 0.121831 0.00935696 0.0991605 0.126558 0.0106608 0.0865654
          0.120003 0.0251417 0.0999514 0.126558 0.0106608 0.0865654 0.126935 0.0244926 0.091342
          0.130382 0.00898163 0.0925785 0.127712 0.0251183 0.09027 0.134786 0.0273171 0.0787249
          0.130382 0.00898163 0.0925785 0.134786 0.0273171 0.0787249 0.135662 0.0063062 0.0793657
          0.130382 0.00898163 0.0925785 0.124481 0.00956749 0.113919 0.124386 0.0270389 0.111566
          0.130382 0.00898163 0.0925785 0.124386 0.0270389 0.111566 0.127712 0.0251183 0.09027
          0.125622 0.0740012 0.069306 0.129894 0.0715661 0.044309 0.128647 0.0547657 0.0536111
          0.125622 0.0740012 0.069306 0.128647 0.0547657 0.0536111 0.129874 0.0489839 0.0668689
          0.125009 0.0709952 0.0520417 0.124341 0.0573669 0.0526719 0.125436 0.0568888 0.0391919
          0.125009 0.0709952 0.0520417 0.125436 0.0568888 0.0391919 0.126297 0.06979 0.0378517
          0.125191 0.0567487 0.0662789 0.126643 0.0425353 0.0650198 0.126335 0.0439952 0.0522772
          0.125191 0.0567487 0.0662789 0.126335 0.0439952 0.0522772 0.124341 0.0573669 0.0526719
          0.125454 0.0888161 0.0370601 0.12196 0.092304 0.0529767 0.125009 0.0709952 0.0520417
          0.125454 0.0888161 0.0370601 0.125009 0.0709952 0.0520417 0.126297 0.06979 0.0378517
          0.128562 0.0864075 0.0485949 0.129894 0.0715661 0.044309 0.125622 0.0740012 0.069306
          0.128562 0.0864075 0.0485949 0.125622 0.0740012 0.069306 0.126792 0.0876223 0.0685413
          0.134302 0.0714058 0.036933 0.129894 0.0715661 0.044309 0.128562 0.0864075 0.0485949
          0.134302 0.0714058 0.036933 0.128562 0.0864075 0.0485949 0.131758 0.0859049 0.0356125
          0.118912 0.101907 0.0508066 0.117425 0.10231 0.0653772 0.121974 0.0922594 0.0654517
          0.118912 0.101907 0.0508066 0.121974 0.0922594 0.0654517 0.12196 0.092304 0.0529767
          0.126796 0.0732357 0.0829269 0.125622 0.0740012 0.069306 0.129874 0.0489839 0.0668689
          0.126796 0.0732357 0.0829269 0.129874 0.0489839 0.0668689 0.128373 0.0533167 0.0816967
          0.125553 0.0417786 0.0841402 0.126643 0.0425353 0.0650198 0.125191 0.0567487 0.0662789
          0.125553 0.0417786 0.0841402 0.125191 0.0567487 0.0662789 0.121987 0.0576731 0.0876991
          0.134149 0.0416485 0.0667161 0.131296 0.0403024 0.0811771 0.128373 0.0533167 0.0816967
          0.134149 0.0416485 0.0667161 0.128373 0.0533167 0.0816967 0.129874 0.0489839 0.0668689
          0.118928 0.0555015 0.0972118 0.121987 0.0576731 0.0876991 0.122015 0.0701963 0.0875567
          0.118928 0.0555015 0.0972118 0.122015 0.0701963 0.0875567 0.117448 0.0700921 0.0976367
          0.126792 0.0876223 0.0685413 0.125622 0.0740012 0.069306 0.126796 0.0732357 0.0829269
          0.126792 0.0876223 0.0685413 0.126796 0.0732357 0.0829269 0.121841 0.0871727 0.0824775
          0.121974 0.0922594 0.0654517 0.117425 0.10231 0.0653772 0.117505 0.104155 0.0787138
          0.121974 0.0922594 0.0654517 0.117505 0.104155 0.0787138 0.119232 0.0880916 0.0833962
          0.117518 0.0834388 0.0994376 0.117448 0.0700921 0.0976367 0.122015 0.0701963 0.0875567
          0.117518 0.0834388 0.0994376 0.122015 0.0701963 0.0875567 0.119232 0.0880916 0.0833962
          0.119 0.11845 0.0673248 0.11605 0.128481 0.0639163 0.1166 0.128052 0.0534298
          0.119 0.11845 0.0673248 0.1166 0.128052 0.0534298 0.120627 0.116941 0.0523016
          0.117997 0.114237 0.0499548 0.116049 0.115494 0.035593 0.111708 0.138077 0.0358028
          0.117997 0.114237 0.0499548 0.111708 0.138077 0.0358028 0.11254 0.13943 0.0509298
          0.11423 0.116315 0.0663327 0.117425 0.10231 0.0653772 0.118912 0.101907 0.0508066
          0.11423 0.116315 0.0663327 0.118912 0.101907 0.0508066 0.117997 0.114237 0.0499548
          0.1166 0.128052 0.0534298 0.11605 0.128481 0.0639163 0.113451 0.147058 0.0661523
          0.1166 0.128052 0.0534298 0.113451 0.147058 0.0661523 0.113835 0.145131 0.0542165
          0.11423 0.116315 0.0663327 0.112996 0.121672 0.0706849 0.11206 0.126195 0.0828078
          0.11423 0.116315 0.0663327 0.11206 0.126195 0.0828078 0.117505 0.104155 0.0787138
          0.11423 0.116315 0.0663327 0.117505 0.104155 0.0787138 0.117425 0.10231 0.0653772
          0.113951 0.132863 0.0825159 0.11605 0.128481 0.0639163 0.119 0.11845 0.0673248
          0.113951 0.132863 0.0825159 0.119 0.11845 0.0673248 0.119037 0.116713 0.0818421
          0.113951 0.132863 0.0825159 0.11486 0.126952 0.0976442 0.112034 0.138578 0.0990798
          0.113951 0.132863 0.0825159 0.112034 0.138578 0.0990798 0.111092 0.145471 0.0958678
          0.113951 0.132863 0.0825159 0.111092 0.145471 0.0958678 0.113544 0.147948 0.0755779
          0.113451 0.147058 0.0661523 0.11605 0.128481 0.0639163 0.113951 0.132863 0.0825159
          0.113451 0.147058 0.0661523 0.113951 0.132863 0.0825159 0.113544 0.147948 0.0755779
          0.111209 0.15387 0.0677112 0.113415 0.154676 0.06696 0.11411 0.156021 0.0762592
          0.111209 0.15387 0.0677112 0.11411 0.156021 0.0762592 0.111412 0.156094 0.0825957
          0.11393 -0.107757 0.111684 0.114081 -0.108293 0.122217 0.113993 -0.0977656 0.12174
          0.11393 -0.107757 0.111684 0.113993 -0.0977656 0.12174 0.116017 -0.0978541 0.111779
          0.106814 -0.115966 0.12989 0.108367 -0.0962279 0.129046 0.113993 -0.0977656 0.12174
          0.106814 -0.115966 0.12989 0.113993 -0.0977656 0.12174 0.114081 -0.108293 0.122217
          0.106814 -0.115966 0.12989 0.105378 -0.129273 0.13647 0.104261 -0.129839 0.143764
          0.106814 -0.115966 0.12989 0.104261 -0.129839 0.143764 0.105549 -0.122599 0.143208
          0.102157 -0.138318 0.152583 0.103088 -0.130621 0.149748 0.104261 -0.129839 0.143764
          0.102157 -0.138318 0.152583 0.104261 -0.129839 0.143764 0.102961 -0.135843 0.144524
          0.104021 -0.138482 0.135857 0.102961 -0.135843 0.144524 0.104261 -0.129839 0.143764
          0.104021 -0.138482 0.135857 0.104261 -0.129839 0.143764 0.105378 -0.129273 0.13647
          0.104162 -0.12195 0.15241 0.105549 -0.122599 0.143208 0.104261 -0.129839 0.143764
          0.104162 -0.12195 0.15241 0.104261 -0.129839 0.143764 0.103088 -0.130621 0.149748
          0.108367 -0.0962279 0.129046 0.107627 -0.0927919 0.138186 0.108591 -0.0802777 0.140757
          0.108367 -0.0962279 0.129046 0.108591 -0.0802777 0.140757 0.115856 -0.0807313 0.122163
          0.108367 -0.0962279 0.129046 0.115856 -0.0807313 0.122163 0.113993 -0.0977656 0.12174
          0.111576 -0.055308 0.119011 0.11163 -0.0673167 0.117271 0.117302 -0.0674812 0.0963757
          0.111576 -0.055308 0.119011 0.117302 -0.0674812 0.0963757 0.115893 -0.0543591 0.0987721
          0.115208 -0.0702737 0.123838 0.114681 -0.0533312 0.127783 0.120948 -0.0504045 0.109287
          0.115208 -0.0702737 0.123838 0.120948 -0.0504045 0.109287 0.119768 -0.0692403 0.111412
          0.120948 -0.0504045 0.109287 0.114681 -0.0533312 0.127783 0.114822 -0.0369007 0.127166
          0.120948 -0.0504045 0.109287 0.114822 -0.0369007 0.127166 0.121113 -0.0394092 0.111398
          0.118484 -0.0367662 0.0957085 0.112915 -0.0367654 0.116499 0.111576 -0.055308 0.119011
          0.118484 -0.0367662 0.0957085 0.111576 -0.055308 0.119011 0.115893 -0.0543591 0.0987721
          0.108448 -0.0688315 0.143566 0.109038 -0.0562735 0.141071 0.111434 -0.0475395 0.138783
          0.108448 -0.0688315 0.143566 0.111434 -0.0475395 0.138783 0.114681 -0.0533312 0.127783
          0.108448 -0.0688315 0.143566 0.114681 -0.0533312 0.127783 0.115208 -0.0702737 0.123838
          0.107342 -0.0766055 0.150678 0.108377 -0.068762 0.149999 0.108448 -0.0688315 0.143566
          0.107342 -0.0766055 0.150678 0.108448 -0.0688315 0.143566 0.108591 -0.0802777 0.140757
          0.108591 -0.0802777 0.140757 0.108448 -0.0688315 0.143566 0.115208 -0.0702737 0.123838
          0.108591 -0.0802777 0.140757 0.115208 -0.0702737 0.123838 0.115856 -0.0807313 0.122163
          0.107593 -0.0595734 0.150898 0.109038 -0.0562735 0.141071 0.108448 -0.0688315 0.143566
          0.107593 -0.0595734 0.150898 0.108448 -0.0688315 0.143566 0.108377 -0.068762 0.149999
          0.114822 -0.0369007 0.127166 0.114681 -0.0533312 0.127783 0.111434 -0.0475395 0.138783
          0.114822 -0.0369007 0.127166 0.111434 -0.0475395 0.138783 0.114015 -0.0393454 0.135228
          0.116546 -0.00617618 0.127075 0.117578 0.00930923 0.127173 0.124481 0.00956749 0.113919
          0.116546 -0.00617618 0.127075 0.124481 0.00956749 0.113919 0.122923 -0.00616861 0.116104
          0.118157 0.0111874 0.111706 0.117484 -0.00501764 0.109987 0.122614 -0.0057566 0.0984337
          0.118157 0.0111874 0.111706 0.122614 -0.0057566 0.0984337 0.121831 0.00935696 0.0991605
          0.124481 0.00956749 0.113919 0.117578 0.00930923 0.127173 0.116619 0.0248546 0.127063
          0.124481 0.00956749 0.113919 0.116619 0.0248546 0.127063 0.124386 0.0270389 0.111566
          0.120003 0.0251417 0.0999514 0.117463 0.0248633 0.11082 0.118157 0.0111874 0.111706
          0.120003 0.0251417 0.0999514 0.118157 0.0111874 0.111706 0.121831 0.00935696 0.0991605
          0.116055 0.0402881 0.110798 0.111724 0.0404981 0.133392 0.112541 0.0248553 0.133591
          0.116055 0.0402881 0.110798 0.112541 0.0248553 0.133591 0.117463 0.0248633 0.11082
          0.116661 0.00930741 0.135983 0.117578 0.00930923 0.127173 0.116546 -0.00617618 0.127075
          0.116661 0.00930741 0.135983 0.116546 -0.00617618 0.127075 0.115846 -0.00620723 0.134747
          0.106179 -0.00620974 0.142709 0.107245 0.00932068 0.141823 0.116661 0.00930741 0.135983
          0.106179 -0.00620974 0.142709 0.116661 0.00930741 0.135983 0.115846 -0.00620723 0.134747
          0.116619 0.0248546 0.127063 0.117578 0.00930923 0.127173 0.116661 0.00930741 0.135983
          0.116619 0.0248546 0.127063 0.116661 0.00930741 0.135983 0.114284 0.0254868 0.138709
          0.116661 0.00930741 0.135983 0.107245 0.00932068 0.141823 0.111862 0.024863 0.137261
          0.116661 0.00930741 0.135983 0.111862 0.024863 0.137261 0.114284 0.0254868 0.138709
          0.116391 0.0582127 0.123208 0.115959 0.0685779 0.123731 0.118946 0.0720215 0.113755
          0.116391 0.0582127 0.123208 0.118946 0.0720215 0.113755 0.120338 0.0570357 0.112159
          0.114265 0.0710393 0.111629 0.11801 0.0546488 0.109538 0.118928 0.0555015 0.0972118
          0.114265 0.0710393 0.111629 0.118928 0.0555015 0.0972118 0.117448 0.0700921 0.0976367
          0.112061 0.0875031 0.1215 0.113014 0.075391 0.116983 0.114265 0.0710393 0.111629
          0.112061 0.0875031 0.1215 0.114265 0.0710393 0.111629 0.117448 0.0700921 0.0976367
          0.112061 0.0875031 0.1215 0.117448 0.0700921 0.0976367 0.117518 0.0834388 0.0994376
          0.118946 0.0720215 0.113755 0.115959 0.0685779 0.123731 0.113963 0.0872275 0.128143
          0.118946 0.0720215 0.113755 0.113963 0.0872275 0.128143 0.119029 0.0865594 0.112005
          0.112038 0.103774 0.133886 0.114873 0.10234 0.122269 0.113963 0.0872275 0.128143
          0.112038 0.103774 0.133886 0.113963 0.0872275 0.128143 0.113561 0.0802875 0.143254
          0.112038 0.103774 0.133886 0.113561 0.0802875 0.143254 0.1111 0.100561 0.140772
          0.113276 0.0708412 0.142348 0.115959 0.0685779 0.123731 0.116391 0.0582127 0.123208
          0.113276 0.0708412 0.142348 0.116391 0.0582127 0.123208 0.113746 0.0589589 0.140393
          0.110831 0.0971753 0.152134 0.1111 0.100561 0.140772 0.113561 0.0802875 0.143254
          0.110831 0.0971753 0.152134 0.113561 0.0802875 0.143254 0.114121 0.0809629 0.151337
          0.110831 0.0971753 0.152134 0.114121 0.0809629 0.151337 0.111424 0.0872942 0.1514
          0.113963 0.0872275 0.128143 0.115959 0.0685779 0.123731 0.113276 0.0708412 0.142348
          0.113963 0.0872275 0.128143 0.113276 0.0708412 0.142348 0.113561 0.0802875 0.143254
          0.11122 0.0724074 0.14916 0.111424 0.0872942 0.1514 0.114121 0.0809629 0.151337
          0.11122 0.0724074 0.14916 0.114121 0.0809629 0.151337 0.113433 0.071655 0.150003
          0.112034 0.138578 0.0990798 0.11486 0.126952 0.0976442 0.113724 0.129465 0.109289
          0.112034 0.138578 0.0990798 0.113724 0.129465 0.109289 0.112164 0.13414 0.114467
          0.112038 0.103774 0.133886 0.112165 0.119162 0.129445 0.113724 0.113988 0.124775
          0.112038 0.103774 0.133886 0.113724 0.113988 0.124775 0.114873 0.10234 0.122269
          0.109584 0.132767 0.128072 0.106348 0.140201 0.127331 0.109933 0.141034 0.113972
          0.109584 0.132767 0.128072 0.109933 0.141034 0.113972 0.112164 0.13414 0.114467
          0.112034 0.138578 0.0990798 0.112164 0.13414 0.114467 0.109933 0.141034 0.113972
          0.112034 0.138578 0.0990798 0.109933 0.141034 0.113972 0.111092 0.145471 0.0958678
          0.109584 0.132767 0.128072 0.112165 0.119162 0.129445 0.109944 0.118671 0.136338
          0.109584 0.132767 0.128072 0.109944 0.118671 0.136338 0.106346 0.132027 0.135505
          0.112038 0.103774 0.133886 0.1111 0.100561 0.140772 0.109944 0.118671 0.136338
          0.112038 0.103774 0.133886 0.109944 0.118671 0.136338 0.112165 0.119162 0.129445
          0.109584 0.132767 0.128072 0.106346 0.132027 0.135505 0.104305 0.141255 0.137033
          0.109584 0.132767 0.128072 0.104305 0.141255 0.137033 0.106348 0.140201 0.127331
          0.136308 -0.0168118 -0.0234111 0.133576 -0.0223979 -0.042104 0.127573 -0.0379368 -0.0422758
          0.136308 -0.0168118 -0.0234111 0.127573 -0.0379368 -0.0422758 0.136086 -0.0405065 -0.0236293
          0.136308 -0.0168118 -0.0234111 0.136086 -0.0405065 -0.0236293 0.126013 -0.0377581 -0.030591
          0.136308 -0.0168118 -0.0234111 0.126013 -0.0377581 -0.030591 0.126998 -0.0230376 -0.0322324
          0.120127 -0.0064436 -0.0906191 0.126022 -0.00763565 -0.0767422 0.125482 -0.0231212 -0.0745674
          0.120127 -0.0064436 -0.0906191 0.125482 -0.0231212 -0.0745674 0.118545 -0.0221671 -0.0899306
          0.125482 -0.0231212 -0.0745674 0.126022 -0.00763565 -0.0767422 0.134686 -0.00886981 -0.0703311
          0.125482 -0.0231212 -0.0745674 0.134686 -0.00886981 -0.0703311 0.135737 -0.0117609 -0.0632906
          0.125482 -0.0231212 -0.0745674 0.135737 -0.0117609 -0.0632906 0.136246 -0.0178659 -0.0609214
          0.125482 -0.0231212 -0.0745674 0.136246 -0.0178659 -0.0609214 0.127061 -0.0283914 -0.0572066
          0.12939 0.041142 -0.0858198 0.131581 0.0255157 -0.0840496 0.131773 0.0261166 -0.0723099
          0.12939 0.041142 -0.0858198 0.131773 0.0261166 -0.0723099 0.13151 0.0397647 -0.0720768
          0.127238 -0.0234079 -0.0426662 0.12751 -0.0123989 -0.0391973 0.127178 -0.0131603 -0.0316795
          0.127238 -0.0234079 -0.0426662 0.127178 -0.0131603 -0.0316795 0.126998 -0.0230376 -0.0322324
          0.127178 -0.0131603 -0.0316795 0.12751 -0.0123989 -0.0391973 0.134557 -0.00744911 -0.0410248
          0.127178 -0.0131603 -0.0316795 0.134557 -0.00744911 -0.0410248 0.136141 -0.00967048 -0.0281313
          0.129428 0.099767 -0.0272654 0.121762 0.12094 -0.0265139 0.121337 0.116215 -0.0440286
          0.129428 0.099767 -0.0272654 0.121337 0.116215 -0.0440286 0.130273 0.0950598 -0.0456207
          0.120359 -0.0674162 -0.0255178 0.12091 -0.0705976 -0.0104061 0.119699 -0.0858222 -0.0111343
          0.120359 -0.0674162 -0.0255178 0.119699 -0.0858222 -0.0111343 0.118443 -0.0852658 -0.0269175
          0.129379 -0.0813098 0.0365687 0.130427 -0.0685937 0.0357372 0.132574 -0.0695558 0.0203748
          0.129379 -0.0813098 0.0365687 0.132574 -0.0695558 0.0203748 0.132521 -0.0793957 0.0206431
          0.129428 0.099767 -0.0272654 0.131489 0.0860012 -0.0258393 0.131562 0.0862177 -0.0122037
          0.129428 0.099767 -0.0272654 0.131562 0.0862177 -0.0122037 0.131439 0.0978476 -0.0115896
          0.134592 0.0834153 0.0224284 0.12666 0.0963439 0.0200632 0.125454 0.0888161 0.0370601
          0.134592 0.0834153 0.0224284 0.125454 0.0888161 0.0370601 0.126297 0.06979 0.0378517
          0.134592 0.0834153 0.0224284 0.126297 0.06979 0.0378517 0.129564 0.0702583 0.031348
          0.134592 0.0834153 0.0224284 0.129564 0.0702583 0.031348 0.13475 0.0705505 0.0274923
          0.125454 0.0888161 0.0370601 0.12666 0.0963439 0.0200632 0.120013 0.104662 0.0204642
          0.125454 0.0888161 0.0370601 0.120013 0.104662 0.0204642 0.118442 0.103717 0.0361544
          0.129283 -0.0225434 0.0951563 0.129987 -0.0411994 0.0902386 0.121113 -0.0394092 0.111398
          0.129283 -0.0225434 0.0951563 0.121113 -0.0394092 0.111398 0.121739 -0.0217742 0.116169
          0.129283 -0.0225434 0.0951563 0.130953 -0.00656577 0.09226 0.130867 -0.00760933 0.0831991
          0.129283 -0.0225434 0.0951563 0.130867 -0.00760933 0.0831991 0.129507 -0.0219223 0.0825176
          0.125553 0.0417786 0.0841402 0.126935 0.0244926 0.091342 0.134786 0.0273171 0.0787249
          0.125553 0.0417786 0.0841402 0.134786 0.0273171 0.0787249 0.13474 0.0325008 0.0658547
          0.125553 0.0417786 0.0841402 0.13474 0.0325008 0.0658547 0.129627 0.0361037 0.0655571
          0.125553 0.0417786 0.0841402 0.129627 0.0361037 0.0655571 0.126643 0.0425353 0.0650198
          0.11291 -0.0529678 -0.121653 0.112691 -0.0375346 -0.125972 0.117843 -0.0372305 -0.101175
          0.11291 -0.0529678 -0.121653 0.117843 -0.0372305 -0.101175 0.114593 -0.0518485 -0.101082
          0.111287 -0.0537779 -0.139893 0.113507 -0.0530575 -0.140768 0.11392 -0.0425157 -0.144315
          0.111287 -0.0537779 -0.139893 0.11392 -0.0425157 -0.144315 0.111711 -0.0414538 -0.144316
          0.111463 0.0661624 -0.129589 0.109045 0.0748706 -0.13187 0.109364 0.055514 -0.128718
          0.111463 0.0661624 -0.129589 0.109364 0.055514 -0.128718 0.111593 0.0565701 -0.12935
          0.128798 -0.0557502 -0.0560496 0.128678 -0.0370398 -0.0576595 0.129884 -0.0362174 -0.0718189
          0.128798 -0.0557502 -0.0560496 0.129884 -0.0362174 -0.0718189 0.129141 -0.0496273 -0.0703138
          0.120359 -0.0674162 -0.0255178 0.121487 -0.0723711 -0.0435875 0.123847 -0.0530365 -0.0429614
          0.120359 -0.0674162 -0.0255178 0.123847 -0.0530365 -0.0429614 0.122434 -0.0525319 -0.0292317
          0.136246 -0.0178659 -0.0609214 0.133576 -0.0223979 -0.042104 0.127238 -0.0234079 -0.0426662
          0.136246 -0.0178659 -0.0609214 0.127238 -0.0234079 -0.0426662 0.127061 -0.0283914 -0.0572066
          0.128798 -0.0557502 -0.0560496 0.130099 -0.0530581 -0.0417579 0.127573 -0.0379368 -0.0422758
          0.128798 -0.0557502 -0.0560496 0.127573 -0.0379368 -0.0422758 0.128678 -0.0370398 -0.0576595
          0.111496 0.14348 -0.0522527 0.114104 0.139994 -0.0439934 0.10937 0.142195 -0.042212
          0.111496 0.14348 -0.0522527 0.10937 0.142195 -0.042212 0.109084 0.14577 -0.0609764
          0.112597 -0.119684 -0.02362 0.113945 -0.113349 -0.0270142 0.117009 -0.0982255 -0.0273352
          0.112597 -0.119684 -0.02362 0.117009 -0.0982255 -0.0273352 0.117921 -0.0972854 -0.0116357
          0.112597 -0.119684 -0.02362 0.117921 -0.0972854 -0.0116357 0.113627 -0.122862 -0.00952037
          0.130198 -0.094645 -0.00805736 0.126818 -0.0994662 -0.0126837 0.120061 -0.112069 -0.0101665
          0.130198 -0.094645 -0.00805736 0.120061 -0.112069 -0.0101665 0.11934 -0.114279 0.00494019
          0.130198 -0.094645 -0.00805736 0.11934 -0.114279 0.00494019 0.126774 -0.100474 0.00501111
          0.130198 -0.094645 -0.00805736 0.126774 -0.100474 0.00501111 0.128946 -0.0950518 0.00287912
          0.133058 -0.083702 0.00483145 0.131513 -0.0829732 -0.0106763 0.130198 -0.094645 -0.00805736
          0.133058 -0.083702 0.00483145 0.130198 -0.094645 -0.00805736 0.128946 -0.0950518 0.00287912
          0.125566 -0.0717199 0.00369868 0.121577 -0.085957 0.00517501 0.119699 -0.0858222 -0.0111343
          0.125566 -0.0717199 0.00369868 0.119699 -0.0858222 -0.0111343 0.12091 -0.0705976 -0.0104061
          0.134592 0.0834153 0.0224284 0.134261 0.0845095 0.00143338 0.126466 0.0911525 0.00594191
          0.134592 0.0834153 0.0224284 0.126466 0.0911525 0.00594191 0.12666 0.0963439 0.0200632
          0.126466 0.0911525 0.00594191 0.121807 0.103859 0.00465787 0.120013 0.104662 0.0204642
          0.126466 0.0911525 0.00594191 0.120013 0.104662 0.0204642 0.12666 0.0963439 0.0200632
          0.110366 -0.106283 0.0675997 0.109825 -0.102828 0.0555783 0.113258 -0.0970843 0.0505352
          0.110366 -0.106283 0.0675997 0.113258 -0.0970843 0.0505352 0.117822 -0.0827398 0.0504583
          0.110366 -0.106283 0.0675997 0.117822 -0.0827398 0.0504583 0.11552 -0.0849072 0.0678884
          0.111209 0.15387 0.0677112 0.111573 0.158216 0.0553984 0.113808 0.158229 0.0564781
          0.111209 0.15387 0.0677112 0.113808 0.158229 0.0564781 0.113415 0.154676 0.06696
          0.111434 -0.0475395 0.138783 0.109038 -0.0562735 0.141071 0.109306 -0.0375167 0.137584
          0.111434 -0.0475395 0.138783 0.109306 -0.0375167 0.137584 0.114015 -0.0393454 0.135228
          0.11122 0.0724074 0.14916 0.113433 0.071655 0.150003 0.113806 0.0611792 0.153534
          0.11122 0.0724074 0.14916 0.113806 0.0611792 0.153534 0.111573 0.0600985 0.15352
        </DataArray>
      </Points>
      <Polys>
        <DataArray type="Int32" Name="connectivity" format="ascii">
          0 1 2 3 4 5 6 7 8 9 10 11 12 13 14 15 16 17
          18 19 20 21 22 23 24 25 26 27 28 29 30 31 32 33 34 35
          36 37 38 39 40 41 42 43 44 45 46 47 48 49 50 51 52 53
          54 55 56 57 58 59 60 61 62 63 64 65 66 67 68 69 70 71
          72 73 74 75 76 77 78 79 80 81 82 83 84 85 86 87 88 89
          90 91 92 93 94 95 96 97 98 99 100 101 102 103 104 105 106 107
          108 109 110 111 112 113 114 115 116 117 118 119 120 121 122 123 124 125
          126 127 128 129 130 131 132 133 134 135 136 137 138 139 140 141 142 143
          144 145 146 147 148 149 150 151 152 153 154 155 156 157 158 159 160 161
          162 163 164 165 166 167 168 169 170 171 172 173 174 175 176 177 178 179
          180 181 182 183 184 185 186 187 188 189 190 191 192 193 194 195 196 197
          198 199 200 201 202 203 204 205 206 207 208 209 210 211 212 213 214 215
          216 217 218 219 220 221 222 223 224 225 226 227 228 229 230 231 232 233
          234 235 236 237 238 239 240 241 242 243 244 245 246 247 248 249 250 251
          252 253 254 255 256 257 258 259 260 261 262 263 264 265 266 267 268 269
          270 271 272 273 274 275 276 277 278 279 280 281 282 283 284 285 286 287
          288 289 290 291 292 293 294 295 296 297 298 299 300 301 302 303 304 305
          306 307 308 309 310 311 312 313 314 315 316 317 318 319 320 321 322 323
          324 325 326 327 328 329 330 331 332 333 334 335 336 337 338 339 340 341
          342 343 344 345 346 347 348 349 350 351 352 353 354 355 356 357 358 359
          360 361 362 363 364 365 366 367 368 369 370 371 372 373 374 375 376 377
          378 379 380 381 382 383 384 385 386 387 388 389 390 391 392 393 394 395
          396 397 398 399 400 401 402 403 404 405 406 407 408 409 410 411 412 413
          414 415 416 417 418 419 420 421 422 423 424 425 426 427 428 429 430 431
          432 433 434 435 436 437 438 439 440 441 442 443 444 445 446 447 448 449
          450 451 452 453 454 455 456 457 458 459 460 461 462 463 464 465 466 467
          468 469 470 471 472 473 474 475 476 477 478 479 480 481 482 483 484 485
          486 487 488 489 490 491 492 493 494 495 496 497 498 499 500 501 502 503
          504 505 506 507 508 509 510 511 512 513 514 515 516 517 518 519 520 521
          522 523 524 525 526 527 528 529 530 531 532 533 534 535 536 537 538 539
          540 541 542 543 544 545 546 547 548 549 550 551 552 553 554 555 556 557
          558 559 560 561 562 563 564 565 566 567 568 569 570 571 572 573 574 575
          576 577 578 579 580 581 582 583 584 585 586 587 588 589 590 591 592 593
          594 595 596 597 598 599 600 601 602 603 604 605 606 607 608 609 610 611
          612 613 614 615 616 617 618 619 620 621 622 623 624 625 626 627 628 629
          630 631 632 633 634 635 636 637 638 639 640 641 642 643 644 645 646 647
          648 649 650 651 652 653 654 655 656 657 658 659 660 661 662 663 664 665
          666 667 668 669 670 671 672 673 674 675 676 677 678 679 680 681 682 683
          684 685 686 687 688 689 690 691 692 693 694 695 696 697 698 699 700 701
          702 703 704 705 706 707 708 709 710 711 712 713 714 715 716 717 718 719
          720 721 722 723 724 725 726 727 728 729 730 731 732 733 734 735 736 737
          738 739 740 741 742 743 744 745 746 747 748 749 750 751 752 753 754 755
          756 757 758 759 760 761 762 763 764 765 766 767 768 769 770 771 772 773
          774 775 776 777 778 779 780 781 782 783 784 785 786 787 788 789 790 791
          792 793 794 795 796 797 798 799 800 801 802 803 804 805 806 807 808 809
          810 811 812 813 814 815 816 817 818 819 820 821 822 823 824 825 826 827
          828 829 830 831 832 833 834 835 836 837 838 839 840 841 842 843 844 845
          846 847 848 849 850 851 852 853 854 855 856 857 858 859 860 861 862 863
          864 865 866 867 868 869 870 871 872 873 874 875 876 877 878 879 880 881
          882 883 884 885 886 887 888 889 890 891 892 893 894 895 896 897 898 899
          900 901 902 903 904 905 906 907 908 909 910 911 912 913 914 915 916 917
          918 919 920 921 922 923 924 925 926 927 928 929 930 931 932 933 934 935
          936 937 938 939 940 941 942 943 944 945 946 947 948 949 950 951 952 953
          954 955 956 957 958 959 960 961 962 963 964 965 966 967 968 969 970 971
          972 973 974 975 976 977 978 979 980 981 982 983 984 985 986 987 988 989
          990 991 992 993 994 995 996 997 998 999 1000 1001 1002 1003 1004 1005 1006 1007
          1008 1009 1010 1011 1012 1013 1014 1015 1016 1017 1018 1019 1020 1021 1022 1023 1024 1025
          1026 1027 1028 1029 1030 1031 1032 1033 1034 1035 1036 1037 1038 1039 1040 1041 1042 1043
          1044 1045 1046 1047 1048 1049 1050 1051 1052 1053 1054 1055 1056 1057 1058 1059 1060 1061
          1062 1063 1064 1065 1066 1067 1068 1069 1070 1071 1072 1073 1074 1075 1076 1077 1078 1079
          1080 1081 1082 1083 1084 1085 1086 1087 1088 1089 1090 1091 1092 1093 1094 1095 1096 1097
          1098 1099 1100 1101 1102 1103 1104 1105 1106 1107 1108 1109 1110 1111 1112 1113 1114 1115
          1116 1117 1118 1119 1120 1121 1122 1123 1124 1125 1126 1127 1128 1129 1130 1131 1132 1133
          1134 1135 1136 1137 1138 1139 1140 1141 1142 1143 1144 1145 1146 1147 1148 1149 1150 1151
          1152 1153 1154 1155 1156 1157 1158 1159 1160 1161 1162 1163 1164 1165 1166 1167 1168 1169
          1170 1171 1172 1173 1174 1175 1176 1177 1178 1179 1180 1181 1182 1183 1184 1185 1186 1187
          1188 1189 1190 1191 1192 1193 1194 1195 1196 1197 1198 1199 1200 1201 1202 1203 1204 1205
          1206 1207 1208 1209 1210 1211 1212 1213 1214 1215 1216 1217 1218 1219 1220 1221 1222 1223
          1224 1225 1226 1227 1228 1229 1230 1231 1232 1233 1234 1235 1236 1237 1238 1239 1240 1241
          1242 1243 1244 1245 1246 1247 1248 1249 1250 1251 1252 1253 1254 1255 1256 1257 1258 1259
          1260 1261 1262 1263 1264 1265 1266 1267 1268 1269 1270 1271 1272 1273 1274 1275 1276 1277
          1278 1279 1280 1281 1282 1283 1284 1285 1286 1287 1288 1289 1290 1291 1292 1293 1294 1295
          1296 1297 1298 1299 1300 1301 1302 1303 1304 1305 1306 1307 1308 1309 1310 1311 1312 1313
          1314 1315 1316 1317 1318 1319 1320 1321 1322 1323 1324 1325 1326 1327 1328 1329 1330 1331
          1332 1333 1334 1335 1336 1337 1338 1339 1340 1341 1342 1343 1344 1345 1346 1347 1348 1349
          1350 1351 1352 1353 1354 1355 1356 1357 1358 1359 1360 1361 1362 1363 1364 1365 1366 1367
          1368 1369 1370 1371 1372 1373 1374 1375 1376 1377 1378 1379 1380 1381 1382 1383 1384 1385
          1386 1387 1388 1389 1390 1391 1392 1393 1394 1395 1396 1397 1398 1399 1400 1401 1402 1403
          1404 1405 1406 1407 1408 1409 1410 1411 1412 1413 1414 1415 1416 1417 1418 1419 1420 1421
          1422 1423 1424 1425 1426 1427 1428 1429 1430 1431 1432 1433 1434 1435 1436 1437 1438 1439
          1440 1441 1442 1443 1444 1445 1446 1447 1448 1449 1450 1451 1452 1453 1454 1455 1456 1457
          1458 1459 1460 1461 1462 1463 1464 1465 1466 1467 1468 1469 1470 1471 1472 1473 1474 1475
          1476 1477 1478 1479 1480 1481 1482 1483 1484 1485 1486 1487 1488 1489 1490 1491 1492 1493
          1494 1495 1496 1497 1498 1499 1500 1501 1502 1503 1504 1505 1506 1507 1508 1509 1510 1511
          1512 1513 1514 1515 1516 1517 1518 1519 1520 1521 1522 1523 1524 1525 1526 1527 1528 1529
          1530 1531 1532 1533 1534 1535 1536 1537 1538 1539 1540 1541 1542 1543 1544 1545 1546 1547
          1548 1549 1550 1551 1552 1553 1554 1555 1556 1557 1558 1559 1560 1561 1562 1563 1564 1565
          1566 1567 1568 1569 1570 1571 1572 1573 1574 1575 1576 1577 1578 1579 1580 1581 1582 1583
          1584 1585 1586 1587 1588 1589 1590 1591 1592 1593 1594 1595 1596 1597 1598 1599 1600 1601
          1602 1603 1604 1605 1606 1607 1608 1609 1610 1611 1612 1613 1614 1615 1616 1617 1618 1619
          1620 1621 1622 1623 1624 1625 1626 1627 1628 1629 1630 1631 1632 1633 1634 1635 1636 1637
          1638 1639 1640 1641 1642 1643 1644 1645 1646 1647 1648 1649 1650 1651 1652 1653 1654 1655
          1656 1657 1658 1659 1660 1661 1662 1663 1664 1665 1666 1667 1668 1669 1670 1671 1672 1673
          1674 1675 1676 1677 1678 1679 1680 1681 1682 1683 1684 1685 1686 1687 1688 1689 1690 1691
          1692 1693 1694 1695 1696 1697 1698 1699 1700 1701 1702 1703 1704 1705 1706 1707 1708 1709
          1710 1711 1712 1713 1714 1715 1716 1717 1718 1719 1720 1721 1722 1723 1724 1725 1726 1727
          1728 1729 1730 1731 1732 1733 1734 1735 1736 1737 1738 1739 1740 1741 1742 1743 1744 1745
          1746 1747 1748 1749 1750 1751 1752 1753 1754 1755 1756 1757 1758 1759 1760 1761 1762 1763
          1764 1765 1766 1767 1768 1769 1770 1771 1772 1773 1774 1775 1776 1777 1778 1779 1780 1781
          1782 1783 1784 1785 1786 1787 1788 1789 1790 1791 1792 1793 1794 1795 1796 1797 1798 1799
          1800 1801 1802 1803 1804 1805 1806 1807 1808 1809 1810 1811 1812 1813 1814 1815 1816 1817
          1818 1819 1820 1821 1822 1823 1824 1825 1826 1827 1828 1829 1830 1831 1832 1833 1834 1835
          1836 1837 1838 1839 1840 1841 1842 1843 1844 1845 1846 1847 1848 1849 1850 1851 1852 1853
          1854 1855 1856 1857 1858 1859 1860 1861 1862 1863 1864 1865 1866 1867 1868 1869 1870 1871
          1872 1873 1874 1875 1876 1877 1878 1879 1880 1881 1882 1883 1884 1885 1886 1887 1888 1889
          1890 1891 1892 1893 1894 1895 1896 1897 1898 1899 1900 1901 1902 1903 1904 1905 1906 1907
          1908 1909 1910 1911 1912 1913 1914 1915 1916 1917 1918 1919 1920 1921 1922 1923 1924 1925
          1926 1927 1928 1929 1930 1931 1932 1933 1934 1935 1936 1937 1938 1939 1940 1941 1942 1943
          1944 1945 1946 1947 1948 1949 1950 1951 1952 1953 1954 1955 1956 1957 1958 1959 1960 1961
          1962 1963 1964 1965 1966 1967 1968 1969 1970 1971 1972 1973 1974 1975 1976 1977 1978 1979
          1980 1981 1982 1983 1984 1985 1986 1987 1988 1989 1990 1991 1992 1993 1994 1995 1996 1997
          1998 1999 2000 2001 2002 2003 2004 2005 2006 2007 2008 2009 2010 2011 2012 2013 2014 2015
          2016 2017 2018 2019 2020 2021 2022 2023 2024 2025 2026 2027 2028 2029 2030 2031 2032 2033
          2034 2035 2036 2037 2038 2039 2040 2041 2042 2043 2044 2045 2046 2047 2048 2049 2050 2051
          2052 2053 2054 2055 2056 2057 2058 2059 2060 2061 2062 2063 2064 2065 2066 2067 2068 2069
          2070 2071 2072 2073 2074 2075 2076 2077 2078 2079 2080 2081 2082 2083 2084 2085 2086 2087
          2088 2089 2090 2091 2092 2093 2094 2095 2096 2097 2098 2099 2100 2101 2102 2103 2104 2105
          2106 2107 2108 2109 2110 2111 2112 2113 2114 2115 2116 2117 2118 2119 2120 2121 2122 2123
          2124 2125 2126 2127 2128 2129 2130 2131 2132 2133 2134 2135 2136 2137 2138 2139 2140 2141
          2142 2143 2144 2145 2146 2147 2148 2149 2150 2151 2152 2153 2154 2155 2156 2157 2158 2159
          2160 2161 2162 2163 2164 2165 2166 2167 2168 2169 2170 2171 2172 2173 2174 2175 2176 2177
          2178 2179 2180 2181 2182 2183 2184 2185 2186 2187 2188 2189 2190 2191 2192 2193 2194 2195
          2196 2197 2198 2199 2200 2201 2202 2203 2204 2205 2206 2207 2208 2209 2210 2211 2212 2213
          2214 2215 2216 2217 2218 2219 2220 2221 2222 2223 2224 2225 2226 2227 2228 2229 2230 2231
          2232 2233 2234 2235 2236 2237 2238 2239 2240 2241 2242 2243 2244 2245 2246 2247 2248 2249
          2250 2251 2252 2253 2254 2255 2256 2257 2258 2259 2260 2261 2262 2263 2264 2265 2266 2267
          2268 2269 2270 2271 2272 2273 2274 2275 2276 2277 2278 2279 2280 2281 2282 2283 2284 2285
          2286 2287 2288 2289 2290 2291 2292 2293 2294 2295 2296 2297 2298 2299 2300 2301 2302 2303
          2304 2305 2306 2307 2308 2309 2310 2311 2312 2313 2314 2315 2316 2317 2318 2319 2320 2321
          2322 2323 2324 2325 2326 2327 2328 2329 2330 2331 2332 2333 2334 2335 2336 2337 2338 2339
          2340 2341 2342 2343 2344 2345 2346 2347 2348 2349 2350 2351 2352 2353 2354 2355 2356 2357
          2358 2359 2360 2361 2362 2363 2364 2365 2366 2367 2368 2369 2370 2371 2372 2373 2374 2375
          2376 2377 2378 2379 2380 2381 2382 2383 2384 2385 2386 2387 2388 2389 2390 2391 2392 2393
          2394 2395 2396 2397 2398 2399 2400 2401 2402 2403 2404 2405 2406 2407 2408 2409 2410 2411
          2412 2413 2414 2415 2416 2417 2418 2419 2420 2421 2422 2423 2424 2425 2426 2427 2428 2429
          2430 2431 2432 2433 2434 2435 2436 2437 2438 2439 2440 2441 2442 2443 2444 2445 2446 2447
          2448 2449 2450 2451 2452 2453 2454 2455 2456 2457 2458 2459 2460 2461 2462 2463 2464 2465
          2466 2467 2468 2469 2470 2471 2472 2473 2474 2475 2476 2477 2478 2479 2480 2481 2482 2483
          2484 2485 2486 2487 2488 2489 2490 2491 2492 2493 2494 2495 2496 2497 2498 2499 2500 2501
          2502 2503 2504 2505 2506 2507 2508 2509 2510 2511 2512 2513 2514 2515 2516 2517 2518 2519
          2520 2521 2522 2523 2524 2525 2526 2527 2528 2529 2530 2531 2532 2533 2534 2535 2536 2537
          2538 2539 2540 2541 2542 2543 2544 2545 2546 2547 2548 2549 2550 2551 2552 2553 2554 2555
          2556 2557 2558 2559 2560 2561 2562 2563 2564 2565 2566 2567 2568 2569 2570 2571 2572 2573
          2574 2575 2576 2577 2578 2579 2580 2581 2582 2583 2584 2585 2586 2587 2588 2589 2590 2591
          2592 2593 2594 2595 2596 2597 2598 2599 2600 2601 2602 2603 2604 2605 2606 2607 2608 2609
          2610 2611 2612 2613 2614 2615 2616 2617 2618 2619 2620 2621 2622 2623 2624 2625 2626 2627
          2628 2629 2630 2631 2632 2633 2634 2635 2636 2637 2638 2639 2640 2641 2642 2643 2644 2645
          2646 2647 2648 2649 2650 2651 2652 2653 2654 2655 2656 2657 2658 2659 2660 2661 2662 2663
          2664 2665 2666 2667 2668 2669 2670 2671 2672 2673 2674 2675 2676 2677 2678 2679 2680 2681
          2682 2683 2684 2685 2686 2687 2688 2689 2690 2691 2692 2693 2694 2695 2696 2697 2698 2699
          2700 2701 2702 2703 2704 2705 2706 2707 2708 2709 2710 2711 2712 2713 2714 2715 2716 2717
          2718 2719 2720 2721 2722 2723 2724 2725 2726 2727 2728 2729 2730 2731 2732 2733 2734 2735
          2736 2737 2738 2739 2740 2741 2742 2743 2744 2745 2746 2747 2748 2749 2750 2751 2752 2753
          2754 2755 2756 2757 2758 2759 2760 2761 2762 2763 2764 2765 2766 2767 2768 2769 2770 2771
          2772 2773 2774 2775 2776 2777 2778 2779 2780 2781 2782 2783 2784 2785 2786 2787 2788 2789
          2790 2791 2792 2793 2794 2795 2796 2797 2798 2799 2800 2801 2802 2803 2804 2805 2806 2807
          2808 2809 2810 2811 2812 2813 2814 2815 2816 2817 2818 2819 2820 2821 2822 2823 2824 2825
          2826 2827 2828 2829 2830 2831 2832 2833 2834 2835 2836 2837 2838 2839 2840 2841 2842 2843
          2844 2845 2846 2847 2848 2849 2850 2851 2852 2853 2854 2855 2856 2857 2858 2859 2860 2861
          2862 2863 2864 2865 2866 2867 2868 2869 2870 2871 2872 2873 2874 2875 2876 2877 2878 2879
          2880 2881 2882 2883 2884 2885 2886 2887 2888 2889 2890 2891 2892 2893 2894 2895 2896 2897
          2898 2899 2900 2901 2902 2903 2904 2905 2906 2907 2908 2909 2910 2911 2912 2913 2914 2915
          2916 2917 2918 2919 2920 2921 2922 2923 2924 2925 2926 2927 2928 2929 2930 2931 2932 2933
          2934 2935 2936 2937 2938 2939 2940 2941 2942 2943 2944 2945 2946 2947 2948 2949 2950 2951
          2952 2953 2954 2955 2956 2957 2958 2959 2960 2961 2962 2963 2964 2965 2966 2967 2968 2969
          2970 2971 2972 2973 2974 2975 2976 2977 2978 2979 2980 2981 2982 2983 2984 2985 2986 2987
          2988 2989 2990 2991 2992 2993 2994 2995 2996 2997 2998 2999 3000 3001 3002 3003 3004 3005
          3006 3007 3008 3009 3010 3011 3012 3013 3014 3015 3016 3017 3018 3019 3020 3021 3022 3023
          3024 3025 3026 3027 3028 3029 3030 3031 3032 3033 3034 3035 3036 3037 3038 3039 3040 3041
          3042 3043 3044 3045 3046 3047 3048 3049 3050 3051 3052 3053 3054 3055 3056 3057 3058 3059
          3060 3061 3062 3063 3064 3065 3066 3067 3068 3069 3070 3071 3072 3073 3074 3075 3076 3077
          3078 3079 3080 3081 3082 3083 3084 3085 3086 3087 3088 3089 3090 3091 3092 3093 3094 3095
          3096 3097 3098 3099 3100 3101 3102 3103 3104 3105 3106 3107 3108 3109 3110 3111 3112 3113
          3114 3115 3116 3117 3118 3119 3120 3121 3122 3123 3124 3125 3126 3127 3128 3129 3130 3131
          3132 3133 3134 3135 3136 3137 3138 3139 3140 3141 3142 3143 3144 3145 3146 3147 3148 3149
          3150 3151 3152 3153 3154 3155 3156 3157 3158 3159 3160 3161 3162 3163 3164 3165 3166 3167
          3168 3169 3170 3171 3172 3173 3174 3175 3176 3177 3178 3179 3180 3181 3182 3183 3184 3185
          3186 3187 3188 3189 3190 3191 3192 3193 3194 3195 3196 3197 3198 3199 3200 3201 3202 3203
          3204 3205 3206 3207 3208 3209 3210 3211 3212 3213 3214 3215 3216 3217 3218 3219 3220 3221
          3222 3223 3224 3225 3226 3227 3228 3229 3230 3231 3232 3233 3234 3235 3236 3237 3238 3239
          3240 3241 3242 3243 3244 3245 3246 3247 3248 3249 3250 3251 3252 3253 3254 3255 3256 3257
          3258 3259 3260 3261 3262 3263 3264 3265 3266 3267 3268 3269 3270 3271 3272 3273 3274 3275
          3276 3277 3278 3279 3280 3281 3282 3283 3284 3285 3286 3287 3288 3289 3290 3291 3292 3293
          3294 3295 3296 3297 3298 3299 3300 3301 3302 3303 3304 3305 3306 3307 3308 3309 3310 3311
          3312 3313 3314 3315 3316 3317 3318 3319 3320 3321 3322 3323 3324 3325 3326 3327 3328 3329
          3330 3331 3332 3333 3334 3335 3336 3337 3338 3339 3340 3341 3342 3343 3344 3345 3346 3347
          3348 3349 3350 3351 3352 3353 3354 3355 3356 3357 3358 3359 3360 3361 3362 3363 3364 3365
          3366 3367 3368 3369 3370 3371 3372 3373 3374 3375 3376 3377 3378 3379 3380 3381 3382 3383
          3384 3385 3386 3387 3388 3389 3390 3391 3392 3393 3394 3395 3396 3397 3398 3399 3400 3401
          3402 3403 3404 3405 3406 3407 3408 3409 3410 3411 3412 3413 3414 3415 3416 3417 3418 3419
          3420 3421 3422 3423 3424 3425 3426 3427 3428 3429 3430 3431 3432 3433 3434 3435 3436 3437
          3438 3439 3440 3441 3442 3443 3444 3445 3446 3447 3448 3449 3450 3451 3452 3453 3454 3455
          3456 3457 3458 3459 3460 3461 3462 3463 3464 3465 3466 3467 3468 3469 3470 3471 3472 3473
          3474 3475 3476 3477 3478 3479 3480 3481 3482 3483 3484 3485 3486 3487 3488 3489 3490 3491
          3492 3493 3494 3495 3496 3497 3498 3499 3500 3501 3502 3503 3504 3505 3506 3507 3508 3509
          3510 3511 3512 3513 3514 3515 3516 3517 3518 3519 3520 3521 3522 3523 3524 3525 3526 3527
          3528 3529 3530 3531 3532 3533 3534 3535 3536 3537 3538 3539 3540 3541 3542 3543 3544 3545
          3546 3547 3548 3549 3550 3551 3552 3553 3554 3555 3556 3557 3558 3559 3560 3561 3562 3563
          3564 3565 3566 3567 3568 3569 3570 3571 3572 3573 3574 3575 3576 3577 3578 3579 3580 3581
          3582 3583 3584 3585 3586 3587 3588 3589 3590 3591 3592 3593 3594 3595 3596 3597 3598 3599
          3600 3601 3602 3603 3604 3605 3606 3607 3608 3609 3610 3611 3612 3613 3614 3615 3616 3617
          3618 3619 3620 3621 3622 3623 3624 3625 3626 3627 3628 3629 3630 3631 3632 3633 3634 3635
          3636 3637 3638 3639 3640 3641 3642 3643 3644 3645 3646 3647 3648 3649 3650 3651 3652 3653
          3654 3655 3656 3657 3658 3659 3660 3661 3662 3663 3664 3665 3666 3667 3668 3669 3670 3671
          3672 3673 3674 3675 3676 3677 3678 3679 3680 3681 3682 3683 3684 3685 3686 3687 3688 3689
          3690 3691 3692 3693 3694 3695 3696 3697 3698 3699 3700 3701 3702 3703 3704 3705 3706 3707
          3708 3709 3710 3711 3712 3713 3714 3715 3716 3717 3718 3719 3720 3721 3722 3723 3724 3725
          3726 3727 3728 3729 3730 3731 3732 3733 3734 3735 3736 3737 3738 3739 3740 3741 3742 3743
          3744 3745 3746 3747 3748 3749 3750 3751 3752 3753 3754 3755 3756 3757 3758 3759 3760 3761
          3762 3763 3764 3765 3766 3767 3768 3769 3770 3771 3772 3773 3774 3775 3776 3777 3778 3779
          3780 3781 3782 3783 3784 3785 3786 3787 3788 3789 3790 3791 3792 3793 3794 3795 3796 3797
          3798 3799 3800 3801 3802 3803 3804 3805 3806 3807 3808 3809 3810 3811 3812 3813 3814 3815
          3816 3817 3818 3819 3820 3821 3822 3823 3824 3825 3826 3827 3828 3829 3830 3831 3832 3833
          3834 3835 3836 3837 3838 3839 3840 3841 3842 3843 3844 3845 3846 3847 3848 3849 3850 3851
          3852 3853 3854 3855 3856 3857 3858 3859 3860 3861 3862 3863 3864 3865 3866 3867 3868 3869
          3870 3871 3872 3873 3874 3875 3876 3877 3878 3879 3880 3881 3882 3883 3884 3885 3886 3887
          3888 3889 3890 3891 3892 3893 3894 3895 3896 3897 3898 3899 3900 3901 3902 3903 3904 3905
          3906 3907 3908 3909 3910 3911 3912 3913 3914 3915 3916 3917 3918 3919 3920 3921 3922 3923
          3924 3925 3926 3927 3928 3929 3930 3931 3932 3933 3934 3935 3936 3937 3938 3939 3940 3941
          3942 3943 3944 3945 3946 3947 3948 3949 3950 3951 3952 3953 3954 3955 3956 3957 3958 3959
          3960 3961 3962 3963 3964 3965 3966 3967 3968 3969 3970 3971 3972 3973 3974 3975 3976 3977
          3978 3979 3980 3981 3982 3983 3984 3985 3986 3987 3988 3989 3990 3991 3992 3993 3994 3995
          3996 3997 3998 3999 4000 4001 4002 4003 4004 4005 4006 4007 4008 4009 4010 4011 4012 4013
          4014 4015 4016 4017 4018 4019 4020 4021 4022 4023 4024 4025 4026 4027 4028 4029 4030 4031
          4032 4033 4034 4035 4036 4037 4038 4039 4040 4041 4042 4043 4044 4045 4046 4047 4048 4049
          4050 4051 4052 4053 4054 4055 4056 4057 4058 4059 4060 4061 4062 4063 4064 4065 4066 4067
          4068 4069 4070 4071 4072 4073 4074 4075 4076 4077 4078 4079 4080 4081 4082 4083 4084 4085
          4086 4087 4088 4089 4090 4091 4092 4093 4094 4095 4096 4097 4098 4099 4100 4101 4102 4103
          4104 4105 4106 4107 4108 4109 4110 4111 4112 4113 4114 4115 4116 4117 4118 4119 4120 4121
          4122 4123 4124 4125 4126 4127 4128 4129 4130 4131 4132 4133 4134 4135 4136 4137 4138 4139
          4140 4141 4142 4143 4144 4145 4146 4147 4148 4149 4150 4151 4152 4153 4154 4155 4156 4157
          4158 4159 4160 4161 4162 4163 4164 4165 4166 4167 4168 4169 4170 4171 4172 4173 4174 4175
          4176 4177 4178 4179 4180 4181 4182 4183 4184 4185 4186 4187 4188 4189 4190 4191 4192 4193
          4194 4195 4196 4197 4198 4199 4200 4201 4202 4203 4204 4205 4206 4207 4208 4209 4210 4211
          4212 4213 4214 4215 4216 4217 4218 4219 4220 4221 4222 4223 4224 4225 4226 4227 4228 4229
          4230 4231 4232 4233 4234 4235 4236 4237 4238 4239 4240 4241 4242 4243 4244 4245 4246 4247
          4248 4249 4250 4251 4252 4253 4254 4255 4256 4257 4258 4259 4260 4261 4262 4263 4264 4265
          4266 4267 4268 4269 4270 4271 4272 4273 4274 4275 4276 4277 4278 4279 4280 4281 4282 4283
          4284 4285 4286 4287 4288 4289 4290 4291 4292 4293 4294 4295 4296 4297 4298 4299 4300 4301
          4302 4303 4304 4305 4306 4307 4308 4309 4310 4311 4312 4313 4314 4315 4316 4317 4318 4319
          4320 4321 4322 4323 4324 4325 4326 4327 4328 4329 4330 4331 4332 4333 4334 4335 4336 4337
          4338 4339 4340 4341 4342 4343 4344 4345 4346 4347 4348 4349 4350 4351 4352 4353 4354 4355
          4356 4357 4358 4359 4360 4361 4362 4363 4364 4365 4366 4367 4368 4369 4370 4371 4372 4373
          4374 4375 4376 4377 4378 4379 4380 4381 4382 4383 4384 4385 4386 4387 4388 4389 4390 4391
          4392 4393 4394 4395 4396 4397 4398 4399 4400 4401 4402 4403 4404 4405 4406 4407 4408 4409
          4410 4411 4412 4413 4414 4415 4416 4417 4418 4419 4420 4421 4422 4423 4424 4425 4426 4427
          4428 4429 4430 4431 4432 4433 4434 4435 4436 4437 4438 4439 4440 4441 4442 4443 4444 4445
          4446 4447 4448 4449 4450 4451 4452 4453 4454 4455 4456 4457 4458 4459 4460 4461 4462 4463
          4464 4465 4466 4467 4468 4469 4470 4471 4472 4473 4474 4475 4476 4477 4478 4479 4480 4481
          4482 4483 4484 4485 4486 4487 4488 4489 4490 4491 4492 4493 4494 4495 4496 4497 4498 4499
          4500 4501 4502 4503 4504 4505 4506 4507 4508 4509 4510 4511 4512 4513 4514 4515 4516 4517
          4518 4519 4520 4521 4522 4523 4524 4525 4526 4527 4528 4529 4530 4531 4532 4533 4534 4535
          4536 4537 4538 4539 4540 4541 4542 4543 4544 4545 4546 4547 4548 4549 4550 4551 4552 4553
          4554 4555 4556 4557 4558 4559 4560 4561 4562 4563 4564 4565 4566 4567 4568 4569 4570 4571
          4572 4573 4574 4575 4576 4577 4578 4579 4580 4581 4582 4583 4584 4585 4586 4587 4588 4589
          4590 4591 4592 4593 4594 4595 4596 4597 4598 4599 4600 4601 4602 4603 4604 4605 4606 4607
          4608 4609 4610 4611 4612 4613 4614 4615 4616 4617 4618 4619 4620 4621 4622 4623 4624 4625
          4626 4627 4628 4629 4630 4631 4632 4633 4634 4635 4636 4637 4638 4639 4640 4641 4642 4643
          4644 4645 4646 4647 4648 4649 4650 4651 4652 4653 4654 4655 4656 4657 4658 4659 4660 4661
          4662 4663 4664 4665 4666 4667 4668 4669 4670 4671 4672 4673 4674 4675 4676 4677 4678 4679
          4680 4681 4682 4683 4684 4685 4686 4687 4688 4689 4690 4691 4692 4693 4694 4695 4696 4697
          4698 4699 4700 4701 4702 4703 4704 4705 4706 4707 4708 4709 4710 4711 4712 4713 4714 4715
          4716 4717 4718 4719 4720 4721 4722 4723 4724 4725 4726 4727 4728 4729 4730 4731 4732 4733
          4734 4735 4736 4737 4738 4739 4740 4741 4742 4743 4744 4745 4746 4747 4748 4749 4750 4751
          4752 4753 4754 4755 4756 4757 4758 4759 4760 4761 4762 4763 4764 4765 4766 4767 4768 4769
          4770 4771 4772 4773 4774 4775 4776 4777 4778 4779 4780 4781 4782 4783 4784 4785 4786 4787
          4788 4789 4790 4791 4792 4793 4794 4795 4796 4797 4798 4799 4800 4801 4802 4803 4804 4805
          4806 4807 4808 4809 4810 4811 4812 4813 4814 4815 4816 4817 4818 4819 4820 4821 4822 4823
          4824 4825 4826 4827 4828 4829 4830 4831 4832 4833 4834 4835 4836 4837 4838 4839 4840 4841
          4842 4843 4844 4845 4846 4847 4848 4849 4850 4851 4852 4853 4854 4855 4856 4857 4858 4859
          4860 4861 4862 4863 4864 4865 4866 4867 4868 4869 4870 4871 4872 4873 4874 4875 4876 4877
          4878 4879 4880 4881 4882 4883 4884 4885 4886 4887 4888 4889 4890 4891 4892 4893 4894 4895
          4896 4897 4898 4899 4900 4901 4902 4903 4904 4905 4906 4907 4908 4909 4910 4911 4912 4913
          4914 4915 4916 4917 4918 4919 4920 4921 4922 4923 4924 4925 4926 4927 4928 4929 4930 4931
          4932 4933 4934 4935 4936 4937 4938 4939 4940 4941 4942 4943 4944 4945 4946 4947 4948 4949
          4950 4951 4952 4953 4954 4955 4956 4957 4958 4959 4960 4961 4962 4963 4964 4965 4966 4967
          4968 4969 4970 4971 4972 4973 4974 4975 4976 4977 4978 4979 4980 4981 4982 4983 4984 4985
          4986 4987 4988 4989 4990 4991 4992 4993 4994 4995 4996 4997 4998 4999 5000 5001 5002 5003
          5004 5005 5006 5007 5008 5009 5010 5011 5012 5013 5014 5015 5016 5017 5018 5019 5020 5021
          5022 5023 5024 5025 5026 5027 5028 5029 5030 5031 5032 5033 5034 5035 5036 5037 5038 5039
          5040 5041 5042 5043 5044 5045 5046 5047 5048 5049 5050 5051 5052 5053 5054 5055 5056 5057
          5058 5059 5060 5061 5062 5063 5064 5065 5066 5067 5068 5069 5070 5071 5072 5073 5074 5075
          5076 5077 5078 5079 5080 5081 5082 5083 5084 5085 5086 5087 5088 5089 5090 5091 5092 5093
          5094 5095 5096 5097 5098 5099 5100 5101 5102 5103 5104 5105 5106 5107 5108 5109 5110 5111
          5112 5113 5114 5115 5116 5117 5118 5119 5120 5121 5122 5123 5124 5125 5126 5127 5128 5129
          5130 5131 5132 5133 5134 5135 5136 5137 5138 5139 5140 5141 5142 5143 5144 5145 5146 5147
          5148 5149 5150 5151 5152 5153 5154 5155 5156 5157 5158 5159 5160 5161 5162 5163 5164 5165
          5166 5167 5168 5169 5170 5171 5172 5173 5174 5175 5176 5177 5178 5179 5180 5181 5182 5183
          5184 5185 5186 5187 5188 5189 5190 5191 5192 5193 5194 5195 5196 5197 5198 5199 5200 5201
          5202 5203 5204 5205 5206 5207 5208 5209 5210 5211 5212 5213 5214 5215 5216 5217 5218 5219
          5220 5221 5222 5223 5224 5225 5226 5227 5228 5229 5230 5231 5232 5233 5234 5235 5236 5237
          5238 5239 5240 5241 5242 5243 5244 5245 5246 5247 5248 5249 5250 5251 5252 5253 5254 5255
          5256 5257 5258 5259 5260 5261 5262 5263 5264 5265 5266 5267 5268 5269 5270 5271 5272 5273
        </DataArray>
        <DataArray type="Int32" Name="offsets" format="ascii">
          3 6 9 12 15 18 21 24 27 30 33 36 39 42 45 48 51 54
          57 60 63 66 69 72 75 78 81 84 87 90 93 96 99 102 105 108
          111 114 117 120 123 126 129 132 135 138 141 144 147 150 153 156 159 162
          165 168 171 174 177 180 183 186 189 192 195 198 201 204 207 210 213 216
          219 222 225 228 231 234 237 240 243 246 249 252 255 258 261 264 267 270
          273 276 279 282 285 288 291 294 297 300 303 306 309 312 315 318 321 324
          327 330 333 336 339 342 345 348 351 354 357 360 363 366 369 372 375 378
          381 384 387 390 393 396 399 402 405 408 411 414 417 420 423 426 429 432
          435 438 441 444 447 450 453 456 459 462 465 468 471 474 477 480 483 486
          489 492 495 498 501 504 507 510 513 516 519 522 525 528 531 534 537 540
          543 546 549 552 555 558 561 564 567 570 573 576 579 582 585 588 591 594
          597 600 603 606 609 612 615 618 621 624 627 630 633 636 639 642 645 648
          651 654 657 660 663 666 669 672 675 678 681 684 687 690 693 696 699 702
          705 708 711 714 717 720 723 726 729 732 735 738 741 744 747 750 753 756
          759 762 765 768 771 774 777 780 783 786 789 792 795 798 801 804 807 810
          813 816 819 822 825 828 831 834 837 840 843 846 849 852 855 858 861 864
          867 870 873 876 879 882 885 888 891 894 897 900 903 906 909 912 915 918
          921 924 927 930 933 936 939 942 945 948 951 954 957 960 963 966 969 972
          975 978 981 984 987 990 993 996 999 1002 1005 1008 1011 1014 1017 1020 1023 1026
          1029 1032 1035 1038 1041 1044 1047 1050 1053 1056 1059 1062 1065 1068 1071 1074 1077 1080
          1083 1086 1089 1092 1095 1098 1101 1104 1107 1110 1113 1116 1119 1122 1125 1128 1131 1134
          1137 1140 1143 1146 1149 1152 1155 1158 1161 1164 1167 1170 1173 1176 1179 1182 1185 1188
          1191 1194 1197 1200 1203 1206 1209 1212 1215 1218 1221 1224 1227 1230 1233 1236 1239 1242
          1245 1248 1251 1254 1257 1260 1263 1266 1269 1272 1275 1278 1281 1284 1287 1290 1293 1296
          1299 1302 1305 1308 1311 1314 1317 1320 1323 1326 1329 1332 1335 1338 1341 1344 1347 1350
          1353 1356 1359 1362 1365 1368 1371 1374 1377 1380 1383 1386 1389 1392 1395 1398 1401 1404
          1407 1410 1413 1416 1419 1422 1425 1428 1431 1434 1437 1440 1443 1446 1449 1452 1455 1458
          1461 1464 1467 1470 1473 1476 1479 1482 1485 1488 1491 1494 1497 1500 1503 1506 1509 1512
          1515 1518 1521 1524 1527 1530 1533 1536 1539 1542 1545 1548 1551 1554 1557 1560 1563 1566
          1569 1572 1575 1578 1581 1584 1587 1590 1593 1596 1599 1602 1605 1608 1611 1614 1617 1620
          1623 1626 1629 1632 1635 1638 1641 1644 1647 1650 1653 1656 1659 1662 1665 1668 1671 1674
          1677 1680 1683 1686 1689 1692 1695 1698 1701 1704 1707 1710 1713 1716 1719 1722 1725 1728
          1731 1734 1737 1740 1743 1746 1749 1752 1755 1758 1761 1764 1767 1770 1773 1776 1779 1782
          1785 1788 1791 1794 1797 1800 1803 1806 1809 1812 1815 1818 1821 1824 1827 1830 1833 1836
          1839 1842 1845 1848 1851 1854 1857 1860 1863 1866 1869 1872 1875 1878 1881 1884 1887 1890
          1893 1896 1899 1902 1905 1908 1911 1914 1917 1920 1923 1926 1929 1932 1935 1938 1941 1944
          1947 1950 1953 1956 1959 1962 1965 1968 1971 1974 1977 1980 1983 1986 1989 1992 1995 1998
          2001 2004 2007 2010 2013 2016 2019 2022 2025 2028 2031 2034 2037 2040 2043 2046 2049 2052
          2055 2058 2061 2064 2067 2070 2073 2076 2079 2082 2085 2088 2091 2094 2097 2100 2103 2106
          2109 2112 2115 2118 2121 2124 2127 2130 2133 2136 2139 2142 2145 2148 2151 2154 2157 2160
          2163 2166 2169 2172 2175 2178 2181 2184 2187 2190 2193 2196 2199 2202 2205 2208 2211 2214
          2217 2220 2223 2226 2229 2232 2235 2238 2241 2244 2247 2250 2253 2256 2259 2262 2265 2268
          2271 2274 2277 2280 2283 2286 2289 2292 2295 2298 2301 2304 2307 2310 2313 2316 2319 2322
          2325 2328 2331 2334 2337 2340 2343 2346 2349 2352 2355 2358 2361 2364 2367 2370 2373 2376
          2379 2382 2385 2388 2391 2394 2397 2400 2403 2406 2409 2412 2415 2418 2421 2424 2427 2430
          2433 2436 2439 2442 2445 2448 2451 2454 2457 2460 2463 2466 2469 2472 2475 2478 2481 2484
          2487 2490 2493 2496 2499 2502 2505 2508 2511 2514 2517 2520 2523 2526 2529 2532 2535 2538
          2541 2544 2547 2550 2553 2556 2559 2562 2565 2568 2571 2574 2577 2580 2583 2586 2589 2592
          2595 2598 2601 2604 2607 2610 2613 2616 2619 2622 2625 2628 2631 2634 2637 2640 2643 2646
          2649 2652 2655 2658 2661 2664 2667 2670 2673 2676 2679 2682 2685 2688 2691 2694 2697 2700
          2703 2706 2709 2712 2715 2718 2721 2724 2727 2730 2733 2736 2739 2742 2745 2748 2751 2754
          2757 2760 2763 2766 2769 2772 2775 2778 2781 2784 2787 2790 2793 2796 2799 2802 2805 2808
          2811 2814 2817 2820 2823 2826 2829 2832 2835 2838 2841 2844 2847 2850 2853 2856 2859 2862
          2865 2868 2871 2874 2877 2880 2883 2886 2889 2892 2895 2898 2901 2904 2907 2910 2913 2916
          2919 2922 2925 2928 2931 2934 2937 2940 2943 2946 2949 2952 2955 2958 2961 2964 2967 2970
          2973 2976 2979 2982 2985 2988 2991 2994 2997 3000 3003 3006 3009 3012 3015 3018 3021 3024
          3027 3030 3033 3036 3039 3042 3045 3048 3051 3054 3057 3060 3063 3066 3069 3072 3075 3078
          3081 3084 3087 3090 3093 3096 3099 3102 3105 3108 3111 3114 3117 3120 3123 3126 3129 3132
          3135 3138 3141 3144 3147 3150 3153 3156 3159 3162 3165 3168 3171 3174 3177 3180 3183 3186
          3189 3192 3195 3198 3201 3204 3207 3210 3213 3216 3219 3222 3225 3228 3231 3234 3237 3240
          3243 3246 3249 3252 3255 3258 3261 3264 3267 3270 3273 3276 3279 3282 3285 3288 3291 3294
          3297 3300 3303 3306 3309 3312 3315 3318 3321 3324 3327 3330 3333 3336 3339 3342 3345 3348
          3351 3354 3357 3360 3363 3366 3369 3372 3375 3378 3381 3384 3387 3390 3393 3396 3399 3402
          3405 3408 3411 3414 3417 3420 3423 3426 3429 3432 3435 3438 3441 3444 3447 3450 3453 3456
          3459 3462 3465 3468 3471 3474 3477 3480 3483 3486 3489 3492 3495 3498 3501 3504 3507 3510
          3513 3516 3519 3522 3525 3528 3531 3534 3537 3540 3543 3546 3549 3552 3555 3558 3561 3564
          3567 3570 3573 3576 3579 3582 3585 3588 3591 3594 3597 3600 3603 3606 3609 3612 3615 3618
          3621 3624 3627 3630 3633 3636 3639 3642 3645 3648 3651 3654 3657 3660 3663 3666 3669 3672
          3675 3678 3681 3684 3687 3690 3693 3696 3699 3702 3705 3708 3711 3714 3717 3720 3723 3726
          3729 3732 3735 3738 3741 3744 3747 3750 3753 3756 3759 3762 3765 3768 3771 3774 3777 3780
          3783 3786 3789 3792 3795 3798 3801 3804 3807 3810 3813 3816 3819 3822 3825 3828 3831 3834
          3837 3840 3843 3846 3849 3852 3855 3858 3861 3864 3867 3870 3873 3876 3879 3882 3885 3888
          3891 3894 3897 3900 3903 3906 3909 3912 3915 3918 3921 3924 3927 3930 3933 3936 3939 3942
          3945 3948 3951 3954 3957 3960 3963 3966 3969 3972 3975 3978 3981 3984 3987 3990 3993 3996
          3999 4002 4005 4008 4011 4014 4017 4020 4023 4026 4029 4032 4035 4038 4041 4044 4047 4050
          4053 4056 4059 4062 4065 4068 4071 4074 4077 4080 4083 4086 4089 4092 4095 4098 4101 4104
          4107 4110 4113 4116 4119 4122 4125 4128 4131 4134 4137 4140 4143 4146 4149 4152 4155 4158
          4161 4164 4167 4170 4173 4176 4179 4182 4185 4188 4191 4194 4197 4200 4203 4206 4209 4212
          4215 4218 4221 4224 4227 4230 4233 4236 4239 4242 4245 4248 4251 4254 4257 4260 4263 4266
          4269 4272 4275 4278 4281 4284 4287 4290 4293 4296 4299 4302 4305 4308 4311 4314 4317 4320
          4323 4326 4329 4332 4335 4338 4341 4344 4347 4350 4353 4356 4359 4362 4365 4368 4371 4374
          4377 4380 4383 4386 4389 4392 4395 4398 4401 4404 4407 4410 4413 4416 4419 4422 4425 4428
          4431 4434 4437 4440 4443 4446 4449 4452 4455 4458 4461 4464 4467 4470 4473 4476 4479 4482
          4485 4488 4491 4494 4497 4500 4503 4506 4509 4512 4515 4518 4521 4524 4527 4530 4533 4536
          4539 4542 4545 4548 4551 4554 4557 4560 4563 4566 4569 4572 4575 4578 4581 4584 4587 4590
          4593 4596 4599 4602 4605 4608 4611 4614 4617 4620 4623 4626 4629 4632 4635 4638 4641 4644
          4647 4650 4653 4656 4659 4662 4665 4668 4671 4674 4677 4680 4683 4686 4689 4692 4695 4698
          4701 4704 4707 4710 4713 4716 4719 4722 4725 4728 4731 4734 4737 4740 4743 4746 4749 4752
          4755 4758 4761 4764 4767 4770 4773 4776 4779 4782 4785 4788 4791 4794 4797 4800 4803 4806
          4809 4812 4815 4818 4821 4824 4827 4830 4833 4836 4839 4842 4845 4848 4851 4854 4857 4860
          4863 4866 4869 4872 4875 4878 4881 4884 4887 4890 4893 4896 4899 4902 4905 4908 4911 4914
          4917 4920 4923 4926 4929 4932 4935 4938 4941 4944 4947 4950 4953 4956 4959 4962 4965 4968
          4971 4974 4977 4980 4983 4986 4989 4992 4995 4998 5001 5004 5007 5010 5013 5016 5019 5022
          5025 5028 5031 5034 5037 5040 5043 5046 5049 5052 5055 5058 5061 5064 5067 5070 5073 5076
          5079 5082 5085 5088 5091 5094 5097 5100 5103 5106 5109 5112 5115 5118 5121 5124 5127 5130
          5133 5136 5139 5142 5145 5148 5151 5154 5157 5160 5163 5166 5169 5172 5175 5178 5181 5184
          5187 5190 5193 5196 5199 5202 5205 5208 5211 5214 5217 5220 5223 5226 5229 5232 5235 5238
          5241 5244 5247 5250 5253 5256 5259 5262 5265 5268 5271 5274
        </DataArray>
      </Polys>
    </Piece>
  </PolyData>
</VTKFile>
