<?xml version="1.0"?>
<VTKFile type="PolyData" version="0.1" byte_order="LittleEndian">
  <PolyData>
    <Piece NumberOfPoints="8562" NumberOfVerts="0" NumberOfLines="0" NumberOfStrips="0" NumberOfPolys="2854">
      <PointData Scalars="pressureCoeff">
        <DataArray type="Float64" Name="k" format="ascii">
          5.48682e-13 5.48682e-13 5.48682e-13 5.33206e-13 5.33206e-13 5.33206e-13 5.17502333e-13 5.17502333e-13 5.17502333e-13
          5.18182667e-13 5.18182667e-13 5.18182667e-13 5.46712667e-13 5.46712667e-13 5.46712667e-13 5.32320333e-13 5.32320333e-13 5.32320333e-13
          5.31977667e-13 5.31977667e-13 5.31977667e-13 5.46234e-13 5.46234e-13 5.46234e-13 5.16654667e-13 5.16654667e-13 5.16654667e-13
          5.16692667e-13 5.16692667e-13 5.16692667e-13 5.17712333e-13 5.17712333e-13 5.17712333e-13 5.17431333e-13 5.17431333e-13 5.17431333e-13
          5.46321e-13 5.46321e-13 5.46321e-13 5.3212e-13 5.3212e-13 5.3212e-13 5.31975e-13 5.31975e-13 5.31975e-13
          5.46229333e-13 5.46229333e-13 5.46229333e-13 5.21143e-13 5.21143e-13 5.21143e-13 5.20591667e-13 5.20591667e-13 5.20591667e-13
          5.26507333e-13 5.26507333e-13 5.26507333e-13 5.3271e-13 5.3271e-13 5.3271e-13 5.39554667e-13 5.39554667e-13 5.39554667e-13
          5.38775e-13 5.38775e-13 5.38775e-13 5.46319333e-13 5.46319333e-13 5.46319333e-13 5.32119333e-13 5.32119333e-13 5.32119333e-13
          5.31976333e-13 5.31976333e-13 5.31976333e-13 5.46230667e-13 5.46230667e-13 5.46230667e-13 5.26633e-13 5.26633e-13 5.26633e-13
          5.32036667e-13 5.32036667e-13 5.32036667e-13 5.39012e-13 5.39012e-13 5.39012e-13 5.39745e-13 5.39745e-13 5.39745e-13
          5.18934e-13 5.18934e-13 5.18934e-13 5.21426e-13 5.21426e-13 5.21426e-13 5.46323e-13 5.46323e-13 5.46323e-13
          5.32123333e-13 5.32123333e-13 5.32123333e-13 5.32363e-13 5.32363e-13 5.32363e-13 5.46501333e-13 5.46501333e-13 5.46501333e-13
          5.17179e-13 5.17179e-13 5.17179e-13 5.17835e-13 5.17835e-13 5.17835e-13 5.16641333e-13 5.16641333e-13 5.16641333e-13
          5.16465333e-13 5.16465333e-13 5.16465333e-13 5.48019667e-13 5.48019667e-13 5.48019667e-13 5.34471e-13 5.34471e-13 5.34471e-13
          5.17540667e-13 5.17540667e-13 5.17540667e-13 5.18347667e-13 5.18347667e-13 5.18347667e-13 5.17838333e-13 5.17838333e-13 5.17838333e-13
          5.17126e-13 5.17126e-13 5.17126e-13 5.17406333e-13 5.17406333e-13 5.17406333e-13 5.18124667e-13 5.18124667e-13 5.18124667e-13
          5.16343333e-13 5.16343333e-13 5.16343333e-13 5.16278333e-13 5.16278333e-13 5.16278333e-13 5.15953667e-13 5.15953667e-13 5.15953667e-13
          5.15935333e-13 5.15935333e-13 5.15935333e-13 5.16550333e-13 5.16550333e-13 5.16550333e-13 5.16621667e-13 5.16621667e-13 5.16621667e-13
          5.18018667e-13 5.18018667e-13 5.18018667e-13 5.16929667e-13 5.16929667e-13 5.16929667e-13 5.16021667e-13 5.16021667e-13 5.16021667e-13
          5.16078333e-13 5.16078333e-13 5.16078333e-13 5.15951667e-13 5.15951667e-13 5.15951667e-13 5.15932333e-13 5.15932333e-13 5.15932333e-13
          5.25485e-13 5.25485e-13 5.25485e-13 5.21963333e-13 5.21963333e-13 5.21963333e-13 5.19587333e-13 5.19587333e-13 5.19587333e-13
          5.16021e-13 5.16021e-13 5.16021e-13 5.16077667e-13 5.16077667e-13 5.16077667e-13 5.15932667e-13 5.15932667e-13 5.15932667e-13
          5.15952333e-13 5.15952333e-13 5.15952333e-13 5.2103e-13 5.2103e-13 5.2103e-13 5.24597e-13 5.24597e-13 5.24597e-13
          5.23070667e-13 5.23070667e-13 5.23070667e-13 5.16023e-13 5.16023e-13 5.16023e-13 5.16081e-13 5.16081e-13 5.16081e-13
          5.16132667e-13 5.16132667e-13 5.16132667e-13 5.16277e-13 5.16277e-13 5.16277e-13 5.17839e-13 5.17839e-13 5.17839e-13
          5.17979e-13 5.17979e-13 5.17979e-13 5.16398e-13 5.16398e-13 5.16398e-13 5.16546333e-13 5.16546333e-13 5.16546333e-13
          5.17188333e-13 5.17188333e-13 5.17188333e-13 5.17967e-13 5.17967e-13 5.17967e-13 5.18254333e-13 5.18254333e-13 5.18254333e-13
          5.17480667e-13 5.17480667e-13 5.17480667e-13 5.1784e-13 5.1784e-13 5.1784e-13 5.17128333e-13 5.17128333e-13 5.17128333e-13
          5.18118667e-13 5.18118667e-13 5.18118667e-13 5.17396333e-13 5.17396333e-13 5.17396333e-13 5.16345e-13 5.16345e-13 5.16345e-13
          5.16280333e-13 5.16280333e-13 5.16280333e-13 5.15937e-13 5.15937e-13 5.15937e-13 5.15956e-13 5.15956e-13 5.15956e-13
          5.16521333e-13 5.16521333e-13 5.16521333e-13 5.16605667e-13 5.16605667e-13 5.16605667e-13 5.16167333e-13 5.16167333e-13 5.16167333e-13
          5.16192e-13 5.16192e-13 5.16192e-13 5.16023333e-13 5.16023333e-13 5.16023333e-13 5.16080333e-13 5.16080333e-13 5.16080333e-13
          5.15933667e-13 5.15933667e-13 5.15933667e-13 5.15953667e-13 5.15953667e-13 5.15953667e-13 5.16321333e-13 5.16321333e-13 5.16321333e-13
          5.16274667e-13 5.16274667e-13 5.16274667e-13 5.16175e-13 5.16175e-13 5.16175e-13 5.16207e-13 5.16207e-13 5.16207e-13
          5.16022333e-13 5.16022333e-13 5.16022333e-13 5.16079667e-13 5.16079667e-13 5.16079667e-13 5.15934333e-13 5.15934333e-13 5.15934333e-13
          5.15954667e-13 5.15954667e-13 5.15954667e-13 5.16333333e-13 5.16333333e-13 5.16333333e-13 5.16283333e-13 5.16283333e-13 5.16283333e-13
          5.16169e-13 5.16169e-13 5.16169e-13 5.16194667e-13 5.16194667e-13 5.16194667e-13 5.16024667e-13 5.16024667e-13 5.16024667e-13
          5.16083e-13 5.16083e-13 5.16083e-13 5.16134333e-13 5.16134333e-13 5.16134333e-13 5.16279333e-13 5.16279333e-13 5.16279333e-13
          5.16319333e-13 5.16319333e-13 5.16319333e-13 5.16275333e-13 5.16275333e-13 5.16275333e-13 5.16372333e-13 5.16372333e-13 5.16372333e-13
          5.16523667e-13 5.16523667e-13 5.16523667e-13 5.17190333e-13 5.17190333e-13 5.17190333e-13 5.17969667e-13 5.17969667e-13 5.17969667e-13
          5.18246333e-13 5.18246333e-13 5.18246333e-13 5.17472333e-13 5.17472333e-13 5.17472333e-13 5.17882667e-13 5.17882667e-13 5.17882667e-13
          5.17198e-13 5.17198e-13 5.17198e-13 5.47360333e-13 5.47360333e-13 5.47360333e-13 5.32824333e-13 5.32824333e-13 5.32824333e-13
          5.16388e-13 5.16388e-13 5.16388e-13 5.16353e-13 5.16353e-13 5.16353e-13 5.15982333e-13 5.15982333e-13 5.15982333e-13
          5.16029667e-13 5.16029667e-13 5.16029667e-13 5.32041667e-13 5.32041667e-13 5.32041667e-13 5.45493667e-13 5.45493667e-13 5.45493667e-13
          5.44887e-13 5.44887e-13 5.44887e-13 5.31538667e-13 5.31538667e-13 5.31538667e-13 5.16067667e-13 5.16067667e-13 5.16067667e-13
          5.16155e-13 5.16155e-13 5.16155e-13 5.15979333e-13 5.15979333e-13 5.15979333e-13 5.16027667e-13 5.16027667e-13 5.16027667e-13
          5.31828667e-13 5.31828667e-13 5.31828667e-13 5.45082e-13 5.45082e-13 5.45082e-13 5.44883333e-13 5.44883333e-13 5.44883333e-13
          5.31536667e-13 5.31536667e-13 5.31536667e-13 5.16067e-13 5.16067e-13 5.16067e-13 5.16154667e-13 5.16154667e-13 5.16154667e-13
          5.15979667e-13 5.15979667e-13 5.15979667e-13 5.16028333e-13 5.16028333e-13 5.16028333e-13 5.31828e-13 5.31828e-13 5.31828e-13
          5.45081333e-13 5.45081333e-13 5.45081333e-13 5.44884e-13 5.44884e-13 5.44884e-13 5.31537333e-13 5.31537333e-13 5.31537333e-13
          5.16069e-13 5.16069e-13 5.16069e-13 5.16157667e-13 5.16157667e-13 5.16157667e-13 5.16178333e-13 5.16178333e-13 5.16178333e-13
          5.16350333e-13 5.16350333e-13 5.16350333e-13 5.31832e-13 5.31832e-13 5.31832e-13 5.45084e-13 5.45084e-13 5.45084e-13
          5.45169333e-13 5.45169333e-13 5.45169333e-13 5.31941333e-13 5.31941333e-13 5.31941333e-13 5.17232667e-13 5.17232667e-13 5.17232667e-13
          5.18039333e-13 5.18039333e-13 5.18039333e-13 5.34214333e-13 5.34214333e-13 5.34214333e-13 5.46798667e-13 5.46798667e-13 5.46798667e-13
          5.84710333e-13 5.84710333e-13 5.84710333e-13 5.75414667e-13 5.75414667e-13 5.75414667e-13 5.75828e-13 5.75828e-13 5.75828e-13
          5.84863e-13 5.84863e-13 5.84863e-13 5.16836333e-13 5.16836333e-13 5.16836333e-13 5.17508e-13 5.17508e-13 5.17508e-13
          5.17356e-13 5.17356e-13 5.17356e-13 5.16724333e-13 5.16724333e-13 5.16724333e-13 5.84504333e-13 5.84504333e-13 5.84504333e-13
          5.75037333e-13 5.75037333e-13 5.75037333e-13 5.76008333e-13 5.76008333e-13 5.76008333e-13 5.84921e-13 5.84921e-13 5.84921e-13
          5.17194667e-13 5.17194667e-13 5.17194667e-13 5.16642333e-13 5.16642333e-13 5.16642333e-13 5.16689e-13 5.16689e-13 5.16689e-13
          5.17301333e-13 5.17301333e-13 5.17301333e-13 5.84592333e-13 5.84592333e-13 5.84592333e-13 5.75204e-13 5.75204e-13 5.75204e-13
          5.76059333e-13 5.76059333e-13 5.76059333e-13 5.84985e-13 5.84985e-13 5.84985e-13 5.17194e-13 5.17194e-13 5.17194e-13
          5.16642e-13 5.16642e-13 5.16642e-13 5.17301333e-13 5.17301333e-13 5.17301333e-13 5.16689e-13 5.16689e-13 5.16689e-13
          5.84425333e-13 5.84425333e-13 5.84425333e-13 5.74973333e-13 5.74973333e-13 5.74973333e-13 5.75815333e-13 5.75815333e-13 5.75815333e-13
          5.84820333e-13 5.84820333e-13 5.84820333e-13 5.17196e-13 5.17196e-13 5.17196e-13 5.16645e-13 5.16645e-13 5.16645e-13
          5.17309333e-13 5.17309333e-13 5.17309333e-13 5.16701e-13 5.16701e-13 5.16701e-13 5.87567e-13 5.87567e-13 5.87567e-13
          5.76783e-13 5.76783e-13 5.76783e-13 5.90862333e-13 5.90862333e-13 5.90862333e-13 5.94843e-13 5.94843e-13 5.94843e-13
          5.18513e-13 5.18513e-13 5.18513e-13 5.18355e-13 5.18355e-13 5.18355e-13 5.30481667e-13 5.30481667e-13 5.30481667e-13
          5.24827e-13 5.24827e-13 5.24827e-13 5.29323667e-13 5.29323667e-13 5.29323667e-13 5.16534e-13 5.16534e-13 5.16534e-13
          5.16518333e-13 5.16518333e-13 5.16518333e-13 5.16535333e-13 5.16535333e-13 5.16535333e-13 5.16467667e-13 5.16467667e-13 5.16467667e-13
          5.16169333e-13 5.16169333e-13 5.16169333e-13 5.16296333e-13 5.16296333e-13 5.16296333e-13 5.16121333e-13 5.16121333e-13 5.16121333e-13
          5.16056667e-13 5.16056667e-13 5.16056667e-13 5.23991667e-13 5.23991667e-13 5.23991667e-13 5.26397e-13 5.26397e-13 5.26397e-13
          5.23822333e-13 5.23822333e-13 5.23822333e-13 5.24915333e-13 5.24915333e-13 5.24915333e-13 5.25529e-13 5.25529e-13 5.25529e-13
          5.28596e-13 5.28596e-13 5.28596e-13 5.28306e-13 5.28306e-13 5.28306e-13 5.34004e-13 5.34004e-13 5.34004e-13
          5.37963333e-13 5.37963333e-13 5.37963333e-13 5.32541333e-13 5.32541333e-13 5.32541333e-13 5.27320667e-13 5.27320667e-13 5.27320667e-13
          5.15971e-13 5.15971e-13 5.15971e-13 5.15975333e-13 5.15975333e-13 5.15975333e-13 5.16063667e-13 5.16063667e-13 5.16063667e-13
          5.16019333e-13 5.16019333e-13 5.16019333e-13 5.27073e-13 5.27073e-13 5.27073e-13 5.20464333e-13 5.20464333e-13 5.20464333e-13
          5.26770667e-13 5.26770667e-13 5.26770667e-13 5.27675e-13 5.27675e-13 5.27675e-13 5.3248e-13 5.3248e-13 5.3248e-13
          5.15970333e-13 5.15970333e-13 5.15970333e-13 5.15974333e-13 5.15974333e-13 5.15974333e-13 5.16063333e-13 5.16063333e-13 5.16063333e-13
          5.16019333e-13 5.16019333e-13 5.16019333e-13 5.17642e-13 5.17642e-13 5.17642e-13 5.18650333e-13 5.18650333e-13 5.18650333e-13
          5.16704e-13 5.16704e-13 5.16704e-13 5.16869667e-13 5.16869667e-13 5.16869667e-13 5.15973667e-13 5.15973667e-13 5.15973667e-13
          5.15976667e-13 5.15976667e-13 5.15976667e-13 5.16072333e-13 5.16072333e-13 5.16072333e-13 5.16032667e-13 5.16032667e-13 5.16032667e-13
          5.18214333e-13 5.18214333e-13 5.18214333e-13 5.17353667e-13 5.17353667e-13 5.17353667e-13 5.25503333e-13 5.25503333e-13 5.25503333e-13
          5.22160667e-13 5.22160667e-13 5.22160667e-13 5.17849e-13 5.17849e-13 5.17849e-13 5.17143333e-13 5.17143333e-13 5.17143333e-13
          5.29474333e-13 5.29474333e-13 5.29474333e-13 5.24161667e-13 5.24161667e-13 5.24161667e-13 5.2924e-13 5.2924e-13 5.2924e-13
          5.16487667e-13 5.16487667e-13 5.16487667e-13 5.16482667e-13 5.16482667e-13 5.16482667e-13 5.16408333e-13 5.16408333e-13 5.16408333e-13
          5.16361e-13 5.16361e-13 5.16361e-13 5.16171667e-13 5.16171667e-13 5.16171667e-13 5.16298667e-13 5.16298667e-13 5.16298667e-13
          5.16124e-13 5.16124e-13 5.16124e-13 5.16059333e-13 5.16059333e-13 5.16059333e-13 5.18736e-13 5.18736e-13 5.18736e-13
          5.16991667e-13 5.16991667e-13 5.16991667e-13 5.23984333e-13 5.23984333e-13 5.23984333e-13 5.19166333e-13 5.19166333e-13 5.19166333e-13
          5.15973333e-13 5.15973333e-13 5.15973333e-13 5.15977667e-13 5.15977667e-13 5.15977667e-13 5.16066333e-13 5.16066333e-13 5.16066333e-13
          5.16022333e-13 5.16022333e-13 5.16022333e-13 5.44952667e-13 5.44952667e-13 5.44952667e-13 5.35601667e-13 5.35601667e-13 5.35601667e-13
          5.27987667e-13 5.27987667e-13 5.27987667e-13 5.39452e-13 5.39452e-13 5.39452e-13 5.31261e-13 5.31261e-13 5.31261e-13
          5.27227333e-13 5.27227333e-13 5.27227333e-13 5.15973e-13 5.15973e-13 5.15973e-13 5.15977e-13 5.15977e-13 5.15977e-13
          5.16066333e-13 5.16066333e-13 5.16066333e-13 5.16022333e-13 5.16022333e-13 5.16022333e-13 5.16830333e-13 5.16830333e-13 5.16830333e-13
          5.16688e-13 5.16688e-13 5.16688e-13 5.16485667e-13 5.16485667e-13 5.16485667e-13 5.16440667e-13 5.16440667e-13 5.16440667e-13
          5.15976e-13 5.15976e-13 5.15976e-13 5.15979e-13 5.15979e-13 5.15979e-13 5.16074667e-13 5.16074667e-13 5.16074667e-13
          5.16035e-13 5.16035e-13 5.16035e-13 5.18195667e-13 5.18195667e-13 5.18195667e-13 5.17335e-13 5.17335e-13 5.17335e-13
          5.25487e-13 5.25487e-13 5.25487e-13 5.22148e-13 5.22148e-13 5.22148e-13 5.17852e-13 5.17852e-13 5.17852e-13
          5.17146333e-13 5.17146333e-13 5.17146333e-13 5.29478667e-13 5.29478667e-13 5.29478667e-13 5.24165333e-13 5.24165333e-13 5.24165333e-13
          5.29244333e-13 5.29244333e-13 5.29244333e-13 5.16476667e-13 5.16476667e-13 5.16476667e-13 5.16481667e-13 5.16481667e-13 5.16481667e-13
          5.16363667e-13 5.16363667e-13 5.16363667e-13 5.16346e-13 5.16346e-13 5.16346e-13 5.17489667e-13 5.17489667e-13 5.17489667e-13
          5.17005333e-13 5.17005333e-13 5.17005333e-13 5.16838667e-13 5.16838667e-13 5.16838667e-13 5.17383667e-13 5.17383667e-13 5.17383667e-13
          5.1627e-13 5.1627e-13 5.1627e-13 5.16150333e-13 5.16150333e-13 5.16150333e-13 5.16325333e-13 5.16325333e-13 5.16325333e-13
          5.16286333e-13 5.16286333e-13 5.16286333e-13 5.17293333e-13 5.17293333e-13 5.17293333e-13 5.16687e-13 5.16687e-13 5.16687e-13
          5.16782667e-13 5.16782667e-13 5.16782667e-13 5.17348e-13 5.17348e-13 5.17348e-13 5.16271667e-13 5.16271667e-13 5.16271667e-13
          5.16151e-13 5.16151e-13 5.16151e-13 5.16326e-13 5.16326e-13 5.16326e-13 5.16287e-13 5.16287e-13 5.16287e-13
          5.17293e-13 5.17293e-13 5.17293e-13 5.16686333e-13 5.16686333e-13 5.16686333e-13 5.16782667e-13 5.16782667e-13 5.16782667e-13
          5.17348e-13 5.17348e-13 5.17348e-13 5.16272e-13 5.16272e-13 5.16272e-13 5.16151667e-13 5.16151667e-13 5.16151667e-13
          5.16337333e-13 5.16337333e-13 5.16337333e-13 5.16294333e-13 5.16294333e-13 5.16294333e-13 5.17296e-13 5.17296e-13 5.17296e-13
          5.16688333e-13 5.16688333e-13 5.16688333e-13 5.16791e-13 5.16791e-13 5.16791e-13 5.17360333e-13 5.17360333e-13 5.17360333e-13
          5.18194667e-13 5.18194667e-13 5.18194667e-13 5.17336667e-13 5.17336667e-13 5.17336667e-13 5.25486e-13 5.25486e-13 5.25486e-13
          5.22151e-13 5.22151e-13 5.22151e-13 5.19177e-13 5.19177e-13 5.19177e-13 5.1785e-13 5.1785e-13 5.1785e-13
          5.29578667e-13 5.29578667e-13 5.29578667e-13 5.24894e-13 5.24894e-13 5.24894e-13 5.30412333e-13 5.30412333e-13 5.30412333e-13
          5.67495667e-13 5.67495667e-13 5.67495667e-13 5.76171e-13 5.76171e-13 5.76171e-13 5.76364333e-13 5.76364333e-13 5.76364333e-13
          5.67687e-13 5.67687e-13 5.67687e-13 5.66986333e-13 5.66986333e-13 5.66986333e-13 5.75847667e-13 5.75847667e-13 5.75847667e-13
          5.76282667e-13 5.76282667e-13 5.76282667e-13 5.67636e-13 5.67636e-13 5.67636e-13 5.66985667e-13 5.66985667e-13 5.66985667e-13
          5.75847333e-13 5.75847333e-13 5.75847333e-13 5.76282667e-13 5.76282667e-13 5.76282667e-13 5.67636e-13 5.67636e-13 5.67636e-13
          5.66988333e-13 5.66988333e-13 5.66988333e-13 5.75851667e-13 5.75851667e-13 5.75851667e-13 5.76295e-13 5.76295e-13 5.76295e-13
          5.67654e-13 5.67654e-13 5.67654e-13 5.68797667e-13 5.68797667e-13 5.68797667e-13 5.78907e-13 5.78907e-13 5.78907e-13
          5.85873667e-13 5.85873667e-13 5.85873667e-13 5.81878e-13 5.81878e-13 5.81878e-13 5.90900333e-13 5.90900333e-13 5.90900333e-13
          5.62114333e-13 5.62114333e-13 5.62114333e-13 5.62883667e-13 5.62883667e-13 5.62883667e-13 6.17411667e-13 6.17411667e-13 6.17411667e-13
          5.97078667e-13 5.97078667e-13 5.97078667e-13 5.73337667e-13 5.73337667e-13 5.73337667e-13 5.70554667e-13 5.70554667e-13 5.70554667e-13
          5.59438667e-13 5.59438667e-13 5.59438667e-13 5.47819667e-13 5.47819667e-13 5.47819667e-13 5.74362333e-13 5.74362333e-13 5.74362333e-13
          5.76388667e-13 5.76388667e-13 5.76388667e-13 5.76849667e-13 5.76849667e-13 5.76849667e-13 5.87706667e-13 5.87706667e-13 5.87706667e-13
          5.94873e-13 5.94873e-13 5.94873e-13 5.90582667e-13 5.90582667e-13 5.90582667e-13 5.59037e-13 5.59037e-13 5.59037e-13
          5.45707333e-13 5.45707333e-13 5.45707333e-13 5.54448333e-13 5.54448333e-13 5.54448333e-13 5.45325e-13 5.45325e-13 5.45325e-13
          5.30923e-13 5.30923e-13 5.30923e-13 5.18912e-13 5.18912e-13 5.18912e-13 5.18784333e-13 5.18784333e-13 5.18784333e-13
          5.1769e-13 5.1769e-13 5.1769e-13 5.18995667e-13 5.18995667e-13 5.18995667e-13 5.55125e-13 5.55125e-13 5.55125e-13
          5.45404667e-13 5.45404667e-13 5.45404667e-13 5.55106667e-13 5.55106667e-13 5.55106667e-13 5.45369e-13 5.45369e-13 5.45369e-13
          5.73257667e-13 5.73257667e-13 5.73257667e-13 5.72820667e-13 5.72820667e-13 5.72820667e-13 5.72774e-13 5.72774e-13 5.72774e-13
          5.73034e-13 5.73034e-13 5.73034e-13 5.59337667e-13 5.59337667e-13 5.59337667e-13 5.39956333e-13 5.39956333e-13 5.39956333e-13
          5.59276667e-13 5.59276667e-13 5.59276667e-13 5.28581333e-13 5.28581333e-13 5.28581333e-13 5.28564e-13 5.28564e-13 5.28564e-13
          5.23550333e-13 5.23550333e-13 5.23550333e-13 5.22113333e-13 5.22113333e-13 5.22113333e-13 5.2536e-13 5.2536e-13 5.2536e-13
          5.29113667e-13 5.29113667e-13 5.29113667e-13 5.23949667e-13 5.23949667e-13 5.23949667e-13 5.2895e-13 5.2895e-13 5.2895e-13
          5.50455e-13 5.50455e-13 5.50455e-13 5.34298e-13 5.34298e-13 5.34298e-13 5.46477e-13 5.46477e-13 5.46477e-13
          5.32184333e-13 5.32184333e-13 5.32184333e-13 5.75018667e-13 5.75018667e-13 5.75018667e-13 5.84522e-13 5.84522e-13 5.84522e-13
          5.84917333e-13 5.84917333e-13 5.84917333e-13 5.75861e-13 5.75861e-13 5.75861e-13 5.34541e-13 5.34541e-13 5.34541e-13
          5.50473e-13 5.50473e-13 5.50473e-13 5.46338e-13 5.46338e-13 5.46338e-13 5.32012e-13 5.32012e-13 5.32012e-13
          5.17550667e-13 5.17550667e-13 5.17550667e-13 5.18177667e-13 5.18177667e-13 5.18177667e-13 5.16581333e-13 5.16581333e-13 5.16581333e-13
          5.17226667e-13 5.17226667e-13 5.17226667e-13 5.16053e-13 5.16053e-13 5.16053e-13 5.16096667e-13 5.16096667e-13 5.16096667e-13
          5.16560667e-13 5.16560667e-13 5.16560667e-13 5.16563667e-13 5.16563667e-13 5.16563667e-13 5.15993667e-13 5.15993667e-13 5.15993667e-13
          5.16011333e-13 5.16011333e-13 5.16011333e-13 5.16661333e-13 5.16661333e-13 5.16661333e-13 5.16579e-13 5.16579e-13 5.16579e-13
          5.51458667e-13 5.51458667e-13 5.51458667e-13 5.35525e-13 5.35525e-13 5.35525e-13 5.32147333e-13 5.32147333e-13 5.32147333e-13
          5.46413667e-13 5.46413667e-13 5.46413667e-13 5.75248333e-13 5.75248333e-13 5.75248333e-13 5.84687333e-13 5.84687333e-13 5.84687333e-13
          5.8508e-13 5.8508e-13 5.8508e-13 5.76103333e-13 5.76103333e-13 5.76103333e-13 5.51841667e-13 5.51841667e-13 5.51841667e-13
          5.36640667e-13 5.36640667e-13 5.36640667e-13 5.46323333e-13 5.46323333e-13 5.46323333e-13 5.32003e-13 5.32003e-13 5.32003e-13
          5.21366e-13 5.21366e-13 5.21366e-13 5.21512667e-13 5.21512667e-13 5.21512667e-13 5.16526333e-13 5.16526333e-13 5.16526333e-13
          5.17107333e-13 5.17107333e-13 5.17107333e-13 5.15998e-13 5.15998e-13 5.15998e-13 5.16061e-13 5.16061e-13 5.16061e-13
          5.29816667e-13 5.29816667e-13 5.29816667e-13 5.26762e-13 5.26762e-13 5.26762e-13 5.26409333e-13 5.26409333e-13 5.26409333e-13
          5.16007667e-13 5.16007667e-13 5.16007667e-13 5.15910333e-13 5.15910333e-13 5.15910333e-13 5.1605e-13 5.1605e-13 5.1605e-13
          5.16012333e-13 5.16012333e-13 5.16012333e-13 5.16023667e-13 5.16023667e-13 5.16023667e-13 5.15943667e-13 5.15943667e-13 5.15943667e-13
          5.37125333e-13 5.37125333e-13 5.37125333e-13 5.34333e-13 5.34333e-13 5.34333e-13 5.28324e-13 5.28324e-13 5.28324e-13
          5.25479e-13 5.25479e-13 5.25479e-13 5.15947e-13 5.15947e-13 5.15947e-13 5.15973667e-13 5.15973667e-13 5.15973667e-13
          5.51512333e-13 5.51512333e-13 5.51512333e-13 5.36427e-13 5.36427e-13 5.36427e-13 5.46413333e-13 5.46413333e-13 5.46413333e-13
          5.32147333e-13 5.32147333e-13 5.32147333e-13 5.75083e-13 5.75083e-13 5.75083e-13 5.84601333e-13 5.84601333e-13 5.84601333e-13
          5.85017667e-13 5.85017667e-13 5.85017667e-13 5.76054e-13 5.76054e-13 5.76054e-13 5.35807e-13 5.35807e-13 5.35807e-13
          5.50955667e-13 5.50955667e-13 5.50955667e-13 5.46323667e-13 5.46323667e-13 5.46323667e-13 5.32003333e-13 5.32003333e-13 5.32003333e-13
          5.26633e-13 5.26633e-13 5.26633e-13 5.24966333e-13 5.24966333e-13 5.24966333e-13 5.23377333e-13 5.23377333e-13 5.23377333e-13
          5.21855333e-13 5.21855333e-13 5.21855333e-13 5.20203667e-13 5.20203667e-13 5.20203667e-13 5.15998e-13 5.15998e-13 5.15998e-13
          5.16061e-13 5.16061e-13 5.16061e-13 5.25601333e-13 5.25601333e-13 5.25601333e-13 5.28427333e-13 5.28427333e-13 5.28427333e-13
          5.34481333e-13 5.34481333e-13 5.34481333e-13 5.37286e-13 5.37286e-13 5.37286e-13 5.1605e-13 5.1605e-13 5.1605e-13
          5.16012333e-13 5.16012333e-13 5.16012333e-13 5.15985667e-13 5.15985667e-13 5.15985667e-13 5.15999e-13 5.15999e-13 5.15999e-13
          5.25012333e-13 5.25012333e-13 5.25012333e-13 5.28176667e-13 5.28176667e-13 5.28176667e-13 5.26400333e-13 5.26400333e-13 5.26400333e-13
          5.15904667e-13 5.15904667e-13 5.15904667e-13 5.15871333e-13 5.15871333e-13 5.15871333e-13 5.15947e-13 5.15947e-13 5.15947e-13
          5.15973667e-13 5.15973667e-13 5.15973667e-13 5.50442333e-13 5.50442333e-13 5.50442333e-13 5.34311667e-13 5.34311667e-13 5.34311667e-13
          5.32161e-13 5.32161e-13 5.32161e-13 5.46424e-13 5.46424e-13 5.46424e-13 5.75451333e-13 5.75451333e-13 5.75451333e-13
          5.84802333e-13 5.84802333e-13 5.84802333e-13 5.84959667e-13 5.84959667e-13 5.84959667e-13 5.75873667e-13 5.75873667e-13 5.75873667e-13
          5.50459333e-13 5.50459333e-13 5.50459333e-13 5.34514667e-13 5.34514667e-13 5.34514667e-13 5.46366667e-13 5.46366667e-13 5.46366667e-13
          5.32063e-13 5.32063e-13 5.32063e-13 5.17283333e-13 5.17283333e-13 5.17283333e-13 5.17801667e-13 5.17801667e-13 5.17801667e-13
          5.17167e-13 5.17167e-13 5.17167e-13 5.17901667e-13 5.17901667e-13 5.17901667e-13 5.17116333e-13 5.17116333e-13 5.17116333e-13
          5.17698667e-13 5.17698667e-13 5.17698667e-13 5.16626667e-13 5.16626667e-13 5.16626667e-13 5.17249e-13 5.17249e-13 5.17249e-13
          5.16006333e-13 5.16006333e-13 5.16006333e-13 5.16073333e-13 5.16073333e-13 5.16073333e-13 5.16820333e-13 5.16820333e-13 5.16820333e-13
          5.16650333e-13 5.16650333e-13 5.16650333e-13 5.16059e-13 5.16059e-13 5.16059e-13 5.15998e-13 5.15998e-13 5.15998e-13
          5.16409667e-13 5.16409667e-13 5.16409667e-13 5.16493667e-13 5.16493667e-13 5.16493667e-13 5.16002333e-13 5.16002333e-13 5.16002333e-13
          5.16009333e-13 5.16009333e-13 5.16009333e-13 5.62485333e-13 5.62485333e-13 5.62485333e-13 5.40644667e-13 5.40644667e-13 5.40644667e-13
          5.60192e-13 5.60192e-13 5.60192e-13 5.40891e-13 5.40891e-13 5.40891e-13 5.31196667e-13 5.31196667e-13 5.31196667e-13
          6.22301e-13 6.22301e-13 6.22301e-13 6.06964e-13 6.06964e-13 6.06964e-13 5.91994e-13 5.91994e-13 5.91994e-13
          5.81931333e-13 5.81931333e-13 5.81931333e-13 5.68524333e-13 5.68524333e-13 5.68524333e-13 5.73694e-13 5.73694e-13 5.73694e-13
          5.71198333e-13 5.71198333e-13 5.71198333e-13 5.59855667e-13 5.59855667e-13 5.59855667e-13 5.48063e-13 5.48063e-13 5.48063e-13
          5.9824e-13 5.9824e-13 5.9824e-13 6.18734667e-13 6.18734667e-13 6.18734667e-13 5.74815e-13 5.74815e-13 5.74815e-13
          5.76834667e-13 5.76834667e-13 5.76834667e-13 5.22998e-13 5.22998e-13 5.22998e-13 5.26872667e-13 5.26872667e-13 5.26872667e-13
          5.46679333e-13 5.46679333e-13 5.46679333e-13 5.56968333e-13 5.56968333e-13 5.56968333e-13 5.23708667e-13 5.23708667e-13 5.23708667e-13
          5.28907e-13 5.28907e-13 5.28907e-13 5.28928667e-13 5.28928667e-13 5.28928667e-13 5.25644e-13 5.25644e-13 5.25644e-13
          5.22364e-13 5.22364e-13 5.22364e-13 5.46284333e-13 5.46284333e-13 5.46284333e-13 5.56204667e-13 5.56204667e-13 5.56204667e-13
          5.55802e-13 5.55802e-13 5.55802e-13 5.4586e-13 5.4586e-13 5.4586e-13 5.74845667e-13 5.74845667e-13 5.74845667e-13
          5.74477e-13 5.74477e-13 5.74477e-13 5.79826e-13 5.79826e-13 5.79826e-13 5.68177333e-13 5.68177333e-13 5.68177333e-13
          5.48902667e-13 5.48902667e-13 5.48902667e-13 5.73354667e-13 5.73354667e-13 5.73354667e-13 5.73552e-13 5.73552e-13 5.73552e-13
          5.4697e-13 5.4697e-13 5.4697e-13 5.56950667e-13 5.56950667e-13 5.56950667e-13 5.59277333e-13 5.59277333e-13 5.59277333e-13
          5.39806667e-13 5.39806667e-13 5.39806667e-13 5.59264333e-13 5.59264333e-13 5.59264333e-13 5.73091e-13 5.73091e-13 5.73091e-13
          5.73287333e-13 5.73287333e-13 5.73287333e-13 5.46063667e-13 5.46063667e-13 5.46063667e-13 5.55714e-13 5.55714e-13 5.55714e-13
          5.55706667e-13 5.55706667e-13 5.55706667e-13 5.46055333e-13 5.46055333e-13 5.46055333e-13 5.73267333e-13 5.73267333e-13 5.73267333e-13
          5.73071333e-13 5.73071333e-13 5.73071333e-13 5.21936667e-13 5.21936667e-13 5.21936667e-13 5.25084667e-13 5.25084667e-13 5.25084667e-13
          5.23699667e-13 5.23699667e-13 5.23699667e-13 5.29018e-13 5.29018e-13 5.29018e-13 5.29017e-13 5.29017e-13 5.29017e-13
          5.18110667e-13 5.18110667e-13 5.18110667e-13 5.17324667e-13 5.17324667e-13 5.17324667e-13 5.17049e-13 5.17049e-13 5.17049e-13
          5.17813667e-13 5.17813667e-13 5.17813667e-13 5.55104e-13 5.55104e-13 5.55104e-13 5.45369333e-13 5.45369333e-13 5.45369333e-13
          5.55098e-13 5.55098e-13 5.55098e-13 5.45365e-13 5.45365e-13 5.45365e-13 5.73052667e-13 5.73052667e-13 5.73052667e-13
          5.72787e-13 5.72787e-13 5.72787e-13 5.72768e-13 5.72768e-13 5.72768e-13 5.73033667e-13 5.73033667e-13 5.73033667e-13
          5.59276667e-13 5.59276667e-13 5.59276667e-13 5.39904667e-13 5.39904667e-13 5.39904667e-13 5.59262667e-13 5.59262667e-13 5.59262667e-13
          5.28527333e-13 5.28527333e-13 5.28527333e-13 5.28529e-13 5.28529e-13 5.28529e-13 5.23516e-13 5.23516e-13 5.23516e-13
          5.22057667e-13 5.22057667e-13 5.22057667e-13 5.25272333e-13 5.25272333e-13 5.25272333e-13 5.29116333e-13 5.29116333e-13 5.29116333e-13
          5.23948e-13 5.23948e-13 5.23948e-13 5.28946667e-13 5.28946667e-13 5.28946667e-13 5.16437667e-13 5.16437667e-13 5.16437667e-13
          5.16361333e-13 5.16361333e-13 5.16361333e-13 5.16159667e-13 5.16159667e-13 5.16159667e-13 5.16129667e-13 5.16129667e-13 5.16129667e-13
          5.16653e-13 5.16653e-13 5.16653e-13 5.16807333e-13 5.16807333e-13 5.16807333e-13 5.16026e-13 5.16026e-13 5.16026e-13
          5.15974e-13 5.15974e-13 5.15974e-13 5.16549e-13 5.16549e-13 5.16549e-13 5.16414667e-13 5.16414667e-13 5.16414667e-13
          5.16404667e-13 5.16404667e-13 5.16404667e-13 5.16402667e-13 5.16402667e-13 5.16402667e-13 5.15934333e-13 5.15934333e-13 5.15934333e-13
          5.16013e-13 5.16013e-13 5.16013e-13 5.16010667e-13 5.16010667e-13 5.16010667e-13 5.16024333e-13 5.16024333e-13 5.16024333e-13
          5.16452333e-13 5.16452333e-13 5.16452333e-13 5.16463667e-13 5.16463667e-13 5.16463667e-13 5.15923667e-13 5.15923667e-13 5.15923667e-13
          5.1597e-13 5.1597e-13 5.1597e-13 5.16574667e-13 5.16574667e-13 5.16574667e-13 5.16575e-13 5.16575e-13 5.16575e-13
          5.15903e-13 5.15903e-13 5.15903e-13 5.15867e-13 5.15867e-13 5.15867e-13 5.15952333e-13 5.15952333e-13 5.15952333e-13
          5.15979e-13 5.15979e-13 5.15979e-13 5.16102e-13 5.16102e-13 5.16102e-13 5.16091667e-13 5.16091667e-13 5.16091667e-13
          5.29751e-13 5.29751e-13 5.29751e-13 5.28813333e-13 5.28813333e-13 5.28813333e-13 5.31517e-13 5.31517e-13 5.31517e-13
          5.16013e-13 5.16013e-13 5.16013e-13 5.15965333e-13 5.15965333e-13 5.15965333e-13 5.22194333e-13 5.22194333e-13 5.22194333e-13
          5.27248e-13 5.27248e-13 5.27248e-13 5.24283667e-13 5.24283667e-13 5.24283667e-13 5.32505e-13 5.32505e-13 5.32505e-13
          5.294e-13 5.294e-13 5.294e-13 5.15910667e-13 5.15910667e-13 5.15910667e-13 5.15876667e-13 5.15876667e-13 5.15876667e-13
          5.15925667e-13 5.15925667e-13 5.15925667e-13 5.15999667e-13 5.15999667e-13 5.15999667e-13 5.15955e-13 5.15955e-13 5.15955e-13
          5.15987667e-13 5.15987667e-13 5.15987667e-13 5.25509e-13 5.25509e-13 5.25509e-13 5.32733e-13 5.32733e-13 5.32733e-13
          5.34864667e-13 5.34864667e-13 5.34864667e-13 5.24119667e-13 5.24119667e-13 5.24119667e-13 5.26831e-13 5.26831e-13 5.26831e-13
          5.24325667e-13 5.24325667e-13 5.24325667e-13 5.21987333e-13 5.21987333e-13 5.21987333e-13 5.15915e-13 5.15915e-13 5.15915e-13
          5.15957333e-13 5.15957333e-13 5.15957333e-13 5.15842333e-13 5.15842333e-13 5.15842333e-13 5.15825333e-13 5.15825333e-13 5.15825333e-13
          5.15944e-13 5.15944e-13 5.15944e-13 5.15966667e-13 5.15966667e-13 5.15966667e-13 5.16101667e-13 5.16101667e-13 5.16101667e-13
          5.16091333e-13 5.16091333e-13 5.16091333e-13 5.27259667e-13 5.27259667e-13 5.27259667e-13 5.32500333e-13 5.32500333e-13 5.32500333e-13
          5.37952333e-13 5.37952333e-13 5.37952333e-13 5.33999333e-13 5.33999333e-13 5.33999333e-13 5.16013e-13 5.16013e-13 5.16013e-13
          5.15965333e-13 5.15965333e-13 5.15965333e-13 5.17364667e-13 5.17364667e-13 5.17364667e-13 5.17357333e-13 5.17357333e-13 5.17357333e-13
          5.24259667e-13 5.24259667e-13 5.24259667e-13 5.27232333e-13 5.27232333e-13 5.27232333e-13 5.22218333e-13 5.22218333e-13 5.22218333e-13
          5.15925667e-13 5.15925667e-13 5.15925667e-13 5.15999667e-13 5.15999667e-13 5.15999667e-13 5.15974e-13 5.15974e-13 5.15974e-13
          5.15966333e-13 5.15966333e-13 5.15966333e-13 5.15855667e-13 5.15855667e-13 5.15855667e-13 5.15895667e-13 5.15895667e-13 5.15895667e-13
          5.16003667e-13 5.16003667e-13 5.16003667e-13 5.15902333e-13 5.15902333e-13 5.15902333e-13 5.15953e-13 5.15953e-13 5.15953e-13
          5.15903667e-13 5.15903667e-13 5.15903667e-13 5.25327667e-13 5.25327667e-13 5.25327667e-13 5.21884667e-13 5.21884667e-13 5.21884667e-13
          5.28141667e-13 5.28141667e-13 5.28141667e-13 5.38890333e-13 5.38890333e-13 5.38890333e-13 5.21760667e-13 5.21760667e-13 5.21760667e-13
          5.24336667e-13 5.24336667e-13 5.24336667e-13 5.27074667e-13 5.27074667e-13 5.27074667e-13 5.15901667e-13 5.15901667e-13 5.15901667e-13
          5.15864333e-13 5.15864333e-13 5.15864333e-13 5.16672333e-13 5.16672333e-13 5.16672333e-13 5.16854333e-13 5.16854333e-13 5.16854333e-13
          5.16110333e-13 5.16110333e-13 5.16110333e-13 5.16104667e-13 5.16104667e-13 5.16104667e-13 5.16343667e-13 5.16343667e-13 5.16343667e-13
          5.16504e-13 5.16504e-13 5.16504e-13 5.16323667e-13 5.16323667e-13 5.16323667e-13 5.164e-13 5.164e-13 5.164e-13
          5.1605e-13 5.1605e-13 5.1605e-13 5.16022333e-13 5.16022333e-13 5.16022333e-13 5.16393e-13 5.16393e-13 5.16393e-13
          5.16469667e-13 5.16469667e-13 5.16469667e-13 5.16398333e-13 5.16398333e-13 5.16398333e-13 5.16318e-13 5.16318e-13 5.16318e-13
          5.15982333e-13 5.15982333e-13 5.15982333e-13 5.16037333e-13 5.16037333e-13 5.16037333e-13 5.15963e-13 5.15963e-13 5.15963e-13
          5.16000333e-13 5.16000333e-13 5.16000333e-13 5.16647667e-13 5.16647667e-13 5.16647667e-13 5.16735333e-13 5.16735333e-13 5.16735333e-13
          5.16007e-13 5.16007e-13 5.16007e-13 5.15904333e-13 5.15904333e-13 5.15904333e-13 5.15989333e-13 5.15989333e-13 5.15989333e-13
          5.15958333e-13 5.15958333e-13 5.15958333e-13 5.16310667e-13 5.16310667e-13 5.16310667e-13 5.16386e-13 5.16386e-13 5.16386e-13
          5.25301667e-13 5.25301667e-13 5.25301667e-13 5.22042667e-13 5.22042667e-13 5.22042667e-13 5.29416333e-13 5.29416333e-13 5.29416333e-13
          5.24182667e-13 5.24182667e-13 5.24182667e-13 5.29438e-13 5.29438e-13 5.29438e-13 5.60638333e-13 5.60638333e-13 5.60638333e-13
          5.40609667e-13 5.40609667e-13 5.40609667e-13 5.60009333e-13 5.60009333e-13 5.60009333e-13 5.60509667e-13 5.60509667e-13 5.60509667e-13
          5.59802333e-13 5.59802333e-13 5.59802333e-13 5.47965667e-13 5.47965667e-13 5.47965667e-13 5.46941667e-13 5.46941667e-13 5.46941667e-13
          5.56793667e-13 5.56793667e-13 5.56793667e-13 5.56385e-13 5.56385e-13 5.56385e-13 5.46537667e-13 5.46537667e-13 5.46537667e-13
          5.74755e-13 5.74755e-13 5.74755e-13 5.74883667e-13 5.74883667e-13 5.74883667e-13 5.73763333e-13 5.73763333e-13 5.73763333e-13
          5.73639e-13 5.73639e-13 5.73639e-13 5.46621e-13 5.46621e-13 5.46621e-13 5.56752667e-13 5.56752667e-13 5.56752667e-13
          5.28853667e-13 5.28853667e-13 5.28853667e-13 5.28858e-13 5.28858e-13 5.28858e-13 5.23676667e-13 5.23676667e-13 5.23676667e-13
          5.25556667e-13 5.25556667e-13 5.25556667e-13 5.22308333e-13 5.22308333e-13 5.22308333e-13 5.17878e-13 5.17878e-13 5.17878e-13
          5.17055e-13 5.17055e-13 5.17055e-13 5.46256e-13 5.46256e-13 5.46256e-13 5.56189333e-13 5.56189333e-13 5.56189333e-13
          5.55795e-13 5.55795e-13 5.55795e-13 5.45857333e-13 5.45857333e-13 5.45857333e-13 5.74648333e-13 5.74648333e-13 5.74648333e-13
          5.7445e-13 5.7445e-13 5.7445e-13 5.79805333e-13 5.79805333e-13 5.79805333e-13 5.68155333e-13 5.68155333e-13 5.68155333e-13
          5.48843e-13 5.48843e-13 5.48843e-13 5.7335e-13 5.7335e-13 5.7335e-13 5.73552333e-13 5.73552333e-13 5.73552333e-13
          5.46974e-13 5.46974e-13 5.46974e-13 5.56953333e-13 5.56953333e-13 5.56953333e-13 5.59273667e-13 5.59273667e-13 5.59273667e-13
          5.39800667e-13 5.39800667e-13 5.39800667e-13 5.59261333e-13 5.59261333e-13 5.59261333e-13 5.73092333e-13 5.73092333e-13 5.73092333e-13
          5.73288667e-13 5.73288667e-13 5.73288667e-13 5.46068667e-13 5.46068667e-13 5.46068667e-13 5.55717333e-13 5.55717333e-13 5.55717333e-13
          5.5571e-13 5.5571e-13 5.5571e-13 5.46060667e-13 5.46060667e-13 5.46060667e-13 5.73269333e-13 5.73269333e-13 5.73269333e-13
          5.73073e-13 5.73073e-13 5.73073e-13 5.21928333e-13 5.21928333e-13 5.21928333e-13 5.25076667e-13 5.25076667e-13 5.25076667e-13
          5.29028e-13 5.29028e-13 5.29028e-13 5.29027333e-13 5.29027333e-13 5.29027333e-13 5.23701667e-13 5.23701667e-13 5.23701667e-13
          5.18101e-13 5.18101e-13 5.18101e-13 5.17311667e-13 5.17311667e-13 5.17311667e-13 5.25181333e-13 5.25181333e-13 5.25181333e-13
          5.21951667e-13 5.21951667e-13 5.21951667e-13 5.28939667e-13 5.28939667e-13 5.28939667e-13 5.23935e-13 5.23935e-13 5.23935e-13
          5.29108333e-13 5.29108333e-13 5.29108333e-13 5.55107667e-13 5.55107667e-13 5.55107667e-13 5.45374667e-13 5.45374667e-13 5.45374667e-13
          5.55101333e-13 5.55101333e-13 5.55101333e-13 5.45370333e-13 5.45370333e-13 5.45370333e-13 5.73054333e-13 5.73054333e-13 5.73054333e-13
          5.72788667e-13 5.72788667e-13 5.72788667e-13 5.72769333e-13 5.72769333e-13 5.72769333e-13 5.73035e-13 5.73035e-13 5.73035e-13
          5.59274e-13 5.59274e-13 5.59274e-13 5.39900667e-13 5.39900667e-13 5.39900667e-13 5.59260667e-13 5.59260667e-13 5.59260667e-13
          5.28531667e-13 5.28531667e-13 5.28531667e-13 5.28533667e-13 5.28533667e-13 5.28533667e-13 5.23520667e-13 5.23520667e-13 5.23520667e-13
          5.22052667e-13 5.22052667e-13 5.22052667e-13 5.25266e-13 5.25266e-13 5.25266e-13 5.16271333e-13 5.16271333e-13 5.16271333e-13
          5.16244333e-13 5.16244333e-13 5.16244333e-13 5.16161e-13 5.16161e-13 5.16161e-13 5.16131667e-13 5.16131667e-13 5.16131667e-13
          5.16318e-13 5.16318e-13 5.16318e-13 5.16754e-13 5.16754e-13 5.16754e-13 5.16302e-13 5.16302e-13 5.16302e-13
          5.16356667e-13 5.16356667e-13 5.16356667e-13 5.16198e-13 5.16198e-13 5.16198e-13 5.16214667e-13 5.16214667e-13 5.16214667e-13
          5.16027667e-13 5.16027667e-13 5.16027667e-13 5.15976333e-13 5.15976333e-13 5.15976333e-13 5.16158e-13 5.16158e-13 5.16158e-13
          5.16133333e-13 5.16133333e-13 5.16133333e-13 5.16222e-13 5.16222e-13 5.16222e-13 5.16163e-13 5.16163e-13 5.16163e-13
          5.16014667e-13 5.16014667e-13 5.16014667e-13 5.16027667e-13 5.16027667e-13 5.16027667e-13 5.16348e-13 5.16348e-13 5.16348e-13
          5.1641e-13 5.1641e-13 5.1641e-13 5.15969e-13 5.15969e-13 5.15969e-13 5.15915667e-13 5.15915667e-13 5.15915667e-13
          5.16207667e-13 5.16207667e-13 5.16207667e-13 5.16256667e-13 5.16256667e-13 5.16256667e-13 5.15915e-13 5.15915e-13 5.15915e-13
          5.15875e-13 5.15875e-13 5.15875e-13 5.17448e-13 5.17448e-13 5.17448e-13 5.16603667e-13 5.16603667e-13 5.16603667e-13
          5.16103333e-13 5.16103333e-13 5.16103333e-13 5.16093667e-13 5.16093667e-13 5.16093667e-13 5.18338667e-13 5.18338667e-13 5.18338667e-13
          5.17164e-13 5.17164e-13 5.17164e-13 5.16014667e-13 5.16014667e-13 5.16014667e-13 5.15967333e-13 5.15967333e-13 5.15967333e-13
          5.16243333e-13 5.16243333e-13 5.16243333e-13 5.16282e-13 5.16282e-13 5.16282e-13 5.16282333e-13 5.16282333e-13 5.16282333e-13
          5.16293e-13 5.16293e-13 5.16293e-13 5.15928e-13 5.15928e-13 5.15928e-13 5.16002333e-13 5.16002333e-13 5.16002333e-13
          5.15958667e-13 5.15958667e-13 5.15958667e-13 5.15991e-13 5.15991e-13 5.15991e-13 5.16322333e-13 5.16322333e-13 5.16322333e-13
          5.16355667e-13 5.16355667e-13 5.16355667e-13 5.16016333e-13 5.16016333e-13 5.16016333e-13 5.15911e-13 5.15911e-13 5.15911e-13
          5.15956e-13 5.15956e-13 5.15956e-13 5.15907e-13 5.15907e-13 5.15907e-13 5.16209e-13 5.16209e-13 5.16209e-13
          5.1626e-13 5.1626e-13 5.1626e-13 5.18363e-13 5.18363e-13 5.18363e-13 5.17570333e-13 5.17570333e-13 5.17570333e-13
          5.16103e-13 5.16103e-13 5.16103e-13 5.16093667e-13 5.16093667e-13 5.16093667e-13 5.17342667e-13 5.17342667e-13 5.17342667e-13
          5.17113667e-13 5.17113667e-13 5.17113667e-13 5.16014667e-13 5.16014667e-13 5.16014667e-13 5.15967667e-13 5.15967667e-13 5.15967667e-13
          5.16188e-13 5.16188e-13 5.16188e-13 5.16160667e-13 5.16160667e-13 5.16160667e-13 5.16278333e-13 5.16278333e-13 5.16278333e-13
          5.16245e-13 5.16245e-13 5.16245e-13 5.15958667e-13 5.15958667e-13 5.15958667e-13 5.15991e-13 5.15991e-13 5.15991e-13
          5.16326667e-13 5.16326667e-13 5.16326667e-13 5.16360667e-13 5.16360667e-13 5.16360667e-13 5.15956333e-13 5.15956333e-13 5.15956333e-13
          5.15907333e-13 5.15907333e-13 5.15907333e-13 5.16204e-13 5.16204e-13 5.16204e-13 5.16255667e-13 5.16255667e-13 5.16255667e-13
          5.15913667e-13 5.15913667e-13 5.15913667e-13 5.15872333e-13 5.15872333e-13 5.15872333e-13 5.16274e-13 5.16274e-13 5.16274e-13
          5.16228667e-13 5.16228667e-13 5.16228667e-13 5.16111667e-13 5.16111667e-13 5.16111667e-13 5.16106333e-13 5.16106333e-13 5.16106333e-13
          5.16300333e-13 5.16300333e-13 5.16300333e-13 5.16471667e-13 5.16471667e-13 5.16471667e-13 5.16299667e-13 5.16299667e-13 5.16299667e-13
          5.1628e-13 5.1628e-13 5.1628e-13 5.16213667e-13 5.16213667e-13 5.16213667e-13 5.16233e-13 5.16233e-13 5.16233e-13
          5.16051333e-13 5.16051333e-13 5.16051333e-13 5.16024333e-13 5.16024333e-13 5.16024333e-13 5.16352667e-13 5.16352667e-13 5.16352667e-13
          5.16438667e-13 5.16438667e-13 5.16438667e-13 5.16246333e-13 5.16246333e-13 5.16246333e-13 5.16205667e-13 5.16205667e-13 5.16205667e-13
          5.15985e-13 5.15985e-13 5.15985e-13 5.16039667e-13 5.16039667e-13 5.16039667e-13 5.15966667e-13 5.15966667e-13 5.15966667e-13
          5.16003333e-13 5.16003333e-13 5.16003333e-13 5.16323333e-13 5.16323333e-13 5.16323333e-13 5.16359e-13 5.16359e-13 5.16359e-13
          5.16019e-13 5.16019e-13 5.16019e-13 5.15912333e-13 5.15912333e-13 5.15912333e-13 5.15992333e-13 5.15992333e-13 5.15992333e-13
          5.15962e-13 5.15962e-13 5.15962e-13 5.16257333e-13 5.16257333e-13 5.16257333e-13 5.16281e-13 5.16281e-13 5.16281e-13
          5.25293333e-13 5.25293333e-13 5.25293333e-13 5.22035e-13 5.22035e-13 5.22035e-13 5.29419667e-13 5.29419667e-13 5.29419667e-13
          5.24186e-13 5.24186e-13 5.24186e-13 5.29442333e-13 5.29442333e-13 5.29442333e-13 5.60506e-13 5.60506e-13 5.60506e-13
          5.59799e-13 5.59799e-13 5.59799e-13 5.47960333e-13 5.47960333e-13 5.47960333e-13 5.46946333e-13 5.46946333e-13 5.46946333e-13
          5.56797e-13 5.56797e-13 5.56797e-13 5.56388e-13 5.56388e-13 5.56388e-13 5.46542667e-13 5.46542667e-13 5.46542667e-13
          5.74756333e-13 5.74756333e-13 5.74756333e-13 5.74885e-13 5.74885e-13 5.74885e-13 5.73765e-13 5.73765e-13 5.73765e-13
          5.73640333e-13 5.73640333e-13 5.73640333e-13 5.46626333e-13 5.46626333e-13 5.46626333e-13 5.56756333e-13 5.56756333e-13 5.56756333e-13
          5.28858667e-13 5.28858667e-13 5.28858667e-13 5.28863e-13 5.28863e-13 5.28863e-13 5.23681e-13 5.23681e-13 5.23681e-13
          5.25550667e-13 5.25550667e-13 5.25550667e-13 5.22303667e-13 5.22303667e-13 5.22303667e-13 5.1789e-13 5.1789e-13 5.1789e-13
          5.17063333e-13 5.17063333e-13 5.17063333e-13 5.46261333e-13 5.46261333e-13 5.46261333e-13 5.56193e-13 5.56193e-13 5.56193e-13
          5.55798333e-13 5.55798333e-13 5.55798333e-13 5.45862333e-13 5.45862333e-13 5.45862333e-13 5.74650333e-13 5.74650333e-13 5.74650333e-13
          5.74452e-13 5.74452e-13 5.74452e-13 5.79805e-13 5.79805e-13 5.79805e-13 5.68153333e-13 5.68153333e-13 5.68153333e-13
          5.48839e-13 5.48839e-13 5.48839e-13 5.73351333e-13 5.73351333e-13 5.73351333e-13 5.73553667e-13 5.73553667e-13 5.73553667e-13
          5.46983333e-13 5.46983333e-13 5.46983333e-13 5.56958e-13 5.56958e-13 5.56958e-13 5.59281667e-13 5.59281667e-13 5.59281667e-13
          5.39839667e-13 5.39839667e-13 5.39839667e-13 5.59312333e-13 5.59312333e-13 5.59312333e-13 5.73100667e-13 5.73100667e-13 5.73100667e-13
          5.73291333e-13 5.73291333e-13 5.73291333e-13 5.46081667e-13 5.46081667e-13 5.46081667e-13 5.55731667e-13 5.55731667e-13 5.55731667e-13
          5.55732e-13 5.55732e-13 5.55732e-13 5.46097333e-13 5.46097333e-13 5.46097333e-13 5.73452667e-13 5.73452667e-13 5.73452667e-13
          5.73102667e-13 5.73102667e-13 5.73102667e-13 5.18036333e-13 5.18036333e-13 5.18036333e-13 5.17333e-13 5.17333e-13 5.17333e-13
          5.25162e-13 5.25162e-13 5.25162e-13 5.22031333e-13 5.22031333e-13 5.22031333e-13 5.21966e-13 5.21966e-13 5.21966e-13
          5.25143333e-13 5.25143333e-13 5.25143333e-13 5.29043667e-13 5.29043667e-13 5.29043667e-13 5.29059e-13 5.29059e-13 5.29059e-13
          5.23759333e-13 5.23759333e-13 5.23759333e-13 5.19491e-13 5.19491e-13 5.19491e-13 5.18062667e-13 5.18062667e-13 5.18062667e-13
          5.26581e-13 5.26581e-13 5.26581e-13 5.22689333e-13 5.22689333e-13 5.22689333e-13 5.30085333e-13 5.30085333e-13 5.30085333e-13
          5.24652333e-13 5.24652333e-13 5.24652333e-13 5.29195e-13 5.29195e-13 5.29195e-13 5.58277333e-13 5.58277333e-13 5.58277333e-13
          5.47188333e-13 5.47188333e-13 5.47188333e-13 5.6787e-13 5.6787e-13 5.6787e-13 5.69592e-13 5.69592e-13 5.69592e-13
          5.74044667e-13 5.74044667e-13 5.74044667e-13 5.75436333e-13 5.75436333e-13 5.75436333e-13 5.92161333e-13 5.92161333e-13 5.92161333e-13
          6.10054667e-13 6.10054667e-13 6.10054667e-13 5.62216333e-13 5.62216333e-13 5.62216333e-13 5.58533667e-13 5.58533667e-13 5.58533667e-13
          5.84774e-13 5.84774e-13 5.84774e-13 5.30595667e-13 5.30595667e-13 5.30595667e-13 5.43406667e-13 5.43406667e-13 5.43406667e-13
          5.51234667e-13 5.51234667e-13 5.51234667e-13 5.53344e-13 5.53344e-13 5.53344e-13 5.42755333e-13 5.42755333e-13 5.42755333e-13
          5.16302667e-13 5.16302667e-13 5.16302667e-13 5.16319333e-13 5.16319333e-13 5.16319333e-13 5.16207e-13 5.16207e-13 5.16207e-13
          5.16208333e-13 5.16208333e-13 5.16208333e-13 5.16195333e-13 5.16195333e-13 5.16195333e-13 5.16277333e-13 5.16277333e-13 5.16277333e-13
          5.16074667e-13 5.16074667e-13 5.16074667e-13 5.16052667e-13 5.16052667e-13 5.16052667e-13 5.17944e-13 5.17944e-13 5.17944e-13
          5.17147667e-13 5.17147667e-13 5.17147667e-13 5.17735e-13 5.17735e-13 5.17735e-13 5.17006333e-13 5.17006333e-13 5.17006333e-13
          5.17536e-13 5.17536e-13 5.17536e-13 5.16866333e-13 5.16866333e-13 5.16866333e-13 5.17609e-13 5.17609e-13 5.17609e-13
          5.16896667e-13 5.16896667e-13 5.16896667e-13 5.17195333e-13 5.17195333e-13 5.17195333e-13 5.16625333e-13 5.16625333e-13 5.16625333e-13
          5.43574e-13 5.43574e-13 5.43574e-13 5.30817667e-13 5.30817667e-13 5.30817667e-13 5.31918333e-13 5.31918333e-13 5.31918333e-13
          5.45428667e-13 5.45428667e-13 5.45428667e-13 5.30756e-13 5.30756e-13 5.30756e-13 5.43415333e-13 5.43415333e-13 5.43415333e-13
          5.45109333e-13 5.45109333e-13 5.45109333e-13 5.31787667e-13 5.31787667e-13 5.31787667e-13 5.16264333e-13 5.16264333e-13 5.16264333e-13
          5.16261667e-13 5.16261667e-13 5.16261667e-13 5.16149667e-13 5.16149667e-13 5.16149667e-13 5.16171e-13 5.16171e-13 5.16171e-13
          5.1609e-13 5.1609e-13 5.1609e-13 5.16130667e-13 5.16130667e-13 5.16130667e-13 5.16225667e-13 5.16225667e-13 5.16225667e-13
          5.16185e-13 5.16185e-13 5.16185e-13 5.16186667e-13 5.16186667e-13 5.16186667e-13 5.16264333e-13 5.16264333e-13 5.16264333e-13
          5.16061667e-13 5.16061667e-13 5.16061667e-13 5.16044e-13 5.16044e-13 5.16044e-13 5.17615667e-13 5.17615667e-13 5.17615667e-13
          5.16946333e-13 5.16946333e-13 5.16946333e-13 5.17678333e-13 5.17678333e-13 5.17678333e-13 5.16969667e-13 5.16969667e-13 5.16969667e-13
          5.43512333e-13 5.43512333e-13 5.43512333e-13 5.30781667e-13 5.30781667e-13 5.30781667e-13 5.31879333e-13 5.31879333e-13 5.31879333e-13
          5.45360333e-13 5.45360333e-13 5.45360333e-13 5.30743e-13 5.30743e-13 5.30743e-13 5.43406e-13 5.43406e-13 5.43406e-13
          5.45098333e-13 5.45098333e-13 5.45098333e-13 5.31773e-13 5.31773e-13 5.31773e-13 5.16264333e-13 5.16264333e-13 5.16264333e-13
          5.16261667e-13 5.16261667e-13 5.16261667e-13 5.16149667e-13 5.16149667e-13 5.16149667e-13 5.16171e-13 5.16171e-13 5.16171e-13
          5.16186667e-13 5.16186667e-13 5.16186667e-13 5.16264333e-13 5.16264333e-13 5.16264333e-13 5.16061667e-13 5.16061667e-13 5.16061667e-13
          5.16044e-13 5.16044e-13 5.16044e-13 5.17614667e-13 5.17614667e-13 5.17614667e-13 5.16945667e-13 5.16945667e-13 5.16945667e-13
          5.17678e-13 5.17678e-13 5.17678e-13 5.16969667e-13 5.16969667e-13 5.16969667e-13 5.17533333e-13 5.17533333e-13 5.17533333e-13
          5.16865e-13 5.16865e-13 5.16865e-13 5.17596333e-13 5.17596333e-13 5.17596333e-13 5.16888333e-13 5.16888333e-13 5.16888333e-13
          5.17194e-13 5.17194e-13 5.17194e-13 5.16622667e-13 5.16622667e-13 5.16622667e-13 5.43512333e-13 5.43512333e-13 5.43512333e-13
          5.30781667e-13 5.30781667e-13 5.30781667e-13 5.31879e-13 5.31879e-13 5.31879e-13 5.4536e-13 5.4536e-13 5.4536e-13
          5.30743e-13 5.30743e-13 5.30743e-13 5.43406e-13 5.43406e-13 5.43406e-13 5.45098667e-13 5.45098667e-13 5.45098667e-13
          5.31773e-13 5.31773e-13 5.31773e-13 5.16277333e-13 5.16277333e-13 5.16277333e-13 5.1627e-13 5.1627e-13 5.1627e-13
          5.16158e-13 5.16158e-13 5.16158e-13 5.16183667e-13 5.16183667e-13 5.16183667e-13 5.16294e-13 5.16294e-13 5.16294e-13
          5.16463e-13 5.16463e-13 5.16463e-13 5.16263e-13 5.16263e-13 5.16263e-13 5.16242e-13 5.16242e-13 5.16242e-13
          5.16243667e-13 5.16243667e-13 5.16243667e-13 5.16301e-13 5.16301e-13 5.16301e-13 5.16098e-13 5.16098e-13 5.16098e-13
          5.16099333e-13 5.16099333e-13 5.16099333e-13 5.17617e-13 5.17617e-13 5.17617e-13 5.16949e-13 5.16949e-13 5.16949e-13
          5.17686667e-13 5.17686667e-13 5.17686667e-13 5.16982333e-13 5.16982333e-13 5.16982333e-13 5.43521667e-13 5.43521667e-13 5.43521667e-13
          5.30794667e-13 5.30794667e-13 5.30794667e-13 5.31894e-13 5.31894e-13 5.31894e-13 5.45371333e-13 5.45371333e-13 5.45371333e-13
          5.30778667e-13 5.30778667e-13 5.30778667e-13 5.43466333e-13 5.43466333e-13 5.43466333e-13 5.45166333e-13 5.45166333e-13 5.45166333e-13
          5.31811667e-13 5.31811667e-13 5.31811667e-13 5.25332e-13 5.25332e-13 5.25332e-13 5.22106333e-13 5.22106333e-13 5.22106333e-13
          5.29436e-13 5.29436e-13 5.29436e-13 5.24230333e-13 5.24230333e-13 5.24230333e-13 5.29506333e-13 5.29506333e-13 5.29506333e-13
          5.60514e-13 5.60514e-13 5.60514e-13 5.59823333e-13 5.59823333e-13 5.59823333e-13 5.48013333e-13 5.48013333e-13 5.48013333e-13
          5.4696e-13 5.4696e-13 5.4696e-13 5.56812e-13 5.56812e-13 5.56812e-13 5.56415667e-13 5.56415667e-13 5.56415667e-13
          5.46589e-13 5.46589e-13 5.46589e-13 5.74765e-13 5.74765e-13 5.74765e-13 5.74887667e-13 5.74887667e-13 5.74887667e-13
          5.73967333e-13 5.73967333e-13 5.73967333e-13 5.73678e-13 5.73678e-13 5.73678e-13 5.47558667e-13 5.47558667e-13 5.47558667e-13
          5.57387333e-13 5.57387333e-13 5.57387333e-13 5.51357333e-13 5.51357333e-13 5.51357333e-13 5.43684667e-13 5.43684667e-13 5.43684667e-13
          5.30977e-13 5.30977e-13 5.30977e-13 5.53717e-13 5.53717e-13 5.53717e-13 5.43117333e-13 5.43117333e-13 5.43117333e-13
          5.48123333e-13 5.48123333e-13 5.48123333e-13 5.59426e-13 5.59426e-13 5.59426e-13 5.68557e-13 5.68557e-13 5.68557e-13
          5.69962e-13 5.69962e-13 5.69962e-13 5.75678333e-13 5.75678333e-13 5.75678333e-13 5.77152333e-13 5.77152333e-13 5.77152333e-13
          5.89641667e-13 5.89641667e-13 5.89641667e-13 5.92276e-13 5.92276e-13 5.92276e-13 5.66133667e-13 5.66133667e-13 5.66133667e-13
          5.92691667e-13 5.92691667e-13 5.92691667e-13 6.10200333e-13 6.10200333e-13 6.10200333e-13 5.24790333e-13 5.24790333e-13 5.24790333e-13
          5.30149667e-13 5.30149667e-13 5.30149667e-13 5.20352e-13 5.20352e-13 5.20352e-13 5.20715333e-13 5.20715333e-13 5.20715333e-13
          5.16331e-13 5.16331e-13 5.16331e-13 5.16454667e-13 5.16454667e-13 5.16454667e-13 5.17103667e-13 5.17103667e-13 5.17103667e-13
          5.16866333e-13 5.16866333e-13 5.16866333e-13 5.14813667e-13 5.14813667e-13 5.14813667e-13 5.15747667e-13 5.15747667e-13 5.15747667e-13
          5.26515333e-13 5.26515333e-13 5.26515333e-13 5.34231667e-13 5.34231667e-13 5.34231667e-13 5.19881e-13 5.19881e-13 5.19881e-13
          5.15757e-13 5.15757e-13 5.15757e-13 5.16096667e-13 5.16096667e-13 5.16096667e-13 5.17136333e-13 5.17136333e-13 5.17136333e-13
          5.1707e-13 5.1707e-13 5.1707e-13 5.16877667e-13 5.16877667e-13 5.16877667e-13 5.14828333e-13 5.14828333e-13 5.14828333e-13
          5.15730667e-13 5.15730667e-13 5.15730667e-13 5.21474667e-13 5.21474667e-13 5.21474667e-13 5.28481667e-13 5.28481667e-13 5.28481667e-13
          5.23614667e-13 5.23614667e-13 5.23614667e-13 5.26379e-13 5.26379e-13 5.26379e-13 5.17791333e-13 5.17791333e-13 5.17791333e-13
          5.28828667e-13 5.28828667e-13 5.28828667e-13 5.28420667e-13 5.28420667e-13 5.28420667e-13 5.15984667e-13 5.15984667e-13 5.15984667e-13
          5.16682667e-13 5.16682667e-13 5.16682667e-13 5.15140667e-13 5.15140667e-13 5.15140667e-13 5.13683333e-13 5.13683333e-13 5.13683333e-13
          5.17274333e-13 5.17274333e-13 5.17274333e-13 5.17396667e-13 5.17396667e-13 5.17396667e-13 5.15986e-13 5.15986e-13 5.15986e-13
          5.16599333e-13 5.16599333e-13 5.16599333e-13 5.19346e-13 5.19346e-13 5.19346e-13 5.27016667e-13 5.27016667e-13 5.27016667e-13
          6.06039e-13 6.06039e-13 6.06039e-13 6.21173e-13 6.21173e-13 6.21173e-13 6.17008e-13 6.17008e-13 6.17008e-13
          5.99458e-13 5.99458e-13 5.99458e-13 5.47042667e-13 5.47042667e-13 5.47042667e-13 5.56635333e-13 5.56635333e-13 5.56635333e-13
          5.60857333e-13 5.60857333e-13 5.60857333e-13 5.41035667e-13 5.41035667e-13 5.41035667e-13 5.59774667e-13 5.59774667e-13 5.59774667e-13
          5.5169e-13 5.5169e-13 5.5169e-13 5.36650667e-13 5.36650667e-13 5.36650667e-13 5.85762333e-13 5.85762333e-13 5.85762333e-13
          5.73289667e-13 5.73289667e-13 5.73289667e-13 5.86222333e-13 5.86222333e-13 5.86222333e-13 5.92928667e-13 5.92928667e-13 5.92928667e-13
          5.23448667e-13 5.23448667e-13 5.23448667e-13 5.26002333e-13 5.26002333e-13 5.26002333e-13 5.30146e-13 5.30146e-13 5.30146e-13
          5.29581333e-13 5.29581333e-13 5.29581333e-13 5.24146333e-13 5.24146333e-13 5.24146333e-13 5.56003667e-13 5.56003667e-13 5.56003667e-13
          5.45846333e-13 5.45846333e-13 5.45846333e-13 5.45775333e-13 5.45775333e-13 5.45775333e-13 5.55773e-13 5.55773e-13 5.55773e-13
          5.17037e-13 5.17037e-13 5.17037e-13 5.17810333e-13 5.17810333e-13 5.17810333e-13 5.17776667e-13 5.17776667e-13 5.17776667e-13
          5.17079333e-13 5.17079333e-13 5.17079333e-13 5.17357333e-13 5.17357333e-13 5.17357333e-13 5.18049333e-13 5.18049333e-13 5.18049333e-13
          5.22048333e-13 5.22048333e-13 5.22048333e-13 5.25172333e-13 5.25172333e-13 5.25172333e-13 5.34358667e-13 5.34358667e-13 5.34358667e-13
          5.50255e-13 5.50255e-13 5.50255e-13 5.72019333e-13 5.72019333e-13 5.72019333e-13 5.82930667e-13 5.82930667e-13 5.82930667e-13
          5.17853e-13 5.17853e-13 5.17853e-13 5.17336667e-13 5.17336667e-13 5.17336667e-13 5.83083333e-13 5.83083333e-13 5.83083333e-13
          5.71977667e-13 5.71977667e-13 5.71977667e-13 5.17774667e-13 5.17774667e-13 5.17774667e-13 5.17168e-13 5.17168e-13 5.17168e-13
          5.50079667e-13 5.50079667e-13 5.50079667e-13 5.34370667e-13 5.34370667e-13 5.34370667e-13 5.82616e-13 5.82616e-13 5.82616e-13
          5.71467333e-13 5.71467333e-13 5.71467333e-13 5.17110333e-13 5.17110333e-13 5.17110333e-13 5.16528333e-13 5.16528333e-13 5.16528333e-13
          5.71884333e-13 5.71884333e-13 5.71884333e-13 5.83011333e-13 5.83011333e-13 5.83011333e-13 5.17811667e-13 5.17811667e-13 5.17811667e-13
          5.17202333e-13 5.17202333e-13 5.17202333e-13 5.16245e-13 5.16245e-13 5.16245e-13 5.16135e-13 5.16135e-13 5.16135e-13
          5.16229667e-13 5.16229667e-13 5.16229667e-13 5.16206e-13 5.16206e-13 5.16206e-13 5.16068333e-13 5.16068333e-13 5.16068333e-13
          5.16087e-13 5.16087e-13 5.16087e-13 5.15868333e-13 5.15868333e-13 5.15868333e-13 5.15915333e-13 5.15915333e-13 5.15915333e-13
          5.15874e-13 5.15874e-13 5.15874e-13 5.15906e-13 5.15906e-13 5.15906e-13 5.18584e-13 5.18584e-13 5.18584e-13
          5.17940333e-13 5.17940333e-13 5.17940333e-13 5.15986333e-13 5.15986333e-13 5.15986333e-13 5.15955333e-13 5.15955333e-13 5.15955333e-13
          5.16752667e-13 5.16752667e-13 5.16752667e-13 5.16659667e-13 5.16659667e-13 5.16659667e-13 5.34719e-13 5.34719e-13 5.34719e-13
          5.50098333e-13 5.50098333e-13 5.50098333e-13 5.71529e-13 5.71529e-13 5.71529e-13 5.82641333e-13 5.82641333e-13 5.82641333e-13
          5.19466333e-13 5.19466333e-13 5.19466333e-13 5.18890667e-13 5.18890667e-13 5.18890667e-13 5.83058e-13 5.83058e-13 5.83058e-13
          5.71960333e-13 5.71960333e-13 5.71960333e-13 5.51373333e-13 5.51373333e-13 5.51373333e-13 5.3672e-13 5.3672e-13 5.3672e-13
          5.82665333e-13 5.82665333e-13 5.82665333e-13 5.71488e-13 5.71488e-13 5.71488e-13 5.23426667e-13 5.23426667e-13 5.23426667e-13
          5.25027333e-13 5.25027333e-13 5.25027333e-13 5.24887667e-13 5.24887667e-13 5.24887667e-13 5.71896333e-13 5.71896333e-13 5.71896333e-13
          5.83058e-13 5.83058e-13 5.83058e-13 5.23005e-13 5.23005e-13 5.23005e-13 5.24385333e-13 5.24385333e-13 5.24385333e-13
          5.23711e-13 5.23711e-13 5.23711e-13 5.17214667e-13 5.17214667e-13 5.17214667e-13 5.16573333e-13 5.16573333e-13 5.16573333e-13
          5.15929e-13 5.15929e-13 5.15929e-13 5.15939e-13 5.15939e-13 5.15939e-13 5.15866333e-13 5.15866333e-13 5.15866333e-13
          5.15912333e-13 5.15912333e-13 5.15912333e-13 5.15871e-13 5.15871e-13 5.15871e-13 5.15904e-13 5.15904e-13 5.15904e-13
          5.27659e-13 5.27659e-13 5.27659e-13 5.20131667e-13 5.20131667e-13 5.20131667e-13 5.38011667e-13 5.38011667e-13 5.38011667e-13
          5.42108e-13 5.42108e-13 5.42108e-13 5.41328333e-13 5.41328333e-13 5.41328333e-13 5.36556e-13 5.36556e-13 5.36556e-13
          5.35494333e-13 5.35494333e-13 5.35494333e-13 5.31009667e-13 5.31009667e-13 5.31009667e-13 5.35164e-13 5.35164e-13 5.35164e-13
          5.38286667e-13 5.38286667e-13 5.38286667e-13 5.36706333e-13 5.36706333e-13 5.36706333e-13 5.51329e-13 5.51329e-13 5.51329e-13
          5.71551667e-13 5.71551667e-13 5.71551667e-13 5.82678333e-13 5.82678333e-13 5.82678333e-13 5.83071e-13 5.83071e-13 5.83071e-13
          5.7196e-13 5.7196e-13 5.7196e-13 5.22373333e-13 5.22373333e-13 5.22373333e-13 5.24092333e-13 5.24092333e-13 5.24092333e-13
          5.24817e-13 5.24817e-13 5.24817e-13 5.50143667e-13 5.50143667e-13 5.50143667e-13 5.34745667e-13 5.34745667e-13 5.34745667e-13
          5.82629333e-13 5.82629333e-13 5.82629333e-13 5.71465667e-13 5.71465667e-13 5.71465667e-13 5.18485667e-13 5.18485667e-13 5.18485667e-13
          5.19092333e-13 5.19092333e-13 5.19092333e-13 5.17107667e-13 5.17107667e-13 5.17107667e-13 5.16527e-13 5.16527e-13 5.16527e-13
          5.71896667e-13 5.71896667e-13 5.71896667e-13 5.83045667e-13 5.83045667e-13 5.83045667e-13 5.17214667e-13 5.17214667e-13 5.17214667e-13
          5.16573333e-13 5.16573333e-13 5.16573333e-13 5.15928333e-13 5.15928333e-13 5.15928333e-13 5.15938667e-13 5.15938667e-13 5.15938667e-13
          5.15909667e-13 5.15909667e-13 5.15909667e-13 5.16007333e-13 5.16007333e-13 5.16007333e-13 5.42178667e-13 5.42178667e-13 5.42178667e-13
          5.38031667e-13 5.38031667e-13 5.38031667e-13 5.30843333e-13 5.30843333e-13 5.30843333e-13 5.23974333e-13 5.23974333e-13 5.23974333e-13
          5.36638333e-13 5.36638333e-13 5.36638333e-13 5.41445667e-13 5.41445667e-13 5.41445667e-13 5.32921667e-13 5.32921667e-13 5.32921667e-13
          5.31524e-13 5.31524e-13 5.31524e-13 5.31101333e-13 5.31101333e-13 5.31101333e-13 5.35608667e-13 5.35608667e-13 5.35608667e-13
          5.38413333e-13 5.38413333e-13 5.38413333e-13 5.35252e-13 5.35252e-13 5.35252e-13 5.15912667e-13 5.15912667e-13 5.15912667e-13
          5.15867e-13 5.15867e-13 5.15867e-13 5.23891667e-13 5.23891667e-13 5.23891667e-13 5.22218333e-13 5.22218333e-13 5.22218333e-13
          5.26752667e-13 5.26752667e-13 5.26752667e-13 5.28363333e-13 5.28363333e-13 5.28363333e-13 5.28593e-13 5.28593e-13 5.28593e-13
          5.25428667e-13 5.25428667e-13 5.25428667e-13 5.24815667e-13 5.24815667e-13 5.24815667e-13 5.34350333e-13 5.34350333e-13 5.34350333e-13
          5.50034e-13 5.50034e-13 5.50034e-13 5.71531333e-13 5.71531333e-13 5.71531333e-13 5.82628667e-13 5.82628667e-13 5.82628667e-13
          5.17945667e-13 5.17945667e-13 5.17945667e-13 5.17671333e-13 5.17671333e-13 5.17671333e-13 5.83023667e-13 5.83023667e-13 5.83023667e-13
          5.71948e-13 5.71948e-13 5.71948e-13 5.82912333e-13 5.82912333e-13 5.82912333e-13 5.71950333e-13 5.71950333e-13 5.71950333e-13
          5.34378e-13 5.34378e-13 5.34378e-13 5.50295333e-13 5.50295333e-13 5.50295333e-13 5.17302333e-13 5.17302333e-13 5.17302333e-13
          5.16843e-13 5.16843e-13 5.16843e-13 5.71913e-13 5.71913e-13 5.71913e-13 5.83069667e-13 5.83069667e-13 5.83069667e-13
          5.15969667e-13 5.15969667e-13 5.15969667e-13 5.15885333e-13 5.15885333e-13 5.15885333e-13 5.15911667e-13 5.15911667e-13 5.15911667e-13
          5.16010333e-13 5.16010333e-13 5.16010333e-13 5.16020667e-13 5.16020667e-13 5.16020667e-13 5.16062667e-13 5.16062667e-13 5.16062667e-13
          5.16106333e-13 5.16106333e-13 5.16106333e-13 5.16182333e-13 5.16182333e-13 5.16182333e-13 5.16067e-13 5.16067e-13 5.16067e-13
          5.16225e-13 5.16225e-13 5.16225e-13 5.16357333e-13 5.16357333e-13 5.16357333e-13 5.16430333e-13 5.16430333e-13 5.16430333e-13
          5.36589667e-13 5.36589667e-13 5.36589667e-13 5.51627e-13 5.51627e-13 5.51627e-13 5.73319e-13 5.73319e-13 5.73319e-13
          5.85714e-13 5.85714e-13 5.85714e-13 5.19553333e-13 5.19553333e-13 5.19553333e-13 5.18183e-13 5.18183e-13 5.18183e-13
          5.9299e-13 5.9299e-13 5.9299e-13 5.86347333e-13 5.86347333e-13 5.86347333e-13 5.99849333e-13 5.99849333e-13 5.99849333e-13
          6.17848333e-13 6.17848333e-13 6.17848333e-13 5.61347e-13 5.61347e-13 5.61347e-13 5.61530333e-13 5.61530333e-13 5.61530333e-13
          5.49532667e-13 5.49532667e-13 5.49532667e-13 5.57121e-13 5.57121e-13 5.57121e-13 5.47348e-13 5.47348e-13 5.47348e-13
          5.17077e-13 5.17077e-13 5.17077e-13 5.17797667e-13 5.17797667e-13 5.17797667e-13 5.17061e-13 5.17061e-13 5.17061e-13
          5.1788e-13 5.1788e-13 5.1788e-13 5.29214667e-13 5.29214667e-13 5.29214667e-13 5.24122667e-13 5.24122667e-13 5.24122667e-13
          5.29444667e-13 5.29444667e-13 5.29444667e-13 5.56353333e-13 5.56353333e-13 5.56353333e-13 5.46214e-13 5.46214e-13 5.46214e-13
          5.59473667e-13 5.59473667e-13 5.59473667e-13 5.59446667e-13 5.59446667e-13 5.59446667e-13 5.47764e-13 5.47764e-13 5.47764e-13
          5.55999333e-13 5.55999333e-13 5.55999333e-13 5.46152667e-13 5.46152667e-13 5.46152667e-13 5.46142333e-13 5.46142333e-13 5.46142333e-13
          5.55989667e-13 5.55989667e-13 5.55989667e-13 5.17261667e-13 5.17261667e-13 5.17261667e-13 5.18025e-13 5.18025e-13 5.18025e-13
          5.21959e-13 5.21959e-13 5.21959e-13 5.25188667e-13 5.25188667e-13 5.25188667e-13 5.29104e-13 5.29104e-13 5.29104e-13
          5.28951e-13 5.28951e-13 5.28951e-13 5.23523333e-13 5.23523333e-13 5.23523333e-13 5.55777667e-13 5.55777667e-13 5.55777667e-13
          5.45777333e-13 5.45777333e-13 5.45777333e-13 5.59542333e-13 5.59542333e-13 5.59542333e-13 5.59545e-13 5.59545e-13 5.59545e-13
          5.47772e-13 5.47772e-13 5.47772e-13 5.45776e-13 5.45776e-13 5.45776e-13 5.55774667e-13 5.55774667e-13 5.55774667e-13
          5.17745667e-13 5.17745667e-13 5.17745667e-13 5.16999e-13 5.16999e-13 5.16999e-13 5.17770667e-13 5.17770667e-13 5.17770667e-13
          5.17076667e-13 5.17076667e-13 5.17076667e-13 5.17335e-13 5.17335e-13 5.17335e-13 5.18033333e-13 5.18033333e-13 5.18033333e-13
          5.22031667e-13 5.22031667e-13 5.22031667e-13 5.25159333e-13 5.25159333e-13 5.25159333e-13 5.16373e-13 5.16373e-13 5.16373e-13
          5.16447333e-13 5.16447333e-13 5.16447333e-13 5.19317e-13 5.19317e-13 5.19317e-13 5.19548333e-13 5.19548333e-13 5.19548333e-13
          5.18238e-13 5.18238e-13 5.18238e-13 5.19601e-13 5.19601e-13 5.19601e-13 5.19244333e-13 5.19244333e-13 5.19244333e-13
          5.17851667e-13 5.17851667e-13 5.17851667e-13 5.15913667e-13 5.15913667e-13 5.15913667e-13 5.15878667e-13 5.15878667e-13 5.15878667e-13
          5.16761333e-13 5.16761333e-13 5.16761333e-13 5.16587333e-13 5.16587333e-13 5.16587333e-13 5.16175333e-13 5.16175333e-13 5.16175333e-13
          5.16093333e-13 5.16093333e-13 5.16093333e-13 5.16223e-13 5.16223e-13 5.16223e-13 5.16203e-13 5.16203e-13 5.16203e-13
          5.16061e-13 5.16061e-13 5.16061e-13 5.16083667e-13 5.16083667e-13 5.16083667e-13 5.15845333e-13 5.15845333e-13 5.15845333e-13
          5.15827333e-13 5.15827333e-13 5.15827333e-13 5.25615667e-13 5.25615667e-13 5.25615667e-13 5.23402e-13 5.23402e-13 5.23402e-13
          5.24510333e-13 5.24510333e-13 5.24510333e-13 5.26006333e-13 5.26006333e-13 5.26006333e-13 5.24666667e-13 5.24666667e-13 5.24666667e-13
          5.27097667e-13 5.27097667e-13 5.27097667e-13 5.26037667e-13 5.26037667e-13 5.26037667e-13 5.28716333e-13 5.28716333e-13 5.28716333e-13
          5.22265333e-13 5.22265333e-13 5.22265333e-13 5.39027667e-13 5.39027667e-13 5.39027667e-13 5.41478667e-13 5.41478667e-13 5.41478667e-13
          5.36056667e-13 5.36056667e-13 5.36056667e-13 5.30745333e-13 5.30745333e-13 5.30745333e-13 5.26409667e-13 5.26409667e-13 5.26409667e-13
          5.26192333e-13 5.26192333e-13 5.26192333e-13 5.31322e-13 5.31322e-13 5.31322e-13 5.44768333e-13 5.44768333e-13 5.44768333e-13
          5.35493333e-13 5.35493333e-13 5.35493333e-13 5.3054e-13 5.3054e-13 5.3054e-13 5.31175667e-13 5.31175667e-13 5.31175667e-13
          5.32914667e-13 5.32914667e-13 5.32914667e-13 5.41190333e-13 5.41190333e-13 5.41190333e-13 5.36371333e-13 5.36371333e-13 5.36371333e-13
          5.45238333e-13 5.45238333e-13 5.45238333e-13 5.41660333e-13 5.41660333e-13 5.41660333e-13 5.33593333e-13 5.33593333e-13 5.33593333e-13
          5.14394333e-13 5.14394333e-13 5.14394333e-13 5.14545e-13 5.14545e-13 5.14545e-13 5.1739e-13 5.1739e-13 5.1739e-13
          5.17321333e-13 5.17321333e-13 5.17321333e-13 5.17298e-13 5.17298e-13 5.17298e-13 5.17415667e-13 5.17415667e-13 5.17415667e-13
          5.28788667e-13 5.28788667e-13 5.28788667e-13 5.23332333e-13 5.23332333e-13 5.23332333e-13 5.49450333e-13 5.49450333e-13 5.49450333e-13
          5.42067667e-13 5.42067667e-13 5.42067667e-13 5.40425667e-13 5.40425667e-13 5.40425667e-13 5.50060333e-13 5.50060333e-13 5.50060333e-13
          5.38799e-13 5.38799e-13 5.38799e-13 5.4769e-13 5.4769e-13 5.4769e-13 5.30456e-13 5.30456e-13 5.30456e-13
          5.29415333e-13 5.29415333e-13 5.29415333e-13 5.483e-13 5.483e-13 5.483e-13 5.37410333e-13 5.37410333e-13 5.37410333e-13
          5.29518333e-13 5.29518333e-13 5.29518333e-13 5.25844667e-13 5.25844667e-13 5.25844667e-13 5.31528e-13 5.31528e-13 5.31528e-13
          5.18083667e-13 5.18083667e-13 5.18083667e-13 5.22149667e-13 5.22149667e-13 5.22149667e-13 5.15856333e-13 5.15856333e-13 5.15856333e-13
          5.15896e-13 5.15896e-13 5.15896e-13 5.15903e-13 5.15903e-13 5.15903e-13 5.16004333e-13 5.16004333e-13 5.16004333e-13
          5.27107667e-13 5.27107667e-13 5.27107667e-13 5.27178667e-13 5.27178667e-13 5.27178667e-13 5.33411667e-13 5.33411667e-13 5.33411667e-13
          5.40181e-13 5.40181e-13 5.40181e-13 5.33457333e-13 5.33457333e-13 5.33457333e-13 5.32161333e-13 5.32161333e-13 5.32161333e-13
          5.38049333e-13 5.38049333e-13 5.38049333e-13 5.26170667e-13 5.26170667e-13 5.26170667e-13 5.21394333e-13 5.21394333e-13 5.21394333e-13
          5.21448e-13 5.21448e-13 5.21448e-13 5.16005e-13 5.16005e-13 5.16005e-13 5.16047e-13 5.16047e-13 5.16047e-13
          5.15864e-13 5.15864e-13 5.15864e-13 5.15901e-13 5.15901e-13 5.15901e-13 5.44445667e-13 5.44445667e-13 5.44445667e-13
          5.3552e-13 5.3552e-13 5.3552e-13 5.27529e-13 5.27529e-13 5.27529e-13 5.27879e-13 5.27879e-13 5.27879e-13
          5.21488e-13 5.21488e-13 5.21488e-13 5.41852667e-13 5.41852667e-13 5.41852667e-13 5.38159333e-13 5.38159333e-13 5.38159333e-13
          5.28616333e-13 5.28616333e-13 5.28616333e-13 5.22171e-13 5.22171e-13 5.22171e-13 5.37242e-13 5.37242e-13 5.37242e-13
          5.41404667e-13 5.41404667e-13 5.41404667e-13 5.38940667e-13 5.38940667e-13 5.38940667e-13 5.31360333e-13 5.31360333e-13 5.31360333e-13
          5.23440667e-13 5.23440667e-13 5.23440667e-13 5.25858333e-13 5.25858333e-13 5.25858333e-13 5.20222e-13 5.20222e-13 5.20222e-13
          5.30682667e-13 5.30682667e-13 5.30682667e-13 5.35214e-13 5.35214e-13 5.35214e-13 5.2674e-13 5.2674e-13 5.2674e-13
          5.21739e-13 5.21739e-13 5.21739e-13 5.19067333e-13 5.19067333e-13 5.19067333e-13 5.38849667e-13 5.38849667e-13 5.38849667e-13
          5.36108333e-13 5.36108333e-13 5.36108333e-13 5.27910333e-13 5.27910333e-13 5.27910333e-13 5.19361667e-13 5.19361667e-13 5.19361667e-13
          5.42093333e-13 5.42093333e-13 5.42093333e-13 5.49480333e-13 5.49480333e-13 5.49480333e-13 5.50086667e-13 5.50086667e-13 5.50086667e-13
          5.40440333e-13 5.40440333e-13 5.40440333e-13 5.47709333e-13 5.47709333e-13 5.47709333e-13 5.38804333e-13 5.38804333e-13 5.38804333e-13
          5.37414e-13 5.37414e-13 5.37414e-13 5.48315667e-13 5.48315667e-13 5.48315667e-13 5.22149667e-13 5.22149667e-13 5.22149667e-13
          5.17969e-13 5.17969e-13 5.17969e-13 5.17377e-13 5.17377e-13 5.17377e-13 5.28705667e-13 5.28705667e-13 5.28705667e-13
          5.29114e-13 5.29114e-13 5.29114e-13 5.24464667e-13 5.24464667e-13 5.24464667e-13 5.23338e-13 5.23338e-13 5.23338e-13
          5.25550667e-13 5.25550667e-13 5.25550667e-13 5.25992667e-13 5.25992667e-13 5.25992667e-13 5.28456e-13 5.28456e-13 5.28456e-13
          5.21924333e-13 5.21924333e-13 5.21924333e-13 5.22288333e-13 5.22288333e-13 5.22288333e-13 5.28731667e-13 5.28731667e-13 5.28731667e-13
          5.26043667e-13 5.26043667e-13 5.26043667e-13 5.15911e-13 5.15911e-13 5.15911e-13 5.15877333e-13 5.15877333e-13 5.15877333e-13
          5.41472667e-13 5.41472667e-13 5.41472667e-13 5.39037667e-13 5.39037667e-13 5.39037667e-13 5.34185e-13 5.34185e-13 5.34185e-13
          5.31865333e-13 5.31865333e-13 5.31865333e-13 5.30704667e-13 5.30704667e-13 5.30704667e-13 5.36020667e-13 5.36020667e-13 5.36020667e-13
          5.32614e-13 5.32614e-13 5.32614e-13 5.29433333e-13 5.29433333e-13 5.29433333e-13 5.26372667e-13 5.26372667e-13 5.26372667e-13
          5.27696333e-13 5.27696333e-13 5.27696333e-13 5.25460667e-13 5.25460667e-13 5.25460667e-13 5.35477667e-13 5.35477667e-13 5.35477667e-13
          5.44755e-13 5.44755e-13 5.44755e-13 5.41185667e-13 5.41185667e-13 5.41185667e-13 5.32904333e-13 5.32904333e-13 5.32904333e-13
          5.45229e-13 5.45229e-13 5.45229e-13 5.3636e-13 5.3636e-13 5.3636e-13 5.27159667e-13 5.27159667e-13 5.27159667e-13
          5.27089667e-13 5.27089667e-13 5.27089667e-13 5.33356333e-13 5.33356333e-13 5.33356333e-13 5.33603e-13 5.33603e-13 5.33603e-13
          5.41659667e-13 5.41659667e-13 5.41659667e-13 5.38395333e-13 5.38395333e-13 5.38395333e-13 5.42448667e-13 5.42448667e-13 5.42448667e-13
          5.42147667e-13 5.42147667e-13 5.42147667e-13 5.37746333e-13 5.37746333e-13 5.37746333e-13 5.28909e-13 5.28909e-13 5.28909e-13
          5.22026e-13 5.22026e-13 5.22026e-13 5.16004667e-13 5.16004667e-13 5.16004667e-13 5.16046667e-13 5.16046667e-13 5.16046667e-13
          5.35729333e-13 5.35729333e-13 5.35729333e-13 5.31124667e-13 5.31124667e-13 5.31124667e-13 5.36527667e-13 5.36527667e-13 5.36527667e-13
          5.39375e-13 5.39375e-13 5.39375e-13 5.26997667e-13 5.26997667e-13 5.26997667e-13 5.21084333e-13 5.21084333e-13 5.21084333e-13
          5.15142333e-13 5.15142333e-13 5.15142333e-13 5.15842667e-13 5.15842667e-13 5.15842667e-13 5.15826e-13 5.15826e-13 5.15826e-13
          5.18359667e-13 5.18359667e-13 5.18359667e-13 5.18227667e-13 5.18227667e-13 5.18227667e-13 5.33435333e-13 5.33435333e-13 5.33435333e-13
          5.40143e-13 5.40143e-13 5.40143e-13 5.38000667e-13 5.38000667e-13 5.38000667e-13 5.32141333e-13 5.32141333e-13 5.32141333e-13
          5.21399333e-13 5.21399333e-13 5.21399333e-13 5.21365667e-13 5.21365667e-13 5.21365667e-13 5.26142333e-13 5.26142333e-13 5.26142333e-13
          5.15966667e-13 5.15966667e-13 5.15966667e-13 5.15944e-13 5.15944e-13 5.15944e-13 5.23474e-13 5.23474e-13 5.23474e-13
          5.22625667e-13 5.22625667e-13 5.22625667e-13 5.18300333e-13 5.18300333e-13 5.18300333e-13 5.19576e-13 5.19576e-13 5.19576e-13
          5.19335667e-13 5.19335667e-13 5.19335667e-13 5.19631333e-13 5.19631333e-13 5.19631333e-13 5.18381333e-13 5.18381333e-13 5.18381333e-13
          5.19274333e-13 5.19274333e-13 5.19274333e-13 5.16662333e-13 5.16662333e-13 5.16662333e-13 5.16858333e-13 5.16858333e-13 5.16858333e-13
          5.16318333e-13 5.16318333e-13 5.16318333e-13 5.16411333e-13 5.16411333e-13 5.16411333e-13 5.16111667e-13 5.16111667e-13 5.16111667e-13
          5.16199333e-13 5.16199333e-13 5.16199333e-13 5.15857667e-13 5.15857667e-13 5.15857667e-13 5.15898667e-13 5.15898667e-13 5.15898667e-13
          5.16013e-13 5.16013e-13 5.16013e-13 5.16059333e-13 5.16059333e-13 5.16059333e-13 5.16039e-13 5.16039e-13 5.16039e-13
          5.16143667e-13 5.16143667e-13 5.16143667e-13 5.16060333e-13 5.16060333e-13 5.16060333e-13 5.16222333e-13 5.16222333e-13 5.16222333e-13
          5.16002e-13 5.16002e-13 5.16002e-13 5.15999333e-13 5.15999333e-13 5.15999333e-13 5.17259e-13 5.17259e-13 5.17259e-13
          5.18041e-13 5.18041e-13 5.18041e-13 5.18093e-13 5.18093e-13 5.18093e-13 5.17396667e-13 5.17396667e-13 5.17396667e-13
          5.25366667e-13 5.25366667e-13 5.25366667e-13 5.22199e-13 5.22199e-13 5.22199e-13 5.59912667e-13 5.59912667e-13 5.59912667e-13
          5.60590667e-13 5.60590667e-13 5.60590667e-13 5.48730333e-13 5.48730333e-13 5.48730333e-13 5.56545667e-13 5.56545667e-13 5.56545667e-13
          5.46574e-13 5.46574e-13 5.46574e-13 5.17009667e-13 5.17009667e-13 5.17009667e-13 5.17759e-13 5.17759e-13 5.17759e-13
          5.29211667e-13 5.29211667e-13 5.29211667e-13 5.24121333e-13 5.24121333e-13 5.24121333e-13 5.29447333e-13 5.29447333e-13 5.29447333e-13
          5.56355333e-13 5.56355333e-13 5.56355333e-13 5.46215333e-13 5.46215333e-13 5.46215333e-13 5.60001667e-13 5.60001667e-13 5.60001667e-13
          5.60736333e-13 5.60736333e-13 5.60736333e-13 5.48782333e-13 5.48782333e-13 5.48782333e-13 5.5947e-13 5.5947e-13 5.5947e-13
          5.59442333e-13 5.59442333e-13 5.59442333e-13 5.47753e-13 5.47753e-13 5.47753e-13 5.56002e-13 5.56002e-13 5.56002e-13
          5.46157e-13 5.46157e-13 5.46157e-13 5.46147667e-13 5.46147667e-13 5.46147667e-13 5.55993333e-13 5.55993333e-13 5.55993333e-13
          5.18014e-13 5.18014e-13 5.18014e-13 5.17246667e-13 5.17246667e-13 5.17246667e-13 5.17816667e-13 5.17816667e-13 5.17816667e-13
          5.17051667e-13 5.17051667e-13 5.17051667e-13 5.55781333e-13 5.55781333e-13 5.55781333e-13 5.45782667e-13 5.45782667e-13 5.45782667e-13
          5.59539667e-13 5.59539667e-13 5.59539667e-13 5.59542667e-13 5.59542667e-13 5.59542667e-13 5.47767e-13 5.47767e-13 5.47767e-13
          5.45782e-13 5.45782e-13 5.45782e-13 5.55778667e-13 5.55778667e-13 5.55778667e-13 5.17749e-13 5.17749e-13 5.17749e-13
          5.17002667e-13 5.17002667e-13 5.17002667e-13 5.17778667e-13 5.17778667e-13 5.17778667e-13 5.17088333e-13 5.17088333e-13 5.17088333e-13
          5.28952667e-13 5.28952667e-13 5.28952667e-13 5.29108667e-13 5.29108667e-13 5.29108667e-13 5.23703333e-13 5.23703333e-13 5.23703333e-13
          5.16394667e-13 5.16394667e-13 5.16394667e-13 5.16329e-13 5.16329e-13 5.16329e-13 5.16373e-13 5.16373e-13 5.16373e-13
          5.16522667e-13 5.16522667e-13 5.16522667e-13 5.16246667e-13 5.16246667e-13 5.16246667e-13 5.16309667e-13 5.16309667e-13 5.16309667e-13
          5.16187e-13 5.16187e-13 5.16187e-13 5.16121667e-13 5.16121667e-13 5.16121667e-13 5.15916667e-13 5.15916667e-13 5.15916667e-13
          5.15881333e-13 5.15881333e-13 5.15881333e-13 5.16015667e-13 5.16015667e-13 5.16015667e-13 5.15937e-13 5.15937e-13 5.15937e-13
          5.16178333e-13 5.16178333e-13 5.16178333e-13 5.16097e-13 5.16097e-13 5.16097e-13 5.16231e-13 5.16231e-13 5.16231e-13
          5.16215333e-13 5.16215333e-13 5.16215333e-13 5.16069667e-13 5.16069667e-13 5.16069667e-13 5.16096333e-13 5.16096333e-13 5.16096333e-13
          5.15848333e-13 5.15848333e-13 5.15848333e-13 5.15830667e-13 5.15830667e-13 5.15830667e-13 5.16130333e-13 5.16130333e-13 5.16130333e-13
          5.16092e-13 5.16092e-13 5.16092e-13 5.15987333e-13 5.15987333e-13 5.15987333e-13 5.15964333e-13 5.15964333e-13 5.15964333e-13
          5.16192e-13 5.16192e-13 5.16192e-13 5.16238333e-13 5.16238333e-13 5.16238333e-13 5.16499e-13 5.16499e-13 5.16499e-13
          5.16519333e-13 5.16519333e-13 5.16519333e-13 5.16224333e-13 5.16224333e-13 5.16224333e-13 5.16214e-13 5.16214e-13 5.16214e-13
          5.16309e-13 5.16309e-13 5.16309e-13 5.16298333e-13 5.16298333e-13 5.16298333e-13 5.17506333e-13 5.17506333e-13 5.17506333e-13
          5.18777e-13 5.18777e-13 5.18777e-13 5.15913e-13 5.15913e-13 5.15913e-13 5.15879e-13 5.15879e-13 5.15879e-13
          5.15859333e-13 5.15859333e-13 5.15859333e-13 5.15899667e-13 5.15899667e-13 5.15899667e-13 5.16013e-13 5.16013e-13 5.16013e-13
          5.16059e-13 5.16059e-13 5.16059e-13 5.15845e-13 5.15845e-13 5.15845e-13 5.15828667e-13 5.15828667e-13 5.15828667e-13
          5.15872e-13 5.15872e-13 5.15872e-13 5.15913e-13 5.15913e-13 5.15913e-13 5.15974667e-13 5.15974667e-13 5.15974667e-13
          5.15956e-13 5.15956e-13 5.15956e-13 5.17601e-13 5.17601e-13 5.17601e-13 5.18820667e-13 5.18820667e-13 5.18820667e-13
          5.16344e-13 5.16344e-13 5.16344e-13 5.16295667e-13 5.16295667e-13 5.16295667e-13 5.16354333e-13 5.16354333e-13 5.16354333e-13
          5.16347667e-13 5.16347667e-13 5.16347667e-13 5.16483333e-13 5.16483333e-13 5.16483333e-13 5.16446667e-13 5.16446667e-13 5.16446667e-13
          5.15914e-13 5.15914e-13 5.15914e-13 5.1588e-13 5.1588e-13 5.1588e-13 5.16002667e-13 5.16002667e-13 5.16002667e-13
          5.15928667e-13 5.15928667e-13 5.15928667e-13 5.15858667e-13 5.15858667e-13 5.15858667e-13 5.15899333e-13 5.15899333e-13 5.15899333e-13
          5.15910333e-13 5.15910333e-13 5.15910333e-13 5.16016e-13 5.16016e-13 5.16016e-13 5.16013e-13 5.16013e-13 5.16013e-13
          5.16059e-13 5.16059e-13 5.16059e-13 5.15845667e-13 5.15845667e-13 5.15845667e-13 5.15829333e-13 5.15829333e-13 5.15829333e-13
          5.16129333e-13 5.16129333e-13 5.16129333e-13 5.16089667e-13 5.16089667e-13 5.16089667e-13 5.15974667e-13 5.15974667e-13 5.15974667e-13
          5.15956e-13 5.15956e-13 5.15956e-13 5.16184333e-13 5.16184333e-13 5.16184333e-13 5.16225667e-13 5.16225667e-13 5.16225667e-13
          5.16175667e-13 5.16175667e-13 5.16175667e-13 5.16222e-13 5.16222e-13 5.16222e-13 5.16194333e-13 5.16194333e-13 5.16194333e-13
          5.16211333e-13 5.16211333e-13 5.16211333e-13 5.16228333e-13 5.16228333e-13 5.16228333e-13 5.16266667e-13 5.16266667e-13 5.16266667e-13
          5.16272333e-13 5.16272333e-13 5.16272333e-13 5.16378667e-13 5.16378667e-13 5.16378667e-13 5.16114667e-13 5.16114667e-13 5.16114667e-13
          5.16202333e-13 5.16202333e-13 5.16202333e-13 5.15860667e-13 5.15860667e-13 5.15860667e-13 5.15902333e-13 5.15902333e-13 5.15902333e-13
          5.16021e-13 5.16021e-13 5.16021e-13 5.16071333e-13 5.16071333e-13 5.16071333e-13 5.16042333e-13 5.16042333e-13 5.16042333e-13
          5.16147333e-13 5.16147333e-13 5.16147333e-13 5.16068e-13 5.16068e-13 5.16068e-13 5.16234e-13 5.16234e-13 5.16234e-13
          5.1601e-13 5.1601e-13 5.1601e-13 5.16011e-13 5.16011e-13 5.16011e-13 5.17244e-13 5.17244e-13 5.17244e-13
          5.18029e-13 5.18029e-13 5.18029e-13 5.18082667e-13 5.18082667e-13 5.18082667e-13 5.17383667e-13 5.17383667e-13 5.17383667e-13
          5.25359667e-13 5.25359667e-13 5.25359667e-13 5.22192333e-13 5.22192333e-13 5.22192333e-13 5.59910333e-13 5.59910333e-13 5.59910333e-13
          5.60588333e-13 5.60588333e-13 5.60588333e-13 5.48725667e-13 5.48725667e-13 5.48725667e-13 5.56549e-13 5.56549e-13 5.56549e-13
          5.46579e-13 5.46579e-13 5.46579e-13 5.17013e-13 5.17013e-13 5.17013e-13 5.17763e-13 5.17763e-13 5.17763e-13
          5.29217333e-13 5.29217333e-13 5.29217333e-13 5.24130333e-13 5.24130333e-13 5.24130333e-13 5.29459333e-13 5.29459333e-13 5.29459333e-13
          5.56359333e-13 5.56359333e-13 5.56359333e-13 5.46221e-13 5.46221e-13 5.46221e-13 5.59999667e-13 5.59999667e-13 5.59999667e-13
          5.60735e-13 5.60735e-13 5.60735e-13 5.48782667e-13 5.48782667e-13 5.48782667e-13 5.59472333e-13 5.59472333e-13 5.59472333e-13
          5.59444e-13 5.59444e-13 5.59444e-13 5.47753e-13 5.47753e-13 5.47753e-13 5.56006667e-13 5.56006667e-13 5.56006667e-13
          5.46166e-13 5.46166e-13 5.46166e-13 5.46212e-13 5.46212e-13 5.46212e-13 5.56196667e-13 5.56196667e-13 5.56196667e-13
          5.18083667e-13 5.18083667e-13 5.18083667e-13 5.17284667e-13 5.17284667e-13 5.17284667e-13 5.18532e-13 5.18532e-13 5.18532e-13
          5.18374333e-13 5.18374333e-13 5.18374333e-13 5.56375333e-13 5.56375333e-13 5.56375333e-13 5.46678e-13 5.46678e-13 5.46678e-13
          5.60824667e-13 5.60824667e-13 5.60824667e-13 5.60411333e-13 5.60411333e-13 5.60411333e-13 5.48507667e-13 5.48507667e-13 5.48507667e-13
          6.12241333e-13 6.12241333e-13 6.12241333e-13 5.97227e-13 5.97227e-13 5.97227e-13 5.92642333e-13 5.92642333e-13 5.92642333e-13
          6.08813667e-13 6.08813667e-13 6.08813667e-13 5.32833e-13 5.32833e-13 5.32833e-13 5.44764333e-13 5.44764333e-13 5.44764333e-13
          5.66952333e-13 5.66952333e-13 5.66952333e-13 5.77842e-13 5.77842e-13 5.77842e-13 5.78653667e-13 5.78653667e-13 5.78653667e-13
          5.68647e-13 5.68647e-13 5.68647e-13 5.84786667e-13 5.84786667e-13 5.84786667e-13 5.79606667e-13 5.79606667e-13 5.79606667e-13
          5.81575333e-13 5.81575333e-13 5.81575333e-13 5.85598333e-13 5.85598333e-13 5.85598333e-13 5.16467333e-13 5.16467333e-13 5.16467333e-13
          5.16367667e-13 5.16367667e-13 5.16367667e-13 5.16088e-13 5.16088e-13 5.16088e-13 5.16145e-13 5.16145e-13 5.16145e-13
          5.16731333e-13 5.16731333e-13 5.16731333e-13 5.17256667e-13 5.17256667e-13 5.17256667e-13 5.3079e-13 5.3079e-13 5.3079e-13
          5.43483e-13 5.43483e-13 5.43483e-13 5.75293333e-13 5.75293333e-13 5.75293333e-13 5.65735e-13 5.65735e-13 5.65735e-13
          5.66019333e-13 5.66019333e-13 5.66019333e-13 5.75486667e-13 5.75486667e-13 5.75486667e-13 5.30486e-13 5.30486e-13 5.30486e-13
          5.43091667e-13 5.43091667e-13 5.43091667e-13 5.65176e-13 5.65176e-13 5.65176e-13 5.74796667e-13 5.74796667e-13 5.74796667e-13
          5.75582667e-13 5.75582667e-13 5.75582667e-13 5.66832667e-13 5.66832667e-13 5.66832667e-13 5.7524e-13 5.7524e-13 5.7524e-13
          5.65922333e-13 5.65922333e-13 5.65922333e-13 5.67498333e-13 5.67498333e-13 5.67498333e-13 5.76026e-13 5.76026e-13 5.76026e-13
          5.16195667e-13 5.16195667e-13 5.16195667e-13 5.16122333e-13 5.16122333e-13 5.16122333e-13 5.16142e-13 5.16142e-13 5.16142e-13
          5.16086e-13 5.16086e-13 5.16086e-13 5.16864333e-13 5.16864333e-13 5.16864333e-13 5.17533e-13 5.17533e-13 5.17533e-13
          5.16622333e-13 5.16622333e-13 5.16622333e-13 5.17193333e-13 5.17193333e-13 5.17193333e-13 5.16888333e-13 5.16888333e-13 5.16888333e-13
          5.17596333e-13 5.17596333e-13 5.17596333e-13 5.16718667e-13 5.16718667e-13 5.16718667e-13 5.17248667e-13 5.17248667e-13 5.17248667e-13
          5.30407333e-13 5.30407333e-13 5.30407333e-13 5.43215667e-13 5.43215667e-13 5.43215667e-13 5.74974e-13 5.74974e-13 5.74974e-13
          5.65242e-13 5.65242e-13 5.65242e-13 5.65973667e-13 5.65973667e-13 5.65973667e-13 5.75409e-13 5.75409e-13 5.75409e-13
          5.30482667e-13 5.30482667e-13 5.30482667e-13 5.43089333e-13 5.43089333e-13 5.43089333e-13 5.65173667e-13 5.65173667e-13 5.65173667e-13
          5.74792667e-13 5.74792667e-13 5.74792667e-13 5.75578333e-13 5.75578333e-13 5.75578333e-13 5.6683e-13 5.6683e-13 5.6683e-13
          5.75228e-13 5.75228e-13 5.75228e-13 5.65906e-13 5.65906e-13 5.65906e-13 5.67480333e-13 5.67480333e-13 5.67480333e-13
          5.76013667e-13 5.76013667e-13 5.76013667e-13 5.16139333e-13 5.16139333e-13 5.16139333e-13 5.16163667e-13 5.16163667e-13 5.16163667e-13
          5.16086667e-13 5.16086667e-13 5.16086667e-13 5.16142333e-13 5.16142333e-13 5.16142333e-13 5.16718667e-13 5.16718667e-13 5.16718667e-13
          5.17248667e-13 5.17248667e-13 5.17248667e-13 5.30406667e-13 5.30406667e-13 5.30406667e-13 5.43215333e-13 5.43215333e-13 5.43215333e-13
          5.74973667e-13 5.74973667e-13 5.74973667e-13 5.65241333e-13 5.65241333e-13 5.65241333e-13 5.65973667e-13 5.65973667e-13 5.65973667e-13
          5.75409e-13 5.75409e-13 5.75409e-13 5.30483e-13 5.30483e-13 5.30483e-13 5.4309e-13 5.4309e-13 5.4309e-13
          5.65174333e-13 5.65174333e-13 5.65174333e-13 5.74793e-13 5.74793e-13 5.74793e-13 5.75579e-13 5.75579e-13 5.75579e-13
          5.66831e-13 5.66831e-13 5.66831e-13 5.75228e-13 5.75228e-13 5.75228e-13 5.65906e-13 5.65906e-13 5.65906e-13
          5.67480667e-13 5.67480667e-13 5.67480667e-13 5.76014e-13 5.76014e-13 5.76014e-13 5.16198333e-13 5.16198333e-13 5.16198333e-13
          5.16123667e-13 5.16123667e-13 5.16123667e-13 5.16343e-13 5.16343e-13 5.16343e-13 5.16414333e-13 5.16414333e-13 5.16414333e-13
          5.17193e-13 5.17193e-13 5.17193e-13 5.17737e-13 5.17737e-13 5.17737e-13 5.16819667e-13 5.16819667e-13 5.16819667e-13
          5.17512667e-13 5.17512667e-13 5.17512667e-13 5.16944333e-13 5.16944333e-13 5.16944333e-13 5.17633e-13 5.17633e-13 5.17633e-13
          5.16754333e-13 5.16754333e-13 5.16754333e-13 5.17302667e-13 5.17302667e-13 5.17302667e-13 5.30408667e-13 5.30408667e-13 5.30408667e-13
          5.43218667e-13 5.43218667e-13 5.43218667e-13 5.74977667e-13 5.74977667e-13 5.74977667e-13 5.65243667e-13 5.65243667e-13 5.65243667e-13
          5.6599e-13 5.6599e-13 5.6599e-13 5.75421e-13 5.75421e-13 5.75421e-13 5.30683333e-13 5.30683333e-13 5.30683333e-13
          5.43476e-13 5.43476e-13 5.43476e-13 5.65662e-13 5.65662e-13 5.65662e-13 5.75109e-13 5.75109e-13 5.75109e-13
          5.75899667e-13 5.75899667e-13 5.75899667e-13 5.67339e-13 5.67339e-13 5.67339e-13 5.75304333e-13 5.75304333e-13 5.75304333e-13
          5.65950667e-13 5.65950667e-13 5.65950667e-13 5.67531333e-13 5.67531333e-13 5.67531333e-13 5.76095e-13 5.76095e-13 5.76095e-13
          5.17314e-13 5.17314e-13 5.17314e-13 5.18067333e-13 5.18067333e-13 5.18067333e-13 5.18862667e-13 5.18862667e-13 5.18862667e-13
          5.18813e-13 5.18813e-13 5.18813e-13 5.26154667e-13 5.26154667e-13 5.26154667e-13 5.23664333e-13 5.23664333e-13 5.23664333e-13
          5.60132333e-13 5.60132333e-13 5.60132333e-13 5.61233333e-13 5.61233333e-13 5.61233333e-13 5.49926e-13 5.49926e-13 5.49926e-13
          5.56777333e-13 5.56777333e-13 5.56777333e-13 5.46661333e-13 5.46661333e-13 5.46661333e-13 5.31632333e-13 5.31632333e-13 5.31632333e-13
          5.45586667e-13 5.45586667e-13 5.45586667e-13 5.77987667e-13 5.77987667e-13 5.77987667e-13 5.66992e-13 5.66992e-13 5.66992e-13
          5.79729333e-13 5.79729333e-13 5.79729333e-13 5.84954333e-13 5.84954333e-13 5.84954333e-13 6.08936667e-13 6.08936667e-13 6.08936667e-13
          5.92833e-13 5.92833e-13 5.92833e-13 5.97420667e-13 5.97420667e-13 5.97420667e-13 6.12295e-13 6.12295e-13 6.12295e-13
          5.17035667e-13 5.17035667e-13 5.17035667e-13 5.16485333e-13 5.16485333e-13 5.16485333e-13 5.14208333e-13 5.14208333e-13 5.14208333e-13
          5.15434667e-13 5.15434667e-13 5.15434667e-13 5.15444e-13 5.15444e-13 5.15444e-13 5.16386e-13 5.16386e-13 5.16386e-13
          5.13377333e-13 5.13377333e-13 5.13377333e-13 5.14990333e-13 5.14990333e-13 5.14990333e-13 5.17508e-13 5.17508e-13 5.17508e-13
          5.30267e-13 5.30267e-13 5.30267e-13 5.31522333e-13 5.31522333e-13 5.31522333e-13 5.16674333e-13 5.16674333e-13 5.16674333e-13
          5.16565e-13 5.16565e-13 5.16565e-13 5.14203667e-13 5.14203667e-13 5.14203667e-13 5.15427333e-13 5.15427333e-13 5.15427333e-13
          5.15632333e-13 5.15632333e-13 5.15632333e-13 5.16110333e-13 5.16110333e-13 5.16110333e-13 5.14282e-13 5.14282e-13 5.14282e-13
          5.14094667e-13 5.14094667e-13 5.14094667e-13 5.2826e-13 5.2826e-13 5.2826e-13 5.24315333e-13 5.24315333e-13 5.24315333e-13
          5.28175333e-13 5.28175333e-13 5.28175333e-13 5.24046e-13 5.24046e-13 5.24046e-13 5.50792e-13 5.50792e-13 5.50792e-13
          5.35743667e-13 5.35743667e-13 5.35743667e-13 5.50826333e-13 5.50826333e-13 5.50826333e-13 5.35693e-13 5.35693e-13 5.35693e-13
          5.2433e-13 5.2433e-13 5.2433e-13 5.2833e-13 5.2833e-13 5.2833e-13 5.28123e-13 5.28123e-13 5.28123e-13
          5.23969667e-13 5.23969667e-13 5.23969667e-13 5.50922333e-13 5.50922333e-13 5.50922333e-13 5.35743e-13 5.35743e-13 5.35743e-13
          5.50781e-13 5.50781e-13 5.50781e-13 5.35689e-13 5.35689e-13 5.35689e-13 5.77016e-13 5.77016e-13 5.77016e-13
          5.80501667e-13 5.80501667e-13 5.80501667e-13 5.79635667e-13 5.79635667e-13 5.79635667e-13 5.83860667e-13 5.83860667e-13 5.83860667e-13
          5.81965667e-13 5.81965667e-13 5.81965667e-13 5.78009e-13 5.78009e-13 5.78009e-13 5.75389333e-13 5.75389333e-13 5.75389333e-13
          5.76078333e-13 5.76078333e-13 5.76078333e-13 5.16223333e-13 5.16223333e-13 5.16223333e-13 5.21698e-13 5.21698e-13 5.21698e-13
          5.16229e-13 5.16229e-13 5.16229e-13 5.21710333e-13 5.21710333e-13 5.21710333e-13 5.16215667e-13 5.16215667e-13 5.16215667e-13
          5.21692e-13 5.21692e-13 5.21692e-13 5.16216e-13 5.16216e-13 5.16216e-13 5.2167e-13 5.2167e-13 5.2167e-13
          5.31427667e-13 5.31427667e-13 5.31427667e-13 5.31434333e-13 5.31434333e-13 5.31434333e-13 5.42677333e-13 5.42677333e-13 5.42677333e-13
          5.31422e-13 5.31422e-13 5.31422e-13 5.31399667e-13 5.31399667e-13 5.31399667e-13 5.42685e-13 5.42685e-13 5.42685e-13
          5.16217667e-13 5.16217667e-13 5.16217667e-13 5.21694333e-13 5.21694333e-13 5.21694333e-13 5.16229e-13 5.16229e-13 5.16229e-13
          5.21683e-13 5.21683e-13 5.21683e-13 5.31433667e-13 5.31433667e-13 5.31433667e-13 5.31344667e-13 5.31344667e-13 5.31344667e-13
          5.42565e-13 5.42565e-13 5.42565e-13 5.37027e-13 5.37027e-13 5.37027e-13 5.46475667e-13 5.46475667e-13 5.46475667e-13
          5.37176333e-13 5.37176333e-13 5.37176333e-13 5.46601e-13 5.46601e-13 5.46601e-13 5.46438333e-13 5.46438333e-13 5.46438333e-13
          5.36897e-13 5.36897e-13 5.36897e-13 5.37087667e-13 5.37087667e-13 5.37087667e-13 5.46563667e-13 5.46563667e-13 5.46563667e-13
          5.28729667e-13 5.28729667e-13 5.28729667e-13 5.30628e-13 5.30628e-13 5.30628e-13 5.30579667e-13 5.30579667e-13 5.30579667e-13
          5.28638667e-13 5.28638667e-13 5.28638667e-13 5.28623333e-13 5.28623333e-13 5.28623333e-13 5.30558e-13 5.30558e-13 5.30558e-13
          5.30603667e-13 5.30603667e-13 5.30603667e-13 5.28729e-13 5.28729e-13 5.28729e-13 5.54638667e-13 5.54638667e-13 5.54638667e-13
          5.59901667e-13 5.59901667e-13 5.59901667e-13 5.68442667e-13 5.68442667e-13 5.68442667e-13 5.67694667e-13 5.67694667e-13 5.67694667e-13
          5.67721333e-13 5.67721333e-13 5.67721333e-13 5.68415e-13 5.68415e-13 5.68415e-13 5.40357667e-13 5.40357667e-13 5.40357667e-13
          5.53061e-13 5.53061e-13 5.53061e-13 5.52969667e-13 5.52969667e-13 5.52969667e-13 5.40314667e-13 5.40314667e-13 5.40314667e-13
          5.54827333e-13 5.54827333e-13 5.54827333e-13 5.60050333e-13 5.60050333e-13 5.60050333e-13 5.68372e-13 5.68372e-13 5.68372e-13
          5.67676667e-13 5.67676667e-13 5.67676667e-13 5.67907667e-13 5.67907667e-13 5.67907667e-13 5.68492333e-13 5.68492333e-13 5.68492333e-13
          5.40288e-13 5.40288e-13 5.40288e-13 5.52938667e-13 5.52938667e-13 5.52938667e-13 5.53110667e-13 5.53110667e-13 5.53110667e-13
          5.40383667e-13 5.40383667e-13 5.40383667e-13 5.16197333e-13 5.16197333e-13 5.16197333e-13 5.21585e-13 5.21585e-13 5.21585e-13
          5.30449333e-13 5.30449333e-13 5.30449333e-13 5.28602e-13 5.28602e-13 5.28602e-13 5.28731e-13 5.28731e-13 5.28731e-13
          5.30629e-13 5.30629e-13 5.30629e-13 5.16195667e-13 5.16195667e-13 5.16195667e-13 5.21575333e-13 5.21575333e-13 5.21575333e-13
          5.28602667e-13 5.28602667e-13 5.28602667e-13 5.30443333e-13 5.30443333e-13 5.30443333e-13 5.30614333e-13 5.30614333e-13 5.30614333e-13
          5.28736e-13 5.28736e-13 5.28736e-13 5.75589e-13 5.75589e-13 5.75589e-13 5.68668e-13 5.68668e-13 5.68668e-13
          5.65969e-13 5.65969e-13 5.65969e-13 5.73212e-13 5.73212e-13 5.73212e-13 5.68686333e-13 5.68686333e-13 5.68686333e-13
          5.76346667e-13 5.76346667e-13 5.76346667e-13 5.76589333e-13 5.76589333e-13 5.76589333e-13 5.68704667e-13 5.68704667e-13 5.68704667e-13
          5.60028e-13 5.60028e-13 5.60028e-13 5.54617667e-13 5.54617667e-13 5.54617667e-13 5.67809e-13 5.67809e-13 5.67809e-13
          5.68359e-13 5.68359e-13 5.68359e-13 5.52925667e-13 5.52925667e-13 5.52925667e-13 5.40187667e-13 5.40187667e-13 5.40187667e-13
          5.68460333e-13 5.68460333e-13 5.68460333e-13 5.67716333e-13 5.67716333e-13 5.67716333e-13 5.40368333e-13 5.40368333e-13 5.40368333e-13
          5.53076e-13 5.53076e-13 5.53076e-13 5.54812e-13 5.54812e-13 5.54812e-13 5.60192333e-13 5.60192333e-13 5.60192333e-13
          5.68395667e-13 5.68395667e-13 5.68395667e-13 5.67842667e-13 5.67842667e-13 5.67842667e-13 5.31327e-13 5.31327e-13 5.31327e-13
          5.31401333e-13 5.31401333e-13 5.31401333e-13 5.42679e-13 5.42679e-13 5.42679e-13 5.40195e-13 5.40195e-13 5.40195e-13
          5.52950333e-13 5.52950333e-13 5.52950333e-13 5.67905333e-13 5.67905333e-13 5.67905333e-13 5.68499667e-13 5.68499667e-13 5.68499667e-13
          5.53115333e-13 5.53115333e-13 5.53115333e-13 5.40388e-13 5.40388e-13 5.40388e-13 5.54729333e-13 5.54729333e-13 5.54729333e-13
          5.54531e-13 5.54531e-13 5.54531e-13 5.65498667e-13 5.65498667e-13 5.65498667e-13 5.71816e-13 5.71816e-13 5.71816e-13
          5.74585333e-13 5.74585333e-13 5.74585333e-13 5.50829e-13 5.50829e-13 5.50829e-13 5.62879333e-13 5.62879333e-13 5.62879333e-13
          5.64044667e-13 5.64044667e-13 5.64044667e-13 5.65374e-13 5.65374e-13 5.65374e-13 5.61276333e-13 5.61276333e-13 5.61276333e-13
          5.50630667e-13 5.50630667e-13 5.50630667e-13 5.74587333e-13 5.74587333e-13 5.74587333e-13 5.71853333e-13 5.71853333e-13 5.71853333e-13
          5.50612667e-13 5.50612667e-13 5.50612667e-13 5.61371667e-13 5.61371667e-13 5.61371667e-13 5.65438333e-13 5.65438333e-13 5.65438333e-13
          5.71799667e-13 5.71799667e-13 5.71799667e-13 5.74535e-13 5.74535e-13 5.74535e-13 5.50923667e-13 5.50923667e-13 5.50923667e-13
          5.62988333e-13 5.62988333e-13 5.62988333e-13 5.64303333e-13 5.64303333e-13 5.64303333e-13 5.65828e-13 5.65828e-13 5.65828e-13
          5.61726e-13 5.61726e-13 5.61726e-13 5.50742667e-13 5.50742667e-13 5.50742667e-13 5.74716333e-13 5.74716333e-13 5.74716333e-13
          5.72110333e-13 5.72110333e-13 5.72110333e-13 5.68482667e-13 5.68482667e-13 5.68482667e-13 5.76099e-13 5.76099e-13 5.76099e-13
          5.66633333e-13 5.66633333e-13 5.66633333e-13 5.74229667e-13 5.74229667e-13 5.74229667e-13 5.701e-13 5.701e-13 5.701e-13
          5.65653667e-13 5.65653667e-13 5.65653667e-13 5.66521667e-13 5.66521667e-13 5.66521667e-13 5.70850333e-13 5.70850333e-13 5.70850333e-13
          5.547e-13 5.547e-13 5.547e-13 5.54475667e-13 5.54475667e-13 5.54475667e-13 5.50187e-13 5.50187e-13 5.50187e-13
          5.74604e-13 5.74604e-13 5.74604e-13 5.72014e-13 5.72014e-13 5.72014e-13 5.51911333e-13 5.51911333e-13 5.51911333e-13
          5.53201333e-13 5.53201333e-13 5.53201333e-13 5.5211e-13 5.5211e-13 5.5211e-13 5.54662e-13 5.54662e-13 5.54662e-13
          5.54253333e-13 5.54253333e-13 5.54253333e-13 5.65080667e-13 5.65080667e-13 5.65080667e-13 5.71836667e-13 5.71836667e-13 5.71836667e-13
          5.74587333e-13 5.74587333e-13 5.74587333e-13 5.50318333e-13 5.50318333e-13 5.50318333e-13 5.61026e-13 5.61026e-13 5.61026e-13
          5.65439e-13 5.65439e-13 5.65439e-13 5.72059e-13 5.72059e-13 5.72059e-13 5.74652333e-13 5.74652333e-13 5.74652333e-13
          5.50940333e-13 5.50940333e-13 5.50940333e-13 5.63206e-13 5.63206e-13 5.63206e-13 5.64430333e-13 5.64430333e-13 5.64430333e-13
          5.65591e-13 5.65591e-13 5.65591e-13 5.61165333e-13 5.61165333e-13 5.61165333e-13 5.5034e-13 5.5034e-13 5.5034e-13
          5.74689e-13 5.74689e-13 5.74689e-13 5.72088e-13 5.72088e-13 5.72088e-13 5.17731333e-13 5.17731333e-13 5.17731333e-13
          5.32066e-13 5.32066e-13 5.32066e-13 5.17721e-13 5.17721e-13 5.17721e-13 5.32058e-13 5.32058e-13 5.32058e-13
          5.27986e-13 5.27986e-13 5.27986e-13 5.24134e-13 5.24134e-13 5.24134e-13 5.23818333e-13 5.23818333e-13 5.23818333e-13
          5.27930667e-13 5.27930667e-13 5.27930667e-13 5.28226667e-13 5.28226667e-13 5.28226667e-13 5.24278e-13 5.24278e-13 5.24278e-13
          5.23766667e-13 5.23766667e-13 5.23766667e-13 5.27944333e-13 5.27944333e-13 5.27944333e-13 5.17699667e-13 5.17699667e-13 5.17699667e-13
          5.32016e-13 5.32016e-13 5.32016e-13 5.17699667e-13 5.17699667e-13 5.17699667e-13 5.32012333e-13 5.32012333e-13 5.32012333e-13
          5.35667667e-13 5.35667667e-13 5.35667667e-13 5.50849667e-13 5.50849667e-13 5.50849667e-13 5.50789333e-13 5.50789333e-13 5.50789333e-13
          5.35741e-13 5.35741e-13 5.35741e-13 5.35657e-13 5.35657e-13 5.35657e-13 5.50774667e-13 5.50774667e-13 5.50774667e-13
          5.50916e-13 5.50916e-13 5.50916e-13 5.35746e-13 5.35746e-13 5.35746e-13 5.22546e-13 5.22546e-13 5.22546e-13
          5.22504333e-13 5.22504333e-13 5.22504333e-13 5.22543333e-13 5.22543333e-13 5.22543333e-13 5.22565e-13 5.22565e-13 5.22565e-13
          5.22523667e-13 5.22523667e-13 5.22523667e-13 5.22604667e-13 5.22604667e-13 5.22604667e-13 5.22611333e-13 5.22611333e-13 5.22611333e-13
          5.22550333e-13 5.22550333e-13 5.22550333e-13 5.57442e-13 5.57442e-13 5.57442e-13 5.50373333e-13 5.50373333e-13 5.50373333e-13
          5.50260333e-13 5.50260333e-13 5.50260333e-13 5.57389333e-13 5.57389333e-13 5.57389333e-13 5.5041e-13 5.5041e-13 5.5041e-13
          5.57545333e-13 5.57545333e-13 5.57545333e-13 5.57389333e-13 5.57389333e-13 5.57389333e-13 5.50261e-13 5.50261e-13 5.50261e-13
          5.26558e-13 5.26558e-13 5.26558e-13 5.24263e-13 5.24263e-13 5.24263e-13 5.24119e-13 5.24119e-13 5.24119e-13
          5.26403333e-13 5.26403333e-13 5.26403333e-13 5.30369667e-13 5.30369667e-13 5.30369667e-13 5.30422e-13 5.30422e-13 5.30422e-13
          5.24282e-13 5.24282e-13 5.24282e-13 5.26581e-13 5.26581e-13 5.26581e-13 5.26412333e-13 5.26412333e-13 5.26412333e-13
          5.24152667e-13 5.24152667e-13 5.24152667e-13 5.30439e-13 5.30439e-13 5.30439e-13 5.30378e-13 5.30378e-13 5.30378e-13
          5.57468667e-13 5.57468667e-13 5.57468667e-13 5.50282667e-13 5.50282667e-13 5.50282667e-13 5.50348e-13 5.50348e-13 5.50348e-13
          5.57469333e-13 5.57469333e-13 5.57469333e-13 5.50284333e-13 5.50284333e-13 5.50284333e-13 5.57470667e-13 5.57470667e-13 5.57470667e-13
          5.57509667e-13 5.57509667e-13 5.57509667e-13 5.50391333e-13 5.50391333e-13 5.50391333e-13 5.39374667e-13 5.39374667e-13 5.39374667e-13
          5.34517e-13 5.34517e-13 5.34517e-13 5.57307667e-13 5.57307667e-13 5.57307667e-13 5.60698667e-13 5.60698667e-13 5.60698667e-13
          5.38381e-13 5.38381e-13 5.38381e-13 5.46916333e-13 5.46916333e-13 5.46916333e-13 5.34329333e-13 5.34329333e-13 5.34329333e-13
          5.39172333e-13 5.39172333e-13 5.39172333e-13 5.60657e-13 5.60657e-13 5.60657e-13 5.57268333e-13 5.57268333e-13 5.57268333e-13
          5.46879e-13 5.46879e-13 5.46879e-13 5.38295667e-13 5.38295667e-13 5.38295667e-13 5.34557667e-13 5.34557667e-13 5.34557667e-13
          5.39411333e-13 5.39411333e-13 5.39411333e-13 5.60752e-13 5.60752e-13 5.60752e-13 5.57272e-13 5.57272e-13 5.57272e-13
          5.46924667e-13 5.46924667e-13 5.46924667e-13 5.38415667e-13 5.38415667e-13 5.38415667e-13 5.39167333e-13 5.39167333e-13 5.39167333e-13
          5.34319333e-13 5.34319333e-13 5.34319333e-13 5.57267e-13 5.57267e-13 5.57267e-13 5.60655667e-13 5.60655667e-13 5.60655667e-13
          5.38285e-13 5.38285e-13 5.38285e-13 5.46872667e-13 5.46872667e-13 5.46872667e-13 5.51099667e-13 5.51099667e-13 5.51099667e-13
          5.51095333e-13 5.51095333e-13 5.51095333e-13 5.51088667e-13 5.51088667e-13 5.51088667e-13 5.51071e-13 5.51071e-13 5.51071e-13
          5.39194667e-13 5.39194667e-13 5.39194667e-13 5.34331667e-13 5.34331667e-13 5.34331667e-13 5.57196333e-13 5.57196333e-13 5.57196333e-13
          5.6067e-13 5.6067e-13 5.6067e-13 5.38293667e-13 5.38293667e-13 5.38293667e-13 5.46869e-13 5.46869e-13 5.46869e-13
          5.34488333e-13 5.34488333e-13 5.34488333e-13 5.39341667e-13 5.39341667e-13 5.39341667e-13 5.60695333e-13 5.60695333e-13 5.60695333e-13
          5.57265333e-13 5.57265333e-13 5.57265333e-13 5.46901333e-13 5.46901333e-13 5.46901333e-13 5.38356667e-13 5.38356667e-13 5.38356667e-13
          5.34322667e-13 5.34322667e-13 5.34322667e-13 5.39190667e-13 5.39190667e-13 5.39190667e-13 5.60673333e-13 5.60673333e-13 5.60673333e-13
          5.57199667e-13 5.57199667e-13 5.57199667e-13 5.46865e-13 5.46865e-13 5.46865e-13 5.38284333e-13 5.38284333e-13 5.38284333e-13
          5.39385e-13 5.39385e-13 5.39385e-13 5.34537667e-13 5.34537667e-13 5.34537667e-13 5.57323e-13 5.57323e-13 5.57323e-13
          5.60746667e-13 5.60746667e-13 5.60746667e-13 5.38400333e-13 5.38400333e-13 5.38400333e-13 5.46942333e-13 5.46942333e-13 5.46942333e-13
          5.51075e-13 5.51075e-13 5.51075e-13 5.51102e-13 5.51102e-13 5.51102e-13 5.511e-13 5.511e-13 5.511e-13
          5.51070333e-13 5.51070333e-13 5.51070333e-13 5.26402667e-13 5.26402667e-13 5.26402667e-13 5.24138333e-13 5.24138333e-13 5.24138333e-13
          5.24313e-13 5.24313e-13 5.24313e-13 5.26554e-13 5.26554e-13 5.26554e-13 5.30422333e-13 5.30422333e-13 5.30422333e-13
          5.30364667e-13 5.30364667e-13 5.30364667e-13 5.24159667e-13 5.24159667e-13 5.24159667e-13 5.26399333e-13 5.26399333e-13 5.26399333e-13
          5.26566667e-13 5.26566667e-13 5.26566667e-13 5.24319667e-13 5.24319667e-13 5.24319667e-13 5.30361e-13 5.30361e-13 5.30361e-13
          5.30429333e-13 5.30429333e-13 5.30429333e-13 5.19707667e-13 5.19707667e-13 5.19707667e-13 5.19705667e-13 5.19705667e-13 5.19705667e-13
          5.19717333e-13 5.19717333e-13 5.19717333e-13 5.19719333e-13 5.19719333e-13 5.19719333e-13 5.19733667e-13 5.19733667e-13 5.19733667e-13
          5.19726667e-13 5.19726667e-13 5.19726667e-13 5.19714667e-13 5.19714667e-13 5.19714667e-13 5.19721667e-13 5.19721667e-13 5.19721667e-13
          5.54204e-13 5.54204e-13 5.54204e-13 5.59959333e-13 5.59959333e-13 5.59959333e-13 5.59939667e-13 5.59939667e-13 5.59939667e-13
          5.54187667e-13 5.54187667e-13 5.54187667e-13 5.60057e-13 5.60057e-13 5.60057e-13 5.54235e-13 5.54235e-13 5.54235e-13
          5.54187667e-13 5.54187667e-13 5.54187667e-13 5.59939333e-13 5.59939333e-13 5.59939333e-13 5.21609667e-13 5.21609667e-13 5.21609667e-13
          5.24562333e-13 5.24562333e-13 5.24562333e-13 5.24554333e-13 5.24554333e-13 5.24554333e-13 5.21604e-13 5.21604e-13 5.21604e-13
          5.31342e-13 5.31342e-13 5.31342e-13 5.31341667e-13 5.31341667e-13 5.31341667e-13 5.24574667e-13 5.24574667e-13 5.24574667e-13
          5.21621333e-13 5.21621333e-13 5.21621333e-13 5.21615333e-13 5.21615333e-13 5.21615333e-13 5.24562e-13 5.24562e-13 5.24562e-13
          5.31345e-13 5.31345e-13 5.31345e-13 5.31349667e-13 5.31349667e-13 5.31349667e-13 5.54206e-13 5.54206e-13 5.54206e-13
          5.60015e-13 5.60015e-13 5.60015e-13 5.60023e-13 5.60023e-13 5.60023e-13 5.54232667e-13 5.54232667e-13 5.54232667e-13
          5.60016e-13 5.60016e-13 5.60016e-13 5.54206333e-13 5.54206333e-13 5.54206333e-13 5.54193e-13 5.54193e-13 5.54193e-13
          5.59980333e-13 5.59980333e-13 5.59980333e-13 5.35834333e-13 5.35834333e-13 5.35834333e-13 5.42295667e-13 5.42295667e-13 5.42295667e-13
          5.63216e-13 5.63216e-13 5.63216e-13 5.59825e-13 5.59825e-13 5.59825e-13 5.51439667e-13 5.51439667e-13 5.51439667e-13
          5.42614e-13 5.42614e-13 5.42614e-13 5.42284667e-13 5.42284667e-13 5.42284667e-13 5.35826333e-13 5.35826333e-13 5.35826333e-13
          5.59818667e-13 5.59818667e-13 5.59818667e-13 5.63207333e-13 5.63207333e-13 5.63207333e-13 5.42613667e-13 5.42613667e-13 5.42613667e-13
          5.51435333e-13 5.51435333e-13 5.51435333e-13 5.42326667e-13 5.42326667e-13 5.42326667e-13 5.35866e-13 5.35866e-13 5.35866e-13
          5.59783667e-13 5.59783667e-13 5.59783667e-13 5.63263667e-13 5.63263667e-13 5.63263667e-13 5.42641e-13 5.42641e-13 5.42641e-13
          5.51443667e-13 5.51443667e-13 5.51443667e-13 5.35822e-13 5.35822e-13 5.35822e-13 5.42284e-13 5.42284e-13 5.42284e-13
          5.63205667e-13 5.63205667e-13 5.63205667e-13 5.59817e-13 5.59817e-13 5.59817e-13 5.5143e-13 5.5143e-13 5.5143e-13
          5.42605e-13 5.42605e-13 5.42605e-13 5.53101333e-13 5.53101333e-13 5.53101333e-13 5.53105667e-13 5.53105667e-13 5.53105667e-13
          5.53078333e-13 5.53078333e-13 5.53078333e-13 5.53096e-13 5.53096e-13 5.53096e-13 5.35836333e-13 5.35836333e-13 5.35836333e-13
          5.42303e-13 5.42303e-13 5.42303e-13 5.63216333e-13 5.63216333e-13 5.63216333e-13 5.59742667e-13 5.59742667e-13 5.59742667e-13
          5.51407e-13 5.51407e-13 5.51407e-13 5.42605e-13 5.42605e-13 5.42605e-13 5.42318333e-13 5.42318333e-13 5.42318333e-13
          5.35852e-13 5.35852e-13 5.35852e-13 5.59819e-13 5.59819e-13 5.59819e-13 5.63249e-13 5.63249e-13 5.63249e-13
          5.4262e-13 5.4262e-13 5.4262e-13 5.51446667e-13 5.51446667e-13 5.51446667e-13 5.42302667e-13 5.42302667e-13 5.42302667e-13
          5.35839333e-13 5.35839333e-13 5.35839333e-13 5.59745e-13 5.59745e-13 5.59745e-13 5.63218667e-13 5.63218667e-13 5.63218667e-13
          5.42613e-13 5.42613e-13 5.42613e-13 5.51412333e-13 5.51412333e-13 5.51412333e-13 5.35811667e-13 5.35811667e-13 5.35811667e-13
          5.42278667e-13 5.42278667e-13 5.42278667e-13 5.63217333e-13 5.63217333e-13 5.63217333e-13 5.59793667e-13 5.59793667e-13 5.59793667e-13
          5.51415e-13 5.51415e-13 5.51415e-13 5.42584333e-13 5.42584333e-13 5.42584333e-13 5.53093667e-13 5.53093667e-13 5.53093667e-13
          5.53066667e-13 5.53066667e-13 5.53066667e-13 5.53072333e-13 5.53072333e-13 5.53072333e-13 5.53102e-13 5.53102e-13 5.53102e-13
          5.21623e-13 5.21623e-13 5.21623e-13 5.24565e-13 5.24565e-13 5.24565e-13 5.24568e-13 5.24568e-13 5.24568e-13
          5.21630667e-13 5.21630667e-13 5.21630667e-13 5.31333667e-13 5.31333667e-13 5.31333667e-13 5.31336e-13 5.31336e-13 5.31336e-13
          5.24556e-13 5.24556e-13 5.24556e-13 5.21610667e-13 5.21610667e-13 5.21610667e-13 5.21618667e-13 5.21618667e-13 5.21618667e-13
          5.24555333e-13 5.24555333e-13 5.24555333e-13 5.31328e-13 5.31328e-13 5.31328e-13 5.31329667e-13 5.31329667e-13 5.31329667e-13
          5.19083333e-13 5.19083333e-13 5.19083333e-13 5.13518667e-13 5.13518667e-13 5.13518667e-13 5.28577333e-13 5.28577333e-13 5.28577333e-13
          5.35817e-13 5.35817e-13 5.35817e-13 5.34630333e-13 5.34630333e-13 5.34630333e-13 5.28144e-13 5.28144e-13 5.28144e-13
          5.447e-13 5.447e-13 5.447e-13 5.32464e-13 5.32464e-13 5.32464e-13 5.29618333e-13 5.29618333e-13 5.29618333e-13
          5.24174333e-13 5.24174333e-13 5.24174333e-13 5.20042667e-13 5.20042667e-13 5.20042667e-13 5.27102667e-13 5.27102667e-13 5.27102667e-13
          5.26887e-13 5.26887e-13 5.26887e-13 5.19925333e-13 5.19925333e-13 5.19925333e-13 5.23660667e-13 5.23660667e-13 5.23660667e-13
          5.29235333e-13 5.29235333e-13 5.29235333e-13 5.62637e-13 5.62637e-13 5.62637e-13 5.60629333e-13 5.60629333e-13 5.60629333e-13
          5.54007333e-13 5.54007333e-13 5.54007333e-13 5.44482333e-13 5.44482333e-13 5.44482333e-13 5.41966667e-13 5.41966667e-13 5.41966667e-13
          5.47114e-13 5.47114e-13 5.47114e-13 5.56350333e-13 5.56350333e-13 5.56350333e-13 5.62735667e-13 5.62735667e-13 5.62735667e-13
          5.41947333e-13 5.41947333e-13 5.41947333e-13 5.31412333e-13 5.31412333e-13 5.31412333e-13 5.49312667e-13 5.49312667e-13 5.49312667e-13
          5.42309667e-13 5.42309667e-13 5.42309667e-13 5.47951667e-13 5.47951667e-13 5.47951667e-13 5.47077333e-13 5.47077333e-13 5.47077333e-13
          5.41870333e-13 5.41870333e-13 5.41870333e-13 5.60647667e-13 5.60647667e-13 5.60647667e-13 5.62641333e-13 5.62641333e-13 5.62641333e-13
          5.44218667e-13 5.44218667e-13 5.44218667e-13 5.53861333e-13 5.53861333e-13 5.53861333e-13 5.62783667e-13 5.62783667e-13 5.62783667e-13
          5.56354333e-13 5.56354333e-13 5.56354333e-13 5.60565e-13 5.60565e-13 5.60565e-13 5.5164e-13 5.5164e-13 5.5164e-13
          5.44257667e-13 5.44257667e-13 5.44257667e-13 5.47767667e-13 5.47767667e-13 5.47767667e-13 5.51669e-13 5.51669e-13 5.51669e-13
          5.60525333e-13 5.60525333e-13 5.60525333e-13 5.47814333e-13 5.47814333e-13 5.47814333e-13 5.44307e-13 5.44307e-13 5.44307e-13
          5.53169333e-13 5.53169333e-13 5.53169333e-13 5.54552667e-13 5.54552667e-13 5.54552667e-13 5.54584333e-13 5.54584333e-13 5.54584333e-13
          5.53191333e-13 5.53191333e-13 5.53191333e-13 5.76953333e-13 5.76953333e-13 5.76953333e-13 5.73267333e-13 5.73267333e-13 5.73267333e-13
          5.77828333e-13 5.77828333e-13 5.77828333e-13 5.73824667e-13 5.73824667e-13 5.73824667e-13 5.73075e-13 5.73075e-13 5.73075e-13
          5.76823333e-13 5.76823333e-13 5.76823333e-13 5.73602333e-13 5.73602333e-13 5.73602333e-13 5.77705667e-13 5.77705667e-13 5.77705667e-13
          5.44991e-13 5.44991e-13 5.44991e-13 5.46773667e-13 5.46773667e-13 5.46773667e-13 5.37920667e-13 5.37920667e-13 5.37920667e-13
          5.41724333e-13 5.41724333e-13 5.41724333e-13 5.51095e-13 5.51095e-13 5.51095e-13 5.60100333e-13 5.60100333e-13 5.60100333e-13
          5.46861333e-13 5.46861333e-13 5.46861333e-13 5.44998333e-13 5.44998333e-13 5.44998333e-13 5.45914667e-13 5.45914667e-13 5.45914667e-13
          5.43323e-13 5.43323e-13 5.43323e-13 5.35284e-13 5.35284e-13 5.35284e-13 5.29350667e-13 5.29350667e-13 5.29350667e-13
          5.47654333e-13 5.47654333e-13 5.47654333e-13 5.44183333e-13 5.44183333e-13 5.44183333e-13 5.28096667e-13 5.28096667e-13 5.28096667e-13
          5.34550333e-13 5.34550333e-13 5.34550333e-13 5.43449667e-13 5.43449667e-13 5.43449667e-13 5.46002333e-13 5.46002333e-13 5.46002333e-13
          5.60083e-13 5.60083e-13 5.60083e-13 5.51158333e-13 5.51158333e-13 5.51158333e-13 5.46851667e-13 5.46851667e-13 5.46851667e-13
          5.45027333e-13 5.45027333e-13 5.45027333e-13 5.28531667e-13 5.28531667e-13 5.28531667e-13 5.35697667e-13 5.35697667e-13 5.35697667e-13
          5.45079333e-13 5.45079333e-13 5.45079333e-13 5.46972e-13 5.46972e-13 5.46972e-13 5.28484333e-13 5.28484333e-13 5.28484333e-13
          5.35627667e-13 5.35627667e-13 5.35627667e-13 5.44263667e-13 5.44263667e-13 5.44263667e-13 5.47706667e-13 5.47706667e-13 5.47706667e-13
          5.43384e-13 5.43384e-13 5.43384e-13 5.46020667e-13 5.46020667e-13 5.46020667e-13 5.46141e-13 5.46141e-13 5.46141e-13
          5.43568667e-13 5.43568667e-13 5.43568667e-13 5.60313e-13 5.60313e-13 5.60313e-13 5.64513667e-13 5.64513667e-13 5.64513667e-13
          5.31403667e-13 5.31403667e-13 5.31403667e-13 5.41909667e-13 5.41909667e-13 5.41909667e-13 5.54157667e-13 5.54157667e-13 5.54157667e-13
          5.53056e-13 5.53056e-13 5.53056e-13 5.47882e-13 5.47882e-13 5.47882e-13 5.42269e-13 5.42269e-13 5.42269e-13
          5.49310667e-13 5.49310667e-13 5.49310667e-13 5.64612333e-13 5.64612333e-13 5.64612333e-13 5.6013e-13 5.6013e-13 5.6013e-13
          5.40074333e-13 5.40074333e-13 5.40074333e-13 5.40035667e-13 5.40035667e-13 5.40035667e-13 5.53083667e-13 5.53083667e-13 5.53083667e-13
          5.54209667e-13 5.54209667e-13 5.54209667e-13 5.64530333e-13 5.64530333e-13 5.64530333e-13 5.60338667e-13 5.60338667e-13 5.60338667e-13
          5.60214e-13 5.60214e-13 5.60214e-13 5.64672667e-13 5.64672667e-13 5.64672667e-13 5.74134e-13 5.74134e-13 5.74134e-13
          5.78791e-13 5.78791e-13 5.78791e-13 5.68924333e-13 5.68924333e-13 5.68924333e-13 5.62962333e-13 5.62962333e-13 5.62962333e-13
          5.52030333e-13 5.52030333e-13 5.52030333e-13 5.72802667e-13 5.72802667e-13 5.72802667e-13 5.77142e-13 5.77142e-13 5.77142e-13
          5.78772333e-13 5.78772333e-13 5.78772333e-13 5.73926333e-13 5.73926333e-13 5.73926333e-13 5.5206e-13 5.5206e-13 5.5206e-13
          5.63021333e-13 5.63021333e-13 5.63021333e-13 5.69077e-13 5.69077e-13 5.69077e-13 5.77123667e-13 5.77123667e-13 5.77123667e-13
          5.72632667e-13 5.72632667e-13 5.72632667e-13 5.64640667e-13 5.64640667e-13 5.64640667e-13 5.61539667e-13 5.61539667e-13 5.61539667e-13
          5.51159e-13 5.51159e-13 5.51159e-13 5.46753e-13 5.46753e-13 5.46753e-13 5.51113333e-13 5.51113333e-13 5.51113333e-13
          5.46802667e-13 5.46802667e-13 5.46802667e-13 5.19276667e-13 5.19276667e-13 5.19276667e-13 5.13774333e-13 5.13774333e-13 5.13774333e-13
          5.29381667e-13 5.29381667e-13 5.29381667e-13 5.35366667e-13 5.35366667e-13 5.35366667e-13 5.35813333e-13 5.35813333e-13 5.35813333e-13
          5.28574333e-13 5.28574333e-13 5.28574333e-13 5.28142667e-13 5.28142667e-13 5.28142667e-13 5.34627e-13 5.34627e-13 5.34627e-13
          5.34665e-13 5.34665e-13 5.34665e-13 5.28159667e-13 5.28159667e-13 5.28159667e-13 5.32463e-13 5.32463e-13 5.32463e-13
          5.44676333e-13 5.44676333e-13 5.44676333e-13 5.42003e-13 5.42003e-13 5.42003e-13 5.31434667e-13 5.31434667e-13 5.31434667e-13
          5.35201667e-13 5.35201667e-13 5.35201667e-13 5.40387667e-13 5.40387667e-13 5.40387667e-13 5.27466e-13 5.27466e-13 5.27466e-13
          5.20335667e-13 5.20335667e-13 5.20335667e-13 5.20256333e-13 5.20256333e-13 5.20256333e-13 5.27238667e-13 5.27238667e-13 5.27238667e-13
          5.24226333e-13 5.24226333e-13 5.24226333e-13 5.29854333e-13 5.29854333e-13 5.29854333e-13 5.29559e-13 5.29559e-13 5.29559e-13
          5.23925667e-13 5.23925667e-13 5.23925667e-13 5.42237667e-13 5.42237667e-13 5.42237667e-13 5.47370333e-13 5.47370333e-13 5.47370333e-13
          5.62772667e-13 5.62772667e-13 5.62772667e-13 5.60816667e-13 5.60816667e-13 5.60816667e-13 5.54131e-13 5.54131e-13 5.54131e-13
          5.44558e-13 5.44558e-13 5.44558e-13 5.56511333e-13 5.56511333e-13 5.56511333e-13 5.62907667e-13 5.62907667e-13 5.62907667e-13
          5.47391e-13 5.47391e-13 5.47391e-13 5.42382667e-13 5.42382667e-13 5.42382667e-13 5.60734e-13 5.60734e-13 5.60734e-13
          5.62711e-13 5.62711e-13 5.62711e-13 5.44771e-13 5.44771e-13 5.44771e-13 5.54112e-13 5.54112e-13 5.54112e-13
          5.62883667e-13 5.62883667e-13 5.62883667e-13 5.56574e-13 5.56574e-13 5.56574e-13 5.5803e-13 5.5803e-13 5.5803e-13
          5.59696667e-13 5.59696667e-13 5.59696667e-13 5.53730667e-13 5.53730667e-13 5.53730667e-13 5.53750667e-13 5.53750667e-13 5.53750667e-13
          5.59776333e-13 5.59776333e-13 5.59776333e-13 5.58118333e-13 5.58118333e-13 5.58118333e-13 5.60612667e-13 5.60612667e-13 5.60612667e-13
          5.51686667e-13 5.51686667e-13 5.51686667e-13 5.51605667e-13 5.51605667e-13 5.51605667e-13 5.60451333e-13 5.60451333e-13 5.60451333e-13
          5.47744e-13 5.47744e-13 5.47744e-13 5.44271667e-13 5.44271667e-13 5.44271667e-13 5.44301333e-13 5.44301333e-13 5.44301333e-13
          5.47815e-13 5.47815e-13 5.47815e-13 5.54533333e-13 5.54533333e-13 5.54533333e-13 5.53112333e-13 5.53112333e-13 5.53112333e-13
          5.53221333e-13 5.53221333e-13 5.53221333e-13 5.54607e-13 5.54607e-13 5.54607e-13 5.76987333e-13 5.76987333e-13 5.76987333e-13
          5.73308333e-13 5.73308333e-13 5.73308333e-13 5.73900667e-13 5.73900667e-13 5.73900667e-13 5.77873333e-13 5.77873333e-13 5.77873333e-13
          5.73056667e-13 5.73056667e-13 5.73056667e-13 5.76822e-13 5.76822e-13 5.76822e-13 5.73603333e-13 5.73603333e-13 5.73603333e-13
          5.77697e-13 5.77697e-13 5.77697e-13 5.51157333e-13 5.51157333e-13 5.51157333e-13 5.60149333e-13 5.60149333e-13 5.60149333e-13
          5.45047e-13 5.45047e-13 5.45047e-13 5.46875333e-13 5.46875333e-13 5.46875333e-13 5.35698e-13 5.35698e-13 5.35698e-13
          5.2853e-13 5.2853e-13 5.2853e-13 5.46995333e-13 5.46995333e-13 5.46995333e-13 5.45101e-13 5.45101e-13 5.45101e-13
          5.46781667e-13 5.46781667e-13 5.46781667e-13 5.44956667e-13 5.44956667e-13 5.44956667e-13 5.41799333e-13 5.41799333e-13 5.41799333e-13
          5.37953e-13 5.37953e-13 5.37953e-13 5.60021667e-13 5.60021667e-13 5.60021667e-13 5.51136333e-13 5.51136333e-13 5.51136333e-13
          5.45068333e-13 5.45068333e-13 5.45068333e-13 5.46933e-13 5.46933e-13 5.46933e-13 5.44280333e-13 5.44280333e-13 5.44280333e-13
          5.47662333e-13 5.47662333e-13 5.47662333e-13 5.43337e-13 5.43337e-13 5.43337e-13 5.45971e-13 5.45971e-13 5.45971e-13
          5.46122333e-13 5.46122333e-13 5.46122333e-13 5.43578667e-13 5.43578667e-13 5.43578667e-13 5.29141333e-13 5.29141333e-13 5.29141333e-13
          5.35315333e-13 5.35315333e-13 5.35315333e-13 5.47707e-13 5.47707e-13 5.47707e-13 5.44256e-13 5.44256e-13 5.44256e-13
          5.46019333e-13 5.46019333e-13 5.46019333e-13 5.43378667e-13 5.43378667e-13 5.43378667e-13 5.43561333e-13 5.43561333e-13 5.43561333e-13
          5.46139333e-13 5.46139333e-13 5.46139333e-13 5.49349333e-13 5.49349333e-13 5.49349333e-13 5.51263e-13 5.51263e-13 5.51263e-13
          5.40080333e-13 5.40080333e-13 5.40080333e-13 5.38190333e-13 5.38190333e-13 5.38190333e-13 5.4388e-13 5.4388e-13 5.4388e-13
          5.55104667e-13 5.55104667e-13 5.55104667e-13 5.40208333e-13 5.40208333e-13 5.40208333e-13 5.40232e-13 5.40232e-13 5.40232e-13
          5.53030667e-13 5.53030667e-13 5.53030667e-13 5.54232e-13 5.54232e-13 5.54232e-13 5.64463667e-13 5.64463667e-13 5.64463667e-13
          5.60293667e-13 5.60293667e-13 5.60293667e-13 5.60246667e-13 5.60246667e-13 5.60246667e-13 5.64636333e-13 5.64636333e-13 5.64636333e-13
          5.54236667e-13 5.54236667e-13 5.54236667e-13 5.53113333e-13 5.53113333e-13 5.53113333e-13 5.60360667e-13 5.60360667e-13 5.60360667e-13
          5.64581e-13 5.64581e-13 5.64581e-13 5.64716e-13 5.64716e-13 5.64716e-13 5.60233333e-13 5.60233333e-13 5.60233333e-13
          5.74218e-13 5.74218e-13 5.74218e-13 5.78873333e-13 5.78873333e-13 5.78873333e-13 5.72845e-13 5.72845e-13 5.72845e-13
          5.77206667e-13 5.77206667e-13 5.77206667e-13 5.78796667e-13 5.78796667e-13 5.78796667e-13 5.73956667e-13 5.73956667e-13 5.73956667e-13
          5.77138667e-13 5.77138667e-13 5.77138667e-13 5.72627e-13 5.72627e-13 5.72627e-13 5.64708667e-13 5.64708667e-13 5.64708667e-13
          5.61597667e-13 5.61597667e-13 5.61597667e-13 5.51239667e-13 5.51239667e-13 5.51239667e-13 5.46818e-13 5.46818e-13 5.46818e-13
          5.51134333e-13 5.51134333e-13 5.51134333e-13 5.46837667e-13 5.46837667e-13 5.46837667e-13 5.19408333e-13 5.19408333e-13 5.19408333e-13
          5.13943e-13 5.13943e-13 5.13943e-13 5.35870333e-13 5.35870333e-13 5.35870333e-13 5.28602e-13 5.28602e-13 5.28602e-13
          5.28599667e-13 5.28599667e-13 5.28599667e-13 5.35863667e-13 5.35863667e-13 5.35863667e-13 5.44735667e-13 5.44735667e-13 5.44735667e-13
          5.32489333e-13 5.32489333e-13 5.32489333e-13 5.35246667e-13 5.35246667e-13 5.35246667e-13 5.40461667e-13 5.40461667e-13 5.40461667e-13
          5.31439333e-13 5.31439333e-13 5.31439333e-13 5.42009e-13 5.42009e-13 5.42009e-13 5.20436333e-13 5.20436333e-13 5.20436333e-13
          5.27590333e-13 5.27590333e-13 5.27590333e-13 5.27346e-13 5.27346e-13 5.27346e-13 5.20354e-13 5.20354e-13 5.20354e-13
          5.29988333e-13 5.29988333e-13 5.29988333e-13 5.24355e-13 5.24355e-13 5.24355e-13 5.24002e-13 5.24002e-13 5.24002e-13
          5.29658e-13 5.29658e-13 5.29658e-13 5.47362e-13 5.47362e-13 5.47362e-13 5.42238e-13 5.42238e-13 5.42238e-13
          5.60786e-13 5.60786e-13 5.60786e-13 5.62672667e-13 5.62672667e-13 5.62672667e-13 5.6285e-13 5.6285e-13 5.6285e-13
          5.56537e-13 5.56537e-13 5.56537e-13 5.4455e-13 5.4455e-13 5.4455e-13 5.54100333e-13 5.54100333e-13 5.54100333e-13
          5.4249e-13 5.4249e-13 5.4249e-13 5.47469e-13 5.47469e-13 5.47469e-13 5.62829e-13 5.62829e-13 5.62829e-13
          5.60807333e-13 5.60807333e-13 5.60807333e-13 5.54197667e-13 5.54197667e-13 5.54197667e-13 5.44888e-13 5.44888e-13 5.44888e-13
          5.56661667e-13 5.56661667e-13 5.56661667e-13 5.63014e-13 5.63014e-13 5.63014e-13 5.5376e-13 5.5376e-13 5.5376e-13
          5.59784e-13 5.59784e-13 5.59784e-13 5.58132e-13 5.58132e-13 5.58132e-13 5.51621667e-13 5.51621667e-13 5.51621667e-13
          5.60460667e-13 5.60460667e-13 5.60460667e-13 5.60544667e-13 5.60544667e-13 5.60544667e-13 5.51642667e-13 5.51642667e-13 5.51642667e-13
          5.44276e-13 5.44276e-13 5.44276e-13 5.4776e-13 5.4776e-13 5.4776e-13 5.47747333e-13 5.47747333e-13 5.47747333e-13
          5.44281333e-13 5.44281333e-13 5.44281333e-13 5.53163e-13 5.53163e-13 5.53163e-13 5.54576e-13 5.54576e-13 5.54576e-13
          5.54550667e-13 5.54550667e-13 5.54550667e-13 5.53117333e-13 5.53117333e-13 5.53117333e-13 5.73065e-13 5.73065e-13 5.73065e-13
          5.76831e-13 5.76831e-13 5.76831e-13 5.73613333e-13 5.73613333e-13 5.73613333e-13 5.77717e-13 5.77717e-13 5.77717e-13
          5.7689e-13 5.7689e-13 5.7689e-13 5.73184e-13 5.73184e-13 5.73184e-13 5.73704e-13 5.73704e-13 5.73704e-13
          5.77754e-13 5.77754e-13 5.77754e-13 5.28164e-13 5.28164e-13 5.28164e-13 5.3467e-13 5.3467e-13 5.3467e-13
          5.28081667e-13 5.28081667e-13 5.28081667e-13 5.34648e-13 5.34648e-13 5.34648e-13 5.60032333e-13 5.60032333e-13 5.60032333e-13
          5.51146333e-13 5.51146333e-13 5.51146333e-13 5.46798e-13 5.46798e-13 5.46798e-13 5.44982e-13 5.44982e-13 5.44982e-13
          5.28552333e-13 5.28552333e-13 5.28552333e-13 5.35738e-13 5.35738e-13 5.35738e-13 5.45074e-13 5.45074e-13 5.45074e-13
          5.46937e-13 5.46937e-13 5.46937e-13 5.44988333e-13 5.44988333e-13 5.44988333e-13 5.46820667e-13 5.46820667e-13 5.46820667e-13
          5.37984333e-13 5.37984333e-13 5.37984333e-13 5.41836e-13 5.41836e-13 5.41836e-13 5.51199e-13 5.51199e-13 5.51199e-13
          5.60132333e-13 5.60132333e-13 5.60132333e-13 5.46976667e-13 5.46976667e-13 5.46976667e-13 5.45113e-13 5.45113e-13 5.45113e-13
          5.47683e-13 5.47683e-13 5.47683e-13 5.44292667e-13 5.44292667e-13 5.44292667e-13 5.45983667e-13 5.45983667e-13 5.45983667e-13
          5.43341e-13 5.43341e-13 5.43341e-13 5.43590667e-13 5.43590667e-13 5.43590667e-13 5.46139667e-13 5.46139667e-13 5.46139667e-13
          5.35333333e-13 5.35333333e-13 5.35333333e-13 5.29155333e-13 5.29155333e-13 5.29155333e-13 5.44285e-13 5.44285e-13 5.44285e-13
          5.47665333e-13 5.47665333e-13 5.47665333e-13 5.43358667e-13 5.43358667e-13 5.43358667e-13 5.45987e-13 5.45987e-13 5.45987e-13
          5.46126e-13 5.46126e-13 5.46126e-13 5.43583333e-13 5.43583333e-13 5.43583333e-13 5.38184333e-13 5.38184333e-13 5.38184333e-13
          5.43874333e-13 5.43874333e-13 5.43874333e-13 5.55098e-13 5.55098e-13 5.55098e-13 5.49442667e-13 5.49442667e-13 5.49442667e-13
          5.51367667e-13 5.51367667e-13 5.51367667e-13 5.40126333e-13 5.40126333e-13 5.40126333e-13 5.4025e-13 5.4025e-13 5.4025e-13
          5.40233e-13 5.40233e-13 5.40233e-13 5.54287e-13 5.54287e-13 5.54287e-13 5.53086e-13 5.53086e-13 5.53086e-13
          5.60340333e-13 5.60340333e-13 5.60340333e-13 5.64555667e-13 5.64555667e-13 5.64555667e-13 5.64740667e-13 5.64740667e-13 5.64740667e-13
          5.60313333e-13 5.60313333e-13 5.60313333e-13 5.53035333e-13 5.53035333e-13 5.53035333e-13 5.54239e-13 5.54239e-13 5.54239e-13
          5.64455333e-13 5.64455333e-13 5.64455333e-13 5.60304333e-13 5.60304333e-13 5.60304333e-13 5.60252e-13 5.60252e-13 5.60252e-13
          5.64632667e-13 5.64632667e-13 5.64632667e-13 5.78799e-13 5.78799e-13 5.78799e-13 5.73951e-13 5.73951e-13 5.73951e-13
          5.77147e-13 5.77147e-13 5.77147e-13 5.72636667e-13 5.72636667e-13 5.72636667e-13 5.74068667e-13 5.74068667e-13 5.74068667e-13
          5.78888667e-13 5.78888667e-13 5.78888667e-13 5.69150333e-13 5.69150333e-13 5.69150333e-13 5.63105333e-13 5.63105333e-13 5.63105333e-13
          5.52125667e-13 5.52125667e-13 5.52125667e-13 5.72771667e-13 5.72771667e-13 5.72771667e-13 5.77247667e-13 5.77247667e-13 5.77247667e-13
          5.64739667e-13 5.64739667e-13 5.64739667e-13 5.61625667e-13 5.61625667e-13 5.61625667e-13 5.51129667e-13 5.51129667e-13 5.51129667e-13
          5.46839667e-13 5.46839667e-13 5.46839667e-13 5.51191e-13 5.51191e-13 5.51191e-13 5.46852e-13 5.46852e-13 5.46852e-13
          5.13516667e-13 5.13516667e-13 5.13516667e-13 5.19019667e-13 5.19019667e-13 5.19019667e-13 5.35869e-13 5.35869e-13 5.35869e-13
          5.28602333e-13 5.28602333e-13 5.28602333e-13 5.28168e-13 5.28168e-13 5.28168e-13 5.34675e-13 5.34675e-13 5.34675e-13
          5.32497667e-13 5.32497667e-13 5.32497667e-13 5.4473e-13 5.4473e-13 5.4473e-13 5.24173667e-13 5.24173667e-13 5.24173667e-13
          5.29566333e-13 5.29566333e-13 5.29566333e-13 5.27030667e-13 5.27030667e-13 5.27030667e-13 5.19987e-13 5.19987e-13 5.19987e-13
          5.19971333e-13 5.19971333e-13 5.19971333e-13 5.26938667e-13 5.26938667e-13 5.26938667e-13 5.29289e-13 5.29289e-13 5.29289e-13
          5.23712333e-13 5.23712333e-13 5.23712333e-13 5.60585e-13 5.60585e-13 5.60585e-13 5.62551667e-13 5.62551667e-13 5.62551667e-13
          5.44425e-13 5.44425e-13 5.44425e-13 5.53975333e-13 5.53975333e-13 5.53975333e-13 5.47052333e-13 5.47052333e-13 5.47052333e-13
          5.41889333e-13 5.41889333e-13 5.41889333e-13 5.62640667e-13 5.62640667e-13 5.62640667e-13 5.56286667e-13 5.56286667e-13 5.56286667e-13
          5.40353667e-13 5.40353667e-13 5.40353667e-13 5.35173333e-13 5.35173333e-13 5.35173333e-13 5.35246667e-13 5.35246667e-13 5.35246667e-13
          5.40460333e-13 5.40460333e-13 5.40460333e-13 5.41867333e-13 5.41867333e-13 5.41867333e-13 5.47093e-13 5.47093e-13 5.47093e-13
          5.62648333e-13 5.62648333e-13 5.62648333e-13 5.60644667e-13 5.60644667e-13 5.60644667e-13 5.56434667e-13 5.56434667e-13 5.56434667e-13
          5.62853333e-13 5.62853333e-13 5.62853333e-13 5.53858333e-13 5.53858333e-13 5.53858333e-13 5.44217667e-13 5.44217667e-13 5.44217667e-13
          5.51632e-13 5.51632e-13 5.51632e-13 5.6052e-13 5.6052e-13 5.6052e-13 5.47772667e-13 5.47772667e-13 5.47772667e-13
          5.44267e-13 5.44267e-13 5.44267e-13 5.60566333e-13 5.60566333e-13 5.60566333e-13 5.51649667e-13 5.51649667e-13 5.51649667e-13
          5.44281333e-13 5.44281333e-13 5.44281333e-13 5.47756e-13 5.47756e-13 5.47756e-13 5.54537333e-13 5.54537333e-13 5.54537333e-13
          5.53146e-13 5.53146e-13 5.53146e-13 5.53158333e-13 5.53158333e-13 5.53158333e-13 5.54584e-13 5.54584e-13 5.54584e-13
          5.73184333e-13 5.73184333e-13 5.73184333e-13 5.76904333e-13 5.76904333e-13 5.76904333e-13 5.73702667e-13 5.73702667e-13 5.73702667e-13
          5.77768333e-13 5.77768333e-13 5.77768333e-13 5.77003333e-13 5.77003333e-13 5.77003333e-13 5.73315333e-13 5.73315333e-13 5.73315333e-13
          5.73904e-13 5.73904e-13 5.73904e-13 5.77885667e-13 5.77885667e-13 5.77885667e-13 5.46757333e-13 5.46757333e-13 5.46757333e-13
          5.44977667e-13 5.44977667e-13 5.44977667e-13 5.41728333e-13 5.41728333e-13 5.41728333e-13 5.37928667e-13 5.37928667e-13 5.37928667e-13
          5.60049667e-13 5.60049667e-13 5.60049667e-13 5.51080333e-13 5.51080333e-13 5.51080333e-13 5.44986333e-13 5.44986333e-13 5.44986333e-13
          5.46847333e-13 5.46847333e-13 5.46847333e-13 5.43332e-13 5.43332e-13 5.43332e-13 5.45922e-13 5.45922e-13 5.45922e-13
          5.29357333e-13 5.29357333e-13 5.29357333e-13 5.35294333e-13 5.35294333e-13 5.35294333e-13 5.44199e-13 5.44199e-13 5.44199e-13
          5.47661333e-13 5.47661333e-13 5.47661333e-13 5.46012e-13 5.46012e-13 5.46012e-13 5.43465333e-13 5.43465333e-13 5.43465333e-13
          5.34532e-13 5.34532e-13 5.34532e-13 5.28032333e-13 5.28032333e-13 5.28032333e-13 5.51163667e-13 5.51163667e-13 5.51163667e-13
          5.60122e-13 5.60122e-13 5.60122e-13 5.45008e-13 5.45008e-13 5.45008e-13 5.4683e-13 5.4683e-13 5.4683e-13
          5.46971667e-13 5.46971667e-13 5.46971667e-13 5.45108e-13 5.45108e-13 5.45108e-13 5.29106e-13 5.29106e-13 5.29106e-13
          5.35217667e-13 5.35217667e-13 5.35217667e-13 5.35330667e-13 5.35330667e-13 5.35330667e-13 5.29154e-13 5.29154e-13 5.29154e-13
          5.47676667e-13 5.47676667e-13 5.47676667e-13 5.44288333e-13 5.44288333e-13 5.44288333e-13 5.45992667e-13 5.45992667e-13 5.45992667e-13
          5.43358333e-13 5.43358333e-13 5.43358333e-13 5.43586333e-13 5.43586333e-13 5.43586333e-13 5.46134333e-13 5.46134333e-13 5.46134333e-13
          5.64462e-13 5.64462e-13 5.64462e-13 5.60301667e-13 5.60301667e-13 5.60301667e-13 5.53034667e-13 5.53034667e-13 5.53034667e-13
          5.54139667e-13 5.54139667e-13 5.54139667e-13 5.49304667e-13 5.49304667e-13 5.49304667e-13 5.42268667e-13 5.42268667e-13 5.42268667e-13
          5.47879333e-13 5.47879333e-13 5.47879333e-13 5.60104333e-13 5.60104333e-13 5.60104333e-13 5.64551e-13 5.64551e-13 5.64551e-13
          5.49398333e-13 5.49398333e-13 5.49398333e-13 5.51392667e-13 5.51392667e-13 5.51392667e-13 5.40140333e-13 5.40140333e-13 5.40140333e-13
          5.40056667e-13 5.40056667e-13 5.40056667e-13 5.40070333e-13 5.40070333e-13 5.40070333e-13 5.54282e-13 5.54282e-13 5.54282e-13
          5.53079e-13 5.53079e-13 5.53079e-13 5.60338333e-13 5.60338333e-13 5.60338333e-13 5.6454e-13 5.6454e-13 5.6454e-13
          5.64745e-13 5.64745e-13 5.64745e-13 5.60320667e-13 5.60320667e-13 5.60320667e-13 5.78714333e-13 5.78714333e-13 5.78714333e-13
          5.74009e-13 5.74009e-13 5.74009e-13 5.52039667e-13 5.52039667e-13 5.52039667e-13 5.62959e-13 5.62959e-13 5.62959e-13
          5.68903667e-13 5.68903667e-13 5.68903667e-13 5.77073667e-13 5.77073667e-13 5.77073667e-13 5.72714e-13 5.72714e-13 5.72714e-13
          5.74208667e-13 5.74208667e-13 5.74208667e-13 5.78876667e-13 5.78876667e-13 5.78876667e-13 5.68999333e-13 5.68999333e-13 5.68999333e-13
          5.63003e-13 5.63003e-13 5.63003e-13 5.52066333e-13 5.52066333e-13 5.52066333e-13 5.72871e-13 5.72871e-13 5.72871e-13
          5.77245333e-13 5.77245333e-13 5.77245333e-13 5.64617e-13 5.64617e-13 5.64617e-13 5.61512333e-13 5.61512333e-13 5.61512333e-13
          5.46737e-13 5.46737e-13 5.46737e-13 5.51081e-13 5.51081e-13 5.51081e-13 5.51220667e-13 5.51220667e-13 5.51220667e-13
          5.46787667e-13 5.46787667e-13 5.46787667e-13
        </DataArray>
        <DataArray type="Float64" Name="Cp" format="ascii">
          0 0 0 0 0 0 0 0 0
          0 0 0 0 0 0 0 0 0
          0 0 0 0 0 0 0 0 0
          0 0 0 0 0 0 0 0 0
          0 0 0 0 0 0 0 0 0
          0 0 0 0 0 0 0 0 0
          0 0 0 0 0 0 0 0 0
          0 0 0 0 0 0 0 0 0
          0 0 0 0 0 0 0 0 0
          0 0 0 0 0 0 0 0 0
          0 0 0 0 0 0 0 0 0
          0 0 0 0 0 0 0 0 0
          0 0 0 0 0 0 0 0 0
          0 0 0 0 0 0 0 0 0
          0 0 0 0 0 0 0 0 0
          0 0 0 0 0 0 0 0 0
          0 0 0 0 0 0 0 0 0
          0 0 0 0 0 0 0 0 0
          0 0 0 0 0 0 0 0 0
          0 0 0 0 0 0 0 0 0
          0 0 0 0 0 0 0 0 0
          0 0 0 0 0 0 0 0 0
          0 0 0 0 0 0 0 0 0
          0 0 0 0 0 0 0 0 0
          0 0 0 0 0 0 0 0 0
          0 0 0 0 0 0 0 0 0
          0 0 0 0 0 0 0 0 0
          0 0 0 0 0 0 0 0 0
          0 0 0 0 0 0 0 0 0
          0 0 0 0 0 0 0 0 0
          0 0 0 0 0 0 0 0 0
          0 0 0 0 0 0 0 0 0
          0 0 0 0 0 0 0 0 0
          0 0 0 0 0 0 0 0 0
          0 0 0 0 0 0 0 0 0
          0 0 0 0 0 0 0 0 0
          0 0 0 0 0 0 0 0 0
          0 0 0 0 0 0 0 0 0
          0 0 0 0 0 0 0 0 0
          0 0 0 0 0 0 0 0 0
          0 0 0 0 0 0 0 0 0
          0 0 0 0 0 0 0 0 0
          0 0 0 0 0 0 0 0 0
          0 0 0 0 0 0 0 0 0
          0 0 0 0 0 0 0 0 0
          0 0 0 0 0 0 0 0 0
          0 0 0 0 0 0 0 0 0
          0 0 0 0 0 0 0 0 0
          0 0 0 0 0 0 0 0 0
          0 0 0 0 0 0 0 0 0
          0 0 0 0 0 0 0 0 0
          0 0 0 0 0 0 0 0 0
          0 0 0 0 0 0 0 0 0
          0 0 0 0 0 0 0 0 0
          0 0 0 0 0 0 0 0 0
          0 0 0 0 0 0 0 0 0
          0 0 0 0 0 0 0 0 0
          0 0 0 0 0 0 0 0 0
          0 0 0 0 0 0 0 0 0
          0 0 0 0 0 0 0 0 0
          0 0 0 0 0 0 0 0 0
          0 0 0 0 0 0 0 0 0
          0 0 0 0 0 0 0 0 0
          0 0 0 0 0 0 0 0 0
          0 0 0 0 0 0 0 0 0
          0 0 0 0 0 0 0 0 0
          0 0 0 0 0 0 0 0 0
          0 0 0 0 0 0 0 0 0
          0 0 0 0 0 0 0 0 0
          0 0 0 0 0 0 0 0 0
          0 0 0 0 0 0 0 0 0
          0 0 0 0 0 0 0 0 0
          0 0 0 0 0 0 0 0 0
          0 0 0 0 0 0 0 0 0
          0 0 0 0 0 0 0 0 0
          0 0 0 0 0 0 0 0 0
          0 0 0 0 0 0 0 0 0
          0 0 0 0 0 0 0 0 0
          0 0 0 0 0 0 0 0 0
          0 0 0 0 0 0 0 0 0
          0 0 0 0 0 0 0 0 0
          0 0 0 0 0 0 0 0 0
          0 0 0 0 0 0 0 0 0
          0 0 0 0 0 0 0 0 0
          0 0 0 0 0 0 0 0 0
          0 0 0 0 0 0 0 0 0
          0 0 0 0 0 0 0 0 0
          0 0 0 0 0 0 0 0 0
          0 0 0 0 0 0 0 0 0
          0 0 0 0 0 0 0 0 0
          0 0 0 0 0 0 0 0 0
          0 0 0 0 0 0 0 0 0
          0 0 0 0 0 0 0 0 0
          0 0 0 0 0 0 0 0 0
          0 0 0 0 0 0 0 0 0
          0 0 0 0 0 0 0 0 0
          0 0 0 0 0 0 0 0 0
          0 0 0 0 0 0 0 0 0
          0 0 0 0 0 0 0 0 0
          0 0 0 0 0 0 0 0 0
          0 0 0 0 0 0 0 0 0
          0 0 0 0 0 0 0 0 0
          0 0 0 0 0 0 0 0 0
          0 0 0 0 0 0 0 0 0
          0 0 0 0 0 0 0 0 0
          0 0 0 0 0 0 0 0 0
          0 0 0 0 0 0 0 0 0
          0 0 0 0 0 0 0 0 0
          0 0 0 0 0 0 0 0 0
          0 0 0 0 0 0 0 0 0
          0 0 0 0 0 0 0 0 0
          0 0 0 0 0 0 0 0 0
          0 0 0 0 0 0 0 0 0
          0 0 0 0 0 0 0 0 0
          0 0 0 0 0 0 0 0 0
          0 0 0 0 0 0 0 0 0
          0 0 0 0 0 0 0 0 0
          0 0 0 0 0 0 0 0 0
          0 0 0 0 0 0 0 0 0
          0 0 0 0 0 0 0 0 0
          0 0 0 0 0 0 0 0 0
          0 0 0 0 0 0 0 0 0
          0 0 0 0 0 0 0 0 0
          0 0 0 0 0 0 0 0 0
          0 0 0 0 0 0 0 0 0
          0 0 0 0 0 0 0 0 0
          0 0 0 0 0 0 0 0 0
          0 0 0 0 0 0 0 0 0
          0 0 0 0 0 0 0 0 0
          0 0 0 0 0 0 0 0 0
          0 0 0 0 0 0 0 0 0
          0 0 0 0 0 0 0 0 0
          0 0 0 0 0 0 0 0 0
          0 0 0 0 0 0 0 0 0
          0 0 0 0 0 0 0 0 0
          0 0 0 0 0 0 0 0 0
          0 0 0 0 0 0 0 0 0
          0 0 0 0 0 0 0 0 0
          0 0 0 0 0 0 0 0 0
          0 0 0 0 0 0 0 0 0
          0 0 0 0 0 0 0 0 0
          0 0 0 0 0 0 0 0 0
          0 0 0 0 0 0 0 0 0
          0 0 0 0 0 0 0 0 0
          0 0 0 0 0 0 0 0 0
          0 0 0 0 0 0 0 0 0
          0 0 0 0 0 0 0 0 0
          0 0 0 0 0 0 0 0 0
          0 0 0 0 0 0 0 0 0
          0 0 0 0 0 0 0 0 0
          0 0 0 0 0 0 0 0 0
          0 0 0 0 0 0 0 0 0
          0 0 0 0 0 0 0 0 0
          0 0 0 0 0 0 0 0 0
          0 0 0 0 0 0 0 0 0
          0 0 0 0 0 0 0 0 0
          0 0 0 0 0 0 0 0 0
          0 0 0 0 0 0 0 0 0
          0 0 0 0 0 0 0 0 0
          0 0 0 0 0 0 0 0 0
          0 0 0 0 0 0 0 0 0
          0 0 0 0 0 0 0 0 0
          0 0 0 0 0 0 0 0 0
          0 0 0 0 0 0 0 0 0
          0 0 0 0 0 0 0 0 0
          0 0 0 0 0 0 0 0 0
          0 0 0 0 0 0 0 0 0
          0 0 0 0 0 0 0 0 0
          0 0 0 0 0 0 0 0 0
          0 0 0 0 0 0 0 0 0
          0 0 0 0 0 0 0 0 0
          0 0 0 0 0 0 0 0 0
          0 0 0 0 0 0 0 0 0
          0 0 0 0 0 0 0 0 0
          0 0 0 0 0 0 0 0 0
          0 0 0 0 0 0 0 0 0
          0 0 0 0 0 0 0 0 0
          0 0 0 0 0 0 0 0 0
          0 0 0 0 0 0 0 0 0
          0 0 0 0 0 0 0 0 0
          0 0 0 0 0 0 0 0 0
          0 0 0 0 0 0 0 0 0
          0 0 0 0 0 0 0 0 0
          0 0 0 0 0 0 0 0 0
          0 0 0 0 0 0 0 0 0
          0 0 0 0 0 0 0 0 0
          0 0 0 0 0 0 0 0 0
          0 0 0 0 0 0 0 0 0
          0 0 0 0 0 0 0 0 0
          0 0 0 0 0 0 0 0 0
          0 0 0 0 0 0 0 0 0
          0 0 0 0 0 0 0 0 0
          0 0 0 0 0 0 0 0 0
          0 0 0 0 0 0 0 0 0
          0 0 0 0 0 0 0 0 0
          0 0 0 0 0 0 0 0 0
          0 0 0 0 0 0 0 0 0
          0 0 0 0 0 0 0 0 0
          0 0 0 0 0 0 0 0 0
          0 0 0 0 0 0 0 0 0
          0 0 0 0 0 0 0 0 0
          0 0 0 0 0 0 0 0 0
          0 0 0 0 0 0 0 0 0
          0 0 0 0 0 0 0 0 0
          0 0 0 0 0 0 0 0 0
          0 0 0 0 0 0 0 0 0
          0 0 0 0 0 0 0 0 0
          0 0 0 0 0 0 0 0 0
          0 0 0 0 0 0 0 0 0
          0 0 0 0 0 0 0 0 0
          0 0 0 0 0 0 0 0 0
          0 0 0 0 0 0 0 0 0
          0 0 0 0 0 0 0 0 0
          0 0 0 0 0 0 0 0 0
          0 0 0 0 0 0 0 0 0
          0 0 0 0 0 0 0 0 0
          0 0 0 0 0 0 0 0 0
          0 0 0 0 0 0 0 0 0
          0 0 0 0 0 0 0 0 0
          0 0 0 0 0 0 0 0 0
          0 0 0 0 0 0 0 0 0
          0 0 0 0 0 0 0 0 0
          0 0 0 0 0 0 0 0 0
          0 0 0 0 0 0 0 0 0
          0 0 0 0 0 0 0 0 0
          0 0 0 0 0 0 0 0 0
          0 0 0 0 0 0 0 0 0
          0 0 0 0 0 0 0 0 0
          0 0 0 0 0 0 0 0 0
          0 0 0 0 0 0 0 0 0
          0 0 0 0 0 0 0 0 0
          0 0 0 0 0 0 0 0 0
          0 0 0 0 0 0 0 0 0
          0 0 0 0 0 0 0 0 0
          0 0 0 0 0 0 0 0 0
          0 0 0 0 0 0 0 0 0
          0 0 0 0 0 0 0 0 0
          0 0 0 0 0 0 0 0 0
          0 0 0 0 0 0 0 0 0
          0 0 0 0 0 0 0 0 0
          0 0 0 0 0 0 0 0 0
          0 0 0 0 0 0 0 0 0
          0 0 0 0 0 0 0 0 0
          0 0 0 0 0 0 0 0 0
          0 0 0 0 0 0 0 0 0
          0 0 0 0 0 0 0 0 0
          0 0 0 0 0 0 0 0 0
          0 0 0 0 0 0 0 0 0
          0 0 0 0 0 0 0 0 0
          0 0 0 0 0 0 0 0 0
          0 0 0 0 0 0 0 0 0
          0 0 0 0 0 0 0 0 0
          0 0 0 0 0 0 0 0 0
          0 0 0 0 0 0 0 0 0
          0 0 0 0 0 0 0 0 0
          0 0 0 0 0 0 0 0 0
          0 0 0 0 0 0 0 0 0
          0 0 0 0 0 0 0 0 0
          0 0 0 0 0 0 0 0 0
          0 0 0 0 0 0 0 0 0
          0 0 0 0 0 0 0 0 0
          0 0 0 0 0 0 0 0 0
          0 0 0 0 0 0 0 0 0
          0 0 0 0 0 0 0 0 0
          0 0 0 0 0 0 0 0 0
          0 0 0 0 0 0 0 0 0
          0 0 0 0 0 0 0 0 0
          0 0 0 0 0 0 0 0 0
          0 0 0 0 0 0 0 0 0
          0 0 0 0 0 0 0 0 0
          0 0 0 0 0 0 0 0 0
          0 0 0 0 0 0 0 0 0
          0 0 0 0 0 0 0 0 0
          0 0 0 0 0 0 0 0 0
          0 0 0 0 0 0 0 0 0
          0 0 0 0 0 0 0 0 0
          0 0 0 0 0 0 0 0 0
          0 0 0 0 0 0 0 0 0
          0 0 0 0 0 0 0 0 0
          0 0 0 0 0 0 0 0 0
          0 0 0 0 0 0 0 0 0
          0 0 0 0 0 0 0 0 0
          0 0 0 0 0 0 0 0 0
          0 0 0 0 0 0 0 0 0
          0 0 0 0 0 0 0 0 0
          0 0 0 0 0 0 0 0 0
          0 0 0 0 0 0 0 0 0
          0 0 0 0 0 0 0 0 0
          0 0 0 0 0 0 0 0 0
          0 0 0 0 0 0 0 0 0
          0 0 0 0 0 0 0 0 0
          0 0 0 0 0 0 0 0 0
          0 0 0 0 0 0 0 0 0
          0 0 0 0 0 0 0 0 0
          0 0 0 0 0 0 0 0 0
          0 0 0 0 0 0 0 0 0
          0 0 0 0 0 0 0 0 0
          0 0 0 0 0 0 0 0 0
          0 0 0 0 0 0 0 0 0
          0 0 0 0 0 0 0 0 0
          0 0 0 0 0 0 0 0 0
          0 0 0 0 0 0 0 0 0
          0 0 0 0 0 0 0 0 0
          0 0 0 0 0 0 0 0 0
          0 0 0 0 0 0 0 0 0
          0 0 0 0 0 0 0 0 0
          0 0 0 0 0 0 0 0 0
          0 0 0 0 0 0 0 0 0
          0 0 0 0 0 0 0 0 0
          0 0 0 0 0 0 0 0 0
          0 0 0 0 0 0 0 0 0
          0 0 0 0 0 0 0 0 0
          0 0 0 0 0 0 0 0 0
          0 0 0 0 0 0 0 0 0
          0 0 0 0 0 0 0 0 0
          0 0 0 0 0 0 0 0 0
          0 0 0 0 0 0 0 0 0
          0 0 0 0 0 0 0 0 0
          0 0 0 0 0 0 0 0 0
          0 0 0 0 0 0 0 0 0
          0 0 0 0 0 0 0 0 0
          0 0 0 0 0 0 0 0 0
          0 0 0 0 0 0 0 0 0
          0 0 0 0 0 0 0 0 0
          0 0 0 0 0 0 0 0 0
          0 0 0 0 0 0 0 0 0
          0 0 0 0 0 0 0 0 0
          0 0 0 0 0 0 0 0 0
          0 0 0 0 0 0 0 0 0
          0 0 0 0 0 0 0 0 0
          0 0 0 0 0 0 0 0 0
          0 0 0 0 0 0 0 0 0
          0 0 0 0 0 0 0 0 0
          0 0 0 0 0 0 0 0 0
          0 0 0 0 0 0 0 0 0
          0 0 0 0 0 0 0 0 0
          0 0 0 0 0 0 0 0 0
          0 0 0 0 0 0 0 0 0
          0 0 0 0 0 0 0 0 0
          0 0 0 0 0 0 0 0 0
          0 0 0 0 0 0 0 0 0
          0 0 0 0 0 0 0 0 0
          0 0 0 0 0 0 0 0 0
          0 0 0 0 0 0 0 0 0
          0 0 0 0 0 0 0 0 0
          0 0 0 0 0 0 0 0 0
          0 0 0 0 0 0 0 0 0
          0 0 0 0 0 0 0 0 0
          0 0 0 0 0 0 0 0 0
          0 0 0 0 0 0 0 0 0
          0 0 0 0 0 0 0 0 0
          0 0 0 0 0 0 0 0 0
          0 0 0 0 0 0 0 0 0
          0 0 0 0 0 0 0 0 0
          0 0 0 0 0 0 0 0 0
          0 0 0 0 0 0 0 0 0
          0 0 0 0 0 0 0 0 0
          0 0 0 0 0 0 0 0 0
          0 0 0 0 0 0 0 0 0
          0 0 0 0 0 0 0 0 0
          0 0 0 0 0 0 0 0 0
          0 0 0 0 0 0 0 0 0
          0 0 0 0 0 0 0 0 0
          0 0 0 0 0 0 0 0 0
          0 0 0 0 0 0 0 0 0
          0 0 0 0 0 0 0 0 0
          0 0 0 0 0 0 0 0 0
          0 0 0 0 0 0 0 0 0
          0 0 0 0 0 0 0 0 0
          0 0 0 0 0 0 0 0 0
          0 0 0 0 0 0 0 0 0
          0 0 0 0 0 0 0 0 0
          0 0 0 0 0 0 0 0 0
          0 0 0 0 0 0 0 0 0
          0 0 0 0 0 0 0 0 0
          0 0 0 0 0 0 0 0 0
          0 0 0 0 0 0 0 0 0
          0 0 0 0 0 0 0 0 0
          0 0 0 0 0 0 0 0 0
          0 0 0 0 0 0 0 0 0
          0 0 0 0 0 0 0 0 0
          0 0 0 0 0 0 0 0 0
          0 0 0 0 0 0 0 0 0
          0 0 0 0 0 0 0 0 0
          0 0 0 0 0 0 0 0 0
          0 0 0 0 0 0 0 0 0
          0 0 0 0 0 0 0 0 0
          0 0 0 0 0 0 0 0 0
          0 0 0 0 0 0 0 0 0
          0 0 0 0 0 0 0 0 0
          0 0 0 0 0 0 0 0 0
          0 0 0 0 0 0 0 0 0
          0 0 0 0 0 0 0 0 0
          0 0 0 0 0 0 0 0 0
          0 0 0 0 0 0 0 0 0
          0 0 0 0 0 0 0 0 0
          0 0 0 0 0 0 0 0 0
          0 0 0 0 0 0 0 0 0
          0 0 0 0 0 0 0 0 0
          0 0 0 0 0 0 0 0 0
          0 0 0 0 0 0 0 0 0
          0 0 0 0 0 0 0 0 0
          0 0 0 0 0 0 0 0 0
          0 0 0 0 0 0 0 0 0
          0 0 0 0 0 0 0 0 0
          0 0 0 0 0 0 0 0 0
          0 0 0 0 0 0 0 0 0
          0 0 0 0 0 0 0 0 0
          0 0 0 0 0 0 0 0 0
          0 0 0 0 0 0 0 0 0
          0 0 0 0 0 0 0 0 0
          0 0 0 0 0 0 0 0 0
          0 0 0 0 0 0 0 0 0
          0 0 0 0 0 0 0 0 0
          0 0 0 0 0 0 0 0 0
          0 0 0 0 0 0 0 0 0
          0 0 0 0 0 0 0 0 0
          0 0 0 0 0 0 0 0 0
          0 0 0 0 0 0 0 0 0
          0 0 0 0 0 0 0 0 0
          0 0 0 0 0 0 0 0 0
          0 0 0 0 0 0 0 0 0
          0 0 0 0 0 0 0 0 0
          0 0 0 0 0 0 0 0 0
          0 0 0 0 0 0 0 0 0
          0 0 0 0 0 0 0 0 0
          0 0 0 0 0 0 0 0 0
          0 0 0 0 0 0 0 0 0
          0 0 0 0 0 0 0 0 0
          0 0 0 0 0 0 0 0 0
          0 0 0 0 0 0 0 0 0
          0 0 0 0 0 0 0 0 0
          0 0 0 0 0 0 0 0 0
          0 0 0 0 0 0 0 0 0
          0 0 0 0 0 0 0 0 0
          0 0 0 0 0 0 0 0 0
          0 0 0 0 0 0 0 0 0
          0 0 0 0 0 0 0 0 0
          0 0 0 0 0 0 0 0 0
          0 0 0 0 0 0 0 0 0
          0 0 0 0 0 0 0 0 0
          0 0 0 0 0 0 0 0 0
          0 0 0 0 0 0 0 0 0
          0 0 0 0 0 0 0 0 0
          0 0 0 0 0 0 0 0 0
          0 0 0 0 0 0 0 0 0
          0 0 0 0 0 0 0 0 0
          0 0 0 0 0 0 0 0 0
          0 0 0 0 0 0 0 0 0
          0 0 0 0 0 0 0 0 0
          0 0 0 0 0 0 0 0 0
          0 0 0 0 0 0 0 0 0
          0 0 0 0 0 0 0 0 0
          0 0 0 0 0 0 0 0 0
          0 0 0 0 0 0 0 0 0
          0 0 0 0 0 0 0 0 0
          0 0 0 0 0 0 0 0 0
          0 0 0 0 0 0 0 0 0
          0 0 0 0 0 0 0 0 0
          0 0 0 0 0 0 0 0 0
          0 0 0 0 0 0 0 0 0
          0 0 0 0 0 0 0 0 0
          0 0 0 0 0 0 0 0 0
          0 0 0 0 0 0 0 0 0
          0 0 0 0 0 0 0 0 0
          0 0 0 0 0 0 0 0 0
          0 0 0 0 0 0 0 0 0
          0 0 0 0 0 0 0 0 0
          0 0 0 0 0 0 0 0 0
          0 0 0 0 0 0 0 0 0
          0 0 0 0 0 0 0 0 0
          0 0 0 0 0 0 0 0 0
          0 0 0 0 0 0 0 0 0
          0 0 0 0 0 0 0 0 0
          0 0 0 0 0 0 0 0 0
          0 0 0 0 0 0 0 0 0
          0 0 0 0 0 0 0 0 0
          0 0 0 0 0 0 0 0 0
          0 0 0 0 0 0 0 0 0
          0 0 0 0 0 0 0 0 0
          0 0 0 0 0 0 0 0 0
          0 0 0 0 0 0 0 0 0
          0 0 0 0 0 0 0 0 0
          0 0 0 0 0 0 0 0 0
          0 0 0 0 0 0 0 0 0
          0 0 0 0 0 0 0 0 0
          0 0 0 0 0 0 0 0 0
          0 0 0 0 0 0 0 0 0
          0 0 0 0 0 0 0 0 0
          0 0 0 0 0 0 0 0 0
          0 0 0 0 0 0 0 0 0
          0 0 0 0 0 0 0 0 0
          0 0 0 0 0 0 0 0 0
          0 0 0 0 0 0 0 0 0
          0 0 0 0 0 0 0 0 0
          0 0 0 0 0 0 0 0 0
          0 0 0 0 0 0 0 0 0
          0 0 0 0 0 0 0 0 0
          0 0 0 0 0 0 0 0 0
          0 0 0 0 0 0 0 0 0
          0 0 0 0 0 0 0 0 0
          0 0 0 0 0 0 0 0 0
          0 0 0 0 0 0 0 0 0
          0 0 0 0 0 0 0 0 0
          0 0 0 0 0 0 0 0 0
          0 0 0 0 0 0 0 0 0
          0 0 0 0 0 0 0 0 0
          0 0 0 0 0 0 0 0 0
          0 0 0 0 0 0 0 0 0
          0 0 0 0 0 0 0 0 0
          0 0 0 0 0 0 0 0 0
          0 0 0 0 0 0 0 0 0
          0 0 0 0 0 0 0 0 0
          0 0 0 0 0 0 0 0 0
          0 0 0 0 0 0 0 0 0
          0 0 0 0 0 0 0 0 0
          0 0 0 0 0 0 0 0 0
          0 0 0 0 0 0 0 0 0
          0 0 0 0 0 0 0 0 0
          0 0 0 0 0 0 0 0 0
          0 0 0 0 0 0 0 0 0
          0 0 0 0 0 0 0 0 0
          0 0 0 0 0 0 0 0 0
          0 0 0 0 0 0 0 0 0
          0 0 0 0 0 0 0 0 0
          0 0 0 0 0 0 0 0 0
          0 0 0 0 0 0 0 0 0
          0 0 0 0 0 0 0 0 0
          0 0 0 0 0 0 0 0 0
          0 0 0 0 0 0 0 0 0
          0 0 0 0 0 0 0 0 0
          0 0 0 0 0 0 0 0 0
          0 0 0 0 0 0 0 0 0
          0 0 0 0 0 0 0 0 0
          0 0 0 0 0 0 0 0 0
          0 0 0 0 0 0 0 0 0
          0 0 0 0 0 0 0 0 0
          0 0 0 0 0 0 0 0 0
          0 0 0 0 0 0 0 0 0
          0 0 0 0 0 0 0 0 0
          0 0 0 0 0 0 0 0 0
          0 0 0 0 0 0 0 0 0
          0 0 0 0 0 0 0 0 0
          0 0 0 0 0 0 0 0 0
          0 0 0 0 0 0 0 0 0
          0 0 0 0 0 0 0 0 0
          0 0 0 0 0 0 0 0 0
          0 0 0 0 0 0 0 0 0
          0 0 0 0 0 0 0 0 0
          0 0 0 0 0 0 0 0 0
          0 0 0 0 0 0 0 0 0
          0 0 0 0 0 0 0 0 0
          0 0 0 0 0 0 0 0 0
          0 0 0 0 0 0 0 0 0
          0 0 0 0 0 0 0 0 0
          0 0 0 0 0 0 0 0 0
          0 0 0 0 0 0 0 0 0
          0 0 0 0 0 0 0 0 0
          0 0 0 0 0 0 0 0 0
          0 0 0 0 0 0 0 0 0
          0 0 0 0 0 0 0 0 0
          0 0 0 0 0 0 0 0 0
          0 0 0 0 0 0 0 0 0
          0 0 0 0 0 0 0 0 0
          0 0 0 0 0 0 0 0 0
          0 0 0 0 0 0 0 0 0
          0 0 0 0 0 0 0 0 0
          0 0 0 0 0 0 0 0 0
          0 0 0 0 0 0 0 0 0
          0 0 0 0 0 0 0 0 0
          0 0 0 0 0 0 0 0 0
          0 0 0 0 0 0 0 0 0
          0 0 0 0 0 0 0 0 0
          0 0 0 0 0 0 0 0 0
          0 0 0 0 0 0 0 0 0
          0 0 0 0 0 0 0 0 0
          0 0 0 0 0 0 0 0 0
          0 0 0 0 0 0 0 0 0
          0 0 0 0 0 0 0 0 0
          0 0 0 0 0 0 0 0 0
          0 0 0 0 0 0 0 0 0
          0 0 0 0 0 0 0 0 0
          0 0 0 0 0 0 0 0 0
          0 0 0 0 0 0 0 0 0
          0 0 0 0 0 0 0 0 0
          0 0 0 0 0 0 0 0 0
          0 0 0 0 0 0 0 0 0
          0 0 0 0 0 0 0 0 0
          0 0 0 0 0 0 0 0 0
          0 0 0 0 0 0 0 0 0
          0 0 0 0 0 0 0 0 0
          0 0 0 0 0 0 0 0 0
          0 0 0 0 0 0 0 0 0
          0 0 0 0 0 0 0 0 0
          0 0 0 0 0 0 0 0 0
          0 0 0 0 0 0 0 0 0
          0 0 0 0 0 0 0 0 0
          0 0 0 0 0 0 0 0 0
          0 0 0 0 0 0 0 0 0
          0 0 0 0 0 0 0 0 0
          0 0 0 0 0 0 0 0 0
          0 0 0 0 0 0 0 0 0
          0 0 0 0 0 0 0 0 0
          0 0 0 0 0 0 0 0 0
          0 0 0 0 0 0 0 0 0
          0 0 0 0 0 0 0 0 0
          0 0 0 0 0 0 0 0 0
          0 0 0 0 0 0 0 0 0
          0 0 0 0 0 0 0 0 0
          0 0 0 0 0 0 0 0 0
          0 0 0 0 0 0 0 0 0
          0 0 0 0 0 0 0 0 0
          0 0 0 0 0 0 0 0 0
          0 0 0 0 0 0 0 0 0
          0 0 0 0 0 0 0 0 0
          0 0 0 0 0 0 0 0 0
          0 0 0 0 0 0 0 0 0
          0 0 0 0 0 0 0 0 0
          0 0 0 0 0 0 0 0 0
          0 0 0 0 0 0 0 0 0
          0 0 0 0 0 0 0 0 0
          0 0 0 0 0 0 0 0 0
          0 0 0 0 0 0 0 0 0
          0 0 0 0 0 0 0 0 0
          0 0 0 0 0 0 0 0 0
          0 0 0 0 0 0 0 0 0
          0 0 0 0 0 0 0 0 0
          0 0 0 0 0 0 0 0 0
          0 0 0 0 0 0 0 0 0
          0 0 0 0 0 0 0 0 0
          0 0 0 0 0 0 0 0 0
          0 0 0 0 0 0 0 0 0
          0 0 0 0 0 0 0 0 0
          0 0 0 0 0 0 0 0 0
          0 0 0 0 0 0 0 0 0
          0 0 0 0 0 0 0 0 0
          0 0 0 0 0 0 0 0 0
          0 0 0 0 0 0 0 0 0
          0 0 0 0 0 0 0 0 0
          0 0 0 0 0 0 0 0 0
          0 0 0 0 0 0 0 0 0
          0 0 0 0 0 0 0 0 0
          0 0 0 0 0 0 0 0 0
          0 0 0 0 0 0 0 0 0
          0 0 0 0 0 0 0 0 0
          0 0 0 0 0 0 0 0 0
          0 0 0 0 0 0 0 0 0
          0 0 0 0 0 0 0 0 0
          0 0 0 0 0 0 0 0 0
          0 0 0 0 0 0 0 0 0
          0 0 0 0 0 0 0 0 0
          0 0 0 0 0 0 0 0 0
          0 0 0 0 0 0 0 0 0
          0 0 0 0 0 0 0 0 0
          0 0 0 0 0 0 0 0 0
          0 0 0 0 0 0 0 0 0
          0 0 0 0 0 0 0 0 0
          0 0 0 0 0 0 0 0 0
          0 0 0 0 0 0 0 0 0
          0 0 0 0 0 0 0 0 0
          0 0 0 0 0 0 0 0 0
          0 0 0 0 0 0 0 0 0
          0 0 0 0 0 0 0 0 0
          0 0 0 0 0 0 0 0 0
          0 0 0 0 0 0 0 0 0
          0 0 0 0 0 0 0 0 0
          0 0 0 0 0 0 0 0 0
          0 0 0 0 0 0 0 0 0
          0 0 0 0 0 0 0 0 0
          0 0 0 0 0 0 0 0 0
          0 0 0 0 0 0 0 0 0
          0 0 0 0 0 0 0 0 0
          0 0 0 0 0 0 0 0 0
          0 0 0 0 0 0 0 0 0
          0 0 0 0 0 0 0 0 0
          0 0 0 0 0 0 0 0 0
          0 0 0 0 0 0 0 0 0
          0 0 0 0 0 0 0 0 0
          0 0 0 0 0 0 0 0 0
          0 0 0 0 0 0 0 0 0
          0 0 0 0 0 0 0 0 0
          0 0 0 0 0 0 0 0 0
          0 0 0 0 0 0 0 0 0
          0 0 0 0 0 0 0 0 0
          0 0 0 0 0 0 0 0 0
          0 0 0 0 0 0 0 0 0
          0 0 0 0 0 0 0 0 0
          0 0 0 0 0 0 0 0 0
          0 0 0 0 0 0 0 0 0
          0 0 0 0 0 0 0 0 0
          0 0 0 0 0 0 0 0 0
          0 0 0 0 0 0 0 0 0
          0 0 0 0 0 0 0 0 0
          0 0 0 0 0 0 0 0 0
          0 0 0 0 0 0 0 0 0
          0 0 0 0 0 0 0 0 0
          0 0 0 0 0 0 0 0 0
          0 0 0 0 0 0 0 0 0
          0 0 0 0 0 0 0 0 0
          0 0 0 0 0 0 0 0 0
          0 0 0 0 0 0 0 0 0
          0 0 0 0 0 0 0 0 0
          0 0 0 0 0 0 0 0 0
          0 0 0 0 0 0 0 0 0
          0 0 0 0 0 0 0 0 0
          0 0 0 0 0 0 0 0 0
          0 0 0 0 0 0 0 0 0
          0 0 0 0 0 0 0 0 0
          0 0 0 0 0 0 0 0 0
          0 0 0 0 0 0 0 0 0
          0 0 0 0 0 0 0 0 0
          0 0 0 0 0 0 0 0 0
          0 0 0 0 0 0 0 0 0
          0 0 0 0 0 0 0 0 0
          0 0 0 0 0 0 0 0 0
          0 0 0 0 0 0 0 0 0
          0 0 0 0 0 0 0 0 0
          0 0 0 0 0 0 0 0 0
          0 0 0 0 0 0 0 0 0
          0 0 0 0 0 0 0 0 0
          0 0 0 0 0 0 0 0 0
          0 0 0 0 0 0 0 0 0
          0 0 0 0 0 0 0 0 0
          0 0 0 0 0 0 0 0 0
          0 0 0 0 0 0 0 0 0
          0 0 0 0 0 0 0 0 0
          0 0 0 0 0 0 0 0 0
          0 0 0 0 0 0 0 0 0
          0 0 0 0 0 0 0 0 0
          0 0 0 0 0 0 0 0 0
          0 0 0 0 0 0 0 0 0
          0 0 0 0 0 0 0 0 0
          0 0 0 0 0 0 0 0 0
          0 0 0 0 0 0 0 0 0
          0 0 0 0 0 0 0 0 0
          0 0 0 0 0 0 0 0 0
          0 0 0 0 0 0 0 0 0
          0 0 0 0 0 0 0 0 0
          0 0 0 0 0 0 0 0 0
          0 0 0 0 0 0 0 0 0
          0 0 0 0 0 0 0 0 0
          0 0 0 0 0 0 0 0 0
          0 0 0 0 0 0 0 0 0
          0 0 0 0 0 0 0 0 0
          0 0 0 0 0 0 0 0 0
          0 0 0 0 0 0 0 0 0
          0 0 0 0 0 0 0 0 0
          0 0 0 0 0 0 0 0 0
          0 0 0 0 0 0 0 0 0
          0 0 0 0 0 0 0 0 0
          0 0 0 0 0 0 0 0 0
          0 0 0 0 0 0 0 0 0
          0 0 0 0 0 0 0 0 0
          0 0 0 0 0 0 0 0 0
          0 0 0 0 0 0 0 0 0
          0 0 0 0 0 0 0 0 0
          0 0 0 0 0 0 0 0 0
          0 0 0 0 0 0 0 0 0
          0 0 0 0 0 0 0 0 0
          0 0 0 0 0 0 0 0 0
          0 0 0 0 0 0 0 0 0
          0 0 0 0 0 0 0 0 0
          0 0 0 0 0 0 0 0 0
          0 0 0 0 0 0 0 0 0
          0 0 0 0 0 0 0 0 0
          0 0 0 0 0 0 0 0 0
          0 0 0 0 0 0 0 0 0
          0 0 0 0 0 0 0 0 0
          0 0 0 0 0 0 0 0 0
          0 0 0 0 0 0 0 0 0
          0 0 0 0 0 0 0 0 0
          0 0 0 0 0 0 0 0 0
          0 0 0 0 0 0 0 0 0
          0 0 0 0 0 0 0 0 0
          0 0 0 0 0 0 0 0 0
          0 0 0 0 0 0 0 0 0
          0 0 0 0 0 0 0 0 0
          0 0 0 0 0 0 0 0 0
          0 0 0 0 0 0 0 0 0
          0 0 0 0 0 0 0 0 0
          0 0 0 0 0 0 0 0 0
          0 0 0 0 0 0 0 0 0
          0 0 0 0 0 0 0 0 0
          0 0 0 0 0 0 0 0 0
          0 0 0 0 0 0 0 0 0
          0 0 0 0 0 0 0 0 0
          0 0 0 0 0 0 0 0 0
          0 0 0 0 0 0 0 0 0
          0 0 0 0 0 0 0 0 0
          0 0 0 0 0 0 0 0 0
          0 0 0 0 0 0 0 0 0
          0 0 0 0 0 0 0 0 0
          0 0 0 0 0 0 0 0 0
          0 0 0 0 0 0 0 0 0
          0 0 0 0 0 0 0 0 0
          0 0 0 0 0 0 0 0 0
          0 0 0 0 0 0 0 0 0
          0 0 0 0 0 0 0 0 0
          0 0 0 0 0 0 0 0 0
          0 0 0 0 0 0 0 0 0
          0 0 0 0 0 0 0 0 0
          0 0 0 0 0 0 0 0 0
          0 0 0 0 0 0 0 0 0
          0 0 0 0 0 0 0 0 0
          0 0 0 0 0 0 0 0 0
          0 0 0 0 0 0 0 0 0
          0 0 0 0 0 0 0 0 0
          0 0 0 0 0 0 0 0 0
          0 0 0 0 0 0 0 0 0
          0 0 0 0 0 0 0 0 0
          0 0 0 0 0 0 0 0 0
          0 0 0 0 0 0 0 0 0
          0 0 0 0 0 0 0 0 0
          0 0 0 0 0 0 0 0 0
          0 0 0 0 0 0 0 0 0
          0 0 0 0 0 0 0 0 0
          0 0 0 0 0 0 0 0 0
          0 0 0 0 0 0 0 0 0
          0 0 0 0 0 0 0 0 0
          0 0 0 0 0 0 0 0 0
          0 0 0 0 0 0 0 0 0
          0 0 0 0 0 0 0 0 0
          0 0 0 0 0 0 0 0 0
          0 0 0 0 0 0 0 0 0
          0 0 0 0 0 0 0 0 0
          0 0 0 0 0 0 0 0 0
          0 0 0 0 0 0 0 0 0
          0 0 0 0 0 0 0 0 0
          0 0 0 0 0 0 0 0 0
          0 0 0 0 0 0 0 0 0
          0 0 0 0 0 0 0 0 0
          0 0 0 0 0 0 0 0 0
          0 0 0 0 0 0 0 0 0
          0 0 0 0 0 0 0 0 0
          0 0 0 0 0 0 0 0 0
          0 0 0 0 0 0 0 0 0
          0 0 0 0 0 0 0 0 0
          0 0 0 0 0 0 0 0 0
          0 0 0 0 0 0 0 0 0
          0 0 0 0 0 0 0 0 0
          0 0 0 0 0 0 0 0 0
          0 0 0 0 0 0 0 0 0
          0 0 0 0 0 0 0 0 0
          0 0 0 0 0 0 0 0 0
          0 0 0 0 0 0 0 0 0
          0 0 0 0 0 0 0 0 0
          0 0 0 0 0 0 0 0 0
          0 0 0 0 0 0 0 0 0
          0 0 0 0 0 0 0 0 0
          0 0 0 0 0 0 0 0 0
          0 0 0 0 0 0 0 0 0
          0 0 0 0 0 0 0 0 0
          0 0 0 0 0 0 0 0 0
          0 0 0 0 0 0 0 0 0
          0 0 0 0 0 0 0 0 0
          0 0 0 0 0 0 0 0 0
          0 0 0 0 0 0 0 0 0
          0 0 0 0 0 0 0 0 0
          0 0 0 0 0 0 0 0 0
          0 0 0 0 0 0 0 0 0
          0 0 0 0 0 0 0 0 0
          0 0 0 0 0 0 0 0 0
          0 0 0 0 0 0 0 0 0
          0 0 0 0 0 0 0 0 0
          0 0 0 0 0 0 0 0 0
          0 0 0 0 0 0 0 0 0
          0 0 0 0 0 0 0 0 0
          0 0 0 0 0 0 0 0 0
          0 0 0 0 0 0 0 0 0
          0 0 0 0 0 0 0 0 0
          0 0 0 0 0 0 0 0 0
          0 0 0 0 0 0 0 0 0
          0 0 0 0 0 0 0 0 0
          0 0 0 0 0 0 0 0 0
          0 0 0 0 0 0 0 0 0
          0 0 0 0 0 0 0 0 0
          0 0 0 0 0 0 0 0 0
          0 0 0 0 0 0 0 0 0
          0 0 0 0 0 0 0 0 0
          0 0 0 0 0 0 0 0 0
          0 0 0 0 0 0 0 0 0
          0 0 0 0 0 0 0 0 0
          0 0 0 0 0 0 0 0 0
          0 0 0 0 0 0 0 0 0
          0 0 0 0 0 0 0 0 0
          0 0 0 0 0 0 0 0 0
          0 0 0 0 0 0 0 0 0
          0 0 0 0 0 0 0 0 0
          0 0 0 0 0 0 0 0 0
          0 0 0 0 0 0 0 0 0
          0 0 0 0 0 0 0 0 0
          0 0 0 0 0 0 0 0 0
          0 0 0 0 0 0 0 0 0
          0 0 0 0 0 0 0 0 0
          0 0 0 0 0 0 0 0 0
          0 0 0 0 0 0 0 0 0
          0 0 0 0 0 0 0 0 0
          0 0 0 0 0 0 0 0 0
          0 0 0 0 0 0 0 0 0
          0 0 0 0 0 0 0 0 0
          0 0 0 0 0 0 0 0 0
          0 0 0 0 0 0 0 0 0
          0 0 0 0 0 0 0 0 0
          0 0 0 0 0 0 0 0 0
          0 0 0 0 0 0 0 0 0
          0 0 0 0 0 0 0 0 0
          0 0 0 0 0 0 0 0 0
          0 0 0 0 0 0 0 0 0
          0 0 0 0 0 0 0 0 0
          0 0 0 0 0 0 0 0 0
          0 0 0 0 0 0 0 0 0
          0 0 0 0 0 0 0 0 0
          0 0 0 0 0 0 0 0 0
          0 0 0 0 0 0 0 0 0
          0 0 0 0 0 0 0 0 0
          0 0 0 0 0 0 0 0 0
          0 0 0 0 0 0 0 0 0
          0 0 0 0 0 0 0 0 0
          0 0 0 0 0 0 0 0 0
          0 0 0 0 0 0 0 0 0
          0 0 0 0 0 0 0 0 0
          0 0 0 0 0 0 0 0 0
          0 0 0 0 0 0 0 0 0
          0 0 0 0 0 0 0 0 0
          0 0 0 0 0 0 0 0 0
          0 0 0 0 0 0 0 0 0
          0 0 0 0 0 0 0 0 0
          0 0 0 0 0 0 0 0 0
          0 0 0 0 0 0 0 0 0
          0 0 0 0 0 0 0 0 0
          0 0 0 0 0 0 0 0 0
          0 0 0 0 0 0 0 0 0
          0 0 0 0 0 0 0 0 0
          0 0 0 0 0 0 0 0 0
          0 0 0 0 0 0 0 0 0
          0 0 0 0 0 0 0 0 0
          0 0 0 0 0 0 0 0 0
          0 0 0 0 0 0 0 0 0
          0 0 0 0 0 0 0 0 0
          0 0 0 0 0 0 0 0 0
          0 0 0 0 0 0 0 0 0
          0 0 0 0 0 0 0 0 0
          0 0 0 0 0 0 0 0 0
          0 0 0 0 0 0 0 0 0
          0 0 0 0 0 0 0 0 0
          0 0 0 0 0 0 0 0 0
          0 0 0 0 0 0 0 0 0
          0 0 0 0 0 0 0 0 0
          0 0 0 0 0 0 0 0 0
          0 0 0 0 0 0 0 0 0
          0 0 0 0 0 0 0 0 0
          0 0 0
        </DataArray>
        <DataArray type="Float64" Name="pPa" format="ascii">
          0 0 0 0 0 0 0 0 0
          0 0 0 0 0 0 0 0 0
          0 0 0 0 0 0 0 0 0
          0 0 0 0 0 0 0 0 0
          0 0 0 0 0 0 0 0 0
          0 0 0 0 0 0 0 0 0
          0 0 0 0 0 0 0 0 0
          0 0 0 0 0 0 0 0 0
          0 0 0 0 0 0 0 0 0
          0 0 0 0 0 0 0 0 0
          0 0 0 0 0 0 0 0 0
          0 0 0 0 0 0 0 0 0
          0 0 0 0 0 0 0 0 0
          0 0 0 0 0 0 0 0 0
          0 0 0 0 0 0 0 0 0
          0 0 0 0 0 0 0 0 0
          0 0 0 0 0 0 0 0 0
          0 0 0 0 0 0 0 0 0
          0 0 0 0 0 0 0 0 0
          0 0 0 0 0 0 0 0 0
          0 0 0 0 0 0 0 0 0
          0 0 0 0 0 0 0 0 0
          0 0 0 0 0 0 0 0 0
          0 0 0 0 0 0 0 0 0
          0 0 0 0 0 0 0 0 0
          0 0 0 0 0 0 0 0 0
          0 0 0 0 0 0 0 0 0
          0 0 0 0 0 0 0 0 0
          0 0 0 0 0 0 0 0 0
          0 0 0 0 0 0 0 0 0
          0 0 0 0 0 0 0 0 0
          0 0 0 0 0 0 0 0 0
          0 0 0 0 0 0 0 0 0
          0 0 0 0 0 0 0 0 0
          0 0 0 0 0 0 0 0 0
          0 0 0 0 0 0 0 0 0
          0 0 0 0 0 0 0 0 0
          0 0 0 0 0 0 0 0 0
          0 0 0 0 0 0 0 0 0
          0 0 0 0 0 0 0 0 0
          0 0 0 0 0 0 0 0 0
          0 0 0 0 0 0 0 0 0
          0 0 0 0 0 0 0 0 0
          0 0 0 0 0 0 0 0 0
          0 0 0 0 0 0 0 0 0
          0 0 0 0 0 0 0 0 0
          0 0 0 0 0 0 0 0 0
          0 0 0 0 0 0 0 0 0
          0 0 0 0 0 0 0 0 0
          0 0 0 0 0 0 0 0 0
          0 0 0 0 0 0 0 0 0
          0 0 0 0 0 0 0 0 0
          0 0 0 0 0 0 0 0 0
          0 0 0 0 0 0 0 0 0
          0 0 0 0 0 0 0 0 0
          0 0 0 0 0 0 0 0 0
          0 0 0 0 0 0 0 0 0
          0 0 0 0 0 0 0 0 0
          0 0 0 0 0 0 0 0 0
          0 0 0 0 0 0 0 0 0
          0 0 0 0 0 0 0 0 0
          0 0 0 0 0 0 0 0 0
          0 0 0 0 0 0 0 0 0
          0 0 0 0 0 0 0 0 0
          0 0 0 0 0 0 0 0 0
          0 0 0 0 0 0 0 0 0
          0 0 0 0 0 0 0 0 0
          0 0 0 0 0 0 0 0 0
          0 0 0 0 0 0 0 0 0
          0 0 0 0 0 0 0 0 0
          0 0 0 0 0 0 0 0 0
          0 0 0 0 0 0 0 0 0
          0 0 0 0 0 0 0 0 0
          0 0 0 0 0 0 0 0 0
          0 0 0 0 0 0 0 0 0
          0 0 0 0 0 0 0 0 0
          0 0 0 0 0 0 0 0 0
          0 0 0 0 0 0 0 0 0
          0 0 0 0 0 0 0 0 0
          0 0 0 0 0 0 0 0 0
          0 0 0 0 0 0 0 0 0
          0 0 0 0 0 0 0 0 0
          0 0 0 0 0 0 0 0 0
          0 0 0 0 0 0 0 0 0
          0 0 0 0 0 0 0 0 0
          0 0 0 0 0 0 0 0 0
          0 0 0 0 0 0 0 0 0
          0 0 0 0 0 0 0 0 0
          0 0 0 0 0 0 0 0 0
          0 0 0 0 0 0 0 0 0
          0 0 0 0 0 0 0 0 0
          0 0 0 0 0 0 0 0 0
          0 0 0 0 0 0 0 0 0
          0 0 0 0 0 0 0 0 0
          0 0 0 0 0 0 0 0 0
          0 0 0 0 0 0 0 0 0
          0 0 0 0 0 0 0 0 0
          0 0 0 0 0 0 0 0 0
          0 0 0 0 0 0 0 0 0
          0 0 0 0 0 0 0 0 0
          0 0 0 0 0 0 0 0 0
          0 0 0 0 0 0 0 0 0
          0 0 0 0 0 0 0 0 0
          0 0 0 0 0 0 0 0 0
          0 0 0 0 0 0 0 0 0
          0 0 0 0 0 0 0 0 0
          0 0 0 0 0 0 0 0 0
          0 0 0 0 0 0 0 0 0
          0 0 0 0 0 0 0 0 0
          0 0 0 0 0 0 0 0 0
          0 0 0 0 0 0 0 0 0
          0 0 0 0 0 0 0 0 0
          0 0 0 0 0 0 0 0 0
          0 0 0 0 0 0 0 0 0
          0 0 0 0 0 0 0 0 0
          0 0 0 0 0 0 0 0 0
          0 0 0 0 0 0 0 0 0
          0 0 0 0 0 0 0 0 0
          0 0 0 0 0 0 0 0 0
          0 0 0 0 0 0 0 0 0
          0 0 0 0 0 0 0 0 0
          0 0 0 0 0 0 0 0 0
          0 0 0 0 0 0 0 0 0
          0 0 0 0 0 0 0 0 0
          0 0 0 0 0 0 0 0 0
          0 0 0 0 0 0 0 0 0
          0 0 0 0 0 0 0 0 0
          0 0 0 0 0 0 0 0 0
          0 0 0 0 0 0 0 0 0
          0 0 0 0 0 0 0 0 0
          0 0 0 0 0 0 0 0 0
          0 0 0 0 0 0 0 0 0
          0 0 0 0 0 0 0 0 0
          0 0 0 0 0 0 0 0 0
          0 0 0 0 0 0 0 0 0
          0 0 0 0 0 0 0 0 0
          0 0 0 0 0 0 0 0 0
          0 0 0 0 0 0 0 0 0
          0 0 0 0 0 0 0 0 0
          0 0 0 0 0 0 0 0 0
          0 0 0 0 0 0 0 0 0
          0 0 0 0 0 0 0 0 0
          0 0 0 0 0 0 0 0 0
          0 0 0 0 0 0 0 0 0
          0 0 0 0 0 0 0 0 0
          0 0 0 0 0 0 0 0 0
          0 0 0 0 0 0 0 0 0
          0 0 0 0 0 0 0 0 0
          0 0 0 0 0 0 0 0 0
          0 0 0 0 0 0 0 0 0
          0 0 0 0 0 0 0 0 0
          0 0 0 0 0 0 0 0 0
          0 0 0 0 0 0 0 0 0
          0 0 0 0 0 0 0 0 0
          0 0 0 0 0 0 0 0 0
          0 0 0 0 0 0 0 0 0
          0 0 0 0 0 0 0 0 0
          0 0 0 0 0 0 0 0 0
          0 0 0 0 0 0 0 0 0
          0 0 0 0 0 0 0 0 0
          0 0 0 0 0 0 0 0 0
          0 0 0 0 0 0 0 0 0
          0 0 0 0 0 0 0 0 0
          0 0 0 0 0 0 0 0 0
          0 0 0 0 0 0 0 0 0
          0 0 0 0 0 0 0 0 0
          0 0 0 0 0 0 0 0 0
          0 0 0 0 0 0 0 0 0
          0 0 0 0 0 0 0 0 0
          0 0 0 0 0 0 0 0 0
          0 0 0 0 0 0 0 0 0
          0 0 0 0 0 0 0 0 0
          0 0 0 0 0 0 0 0 0
          0 0 0 0 0 0 0 0 0
          0 0 0 0 0 0 0 0 0
          0 0 0 0 0 0 0 0 0
          0 0 0 0 0 0 0 0 0
          0 0 0 0 0 0 0 0 0
          0 0 0 0 0 0 0 0 0
          0 0 0 0 0 0 0 0 0
          0 0 0 0 0 0 0 0 0
          0 0 0 0 0 0 0 0 0
          0 0 0 0 0 0 0 0 0
          0 0 0 0 0 0 0 0 0
          0 0 0 0 0 0 0 0 0
          0 0 0 0 0 0 0 0 0
          0 0 0 0 0 0 0 0 0
          0 0 0 0 0 0 0 0 0
          0 0 0 0 0 0 0 0 0
          0 0 0 0 0 0 0 0 0
          0 0 0 0 0 0 0 0 0
          0 0 0 0 0 0 0 0 0
          0 0 0 0 0 0 0 0 0
          0 0 0 0 0 0 0 0 0
          0 0 0 0 0 0 0 0 0
          0 0 0 0 0 0 0 0 0
          0 0 0 0 0 0 0 0 0
          0 0 0 0 0 0 0 0 0
          0 0 0 0 0 0 0 0 0
          0 0 0 0 0 0 0 0 0
          0 0 0 0 0 0 0 0 0
          0 0 0 0 0 0 0 0 0
          0 0 0 0 0 0 0 0 0
          0 0 0 0 0 0 0 0 0
          0 0 0 0 0 0 0 0 0
          0 0 0 0 0 0 0 0 0
          0 0 0 0 0 0 0 0 0
          0 0 0 0 0 0 0 0 0
          0 0 0 0 0 0 0 0 0
          0 0 0 0 0 0 0 0 0
          0 0 0 0 0 0 0 0 0
          0 0 0 0 0 0 0 0 0
          0 0 0 0 0 0 0 0 0
          0 0 0 0 0 0 0 0 0
          0 0 0 0 0 0 0 0 0
          0 0 0 0 0 0 0 0 0
          0 0 0 0 0 0 0 0 0
          0 0 0 0 0 0 0 0 0
          0 0 0 0 0 0 0 0 0
          0 0 0 0 0 0 0 0 0
          0 0 0 0 0 0 0 0 0
          0 0 0 0 0 0 0 0 0
          0 0 0 0 0 0 0 0 0
          0 0 0 0 0 0 0 0 0
          0 0 0 0 0 0 0 0 0
          0 0 0 0 0 0 0 0 0
          0 0 0 0 0 0 0 0 0
          0 0 0 0 0 0 0 0 0
          0 0 0 0 0 0 0 0 0
          0 0 0 0 0 0 0 0 0
          0 0 0 0 0 0 0 0 0
          0 0 0 0 0 0 0 0 0
          0 0 0 0 0 0 0 0 0
          0 0 0 0 0 0 0 0 0
          0 0 0 0 0 0 0 0 0
          0 0 0 0 0 0 0 0 0
          0 0 0 0 0 0 0 0 0
          0 0 0 0 0 0 0 0 0
          0 0 0 0 0 0 0 0 0
          0 0 0 0 0 0 0 0 0
          0 0 0 0 0 0 0 0 0
          0 0 0 0 0 0 0 0 0
          0 0 0 0 0 0 0 0 0
          0 0 0 0 0 0 0 0 0
          0 0 0 0 0 0 0 0 0
          0 0 0 0 0 0 0 0 0
          0 0 0 0 0 0 0 0 0
          0 0 0 0 0 0 0 0 0
          0 0 0 0 0 0 0 0 0
          0 0 0 0 0 0 0 0 0
          0 0 0 0 0 0 0 0 0
          0 0 0 0 0 0 0 0 0
          0 0 0 0 0 0 0 0 0
          0 0 0 0 0 0 0 0 0
          0 0 0 0 0 0 0 0 0
          0 0 0 0 0 0 0 0 0
          0 0 0 0 0 0 0 0 0
          0 0 0 0 0 0 0 0 0
          0 0 0 0 0 0 0 0 0
          0 0 0 0 0 0 0 0 0
          0 0 0 0 0 0 0 0 0
          0 0 0 0 0 0 0 0 0
          0 0 0 0 0 0 0 0 0
          0 0 0 0 0 0 0 0 0
          0 0 0 0 0 0 0 0 0
          0 0 0 0 0 0 0 0 0
          0 0 0 0 0 0 0 0 0
          0 0 0 0 0 0 0 0 0
          0 0 0 0 0 0 0 0 0
          0 0 0 0 0 0 0 0 0
          0 0 0 0 0 0 0 0 0
          0 0 0 0 0 0 0 0 0
          0 0 0 0 0 0 0 0 0
          0 0 0 0 0 0 0 0 0
          0 0 0 0 0 0 0 0 0
          0 0 0 0 0 0 0 0 0
          0 0 0 0 0 0 0 0 0
          0 0 0 0 0 0 0 0 0
          0 0 0 0 0 0 0 0 0
          0 0 0 0 0 0 0 0 0
          0 0 0 0 0 0 0 0 0
          0 0 0 0 0 0 0 0 0
          0 0 0 0 0 0 0 0 0
          0 0 0 0 0 0 0 0 0
          0 0 0 0 0 0 0 0 0
          0 0 0 0 0 0 0 0 0
          0 0 0 0 0 0 0 0 0
          0 0 0 0 0 0 0 0 0
          0 0 0 0 0 0 0 0 0
          0 0 0 0 0 0 0 0 0
          0 0 0 0 0 0 0 0 0
          0 0 0 0 0 0 0 0 0
          0 0 0 0 0 0 0 0 0
          0 0 0 0 0 0 0 0 0
          0 0 0 0 0 0 0 0 0
          0 0 0 0 0 0 0 0 0
          0 0 0 0 0 0 0 0 0
          0 0 0 0 0 0 0 0 0
          0 0 0 0 0 0 0 0 0
          0 0 0 0 0 0 0 0 0
          0 0 0 0 0 0 0 0 0
          0 0 0 0 0 0 0 0 0
          0 0 0 0 0 0 0 0 0
          0 0 0 0 0 0 0 0 0
          0 0 0 0 0 0 0 0 0
          0 0 0 0 0 0 0 0 0
          0 0 0 0 0 0 0 0 0
          0 0 0 0 0 0 0 0 0
          0 0 0 0 0 0 0 0 0
          0 0 0 0 0 0 0 0 0
          0 0 0 0 0 0 0 0 0
          0 0 0 0 0 0 0 0 0
          0 0 0 0 0 0 0 0 0
          0 0 0 0 0 0 0 0 0
          0 0 0 0 0 0 0 0 0
          0 0 0 0 0 0 0 0 0
          0 0 0 0 0 0 0 0 0
          0 0 0 0 0 0 0 0 0
          0 0 0 0 0 0 0 0 0
          0 0 0 0 0 0 0 0 0
          0 0 0 0 0 0 0 0 0
          0 0 0 0 0 0 0 0 0
          0 0 0 0 0 0 0 0 0
          0 0 0 0 0 0 0 0 0
          0 0 0 0 0 0 0 0 0
          0 0 0 0 0 0 0 0 0
          0 0 0 0 0 0 0 0 0
          0 0 0 0 0 0 0 0 0
          0 0 0 0 0 0 0 0 0
          0 0 0 0 0 0 0 0 0
          0 0 0 0 0 0 0 0 0
          0 0 0 0 0 0 0 0 0
          0 0 0 0 0 0 0 0 0
          0 0 0 0 0 0 0 0 0
          0 0 0 0 0 0 0 0 0
          0 0 0 0 0 0 0 0 0
          0 0 0 0 0 0 0 0 0
          0 0 0 0 0 0 0 0 0
          0 0 0 0 0 0 0 0 0
          0 0 0 0 0 0 0 0 0
          0 0 0 0 0 0 0 0 0
          0 0 0 0 0 0 0 0 0
          0 0 0 0 0 0 0 0 0
          0 0 0 0 0 0 0 0 0
          0 0 0 0 0 0 0 0 0
          0 0 0 0 0 0 0 0 0
          0 0 0 0 0 0 0 0 0
          0 0 0 0 0 0 0 0 0
          0 0 0 0 0 0 0 0 0
          0 0 0 0 0 0 0 0 0
          0 0 0 0 0 0 0 0 0
          0 0 0 0 0 0 0 0 0
          0 0 0 0 0 0 0 0 0
          0 0 0 0 0 0 0 0 0
          0 0 0 0 0 0 0 0 0
          0 0 0 0 0 0 0 0 0
          0 0 0 0 0 0 0 0 0
          0 0 0 0 0 0 0 0 0
          0 0 0 0 0 0 0 0 0
          0 0 0 0 0 0 0 0 0
          0 0 0 0 0 0 0 0 0
          0 0 0 0 0 0 0 0 0
          0 0 0 0 0 0 0 0 0
          0 0 0 0 0 0 0 0 0
          0 0 0 0 0 0 0 0 0
          0 0 0 0 0 0 0 0 0
          0 0 0 0 0 0 0 0 0
          0 0 0 0 0 0 0 0 0
          0 0 0 0 0 0 0 0 0
          0 0 0 0 0 0 0 0 0
          0 0 0 0 0 0 0 0 0
          0 0 0 0 0 0 0 0 0
          0 0 0 0 0 0 0 0 0
          0 0 0 0 0 0 0 0 0
          0 0 0 0 0 0 0 0 0
          0 0 0 0 0 0 0 0 0
          0 0 0 0 0 0 0 0 0
          0 0 0 0 0 0 0 0 0
          0 0 0 0 0 0 0 0 0
          0 0 0 0 0 0 0 0 0
          0 0 0 0 0 0 0 0 0
          0 0 0 0 0 0 0 0 0
          0 0 0 0 0 0 0 0 0
          0 0 0 0 0 0 0 0 0
          0 0 0 0 0 0 0 0 0
          0 0 0 0 0 0 0 0 0
          0 0 0 0 0 0 0 0 0
          0 0 0 0 0 0 0 0 0
          0 0 0 0 0 0 0 0 0
          0 0 0 0 0 0 0 0 0
          0 0 0 0 0 0 0 0 0
          0 0 0 0 0 0 0 0 0
          0 0 0 0 0 0 0 0 0
          0 0 0 0 0 0 0 0 0
          0 0 0 0 0 0 0 0 0
          0 0 0 0 0 0 0 0 0
          0 0 0 0 0 0 0 0 0
          0 0 0 0 0 0 0 0 0
          0 0 0 0 0 0 0 0 0
          0 0 0 0 0 0 0 0 0
          0 0 0 0 0 0 0 0 0
          0 0 0 0 0 0 0 0 0
          0 0 0 0 0 0 0 0 0
          0 0 0 0 0 0 0 0 0
          0 0 0 0 0 0 0 0 0
          0 0 0 0 0 0 0 0 0
          0 0 0 0 0 0 0 0 0
          0 0 0 0 0 0 0 0 0
          0 0 0 0 0 0 0 0 0
          0 0 0 0 0 0 0 0 0
          0 0 0 0 0 0 0 0 0
          0 0 0 0 0 0 0 0 0
          0 0 0 0 0 0 0 0 0
          0 0 0 0 0 0 0 0 0
          0 0 0 0 0 0 0 0 0
          0 0 0 0 0 0 0 0 0
          0 0 0 0 0 0 0 0 0
          0 0 0 0 0 0 0 0 0
          0 0 0 0 0 0 0 0 0
          0 0 0 0 0 0 0 0 0
          0 0 0 0 0 0 0 0 0
          0 0 0 0 0 0 0 0 0
          0 0 0 0 0 0 0 0 0
          0 0 0 0 0 0 0 0 0
          0 0 0 0 0 0 0 0 0
          0 0 0 0 0 0 0 0 0
          0 0 0 0 0 0 0 0 0
          0 0 0 0 0 0 0 0 0
          0 0 0 0 0 0 0 0 0
          0 0 0 0 0 0 0 0 0
          0 0 0 0 0 0 0 0 0
          0 0 0 0 0 0 0 0 0
          0 0 0 0 0 0 0 0 0
          0 0 0 0 0 0 0 0 0
          0 0 0 0 0 0 0 0 0
          0 0 0 0 0 0 0 0 0
          0 0 0 0 0 0 0 0 0
          0 0 0 0 0 0 0 0 0
          0 0 0 0 0 0 0 0 0
          0 0 0 0 0 0 0 0 0
          0 0 0 0 0 0 0 0 0
          0 0 0 0 0 0 0 0 0
          0 0 0 0 0 0 0 0 0
          0 0 0 0 0 0 0 0 0
          0 0 0 0 0 0 0 0 0
          0 0 0 0 0 0 0 0 0
          0 0 0 0 0 0 0 0 0
          0 0 0 0 0 0 0 0 0
          0 0 0 0 0 0 0 0 0
          0 0 0 0 0 0 0 0 0
          0 0 0 0 0 0 0 0 0
          0 0 0 0 0 0 0 0 0
          0 0 0 0 0 0 0 0 0
          0 0 0 0 0 0 0 0 0
          0 0 0 0 0 0 0 0 0
          0 0 0 0 0 0 0 0 0
          0 0 0 0 0 0 0 0 0
          0 0 0 0 0 0 0 0 0
          0 0 0 0 0 0 0 0 0
          0 0 0 0 0 0 0 0 0
          0 0 0 0 0 0 0 0 0
          0 0 0 0 0 0 0 0 0
          0 0 0 0 0 0 0 0 0
          0 0 0 0 0 0 0 0 0
          0 0 0 0 0 0 0 0 0
          0 0 0 0 0 0 0 0 0
          0 0 0 0 0 0 0 0 0
          0 0 0 0 0 0 0 0 0
          0 0 0 0 0 0 0 0 0
          0 0 0 0 0 0 0 0 0
          0 0 0 0 0 0 0 0 0
          0 0 0 0 0 0 0 0 0
          0 0 0 0 0 0 0 0 0
          0 0 0 0 0 0 0 0 0
          0 0 0 0 0 0 0 0 0
          0 0 0 0 0 0 0 0 0
          0 0 0 0 0 0 0 0 0
          0 0 0 0 0 0 0 0 0
          0 0 0 0 0 0 0 0 0
          0 0 0 0 0 0 0 0 0
          0 0 0 0 0 0 0 0 0
          0 0 0 0 0 0 0 0 0
          0 0 0 0 0 0 0 0 0
          0 0 0 0 0 0 0 0 0
          0 0 0 0 0 0 0 0 0
          0 0 0 0 0 0 0 0 0
          0 0 0 0 0 0 0 0 0
          0 0 0 0 0 0 0 0 0
          0 0 0 0 0 0 0 0 0
          0 0 0 0 0 0 0 0 0
          0 0 0 0 0 0 0 0 0
          0 0 0 0 0 0 0 0 0
          0 0 0 0 0 0 0 0 0
          0 0 0 0 0 0 0 0 0
          0 0 0 0 0 0 0 0 0
          0 0 0 0 0 0 0 0 0
          0 0 0 0 0 0 0 0 0
          0 0 0 0 0 0 0 0 0
          0 0 0 0 0 0 0 0 0
          0 0 0 0 0 0 0 0 0
          0 0 0 0 0 0 0 0 0
          0 0 0 0 0 0 0 0 0
          0 0 0 0 0 0 0 0 0
          0 0 0 0 0 0 0 0 0
          0 0 0 0 0 0 0 0 0
          0 0 0 0 0 0 0 0 0
          0 0 0 0 0 0 0 0 0
          0 0 0 0 0 0 0 0 0
          0 0 0 0 0 0 0 0 0
          0 0 0 0 0 0 0 0 0
          0 0 0 0 0 0 0 0 0
          0 0 0 0 0 0 0 0 0
          0 0 0 0 0 0 0 0 0
          0 0 0 0 0 0 0 0 0
          0 0 0 0 0 0 0 0 0
          0 0 0 0 0 0 0 0 0
          0 0 0 0 0 0 0 0 0
          0 0 0 0 0 0 0 0 0
          0 0 0 0 0 0 0 0 0
          0 0 0 0 0 0 0 0 0
          0 0 0 0 0 0 0 0 0
          0 0 0 0 0 0 0 0 0
          0 0 0 0 0 0 0 0 0
          0 0 0 0 0 0 0 0 0
          0 0 0 0 0 0 0 0 0
          0 0 0 0 0 0 0 0 0
          0 0 0 0 0 0 0 0 0
          0 0 0 0 0 0 0 0 0
          0 0 0 0 0 0 0 0 0
          0 0 0 0 0 0 0 0 0
          0 0 0 0 0 0 0 0 0
          0 0 0 0 0 0 0 0 0
          0 0 0 0 0 0 0 0 0
          0 0 0 0 0 0 0 0 0
          0 0 0 0 0 0 0 0 0
          0 0 0 0 0 0 0 0 0
          0 0 0 0 0 0 0 0 0
          0 0 0 0 0 0 0 0 0
          0 0 0 0 0 0 0 0 0
          0 0 0 0 0 0 0 0 0
          0 0 0 0 0 0 0 0 0
          0 0 0 0 0 0 0 0 0
          0 0 0 0 0 0 0 0 0
          0 0 0 0 0 0 0 0 0
          0 0 0 0 0 0 0 0 0
          0 0 0 0 0 0 0 0 0
          0 0 0 0 0 0 0 0 0
          0 0 0 0 0 0 0 0 0
          0 0 0 0 0 0 0 0 0
          0 0 0 0 0 0 0 0 0
          0 0 0 0 0 0 0 0 0
          0 0 0 0 0 0 0 0 0
          0 0 0 0 0 0 0 0 0
          0 0 0 0 0 0 0 0 0
          0 0 0 0 0 0 0 0 0
          0 0 0 0 0 0 0 0 0
          0 0 0 0 0 0 0 0 0
          0 0 0 0 0 0 0 0 0
          0 0 0 0 0 0 0 0 0
          0 0 0 0 0 0 0 0 0
          0 0 0 0 0 0 0 0 0
          0 0 0 0 0 0 0 0 0
          0 0 0 0 0 0 0 0 0
          0 0 0 0 0 0 0 0 0
          0 0 0 0 0 0 0 0 0
          0 0 0 0 0 0 0 0 0
          0 0 0 0 0 0 0 0 0
          0 0 0 0 0 0 0 0 0
          0 0 0 0 0 0 0 0 0
          0 0 0 0 0 0 0 0 0
          0 0 0 0 0 0 0 0 0
          0 0 0 0 0 0 0 0 0
          0 0 0 0 0 0 0 0 0
          0 0 0 0 0 0 0 0 0
          0 0 0 0 0 0 0 0 0
          0 0 0 0 0 0 0 0 0
          0 0 0 0 0 0 0 0 0
          0 0 0 0 0 0 0 0 0
          0 0 0 0 0 0 0 0 0
          0 0 0 0 0 0 0 0 0
          0 0 0 0 0 0 0 0 0
          0 0 0 0 0 0 0 0 0
          0 0 0 0 0 0 0 0 0
          0 0 0 0 0 0 0 0 0
          0 0 0 0 0 0 0 0 0
          0 0 0 0 0 0 0 0 0
          0 0 0 0 0 0 0 0 0
          0 0 0 0 0 0 0 0 0
          0 0 0 0 0 0 0 0 0
          0 0 0 0 0 0 0 0 0
          0 0 0 0 0 0 0 0 0
          0 0 0 0 0 0 0 0 0
          0 0 0 0 0 0 0 0 0
          0 0 0 0 0 0 0 0 0
          0 0 0 0 0 0 0 0 0
          0 0 0 0 0 0 0 0 0
          0 0 0 0 0 0 0 0 0
          0 0 0 0 0 0 0 0 0
          0 0 0 0 0 0 0 0 0
          0 0 0 0 0 0 0 0 0
          0 0 0 0 0 0 0 0 0
          0 0 0 0 0 0 0 0 0
          0 0 0 0 0 0 0 0 0
          0 0 0 0 0 0 0 0 0
          0 0 0 0 0 0 0 0 0
          0 0 0 0 0 0 0 0 0
          0 0 0 0 0 0 0 0 0
          0 0 0 0 0 0 0 0 0
          0 0 0 0 0 0 0 0 0
          0 0 0 0 0 0 0 0 0
          0 0 0 0 0 0 0 0 0
          0 0 0 0 0 0 0 0 0
          0 0 0 0 0 0 0 0 0
          0 0 0 0 0 0 0 0 0
          0 0 0 0 0 0 0 0 0
          0 0 0 0 0 0 0 0 0
          0 0 0 0 0 0 0 0 0
          0 0 0 0 0 0 0 0 0
          0 0 0 0 0 0 0 0 0
          0 0 0 0 0 0 0 0 0
          0 0 0 0 0 0 0 0 0
          0 0 0 0 0 0 0 0 0
          0 0 0 0 0 0 0 0 0
          0 0 0 0 0 0 0 0 0
          0 0 0 0 0 0 0 0 0
          0 0 0 0 0 0 0 0 0
          0 0 0 0 0 0 0 0 0
          0 0 0 0 0 0 0 0 0
          0 0 0 0 0 0 0 0 0
          0 0 0 0 0 0 0 0 0
          0 0 0 0 0 0 0 0 0
          0 0 0 0 0 0 0 0 0
          0 0 0 0 0 0 0 0 0
          0 0 0 0 0 0 0 0 0
          0 0 0 0 0 0 0 0 0
          0 0 0 0 0 0 0 0 0
          0 0 0 0 0 0 0 0 0
          0 0 0 0 0 0 0 0 0
          0 0 0 0 0 0 0 0 0
          0 0 0 0 0 0 0 0 0
          0 0 0 0 0 0 0 0 0
          0 0 0 0 0 0 0 0 0
          0 0 0 0 0 0 0 0 0
          0 0 0 0 0 0 0 0 0
          0 0 0 0 0 0 0 0 0
          0 0 0 0 0 0 0 0 0
          0 0 0 0 0 0 0 0 0
          0 0 0 0 0 0 0 0 0
          0 0 0 0 0 0 0 0 0
          0 0 0 0 0 0 0 0 0
          0 0 0 0 0 0 0 0 0
          0 0 0 0 0 0 0 0 0
          0 0 0 0 0 0 0 0 0
          0 0 0 0 0 0 0 0 0
          0 0 0 0 0 0 0 0 0
          0 0 0 0 0 0 0 0 0
          0 0 0 0 0 0 0 0 0
          0 0 0 0 0 0 0 0 0
          0 0 0 0 0 0 0 0 0
          0 0 0 0 0 0 0 0 0
          0 0 0 0 0 0 0 0 0
          0 0 0 0 0 0 0 0 0
          0 0 0 0 0 0 0 0 0
          0 0 0 0 0 0 0 0 0
          0 0 0 0 0 0 0 0 0
          0 0 0 0 0 0 0 0 0
          0 0 0 0 0 0 0 0 0
          0 0 0 0 0 0 0 0 0
          0 0 0 0 0 0 0 0 0
          0 0 0 0 0 0 0 0 0
          0 0 0 0 0 0 0 0 0
          0 0 0 0 0 0 0 0 0
          0 0 0 0 0 0 0 0 0
          0 0 0 0 0 0 0 0 0
          0 0 0 0 0 0 0 0 0
          0 0 0 0 0 0 0 0 0
          0 0 0 0 0 0 0 0 0
          0 0 0 0 0 0 0 0 0
          0 0 0 0 0 0 0 0 0
          0 0 0 0 0 0 0 0 0
          0 0 0 0 0 0 0 0 0
          0 0 0 0 0 0 0 0 0
          0 0 0 0 0 0 0 0 0
          0 0 0 0 0 0 0 0 0
          0 0 0 0 0 0 0 0 0
          0 0 0 0 0 0 0 0 0
          0 0 0 0 0 0 0 0 0
          0 0 0 0 0 0 0 0 0
          0 0 0 0 0 0 0 0 0
          0 0 0 0 0 0 0 0 0
          0 0 0 0 0 0 0 0 0
          0 0 0 0 0 0 0 0 0
          0 0 0 0 0 0 0 0 0
          0 0 0 0 0 0 0 0 0
          0 0 0 0 0 0 0 0 0
          0 0 0 0 0 0 0 0 0
          0 0 0 0 0 0 0 0 0
          0 0 0 0 0 0 0 0 0
          0 0 0 0 0 0 0 0 0
          0 0 0 0 0 0 0 0 0
          0 0 0 0 0 0 0 0 0
          0 0 0 0 0 0 0 0 0
          0 0 0 0 0 0 0 0 0
          0 0 0 0 0 0 0 0 0
          0 0 0 0 0 0 0 0 0
          0 0 0 0 0 0 0 0 0
          0 0 0 0 0 0 0 0 0
          0 0 0 0 0 0 0 0 0
          0 0 0 0 0 0 0 0 0
          0 0 0 0 0 0 0 0 0
          0 0 0 0 0 0 0 0 0
          0 0 0 0 0 0 0 0 0
          0 0 0 0 0 0 0 0 0
          0 0 0 0 0 0 0 0 0
          0 0 0 0 0 0 0 0 0
          0 0 0 0 0 0 0 0 0
          0 0 0 0 0 0 0 0 0
          0 0 0 0 0 0 0 0 0
          0 0 0 0 0 0 0 0 0
          0 0 0 0 0 0 0 0 0
          0 0 0 0 0 0 0 0 0
          0 0 0 0 0 0 0 0 0
          0 0 0 0 0 0 0 0 0
          0 0 0 0 0 0 0 0 0
          0 0 0 0 0 0 0 0 0
          0 0 0 0 0 0 0 0 0
          0 0 0 0 0 0 0 0 0
          0 0 0 0 0 0 0 0 0
          0 0 0 0 0 0 0 0 0
          0 0 0 0 0 0 0 0 0
          0 0 0 0 0 0 0 0 0
          0 0 0 0 0 0 0 0 0
          0 0 0 0 0 0 0 0 0
          0 0 0 0 0 0 0 0 0
          0 0 0 0 0 0 0 0 0
          0 0 0 0 0 0 0 0 0
          0 0 0 0 0 0 0 0 0
          0 0 0 0 0 0 0 0 0
          0 0 0 0 0 0 0 0 0
          0 0 0 0 0 0 0 0 0
          0 0 0 0 0 0 0 0 0
          0 0 0 0 0 0 0 0 0
          0 0 0 0 0 0 0 0 0
          0 0 0 0 0 0 0 0 0
          0 0 0 0 0 0 0 0 0
          0 0 0 0 0 0 0 0 0
          0 0 0 0 0 0 0 0 0
          0 0 0 0 0 0 0 0 0
          0 0 0 0 0 0 0 0 0
          0 0 0 0 0 0 0 0 0
          0 0 0 0 0 0 0 0 0
          0 0 0 0 0 0 0 0 0
          0 0 0 0 0 0 0 0 0
          0 0 0 0 0 0 0 0 0
          0 0 0 0 0 0 0 0 0
          0 0 0 0 0 0 0 0 0
          0 0 0 0 0 0 0 0 0
          0 0 0 0 0 0 0 0 0
          0 0 0 0 0 0 0 0 0
          0 0 0 0 0 0 0 0 0
          0 0 0 0 0 0 0 0 0
          0 0 0 0 0 0 0 0 0
          0 0 0 0 0 0 0 0 0
          0 0 0 0 0 0 0 0 0
          0 0 0 0 0 0 0 0 0
          0 0 0 0 0 0 0 0 0
          0 0 0 0 0 0 0 0 0
          0 0 0 0 0 0 0 0 0
          0 0 0 0 0 0 0 0 0
          0 0 0 0 0 0 0 0 0
          0 0 0 0 0 0 0 0 0
          0 0 0 0 0 0 0 0 0
          0 0 0 0 0 0 0 0 0
          0 0 0 0 0 0 0 0 0
          0 0 0 0 0 0 0 0 0
          0 0 0 0 0 0 0 0 0
          0 0 0 0 0 0 0 0 0
          0 0 0 0 0 0 0 0 0
          0 0 0 0 0 0 0 0 0
          0 0 0 0 0 0 0 0 0
          0 0 0 0 0 0 0 0 0
          0 0 0 0 0 0 0 0 0
          0 0 0 0 0 0 0 0 0
          0 0 0 0 0 0 0 0 0
          0 0 0 0 0 0 0 0 0
          0 0 0 0 0 0 0 0 0
          0 0 0 0 0 0 0 0 0
          0 0 0 0 0 0 0 0 0
          0 0 0 0 0 0 0 0 0
          0 0 0 0 0 0 0 0 0
          0 0 0 0 0 0 0 0 0
          0 0 0 0 0 0 0 0 0
          0 0 0 0 0 0 0 0 0
          0 0 0 0 0 0 0 0 0
          0 0 0 0 0 0 0 0 0
          0 0 0 0 0 0 0 0 0
          0 0 0 0 0 0 0 0 0
          0 0 0 0 0 0 0 0 0
          0 0 0 0 0 0 0 0 0
          0 0 0 0 0 0 0 0 0
          0 0 0 0 0 0 0 0 0
          0 0 0 0 0 0 0 0 0
          0 0 0 0 0 0 0 0 0
          0 0 0 0 0 0 0 0 0
          0 0 0 0 0 0 0 0 0
          0 0 0 0 0 0 0 0 0
          0 0 0 0 0 0 0 0 0
          0 0 0 0 0 0 0 0 0
          0 0 0 0 0 0 0 0 0
          0 0 0 0 0 0 0 0 0
          0 0 0 0 0 0 0 0 0
          0 0 0 0 0 0 0 0 0
          0 0 0 0 0 0 0 0 0
          0 0 0 0 0 0 0 0 0
          0 0 0 0 0 0 0 0 0
          0 0 0 0 0 0 0 0 0
          0 0 0 0 0 0 0 0 0
          0 0 0 0 0 0 0 0 0
          0 0 0 0 0 0 0 0 0
          0 0 0 0 0 0 0 0 0
          0 0 0 0 0 0 0 0 0
          0 0 0 0 0 0 0 0 0
          0 0 0 0 0 0 0 0 0
          0 0 0 0 0 0 0 0 0
          0 0 0 0 0 0 0 0 0
          0 0 0 0 0 0 0 0 0
          0 0 0 0 0 0 0 0 0
          0 0 0 0 0 0 0 0 0
          0 0 0 0 0 0 0 0 0
          0 0 0 0 0 0 0 0 0
          0 0 0 0 0 0 0 0 0
          0 0 0 0 0 0 0 0 0
          0 0 0 0 0 0 0 0 0
          0 0 0 0 0 0 0 0 0
          0 0 0 0 0 0 0 0 0
          0 0 0 0 0 0 0 0 0
          0 0 0 0 0 0 0 0 0
          0 0 0 0 0 0 0 0 0
          0 0 0 0 0 0 0 0 0
          0 0 0 0 0 0 0 0 0
          0 0 0 0 0 0 0 0 0
          0 0 0 0 0 0 0 0 0
          0 0 0 0 0 0 0 0 0
          0 0 0 0 0 0 0 0 0
          0 0 0 0 0 0 0 0 0
          0 0 0 0 0 0 0 0 0
          0 0 0 0 0 0 0 0 0
          0 0 0 0 0 0 0 0 0
          0 0 0 0 0 0 0 0 0
          0 0 0 0 0 0 0 0 0
          0 0 0 0 0 0 0 0 0
          0 0 0 0 0 0 0 0 0
          0 0 0 0 0 0 0 0 0
          0 0 0 0 0 0 0 0 0
          0 0 0 0 0 0 0 0 0
          0 0 0 0 0 0 0 0 0
          0 0 0 0 0 0 0 0 0
          0 0 0 0 0 0 0 0 0
          0 0 0 0 0 0 0 0 0
          0 0 0 0 0 0 0 0 0
          0 0 0 0 0 0 0 0 0
          0 0 0 0 0 0 0 0 0
          0 0 0 0 0 0 0 0 0
          0 0 0 0 0 0 0 0 0
          0 0 0 0 0 0 0 0 0
          0 0 0 0 0 0 0 0 0
          0 0 0 0 0 0 0 0 0
          0 0 0 0 0 0 0 0 0
          0 0 0 0 0 0 0 0 0
          0 0 0 0 0 0 0 0 0
          0 0 0 0 0 0 0 0 0
          0 0 0 0 0 0 0 0 0
          0 0 0 0 0 0 0 0 0
          0 0 0 0 0 0 0 0 0
          0 0 0 0 0 0 0 0 0
          0 0 0 0 0 0 0 0 0
          0 0 0 0 0 0 0 0 0
          0 0 0 0 0 0 0 0 0
          0 0 0 0 0 0 0 0 0
          0 0 0 0 0 0 0 0 0
          0 0 0 0 0 0 0 0 0
          0 0 0 0 0 0 0 0 0
          0 0 0 0 0 0 0 0 0
          0 0 0 0 0 0 0 0 0
          0 0 0 0 0 0 0 0 0
          0 0 0 0 0 0 0 0 0
          0 0 0 0 0 0 0 0 0
          0 0 0 0 0 0 0 0 0
          0 0 0 0 0 0 0 0 0
          0 0 0 0 0 0 0 0 0
          0 0 0 0 0 0 0 0 0
          0 0 0 0 0 0 0 0 0
          0 0 0 0 0 0 0 0 0
          0 0 0 0 0 0 0 0 0
          0 0 0 0 0 0 0 0 0
          0 0 0 0 0 0 0 0 0
          0 0 0 0 0 0 0 0 0
          0 0 0 0 0 0 0 0 0
          0 0 0 0 0 0 0 0 0
          0 0 0 0 0 0 0 0 0
          0 0 0 0 0 0 0 0 0
          0 0 0 0 0 0 0 0 0
          0 0 0 0 0 0 0 0 0
          0 0 0 0 0 0 0 0 0
          0 0 0 0 0 0 0 0 0
          0 0 0 0 0 0 0 0 0
          0 0 0 0 0 0 0 0 0
          0 0 0 0 0 0 0 0 0
          0 0 0 0 0 0 0 0 0
          0 0 0 0 0 0 0 0 0
          0 0 0 0 0 0 0 0 0
          0 0 0 0 0 0 0 0 0
          0 0 0 0 0 0 0 0 0
          0 0 0 0 0 0 0 0 0
          0 0 0 0 0 0 0 0 0
          0 0 0 0 0 0 0 0 0
          0 0 0 0 0 0 0 0 0
          0 0 0 0 0 0 0 0 0
          0 0 0 0 0 0 0 0 0
          0 0 0 0 0 0 0 0 0
          0 0 0 0 0 0 0 0 0
          0 0 0 0 0 0 0 0 0
          0 0 0 0 0 0 0 0 0
          0 0 0 0 0 0 0 0 0
          0 0 0 0 0 0 0 0 0
          0 0 0 0 0 0 0 0 0
          0 0 0 0 0 0 0 0 0
          0 0 0 0 0 0 0 0 0
          0 0 0 0 0 0 0 0 0
          0 0 0 0 0 0 0 0 0
          0 0 0 0 0 0 0 0 0
          0 0 0 0 0 0 0 0 0
          0 0 0 0 0 0 0 0 0
          0 0 0 0 0 0 0 0 0
          0 0 0 0 0 0 0 0 0
          0 0 0 0 0 0 0 0 0
          0 0 0 0 0 0 0 0 0
          0 0 0 0 0 0 0 0 0
          0 0 0 0 0 0 0 0 0
          0 0 0 0 0 0 0 0 0
          0 0 0 0 0 0 0 0 0
          0 0 0 0 0 0 0 0 0
          0 0 0 0 0 0 0 0 0
          0 0 0 0 0 0 0 0 0
          0 0 0 0 0 0 0 0 0
          0 0 0 0 0 0 0 0 0
          0 0 0 0 0 0 0 0 0
          0 0 0 0 0 0 0 0 0
          0 0 0 0 0 0 0 0 0
          0 0 0 0 0 0 0 0 0
          0 0 0 0 0 0 0 0 0
          0 0 0
        </DataArray>
        <DataArray type="Float64" Name="p" format="ascii">
          0 0 0 0 0 0 0 0 0
          0 0 0 0 0 0 0 0 0
          0 0 0 0 0 0 0 0 0
          0 0 0 0 0 0 0 0 0
          0 0 0 0 0 0 0 0 0
          0 0 0 0 0 0 0 0 0
          0 0 0 0 0 0 0 0 0
          0 0 0 0 0 0 0 0 0
          0 0 0 0 0 0 0 0 0
          0 0 0 0 0 0 0 0 0
          0 0 0 0 0 0 0 0 0
          0 0 0 0 0 0 0 0 0
          0 0 0 0 0 0 0 0 0
          0 0 0 0 0 0 0 0 0
          0 0 0 0 0 0 0 0 0
          0 0 0 0 0 0 0 0 0
          0 0 0 0 0 0 0 0 0
          0 0 0 0 0 0 0 0 0
          0 0 0 0 0 0 0 0 0
          0 0 0 0 0 0 0 0 0
          0 0 0 0 0 0 0 0 0
          0 0 0 0 0 0 0 0 0
          0 0 0 0 0 0 0 0 0
          0 0 0 0 0 0 0 0 0
          0 0 0 0 0 0 0 0 0
          0 0 0 0 0 0 0 0 0
          0 0 0 0 0 0 0 0 0
          0 0 0 0 0 0 0 0 0
          0 0 0 0 0 0 0 0 0
          0 0 0 0 0 0 0 0 0
          0 0 0 0 0 0 0 0 0
          0 0 0 0 0 0 0 0 0
          0 0 0 0 0 0 0 0 0
          0 0 0 0 0 0 0 0 0
          0 0 0 0 0 0 0 0 0
          0 0 0 0 0 0 0 0 0
          0 0 0 0 0 0 0 0 0
          0 0 0 0 0 0 0 0 0
          0 0 0 0 0 0 0 0 0
          0 0 0 0 0 0 0 0 0
          0 0 0 0 0 0 0 0 0
          0 0 0 0 0 0 0 0 0
          0 0 0 0 0 0 0 0 0
          0 0 0 0 0 0 0 0 0
          0 0 0 0 0 0 0 0 0
          0 0 0 0 0 0 0 0 0
          0 0 0 0 0 0 0 0 0
          0 0 0 0 0 0 0 0 0
          0 0 0 0 0 0 0 0 0
          0 0 0 0 0 0 0 0 0
          0 0 0 0 0 0 0 0 0
          0 0 0 0 0 0 0 0 0
          0 0 0 0 0 0 0 0 0
          0 0 0 0 0 0 0 0 0
          0 0 0 0 0 0 0 0 0
          0 0 0 0 0 0 0 0 0
          0 0 0 0 0 0 0 0 0
          0 0 0 0 0 0 0 0 0
          0 0 0 0 0 0 0 0 0
          0 0 0 0 0 0 0 0 0
          0 0 0 0 0 0 0 0 0
          0 0 0 0 0 0 0 0 0
          0 0 0 0 0 0 0 0 0
          0 0 0 0 0 0 0 0 0
          0 0 0 0 0 0 0 0 0
          0 0 0 0 0 0 0 0 0
          0 0 0 0 0 0 0 0 0
          0 0 0 0 0 0 0 0 0
          0 0 0 0 0 0 0 0 0
          0 0 0 0 0 0 0 0 0
          0 0 0 0 0 0 0 0 0
          0 0 0 0 0 0 0 0 0
          0 0 0 0 0 0 0 0 0
          0 0 0 0 0 0 0 0 0
          0 0 0 0 0 0 0 0 0
          0 0 0 0 0 0 0 0 0
          0 0 0 0 0 0 0 0 0
          0 0 0 0 0 0 0 0 0
          0 0 0 0 0 0 0 0 0
          0 0 0 0 0 0 0 0 0
          0 0 0 0 0 0 0 0 0
          0 0 0 0 0 0 0 0 0
          0 0 0 0 0 0 0 0 0
          0 0 0 0 0 0 0 0 0
          0 0 0 0 0 0 0 0 0
          0 0 0 0 0 0 0 0 0
          0 0 0 0 0 0 0 0 0
          0 0 0 0 0 0 0 0 0
          0 0 0 0 0 0 0 0 0
          0 0 0 0 0 0 0 0 0
          0 0 0 0 0 0 0 0 0
          0 0 0 0 0 0 0 0 0
          0 0 0 0 0 0 0 0 0
          0 0 0 0 0 0 0 0 0
          0 0 0 0 0 0 0 0 0
          0 0 0 0 0 0 0 0 0
          0 0 0 0 0 0 0 0 0
          0 0 0 0 0 0 0 0 0
          0 0 0 0 0 0 0 0 0
          0 0 0 0 0 0 0 0 0
          0 0 0 0 0 0 0 0 0
          0 0 0 0 0 0 0 0 0
          0 0 0 0 0 0 0 0 0
          0 0 0 0 0 0 0 0 0
          0 0 0 0 0 0 0 0 0
          0 0 0 0 0 0 0 0 0
          0 0 0 0 0 0 0 0 0
          0 0 0 0 0 0 0 0 0
          0 0 0 0 0 0 0 0 0
          0 0 0 0 0 0 0 0 0
          0 0 0 0 0 0 0 0 0
          0 0 0 0 0 0 0 0 0
          0 0 0 0 0 0 0 0 0
          0 0 0 0 0 0 0 0 0
          0 0 0 0 0 0 0 0 0
          0 0 0 0 0 0 0 0 0
          0 0 0 0 0 0 0 0 0
          0 0 0 0 0 0 0 0 0
          0 0 0 0 0 0 0 0 0
          0 0 0 0 0 0 0 0 0
          0 0 0 0 0 0 0 0 0
          0 0 0 0 0 0 0 0 0
          0 0 0 0 0 0 0 0 0
          0 0 0 0 0 0 0 0 0
          0 0 0 0 0 0 0 0 0
          0 0 0 0 0 0 0 0 0
          0 0 0 0 0 0 0 0 0
          0 0 0 0 0 0 0 0 0
          0 0 0 0 0 0 0 0 0
          0 0 0 0 0 0 0 0 0
          0 0 0 0 0 0 0 0 0
          0 0 0 0 0 0 0 0 0
          0 0 0 0 0 0 0 0 0
          0 0 0 0 0 0 0 0 0
          0 0 0 0 0 0 0 0 0
          0 0 0 0 0 0 0 0 0
          0 0 0 0 0 0 0 0 0
          0 0 0 0 0 0 0 0 0
          0 0 0 0 0 0 0 0 0
          0 0 0 0 0 0 0 0 0
          0 0 0 0 0 0 0 0 0
          0 0 0 0 0 0 0 0 0
          0 0 0 0 0 0 0 0 0
          0 0 0 0 0 0 0 0 0
          0 0 0 0 0 0 0 0 0
          0 0 0 0 0 0 0 0 0
          0 0 0 0 0 0 0 0 0
          0 0 0 0 0 0 0 0 0
          0 0 0 0 0 0 0 0 0
          0 0 0 0 0 0 0 0 0
          0 0 0 0 0 0 0 0 0
          0 0 0 0 0 0 0 0 0
          0 0 0 0 0 0 0 0 0
          0 0 0 0 0 0 0 0 0
          0 0 0 0 0 0 0 0 0
          0 0 0 0 0 0 0 0 0
          0 0 0 0 0 0 0 0 0
          0 0 0 0 0 0 0 0 0
          0 0 0 0 0 0 0 0 0
          0 0 0 0 0 0 0 0 0
          0 0 0 0 0 0 0 0 0
          0 0 0 0 0 0 0 0 0
          0 0 0 0 0 0 0 0 0
          0 0 0 0 0 0 0 0 0
          0 0 0 0 0 0 0 0 0
          0 0 0 0 0 0 0 0 0
          0 0 0 0 0 0 0 0 0
          0 0 0 0 0 0 0 0 0
          0 0 0 0 0 0 0 0 0
          0 0 0 0 0 0 0 0 0
          0 0 0 0 0 0 0 0 0
          0 0 0 0 0 0 0 0 0
          0 0 0 0 0 0 0 0 0
          0 0 0 0 0 0 0 0 0
          0 0 0 0 0 0 0 0 0
          0 0 0 0 0 0 0 0 0
          0 0 0 0 0 0 0 0 0
          0 0 0 0 0 0 0 0 0
          0 0 0 0 0 0 0 0 0
          0 0 0 0 0 0 0 0 0
          0 0 0 0 0 0 0 0 0
          0 0 0 0 0 0 0 0 0
          0 0 0 0 0 0 0 0 0
          0 0 0 0 0 0 0 0 0
          0 0 0 0 0 0 0 0 0
          0 0 0 0 0 0 0 0 0
          0 0 0 0 0 0 0 0 0
          0 0 0 0 0 0 0 0 0
          0 0 0 0 0 0 0 0 0
          0 0 0 0 0 0 0 0 0
          0 0 0 0 0 0 0 0 0
          0 0 0 0 0 0 0 0 0
          0 0 0 0 0 0 0 0 0
          0 0 0 0 0 0 0 0 0
          0 0 0 0 0 0 0 0 0
          0 0 0 0 0 0 0 0 0
          0 0 0 0 0 0 0 0 0
          0 0 0 0 0 0 0 0 0
          0 0 0 0 0 0 0 0 0
          0 0 0 0 0 0 0 0 0
          0 0 0 0 0 0 0 0 0
          0 0 0 0 0 0 0 0 0
          0 0 0 0 0 0 0 0 0
          0 0 0 0 0 0 0 0 0
          0 0 0 0 0 0 0 0 0
          0 0 0 0 0 0 0 0 0
          0 0 0 0 0 0 0 0 0
          0 0 0 0 0 0 0 0 0
          0 0 0 0 0 0 0 0 0
          0 0 0 0 0 0 0 0 0
          0 0 0 0 0 0 0 0 0
          0 0 0 0 0 0 0 0 0
          0 0 0 0 0 0 0 0 0
          0 0 0 0 0 0 0 0 0
          0 0 0 0 0 0 0 0 0
          0 0 0 0 0 0 0 0 0
          0 0 0 0 0 0 0 0 0
          0 0 0 0 0 0 0 0 0
          0 0 0 0 0 0 0 0 0
          0 0 0 0 0 0 0 0 0
          0 0 0 0 0 0 0 0 0
          0 0 0 0 0 0 0 0 0
          0 0 0 0 0 0 0 0 0
          0 0 0 0 0 0 0 0 0
          0 0 0 0 0 0 0 0 0
          0 0 0 0 0 0 0 0 0
          0 0 0 0 0 0 0 0 0
          0 0 0 0 0 0 0 0 0
          0 0 0 0 0 0 0 0 0
          0 0 0 0 0 0 0 0 0
          0 0 0 0 0 0 0 0 0
          0 0 0 0 0 0 0 0 0
          0 0 0 0 0 0 0 0 0
          0 0 0 0 0 0 0 0 0
          0 0 0 0 0 0 0 0 0
          0 0 0 0 0 0 0 0 0
          0 0 0 0 0 0 0 0 0
          0 0 0 0 0 0 0 0 0
          0 0 0 0 0 0 0 0 0
          0 0 0 0 0 0 0 0 0
          0 0 0 0 0 0 0 0 0
          0 0 0 0 0 0 0 0 0
          0 0 0 0 0 0 0 0 0
          0 0 0 0 0 0 0 0 0
          0 0 0 0 0 0 0 0 0
          0 0 0 0 0 0 0 0 0
          0 0 0 0 0 0 0 0 0
          0 0 0 0 0 0 0 0 0
          0 0 0 0 0 0 0 0 0
          0 0 0 0 0 0 0 0 0
          0 0 0 0 0 0 0 0 0
          0 0 0 0 0 0 0 0 0
          0 0 0 0 0 0 0 0 0
          0 0 0 0 0 0 0 0 0
          0 0 0 0 0 0 0 0 0
          0 0 0 0 0 0 0 0 0
          0 0 0 0 0 0 0 0 0
          0 0 0 0 0 0 0 0 0
          0 0 0 0 0 0 0 0 0
          0 0 0 0 0 0 0 0 0
          0 0 0 0 0 0 0 0 0
          0 0 0 0 0 0 0 0 0
          0 0 0 0 0 0 0 0 0
          0 0 0 0 0 0 0 0 0
          0 0 0 0 0 0 0 0 0
          0 0 0 0 0 0 0 0 0
          0 0 0 0 0 0 0 0 0
          0 0 0 0 0 0 0 0 0
          0 0 0 0 0 0 0 0 0
          0 0 0 0 0 0 0 0 0
          0 0 0 0 0 0 0 0 0
          0 0 0 0 0 0 0 0 0
          0 0 0 0 0 0 0 0 0
          0 0 0 0 0 0 0 0 0
          0 0 0 0 0 0 0 0 0
          0 0 0 0 0 0 0 0 0
          0 0 0 0 0 0 0 0 0
          0 0 0 0 0 0 0 0 0
          0 0 0 0 0 0 0 0 0
          0 0 0 0 0 0 0 0 0
          0 0 0 0 0 0 0 0 0
          0 0 0 0 0 0 0 0 0
          0 0 0 0 0 0 0 0 0
          0 0 0 0 0 0 0 0 0
          0 0 0 0 0 0 0 0 0
          0 0 0 0 0 0 0 0 0
          0 0 0 0 0 0 0 0 0
          0 0 0 0 0 0 0 0 0
          0 0 0 0 0 0 0 0 0
          0 0 0 0 0 0 0 0 0
          0 0 0 0 0 0 0 0 0
          0 0 0 0 0 0 0 0 0
          0 0 0 0 0 0 0 0 0
          0 0 0 0 0 0 0 0 0
          0 0 0 0 0 0 0 0 0
          0 0 0 0 0 0 0 0 0
          0 0 0 0 0 0 0 0 0
          0 0 0 0 0 0 0 0 0
          0 0 0 0 0 0 0 0 0
          0 0 0 0 0 0 0 0 0
          0 0 0 0 0 0 0 0 0
          0 0 0 0 0 0 0 0 0
          0 0 0 0 0 0 0 0 0
          0 0 0 0 0 0 0 0 0
          0 0 0 0 0 0 0 0 0
          0 0 0 0 0 0 0 0 0
          0 0 0 0 0 0 0 0 0
          0 0 0 0 0 0 0 0 0
          0 0 0 0 0 0 0 0 0
          0 0 0 0 0 0 0 0 0
          0 0 0 0 0 0 0 0 0
          0 0 0 0 0 0 0 0 0
          0 0 0 0 0 0 0 0 0
          0 0 0 0 0 0 0 0 0
          0 0 0 0 0 0 0 0 0
          0 0 0 0 0 0 0 0 0
          0 0 0 0 0 0 0 0 0
          0 0 0 0 0 0 0 0 0
          0 0 0 0 0 0 0 0 0
          0 0 0 0 0 0 0 0 0
          0 0 0 0 0 0 0 0 0
          0 0 0 0 0 0 0 0 0
          0 0 0 0 0 0 0 0 0
          0 0 0 0 0 0 0 0 0
          0 0 0 0 0 0 0 0 0
          0 0 0 0 0 0 0 0 0
          0 0 0 0 0 0 0 0 0
          0 0 0 0 0 0 0 0 0
          0 0 0 0 0 0 0 0 0
          0 0 0 0 0 0 0 0 0
          0 0 0 0 0 0 0 0 0
          0 0 0 0 0 0 0 0 0
          0 0 0 0 0 0 0 0 0
          0 0 0 0 0 0 0 0 0
          0 0 0 0 0 0 0 0 0
          0 0 0 0 0 0 0 0 0
          0 0 0 0 0 0 0 0 0
          0 0 0 0 0 0 0 0 0
          0 0 0 0 0 0 0 0 0
          0 0 0 0 0 0 0 0 0
          0 0 0 0 0 0 0 0 0
          0 0 0 0 0 0 0 0 0
          0 0 0 0 0 0 0 0 0
          0 0 0 0 0 0 0 0 0
          0 0 0 0 0 0 0 0 0
          0 0 0 0 0 0 0 0 0
          0 0 0 0 0 0 0 0 0
          0 0 0 0 0 0 0 0 0
          0 0 0 0 0 0 0 0 0
          0 0 0 0 0 0 0 0 0
          0 0 0 0 0 0 0 0 0
          0 0 0 0 0 0 0 0 0
          0 0 0 0 0 0 0 0 0
          0 0 0 0 0 0 0 0 0
          0 0 0 0 0 0 0 0 0
          0 0 0 0 0 0 0 0 0
          0 0 0 0 0 0 0 0 0
          0 0 0 0 0 0 0 0 0
          0 0 0 0 0 0 0 0 0
          0 0 0 0 0 0 0 0 0
          0 0 0 0 0 0 0 0 0
          0 0 0 0 0 0 0 0 0
          0 0 0 0 0 0 0 0 0
          0 0 0 0 0 0 0 0 0
          0 0 0 0 0 0 0 0 0
          0 0 0 0 0 0 0 0 0
          0 0 0 0 0 0 0 0 0
          0 0 0 0 0 0 0 0 0
          0 0 0 0 0 0 0 0 0
          0 0 0 0 0 0 0 0 0
          0 0 0 0 0 0 0 0 0
          0 0 0 0 0 0 0 0 0
          0 0 0 0 0 0 0 0 0
          0 0 0 0 0 0 0 0 0
          0 0 0 0 0 0 0 0 0
          0 0 0 0 0 0 0 0 0
          0 0 0 0 0 0 0 0 0
          0 0 0 0 0 0 0 0 0
          0 0 0 0 0 0 0 0 0
          0 0 0 0 0 0 0 0 0
          0 0 0 0 0 0 0 0 0
          0 0 0 0 0 0 0 0 0
          0 0 0 0 0 0 0 0 0
          0 0 0 0 0 0 0 0 0
          0 0 0 0 0 0 0 0 0
          0 0 0 0 0 0 0 0 0
          0 0 0 0 0 0 0 0 0
          0 0 0 0 0 0 0 0 0
          0 0 0 0 0 0 0 0 0
          0 0 0 0 0 0 0 0 0
          0 0 0 0 0 0 0 0 0
          0 0 0 0 0 0 0 0 0
          0 0 0 0 0 0 0 0 0
          0 0 0 0 0 0 0 0 0
          0 0 0 0 0 0 0 0 0
          0 0 0 0 0 0 0 0 0
          0 0 0 0 0 0 0 0 0
          0 0 0 0 0 0 0 0 0
          0 0 0 0 0 0 0 0 0
          0 0 0 0 0 0 0 0 0
          0 0 0 0 0 0 0 0 0
          0 0 0 0 0 0 0 0 0
          0 0 0 0 0 0 0 0 0
          0 0 0 0 0 0 0 0 0
          0 0 0 0 0 0 0 0 0
          0 0 0 0 0 0 0 0 0
          0 0 0 0 0 0 0 0 0
          0 0 0 0 0 0 0 0 0
          0 0 0 0 0 0 0 0 0
          0 0 0 0 0 0 0 0 0
          0 0 0 0 0 0 0 0 0
          0 0 0 0 0 0 0 0 0
          0 0 0 0 0 0 0 0 0
          0 0 0 0 0 0 0 0 0
          0 0 0 0 0 0 0 0 0
          0 0 0 0 0 0 0 0 0
          0 0 0 0 0 0 0 0 0
          0 0 0 0 0 0 0 0 0
          0 0 0 0 0 0 0 0 0
          0 0 0 0 0 0 0 0 0
          0 0 0 0 0 0 0 0 0
          0 0 0 0 0 0 0 0 0
          0 0 0 0 0 0 0 0 0
          0 0 0 0 0 0 0 0 0
          0 0 0 0 0 0 0 0 0
          0 0 0 0 0 0 0 0 0
          0 0 0 0 0 0 0 0 0
          0 0 0 0 0 0 0 0 0
          0 0 0 0 0 0 0 0 0
          0 0 0 0 0 0 0 0 0
          0 0 0 0 0 0 0 0 0
          0 0 0 0 0 0 0 0 0
          0 0 0 0 0 0 0 0 0
          0 0 0 0 0 0 0 0 0
          0 0 0 0 0 0 0 0 0
          0 0 0 0 0 0 0 0 0
          0 0 0 0 0 0 0 0 0
          0 0 0 0 0 0 0 0 0
          0 0 0 0 0 0 0 0 0
          0 0 0 0 0 0 0 0 0
          0 0 0 0 0 0 0 0 0
          0 0 0 0 0 0 0 0 0
          0 0 0 0 0 0 0 0 0
          0 0 0 0 0 0 0 0 0
          0 0 0 0 0 0 0 0 0
          0 0 0 0 0 0 0 0 0
          0 0 0 0 0 0 0 0 0
          0 0 0 0 0 0 0 0 0
          0 0 0 0 0 0 0 0 0
          0 0 0 0 0 0 0 0 0
          0 0 0 0 0 0 0 0 0
          0 0 0 0 0 0 0 0 0
          0 0 0 0 0 0 0 0 0
          0 0 0 0 0 0 0 0 0
          0 0 0 0 0 0 0 0 0
          0 0 0 0 0 0 0 0 0
          0 0 0 0 0 0 0 0 0
          0 0 0 0 0 0 0 0 0
          0 0 0 0 0 0 0 0 0
          0 0 0 0 0 0 0 0 0
          0 0 0 0 0 0 0 0 0
          0 0 0 0 0 0 0 0 0
          0 0 0 0 0 0 0 0 0
          0 0 0 0 0 0 0 0 0
          0 0 0 0 0 0 0 0 0
          0 0 0 0 0 0 0 0 0
          0 0 0 0 0 0 0 0 0
          0 0 0 0 0 0 0 0 0
          0 0 0 0 0 0 0 0 0
          0 0 0 0 0 0 0 0 0
          0 0 0 0 0 0 0 0 0
          0 0 0 0 0 0 0 0 0
          0 0 0 0 0 0 0 0 0
          0 0 0 0 0 0 0 0 0
          0 0 0 0 0 0 0 0 0
          0 0 0 0 0 0 0 0 0
          0 0 0 0 0 0 0 0 0
          0 0 0 0 0 0 0 0 0
          0 0 0 0 0 0 0 0 0
          0 0 0 0 0 0 0 0 0
          0 0 0 0 0 0 0 0 0
          0 0 0 0 0 0 0 0 0
          0 0 0 0 0 0 0 0 0
          0 0 0 0 0 0 0 0 0
          0 0 0 0 0 0 0 0 0
          0 0 0 0 0 0 0 0 0
          0 0 0 0 0 0 0 0 0
          0 0 0 0 0 0 0 0 0
          0 0 0 0 0 0 0 0 0
          0 0 0 0 0 0 0 0 0
          0 0 0 0 0 0 0 0 0
          0 0 0 0 0 0 0 0 0
          0 0 0 0 0 0 0 0 0
          0 0 0 0 0 0 0 0 0
          0 0 0 0 0 0 0 0 0
          0 0 0 0 0 0 0 0 0
          0 0 0 0 0 0 0 0 0
          0 0 0 0 0 0 0 0 0
          0 0 0 0 0 0 0 0 0
          0 0 0 0 0 0 0 0 0
          0 0 0 0 0 0 0 0 0
          0 0 0 0 0 0 0 0 0
          0 0 0 0 0 0 0 0 0
          0 0 0 0 0 0 0 0 0
          0 0 0 0 0 0 0 0 0
          0 0 0 0 0 0 0 0 0
          0 0 0 0 0 0 0 0 0
          0 0 0 0 0 0 0 0 0
          0 0 0 0 0 0 0 0 0
          0 0 0 0 0 0 0 0 0
          0 0 0 0 0 0 0 0 0
          0 0 0 0 0 0 0 0 0
          0 0 0 0 0 0 0 0 0
          0 0 0 0 0 0 0 0 0
          0 0 0 0 0 0 0 0 0
          0 0 0 0 0 0 0 0 0
          0 0 0 0 0 0 0 0 0
          0 0 0 0 0 0 0 0 0
          0 0 0 0 0 0 0 0 0
          0 0 0 0 0 0 0 0 0
          0 0 0 0 0 0 0 0 0
          0 0 0 0 0 0 0 0 0
          0 0 0 0 0 0 0 0 0
          0 0 0 0 0 0 0 0 0
          0 0 0 0 0 0 0 0 0
          0 0 0 0 0 0 0 0 0
          0 0 0 0 0 0 0 0 0
          0 0 0 0 0 0 0 0 0
          0 0 0 0 0 0 0 0 0
          0 0 0 0 0 0 0 0 0
          0 0 0 0 0 0 0 0 0
          0 0 0 0 0 0 0 0 0
          0 0 0 0 0 0 0 0 0
          0 0 0 0 0 0 0 0 0
          0 0 0 0 0 0 0 0 0
          0 0 0 0 0 0 0 0 0
          0 0 0 0 0 0 0 0 0
          0 0 0 0 0 0 0 0 0
          0 0 0 0 0 0 0 0 0
          0 0 0 0 0 0 0 0 0
          0 0 0 0 0 0 0 0 0
          0 0 0 0 0 0 0 0 0
          0 0 0 0 0 0 0 0 0
          0 0 0 0 0 0 0 0 0
          0 0 0 0 0 0 0 0 0
          0 0 0 0 0 0 0 0 0
          0 0 0 0 0 0 0 0 0
          0 0 0 0 0 0 0 0 0
          0 0 0 0 0 0 0 0 0
          0 0 0 0 0 0 0 0 0
          0 0 0 0 0 0 0 0 0
          0 0 0 0 0 0 0 0 0
          0 0 0 0 0 0 0 0 0
          0 0 0 0 0 0 0 0 0
          0 0 0 0 0 0 0 0 0
          0 0 0 0 0 0 0 0 0
          0 0 0 0 0 0 0 0 0
          0 0 0 0 0 0 0 0 0
          0 0 0 0 0 0 0 0 0
          0 0 0 0 0 0 0 0 0
          0 0 0 0 0 0 0 0 0
          0 0 0 0 0 0 0 0 0
          0 0 0 0 0 0 0 0 0
          0 0 0 0 0 0 0 0 0
          0 0 0 0 0 0 0 0 0
          0 0 0 0 0 0 0 0 0
          0 0 0 0 0 0 0 0 0
          0 0 0 0 0 0 0 0 0
          0 0 0 0 0 0 0 0 0
          0 0 0 0 0 0 0 0 0
          0 0 0 0 0 0 0 0 0
          0 0 0 0 0 0 0 0 0
          0 0 0 0 0 0 0 0 0
          0 0 0 0 0 0 0 0 0
          0 0 0 0 0 0 0 0 0
          0 0 0 0 0 0 0 0 0
          0 0 0 0 0 0 0 0 0
          0 0 0 0 0 0 0 0 0
          0 0 0 0 0 0 0 0 0
          0 0 0 0 0 0 0 0 0
          0 0 0 0 0 0 0 0 0
          0 0 0 0 0 0 0 0 0
          0 0 0 0 0 0 0 0 0
          0 0 0 0 0 0 0 0 0
          0 0 0 0 0 0 0 0 0
          0 0 0 0 0 0 0 0 0
          0 0 0 0 0 0 0 0 0
          0 0 0 0 0 0 0 0 0
          0 0 0 0 0 0 0 0 0
          0 0 0 0 0 0 0 0 0
          0 0 0 0 0 0 0 0 0
          0 0 0 0 0 0 0 0 0
          0 0 0 0 0 0 0 0 0
          0 0 0 0 0 0 0 0 0
          0 0 0 0 0 0 0 0 0
          0 0 0 0 0 0 0 0 0
          0 0 0 0 0 0 0 0 0
          0 0 0 0 0 0 0 0 0
          0 0 0 0 0 0 0 0 0
          0 0 0 0 0 0 0 0 0
          0 0 0 0 0 0 0 0 0
          0 0 0 0 0 0 0 0 0
          0 0 0 0 0 0 0 0 0
          0 0 0 0 0 0 0 0 0
          0 0 0 0 0 0 0 0 0
          0 0 0 0 0 0 0 0 0
          0 0 0 0 0 0 0 0 0
          0 0 0 0 0 0 0 0 0
          0 0 0 0 0 0 0 0 0
          0 0 0 0 0 0 0 0 0
          0 0 0 0 0 0 0 0 0
          0 0 0 0 0 0 0 0 0
          0 0 0 0 0 0 0 0 0
          0 0 0 0 0 0 0 0 0
          0 0 0 0 0 0 0 0 0
          0 0 0 0 0 0 0 0 0
          0 0 0 0 0 0 0 0 0
          0 0 0 0 0 0 0 0 0
          0 0 0 0 0 0 0 0 0
          0 0 0 0 0 0 0 0 0
          0 0 0 0 0 0 0 0 0
          0 0 0 0 0 0 0 0 0
          0 0 0 0 0 0 0 0 0
          0 0 0 0 0 0 0 0 0
          0 0 0 0 0 0 0 0 0
          0 0 0 0 0 0 0 0 0
          0 0 0 0 0 0 0 0 0
          0 0 0 0 0 0 0 0 0
          0 0 0 0 0 0 0 0 0
          0 0 0 0 0 0 0 0 0
          0 0 0 0 0 0 0 0 0
          0 0 0 0 0 0 0 0 0
          0 0 0 0 0 0 0 0 0
          0 0 0 0 0 0 0 0 0
          0 0 0 0 0 0 0 0 0
          0 0 0 0 0 0 0 0 0
          0 0 0 0 0 0 0 0 0
          0 0 0 0 0 0 0 0 0
          0 0 0 0 0 0 0 0 0
          0 0 0 0 0 0 0 0 0
          0 0 0 0 0 0 0 0 0
          0 0 0 0 0 0 0 0 0
          0 0 0 0 0 0 0 0 0
          0 0 0 0 0 0 0 0 0
          0 0 0 0 0 0 0 0 0
          0 0 0 0 0 0 0 0 0
          0 0 0 0 0 0 0 0 0
          0 0 0 0 0 0 0 0 0
          0 0 0 0 0 0 0 0 0
          0 0 0 0 0 0 0 0 0
          0 0 0 0 0 0 0 0 0
          0 0 0 0 0 0 0 0 0
          0 0 0 0 0 0 0 0 0
          0 0 0 0 0 0 0 0 0
          0 0 0 0 0 0 0 0 0
          0 0 0 0 0 0 0 0 0
          0 0 0 0 0 0 0 0 0
          0 0 0 0 0 0 0 0 0
          0 0 0 0 0 0 0 0 0
          0 0 0 0 0 0 0 0 0
          0 0 0 0 0 0 0 0 0
          0 0 0 0 0 0 0 0 0
          0 0 0 0 0 0 0 0 0
          0 0 0 0 0 0 0 0 0
          0 0 0 0 0 0 0 0 0
          0 0 0 0 0 0 0 0 0
          0 0 0 0 0 0 0 0 0
          0 0 0 0 0 0 0 0 0
          0 0 0 0 0 0 0 0 0
          0 0 0 0 0 0 0 0 0
          0 0 0 0 0 0 0 0 0
          0 0 0 0 0 0 0 0 0
          0 0 0 0 0 0 0 0 0
          0 0 0 0 0 0 0 0 0
          0 0 0 0 0 0 0 0 0
          0 0 0 0 0 0 0 0 0
          0 0 0 0 0 0 0 0 0
          0 0 0 0 0 0 0 0 0
          0 0 0 0 0 0 0 0 0
          0 0 0 0 0 0 0 0 0
          0 0 0 0 0 0 0 0 0
          0 0 0 0 0 0 0 0 0
          0 0 0 0 0 0 0 0 0
          0 0 0 0 0 0 0 0 0
          0 0 0 0 0 0 0 0 0
          0 0 0 0 0 0 0 0 0
          0 0 0 0 0 0 0 0 0
          0 0 0 0 0 0 0 0 0
          0 0 0 0 0 0 0 0 0
          0 0 0 0 0 0 0 0 0
          0 0 0 0 0 0 0 0 0
          0 0 0 0 0 0 0 0 0
          0 0 0 0 0 0 0 0 0
          0 0 0 0 0 0 0 0 0
          0 0 0 0 0 0 0 0 0
          0 0 0 0 0 0 0 0 0
          0 0 0 0 0 0 0 0 0
          0 0 0 0 0 0 0 0 0
          0 0 0 0 0 0 0 0 0
          0 0 0 0 0 0 0 0 0
          0 0 0 0 0 0 0 0 0
          0 0 0 0 0 0 0 0 0
          0 0 0 0 0 0 0 0 0
          0 0 0 0 0 0 0 0 0
          0 0 0 0 0 0 0 0 0
          0 0 0 0 0 0 0 0 0
          0 0 0 0 0 0 0 0 0
          0 0 0 0 0 0 0 0 0
          0 0 0 0 0 0 0 0 0
          0 0 0 0 0 0 0 0 0
          0 0 0 0 0 0 0 0 0
          0 0 0 0 0 0 0 0 0
          0 0 0 0 0 0 0 0 0
          0 0 0 0 0 0 0 0 0
          0 0 0 0 0 0 0 0 0
          0 0 0 0 0 0 0 0 0
          0 0 0 0 0 0 0 0 0
          0 0 0 0 0 0 0 0 0
          0 0 0 0 0 0 0 0 0
          0 0 0 0 0 0 0 0 0
          0 0 0 0 0 0 0 0 0
          0 0 0 0 0 0 0 0 0
          0 0 0 0 0 0 0 0 0
          0 0 0 0 0 0 0 0 0
          0 0 0 0 0 0 0 0 0
          0 0 0 0 0 0 0 0 0
          0 0 0 0 0 0 0 0 0
          0 0 0 0 0 0 0 0 0
          0 0 0 0 0 0 0 0 0
          0 0 0 0 0 0 0 0 0
          0 0 0 0 0 0 0 0 0
          0 0 0 0 0 0 0 0 0
          0 0 0 0 0 0 0 0 0
          0 0 0 0 0 0 0 0 0
          0 0 0 0 0 0 0 0 0
          0 0 0 0 0 0 0 0 0
          0 0 0 0 0 0 0 0 0
          0 0 0 0 0 0 0 0 0
          0 0 0 0 0 0 0 0 0
          0 0 0 0 0 0 0 0 0
          0 0 0 0 0 0 0 0 0
          0 0 0 0 0 0 0 0 0
          0 0 0 0 0 0 0 0 0
          0 0 0 0 0 0 0 0 0
          0 0 0 0 0 0 0 0 0
          0 0 0 0 0 0 0 0 0
          0 0 0 0 0 0 0 0 0
          0 0 0 0 0 0 0 0 0
          0 0 0 0 0 0 0 0 0
          0 0 0 0 0 0 0 0 0
          0 0 0 0 0 0 0 0 0
          0 0 0 0 0 0 0 0 0
          0 0 0 0 0 0 0 0 0
          0 0 0 0 0 0 0 0 0
          0 0 0 0 0 0 0 0 0
          0 0 0 0 0 0 0 0 0
          0 0 0 0 0 0 0 0 0
          0 0 0 0 0 0 0 0 0
          0 0 0 0 0 0 0 0 0
          0 0 0 0 0 0 0 0 0
          0 0 0 0 0 0 0 0 0
          0 0 0 0 0 0 0 0 0
          0 0 0 0 0 0 0 0 0
          0 0 0 0 0 0 0 0 0
          0 0 0 0 0 0 0 0 0
          0 0 0 0 0 0 0 0 0
          0 0 0 0 0 0 0 0 0
          0 0 0 0 0 0 0 0 0
          0 0 0 0 0 0 0 0 0
          0 0 0 0 0 0 0 0 0
          0 0 0 0 0 0 0 0 0
          0 0 0 0 0 0 0 0 0
          0 0 0 0 0 0 0 0 0
          0 0 0 0 0 0 0 0 0
          0 0 0 0 0 0 0 0 0
          0 0 0 0 0 0 0 0 0
          0 0 0 0 0 0 0 0 0
          0 0 0 0 0 0 0 0 0
          0 0 0 0 0 0 0 0 0
          0 0 0 0 0 0 0 0 0
          0 0 0 0 0 0 0 0 0
          0 0 0 0 0 0 0 0 0
          0 0 0 0 0 0 0 0 0
          0 0 0 0 0 0 0 0 0
          0 0 0 0 0 0 0 0 0
          0 0 0 0 0 0 0 0 0
          0 0 0 0 0 0 0 0 0
          0 0 0 0 0 0 0 0 0
          0 0 0 0 0 0 0 0 0
          0 0 0 0 0 0 0 0 0
          0 0 0 0 0 0 0 0 0
          0 0 0 0 0 0 0 0 0
          0 0 0 0 0 0 0 0 0
          0 0 0 0 0 0 0 0 0
          0 0 0 0 0 0 0 0 0
          0 0 0 0 0 0 0 0 0
          0 0 0 0 0 0 0 0 0
          0 0 0 0 0 0 0 0 0
          0 0 0 0 0 0 0 0 0
          0 0 0 0 0 0 0 0 0
          0 0 0 0 0 0 0 0 0
          0 0 0 0 0 0 0 0 0
          0 0 0 0 0 0 0 0 0
          0 0 0 0 0 0 0 0 0
          0 0 0 0 0 0 0 0 0
          0 0 0 0 0 0 0 0 0
          0 0 0 0 0 0 0 0 0
          0 0 0 0 0 0 0 0 0
          0 0 0 0 0 0 0 0 0
          0 0 0 0 0 0 0 0 0
          0 0 0 0 0 0 0 0 0
          0 0 0 0 0 0 0 0 0
          0 0 0 0 0 0 0 0 0
          0 0 0 0 0 0 0 0 0
          0 0 0 0 0 0 0 0 0
          0 0 0 0 0 0 0 0 0
          0 0 0 0 0 0 0 0 0
          0 0 0 0 0 0 0 0 0
          0 0 0 0 0 0 0 0 0
          0 0 0 0 0 0 0 0 0
          0 0 0 0 0 0 0 0 0
          0 0 0 0 0 0 0 0 0
          0 0 0 0 0 0 0 0 0
          0 0 0 0 0 0 0 0 0
          0 0 0 0 0 0 0 0 0
          0 0 0 0 0 0 0 0 0
          0 0 0 0 0 0 0 0 0
          0 0 0 0 0 0 0 0 0
          0 0 0 0 0 0 0 0 0
          0 0 0 0 0 0 0 0 0
          0 0 0 0 0 0 0 0 0
          0 0 0 0 0 0 0 0 0
          0 0 0 0 0 0 0 0 0
          0 0 0 0 0 0 0 0 0
          0 0 0 0 0 0 0 0 0
          0 0 0 0 0 0 0 0 0
          0 0 0 0 0 0 0 0 0
          0 0 0 0 0 0 0 0 0
          0 0 0 0 0 0 0 0 0
          0 0 0 0 0 0 0 0 0
          0 0 0 0 0 0 0 0 0
          0 0 0 0 0 0 0 0 0
          0 0 0 0 0 0 0 0 0
          0 0 0 0 0 0 0 0 0
          0 0 0 0 0 0 0 0 0
          0 0 0 0 0 0 0 0 0
          0 0 0 0 0 0 0 0 0
          0 0 0 0 0 0 0 0 0
          0 0 0 0 0 0 0 0 0
          0 0 0 0 0 0 0 0 0
          0 0 0 0 0 0 0 0 0
          0 0 0 0 0 0 0 0 0
          0 0 0 0 0 0 0 0 0
          0 0 0 0 0 0 0 0 0
          0 0 0 0 0 0 0 0 0
          0 0 0 0 0 0 0 0 0
          0 0 0 0 0 0 0 0 0
          0 0 0 0 0 0 0 0 0
          0 0 0 0 0 0 0 0 0
          0 0 0 0 0 0 0 0 0
          0 0 0 0 0 0 0 0 0
          0 0 0 0 0 0 0 0 0
          0 0 0 0 0 0 0 0 0
          0 0 0 0 0 0 0 0 0
          0 0 0 0 0 0 0 0 0
          0 0 0 0 0 0 0 0 0
          0 0 0 0 0 0 0 0 0
          0 0 0 0 0 0 0 0 0
          0 0 0 0 0 0 0 0 0
          0 0 0 0 0 0 0 0 0
          0 0 0 0 0 0 0 0 0
          0 0 0 0 0 0 0 0 0
          0 0 0 0 0 0 0 0 0
          0 0 0 0 0 0 0 0 0
          0 0 0 0 0 0 0 0 0
          0 0 0 0 0 0 0 0 0
          0 0 0 0 0 0 0 0 0
          0 0 0 0 0 0 0 0 0
          0 0 0 0 0 0 0 0 0
          0 0 0 0 0 0 0 0 0
          0 0 0 0 0 0 0 0 0
          0 0 0 0 0 0 0 0 0
          0 0 0 0 0 0 0 0 0
          0 0 0 0 0 0 0 0 0
          0 0 0 0 0 0 0 0 0
          0 0 0 0 0 0 0 0 0
          0 0 0 0 0 0 0 0 0
          0 0 0 0 0 0 0 0 0
          0 0 0 0 0 0 0 0 0
          0 0 0 0 0 0 0 0 0
          0 0 0 0 0 0 0 0 0
          0 0 0 0 0 0 0 0 0
          0 0 0 0 0 0 0 0 0
          0 0 0 0 0 0 0 0 0
          0 0 0 0 0 0 0 0 0
          0 0 0 0 0 0 0 0 0
          0 0 0 0 0 0 0 0 0
          0 0 0 0 0 0 0 0 0
          0 0 0 0 0 0 0 0 0
          0 0 0 0 0 0 0 0 0
          0 0 0 0 0 0 0 0 0
          0 0 0 0 0 0 0 0 0
          0 0 0 0 0 0 0 0 0
          0 0 0 0 0 0 0 0 0
          0 0 0 0 0 0 0 0 0
          0 0 0 0 0 0 0 0 0
          0 0 0 0 0 0 0 0 0
          0 0 0 0 0 0 0 0 0
          0 0 0 0 0 0 0 0 0
          0 0 0 0 0 0 0 0 0
          0 0 0 0 0 0 0 0 0
          0 0 0 0 0 0 0 0 0
          0 0 0 0 0 0 0 0 0
          0 0 0 0 0 0 0 0 0
          0 0 0 0 0 0 0 0 0
          0 0 0 0 0 0 0 0 0
          0 0 0 0 0 0 0 0 0
          0 0 0 0 0 0 0 0 0
          0 0 0 0 0 0 0 0 0
          0 0 0 0 0 0 0 0 0
          0 0 0 0 0 0 0 0 0
          0 0 0 0 0 0 0 0 0
          0 0 0 0 0 0 0 0 0
          0 0 0 0 0 0 0 0 0
          0 0 0 0 0 0 0 0 0
          0 0 0 0 0 0 0 0 0
          0 0 0 0 0 0 0 0 0
          0 0 0 0 0 0 0 0 0
          0 0 0 0 0 0 0 0 0
          0 0 0 0 0 0 0 0 0
          0 0 0 0 0 0 0 0 0
          0 0 0 0 0 0 0 0 0
          0 0 0 0 0 0 0 0 0
          0 0 0 0 0 0 0 0 0
          0 0 0 0 0 0 0 0 0
          0 0 0 0 0 0 0 0 0
          0 0 0 0 0 0 0 0 0
          0 0 0 0 0 0 0 0 0
          0 0 0 0 0 0 0 0 0
          0 0 0 0 0 0 0 0 0
          0 0 0 0 0 0 0 0 0
          0 0 0 0 0 0 0 0 0
          0 0 0 0 0 0 0 0 0
          0 0 0 0 0 0 0 0 0
          0 0 0 0 0 0 0 0 0
          0 0 0 0 0 0 0 0 0
          0 0 0 0 0 0 0 0 0
          0 0 0 0 0 0 0 0 0
          0 0 0 0 0 0 0 0 0
          0 0 0 0 0 0 0 0 0
          0 0 0 0 0 0 0 0 0
          0 0 0
        </DataArray>
        <DataArray type="Float64" Name="pressureCoeff" format="ascii">
          0 0 0 0 0 0 0 0 0
          0 0 0 0 0 0 0 0 0
          0 0 0 0 0 0 0 0 0
          0 0 0 0 0 0 0 0 0
          0 0 0 0 0 0 0 0 0
          0 0 0 0 0 0 0 0 0
          0 0 0 0 0 0 0 0 0
          0 0 0 0 0 0 0 0 0
          0 0 0 0 0 0 0 0 0
          0 0 0 0 0 0 0 0 0
          0 0 0 0 0 0 0 0 0
          0 0 0 0 0 0 0 0 0
          0 0 0 0 0 0 0 0 0
          0 0 0 0 0 0 0 0 0
          0 0 0 0 0 0 0 0 0
          0 0 0 0 0 0 0 0 0
          0 0 0 0 0 0 0 0 0
          0 0 0 0 0 0 0 0 0
          0 0 0 0 0 0 0 0 0
          0 0 0 0 0 0 0 0 0
          0 0 0 0 0 0 0 0 0
          0 0 0 0 0 0 0 0 0
          0 0 0 0 0 0 0 0 0
          0 0 0 0 0 0 0 0 0
          0 0 0 0 0 0 0 0 0
          0 0 0 0 0 0 0 0 0
          0 0 0 0 0 0 0 0 0
          0 0 0 0 0 0 0 0 0
          0 0 0 0 0 0 0 0 0
          0 0 0 0 0 0 0 0 0
          0 0 0 0 0 0 0 0 0
          0 0 0 0 0 0 0 0 0
          0 0 0 0 0 0 0 0 0
          0 0 0 0 0 0 0 0 0
          0 0 0 0 0 0 0 0 0
          0 0 0 0 0 0 0 0 0
          0 0 0 0 0 0 0 0 0
          0 0 0 0 0 0 0 0 0
          0 0 0 0 0 0 0 0 0
          0 0 0 0 0 0 0 0 0
          0 0 0 0 0 0 0 0 0
          0 0 0 0 0 0 0 0 0
          0 0 0 0 0 0 0 0 0
          0 0 0 0 0 0 0 0 0
          0 0 0 0 0 0 0 0 0
          0 0 0 0 0 0 0 0 0
          0 0 0 0 0 0 0 0 0
          0 0 0 0 0 0 0 0 0
          0 0 0 0 0 0 0 0 0
          0 0 0 0 0 0 0 0 0
          0 0 0 0 0 0 0 0 0
          0 0 0 0 0 0 0 0 0
          0 0 0 0 0 0 0 0 0
          0 0 0 0 0 0 0 0 0
          0 0 0 0 0 0 0 0 0
          0 0 0 0 0 0 0 0 0
          0 0 0 0 0 0 0 0 0
          0 0 0 0 0 0 0 0 0
          0 0 0 0 0 0 0 0 0
          0 0 0 0 0 0 0 0 0
          0 0 0 0 0 0 0 0 0
          0 0 0 0 0 0 0 0 0
          0 0 0 0 0 0 0 0 0
          0 0 0 0 0 0 0 0 0
          0 0 0 0 0 0 0 0 0
          0 0 0 0 0 0 0 0 0
          0 0 0 0 0 0 0 0 0
          0 0 0 0 0 0 0 0 0
          0 0 0 0 0 0 0 0 0
          0 0 0 0 0 0 0 0 0
          0 0 0 0 0 0 0 0 0
          0 0 0 0 0 0 0 0 0
          0 0 0 0 0 0 0 0 0
          0 0 0 0 0 0 0 0 0
          0 0 0 0 0 0 0 0 0
          0 0 0 0 0 0 0 0 0
          0 0 0 0 0 0 0 0 0
          0 0 0 0 0 0 0 0 0
          0 0 0 0 0 0 0 0 0
          0 0 0 0 0 0 0 0 0
          0 0 0 0 0 0 0 0 0
          0 0 0 0 0 0 0 0 0
          0 0 0 0 0 0 0 0 0
          0 0 0 0 0 0 0 0 0
          0 0 0 0 0 0 0 0 0
          0 0 0 0 0 0 0 0 0
          0 0 0 0 0 0 0 0 0
          0 0 0 0 0 0 0 0 0
          0 0 0 0 0 0 0 0 0
          0 0 0 0 0 0 0 0 0
          0 0 0 0 0 0 0 0 0
          0 0 0 0 0 0 0 0 0
          0 0 0 0 0 0 0 0 0
          0 0 0 0 0 0 0 0 0
          0 0 0 0 0 0 0 0 0
          0 0 0 0 0 0 0 0 0
          0 0 0 0 0 0 0 0 0
          0 0 0 0 0 0 0 0 0
          0 0 0 0 0 0 0 0 0
          0 0 0 0 0 0 0 0 0
          0 0 0 0 0 0 0 0 0
          0 0 0 0 0 0 0 0 0
          0 0 0 0 0 0 0 0 0
          0 0 0 0 0 0 0 0 0
          0 0 0 0 0 0 0 0 0
          0 0 0 0 0 0 0 0 0
          0 0 0 0 0 0 0 0 0
          0 0 0 0 0 0 0 0 0
          0 0 0 0 0 0 0 0 0
          0 0 0 0 0 0 0 0 0
          0 0 0 0 0 0 0 0 0
          0 0 0 0 0 0 0 0 0
          0 0 0 0 0 0 0 0 0
          0 0 0 0 0 0 0 0 0
          0 0 0 0 0 0 0 0 0
          0 0 0 0 0 0 0 0 0
          0 0 0 0 0 0 0 0 0
          0 0 0 0 0 0 0 0 0
          0 0 0 0 0 0 0 0 0
          0 0 0 0 0 0 0 0 0
          0 0 0 0 0 0 0 0 0
          0 0 0 0 0 0 0 0 0
          0 0 0 0 0 0 0 0 0
          0 0 0 0 0 0 0 0 0
          0 0 0 0 0 0 0 0 0
          0 0 0 0 0 0 0 0 0
          0 0 0 0 0 0 0 0 0
          0 0 0 0 0 0 0 0 0
          0 0 0 0 0 0 0 0 0
          0 0 0 0 0 0 0 0 0
          0 0 0 0 0 0 0 0 0
          0 0 0 0 0 0 0 0 0
          0 0 0 0 0 0 0 0 0
          0 0 0 0 0 0 0 0 0
          0 0 0 0 0 0 0 0 0
          0 0 0 0 0 0 0 0 0
          0 0 0 0 0 0 0 0 0
          0 0 0 0 0 0 0 0 0
          0 0 0 0 0 0 0 0 0
          0 0 0 0 0 0 0 0 0
          0 0 0 0 0 0 0 0 0
          0 0 0 0 0 0 0 0 0
          0 0 0 0 0 0 0 0 0
          0 0 0 0 0 0 0 0 0
          0 0 0 0 0 0 0 0 0
          0 0 0 0 0 0 0 0 0
          0 0 0 0 0 0 0 0 0
          0 0 0 0 0 0 0 0 0
          0 0 0 0 0 0 0 0 0
          0 0 0 0 0 0 0 0 0
          0 0 0 0 0 0 0 0 0
          0 0 0 0 0 0 0 0 0
          0 0 0 0 0 0 0 0 0
          0 0 0 0 0 0 0 0 0
          0 0 0 0 0 0 0 0 0
          0 0 0 0 0 0 0 0 0
          0 0 0 0 0 0 0 0 0
          0 0 0 0 0 0 0 0 0
          0 0 0 0 0 0 0 0 0
          0 0 0 0 0 0 0 0 0
          0 0 0 0 0 0 0 0 0
          0 0 0 0 0 0 0 0 0
          0 0 0 0 0 0 0 0 0
          0 0 0 0 0 0 0 0 0
          0 0 0 0 0 0 0 0 0
          0 0 0 0 0 0 0 0 0
          0 0 0 0 0 0 0 0 0
          0 0 0 0 0 0 0 0 0
          0 0 0 0 0 0 0 0 0
          0 0 0 0 0 0 0 0 0
          0 0 0 0 0 0 0 0 0
          0 0 0 0 0 0 0 0 0
          0 0 0 0 0 0 0 0 0
          0 0 0 0 0 0 0 0 0
          0 0 0 0 0 0 0 0 0
          0 0 0 0 0 0 0 0 0
          0 0 0 0 0 0 0 0 0
          0 0 0 0 0 0 0 0 0
          0 0 0 0 0 0 0 0 0
          0 0 0 0 0 0 0 0 0
          0 0 0 0 0 0 0 0 0
          0 0 0 0 0 0 0 0 0
          0 0 0 0 0 0 0 0 0
          0 0 0 0 0 0 0 0 0
          0 0 0 0 0 0 0 0 0
          0 0 0 0 0 0 0 0 0
          0 0 0 0 0 0 0 0 0
          0 0 0 0 0 0 0 0 0
          0 0 0 0 0 0 0 0 0
          0 0 0 0 0 0 0 0 0
          0 0 0 0 0 0 0 0 0
          0 0 0 0 0 0 0 0 0
          0 0 0 0 0 0 0 0 0
          0 0 0 0 0 0 0 0 0
          0 0 0 0 0 0 0 0 0
          0 0 0 0 0 0 0 0 0
          0 0 0 0 0 0 0 0 0
          0 0 0 0 0 0 0 0 0
          0 0 0 0 0 0 0 0 0
          0 0 0 0 0 0 0 0 0
          0 0 0 0 0 0 0 0 0
          0 0 0 0 0 0 0 0 0
          0 0 0 0 0 0 0 0 0
          0 0 0 0 0 0 0 0 0
          0 0 0 0 0 0 0 0 0
          0 0 0 0 0 0 0 0 0
          0 0 0 0 0 0 0 0 0
          0 0 0 0 0 0 0 0 0
          0 0 0 0 0 0 0 0 0
          0 0 0 0 0 0 0 0 0
          0 0 0 0 0 0 0 0 0
          0 0 0 0 0 0 0 0 0
          0 0 0 0 0 0 0 0 0
          0 0 0 0 0 0 0 0 0
          0 0 0 0 0 0 0 0 0
          0 0 0 0 0 0 0 0 0
          0 0 0 0 0 0 0 0 0
          0 0 0 0 0 0 0 0 0
          0 0 0 0 0 0 0 0 0
          0 0 0 0 0 0 0 0 0
          0 0 0 0 0 0 0 0 0
          0 0 0 0 0 0 0 0 0
          0 0 0 0 0 0 0 0 0
          0 0 0 0 0 0 0 0 0
          0 0 0 0 0 0 0 0 0
          0 0 0 0 0 0 0 0 0
          0 0 0 0 0 0 0 0 0
          0 0 0 0 0 0 0 0 0
          0 0 0 0 0 0 0 0 0
          0 0 0 0 0 0 0 0 0
          0 0 0 0 0 0 0 0 0
          0 0 0 0 0 0 0 0 0
          0 0 0 0 0 0 0 0 0
          0 0 0 0 0 0 0 0 0
          0 0 0 0 0 0 0 0 0
          0 0 0 0 0 0 0 0 0
          0 0 0 0 0 0 0 0 0
          0 0 0 0 0 0 0 0 0
          0 0 0 0 0 0 0 0 0
          0 0 0 0 0 0 0 0 0
          0 0 0 0 0 0 0 0 0
          0 0 0 0 0 0 0 0 0
          0 0 0 0 0 0 0 0 0
          0 0 0 0 0 0 0 0 0
          0 0 0 0 0 0 0 0 0
          0 0 0 0 0 0 0 0 0
          0 0 0 0 0 0 0 0 0
          0 0 0 0 0 0 0 0 0
          0 0 0 0 0 0 0 0 0
          0 0 0 0 0 0 0 0 0
          0 0 0 0 0 0 0 0 0
          0 0 0 0 0 0 0 0 0
          0 0 0 0 0 0 0 0 0
          0 0 0 0 0 0 0 0 0
          0 0 0 0 0 0 0 0 0
          0 0 0 0 0 0 0 0 0
          0 0 0 0 0 0 0 0 0
          0 0 0 0 0 0 0 0 0
          0 0 0 0 0 0 0 0 0
          0 0 0 0 0 0 0 0 0
          0 0 0 0 0 0 0 0 0
          0 0 0 0 0 0 0 0 0
          0 0 0 0 0 0 0 0 0
          0 0 0 0 0 0 0 0 0
          0 0 0 0 0 0 0 0 0
          0 0 0 0 0 0 0 0 0
          0 0 0 0 0 0 0 0 0
          0 0 0 0 0 0 0 0 0
          0 0 0 0 0 0 0 0 0
          0 0 0 0 0 0 0 0 0
          0 0 0 0 0 0 0 0 0
          0 0 0 0 0 0 0 0 0
          0 0 0 0 0 0 0 0 0
          0 0 0 0 0 0 0 0 0
          0 0 0 0 0 0 0 0 0
          0 0 0 0 0 0 0 0 0
          0 0 0 0 0 0 0 0 0
          0 0 0 0 0 0 0 0 0
          0 0 0 0 0 0 0 0 0
          0 0 0 0 0 0 0 0 0
          0 0 0 0 0 0 0 0 0
          0 0 0 0 0 0 0 0 0
          0 0 0 0 0 0 0 0 0
          0 0 0 0 0 0 0 0 0
          0 0 0 0 0 0 0 0 0
          0 0 0 0 0 0 0 0 0
          0 0 0 0 0 0 0 0 0
          0 0 0 0 0 0 0 0 0
          0 0 0 0 0 0 0 0 0
          0 0 0 0 0 0 0 0 0
          0 0 0 0 0 0 0 0 0
          0 0 0 0 0 0 0 0 0
          0 0 0 0 0 0 0 0 0
          0 0 0 0 0 0 0 0 0
          0 0 0 0 0 0 0 0 0
          0 0 0 0 0 0 0 0 0
          0 0 0 0 0 0 0 0 0
          0 0 0 0 0 0 0 0 0
          0 0 0 0 0 0 0 0 0
          0 0 0 0 0 0 0 0 0
          0 0 0 0 0 0 0 0 0
          0 0 0 0 0 0 0 0 0
          0 0 0 0 0 0 0 0 0
          0 0 0 0 0 0 0 0 0
          0 0 0 0 0 0 0 0 0
          0 0 0 0 0 0 0 0 0
          0 0 0 0 0 0 0 0 0
          0 0 0 0 0 0 0 0 0
          0 0 0 0 0 0 0 0 0
          0 0 0 0 0 0 0 0 0
          0 0 0 0 0 0 0 0 0
          0 0 0 0 0 0 0 0 0
          0 0 0 0 0 0 0 0 0
          0 0 0 0 0 0 0 0 0
          0 0 0 0 0 0 0 0 0
          0 0 0 0 0 0 0 0 0
          0 0 0 0 0 0 0 0 0
          0 0 0 0 0 0 0 0 0
          0 0 0 0 0 0 0 0 0
          0 0 0 0 0 0 0 0 0
          0 0 0 0 0 0 0 0 0
          0 0 0 0 0 0 0 0 0
          0 0 0 0 0 0 0 0 0
          0 0 0 0 0 0 0 0 0
          0 0 0 0 0 0 0 0 0
          0 0 0 0 0 0 0 0 0
          0 0 0 0 0 0 0 0 0
          0 0 0 0 0 0 0 0 0
          0 0 0 0 0 0 0 0 0
          0 0 0 0 0 0 0 0 0
          0 0 0 0 0 0 0 0 0
          0 0 0 0 0 0 0 0 0
          0 0 0 0 0 0 0 0 0
          0 0 0 0 0 0 0 0 0
          0 0 0 0 0 0 0 0 0
          0 0 0 0 0 0 0 0 0
          0 0 0 0 0 0 0 0 0
          0 0 0 0 0 0 0 0 0
          0 0 0 0 0 0 0 0 0
          0 0 0 0 0 0 0 0 0
          0 0 0 0 0 0 0 0 0
          0 0 0 0 0 0 0 0 0
          0 0 0 0 0 0 0 0 0
          0 0 0 0 0 0 0 0 0
          0 0 0 0 0 0 0 0 0
          0 0 0 0 0 0 0 0 0
          0 0 0 0 0 0 0 0 0
          0 0 0 0 0 0 0 0 0
          0 0 0 0 0 0 0 0 0
          0 0 0 0 0 0 0 0 0
          0 0 0 0 0 0 0 0 0
          0 0 0 0 0 0 0 0 0
          0 0 0 0 0 0 0 0 0
          0 0 0 0 0 0 0 0 0
          0 0 0 0 0 0 0 0 0
          0 0 0 0 0 0 0 0 0
          0 0 0 0 0 0 0 0 0
          0 0 0 0 0 0 0 0 0
          0 0 0 0 0 0 0 0 0
          0 0 0 0 0 0 0 0 0
          0 0 0 0 0 0 0 0 0
          0 0 0 0 0 0 0 0 0
          0 0 0 0 0 0 0 0 0
          0 0 0 0 0 0 0 0 0
          0 0 0 0 0 0 0 0 0
          0 0 0 0 0 0 0 0 0
          0 0 0 0 0 0 0 0 0
          0 0 0 0 0 0 0 0 0
          0 0 0 0 0 0 0 0 0
          0 0 0 0 0 0 0 0 0
          0 0 0 0 0 0 0 0 0
          0 0 0 0 0 0 0 0 0
          0 0 0 0 0 0 0 0 0
          0 0 0 0 0 0 0 0 0
          0 0 0 0 0 0 0 0 0
          0 0 0 0 0 0 0 0 0
          0 0 0 0 0 0 0 0 0
          0 0 0 0 0 0 0 0 0
          0 0 0 0 0 0 0 0 0
          0 0 0 0 0 0 0 0 0
          0 0 0 0 0 0 0 0 0
          0 0 0 0 0 0 0 0 0
          0 0 0 0 0 0 0 0 0
          0 0 0 0 0 0 0 0 0
          0 0 0 0 0 0 0 0 0
          0 0 0 0 0 0 0 0 0
          0 0 0 0 0 0 0 0 0
          0 0 0 0 0 0 0 0 0
          0 0 0 0 0 0 0 0 0
          0 0 0 0 0 0 0 0 0
          0 0 0 0 0 0 0 0 0
          0 0 0 0 0 0 0 0 0
          0 0 0 0 0 0 0 0 0
          0 0 0 0 0 0 0 0 0
          0 0 0 0 0 0 0 0 0
          0 0 0 0 0 0 0 0 0
          0 0 0 0 0 0 0 0 0
          0 0 0 0 0 0 0 0 0
          0 0 0 0 0 0 0 0 0
          0 0 0 0 0 0 0 0 0
          0 0 0 0 0 0 0 0 0
          0 0 0 0 0 0 0 0 0
          0 0 0 0 0 0 0 0 0
          0 0 0 0 0 0 0 0 0
          0 0 0 0 0 0 0 0 0
          0 0 0 0 0 0 0 0 0
          0 0 0 0 0 0 0 0 0
          0 0 0 0 0 0 0 0 0
          0 0 0 0 0 0 0 0 0
          0 0 0 0 0 0 0 0 0
          0 0 0 0 0 0 0 0 0
          0 0 0 0 0 0 0 0 0
          0 0 0 0 0 0 0 0 0
          0 0 0 0 0 0 0 0 0
          0 0 0 0 0 0 0 0 0
          0 0 0 0 0 0 0 0 0
          0 0 0 0 0 0 0 0 0
          0 0 0 0 0 0 0 0 0
          0 0 0 0 0 0 0 0 0
          0 0 0 0 0 0 0 0 0
          0 0 0 0 0 0 0 0 0
          0 0 0 0 0 0 0 0 0
          0 0 0 0 0 0 0 0 0
          0 0 0 0 0 0 0 0 0
          0 0 0 0 0 0 0 0 0
          0 0 0 0 0 0 0 0 0
          0 0 0 0 0 0 0 0 0
          0 0 0 0 0 0 0 0 0
          0 0 0 0 0 0 0 0 0
          0 0 0 0 0 0 0 0 0
          0 0 0 0 0 0 0 0 0
          0 0 0 0 0 0 0 0 0
          0 0 0 0 0 0 0 0 0
          0 0 0 0 0 0 0 0 0
          0 0 0 0 0 0 0 0 0
          0 0 0 0 0 0 0 0 0
          0 0 0 0 0 0 0 0 0
          0 0 0 0 0 0 0 0 0
          0 0 0 0 0 0 0 0 0
          0 0 0 0 0 0 0 0 0
          0 0 0 0 0 0 0 0 0
          0 0 0 0 0 0 0 0 0
          0 0 0 0 0 0 0 0 0
          0 0 0 0 0 0 0 0 0
          0 0 0 0 0 0 0 0 0
          0 0 0 0 0 0 0 0 0
          0 0 0 0 0 0 0 0 0
          0 0 0 0 0 0 0 0 0
          0 0 0 0 0 0 0 0 0
          0 0 0 0 0 0 0 0 0
          0 0 0 0 0 0 0 0 0
          0 0 0 0 0 0 0 0 0
          0 0 0 0 0 0 0 0 0
          0 0 0 0 0 0 0 0 0
          0 0 0 0 0 0 0 0 0
          0 0 0 0 0 0 0 0 0
          0 0 0 0 0 0 0 0 0
          0 0 0 0 0 0 0 0 0
          0 0 0 0 0 0 0 0 0
          0 0 0 0 0 0 0 0 0
          0 0 0 0 0 0 0 0 0
          0 0 0 0 0 0 0 0 0
          0 0 0 0 0 0 0 0 0
          0 0 0 0 0 0 0 0 0
          0 0 0 0 0 0 0 0 0
          0 0 0 0 0 0 0 0 0
          0 0 0 0 0 0 0 0 0
          0 0 0 0 0 0 0 0 0
          0 0 0 0 0 0 0 0 0
          0 0 0 0 0 0 0 0 0
          0 0 0 0 0 0 0 0 0
          0 0 0 0 0 0 0 0 0
          0 0 0 0 0 0 0 0 0
          0 0 0 0 0 0 0 0 0
          0 0 0 0 0 0 0 0 0
          0 0 0 0 0 0 0 0 0
          0 0 0 0 0 0 0 0 0
          0 0 0 0 0 0 0 0 0
          0 0 0 0 0 0 0 0 0
          0 0 0 0 0 0 0 0 0
          0 0 0 0 0 0 0 0 0
          0 0 0 0 0 0 0 0 0
          0 0 0 0 0 0 0 0 0
          0 0 0 0 0 0 0 0 0
          0 0 0 0 0 0 0 0 0
          0 0 0 0 0 0 0 0 0
          0 0 0 0 0 0 0 0 0
          0 0 0 0 0 0 0 0 0
          0 0 0 0 0 0 0 0 0
          0 0 0 0 0 0 0 0 0
          0 0 0 0 0 0 0 0 0
          0 0 0 0 0 0 0 0 0
          0 0 0 0 0 0 0 0 0
          0 0 0 0 0 0 0 0 0
          0 0 0 0 0 0 0 0 0
          0 0 0 0 0 0 0 0 0
          0 0 0 0 0 0 0 0 0
          0 0 0 0 0 0 0 0 0
          0 0 0 0 0 0 0 0 0
          0 0 0 0 0 0 0 0 0
          0 0 0 0 0 0 0 0 0
          0 0 0 0 0 0 0 0 0
          0 0 0 0 0 0 0 0 0
          0 0 0 0 0 0 0 0 0
          0 0 0 0 0 0 0 0 0
          0 0 0 0 0 0 0 0 0
          0 0 0 0 0 0 0 0 0
          0 0 0 0 0 0 0 0 0
          0 0 0 0 0 0 0 0 0
          0 0 0 0 0 0 0 0 0
          0 0 0 0 0 0 0 0 0
          0 0 0 0 0 0 0 0 0
          0 0 0 0 0 0 0 0 0
          0 0 0 0 0 0 0 0 0
          0 0 0 0 0 0 0 0 0
          0 0 0 0 0 0 0 0 0
          0 0 0 0 0 0 0 0 0
          0 0 0 0 0 0 0 0 0
          0 0 0 0 0 0 0 0 0
          0 0 0 0 0 0 0 0 0
          0 0 0 0 0 0 0 0 0
          0 0 0 0 0 0 0 0 0
          0 0 0 0 0 0 0 0 0
          0 0 0 0 0 0 0 0 0
          0 0 0 0 0 0 0 0 0
          0 0 0 0 0 0 0 0 0
          0 0 0 0 0 0 0 0 0
          0 0 0 0 0 0 0 0 0
          0 0 0 0 0 0 0 0 0
          0 0 0 0 0 0 0 0 0
          0 0 0 0 0 0 0 0 0
          0 0 0 0 0 0 0 0 0
          0 0 0 0 0 0 0 0 0
          0 0 0 0 0 0 0 0 0
          0 0 0 0 0 0 0 0 0
          0 0 0 0 0 0 0 0 0
          0 0 0 0 0 0 0 0 0
          0 0 0 0 0 0 0 0 0
          0 0 0 0 0 0 0 0 0
          0 0 0 0 0 0 0 0 0
          0 0 0 0 0 0 0 0 0
          0 0 0 0 0 0 0 0 0
          0 0 0 0 0 0 0 0 0
          0 0 0 0 0 0 0 0 0
          0 0 0 0 0 0 0 0 0
          0 0 0 0 0 0 0 0 0
          0 0 0 0 0 0 0 0 0
          0 0 0 0 0 0 0 0 0
          0 0 0 0 0 0 0 0 0
          0 0 0 0 0 0 0 0 0
          0 0 0 0 0 0 0 0 0
          0 0 0 0 0 0 0 0 0
          0 0 0 0 0 0 0 0 0
          0 0 0 0 0 0 0 0 0
          0 0 0 0 0 0 0 0 0
          0 0 0 0 0 0 0 0 0
          0 0 0 0 0 0 0 0 0
          0 0 0 0 0 0 0 0 0
          0 0 0 0 0 0 0 0 0
          0 0 0 0 0 0 0 0 0
          0 0 0 0 0 0 0 0 0
          0 0 0 0 0 0 0 0 0
          0 0 0 0 0 0 0 0 0
          0 0 0 0 0 0 0 0 0
          0 0 0 0 0 0 0 0 0
          0 0 0 0 0 0 0 0 0
          0 0 0 0 0 0 0 0 0
          0 0 0 0 0 0 0 0 0
          0 0 0 0 0 0 0 0 0
          0 0 0 0 0 0 0 0 0
          0 0 0 0 0 0 0 0 0
          0 0 0 0 0 0 0 0 0
          0 0 0 0 0 0 0 0 0
          0 0 0 0 0 0 0 0 0
          0 0 0 0 0 0 0 0 0
          0 0 0 0 0 0 0 0 0
          0 0 0 0 0 0 0 0 0
          0 0 0 0 0 0 0 0 0
          0 0 0 0 0 0 0 0 0
          0 0 0 0 0 0 0 0 0
          0 0 0 0 0 0 0 0 0
          0 0 0 0 0 0 0 0 0
          0 0 0 0 0 0 0 0 0
          0 0 0 0 0 0 0 0 0
          0 0 0 0 0 0 0 0 0
          0 0 0 0 0 0 0 0 0
          0 0 0 0 0 0 0 0 0
          0 0 0 0 0 0 0 0 0
          0 0 0 0 0 0 0 0 0
          0 0 0 0 0 0 0 0 0
          0 0 0 0 0 0 0 0 0
          0 0 0 0 0 0 0 0 0
          0 0 0 0 0 0 0 0 0
          0 0 0 0 0 0 0 0 0
          0 0 0 0 0 0 0 0 0
          0 0 0 0 0 0 0 0 0
          0 0 0 0 0 0 0 0 0
          0 0 0 0 0 0 0 0 0
          0 0 0 0 0 0 0 0 0
          0 0 0 0 0 0 0 0 0
          0 0 0 0 0 0 0 0 0
          0 0 0 0 0 0 0 0 0
          0 0 0 0 0 0 0 0 0
          0 0 0 0 0 0 0 0 0
          0 0 0 0 0 0 0 0 0
          0 0 0 0 0 0 0 0 0
          0 0 0 0 0 0 0 0 0
          0 0 0 0 0 0 0 0 0
          0 0 0 0 0 0 0 0 0
          0 0 0 0 0 0 0 0 0
          0 0 0 0 0 0 0 0 0
          0 0 0 0 0 0 0 0 0
          0 0 0 0 0 0 0 0 0
          0 0 0 0 0 0 0 0 0
          0 0 0 0 0 0 0 0 0
          0 0 0 0 0 0 0 0 0
          0 0 0 0 0 0 0 0 0
          0 0 0 0 0 0 0 0 0
          0 0 0 0 0 0 0 0 0
          0 0 0 0 0 0 0 0 0
          0 0 0 0 0 0 0 0 0
          0 0 0 0 0 0 0 0 0
          0 0 0 0 0 0 0 0 0
          0 0 0 0 0 0 0 0 0
          0 0 0 0 0 0 0 0 0
          0 0 0 0 0 0 0 0 0
          0 0 0 0 0 0 0 0 0
          0 0 0 0 0 0 0 0 0
          0 0 0 0 0 0 0 0 0
          0 0 0 0 0 0 0 0 0
          0 0 0 0 0 0 0 0 0
          0 0 0 0 0 0 0 0 0
          0 0 0 0 0 0 0 0 0
          0 0 0 0 0 0 0 0 0
          0 0 0 0 0 0 0 0 0
          0 0 0 0 0 0 0 0 0
          0 0 0 0 0 0 0 0 0
          0 0 0 0 0 0 0 0 0
          0 0 0 0 0 0 0 0 0
          0 0 0 0 0 0 0 0 0
          0 0 0 0 0 0 0 0 0
          0 0 0 0 0 0 0 0 0
          0 0 0 0 0 0 0 0 0
          0 0 0 0 0 0 0 0 0
          0 0 0 0 0 0 0 0 0
          0 0 0 0 0 0 0 0 0
          0 0 0 0 0 0 0 0 0
          0 0 0 0 0 0 0 0 0
          0 0 0 0 0 0 0 0 0
          0 0 0 0 0 0 0 0 0
          0 0 0 0 0 0 0 0 0
          0 0 0 0 0 0 0 0 0
          0 0 0 0 0 0 0 0 0
          0 0 0 0 0 0 0 0 0
          0 0 0 0 0 0 0 0 0
          0 0 0 0 0 0 0 0 0
          0 0 0 0 0 0 0 0 0
          0 0 0 0 0 0 0 0 0
          0 0 0 0 0 0 0 0 0
          0 0 0 0 0 0 0 0 0
          0 0 0 0 0 0 0 0 0
          0 0 0 0 0 0 0 0 0
          0 0 0 0 0 0 0 0 0
          0 0 0 0 0 0 0 0 0
          0 0 0 0 0 0 0 0 0
          0 0 0 0 0 0 0 0 0
          0 0 0 0 0 0 0 0 0
          0 0 0 0 0 0 0 0 0
          0 0 0 0 0 0 0 0 0
          0 0 0 0 0 0 0 0 0
          0 0 0 0 0 0 0 0 0
          0 0 0 0 0 0 0 0 0
          0 0 0 0 0 0 0 0 0
          0 0 0 0 0 0 0 0 0
          0 0 0 0 0 0 0 0 0
          0 0 0 0 0 0 0 0 0
          0 0 0 0 0 0 0 0 0
          0 0 0 0 0 0 0 0 0
          0 0 0 0 0 0 0 0 0
          0 0 0 0 0 0 0 0 0
          0 0 0 0 0 0 0 0 0
          0 0 0 0 0 0 0 0 0
          0 0 0 0 0 0 0 0 0
          0 0 0 0 0 0 0 0 0
          0 0 0 0 0 0 0 0 0
          0 0 0 0 0 0 0 0 0
          0 0 0 0 0 0 0 0 0
          0 0 0 0 0 0 0 0 0
          0 0 0 0 0 0 0 0 0
          0 0 0 0 0 0 0 0 0
          0 0 0 0 0 0 0 0 0
          0 0 0 0 0 0 0 0 0
          0 0 0 0 0 0 0 0 0
          0 0 0 0 0 0 0 0 0
          0 0 0 0 0 0 0 0 0
          0 0 0 0 0 0 0 0 0
          0 0 0 0 0 0 0 0 0
          0 0 0 0 0 0 0 0 0
          0 0 0 0 0 0 0 0 0
          0 0 0 0 0 0 0 0 0
          0 0 0 0 0 0 0 0 0
          0 0 0 0 0 0 0 0 0
          0 0 0 0 0 0 0 0 0
          0 0 0 0 0 0 0 0 0
          0 0 0 0 0 0 0 0 0
          0 0 0 0 0 0 0 0 0
          0 0 0 0 0 0 0 0 0
          0 0 0 0 0 0 0 0 0
          0 0 0 0 0 0 0 0 0
          0 0 0 0 0 0 0 0 0
          0 0 0 0 0 0 0 0 0
          0 0 0 0 0 0 0 0 0
          0 0 0 0 0 0 0 0 0
          0 0 0 0 0 0 0 0 0
          0 0 0 0 0 0 0 0 0
          0 0 0 0 0 0 0 0 0
          0 0 0 0 0 0 0 0 0
          0 0 0 0 0 0 0 0 0
          0 0 0 0 0 0 0 0 0
          0 0 0 0 0 0 0 0 0
          0 0 0 0 0 0 0 0 0
          0 0 0 0 0 0 0 0 0
          0 0 0 0 0 0 0 0 0
          0 0 0 0 0 0 0 0 0
          0 0 0 0 0 0 0 0 0
          0 0 0 0 0 0 0 0 0
          0 0 0 0 0 0 0 0 0
          0 0 0 0 0 0 0 0 0
          0 0 0 0 0 0 0 0 0
          0 0 0 0 0 0 0 0 0
          0 0 0 0 0 0 0 0 0
          0 0 0 0 0 0 0 0 0
          0 0 0 0 0 0 0 0 0
          0 0 0 0 0 0 0 0 0
          0 0 0 0 0 0 0 0 0
          0 0 0 0 0 0 0 0 0
          0 0 0 0 0 0 0 0 0
          0 0 0 0 0 0 0 0 0
          0 0 0 0 0 0 0 0 0
          0 0 0 0 0 0 0 0 0
          0 0 0 0 0 0 0 0 0
          0 0 0 0 0 0 0 0 0
          0 0 0 0 0 0 0 0 0
          0 0 0 0 0 0 0 0 0
          0 0 0 0 0 0 0 0 0
          0 0 0 0 0 0 0 0 0
          0 0 0 0 0 0 0 0 0
          0 0 0 0 0 0 0 0 0
          0 0 0 0 0 0 0 0 0
          0 0 0 0 0 0 0 0 0
          0 0 0 0 0 0 0 0 0
          0 0 0 0 0 0 0 0 0
          0 0 0 0 0 0 0 0 0
          0 0 0 0 0 0 0 0 0
          0 0 0 0 0 0 0 0 0
          0 0 0 0 0 0 0 0 0
          0 0 0 0 0 0 0 0 0
          0 0 0 0 0 0 0 0 0
          0 0 0 0 0 0 0 0 0
          0 0 0 0 0 0 0 0 0
          0 0 0 0 0 0 0 0 0
          0 0 0 0 0 0 0 0 0
          0 0 0 0 0 0 0 0 0
          0 0 0 0 0 0 0 0 0
          0 0 0 0 0 0 0 0 0
          0 0 0 0 0 0 0 0 0
          0 0 0 0 0 0 0 0 0
          0 0 0 0 0 0 0 0 0
          0 0 0 0 0 0 0 0 0
          0 0 0 0 0 0 0 0 0
          0 0 0 0 0 0 0 0 0
          0 0 0 0 0 0 0 0 0
          0 0 0 0 0 0 0 0 0
          0 0 0 0 0 0 0 0 0
          0 0 0 0 0 0 0 0 0
          0 0 0 0 0 0 0 0 0
          0 0 0 0 0 0 0 0 0
          0 0 0 0 0 0 0 0 0
          0 0 0 0 0 0 0 0 0
          0 0 0 0 0 0 0 0 0
          0 0 0 0 0 0 0 0 0
          0 0 0 0 0 0 0 0 0
          0 0 0 0 0 0 0 0 0
          0 0 0 0 0 0 0 0 0
          0 0 0 0 0 0 0 0 0
          0 0 0 0 0 0 0 0 0
          0 0 0 0 0 0 0 0 0
          0 0 0 0 0 0 0 0 0
          0 0 0 0 0 0 0 0 0
          0 0 0 0 0 0 0 0 0
          0 0 0 0 0 0 0 0 0
          0 0 0 0 0 0 0 0 0
          0 0 0 0 0 0 0 0 0
          0 0 0 0 0 0 0 0 0
          0 0 0 0 0 0 0 0 0
          0 0 0 0 0 0 0 0 0
          0 0 0 0 0 0 0 0 0
          0 0 0 0 0 0 0 0 0
          0 0 0 0 0 0 0 0 0
          0 0 0 0 0 0 0 0 0
          0 0 0 0 0 0 0 0 0
          0 0 0 0 0 0 0 0 0
          0 0 0 0 0 0 0 0 0
          0 0 0 0 0 0 0 0 0
          0 0 0 0 0 0 0 0 0
          0 0 0 0 0 0 0 0 0
          0 0 0 0 0 0 0 0 0
          0 0 0 0 0 0 0 0 0
          0 0 0 0 0 0 0 0 0
          0 0 0 0 0 0 0 0 0
          0 0 0 0 0 0 0 0 0
          0 0 0 0 0 0 0 0 0
          0 0 0 0 0 0 0 0 0
          0 0 0 0 0 0 0 0 0
          0 0 0 0 0 0 0 0 0
          0 0 0 0 0 0 0 0 0
          0 0 0 0 0 0 0 0 0
          0 0 0 0 0 0 0 0 0
          0 0 0 0 0 0 0 0 0
          0 0 0 0 0 0 0 0 0
          0 0 0 0 0 0 0 0 0
          0 0 0 0 0 0 0 0 0
          0 0 0 0 0 0 0 0 0
          0 0 0 0 0 0 0 0 0
          0 0 0 0 0 0 0 0 0
          0 0 0 0 0 0 0 0 0
          0 0 0 0 0 0 0 0 0
          0 0 0 0 0 0 0 0 0
          0 0 0 0 0 0 0 0 0
          0 0 0 0 0 0 0 0 0
          0 0 0 0 0 0 0 0 0
          0 0 0 0 0 0 0 0 0
          0 0 0 0 0 0 0 0 0
          0 0 0 0 0 0 0 0 0
          0 0 0 0 0 0 0 0 0
          0 0 0 0 0 0 0 0 0
          0 0 0 0 0 0 0 0 0
          0 0 0 0 0 0 0 0 0
          0 0 0 0 0 0 0 0 0
          0 0 0 0 0 0 0 0 0
          0 0 0 0 0 0 0 0 0
          0 0 0 0 0 0 0 0 0
          0 0 0 0 0 0 0 0 0
          0 0 0 0 0 0 0 0 0
          0 0 0 0 0 0 0 0 0
          0 0 0 0 0 0 0 0 0
          0 0 0 0 0 0 0 0 0
          0 0 0 0 0 0 0 0 0
          0 0 0 0 0 0 0 0 0
          0 0 0 0 0 0 0 0 0
          0 0 0 0 0 0 0 0 0
          0 0 0 0 0 0 0 0 0
          0 0 0 0 0 0 0 0 0
          0 0 0 0 0 0 0 0 0
          0 0 0 0 0 0 0 0 0
          0 0 0 0 0 0 0 0 0
          0 0 0 0 0 0 0 0 0
          0 0 0 0 0 0 0 0 0
          0 0 0 0 0 0 0 0 0
          0 0 0 0 0 0 0 0 0
          0 0 0 0 0 0 0 0 0
          0 0 0 0 0 0 0 0 0
          0 0 0 0 0 0 0 0 0
          0 0 0 0 0 0 0 0 0
          0 0 0 0 0 0 0 0 0
          0 0 0 0 0 0 0 0 0
          0 0 0 0 0 0 0 0 0
          0 0 0 0 0 0 0 0 0
          0 0 0 0 0 0 0 0 0
          0 0 0 0 0 0 0 0 0
          0 0 0 0 0 0 0 0 0
          0 0 0 0 0 0 0 0 0
          0 0 0 0 0 0 0 0 0
          0 0 0 0 0 0 0 0 0
          0 0 0 0 0 0 0 0 0
          0 0 0 0 0 0 0 0 0
          0 0 0 0 0 0 0 0 0
          0 0 0 0 0 0 0 0 0
          0 0 0 0 0 0 0 0 0
          0 0 0 0 0 0 0 0 0
          0 0 0 0 0 0 0 0 0
          0 0 0 0 0 0 0 0 0
          0 0 0 0 0 0 0 0 0
          0 0 0 0 0 0 0 0 0
          0 0 0 0 0 0 0 0 0
          0 0 0 0 0 0 0 0 0
          0 0 0 0 0 0 0 0 0
          0 0 0 0 0 0 0 0 0
          0 0 0 0 0 0 0 0 0
          0 0 0 0 0 0 0 0 0
          0 0 0 0 0 0 0 0 0
          0 0 0 0 0 0 0 0 0
          0 0 0 0 0 0 0 0 0
          0 0 0 0 0 0 0 0 0
          0 0 0 0 0 0 0 0 0
          0 0 0 0 0 0 0 0 0
          0 0 0 0 0 0 0 0 0
          0 0 0 0 0 0 0 0 0
          0 0 0 0 0 0 0 0 0
          0 0 0 0 0 0 0 0 0
          0 0 0 0 0 0 0 0 0
          0 0 0 0 0 0 0 0 0
          0 0 0 0 0 0 0 0 0
          0 0 0 0 0 0 0 0 0
          0 0 0 0 0 0 0 0 0
          0 0 0 0 0 0 0 0 0
          0 0 0 0 0 0 0 0 0
          0 0 0 0 0 0 0 0 0
          0 0 0 0 0 0 0 0 0
          0 0 0 0 0 0 0 0 0
          0 0 0 0 0 0 0 0 0
          0 0 0 0 0 0 0 0 0
          0 0 0 0 0 0 0 0 0
          0 0 0 0 0 0 0 0 0
          0 0 0 0 0 0 0 0 0
          0 0 0 0 0 0 0 0 0
          0 0 0 0 0 0 0 0 0
          0 0 0 0 0 0 0 0 0
          0 0 0 0 0 0 0 0 0
          0 0 0 0 0 0 0 0 0
          0 0 0 0 0 0 0 0 0
          0 0 0 0 0 0 0 0 0
          0 0 0 0 0 0 0 0 0
          0 0 0 0 0 0 0 0 0
          0 0 0 0 0 0 0 0 0
          0 0 0 0 0 0 0 0 0
          0 0 0 0 0 0 0 0 0
          0 0 0 0 0 0 0 0 0
          0 0 0 0 0 0 0 0 0
          0 0 0 0 0 0 0 0 0
          0 0 0 0 0 0 0 0 0
          0 0 0 0 0 0 0 0 0
          0 0 0 0 0 0 0 0 0
          0 0 0 0 0 0 0 0 0
          0 0 0 0 0 0 0 0 0
          0 0 0 0 0 0 0 0 0
          0 0 0 0 0 0 0 0 0
          0 0 0 0 0 0 0 0 0
          0 0 0 0 0 0 0 0 0
          0 0 0 0 0 0 0 0 0
          0 0 0 0 0 0 0 0 0
          0 0 0 0 0 0 0 0 0
          0 0 0 0 0 0 0 0 0
          0 0 0 0 0 0 0 0 0
          0 0 0 0 0 0 0 0 0
          0 0 0 0 0 0 0 0 0
          0 0 0 0 0 0 0 0 0
          0 0 0 0 0 0 0 0 0
          0 0 0 0 0 0 0 0 0
          0 0 0 0 0 0 0 0 0
          0 0 0 0 0 0 0 0 0
          0 0 0
        </DataArray>
        <DataArray type="Float64" Name="pressureCoeffAbs" format="ascii">
          0 0 0 0 0 0 0 0 0
          0 0 0 0 0 0 0 0 0
          0 0 0 0 0 0 0 0 0
          0 0 0 0 0 0 0 0 0
          0 0 0 0 0 0 0 0 0
          0 0 0 0 0 0 0 0 0
          0 0 0 0 0 0 0 0 0
          0 0 0 0 0 0 0 0 0
          0 0 0 0 0 0 0 0 0
          0 0 0 0 0 0 0 0 0
          0 0 0 0 0 0 0 0 0
          0 0 0 0 0 0 0 0 0
          0 0 0 0 0 0 0 0 0
          0 0 0 0 0 0 0 0 0
          0 0 0 0 0 0 0 0 0
          0 0 0 0 0 0 0 0 0
          0 0 0 0 0 0 0 0 0
          0 0 0 0 0 0 0 0 0
          0 0 0 0 0 0 0 0 0
          0 0 0 0 0 0 0 0 0
          0 0 0 0 0 0 0 0 0
          0 0 0 0 0 0 0 0 0
          0 0 0 0 0 0 0 0 0
          0 0 0 0 0 0 0 0 0
          0 0 0 0 0 0 0 0 0
          0 0 0 0 0 0 0 0 0
          0 0 0 0 0 0 0 0 0
          0 0 0 0 0 0 0 0 0
          0 0 0 0 0 0 0 0 0
          0 0 0 0 0 0 0 0 0
          0 0 0 0 0 0 0 0 0
          0 0 0 0 0 0 0 0 0
          0 0 0 0 0 0 0 0 0
          0 0 0 0 0 0 0 0 0
          0 0 0 0 0 0 0 0 0
          0 0 0 0 0 0 0 0 0
          0 0 0 0 0 0 0 0 0
          0 0 0 0 0 0 0 0 0
          0 0 0 0 0 0 0 0 0
          0 0 0 0 0 0 0 0 0
          0 0 0 0 0 0 0 0 0
          0 0 0 0 0 0 0 0 0
          0 0 0 0 0 0 0 0 0
          0 0 0 0 0 0 0 0 0
          0 0 0 0 0 0 0 0 0
          0 0 0 0 0 0 0 0 0
          0 0 0 0 0 0 0 0 0
          0 0 0 0 0 0 0 0 0
          0 0 0 0 0 0 0 0 0
          0 0 0 0 0 0 0 0 0
          0 0 0 0 0 0 0 0 0
          0 0 0 0 0 0 0 0 0
          0 0 0 0 0 0 0 0 0
          0 0 0 0 0 0 0 0 0
          0 0 0 0 0 0 0 0 0
          0 0 0 0 0 0 0 0 0
          0 0 0 0 0 0 0 0 0
          0 0 0 0 0 0 0 0 0
          0 0 0 0 0 0 0 0 0
          0 0 0 0 0 0 0 0 0
          0 0 0 0 0 0 0 0 0
          0 0 0 0 0 0 0 0 0
          0 0 0 0 0 0 0 0 0
          0 0 0 0 0 0 0 0 0
          0 0 0 0 0 0 0 0 0
          0 0 0 0 0 0 0 0 0
          0 0 0 0 0 0 0 0 0
          0 0 0 0 0 0 0 0 0
          0 0 0 0 0 0 0 0 0
          0 0 0 0 0 0 0 0 0
          0 0 0 0 0 0 0 0 0
          0 0 0 0 0 0 0 0 0
          0 0 0 0 0 0 0 0 0
          0 0 0 0 0 0 0 0 0
          0 0 0 0 0 0 0 0 0
          0 0 0 0 0 0 0 0 0
          0 0 0 0 0 0 0 0 0
          0 0 0 0 0 0 0 0 0
          0 0 0 0 0 0 0 0 0
          0 0 0 0 0 0 0 0 0
          0 0 0 0 0 0 0 0 0
          0 0 0 0 0 0 0 0 0
          0 0 0 0 0 0 0 0 0
          0 0 0 0 0 0 0 0 0
          0 0 0 0 0 0 0 0 0
          0 0 0 0 0 0 0 0 0
          0 0 0 0 0 0 0 0 0
          0 0 0 0 0 0 0 0 0
          0 0 0 0 0 0 0 0 0
          0 0 0 0 0 0 0 0 0
          0 0 0 0 0 0 0 0 0
          0 0 0 0 0 0 0 0 0
          0 0 0 0 0 0 0 0 0
          0 0 0 0 0 0 0 0 0
          0 0 0 0 0 0 0 0 0
          0 0 0 0 0 0 0 0 0
          0 0 0 0 0 0 0 0 0
          0 0 0 0 0 0 0 0 0
          0 0 0 0 0 0 0 0 0
          0 0 0 0 0 0 0 0 0
          0 0 0 0 0 0 0 0 0
          0 0 0 0 0 0 0 0 0
          0 0 0 0 0 0 0 0 0
          0 0 0 0 0 0 0 0 0
          0 0 0 0 0 0 0 0 0
          0 0 0 0 0 0 0 0 0
          0 0 0 0 0 0 0 0 0
          0 0 0 0 0 0 0 0 0
          0 0 0 0 0 0 0 0 0
          0 0 0 0 0 0 0 0 0
          0 0 0 0 0 0 0 0 0
          0 0 0 0 0 0 0 0 0
          0 0 0 0 0 0 0 0 0
          0 0 0 0 0 0 0 0 0
          0 0 0 0 0 0 0 0 0
          0 0 0 0 0 0 0 0 0
          0 0 0 0 0 0 0 0 0
          0 0 0 0 0 0 0 0 0
          0 0 0 0 0 0 0 0 0
          0 0 0 0 0 0 0 0 0
          0 0 0 0 0 0 0 0 0
          0 0 0 0 0 0 0 0 0
          0 0 0 0 0 0 0 0 0
          0 0 0 0 0 0 0 0 0
          0 0 0 0 0 0 0 0 0
          0 0 0 0 0 0 0 0 0
          0 0 0 0 0 0 0 0 0
          0 0 0 0 0 0 0 0 0
          0 0 0 0 0 0 0 0 0
          0 0 0 0 0 0 0 0 0
          0 0 0 0 0 0 0 0 0
          0 0 0 0 0 0 0 0 0
          0 0 0 0 0 0 0 0 0
          0 0 0 0 0 0 0 0 0
          0 0 0 0 0 0 0 0 0
          0 0 0 0 0 0 0 0 0
          0 0 0 0 0 0 0 0 0
          0 0 0 0 0 0 0 0 0
          0 0 0 0 0 0 0 0 0
          0 0 0 0 0 0 0 0 0
          0 0 0 0 0 0 0 0 0
          0 0 0 0 0 0 0 0 0
          0 0 0 0 0 0 0 0 0
          0 0 0 0 0 0 0 0 0
          0 0 0 0 0 0 0 0 0
          0 0 0 0 0 0 0 0 0
          0 0 0 0 0 0 0 0 0
          0 0 0 0 0 0 0 0 0
          0 0 0 0 0 0 0 0 0
          0 0 0 0 0 0 0 0 0
          0 0 0 0 0 0 0 0 0
          0 0 0 0 0 0 0 0 0
          0 0 0 0 0 0 0 0 0
          0 0 0 0 0 0 0 0 0
          0 0 0 0 0 0 0 0 0
          0 0 0 0 0 0 0 0 0
          0 0 0 0 0 0 0 0 0
          0 0 0 0 0 0 0 0 0
          0 0 0 0 0 0 0 0 0
          0 0 0 0 0 0 0 0 0
          0 0 0 0 0 0 0 0 0
          0 0 0 0 0 0 0 0 0
          0 0 0 0 0 0 0 0 0
          0 0 0 0 0 0 0 0 0
          0 0 0 0 0 0 0 0 0
          0 0 0 0 0 0 0 0 0
          0 0 0 0 0 0 0 0 0
          0 0 0 0 0 0 0 0 0
          0 0 0 0 0 0 0 0 0
          0 0 0 0 0 0 0 0 0
          0 0 0 0 0 0 0 0 0
          0 0 0 0 0 0 0 0 0
          0 0 0 0 0 0 0 0 0
          0 0 0 0 0 0 0 0 0
          0 0 0 0 0 0 0 0 0
          0 0 0 0 0 0 0 0 0
          0 0 0 0 0 0 0 0 0
          0 0 0 0 0 0 0 0 0
          0 0 0 0 0 0 0 0 0
          0 0 0 0 0 0 0 0 0
          0 0 0 0 0 0 0 0 0
          0 0 0 0 0 0 0 0 0
          0 0 0 0 0 0 0 0 0
          0 0 0 0 0 0 0 0 0
          0 0 0 0 0 0 0 0 0
          0 0 0 0 0 0 0 0 0
          0 0 0 0 0 0 0 0 0
          0 0 0 0 0 0 0 0 0
          0 0 0 0 0 0 0 0 0
          0 0 0 0 0 0 0 0 0
          0 0 0 0 0 0 0 0 0
          0 0 0 0 0 0 0 0 0
          0 0 0 0 0 0 0 0 0
          0 0 0 0 0 0 0 0 0
          0 0 0 0 0 0 0 0 0
          0 0 0 0 0 0 0 0 0
          0 0 0 0 0 0 0 0 0
          0 0 0 0 0 0 0 0 0
          0 0 0 0 0 0 0 0 0
          0 0 0 0 0 0 0 0 0
          0 0 0 0 0 0 0 0 0
          0 0 0 0 0 0 0 0 0
          0 0 0 0 0 0 0 0 0
          0 0 0 0 0 0 0 0 0
          0 0 0 0 0 0 0 0 0
          0 0 0 0 0 0 0 0 0
          0 0 0 0 0 0 0 0 0
          0 0 0 0 0 0 0 0 0
          0 0 0 0 0 0 0 0 0
          0 0 0 0 0 0 0 0 0
          0 0 0 0 0 0 0 0 0
          0 0 0 0 0 0 0 0 0
          0 0 0 0 0 0 0 0 0
          0 0 0 0 0 0 0 0 0
          0 0 0 0 0 0 0 0 0
          0 0 0 0 0 0 0 0 0
          0 0 0 0 0 0 0 0 0
          0 0 0 0 0 0 0 0 0
          0 0 0 0 0 0 0 0 0
          0 0 0 0 0 0 0 0 0
          0 0 0 0 0 0 0 0 0
          0 0 0 0 0 0 0 0 0
          0 0 0 0 0 0 0 0 0
          0 0 0 0 0 0 0 0 0
          0 0 0 0 0 0 0 0 0
          0 0 0 0 0 0 0 0 0
          0 0 0 0 0 0 0 0 0
          0 0 0 0 0 0 0 0 0
          0 0 0 0 0 0 0 0 0
          0 0 0 0 0 0 0 0 0
          0 0 0 0 0 0 0 0 0
          0 0 0 0 0 0 0 0 0
          0 0 0 0 0 0 0 0 0
          0 0 0 0 0 0 0 0 0
          0 0 0 0 0 0 0 0 0
          0 0 0 0 0 0 0 0 0
          0 0 0 0 0 0 0 0 0
          0 0 0 0 0 0 0 0 0
          0 0 0 0 0 0 0 0 0
          0 0 0 0 0 0 0 0 0
          0 0 0 0 0 0 0 0 0
          0 0 0 0 0 0 0 0 0
          0 0 0 0 0 0 0 0 0
          0 0 0 0 0 0 0 0 0
          0 0 0 0 0 0 0 0 0
          0 0 0 0 0 0 0 0 0
          0 0 0 0 0 0 0 0 0
          0 0 0 0 0 0 0 0 0
          0 0 0 0 0 0 0 0 0
          0 0 0 0 0 0 0 0 0
          0 0 0 0 0 0 0 0 0
          0 0 0 0 0 0 0 0 0
          0 0 0 0 0 0 0 0 0
          0 0 0 0 0 0 0 0 0
          0 0 0 0 0 0 0 0 0
          0 0 0 0 0 0 0 0 0
          0 0 0 0 0 0 0 0 0
          0 0 0 0 0 0 0 0 0
          0 0 0 0 0 0 0 0 0
          0 0 0 0 0 0 0 0 0
          0 0 0 0 0 0 0 0 0
          0 0 0 0 0 0 0 0 0
          0 0 0 0 0 0 0 0 0
          0 0 0 0 0 0 0 0 0
          0 0 0 0 0 0 0 0 0
          0 0 0 0 0 0 0 0 0
          0 0 0 0 0 0 0 0 0
          0 0 0 0 0 0 0 0 0
          0 0 0 0 0 0 0 0 0
          0 0 0 0 0 0 0 0 0
          0 0 0 0 0 0 0 0 0
          0 0 0 0 0 0 0 0 0
          0 0 0 0 0 0 0 0 0
          0 0 0 0 0 0 0 0 0
          0 0 0 0 0 0 0 0 0
          0 0 0 0 0 0 0 0 0
          0 0 0 0 0 0 0 0 0
          0 0 0 0 0 0 0 0 0
          0 0 0 0 0 0 0 0 0
          0 0 0 0 0 0 0 0 0
          0 0 0 0 0 0 0 0 0
          0 0 0 0 0 0 0 0 0
          0 0 0 0 0 0 0 0 0
          0 0 0 0 0 0 0 0 0
          0 0 0 0 0 0 0 0 0
          0 0 0 0 0 0 0 0 0
          0 0 0 0 0 0 0 0 0
          0 0 0 0 0 0 0 0 0
          0 0 0 0 0 0 0 0 0
          0 0 0 0 0 0 0 0 0
          0 0 0 0 0 0 0 0 0
          0 0 0 0 0 0 0 0 0
          0 0 0 0 0 0 0 0 0
          0 0 0 0 0 0 0 0 0
          0 0 0 0 0 0 0 0 0
          0 0 0 0 0 0 0 0 0
          0 0 0 0 0 0 0 0 0
          0 0 0 0 0 0 0 0 0
          0 0 0 0 0 0 0 0 0
          0 0 0 0 0 0 0 0 0
          0 0 0 0 0 0 0 0 0
          0 0 0 0 0 0 0 0 0
          0 0 0 0 0 0 0 0 0
          0 0 0 0 0 0 0 0 0
          0 0 0 0 0 0 0 0 0
          0 0 0 0 0 0 0 0 0
          0 0 0 0 0 0 0 0 0
          0 0 0 0 0 0 0 0 0
          0 0 0 0 0 0 0 0 0
          0 0 0 0 0 0 0 0 0
          0 0 0 0 0 0 0 0 0
          0 0 0 0 0 0 0 0 0
          0 0 0 0 0 0 0 0 0
          0 0 0 0 0 0 0 0 0
          0 0 0 0 0 0 0 0 0
          0 0 0 0 0 0 0 0 0
          0 0 0 0 0 0 0 0 0
          0 0 0 0 0 0 0 0 0
          0 0 0 0 0 0 0 0 0
          0 0 0 0 0 0 0 0 0
          0 0 0 0 0 0 0 0 0
          0 0 0 0 0 0 0 0 0
          0 0 0 0 0 0 0 0 0
          0 0 0 0 0 0 0 0 0
          0 0 0 0 0 0 0 0 0
          0 0 0 0 0 0 0 0 0
          0 0 0 0 0 0 0 0 0
          0 0 0 0 0 0 0 0 0
          0 0 0 0 0 0 0 0 0
          0 0 0 0 0 0 0 0 0
          0 0 0 0 0 0 0 0 0
          0 0 0 0 0 0 0 0 0
          0 0 0 0 0 0 0 0 0
          0 0 0 0 0 0 0 0 0
          0 0 0 0 0 0 0 0 0
          0 0 0 0 0 0 0 0 0
          0 0 0 0 0 0 0 0 0
          0 0 0 0 0 0 0 0 0
          0 0 0 0 0 0 0 0 0
          0 0 0 0 0 0 0 0 0
          0 0 0 0 0 0 0 0 0
          0 0 0 0 0 0 0 0 0
          0 0 0 0 0 0 0 0 0
          0 0 0 0 0 0 0 0 0
          0 0 0 0 0 0 0 0 0
          0 0 0 0 0 0 0 0 0
          0 0 0 0 0 0 0 0 0
          0 0 0 0 0 0 0 0 0
          0 0 0 0 0 0 0 0 0
          0 0 0 0 0 0 0 0 0
          0 0 0 0 0 0 0 0 0
          0 0 0 0 0 0 0 0 0
          0 0 0 0 0 0 0 0 0
          0 0 0 0 0 0 0 0 0
          0 0 0 0 0 0 0 0 0
          0 0 0 0 0 0 0 0 0
          0 0 0 0 0 0 0 0 0
          0 0 0 0 0 0 0 0 0
          0 0 0 0 0 0 0 0 0
          0 0 0 0 0 0 0 0 0
          0 0 0 0 0 0 0 0 0
          0 0 0 0 0 0 0 0 0
          0 0 0 0 0 0 0 0 0
          0 0 0 0 0 0 0 0 0
          0 0 0 0 0 0 0 0 0
          0 0 0 0 0 0 0 0 0
          0 0 0 0 0 0 0 0 0
          0 0 0 0 0 0 0 0 0
          0 0 0 0 0 0 0 0 0
          0 0 0 0 0 0 0 0 0
          0 0 0 0 0 0 0 0 0
          0 0 0 0 0 0 0 0 0
          0 0 0 0 0 0 0 0 0
          0 0 0 0 0 0 0 0 0
          0 0 0 0 0 0 0 0 0
          0 0 0 0 0 0 0 0 0
          0 0 0 0 0 0 0 0 0
          0 0 0 0 0 0 0 0 0
          0 0 0 0 0 0 0 0 0
          0 0 0 0 0 0 0 0 0
          0 0 0 0 0 0 0 0 0
          0 0 0 0 0 0 0 0 0
          0 0 0 0 0 0 0 0 0
          0 0 0 0 0 0 0 0 0
          0 0 0 0 0 0 0 0 0
          0 0 0 0 0 0 0 0 0
          0 0 0 0 0 0 0 0 0
          0 0 0 0 0 0 0 0 0
          0 0 0 0 0 0 0 0 0
          0 0 0 0 0 0 0 0 0
          0 0 0 0 0 0 0 0 0
          0 0 0 0 0 0 0 0 0
          0 0 0 0 0 0 0 0 0
          0 0 0 0 0 0 0 0 0
          0 0 0 0 0 0 0 0 0
          0 0 0 0 0 0 0 0 0
          0 0 0 0 0 0 0 0 0
          0 0 0 0 0 0 0 0 0
          0 0 0 0 0 0 0 0 0
          0 0 0 0 0 0 0 0 0
          0 0 0 0 0 0 0 0 0
          0 0 0 0 0 0 0 0 0
          0 0 0 0 0 0 0 0 0
          0 0 0 0 0 0 0 0 0
          0 0 0 0 0 0 0 0 0
          0 0 0 0 0 0 0 0 0
          0 0 0 0 0 0 0 0 0
          0 0 0 0 0 0 0 0 0
          0 0 0 0 0 0 0 0 0
          0 0 0 0 0 0 0 0 0
          0 0 0 0 0 0 0 0 0
          0 0 0 0 0 0 0 0 0
          0 0 0 0 0 0 0 0 0
          0 0 0 0 0 0 0 0 0
          0 0 0 0 0 0 0 0 0
          0 0 0 0 0 0 0 0 0
          0 0 0 0 0 0 0 0 0
          0 0 0 0 0 0 0 0 0
          0 0 0 0 0 0 0 0 0
          0 0 0 0 0 0 0 0 0
          0 0 0 0 0 0 0 0 0
          0 0 0 0 0 0 0 0 0
          0 0 0 0 0 0 0 0 0
          0 0 0 0 0 0 0 0 0
          0 0 0 0 0 0 0 0 0
          0 0 0 0 0 0 0 0 0
          0 0 0 0 0 0 0 0 0
          0 0 0 0 0 0 0 0 0
          0 0 0 0 0 0 0 0 0
          0 0 0 0 0 0 0 0 0
          0 0 0 0 0 0 0 0 0
          0 0 0 0 0 0 0 0 0
          0 0 0 0 0 0 0 0 0
          0 0 0 0 0 0 0 0 0
          0 0 0 0 0 0 0 0 0
          0 0 0 0 0 0 0 0 0
          0 0 0 0 0 0 0 0 0
          0 0 0 0 0 0 0 0 0
          0 0 0 0 0 0 0 0 0
          0 0 0 0 0 0 0 0 0
          0 0 0 0 0 0 0 0 0
          0 0 0 0 0 0 0 0 0
          0 0 0 0 0 0 0 0 0
          0 0 0 0 0 0 0 0 0
          0 0 0 0 0 0 0 0 0
          0 0 0 0 0 0 0 0 0
          0 0 0 0 0 0 0 0 0
          0 0 0 0 0 0 0 0 0
          0 0 0 0 0 0 0 0 0
          0 0 0 0 0 0 0 0 0
          0 0 0 0 0 0 0 0 0
          0 0 0 0 0 0 0 0 0
          0 0 0 0 0 0 0 0 0
          0 0 0 0 0 0 0 0 0
          0 0 0 0 0 0 0 0 0
          0 0 0 0 0 0 0 0 0
          0 0 0 0 0 0 0 0 0
          0 0 0 0 0 0 0 0 0
          0 0 0 0 0 0 0 0 0
          0 0 0 0 0 0 0 0 0
          0 0 0 0 0 0 0 0 0
          0 0 0 0 0 0 0 0 0
          0 0 0 0 0 0 0 0 0
          0 0 0 0 0 0 0 0 0
          0 0 0 0 0 0 0 0 0
          0 0 0 0 0 0 0 0 0
          0 0 0 0 0 0 0 0 0
          0 0 0 0 0 0 0 0 0
          0 0 0 0 0 0 0 0 0
          0 0 0 0 0 0 0 0 0
          0 0 0 0 0 0 0 0 0
          0 0 0 0 0 0 0 0 0
          0 0 0 0 0 0 0 0 0
          0 0 0 0 0 0 0 0 0
          0 0 0 0 0 0 0 0 0
          0 0 0 0 0 0 0 0 0
          0 0 0 0 0 0 0 0 0
          0 0 0 0 0 0 0 0 0
          0 0 0 0 0 0 0 0 0
          0 0 0 0 0 0 0 0 0
          0 0 0 0 0 0 0 0 0
          0 0 0 0 0 0 0 0 0
          0 0 0 0 0 0 0 0 0
          0 0 0 0 0 0 0 0 0
          0 0 0 0 0 0 0 0 0
          0 0 0 0 0 0 0 0 0
          0 0 0 0 0 0 0 0 0
          0 0 0 0 0 0 0 0 0
          0 0 0 0 0 0 0 0 0
          0 0 0 0 0 0 0 0 0
          0 0 0 0 0 0 0 0 0
          0 0 0 0 0 0 0 0 0
          0 0 0 0 0 0 0 0 0
          0 0 0 0 0 0 0 0 0
          0 0 0 0 0 0 0 0 0
          0 0 0 0 0 0 0 0 0
          0 0 0 0 0 0 0 0 0
          0 0 0 0 0 0 0 0 0
          0 0 0 0 0 0 0 0 0
          0 0 0 0 0 0 0 0 0
          0 0 0 0 0 0 0 0 0
          0 0 0 0 0 0 0 0 0
          0 0 0 0 0 0 0 0 0
          0 0 0 0 0 0 0 0 0
          0 0 0 0 0 0 0 0 0
          0 0 0 0 0 0 0 0 0
          0 0 0 0 0 0 0 0 0
          0 0 0 0 0 0 0 0 0
          0 0 0 0 0 0 0 0 0
          0 0 0 0 0 0 0 0 0
          0 0 0 0 0 0 0 0 0
          0 0 0 0 0 0 0 0 0
          0 0 0 0 0 0 0 0 0
          0 0 0 0 0 0 0 0 0
          0 0 0 0 0 0 0 0 0
          0 0 0 0 0 0 0 0 0
          0 0 0 0 0 0 0 0 0
          0 0 0 0 0 0 0 0 0
          0 0 0 0 0 0 0 0 0
          0 0 0 0 0 0 0 0 0
          0 0 0 0 0 0 0 0 0
          0 0 0 0 0 0 0 0 0
          0 0 0 0 0 0 0 0 0
          0 0 0 0 0 0 0 0 0
          0 0 0 0 0 0 0 0 0
          0 0 0 0 0 0 0 0 0
          0 0 0 0 0 0 0 0 0
          0 0 0 0 0 0 0 0 0
          0 0 0 0 0 0 0 0 0
          0 0 0 0 0 0 0 0 0
          0 0 0 0 0 0 0 0 0
          0 0 0 0 0 0 0 0 0
          0 0 0 0 0 0 0 0 0
          0 0 0 0 0 0 0 0 0
          0 0 0 0 0 0 0 0 0
          0 0 0 0 0 0 0 0 0
          0 0 0 0 0 0 0 0 0
          0 0 0 0 0 0 0 0 0
          0 0 0 0 0 0 0 0 0
          0 0 0 0 0 0 0 0 0
          0 0 0 0 0 0 0 0 0
          0 0 0 0 0 0 0 0 0
          0 0 0 0 0 0 0 0 0
          0 0 0 0 0 0 0 0 0
          0 0 0 0 0 0 0 0 0
          0 0 0 0 0 0 0 0 0
          0 0 0 0 0 0 0 0 0
          0 0 0 0 0 0 0 0 0
          0 0 0 0 0 0 0 0 0
          0 0 0 0 0 0 0 0 0
          0 0 0 0 0 0 0 0 0
          0 0 0 0 0 0 0 0 0
          0 0 0 0 0 0 0 0 0
          0 0 0 0 0 0 0 0 0
          0 0 0 0 0 0 0 0 0
          0 0 0 0 0 0 0 0 0
          0 0 0 0 0 0 0 0 0
          0 0 0 0 0 0 0 0 0
          0 0 0 0 0 0 0 0 0
          0 0 0 0 0 0 0 0 0
          0 0 0 0 0 0 0 0 0
          0 0 0 0 0 0 0 0 0
          0 0 0 0 0 0 0 0 0
          0 0 0 0 0 0 0 0 0
          0 0 0 0 0 0 0 0 0
          0 0 0 0 0 0 0 0 0
          0 0 0 0 0 0 0 0 0
          0 0 0 0 0 0 0 0 0
          0 0 0 0 0 0 0 0 0
          0 0 0 0 0 0 0 0 0
          0 0 0 0 0 0 0 0 0
          0 0 0 0 0 0 0 0 0
          0 0 0 0 0 0 0 0 0
          0 0 0 0 0 0 0 0 0
          0 0 0 0 0 0 0 0 0
          0 0 0 0 0 0 0 0 0
          0 0 0 0 0 0 0 0 0
          0 0 0 0 0 0 0 0 0
          0 0 0 0 0 0 0 0 0
          0 0 0 0 0 0 0 0 0
          0 0 0 0 0 0 0 0 0
          0 0 0 0 0 0 0 0 0
          0 0 0 0 0 0 0 0 0
          0 0 0 0 0 0 0 0 0
          0 0 0 0 0 0 0 0 0
          0 0 0 0 0 0 0 0 0
          0 0 0 0 0 0 0 0 0
          0 0 0 0 0 0 0 0 0
          0 0 0 0 0 0 0 0 0
          0 0 0 0 0 0 0 0 0
          0 0 0 0 0 0 0 0 0
          0 0 0 0 0 0 0 0 0
          0 0 0 0 0 0 0 0 0
          0 0 0 0 0 0 0 0 0
          0 0 0 0 0 0 0 0 0
          0 0 0 0 0 0 0 0 0
          0 0 0 0 0 0 0 0 0
          0 0 0 0 0 0 0 0 0
          0 0 0 0 0 0 0 0 0
          0 0 0 0 0 0 0 0 0
          0 0 0 0 0 0 0 0 0
          0 0 0 0 0 0 0 0 0
          0 0 0 0 0 0 0 0 0
          0 0 0 0 0 0 0 0 0
          0 0 0 0 0 0 0 0 0
          0 0 0 0 0 0 0 0 0
          0 0 0 0 0 0 0 0 0
          0 0 0 0 0 0 0 0 0
          0 0 0 0 0 0 0 0 0
          0 0 0 0 0 0 0 0 0
          0 0 0 0 0 0 0 0 0
          0 0 0 0 0 0 0 0 0
          0 0 0 0 0 0 0 0 0
          0 0 0 0 0 0 0 0 0
          0 0 0 0 0 0 0 0 0
          0 0 0 0 0 0 0 0 0
          0 0 0 0 0 0 0 0 0
          0 0 0 0 0 0 0 0 0
          0 0 0 0 0 0 0 0 0
          0 0 0 0 0 0 0 0 0
          0 0 0 0 0 0 0 0 0
          0 0 0 0 0 0 0 0 0
          0 0 0 0 0 0 0 0 0
          0 0 0 0 0 0 0 0 0
          0 0 0 0 0 0 0 0 0
          0 0 0 0 0 0 0 0 0
          0 0 0 0 0 0 0 0 0
          0 0 0 0 0 0 0 0 0
          0 0 0 0 0 0 0 0 0
          0 0 0 0 0 0 0 0 0
          0 0 0 0 0 0 0 0 0
          0 0 0 0 0 0 0 0 0
          0 0 0 0 0 0 0 0 0
          0 0 0 0 0 0 0 0 0
          0 0 0 0 0 0 0 0 0
          0 0 0 0 0 0 0 0 0
          0 0 0 0 0 0 0 0 0
          0 0 0 0 0 0 0 0 0
          0 0 0 0 0 0 0 0 0
          0 0 0 0 0 0 0 0 0
          0 0 0 0 0 0 0 0 0
          0 0 0 0 0 0 0 0 0
          0 0 0 0 0 0 0 0 0
          0 0 0 0 0 0 0 0 0
          0 0 0 0 0 0 0 0 0
          0 0 0 0 0 0 0 0 0
          0 0 0 0 0 0 0 0 0
          0 0 0 0 0 0 0 0 0
          0 0 0 0 0 0 0 0 0
          0 0 0 0 0 0 0 0 0
          0 0 0 0 0 0 0 0 0
          0 0 0 0 0 0 0 0 0
          0 0 0 0 0 0 0 0 0
          0 0 0 0 0 0 0 0 0
          0 0 0 0 0 0 0 0 0
          0 0 0 0 0 0 0 0 0
          0 0 0 0 0 0 0 0 0
          0 0 0 0 0 0 0 0 0
          0 0 0 0 0 0 0 0 0
          0 0 0 0 0 0 0 0 0
          0 0 0 0 0 0 0 0 0
          0 0 0 0 0 0 0 0 0
          0 0 0 0 0 0 0 0 0
          0 0 0 0 0 0 0 0 0
          0 0 0 0 0 0 0 0 0
          0 0 0 0 0 0 0 0 0
          0 0 0 0 0 0 0 0 0
          0 0 0 0 0 0 0 0 0
          0 0 0 0 0 0 0 0 0
          0 0 0 0 0 0 0 0 0
          0 0 0 0 0 0 0 0 0
          0 0 0 0 0 0 0 0 0
          0 0 0 0 0 0 0 0 0
          0 0 0 0 0 0 0 0 0
          0 0 0 0 0 0 0 0 0
          0 0 0 0 0 0 0 0 0
          0 0 0 0 0 0 0 0 0
          0 0 0 0 0 0 0 0 0
          0 0 0 0 0 0 0 0 0
          0 0 0 0 0 0 0 0 0
          0 0 0 0 0 0 0 0 0
          0 0 0 0 0 0 0 0 0
          0 0 0 0 0 0 0 0 0
          0 0 0 0 0 0 0 0 0
          0 0 0 0 0 0 0 0 0
          0 0 0 0 0 0 0 0 0
          0 0 0 0 0 0 0 0 0
          0 0 0 0 0 0 0 0 0
          0 0 0 0 0 0 0 0 0
          0 0 0 0 0 0 0 0 0
          0 0 0 0 0 0 0 0 0
          0 0 0 0 0 0 0 0 0
          0 0 0 0 0 0 0 0 0
          0 0 0 0 0 0 0 0 0
          0 0 0 0 0 0 0 0 0
          0 0 0 0 0 0 0 0 0
          0 0 0 0 0 0 0 0 0
          0 0 0 0 0 0 0 0 0
          0 0 0 0 0 0 0 0 0
          0 0 0 0 0 0 0 0 0
          0 0 0 0 0 0 0 0 0
          0 0 0 0 0 0 0 0 0
          0 0 0 0 0 0 0 0 0
          0 0 0 0 0 0 0 0 0
          0 0 0 0 0 0 0 0 0
          0 0 0 0 0 0 0 0 0
          0 0 0 0 0 0 0 0 0
          0 0 0 0 0 0 0 0 0
          0 0 0 0 0 0 0 0 0
          0 0 0 0 0 0 0 0 0
          0 0 0 0 0 0 0 0 0
          0 0 0 0 0 0 0 0 0
          0 0 0 0 0 0 0 0 0
          0 0 0 0 0 0 0 0 0
          0 0 0 0 0 0 0 0 0
          0 0 0 0 0 0 0 0 0
          0 0 0 0 0 0 0 0 0
          0 0 0 0 0 0 0 0 0
          0 0 0 0 0 0 0 0 0
          0 0 0 0 0 0 0 0 0
          0 0 0 0 0 0 0 0 0
          0 0 0 0 0 0 0 0 0
          0 0 0 0 0 0 0 0 0
          0 0 0 0 0 0 0 0 0
          0 0 0 0 0 0 0 0 0
          0 0 0 0 0 0 0 0 0
          0 0 0 0 0 0 0 0 0
          0 0 0 0 0 0 0 0 0
          0 0 0 0 0 0 0 0 0
          0 0 0 0 0 0 0 0 0
          0 0 0 0 0 0 0 0 0
          0 0 0 0 0 0 0 0 0
          0 0 0 0 0 0 0 0 0
          0 0 0 0 0 0 0 0 0
          0 0 0 0 0 0 0 0 0
          0 0 0 0 0 0 0 0 0
          0 0 0 0 0 0 0 0 0
          0 0 0 0 0 0 0 0 0
          0 0 0 0 0 0 0 0 0
          0 0 0 0 0 0 0 0 0
          0 0 0 0 0 0 0 0 0
          0 0 0 0 0 0 0 0 0
          0 0 0 0 0 0 0 0 0
          0 0 0 0 0 0 0 0 0
          0 0 0 0 0 0 0 0 0
          0 0 0 0 0 0 0 0 0
          0 0 0 0 0 0 0 0 0
          0 0 0 0 0 0 0 0 0
          0 0 0 0 0 0 0 0 0
          0 0 0 0 0 0 0 0 0
          0 0 0 0 0 0 0 0 0
          0 0 0 0 0 0 0 0 0
          0 0 0 0 0 0 0 0 0
          0 0 0 0 0 0 0 0 0
          0 0 0 0 0 0 0 0 0
          0 0 0 0 0 0 0 0 0
          0 0 0 0 0 0 0 0 0
          0 0 0 0 0 0 0 0 0
          0 0 0 0 0 0 0 0 0
          0 0 0 0 0 0 0 0 0
          0 0 0 0 0 0 0 0 0
          0 0 0 0 0 0 0 0 0
          0 0 0 0 0 0 0 0 0
          0 0 0 0 0 0 0 0 0
          0 0 0 0 0 0 0 0 0
          0 0 0 0 0 0 0 0 0
          0 0 0 0 0 0 0 0 0
          0 0 0 0 0 0 0 0 0
          0 0 0 0 0 0 0 0 0
          0 0 0 0 0 0 0 0 0
          0 0 0 0 0 0 0 0 0
          0 0 0 0 0 0 0 0 0
          0 0 0 0 0 0 0 0 0
          0 0 0 0 0 0 0 0 0
          0 0 0 0 0 0 0 0 0
          0 0 0 0 0 0 0 0 0
          0 0 0 0 0 0 0 0 0
          0 0 0 0 0 0 0 0 0
          0 0 0 0 0 0 0 0 0
          0 0 0 0 0 0 0 0 0
          0 0 0 0 0 0 0 0 0
          0 0 0 0 0 0 0 0 0
          0 0 0 0 0 0 0 0 0
          0 0 0 0 0 0 0 0 0
          0 0 0 0 0 0 0 0 0
          0 0 0 0 0 0 0 0 0
          0 0 0 0 0 0 0 0 0
          0 0 0 0 0 0 0 0 0
          0 0 0 0 0 0 0 0 0
          0 0 0 0 0 0 0 0 0
          0 0 0 0 0 0 0 0 0
          0 0 0 0 0 0 0 0 0
          0 0 0 0 0 0 0 0 0
          0 0 0 0 0 0 0 0 0
          0 0 0 0 0 0 0 0 0
          0 0 0 0 0 0 0 0 0
          0 0 0 0 0 0 0 0 0
          0 0 0 0 0 0 0 0 0
          0 0 0 0 0 0 0 0 0
          0 0 0 0 0 0 0 0 0
          0 0 0 0 0 0 0 0 0
          0 0 0 0 0 0 0 0 0
          0 0 0 0 0 0 0 0 0
          0 0 0 0 0 0 0 0 0
          0 0 0 0 0 0 0 0 0
          0 0 0 0 0 0 0 0 0
          0 0 0 0 0 0 0 0 0
          0 0 0 0 0 0 0 0 0
          0 0 0 0 0 0 0 0 0
          0 0 0 0 0 0 0 0 0
          0 0 0 0 0 0 0 0 0
          0 0 0 0 0 0 0 0 0
          0 0 0 0 0 0 0 0 0
          0 0 0 0 0 0 0 0 0
          0 0 0 0 0 0 0 0 0
          0 0 0 0 0 0 0 0 0
          0 0 0 0 0 0 0 0 0
          0 0 0 0 0 0 0 0 0
          0 0 0 0 0 0 0 0 0
          0 0 0 0 0 0 0 0 0
          0 0 0 0 0 0 0 0 0
          0 0 0 0 0 0 0 0 0
          0 0 0 0 0 0 0 0 0
          0 0 0 0 0 0 0 0 0
          0 0 0 0 0 0 0 0 0
          0 0 0 0 0 0 0 0 0
          0 0 0 0 0 0 0 0 0
          0 0 0 0 0 0 0 0 0
          0 0 0 0 0 0 0 0 0
          0 0 0 0 0 0 0 0 0
          0 0 0 0 0 0 0 0 0
          0 0 0 0 0 0 0 0 0
          0 0 0 0 0 0 0 0 0
          0 0 0 0 0 0 0 0 0
          0 0 0 0 0 0 0 0 0
          0 0 0 0 0 0 0 0 0
          0 0 0 0 0 0 0 0 0
          0 0 0 0 0 0 0 0 0
          0 0 0 0 0 0 0 0 0
          0 0 0 0 0 0 0 0 0
          0 0 0 0 0 0 0 0 0
          0 0 0 0 0 0 0 0 0
          0 0 0 0 0 0 0 0 0
          0 0 0 0 0 0 0 0 0
          0 0 0 0 0 0 0 0 0
          0 0 0 0 0 0 0 0 0
          0 0 0 0 0 0 0 0 0
          0 0 0 0 0 0 0 0 0
          0 0 0 0 0 0 0 0 0
          0 0 0 0 0 0 0 0 0
          0 0 0 0 0 0 0 0 0
          0 0 0 0 0 0 0 0 0
          0 0 0 0 0 0 0 0 0
          0 0 0 0 0 0 0 0 0
          0 0 0 0 0 0 0 0 0
          0 0 0 0 0 0 0 0 0
          0 0 0 0 0 0 0 0 0
          0 0 0 0 0 0 0 0 0
          0 0 0 0 0 0 0 0 0
          0 0 0 0 0 0 0 0 0
          0 0 0 0 0 0 0 0 0
          0 0 0 0 0 0 0 0 0
          0 0 0 0 0 0 0 0 0
          0 0 0 0 0 0 0 0 0
          0 0 0 0 0 0 0 0 0
          0 0 0 0 0 0 0 0 0
          0 0 0 0 0 0 0 0 0
          0 0 0 0 0 0 0 0 0
          0 0 0 0 0 0 0 0 0
          0 0 0 0 0 0 0 0 0
          0 0 0 0 0 0 0 0 0
          0 0 0 0 0 0 0 0 0
          0 0 0 0 0 0 0 0 0
          0 0 0 0 0 0 0 0 0
          0 0 0 0 0 0 0 0 0
          0 0 0 0 0 0 0 0 0
          0 0 0 0 0 0 0 0 0
          0 0 0 0 0 0 0 0 0
          0 0 0 0 0 0 0 0 0
          0 0 0 0 0 0 0 0 0
          0 0 0 0 0 0 0 0 0
          0 0 0 0 0 0 0 0 0
          0 0 0 0 0 0 0 0 0
          0 0 0 0 0 0 0 0 0
          0 0 0 0 0 0 0 0 0
          0 0 0 0 0 0 0 0 0
          0 0 0 0 0 0 0 0 0
          0 0 0 0 0 0 0 0 0
          0 0 0 0 0 0 0 0 0
          0 0 0 0 0 0 0 0 0
          0 0 0 0 0 0 0 0 0
          0 0 0 0 0 0 0 0 0
          0 0 0 0 0 0 0 0 0
          0 0 0 0 0 0 0 0 0
          0 0 0 0 0 0 0 0 0
          0 0 0 0 0 0 0 0 0
          0 0 0 0 0 0 0 0 0
          0 0 0 0 0 0 0 0 0
          0 0 0 0 0 0 0 0 0
          0 0 0 0 0 0 0 0 0
          0 0 0 0 0 0 0 0 0
          0 0 0 0 0 0 0 0 0
          0 0 0 0 0 0 0 0 0
          0 0 0 0 0 0 0 0 0
          0 0 0 0 0 0 0 0 0
          0 0 0 0 0 0 0 0 0
          0 0 0 0 0 0 0 0 0
          0 0 0 0 0 0 0 0 0
          0 0 0 0 0 0 0 0 0
          0 0 0 0 0 0 0 0 0
          0 0 0 0 0 0 0 0 0
          0 0 0 0 0 0 0 0 0
          0 0 0 0 0 0 0 0 0
          0 0 0 0 0 0 0 0 0
          0 0 0 0 0 0 0 0 0
          0 0 0 0 0 0 0 0 0
          0 0 0 0 0 0 0 0 0
          0 0 0 0 0 0 0 0 0
          0 0 0 0 0 0 0 0 0
          0 0 0 0 0 0 0 0 0
          0 0 0 0 0 0 0 0 0
          0 0 0 0 0 0 0 0 0
          0 0 0 0 0 0 0 0 0
          0 0 0 0 0 0 0 0 0
          0 0 0 0 0 0 0 0 0
          0 0 0 0 0 0 0 0 0
          0 0 0 0 0 0 0 0 0
          0 0 0 0 0 0 0 0 0
          0 0 0 0 0 0 0 0 0
          0 0 0 0 0 0 0 0 0
          0 0 0 0 0 0 0 0 0
          0 0 0 0 0 0 0 0 0
          0 0 0 0 0 0 0 0 0
          0 0 0 0 0 0 0 0 0
          0 0 0 0 0 0 0 0 0
          0 0 0 0 0 0 0 0 0
          0 0 0 0 0 0 0 0 0
          0 0 0 0 0 0 0 0 0
          0 0 0 0 0 0 0 0 0
          0 0 0 0 0 0 0 0 0
          0 0 0 0 0 0 0 0 0
          0 0 0 0 0 0 0 0 0
          0 0 0 0 0 0 0 0 0
          0 0 0 0 0 0 0 0 0
          0 0 0 0 0 0 0 0 0
          0 0 0 0 0 0 0 0 0
          0 0 0 0 0 0 0 0 0
          0 0 0 0 0 0 0 0 0
          0 0 0 0 0 0 0 0 0
          0 0 0 0 0 0 0 0 0
          0 0 0 0 0 0 0 0 0
          0 0 0
        </DataArray>
        <DataArray type="Float64" Name="pressurePa" format="ascii">
          0 0 0 0 0 0 0 0 0
          0 0 0 0 0 0 0 0 0
          0 0 0 0 0 0 0 0 0
          0 0 0 0 0 0 0 0 0
          0 0 0 0 0 0 0 0 0
          0 0 0 0 0 0 0 0 0
          0 0 0 0 0 0 0 0 0
          0 0 0 0 0 0 0 0 0
          0 0 0 0 0 0 0 0 0
          0 0 0 0 0 0 0 0 0
          0 0 0 0 0 0 0 0 0
          0 0 0 0 0 0 0 0 0
          0 0 0 0 0 0 0 0 0
          0 0 0 0 0 0 0 0 0
          0 0 0 0 0 0 0 0 0
          0 0 0 0 0 0 0 0 0
          0 0 0 0 0 0 0 0 0
          0 0 0 0 0 0 0 0 0
          0 0 0 0 0 0 0 0 0
          0 0 0 0 0 0 0 0 0
          0 0 0 0 0 0 0 0 0
          0 0 0 0 0 0 0 0 0
          0 0 0 0 0 0 0 0 0
          0 0 0 0 0 0 0 0 0
          0 0 0 0 0 0 0 0 0
          0 0 0 0 0 0 0 0 0
          0 0 0 0 0 0 0 0 0
          0 0 0 0 0 0 0 0 0
          0 0 0 0 0 0 0 0 0
          0 0 0 0 0 0 0 0 0
          0 0 0 0 0 0 0 0 0
          0 0 0 0 0 0 0 0 0
          0 0 0 0 0 0 0 0 0
          0 0 0 0 0 0 0 0 0
          0 0 0 0 0 0 0 0 0
          0 0 0 0 0 0 0 0 0
          0 0 0 0 0 0 0 0 0
          0 0 0 0 0 0 0 0 0
          0 0 0 0 0 0 0 0 0
          0 0 0 0 0 0 0 0 0
          0 0 0 0 0 0 0 0 0
          0 0 0 0 0 0 0 0 0
          0 0 0 0 0 0 0 0 0
          0 0 0 0 0 0 0 0 0
          0 0 0 0 0 0 0 0 0
          0 0 0 0 0 0 0 0 0
          0 0 0 0 0 0 0 0 0
          0 0 0 0 0 0 0 0 0
          0 0 0 0 0 0 0 0 0
          0 0 0 0 0 0 0 0 0
          0 0 0 0 0 0 0 0 0
          0 0 0 0 0 0 0 0 0
          0 0 0 0 0 0 0 0 0
          0 0 0 0 0 0 0 0 0
          0 0 0 0 0 0 0 0 0
          0 0 0 0 0 0 0 0 0
          0 0 0 0 0 0 0 0 0
          0 0 0 0 0 0 0 0 0
          0 0 0 0 0 0 0 0 0
          0 0 0 0 0 0 0 0 0
          0 0 0 0 0 0 0 0 0
          0 0 0 0 0 0 0 0 0
          0 0 0 0 0 0 0 0 0
          0 0 0 0 0 0 0 0 0
          0 0 0 0 0 0 0 0 0
          0 0 0 0 0 0 0 0 0
          0 0 0 0 0 0 0 0 0
          0 0 0 0 0 0 0 0 0
          0 0 0 0 0 0 0 0 0
          0 0 0 0 0 0 0 0 0
          0 0 0 0 0 0 0 0 0
          0 0 0 0 0 0 0 0 0
          0 0 0 0 0 0 0 0 0
          0 0 0 0 0 0 0 0 0
          0 0 0 0 0 0 0 0 0
          0 0 0 0 0 0 0 0 0
          0 0 0 0 0 0 0 0 0
          0 0 0 0 0 0 0 0 0
          0 0 0 0 0 0 0 0 0
          0 0 0 0 0 0 0 0 0
          0 0 0 0 0 0 0 0 0
          0 0 0 0 0 0 0 0 0
          0 0 0 0 0 0 0 0 0
          0 0 0 0 0 0 0 0 0
          0 0 0 0 0 0 0 0 0
          0 0 0 0 0 0 0 0 0
          0 0 0 0 0 0 0 0 0
          0 0 0 0 0 0 0 0 0
          0 0 0 0 0 0 0 0 0
          0 0 0 0 0 0 0 0 0
          0 0 0 0 0 0 0 0 0
          0 0 0 0 0 0 0 0 0
          0 0 0 0 0 0 0 0 0
          0 0 0 0 0 0 0 0 0
          0 0 0 0 0 0 0 0 0
          0 0 0 0 0 0 0 0 0
          0 0 0 0 0 0 0 0 0
          0 0 0 0 0 0 0 0 0
          0 0 0 0 0 0 0 0 0
          0 0 0 0 0 0 0 0 0
          0 0 0 0 0 0 0 0 0
          0 0 0 0 0 0 0 0 0
          0 0 0 0 0 0 0 0 0
          0 0 0 0 0 0 0 0 0
          0 0 0 0 0 0 0 0 0
          0 0 0 0 0 0 0 0 0
          0 0 0 0 0 0 0 0 0
          0 0 0 0 0 0 0 0 0
          0 0 0 0 0 0 0 0 0
          0 0 0 0 0 0 0 0 0
          0 0 0 0 0 0 0 0 0
          0 0 0 0 0 0 0 0 0
          0 0 0 0 0 0 0 0 0
          0 0 0 0 0 0 0 0 0
          0 0 0 0 0 0 0 0 0
          0 0 0 0 0 0 0 0 0
          0 0 0 0 0 0 0 0 0
          0 0 0 0 0 0 0 0 0
          0 0 0 0 0 0 0 0 0
          0 0 0 0 0 0 0 0 0
          0 0 0 0 0 0 0 0 0
          0 0 0 0 0 0 0 0 0
          0 0 0 0 0 0 0 0 0
          0 0 0 0 0 0 0 0 0
          0 0 0 0 0 0 0 0 0
          0 0 0 0 0 0 0 0 0
          0 0 0 0 0 0 0 0 0
          0 0 0 0 0 0 0 0 0
          0 0 0 0 0 0 0 0 0
          0 0 0 0 0 0 0 0 0
          0 0 0 0 0 0 0 0 0
          0 0 0 0 0 0 0 0 0
          0 0 0 0 0 0 0 0 0
          0 0 0 0 0 0 0 0 0
          0 0 0 0 0 0 0 0 0
          0 0 0 0 0 0 0 0 0
          0 0 0 0 0 0 0 0 0
          0 0 0 0 0 0 0 0 0
          0 0 0 0 0 0 0 0 0
          0 0 0 0 0 0 0 0 0
          0 0 0 0 0 0 0 0 0
          0 0 0 0 0 0 0 0 0
          0 0 0 0 0 0 0 0 0
          0 0 0 0 0 0 0 0 0
          0 0 0 0 0 0 0 0 0
          0 0 0 0 0 0 0 0 0
          0 0 0 0 0 0 0 0 0
          0 0 0 0 0 0 0 0 0
          0 0 0 0 0 0 0 0 0
          0 0 0 0 0 0 0 0 0
          0 0 0 0 0 0 0 0 0
          0 0 0 0 0 0 0 0 0
          0 0 0 0 0 0 0 0 0
          0 0 0 0 0 0 0 0 0
          0 0 0 0 0 0 0 0 0
          0 0 0 0 0 0 0 0 0
          0 0 0 0 0 0 0 0 0
          0 0 0 0 0 0 0 0 0
          0 0 0 0 0 0 0 0 0
          0 0 0 0 0 0 0 0 0
          0 0 0 0 0 0 0 0 0
          0 0 0 0 0 0 0 0 0
          0 0 0 0 0 0 0 0 0
          0 0 0 0 0 0 0 0 0
          0 0 0 0 0 0 0 0 0
          0 0 0 0 0 0 0 0 0
          0 0 0 0 0 0 0 0 0
          0 0 0 0 0 0 0 0 0
          0 0 0 0 0 0 0 0 0
          0 0 0 0 0 0 0 0 0
          0 0 0 0 0 0 0 0 0
          0 0 0 0 0 0 0 0 0
          0 0 0 0 0 0 0 0 0
          0 0 0 0 0 0 0 0 0
          0 0 0 0 0 0 0 0 0
          0 0 0 0 0 0 0 0 0
          0 0 0 0 0 0 0 0 0
          0 0 0 0 0 0 0 0 0
          0 0 0 0 0 0 0 0 0
          0 0 0 0 0 0 0 0 0
          0 0 0 0 0 0 0 0 0
          0 0 0 0 0 0 0 0 0
          0 0 0 0 0 0 0 0 0
          0 0 0 0 0 0 0 0 0
          0 0 0 0 0 0 0 0 0
          0 0 0 0 0 0 0 0 0
          0 0 0 0 0 0 0 0 0
          0 0 0 0 0 0 0 0 0
          0 0 0 0 0 0 0 0 0
          0 0 0 0 0 0 0 0 0
          0 0 0 0 0 0 0 0 0
          0 0 0 0 0 0 0 0 0
          0 0 0 0 0 0 0 0 0
          0 0 0 0 0 0 0 0 0
          0 0 0 0 0 0 0 0 0
          0 0 0 0 0 0 0 0 0
          0 0 0 0 0 0 0 0 0
          0 0 0 0 0 0 0 0 0
          0 0 0 0 0 0 0 0 0
          0 0 0 0 0 0 0 0 0
          0 0 0 0 0 0 0 0 0
          0 0 0 0 0 0 0 0 0
          0 0 0 0 0 0 0 0 0
          0 0 0 0 0 0 0 0 0
          0 0 0 0 0 0 0 0 0
          0 0 0 0 0 0 0 0 0
          0 0 0 0 0 0 0 0 0
          0 0 0 0 0 0 0 0 0
          0 0 0 0 0 0 0 0 0
          0 0 0 0 0 0 0 0 0
          0 0 0 0 0 0 0 0 0
          0 0 0 0 0 0 0 0 0
          0 0 0 0 0 0 0 0 0
          0 0 0 0 0 0 0 0 0
          0 0 0 0 0 0 0 0 0
          0 0 0 0 0 0 0 0 0
          0 0 0 0 0 0 0 0 0
          0 0 0 0 0 0 0 0 0
          0 0 0 0 0 0 0 0 0
          0 0 0 0 0 0 0 0 0
          0 0 0 0 0 0 0 0 0
          0 0 0 0 0 0 0 0 0
          0 0 0 0 0 0 0 0 0
          0 0 0 0 0 0 0 0 0
          0 0 0 0 0 0 0 0 0
          0 0 0 0 0 0 0 0 0
          0 0 0 0 0 0 0 0 0
          0 0 0 0 0 0 0 0 0
          0 0 0 0 0 0 0 0 0
          0 0 0 0 0 0 0 0 0
          0 0 0 0 0 0 0 0 0
          0 0 0 0 0 0 0 0 0
          0 0 0 0 0 0 0 0 0
          0 0 0 0 0 0 0 0 0
          0 0 0 0 0 0 0 0 0
          0 0 0 0 0 0 0 0 0
          0 0 0 0 0 0 0 0 0
          0 0 0 0 0 0 0 0 0
          0 0 0 0 0 0 0 0 0
          0 0 0 0 0 0 0 0 0
          0 0 0 0 0 0 0 0 0
          0 0 0 0 0 0 0 0 0
          0 0 0 0 0 0 0 0 0
          0 0 0 0 0 0 0 0 0
          0 0 0 0 0 0 0 0 0
          0 0 0 0 0 0 0 0 0
          0 0 0 0 0 0 0 0 0
          0 0 0 0 0 0 0 0 0
          0 0 0 0 0 0 0 0 0
          0 0 0 0 0 0 0 0 0
          0 0 0 0 0 0 0 0 0
          0 0 0 0 0 0 0 0 0
          0 0 0 0 0 0 0 0 0
          0 0 0 0 0 0 0 0 0
          0 0 0 0 0 0 0 0 0
          0 0 0 0 0 0 0 0 0
          0 0 0 0 0 0 0 0 0
          0 0 0 0 0 0 0 0 0
          0 0 0 0 0 0 0 0 0
          0 0 0 0 0 0 0 0 0
          0 0 0 0 0 0 0 0 0
          0 0 0 0 0 0 0 0 0
          0 0 0 0 0 0 0 0 0
          0 0 0 0 0 0 0 0 0
          0 0 0 0 0 0 0 0 0
          0 0 0 0 0 0 0 0 0
          0 0 0 0 0 0 0 0 0
          0 0 0 0 0 0 0 0 0
          0 0 0 0 0 0 0 0 0
          0 0 0 0 0 0 0 0 0
          0 0 0 0 0 0 0 0 0
          0 0 0 0 0 0 0 0 0
          0 0 0 0 0 0 0 0 0
          0 0 0 0 0 0 0 0 0
          0 0 0 0 0 0 0 0 0
          0 0 0 0 0 0 0 0 0
          0 0 0 0 0 0 0 0 0
          0 0 0 0 0 0 0 0 0
          0 0 0 0 0 0 0 0 0
          0 0 0 0 0 0 0 0 0
          0 0 0 0 0 0 0 0 0
          0 0 0 0 0 0 0 0 0
          0 0 0 0 0 0 0 0 0
          0 0 0 0 0 0 0 0 0
          0 0 0 0 0 0 0 0 0
          0 0 0 0 0 0 0 0 0
          0 0 0 0 0 0 0 0 0
          0 0 0 0 0 0 0 0 0
          0 0 0 0 0 0 0 0 0
          0 0 0 0 0 0 0 0 0
          0 0 0 0 0 0 0 0 0
          0 0 0 0 0 0 0 0 0
          0 0 0 0 0 0 0 0 0
          0 0 0 0 0 0 0 0 0
          0 0 0 0 0 0 0 0 0
          0 0 0 0 0 0 0 0 0
          0 0 0 0 0 0 0 0 0
          0 0 0 0 0 0 0 0 0
          0 0 0 0 0 0 0 0 0
          0 0 0 0 0 0 0 0 0
          0 0 0 0 0 0 0 0 0
          0 0 0 0 0 0 0 0 0
          0 0 0 0 0 0 0 0 0
          0 0 0 0 0 0 0 0 0
          0 0 0 0 0 0 0 0 0
          0 0 0 0 0 0 0 0 0
          0 0 0 0 0 0 0 0 0
          0 0 0 0 0 0 0 0 0
          0 0 0 0 0 0 0 0 0
          0 0 0 0 0 0 0 0 0
          0 0 0 0 0 0 0 0 0
          0 0 0 0 0 0 0 0 0
          0 0 0 0 0 0 0 0 0
          0 0 0 0 0 0 0 0 0
          0 0 0 0 0 0 0 0 0
          0 0 0 0 0 0 0 0 0
          0 0 0 0 0 0 0 0 0
          0 0 0 0 0 0 0 0 0
          0 0 0 0 0 0 0 0 0
          0 0 0 0 0 0 0 0 0
          0 0 0 0 0 0 0 0 0
          0 0 0 0 0 0 0 0 0
          0 0 0 0 0 0 0 0 0
          0 0 0 0 0 0 0 0 0
          0 0 0 0 0 0 0 0 0
          0 0 0 0 0 0 0 0 0
          0 0 0 0 0 0 0 0 0
          0 0 0 0 0 0 0 0 0
          0 0 0 0 0 0 0 0 0
          0 0 0 0 0 0 0 0 0
          0 0 0 0 0 0 0 0 0
          0 0 0 0 0 0 0 0 0
          0 0 0 0 0 0 0 0 0
          0 0 0 0 0 0 0 0 0
          0 0 0 0 0 0 0 0 0
          0 0 0 0 0 0 0 0 0
          0 0 0 0 0 0 0 0 0
          0 0 0 0 0 0 0 0 0
          0 0 0 0 0 0 0 0 0
          0 0 0 0 0 0 0 0 0
          0 0 0 0 0 0 0 0 0
          0 0 0 0 0 0 0 0 0
          0 0 0 0 0 0 0 0 0
          0 0 0 0 0 0 0 0 0
          0 0 0 0 0 0 0 0 0
          0 0 0 0 0 0 0 0 0
          0 0 0 0 0 0 0 0 0
          0 0 0 0 0 0 0 0 0
          0 0 0 0 0 0 0 0 0
          0 0 0 0 0 0 0 0 0
          0 0 0 0 0 0 0 0 0
          0 0 0 0 0 0 0 0 0
          0 0 0 0 0 0 0 0 0
          0 0 0 0 0 0 0 0 0
          0 0 0 0 0 0 0 0 0
          0 0 0 0 0 0 0 0 0
          0 0 0 0 0 0 0 0 0
          0 0 0 0 0 0 0 0 0
          0 0 0 0 0 0 0 0 0
          0 0 0 0 0 0 0 0 0
          0 0 0 0 0 0 0 0 0
          0 0 0 0 0 0 0 0 0
          0 0 0 0 0 0 0 0 0
          0 0 0 0 0 0 0 0 0
          0 0 0 0 0 0 0 0 0
          0 0 0 0 0 0 0 0 0
          0 0 0 0 0 0 0 0 0
          0 0 0 0 0 0 0 0 0
          0 0 0 0 0 0 0 0 0
          0 0 0 0 0 0 0 0 0
          0 0 0 0 0 0 0 0 0
          0 0 0 0 0 0 0 0 0
          0 0 0 0 0 0 0 0 0
          0 0 0 0 0 0 0 0 0
          0 0 0 0 0 0 0 0 0
          0 0 0 0 0 0 0 0 0
          0 0 0 0 0 0 0 0 0
          0 0 0 0 0 0 0 0 0
          0 0 0 0 0 0 0 0 0
          0 0 0 0 0 0 0 0 0
          0 0 0 0 0 0 0 0 0
          0 0 0 0 0 0 0 0 0
          0 0 0 0 0 0 0 0 0
          0 0 0 0 0 0 0 0 0
          0 0 0 0 0 0 0 0 0
          0 0 0 0 0 0 0 0 0
          0 0 0 0 0 0 0 0 0
          0 0 0 0 0 0 0 0 0
          0 0 0 0 0 0 0 0 0
          0 0 0 0 0 0 0 0 0
          0 0 0 0 0 0 0 0 0
          0 0 0 0 0 0 0 0 0
          0 0 0 0 0 0 0 0 0
          0 0 0 0 0 0 0 0 0
          0 0 0 0 0 0 0 0 0
          0 0 0 0 0 0 0 0 0
          0 0 0 0 0 0 0 0 0
          0 0 0 0 0 0 0 0 0
          0 0 0 0 0 0 0 0 0
          0 0 0 0 0 0 0 0 0
          0 0 0 0 0 0 0 0 0
          0 0 0 0 0 0 0 0 0
          0 0 0 0 0 0 0 0 0
          0 0 0 0 0 0 0 0 0
          0 0 0 0 0 0 0 0 0
          0 0 0 0 0 0 0 0 0
          0 0 0 0 0 0 0 0 0
          0 0 0 0 0 0 0 0 0
          0 0 0 0 0 0 0 0 0
          0 0 0 0 0 0 0 0 0
          0 0 0 0 0 0 0 0 0
          0 0 0 0 0 0 0 0 0
          0 0 0 0 0 0 0 0 0
          0 0 0 0 0 0 0 0 0
          0 0 0 0 0 0 0 0 0
          0 0 0 0 0 0 0 0 0
          0 0 0 0 0 0 0 0 0
          0 0 0 0 0 0 0 0 0
          0 0 0 0 0 0 0 0 0
          0 0 0 0 0 0 0 0 0
          0 0 0 0 0 0 0 0 0
          0 0 0 0 0 0 0 0 0
          0 0 0 0 0 0 0 0 0
          0 0 0 0 0 0 0 0 0
          0 0 0 0 0 0 0 0 0
          0 0 0 0 0 0 0 0 0
          0 0 0 0 0 0 0 0 0
          0 0 0 0 0 0 0 0 0
          0 0 0 0 0 0 0 0 0
          0 0 0 0 0 0 0 0 0
          0 0 0 0 0 0 0 0 0
          0 0 0 0 0 0 0 0 0
          0 0 0 0 0 0 0 0 0
          0 0 0 0 0 0 0 0 0
          0 0 0 0 0 0 0 0 0
          0 0 0 0 0 0 0 0 0
          0 0 0 0 0 0 0 0 0
          0 0 0 0 0 0 0 0 0
          0 0 0 0 0 0 0 0 0
          0 0 0 0 0 0 0 0 0
          0 0 0 0 0 0 0 0 0
          0 0 0 0 0 0 0 0 0
          0 0 0 0 0 0 0 0 0
          0 0 0 0 0 0 0 0 0
          0 0 0 0 0 0 0 0 0
          0 0 0 0 0 0 0 0 0
          0 0 0 0 0 0 0 0 0
          0 0 0 0 0 0 0 0 0
          0 0 0 0 0 0 0 0 0
          0 0 0 0 0 0 0 0 0
          0 0 0 0 0 0 0 0 0
          0 0 0 0 0 0 0 0 0
          0 0 0 0 0 0 0 0 0
          0 0 0 0 0 0 0 0 0
          0 0 0 0 0 0 0 0 0
          0 0 0 0 0 0 0 0 0
          0 0 0 0 0 0 0 0 0
          0 0 0 0 0 0 0 0 0
          0 0 0 0 0 0 0 0 0
          0 0 0 0 0 0 0 0 0
          0 0 0 0 0 0 0 0 0
          0 0 0 0 0 0 0 0 0
          0 0 0 0 0 0 0 0 0
          0 0 0 0 0 0 0 0 0
          0 0 0 0 0 0 0 0 0
          0 0 0 0 0 0 0 0 0
          0 0 0 0 0 0 0 0 0
          0 0 0 0 0 0 0 0 0
          0 0 0 0 0 0 0 0 0
          0 0 0 0 0 0 0 0 0
          0 0 0 0 0 0 0 0 0
          0 0 0 0 0 0 0 0 0
          0 0 0 0 0 0 0 0 0
          0 0 0 0 0 0 0 0 0
          0 0 0 0 0 0 0 0 0
          0 0 0 0 0 0 0 0 0
          0 0 0 0 0 0 0 0 0
          0 0 0 0 0 0 0 0 0
          0 0 0 0 0 0 0 0 0
          0 0 0 0 0 0 0 0 0
          0 0 0 0 0 0 0 0 0
          0 0 0 0 0 0 0 0 0
          0 0 0 0 0 0 0 0 0
          0 0 0 0 0 0 0 0 0
          0 0 0 0 0 0 0 0 0
          0 0 0 0 0 0 0 0 0
          0 0 0 0 0 0 0 0 0
          0 0 0 0 0 0 0 0 0
          0 0 0 0 0 0 0 0 0
          0 0 0 0 0 0 0 0 0
          0 0 0 0 0 0 0 0 0
          0 0 0 0 0 0 0 0 0
          0 0 0 0 0 0 0 0 0
          0 0 0 0 0 0 0 0 0
          0 0 0 0 0 0 0 0 0
          0 0 0 0 0 0 0 0 0
          0 0 0 0 0 0 0 0 0
          0 0 0 0 0 0 0 0 0
          0 0 0 0 0 0 0 0 0
          0 0 0 0 0 0 0 0 0
          0 0 0 0 0 0 0 0 0
          0 0 0 0 0 0 0 0 0
          0 0 0 0 0 0 0 0 0
          0 0 0 0 0 0 0 0 0
          0 0 0 0 0 0 0 0 0
          0 0 0 0 0 0 0 0 0
          0 0 0 0 0 0 0 0 0
          0 0 0 0 0 0 0 0 0
          0 0 0 0 0 0 0 0 0
          0 0 0 0 0 0 0 0 0
          0 0 0 0 0 0 0 0 0
          0 0 0 0 0 0 0 0 0
          0 0 0 0 0 0 0 0 0
          0 0 0 0 0 0 0 0 0
          0 0 0 0 0 0 0 0 0
          0 0 0 0 0 0 0 0 0
          0 0 0 0 0 0 0 0 0
          0 0 0 0 0 0 0 0 0
          0 0 0 0 0 0 0 0 0
          0 0 0 0 0 0 0 0 0
          0 0 0 0 0 0 0 0 0
          0 0 0 0 0 0 0 0 0
          0 0 0 0 0 0 0 0 0
          0 0 0 0 0 0 0 0 0
          0 0 0 0 0 0 0 0 0
          0 0 0 0 0 0 0 0 0
          0 0 0 0 0 0 0 0 0
          0 0 0 0 0 0 0 0 0
          0 0 0 0 0 0 0 0 0
          0 0 0 0 0 0 0 0 0
          0 0 0 0 0 0 0 0 0
          0 0 0 0 0 0 0 0 0
          0 0 0 0 0 0 0 0 0
          0 0 0 0 0 0 0 0 0
          0 0 0 0 0 0 0 0 0
          0 0 0 0 0 0 0 0 0
          0 0 0 0 0 0 0 0 0
          0 0 0 0 0 0 0 0 0
          0 0 0 0 0 0 0 0 0
          0 0 0 0 0 0 0 0 0
          0 0 0 0 0 0 0 0 0
          0 0 0 0 0 0 0 0 0
          0 0 0 0 0 0 0 0 0
          0 0 0 0 0 0 0 0 0
          0 0 0 0 0 0 0 0 0
          0 0 0 0 0 0 0 0 0
          0 0 0 0 0 0 0 0 0
          0 0 0 0 0 0 0 0 0
          0 0 0 0 0 0 0 0 0
          0 0 0 0 0 0 0 0 0
          0 0 0 0 0 0 0 0 0
          0 0 0 0 0 0 0 0 0
          0 0 0 0 0 0 0 0 0
          0 0 0 0 0 0 0 0 0
          0 0 0 0 0 0 0 0 0
          0 0 0 0 0 0 0 0 0
          0 0 0 0 0 0 0 0 0
          0 0 0 0 0 0 0 0 0
          0 0 0 0 0 0 0 0 0
          0 0 0 0 0 0 0 0 0
          0 0 0 0 0 0 0 0 0
          0 0 0 0 0 0 0 0 0
          0 0 0 0 0 0 0 0 0
          0 0 0 0 0 0 0 0 0
          0 0 0 0 0 0 0 0 0
          0 0 0 0 0 0 0 0 0
          0 0 0 0 0 0 0 0 0
          0 0 0 0 0 0 0 0 0
          0 0 0 0 0 0 0 0 0
          0 0 0 0 0 0 0 0 0
          0 0 0 0 0 0 0 0 0
          0 0 0 0 0 0 0 0 0
          0 0 0 0 0 0 0 0 0
          0 0 0 0 0 0 0 0 0
          0 0 0 0 0 0 0 0 0
          0 0 0 0 0 0 0 0 0
          0 0 0 0 0 0 0 0 0
          0 0 0 0 0 0 0 0 0
          0 0 0 0 0 0 0 0 0
          0 0 0 0 0 0 0 0 0
          0 0 0 0 0 0 0 0 0
          0 0 0 0 0 0 0 0 0
          0 0 0 0 0 0 0 0 0
          0 0 0 0 0 0 0 0 0
          0 0 0 0 0 0 0 0 0
          0 0 0 0 0 0 0 0 0
          0 0 0 0 0 0 0 0 0
          0 0 0 0 0 0 0 0 0
          0 0 0 0 0 0 0 0 0
          0 0 0 0 0 0 0 0 0
          0 0 0 0 0 0 0 0 0
          0 0 0 0 0 0 0 0 0
          0 0 0 0 0 0 0 0 0
          0 0 0 0 0 0 0 0 0
          0 0 0 0 0 0 0 0 0
          0 0 0 0 0 0 0 0 0
          0 0 0 0 0 0 0 0 0
          0 0 0 0 0 0 0 0 0
          0 0 0 0 0 0 0 0 0
          0 0 0 0 0 0 0 0 0
          0 0 0 0 0 0 0 0 0
          0 0 0 0 0 0 0 0 0
          0 0 0 0 0 0 0 0 0
          0 0 0 0 0 0 0 0 0
          0 0 0 0 0 0 0 0 0
          0 0 0 0 0 0 0 0 0
          0 0 0 0 0 0 0 0 0
          0 0 0 0 0 0 0 0 0
          0 0 0 0 0 0 0 0 0
          0 0 0 0 0 0 0 0 0
          0 0 0 0 0 0 0 0 0
          0 0 0 0 0 0 0 0 0
          0 0 0 0 0 0 0 0 0
          0 0 0 0 0 0 0 0 0
          0 0 0 0 0 0 0 0 0
          0 0 0 0 0 0 0 0 0
          0 0 0 0 0 0 0 0 0
          0 0 0 0 0 0 0 0 0
          0 0 0 0 0 0 0 0 0
          0 0 0 0 0 0 0 0 0
          0 0 0 0 0 0 0 0 0
          0 0 0 0 0 0 0 0 0
          0 0 0 0 0 0 0 0 0
          0 0 0 0 0 0 0 0 0
          0 0 0 0 0 0 0 0 0
          0 0 0 0 0 0 0 0 0
          0 0 0 0 0 0 0 0 0
          0 0 0 0 0 0 0 0 0
          0 0 0 0 0 0 0 0 0
          0 0 0 0 0 0 0 0 0
          0 0 0 0 0 0 0 0 0
          0 0 0 0 0 0 0 0 0
          0 0 0 0 0 0 0 0 0
          0 0 0 0 0 0 0 0 0
          0 0 0 0 0 0 0 0 0
          0 0 0 0 0 0 0 0 0
          0 0 0 0 0 0 0 0 0
          0 0 0 0 0 0 0 0 0
          0 0 0 0 0 0 0 0 0
          0 0 0 0 0 0 0 0 0
          0 0 0 0 0 0 0 0 0
          0 0 0 0 0 0 0 0 0
          0 0 0 0 0 0 0 0 0
          0 0 0 0 0 0 0 0 0
          0 0 0 0 0 0 0 0 0
          0 0 0 0 0 0 0 0 0
          0 0 0 0 0 0 0 0 0
          0 0 0 0 0 0 0 0 0
          0 0 0 0 0 0 0 0 0
          0 0 0 0 0 0 0 0 0
          0 0 0 0 0 0 0 0 0
          0 0 0 0 0 0 0 0 0
          0 0 0 0 0 0 0 0 0
          0 0 0 0 0 0 0 0 0
          0 0 0 0 0 0 0 0 0
          0 0 0 0 0 0 0 0 0
          0 0 0 0 0 0 0 0 0
          0 0 0 0 0 0 0 0 0
          0 0 0 0 0 0 0 0 0
          0 0 0 0 0 0 0 0 0
          0 0 0 0 0 0 0 0 0
          0 0 0 0 0 0 0 0 0
          0 0 0 0 0 0 0 0 0
          0 0 0 0 0 0 0 0 0
          0 0 0 0 0 0 0 0 0
          0 0 0 0 0 0 0 0 0
          0 0 0 0 0 0 0 0 0
          0 0 0 0 0 0 0 0 0
          0 0 0 0 0 0 0 0 0
          0 0 0 0 0 0 0 0 0
          0 0 0 0 0 0 0 0 0
          0 0 0 0 0 0 0 0 0
          0 0 0 0 0 0 0 0 0
          0 0 0 0 0 0 0 0 0
          0 0 0 0 0 0 0 0 0
          0 0 0 0 0 0 0 0 0
          0 0 0 0 0 0 0 0 0
          0 0 0 0 0 0 0 0 0
          0 0 0 0 0 0 0 0 0
          0 0 0 0 0 0 0 0 0
          0 0 0 0 0 0 0 0 0
          0 0 0 0 0 0 0 0 0
          0 0 0 0 0 0 0 0 0
          0 0 0 0 0 0 0 0 0
          0 0 0 0 0 0 0 0 0
          0 0 0 0 0 0 0 0 0
          0 0 0 0 0 0 0 0 0
          0 0 0 0 0 0 0 0 0
          0 0 0 0 0 0 0 0 0
          0 0 0 0 0 0 0 0 0
          0 0 0 0 0 0 0 0 0
          0 0 0 0 0 0 0 0 0
          0 0 0 0 0 0 0 0 0
          0 0 0 0 0 0 0 0 0
          0 0 0 0 0 0 0 0 0
          0 0 0 0 0 0 0 0 0
          0 0 0 0 0 0 0 0 0
          0 0 0 0 0 0 0 0 0
          0 0 0 0 0 0 0 0 0
          0 0 0 0 0 0 0 0 0
          0 0 0 0 0 0 0 0 0
          0 0 0 0 0 0 0 0 0
          0 0 0 0 0 0 0 0 0
          0 0 0 0 0 0 0 0 0
          0 0 0 0 0 0 0 0 0
          0 0 0 0 0 0 0 0 0
          0 0 0 0 0 0 0 0 0
          0 0 0 0 0 0 0 0 0
          0 0 0 0 0 0 0 0 0
          0 0 0 0 0 0 0 0 0
          0 0 0 0 0 0 0 0 0
          0 0 0 0 0 0 0 0 0
          0 0 0 0 0 0 0 0 0
          0 0 0 0 0 0 0 0 0
          0 0 0 0 0 0 0 0 0
          0 0 0 0 0 0 0 0 0
          0 0 0 0 0 0 0 0 0
          0 0 0 0 0 0 0 0 0
          0 0 0 0 0 0 0 0 0
          0 0 0 0 0 0 0 0 0
          0 0 0 0 0 0 0 0 0
          0 0 0 0 0 0 0 0 0
          0 0 0 0 0 0 0 0 0
          0 0 0 0 0 0 0 0 0
          0 0 0 0 0 0 0 0 0
          0 0 0 0 0 0 0 0 0
          0 0 0 0 0 0 0 0 0
          0 0 0 0 0 0 0 0 0
          0 0 0 0 0 0 0 0 0
          0 0 0 0 0 0 0 0 0
          0 0 0 0 0 0 0 0 0
          0 0 0 0 0 0 0 0 0
          0 0 0 0 0 0 0 0 0
          0 0 0 0 0 0 0 0 0
          0 0 0 0 0 0 0 0 0
          0 0 0 0 0 0 0 0 0
          0 0 0 0 0 0 0 0 0
          0 0 0 0 0 0 0 0 0
          0 0 0 0 0 0 0 0 0
          0 0 0 0 0 0 0 0 0
          0 0 0 0 0 0 0 0 0
          0 0 0 0 0 0 0 0 0
          0 0 0 0 0 0 0 0 0
          0 0 0 0 0 0 0 0 0
          0 0 0 0 0 0 0 0 0
          0 0 0 0 0 0 0 0 0
          0 0 0 0 0 0 0 0 0
          0 0 0 0 0 0 0 0 0
          0 0 0 0 0 0 0 0 0
          0 0 0 0 0 0 0 0 0
          0 0 0 0 0 0 0 0 0
          0 0 0 0 0 0 0 0 0
          0 0 0 0 0 0 0 0 0
          0 0 0 0 0 0 0 0 0
          0 0 0 0 0 0 0 0 0
          0 0 0 0 0 0 0 0 0
          0 0 0 0 0 0 0 0 0
          0 0 0 0 0 0 0 0 0
          0 0 0 0 0 0 0 0 0
          0 0 0 0 0 0 0 0 0
          0 0 0 0 0 0 0 0 0
          0 0 0 0 0 0 0 0 0
          0 0 0 0 0 0 0 0 0
          0 0 0 0 0 0 0 0 0
          0 0 0 0 0 0 0 0 0
          0 0 0 0 0 0 0 0 0
          0 0 0 0 0 0 0 0 0
          0 0 0 0 0 0 0 0 0
          0 0 0 0 0 0 0 0 0
          0 0 0 0 0 0 0 0 0
          0 0 0 0 0 0 0 0 0
          0 0 0 0 0 0 0 0 0
          0 0 0 0 0 0 0 0 0
          0 0 0 0 0 0 0 0 0
          0 0 0 0 0 0 0 0 0
          0 0 0 0 0 0 0 0 0
          0 0 0 0 0 0 0 0 0
          0 0 0 0 0 0 0 0 0
          0 0 0 0 0 0 0 0 0
          0 0 0 0 0 0 0 0 0
          0 0 0 0 0 0 0 0 0
          0 0 0 0 0 0 0 0 0
          0 0 0 0 0 0 0 0 0
          0 0 0 0 0 0 0 0 0
          0 0 0 0 0 0 0 0 0
          0 0 0 0 0 0 0 0 0
          0 0 0 0 0 0 0 0 0
          0 0 0 0 0 0 0 0 0
          0 0 0 0 0 0 0 0 0
          0 0 0 0 0 0 0 0 0
          0 0 0 0 0 0 0 0 0
          0 0 0 0 0 0 0 0 0
          0 0 0 0 0 0 0 0 0
          0 0 0 0 0 0 0 0 0
          0 0 0 0 0 0 0 0 0
          0 0 0 0 0 0 0 0 0
          0 0 0 0 0 0 0 0 0
          0 0 0 0 0 0 0 0 0
          0 0 0 0 0 0 0 0 0
          0 0 0 0 0 0 0 0 0
          0 0 0 0 0 0 0 0 0
          0 0 0 0 0 0 0 0 0
          0 0 0 0 0 0 0 0 0
          0 0 0 0 0 0 0 0 0
          0 0 0 0 0 0 0 0 0
          0 0 0 0 0 0 0 0 0
          0 0 0 0 0 0 0 0 0
          0 0 0 0 0 0 0 0 0
          0 0 0 0 0 0 0 0 0
          0 0 0 0 0 0 0 0 0
          0 0 0 0 0 0 0 0 0
          0 0 0 0 0 0 0 0 0
          0 0 0 0 0 0 0 0 0
          0 0 0 0 0 0 0 0 0
          0 0 0 0 0 0 0 0 0
          0 0 0 0 0 0 0 0 0
          0 0 0 0 0 0 0 0 0
          0 0 0 0 0 0 0 0 0
          0 0 0 0 0 0 0 0 0
          0 0 0 0 0 0 0 0 0
          0 0 0 0 0 0 0 0 0
          0 0 0 0 0 0 0 0 0
          0 0 0 0 0 0 0 0 0
          0 0 0 0 0 0 0 0 0
          0 0 0 0 0 0 0 0 0
          0 0 0 0 0 0 0 0 0
          0 0 0 0 0 0 0 0 0
          0 0 0 0 0 0 0 0 0
          0 0 0 0 0 0 0 0 0
          0 0 0 0 0 0 0 0 0
          0 0 0 0 0 0 0 0 0
          0 0 0 0 0 0 0 0 0
          0 0 0 0 0 0 0 0 0
          0 0 0 0 0 0 0 0 0
          0 0 0 0 0 0 0 0 0
          0 0 0 0 0 0 0 0 0
          0 0 0 0 0 0 0 0 0
          0 0 0 0 0 0 0 0 0
          0 0 0 0 0 0 0 0 0
          0 0 0 0 0 0 0 0 0
          0 0 0 0 0 0 0 0 0
          0 0 0 0 0 0 0 0 0
          0 0 0 0 0 0 0 0 0
          0 0 0 0 0 0 0 0 0
          0 0 0 0 0 0 0 0 0
          0 0 0 0 0 0 0 0 0
          0 0 0 0 0 0 0 0 0
          0 0 0 0 0 0 0 0 0
          0 0 0 0 0 0 0 0 0
          0 0 0 0 0 0 0 0 0
          0 0 0 0 0 0 0 0 0
          0 0 0 0 0 0 0 0 0
          0 0 0 0 0 0 0 0 0
          0 0 0 0 0 0 0 0 0
          0 0 0 0 0 0 0 0 0
          0 0 0 0 0 0 0 0 0
          0 0 0 0 0 0 0 0 0
          0 0 0 0 0 0 0 0 0
          0 0 0 0 0 0 0 0 0
          0 0 0 0 0 0 0 0 0
          0 0 0 0 0 0 0 0 0
          0 0 0 0 0 0 0 0 0
          0 0 0 0 0 0 0 0 0
          0 0 0 0 0 0 0 0 0
          0 0 0 0 0 0 0 0 0
          0 0 0 0 0 0 0 0 0
          0 0 0 0 0 0 0 0 0
          0 0 0 0 0 0 0 0 0
          0 0 0 0 0 0 0 0 0
          0 0 0 0 0 0 0 0 0
          0 0 0 0 0 0 0 0 0
          0 0 0 0 0 0 0 0 0
          0 0 0 0 0 0 0 0 0
          0 0 0 0 0 0 0 0 0
          0 0 0 0 0 0 0 0 0
          0 0 0 0 0 0 0 0 0
          0 0 0 0 0 0 0 0 0
          0 0 0 0 0 0 0 0 0
          0 0 0 0 0 0 0 0 0
          0 0 0 0 0 0 0 0 0
          0 0 0 0 0 0 0 0 0
          0 0 0 0 0 0 0 0 0
          0 0 0 0 0 0 0 0 0
          0 0 0 0 0 0 0 0 0
          0 0 0 0 0 0 0 0 0
          0 0 0 0 0 0 0 0 0
          0 0 0 0 0 0 0 0 0
          0 0 0 0 0 0 0 0 0
          0 0 0 0 0 0 0 0 0
          0 0 0 0 0 0 0 0 0
          0 0 0 0 0 0 0 0 0
          0 0 0 0 0 0 0 0 0
          0 0 0 0 0 0 0 0 0
          0 0 0 0 0 0 0 0 0
          0 0 0 0 0 0 0 0 0
          0 0 0 0 0 0 0 0 0
          0 0 0 0 0 0 0 0 0
          0 0 0 0 0 0 0 0 0
          0 0 0 0 0 0 0 0 0
          0 0 0 0 0 0 0 0 0
          0 0 0 0 0 0 0 0 0
          0 0 0 0 0 0 0 0 0
          0 0 0 0 0 0 0 0 0
          0 0 0 0 0 0 0 0 0
          0 0 0 0 0 0 0 0 0
          0 0 0 0 0 0 0 0 0
          0 0 0 0 0 0 0 0 0
          0 0 0 0 0 0 0 0 0
          0 0 0 0 0 0 0 0 0
          0 0 0 0 0 0 0 0 0
          0 0 0 0 0 0 0 0 0
          0 0 0 0 0 0 0 0 0
          0 0 0 0 0 0 0 0 0
          0 0 0 0 0 0 0 0 0
          0 0 0 0 0 0 0 0 0
          0 0 0 0 0 0 0 0 0
          0 0 0 0 0 0 0 0 0
          0 0 0 0 0 0 0 0 0
          0 0 0 0 0 0 0 0 0
          0 0 0 0 0 0 0 0 0
          0 0 0 0 0 0 0 0 0
          0 0 0 0 0 0 0 0 0
          0 0 0 0 0 0 0 0 0
          0 0 0 0 0 0 0 0 0
          0 0 0 0 0 0 0 0 0
          0 0 0 0 0 0 0 0 0
          0 0 0 0 0 0 0 0 0
          0 0 0 0 0 0 0 0 0
          0 0 0 0 0 0 0 0 0
          0 0 0 0 0 0 0 0 0
          0 0 0 0 0 0 0 0 0
          0 0 0 0 0 0 0 0 0
          0 0 0 0 0 0 0 0 0
          0 0 0 0 0 0 0 0 0
          0 0 0 0 0 0 0 0 0
          0 0 0 0 0 0 0 0 0
          0 0 0 0 0 0 0 0 0
          0 0 0 0 0 0 0 0 0
          0 0 0 0 0 0 0 0 0
          0 0 0 0 0 0 0 0 0
          0 0 0 0 0 0 0 0 0
          0 0 0 0 0 0 0 0 0
          0 0 0 0 0 0 0 0 0
          0 0 0 0 0 0 0 0 0
          0 0 0 0 0 0 0 0 0
          0 0 0 0 0 0 0 0 0
          0 0 0 0 0 0 0 0 0
          0 0 0 0 0 0 0 0 0
          0 0 0 0 0 0 0 0 0
          0 0 0 0 0 0 0 0 0
          0 0 0 0 0 0 0 0 0
          0 0 0
        </DataArray>
        <DataArray type="Float64" Name="pressurePaAbs" format="ascii">
          0 0 0 0 0 0 0 0 0
          0 0 0 0 0 0 0 0 0
          0 0 0 0 0 0 0 0 0
          0 0 0 0 0 0 0 0 0
          0 0 0 0 0 0 0 0 0
          0 0 0 0 0 0 0 0 0
          0 0 0 0 0 0 0 0 0
          0 0 0 0 0 0 0 0 0
          0 0 0 0 0 0 0 0 0
          0 0 0 0 0 0 0 0 0
          0 0 0 0 0 0 0 0 0
          0 0 0 0 0 0 0 0 0
          0 0 0 0 0 0 0 0 0
          0 0 0 0 0 0 0 0 0
          0 0 0 0 0 0 0 0 0
          0 0 0 0 0 0 0 0 0
          0 0 0 0 0 0 0 0 0
          0 0 0 0 0 0 0 0 0
          0 0 0 0 0 0 0 0 0
          0 0 0 0 0 0 0 0 0
          0 0 0 0 0 0 0 0 0
          0 0 0 0 0 0 0 0 0
          0 0 0 0 0 0 0 0 0
          0 0 0 0 0 0 0 0 0
          0 0 0 0 0 0 0 0 0
          0 0 0 0 0 0 0 0 0
          0 0 0 0 0 0 0 0 0
          0 0 0 0 0 0 0 0 0
          0 0 0 0 0 0 0 0 0
          0 0 0 0 0 0 0 0 0
          0 0 0 0 0 0 0 0 0
          0 0 0 0 0 0 0 0 0
          0 0 0 0 0 0 0 0 0
          0 0 0 0 0 0 0 0 0
          0 0 0 0 0 0 0 0 0
          0 0 0 0 0 0 0 0 0
          0 0 0 0 0 0 0 0 0
          0 0 0 0 0 0 0 0 0
          0 0 0 0 0 0 0 0 0
          0 0 0 0 0 0 0 0 0
          0 0 0 0 0 0 0 0 0
          0 0 0 0 0 0 0 0 0
          0 0 0 0 0 0 0 0 0
          0 0 0 0 0 0 0 0 0
          0 0 0 0 0 0 0 0 0
          0 0 0 0 0 0 0 0 0
          0 0 0 0 0 0 0 0 0
          0 0 0 0 0 0 0 0 0
          0 0 0 0 0 0 0 0 0
          0 0 0 0 0 0 0 0 0
          0 0 0 0 0 0 0 0 0
          0 0 0 0 0 0 0 0 0
          0 0 0 0 0 0 0 0 0
          0 0 0 0 0 0 0 0 0
          0 0 0 0 0 0 0 0 0
          0 0 0 0 0 0 0 0 0
          0 0 0 0 0 0 0 0 0
          0 0 0 0 0 0 0 0 0
          0 0 0 0 0 0 0 0 0
          0 0 0 0 0 0 0 0 0
          0 0 0 0 0 0 0 0 0
          0 0 0 0 0 0 0 0 0
          0 0 0 0 0 0 0 0 0
          0 0 0 0 0 0 0 0 0
          0 0 0 0 0 0 0 0 0
          0 0 0 0 0 0 0 0 0
          0 0 0 0 0 0 0 0 0
          0 0 0 0 0 0 0 0 0
          0 0 0 0 0 0 0 0 0
          0 0 0 0 0 0 0 0 0
          0 0 0 0 0 0 0 0 0
          0 0 0 0 0 0 0 0 0
          0 0 0 0 0 0 0 0 0
          0 0 0 0 0 0 0 0 0
          0 0 0 0 0 0 0 0 0
          0 0 0 0 0 0 0 0 0
          0 0 0 0 0 0 0 0 0
          0 0 0 0 0 0 0 0 0
          0 0 0 0 0 0 0 0 0
          0 0 0 0 0 0 0 0 0
          0 0 0 0 0 0 0 0 0
          0 0 0 0 0 0 0 0 0
          0 0 0 0 0 0 0 0 0
          0 0 0 0 0 0 0 0 0
          0 0 0 0 0 0 0 0 0
          0 0 0 0 0 0 0 0 0
          0 0 0 0 0 0 0 0 0
          0 0 0 0 0 0 0 0 0
          0 0 0 0 0 0 0 0 0
          0 0 0 0 0 0 0 0 0
          0 0 0 0 0 0 0 0 0
          0 0 0 0 0 0 0 0 0
          0 0 0 0 0 0 0 0 0
          0 0 0 0 0 0 0 0 0
          0 0 0 0 0 0 0 0 0
          0 0 0 0 0 0 0 0 0
          0 0 0 0 0 0 0 0 0
          0 0 0 0 0 0 0 0 0
          0 0 0 0 0 0 0 0 0
          0 0 0 0 0 0 0 0 0
          0 0 0 0 0 0 0 0 0
          0 0 0 0 0 0 0 0 0
          0 0 0 0 0 0 0 0 0
          0 0 0 0 0 0 0 0 0
          0 0 0 0 0 0 0 0 0
          0 0 0 0 0 0 0 0 0
          0 0 0 0 0 0 0 0 0
          0 0 0 0 0 0 0 0 0
          0 0 0 0 0 0 0 0 0
          0 0 0 0 0 0 0 0 0
          0 0 0 0 0 0 0 0 0
          0 0 0 0 0 0 0 0 0
          0 0 0 0 0 0 0 0 0
          0 0 0 0 0 0 0 0 0
          0 0 0 0 0 0 0 0 0
          0 0 0 0 0 0 0 0 0
          0 0 0 0 0 0 0 0 0
          0 0 0 0 0 0 0 0 0
          0 0 0 0 0 0 0 0 0
          0 0 0 0 0 0 0 0 0
          0 0 0 0 0 0 0 0 0
          0 0 0 0 0 0 0 0 0
          0 0 0 0 0 0 0 0 0
          0 0 0 0 0 0 0 0 0
          0 0 0 0 0 0 0 0 0
          0 0 0 0 0 0 0 0 0
          0 0 0 0 0 0 0 0 0
          0 0 0 0 0 0 0 0 0
          0 0 0 0 0 0 0 0 0
          0 0 0 0 0 0 0 0 0
          0 0 0 0 0 0 0 0 0
          0 0 0 0 0 0 0 0 0
          0 0 0 0 0 0 0 0 0
          0 0 0 0 0 0 0 0 0
          0 0 0 0 0 0 0 0 0
          0 0 0 0 0 0 0 0 0
          0 0 0 0 0 0 0 0 0
          0 0 0 0 0 0 0 0 0
          0 0 0 0 0 0 0 0 0
          0 0 0 0 0 0 0 0 0
          0 0 0 0 0 0 0 0 0
          0 0 0 0 0 0 0 0 0
          0 0 0 0 0 0 0 0 0
          0 0 0 0 0 0 0 0 0
          0 0 0 0 0 0 0 0 0
          0 0 0 0 0 0 0 0 0
          0 0 0 0 0 0 0 0 0
          0 0 0 0 0 0 0 0 0
          0 0 0 0 0 0 0 0 0
          0 0 0 0 0 0 0 0 0
          0 0 0 0 0 0 0 0 0
          0 0 0 0 0 0 0 0 0
          0 0 0 0 0 0 0 0 0
          0 0 0 0 0 0 0 0 0
          0 0 0 0 0 0 0 0 0
          0 0 0 0 0 0 0 0 0
          0 0 0 0 0 0 0 0 0
          0 0 0 0 0 0 0 0 0
          0 0 0 0 0 0 0 0 0
          0 0 0 0 0 0 0 0 0
          0 0 0 0 0 0 0 0 0
          0 0 0 0 0 0 0 0 0
          0 0 0 0 0 0 0 0 0
          0 0 0 0 0 0 0 0 0
          0 0 0 0 0 0 0 0 0
          0 0 0 0 0 0 0 0 0
          0 0 0 0 0 0 0 0 0
          0 0 0 0 0 0 0 0 0
          0 0 0 0 0 0 0 0 0
          0 0 0 0 0 0 0 0 0
          0 0 0 0 0 0 0 0 0
          0 0 0 0 0 0 0 0 0
          0 0 0 0 0 0 0 0 0
          0 0 0 0 0 0 0 0 0
          0 0 0 0 0 0 0 0 0
          0 0 0 0 0 0 0 0 0
          0 0 0 0 0 0 0 0 0
          0 0 0 0 0 0 0 0 0
          0 0 0 0 0 0 0 0 0
          0 0 0 0 0 0 0 0 0
          0 0 0 0 0 0 0 0 0
          0 0 0 0 0 0 0 0 0
          0 0 0 0 0 0 0 0 0
          0 0 0 0 0 0 0 0 0
          0 0 0 0 0 0 0 0 0
          0 0 0 0 0 0 0 0 0
          0 0 0 0 0 0 0 0 0
          0 0 0 0 0 0 0 0 0
          0 0 0 0 0 0 0 0 0
          0 0 0 0 0 0 0 0 0
          0 0 0 0 0 0 0 0 0
          0 0 0 0 0 0 0 0 0
          0 0 0 0 0 0 0 0 0
          0 0 0 0 0 0 0 0 0
          0 0 0 0 0 0 0 0 0
          0 0 0 0 0 0 0 0 0
          0 0 0 0 0 0 0 0 0
          0 0 0 0 0 0 0 0 0
          0 0 0 0 0 0 0 0 0
          0 0 0 0 0 0 0 0 0
          0 0 0 0 0 0 0 0 0
          0 0 0 0 0 0 0 0 0
          0 0 0 0 0 0 0 0 0
          0 0 0 0 0 0 0 0 0
          0 0 0 0 0 0 0 0 0
          0 0 0 0 0 0 0 0 0
          0 0 0 0 0 0 0 0 0
          0 0 0 0 0 0 0 0 0
          0 0 0 0 0 0 0 0 0
          0 0 0 0 0 0 0 0 0
          0 0 0 0 0 0 0 0 0
          0 0 0 0 0 0 0 0 0
          0 0 0 0 0 0 0 0 0
          0 0 0 0 0 0 0 0 0
          0 0 0 0 0 0 0 0 0
          0 0 0 0 0 0 0 0 0
          0 0 0 0 0 0 0 0 0
          0 0 0 0 0 0 0 0 0
          0 0 0 0 0 0 0 0 0
          0 0 0 0 0 0 0 0 0
          0 0 0 0 0 0 0 0 0
          0 0 0 0 0 0 0 0 0
          0 0 0 0 0 0 0 0 0
          0 0 0 0 0 0 0 0 0
          0 0 0 0 0 0 0 0 0
          0 0 0 0 0 0 0 0 0
          0 0 0 0 0 0 0 0 0
          0 0 0 0 0 0 0 0 0
          0 0 0 0 0 0 0 0 0
          0 0 0 0 0 0 0 0 0
          0 0 0 0 0 0 0 0 0
          0 0 0 0 0 0 0 0 0
          0 0 0 0 0 0 0 0 0
          0 0 0 0 0 0 0 0 0
          0 0 0 0 0 0 0 0 0
          0 0 0 0 0 0 0 0 0
          0 0 0 0 0 0 0 0 0
          0 0 0 0 0 0 0 0 0
          0 0 0 0 0 0 0 0 0
          0 0 0 0 0 0 0 0 0
          0 0 0 0 0 0 0 0 0
          0 0 0 0 0 0 0 0 0
          0 0 0 0 0 0 0 0 0
          0 0 0 0 0 0 0 0 0
          0 0 0 0 0 0 0 0 0
          0 0 0 0 0 0 0 0 0
          0 0 0 0 0 0 0 0 0
          0 0 0 0 0 0 0 0 0
          0 0 0 0 0 0 0 0 0
          0 0 0 0 0 0 0 0 0
          0 0 0 0 0 0 0 0 0
          0 0 0 0 0 0 0 0 0
          0 0 0 0 0 0 0 0 0
          0 0 0 0 0 0 0 0 0
          0 0 0 0 0 0 0 0 0
          0 0 0 0 0 0 0 0 0
          0 0 0 0 0 0 0 0 0
          0 0 0 0 0 0 0 0 0
          0 0 0 0 0 0 0 0 0
          0 0 0 0 0 0 0 0 0
          0 0 0 0 0 0 0 0 0
          0 0 0 0 0 0 0 0 0
          0 0 0 0 0 0 0 0 0
          0 0 0 0 0 0 0 0 0
          0 0 0 0 0 0 0 0 0
          0 0 0 0 0 0 0 0 0
          0 0 0 0 0 0 0 0 0
          0 0 0 0 0 0 0 0 0
          0 0 0 0 0 0 0 0 0
          0 0 0 0 0 0 0 0 0
          0 0 0 0 0 0 0 0 0
          0 0 0 0 0 0 0 0 0
          0 0 0 0 0 0 0 0 0
          0 0 0 0 0 0 0 0 0
          0 0 0 0 0 0 0 0 0
          0 0 0 0 0 0 0 0 0
          0 0 0 0 0 0 0 0 0
          0 0 0 0 0 0 0 0 0
          0 0 0 0 0 0 0 0 0
          0 0 0 0 0 0 0 0 0
          0 0 0 0 0 0 0 0 0
          0 0 0 0 0 0 0 0 0
          0 0 0 0 0 0 0 0 0
          0 0 0 0 0 0 0 0 0
          0 0 0 0 0 0 0 0 0
          0 0 0 0 0 0 0 0 0
          0 0 0 0 0 0 0 0 0
          0 0 0 0 0 0 0 0 0
          0 0 0 0 0 0 0 0 0
          0 0 0 0 0 0 0 0 0
          0 0 0 0 0 0 0 0 0
          0 0 0 0 0 0 0 0 0
          0 0 0 0 0 0 0 0 0
          0 0 0 0 0 0 0 0 0
          0 0 0 0 0 0 0 0 0
          0 0 0 0 0 0 0 0 0
          0 0 0 0 0 0 0 0 0
          0 0 0 0 0 0 0 0 0
          0 0 0 0 0 0 0 0 0
          0 0 0 0 0 0 0 0 0
          0 0 0 0 0 0 0 0 0
          0 0 0 0 0 0 0 0 0
          0 0 0 0 0 0 0 0 0
          0 0 0 0 0 0 0 0 0
          0 0 0 0 0 0 0 0 0
          0 0 0 0 0 0 0 0 0
          0 0 0 0 0 0 0 0 0
          0 0 0 0 0 0 0 0 0
          0 0 0 0 0 0 0 0 0
          0 0 0 0 0 0 0 0 0
          0 0 0 0 0 0 0 0 0
          0 0 0 0 0 0 0 0 0
          0 0 0 0 0 0 0 0 0
          0 0 0 0 0 0 0 0 0
          0 0 0 0 0 0 0 0 0
          0 0 0 0 0 0 0 0 0
          0 0 0 0 0 0 0 0 0
          0 0 0 0 0 0 0 0 0
          0 0 0 0 0 0 0 0 0
          0 0 0 0 0 0 0 0 0
          0 0 0 0 0 0 0 0 0
          0 0 0 0 0 0 0 0 0
          0 0 0 0 0 0 0 0 0
          0 0 0 0 0 0 0 0 0
          0 0 0 0 0 0 0 0 0
          0 0 0 0 0 0 0 0 0
          0 0 0 0 0 0 0 0 0
          0 0 0 0 0 0 0 0 0
          0 0 0 0 0 0 0 0 0
          0 0 0 0 0 0 0 0 0
          0 0 0 0 0 0 0 0 0
          0 0 0 0 0 0 0 0 0
          0 0 0 0 0 0 0 0 0
          0 0 0 0 0 0 0 0 0
          0 0 0 0 0 0 0 0 0
          0 0 0 0 0 0 0 0 0
          0 0 0 0 0 0 0 0 0
          0 0 0 0 0 0 0 0 0
          0 0 0 0 0 0 0 0 0
          0 0 0 0 0 0 0 0 0
          0 0 0 0 0 0 0 0 0
          0 0 0 0 0 0 0 0 0
          0 0 0 0 0 0 0 0 0
          0 0 0 0 0 0 0 0 0
          0 0 0 0 0 0 0 0 0
          0 0 0 0 0 0 0 0 0
          0 0 0 0 0 0 0 0 0
          0 0 0 0 0 0 0 0 0
          0 0 0 0 0 0 0 0 0
          0 0 0 0 0 0 0 0 0
          0 0 0 0 0 0 0 0 0
          0 0 0 0 0 0 0 0 0
          0 0 0 0 0 0 0 0 0
          0 0 0 0 0 0 0 0 0
          0 0 0 0 0 0 0 0 0
          0 0 0 0 0 0 0 0 0
          0 0 0 0 0 0 0 0 0
          0 0 0 0 0 0 0 0 0
          0 0 0 0 0 0 0 0 0
          0 0 0 0 0 0 0 0 0
          0 0 0 0 0 0 0 0 0
          0 0 0 0 0 0 0 0 0
          0 0 0 0 0 0 0 0 0
          0 0 0 0 0 0 0 0 0
          0 0 0 0 0 0 0 0 0
          0 0 0 0 0 0 0 0 0
          0 0 0 0 0 0 0 0 0
          0 0 0 0 0 0 0 0 0
          0 0 0 0 0 0 0 0 0
          0 0 0 0 0 0 0 0 0
          0 0 0 0 0 0 0 0 0
          0 0 0 0 0 0 0 0 0
          0 0 0 0 0 0 0 0 0
          0 0 0 0 0 0 0 0 0
          0 0 0 0 0 0 0 0 0
          0 0 0 0 0 0 0 0 0
          0 0 0 0 0 0 0 0 0
          0 0 0 0 0 0 0 0 0
          0 0 0 0 0 0 0 0 0
          0 0 0 0 0 0 0 0 0
          0 0 0 0 0 0 0 0 0
          0 0 0 0 0 0 0 0 0
          0 0 0 0 0 0 0 0 0
          0 0 0 0 0 0 0 0 0
          0 0 0 0 0 0 0 0 0
          0 0 0 0 0 0 0 0 0
          0 0 0 0 0 0 0 0 0
          0 0 0 0 0 0 0 0 0
          0 0 0 0 0 0 0 0 0
          0 0 0 0 0 0 0 0 0
          0 0 0 0 0 0 0 0 0
          0 0 0 0 0 0 0 0 0
          0 0 0 0 0 0 0 0 0
          0 0 0 0 0 0 0 0 0
          0 0 0 0 0 0 0 0 0
          0 0 0 0 0 0 0 0 0
          0 0 0 0 0 0 0 0 0
          0 0 0 0 0 0 0 0 0
          0 0 0 0 0 0 0 0 0
          0 0 0 0 0 0 0 0 0
          0 0 0 0 0 0 0 0 0
          0 0 0 0 0 0 0 0 0
          0 0 0 0 0 0 0 0 0
          0 0 0 0 0 0 0 0 0
          0 0 0 0 0 0 0 0 0
          0 0 0 0 0 0 0 0 0
          0 0 0 0 0 0 0 0 0
          0 0 0 0 0 0 0 0 0
          0 0 0 0 0 0 0 0 0
          0 0 0 0 0 0 0 0 0
          0 0 0 0 0 0 0 0 0
          0 0 0 0 0 0 0 0 0
          0 0 0 0 0 0 0 0 0
          0 0 0 0 0 0 0 0 0
          0 0 0 0 0 0 0 0 0
          0 0 0 0 0 0 0 0 0
          0 0 0 0 0 0 0 0 0
          0 0 0 0 0 0 0 0 0
          0 0 0 0 0 0 0 0 0
          0 0 0 0 0 0 0 0 0
          0 0 0 0 0 0 0 0 0
          0 0 0 0 0 0 0 0 0
          0 0 0 0 0 0 0 0 0
          0 0 0 0 0 0 0 0 0
          0 0 0 0 0 0 0 0 0
          0 0 0 0 0 0 0 0 0
          0 0 0 0 0 0 0 0 0
          0 0 0 0 0 0 0 0 0
          0 0 0 0 0 0 0 0 0
          0 0 0 0 0 0 0 0 0
          0 0 0 0 0 0 0 0 0
          0 0 0 0 0 0 0 0 0
          0 0 0 0 0 0 0 0 0
          0 0 0 0 0 0 0 0 0
          0 0 0 0 0 0 0 0 0
          0 0 0 0 0 0 0 0 0
          0 0 0 0 0 0 0 0 0
          0 0 0 0 0 0 0 0 0
          0 0 0 0 0 0 0 0 0
          0 0 0 0 0 0 0 0 0
          0 0 0 0 0 0 0 0 0
          0 0 0 0 0 0 0 0 0
          0 0 0 0 0 0 0 0 0
          0 0 0 0 0 0 0 0 0
          0 0 0 0 0 0 0 0 0
          0 0 0 0 0 0 0 0 0
          0 0 0 0 0 0 0 0 0
          0 0 0 0 0 0 0 0 0
          0 0 0 0 0 0 0 0 0
          0 0 0 0 0 0 0 0 0
          0 0 0 0 0 0 0 0 0
          0 0 0 0 0 0 0 0 0
          0 0 0 0 0 0 0 0 0
          0 0 0 0 0 0 0 0 0
          0 0 0 0 0 0 0 0 0
          0 0 0 0 0 0 0 0 0
          0 0 0 0 0 0 0 0 0
          0 0 0 0 0 0 0 0 0
          0 0 0 0 0 0 0 0 0
          0 0 0 0 0 0 0 0 0
          0 0 0 0 0 0 0 0 0
          0 0 0 0 0 0 0 0 0
          0 0 0 0 0 0 0 0 0
          0 0 0 0 0 0 0 0 0
          0 0 0 0 0 0 0 0 0
          0 0 0 0 0 0 0 0 0
          0 0 0 0 0 0 0 0 0
          0 0 0 0 0 0 0 0 0
          0 0 0 0 0 0 0 0 0
          0 0 0 0 0 0 0 0 0
          0 0 0 0 0 0 0 0 0
          0 0 0 0 0 0 0 0 0
          0 0 0 0 0 0 0 0 0
          0 0 0 0 0 0 0 0 0
          0 0 0 0 0 0 0 0 0
          0 0 0 0 0 0 0 0 0
          0 0 0 0 0 0 0 0 0
          0 0 0 0 0 0 0 0 0
          0 0 0 0 0 0 0 0 0
          0 0 0 0 0 0 0 0 0
          0 0 0 0 0 0 0 0 0
          0 0 0 0 0 0 0 0 0
          0 0 0 0 0 0 0 0 0
          0 0 0 0 0 0 0 0 0
          0 0 0 0 0 0 0 0 0
          0 0 0 0 0 0 0 0 0
          0 0 0 0 0 0 0 0 0
          0 0 0 0 0 0 0 0 0
          0 0 0 0 0 0 0 0 0
          0 0 0 0 0 0 0 0 0
          0 0 0 0 0 0 0 0 0
          0 0 0 0 0 0 0 0 0
          0 0 0 0 0 0 0 0 0
          0 0 0 0 0 0 0 0 0
          0 0 0 0 0 0 0 0 0
          0 0 0 0 0 0 0 0 0
          0 0 0 0 0 0 0 0 0
          0 0 0 0 0 0 0 0 0
          0 0 0 0 0 0 0 0 0
          0 0 0 0 0 0 0 0 0
          0 0 0 0 0 0 0 0 0
          0 0 0 0 0 0 0 0 0
          0 0 0 0 0 0 0 0 0
          0 0 0 0 0 0 0 0 0
          0 0 0 0 0 0 0 0 0
          0 0 0 0 0 0 0 0 0
          0 0 0 0 0 0 0 0 0
          0 0 0 0 0 0 0 0 0
          0 0 0 0 0 0 0 0 0
          0 0 0 0 0 0 0 0 0
          0 0 0 0 0 0 0 0 0
          0 0 0 0 0 0 0 0 0
          0 0 0 0 0 0 0 0 0
          0 0 0 0 0 0 0 0 0
          0 0 0 0 0 0 0 0 0
          0 0 0 0 0 0 0 0 0
          0 0 0 0 0 0 0 0 0
          0 0 0 0 0 0 0 0 0
          0 0 0 0 0 0 0 0 0
          0 0 0 0 0 0 0 0 0
          0 0 0 0 0 0 0 0 0
          0 0 0 0 0 0 0 0 0
          0 0 0 0 0 0 0 0 0
          0 0 0 0 0 0 0 0 0
          0 0 0 0 0 0 0 0 0
          0 0 0 0 0 0 0 0 0
          0 0 0 0 0 0 0 0 0
          0 0 0 0 0 0 0 0 0
          0 0 0 0 0 0 0 0 0
          0 0 0 0 0 0 0 0 0
          0 0 0 0 0 0 0 0 0
          0 0 0 0 0 0 0 0 0
          0 0 0 0 0 0 0 0 0
          0 0 0 0 0 0 0 0 0
          0 0 0 0 0 0 0 0 0
          0 0 0 0 0 0 0 0 0
          0 0 0 0 0 0 0 0 0
          0 0 0 0 0 0 0 0 0
          0 0 0 0 0 0 0 0 0
          0 0 0 0 0 0 0 0 0
          0 0 0 0 0 0 0 0 0
          0 0 0 0 0 0 0 0 0
          0 0 0 0 0 0 0 0 0
          0 0 0 0 0 0 0 0 0
          0 0 0 0 0 0 0 0 0
          0 0 0 0 0 0 0 0 0
          0 0 0 0 0 0 0 0 0
          0 0 0 0 0 0 0 0 0
          0 0 0 0 0 0 0 0 0
          0 0 0 0 0 0 0 0 0
          0 0 0 0 0 0 0 0 0
          0 0 0 0 0 0 0 0 0
          0 0 0 0 0 0 0 0 0
          0 0 0 0 0 0 0 0 0
          0 0 0 0 0 0 0 0 0
          0 0 0 0 0 0 0 0 0
          0 0 0 0 0 0 0 0 0
          0 0 0 0 0 0 0 0 0
          0 0 0 0 0 0 0 0 0
          0 0 0 0 0 0 0 0 0
          0 0 0 0 0 0 0 0 0
          0 0 0 0 0 0 0 0 0
          0 0 0 0 0 0 0 0 0
          0 0 0 0 0 0 0 0 0
          0 0 0 0 0 0 0 0 0
          0 0 0 0 0 0 0 0 0
          0 0 0 0 0 0 0 0 0
          0 0 0 0 0 0 0 0 0
          0 0 0 0 0 0 0 0 0
          0 0 0 0 0 0 0 0 0
          0 0 0 0 0 0 0 0 0
          0 0 0 0 0 0 0 0 0
          0 0 0 0 0 0 0 0 0
          0 0 0 0 0 0 0 0 0
          0 0 0 0 0 0 0 0 0
          0 0 0 0 0 0 0 0 0
          0 0 0 0 0 0 0 0 0
          0 0 0 0 0 0 0 0 0
          0 0 0 0 0 0 0 0 0
          0 0 0 0 0 0 0 0 0
          0 0 0 0 0 0 0 0 0
          0 0 0 0 0 0 0 0 0
          0 0 0 0 0 0 0 0 0
          0 0 0 0 0 0 0 0 0
          0 0 0 0 0 0 0 0 0
          0 0 0 0 0 0 0 0 0
          0 0 0 0 0 0 0 0 0
          0 0 0 0 0 0 0 0 0
          0 0 0 0 0 0 0 0 0
          0 0 0 0 0 0 0 0 0
          0 0 0 0 0 0 0 0 0
          0 0 0 0 0 0 0 0 0
          0 0 0 0 0 0 0 0 0
          0 0 0 0 0 0 0 0 0
          0 0 0 0 0 0 0 0 0
          0 0 0 0 0 0 0 0 0
          0 0 0 0 0 0 0 0 0
          0 0 0 0 0 0 0 0 0
          0 0 0 0 0 0 0 0 0
          0 0 0 0 0 0 0 0 0
          0 0 0 0 0 0 0 0 0
          0 0 0 0 0 0 0 0 0
          0 0 0 0 0 0 0 0 0
          0 0 0 0 0 0 0 0 0
          0 0 0 0 0 0 0 0 0
          0 0 0 0 0 0 0 0 0
          0 0 0 0 0 0 0 0 0
          0 0 0 0 0 0 0 0 0
          0 0 0 0 0 0 0 0 0
          0 0 0 0 0 0 0 0 0
          0 0 0 0 0 0 0 0 0
          0 0 0 0 0 0 0 0 0
          0 0 0 0 0 0 0 0 0
          0 0 0 0 0 0 0 0 0
          0 0 0 0 0 0 0 0 0
          0 0 0 0 0 0 0 0 0
          0 0 0 0 0 0 0 0 0
          0 0 0 0 0 0 0 0 0
          0 0 0 0 0 0 0 0 0
          0 0 0 0 0 0 0 0 0
          0 0 0 0 0 0 0 0 0
          0 0 0 0 0 0 0 0 0
          0 0 0 0 0 0 0 0 0
          0 0 0 0 0 0 0 0 0
          0 0 0 0 0 0 0 0 0
          0 0 0 0 0 0 0 0 0
          0 0 0 0 0 0 0 0 0
          0 0 0 0 0 0 0 0 0
          0 0 0 0 0 0 0 0 0
          0 0 0 0 0 0 0 0 0
          0 0 0 0 0 0 0 0 0
          0 0 0 0 0 0 0 0 0
          0 0 0 0 0 0 0 0 0
          0 0 0 0 0 0 0 0 0
          0 0 0 0 0 0 0 0 0
          0 0 0 0 0 0 0 0 0
          0 0 0 0 0 0 0 0 0
          0 0 0 0 0 0 0 0 0
          0 0 0 0 0 0 0 0 0
          0 0 0 0 0 0 0 0 0
          0 0 0 0 0 0 0 0 0
          0 0 0 0 0 0 0 0 0
          0 0 0 0 0 0 0 0 0
          0 0 0 0 0 0 0 0 0
          0 0 0 0 0 0 0 0 0
          0 0 0 0 0 0 0 0 0
          0 0 0 0 0 0 0 0 0
          0 0 0 0 0 0 0 0 0
          0 0 0 0 0 0 0 0 0
          0 0 0 0 0 0 0 0 0
          0 0 0 0 0 0 0 0 0
          0 0 0 0 0 0 0 0 0
          0 0 0 0 0 0 0 0 0
          0 0 0 0 0 0 0 0 0
          0 0 0 0 0 0 0 0 0
          0 0 0 0 0 0 0 0 0
          0 0 0 0 0 0 0 0 0
          0 0 0 0 0 0 0 0 0
          0 0 0 0 0 0 0 0 0
          0 0 0 0 0 0 0 0 0
          0 0 0 0 0 0 0 0 0
          0 0 0 0 0 0 0 0 0
          0 0 0 0 0 0 0 0 0
          0 0 0 0 0 0 0 0 0
          0 0 0 0 0 0 0 0 0
          0 0 0 0 0 0 0 0 0
          0 0 0 0 0 0 0 0 0
          0 0 0 0 0 0 0 0 0
          0 0 0 0 0 0 0 0 0
          0 0 0 0 0 0 0 0 0
          0 0 0 0 0 0 0 0 0
          0 0 0 0 0 0 0 0 0
          0 0 0 0 0 0 0 0 0
          0 0 0 0 0 0 0 0 0
          0 0 0 0 0 0 0 0 0
          0 0 0 0 0 0 0 0 0
          0 0 0 0 0 0 0 0 0
          0 0 0 0 0 0 0 0 0
          0 0 0 0 0 0 0 0 0
          0 0 0 0 0 0 0 0 0
          0 0 0 0 0 0 0 0 0
          0 0 0 0 0 0 0 0 0
          0 0 0 0 0 0 0 0 0
          0 0 0 0 0 0 0 0 0
          0 0 0 0 0 0 0 0 0
          0 0 0 0 0 0 0 0 0
          0 0 0 0 0 0 0 0 0
          0 0 0 0 0 0 0 0 0
          0 0 0 0 0 0 0 0 0
          0 0 0 0 0 0 0 0 0
          0 0 0 0 0 0 0 0 0
          0 0 0 0 0 0 0 0 0
          0 0 0 0 0 0 0 0 0
          0 0 0 0 0 0 0 0 0
          0 0 0 0 0 0 0 0 0
          0 0 0 0 0 0 0 0 0
          0 0 0 0 0 0 0 0 0
          0 0 0 0 0 0 0 0 0
          0 0 0 0 0 0 0 0 0
          0 0 0 0 0 0 0 0 0
          0 0 0 0 0 0 0 0 0
          0 0 0 0 0 0 0 0 0
          0 0 0 0 0 0 0 0 0
          0 0 0 0 0 0 0 0 0
          0 0 0 0 0 0 0 0 0
          0 0 0 0 0 0 0 0 0
          0 0 0 0 0 0 0 0 0
          0 0 0 0 0 0 0 0 0
          0 0 0 0 0 0 0 0 0
          0 0 0 0 0 0 0 0 0
          0 0 0 0 0 0 0 0 0
          0 0 0 0 0 0 0 0 0
          0 0 0 0 0 0 0 0 0
          0 0 0 0 0 0 0 0 0
          0 0 0 0 0 0 0 0 0
          0 0 0 0 0 0 0 0 0
          0 0 0 0 0 0 0 0 0
          0 0 0 0 0 0 0 0 0
          0 0 0 0 0 0 0 0 0
          0 0 0 0 0 0 0 0 0
          0 0 0 0 0 0 0 0 0
          0 0 0 0 0 0 0 0 0
          0 0 0 0 0 0 0 0 0
          0 0 0 0 0 0 0 0 0
          0 0 0 0 0 0 0 0 0
          0 0 0 0 0 0 0 0 0
          0 0 0 0 0 0 0 0 0
          0 0 0 0 0 0 0 0 0
          0 0 0 0 0 0 0 0 0
          0 0 0 0 0 0 0 0 0
          0 0 0 0 0 0 0 0 0
          0 0 0 0 0 0 0 0 0
          0 0 0 0 0 0 0 0 0
          0 0 0 0 0 0 0 0 0
          0 0 0 0 0 0 0 0 0
          0 0 0 0 0 0 0 0 0
          0 0 0 0 0 0 0 0 0
          0 0 0 0 0 0 0 0 0
          0 0 0 0 0 0 0 0 0
          0 0 0 0 0 0 0 0 0
          0 0 0 0 0 0 0 0 0
          0 0 0 0 0 0 0 0 0
          0 0 0 0 0 0 0 0 0
          0 0 0 0 0 0 0 0 0
          0 0 0 0 0 0 0 0 0
          0 0 0 0 0 0 0 0 0
          0 0 0 0 0 0 0 0 0
          0 0 0 0 0 0 0 0 0
          0 0 0 0 0 0 0 0 0
          0 0 0 0 0 0 0 0 0
          0 0 0 0 0 0 0 0 0
          0 0 0 0 0 0 0 0 0
          0 0 0 0 0 0 0 0 0
          0 0 0 0 0 0 0 0 0
          0 0 0 0 0 0 0 0 0
          0 0 0 0 0 0 0 0 0
          0 0 0 0 0 0 0 0 0
          0 0 0 0 0 0 0 0 0
          0 0 0 0 0 0 0 0 0
          0 0 0 0 0 0 0 0 0
          0 0 0 0 0 0 0 0 0
          0 0 0 0 0 0 0 0 0
          0 0 0 0 0 0 0 0 0
          0 0 0 0 0 0 0 0 0
          0 0 0 0 0 0 0 0 0
          0 0 0 0 0 0 0 0 0
          0 0 0 0 0 0 0 0 0
          0 0 0 0 0 0 0 0 0
          0 0 0 0 0 0 0 0 0
          0 0 0 0 0 0 0 0 0
          0 0 0 0 0 0 0 0 0
          0 0 0 0 0 0 0 0 0
          0 0 0 0 0 0 0 0 0
          0 0 0 0 0 0 0 0 0
          0 0 0 0 0 0 0 0 0
          0 0 0 0 0 0 0 0 0
          0 0 0 0 0 0 0 0 0
          0 0 0 0 0 0 0 0 0
          0 0 0 0 0 0 0 0 0
          0 0 0 0 0 0 0 0 0
          0 0 0 0 0 0 0 0 0
          0 0 0 0 0 0 0 0 0
          0 0 0 0 0 0 0 0 0
          0 0 0 0 0 0 0 0 0
          0 0 0 0 0 0 0 0 0
          0 0 0 0 0 0 0 0 0
          0 0 0 0 0 0 0 0 0
          0 0 0 0 0 0 0 0 0
          0 0 0 0 0 0 0 0 0
          0 0 0 0 0 0 0 0 0
          0 0 0 0 0 0 0 0 0
          0 0 0 0 0 0 0 0 0
          0 0 0 0 0 0 0 0 0
          0 0 0 0 0 0 0 0 0
          0 0 0 0 0 0 0 0 0
          0 0 0 0 0 0 0 0 0
          0 0 0 0 0 0 0 0 0
          0 0 0 0 0 0 0 0 0
          0 0 0 0 0 0 0 0 0
          0 0 0 0 0 0 0 0 0
          0 0 0 0 0 0 0 0 0
          0 0 0 0 0 0 0 0 0
          0 0 0 0 0 0 0 0 0
          0 0 0 0 0 0 0 0 0
          0 0 0 0 0 0 0 0 0
          0 0 0 0 0 0 0 0 0
          0 0 0 0 0 0 0 0 0
          0 0 0 0 0 0 0 0 0
          0 0 0 0 0 0 0 0 0
          0 0 0 0 0 0 0 0 0
          0 0 0 0 0 0 0 0 0
          0 0 0 0 0 0 0 0 0
          0 0 0 0 0 0 0 0 0
          0 0 0 0 0 0 0 0 0
          0 0 0 0 0 0 0 0 0
          0 0 0 0 0 0 0 0 0
          0 0 0 0 0 0 0 0 0
          0 0 0 0 0 0 0 0 0
          0 0 0 0 0 0 0 0 0
          0 0 0 0 0 0 0 0 0
          0 0 0 0 0 0 0 0 0
          0 0 0 0 0 0 0 0 0
          0 0 0 0 0 0 0 0 0
          0 0 0 0 0 0 0 0 0
          0 0 0 0 0 0 0 0 0
          0 0 0 0 0 0 0 0 0
          0 0 0 0 0 0 0 0 0
          0 0 0 0 0 0 0 0 0
          0 0 0 0 0 0 0 0 0
          0 0 0 0 0 0 0 0 0
          0 0 0 0 0 0 0 0 0
          0 0 0 0 0 0 0 0 0
          0 0 0 0 0 0 0 0 0
          0 0 0 0 0 0 0 0 0
          0 0 0 0 0 0 0 0 0
          0 0 0 0 0 0 0 0 0
          0 0 0 0 0 0 0 0 0
          0 0 0 0 0 0 0 0 0
          0 0 0 0 0 0 0 0 0
          0 0 0 0 0 0 0 0 0
          0 0 0 0 0 0 0 0 0
          0 0 0 0 0 0 0 0 0
          0 0 0 0 0 0 0 0 0
          0 0 0 0 0 0 0 0 0
          0 0 0 0 0 0 0 0 0
          0 0 0 0 0 0 0 0 0
          0 0 0 0 0 0 0 0 0
          0 0 0 0 0 0 0 0 0
          0 0 0 0 0 0 0 0 0
          0 0 0 0 0 0 0 0 0
          0 0 0 0 0 0 0 0 0
          0 0 0 0 0 0 0 0 0
          0 0 0 0 0 0 0 0 0
          0 0 0 0 0 0 0 0 0
          0 0 0 0 0 0 0 0 0
          0 0 0 0 0 0 0 0 0
          0 0 0 0 0 0 0 0 0
          0 0 0 0 0 0 0 0 0
          0 0 0 0 0 0 0 0 0
          0 0 0 0 0 0 0 0 0
          0 0 0 0 0 0 0 0 0
          0 0 0 0 0 0 0 0 0
          0 0 0 0 0 0 0 0 0
          0 0 0 0 0 0 0 0 0
          0 0 0 0 0 0 0 0 0
          0 0 0 0 0 0 0 0 0
          0 0 0 0 0 0 0 0 0
          0 0 0 0 0 0 0 0 0
          0 0 0 0 0 0 0 0 0
          0 0 0 0 0 0 0 0 0
          0 0 0 0 0 0 0 0 0
          0 0 0 0 0 0 0 0 0
          0 0 0 0 0 0 0 0 0
          0 0 0 0 0 0 0 0 0
          0 0 0 0 0 0 0 0 0
          0 0 0 0 0 0 0 0 0
          0 0 0 0 0 0 0 0 0
          0 0 0 0 0 0 0 0 0
          0 0 0 0 0 0 0 0 0
          0 0 0 0 0 0 0 0 0
          0 0 0 0 0 0 0 0 0
          0 0 0 0 0 0 0 0 0
          0 0 0 0 0 0 0 0 0
          0 0 0 0 0 0 0 0 0
          0 0 0 0 0 0 0 0 0
          0 0 0 0 0 0 0 0 0
          0 0 0 0 0 0 0 0 0
          0 0 0 0 0 0 0 0 0
          0 0 0 0 0 0 0 0 0
          0 0 0 0 0 0 0 0 0
          0 0 0 0 0 0 0 0 0
          0 0 0 0 0 0 0 0 0
          0 0 0 0 0 0 0 0 0
          0 0 0 0 0 0 0 0 0
          0 0 0 0 0 0 0 0 0
          0 0 0 0 0 0 0 0 0
          0 0 0 0 0 0 0 0 0
          0 0 0 0 0 0 0 0 0
          0 0 0 0 0 0 0 0 0
          0 0 0 0 0 0 0 0 0
          0 0 0 0 0 0 0 0 0
          0 0 0 0 0 0 0 0 0
          0 0 0 0 0 0 0 0 0
          0 0 0 0 0 0 0 0 0
          0 0 0 0 0 0 0 0 0
          0 0 0 0 0 0 0 0 0
          0 0 0 0 0 0 0 0 0
          0 0 0 0 0 0 0 0 0
          0 0 0 0 0 0 0 0 0
          0 0 0 0 0 0 0 0 0
          0 0 0 0 0 0 0 0 0
          0 0 0 0 0 0 0 0 0
          0 0 0 0 0 0 0 0 0
          0 0 0 0 0 0 0 0 0
          0 0 0 0 0 0 0 0 0
          0 0 0 0 0 0 0 0 0
          0 0 0 0 0 0 0 0 0
          0 0 0 0 0 0 0 0 0
          0 0 0 0 0 0 0 0 0
          0 0 0 0 0 0 0 0 0
          0 0 0 0 0 0 0 0 0
          0 0 0 0 0 0 0 0 0
          0 0 0 0 0 0 0 0 0
          0 0 0 0 0 0 0 0 0
          0 0 0 0 0 0 0 0 0
          0 0 0 0 0 0 0 0 0
          0 0 0 0 0 0 0 0 0
          0 0 0 0 0 0 0 0 0
          0 0 0 0 0 0 0 0 0
          0 0 0 0 0 0 0 0 0
          0 0 0 0 0 0 0 0 0
          0 0 0 0 0 0 0 0 0
          0 0 0 0 0 0 0 0 0
          0 0 0 0 0 0 0 0 0
          0 0 0 0 0 0 0 0 0
          0 0 0 0 0 0 0 0 0
          0 0 0 0 0 0 0 0 0
          0 0 0 0 0 0 0 0 0
          0 0 0 0 0 0 0 0 0
          0 0 0 0 0 0 0 0 0
          0 0 0 0 0 0 0 0 0
          0 0 0 0 0 0 0 0 0
          0 0 0 0 0 0 0 0 0
          0 0 0 0 0 0 0 0 0
          0 0 0 0 0 0 0 0 0
          0 0 0 0 0 0 0 0 0
          0 0 0 0 0 0 0 0 0
          0 0 0 0 0 0 0 0 0
          0 0 0 0 0 0 0 0 0
          0 0 0 0 0 0 0 0 0
          0 0 0 0 0 0 0 0 0
          0 0 0
        </DataArray>
        <DataArray type="Float64" Name="pressureVisible01" format="ascii">
          0.5 0.5 0.5 0.5 0.5 0.5 0.5 0.5 0.5
          0.5 0.5 0.5 0.5 0.5 0.5 0.5 0.5 0.5
          0.5 0.5 0.5 0.5 0.5 0.5 0.5 0.5 0.5
          0.5 0.5 0.5 0.5 0.5 0.5 0.5 0.5 0.5
          0.5 0.5 0.5 0.5 0.5 0.5 0.5 0.5 0.5
          0.5 0.5 0.5 0.5 0.5 0.5 0.5 0.5 0.5
          0.5 0.5 0.5 0.5 0.5 0.5 0.5 0.5 0.5
          0.5 0.5 0.5 0.5 0.5 0.5 0.5 0.5 0.5
          0.5 0.5 0.5 0.5 0.5 0.5 0.5 0.5 0.5
          0.5 0.5 0.5 0.5 0.5 0.5 0.5 0.5 0.5
          0.5 0.5 0.5 0.5 0.5 0.5 0.5 0.5 0.5
          0.5 0.5 0.5 0.5 0.5 0.5 0.5 0.5 0.5
          0.5 0.5 0.5 0.5 0.5 0.5 0.5 0.5 0.5
          0.5 0.5 0.5 0.5 0.5 0.5 0.5 0.5 0.5
          0.5 0.5 0.5 0.5 0.5 0.5 0.5 0.5 0.5
          0.5 0.5 0.5 0.5 0.5 0.5 0.5 0.5 0.5
          0.5 0.5 0.5 0.5 0.5 0.5 0.5 0.5 0.5
          0.5 0.5 0.5 0.5 0.5 0.5 0.5 0.5 0.5
          0.5 0.5 0.5 0.5 0.5 0.5 0.5 0.5 0.5
          0.5 0.5 0.5 0.5 0.5 0.5 0.5 0.5 0.5
          0.5 0.5 0.5 0.5 0.5 0.5 0.5 0.5 0.5
          0.5 0.5 0.5 0.5 0.5 0.5 0.5 0.5 0.5
          0.5 0.5 0.5 0.5 0.5 0.5 0.5 0.5 0.5
          0.5 0.5 0.5 0.5 0.5 0.5 0.5 0.5 0.5
          0.5 0.5 0.5 0.5 0.5 0.5 0.5 0.5 0.5
          0.5 0.5 0.5 0.5 0.5 0.5 0.5 0.5 0.5
          0.5 0.5 0.5 0.5 0.5 0.5 0.5 0.5 0.5
          0.5 0.5 0.5 0.5 0.5 0.5 0.5 0.5 0.5
          0.5 0.5 0.5 0.5 0.5 0.5 0.5 0.5 0.5
          0.5 0.5 0.5 0.5 0.5 0.5 0.5 0.5 0.5
          0.5 0.5 0.5 0.5 0.5 0.5 0.5 0.5 0.5
          0.5 0.5 0.5 0.5 0.5 0.5 0.5 0.5 0.5
          0.5 0.5 0.5 0.5 0.5 0.5 0.5 0.5 0.5
          0.5 0.5 0.5 0.5 0.5 0.5 0.5 0.5 0.5
          0.5 0.5 0.5 0.5 0.5 0.5 0.5 0.5 0.5
          0.5 0.5 0.5 0.5 0.5 0.5 0.5 0.5 0.5
          0.5 0.5 0.5 0.5 0.5 0.5 0.5 0.5 0.5
          0.5 0.5 0.5 0.5 0.5 0.5 0.5 0.5 0.5
          0.5 0.5 0.5 0.5 0.5 0.5 0.5 0.5 0.5
          0.5 0.5 0.5 0.5 0.5 0.5 0.5 0.5 0.5
          0.5 0.5 0.5 0.5 0.5 0.5 0.5 0.5 0.5
          0.5 0.5 0.5 0.5 0.5 0.5 0.5 0.5 0.5
          0.5 0.5 0.5 0.5 0.5 0.5 0.5 0.5 0.5
          0.5 0.5 0.5 0.5 0.5 0.5 0.5 0.5 0.5
          0.5 0.5 0.5 0.5 0.5 0.5 0.5 0.5 0.5
          0.5 0.5 0.5 0.5 0.5 0.5 0.5 0.5 0.5
          0.5 0.5 0.5 0.5 0.5 0.5 0.5 0.5 0.5
          0.5 0.5 0.5 0.5 0.5 0.5 0.5 0.5 0.5
          0.5 0.5 0.5 0.5 0.5 0.5 0.5 0.5 0.5
          0.5 0.5 0.5 0.5 0.5 0.5 0.5 0.5 0.5
          0.5 0.5 0.5 0.5 0.5 0.5 0.5 0.5 0.5
          0.5 0.5 0.5 0.5 0.5 0.5 0.5 0.5 0.5
          0.5 0.5 0.5 0.5 0.5 0.5 0.5 0.5 0.5
          0.5 0.5 0.5 0.5 0.5 0.5 0.5 0.5 0.5
          0.5 0.5 0.5 0.5 0.5 0.5 0.5 0.5 0.5
          0.5 0.5 0.5 0.5 0.5 0.5 0.5 0.5 0.5
          0.5 0.5 0.5 0.5 0.5 0.5 0.5 0.5 0.5
          0.5 0.5 0.5 0.5 0.5 0.5 0.5 0.5 0.5
          0.5 0.5 0.5 0.5 0.5 0.5 0.5 0.5 0.5
          0.5 0.5 0.5 0.5 0.5 0.5 0.5 0.5 0.5
          0.5 0.5 0.5 0.5 0.5 0.5 0.5 0.5 0.5
          0.5 0.5 0.5 0.5 0.5 0.5 0.5 0.5 0.5
          0.5 0.5 0.5 0.5 0.5 0.5 0.5 0.5 0.5
          0.5 0.5 0.5 0.5 0.5 0.5 0.5 0.5 0.5
          0.5 0.5 0.5 0.5 0.5 0.5 0.5 0.5 0.5
          0.5 0.5 0.5 0.5 0.5 0.5 0.5 0.5 0.5
          0.5 0.5 0.5 0.5 0.5 0.5 0.5 0.5 0.5
          0.5 0.5 0.5 0.5 0.5 0.5 0.5 0.5 0.5
          0.5 0.5 0.5 0.5 0.5 0.5 0.5 0.5 0.5
          0.5 0.5 0.5 0.5 0.5 0.5 0.5 0.5 0.5
          0.5 0.5 0.5 0.5 0.5 0.5 0.5 0.5 0.5
          0.5 0.5 0.5 0.5 0.5 0.5 0.5 0.5 0.5
          0.5 0.5 0.5 0.5 0.5 0.5 0.5 0.5 0.5
          0.5 0.5 0.5 0.5 0.5 0.5 0.5 0.5 0.5
          0.5 0.5 0.5 0.5 0.5 0.5 0.5 0.5 0.5
          0.5 0.5 0.5 0.5 0.5 0.5 0.5 0.5 0.5
          0.5 0.5 0.5 0.5 0.5 0.5 0.5 0.5 0.5
          0.5 0.5 0.5 0.5 0.5 0.5 0.5 0.5 0.5
          0.5 0.5 0.5 0.5 0.5 0.5 0.5 0.5 0.5
          0.5 0.5 0.5 0.5 0.5 0.5 0.5 0.5 0.5
          0.5 0.5 0.5 0.5 0.5 0.5 0.5 0.5 0.5
          0.5 0.5 0.5 0.5 0.5 0.5 0.5 0.5 0.5
          0.5 0.5 0.5 0.5 0.5 0.5 0.5 0.5 0.5
          0.5 0.5 0.5 0.5 0.5 0.5 0.5 0.5 0.5
          0.5 0.5 0.5 0.5 0.5 0.5 0.5 0.5 0.5
          0.5 0.5 0.5 0.5 0.5 0.5 0.5 0.5 0.5
          0.5 0.5 0.5 0.5 0.5 0.5 0.5 0.5 0.5
          0.5 0.5 0.5 0.5 0.5 0.5 0.5 0.5 0.5
          0.5 0.5 0.5 0.5 0.5 0.5 0.5 0.5 0.5
          0.5 0.5 0.5 0.5 0.5 0.5 0.5 0.5 0.5
          0.5 0.5 0.5 0.5 0.5 0.5 0.5 0.5 0.5
          0.5 0.5 0.5 0.5 0.5 0.5 0.5 0.5 0.5
          0.5 0.5 0.5 0.5 0.5 0.5 0.5 0.5 0.5
          0.5 0.5 0.5 0.5 0.5 0.5 0.5 0.5 0.5
          0.5 0.5 0.5 0.5 0.5 0.5 0.5 0.5 0.5
          0.5 0.5 0.5 0.5 0.5 0.5 0.5 0.5 0.5
          0.5 0.5 0.5 0.5 0.5 0.5 0.5 0.5 0.5
          0.5 0.5 0.5 0.5 0.5 0.5 0.5 0.5 0.5
          0.5 0.5 0.5 0.5 0.5 0.5 0.5 0.5 0.5
          0.5 0.5 0.5 0.5 0.5 0.5 0.5 0.5 0.5
          0.5 0.5 0.5 0.5 0.5 0.5 0.5 0.5 0.5
          0.5 0.5 0.5 0.5 0.5 0.5 0.5 0.5 0.5
          0.5 0.5 0.5 0.5 0.5 0.5 0.5 0.5 0.5
          0.5 0.5 0.5 0.5 0.5 0.5 0.5 0.5 0.5
          0.5 0.5 0.5 0.5 0.5 0.5 0.5 0.5 0.5
          0.5 0.5 0.5 0.5 0.5 0.5 0.5 0.5 0.5
          0.5 0.5 0.5 0.5 0.5 0.5 0.5 0.5 0.5
          0.5 0.5 0.5 0.5 0.5 0.5 0.5 0.5 0.5
          0.5 0.5 0.5 0.5 0.5 0.5 0.5 0.5 0.5
          0.5 0.5 0.5 0.5 0.5 0.5 0.5 0.5 0.5
          0.5 0.5 0.5 0.5 0.5 0.5 0.5 0.5 0.5
          0.5 0.5 0.5 0.5 0.5 0.5 0.5 0.5 0.5
          0.5 0.5 0.5 0.5 0.5 0.5 0.5 0.5 0.5
          0.5 0.5 0.5 0.5 0.5 0.5 0.5 0.5 0.5
          0.5 0.5 0.5 0.5 0.5 0.5 0.5 0.5 0.5
          0.5 0.5 0.5 0.5 0.5 0.5 0.5 0.5 0.5
          0.5 0.5 0.5 0.5 0.5 0.5 0.5 0.5 0.5
          0.5 0.5 0.5 0.5 0.5 0.5 0.5 0.5 0.5
          0.5 0.5 0.5 0.5 0.5 0.5 0.5 0.5 0.5
          0.5 0.5 0.5 0.5 0.5 0.5 0.5 0.5 0.5
          0.5 0.5 0.5 0.5 0.5 0.5 0.5 0.5 0.5
          0.5 0.5 0.5 0.5 0.5 0.5 0.5 0.5 0.5
          0.5 0.5 0.5 0.5 0.5 0.5 0.5 0.5 0.5
          0.5 0.5 0.5 0.5 0.5 0.5 0.5 0.5 0.5
          0.5 0.5 0.5 0.5 0.5 0.5 0.5 0.5 0.5
          0.5 0.5 0.5 0.5 0.5 0.5 0.5 0.5 0.5
          0.5 0.5 0.5 0.5 0.5 0.5 0.5 0.5 0.5
          0.5 0.5 0.5 0.5 0.5 0.5 0.5 0.5 0.5
          0.5 0.5 0.5 0.5 0.5 0.5 0.5 0.5 0.5
          0.5 0.5 0.5 0.5 0.5 0.5 0.5 0.5 0.5
          0.5 0.5 0.5 0.5 0.5 0.5 0.5 0.5 0.5
          0.5 0.5 0.5 0.5 0.5 0.5 0.5 0.5 0.5
          0.5 0.5 0.5 0.5 0.5 0.5 0.5 0.5 0.5
          0.5 0.5 0.5 0.5 0.5 0.5 0.5 0.5 0.5
          0.5 0.5 0.5 0.5 0.5 0.5 0.5 0.5 0.5
          0.5 0.5 0.5 0.5 0.5 0.5 0.5 0.5 0.5
          0.5 0.5 0.5 0.5 0.5 0.5 0.5 0.5 0.5
          0.5 0.5 0.5 0.5 0.5 0.5 0.5 0.5 0.5
          0.5 0.5 0.5 0.5 0.5 0.5 0.5 0.5 0.5
          0.5 0.5 0.5 0.5 0.5 0.5 0.5 0.5 0.5
          0.5 0.5 0.5 0.5 0.5 0.5 0.5 0.5 0.5
          0.5 0.5 0.5 0.5 0.5 0.5 0.5 0.5 0.5
          0.5 0.5 0.5 0.5 0.5 0.5 0.5 0.5 0.5
          0.5 0.5 0.5 0.5 0.5 0.5 0.5 0.5 0.5
          0.5 0.5 0.5 0.5 0.5 0.5 0.5 0.5 0.5
          0.5 0.5 0.5 0.5 0.5 0.5 0.5 0.5 0.5
          0.5 0.5 0.5 0.5 0.5 0.5 0.5 0.5 0.5
          0.5 0.5 0.5 0.5 0.5 0.5 0.5 0.5 0.5
          0.5 0.5 0.5 0.5 0.5 0.5 0.5 0.5 0.5
          0.5 0.5 0.5 0.5 0.5 0.5 0.5 0.5 0.5
          0.5 0.5 0.5 0.5 0.5 0.5 0.5 0.5 0.5
          0.5 0.5 0.5 0.5 0.5 0.5 0.5 0.5 0.5
          0.5 0.5 0.5 0.5 0.5 0.5 0.5 0.5 0.5
          0.5 0.5 0.5 0.5 0.5 0.5 0.5 0.5 0.5
          0.5 0.5 0.5 0.5 0.5 0.5 0.5 0.5 0.5
          0.5 0.5 0.5 0.5 0.5 0.5 0.5 0.5 0.5
          0.5 0.5 0.5 0.5 0.5 0.5 0.5 0.5 0.5
          0.5 0.5 0.5 0.5 0.5 0.5 0.5 0.5 0.5
          0.5 0.5 0.5 0.5 0.5 0.5 0.5 0.5 0.5
          0.5 0.5 0.5 0.5 0.5 0.5 0.5 0.5 0.5
          0.5 0.5 0.5 0.5 0.5 0.5 0.5 0.5 0.5
          0.5 0.5 0.5 0.5 0.5 0.5 0.5 0.5 0.5
          0.5 0.5 0.5 0.5 0.5 0.5 0.5 0.5 0.5
          0.5 0.5 0.5 0.5 0.5 0.5 0.5 0.5 0.5
          0.5 0.5 0.5 0.5 0.5 0.5 0.5 0.5 0.5
          0.5 0.5 0.5 0.5 0.5 0.5 0.5 0.5 0.5
          0.5 0.5 0.5 0.5 0.5 0.5 0.5 0.5 0.5
          0.5 0.5 0.5 0.5 0.5 0.5 0.5 0.5 0.5
          0.5 0.5 0.5 0.5 0.5 0.5 0.5 0.5 0.5
          0.5 0.5 0.5 0.5 0.5 0.5 0.5 0.5 0.5
          0.5 0.5 0.5 0.5 0.5 0.5 0.5 0.5 0.5
          0.5 0.5 0.5 0.5 0.5 0.5 0.5 0.5 0.5
          0.5 0.5 0.5 0.5 0.5 0.5 0.5 0.5 0.5
          0.5 0.5 0.5 0.5 0.5 0.5 0.5 0.5 0.5
          0.5 0.5 0.5 0.5 0.5 0.5 0.5 0.5 0.5
          0.5 0.5 0.5 0.5 0.5 0.5 0.5 0.5 0.5
          0.5 0.5 0.5 0.5 0.5 0.5 0.5 0.5 0.5
          0.5 0.5 0.5 0.5 0.5 0.5 0.5 0.5 0.5
          0.5 0.5 0.5 0.5 0.5 0.5 0.5 0.5 0.5
          0.5 0.5 0.5 0.5 0.5 0.5 0.5 0.5 0.5
          0.5 0.5 0.5 0.5 0.5 0.5 0.5 0.5 0.5
          0.5 0.5 0.5 0.5 0.5 0.5 0.5 0.5 0.5
          0.5 0.5 0.5 0.5 0.5 0.5 0.5 0.5 0.5
          0.5 0.5 0.5 0.5 0.5 0.5 0.5 0.5 0.5
          0.5 0.5 0.5 0.5 0.5 0.5 0.5 0.5 0.5
          0.5 0.5 0.5 0.5 0.5 0.5 0.5 0.5 0.5
          0.5 0.5 0.5 0.5 0.5 0.5 0.5 0.5 0.5
          0.5 0.5 0.5 0.5 0.5 0.5 0.5 0.5 0.5
          0.5 0.5 0.5 0.5 0.5 0.5 0.5 0.5 0.5
          0.5 0.5 0.5 0.5 0.5 0.5 0.5 0.5 0.5
          0.5 0.5 0.5 0.5 0.5 0.5 0.5 0.5 0.5
          0.5 0.5 0.5 0.5 0.5 0.5 0.5 0.5 0.5
          0.5 0.5 0.5 0.5 0.5 0.5 0.5 0.5 0.5
          0.5 0.5 0.5 0.5 0.5 0.5 0.5 0.5 0.5
          0.5 0.5 0.5 0.5 0.5 0.5 0.5 0.5 0.5
          0.5 0.5 0.5 0.5 0.5 0.5 0.5 0.5 0.5
          0.5 0.5 0.5 0.5 0.5 0.5 0.5 0.5 0.5
          0.5 0.5 0.5 0.5 0.5 0.5 0.5 0.5 0.5
          0.5 0.5 0.5 0.5 0.5 0.5 0.5 0.5 0.5
          0.5 0.5 0.5 0.5 0.5 0.5 0.5 0.5 0.5
          0.5 0.5 0.5 0.5 0.5 0.5 0.5 0.5 0.5
          0.5 0.5 0.5 0.5 0.5 0.5 0.5 0.5 0.5
          0.5 0.5 0.5 0.5 0.5 0.5 0.5 0.5 0.5
          0.5 0.5 0.5 0.5 0.5 0.5 0.5 0.5 0.5
          0.5 0.5 0.5 0.5 0.5 0.5 0.5 0.5 0.5
          0.5 0.5 0.5 0.5 0.5 0.5 0.5 0.5 0.5
          0.5 0.5 0.5 0.5 0.5 0.5 0.5 0.5 0.5
          0.5 0.5 0.5 0.5 0.5 0.5 0.5 0.5 0.5
          0.5 0.5 0.5 0.5 0.5 0.5 0.5 0.5 0.5
          0.5 0.5 0.5 0.5 0.5 0.5 0.5 0.5 0.5
          0.5 0.5 0.5 0.5 0.5 0.5 0.5 0.5 0.5
          0.5 0.5 0.5 0.5 0.5 0.5 0.5 0.5 0.5
          0.5 0.5 0.5 0.5 0.5 0.5 0.5 0.5 0.5
          0.5 0.5 0.5 0.5 0.5 0.5 0.5 0.5 0.5
          0.5 0.5 0.5 0.5 0.5 0.5 0.5 0.5 0.5
          0.5 0.5 0.5 0.5 0.5 0.5 0.5 0.5 0.5
          0.5 0.5 0.5 0.5 0.5 0.5 0.5 0.5 0.5
          0.5 0.5 0.5 0.5 0.5 0.5 0.5 0.5 0.5
          0.5 0.5 0.5 0.5 0.5 0.5 0.5 0.5 0.5
          0.5 0.5 0.5 0.5 0.5 0.5 0.5 0.5 0.5
          0.5 0.5 0.5 0.5 0.5 0.5 0.5 0.5 0.5
          0.5 0.5 0.5 0.5 0.5 0.5 0.5 0.5 0.5
          0.5 0.5 0.5 0.5 0.5 0.5 0.5 0.5 0.5
          0.5 0.5 0.5 0.5 0.5 0.5 0.5 0.5 0.5
          0.5 0.5 0.5 0.5 0.5 0.5 0.5 0.5 0.5
          0.5 0.5 0.5 0.5 0.5 0.5 0.5 0.5 0.5
          0.5 0.5 0.5 0.5 0.5 0.5 0.5 0.5 0.5
          0.5 0.5 0.5 0.5 0.5 0.5 0.5 0.5 0.5
          0.5 0.5 0.5 0.5 0.5 0.5 0.5 0.5 0.5
          0.5 0.5 0.5 0.5 0.5 0.5 0.5 0.5 0.5
          0.5 0.5 0.5 0.5 0.5 0.5 0.5 0.5 0.5
          0.5 0.5 0.5 0.5 0.5 0.5 0.5 0.5 0.5
          0.5 0.5 0.5 0.5 0.5 0.5 0.5 0.5 0.5
          0.5 0.5 0.5 0.5 0.5 0.5 0.5 0.5 0.5
          0.5 0.5 0.5 0.5 0.5 0.5 0.5 0.5 0.5
          0.5 0.5 0.5 0.5 0.5 0.5 0.5 0.5 0.5
          0.5 0.5 0.5 0.5 0.5 0.5 0.5 0.5 0.5
          0.5 0.5 0.5 0.5 0.5 0.5 0.5 0.5 0.5
          0.5 0.5 0.5 0.5 0.5 0.5 0.5 0.5 0.5
          0.5 0.5 0.5 0.5 0.5 0.5 0.5 0.5 0.5
          0.5 0.5 0.5 0.5 0.5 0.5 0.5 0.5 0.5
          0.5 0.5 0.5 0.5 0.5 0.5 0.5 0.5 0.5
          0.5 0.5 0.5 0.5 0.5 0.5 0.5 0.5 0.5
          0.5 0.5 0.5 0.5 0.5 0.5 0.5 0.5 0.5
          0.5 0.5 0.5 0.5 0.5 0.5 0.5 0.5 0.5
          0.5 0.5 0.5 0.5 0.5 0.5 0.5 0.5 0.5
          0.5 0.5 0.5 0.5 0.5 0.5 0.5 0.5 0.5
          0.5 0.5 0.5 0.5 0.5 0.5 0.5 0.5 0.5
          0.5 0.5 0.5 0.5 0.5 0.5 0.5 0.5 0.5
          0.5 0.5 0.5 0.5 0.5 0.5 0.5 0.5 0.5
          0.5 0.5 0.5 0.5 0.5 0.5 0.5 0.5 0.5
          0.5 0.5 0.5 0.5 0.5 0.5 0.5 0.5 0.5
          0.5 0.5 0.5 0.5 0.5 0.5 0.5 0.5 0.5
          0.5 0.5 0.5 0.5 0.5 0.5 0.5 0.5 0.5
          0.5 0.5 0.5 0.5 0.5 0.5 0.5 0.5 0.5
          0.5 0.5 0.5 0.5 0.5 0.5 0.5 0.5 0.5
          0.5 0.5 0.5 0.5 0.5 0.5 0.5 0.5 0.5
          0.5 0.5 0.5 0.5 0.5 0.5 0.5 0.5 0.5
          0.5 0.5 0.5 0.5 0.5 0.5 0.5 0.5 0.5
          0.5 0.5 0.5 0.5 0.5 0.5 0.5 0.5 0.5
          0.5 0.5 0.5 0.5 0.5 0.5 0.5 0.5 0.5
          0.5 0.5 0.5 0.5 0.5 0.5 0.5 0.5 0.5
          0.5 0.5 0.5 0.5 0.5 0.5 0.5 0.5 0.5
          0.5 0.5 0.5 0.5 0.5 0.5 0.5 0.5 0.5
          0.5 0.5 0.5 0.5 0.5 0.5 0.5 0.5 0.5
          0.5 0.5 0.5 0.5 0.5 0.5 0.5 0.5 0.5
          0.5 0.5 0.5 0.5 0.5 0.5 0.5 0.5 0.5
          0.5 0.5 0.5 0.5 0.5 0.5 0.5 0.5 0.5
          0.5 0.5 0.5 0.5 0.5 0.5 0.5 0.5 0.5
          0.5 0.5 0.5 0.5 0.5 0.5 0.5 0.5 0.5
          0.5 0.5 0.5 0.5 0.5 0.5 0.5 0.5 0.5
          0.5 0.5 0.5 0.5 0.5 0.5 0.5 0.5 0.5
          0.5 0.5 0.5 0.5 0.5 0.5 0.5 0.5 0.5
          0.5 0.5 0.5 0.5 0.5 0.5 0.5 0.5 0.5
          0.5 0.5 0.5 0.5 0.5 0.5 0.5 0.5 0.5
          0.5 0.5 0.5 0.5 0.5 0.5 0.5 0.5 0.5
          0.5 0.5 0.5 0.5 0.5 0.5 0.5 0.5 0.5
          0.5 0.5 0.5 0.5 0.5 0.5 0.5 0.5 0.5
          0.5 0.5 0.5 0.5 0.5 0.5 0.5 0.5 0.5
          0.5 0.5 0.5 0.5 0.5 0.5 0.5 0.5 0.5
          0.5 0.5 0.5 0.5 0.5 0.5 0.5 0.5 0.5
          0.5 0.5 0.5 0.5 0.5 0.5 0.5 0.5 0.5
          0.5 0.5 0.5 0.5 0.5 0.5 0.5 0.5 0.5
          0.5 0.5 0.5 0.5 0.5 0.5 0.5 0.5 0.5
          0.5 0.5 0.5 0.5 0.5 0.5 0.5 0.5 0.5
          0.5 0.5 0.5 0.5 0.5 0.5 0.5 0.5 0.5
          0.5 0.5 0.5 0.5 0.5 0.5 0.5 0.5 0.5
          0.5 0.5 0.5 0.5 0.5 0.5 0.5 0.5 0.5
          0.5 0.5 0.5 0.5 0.5 0.5 0.5 0.5 0.5
          0.5 0.5 0.5 0.5 0.5 0.5 0.5 0.5 0.5
          0.5 0.5 0.5 0.5 0.5 0.5 0.5 0.5 0.5
          0.5 0.5 0.5 0.5 0.5 0.5 0.5 0.5 0.5
          0.5 0.5 0.5 0.5 0.5 0.5 0.5 0.5 0.5
          0.5 0.5 0.5 0.5 0.5 0.5 0.5 0.5 0.5
          0.5 0.5 0.5 0.5 0.5 0.5 0.5 0.5 0.5
          0.5 0.5 0.5 0.5 0.5 0.5 0.5 0.5 0.5
          0.5 0.5 0.5 0.5 0.5 0.5 0.5 0.5 0.5
          0.5 0.5 0.5 0.5 0.5 0.5 0.5 0.5 0.5
          0.5 0.5 0.5 0.5 0.5 0.5 0.5 0.5 0.5
          0.5 0.5 0.5 0.5 0.5 0.5 0.5 0.5 0.5
          0.5 0.5 0.5 0.5 0.5 0.5 0.5 0.5 0.5
          0.5 0.5 0.5 0.5 0.5 0.5 0.5 0.5 0.5
          0.5 0.5 0.5 0.5 0.5 0.5 0.5 0.5 0.5
          0.5 0.5 0.5 0.5 0.5 0.5 0.5 0.5 0.5
          0.5 0.5 0.5 0.5 0.5 0.5 0.5 0.5 0.5
          0.5 0.5 0.5 0.5 0.5 0.5 0.5 0.5 0.5
          0.5 0.5 0.5 0.5 0.5 0.5 0.5 0.5 0.5
          0.5 0.5 0.5 0.5 0.5 0.5 0.5 0.5 0.5
          0.5 0.5 0.5 0.5 0.5 0.5 0.5 0.5 0.5
          0.5 0.5 0.5 0.5 0.5 0.5 0.5 0.5 0.5
          0.5 0.5 0.5 0.5 0.5 0.5 0.5 0.5 0.5
          0.5 0.5 0.5 0.5 0.5 0.5 0.5 0.5 0.5
          0.5 0.5 0.5 0.5 0.5 0.5 0.5 0.5 0.5
          0.5 0.5 0.5 0.5 0.5 0.5 0.5 0.5 0.5
          0.5 0.5 0.5 0.5 0.5 0.5 0.5 0.5 0.5
          0.5 0.5 0.5 0.5 0.5 0.5 0.5 0.5 0.5
          0.5 0.5 0.5 0.5 0.5 0.5 0.5 0.5 0.5
          0.5 0.5 0.5 0.5 0.5 0.5 0.5 0.5 0.5
          0.5 0.5 0.5 0.5 0.5 0.5 0.5 0.5 0.5
          0.5 0.5 0.5 0.5 0.5 0.5 0.5 0.5 0.5
          0.5 0.5 0.5 0.5 0.5 0.5 0.5 0.5 0.5
          0.5 0.5 0.5 0.5 0.5 0.5 0.5 0.5 0.5
          0.5 0.5 0.5 0.5 0.5 0.5 0.5 0.5 0.5
          0.5 0.5 0.5 0.5 0.5 0.5 0.5 0.5 0.5
          0.5 0.5 0.5 0.5 0.5 0.5 0.5 0.5 0.5
          0.5 0.5 0.5 0.5 0.5 0.5 0.5 0.5 0.5
          0.5 0.5 0.5 0.5 0.5 0.5 0.5 0.5 0.5
          0.5 0.5 0.5 0.5 0.5 0.5 0.5 0.5 0.5
          0.5 0.5 0.5 0.5 0.5 0.5 0.5 0.5 0.5
          0.5 0.5 0.5 0.5 0.5 0.5 0.5 0.5 0.5
          0.5 0.5 0.5 0.5 0.5 0.5 0.5 0.5 0.5
          0.5 0.5 0.5 0.5 0.5 0.5 0.5 0.5 0.5
          0.5 0.5 0.5 0.5 0.5 0.5 0.5 0.5 0.5
          0.5 0.5 0.5 0.5 0.5 0.5 0.5 0.5 0.5
          0.5 0.5 0.5 0.5 0.5 0.5 0.5 0.5 0.5
          0.5 0.5 0.5 0.5 0.5 0.5 0.5 0.5 0.5
          0.5 0.5 0.5 0.5 0.5 0.5 0.5 0.5 0.5
          0.5 0.5 0.5 0.5 0.5 0.5 0.5 0.5 0.5
          0.5 0.5 0.5 0.5 0.5 0.5 0.5 0.5 0.5
          0.5 0.5 0.5 0.5 0.5 0.5 0.5 0.5 0.5
          0.5 0.5 0.5 0.5 0.5 0.5 0.5 0.5 0.5
          0.5 0.5 0.5 0.5 0.5 0.5 0.5 0.5 0.5
          0.5 0.5 0.5 0.5 0.5 0.5 0.5 0.5 0.5
          0.5 0.5 0.5 0.5 0.5 0.5 0.5 0.5 0.5
          0.5 0.5 0.5 0.5 0.5 0.5 0.5 0.5 0.5
          0.5 0.5 0.5 0.5 0.5 0.5 0.5 0.5 0.5
          0.5 0.5 0.5 0.5 0.5 0.5 0.5 0.5 0.5
          0.5 0.5 0.5 0.5 0.5 0.5 0.5 0.5 0.5
          0.5 0.5 0.5 0.5 0.5 0.5 0.5 0.5 0.5
          0.5 0.5 0.5 0.5 0.5 0.5 0.5 0.5 0.5
          0.5 0.5 0.5 0.5 0.5 0.5 0.5 0.5 0.5
          0.5 0.5 0.5 0.5 0.5 0.5 0.5 0.5 0.5
          0.5 0.5 0.5 0.5 0.5 0.5 0.5 0.5 0.5
          0.5 0.5 0.5 0.5 0.5 0.5 0.5 0.5 0.5
          0.5 0.5 0.5 0.5 0.5 0.5 0.5 0.5 0.5
          0.5 0.5 0.5 0.5 0.5 0.5 0.5 0.5 0.5
          0.5 0.5 0.5 0.5 0.5 0.5 0.5 0.5 0.5
          0.5 0.5 0.5 0.5 0.5 0.5 0.5 0.5 0.5
          0.5 0.5 0.5 0.5 0.5 0.5 0.5 0.5 0.5
          0.5 0.5 0.5 0.5 0.5 0.5 0.5 0.5 0.5
          0.5 0.5 0.5 0.5 0.5 0.5 0.5 0.5 0.5
          0.5 0.5 0.5 0.5 0.5 0.5 0.5 0.5 0.5
          0.5 0.5 0.5 0.5 0.5 0.5 0.5 0.5 0.5
          0.5 0.5 0.5 0.5 0.5 0.5 0.5 0.5 0.5
          0.5 0.5 0.5 0.5 0.5 0.5 0.5 0.5 0.5
          0.5 0.5 0.5 0.5 0.5 0.5 0.5 0.5 0.5
          0.5 0.5 0.5 0.5 0.5 0.5 0.5 0.5 0.5
          0.5 0.5 0.5 0.5 0.5 0.5 0.5 0.5 0.5
          0.5 0.5 0.5 0.5 0.5 0.5 0.5 0.5 0.5
          0.5 0.5 0.5 0.5 0.5 0.5 0.5 0.5 0.5
          0.5 0.5 0.5 0.5 0.5 0.5 0.5 0.5 0.5
          0.5 0.5 0.5 0.5 0.5 0.5 0.5 0.5 0.5
          0.5 0.5 0.5 0.5 0.5 0.5 0.5 0.5 0.5
          0.5 0.5 0.5 0.5 0.5 0.5 0.5 0.5 0.5
          0.5 0.5 0.5 0.5 0.5 0.5 0.5 0.5 0.5
          0.5 0.5 0.5 0.5 0.5 0.5 0.5 0.5 0.5
          0.5 0.5 0.5 0.5 0.5 0.5 0.5 0.5 0.5
          0.5 0.5 0.5 0.5 0.5 0.5 0.5 0.5 0.5
          0.5 0.5 0.5 0.5 0.5 0.5 0.5 0.5 0.5
          0.5 0.5 0.5 0.5 0.5 0.5 0.5 0.5 0.5
          0.5 0.5 0.5 0.5 0.5 0.5 0.5 0.5 0.5
          0.5 0.5 0.5 0.5 0.5 0.5 0.5 0.5 0.5
          0.5 0.5 0.5 0.5 0.5 0.5 0.5 0.5 0.5
          0.5 0.5 0.5 0.5 0.5 0.5 0.5 0.5 0.5
          0.5 0.5 0.5 0.5 0.5 0.5 0.5 0.5 0.5
          0.5 0.5 0.5 0.5 0.5 0.5 0.5 0.5 0.5
          0.5 0.5 0.5 0.5 0.5 0.5 0.5 0.5 0.5
          0.5 0.5 0.5 0.5 0.5 0.5 0.5 0.5 0.5
          0.5 0.5 0.5 0.5 0.5 0.5 0.5 0.5 0.5
          0.5 0.5 0.5 0.5 0.5 0.5 0.5 0.5 0.5
          0.5 0.5 0.5 0.5 0.5 0.5 0.5 0.5 0.5
          0.5 0.5 0.5 0.5 0.5 0.5 0.5 0.5 0.5
          0.5 0.5 0.5 0.5 0.5 0.5 0.5 0.5 0.5
          0.5 0.5 0.5 0.5 0.5 0.5 0.5 0.5 0.5
          0.5 0.5 0.5 0.5 0.5 0.5 0.5 0.5 0.5
          0.5 0.5 0.5 0.5 0.5 0.5 0.5 0.5 0.5
          0.5 0.5 0.5 0.5 0.5 0.5 0.5 0.5 0.5
          0.5 0.5 0.5 0.5 0.5 0.5 0.5 0.5 0.5
          0.5 0.5 0.5 0.5 0.5 0.5 0.5 0.5 0.5
          0.5 0.5 0.5 0.5 0.5 0.5 0.5 0.5 0.5
          0.5 0.5 0.5 0.5 0.5 0.5 0.5 0.5 0.5
          0.5 0.5 0.5 0.5 0.5 0.5 0.5 0.5 0.5
          0.5 0.5 0.5 0.5 0.5 0.5 0.5 0.5 0.5
          0.5 0.5 0.5 0.5 0.5 0.5 0.5 0.5 0.5
          0.5 0.5 0.5 0.5 0.5 0.5 0.5 0.5 0.5
          0.5 0.5 0.5 0.5 0.5 0.5 0.5 0.5 0.5
          0.5 0.5 0.5 0.5 0.5 0.5 0.5 0.5 0.5
          0.5 0.5 0.5 0.5 0.5 0.5 0.5 0.5 0.5
          0.5 0.5 0.5 0.5 0.5 0.5 0.5 0.5 0.5
          0.5 0.5 0.5 0.5 0.5 0.5 0.5 0.5 0.5
          0.5 0.5 0.5 0.5 0.5 0.5 0.5 0.5 0.5
          0.5 0.5 0.5 0.5 0.5 0.5 0.5 0.5 0.5
          0.5 0.5 0.5 0.5 0.5 0.5 0.5 0.5 0.5
          0.5 0.5 0.5 0.5 0.5 0.5 0.5 0.5 0.5
          0.5 0.5 0.5 0.5 0.5 0.5 0.5 0.5 0.5
          0.5 0.5 0.5 0.5 0.5 0.5 0.5 0.5 0.5
          0.5 0.5 0.5 0.5 0.5 0.5 0.5 0.5 0.5
          0.5 0.5 0.5 0.5 0.5 0.5 0.5 0.5 0.5
          0.5 0.5 0.5 0.5 0.5 0.5 0.5 0.5 0.5
          0.5 0.5 0.5 0.5 0.5 0.5 0.5 0.5 0.5
          0.5 0.5 0.5 0.5 0.5 0.5 0.5 0.5 0.5
          0.5 0.5 0.5 0.5 0.5 0.5 0.5 0.5 0.5
          0.5 0.5 0.5 0.5 0.5 0.5 0.5 0.5 0.5
          0.5 0.5 0.5 0.5 0.5 0.5 0.5 0.5 0.5
          0.5 0.5 0.5 0.5 0.5 0.5 0.5 0.5 0.5
          0.5 0.5 0.5 0.5 0.5 0.5 0.5 0.5 0.5
          0.5 0.5 0.5 0.5 0.5 0.5 0.5 0.5 0.5
          0.5 0.5 0.5 0.5 0.5 0.5 0.5 0.5 0.5
          0.5 0.5 0.5 0.5 0.5 0.5 0.5 0.5 0.5
          0.5 0.5 0.5 0.5 0.5 0.5 0.5 0.5 0.5
          0.5 0.5 0.5 0.5 0.5 0.5 0.5 0.5 0.5
          0.5 0.5 0.5 0.5 0.5 0.5 0.5 0.5 0.5
          0.5 0.5 0.5 0.5 0.5 0.5 0.5 0.5 0.5
          0.5 0.5 0.5 0.5 0.5 0.5 0.5 0.5 0.5
          0.5 0.5 0.5 0.5 0.5 0.5 0.5 0.5 0.5
          0.5 0.5 0.5 0.5 0.5 0.5 0.5 0.5 0.5
          0.5 0.5 0.5 0.5 0.5 0.5 0.5 0.5 0.5
          0.5 0.5 0.5 0.5 0.5 0.5 0.5 0.5 0.5
          0.5 0.5 0.5 0.5 0.5 0.5 0.5 0.5 0.5
          0.5 0.5 0.5 0.5 0.5 0.5 0.5 0.5 0.5
          0.5 0.5 0.5 0.5 0.5 0.5 0.5 0.5 0.5
          0.5 0.5 0.5 0.5 0.5 0.5 0.5 0.5 0.5
          0.5 0.5 0.5 0.5 0.5 0.5 0.5 0.5 0.5
          0.5 0.5 0.5 0.5 0.5 0.5 0.5 0.5 0.5
          0.5 0.5 0.5 0.5 0.5 0.5 0.5 0.5 0.5
          0.5 0.5 0.5 0.5 0.5 0.5 0.5 0.5 0.5
          0.5 0.5 0.5 0.5 0.5 0.5 0.5 0.5 0.5
          0.5 0.5 0.5 0.5 0.5 0.5 0.5 0.5 0.5
          0.5 0.5 0.5 0.5 0.5 0.5 0.5 0.5 0.5
          0.5 0.5 0.5 0.5 0.5 0.5 0.5 0.5 0.5
          0.5 0.5 0.5 0.5 0.5 0.5 0.5 0.5 0.5
          0.5 0.5 0.5 0.5 0.5 0.5 0.5 0.5 0.5
          0.5 0.5 0.5 0.5 0.5 0.5 0.5 0.5 0.5
          0.5 0.5 0.5 0.5 0.5 0.5 0.5 0.5 0.5
          0.5 0.5 0.5 0.5 0.5 0.5 0.5 0.5 0.5
          0.5 0.5 0.5 0.5 0.5 0.5 0.5 0.5 0.5
          0.5 0.5 0.5 0.5 0.5 0.5 0.5 0.5 0.5
          0.5 0.5 0.5 0.5 0.5 0.5 0.5 0.5 0.5
          0.5 0.5 0.5 0.5 0.5 0.5 0.5 0.5 0.5
          0.5 0.5 0.5 0.5 0.5 0.5 0.5 0.5 0.5
          0.5 0.5 0.5 0.5 0.5 0.5 0.5 0.5 0.5
          0.5 0.5 0.5 0.5 0.5 0.5 0.5 0.5 0.5
          0.5 0.5 0.5 0.5 0.5 0.5 0.5 0.5 0.5
          0.5 0.5 0.5 0.5 0.5 0.5 0.5 0.5 0.5
          0.5 0.5 0.5 0.5 0.5 0.5 0.5 0.5 0.5
          0.5 0.5 0.5 0.5 0.5 0.5 0.5 0.5 0.5
          0.5 0.5 0.5 0.5 0.5 0.5 0.5 0.5 0.5
          0.5 0.5 0.5 0.5 0.5 0.5 0.5 0.5 0.5
          0.5 0.5 0.5 0.5 0.5 0.5 0.5 0.5 0.5
          0.5 0.5 0.5 0.5 0.5 0.5 0.5 0.5 0.5
          0.5 0.5 0.5 0.5 0.5 0.5 0.5 0.5 0.5
          0.5 0.5 0.5 0.5 0.5 0.5 0.5 0.5 0.5
          0.5 0.5 0.5 0.5 0.5 0.5 0.5 0.5 0.5
          0.5 0.5 0.5 0.5 0.5 0.5 0.5 0.5 0.5
          0.5 0.5 0.5 0.5 0.5 0.5 0.5 0.5 0.5
          0.5 0.5 0.5 0.5 0.5 0.5 0.5 0.5 0.5
          0.5 0.5 0.5 0.5 0.5 0.5 0.5 0.5 0.5
          0.5 0.5 0.5 0.5 0.5 0.5 0.5 0.5 0.5
          0.5 0.5 0.5 0.5 0.5 0.5 0.5 0.5 0.5
          0.5 0.5 0.5 0.5 0.5 0.5 0.5 0.5 0.5
          0.5 0.5 0.5 0.5 0.5 0.5 0.5 0.5 0.5
          0.5 0.5 0.5 0.5 0.5 0.5 0.5 0.5 0.5
          0.5 0.5 0.5 0.5 0.5 0.5 0.5 0.5 0.5
          0.5 0.5 0.5 0.5 0.5 0.5 0.5 0.5 0.5
          0.5 0.5 0.5 0.5 0.5 0.5 0.5 0.5 0.5
          0.5 0.5 0.5 0.5 0.5 0.5 0.5 0.5 0.5
          0.5 0.5 0.5 0.5 0.5 0.5 0.5 0.5 0.5
          0.5 0.5 0.5 0.5 0.5 0.5 0.5 0.5 0.5
          0.5 0.5 0.5 0.5 0.5 0.5 0.5 0.5 0.5
          0.5 0.5 0.5 0.5 0.5 0.5 0.5 0.5 0.5
          0.5 0.5 0.5 0.5 0.5 0.5 0.5 0.5 0.5
          0.5 0.5 0.5 0.5 0.5 0.5 0.5 0.5 0.5
          0.5 0.5 0.5 0.5 0.5 0.5 0.5 0.5 0.5
          0.5 0.5 0.5 0.5 0.5 0.5 0.5 0.5 0.5
          0.5 0.5 0.5 0.5 0.5 0.5 0.5 0.5 0.5
          0.5 0.5 0.5 0.5 0.5 0.5 0.5 0.5 0.5
          0.5 0.5 0.5 0.5 0.5 0.5 0.5 0.5 0.5
          0.5 0.5 0.5 0.5 0.5 0.5 0.5 0.5 0.5
          0.5 0.5 0.5 0.5 0.5 0.5 0.5 0.5 0.5
          0.5 0.5 0.5 0.5 0.5 0.5 0.5 0.5 0.5
          0.5 0.5 0.5 0.5 0.5 0.5 0.5 0.5 0.5
          0.5 0.5 0.5 0.5 0.5 0.5 0.5 0.5 0.5
          0.5 0.5 0.5 0.5 0.5 0.5 0.5 0.5 0.5
          0.5 0.5 0.5 0.5 0.5 0.5 0.5 0.5 0.5
          0.5 0.5 0.5 0.5 0.5 0.5 0.5 0.5 0.5
          0.5 0.5 0.5 0.5 0.5 0.5 0.5 0.5 0.5
          0.5 0.5 0.5 0.5 0.5 0.5 0.5 0.5 0.5
          0.5 0.5 0.5 0.5 0.5 0.5 0.5 0.5 0.5
          0.5 0.5 0.5 0.5 0.5 0.5 0.5 0.5 0.5
          0.5 0.5 0.5 0.5 0.5 0.5 0.5 0.5 0.5
          0.5 0.5 0.5 0.5 0.5 0.5 0.5 0.5 0.5
          0.5 0.5 0.5 0.5 0.5 0.5 0.5 0.5 0.5
          0.5 0.5 0.5 0.5 0.5 0.5 0.5 0.5 0.5
          0.5 0.5 0.5 0.5 0.5 0.5 0.5 0.5 0.5
          0.5 0.5 0.5 0.5 0.5 0.5 0.5 0.5 0.5
          0.5 0.5 0.5 0.5 0.5 0.5 0.5 0.5 0.5
          0.5 0.5 0.5 0.5 0.5 0.5 0.5 0.5 0.5
          0.5 0.5 0.5 0.5 0.5 0.5 0.5 0.5 0.5
          0.5 0.5 0.5 0.5 0.5 0.5 0.5 0.5 0.5
          0.5 0.5 0.5 0.5 0.5 0.5 0.5 0.5 0.5
          0.5 0.5 0.5 0.5 0.5 0.5 0.5 0.5 0.5
          0.5 0.5 0.5 0.5 0.5 0.5 0.5 0.5 0.5
          0.5 0.5 0.5 0.5 0.5 0.5 0.5 0.5 0.5
          0.5 0.5 0.5 0.5 0.5 0.5 0.5 0.5 0.5
          0.5 0.5 0.5 0.5 0.5 0.5 0.5 0.5 0.5
          0.5 0.5 0.5 0.5 0.5 0.5 0.5 0.5 0.5
          0.5 0.5 0.5 0.5 0.5 0.5 0.5 0.5 0.5
          0.5 0.5 0.5 0.5 0.5 0.5 0.5 0.5 0.5
          0.5 0.5 0.5 0.5 0.5 0.5 0.5 0.5 0.5
          0.5 0.5 0.5 0.5 0.5 0.5 0.5 0.5 0.5
          0.5 0.5 0.5 0.5 0.5 0.5 0.5 0.5 0.5
          0.5 0.5 0.5 0.5 0.5 0.5 0.5 0.5 0.5
          0.5 0.5 0.5 0.5 0.5 0.5 0.5 0.5 0.5
          0.5 0.5 0.5 0.5 0.5 0.5 0.5 0.5 0.5
          0.5 0.5 0.5 0.5 0.5 0.5 0.5 0.5 0.5
          0.5 0.5 0.5 0.5 0.5 0.5 0.5 0.5 0.5
          0.5 0.5 0.5 0.5 0.5 0.5 0.5 0.5 0.5
          0.5 0.5 0.5 0.5 0.5 0.5 0.5 0.5 0.5
          0.5 0.5 0.5 0.5 0.5 0.5 0.5 0.5 0.5
          0.5 0.5 0.5 0.5 0.5 0.5 0.5 0.5 0.5
          0.5 0.5 0.5 0.5 0.5 0.5 0.5 0.5 0.5
          0.5 0.5 0.5 0.5 0.5 0.5 0.5 0.5 0.5
          0.5 0.5 0.5 0.5 0.5 0.5 0.5 0.5 0.5
          0.5 0.5 0.5 0.5 0.5 0.5 0.5 0.5 0.5
          0.5 0.5 0.5 0.5 0.5 0.5 0.5 0.5 0.5
          0.5 0.5 0.5 0.5 0.5 0.5 0.5 0.5 0.5
          0.5 0.5 0.5 0.5 0.5 0.5 0.5 0.5 0.5
          0.5 0.5 0.5 0.5 0.5 0.5 0.5 0.5 0.5
          0.5 0.5 0.5 0.5 0.5 0.5 0.5 0.5 0.5
          0.5 0.5 0.5 0.5 0.5 0.5 0.5 0.5 0.5
          0.5 0.5 0.5 0.5 0.5 0.5 0.5 0.5 0.5
          0.5 0.5 0.5 0.5 0.5 0.5 0.5 0.5 0.5
          0.5 0.5 0.5 0.5 0.5 0.5 0.5 0.5 0.5
          0.5 0.5 0.5 0.5 0.5 0.5 0.5 0.5 0.5
          0.5 0.5 0.5 0.5 0.5 0.5 0.5 0.5 0.5
          0.5 0.5 0.5 0.5 0.5 0.5 0.5 0.5 0.5
          0.5 0.5 0.5 0.5 0.5 0.5 0.5 0.5 0.5
          0.5 0.5 0.5 0.5 0.5 0.5 0.5 0.5 0.5
          0.5 0.5 0.5 0.5 0.5 0.5 0.5 0.5 0.5
          0.5 0.5 0.5 0.5 0.5 0.5 0.5 0.5 0.5
          0.5 0.5 0.5 0.5 0.5 0.5 0.5 0.5 0.5
          0.5 0.5 0.5 0.5 0.5 0.5 0.5 0.5 0.5
          0.5 0.5 0.5 0.5 0.5 0.5 0.5 0.5 0.5
          0.5 0.5 0.5 0.5 0.5 0.5 0.5 0.5 0.5
          0.5 0.5 0.5 0.5 0.5 0.5 0.5 0.5 0.5
          0.5 0.5 0.5 0.5 0.5 0.5 0.5 0.5 0.5
          0.5 0.5 0.5 0.5 0.5 0.5 0.5 0.5 0.5
          0.5 0.5 0.5 0.5 0.5 0.5 0.5 0.5 0.5
          0.5 0.5 0.5 0.5 0.5 0.5 0.5 0.5 0.5
          0.5 0.5 0.5 0.5 0.5 0.5 0.5 0.5 0.5
          0.5 0.5 0.5 0.5 0.5 0.5 0.5 0.5 0.5
          0.5 0.5 0.5 0.5 0.5 0.5 0.5 0.5 0.5
          0.5 0.5 0.5 0.5 0.5 0.5 0.5 0.5 0.5
          0.5 0.5 0.5 0.5 0.5 0.5 0.5 0.5 0.5
          0.5 0.5 0.5 0.5 0.5 0.5 0.5 0.5 0.5
          0.5 0.5 0.5 0.5 0.5 0.5 0.5 0.5 0.5
          0.5 0.5 0.5 0.5 0.5 0.5 0.5 0.5 0.5
          0.5 0.5 0.5 0.5 0.5 0.5 0.5 0.5 0.5
          0.5 0.5 0.5 0.5 0.5 0.5 0.5 0.5 0.5
          0.5 0.5 0.5 0.5 0.5 0.5 0.5 0.5 0.5
          0.5 0.5 0.5 0.5 0.5 0.5 0.5 0.5 0.5
          0.5 0.5 0.5 0.5 0.5 0.5 0.5 0.5 0.5
          0.5 0.5 0.5 0.5 0.5 0.5 0.5 0.5 0.5
          0.5 0.5 0.5 0.5 0.5 0.5 0.5 0.5 0.5
          0.5 0.5 0.5 0.5 0.5 0.5 0.5 0.5 0.5
          0.5 0.5 0.5 0.5 0.5 0.5 0.5 0.5 0.5
          0.5 0.5 0.5 0.5 0.5 0.5 0.5 0.5 0.5
          0.5 0.5 0.5 0.5 0.5 0.5 0.5 0.5 0.5
          0.5 0.5 0.5 0.5 0.5 0.5 0.5 0.5 0.5
          0.5 0.5 0.5 0.5 0.5 0.5 0.5 0.5 0.5
          0.5 0.5 0.5 0.5 0.5 0.5 0.5 0.5 0.5
          0.5 0.5 0.5 0.5 0.5 0.5 0.5 0.5 0.5
          0.5 0.5 0.5 0.5 0.5 0.5 0.5 0.5 0.5
          0.5 0.5 0.5 0.5 0.5 0.5 0.5 0.5 0.5
          0.5 0.5 0.5 0.5 0.5 0.5 0.5 0.5 0.5
          0.5 0.5 0.5 0.5 0.5 0.5 0.5 0.5 0.5
          0.5 0.5 0.5 0.5 0.5 0.5 0.5 0.5 0.5
          0.5 0.5 0.5 0.5 0.5 0.5 0.5 0.5 0.5
          0.5 0.5 0.5 0.5 0.5 0.5 0.5 0.5 0.5
          0.5 0.5 0.5 0.5 0.5 0.5 0.5 0.5 0.5
          0.5 0.5 0.5 0.5 0.5 0.5 0.5 0.5 0.5
          0.5 0.5 0.5 0.5 0.5 0.5 0.5 0.5 0.5
          0.5 0.5 0.5 0.5 0.5 0.5 0.5 0.5 0.5
          0.5 0.5 0.5 0.5 0.5 0.5 0.5 0.5 0.5
          0.5 0.5 0.5 0.5 0.5 0.5 0.5 0.5 0.5
          0.5 0.5 0.5 0.5 0.5 0.5 0.5 0.5 0.5
          0.5 0.5 0.5 0.5 0.5 0.5 0.5 0.5 0.5
          0.5 0.5 0.5 0.5 0.5 0.5 0.5 0.5 0.5
          0.5 0.5 0.5 0.5 0.5 0.5 0.5 0.5 0.5
          0.5 0.5 0.5 0.5 0.5 0.5 0.5 0.5 0.5
          0.5 0.5 0.5 0.5 0.5 0.5 0.5 0.5 0.5
          0.5 0.5 0.5 0.5 0.5 0.5 0.5 0.5 0.5
          0.5 0.5 0.5 0.5 0.5 0.5 0.5 0.5 0.5
          0.5 0.5 0.5 0.5 0.5 0.5 0.5 0.5 0.5
          0.5 0.5 0.5 0.5 0.5 0.5 0.5 0.5 0.5
          0.5 0.5 0.5 0.5 0.5 0.5 0.5 0.5 0.5
          0.5 0.5 0.5 0.5 0.5 0.5 0.5 0.5 0.5
          0.5 0.5 0.5 0.5 0.5 0.5 0.5 0.5 0.5
          0.5 0.5 0.5 0.5 0.5 0.5 0.5 0.5 0.5
          0.5 0.5 0.5 0.5 0.5 0.5 0.5 0.5 0.5
          0.5 0.5 0.5 0.5 0.5 0.5 0.5 0.5 0.5
          0.5 0.5 0.5 0.5 0.5 0.5 0.5 0.5 0.5
          0.5 0.5 0.5 0.5 0.5 0.5 0.5 0.5 0.5
          0.5 0.5 0.5 0.5 0.5 0.5 0.5 0.5 0.5
          0.5 0.5 0.5 0.5 0.5 0.5 0.5 0.5 0.5
          0.5 0.5 0.5 0.5 0.5 0.5 0.5 0.5 0.5
          0.5 0.5 0.5 0.5 0.5 0.5 0.5 0.5 0.5
          0.5 0.5 0.5 0.5 0.5 0.5 0.5 0.5 0.5
          0.5 0.5 0.5 0.5 0.5 0.5 0.5 0.5 0.5
          0.5 0.5 0.5 0.5 0.5 0.5 0.5 0.5 0.5
          0.5 0.5 0.5 0.5 0.5 0.5 0.5 0.5 0.5
          0.5 0.5 0.5 0.5 0.5 0.5 0.5 0.5 0.5
          0.5 0.5 0.5 0.5 0.5 0.5 0.5 0.5 0.5
          0.5 0.5 0.5 0.5 0.5 0.5 0.5 0.5 0.5
          0.5 0.5 0.5 0.5 0.5 0.5 0.5 0.5 0.5
          0.5 0.5 0.5 0.5 0.5 0.5 0.5 0.5 0.5
          0.5 0.5 0.5 0.5 0.5 0.5 0.5 0.5 0.5
          0.5 0.5 0.5 0.5 0.5 0.5 0.5 0.5 0.5
          0.5 0.5 0.5 0.5 0.5 0.5 0.5 0.5 0.5
          0.5 0.5 0.5 0.5 0.5 0.5 0.5 0.5 0.5
          0.5 0.5 0.5 0.5 0.5 0.5 0.5 0.5 0.5
          0.5 0.5 0.5 0.5 0.5 0.5 0.5 0.5 0.5
          0.5 0.5 0.5 0.5 0.5 0.5 0.5 0.5 0.5
          0.5 0.5 0.5 0.5 0.5 0.5 0.5 0.5 0.5
          0.5 0.5 0.5 0.5 0.5 0.5 0.5 0.5 0.5
          0.5 0.5 0.5 0.5 0.5 0.5 0.5 0.5 0.5
          0.5 0.5 0.5 0.5 0.5 0.5 0.5 0.5 0.5
          0.5 0.5 0.5 0.5 0.5 0.5 0.5 0.5 0.5
          0.5 0.5 0.5 0.5 0.5 0.5 0.5 0.5 0.5
          0.5 0.5 0.5 0.5 0.5 0.5 0.5 0.5 0.5
          0.5 0.5 0.5 0.5 0.5 0.5 0.5 0.5 0.5
          0.5 0.5 0.5 0.5 0.5 0.5 0.5 0.5 0.5
          0.5 0.5 0.5 0.5 0.5 0.5 0.5 0.5 0.5
          0.5 0.5 0.5 0.5 0.5 0.5 0.5 0.5 0.5
          0.5 0.5 0.5 0.5 0.5 0.5 0.5 0.5 0.5
          0.5 0.5 0.5 0.5 0.5 0.5 0.5 0.5 0.5
          0.5 0.5 0.5 0.5 0.5 0.5 0.5 0.5 0.5
          0.5 0.5 0.5 0.5 0.5 0.5 0.5 0.5 0.5
          0.5 0.5 0.5 0.5 0.5 0.5 0.5 0.5 0.5
          0.5 0.5 0.5 0.5 0.5 0.5 0.5 0.5 0.5
          0.5 0.5 0.5 0.5 0.5 0.5 0.5 0.5 0.5
          0.5 0.5 0.5 0.5 0.5 0.5 0.5 0.5 0.5
          0.5 0.5 0.5 0.5 0.5 0.5 0.5 0.5 0.5
          0.5 0.5 0.5 0.5 0.5 0.5 0.5 0.5 0.5
          0.5 0.5 0.5 0.5 0.5 0.5 0.5 0.5 0.5
          0.5 0.5 0.5 0.5 0.5 0.5 0.5 0.5 0.5
          0.5 0.5 0.5 0.5 0.5 0.5 0.5 0.5 0.5
          0.5 0.5 0.5 0.5 0.5 0.5 0.5 0.5 0.5
          0.5 0.5 0.5 0.5 0.5 0.5 0.5 0.5 0.5
          0.5 0.5 0.5 0.5 0.5 0.5 0.5 0.5 0.5
          0.5 0.5 0.5 0.5 0.5 0.5 0.5 0.5 0.5
          0.5 0.5 0.5 0.5 0.5 0.5 0.5 0.5 0.5
          0.5 0.5 0.5 0.5 0.5 0.5 0.5 0.5 0.5
          0.5 0.5 0.5 0.5 0.5 0.5 0.5 0.5 0.5
          0.5 0.5 0.5 0.5 0.5 0.5 0.5 0.5 0.5
          0.5 0.5 0.5 0.5 0.5 0.5 0.5 0.5 0.5
          0.5 0.5 0.5 0.5 0.5 0.5 0.5 0.5 0.5
          0.5 0.5 0.5 0.5 0.5 0.5 0.5 0.5 0.5
          0.5 0.5 0.5 0.5 0.5 0.5 0.5 0.5 0.5
          0.5 0.5 0.5 0.5 0.5 0.5 0.5 0.5 0.5
          0.5 0.5 0.5 0.5 0.5 0.5 0.5 0.5 0.5
          0.5 0.5 0.5 0.5 0.5 0.5 0.5 0.5 0.5
          0.5 0.5 0.5 0.5 0.5 0.5 0.5 0.5 0.5
          0.5 0.5 0.5 0.5 0.5 0.5 0.5 0.5 0.5
          0.5 0.5 0.5 0.5 0.5 0.5 0.5 0.5 0.5
          0.5 0.5 0.5 0.5 0.5 0.5 0.5 0.5 0.5
          0.5 0.5 0.5 0.5 0.5 0.5 0.5 0.5 0.5
          0.5 0.5 0.5 0.5 0.5 0.5 0.5 0.5 0.5
          0.5 0.5 0.5 0.5 0.5 0.5 0.5 0.5 0.5
          0.5 0.5 0.5 0.5 0.5 0.5 0.5 0.5 0.5
          0.5 0.5 0.5 0.5 0.5 0.5 0.5 0.5 0.5
          0.5 0.5 0.5 0.5 0.5 0.5 0.5 0.5 0.5
          0.5 0.5 0.5 0.5 0.5 0.5 0.5 0.5 0.5
          0.5 0.5 0.5 0.5 0.5 0.5 0.5 0.5 0.5
          0.5 0.5 0.5 0.5 0.5 0.5 0.5 0.5 0.5
          0.5 0.5 0.5 0.5 0.5 0.5 0.5 0.5 0.5
          0.5 0.5 0.5 0.5 0.5 0.5 0.5 0.5 0.5
          0.5 0.5 0.5 0.5 0.5 0.5 0.5 0.5 0.5
          0.5 0.5 0.5 0.5 0.5 0.5 0.5 0.5 0.5
          0.5 0.5 0.5 0.5 0.5 0.5 0.5 0.5 0.5
          0.5 0.5 0.5 0.5 0.5 0.5 0.5 0.5 0.5
          0.5 0.5 0.5 0.5 0.5 0.5 0.5 0.5 0.5
          0.5 0.5 0.5 0.5 0.5 0.5 0.5 0.5 0.5
          0.5 0.5 0.5 0.5 0.5 0.5 0.5 0.5 0.5
          0.5 0.5 0.5 0.5 0.5 0.5 0.5 0.5 0.5
          0.5 0.5 0.5 0.5 0.5 0.5 0.5 0.5 0.5
          0.5 0.5 0.5 0.5 0.5 0.5 0.5 0.5 0.5
          0.5 0.5 0.5 0.5 0.5 0.5 0.5 0.5 0.5
          0.5 0.5 0.5 0.5 0.5 0.5 0.5 0.5 0.5
          0.5 0.5 0.5 0.5 0.5 0.5 0.5 0.5 0.5
          0.5 0.5 0.5 0.5 0.5 0.5 0.5 0.5 0.5
          0.5 0.5 0.5 0.5 0.5 0.5 0.5 0.5 0.5
          0.5 0.5 0.5 0.5 0.5 0.5 0.5 0.5 0.5
          0.5 0.5 0.5 0.5 0.5 0.5 0.5 0.5 0.5
          0.5 0.5 0.5 0.5 0.5 0.5 0.5 0.5 0.5
          0.5 0.5 0.5 0.5 0.5 0.5 0.5 0.5 0.5
          0.5 0.5 0.5 0.5 0.5 0.5 0.5 0.5 0.5
          0.5 0.5 0.5 0.5 0.5 0.5 0.5 0.5 0.5
          0.5 0.5 0.5 0.5 0.5 0.5 0.5 0.5 0.5
          0.5 0.5 0.5 0.5 0.5 0.5 0.5 0.5 0.5
          0.5 0.5 0.5 0.5 0.5 0.5 0.5 0.5 0.5
          0.5 0.5 0.5 0.5 0.5 0.5 0.5 0.5 0.5
          0.5 0.5 0.5 0.5 0.5 0.5 0.5 0.5 0.5
          0.5 0.5 0.5 0.5 0.5 0.5 0.5 0.5 0.5
          0.5 0.5 0.5 0.5 0.5 0.5 0.5 0.5 0.5
          0.5 0.5 0.5 0.5 0.5 0.5 0.5 0.5 0.5
          0.5 0.5 0.5 0.5 0.5 0.5 0.5 0.5 0.5
          0.5 0.5 0.5 0.5 0.5 0.5 0.5 0.5 0.5
          0.5 0.5 0.5 0.5 0.5 0.5 0.5 0.5 0.5
          0.5 0.5 0.5 0.5 0.5 0.5 0.5 0.5 0.5
          0.5 0.5 0.5 0.5 0.5 0.5 0.5 0.5 0.5
          0.5 0.5 0.5 0.5 0.5 0.5 0.5 0.5 0.5
          0.5 0.5 0.5 0.5 0.5 0.5 0.5 0.5 0.5
          0.5 0.5 0.5 0.5 0.5 0.5 0.5 0.5 0.5
          0.5 0.5 0.5 0.5 0.5 0.5 0.5 0.5 0.5
          0.5 0.5 0.5 0.5 0.5 0.5 0.5 0.5 0.5
          0.5 0.5 0.5 0.5 0.5 0.5 0.5 0.5 0.5
          0.5 0.5 0.5 0.5 0.5 0.5 0.5 0.5 0.5
          0.5 0.5 0.5 0.5 0.5 0.5 0.5 0.5 0.5
          0.5 0.5 0.5 0.5 0.5 0.5 0.5 0.5 0.5
          0.5 0.5 0.5 0.5 0.5 0.5 0.5 0.5 0.5
          0.5 0.5 0.5 0.5 0.5 0.5 0.5 0.5 0.5
          0.5 0.5 0.5 0.5 0.5 0.5 0.5 0.5 0.5
          0.5 0.5 0.5 0.5 0.5 0.5 0.5 0.5 0.5
          0.5 0.5 0.5 0.5 0.5 0.5 0.5 0.5 0.5
          0.5 0.5 0.5 0.5 0.5 0.5 0.5 0.5 0.5
          0.5 0.5 0.5 0.5 0.5 0.5 0.5 0.5 0.5
          0.5 0.5 0.5 0.5 0.5 0.5 0.5 0.5 0.5
          0.5 0.5 0.5 0.5 0.5 0.5 0.5 0.5 0.5
          0.5 0.5 0.5 0.5 0.5 0.5 0.5 0.5 0.5
          0.5 0.5 0.5 0.5 0.5 0.5 0.5 0.5 0.5
          0.5 0.5 0.5 0.5 0.5 0.5 0.5 0.5 0.5
          0.5 0.5 0.5 0.5 0.5 0.5 0.5 0.5 0.5
          0.5 0.5 0.5 0.5 0.5 0.5 0.5 0.5 0.5
          0.5 0.5 0.5 0.5 0.5 0.5 0.5 0.5 0.5
          0.5 0.5 0.5 0.5 0.5 0.5 0.5 0.5 0.5
          0.5 0.5 0.5 0.5 0.5 0.5 0.5 0.5 0.5
          0.5 0.5 0.5 0.5 0.5 0.5 0.5 0.5 0.5
          0.5 0.5 0.5 0.5 0.5 0.5 0.5 0.5 0.5
          0.5 0.5 0.5 0.5 0.5 0.5 0.5 0.5 0.5
          0.5 0.5 0.5 0.5 0.5 0.5 0.5 0.5 0.5
          0.5 0.5 0.5 0.5 0.5 0.5 0.5 0.5 0.5
          0.5 0.5 0.5 0.5 0.5 0.5 0.5 0.5 0.5
          0.5 0.5 0.5 0.5 0.5 0.5 0.5 0.5 0.5
          0.5 0.5 0.5 0.5 0.5 0.5 0.5 0.5 0.5
          0.5 0.5 0.5 0.5 0.5 0.5 0.5 0.5 0.5
          0.5 0.5 0.5 0.5 0.5 0.5 0.5 0.5 0.5
          0.5 0.5 0.5 0.5 0.5 0.5 0.5 0.5 0.5
          0.5 0.5 0.5 0.5 0.5 0.5 0.5 0.5 0.5
          0.5 0.5 0.5 0.5 0.5 0.5 0.5 0.5 0.5
          0.5 0.5 0.5 0.5 0.5 0.5 0.5 0.5 0.5
          0.5 0.5 0.5 0.5 0.5 0.5 0.5 0.5 0.5
          0.5 0.5 0.5 0.5 0.5 0.5 0.5 0.5 0.5
          0.5 0.5 0.5 0.5 0.5 0.5 0.5 0.5 0.5
          0.5 0.5 0.5 0.5 0.5 0.5 0.5 0.5 0.5
          0.5 0.5 0.5 0.5 0.5 0.5 0.5 0.5 0.5
          0.5 0.5 0.5 0.5 0.5 0.5 0.5 0.5 0.5
          0.5 0.5 0.5 0.5 0.5 0.5 0.5 0.5 0.5
          0.5 0.5 0.5 0.5 0.5 0.5 0.5 0.5 0.5
          0.5 0.5 0.5 0.5 0.5 0.5 0.5 0.5 0.5
          0.5 0.5 0.5 0.5 0.5 0.5 0.5 0.5 0.5
          0.5 0.5 0.5 0.5 0.5 0.5 0.5 0.5 0.5
          0.5 0.5 0.5 0.5 0.5 0.5 0.5 0.5 0.5
          0.5 0.5 0.5 0.5 0.5 0.5 0.5 0.5 0.5
          0.5 0.5 0.5 0.5 0.5 0.5 0.5 0.5 0.5
          0.5 0.5 0.5 0.5 0.5 0.5 0.5 0.5 0.5
          0.5 0.5 0.5 0.5 0.5 0.5 0.5 0.5 0.5
          0.5 0.5 0.5 0.5 0.5 0.5 0.5 0.5 0.5
          0.5 0.5 0.5 0.5 0.5 0.5 0.5 0.5 0.5
          0.5 0.5 0.5 0.5 0.5 0.5 0.5 0.5 0.5
          0.5 0.5 0.5 0.5 0.5 0.5 0.5 0.5 0.5
          0.5 0.5 0.5 0.5 0.5 0.5 0.5 0.5 0.5
          0.5 0.5 0.5 0.5 0.5 0.5 0.5 0.5 0.5
          0.5 0.5 0.5 0.5 0.5 0.5 0.5 0.5 0.5
          0.5 0.5 0.5 0.5 0.5 0.5 0.5 0.5 0.5
          0.5 0.5 0.5 0.5 0.5 0.5 0.5 0.5 0.5
          0.5 0.5 0.5 0.5 0.5 0.5 0.5 0.5 0.5
          0.5 0.5 0.5 0.5 0.5 0.5 0.5 0.5 0.5
          0.5 0.5 0.5 0.5 0.5 0.5 0.5 0.5 0.5
          0.5 0.5 0.5 0.5 0.5 0.5 0.5 0.5 0.5
          0.5 0.5 0.5 0.5 0.5 0.5 0.5 0.5 0.5
          0.5 0.5 0.5 0.5 0.5 0.5 0.5 0.5 0.5
          0.5 0.5 0.5 0.5 0.5 0.5 0.5 0.5 0.5
          0.5 0.5 0.5 0.5 0.5 0.5 0.5 0.5 0.5
          0.5 0.5 0.5 0.5 0.5 0.5 0.5 0.5 0.5
          0.5 0.5 0.5 0.5 0.5 0.5 0.5 0.5 0.5
          0.5 0.5 0.5 0.5 0.5 0.5 0.5 0.5 0.5
          0.5 0.5 0.5 0.5 0.5 0.5 0.5 0.5 0.5
          0.5 0.5 0.5 0.5 0.5 0.5 0.5 0.5 0.5
          0.5 0.5 0.5 0.5 0.5 0.5 0.5 0.5 0.5
          0.5 0.5 0.5 0.5 0.5 0.5 0.5 0.5 0.5
          0.5 0.5 0.5 0.5 0.5 0.5 0.5 0.5 0.5
          0.5 0.5 0.5 0.5 0.5 0.5 0.5 0.5 0.5
          0.5 0.5 0.5 0.5 0.5 0.5 0.5 0.5 0.5
          0.5 0.5 0.5 0.5 0.5 0.5 0.5 0.5 0.5
          0.5 0.5 0.5 0.5 0.5 0.5 0.5 0.5 0.5
          0.5 0.5 0.5 0.5 0.5 0.5 0.5 0.5 0.5
          0.5 0.5 0.5 0.5 0.5 0.5 0.5 0.5 0.5
          0.5 0.5 0.5 0.5 0.5 0.5 0.5 0.5 0.5
          0.5 0.5 0.5 0.5 0.5 0.5 0.5 0.5 0.5
          0.5 0.5 0.5 0.5 0.5 0.5 0.5 0.5 0.5
          0.5 0.5 0.5 0.5 0.5 0.5 0.5 0.5 0.5
          0.5 0.5 0.5 0.5 0.5 0.5 0.5 0.5 0.5
          0.5 0.5 0.5 0.5 0.5 0.5 0.5 0.5 0.5
          0.5 0.5 0.5 0.5 0.5 0.5 0.5 0.5 0.5
          0.5 0.5 0.5 0.5 0.5 0.5 0.5 0.5 0.5
          0.5 0.5 0.5 0.5 0.5 0.5 0.5 0.5 0.5
          0.5 0.5 0.5 0.5 0.5 0.5 0.5 0.5 0.5
          0.5 0.5 0.5 0.5 0.5 0.5 0.5 0.5 0.5
          0.5 0.5 0.5 0.5 0.5 0.5 0.5 0.5 0.5
          0.5 0.5 0.5 0.5 0.5 0.5 0.5 0.5 0.5
          0.5 0.5 0.5 0.5 0.5 0.5 0.5 0.5 0.5
          0.5 0.5 0.5 0.5 0.5 0.5 0.5 0.5 0.5
          0.5 0.5 0.5 0.5 0.5 0.5 0.5 0.5 0.5
          0.5 0.5 0.5 0.5 0.5 0.5 0.5 0.5 0.5
          0.5 0.5 0.5 0.5 0.5 0.5 0.5 0.5 0.5
          0.5 0.5 0.5 0.5 0.5 0.5 0.5 0.5 0.5
          0.5 0.5 0.5 0.5 0.5 0.5 0.5 0.5 0.5
          0.5 0.5 0.5 0.5 0.5 0.5 0.5 0.5 0.5
          0.5 0.5 0.5 0.5 0.5 0.5 0.5 0.5 0.5
          0.5 0.5 0.5 0.5 0.5 0.5 0.5 0.5 0.5
          0.5 0.5 0.5 0.5 0.5 0.5 0.5 0.5 0.5
          0.5 0.5 0.5 0.5 0.5 0.5 0.5 0.5 0.5
          0.5 0.5 0.5 0.5 0.5 0.5 0.5 0.5 0.5
          0.5 0.5 0.5 0.5 0.5 0.5 0.5 0.5 0.5
          0.5 0.5 0.5 0.5 0.5 0.5 0.5 0.5 0.5
          0.5 0.5 0.5 0.5 0.5 0.5 0.5 0.5 0.5
          0.5 0.5 0.5 0.5 0.5 0.5 0.5 0.5 0.5
          0.5 0.5 0.5 0.5 0.5 0.5 0.5 0.5 0.5
          0.5 0.5 0.5 0.5 0.5 0.5 0.5 0.5 0.5
          0.5 0.5 0.5 0.5 0.5 0.5 0.5 0.5 0.5
          0.5 0.5 0.5 0.5 0.5 0.5 0.5 0.5 0.5
          0.5 0.5 0.5 0.5 0.5 0.5 0.5 0.5 0.5
          0.5 0.5 0.5 0.5 0.5 0.5 0.5 0.5 0.5
          0.5 0.5 0.5 0.5 0.5 0.5 0.5 0.5 0.5
          0.5 0.5 0.5 0.5 0.5 0.5 0.5 0.5 0.5
          0.5 0.5 0.5 0.5 0.5 0.5 0.5 0.5 0.5
          0.5 0.5 0.5 0.5 0.5 0.5 0.5 0.5 0.5
          0.5 0.5 0.5 0.5 0.5 0.5 0.5 0.5 0.5
          0.5 0.5 0.5 0.5 0.5 0.5 0.5 0.5 0.5
          0.5 0.5 0.5 0.5 0.5 0.5 0.5 0.5 0.5
          0.5 0.5 0.5 0.5 0.5 0.5 0.5 0.5 0.5
          0.5 0.5 0.5 0.5 0.5 0.5 0.5 0.5 0.5
          0.5 0.5 0.5 0.5 0.5 0.5 0.5 0.5 0.5
          0.5 0.5 0.5 0.5 0.5 0.5 0.5 0.5 0.5
          0.5 0.5 0.5 0.5 0.5 0.5 0.5 0.5 0.5
          0.5 0.5 0.5 0.5 0.5 0.5 0.5 0.5 0.5
          0.5 0.5 0.5 0.5 0.5 0.5 0.5 0.5 0.5
          0.5 0.5 0.5 0.5 0.5 0.5 0.5 0.5 0.5
          0.5 0.5 0.5 0.5 0.5 0.5 0.5 0.5 0.5
          0.5 0.5 0.5 0.5 0.5 0.5 0.5 0.5 0.5
          0.5 0.5 0.5 0.5 0.5 0.5 0.5 0.5 0.5
          0.5 0.5 0.5 0.5 0.5 0.5 0.5 0.5 0.5
          0.5 0.5 0.5 0.5 0.5 0.5 0.5 0.5 0.5
          0.5 0.5 0.5 0.5 0.5 0.5 0.5 0.5 0.5
          0.5 0.5 0.5 0.5 0.5 0.5 0.5 0.5 0.5
          0.5 0.5 0.5 0.5 0.5 0.5 0.5 0.5 0.5
          0.5 0.5 0.5 0.5 0.5 0.5 0.5 0.5 0.5
          0.5 0.5 0.5 0.5 0.5 0.5 0.5 0.5 0.5
          0.5 0.5 0.5 0.5 0.5 0.5 0.5 0.5 0.5
          0.5 0.5 0.5 0.5 0.5 0.5 0.5 0.5 0.5
          0.5 0.5 0.5 0.5 0.5 0.5 0.5 0.5 0.5
          0.5 0.5 0.5 0.5 0.5 0.5 0.5 0.5 0.5
          0.5 0.5 0.5 0.5 0.5 0.5 0.5 0.5 0.5
          0.5 0.5 0.5 0.5 0.5 0.5 0.5 0.5 0.5
          0.5 0.5 0.5 0.5 0.5 0.5 0.5 0.5 0.5
          0.5 0.5 0.5 0.5 0.5 0.5 0.5 0.5 0.5
          0.5 0.5 0.5 0.5 0.5 0.5 0.5 0.5 0.5
          0.5 0.5 0.5 0.5 0.5 0.5 0.5 0.5 0.5
          0.5 0.5 0.5 0.5 0.5 0.5 0.5 0.5 0.5
          0.5 0.5 0.5 0.5 0.5 0.5 0.5 0.5 0.5
          0.5 0.5 0.5 0.5 0.5 0.5 0.5 0.5 0.5
          0.5 0.5 0.5 0.5 0.5 0.5 0.5 0.5 0.5
          0.5 0.5 0.5 0.5 0.5 0.5 0.5 0.5 0.5
          0.5 0.5 0.5 0.5 0.5 0.5 0.5 0.5 0.5
          0.5 0.5 0.5 0.5 0.5 0.5 0.5 0.5 0.5
          0.5 0.5 0.5 0.5 0.5 0.5 0.5 0.5 0.5
          0.5 0.5 0.5 0.5 0.5 0.5 0.5 0.5 0.5
          0.5 0.5 0.5 0.5 0.5 0.5 0.5 0.5 0.5
          0.5 0.5 0.5 0.5 0.5 0.5 0.5 0.5 0.5
          0.5 0.5 0.5 0.5 0.5 0.5 0.5 0.5 0.5
          0.5 0.5 0.5 0.5 0.5 0.5 0.5 0.5 0.5
          0.5 0.5 0.5 0.5 0.5 0.5 0.5 0.5 0.5
          0.5 0.5 0.5 0.5 0.5 0.5 0.5 0.5 0.5
          0.5 0.5 0.5 0.5 0.5 0.5 0.5 0.5 0.5
          0.5 0.5 0.5 0.5 0.5 0.5 0.5 0.5 0.5
          0.5 0.5 0.5 0.5 0.5 0.5 0.5 0.5 0.5
          0.5 0.5 0.5 0.5 0.5 0.5 0.5 0.5 0.5
          0.5 0.5 0.5 0.5 0.5 0.5 0.5 0.5 0.5
          0.5 0.5 0.5 0.5 0.5 0.5 0.5 0.5 0.5
          0.5 0.5 0.5 0.5 0.5 0.5 0.5 0.5 0.5
          0.5 0.5 0.5 0.5 0.5 0.5 0.5 0.5 0.5
          0.5 0.5 0.5 0.5 0.5 0.5 0.5 0.5 0.5
          0.5 0.5 0.5 0.5 0.5 0.5 0.5 0.5 0.5
          0.5 0.5 0.5 0.5 0.5 0.5 0.5 0.5 0.5
          0.5 0.5 0.5 0.5 0.5 0.5 0.5 0.5 0.5
          0.5 0.5 0.5 0.5 0.5 0.5 0.5 0.5 0.5
          0.5 0.5 0.5 0.5 0.5 0.5 0.5 0.5 0.5
          0.5 0.5 0.5 0.5 0.5 0.5 0.5 0.5 0.5
          0.5 0.5 0.5 0.5 0.5 0.5 0.5 0.5 0.5
          0.5 0.5 0.5 0.5 0.5 0.5 0.5 0.5 0.5
          0.5 0.5 0.5 0.5 0.5 0.5 0.5 0.5 0.5
          0.5 0.5 0.5 0.5 0.5 0.5 0.5 0.5 0.5
          0.5 0.5 0.5 0.5 0.5 0.5 0.5 0.5 0.5
          0.5 0.5 0.5 0.5 0.5 0.5 0.5 0.5 0.5
          0.5 0.5 0.5 0.5 0.5 0.5 0.5 0.5 0.5
          0.5 0.5 0.5 0.5 0.5 0.5 0.5 0.5 0.5
          0.5 0.5 0.5 0.5 0.5 0.5 0.5 0.5 0.5
          0.5 0.5 0.5 0.5 0.5 0.5 0.5 0.5 0.5
          0.5 0.5 0.5 0.5 0.5 0.5 0.5 0.5 0.5
          0.5 0.5 0.5 0.5 0.5 0.5 0.5 0.5 0.5
          0.5 0.5 0.5 0.5 0.5 0.5 0.5 0.5 0.5
          0.5 0.5 0.5 0.5 0.5 0.5 0.5 0.5 0.5
          0.5 0.5 0.5 0.5 0.5 0.5 0.5 0.5 0.5
          0.5 0.5 0.5 0.5 0.5 0.5 0.5 0.5 0.5
          0.5 0.5 0.5 0.5 0.5 0.5 0.5 0.5 0.5
          0.5 0.5 0.5 0.5 0.5 0.5 0.5 0.5 0.5
          0.5 0.5 0.5 0.5 0.5 0.5 0.5 0.5 0.5
          0.5 0.5 0.5 0.5 0.5 0.5 0.5 0.5 0.5
          0.5 0.5 0.5 0.5 0.5 0.5 0.5 0.5 0.5
          0.5 0.5 0.5 0.5 0.5 0.5 0.5 0.5 0.5
          0.5 0.5 0.5 0.5 0.5 0.5 0.5 0.5 0.5
          0.5 0.5 0.5 0.5 0.5 0.5 0.5 0.5 0.5
          0.5 0.5 0.5 0.5 0.5 0.5 0.5 0.5 0.5
          0.5 0.5 0.5 0.5 0.5 0.5 0.5 0.5 0.5
          0.5 0.5 0.5 0.5 0.5 0.5 0.5 0.5 0.5
          0.5 0.5 0.5 0.5 0.5 0.5 0.5 0.5 0.5
          0.5 0.5 0.5 0.5 0.5 0.5 0.5 0.5 0.5
          0.5 0.5 0.5 0.5 0.5 0.5 0.5 0.5 0.5
          0.5 0.5 0.5 0.5 0.5 0.5 0.5 0.5 0.5
          0.5 0.5 0.5 0.5 0.5 0.5 0.5 0.5 0.5
          0.5 0.5 0.5
        </DataArray>
      </PointData>
      <CellData/>
      <Points>
        <DataArray type="Float64" NumberOfComponents="3" format="ascii">
          -0.177394 -0.281559 -0.269192 -0.177374 -0.317589 -0.269172 -0.14327 -0.317627 -0.235069
          -0.177394 -0.281559 -0.269192 -0.14327 -0.317627 -0.235069 -0.14327 -0.281559 -0.235068
          -0.128127 -0.317627 -0.177499 -0.128127 -0.281559 -0.177499 -0.0917548 -0.281559 -0.141127
          -0.128127 -0.317627 -0.177499 -0.0917548 -0.281559 -0.141127 -0.0917547 -0.317627 -0.141127
          -0.177394 -0.245195 -0.269192 -0.177394 -0.281559 -0.269192 -0.14327 -0.281559 -0.235068
          -0.177394 -0.245195 -0.269192 -0.14327 -0.281559 -0.235068 -0.14327 -0.245195 -0.235068
          -0.14327 -0.172468 -0.235068 -0.14327 -0.136105 -0.235068 -0.177394 -0.136105 -0.269192
          -0.14327 -0.172468 -0.235068 -0.177394 -0.136105 -0.269192 -0.177394 -0.172468 -0.269192
          -0.128127 -0.281559 -0.177499 -0.128127 -0.245195 -0.177499 -0.0917548 -0.245195 -0.141127
          -0.128127 -0.281559 -0.177499 -0.0917548 -0.245195 -0.141127 -0.0917548 -0.281559 -0.141127
          -0.128127 -0.172469 -0.177499 -0.128128 -0.136121 -0.1775 -0.091774 -0.13622 -0.141146
          -0.128127 -0.172469 -0.177499 -0.091774 -0.13622 -0.141146 -0.0917596 -0.172483 -0.141131
          -0.177394 -0.0997409 -0.269192 -0.177394 -0.136105 -0.269192 -0.14327 -0.136105 -0.235068
          -0.177394 -0.0997409 -0.269192 -0.14327 -0.136105 -0.235068 -0.14327 -0.0997409 -0.235068
          -0.14327 -0.0270136 -0.235068 -0.14327 0.00935 -0.235068 -0.177394 0.00935 -0.269192
          -0.14327 -0.0270136 -0.235068 -0.177394 0.00935 -0.269192 -0.177394 -0.0270136 -0.269192
          -0.128128 -0.136121 -0.1775 -0.128124 -0.0998465 -0.177496 -0.0918825 -0.100618 -0.141254
          -0.128128 -0.136121 -0.1775 -0.0918825 -0.100618 -0.141254 -0.091774 -0.13622 -0.141146
          -0.128152 -0.0271105 -0.177524 -0.128152 -0.00885524 -0.177524 -0.128157 0.00935 -0.177529
          -0.128152 -0.0271105 -0.177524 -0.128157 0.00935 -0.177529 -0.0943804 0.00935 -0.143752
          -0.128152 -0.0271105 -0.177524 -0.0943804 0.00935 -0.143752 -0.0919199 -0.00885512 -0.141292
          -0.128152 -0.0271105 -0.177524 -0.0919199 -0.00885512 -0.141292 -0.0943167 -0.0272377 -0.143689
          -0.177394 0.0457136 -0.269192 -0.177394 0.00935 -0.269192 -0.14327 0.00935 -0.235068
          -0.177394 0.0457136 -0.269192 -0.14327 0.00935 -0.235068 -0.14327 0.0457136 -0.235068
          -0.14327 0.118441 -0.235068 -0.14327 0.154805 -0.235068 -0.177394 0.154805 -0.269192
          -0.14327 0.118441 -0.235068 -0.177394 0.154805 -0.269192 -0.177394 0.118441 -0.269192
          -0.128157 0.00935 -0.177529 -0.128152 0.0275552 -0.177524 -0.128152 0.0458105 -0.177524
          -0.128157 0.00935 -0.177529 -0.128152 0.0458105 -0.177524 -0.0943167 0.0459377 -0.143689
          -0.128157 0.00935 -0.177529 -0.0943167 0.0459377 -0.143689 -0.0919199 0.0275551 -0.141292
          -0.128157 0.00935 -0.177529 -0.0919199 0.0275551 -0.141292 -0.0943804 0.00935 -0.143752
          -0.128124 0.118546 -0.177496 -0.128128 0.154821 -0.1775 -0.091774 0.15492 -0.141146
          -0.128124 0.118546 -0.177496 -0.091774 0.15492 -0.141146 -0.0918825 0.119318 -0.141254
          -0.177394 0.191168 -0.269192 -0.177394 0.154805 -0.269192 -0.14327 0.154805 -0.235068
          -0.177394 0.191168 -0.269192 -0.14327 0.154805 -0.235068 -0.14327 0.191168 -0.235068
          -0.14327 0.263895 -0.235068 -0.14327 0.300259 -0.235068 -0.177394 0.300259 -0.269192
          -0.14327 0.263895 -0.235068 -0.177394 0.300259 -0.269192 -0.177394 0.263895 -0.269192
          -0.128128 0.154821 -0.1775 -0.128127 0.191169 -0.177499 -0.0917596 0.191183 -0.141131
          -0.128128 0.154821 -0.1775 -0.0917596 0.191183 -0.141131 -0.091774 0.15492 -0.141146
          -0.128127 0.263895 -0.177499 -0.128127 0.300259 -0.177499 -0.0917548 0.300259 -0.141127
          -0.128127 0.263895 -0.177499 -0.0917548 0.300259 -0.141127 -0.0917548 0.263895 -0.141127
          -0.177374 0.336289 -0.269172 -0.177394 0.300259 -0.269192 -0.14327 0.300259 -0.235068
          -0.177374 0.336289 -0.269172 -0.14327 0.300259 -0.235068 -0.14327 0.336327 -0.235069
          -0.0917547 0.336327 -0.141127 -0.0917548 0.300259 -0.141127 -0.128127 0.300259 -0.177499
          -0.0917547 0.336327 -0.141127 -0.128127 0.300259 -0.177499 -0.128127 0.336327 -0.177499
          -0.0341623 -0.281559 -0.12596 -0.0341624 -0.317627 -0.12596 0.00220963 -0.317627 -0.0895885
          -0.0341623 -0.281559 -0.12596 0.00220963 -0.317627 -0.0895885 0.00220971 -0.281559 -0.0895884
          0.0173609 -0.317627 -0.0320108 0.0173609 -0.281559 -0.0320109 0.0537328 -0.281559 0.00436104
          0.0173609 -0.317627 -0.0320108 0.0537328 -0.281559 0.00436104 0.0537329 -0.317627 0.00436111
          -0.0341623 -0.245195 -0.12596 -0.0341623 -0.281559 -0.12596 0.00220971 -0.281559 -0.0895884
          -0.0341623 -0.245195 -0.12596 0.00220971 -0.281559 -0.0895884 0.00220971 -0.245195 -0.0895884
          0.00220971 -0.172468 -0.0895884 0.00220971 -0.136105 -0.0895884 -0.0341623 -0.136105 -0.12596
          0.00220971 -0.172468 -0.0895884 -0.0341623 -0.136105 -0.12596 -0.0341623 -0.172468 -0.12596
          0.0173609 -0.281559 -0.0320109 0.0173609 -0.245195 -0.0320109 0.0537328 -0.245195 0.00436104
          0.0173609 -0.281559 -0.0320109 0.0537328 -0.245195 0.00436104 0.0537328 -0.281559 0.00436104
          0.0173775 -0.172493 -0.0319943 0.0175857 -0.136459 -0.0317861 0.0537632 -0.136161 0.00439149
          0.0173775 -0.172493 -0.0319943 0.0537632 -0.136161 0.00439149 0.0537376 -0.172478 0.00436585
          -0.0341623 -0.0997409 -0.12596 -0.0341623 -0.136105 -0.12596 0.00220971 -0.136105 -0.0895884
          -0.0341623 -0.0997409 -0.12596 0.00220971 -0.136105 -0.0895884 0.00220971 -0.0997409 -0.0895884
          0.00220971 -0.0270136 -0.0895884 0.00220971 0.00935 -0.0895884 -0.0341623 0.00935 -0.12596
          0.00220971 -0.0270136 -0.0895884 -0.0341623 0.00935 -0.12596 -0.0341623 -0.0270136 -0.12596
          0.0175857 -0.136459 -0.0317861 0.0188583 -0.10306 -0.0305135 0.0358553 -0.100587 -0.0135165
          0.0175857 -0.136459 -0.0317861 0.0358553 -0.100587 -0.0135165 0.0539548 -0.100134 0.00458307
          0.0175857 -0.136459 -0.0317861 0.0539548 -0.100134 0.00458307 0.0537632 -0.136161 0.00439149
          -0.0341623 0.0457136 -0.12596 -0.0341623 0.00935 -0.12596 0.00220971 0.00935 -0.0895884
          -0.0341623 0.0457136 -0.12596 0.00220971 0.00935 -0.0895884 0.00220971 0.0457136 -0.0895884
          -0.0341623 0.154805 -0.12596 -0.0341623 0.118441 -0.12596 0.00220971 0.118441 -0.0895884
          -0.0341623 0.154805 -0.12596 0.00220971 0.118441 -0.0895884 0.00220971 0.154805 -0.0895884
          0.0537632 0.154861 0.00439149 0.0539548 0.118833 0.00458307 0.0358553 0.119287 -0.0135165
          0.0537632 0.154861 0.00439149 0.0358553 0.119287 -0.0135165 0.0188583 0.12176 -0.0305135
          0.0537632 0.154861 0.00439149 0.0188583 0.12176 -0.0305135 0.0175857 0.155159 -0.0317861
          -0.0341623 0.191168 -0.12596 -0.0341623 0.154805 -0.12596 0.00220971 0.154805 -0.0895884
          -0.0341623 0.191168 -0.12596 0.00220971 0.154805 -0.0895884 0.00220971 0.191168 -0.0895884
          -0.0341623 0.300259 -0.12596 -0.0341623 0.263895 -0.12596 0.00220971 0.263895 -0.0895884
          -0.0341623 0.300259 -0.12596 0.00220971 0.263895 -0.0895884 0.00220971 0.300259 -0.0895884
          0.0175857 0.155159 -0.0317861 0.0173775 0.191193 -0.0319943 0.0537376 0.191178 0.00436585
          0.0175857 0.155159 -0.0317861 0.0537376 0.191178 0.00436585 0.0537632 0.154861 0.00439149
          0.0537328 0.300259 0.00436104 0.0537328 0.263895 0.00436104 0.0173609 0.263895 -0.0320109
          0.0537328 0.300259 0.00436104 0.0173609 0.263895 -0.0320109 0.0173609 0.300259 -0.0320109
          -0.0341624 0.336327 -0.12596 -0.0341623 0.300259 -0.12596 0.00220971 0.300259 -0.0895884
          -0.0341624 0.336327 -0.12596 0.00220971 0.300259 -0.0895884 0.00220963 0.336327 -0.0895885
          0.0173609 0.300259 -0.0320109 0.0173609 0.336327 -0.0320108 0.0537329 0.336327 0.00436111
          0.0173609 0.300259 -0.0320109 0.0537329 0.336327 0.00436111 0.0537328 0.300259 0.00436104
          0.111325 -0.281559 0.0195274 0.111325 -0.317627 0.0195273 0.147697 -0.317627 0.0558992
          0.111325 -0.281559 0.0195274 0.147697 -0.317627 0.0558992 0.147697 -0.281559 0.0558993
          0.19922 -0.281559 0.149849 0.19922 -0.317627 0.149849 0.162849 -0.317627 0.113477
          0.19922 -0.281559 0.149849 0.162849 -0.317627 0.113477 0.162849 -0.281559 0.113477
          0.111325 -0.245195 0.0195274 0.111325 -0.281559 0.0195274 0.147697 -0.281559 0.0558993
          0.111325 -0.245195 0.0195274 0.147697 -0.281559 0.0558993 0.147697 -0.245195 0.0558993
          0.111325 -0.136105 0.0195274 0.111325 -0.172468 0.0195274 0.147697 -0.172468 0.0558993
          0.111325 -0.136105 0.0195274 0.147697 -0.172468 0.0558993 0.147697 -0.136105 0.0558993
          0.162849 -0.281559 0.113477 0.162849 -0.245195 0.113477 0.19922 -0.245195 0.149849
          0.162849 -0.281559 0.113477 0.19922 -0.245195 0.149849 0.19922 -0.281559 0.149849
          0.19922 -0.136105 0.149849 0.19922 -0.172468 0.149849 0.162849 -0.172468 0.113477
          0.19922 -0.136105 0.149849 0.162849 -0.172468 0.113477 0.162849 -0.136105 0.113477
          0.111325 -0.0997409 0.0195274 0.111325 -0.136105 0.0195274 0.147697 -0.136105 0.0558993
          0.111325 -0.0997409 0.0195274 0.147697 -0.136105 0.0558993 0.147697 -0.0997409 0.0558993
          0.111325 0.00935 0.0195274 0.111325 -0.0270136 0.0195274 0.147697 -0.0270136 0.0558993
          0.111325 0.00935 0.0195274 0.147697 -0.0270136 0.0558993 0.147697 0.00935 0.0558993
          0.162849 -0.136105 0.113477 0.162849 -0.0997409 0.113477 0.19922 -0.0997409 0.149849
          0.162849 -0.136105 0.113477 0.19922 -0.0997409 0.149849 0.19922 -0.136105 0.149849
          0.19922 0.00935 0.149849 0.19922 -0.0270136 0.149849 0.162849 -0.0270136 0.113477
          0.19922 0.00935 0.149849 0.162849 -0.0270136 0.113477 0.162849 0.00935 0.113477
          0.111325 0.0457136 0.0195274 0.111325 0.00935 0.0195274 0.147697 0.00935 0.0558993
          0.111325 0.0457136 0.0195274 0.147697 0.00935 0.0558993 0.147697 0.0457136 0.0558993
          0.111325 0.154805 0.0195274 0.111325 0.118441 0.0195274 0.147697 0.118441 0.0558993
          0.111325 0.154805 0.0195274 0.147697 0.118441 0.0558993 0.147697 0.154805 0.0558993
          0.162849 0.00935 0.113477 0.162849 0.0457136 0.113477 0.19922 0.0457136 0.149849
          0.162849 0.00935 0.113477 0.19922 0.0457136 0.149849 0.19922 0.00935 0.149849
          0.19922 0.154805 0.149849 0.19922 0.118441 0.149849 0.162849 0.118441 0.113477
          0.19922 0.154805 0.149849 0.162849 0.118441 0.113477 0.162849 0.154805 0.113477
          0.111325 0.191168 0.0195274 0.111325 0.154805 0.0195274 0.147697 0.154805 0.0558993
          0.111325 0.191168 0.0195274 0.147697 0.154805 0.0558993 0.147697 0.191168 0.0558993
          0.111325 0.300259 0.0195274 0.111325 0.263895 0.0195274 0.147697 0.263895 0.0558993
          0.111325 0.300259 0.0195274 0.147697 0.263895 0.0558993 0.147697 0.300259 0.0558993
          0.162849 0.154805 0.113477 0.162849 0.191168 0.113477 0.19922 0.191168 0.149849
          0.162849 0.154805 0.113477 0.19922 0.191168 0.149849 0.19922 0.154805 0.149849
          0.19922 0.300259 0.149849 0.19922 0.263895 0.149849 0.162849 0.263895 0.113477
          0.19922 0.300259 0.149849 0.162849 0.263895 0.113477 0.162849 0.300259 0.113477
          0.111325 0.336327 0.0195273 0.111325 0.300259 0.0195274 0.147697 0.300259 0.0558993
          0.111325 0.336327 0.0195273 0.147697 0.300259 0.0558993 0.147697 0.336327 0.0558992
          0.162849 0.300259 0.113477 0.162849 0.336327 0.113477 0.19922 0.336327 0.149849
          0.162849 0.300259 0.113477 0.19922 0.336327 0.149849 0.19922 0.300259 0.149849
          0.256813 -0.281559 0.165015 0.256813 -0.317627 0.165015 0.293185 -0.317627 0.201387
          0.256813 -0.281559 0.165015 0.293185 -0.317627 0.201387 0.293185 -0.281559 0.201387
          0.342452 -0.281559 0.29308 0.342432 -0.317589 0.29306 0.308329 -0.317627 0.258957
          0.342452 -0.281559 0.29308 0.308329 -0.317627 0.258957 0.308328 -0.281559 0.258957
          0.256813 -0.245195 0.165015 0.256813 -0.281559 0.165015 0.293185 -0.281559 0.201387
          0.256813 -0.245195 0.165015 0.293185 -0.281559 0.201387 0.293185 -0.245195 0.201387
          0.256813 -0.136105 0.165015 0.256813 -0.172468 0.165015 0.293185 -0.172468 0.201387
          0.256813 -0.136105 0.165015 0.293185 -0.172468 0.201387 0.293185 -0.136105 0.201387
          0.308328 -0.281559 0.258957 0.308328 -0.245195 0.258957 0.342452 -0.245195 0.29308
          0.308328 -0.281559 0.258957 0.342452 -0.245195 0.29308 0.342452 -0.281559 0.29308
          0.342452 -0.136105 0.29308 0.342452 -0.172468 0.29308 0.308328 -0.172468 0.258957
          0.342452 -0.136105 0.29308 0.308328 -0.172468 0.258957 0.308328 -0.136105 0.258957
          0.256813 -0.0997409 0.165015 0.256813 -0.136105 0.165015 0.293185 -0.136105 0.201387
          0.256813 -0.0997409 0.165015 0.293185 -0.136105 0.201387 0.293185 -0.0997409 0.201387
          0.256813 0.00935 0.165015 0.256813 -0.0270136 0.165015 0.293185 -0.0270136 0.201387
          0.256813 0.00935 0.165015 0.293185 -0.0270136 0.201387 0.293185 0.00935 0.201387
          0.308328 -0.136105 0.258957 0.308328 -0.0997409 0.258957 0.342452 -0.0997409 0.29308
          0.308328 -0.136105 0.258957 0.342452 -0.0997409 0.29308 0.342452 -0.136105 0.29308
          0.342452 0.00935 0.29308 0.342452 -0.0270136 0.29308 0.308328 -0.0270136 0.258957
          0.342452 0.00935 0.29308 0.308328 -0.0270136 0.258957 0.308328 0.00935 0.258957
          0.256813 0.0457136 0.165015 0.256813 0.00935 0.165015 0.293185 0.00935 0.201387
          0.256813 0.0457136 0.165015 0.293185 0.00935 0.201387 0.293185 0.0457136 0.201387
          0.256813 0.154805 0.165015 0.256813 0.118441 0.165015 0.293185 0.118441 0.201387
          0.256813 0.154805 0.165015 0.293185 0.118441 0.201387 0.293185 0.154805 0.201387
          0.308328 0.00935 0.258957 0.308328 0.0457136 0.258957 0.342452 0.0457136 0.29308
          0.308328 0.00935 0.258957 0.342452 0.0457136 0.29308 0.342452 0.00935 0.29308
          0.342452 0.154805 0.29308 0.342452 0.118441 0.29308 0.308328 0.118441 0.258957
          0.342452 0.154805 0.29308 0.308328 0.118441 0.258957 0.308328 0.154805 0.258957
          0.256813 0.191168 0.165015 0.256813 0.154805 0.165015 0.293185 0.154805 0.201387
          0.256813 0.191168 0.165015 0.293185 0.154805 0.201387 0.293185 0.191168 0.201387
          0.256813 0.300259 0.165015 0.256813 0.263895 0.165015 0.293185 0.263895 0.201387
          0.256813 0.300259 0.165015 0.293185 0.263895 0.201387 0.293185 0.300259 0.201387
          0.308328 0.154805 0.258957 0.308328 0.191168 0.258957 0.342452 0.191168 0.29308
          0.308328 0.154805 0.258957 0.342452 0.191168 0.29308 0.342452 0.154805 0.29308
          0.342452 0.300259 0.29308 0.342452 0.263895 0.29308 0.308328 0.263895 0.258957
          0.342452 0.300259 0.29308 0.308328 0.263895 0.258957 0.308328 0.300259 0.258957
          0.256813 0.336327 0.165015 0.256813 0.300259 0.165015 0.293185 0.300259 0.201387
          0.256813 0.336327 0.165015 0.293185 0.300259 0.201387 0.293185 0.336327 0.201387
          0.308328 0.300259 0.258957 0.308329 0.336327 0.258957 0.342432 0.336289 0.29306
          0.308328 0.300259 0.258957 0.342432 0.336289 0.29306 0.342452 0.300259 0.29308
          -0.200378 -0.281559 -0.267765 -0.200378 -0.245195 -0.267765 -0.198612 -0.245195 -0.247984
          -0.200378 -0.281559 -0.267765 -0.198612 -0.245195 -0.247984 -0.198612 -0.281559 -0.247984
          -0.200378 -0.208832 -0.267765 -0.198612 -0.208832 -0.247984 -0.198612 -0.245195 -0.247984
          -0.200378 -0.208832 -0.267765 -0.198612 -0.245195 -0.247984 -0.200378 -0.245195 -0.267765
          -0.106906 -0.281559 -0.198704 -0.106906 -0.245195 -0.198704 -0.14327 -0.245195 -0.235068
          -0.106906 -0.281559 -0.198704 -0.14327 -0.245195 -0.235068 -0.14327 -0.281559 -0.235068
          -0.14327 -0.208832 -0.235068 -0.14327 -0.245195 -0.235068 -0.106906 -0.245195 -0.198704
          -0.14327 -0.208832 -0.235068 -0.106906 -0.245195 -0.198704 -0.106906 -0.208832 -0.198704
          -0.200378 -0.136105 -0.267765 -0.200378 -0.0997409 -0.267765 -0.198612 -0.0997409 -0.247984
          -0.200378 -0.136105 -0.267765 -0.198612 -0.0997409 -0.247984 -0.198612 -0.136105 -0.247984
          -0.200378 -0.0633773 -0.267765 -0.198612 -0.0633773 -0.247984 -0.198612 -0.0997409 -0.247984
          -0.200378 -0.0633773 -0.267765 -0.198612 -0.0997409 -0.247984 -0.200378 -0.0997409 -0.267765
          -0.14327 -0.0997409 -0.235068 -0.14327 -0.136105 -0.235068 -0.106906 -0.136105 -0.198704
          -0.14327 -0.0997409 -0.235068 -0.106906 -0.136105 -0.198704 -0.106906 -0.0997409 -0.198704
          -0.106906 -0.0997409 -0.198704 -0.106906 -0.0633773 -0.198704 -0.14327 -0.0633773 -0.235068
          -0.106906 -0.0997409 -0.198704 -0.14327 -0.0633773 -0.235068 -0.14327 -0.0997409 -0.235068
          -0.200378 0.00935 -0.267765 -0.200378 0.0457136 -0.267765 -0.198612 0.0457136 -0.247984
          -0.200378 0.00935 -0.267765 -0.198612 0.0457136 -0.247984 -0.198612 0.00935 -0.247984
          -0.200378 0.0820773 -0.267765 -0.198612 0.0820773 -0.247984 -0.198612 0.0457136 -0.247984
          -0.200378 0.0820773 -0.267765 -0.198612 0.0457136 -0.247984 -0.200378 0.0457136 -0.267765
          -0.14327 0.0457136 -0.235068 -0.14327 0.00935 -0.235068 -0.106906 0.00935 -0.198704
          -0.14327 0.0457136 -0.235068 -0.106906 0.00935 -0.198704 -0.106906 0.0457136 -0.198704
          -0.14327 0.0820773 -0.235068 -0.14327 0.0457136 -0.235068 -0.106906 0.0457136 -0.198704
          -0.14327 0.0820773 -0.235068 -0.106906 0.0457136 -0.198704 -0.106906 0.0820773 -0.198704
          -0.200378 0.154805 -0.267765 -0.200378 0.191168 -0.267765 -0.198612 0.191168 -0.247984
          -0.200378 0.154805 -0.267765 -0.198612 0.191168 -0.247984 -0.198612 0.154805 -0.247984
          -0.200378 0.227532 -0.267765 -0.198612 0.227532 -0.247984 -0.198612 0.191168 -0.247984
          -0.200378 0.227532 -0.267765 -0.198612 0.191168 -0.247984 -0.200378 0.191168 -0.267765
          -0.14327 0.191168 -0.235068 -0.14327 0.154805 -0.235068 -0.106906 0.154805 -0.198704
          -0.14327 0.191168 -0.235068 -0.106906 0.154805 -0.198704 -0.106906 0.191168 -0.198704
          -0.14327 0.227532 -0.235068 -0.14327 0.191168 -0.235068 -0.106906 0.191168 -0.198704
          -0.14327 0.227532 -0.235068 -0.106906 0.191168 -0.198704 -0.106906 0.227532 -0.198704
          -0.200378 0.300259 -0.267765 -0.200378 0.336271 -0.267765 -0.198592 0.336289 -0.247964
          -0.200378 0.300259 -0.267765 -0.198592 0.336289 -0.247964 -0.198612 0.300259 -0.247984
          -0.200378 0.3696 -0.267765 -0.198397 0.369651 -0.247769 -0.198592 0.336289 -0.247964
          -0.200378 0.3696 -0.267765 -0.198592 0.336289 -0.247964 -0.200378 0.336271 -0.267765
          -0.106906 0.300259 -0.198704 -0.106906 0.336327 -0.198704 -0.14327 0.336327 -0.235069
          -0.106906 0.300259 -0.198704 -0.14327 0.336327 -0.235069 -0.14327 0.300259 -0.235068
          -0.125093 0.369369 -0.216891 -0.143255 0.369703 -0.235053 -0.14327 0.336327 -0.235069
          -0.125093 0.369369 -0.216891 -0.14327 0.336327 -0.235069 -0.106906 0.336327 -0.198704
          -0.125093 0.369369 -0.216891 -0.106906 0.336327 -0.198704 -0.106907 0.369707 -0.198705
          -0.0917548 -0.281559 -0.141127 -0.0917548 -0.245195 -0.141127 -0.055383 -0.245195 -0.104755
          -0.0917548 -0.281559 -0.141127 -0.055383 -0.245195 -0.104755 -0.055383 -0.281559 -0.104755
          -0.0917548 -0.245195 -0.141127 -0.0917548 -0.208832 -0.141127 -0.055383 -0.208832 -0.104755
          -0.0917548 -0.245195 -0.141127 -0.055383 -0.208832 -0.104755 -0.055383 -0.245195 -0.104755
          0.0385817 -0.281559 -0.0532165 0.0385817 -0.245195 -0.0532165 0.00220971 -0.245195 -0.0895884
          0.0385817 -0.281559 -0.0532165 0.00220971 -0.245195 -0.0895884 0.00220971 -0.281559 -0.0895884
          0.00220971 -0.208832 -0.0895884 0.00220971 -0.245195 -0.0895884 0.0385817 -0.245195 -0.0532165
          0.00220971 -0.208832 -0.0895884 0.0385817 -0.245195 -0.0532165 0.0385817 -0.208832 -0.0532165
          -0.091774 -0.13622 -0.141146 -0.0918825 -0.100618 -0.141254 -0.0738064 -0.100502 -0.123178
          -0.091774 -0.13622 -0.141146 -0.0738064 -0.100502 -0.123178 -0.0568393 -0.102922 -0.106211
          -0.091774 -0.13622 -0.141146 -0.0568393 -0.102922 -0.106211 -0.0556042 -0.136456 -0.104976
          -0.0736803 -0.0686267 -0.123052 -0.0738064 -0.100502 -0.123178 -0.0918825 -0.100618 -0.141254
          -0.0736803 -0.0686267 -0.123052 -0.0918825 -0.100618 -0.141254 -0.0920024 -0.0822395 -0.141374
          -0.0736803 -0.0686267 -0.123052 -0.0920024 -0.0822395 -0.141374 -0.0931895 -0.0660295 -0.142561
          -0.0736803 -0.0686267 -0.123052 -0.0931895 -0.0660295 -0.142561 -0.0822216 -0.0637283 -0.131593
          -0.0736803 -0.0686267 -0.123052 -0.0652701 -0.0639047 -0.114642 -0.0564983 -0.0660469 -0.10587
          -0.0736803 -0.0686267 -0.123052 -0.0564983 -0.0660469 -0.10587 -0.0551665 -0.0823874 -0.104538
          -0.0736803 -0.0686267 -0.123052 -0.0551665 -0.0823874 -0.104538 -0.0568393 -0.102922 -0.106211
          -0.0736803 -0.0686267 -0.123052 -0.0568393 -0.102922 -0.106211 -0.0738064 -0.100502 -0.123178
          0.0385817 -0.136105 -0.0532165 0.0385817 -0.0997409 -0.0532165 0.00220971 -0.0997409 -0.0895884
          0.0385817 -0.136105 -0.0532165 0.00220971 -0.0997409 -0.0895884 0.00220971 -0.136105 -0.0895884
          0.00220971 -0.0633773 -0.0895884 0.00220971 -0.0997409 -0.0895884 0.0385817 -0.0997409 -0.0532165
          0.00220971 -0.0633773 -0.0895884 0.0385817 -0.0997409 -0.0532165 0.0385817 -0.0633773 -0.0532165
          -0.0822488 0.00935 -0.131621 -0.0822203 0.0275387 -0.131592 -0.0643231 0.0270687 -0.113695
          -0.0822488 0.00935 -0.131621 -0.0643231 0.0270687 -0.113695 -0.0644448 0.00935 -0.113816
          -0.0821425 0.0641915 -0.131514 -0.0822216 0.0824283 -0.131593 -0.0736803 0.0873267 -0.123052
          -0.0821425 0.0641915 -0.131514 -0.0736803 0.0873267 -0.123052 -0.0652701 0.0826047 -0.114642
          -0.0821425 0.0641915 -0.131514 -0.0652701 0.0826047 -0.114642 -0.0650639 0.0644335 -0.114436
          0.0385817 0.00935 -0.0532165 0.0385817 0.0457136 -0.0532165 0.00220971 0.0457136 -0.0895884
          0.0385817 0.00935 -0.0532165 0.00220971 0.0457136 -0.0895884 0.00220971 0.00935 -0.0895884
          0.00220971 0.0820773 -0.0895884 0.00220971 0.0457136 -0.0895884 0.0385817 0.0457136 -0.0532165
          0.00220971 0.0820773 -0.0895884 0.0385817 0.0457136 -0.0532165 0.0385817 0.0820773 -0.0532165
          -0.091774 0.15492 -0.141146 -0.0917596 0.191183 -0.141131 -0.0553993 0.191193 -0.104771
          -0.091774 0.15492 -0.141146 -0.0553993 0.191193 -0.104771 -0.0556042 0.155156 -0.104976
          -0.0917596 0.191183 -0.141131 -0.0917548 0.227532 -0.141127 -0.055383 0.227532 -0.104755
          -0.0917596 0.191183 -0.141131 -0.055383 0.227532 -0.104755 -0.0553993 0.191193 -0.104771
          0.0385817 0.154805 -0.0532165 0.0385817 0.191168 -0.0532165 0.00220971 0.191168 -0.0895884
          0.0385817 0.154805 -0.0532165 0.00220971 0.191168 -0.0895884 0.00220971 0.154805 -0.0895884
          0.00220971 0.227532 -0.0895884 0.00220971 0.191168 -0.0895884 0.0385817 0.191168 -0.0532165
          0.00220971 0.227532 -0.0895884 0.0385817 0.191168 -0.0532165 0.0385817 0.227532 -0.0532165
          -0.0917548 0.300259 -0.141127 -0.0917547 0.336327 -0.141127 -0.055383 0.336327 -0.104755
          -0.0917548 0.300259 -0.141127 -0.055383 0.336327 -0.104755 -0.055383 0.300259 -0.104755
          -0.0917547 0.336327 -0.141127 -0.0917542 0.369707 -0.141126 -0.0553824 0.369707 -0.104754
          -0.0917547 0.336327 -0.141127 -0.0553824 0.369707 -0.104754 -0.055383 0.336327 -0.104755
          0.0385817 0.300259 -0.0532165 0.0385816 0.336327 -0.0532166 0.00220963 0.336327 -0.0895885
          0.0385817 0.300259 -0.0532165 0.00220963 0.336327 -0.0895885 0.00220971 0.300259 -0.0895884
          0.0203946 0.369369 -0.0714036 0.00220908 0.369707 -0.0895891 0.00220963 0.336327 -0.0895885
          0.0203946 0.369369 -0.0714036 0.00220963 0.336327 -0.0895885 0.0385816 0.336327 -0.0532166
          0.0203946 0.369369 -0.0714036 0.0385816 0.336327 -0.0532166 0.038581 0.369707 -0.0532172
          0.0537328 -0.281559 0.00436104 0.0537328 -0.245195 0.00436104 0.0901046 -0.245195 0.040733
          0.0537328 -0.281559 0.00436104 0.0901046 -0.245195 0.040733 0.0901046 -0.281559 0.040733
          0.0537328 -0.245195 0.00436104 0.0537328 -0.208832 0.00436104 0.0901046 -0.208832 0.040733
          0.0537328 -0.245195 0.00436104 0.0901046 -0.208832 0.040733 0.0901046 -0.245195 0.040733
          0.184069 -0.281559 0.0922711 0.184069 -0.245195 0.0922711 0.147697 -0.245195 0.0558993
          0.184069 -0.281559 0.0922711 0.147697 -0.245195 0.0558993 0.147697 -0.281559 0.0558993
          0.147697 -0.208832 0.0558993 0.147697 -0.245195 0.0558993 0.184069 -0.245195 0.0922711
          0.147697 -0.208832 0.0558993 0.184069 -0.245195 0.0922711 0.184069 -0.208832 0.0922711
          0.0537632 -0.136161 0.00439149 0.0539548 -0.100134 0.00458307 0.0901198 -0.0997765 0.0407482
          0.0537632 -0.136161 0.00439149 0.0901198 -0.0997765 0.0407482 0.0901095 -0.136114 0.0407378
          0.0539548 -0.100134 0.00458307 0.055231 -0.0664969 0.00585926 0.0901218 -0.0634374 0.0407502
          0.0539548 -0.100134 0.00458307 0.0901218 -0.0634374 0.0407502 0.0901198 -0.0997765 0.0407482
          0.184069 -0.136105 0.0922711 0.184069 -0.0997409 0.0922711 0.147697 -0.0997409 0.0558993
          0.184069 -0.136105 0.0922711 0.147697 -0.0997409 0.0558993 0.147697 -0.136105 0.0558993
          0.147697 -0.0633773 0.0558993 0.147697 -0.0997409 0.0558993 0.184069 -0.0997409 0.0922711
          0.147697 -0.0633773 0.0558993 0.184069 -0.0997409 0.0922711 0.184069 -0.0633773 0.0922711
          0.0563454 0.00935 0.00697361 0.0538949 0.0275572 0.00452311 0.0562811 0.0459686 0.00690937
          0.0563454 0.00935 0.00697361 0.0562811 0.0459686 0.00690937 0.0901311 0.0457469 0.0407595
          0.0563454 0.00935 0.00697361 0.0901311 0.0457469 0.0407595 0.0901348 0.00935 0.0407632
          0.0562811 0.0459686 0.00690937 0.053743 0.064404 0.00437125 0.055231 0.0851969 0.00585926
          0.0562811 0.0459686 0.00690937 0.055231 0.0851969 0.00585926 0.0901218 0.0821374 0.0407502
          0.0562811 0.0459686 0.00690937 0.0901218 0.0821374 0.0407502 0.0901311 0.0457469 0.0407595
          0.184069 0.00935 0.0922711 0.184069 0.0457136 0.0922711 0.147697 0.0457136 0.0558993
          0.184069 0.00935 0.0922711 0.147697 0.0457136 0.0558993 0.147697 0.00935 0.0558993
          0.147697 0.0820773 0.0558993 0.147697 0.0457136 0.0558993 0.184069 0.0457136 0.0922711
          0.147697 0.0820773 0.0558993 0.184069 0.0457136 0.0922711 0.184069 0.0820773 0.0922711
          0.0537632 0.154861 0.00439149 0.0537376 0.191178 0.00436585 0.0901046 0.191168 0.040733
          0.0537632 0.154861 0.00439149 0.0901046 0.191168 0.040733 0.0901095 0.154814 0.0407378
          0.0537376 0.191178 0.00436585 0.0537328 0.227532 0.00436104 0.0901046 0.227532 0.040733
          0.0537376 0.191178 0.00436585 0.0901046 0.227532 0.040733 0.0901046 0.191168 0.040733
          0.184069 0.154805 0.0922711 0.184069 0.191168 0.0922711 0.147697 0.191168 0.0558993
          0.184069 0.154805 0.0922711 0.147697 0.191168 0.0558993 0.147697 0.154805 0.0558993
          0.147697 0.227532 0.0558993 0.147697 0.191168 0.0558993 0.184069 0.191168 0.0922711
          0.147697 0.227532 0.0558993 0.184069 0.191168 0.0922711 0.184069 0.227532 0.0922711
          0.0537328 0.300259 0.00436104 0.0537329 0.336327 0.00436111 0.0901047 0.336327 0.0407331
          0.0537328 0.300259 0.00436104 0.0901047 0.336327 0.0407331 0.0901046 0.300259 0.040733
          0.0537329 0.336327 0.00436111 0.0537334 0.369707 0.00436166 0.0901053 0.369707 0.0407337
          0.0537329 0.336327 0.00436111 0.0901053 0.369707 0.0407337 0.0901047 0.336327 0.0407331
          0.184069 0.300259 0.0922711 0.184069 0.336327 0.092271 0.147697 0.336327 0.0558992
          0.184069 0.300259 0.0922711 0.147697 0.336327 0.0558992 0.147697 0.300259 0.0558993
          0.165882 0.369369 0.074084 0.147697 0.369707 0.0558987 0.147697 0.336327 0.0558992
          0.165882 0.369369 0.074084 0.147697 0.336327 0.0558992 0.184069 0.336327 0.092271
          0.165882 0.369369 0.074084 0.184069 0.336327 0.092271 0.184069 0.369707 0.0922705
          0.19922 -0.281559 0.149849 0.19922 -0.245195 0.149849 0.235592 -0.245195 0.186221
          0.19922 -0.281559 0.149849 0.235592 -0.245195 0.186221 0.235592 -0.281559 0.186221
          0.19922 -0.245195 0.149849 0.19922 -0.208832 0.149849 0.235592 -0.208832 0.186221
          0.19922 -0.245195 0.149849 0.235592 -0.208832 0.186221 0.235592 -0.245195 0.186221
          0.32955 -0.281559 0.237751 0.32955 -0.245195 0.237751 0.293185 -0.245195 0.201387
          0.32955 -0.281559 0.237751 0.293185 -0.245195 0.201387 0.293185 -0.281559 0.201387
          0.293185 -0.208832 0.201387 0.293185 -0.245195 0.201387 0.32955 -0.245195 0.237751
          0.293185 -0.208832 0.201387 0.32955 -0.245195 0.237751 0.32955 -0.208832 0.237751
          0.19922 -0.136105 0.149849 0.19922 -0.0997409 0.149849 0.235592 -0.0997409 0.186221
          0.19922 -0.136105 0.149849 0.235592 -0.0997409 0.186221 0.235592 -0.136105 0.186221
          0.19922 -0.0997409 0.149849 0.19922 -0.0633773 0.149849 0.235592 -0.0633773 0.186221
          0.19922 -0.0997409 0.149849 0.235592 -0.0633773 0.186221 0.235592 -0.0997409 0.186221
          0.32955 -0.136105 0.237751 0.32955 -0.0997409 0.237751 0.293185 -0.0997409 0.201387
          0.32955 -0.136105 0.237751 0.293185 -0.0997409 0.201387 0.293185 -0.136105 0.201387
          0.293185 -0.0633773 0.201387 0.293185 -0.0997409 0.201387 0.32955 -0.0997409 0.237751
          0.293185 -0.0633773 0.201387 0.32955 -0.0997409 0.237751 0.32955 -0.0633773 0.237751
          0.19922 0.00935 0.149849 0.19922 0.0457136 0.149849 0.235592 0.0457136 0.186221
          0.19922 0.00935 0.149849 0.235592 0.0457136 0.186221 0.235592 0.00935 0.186221
          0.19922 0.0457136 0.149849 0.19922 0.0820773 0.149849 0.235592 0.0820773 0.186221
          0.19922 0.0457136 0.149849 0.235592 0.0820773 0.186221 0.235592 0.0457136 0.186221
          0.32955 0.00935 0.237751 0.32955 0.0457136 0.237751 0.293185 0.0457136 0.201387
          0.32955 0.00935 0.237751 0.293185 0.0457136 0.201387 0.293185 0.00935 0.201387
          0.293185 0.0820773 0.201387 0.293185 0.0457136 0.201387 0.32955 0.0457136 0.237751
          0.293185 0.0820773 0.201387 0.32955 0.0457136 0.237751 0.32955 0.0820773 0.237751
          0.19922 0.154805 0.149849 0.19922 0.191168 0.149849 0.235592 0.191168 0.186221
          0.19922 0.154805 0.149849 0.235592 0.191168 0.186221 0.235592 0.154805 0.186221
          0.19922 0.191168 0.149849 0.19922 0.227532 0.149849 0.235592 0.227532 0.186221
          0.19922 0.191168 0.149849 0.235592 0.227532 0.186221 0.235592 0.191168 0.186221
          0.32955 0.154805 0.237751 0.32955 0.191168 0.237751 0.293185 0.191168 0.201387
          0.32955 0.154805 0.237751 0.293185 0.191168 0.201387 0.293185 0.154805 0.201387
          0.293185 0.227532 0.201387 0.293185 0.191168 0.201387 0.32955 0.191168 0.237751
          0.293185 0.227532 0.201387 0.32955 0.191168 0.237751 0.32955 0.227532 0.237751
          0.19922 0.300259 0.149849 0.19922 0.336327 0.149849 0.235592 0.336327 0.186221
          0.19922 0.300259 0.149849 0.235592 0.336327 0.186221 0.235592 0.300259 0.186221
          0.19922 0.336327 0.149849 0.199221 0.369707 0.14985 0.235593 0.369707 0.186221
          0.19922 0.336327 0.149849 0.235593 0.369707 0.186221 0.235592 0.336327 0.186221
          0.32955 0.300259 0.237751 0.32955 0.336327 0.237751 0.293185 0.336327 0.201387
          0.32955 0.300259 0.237751 0.293185 0.336327 0.201387 0.293185 0.300259 0.201387
          0.31137 0.369369 0.219572 0.293184 0.369707 0.201386 0.293185 0.336327 0.201387
          0.31137 0.369369 0.219572 0.293185 0.336327 0.201387 0.32955 0.336327 0.237751
          0.31137 0.369369 0.219572 0.32955 0.336327 0.237751 0.329533 0.369703 0.237734
          0.365436 -0.281559 0.297792 0.342452 -0.281559 0.29308 0.342452 -0.245195 0.29308
          0.365436 -0.281559 0.297792 0.342452 -0.245195 0.29308 0.365436 -0.245195 0.297792
          0.365436 -0.208832 0.297792 0.365436 -0.245195 0.297792 0.342452 -0.245195 0.29308
          0.365436 -0.208832 0.297792 0.342452 -0.245195 0.29308 0.342452 -0.208832 0.29308
          0.365436 -0.136105 0.297792 0.342452 -0.136105 0.29308 0.342452 -0.0997409 0.29308
          0.365436 -0.136105 0.297792 0.342452 -0.0997409 0.29308 0.365436 -0.0997409 0.297792
          0.365436 -0.0633773 0.297792 0.365436 -0.0997409 0.297792 0.342452 -0.0997409 0.29308
          0.365436 -0.0633773 0.297792 0.342452 -0.0997409 0.29308 0.342452 -0.0633773 0.29308
          0.365436 0.00935 0.297792 0.342452 0.00935 0.29308 0.342452 0.0457136 0.29308
          0.365436 0.00935 0.297792 0.342452 0.0457136 0.29308 0.365436 0.0457136 0.297792
          0.365436 0.0820773 0.297792 0.365436 0.0457136 0.297792 0.342452 0.0457136 0.29308
          0.365436 0.0820773 0.297792 0.342452 0.0457136 0.29308 0.342452 0.0820773 0.29308
          0.365436 0.154805 0.297792 0.342452 0.154805 0.29308 0.342452 0.191168 0.29308
          0.365436 0.154805 0.297792 0.342452 0.191168 0.29308 0.365436 0.191168 0.297792
          0.365436 0.227532 0.297792 0.365436 0.191168 0.297792 0.342452 0.191168 0.29308
          0.365436 0.227532 0.297792 0.342452 0.191168 0.29308 0.342452 0.227532 0.29308
          0.365436 0.300259 0.297792 0.342452 0.300259 0.29308 0.342432 0.336289 0.29306
          0.365436 0.300259 0.297792 0.342432 0.336289 0.29306 0.365436 0.336271 0.297792
          0.365436 0.3696 0.297791 0.365436 0.336271 0.297792 0.342432 0.336289 0.29306
          0.365436 0.3696 0.297791 0.342432 0.336289 0.29306 0.342237 0.369651 0.292866
          -0.18183 -0.372635 -0.231202 -0.198186 -0.375138 -0.247558 -0.198397 -0.350951 -0.247769
          -0.18183 -0.372635 -0.231202 -0.198397 -0.350951 -0.247769 -0.164474 -0.351003 -0.213846
          -0.18183 -0.372635 -0.231202 -0.164474 -0.351003 -0.213846 -0.16444 -0.374873 -0.213812
          -0.176969 -0.375137 -0.268767 -0.200377 -0.375236 -0.267766 -0.198186 -0.375138 -0.247558
          -0.176969 -0.375137 -0.268767 -0.198186 -0.375138 -0.247558 -0.18183 -0.372635 -0.231202
          -0.161146 -0.350663 -0.252944 -0.177179 -0.350951 -0.268977 -0.176969 -0.375137 -0.268767
          -0.161146 -0.350663 -0.252944 -0.176969 -0.375137 -0.268767 -0.18183 -0.372635 -0.231202
          -0.161146 -0.350663 -0.252944 -0.18183 -0.372635 -0.231202 -0.143223 -0.374873 -0.235021
          -0.161146 -0.350663 -0.252944 -0.143223 -0.374873 -0.235021 -0.143255 -0.351003 -0.235053
          -0.16444 -0.374873 -0.213812 -0.146294 -0.372538 -0.195666 -0.143223 -0.374873 -0.235021
          -0.16444 -0.374873 -0.213812 -0.143223 -0.374873 -0.235021 -0.18183 -0.372635 -0.231202
          -0.200378 -0.281559 -0.267765 -0.198612 -0.281559 -0.247984 -0.198592 -0.317589 -0.247964
          -0.200378 -0.281559 -0.267765 -0.198592 -0.317589 -0.247964 -0.200378 -0.317571 -0.267765
          -0.200378 -0.3509 -0.267765 -0.200378 -0.317571 -0.267765 -0.198592 -0.317589 -0.247964
          -0.200378 -0.3509 -0.267765 -0.198592 -0.317589 -0.247964 -0.198397 -0.350951 -0.247769
          -0.198397 -0.350951 -0.247769 -0.198592 -0.317589 -0.247964 -0.164491 -0.317627 -0.213863
          -0.198397 -0.350951 -0.247769 -0.164491 -0.317627 -0.213863 -0.164474 -0.351003 -0.213846
          -0.14327 -0.317627 -0.235069 -0.177374 -0.317589 -0.269172 -0.177179 -0.350951 -0.268977
          -0.14327 -0.317627 -0.235069 -0.177179 -0.350951 -0.268977 -0.161146 -0.350663 -0.252944
          -0.14327 -0.317627 -0.235069 -0.161146 -0.350663 -0.252944 -0.143255 -0.351003 -0.235053
          -0.128127 -0.281559 -0.177499 -0.128127 -0.317627 -0.177499 -0.164491 -0.317627 -0.213863
          -0.128127 -0.281559 -0.177499 -0.164491 -0.317627 -0.213863 -0.164491 -0.281559 -0.213863
          -0.106906 -0.317627 -0.198704 -0.106906 -0.281559 -0.198704 -0.14327 -0.281559 -0.235068
          -0.106906 -0.317627 -0.198704 -0.14327 -0.281559 -0.235068 -0.14327 -0.317627 -0.235069
          -0.106908 -0.374871 -0.198706 -0.109937 -0.372537 -0.159309 -0.0887211 -0.350669 -0.180519
          -0.106908 -0.374871 -0.198706 -0.0887211 -0.350669 -0.180519 -0.106907 -0.351007 -0.198705
          -0.0887211 -0.350669 -0.180519 -0.109937 -0.372537 -0.159309 -0.0705357 -0.374871 -0.162334
          -0.0887211 -0.350669 -0.180519 -0.0705357 -0.374871 -0.162334 -0.0705347 -0.351007 -0.162333
          -0.106908 -0.374871 -0.198706 -0.146294 -0.372538 -0.195666 -0.128125 -0.374871 -0.177497
          -0.106908 -0.374871 -0.198706 -0.128125 -0.374871 -0.177497 -0.109937 -0.372537 -0.159309
          -0.0705357 -0.374871 -0.162334 -0.109937 -0.372537 -0.159309 -0.0917532 -0.374871 -0.141125
          -0.0705357 -0.374871 -0.162334 -0.0917532 -0.374871 -0.141125 -0.0735652 -0.372537 -0.122937
          -0.109937 -0.372537 -0.159309 -0.128125 -0.374871 -0.177497 -0.128126 -0.351007 -0.177498
          -0.109937 -0.372537 -0.159309 -0.128126 -0.351007 -0.177498 -0.0917542 -0.351007 -0.141126
          -0.109937 -0.372537 -0.159309 -0.0917542 -0.351007 -0.141126 -0.0917532 -0.374871 -0.141125
          -0.106906 -0.317627 -0.198704 -0.106907 -0.351007 -0.198705 -0.0887211 -0.350669 -0.180519
          -0.106906 -0.317627 -0.198704 -0.0887211 -0.350669 -0.180519 -0.0705347 -0.351007 -0.162333
          -0.106906 -0.317627 -0.198704 -0.0705347 -0.351007 -0.162333 -0.0705342 -0.317627 -0.162332
          -0.128127 -0.317627 -0.177499 -0.0917547 -0.317627 -0.141127 -0.0917542 -0.351007 -0.141126
          -0.128127 -0.317627 -0.177499 -0.0917542 -0.351007 -0.141126 -0.128126 -0.351007 -0.177498
          -0.0523494 -0.350669 -0.144147 -0.0341629 -0.351007 -0.125961 -0.0341624 -0.317627 -0.12596
          -0.0523494 -0.350669 -0.144147 -0.0341624 -0.317627 -0.12596 -0.0705342 -0.317627 -0.162332
          -0.0523494 -0.350669 -0.144147 -0.0705342 -0.317627 -0.162332 -0.0705347 -0.351007 -0.162333
          -0.198612 -0.245195 -0.247984 -0.198612 -0.208832 -0.247984 -0.164491 -0.208832 -0.213863
          -0.198612 -0.245195 -0.247984 -0.164491 -0.208832 -0.213863 -0.164491 -0.245195 -0.213863
          -0.177394 -0.208832 -0.269192 -0.177394 -0.245195 -0.269192 -0.14327 -0.245195 -0.235068
          -0.177394 -0.208832 -0.269192 -0.14327 -0.245195 -0.235068 -0.14327 -0.208832 -0.235068
          -0.200378 -0.136105 -0.267765 -0.198612 -0.136105 -0.247984 -0.198612 -0.172468 -0.247984
          -0.200378 -0.136105 -0.267765 -0.198612 -0.172468 -0.247984 -0.200378 -0.172468 -0.267765
          -0.200378 -0.208832 -0.267765 -0.200378 -0.172468 -0.267765 -0.198612 -0.172468 -0.247984
          -0.200378 -0.208832 -0.267765 -0.198612 -0.172468 -0.247984 -0.198612 -0.208832 -0.247984
          -0.164491 -0.172468 -0.213863 -0.164491 -0.208832 -0.213863 -0.198612 -0.208832 -0.247984
          -0.164491 -0.172468 -0.213863 -0.198612 -0.208832 -0.247984 -0.198612 -0.172468 -0.247984
          -0.177394 -0.172468 -0.269192 -0.177394 -0.208832 -0.269192 -0.14327 -0.208832 -0.235068
          -0.177394 -0.172468 -0.269192 -0.14327 -0.208832 -0.235068 -0.14327 -0.172468 -0.235068
          -0.128128 -0.136121 -0.1775 -0.128127 -0.172469 -0.177499 -0.164491 -0.172468 -0.213863
          -0.128128 -0.136121 -0.1775 -0.164491 -0.172468 -0.213863 -0.164491 -0.136105 -0.213863
          -0.106906 -0.208832 -0.198704 -0.106906 -0.172468 -0.198704 -0.14327 -0.172468 -0.235068
          -0.106906 -0.208832 -0.198704 -0.14327 -0.172468 -0.235068 -0.14327 -0.208832 -0.235068
          -0.106906 -0.245195 -0.198704 -0.0705341 -0.245195 -0.162332 -0.0705341 -0.208832 -0.162332
          -0.106906 -0.245195 -0.198704 -0.0705341 -0.208832 -0.162332 -0.106906 -0.208832 -0.198704
          -0.128127 -0.245195 -0.177499 -0.128127 -0.208832 -0.177499 -0.0917548 -0.208832 -0.141127
          -0.128127 -0.245195 -0.177499 -0.0917548 -0.208832 -0.141127 -0.0917548 -0.245195 -0.141127
          -0.0705341 -0.172468 -0.162332 -0.106906 -0.172468 -0.198704 -0.106906 -0.208832 -0.198704
          -0.0705341 -0.172468 -0.162332 -0.106906 -0.208832 -0.198704 -0.0705341 -0.208832 -0.162332
          -0.128127 -0.172469 -0.177499 -0.0917596 -0.172483 -0.141131 -0.0917548 -0.208832 -0.141127
          -0.128127 -0.172469 -0.177499 -0.0917548 -0.208832 -0.141127 -0.128127 -0.208832 -0.177499
          -0.198612 -0.0997409 -0.247984 -0.198612 -0.0633773 -0.247984 -0.164477 -0.0633847 -0.213849
          -0.198612 -0.0997409 -0.247984 -0.164477 -0.0633847 -0.213849 -0.16449 -0.0997444 -0.213862
          -0.14327 -0.0997409 -0.235068 -0.14327 -0.0633773 -0.235068 -0.177394 -0.0633773 -0.269192
          -0.14327 -0.0997409 -0.235068 -0.177394 -0.0633773 -0.269192 -0.177394 -0.0997409 -0.269192
          -0.200378 0.00935 -0.267765 -0.198612 0.00935 -0.247984 -0.198612 -0.0270136 -0.247984
          -0.200378 0.00935 -0.267765 -0.198612 -0.0270136 -0.247984 -0.200378 -0.0270136 -0.267765
          -0.200378 -0.0633773 -0.267765 -0.200378 -0.0270136 -0.267765 -0.198612 -0.0270136 -0.247984
          -0.200378 -0.0633773 -0.267765 -0.198612 -0.0270136 -0.247984 -0.198612 -0.0633773 -0.247984
          -0.198612 -0.0633773 -0.247984 -0.198612 -0.0270136 -0.247984 -0.164474 -0.0270178 -0.213846
          -0.198612 -0.0633773 -0.247984 -0.164474 -0.0270178 -0.213846 -0.164477 -0.0633847 -0.213849
          -0.177394 -0.0270136 -0.269192 -0.177394 -0.0633773 -0.269192 -0.14327 -0.0633773 -0.235068
          -0.177394 -0.0270136 -0.269192 -0.14327 -0.0633773 -0.235068 -0.14327 -0.0270136 -0.235068
          -0.128136 -0.0639927 -0.177508 -0.128124 -0.0998465 -0.177496 -0.16449 -0.0997444 -0.213862
          -0.128136 -0.0639927 -0.177508 -0.16449 -0.0997444 -0.213862 -0.164477 -0.0633847 -0.213849
          -0.106906 -0.0270136 -0.198704 -0.106906 0.00935 -0.198704 -0.14327 0.00935 -0.235068
          -0.106906 -0.0270136 -0.198704 -0.14327 0.00935 -0.235068 -0.14327 -0.0270136 -0.235068
          -0.106906 -0.0997409 -0.198704 -0.0705341 -0.0997409 -0.162332 -0.0705341 -0.0633773 -0.162332
          -0.106906 -0.0997409 -0.198704 -0.0705341 -0.0633773 -0.162332 -0.106906 -0.0633773 -0.198704
          -0.0931895 -0.0660295 -0.142561 -0.0920024 -0.0822395 -0.141374 -0.0918825 -0.100618 -0.141254
          -0.0931895 -0.0660295 -0.142561 -0.0918825 -0.100618 -0.141254 -0.128124 -0.0998465 -0.177496
          -0.0931895 -0.0660295 -0.142561 -0.128124 -0.0998465 -0.177496 -0.128136 -0.0639927 -0.177508
          -0.0341623 -0.136105 -0.12596 -0.0341623 -0.0997409 -0.12596 -0.0705341 -0.0997409 -0.162332
          -0.0341623 -0.136105 -0.12596 -0.0705341 -0.0997409 -0.162332 -0.0705341 -0.136105 -0.162332
          -0.0341623 -0.0997409 -0.12596 -0.0341623 -0.0633773 -0.12596 -0.0705341 -0.0633773 -0.162332
          -0.0341623 -0.0997409 -0.12596 -0.0705341 -0.0633773 -0.162332 -0.0705341 -0.0997409 -0.162332
          -0.106906 -0.0270136 -0.198704 -0.106906 -0.0633773 -0.198704 -0.0705341 -0.0633773 -0.162332
          -0.106906 -0.0270136 -0.198704 -0.0705341 -0.0633773 -0.162332 -0.0705341 -0.0270136 -0.162332
          -0.128152 -0.0271105 -0.177524 -0.0943167 -0.0272377 -0.143689 -0.0917615 -0.045618 -0.141133
          -0.128152 -0.0271105 -0.177524 -0.0917615 -0.045618 -0.141133 -0.0931895 -0.0660295 -0.142561
          -0.128152 -0.0271105 -0.177524 -0.0931895 -0.0660295 -0.142561 -0.128136 -0.0639927 -0.177508
          -0.128152 -0.0271105 -0.177524 -0.128136 -0.0639927 -0.177508 -0.128143 -0.0453615 -0.177515
          -0.0341623 -0.0633773 -0.12596 -0.0341623 -0.0270136 -0.12596 -0.0705341 -0.0270136 -0.162332
          -0.0341623 -0.0633773 -0.12596 -0.0705341 -0.0270136 -0.162332 -0.0705341 -0.0633773 -0.162332
          -0.198612 0.0457136 -0.247984 -0.198612 0.0820773 -0.247984 -0.164477 0.0820847 -0.213849
          -0.198612 0.0457136 -0.247984 -0.164477 0.0820847 -0.213849 -0.164474 0.0457178 -0.213846
          -0.177394 0.0820773 -0.269192 -0.177394 0.0457136 -0.269192 -0.14327 0.0457136 -0.235068
          -0.177394 0.0820773 -0.269192 -0.14327 0.0457136 -0.235068 -0.14327 0.0820773 -0.235068
          -0.200378 0.154805 -0.267765 -0.198612 0.154805 -0.247984 -0.198612 0.118441 -0.247984
          -0.200378 0.154805 -0.267765 -0.198612 0.118441 -0.247984 -0.200378 0.118441 -0.267765
          -0.200378 0.0820773 -0.267765 -0.200378 0.118441 -0.267765 -0.198612 0.118441 -0.247984
          -0.200378 0.0820773 -0.267765 -0.198612 0.118441 -0.247984 -0.198612 0.0820773 -0.247984
          -0.16449 0.118444 -0.213862 -0.164477 0.0820847 -0.213849 -0.198612 0.0820773 -0.247984
          -0.16449 0.118444 -0.213862 -0.198612 0.0820773 -0.247984 -0.198612 0.118441 -0.247984
          -0.177394 0.118441 -0.269192 -0.177394 0.0820773 -0.269192 -0.14327 0.0820773 -0.235068
          -0.177394 0.118441 -0.269192 -0.14327 0.0820773 -0.235068 -0.14327 0.118441 -0.235068
          -0.128152 0.0458105 -0.177524 -0.128152 0.0275552 -0.177524 -0.128157 0.00935 -0.177529
          -0.128152 0.0458105 -0.177524 -0.128157 0.00935 -0.177529 -0.164475 0.00935 -0.213847
          -0.128152 0.0458105 -0.177524 -0.164475 0.00935 -0.213847 -0.164474 0.0457178 -0.213846
          -0.128124 0.118546 -0.177496 -0.128136 0.0826927 -0.177508 -0.164477 0.0820847 -0.213849
          -0.128124 0.118546 -0.177496 -0.164477 0.0820847 -0.213849 -0.16449 0.118444 -0.213862
          -0.106906 0.0457136 -0.198704 -0.0705341 0.0457136 -0.162332 -0.0705341 0.0820773 -0.162332
          -0.106906 0.0457136 -0.198704 -0.0705341 0.0820773 -0.162332 -0.106906 0.0820773 -0.198704
          -0.128152 0.0458105 -0.177524 -0.128143 0.0640616 -0.177515 -0.128136 0.0826927 -0.177508
          -0.128152 0.0458105 -0.177524 -0.128136 0.0826927 -0.177508 -0.0931895 0.0847295 -0.142561
          -0.128152 0.0458105 -0.177524 -0.0931895 0.0847295 -0.142561 -0.0917615 0.064318 -0.141133
          -0.128152 0.0458105 -0.177524 -0.0917615 0.064318 -0.141133 -0.0943167 0.0459377 -0.143689
          -0.0341623 0.0457136 -0.12596 -0.0341623 0.0820773 -0.12596 -0.0705341 0.0820773 -0.162332
          -0.0341623 0.0457136 -0.12596 -0.0705341 0.0820773 -0.162332 -0.0705341 0.0457136 -0.162332
          -0.0705341 0.118441 -0.162332 -0.106906 0.118441 -0.198704 -0.106906 0.0820773 -0.198704
          -0.0705341 0.118441 -0.162332 -0.106906 0.0820773 -0.198704 -0.0705341 0.0820773 -0.162332
          -0.128124 0.118546 -0.177496 -0.0918825 0.119318 -0.141254 -0.0920024 0.10094 -0.141374
          -0.128124 0.118546 -0.177496 -0.0920024 0.10094 -0.141374 -0.0931895 0.0847295 -0.142561
          -0.128124 0.118546 -0.177496 -0.0931895 0.0847295 -0.142561 -0.128136 0.0826927 -0.177508
          -0.0341623 0.118441 -0.12596 -0.0341623 0.154805 -0.12596 -0.0705341 0.154805 -0.162332
          -0.0341623 0.118441 -0.12596 -0.0705341 0.154805 -0.162332 -0.0705341 0.118441 -0.162332
          -0.0341623 0.0820773 -0.12596 -0.0341623 0.118441 -0.12596 -0.0705341 0.118441 -0.162332
          -0.0341623 0.0820773 -0.12596 -0.0705341 0.118441 -0.162332 -0.0705341 0.0820773 -0.162332
          -0.198612 0.191168 -0.247984 -0.198612 0.227532 -0.247984 -0.164491 0.227532 -0.213863
          -0.198612 0.191168 -0.247984 -0.164491 0.227532 -0.213863 -0.164491 0.191168 -0.213863
          -0.14327 0.191168 -0.235068 -0.14327 0.227532 -0.235068 -0.177394 0.227532 -0.269192
          -0.14327 0.191168 -0.235068 -0.177394 0.227532 -0.269192 -0.177394 0.191168 -0.269192
          -0.200378 0.300259 -0.267765 -0.198612 0.300259 -0.247984 -0.198612 0.263895 -0.247984
          -0.200378 0.300259 -0.267765 -0.198612 0.263895 -0.247984 -0.200378 0.263895 -0.267765
          -0.200378 0.227532 -0.267765 -0.200378 0.263895 -0.267765 -0.198612 0.263895 -0.247984
          -0.200378 0.227532 -0.267765 -0.198612 0.263895 -0.247984 -0.198612 0.227532 -0.247984
          -0.198612 0.227532 -0.247984 -0.198612 0.263895 -0.247984 -0.164491 0.263895 -0.213863
          -0.198612 0.227532 -0.247984 -0.164491 0.263895 -0.213863 -0.164491 0.227532 -0.213863
          -0.177394 0.263895 -0.269192 -0.177394 0.227532 -0.269192 -0.14327 0.227532 -0.235068
          -0.177394 0.263895 -0.269192 -0.14327 0.227532 -0.235068 -0.14327 0.263895 -0.235068
          -0.128127 0.227532 -0.177499 -0.128127 0.191169 -0.177499 -0.164491 0.191168 -0.213863
          -0.128127 0.227532 -0.177499 -0.164491 0.191168 -0.213863 -0.164491 0.227532 -0.213863
          -0.128127 0.300259 -0.177499 -0.128127 0.263895 -0.177499 -0.164491 0.263895 -0.213863
          -0.128127 0.300259 -0.177499 -0.164491 0.263895 -0.213863 -0.164491 0.300259 -0.213863
          -0.128127 0.263895 -0.177499 -0.128127 0.227532 -0.177499 -0.164491 0.227532 -0.213863
          -0.128127 0.263895 -0.177499 -0.164491 0.227532 -0.213863 -0.164491 0.263895 -0.213863
          -0.106906 0.227532 -0.198704 -0.106906 0.263895 -0.198704 -0.14327 0.263895 -0.235068
          -0.106906 0.227532 -0.198704 -0.14327 0.263895 -0.235068 -0.14327 0.227532 -0.235068
          -0.106906 0.191168 -0.198704 -0.0705341 0.191168 -0.162332 -0.0705341 0.227532 -0.162332
          -0.106906 0.191168 -0.198704 -0.0705341 0.227532 -0.162332 -0.106906 0.227532 -0.198704
          -0.0917548 0.227532 -0.141127 -0.0917596 0.191183 -0.141131 -0.128127 0.191169 -0.177499
          -0.0917548 0.227532 -0.141127 -0.128127 0.191169 -0.177499 -0.128127 0.227532 -0.177499
          -0.106906 0.263895 -0.198704 -0.106906 0.227532 -0.198704 -0.0705341 0.227532 -0.162332
          -0.106906 0.263895 -0.198704 -0.0705341 0.227532 -0.162332 -0.0705341 0.263895 -0.162332
          -0.128127 0.263895 -0.177499 -0.0917548 0.263895 -0.141127 -0.0917548 0.227532 -0.141127
          -0.128127 0.263895 -0.177499 -0.0917548 0.227532 -0.141127 -0.128127 0.227532 -0.177499
          -0.0341623 0.227532 -0.12596 -0.0341623 0.263895 -0.12596 -0.0705341 0.263895 -0.162332
          -0.0341623 0.227532 -0.12596 -0.0705341 0.263895 -0.162332 -0.0705341 0.227532 -0.162332
          -0.198592 0.336289 -0.247964 -0.198397 0.369651 -0.247769 -0.164474 0.369703 -0.213846
          -0.198592 0.336289 -0.247964 -0.164474 0.369703 -0.213846 -0.164491 0.336327 -0.213863
          -0.161146 0.369363 -0.252944 -0.177179 0.369651 -0.268977 -0.177374 0.336289 -0.269172
          -0.161146 0.369363 -0.252944 -0.177374 0.336289 -0.269172 -0.14327 0.336327 -0.235069
          -0.161146 0.369363 -0.252944 -0.14327 0.336327 -0.235069 -0.143255 0.369703 -0.235053
          -0.200378 0.3696 -0.267765 -0.200377 0.393936 -0.267766 -0.198186 0.393838 -0.247558
          -0.200378 0.3696 -0.267765 -0.198186 0.393838 -0.247558 -0.198397 0.369651 -0.247769
          -0.198397 0.369651 -0.247769 -0.198186 0.393838 -0.247558 -0.18183 0.391335 -0.231202
          -0.198397 0.369651 -0.247769 -0.18183 0.391335 -0.231202 -0.16444 0.393573 -0.213812
          -0.198397 0.369651 -0.247769 -0.16444 0.393573 -0.213812 -0.164474 0.369703 -0.213846
          -0.176969 0.393837 -0.268767 -0.177179 0.369651 -0.268977 -0.161146 0.369363 -0.252944
          -0.176969 0.393837 -0.268767 -0.161146 0.369363 -0.252944 -0.18183 0.391335 -0.231202
          -0.143223 0.393573 -0.235021 -0.18183 0.391335 -0.231202 -0.161146 0.369363 -0.252944
          -0.143223 0.393573 -0.235021 -0.161146 0.369363 -0.252944 -0.143255 0.369703 -0.235053
          -0.176969 0.393837 -0.268767 -0.18183 0.391335 -0.231202 -0.198186 0.393838 -0.247558
          -0.176969 0.393837 -0.268767 -0.198186 0.393838 -0.247558 -0.200377 0.393936 -0.267766
          -0.143223 0.393573 -0.235021 -0.146294 0.391238 -0.195666 -0.16444 0.393573 -0.213812
          -0.143223 0.393573 -0.235021 -0.16444 0.393573 -0.213812 -0.18183 0.391335 -0.231202
          -0.128126 0.369707 -0.177498 -0.128127 0.336327 -0.177499 -0.164491 0.336327 -0.213863
          -0.128126 0.369707 -0.177498 -0.164491 0.336327 -0.213863 -0.164474 0.369703 -0.213846
          -0.125093 0.369369 -0.216891 -0.106907 0.369707 -0.198705 -0.106908 0.393571 -0.198706
          -0.125093 0.369369 -0.216891 -0.106908 0.393571 -0.198706 -0.146294 0.391238 -0.195666
          -0.106906 0.336327 -0.198704 -0.0705342 0.336327 -0.162332 -0.0705347 0.369707 -0.162333
          -0.106906 0.336327 -0.198704 -0.0705347 0.369707 -0.162333 -0.0887211 0.369369 -0.180519
          -0.106906 0.336327 -0.198704 -0.0887211 0.369369 -0.180519 -0.106907 0.369707 -0.198705
          -0.128127 0.336327 -0.177499 -0.128126 0.369707 -0.177498 -0.0917542 0.369707 -0.141126
          -0.128127 0.336327 -0.177499 -0.0917542 0.369707 -0.141126 -0.0917547 0.336327 -0.141127
          -0.106908 0.393571 -0.198706 -0.106907 0.369707 -0.198705 -0.0887211 0.369369 -0.180519
          -0.106908 0.393571 -0.198706 -0.0887211 0.369369 -0.180519 -0.109937 0.391237 -0.159309
          -0.0705357 0.393571 -0.162334 -0.109937 0.391237 -0.159309 -0.0887211 0.369369 -0.180519
          -0.0705357 0.393571 -0.162334 -0.0887211 0.369369 -0.180519 -0.0705347 0.369707 -0.162333
          -0.128125 0.393571 -0.177497 -0.146294 0.391238 -0.195666 -0.106908 0.393571 -0.198706
          -0.128125 0.393571 -0.177497 -0.106908 0.393571 -0.198706 -0.109937 0.391237 -0.159309
          -0.128125 0.393571 -0.177497 -0.109937 0.391237 -0.159309 -0.0917532 0.393571 -0.141125
          -0.128125 0.393571 -0.177497 -0.0917532 0.393571 -0.141125 -0.0917542 0.369707 -0.141126
          -0.128125 0.393571 -0.177497 -0.0917542 0.369707 -0.141126 -0.128126 0.369707 -0.177498
          -0.0917532 0.393571 -0.141125 -0.109937 0.391237 -0.159309 -0.0705357 0.393571 -0.162334
          -0.0917532 0.393571 -0.141125 -0.0705357 0.393571 -0.162334 -0.0735652 0.391237 -0.122937
          -0.0523494 0.369369 -0.144147 -0.0341629 0.369707 -0.125961 -0.0341639 0.393571 -0.125962
          -0.0523494 0.369369 -0.144147 -0.0341639 0.393571 -0.125962 -0.0735652 0.391237 -0.122937
          -0.0371932 -0.372537 -0.086565 -0.0553814 -0.374871 -0.104753 -0.0553824 -0.351007 -0.104754
          -0.0371932 -0.372537 -0.086565 -0.0553824 -0.351007 -0.104754 -0.0190104 -0.351007 -0.0683822
          -0.0371932 -0.372537 -0.086565 -0.0190104 -0.351007 -0.0683822 -0.0190094 -0.374871 -0.0683812
          -0.0553814 -0.374871 -0.104753 -0.0371932 -0.372537 -0.086565 -0.0341639 -0.374871 -0.125962
          -0.0553814 -0.374871 -0.104753 -0.0341639 -0.374871 -0.125962 -0.0735652 -0.372537 -0.122937
          -0.0159774 -0.350669 -0.107775 -0.0341629 -0.351007 -0.125961 -0.0341639 -0.374871 -0.125962
          -0.0159774 -0.350669 -0.107775 -0.0341639 -0.374871 -0.125962 -0.0371932 -0.372537 -0.086565
          -0.0159774 -0.350669 -0.107775 -0.0371932 -0.372537 -0.086565 0.0022081 -0.374871 -0.08959
          -0.0159774 -0.350669 -0.107775 0.0022081 -0.374871 -0.08959 0.00220908 -0.351007 -0.0895891
          -0.0190094 -0.374871 -0.0683812 -0.000821318 -0.372537 -0.0501931 0.0022081 -0.374871 -0.08959
          -0.0190094 -0.374871 -0.0683812 0.0022081 -0.374871 -0.08959 -0.0371932 -0.372537 -0.086565
          -0.0553824 -0.351007 -0.104754 -0.055383 -0.317627 -0.104755 -0.019011 -0.317627 -0.0683827
          -0.0553824 -0.351007 -0.104754 -0.019011 -0.317627 -0.0683827 -0.0190104 -0.351007 -0.0683822
          0.00220963 -0.317627 -0.0895885 -0.0341624 -0.317627 -0.12596 -0.0341629 -0.351007 -0.125961
          0.00220963 -0.317627 -0.0895885 -0.0341629 -0.351007 -0.125961 -0.0159774 -0.350669 -0.107775
          0.00220963 -0.317627 -0.0895885 -0.0159774 -0.350669 -0.107775 0.00220908 -0.351007 -0.0895891
          0.0173609 -0.281559 -0.0320109 0.0173609 -0.317627 -0.0320108 -0.019011 -0.317627 -0.0683827
          0.0173609 -0.281559 -0.0320109 -0.019011 -0.317627 -0.0683827 -0.019011 -0.281559 -0.0683828
          0.0385816 -0.317627 -0.0532166 0.0385817 -0.281559 -0.0532165 0.00220971 -0.281559 -0.0895884
          0.0385816 -0.317627 -0.0532166 0.00220971 -0.281559 -0.0895884 0.00220963 -0.317627 -0.0895885
          0.03858 -0.374871 -0.0532181 0.0355506 -0.372537 -0.0138212 0.0567665 -0.350669 -0.0350317
          0.03858 -0.374871 -0.0532181 0.0567665 -0.350669 -0.0350317 0.038581 -0.351007 -0.0532172
          0.0567665 -0.350669 -0.0350317 0.0355506 -0.372537 -0.0138212 0.074952 -0.374871 -0.0168462
          0.0567665 -0.350669 -0.0350317 0.074952 -0.374871 -0.0168462 0.0749529 -0.351007 -0.0168452
          0.03858 -0.374871 -0.0532181 -0.000821318 -0.372537 -0.0501931 0.0173625 -0.374871 -0.0320093
          0.03858 -0.374871 -0.0532181 0.0173625 -0.374871 -0.0320093 0.0355506 -0.372537 -0.0138212
          0.074952 -0.374871 -0.0168462 0.0355506 -0.372537 -0.0138212 0.0537344 -0.374871 0.00436263
          0.074952 -0.374871 -0.0168462 0.0537344 -0.374871 0.00436263 0.0719225 -0.372537 0.0225508
          0.0355506 -0.372537 -0.0138212 0.0173625 -0.374871 -0.0320093 0.0173615 -0.351007 -0.0320103
          0.0355506 -0.372537 -0.0138212 0.0173615 -0.351007 -0.0320103 0.0537334 -0.351007 0.00436166
          0.0355506 -0.372537 -0.0138212 0.0537334 -0.351007 0.00436166 0.0537344 -0.374871 0.00436263
          0.0385816 -0.317627 -0.0532166 0.038581 -0.351007 -0.0532172 0.0567665 -0.350669 -0.0350317
          0.0385816 -0.317627 -0.0532166 0.0567665 -0.350669 -0.0350317 0.0749529 -0.351007 -0.0168452
          0.0385816 -0.317627 -0.0532166 0.0749529 -0.351007 -0.0168452 0.0749535 -0.317627 -0.0168447
          0.0173609 -0.317627 -0.0320108 0.0537329 -0.317627 0.00436111 0.0537334 -0.351007 0.00436166
          0.0173609 -0.317627 -0.0320108 0.0537334 -0.351007 0.00436166 0.0173615 -0.351007 -0.0320103
          0.0931384 -0.350669 0.00134028 0.111325 -0.351007 0.0195268 0.111325 -0.317627 0.0195273
          0.0931384 -0.350669 0.00134028 0.111325 -0.317627 0.0195273 0.0749535 -0.317627 -0.0168447
          0.0931384 -0.350669 0.00134028 0.0749535 -0.317627 -0.0168447 0.0749529 -0.351007 -0.0168452
          -0.055383 -0.245195 -0.104755 -0.055383 -0.208832 -0.104755 -0.019011 -0.208832 -0.0683828
          -0.055383 -0.245195 -0.104755 -0.019011 -0.208832 -0.0683828 -0.019011 -0.245195 -0.0683828
          -0.0341623 -0.208832 -0.12596 -0.0341623 -0.245195 -0.12596 0.00220971 -0.245195 -0.0895884
          -0.0341623 -0.208832 -0.12596 0.00220971 -0.245195 -0.0895884 0.00220971 -0.208832 -0.0895884
          -0.019011 -0.172483 -0.0683828 -0.019011 -0.208832 -0.0683828 -0.055383 -0.208832 -0.104755
          -0.019011 -0.172483 -0.0683828 -0.055383 -0.208832 -0.104755 -0.0553993 -0.172493 -0.104771
          -0.0341623 -0.172468 -0.12596 -0.0341623 -0.208832 -0.12596 0.00220971 -0.208832 -0.0895884
          -0.0341623 -0.172468 -0.12596 0.00220971 -0.208832 -0.0895884 0.00220971 -0.172468 -0.0895884
          0.0173609 -0.245195 -0.0320109 0.0173609 -0.281559 -0.0320109 -0.019011 -0.281559 -0.0683828
          0.0173609 -0.245195 -0.0320109 -0.019011 -0.281559 -0.0683828 -0.019011 -0.245195 -0.0683828
          0.0173609 -0.208832 -0.0320109 0.0173609 -0.245195 -0.0320109 -0.019011 -0.245195 -0.0683828
          0.0173609 -0.208832 -0.0320109 -0.019011 -0.245195 -0.0683828 -0.019011 -0.208832 -0.0683828
          0.0385817 -0.208832 -0.0532165 0.0385817 -0.172468 -0.0532165 0.00220971 -0.172468 -0.0895884
          0.0385817 -0.208832 -0.0532165 0.00220971 -0.172468 -0.0895884 0.00220971 -0.208832 -0.0895884
          0.0385817 -0.245195 -0.0532165 0.0749536 -0.245195 -0.0168446 0.0749536 -0.208832 -0.0168446
          0.0385817 -0.245195 -0.0532165 0.0749536 -0.208832 -0.0168446 0.0385817 -0.208832 -0.0532165
          0.0173609 -0.245195 -0.0320109 0.0173609 -0.208832 -0.0320109 0.0537328 -0.208832 0.00436104
          0.0173609 -0.245195 -0.0320109 0.0537328 -0.208832 0.00436104 0.0537328 -0.245195 0.00436104
          0.0749536 -0.172468 -0.0168446 0.0385817 -0.172468 -0.0532165 0.0385817 -0.208832 -0.0532165
          0.0749536 -0.172468 -0.0168446 0.0385817 -0.208832 -0.0532165 0.0749536 -0.208832 -0.0168446
          0.0173775 -0.172493 -0.0319943 0.0537376 -0.172478 0.00436585 0.0537328 -0.208832 0.00436104
          0.0173775 -0.172493 -0.0319943 0.0537328 -0.208832 0.00436104 0.0173609 -0.208832 -0.0320109
          0.111325 -0.172468 0.0195274 0.111325 -0.136105 0.0195274 0.0749536 -0.136105 -0.0168446
          0.111325 -0.172468 0.0195274 0.0749536 -0.136105 -0.0168446 0.0749536 -0.172468 -0.0168446
          0.111325 -0.208832 0.0195274 0.111325 -0.172468 0.0195274 0.0749536 -0.172468 -0.0168446
          0.111325 -0.208832 0.0195274 0.0749536 -0.172468 -0.0168446 0.0749536 -0.208832 -0.0168446
          -0.0341623 -0.0633773 -0.12596 -0.0341623 -0.0997409 -0.12596 0.00220971 -0.0997409 -0.0895884
          -0.0341623 -0.0633773 -0.12596 0.00220971 -0.0997409 -0.0895884 0.00220971 -0.0633773 -0.0895884
          -0.0650639 -0.0457335 -0.114436 -0.0652701 -0.0639047 -0.114642 -0.0736803 -0.0686267 -0.123052
          -0.0650639 -0.0457335 -0.114436 -0.0736803 -0.0686267 -0.123052 -0.0822216 -0.0637283 -0.131593
          -0.0650639 -0.0457335 -0.114436 -0.0822216 -0.0637283 -0.131593 -0.0821425 -0.0454915 -0.131514
          -0.0341623 -0.0270136 -0.12596 -0.0341623 -0.0633773 -0.12596 0.00220971 -0.0633773 -0.0895884
          -0.0341623 -0.0270136 -0.12596 0.00220971 -0.0633773 -0.0895884 0.00220971 -0.0270136 -0.0895884
          -0.000684876 -0.136485 -0.0500566 -0.000680588 -0.104927 -0.0500523 0.0078944 -0.100197 -0.0414774
          -0.000684876 -0.136485 -0.0500566 0.0078944 -0.100197 -0.0414774 0.0188583 -0.10306 -0.0305135
          -0.000684876 -0.136485 -0.0500566 0.0188583 -0.10306 -0.0305135 0.0175857 -0.136459 -0.0317861
          0.00988001 -0.0632022 -0.0394918 0.00789353 -0.0823306 -0.0414782 -0.00941457 -0.0823313 -0.0587863
          0.00988001 -0.0632022 -0.0394918 -0.00941457 -0.0823313 -0.0587863 -0.0114425 -0.0629518 -0.0608143
          0.00220971 0.00935 -0.0895884 0.00220971 -0.0270136 -0.0895884 0.0385817 -0.0270136 -0.0532165
          0.00220971 0.00935 -0.0895884 0.0385817 -0.0270136 -0.0532165 0.0385817 0.00935 -0.0532165
          0.0385817 -0.0633773 -0.0532165 0.0385817 -0.0270136 -0.0532165 0.00220971 -0.0270136 -0.0895884
          0.0385817 -0.0633773 -0.0532165 0.00220971 -0.0270136 -0.0895884 0.00220971 -0.0633773 -0.0895884
          0.0385817 -0.0997409 -0.0532165 0.0749536 -0.0997409 -0.0168446 0.0749536 -0.0633773 -0.0168446
          0.0385817 -0.0997409 -0.0532165 0.0749536 -0.0633773 -0.0168446 0.0385817 -0.0633773 -0.0532165
          0.0354921 -0.0688201 -0.0138797 0.0358553 -0.100587 -0.0135165 0.0188583 -0.10306 -0.0305135
          0.0354921 -0.0688201 -0.0138797 0.0188583 -0.10306 -0.0305135 0.0173108 -0.0829625 -0.032061
          0.0354921 -0.0688201 -0.0138797 0.0173108 -0.0829625 -0.032061 0.0187354 -0.0709789 -0.0306364
          0.0354921 -0.0688201 -0.0138797 0.0187354 -0.0709789 -0.0306364 0.0245632 -0.0631866 -0.0248086
          0.0354921 -0.0688201 -0.0138797 0.044201 -0.0637825 -0.00517077 0.055231 -0.0664969 0.00585926
          0.0354921 -0.0688201 -0.0138797 0.055231 -0.0664969 0.00585926 0.0539548 -0.100134 0.00458307
          0.0354921 -0.0688201 -0.0138797 0.0539548 -0.100134 0.00458307 0.0358553 -0.100587 -0.0135165
          0.0749536 -0.0270136 -0.0168446 0.0385817 -0.0270136 -0.0532165 0.0385817 -0.0633773 -0.0532165
          0.0749536 -0.0270136 -0.0168446 0.0385817 -0.0633773 -0.0532165 0.0749536 -0.0633773 -0.0168446
          0.0385817 0.00935 -0.0532165 0.0385817 -0.0270136 -0.0532165 0.0749536 -0.0270136 -0.0168446
          0.0385817 0.00935 -0.0532165 0.0749536 -0.0270136 -0.0168446 0.0749536 0.00935 -0.0168446
          0.111325 -0.0633773 0.0195274 0.111325 -0.0270136 0.0195274 0.0749536 -0.0270136 -0.0168446
          0.111325 -0.0633773 0.0195274 0.0749536 -0.0270136 -0.0168446 0.0749536 -0.0633773 -0.0168446
          -0.0341623 0.0820773 -0.12596 -0.0341623 0.0457136 -0.12596 0.00220971 0.0457136 -0.0895884
          -0.0341623 0.0820773 -0.12596 0.00220971 0.0457136 -0.0895884 0.00220971 0.0820773 -0.0895884
          -0.0736803 0.0873267 -0.123052 -0.0738064 0.119202 -0.123178 -0.0568393 0.121622 -0.106211
          -0.0736803 0.0873267 -0.123052 -0.0568393 0.121622 -0.106211 -0.0551665 0.101087 -0.104538
          -0.0736803 0.0873267 -0.123052 -0.0551665 0.101087 -0.104538 -0.0564983 0.0847469 -0.10587
          -0.0736803 0.0873267 -0.123052 -0.0564983 0.0847469 -0.10587 -0.0652701 0.0826047 -0.114642
          -0.0341623 0.118441 -0.12596 -0.0341623 0.0820773 -0.12596 0.00220971 0.0820773 -0.0895884
          -0.0341623 0.118441 -0.12596 0.00220971 0.0820773 -0.0895884 0.00220971 0.118441 -0.0895884
          0.00826425 0.0275318 -0.0411075 0.00826424 0.00935 -0.0411075 -0.00991015 0.00935 -0.0592819
          0.00826425 0.0275318 -0.0411075 -0.00991015 0.00935 -0.0592819 -0.00991015 0.0275318 -0.0592819
          -0.000684876 0.155185 -0.0500566 0.0175857 0.155159 -0.0317861 0.0188583 0.12176 -0.0305135
          -0.000684876 0.155185 -0.0500566 0.0188583 0.12176 -0.0305135 0.0078944 0.118897 -0.0414774
          -0.000684876 0.155185 -0.0500566 0.0078944 0.118897 -0.0414774 -0.000680588 0.123627 -0.0500523
          0.0385817 0.0820773 -0.0532165 0.0385817 0.118441 -0.0532165 0.00220971 0.118441 -0.0895884
          0.0385817 0.0820773 -0.0532165 0.00220971 0.118441 -0.0895884 0.00220971 0.0820773 -0.0895884
          0.0749536 0.0457136 -0.0168446 0.0749536 0.0820773 -0.0168446 0.0385817 0.0820773 -0.0532165
          0.0749536 0.0457136 -0.0168446 0.0385817 0.0820773 -0.0532165 0.0385817 0.0457136 -0.0532165
          0.0385817 0.0457136 -0.0532165 0.0385817 0.00935 -0.0532165 0.0749536 0.00935 -0.0168446
          0.0385817 0.0457136 -0.0532165 0.0749536 0.00935 -0.0168446 0.0749536 0.0457136 -0.0168446
          0.111325 0.00935 0.0195274 0.111325 0.0457136 0.0195274 0.0749536 0.0457136 -0.0168446
          0.111325 0.00935 0.0195274 0.0749536 0.0457136 -0.0168446 0.0749536 0.00935 -0.0168446
          0.0385817 0.118441 -0.0532165 0.0385817 0.0820773 -0.0532165 0.0749536 0.0820773 -0.0168446
          0.0385817 0.118441 -0.0532165 0.0749536 0.0820773 -0.0168446 0.0749536 0.118441 -0.0168446
          0.0188583 0.12176 -0.0305135 0.0358553 0.119287 -0.0135165 0.0354921 0.0875201 -0.0138797
          0.0188583 0.12176 -0.0305135 0.0354921 0.0875201 -0.0138797 0.0245632 0.0818866 -0.0248086
          0.0188583 0.12176 -0.0305135 0.0245632 0.0818866 -0.0248086 0.0187354 0.0896789 -0.0306364
          0.0188583 0.12176 -0.0305135 0.0187354 0.0896789 -0.0306364 0.0173108 0.101663 -0.032061
          0.0354921 0.0875201 -0.0138797 0.0358553 0.119287 -0.0135165 0.0539548 0.118833 0.00458307
          0.0354921 0.0875201 -0.0138797 0.0539548 0.118833 0.00458307 0.055231 0.0851969 0.00585926
          0.0354921 0.0875201 -0.0138797 0.055231 0.0851969 0.00585926 0.044201 0.0824825 -0.00517077
          0.111325 0.118441 0.0195274 0.111325 0.154805 0.0195274 0.0749536 0.154805 -0.0168446
          0.111325 0.118441 0.0195274 0.0749536 0.154805 -0.0168446 0.0749536 0.118441 -0.0168446
          -0.0553993 0.191193 -0.104771 -0.055383 0.227532 -0.104755 -0.019011 0.227532 -0.0683828
          -0.0553993 0.191193 -0.104771 -0.019011 0.227532 -0.0683828 -0.019011 0.191183 -0.0683828
          -0.0341623 0.227532 -0.12596 -0.0341623 0.191168 -0.12596 0.00220971 0.191168 -0.0895884
          -0.0341623 0.227532 -0.12596 0.00220971 0.191168 -0.0895884 0.00220971 0.227532 -0.0895884
          -0.055383 0.300259 -0.104755 -0.055383 0.263895 -0.104755 -0.0917548 0.263895 -0.141127
          -0.055383 0.300259 -0.104755 -0.0917548 0.263895 -0.141127 -0.0917548 0.300259 -0.141127
          -0.055383 0.227532 -0.104755 -0.055383 0.263895 -0.104755 -0.019011 0.263895 -0.0683828
          -0.055383 0.227532 -0.104755 -0.019011 0.263895 -0.0683828 -0.019011 0.227532 -0.0683828
          -0.0341623 0.263895 -0.12596 -0.0341623 0.227532 -0.12596 0.00220971 0.227532 -0.0895884
          -0.0341623 0.263895 -0.12596 0.00220971 0.227532 -0.0895884 0.00220971 0.263895 -0.0895884
          0.0173609 0.300259 -0.0320109 0.0173609 0.263895 -0.0320109 -0.019011 0.263895 -0.0683828
          0.0173609 0.300259 -0.0320109 -0.019011 0.263895 -0.0683828 -0.019011 0.300259 -0.0683828
          0.0173609 0.263895 -0.0320109 0.0173609 0.227532 -0.0320109 -0.019011 0.227532 -0.0683828
          0.0173609 0.263895 -0.0320109 -0.019011 0.227532 -0.0683828 -0.019011 0.263895 -0.0683828
          0.0385817 0.227532 -0.0532165 0.0385817 0.263895 -0.0532165 0.00220971 0.263895 -0.0895884
          0.0385817 0.227532 -0.0532165 0.00220971 0.263895 -0.0895884 0.00220971 0.227532 -0.0895884
          0.0385817 0.191168 -0.0532165 0.0749536 0.191168 -0.0168446 0.0749536 0.227532 -0.0168446
          0.0385817 0.191168 -0.0532165 0.0749536 0.227532 -0.0168446 0.0385817 0.227532 -0.0532165
          0.0173775 0.191193 -0.0319943 0.0173609 0.227532 -0.0320109 0.0537328 0.227532 0.00436104
          0.0173775 0.191193 -0.0319943 0.0537328 0.227532 0.00436104 0.0537376 0.191178 0.00436585
          0.111325 0.154805 0.0195274 0.111325 0.191168 0.0195274 0.0749536 0.191168 -0.0168446
          0.111325 0.154805 0.0195274 0.0749536 0.191168 -0.0168446 0.0749536 0.154805 -0.0168446
          0.0385817 0.263895 -0.0532165 0.0385817 0.227532 -0.0532165 0.0749536 0.227532 -0.0168446
          0.0385817 0.263895 -0.0532165 0.0749536 0.227532 -0.0168446 0.0749536 0.263895 -0.0168446
          0.0173609 0.263895 -0.0320109 0.0537328 0.263895 0.00436104 0.0537328 0.227532 0.00436104
          0.0173609 0.263895 -0.0320109 0.0537328 0.227532 0.00436104 0.0173609 0.227532 -0.0320109
          -0.055383 0.336327 -0.104755 -0.0553824 0.369707 -0.104754 -0.0190104 0.369707 -0.0683822
          -0.055383 0.336327 -0.104755 -0.0190104 0.369707 -0.0683822 -0.019011 0.336327 -0.0683827
          -0.0159774 0.369369 -0.107775 -0.0341629 0.369707 -0.125961 -0.0341624 0.336327 -0.12596
          -0.0159774 0.369369 -0.107775 -0.0341624 0.336327 -0.12596 0.00220963 0.336327 -0.0895885
          -0.0159774 0.369369 -0.107775 0.00220963 0.336327 -0.0895885 0.00220908 0.369707 -0.0895891
          -0.0735652 0.391237 -0.122937 -0.0553814 0.393571 -0.104753 -0.0553824 0.369707 -0.104754
          -0.0735652 0.391237 -0.122937 -0.0553824 0.369707 -0.104754 -0.0917542 0.369707 -0.141126
          -0.0735652 0.391237 -0.122937 -0.0917542 0.369707 -0.141126 -0.0917532 0.393571 -0.141125
          -0.0553824 0.369707 -0.104754 -0.0553814 0.393571 -0.104753 -0.0371932 0.391237 -0.086565
          -0.0553824 0.369707 -0.104754 -0.0371932 0.391237 -0.086565 -0.0190094 0.393571 -0.0683812
          -0.0553824 0.369707 -0.104754 -0.0190094 0.393571 -0.0683812 -0.0190104 0.369707 -0.0683822
          -0.0341639 0.393571 -0.125962 -0.0341629 0.369707 -0.125961 -0.0159774 0.369369 -0.107775
          -0.0341639 0.393571 -0.125962 -0.0159774 0.369369 -0.107775 -0.0371932 0.391237 -0.086565
          0.0022081 0.393571 -0.08959 -0.0371932 0.391237 -0.086565 -0.0159774 0.369369 -0.107775
          0.0022081 0.393571 -0.08959 -0.0159774 0.369369 -0.107775 0.00220908 0.369707 -0.0895891
          -0.0341639 0.393571 -0.125962 -0.0371932 0.391237 -0.086565 -0.0553814 0.393571 -0.104753
          -0.0341639 0.393571 -0.125962 -0.0553814 0.393571 -0.104753 -0.0735652 0.391237 -0.122937
          0.0022081 0.393571 -0.08959 -0.000821318 0.391237 -0.0501931 -0.0190094 0.393571 -0.0683812
          0.0022081 0.393571 -0.08959 -0.0190094 0.393571 -0.0683812 -0.0371932 0.391237 -0.086565
          0.0203946 0.369369 -0.0714036 0.038581 0.369707 -0.0532172 0.03858 0.393571 -0.0532181
          0.0203946 0.369369 -0.0714036 0.03858 0.393571 -0.0532181 -0.000821318 0.391237 -0.0501931
          0.0749535 0.336327 -0.0168447 0.0749529 0.369707 -0.0168452 0.0567665 0.369369 -0.0350317
          0.0749535 0.336327 -0.0168447 0.0567665 0.369369 -0.0350317 0.038581 0.369707 -0.0532172
          0.0749535 0.336327 -0.0168447 0.038581 0.369707 -0.0532172 0.0385816 0.336327 -0.0532166
          0.0173609 0.336327 -0.0320108 0.0173615 0.369707 -0.0320103 0.0537334 0.369707 0.00436166
          0.0173609 0.336327 -0.0320108 0.0537334 0.369707 0.00436166 0.0537329 0.336327 0.00436111
          0.111325 0.300259 0.0195274 0.111325 0.336327 0.0195273 0.0749535 0.336327 -0.0168447
          0.111325 0.300259 0.0195274 0.0749535 0.336327 -0.0168447 0.0749536 0.300259 -0.0168446
          0.03858 0.393571 -0.0532181 0.038581 0.369707 -0.0532172 0.0567665 0.369369 -0.0350317
          0.03858 0.393571 -0.0532181 0.0567665 0.369369 -0.0350317 0.0355506 0.391237 -0.0138212
          0.074952 0.393571 -0.0168462 0.0355506 0.391237 -0.0138212 0.0567665 0.369369 -0.0350317
          0.074952 0.393571 -0.0168462 0.0567665 0.369369 -0.0350317 0.0749529 0.369707 -0.0168452
          0.0173625 0.393571 -0.0320093 -0.000821318 0.391237 -0.0501931 0.03858 0.393571 -0.0532181
          0.0173625 0.393571 -0.0320093 0.03858 0.393571 -0.0532181 0.0355506 0.391237 -0.0138212
          0.0173625 0.393571 -0.0320093 0.0355506 0.391237 -0.0138212 0.0537344 0.393571 0.00436263
          0.0173625 0.393571 -0.0320093 0.0537344 0.393571 0.00436263 0.0537334 0.369707 0.00436166
          0.0173625 0.393571 -0.0320093 0.0537334 0.369707 0.00436166 0.0173615 0.369707 -0.0320103
          0.0537344 0.393571 0.00436263 0.0355506 0.391237 -0.0138212 0.074952 0.393571 -0.0168462
          0.0537344 0.393571 0.00436263 0.074952 0.393571 -0.0168462 0.0719225 0.391237 0.0225508
          0.0931384 0.369369 0.00134028 0.111325 0.369707 0.0195268 0.111324 0.393571 0.0195258
          0.0931384 0.369369 0.00134028 0.111324 0.393571 0.0195258 0.0719225 0.391237 0.0225508
          0.108294 -0.372537 0.0589228 0.0901062 -0.374871 0.0407346 0.0901053 -0.351007 0.0407337
          0.108294 -0.372537 0.0589228 0.0901053 -0.351007 0.0407337 0.126477 -0.351007 0.0771054
          0.108294 -0.372537 0.0589228 0.126477 -0.351007 0.0771054 0.126478 -0.374871 0.0771064
          0.0901062 -0.374871 0.0407346 0.108294 -0.372537 0.0589228 0.111324 -0.374871 0.0195258
          0.0901062 -0.374871 0.0407346 0.111324 -0.374871 0.0195258 0.0719225 -0.372537 0.0225508
          0.12951 -0.350669 0.0377124 0.111325 -0.351007 0.0195268 0.111324 -0.374871 0.0195258
          0.12951 -0.350669 0.0377124 0.111324 -0.374871 0.0195258 0.108294 -0.372537 0.0589228
          0.12951 -0.350669 0.0377124 0.108294 -0.372537 0.0589228 0.147696 -0.374871 0.0558976
          0.12951 -0.350669 0.0377124 0.147696 -0.374871 0.0558976 0.147697 -0.351007 0.0558987
          0.126478 -0.374871 0.0771064 0.144667 -0.372537 0.0952943 0.147696 -0.374871 0.0558976
          0.126478 -0.374871 0.0771064 0.147696 -0.374871 0.0558976 0.108294 -0.372537 0.0589228
          0.0901053 -0.351007 0.0407337 0.0901047 -0.317627 0.0407331 0.126477 -0.317627 0.0771048
          0.0901053 -0.351007 0.0407337 0.126477 -0.317627 0.0771048 0.126477 -0.351007 0.0771054
          0.111325 -0.317627 0.0195273 0.111325 -0.351007 0.0195268 0.12951 -0.350669 0.0377124
          0.111325 -0.317627 0.0195273 0.12951 -0.350669 0.0377124 0.147697 -0.351007 0.0558987
          0.111325 -0.317627 0.0195273 0.147697 -0.351007 0.0558987 0.147697 -0.317627 0.0558992
          0.162849 -0.281559 0.113477 0.162849 -0.317627 0.113477 0.126477 -0.317627 0.0771048
          0.162849 -0.281559 0.113477 0.126477 -0.317627 0.0771048 0.126477 -0.281559 0.0771047
          0.162849 -0.317627 0.113477 0.162849 -0.351007 0.113477 0.126477 -0.351007 0.0771054
          0.162849 -0.317627 0.113477 0.126477 -0.351007 0.0771054 0.126477 -0.317627 0.0771048
          0.165882 -0.350669 0.074084 0.184069 -0.351007 0.0922705 0.184069 -0.317627 0.092271
          0.165882 -0.350669 0.074084 0.184069 -0.317627 0.092271 0.147697 -0.317627 0.0558992
          0.165882 -0.350669 0.074084 0.147697 -0.317627 0.0558992 0.147697 -0.351007 0.0558987
          0.184068 -0.374871 0.0922695 0.181038 -0.372537 0.131666 0.202254 -0.350669 0.110456
          0.184068 -0.374871 0.0922695 0.202254 -0.350669 0.110456 0.184069 -0.351007 0.0922705
          0.202254 -0.350669 0.110456 0.181038 -0.372537 0.131666 0.22044 -0.374871 0.128642
          0.202254 -0.350669 0.110456 0.22044 -0.374871 0.128642 0.220441 -0.351007 0.128643
          0.184068 -0.374871 0.0922695 0.144667 -0.372537 0.0952943 0.16285 -0.374871 0.113478
          0.184068 -0.374871 0.0922695 0.16285 -0.374871 0.113478 0.181038 -0.372537 0.131666
          0.22044 -0.374871 0.128642 0.181038 -0.372537 0.131666 0.199222 -0.374871 0.14985
          0.22044 -0.374871 0.128642 0.199222 -0.374871 0.14985 0.21741 -0.372537 0.168039
          0.181038 -0.372537 0.131666 0.16285 -0.374871 0.113478 0.162849 -0.351007 0.113477
          0.181038 -0.372537 0.131666 0.162849 -0.351007 0.113477 0.199221 -0.351007 0.14985
          0.181038 -0.372537 0.131666 0.199221 -0.351007 0.14985 0.199222 -0.374871 0.14985
          0.184069 -0.317627 0.092271 0.184069 -0.351007 0.0922705 0.202254 -0.350669 0.110456
          0.184069 -0.317627 0.092271 0.202254 -0.350669 0.110456 0.220441 -0.351007 0.128643
          0.184069 -0.317627 0.092271 0.220441 -0.351007 0.128643 0.220441 -0.317627 0.128643
          0.162849 -0.317627 0.113477 0.19922 -0.317627 0.149849 0.199221 -0.351007 0.14985
          0.162849 -0.317627 0.113477 0.199221 -0.351007 0.14985 0.162849 -0.351007 0.113477
          0.0901046 -0.245195 0.040733 0.0901046 -0.208832 0.040733 0.126477 -0.208832 0.0771047
          0.0901046 -0.245195 0.040733 0.126477 -0.208832 0.0771047 0.126477 -0.245195 0.0771047
          0.111325 -0.208832 0.0195274 0.111325 -0.245195 0.0195274 0.147697 -0.245195 0.0558993
          0.111325 -0.208832 0.0195274 0.147697 -0.245195 0.0558993 0.147697 -0.208832 0.0558993
          0.0901095 -0.136114 0.0407378 0.0901046 -0.172468 0.040733 0.0537376 -0.172478 0.00436585
          0.0901095 -0.136114 0.0407378 0.0537376 -0.172478 0.00436585 0.0537632 -0.136161 0.00439149
          0.0901046 -0.172468 0.040733 0.0901046 -0.208832 0.040733 0.0537328 -0.208832 0.00436104
          0.0901046 -0.172468 0.040733 0.0537328 -0.208832 0.00436104 0.0537376 -0.172478 0.00436585
          0.0901046 -0.208832 0.040733 0.0901046 -0.172468 0.040733 0.126477 -0.172468 0.0771047
          0.0901046 -0.208832 0.040733 0.126477 -0.172468 0.0771047 0.126477 -0.208832 0.0771047
          0.111325 -0.172468 0.0195274 0.111325 -0.208832 0.0195274 0.147697 -0.208832 0.0558993
          0.111325 -0.172468 0.0195274 0.147697 -0.208832 0.0558993 0.147697 -0.172468 0.0558993
          0.162849 -0.136105 0.113477 0.162849 -0.172468 0.113477 0.126477 -0.172468 0.0771047
          0.162849 -0.136105 0.113477 0.126477 -0.172468 0.0771047 0.126477 -0.136105 0.0771047
          0.162849 -0.172468 0.113477 0.162849 -0.208832 0.113477 0.126477 -0.208832 0.0771047
          0.162849 -0.172468 0.113477 0.126477 -0.208832 0.0771047 0.126477 -0.172468 0.0771047
          0.184069 -0.245195 0.0922711 0.220441 -0.245195 0.128643 0.220441 -0.208832 0.128643
          0.184069 -0.245195 0.0922711 0.220441 -0.208832 0.128643 0.184069 -0.208832 0.0922711
          0.162849 -0.245195 0.113477 0.162849 -0.208832 0.113477 0.19922 -0.208832 0.149849
          0.162849 -0.245195 0.113477 0.19922 -0.208832 0.149849 0.19922 -0.245195 0.149849
          0.184069 -0.172468 0.0922711 0.184069 -0.208832 0.0922711 0.220441 -0.208832 0.128643
          0.184069 -0.172468 0.0922711 0.220441 -0.208832 0.128643 0.220441 -0.172468 0.128643
          0.162849 -0.172468 0.113477 0.19922 -0.172468 0.149849 0.19922 -0.208832 0.149849
          0.162849 -0.172468 0.113477 0.19922 -0.208832 0.149849 0.162849 -0.208832 0.113477
          0.256813 -0.172468 0.165015 0.256813 -0.136105 0.165015 0.220441 -0.136105 0.128643
          0.256813 -0.172468 0.165015 0.220441 -0.136105 0.128643 0.220441 -0.172468 0.128643
          0.0901198 -0.0997765 0.0407482 0.0901218 -0.0634374 0.0407502 0.126477 -0.0633773 0.0771047
          0.0901198 -0.0997765 0.0407482 0.126477 -0.0633773 0.0771047 0.126477 -0.0997409 0.0771047
          0.111325 -0.0633773 0.0195274 0.111325 -0.0997409 0.0195274 0.147697 -0.0997409 0.0558993
          0.111325 -0.0633773 0.0195274 0.147697 -0.0997409 0.0558993 0.147697 -0.0633773 0.0558993
          0.0901218 -0.0634374 0.0407502 0.0901311 -0.0270469 0.0407595 0.126477 -0.0270136 0.0771047
          0.0901218 -0.0634374 0.0407502 0.126477 -0.0270136 0.0771047 0.126477 -0.0633773 0.0771047
          0.111325 -0.0270136 0.0195274 0.111325 -0.0633773 0.0195274 0.147697 -0.0633773 0.0558993
          0.111325 -0.0270136 0.0195274 0.147697 -0.0633773 0.0558993 0.147697 -0.0270136 0.0558993
          0.162849 0.00935 0.113477 0.162849 -0.0270136 0.113477 0.126477 -0.0270136 0.0771047
          0.162849 0.00935 0.113477 0.126477 -0.0270136 0.0771047 0.126477 0.00935 0.0771047
          0.162849 -0.0270136 0.113477 0.162849 -0.0633773 0.113477 0.126477 -0.0633773 0.0771047
          0.162849 -0.0270136 0.113477 0.126477 -0.0633773 0.0771047 0.126477 -0.0270136 0.0771047
          0.184069 -0.0633773 0.0922711 0.184069 -0.0270136 0.0922711 0.147697 -0.0270136 0.0558993
          0.184069 -0.0633773 0.0922711 0.147697 -0.0270136 0.0558993 0.147697 -0.0633773 0.0558993
          0.184069 -0.0997409 0.0922711 0.220441 -0.0997409 0.128643 0.220441 -0.0633773 0.128643
          0.184069 -0.0997409 0.0922711 0.220441 -0.0633773 0.128643 0.184069 -0.0633773 0.0922711
          0.162849 -0.0997409 0.113477 0.162849 -0.0633773 0.113477 0.19922 -0.0633773 0.149849
          0.162849 -0.0997409 0.113477 0.19922 -0.0633773 0.149849 0.19922 -0.0997409 0.149849
          0.256813 -0.136105 0.165015 0.256813 -0.0997409 0.165015 0.220441 -0.0997409 0.128643
          0.256813 -0.136105 0.165015 0.220441 -0.0997409 0.128643 0.220441 -0.136105 0.128643
          0.184069 -0.0270136 0.0922711 0.184069 -0.0633773 0.0922711 0.220441 -0.0633773 0.128643
          0.184069 -0.0270136 0.0922711 0.220441 -0.0633773 0.128643 0.220441 -0.0270136 0.128643
          0.162849 -0.0270136 0.113477 0.19922 -0.0270136 0.149849 0.19922 -0.0633773 0.149849
          0.162849 -0.0270136 0.113477 0.19922 -0.0633773 0.149849 0.162849 -0.0633773 0.113477
          0.0901311 0.0457469 0.0407595 0.0901218 0.0821374 0.0407502 0.126477 0.0820773 0.0771047
          0.0901311 0.0457469 0.0407595 0.126477 0.0820773 0.0771047 0.126477 0.0457136 0.0771047
          0.111325 0.0820773 0.0195274 0.111325 0.0457136 0.0195274 0.147697 0.0457136 0.0558993
          0.111325 0.0820773 0.0195274 0.147697 0.0457136 0.0558993 0.147697 0.0820773 0.0558993
          0.0901218 0.0821374 0.0407502 0.0901198 0.118476 0.0407482 0.126477 0.118441 0.0771047
          0.0901218 0.0821374 0.0407502 0.126477 0.118441 0.0771047 0.126477 0.0820773 0.0771047
          0.111325 0.118441 0.0195274 0.111325 0.0820773 0.0195274 0.147697 0.0820773 0.0558993
          0.111325 0.118441 0.0195274 0.147697 0.0820773 0.0558993 0.147697 0.118441 0.0558993
          0.162849 0.154805 0.113477 0.162849 0.118441 0.113477 0.126477 0.118441 0.0771047
          0.162849 0.154805 0.113477 0.126477 0.118441 0.0771047 0.126477 0.154805 0.0771047
          0.162849 0.118441 0.113477 0.162849 0.0820773 0.113477 0.126477 0.0820773 0.0771047
          0.162849 0.118441 0.113477 0.126477 0.0820773 0.0771047 0.126477 0.118441 0.0771047
          0.184069 0.0457136 0.0922711 0.220441 0.0457136 0.128643 0.220441 0.0820773 0.128643
          0.184069 0.0457136 0.0922711 0.220441 0.0820773 0.128643 0.184069 0.0820773 0.0922711
          0.162849 0.0457136 0.113477 0.162849 0.0820773 0.113477 0.19922 0.0820773 0.149849
          0.162849 0.0457136 0.113477 0.19922 0.0820773 0.149849 0.19922 0.0457136 0.149849
          0.184069 0.118441 0.0922711 0.184069 0.0820773 0.0922711 0.220441 0.0820773 0.128643
          0.184069 0.118441 0.0922711 0.220441 0.0820773 0.128643 0.220441 0.118441 0.128643
          0.162849 0.118441 0.113477 0.19922 0.118441 0.149849 0.19922 0.0820773 0.149849
          0.162849 0.118441 0.113477 0.19922 0.0820773 0.149849 0.162849 0.0820773 0.113477
          0.256813 0.118441 0.165015 0.256813 0.154805 0.165015 0.220441 0.154805 0.128643
          0.256813 0.118441 0.165015 0.220441 0.154805 0.128643 0.220441 0.118441 0.128643
          0.0901046 0.191168 0.040733 0.0901046 0.227532 0.040733 0.126477 0.227532 0.0771047
          0.0901046 0.191168 0.040733 0.126477 0.227532 0.0771047 0.126477 0.191168 0.0771047
          0.111325 0.227532 0.0195274 0.111325 0.191168 0.0195274 0.147697 0.191168 0.0558993
          0.111325 0.227532 0.0195274 0.147697 0.191168 0.0558993 0.147697 0.227532 0.0558993
          0.0901046 0.300259 0.040733 0.0901046 0.263895 0.040733 0.0537328 0.263895 0.00436104
          0.0901046 0.300259 0.040733 0.0537328 0.263895 0.00436104 0.0537328 0.300259 0.00436104
          0.0901046 0.263895 0.040733 0.0901046 0.227532 0.040733 0.0537328 0.227532 0.00436104
          0.0901046 0.263895 0.040733 0.0537328 0.227532 0.00436104 0.0537328 0.263895 0.00436104
          0.0901046 0.227532 0.040733 0.0901046 0.263895 0.040733 0.126477 0.263895 0.0771047
          0.0901046 0.227532 0.040733 0.126477 0.263895 0.0771047 0.126477 0.227532 0.0771047
          0.111325 0.263895 0.0195274 0.111325 0.227532 0.0195274 0.147697 0.227532 0.0558993
          0.111325 0.263895 0.0195274 0.147697 0.227532 0.0558993 0.147697 0.263895 0.0558993
          0.162849 0.300259 0.113477 0.162849 0.263895 0.113477 0.126477 0.263895 0.0771047
          0.162849 0.300259 0.113477 0.126477 0.263895 0.0771047 0.126477 0.300259 0.0771047
          0.162849 0.263895 0.113477 0.162849 0.227532 0.113477 0.126477 0.227532 0.0771047
          0.162849 0.263895 0.113477 0.126477 0.227532 0.0771047 0.126477 0.263895 0.0771047
          0.184069 0.227532 0.0922711 0.184069 0.263895 0.0922711 0.147697 0.263895 0.0558993
          0.184069 0.227532 0.0922711 0.147697 0.263895 0.0558993 0.147697 0.227532 0.0558993
          0.184069 0.191168 0.0922711 0.220441 0.191168 0.128643 0.220441 0.227532 0.128643
          0.184069 0.191168 0.0922711 0.220441 0.227532 0.128643 0.184069 0.227532 0.0922711
          0.162849 0.191168 0.113477 0.162849 0.227532 0.113477 0.19922 0.227532 0.149849
          0.162849 0.191168 0.113477 0.19922 0.227532 0.149849 0.19922 0.191168 0.149849
          0.256813 0.154805 0.165015 0.256813 0.191168 0.165015 0.220441 0.191168 0.128643
          0.256813 0.154805 0.165015 0.220441 0.191168 0.128643 0.220441 0.154805 0.128643
          0.184069 0.263895 0.0922711 0.184069 0.227532 0.0922711 0.220441 0.227532 0.128643
          0.184069 0.263895 0.0922711 0.220441 0.227532 0.128643 0.220441 0.263895 0.128643
          0.162849 0.263895 0.113477 0.19922 0.263895 0.149849 0.19922 0.227532 0.149849
          0.162849 0.263895 0.113477 0.19922 0.227532 0.149849 0.162849 0.227532 0.113477
          0.0901047 0.336327 0.0407331 0.0901053 0.369707 0.0407337 0.126477 0.369707 0.0771054
          0.0901047 0.336327 0.0407331 0.126477 0.369707 0.0771054 0.126477 0.336327 0.0771048
          0.12951 0.369369 0.0377124 0.111325 0.369707 0.0195268 0.111325 0.336327 0.0195273
          0.12951 0.369369 0.0377124 0.111325 0.336327 0.0195273 0.147697 0.336327 0.0558992
          0.12951 0.369369 0.0377124 0.147697 0.336327 0.0558992 0.147697 0.369707 0.0558987
          0.0901053 0.369707 0.0407337 0.0901062 0.393571 0.0407346 0.108294 0.391237 0.0589228
          0.0901053 0.369707 0.0407337 0.108294 0.391237 0.0589228 0.126478 0.393571 0.0771064
          0.0901053 0.369707 0.0407337 0.126478 0.393571 0.0771064 0.126477 0.369707 0.0771054
          0.111324 0.393571 0.0195258 0.111325 0.369707 0.0195268 0.12951 0.369369 0.0377124
          0.111324 0.393571 0.0195258 0.12951 0.369369 0.0377124 0.108294 0.391237 0.0589228
          0.147696 0.393571 0.0558976 0.108294 0.391237 0.0589228 0.12951 0.369369 0.0377124
          0.147696 0.393571 0.0558976 0.12951 0.369369 0.0377124 0.147697 0.369707 0.0558987
          0.111324 0.393571 0.0195258 0.108294 0.391237 0.0589228 0.0901062 0.393571 0.0407346
          0.111324 0.393571 0.0195258 0.0901062 0.393571 0.0407346 0.0719225 0.391237 0.0225508
          0.147696 0.393571 0.0558976 0.144667 0.391237 0.0952943 0.126478 0.393571 0.0771064
          0.147696 0.393571 0.0558976 0.126478 0.393571 0.0771064 0.108294 0.391237 0.0589228
          0.165882 0.369369 0.074084 0.184069 0.369707 0.0922705 0.184068 0.393571 0.0922695
          0.165882 0.369369 0.074084 0.184068 0.393571 0.0922695 0.144667 0.391237 0.0952943
          0.220441 0.336327 0.128643 0.220441 0.369707 0.128643 0.202254 0.369369 0.110456
          0.220441 0.336327 0.128643 0.202254 0.369369 0.110456 0.184069 0.369707 0.0922705
          0.220441 0.336327 0.128643 0.184069 0.369707 0.0922705 0.184069 0.336327 0.092271
          0.162849 0.336327 0.113477 0.162849 0.369707 0.113477 0.199221 0.369707 0.14985
          0.162849 0.336327 0.113477 0.199221 0.369707 0.14985 0.19922 0.336327 0.149849
          0.256813 0.300259 0.165015 0.256813 0.336327 0.165015 0.220441 0.336327 0.128643
          0.256813 0.300259 0.165015 0.220441 0.336327 0.128643 0.220441 0.300259 0.128643
          0.184068 0.393571 0.0922695 0.184069 0.369707 0.0922705 0.202254 0.369369 0.110456
          0.184068 0.393571 0.0922695 0.202254 0.369369 0.110456 0.181038 0.391237 0.131666
          0.22044 0.393571 0.128642 0.181038 0.391237 0.131666 0.202254 0.369369 0.110456
          0.22044 0.393571 0.128642 0.202254 0.369369 0.110456 0.220441 0.369707 0.128643
          0.16285 0.393571 0.113478 0.144667 0.391237 0.0952943 0.184068 0.393571 0.0922695
          0.16285 0.393571 0.113478 0.184068 0.393571 0.0922695 0.181038 0.391237 0.131666
          0.16285 0.393571 0.113478 0.181038 0.391237 0.131666 0.199222 0.393571 0.14985
          0.16285 0.393571 0.113478 0.199222 0.393571 0.14985 0.199221 0.369707 0.14985
          0.16285 0.393571 0.113478 0.199221 0.369707 0.14985 0.162849 0.369707 0.113477
          0.199222 0.393571 0.14985 0.181038 0.391237 0.131666 0.22044 0.393571 0.128642
          0.199222 0.393571 0.14985 0.22044 0.393571 0.128642 0.21741 0.391237 0.168039
          0.238626 0.369369 0.146828 0.256812 0.369707 0.165014 0.256811 0.393571 0.165013
          0.238626 0.369369 0.146828 0.256811 0.393571 0.165013 0.21741 0.391237 0.168039
          0.253782 -0.372537 0.20441 0.235594 -0.374871 0.186222 0.235593 -0.351007 0.186221
          0.253782 -0.372537 0.20441 0.235593 -0.351007 0.186221 0.271965 -0.351007 0.222593
          0.253782 -0.372537 0.20441 0.271965 -0.351007 0.222593 0.271966 -0.374871 0.222594
          0.235594 -0.374871 0.186222 0.253782 -0.372537 0.20441 0.256811 -0.374871 0.165013
          0.235594 -0.374871 0.186222 0.256811 -0.374871 0.165013 0.21741 -0.372537 0.168039
          0.274998 -0.350669 0.1832 0.256812 -0.351007 0.165014 0.256811 -0.374871 0.165013
          0.274998 -0.350669 0.1832 0.256811 -0.374871 0.165013 0.253782 -0.372537 0.20441
          0.274998 -0.350669 0.1832 0.253782 -0.372537 0.20441 0.293183 -0.374871 0.201385
          0.274998 -0.350669 0.1832 0.293183 -0.374871 0.201385 0.293184 -0.351007 0.201386
          0.271966 -0.374871 0.222594 0.290139 -0.372538 0.240767 0.293183 -0.374871 0.201385
          0.271966 -0.374871 0.222594 0.293183 -0.374871 0.201385 0.253782 -0.372537 0.20441
          0.235592 -0.281559 0.186221 0.235592 -0.317627 0.186221 0.19922 -0.317627 0.149849
          0.235592 -0.281559 0.186221 0.19922 -0.317627 0.149849 0.19922 -0.281559 0.149849
          0.235592 -0.317627 0.186221 0.235593 -0.351007 0.186221 0.199221 -0.351007 0.14985
          0.235592 -0.317627 0.186221 0.199221 -0.351007 0.14985 0.19922 -0.317627 0.149849
          0.235593 -0.351007 0.186221 0.235592 -0.317627 0.186221 0.271964 -0.317627 0.222592
          0.235593 -0.351007 0.186221 0.271964 -0.317627 0.222592 0.271965 -0.351007 0.222593
          0.256813 -0.317627 0.165015 0.256812 -0.351007 0.165014 0.274998 -0.350669 0.1832
          0.256813 -0.317627 0.165015 0.274998 -0.350669 0.1832 0.293184 -0.351007 0.201386
          0.256813 -0.317627 0.165015 0.293184 -0.351007 0.201386 0.293185 -0.317627 0.201387
          0.308328 -0.281559 0.258957 0.308329 -0.317627 0.258957 0.271964 -0.317627 0.222592
          0.308328 -0.281559 0.258957 0.271964 -0.317627 0.222592 0.271964 -0.281559 0.222592
          0.308329 -0.317627 0.258957 0.308313 -0.351003 0.258942 0.271965 -0.351007 0.222593
          0.308329 -0.317627 0.258957 0.271965 -0.351007 0.222593 0.271964 -0.317627 0.222592
          0.31137 -0.350669 0.219572 0.329533 -0.351003 0.237734 0.32955 -0.317627 0.237751
          0.31137 -0.350669 0.219572 0.32955 -0.317627 0.237751 0.293185 -0.317627 0.201387
          0.31137 -0.350669 0.219572 0.293185 -0.317627 0.201387 0.293184 -0.351007 0.201386
          0.329499 -0.374873 0.2377 0.325675 -0.372635 0.276304 0.347422 -0.350663 0.255624
          0.329499 -0.374873 0.2377 0.347422 -0.350663 0.255624 0.329533 -0.351003 0.237734
          0.347422 -0.350663 0.255624 0.325675 -0.372635 0.276304 0.363244 -0.375138 0.271446
          0.347422 -0.350663 0.255624 0.363244 -0.375138 0.271446 0.363456 -0.350951 0.271657
          0.329499 -0.374873 0.2377 0.290139 -0.372538 0.240767 0.308281 -0.374873 0.258909
          0.329499 -0.374873 0.2377 0.308281 -0.374873 0.258909 0.325675 -0.372635 0.276304
          0.363244 -0.375138 0.271446 0.325675 -0.372635 0.276304 0.342027 -0.375137 0.292655
          0.363244 -0.375138 0.271446 0.342027 -0.375137 0.292655 0.365436 -0.375236 0.297791
          0.325675 -0.372635 0.276304 0.308281 -0.374873 0.258909 0.308313 -0.351003 0.258942
          0.325675 -0.372635 0.276304 0.308313 -0.351003 0.258942 0.342237 -0.350951 0.292866
          0.325675 -0.372635 0.276304 0.342237 -0.350951 0.292866 0.342027 -0.375137 0.292655
          0.32955 -0.317627 0.237751 0.329533 -0.351003 0.237734 0.347422 -0.350663 0.255624
          0.32955 -0.317627 0.237751 0.347422 -0.350663 0.255624 0.363456 -0.350951 0.271657
          0.32955 -0.317627 0.237751 0.363456 -0.350951 0.271657 0.363651 -0.317589 0.271852
          0.308329 -0.317627 0.258957 0.342432 -0.317589 0.29306 0.342237 -0.350951 0.292866
          0.308329 -0.317627 0.258957 0.342237 -0.350951 0.292866 0.308313 -0.351003 0.258942
          0.235592 -0.245195 0.186221 0.235592 -0.208832 0.186221 0.271964 -0.208832 0.222592
          0.235592 -0.245195 0.186221 0.271964 -0.208832 0.222592 0.271964 -0.245195 0.222592
          0.256813 -0.208832 0.165015 0.256813 -0.245195 0.165015 0.293185 -0.245195 0.201387
          0.256813 -0.208832 0.165015 0.293185 -0.245195 0.201387 0.293185 -0.208832 0.201387
          0.235592 -0.208832 0.186221 0.235592 -0.172468 0.186221 0.271964 -0.172468 0.222592
          0.235592 -0.208832 0.186221 0.271964 -0.172468 0.222592 0.271964 -0.208832 0.222592
          0.256813 -0.172468 0.165015 0.256813 -0.208832 0.165015 0.293185 -0.208832 0.201387
          0.256813 -0.172468 0.165015 0.293185 -0.208832 0.201387 0.293185 -0.172468 0.201387
          0.308328 -0.245195 0.258957 0.308328 -0.281559 0.258957 0.271964 -0.281559 0.222592
          0.308328 -0.245195 0.258957 0.271964 -0.281559 0.222592 0.271964 -0.245195 0.222592
          0.308328 -0.208832 0.258957 0.308328 -0.245195 0.258957 0.271964 -0.245195 0.222592
          0.308328 -0.208832 0.258957 0.271964 -0.245195 0.222592 0.271964 -0.208832 0.222592
          0.308328 -0.136105 0.258957 0.308328 -0.172468 0.258957 0.271964 -0.172468 0.222592
          0.308328 -0.136105 0.258957 0.271964 -0.172468 0.222592 0.271964 -0.136105 0.222592
          0.308328 -0.172468 0.258957 0.308328 -0.208832 0.258957 0.271964 -0.208832 0.222592
          0.308328 -0.172468 0.258957 0.271964 -0.208832 0.222592 0.271964 -0.172468 0.222592
          0.32955 -0.172468 0.237751 0.32955 -0.136105 0.237751 0.293185 -0.136105 0.201387
          0.32955 -0.172468 0.237751 0.293185 -0.136105 0.201387 0.293185 -0.172468 0.201387
          0.32955 -0.245195 0.237751 0.363671 -0.245195 0.271872 0.363671 -0.208832 0.271872
          0.32955 -0.245195 0.237751 0.363671 -0.208832 0.271872 0.32955 -0.208832 0.237751
          0.308328 -0.245195 0.258957 0.308328 -0.208832 0.258957 0.342452 -0.208832 0.29308
          0.308328 -0.245195 0.258957 0.342452 -0.208832 0.29308 0.342452 -0.245195 0.29308
          0.32955 -0.172468 0.237751 0.32955 -0.208832 0.237751 0.363671 -0.208832 0.271872
          0.32955 -0.172468 0.237751 0.363671 -0.208832 0.271872 0.363671 -0.172468 0.271872
          0.308328 -0.172468 0.258957 0.342452 -0.172468 0.29308 0.342452 -0.208832 0.29308
          0.308328 -0.172468 0.258957 0.342452 -0.208832 0.29308 0.308328 -0.208832 0.258957
          0.235592 -0.0997409 0.186221 0.235592 -0.0633773 0.186221 0.271964 -0.0633773 0.222592
          0.235592 -0.0997409 0.186221 0.271964 -0.0633773 0.222592 0.271964 -0.0997409 0.222592
          0.256813 -0.0633773 0.165015 0.256813 -0.0997409 0.165015 0.293185 -0.0997409 0.201387
          0.256813 -0.0633773 0.165015 0.293185 -0.0997409 0.201387 0.293185 -0.0633773 0.201387
          0.235592 0.00935 0.186221 0.235592 -0.0270136 0.186221 0.19922 -0.0270136 0.149849
          0.235592 0.00935 0.186221 0.19922 -0.0270136 0.149849 0.19922 0.00935 0.149849
          0.235592 -0.0270136 0.186221 0.235592 -0.0633773 0.186221 0.19922 -0.0633773 0.149849
          0.235592 -0.0270136 0.186221 0.19922 -0.0633773 0.149849 0.19922 -0.0270136 0.149849
          0.235592 -0.0633773 0.186221 0.235592 -0.0270136 0.186221 0.271964 -0.0270136 0.222592
          0.235592 -0.0633773 0.186221 0.271964 -0.0270136 0.222592 0.271964 -0.0633773 0.222592
          0.256813 -0.0270136 0.165015 0.256813 -0.0633773 0.165015 0.293185 -0.0633773 0.201387
          0.256813 -0.0270136 0.165015 0.293185 -0.0633773 0.201387 0.293185 -0.0270136 0.201387
          0.308328 -0.0997409 0.258957 0.308328 -0.136105 0.258957 0.271964 -0.136105 0.222592
          0.308328 -0.0997409 0.258957 0.271964 -0.136105 0.222592 0.271964 -0.0997409 0.222592
          0.308328 -0.0633773 0.258957 0.308328 -0.0997409 0.258957 0.271964 -0.0997409 0.222592
          0.308328 -0.0633773 0.258957 0.271964 -0.0997409 0.222592 0.271964 -0.0633773 0.222592
          0.32955 -0.0997409 0.237751 0.363671 -0.0997409 0.271872 0.363671 -0.0633773 0.271872
          0.32955 -0.0997409 0.237751 0.363671 -0.0633773 0.271872 0.32955 -0.0633773 0.237751
          0.308328 -0.0997409 0.258957 0.308328 -0.0633773 0.258957 0.342452 -0.0633773 0.29308
          0.308328 -0.0997409 0.258957 0.342452 -0.0633773 0.29308 0.342452 -0.0997409 0.29308
          0.32955 -0.0270136 0.237751 0.32955 -0.0633773 0.237751 0.363671 -0.0633773 0.271872
          0.32955 -0.0270136 0.237751 0.363671 -0.0633773 0.271872 0.363671 -0.0270136 0.271872
          0.308328 -0.0270136 0.258957 0.342452 -0.0270136 0.29308 0.342452 -0.0633773 0.29308
          0.308328 -0.0270136 0.258957 0.342452 -0.0633773 0.29308 0.308328 -0.0633773 0.258957
          0.235592 0.0457136 0.186221 0.235592 0.0820773 0.186221 0.271964 0.0820773 0.222592
          0.235592 0.0457136 0.186221 0.271964 0.0820773 0.222592 0.271964 0.0457136 0.222592
          0.256813 0.0820773 0.165015 0.256813 0.0457136 0.165015 0.293185 0.0457136 0.201387
          0.256813 0.0820773 0.165015 0.293185 0.0457136 0.201387 0.293185 0.0820773 0.201387
          0.235592 0.0820773 0.186221 0.235592 0.118441 0.186221 0.271964 0.118441 0.222592
          0.235592 0.0820773 0.186221 0.271964 0.118441 0.222592 0.271964 0.0820773 0.222592
          0.256813 0.118441 0.165015 0.256813 0.0820773 0.165015 0.293185 0.0820773 0.201387
          0.256813 0.118441 0.165015 0.293185 0.0820773 0.201387 0.293185 0.118441 0.201387
          0.308328 0.0457136 0.258957 0.308328 0.00935 0.258957 0.271964 0.00935 0.222592
          0.308328 0.0457136 0.258957 0.271964 0.00935 0.222592 0.271964 0.0457136 0.222592
          0.308328 0.0820773 0.258957 0.308328 0.0457136 0.258957 0.271964 0.0457136 0.222592
          0.308328 0.0820773 0.258957 0.271964 0.0457136 0.222592 0.271964 0.0820773 0.222592
          0.308328 0.154805 0.258957 0.308328 0.118441 0.258957 0.271964 0.118441 0.222592
          0.308328 0.154805 0.258957 0.271964 0.118441 0.222592 0.271964 0.154805 0.222592
          0.308328 0.118441 0.258957 0.308328 0.0820773 0.258957 0.271964 0.0820773 0.222592
          0.308328 0.118441 0.258957 0.271964 0.0820773 0.222592 0.271964 0.118441 0.222592
          0.32955 0.118441 0.237751 0.32955 0.154805 0.237751 0.293185 0.154805 0.201387
          0.32955 0.118441 0.237751 0.293185 0.154805 0.201387 0.293185 0.118441 0.201387
          0.32955 0.0457136 0.237751 0.363671 0.0457136 0.271872 0.363671 0.0820773 0.271872
          0.32955 0.0457136 0.237751 0.363671 0.0820773 0.271872 0.32955 0.0820773 0.237751
          0.308328 0.0457136 0.258957 0.308328 0.0820773 0.258957 0.342452 0.0820773 0.29308
          0.308328 0.0457136 0.258957 0.342452 0.0820773 0.29308 0.342452 0.0457136 0.29308
          0.32955 0.118441 0.237751 0.32955 0.0820773 0.237751 0.363671 0.0820773 0.271872
          0.32955 0.118441 0.237751 0.363671 0.0820773 0.271872 0.363671 0.118441 0.271872
          0.308328 0.118441 0.258957 0.342452 0.118441 0.29308 0.342452 0.0820773 0.29308
          0.308328 0.118441 0.258957 0.342452 0.0820773 0.29308 0.308328 0.0820773 0.258957
          0.235592 0.191168 0.186221 0.235592 0.227532 0.186221 0.271964 0.227532 0.222592
          0.235592 0.191168 0.186221 0.271964 0.227532 0.222592 0.271964 0.191168 0.222592
          0.256813 0.227532 0.165015 0.256813 0.191168 0.165015 0.293185 0.191168 0.201387
          0.256813 0.227532 0.165015 0.293185 0.191168 0.201387 0.293185 0.227532 0.201387
          0.235592 0.300259 0.186221 0.235592 0.263895 0.186221 0.19922 0.263895 0.149849
          0.235592 0.300259 0.186221 0.19922 0.263895 0.149849 0.19922 0.300259 0.149849
          0.235592 0.263895 0.186221 0.235592 0.227532 0.186221 0.19922 0.227532 0.149849
          0.235592 0.263895 0.186221 0.19922 0.227532 0.149849 0.19922 0.263895 0.149849
          0.235592 0.227532 0.186221 0.235592 0.263895 0.186221 0.271964 0.263895 0.222592
          0.235592 0.227532 0.186221 0.271964 0.263895 0.222592 0.271964 0.227532 0.222592
          0.256813 0.263895 0.165015 0.256813 0.227532 0.165015 0.293185 0.227532 0.201387
          0.256813 0.263895 0.165015 0.293185 0.227532 0.201387 0.293185 0.263895 0.201387
          0.308328 0.191168 0.258957 0.308328 0.154805 0.258957 0.271964 0.154805 0.222592
          0.308328 0.191168 0.258957 0.271964 0.154805 0.222592 0.271964 0.191168 0.222592
          0.308328 0.227532 0.258957 0.308328 0.191168 0.258957 0.271964 0.191168 0.222592
          0.308328 0.227532 0.258957 0.271964 0.191168 0.222592 0.271964 0.227532 0.222592
          0.32955 0.191168 0.237751 0.363671 0.191168 0.271872 0.363671 0.227532 0.271872
          0.32955 0.191168 0.237751 0.363671 0.227532 0.271872 0.32955 0.227532 0.237751
          0.308328 0.191168 0.258957 0.308328 0.227532 0.258957 0.342452 0.227532 0.29308
          0.308328 0.191168 0.258957 0.342452 0.227532 0.29308 0.342452 0.191168 0.29308
          0.32955 0.263895 0.237751 0.32955 0.227532 0.237751 0.363671 0.227532 0.271872
          0.32955 0.263895 0.237751 0.363671 0.227532 0.271872 0.363671 0.263895 0.271872
          0.308328 0.263895 0.258957 0.342452 0.263895 0.29308 0.342452 0.227532 0.29308
          0.308328 0.263895 0.258957 0.342452 0.227532 0.29308 0.308328 0.227532 0.258957
          0.235592 0.336327 0.186221 0.235593 0.369707 0.186221 0.271965 0.369707 0.222593
          0.235592 0.336327 0.186221 0.271965 0.369707 0.222593 0.271964 0.336327 0.222592
          0.274998 0.369369 0.1832 0.256812 0.369707 0.165014 0.256813 0.336327 0.165015
          0.274998 0.369369 0.1832 0.256813 0.336327 0.165015 0.293185 0.336327 0.201387
          0.274998 0.369369 0.1832 0.293185 0.336327 0.201387 0.293184 0.369707 0.201386
          0.235593 0.369707 0.186221 0.235594 0.393571 0.186222 0.253782 0.391237 0.20441
          0.235593 0.369707 0.186221 0.253782 0.391237 0.20441 0.271966 0.393571 0.222594
          0.235593 0.369707 0.186221 0.271966 0.393571 0.222594 0.271965 0.369707 0.222593
          0.256811 0.393571 0.165013 0.256812 0.369707 0.165014 0.274998 0.369369 0.1832
          0.256811 0.393571 0.165013 0.274998 0.369369 0.1832 0.253782 0.391237 0.20441
          0.293183 0.393571 0.201385 0.253782 0.391237 0.20441 0.274998 0.369369 0.1832
          0.293183 0.393571 0.201385 0.274998 0.369369 0.1832 0.293184 0.369707 0.201386
          0.256811 0.393571 0.165013 0.253782 0.391237 0.20441 0.235594 0.393571 0.186222
          0.256811 0.393571 0.165013 0.235594 0.393571 0.186222 0.21741 0.391237 0.168039
          0.293183 0.393571 0.201385 0.290139 0.391238 0.240767 0.271966 0.393571 0.222594
          0.293183 0.393571 0.201385 0.271966 0.393571 0.222594 0.253782 0.391237 0.20441
          0.31137 0.369369 0.219572 0.329533 0.369703 0.237734 0.329499 0.393573 0.2377
          0.31137 0.369369 0.219572 0.329499 0.393573 0.2377 0.290139 0.391238 0.240767
          0.32955 0.336327 0.237751 0.363651 0.336289 0.271852 0.363456 0.369651 0.271657
          0.32955 0.336327 0.237751 0.363456 0.369651 0.271657 0.347422 0.369363 0.255624
          0.32955 0.336327 0.237751 0.347422 0.369363 0.255624 0.329533 0.369703 0.237734
          0.342237 0.369651 0.292866 0.342432 0.336289 0.29306 0.308329 0.336327 0.258957
          0.342237 0.369651 0.292866 0.308329 0.336327 0.258957 0.308313 0.369703 0.258942
          0.329499 0.393573 0.2377 0.329533 0.369703 0.237734 0.347422 0.369363 0.255624
          0.329499 0.393573 0.2377 0.347422 0.369363 0.255624 0.325675 0.391335 0.276304
          0.363244 0.393838 0.271446 0.325675 0.391335 0.276304 0.347422 0.369363 0.255624
          0.363244 0.393838 0.271446 0.347422 0.369363 0.255624 0.363456 0.369651 0.271657
          0.308281 0.393573 0.258909 0.290139 0.391238 0.240767 0.329499 0.393573 0.2377
          0.308281 0.393573 0.258909 0.329499 0.393573 0.2377 0.325675 0.391335 0.276304
          0.308281 0.393573 0.258909 0.325675 0.391335 0.276304 0.342027 0.393837 0.292655
          0.308281 0.393573 0.258909 0.342027 0.393837 0.292655 0.342237 0.369651 0.292866
          0.308281 0.393573 0.258909 0.342237 0.369651 0.292866 0.308313 0.369703 0.258942
          0.342027 0.393837 0.292655 0.325675 0.391335 0.276304 0.363244 0.393838 0.271446
          0.342027 0.393837 0.292655 0.363244 0.393838 0.271446 0.365436 0.393936 0.297791
          -0.0279716 -0.0447216 -0.0773434 -0.0265364 -0.0629508 -0.0759082 -0.0456557 -0.0637385 -0.0950275
          -0.0279716 -0.0447216 -0.0773434 -0.0456557 -0.0637385 -0.0950275 -0.0458613 -0.0456558 -0.095233
          -0.0478395 -0.026586 -0.0972112 -0.0464168 -0.00837118 -0.0957885 -0.0281217 -0.00883766 -0.0774935
          -0.0478395 -0.026586 -0.0972112 -0.0281217 -0.00883766 -0.0774935 -0.0281286 -0.0269509 -0.0775004
          -0.0464168 -0.00837118 -0.0957885 -0.0462952 0.00935 -0.0956669 -0.0281145 0.00935 -0.0774863
          -0.0464168 -0.00837118 -0.0957885 -0.0281145 0.00935 -0.0774863 -0.0281217 -0.00883766 -0.0774935
          -0.00991336 -0.0269593 -0.0592851 -0.00991015 -0.00883182 -0.0592819 0.00826425 -0.00883182 -0.0411075
          -0.00991336 -0.0269593 -0.0592851 0.00826425 -0.00883182 -0.0411075 0.00826675 -0.0269586 -0.041105
          0.00826675 -0.0269586 -0.041105 0.00839861 -0.0447768 -0.0409731 -0.0100309 -0.0447386 -0.0594026
          0.00826675 -0.0269586 -0.041105 -0.0100309 -0.0447386 -0.0594026 -0.00991336 -0.0269593 -0.0592851
          -0.0265364 0.0816508 -0.0759082 -0.0279716 0.0634215 -0.0773434 -0.0458613 0.0643558 -0.095233
          -0.0265364 0.0816508 -0.0759082 -0.0458613 0.0643558 -0.095233 -0.0456557 0.0824385 -0.0950275
          -0.0464168 0.0270712 -0.0957885 -0.0478395 0.045286 -0.0972112 -0.0281286 0.0456509 -0.0775004
          -0.0464168 0.0270712 -0.0957885 -0.0281286 0.0456509 -0.0775004 -0.0281217 0.0275377 -0.0774935
          -0.0462952 0.00935 -0.0956669 -0.0464168 0.0270712 -0.0957885 -0.0281217 0.0275377 -0.0774935
          -0.0462952 0.00935 -0.0956669 -0.0281217 0.0275377 -0.0774935 -0.0281145 0.00935 -0.0774863
          0.00826675 0.0456586 -0.041105 0.00826425 0.0275318 -0.0411075 -0.00991015 0.0275318 -0.0592819
          0.00826675 0.0456586 -0.041105 -0.00991015 0.0275318 -0.0592819 -0.00991336 0.0456593 -0.0592851
          -0.00991336 0.0456593 -0.0592851 -0.0100309 0.0634386 -0.0594026 0.00839861 0.0634768 -0.0409731
          -0.00991336 0.0456593 -0.0592851 0.00839861 0.0634768 -0.0409731 0.00826675 0.0456586 -0.041105
          0.0264399 0.0275318 -0.0229319 0.026428 0.0456562 -0.0229438 0.0442213 0.0457508 -0.00515045
          0.0264399 0.0275318 -0.0229319 0.0442213 0.0457508 -0.00515045 0.0442146 0.0275375 -0.00515717
          -0.0643231 -0.0083687 -0.113695 -0.0629155 -0.0265697 -0.112287 -0.0822172 -0.0270291 -0.131589
          -0.0643231 -0.0083687 -0.113695 -0.0822172 -0.0270291 -0.131589 -0.0822203 -0.00883875 -0.131592
          -0.0279716 -0.0447216 -0.0773434 -0.0100309 -0.0447386 -0.0594026 -0.0114425 -0.0629518 -0.0608143
          -0.0279716 -0.0447216 -0.0773434 -0.0114425 -0.0629518 -0.0608143 -0.0190087 -0.0681881 -0.0683805
          -0.0279716 -0.0447216 -0.0773434 -0.0190087 -0.0681881 -0.0683805 -0.0265364 -0.0629508 -0.0759082
          0.02644 0.00935 -0.0229318 0.0264399 -0.00883182 -0.0229319 0.00826425 -0.00883182 -0.0411075
          0.02644 0.00935 -0.0229318 0.00826425 -0.00883182 -0.0411075 0.00826424 0.00935 -0.0411075
          -0.0464168 0.0270712 -0.0957885 -0.0462952 0.00935 -0.0956669 -0.0644448 0.00935 -0.113816
          -0.0464168 0.0270712 -0.0957885 -0.0644448 0.00935 -0.113816 -0.0643231 0.0270687 -0.113695
          -0.0281217 0.0275377 -0.0774935 -0.00991015 0.0275318 -0.0592819 -0.00991015 0.00935 -0.0592819
          -0.0281217 0.0275377 -0.0774935 -0.00991015 0.00935 -0.0592819 -0.0281145 0.00935 -0.0774863
          0.0264399 0.0275318 -0.0229319 0.02644 0.00935 -0.0229318 0.00826424 0.00935 -0.0411075
          0.0264399 0.0275318 -0.0229319 0.00826424 0.00935 -0.0411075 0.00826425 0.0275318 -0.0411075
          0.026428 0.0456562 -0.0229438 0.0262908 0.0636453 -0.023081 0.0441147 0.0642567 -0.00525703
          0.026428 0.0456562 -0.0229438 0.0441147 0.0642567 -0.00525703 0.0442213 0.0457508 -0.00515045
          -0.200378 -0.3509 -0.267765 -0.198397 -0.350951 -0.247769 -0.198186 -0.375138 -0.247558
          -0.200378 -0.3509 -0.267765 -0.198186 -0.375138 -0.247558 -0.200377 -0.375236 -0.267766
          -0.200378 -0.3509 -0.267765 -0.200377 -0.375236 -0.267766 -0.176969 -0.375137 -0.268767
          -0.200378 -0.3509 -0.267765 -0.176969 -0.375137 -0.268767 -0.177179 -0.350951 -0.268977
          -0.125093 -0.350669 -0.216891 -0.143255 -0.351003 -0.235053 -0.143223 -0.374873 -0.235021
          -0.125093 -0.350669 -0.216891 -0.143223 -0.374873 -0.235021 -0.146294 -0.372538 -0.195666
          -0.146294 -0.372538 -0.195666 -0.16444 -0.374873 -0.213812 -0.164474 -0.351003 -0.213846
          -0.146294 -0.372538 -0.195666 -0.164474 -0.351003 -0.213846 -0.128126 -0.351007 -0.177498
          -0.146294 -0.372538 -0.195666 -0.128126 -0.351007 -0.177498 -0.128125 -0.374871 -0.177497
          -0.198592 -0.317589 -0.247964 -0.198612 -0.281559 -0.247984 -0.164491 -0.281559 -0.213863
          -0.198592 -0.317589 -0.247964 -0.164491 -0.281559 -0.213863 -0.164491 -0.317627 -0.213863
          -0.200378 -0.281559 -0.267765 -0.200378 -0.317571 -0.267765 -0.177374 -0.317589 -0.269172
          -0.200378 -0.281559 -0.267765 -0.177374 -0.317589 -0.269172 -0.177394 -0.281559 -0.269192
          -0.200378 -0.3509 -0.267765 -0.177179 -0.350951 -0.268977 -0.177374 -0.317589 -0.269172
          -0.200378 -0.3509 -0.267765 -0.177374 -0.317589 -0.269172 -0.200378 -0.317571 -0.267765
          -0.164474 -0.351003 -0.213846 -0.164491 -0.317627 -0.213863 -0.128127 -0.317627 -0.177499
          -0.164474 -0.351003 -0.213846 -0.128127 -0.317627 -0.177499 -0.128126 -0.351007 -0.177498
          -0.14327 -0.317627 -0.235069 -0.143255 -0.351003 -0.235053 -0.125093 -0.350669 -0.216891
          -0.14327 -0.317627 -0.235069 -0.125093 -0.350669 -0.216891 -0.106907 -0.351007 -0.198705
          -0.14327 -0.317627 -0.235069 -0.106907 -0.351007 -0.198705 -0.106906 -0.317627 -0.198704
          -0.125093 -0.350669 -0.216891 -0.146294 -0.372538 -0.195666 -0.106908 -0.374871 -0.198706
          -0.125093 -0.350669 -0.216891 -0.106908 -0.374871 -0.198706 -0.106907 -0.351007 -0.198705
          -0.0523494 -0.350669 -0.144147 -0.0705347 -0.351007 -0.162333 -0.0705357 -0.374871 -0.162334
          -0.0523494 -0.350669 -0.144147 -0.0705357 -0.374871 -0.162334 -0.0735652 -0.372537 -0.122937
          -0.0705342 -0.317627 -0.162332 -0.0705341 -0.281559 -0.162332 -0.106906 -0.281559 -0.198704
          -0.0705342 -0.317627 -0.162332 -0.106906 -0.281559 -0.198704 -0.106906 -0.317627 -0.198704
          -0.0705341 -0.281559 -0.162332 -0.0705342 -0.317627 -0.162332 -0.0341624 -0.317627 -0.12596
          -0.0705341 -0.281559 -0.162332 -0.0341624 -0.317627 -0.12596 -0.0341623 -0.281559 -0.12596
          -0.0917547 -0.317627 -0.141127 -0.0917548 -0.281559 -0.141127 -0.055383 -0.281559 -0.104755
          -0.0917547 -0.317627 -0.141127 -0.055383 -0.281559 -0.104755 -0.055383 -0.317627 -0.104755
          -0.0917542 -0.351007 -0.141126 -0.0917547 -0.317627 -0.141127 -0.055383 -0.317627 -0.104755
          -0.0917542 -0.351007 -0.141126 -0.055383 -0.317627 -0.104755 -0.0553824 -0.351007 -0.104754
          -0.198612 -0.245195 -0.247984 -0.164491 -0.245195 -0.213863 -0.164491 -0.281559 -0.213863
          -0.198612 -0.245195 -0.247984 -0.164491 -0.281559 -0.213863 -0.198612 -0.281559 -0.247984
          -0.200378 -0.281559 -0.267765 -0.177394 -0.281559 -0.269192 -0.177394 -0.245195 -0.269192
          -0.200378 -0.281559 -0.267765 -0.177394 -0.245195 -0.269192 -0.200378 -0.245195 -0.267765
          -0.164491 -0.281559 -0.213863 -0.164491 -0.245195 -0.213863 -0.128127 -0.245195 -0.177499
          -0.164491 -0.281559 -0.213863 -0.128127 -0.245195 -0.177499 -0.128127 -0.281559 -0.177499
          -0.200378 -0.208832 -0.267765 -0.200378 -0.245195 -0.267765 -0.177394 -0.245195 -0.269192
          -0.200378 -0.208832 -0.267765 -0.177394 -0.245195 -0.269192 -0.177394 -0.208832 -0.269192
          -0.164491 -0.245195 -0.213863 -0.164491 -0.208832 -0.213863 -0.128127 -0.208832 -0.177499
          -0.164491 -0.245195 -0.213863 -0.128127 -0.208832 -0.177499 -0.128127 -0.245195 -0.177499
          -0.198612 -0.172468 -0.247984 -0.198612 -0.136105 -0.247984 -0.164491 -0.136105 -0.213863
          -0.198612 -0.172468 -0.247984 -0.164491 -0.136105 -0.213863 -0.164491 -0.172468 -0.213863
          -0.200378 -0.136105 -0.267765 -0.200378 -0.172468 -0.267765 -0.177394 -0.172468 -0.269192
          -0.200378 -0.136105 -0.267765 -0.177394 -0.172468 -0.269192 -0.177394 -0.136105 -0.269192
          -0.14327 -0.136105 -0.235068 -0.14327 -0.172468 -0.235068 -0.106906 -0.172468 -0.198704
          -0.14327 -0.136105 -0.235068 -0.106906 -0.172468 -0.198704 -0.106906 -0.136105 -0.198704
          -0.200378 -0.208832 -0.267765 -0.177394 -0.208832 -0.269192 -0.177394 -0.172468 -0.269192
          -0.200378 -0.208832 -0.267765 -0.177394 -0.172468 -0.269192 -0.200378 -0.172468 -0.267765
          -0.164491 -0.208832 -0.213863 -0.164491 -0.172468 -0.213863 -0.128127 -0.172469 -0.177499
          -0.164491 -0.208832 -0.213863 -0.128127 -0.172469 -0.177499 -0.128127 -0.208832 -0.177499
          -0.106906 -0.245195 -0.198704 -0.106906 -0.281559 -0.198704 -0.0705341 -0.281559 -0.162332
          -0.106906 -0.245195 -0.198704 -0.0705341 -0.281559 -0.162332 -0.0705341 -0.245195 -0.162332
          -0.0705341 -0.245195 -0.162332 -0.0705341 -0.281559 -0.162332 -0.0341623 -0.281559 -0.12596
          -0.0705341 -0.245195 -0.162332 -0.0341623 -0.281559 -0.12596 -0.0341623 -0.245195 -0.12596
          -0.0705341 -0.208832 -0.162332 -0.0705341 -0.245195 -0.162332 -0.0341623 -0.245195 -0.12596
          -0.0705341 -0.208832 -0.162332 -0.0341623 -0.245195 -0.12596 -0.0341623 -0.208832 -0.12596
          -0.0705341 -0.172468 -0.162332 -0.0705341 -0.136105 -0.162332 -0.106906 -0.136105 -0.198704
          -0.0705341 -0.172468 -0.162332 -0.106906 -0.136105 -0.198704 -0.106906 -0.172468 -0.198704
          -0.0705341 -0.136105 -0.162332 -0.0705341 -0.172468 -0.162332 -0.0341623 -0.172468 -0.12596
          -0.0705341 -0.136105 -0.162332 -0.0341623 -0.172468 -0.12596 -0.0341623 -0.136105 -0.12596
          -0.0917596 -0.172483 -0.141131 -0.091774 -0.13622 -0.141146 -0.0556042 -0.136456 -0.104976
          -0.0917596 -0.172483 -0.141131 -0.0556042 -0.136456 -0.104976 -0.0553993 -0.172493 -0.104771
          -0.0705341 -0.172468 -0.162332 -0.0705341 -0.208832 -0.162332 -0.0341623 -0.208832 -0.12596
          -0.0705341 -0.172468 -0.162332 -0.0341623 -0.208832 -0.12596 -0.0341623 -0.172468 -0.12596
          -0.0917548 -0.208832 -0.141127 -0.0917596 -0.172483 -0.141131 -0.0553993 -0.172493 -0.104771
          -0.0917548 -0.208832 -0.141127 -0.0553993 -0.172493 -0.104771 -0.055383 -0.208832 -0.104755
          -0.198612 -0.0997409 -0.247984 -0.16449 -0.0997444 -0.213862 -0.164491 -0.136105 -0.213863
          -0.198612 -0.0997409 -0.247984 -0.164491 -0.136105 -0.213863 -0.198612 -0.136105 -0.247984
          -0.200378 -0.136105 -0.267765 -0.177394 -0.136105 -0.269192 -0.177394 -0.0997409 -0.269192
          -0.200378 -0.136105 -0.267765 -0.177394 -0.0997409 -0.269192 -0.200378 -0.0997409 -0.267765
          -0.164491 -0.136105 -0.213863 -0.16449 -0.0997444 -0.213862 -0.128124 -0.0998465 -0.177496
          -0.164491 -0.136105 -0.213863 -0.128124 -0.0998465 -0.177496 -0.128128 -0.136121 -0.1775
          -0.200378 -0.0633773 -0.267765 -0.200378 -0.0997409 -0.267765 -0.177394 -0.0997409 -0.269192
          -0.200378 -0.0633773 -0.267765 -0.177394 -0.0997409 -0.269192 -0.177394 -0.0633773 -0.269192
          -0.198612 -0.0270136 -0.247984 -0.198612 0.00935 -0.247984 -0.164475 0.00935 -0.213847
          -0.198612 -0.0270136 -0.247984 -0.164475 0.00935 -0.213847 -0.164474 -0.0270178 -0.213846
          -0.200378 0.00935 -0.267765 -0.200378 -0.0270136 -0.267765 -0.177394 -0.0270136 -0.269192
          -0.200378 0.00935 -0.267765 -0.177394 -0.0270136 -0.269192 -0.177394 0.00935 -0.269192
          -0.164474 -0.0270178 -0.213846 -0.164475 0.00935 -0.213847 -0.128157 0.00935 -0.177529
          -0.164474 -0.0270178 -0.213846 -0.128157 0.00935 -0.177529 -0.128152 -0.00885524 -0.177524
          -0.164474 -0.0270178 -0.213846 -0.128152 -0.00885524 -0.177524 -0.128152 -0.0271105 -0.177524
          -0.200378 -0.0633773 -0.267765 -0.177394 -0.0633773 -0.269192 -0.177394 -0.0270136 -0.269192
          -0.200378 -0.0633773 -0.267765 -0.177394 -0.0270136 -0.269192 -0.200378 -0.0270136 -0.267765
          -0.164477 -0.0633847 -0.213849 -0.164474 -0.0270178 -0.213846 -0.128152 -0.0271105 -0.177524
          -0.164477 -0.0633847 -0.213849 -0.128152 -0.0271105 -0.177524 -0.128143 -0.0453615 -0.177515
          -0.164477 -0.0633847 -0.213849 -0.128143 -0.0453615 -0.177515 -0.128136 -0.0639927 -0.177508
          -0.14327 -0.0270136 -0.235068 -0.14327 -0.0633773 -0.235068 -0.106906 -0.0633773 -0.198704
          -0.14327 -0.0270136 -0.235068 -0.106906 -0.0633773 -0.198704 -0.106906 -0.0270136 -0.198704
          -0.106906 -0.0997409 -0.198704 -0.106906 -0.136105 -0.198704 -0.0705341 -0.136105 -0.162332
          -0.106906 -0.0997409 -0.198704 -0.0705341 -0.136105 -0.162332 -0.0705341 -0.0997409 -0.162332
          -0.0705341 -0.0270136 -0.162332 -0.0705341 0.00935 -0.162332 -0.106906 0.00935 -0.198704
          -0.0705341 -0.0270136 -0.162332 -0.106906 0.00935 -0.198704 -0.106906 -0.0270136 -0.198704
          -0.0705341 0.00935 -0.162332 -0.0705341 -0.0270136 -0.162332 -0.0341623 -0.0270136 -0.12596
          -0.0705341 0.00935 -0.162332 -0.0341623 -0.0270136 -0.12596 -0.0341623 0.00935 -0.12596
          -0.0822203 -0.00883875 -0.131592 -0.0822488 0.00935 -0.131621 -0.0644448 0.00935 -0.113816
          -0.0822203 -0.00883875 -0.131592 -0.0644448 0.00935 -0.113816 -0.0643231 -0.0083687 -0.113695
          -0.0943804 0.00935 -0.143752 -0.0822488 0.00935 -0.131621 -0.0822203 -0.00883875 -0.131592
          -0.0943804 0.00935 -0.143752 -0.0822203 -0.00883875 -0.131592 -0.0919199 -0.00885512 -0.141292
          -0.0943167 -0.0272377 -0.143689 -0.0919199 -0.00885512 -0.141292 -0.0822203 -0.00883875 -0.131592
          -0.0943167 -0.0272377 -0.143689 -0.0822203 -0.00883875 -0.131592 -0.0822172 -0.0270291 -0.131589
          -0.0931895 -0.0660295 -0.142561 -0.0917615 -0.045618 -0.141133 -0.0821425 -0.0454915 -0.131514
          -0.0931895 -0.0660295 -0.142561 -0.0821425 -0.0454915 -0.131514 -0.0822216 -0.0637283 -0.131593
          -0.0943167 -0.0272377 -0.143689 -0.0822172 -0.0270291 -0.131589 -0.0821425 -0.0454915 -0.131514
          -0.0943167 -0.0272377 -0.143689 -0.0821425 -0.0454915 -0.131514 -0.0917615 -0.045618 -0.141133
          -0.198612 0.0457136 -0.247984 -0.164474 0.0457178 -0.213846 -0.164475 0.00935 -0.213847
          -0.198612 0.0457136 -0.247984 -0.164475 0.00935 -0.213847 -0.198612 0.00935 -0.247984
          -0.200378 0.00935 -0.267765 -0.177394 0.00935 -0.269192 -0.177394 0.0457136 -0.269192
          -0.200378 0.00935 -0.267765 -0.177394 0.0457136 -0.269192 -0.200378 0.0457136 -0.267765
          -0.200378 0.0820773 -0.267765 -0.200378 0.0457136 -0.267765 -0.177394 0.0457136 -0.269192
          -0.200378 0.0820773 -0.267765 -0.177394 0.0457136 -0.269192 -0.177394 0.0820773 -0.269192
          -0.164474 0.0457178 -0.213846 -0.164477 0.0820847 -0.213849 -0.128136 0.0826927 -0.177508
          -0.164474 0.0457178 -0.213846 -0.128136 0.0826927 -0.177508 -0.128143 0.0640616 -0.177515
          -0.164474 0.0457178 -0.213846 -0.128143 0.0640616 -0.177515 -0.128152 0.0458105 -0.177524
          -0.198612 0.118441 -0.247984 -0.198612 0.154805 -0.247984 -0.164491 0.154805 -0.213863
          -0.198612 0.118441 -0.247984 -0.164491 0.154805 -0.213863 -0.16449 0.118444 -0.213862
          -0.200378 0.154805 -0.267765 -0.200378 0.118441 -0.267765 -0.177394 0.118441 -0.269192
          -0.200378 0.154805 -0.267765 -0.177394 0.118441 -0.269192 -0.177394 0.154805 -0.269192
          -0.16449 0.118444 -0.213862 -0.164491 0.154805 -0.213863 -0.128128 0.154821 -0.1775
          -0.16449 0.118444 -0.213862 -0.128128 0.154821 -0.1775 -0.128124 0.118546 -0.177496
          -0.14327 0.154805 -0.235068 -0.14327 0.118441 -0.235068 -0.106906 0.118441 -0.198704
          -0.14327 0.154805 -0.235068 -0.106906 0.118441 -0.198704 -0.106906 0.154805 -0.198704
          -0.200378 0.0820773 -0.267765 -0.177394 0.0820773 -0.269192 -0.177394 0.118441 -0.269192
          -0.200378 0.0820773 -0.267765 -0.177394 0.118441 -0.269192 -0.200378 0.118441 -0.267765
          -0.14327 0.118441 -0.235068 -0.14327 0.0820773 -0.235068 -0.106906 0.0820773 -0.198704
          -0.14327 0.118441 -0.235068 -0.106906 0.0820773 -0.198704 -0.106906 0.118441 -0.198704
          -0.106906 0.0457136 -0.198704 -0.106906 0.00935 -0.198704 -0.0705341 0.00935 -0.162332
          -0.106906 0.0457136 -0.198704 -0.0705341 0.00935 -0.162332 -0.0705341 0.0457136 -0.162332
          -0.0705341 0.0457136 -0.162332 -0.0705341 0.00935 -0.162332 -0.0341623 0.00935 -0.12596
          -0.0705341 0.0457136 -0.162332 -0.0341623 0.00935 -0.12596 -0.0341623 0.0457136 -0.12596
          -0.0943804 0.00935 -0.143752 -0.0919199 0.0275551 -0.141292 -0.0822203 0.0275387 -0.131592
          -0.0943804 0.00935 -0.143752 -0.0822203 0.0275387 -0.131592 -0.0822488 0.00935 -0.131621
          -0.0822203 0.0275387 -0.131592 -0.0822172 0.0457291 -0.131589 -0.0629155 0.0452697 -0.112287
          -0.0822203 0.0275387 -0.131592 -0.0629155 0.0452697 -0.112287 -0.0643231 0.0270687 -0.113695
          -0.0943167 0.0459377 -0.143689 -0.0822172 0.0457291 -0.131589 -0.0822203 0.0275387 -0.131592
          -0.0943167 0.0459377 -0.143689 -0.0822203 0.0275387 -0.131592 -0.0919199 0.0275551 -0.141292
          -0.0822172 0.0457291 -0.131589 -0.0821425 0.0641915 -0.131514 -0.0650639 0.0644335 -0.114436
          -0.0822172 0.0457291 -0.131589 -0.0650639 0.0644335 -0.114436 -0.0629155 0.0452697 -0.112287
          -0.0931895 0.0847295 -0.142561 -0.0822216 0.0824283 -0.131593 -0.0821425 0.0641915 -0.131514
          -0.0931895 0.0847295 -0.142561 -0.0821425 0.0641915 -0.131514 -0.0917615 0.064318 -0.141133
          -0.0943167 0.0459377 -0.143689 -0.0917615 0.064318 -0.141133 -0.0821425 0.0641915 -0.131514
          -0.0943167 0.0459377 -0.143689 -0.0821425 0.0641915 -0.131514 -0.0822172 0.0457291 -0.131589
          -0.106906 0.154805 -0.198704 -0.106906 0.118441 -0.198704 -0.0705341 0.118441 -0.162332
          -0.106906 0.154805 -0.198704 -0.0705341 0.118441 -0.162332 -0.0705341 0.154805 -0.162332
          -0.0738064 0.119202 -0.123178 -0.0918825 0.119318 -0.141254 -0.091774 0.15492 -0.141146
          -0.0738064 0.119202 -0.123178 -0.091774 0.15492 -0.141146 -0.0556042 0.155156 -0.104976
          -0.0738064 0.119202 -0.123178 -0.0556042 0.155156 -0.104976 -0.0568393 0.121622 -0.106211
          -0.0736803 0.0873267 -0.123052 -0.0822216 0.0824283 -0.131593 -0.0931895 0.0847295 -0.142561
          -0.0736803 0.0873267 -0.123052 -0.0931895 0.0847295 -0.142561 -0.0920024 0.10094 -0.141374
          -0.0736803 0.0873267 -0.123052 -0.0920024 0.10094 -0.141374 -0.0918825 0.119318 -0.141254
          -0.0736803 0.0873267 -0.123052 -0.0918825 0.119318 -0.141254 -0.0738064 0.119202 -0.123178
          -0.198612 0.191168 -0.247984 -0.164491 0.191168 -0.213863 -0.164491 0.154805 -0.213863
          -0.198612 0.191168 -0.247984 -0.164491 0.154805 -0.213863 -0.198612 0.154805 -0.247984
          -0.200378 0.154805 -0.267765 -0.177394 0.154805 -0.269192 -0.177394 0.191168 -0.269192
          -0.200378 0.154805 -0.267765 -0.177394 0.191168 -0.269192 -0.200378 0.191168 -0.267765
          -0.164491 0.154805 -0.213863 -0.164491 0.191168 -0.213863 -0.128127 0.191169 -0.177499
          -0.164491 0.154805 -0.213863 -0.128127 0.191169 -0.177499 -0.128128 0.154821 -0.1775
          -0.200378 0.227532 -0.267765 -0.200378 0.191168 -0.267765 -0.177394 0.191168 -0.269192
          -0.200378 0.227532 -0.267765 -0.177394 0.191168 -0.269192 -0.177394 0.227532 -0.269192
          -0.200378 0.300259 -0.267765 -0.200378 0.263895 -0.267765 -0.177394 0.263895 -0.269192
          -0.200378 0.300259 -0.267765 -0.177394 0.263895 -0.269192 -0.177394 0.300259 -0.269192
          -0.164491 0.300259 -0.213863 -0.164491 0.263895 -0.213863 -0.198612 0.263895 -0.247984
          -0.164491 0.300259 -0.213863 -0.198612 0.263895 -0.247984 -0.198612 0.300259 -0.247984
          -0.14327 0.300259 -0.235068 -0.14327 0.263895 -0.235068 -0.106906 0.263895 -0.198704
          -0.14327 0.300259 -0.235068 -0.106906 0.263895 -0.198704 -0.106906 0.300259 -0.198704
          -0.200378 0.227532 -0.267765 -0.177394 0.227532 -0.269192 -0.177394 0.263895 -0.269192
          -0.200378 0.227532 -0.267765 -0.177394 0.263895 -0.269192 -0.200378 0.263895 -0.267765
          -0.0705341 0.191168 -0.162332 -0.106906 0.191168 -0.198704 -0.106906 0.154805 -0.198704
          -0.0705341 0.191168 -0.162332 -0.106906 0.154805 -0.198704 -0.0705341 0.154805 -0.162332
          -0.0705341 0.191168 -0.162332 -0.0705341 0.154805 -0.162332 -0.0341623 0.154805 -0.12596
          -0.0705341 0.191168 -0.162332 -0.0341623 0.154805 -0.12596 -0.0341623 0.191168 -0.12596
          -0.0705341 0.227532 -0.162332 -0.0705341 0.191168 -0.162332 -0.0341623 0.191168 -0.12596
          -0.0705341 0.227532 -0.162332 -0.0341623 0.191168 -0.12596 -0.0341623 0.227532 -0.12596
          -0.106906 0.300259 -0.198704 -0.106906 0.263895 -0.198704 -0.0705341 0.263895 -0.162332
          -0.106906 0.300259 -0.198704 -0.0705341 0.263895 -0.162332 -0.0705341 0.300259 -0.162332
          -0.0705341 0.300259 -0.162332 -0.0705341 0.263895 -0.162332 -0.0341623 0.263895 -0.12596
          -0.0705341 0.300259 -0.162332 -0.0341623 0.263895 -0.12596 -0.0341623 0.300259 -0.12596
          -0.0917548 0.227532 -0.141127 -0.0917548 0.263895 -0.141127 -0.055383 0.263895 -0.104755
          -0.0917548 0.227532 -0.141127 -0.055383 0.263895 -0.104755 -0.055383 0.227532 -0.104755
          -0.198592 0.336289 -0.247964 -0.164491 0.336327 -0.213863 -0.164491 0.300259 -0.213863
          -0.198592 0.336289 -0.247964 -0.164491 0.300259 -0.213863 -0.198612 0.300259 -0.247984
          -0.200378 0.300259 -0.267765 -0.177394 0.300259 -0.269192 -0.177374 0.336289 -0.269172
          -0.200378 0.300259 -0.267765 -0.177374 0.336289 -0.269172 -0.200378 0.336271 -0.267765
          -0.164491 0.300259 -0.213863 -0.164491 0.336327 -0.213863 -0.128127 0.336327 -0.177499
          -0.164491 0.300259 -0.213863 -0.128127 0.336327 -0.177499 -0.128127 0.300259 -0.177499
          -0.200378 0.3696 -0.267765 -0.200378 0.336271 -0.267765 -0.177374 0.336289 -0.269172
          -0.200378 0.3696 -0.267765 -0.177374 0.336289 -0.269172 -0.177179 0.369651 -0.268977
          -0.200378 0.3696 -0.267765 -0.177179 0.369651 -0.268977 -0.176969 0.393837 -0.268767
          -0.200378 0.3696 -0.267765 -0.176969 0.393837 -0.268767 -0.200377 0.393936 -0.267766
          -0.164474 0.369703 -0.213846 -0.16444 0.393573 -0.213812 -0.146294 0.391238 -0.195666
          -0.164474 0.369703 -0.213846 -0.146294 0.391238 -0.195666 -0.128125 0.393571 -0.177497
          -0.164474 0.369703 -0.213846 -0.128125 0.393571 -0.177497 -0.128126 0.369707 -0.177498
          -0.125093 0.369369 -0.216891 -0.146294 0.391238 -0.195666 -0.143223 0.393573 -0.235021
          -0.125093 0.369369 -0.216891 -0.143223 0.393573 -0.235021 -0.143255 0.369703 -0.235053
          -0.106906 0.336327 -0.198704 -0.106906 0.300259 -0.198704 -0.0705341 0.300259 -0.162332
          -0.106906 0.336327 -0.198704 -0.0705341 0.300259 -0.162332 -0.0705342 0.336327 -0.162332
          -0.0705342 0.336327 -0.162332 -0.0705341 0.300259 -0.162332 -0.0341623 0.300259 -0.12596
          -0.0705342 0.336327 -0.162332 -0.0341623 0.300259 -0.12596 -0.0341624 0.336327 -0.12596
          -0.0523494 0.369369 -0.144147 -0.0705347 0.369707 -0.162333 -0.0705342 0.336327 -0.162332
          -0.0523494 0.369369 -0.144147 -0.0705342 0.336327 -0.162332 -0.0341624 0.336327 -0.12596
          -0.0523494 0.369369 -0.144147 -0.0341624 0.336327 -0.12596 -0.0341629 0.369707 -0.125961
          -0.0523494 0.369369 -0.144147 -0.0735652 0.391237 -0.122937 -0.0705357 0.393571 -0.162334
          -0.0523494 0.369369 -0.144147 -0.0705357 0.393571 -0.162334 -0.0705347 0.369707 -0.162333
          -0.0553824 -0.351007 -0.104754 -0.0553814 -0.374871 -0.104753 -0.0735652 -0.372537 -0.122937
          -0.0553824 -0.351007 -0.104754 -0.0735652 -0.372537 -0.122937 -0.0917532 -0.374871 -0.141125
          -0.0553824 -0.351007 -0.104754 -0.0917532 -0.374871 -0.141125 -0.0917542 -0.351007 -0.141126
          -0.0523494 -0.350669 -0.144147 -0.0735652 -0.372537 -0.122937 -0.0341639 -0.374871 -0.125962
          -0.0523494 -0.350669 -0.144147 -0.0341639 -0.374871 -0.125962 -0.0341629 -0.351007 -0.125961
          0.0203946 -0.350669 -0.0714036 0.00220908 -0.351007 -0.0895891 0.0022081 -0.374871 -0.08959
          0.0203946 -0.350669 -0.0714036 0.0022081 -0.374871 -0.08959 -0.000821318 -0.372537 -0.0501931
          -0.055383 -0.317627 -0.104755 -0.055383 -0.281559 -0.104755 -0.019011 -0.281559 -0.0683828
          -0.055383 -0.317627 -0.104755 -0.019011 -0.281559 -0.0683828 -0.019011 -0.317627 -0.0683827
          -0.0190104 -0.351007 -0.0683822 -0.019011 -0.317627 -0.0683827 0.0173609 -0.317627 -0.0320108
          -0.0190104 -0.351007 -0.0683822 0.0173609 -0.317627 -0.0320108 0.0173615 -0.351007 -0.0320103
          0.00220963 -0.317627 -0.0895885 0.00220908 -0.351007 -0.0895891 0.0203946 -0.350669 -0.0714036
          0.00220963 -0.317627 -0.0895885 0.0203946 -0.350669 -0.0714036 0.038581 -0.351007 -0.0532172
          0.00220963 -0.317627 -0.0895885 0.038581 -0.351007 -0.0532172 0.0385816 -0.317627 -0.0532166
          0.0203946 -0.350669 -0.0714036 -0.000821318 -0.372537 -0.0501931 0.03858 -0.374871 -0.0532181
          0.0203946 -0.350669 -0.0714036 0.03858 -0.374871 -0.0532181 0.038581 -0.351007 -0.0532172
          0.0173615 -0.351007 -0.0320103 0.0173625 -0.374871 -0.0320093 -0.000821318 -0.372537 -0.0501931
          0.0173615 -0.351007 -0.0320103 -0.000821318 -0.372537 -0.0501931 -0.0190094 -0.374871 -0.0683812
          0.0173615 -0.351007 -0.0320103 -0.0190094 -0.374871 -0.0683812 -0.0190104 -0.351007 -0.0683822
          0.0931384 -0.350669 0.00134028 0.0749529 -0.351007 -0.0168452 0.074952 -0.374871 -0.0168462
          0.0931384 -0.350669 0.00134028 0.074952 -0.374871 -0.0168462 0.0719225 -0.372537 0.0225508
          0.0385817 -0.281559 -0.0532165 0.0385816 -0.317627 -0.0532166 0.0749535 -0.317627 -0.0168447
          0.0385817 -0.281559 -0.0532165 0.0749535 -0.317627 -0.0168447 0.0749536 -0.281559 -0.0168446
          0.0749536 -0.281559 -0.0168446 0.0749535 -0.317627 -0.0168447 0.111325 -0.317627 0.0195273
          0.0749536 -0.281559 -0.0168446 0.111325 -0.317627 0.0195273 0.111325 -0.281559 0.0195274
          0.0537329 -0.317627 0.00436111 0.0537328 -0.281559 0.00436104 0.0901046 -0.281559 0.040733
          0.0537329 -0.317627 0.00436111 0.0901046 -0.281559 0.040733 0.0901047 -0.317627 0.0407331
          0.0537334 -0.351007 0.00436166 0.0537329 -0.317627 0.00436111 0.0901047 -0.317627 0.0407331
          0.0537334 -0.351007 0.00436166 0.0901047 -0.317627 0.0407331 0.0901053 -0.351007 0.0407337
          -0.055383 -0.245195 -0.104755 -0.019011 -0.245195 -0.0683828 -0.019011 -0.281559 -0.0683828
          -0.055383 -0.245195 -0.104755 -0.019011 -0.281559 -0.0683828 -0.055383 -0.281559 -0.104755
          -0.0553993 -0.172493 -0.104771 -0.0556042 -0.136456 -0.104976 -0.0373358 -0.136482 -0.0867076
          -0.0553993 -0.172493 -0.104771 -0.0373358 -0.136482 -0.0867076 -0.0190108 -0.136562 -0.0683826
          -0.0553993 -0.172493 -0.104771 -0.0190108 -0.136562 -0.0683826 -0.019011 -0.172483 -0.0683828
          -0.019011 -0.172483 -0.0683828 -0.0190108 -0.136562 -0.0683826 -0.000684876 -0.136485 -0.0500566
          -0.019011 -0.172483 -0.0683828 -0.000684876 -0.136485 -0.0500566 0.0175857 -0.136459 -0.0317861
          -0.019011 -0.172483 -0.0683828 0.0175857 -0.136459 -0.0317861 0.0173775 -0.172493 -0.0319943
          0.00220971 -0.136105 -0.0895884 0.00220971 -0.172468 -0.0895884 0.0385817 -0.172468 -0.0532165
          0.00220971 -0.136105 -0.0895884 0.0385817 -0.172468 -0.0532165 0.0385817 -0.136105 -0.0532165
          -0.019011 -0.208832 -0.0683828 -0.019011 -0.172483 -0.0683828 0.0173775 -0.172493 -0.0319943
          -0.019011 -0.208832 -0.0683828 0.0173775 -0.172493 -0.0319943 0.0173609 -0.208832 -0.0320109
          0.0385817 -0.245195 -0.0532165 0.0385817 -0.281559 -0.0532165 0.0749536 -0.281559 -0.0168446
          0.0385817 -0.245195 -0.0532165 0.0749536 -0.281559 -0.0168446 0.0749536 -0.245195 -0.0168446
          0.0749536 -0.245195 -0.0168446 0.0749536 -0.281559 -0.0168446 0.111325 -0.281559 0.0195274
          0.0749536 -0.245195 -0.0168446 0.111325 -0.281559 0.0195274 0.111325 -0.245195 0.0195274
          0.0749536 -0.208832 -0.0168446 0.0749536 -0.245195 -0.0168446 0.111325 -0.245195 0.0195274
          0.0749536 -0.208832 -0.0168446 0.111325 -0.245195 0.0195274 0.111325 -0.208832 0.0195274
          0.0385817 -0.136105 -0.0532165 0.0385817 -0.172468 -0.0532165 0.0749536 -0.172468 -0.0168446
          0.0385817 -0.136105 -0.0532165 0.0749536 -0.172468 -0.0168446 0.0749536 -0.136105 -0.0168446
          -0.0568393 -0.102922 -0.106211 -0.0458838 -0.10015 -0.0952555 -0.0373215 -0.104929 -0.0866933
          -0.0568393 -0.102922 -0.106211 -0.0373215 -0.104929 -0.0866933 -0.0373358 -0.136482 -0.0867076
          -0.0568393 -0.102922 -0.106211 -0.0373358 -0.136482 -0.0867076 -0.0556042 -0.136456 -0.104976
          -0.0190105 -0.105137 -0.0683823 -0.0190108 -0.136562 -0.0683826 -0.0373358 -0.136482 -0.0867076
          -0.0190105 -0.105137 -0.0683823 -0.0373358 -0.136482 -0.0867076 -0.0373215 -0.104929 -0.0866933
          -0.0190105 -0.105137 -0.0683823 -0.0373215 -0.104929 -0.0866933 -0.0287458 -0.100492 -0.0781176
          -0.000684876 -0.136485 -0.0500566 -0.0190108 -0.136562 -0.0683826 -0.0190105 -0.105137 -0.0683823
          -0.000684876 -0.136485 -0.0500566 -0.0190105 -0.105137 -0.0683823 -0.00926684 -0.100483 -0.0586386
          -0.000684876 -0.136485 -0.0500566 -0.00926684 -0.100483 -0.0586386 -0.000680588 -0.104927 -0.0500523
          -0.0564983 -0.0660469 -0.10587 -0.0456557 -0.0637385 -0.0950275 -0.045646 -0.0820942 -0.0950177
          -0.0564983 -0.0660469 -0.10587 -0.045646 -0.0820942 -0.0950177 -0.0551665 -0.0823874 -0.104538
          -0.0568393 -0.102922 -0.106211 -0.0551665 -0.0823874 -0.104538 -0.045646 -0.0820942 -0.0950177
          -0.0568393 -0.102922 -0.106211 -0.045646 -0.0820942 -0.0950177 -0.0458838 -0.10015 -0.0952555
          -0.0285823 -0.082344 -0.077954 -0.0287458 -0.100492 -0.0781176 -0.0373215 -0.104929 -0.0866933
          -0.0285823 -0.082344 -0.077954 -0.0373215 -0.104929 -0.0866933 -0.0458838 -0.10015 -0.0952555
          -0.0285823 -0.082344 -0.077954 -0.0458838 -0.10015 -0.0952555 -0.045646 -0.0820942 -0.0950177
          -0.0190087 -0.0681881 -0.0683805 -0.0190098 -0.0828559 -0.0683816 -0.0285823 -0.082344 -0.077954
          -0.0190087 -0.0681881 -0.0683805 -0.0285823 -0.082344 -0.077954 -0.0265364 -0.0629508 -0.0759082
          -0.0265364 -0.0629508 -0.0759082 -0.0285823 -0.082344 -0.077954 -0.045646 -0.0820942 -0.0950177
          -0.0265364 -0.0629508 -0.0759082 -0.045646 -0.0820942 -0.0950177 -0.0456557 -0.0637385 -0.0950275
          -0.0190105 -0.105137 -0.0683823 -0.0287458 -0.100492 -0.0781176 -0.0285823 -0.082344 -0.077954
          -0.0190105 -0.105137 -0.0683823 -0.0285823 -0.082344 -0.077954 -0.0190098 -0.0828559 -0.0683816
          -0.0190087 -0.0681881 -0.0683805 -0.0114425 -0.0629518 -0.0608143 -0.00941457 -0.0823313 -0.0587863
          -0.0190087 -0.0681881 -0.0683805 -0.00941457 -0.0823313 -0.0587863 -0.0190098 -0.0828559 -0.0683816
          -0.0190105 -0.105137 -0.0683823 -0.0190098 -0.0828559 -0.0683816 -0.00941457 -0.0823313 -0.0587863
          -0.0190105 -0.105137 -0.0683823 -0.00941457 -0.0823313 -0.0587863 -0.00926684 -0.100483 -0.0586386
          -0.0643231 -0.0083687 -0.113695 -0.0644448 0.00935 -0.113816 -0.0462952 0.00935 -0.0956669
          -0.0643231 -0.0083687 -0.113695 -0.0462952 0.00935 -0.0956669 -0.0464168 -0.00837118 -0.0957885
          -0.00991015 -0.00883182 -0.0592819 -0.00991015 0.00935 -0.0592819 0.00826424 0.00935 -0.0411075
          -0.00991015 -0.00883182 -0.0592819 0.00826424 0.00935 -0.0411075 0.00826425 -0.00883182 -0.0411075
          -0.00991015 0.00935 -0.0592819 -0.00991015 -0.00883182 -0.0592819 -0.0281217 -0.00883766 -0.0774935
          -0.00991015 0.00935 -0.0592819 -0.0281217 -0.00883766 -0.0774935 -0.0281145 0.00935 -0.0774863
          -0.0458613 -0.0456558 -0.095233 -0.0478395 -0.026586 -0.0972112 -0.0281286 -0.0269509 -0.0775004
          -0.0458613 -0.0456558 -0.095233 -0.0281286 -0.0269509 -0.0775004 -0.0279716 -0.0447216 -0.0773434
          -0.0564983 -0.0660469 -0.10587 -0.0555325 -0.0461306 -0.104904 -0.0458613 -0.0456558 -0.095233
          -0.0564983 -0.0660469 -0.10587 -0.0458613 -0.0456558 -0.095233 -0.0456557 -0.0637385 -0.0950275
          -0.0553968 -0.0317883 -0.104768 -0.0478395 -0.026586 -0.0972112 -0.0458613 -0.0456558 -0.095233
          -0.0553968 -0.0317883 -0.104768 -0.0458613 -0.0456558 -0.095233 -0.0555325 -0.0461306 -0.104904
          -0.0564983 -0.0660469 -0.10587 -0.0652701 -0.0639047 -0.114642 -0.0650639 -0.0457335 -0.114436
          -0.0564983 -0.0660469 -0.10587 -0.0650639 -0.0457335 -0.114436 -0.0555325 -0.0461306 -0.104904
          -0.0629155 -0.0265697 -0.112287 -0.0650639 -0.0457335 -0.114436 -0.0821425 -0.0454915 -0.131514
          -0.0629155 -0.0265697 -0.112287 -0.0821425 -0.0454915 -0.131514 -0.0822172 -0.0270291 -0.131589
          -0.0553968 -0.0317883 -0.104768 -0.0555325 -0.0461306 -0.104904 -0.0650639 -0.0457335 -0.114436
          -0.0553968 -0.0317883 -0.104768 -0.0650639 -0.0457335 -0.114436 -0.0629155 -0.0265697 -0.112287
          -0.0553968 -0.0317883 -0.104768 -0.0629155 -0.0265697 -0.112287 -0.0643231 -0.0083687 -0.113695
          -0.0553968 -0.0317883 -0.104768 -0.0643231 -0.0083687 -0.113695 -0.0464168 -0.00837118 -0.0957885
          -0.0553968 -0.0317883 -0.104768 -0.0464168 -0.00837118 -0.0957885 -0.0478395 -0.026586 -0.0972112
          -0.0114425 -0.0629518 -0.0608143 -0.0100309 -0.0447386 -0.0594026 0.00839861 -0.0447768 -0.0409731
          -0.0114425 -0.0629518 -0.0608143 0.00839861 -0.0447768 -0.0409731 0.00988001 -0.0632022 -0.0394918
          0.0385817 -0.0997409 -0.0532165 0.0385817 -0.136105 -0.0532165 0.0749536 -0.136105 -0.0168446
          0.0385817 -0.0997409 -0.0532165 0.0749536 -0.136105 -0.0168446 0.0749536 -0.0997409 -0.0168446
          0.0749536 -0.0997409 -0.0168446 0.0749536 -0.136105 -0.0168446 0.111325 -0.136105 0.0195274
          0.0749536 -0.0997409 -0.0168446 0.111325 -0.136105 0.0195274 0.111325 -0.0997409 0.0195274
          0.00789353 -0.0823306 -0.0414782 0.0078944 -0.100197 -0.0414774 -0.000680588 -0.104927 -0.0500523
          0.00789353 -0.0823306 -0.0414782 -0.000680588 -0.104927 -0.0500523 -0.00926684 -0.100483 -0.0586386
          0.00789353 -0.0823306 -0.0414782 -0.00926684 -0.100483 -0.0586386 -0.00941457 -0.0823313 -0.0587863
          0.0187354 -0.0709789 -0.0306364 0.0173108 -0.0829625 -0.032061 0.00789353 -0.0823306 -0.0414782
          0.0187354 -0.0709789 -0.0306364 0.00789353 -0.0823306 -0.0414782 0.00988001 -0.0632022 -0.0394918
          0.0188583 -0.10306 -0.0305135 0.0078944 -0.100197 -0.0414774 0.00789353 -0.0823306 -0.0414782
          0.0188583 -0.10306 -0.0305135 0.00789353 -0.0823306 -0.0414782 0.0173108 -0.0829625 -0.032061
          0.0187354 -0.0709789 -0.0306364 0.00988001 -0.0632022 -0.0394918 0.00839861 -0.0447768 -0.0409731
          0.0187354 -0.0709789 -0.0306364 0.00839861 -0.0447768 -0.0409731 0.0262908 -0.0449453 -0.023081
          0.0187354 -0.0709789 -0.0306364 0.0262908 -0.0449453 -0.023081 0.0245632 -0.0631866 -0.0248086
          0.0749536 -0.0633773 -0.0168446 0.0749536 -0.0997409 -0.0168446 0.111325 -0.0997409 0.0195274
          0.0749536 -0.0633773 -0.0168446 0.111325 -0.0997409 0.0195274 0.111325 -0.0633773 0.0195274
          0.0749536 0.00935 -0.0168446 0.0749536 -0.0270136 -0.0168446 0.111325 -0.0270136 0.0195274
          0.0749536 0.00935 -0.0168446 0.111325 -0.0270136 0.0195274 0.111325 0.00935 0.0195274
          0.0562811 -0.0272686 0.00690937 0.0538949 -0.00885723 0.00452311 0.0563454 0.00935 0.00697361
          0.0562811 -0.0272686 0.00690937 0.0563454 0.00935 0.00697361 0.0901348 0.00935 0.0407632
          0.0562811 -0.0272686 0.00690937 0.0901348 0.00935 0.0407632 0.0901311 -0.0270469 0.0407595
          0.0442146 -0.00883747 -0.00515717 0.0442213 -0.0270508 -0.00515045 0.026428 -0.0269562 -0.0229438
          0.0442146 -0.00883747 -0.00515717 0.026428 -0.0269562 -0.0229438 0.0264399 -0.00883182 -0.0229319
          0.0563454 0.00935 0.00697361 0.0538949 -0.00885723 0.00452311 0.0442146 -0.00883747 -0.00515717
          0.0563454 0.00935 0.00697361 0.0442146 -0.00883747 -0.00515717 0.0442352 0.00935 -0.00513659
          0.0442352 0.00935 -0.00513659 0.0442146 -0.00883747 -0.00515717 0.0264399 -0.00883182 -0.0229319
          0.0442352 0.00935 -0.00513659 0.0264399 -0.00883182 -0.0229319 0.02644 0.00935 -0.0229318
          0.0562811 -0.0272686 0.00690937 0.0442213 -0.0270508 -0.00515045 0.0442146 -0.00883747 -0.00515717
          0.0562811 -0.0272686 0.00690937 0.0442146 -0.00883747 -0.00515717 0.0538949 -0.00885723 0.00452311
          0.055231 -0.0664969 0.00585926 0.053743 -0.045704 0.00437125 0.0562811 -0.0272686 0.00690937
          0.055231 -0.0664969 0.00585926 0.0562811 -0.0272686 0.00690937 0.0901311 -0.0270469 0.0407595
          0.055231 -0.0664969 0.00585926 0.0901311 -0.0270469 0.0407595 0.0901218 -0.0634374 0.0407502
          0.0442213 -0.0270508 -0.00515045 0.0441147 -0.0455567 -0.00525703 0.0262908 -0.0449453 -0.023081
          0.0442213 -0.0270508 -0.00515045 0.0262908 -0.0449453 -0.023081 0.026428 -0.0269562 -0.0229438
          0.055231 -0.0664969 0.00585926 0.044201 -0.0637825 -0.00517077 0.0441147 -0.0455567 -0.00525703
          0.055231 -0.0664969 0.00585926 0.0441147 -0.0455567 -0.00525703 0.053743 -0.045704 0.00437125
          0.0441147 -0.0455567 -0.00525703 0.044201 -0.0637825 -0.00517077 0.0354921 -0.0688201 -0.0138797
          0.0441147 -0.0455567 -0.00525703 0.0354921 -0.0688201 -0.0138797 0.0245632 -0.0631866 -0.0248086
          0.0441147 -0.0455567 -0.00525703 0.0245632 -0.0631866 -0.0248086 0.0262908 -0.0449453 -0.023081
          0.0562811 -0.0272686 0.00690937 0.053743 -0.045704 0.00437125 0.0441147 -0.0455567 -0.00525703
          0.0562811 -0.0272686 0.00690937 0.0441147 -0.0455567 -0.00525703 0.0442213 -0.0270508 -0.00515045
          -0.0478395 0.045286 -0.0972112 -0.0458613 0.0643558 -0.095233 -0.0279716 0.0634215 -0.0773434
          -0.0478395 0.045286 -0.0972112 -0.0279716 0.0634215 -0.0773434 -0.0281286 0.0456509 -0.0775004
          -0.0564983 0.0847469 -0.10587 -0.0456557 0.0824385 -0.0950275 -0.0458613 0.0643558 -0.095233
          -0.0564983 0.0847469 -0.10587 -0.0458613 0.0643558 -0.095233 -0.0555325 0.0648306 -0.104904
          -0.0553968 0.0504883 -0.104768 -0.0555325 0.0648306 -0.104904 -0.0458613 0.0643558 -0.095233
          -0.0553968 0.0504883 -0.104768 -0.0458613 0.0643558 -0.095233 -0.0478395 0.045286 -0.0972112
          -0.0564983 0.0847469 -0.10587 -0.0555325 0.0648306 -0.104904 -0.0650639 0.0644335 -0.114436
          -0.0564983 0.0847469 -0.10587 -0.0650639 0.0644335 -0.114436 -0.0652701 0.0826047 -0.114642
          -0.0553968 0.0504883 -0.104768 -0.0629155 0.0452697 -0.112287 -0.0650639 0.0644335 -0.114436
          -0.0553968 0.0504883 -0.104768 -0.0650639 0.0644335 -0.114436 -0.0555325 0.0648306 -0.104904
          -0.0100309 0.0634386 -0.0594026 -0.0114425 0.0816518 -0.0608143 0.00988001 0.0819022 -0.0394918
          -0.0100309 0.0634386 -0.0594026 0.00988001 0.0819022 -0.0394918 0.00839861 0.0634768 -0.0409731
          -0.0100309 0.0634386 -0.0594026 -0.0279716 0.0634215 -0.0773434 -0.0265364 0.0816508 -0.0759082
          -0.0100309 0.0634386 -0.0594026 -0.0265364 0.0816508 -0.0759082 -0.0190087 0.0868881 -0.0683805
          -0.0100309 0.0634386 -0.0594026 -0.0190087 0.0868881 -0.0683805 -0.0114425 0.0816518 -0.0608143
          -0.0568393 0.121622 -0.106211 -0.0556042 0.155156 -0.104976 -0.0373358 0.155182 -0.0867076
          -0.0568393 0.121622 -0.106211 -0.0373358 0.155182 -0.0867076 -0.0373215 0.123629 -0.0866933
          -0.0568393 0.121622 -0.106211 -0.0373215 0.123629 -0.0866933 -0.0458838 0.11885 -0.0952555
          -0.0373358 0.155182 -0.0867076 -0.0190108 0.155262 -0.0683826 -0.0190105 0.123837 -0.0683823
          -0.0373358 0.155182 -0.0867076 -0.0190105 0.123837 -0.0683823 -0.0287458 0.119192 -0.0781176
          -0.0373358 0.155182 -0.0867076 -0.0287458 0.119192 -0.0781176 -0.0373215 0.123629 -0.0866933
          -0.000684876 0.155185 -0.0500566 -0.000680588 0.123627 -0.0500523 -0.00926684 0.119183 -0.0586386
          -0.000684876 0.155185 -0.0500566 -0.00926684 0.119183 -0.0586386 -0.0190105 0.123837 -0.0683823
          -0.000684876 0.155185 -0.0500566 -0.0190105 0.123837 -0.0683823 -0.0190108 0.155262 -0.0683826
          0.00220971 0.154805 -0.0895884 0.00220971 0.118441 -0.0895884 0.0385817 0.118441 -0.0532165
          0.00220971 0.154805 -0.0895884 0.0385817 0.118441 -0.0532165 0.0385817 0.154805 -0.0532165
          -0.0564983 0.0847469 -0.10587 -0.0551665 0.101087 -0.104538 -0.045646 0.100794 -0.0950177
          -0.0564983 0.0847469 -0.10587 -0.045646 0.100794 -0.0950177 -0.0456557 0.0824385 -0.0950275
          -0.0456557 0.0824385 -0.0950275 -0.045646 0.100794 -0.0950177 -0.0285823 0.101044 -0.077954
          -0.0456557 0.0824385 -0.0950275 -0.0285823 0.101044 -0.077954 -0.0265364 0.0816508 -0.0759082
          -0.0568393 0.121622 -0.106211 -0.0458838 0.11885 -0.0952555 -0.045646 0.100794 -0.0950177
          -0.0568393 0.121622 -0.106211 -0.045646 0.100794 -0.0950177 -0.0551665 0.101087 -0.104538
          -0.0114425 0.0816518 -0.0608143 -0.00941457 0.101031 -0.0587863 0.00789353 0.101031 -0.0414782
          -0.0114425 0.0816518 -0.0608143 0.00789353 0.101031 -0.0414782 0.00988001 0.0819022 -0.0394918
          -0.0373215 0.123629 -0.0866933 -0.0287458 0.119192 -0.0781176 -0.0285823 0.101044 -0.077954
          -0.0373215 0.123629 -0.0866933 -0.0285823 0.101044 -0.077954 -0.045646 0.100794 -0.0950177
          -0.0373215 0.123629 -0.0866933 -0.045646 0.100794 -0.0950177 -0.0458838 0.11885 -0.0952555
          -0.0190087 0.0868881 -0.0683805 -0.0265364 0.0816508 -0.0759082 -0.0285823 0.101044 -0.077954
          -0.0190087 0.0868881 -0.0683805 -0.0285823 0.101044 -0.077954 -0.0190098 0.101556 -0.0683816
          -0.0190105 0.123837 -0.0683823 -0.0190098 0.101556 -0.0683816 -0.0285823 0.101044 -0.077954
          -0.0190105 0.123837 -0.0683823 -0.0285823 0.101044 -0.077954 -0.0287458 0.119192 -0.0781176
          -0.0190087 0.0868881 -0.0683805 -0.0190098 0.101556 -0.0683816 -0.00941457 0.101031 -0.0587863
          -0.0190087 0.0868881 -0.0683805 -0.00941457 0.101031 -0.0587863 -0.0114425 0.0816518 -0.0608143
          -0.00941457 0.101031 -0.0587863 -0.00926684 0.119183 -0.0586386 -0.000680588 0.123627 -0.0500523
          -0.00941457 0.101031 -0.0587863 -0.000680588 0.123627 -0.0500523 0.0078944 0.118897 -0.0414774
          -0.00941457 0.101031 -0.0587863 0.0078944 0.118897 -0.0414774 0.00789353 0.101031 -0.0414782
          -0.0190105 0.123837 -0.0683823 -0.00926684 0.119183 -0.0586386 -0.00941457 0.101031 -0.0587863
          -0.0190105 0.123837 -0.0683823 -0.00941457 0.101031 -0.0587863 -0.0190098 0.101556 -0.0683816
          0.0563454 0.00935 0.00697361 0.0442352 0.00935 -0.00513659 0.0442146 0.0275375 -0.00515717
          0.0563454 0.00935 0.00697361 0.0442146 0.0275375 -0.00515717 0.0538949 0.0275572 0.00452311
          0.0562811 0.0459686 0.00690937 0.0538949 0.0275572 0.00452311 0.0442146 0.0275375 -0.00515717
          0.0562811 0.0459686 0.00690937 0.0442146 0.0275375 -0.00515717 0.0442213 0.0457508 -0.00515045
          0.0442146 0.0275375 -0.00515717 0.0442352 0.00935 -0.00513659 0.02644 0.00935 -0.0229318
          0.0442146 0.0275375 -0.00515717 0.02644 0.00935 -0.0229318 0.0264399 0.0275318 -0.0229319
          0.0749536 0.0820773 -0.0168446 0.0749536 0.0457136 -0.0168446 0.111325 0.0457136 0.0195274
          0.0749536 0.0820773 -0.0168446 0.111325 0.0457136 0.0195274 0.111325 0.0820773 0.0195274
          0.055231 0.0851969 0.00585926 0.053743 0.064404 0.00437125 0.0441147 0.0642567 -0.00525703
          0.055231 0.0851969 0.00585926 0.0441147 0.0642567 -0.00525703 0.044201 0.0824825 -0.00517077
          0.0562811 0.0459686 0.00690937 0.0442213 0.0457508 -0.00515045 0.0441147 0.0642567 -0.00525703
          0.0562811 0.0459686 0.00690937 0.0441147 0.0642567 -0.00525703 0.053743 0.064404 0.00437125
          0.0354921 0.0875201 -0.0138797 0.044201 0.0824825 -0.00517077 0.0441147 0.0642567 -0.00525703
          0.0354921 0.0875201 -0.0138797 0.0441147 0.0642567 -0.00525703 0.0262908 0.0636453 -0.023081
          0.0354921 0.0875201 -0.0138797 0.0262908 0.0636453 -0.023081 0.0245632 0.0818866 -0.0248086
          0.0385817 0.154805 -0.0532165 0.0385817 0.118441 -0.0532165 0.0749536 0.118441 -0.0168446
          0.0385817 0.154805 -0.0532165 0.0749536 0.118441 -0.0168446 0.0749536 0.154805 -0.0168446
          0.0539548 0.118833 0.00458307 0.0537632 0.154861 0.00439149 0.0901095 0.154814 0.0407378
          0.0539548 0.118833 0.00458307 0.0901095 0.154814 0.0407378 0.0901198 0.118476 0.0407482
          0.0187354 0.0896789 -0.0306364 0.00988001 0.0819022 -0.0394918 0.00789353 0.101031 -0.0414782
          0.0187354 0.0896789 -0.0306364 0.00789353 0.101031 -0.0414782 0.0173108 0.101663 -0.032061
          0.0188583 0.12176 -0.0305135 0.0173108 0.101663 -0.032061 0.00789353 0.101031 -0.0414782
          0.0188583 0.12176 -0.0305135 0.00789353 0.101031 -0.0414782 0.0078944 0.118897 -0.0414774
          0.0187354 0.0896789 -0.0306364 0.0245632 0.0818866 -0.0248086 0.0262908 0.0636453 -0.023081
          0.0187354 0.0896789 -0.0306364 0.0262908 0.0636453 -0.023081 0.00839861 0.0634768 -0.0409731
          0.0187354 0.0896789 -0.0306364 0.00839861 0.0634768 -0.0409731 0.00988001 0.0819022 -0.0394918
          0.0749536 0.118441 -0.0168446 0.0749536 0.0820773 -0.0168446 0.111325 0.0820773 0.0195274
          0.0749536 0.118441 -0.0168446 0.111325 0.0820773 0.0195274 0.111325 0.118441 0.0195274
          0.055231 0.0851969 0.00585926 0.0539548 0.118833 0.00458307 0.0901198 0.118476 0.0407482
          0.055231 0.0851969 0.00585926 0.0901198 0.118476 0.0407482 0.0901218 0.0821374 0.0407502
          -0.0553993 0.191193 -0.104771 -0.019011 0.191183 -0.0683828 -0.0190108 0.155262 -0.0683826
          -0.0553993 0.191193 -0.104771 -0.0190108 0.155262 -0.0683826 -0.0373358 0.155182 -0.0867076
          -0.0553993 0.191193 -0.104771 -0.0373358 0.155182 -0.0867076 -0.0556042 0.155156 -0.104976
          -0.000684876 0.155185 -0.0500566 -0.0190108 0.155262 -0.0683826 -0.019011 0.191183 -0.0683828
          -0.000684876 0.155185 -0.0500566 -0.019011 0.191183 -0.0683828 0.0173775 0.191193 -0.0319943
          -0.000684876 0.155185 -0.0500566 0.0173775 0.191193 -0.0319943 0.0175857 0.155159 -0.0317861
          -0.019011 0.191183 -0.0683828 -0.019011 0.227532 -0.0683828 0.0173609 0.227532 -0.0320109
          -0.019011 0.191183 -0.0683828 0.0173609 0.227532 -0.0320109 0.0173775 0.191193 -0.0319943
          -0.019011 0.300259 -0.0683828 -0.019011 0.263895 -0.0683828 -0.055383 0.263895 -0.104755
          -0.019011 0.300259 -0.0683828 -0.055383 0.263895 -0.104755 -0.055383 0.300259 -0.104755
          0.00220971 0.300259 -0.0895884 0.00220971 0.263895 -0.0895884 0.0385817 0.263895 -0.0532165
          0.00220971 0.300259 -0.0895884 0.0385817 0.263895 -0.0532165 0.0385817 0.300259 -0.0532165
          0.0385817 0.191168 -0.0532165 0.0385817 0.154805 -0.0532165 0.0749536 0.154805 -0.0168446
          0.0385817 0.191168 -0.0532165 0.0749536 0.154805 -0.0168446 0.0749536 0.191168 -0.0168446
          0.0749536 0.227532 -0.0168446 0.0749536 0.191168 -0.0168446 0.111325 0.191168 0.0195274
          0.0749536 0.227532 -0.0168446 0.111325 0.191168 0.0195274 0.111325 0.227532 0.0195274
          0.0385817 0.300259 -0.0532165 0.0385817 0.263895 -0.0532165 0.0749536 0.263895 -0.0168446
          0.0385817 0.300259 -0.0532165 0.0749536 0.263895 -0.0168446 0.0749536 0.300259 -0.0168446
          0.0749536 0.300259 -0.0168446 0.0749536 0.263895 -0.0168446 0.111325 0.263895 0.0195274
          0.0749536 0.300259 -0.0168446 0.111325 0.263895 0.0195274 0.111325 0.300259 0.0195274
          0.0749536 0.263895 -0.0168446 0.0749536 0.227532 -0.0168446 0.111325 0.227532 0.0195274
          0.0749536 0.263895 -0.0168446 0.111325 0.227532 0.0195274 0.111325 0.263895 0.0195274
          -0.019011 0.336327 -0.0683827 -0.019011 0.300259 -0.0683828 -0.055383 0.300259 -0.104755
          -0.019011 0.336327 -0.0683827 -0.055383 0.300259 -0.104755 -0.055383 0.336327 -0.104755
          -0.019011 0.300259 -0.0683828 -0.019011 0.336327 -0.0683827 0.0173609 0.336327 -0.0320108
          -0.019011 0.300259 -0.0683828 0.0173609 0.336327 -0.0320108 0.0173609 0.300259 -0.0320109
          -0.019011 0.336327 -0.0683827 -0.0190104 0.369707 -0.0683822 0.0173615 0.369707 -0.0320103
          -0.019011 0.336327 -0.0683827 0.0173615 0.369707 -0.0320103 0.0173609 0.336327 -0.0320108
          -0.0190104 0.369707 -0.0683822 -0.0190094 0.393571 -0.0683812 -0.000821318 0.391237 -0.0501931
          -0.0190104 0.369707 -0.0683822 -0.000821318 0.391237 -0.0501931 0.0173625 0.393571 -0.0320093
          -0.0190104 0.369707 -0.0683822 0.0173625 0.393571 -0.0320093 0.0173615 0.369707 -0.0320103
          0.0203946 0.369369 -0.0714036 -0.000821318 0.391237 -0.0501931 0.0022081 0.393571 -0.08959
          0.0203946 0.369369 -0.0714036 0.0022081 0.393571 -0.08959 0.00220908 0.369707 -0.0895891
          0.0385816 0.336327 -0.0532166 0.0385817 0.300259 -0.0532165 0.0749536 0.300259 -0.0168446
          0.0385816 0.336327 -0.0532166 0.0749536 0.300259 -0.0168446 0.0749535 0.336327 -0.0168447
          0.0931384 0.369369 0.00134028 0.0749529 0.369707 -0.0168452 0.0749535 0.336327 -0.0168447
          0.0931384 0.369369 0.00134028 0.0749535 0.336327 -0.0168447 0.111325 0.336327 0.0195273
          0.0931384 0.369369 0.00134028 0.111325 0.336327 0.0195273 0.111325 0.369707 0.0195268
          0.0931384 0.369369 0.00134028 0.0719225 0.391237 0.0225508 0.074952 0.393571 -0.0168462
          0.0931384 0.369369 0.00134028 0.074952 0.393571 -0.0168462 0.0749529 0.369707 -0.0168452
          0.0537334 0.369707 0.00436166 0.0537344 0.393571 0.00436263 0.0719225 0.391237 0.0225508
          0.0537334 0.369707 0.00436166 0.0719225 0.391237 0.0225508 0.0901062 0.393571 0.0407346
          0.0537334 0.369707 0.00436166 0.0901062 0.393571 0.0407346 0.0901053 0.369707 0.0407337
          0.0901053 -0.351007 0.0407337 0.0901062 -0.374871 0.0407346 0.0719225 -0.372537 0.0225508
          0.0901053 -0.351007 0.0407337 0.0719225 -0.372537 0.0225508 0.0537344 -0.374871 0.00436263
          0.0901053 -0.351007 0.0407337 0.0537344 -0.374871 0.00436263 0.0537334 -0.351007 0.00436166
          0.0931384 -0.350669 0.00134028 0.0719225 -0.372537 0.0225508 0.111324 -0.374871 0.0195258
          0.0931384 -0.350669 0.00134028 0.111324 -0.374871 0.0195258 0.111325 -0.351007 0.0195268
          0.165882 -0.350669 0.074084 0.147697 -0.351007 0.0558987 0.147696 -0.374871 0.0558976
          0.165882 -0.350669 0.074084 0.147696 -0.374871 0.0558976 0.144667 -0.372537 0.0952943
          0.126477 -0.281559 0.0771047 0.126477 -0.317627 0.0771048 0.0901047 -0.317627 0.0407331
          0.126477 -0.281559 0.0771047 0.0901047 -0.317627 0.0407331 0.0901046 -0.281559 0.040733
          0.147697 -0.281559 0.0558993 0.147697 -0.317627 0.0558992 0.184069 -0.317627 0.092271
          0.147697 -0.281559 0.0558993 0.184069 -0.317627 0.092271 0.184069 -0.281559 0.0922711
          0.165882 -0.350669 0.074084 0.144667 -0.372537 0.0952943 0.184068 -0.374871 0.0922695
          0.165882 -0.350669 0.074084 0.184068 -0.374871 0.0922695 0.184069 -0.351007 0.0922705
          0.162849 -0.351007 0.113477 0.16285 -0.374871 0.113478 0.144667 -0.372537 0.0952943
          0.162849 -0.351007 0.113477 0.144667 -0.372537 0.0952943 0.126478 -0.374871 0.0771064
          0.162849 -0.351007 0.113477 0.126478 -0.374871 0.0771064 0.126477 -0.351007 0.0771054
          0.238626 -0.350669 0.146828 0.220441 -0.351007 0.128643 0.22044 -0.374871 0.128642
          0.238626 -0.350669 0.146828 0.22044 -0.374871 0.128642 0.21741 -0.372537 0.168039
          0.184069 -0.281559 0.0922711 0.184069 -0.317627 0.092271 0.220441 -0.317627 0.128643
          0.184069 -0.281559 0.0922711 0.220441 -0.317627 0.128643 0.220441 -0.281559 0.128643
          0.220441 -0.281559 0.128643 0.220441 -0.317627 0.128643 0.256813 -0.317627 0.165015
          0.220441 -0.281559 0.128643 0.256813 -0.317627 0.165015 0.256813 -0.281559 0.165015
          0.220441 -0.317627 0.128643 0.220441 -0.351007 0.128643 0.238626 -0.350669 0.146828
          0.220441 -0.317627 0.128643 0.238626 -0.350669 0.146828 0.256812 -0.351007 0.165014
          0.220441 -0.317627 0.128643 0.256812 -0.351007 0.165014 0.256813 -0.317627 0.165015
          0.126477 -0.245195 0.0771047 0.126477 -0.281559 0.0771047 0.0901046 -0.281559 0.040733
          0.126477 -0.245195 0.0771047 0.0901046 -0.281559 0.040733 0.0901046 -0.245195 0.040733
          0.126477 -0.281559 0.0771047 0.126477 -0.245195 0.0771047 0.162849 -0.245195 0.113477
          0.126477 -0.281559 0.0771047 0.162849 -0.245195 0.113477 0.162849 -0.281559 0.113477
          0.126477 -0.245195 0.0771047 0.126477 -0.208832 0.0771047 0.162849 -0.208832 0.113477
          0.126477 -0.245195 0.0771047 0.162849 -0.208832 0.113477 0.162849 -0.245195 0.113477
          0.0901046 -0.172468 0.040733 0.0901095 -0.136114 0.0407378 0.126477 -0.136105 0.0771047
          0.0901046 -0.172468 0.040733 0.126477 -0.136105 0.0771047 0.126477 -0.172468 0.0771047
          0.147697 -0.136105 0.0558993 0.147697 -0.172468 0.0558993 0.184069 -0.172468 0.0922711
          0.147697 -0.136105 0.0558993 0.184069 -0.172468 0.0922711 0.184069 -0.136105 0.0922711
          0.147697 -0.172468 0.0558993 0.147697 -0.208832 0.0558993 0.184069 -0.208832 0.0922711
          0.147697 -0.172468 0.0558993 0.184069 -0.208832 0.0922711 0.184069 -0.172468 0.0922711
          0.184069 -0.245195 0.0922711 0.184069 -0.281559 0.0922711 0.220441 -0.281559 0.128643
          0.184069 -0.245195 0.0922711 0.220441 -0.281559 0.128643 0.220441 -0.245195 0.128643
          0.220441 -0.245195 0.128643 0.220441 -0.281559 0.128643 0.256813 -0.281559 0.165015
          0.220441 -0.245195 0.128643 0.256813 -0.281559 0.165015 0.256813 -0.245195 0.165015
          0.220441 -0.208832 0.128643 0.220441 -0.245195 0.128643 0.256813 -0.245195 0.165015
          0.220441 -0.208832 0.128643 0.256813 -0.245195 0.165015 0.256813 -0.208832 0.165015
          0.184069 -0.136105 0.0922711 0.184069 -0.172468 0.0922711 0.220441 -0.172468 0.128643
          0.184069 -0.136105 0.0922711 0.220441 -0.172468 0.128643 0.220441 -0.136105 0.128643
          0.19922 -0.172468 0.149849 0.19922 -0.136105 0.149849 0.235592 -0.136105 0.186221
          0.19922 -0.172468 0.149849 0.235592 -0.136105 0.186221 0.235592 -0.172468 0.186221
          0.220441 -0.172468 0.128643 0.220441 -0.208832 0.128643 0.256813 -0.208832 0.165015
          0.220441 -0.172468 0.128643 0.256813 -0.208832 0.165015 0.256813 -0.172468 0.165015
          0.19922 -0.208832 0.149849 0.19922 -0.172468 0.149849 0.235592 -0.172468 0.186221
          0.19922 -0.208832 0.149849 0.235592 -0.172468 0.186221 0.235592 -0.208832 0.186221
          0.0901198 -0.0997765 0.0407482 0.126477 -0.0997409 0.0771047 0.126477 -0.136105 0.0771047
          0.0901198 -0.0997765 0.0407482 0.126477 -0.136105 0.0771047 0.0901095 -0.136114 0.0407378
          0.126477 -0.136105 0.0771047 0.126477 -0.0997409 0.0771047 0.162849 -0.0997409 0.113477
          0.126477 -0.136105 0.0771047 0.162849 -0.0997409 0.113477 0.162849 -0.136105 0.113477
          0.126477 -0.0997409 0.0771047 0.126477 -0.0633773 0.0771047 0.162849 -0.0633773 0.113477
          0.126477 -0.0997409 0.0771047 0.162849 -0.0633773 0.113477 0.162849 -0.0997409 0.113477
          0.126477 0.00935 0.0771047 0.126477 -0.0270136 0.0771047 0.0901311 -0.0270469 0.0407595
          0.126477 0.00935 0.0771047 0.0901311 -0.0270469 0.0407595 0.0901348 0.00935 0.0407632
          0.147697 0.00935 0.0558993 0.147697 -0.0270136 0.0558993 0.184069 -0.0270136 0.0922711
          0.147697 0.00935 0.0558993 0.184069 -0.0270136 0.0922711 0.184069 0.00935 0.0922711
          0.184069 -0.0997409 0.0922711 0.184069 -0.136105 0.0922711 0.220441 -0.136105 0.128643
          0.184069 -0.0997409 0.0922711 0.220441 -0.136105 0.128643 0.220441 -0.0997409 0.128643
          0.220441 -0.0633773 0.128643 0.220441 -0.0997409 0.128643 0.256813 -0.0997409 0.165015
          0.220441 -0.0633773 0.128643 0.256813 -0.0997409 0.165015 0.256813 -0.0633773 0.165015
          0.184069 0.00935 0.0922711 0.184069 -0.0270136 0.0922711 0.220441 -0.0270136 0.128643
          0.184069 0.00935 0.0922711 0.220441 -0.0270136 0.128643 0.220441 0.00935 0.128643
          0.220441 0.00935 0.128643 0.220441 -0.0270136 0.128643 0.256813 -0.0270136 0.165015
          0.220441 0.00935 0.128643 0.256813 -0.0270136 0.165015 0.256813 0.00935 0.165015
          0.220441 -0.0270136 0.128643 0.220441 -0.0633773 0.128643 0.256813 -0.0633773 0.165015
          0.220441 -0.0270136 0.128643 0.256813 -0.0633773 0.165015 0.256813 -0.0270136 0.165015
          0.126477 0.0457136 0.0771047 0.126477 0.00935 0.0771047 0.0901348 0.00935 0.0407632
          0.126477 0.0457136 0.0771047 0.0901348 0.00935 0.0407632 0.0901311 0.0457469 0.0407595
          0.126477 0.00935 0.0771047 0.126477 0.0457136 0.0771047 0.162849 0.0457136 0.113477
          0.126477 0.00935 0.0771047 0.162849 0.0457136 0.113477 0.162849 0.00935 0.113477
          0.126477 0.0457136 0.0771047 0.126477 0.0820773 0.0771047 0.162849 0.0820773 0.113477
          0.126477 0.0457136 0.0771047 0.162849 0.0820773 0.113477 0.162849 0.0457136 0.113477
          0.0901198 0.118476 0.0407482 0.0901095 0.154814 0.0407378 0.126477 0.154805 0.0771047
          0.0901198 0.118476 0.0407482 0.126477 0.154805 0.0771047 0.126477 0.118441 0.0771047
          0.147697 0.154805 0.0558993 0.147697 0.118441 0.0558993 0.184069 0.118441 0.0922711
          0.147697 0.154805 0.0558993 0.184069 0.118441 0.0922711 0.184069 0.154805 0.0922711
          0.147697 0.118441 0.0558993 0.147697 0.0820773 0.0558993 0.184069 0.0820773 0.0922711
          0.147697 0.118441 0.0558993 0.184069 0.0820773 0.0922711 0.184069 0.118441 0.0922711
          0.184069 0.0457136 0.0922711 0.184069 0.00935 0.0922711 0.220441 0.00935 0.128643
          0.184069 0.0457136 0.0922711 0.220441 0.00935 0.128643 0.220441 0.0457136 0.128643
          0.220441 0.0457136 0.128643 0.220441 0.00935 0.128643 0.256813 0.00935 0.165015
          0.220441 0.0457136 0.128643 0.256813 0.00935 0.165015 0.256813 0.0457136 0.165015
          0.220441 0.0820773 0.128643 0.220441 0.0457136 0.128643 0.256813 0.0457136 0.165015
          0.220441 0.0820773 0.128643 0.256813 0.0457136 0.165015 0.256813 0.0820773 0.165015
          0.184069 0.154805 0.0922711 0.184069 0.118441 0.0922711 0.220441 0.118441 0.128643
          0.184069 0.154805 0.0922711 0.220441 0.118441 0.128643 0.220441 0.154805 0.128643
          0.19922 0.118441 0.149849 0.19922 0.154805 0.149849 0.235592 0.154805 0.186221
          0.19922 0.118441 0.149849 0.235592 0.154805 0.186221 0.235592 0.118441 0.186221
          0.220441 0.118441 0.128643 0.220441 0.0820773 0.128643 0.256813 0.0820773 0.165015
          0.220441 0.118441 0.128643 0.256813 0.0820773 0.165015 0.256813 0.118441 0.165015
          0.19922 0.0820773 0.149849 0.19922 0.118441 0.149849 0.235592 0.118441 0.186221
          0.19922 0.0820773 0.149849 0.235592 0.118441 0.186221 0.235592 0.0820773 0.186221
          0.0901046 0.191168 0.040733 0.126477 0.191168 0.0771047 0.126477 0.154805 0.0771047
          0.0901046 0.191168 0.040733 0.126477 0.154805 0.0771047 0.0901095 0.154814 0.0407378
          0.126477 0.154805 0.0771047 0.126477 0.191168 0.0771047 0.162849 0.191168 0.113477
          0.126477 0.154805 0.0771047 0.162849 0.191168 0.113477 0.162849 0.154805 0.113477
          0.126477 0.191168 0.0771047 0.126477 0.227532 0.0771047 0.162849 0.227532 0.113477
          0.126477 0.191168 0.0771047 0.162849 0.227532 0.113477 0.162849 0.191168 0.113477
          0.126477 0.300259 0.0771047 0.126477 0.263895 0.0771047 0.0901046 0.263895 0.040733
          0.126477 0.300259 0.0771047 0.0901046 0.263895 0.040733 0.0901046 0.300259 0.040733
          0.147697 0.300259 0.0558993 0.147697 0.263895 0.0558993 0.184069 0.263895 0.0922711
          0.147697 0.300259 0.0558993 0.184069 0.263895 0.0922711 0.184069 0.300259 0.0922711
          0.184069 0.191168 0.0922711 0.184069 0.154805 0.0922711 0.220441 0.154805 0.128643
          0.184069 0.191168 0.0922711 0.220441 0.154805 0.128643 0.220441 0.191168 0.128643
          0.220441 0.227532 0.128643 0.220441 0.191168 0.128643 0.256813 0.191168 0.165015
          0.220441 0.227532 0.128643 0.256813 0.191168 0.165015 0.256813 0.227532 0.165015
          0.184069 0.300259 0.0922711 0.184069 0.263895 0.0922711 0.220441 0.263895 0.128643
          0.184069 0.300259 0.0922711 0.220441 0.263895 0.128643 0.220441 0.300259 0.128643
          0.220441 0.300259 0.128643 0.220441 0.263895 0.128643 0.256813 0.263895 0.165015
          0.220441 0.300259 0.128643 0.256813 0.263895 0.165015 0.256813 0.300259 0.165015
          0.220441 0.263895 0.128643 0.220441 0.227532 0.128643 0.256813 0.227532 0.165015
          0.220441 0.263895 0.128643 0.256813 0.227532 0.165015 0.256813 0.263895 0.165015
          0.126477 0.336327 0.0771048 0.126477 0.300259 0.0771047 0.0901046 0.300259 0.040733
          0.126477 0.336327 0.0771048 0.0901046 0.300259 0.040733 0.0901047 0.336327 0.0407331
          0.126477 0.300259 0.0771047 0.126477 0.336327 0.0771048 0.162849 0.336327 0.113477
          0.126477 0.300259 0.0771047 0.162849 0.336327 0.113477 0.162849 0.300259 0.113477
          0.126477 0.336327 0.0771048 0.126477 0.369707 0.0771054 0.162849 0.369707 0.113477
          0.126477 0.336327 0.0771048 0.162849 0.369707 0.113477 0.162849 0.336327 0.113477
          0.126477 0.369707 0.0771054 0.126478 0.393571 0.0771064 0.144667 0.391237 0.0952943
          0.126477 0.369707 0.0771054 0.144667 0.391237 0.0952943 0.16285 0.393571 0.113478
          0.126477 0.369707 0.0771054 0.16285 0.393571 0.113478 0.162849 0.369707 0.113477
          0.165882 0.369369 0.074084 0.144667 0.391237 0.0952943 0.147696 0.393571 0.0558976
          0.165882 0.369369 0.074084 0.147696 0.393571 0.0558976 0.147697 0.369707 0.0558987
          0.184069 0.336327 0.092271 0.184069 0.300259 0.0922711 0.220441 0.300259 0.128643
          0.184069 0.336327 0.092271 0.220441 0.300259 0.128643 0.220441 0.336327 0.128643
          0.238626 0.369369 0.146828 0.220441 0.369707 0.128643 0.220441 0.336327 0.128643
          0.238626 0.369369 0.146828 0.220441 0.336327 0.128643 0.256813 0.336327 0.165015
          0.238626 0.369369 0.146828 0.256813 0.336327 0.165015 0.256812 0.369707 0.165014
          0.238626 0.369369 0.146828 0.21741 0.391237 0.168039 0.22044 0.393571 0.128642
          0.238626 0.369369 0.146828 0.22044 0.393571 0.128642 0.220441 0.369707 0.128643
          0.199221 0.369707 0.14985 0.199222 0.393571 0.14985 0.21741 0.391237 0.168039
          0.199221 0.369707 0.14985 0.21741 0.391237 0.168039 0.235594 0.393571 0.186222
          0.199221 0.369707 0.14985 0.235594 0.393571 0.186222 0.235593 0.369707 0.186221
          0.235593 -0.351007 0.186221 0.235594 -0.374871 0.186222 0.21741 -0.372537 0.168039
          0.235593 -0.351007 0.186221 0.21741 -0.372537 0.168039 0.199222 -0.374871 0.14985
          0.235593 -0.351007 0.186221 0.199222 -0.374871 0.14985 0.199221 -0.351007 0.14985
          0.238626 -0.350669 0.146828 0.21741 -0.372537 0.168039 0.256811 -0.374871 0.165013
          0.238626 -0.350669 0.146828 0.256811 -0.374871 0.165013 0.256812 -0.351007 0.165014
          0.31137 -0.350669 0.219572 0.293184 -0.351007 0.201386 0.293183 -0.374871 0.201385
          0.31137 -0.350669 0.219572 0.293183 -0.374871 0.201385 0.290139 -0.372538 0.240767
          0.271964 -0.281559 0.222592 0.271964 -0.317627 0.222592 0.235592 -0.317627 0.186221
          0.271964 -0.281559 0.222592 0.235592 -0.317627 0.186221 0.235592 -0.281559 0.186221
          0.293185 -0.281559 0.201387 0.293185 -0.317627 0.201387 0.32955 -0.317627 0.237751
          0.293185 -0.281559 0.201387 0.32955 -0.317627 0.237751 0.32955 -0.281559 0.237751
          0.31137 -0.350669 0.219572 0.290139 -0.372538 0.240767 0.329499 -0.374873 0.2377
          0.31137 -0.350669 0.219572 0.329499 -0.374873 0.2377 0.329533 -0.351003 0.237734
          0.308313 -0.351003 0.258942 0.308281 -0.374873 0.258909 0.290139 -0.372538 0.240767
          0.308313 -0.351003 0.258942 0.290139 -0.372538 0.240767 0.271966 -0.374871 0.222594
          0.308313 -0.351003 0.258942 0.271966 -0.374871 0.222594 0.271965 -0.351007 0.222593
          0.365436 -0.3509 0.297791 0.365436 -0.375236 0.297791 0.342027 -0.375137 0.292655
          0.365436 -0.3509 0.297791 0.342027 -0.375137 0.292655 0.342237 -0.350951 0.292866
          0.365436 -0.3509 0.297791 0.363456 -0.350951 0.271657 0.363244 -0.375138 0.271446
          0.365436 -0.3509 0.297791 0.363244 -0.375138 0.271446 0.365436 -0.375236 0.297791
          0.32955 -0.281559 0.237751 0.32955 -0.317627 0.237751 0.363651 -0.317589 0.271852
          0.32955 -0.281559 0.237751 0.363651 -0.317589 0.271852 0.363671 -0.281559 0.271872
          0.365436 -0.281559 0.297792 0.363671 -0.281559 0.271872 0.363651 -0.317589 0.271852
          0.365436 -0.281559 0.297792 0.363651 -0.317589 0.271852 0.365436 -0.317571 0.297792
          0.365436 -0.281559 0.297792 0.365436 -0.317571 0.297792 0.342432 -0.317589 0.29306
          0.365436 -0.281559 0.297792 0.342432 -0.317589 0.29306 0.342452 -0.281559 0.29308
          0.365436 -0.3509 0.297791 0.365436 -0.317571 0.297792 0.363651 -0.317589 0.271852
          0.365436 -0.3509 0.297791 0.363651 -0.317589 0.271852 0.363456 -0.350951 0.271657
          0.365436 -0.3509 0.297791 0.342237 -0.350951 0.292866 0.342432 -0.317589 0.29306
          0.365436 -0.3509 0.297791 0.342432 -0.317589 0.29306 0.365436 -0.317571 0.297792
          0.271964 -0.245195 0.222592 0.271964 -0.281559 0.222592 0.235592 -0.281559 0.186221
          0.271964 -0.245195 0.222592 0.235592 -0.281559 0.186221 0.235592 -0.245195 0.186221
          0.235592 -0.172468 0.186221 0.235592 -0.136105 0.186221 0.271964 -0.136105 0.222592
          0.235592 -0.172468 0.186221 0.271964 -0.136105 0.222592 0.271964 -0.172468 0.222592
          0.293185 -0.172468 0.201387 0.293185 -0.208832 0.201387 0.32955 -0.208832 0.237751
          0.293185 -0.172468 0.201387 0.32955 -0.208832 0.237751 0.32955 -0.172468 0.237751
          0.32955 -0.245195 0.237751 0.32955 -0.281559 0.237751 0.363671 -0.281559 0.271872
          0.32955 -0.245195 0.237751 0.363671 -0.281559 0.271872 0.363671 -0.245195 0.271872
          0.365436 -0.281559 0.297792 0.365436 -0.245195 0.297792 0.363671 -0.245195 0.271872
          0.365436 -0.281559 0.297792 0.363671 -0.245195 0.271872 0.363671 -0.281559 0.271872
          0.365436 -0.208832 0.297792 0.363671 -0.208832 0.271872 0.363671 -0.245195 0.271872
          0.365436 -0.208832 0.297792 0.363671 -0.245195 0.271872 0.365436 -0.245195 0.297792
          0.32955 -0.136105 0.237751 0.32955 -0.172468 0.237751 0.363671 -0.172468 0.271872
          0.32955 -0.136105 0.237751 0.363671 -0.172468 0.271872 0.363671 -0.136105 0.271872
          0.365436 -0.136105 0.297792 0.363671 -0.136105 0.271872 0.363671 -0.172468 0.271872
          0.365436 -0.136105 0.297792 0.363671 -0.172468 0.271872 0.365436 -0.172468 0.297792
          0.365436 -0.136105 0.297792 0.365436 -0.172468 0.297792 0.342452 -0.172468 0.29308
          0.365436 -0.136105 0.297792 0.342452 -0.172468 0.29308 0.342452 -0.136105 0.29308
          0.365436 -0.208832 0.297792 0.365436 -0.172468 0.297792 0.363671 -0.172468 0.271872
          0.365436 -0.208832 0.297792 0.363671 -0.172468 0.271872 0.363671 -0.208832 0.271872
          0.365436 -0.208832 0.297792 0.342452 -0.208832 0.29308 0.342452 -0.172468 0.29308
          0.365436 -0.208832 0.297792 0.342452 -0.172468 0.29308 0.365436 -0.172468 0.297792
          0.235592 -0.0997409 0.186221 0.271964 -0.0997409 0.222592 0.271964 -0.136105 0.222592
          0.235592 -0.0997409 0.186221 0.271964 -0.136105 0.222592 0.235592 -0.136105 0.186221
          0.271964 0.00935 0.222592 0.271964 -0.0270136 0.222592 0.235592 -0.0270136 0.186221
          0.271964 0.00935 0.222592 0.235592 -0.0270136 0.186221 0.235592 0.00935 0.186221
          0.271964 -0.0270136 0.222592 0.271964 0.00935 0.222592 0.308328 0.00935 0.258957
          0.271964 -0.0270136 0.222592 0.308328 0.00935 0.258957 0.308328 -0.0270136 0.258957
          0.293185 0.00935 0.201387 0.293185 -0.0270136 0.201387 0.32955 -0.0270136 0.237751
          0.293185 0.00935 0.201387 0.32955 -0.0270136 0.237751 0.32955 0.00935 0.237751
          0.271964 -0.0633773 0.222592 0.271964 -0.0270136 0.222592 0.308328 -0.0270136 0.258957
          0.271964 -0.0633773 0.222592 0.308328 -0.0270136 0.258957 0.308328 -0.0633773 0.258957
          0.293185 -0.0270136 0.201387 0.293185 -0.0633773 0.201387 0.32955 -0.0633773 0.237751
          0.293185 -0.0270136 0.201387 0.32955 -0.0633773 0.237751 0.32955 -0.0270136 0.237751
          0.32955 -0.0997409 0.237751 0.32955 -0.136105 0.237751 0.363671 -0.136105 0.271872
          0.32955 -0.0997409 0.237751 0.363671 -0.136105 0.271872 0.363671 -0.0997409 0.271872
          0.365436 -0.136105 0.297792 0.365436 -0.0997409 0.297792 0.363671 -0.0997409 0.271872
          0.365436 -0.136105 0.297792 0.363671 -0.0997409 0.271872 0.363671 -0.136105 0.271872
          0.365436 -0.0633773 0.297792 0.363671 -0.0633773 0.271872 0.363671 -0.0997409 0.271872
          0.365436 -0.0633773 0.297792 0.363671 -0.0997409 0.271872 0.365436 -0.0997409 0.297792
          0.32955 0.00935 0.237751 0.32955 -0.0270136 0.237751 0.363671 -0.0270136 0.271872
          0.32955 0.00935 0.237751 0.363671 -0.0270136 0.271872 0.363671 0.00935 0.271872
          0.365436 0.00935 0.297792 0.363671 0.00935 0.271872 0.363671 -0.0270136 0.271872
          0.365436 0.00935 0.297792 0.363671 -0.0270136 0.271872 0.365436 -0.0270136 0.297792
          0.365436 0.00935 0.297792 0.365436 -0.0270136 0.297792 0.342452 -0.0270136 0.29308
          0.365436 0.00935 0.297792 0.342452 -0.0270136 0.29308 0.342452 0.00935 0.29308
          0.365436 -0.0633773 0.297792 0.365436 -0.0270136 0.297792 0.363671 -0.0270136 0.271872
          0.365436 -0.0633773 0.297792 0.363671 -0.0270136 0.271872 0.363671 -0.0633773 0.271872
          0.365436 -0.0633773 0.297792 0.342452 -0.0633773 0.29308 0.342452 -0.0270136 0.29308
          0.365436 -0.0633773 0.297792 0.342452 -0.0270136 0.29308 0.365436 -0.0270136 0.297792
          0.271964 0.0457136 0.222592 0.271964 0.00935 0.222592 0.235592 0.00935 0.186221
          0.271964 0.0457136 0.222592 0.235592 0.00935 0.186221 0.235592 0.0457136 0.186221
          0.235592 0.118441 0.186221 0.235592 0.154805 0.186221 0.271964 0.154805 0.222592
          0.235592 0.118441 0.186221 0.271964 0.154805 0.222592 0.271964 0.118441 0.222592
          0.293185 0.118441 0.201387 0.293185 0.0820773 0.201387 0.32955 0.0820773 0.237751
          0.293185 0.118441 0.201387 0.32955 0.0820773 0.237751 0.32955 0.118441 0.237751
          0.32955 0.0457136 0.237751 0.32955 0.00935 0.237751 0.363671 0.00935 0.271872
          0.32955 0.0457136 0.237751 0.363671 0.00935 0.271872 0.363671 0.0457136 0.271872
          0.365436 0.00935 0.297792 0.365436 0.0457136 0.297792 0.363671 0.0457136 0.271872
          0.365436 0.00935 0.297792 0.363671 0.0457136 0.271872 0.363671 0.00935 0.271872
          0.365436 0.0820773 0.297792 0.363671 0.0820773 0.271872 0.363671 0.0457136 0.271872
          0.365436 0.0820773 0.297792 0.363671 0.0457136 0.271872 0.365436 0.0457136 0.297792
          0.32955 0.154805 0.237751 0.32955 0.118441 0.237751 0.363671 0.118441 0.271872
          0.32955 0.154805 0.237751 0.363671 0.118441 0.271872 0.363671 0.154805 0.271872
          0.365436 0.154805 0.297792 0.363671 0.154805 0.271872 0.363671 0.118441 0.271872
          0.365436 0.154805 0.297792 0.363671 0.118441 0.271872 0.365436 0.118441 0.297792
          0.365436 0.154805 0.297792 0.365436 0.118441 0.297792 0.342452 0.118441 0.29308
          0.365436 0.154805 0.297792 0.342452 0.118441 0.29308 0.342452 0.154805 0.29308
          0.365436 0.0820773 0.297792 0.365436 0.118441 0.297792 0.363671 0.118441 0.271872
          0.365436 0.0820773 0.297792 0.363671 0.118441 0.271872 0.363671 0.0820773 0.271872
          0.365436 0.0820773 0.297792 0.342452 0.0820773 0.29308 0.342452 0.118441 0.29308
          0.365436 0.0820773 0.297792 0.342452 0.118441 0.29308 0.365436 0.118441 0.297792
          0.235592 0.191168 0.186221 0.271964 0.191168 0.222592 0.271964 0.154805 0.222592
          0.235592 0.191168 0.186221 0.271964 0.154805 0.222592 0.235592 0.154805 0.186221
          0.271964 0.300259 0.222592 0.271964 0.263895 0.222592 0.235592 0.263895 0.186221
          0.271964 0.300259 0.222592 0.235592 0.263895 0.186221 0.235592 0.300259 0.186221
          0.271964 0.263895 0.222592 0.271964 0.300259 0.222592 0.308328 0.300259 0.258957
          0.271964 0.263895 0.222592 0.308328 0.300259 0.258957 0.308328 0.263895 0.258957
          0.293185 0.300259 0.201387 0.293185 0.263895 0.201387 0.32955 0.263895 0.237751
          0.293185 0.300259 0.201387 0.32955 0.263895 0.237751 0.32955 0.300259 0.237751
          0.271964 0.227532 0.222592 0.271964 0.263895 0.222592 0.308328 0.263895 0.258957
          0.271964 0.227532 0.222592 0.308328 0.263895 0.258957 0.308328 0.227532 0.258957
          0.293185 0.263895 0.201387 0.293185 0.227532 0.201387 0.32955 0.227532 0.237751
          0.293185 0.263895 0.201387 0.32955 0.227532 0.237751 0.32955 0.263895 0.237751
          0.32955 0.191168 0.237751 0.32955 0.154805 0.237751 0.363671 0.154805 0.271872
          0.32955 0.191168 0.237751 0.363671 0.154805 0.271872 0.363671 0.191168 0.271872
          0.365436 0.154805 0.297792 0.365436 0.191168 0.297792 0.363671 0.191168 0.271872
          0.365436 0.154805 0.297792 0.363671 0.191168 0.271872 0.363671 0.154805 0.271872
          0.365436 0.227532 0.297792 0.363671 0.227532 0.271872 0.363671 0.191168 0.271872
          0.365436 0.227532 0.297792 0.363671 0.191168 0.271872 0.365436 0.191168 0.297792
          0.32955 0.300259 0.237751 0.32955 0.263895 0.237751 0.363671 0.263895 0.271872
          0.32955 0.300259 0.237751 0.363671 0.263895 0.271872 0.363671 0.300259 0.271872
          0.365436 0.300259 0.297792 0.363671 0.300259 0.271872 0.363671 0.263895 0.271872
          0.365436 0.300259 0.297792 0.363671 0.263895 0.271872 0.365436 0.263895 0.297792
          0.365436 0.300259 0.297792 0.365436 0.263895 0.297792 0.342452 0.263895 0.29308
          0.365436 0.300259 0.297792 0.342452 0.263895 0.29308 0.342452 0.300259 0.29308
          0.365436 0.227532 0.297792 0.365436 0.263895 0.297792 0.363671 0.263895 0.271872
          0.365436 0.227532 0.297792 0.363671 0.263895 0.271872 0.363671 0.227532 0.271872
          0.365436 0.227532 0.297792 0.342452 0.227532 0.29308 0.342452 0.263895 0.29308
          0.365436 0.227532 0.297792 0.342452 0.263895 0.29308 0.365436 0.263895 0.297792
          0.271964 0.336327 0.222592 0.271964 0.300259 0.222592 0.235592 0.300259 0.186221
          0.271964 0.336327 0.222592 0.235592 0.300259 0.186221 0.235592 0.336327 0.186221
          0.271964 0.300259 0.222592 0.271964 0.336327 0.222592 0.308329 0.336327 0.258957
          0.271964 0.300259 0.222592 0.308329 0.336327 0.258957 0.308328 0.300259 0.258957
          0.271964 0.336327 0.222592 0.271965 0.369707 0.222593 0.308313 0.369703 0.258942
          0.271964 0.336327 0.222592 0.308313 0.369703 0.258942 0.308329 0.336327 0.258957
          0.271965 0.369707 0.222593 0.271966 0.393571 0.222594 0.290139 0.391238 0.240767
          0.271965 0.369707 0.222593 0.290139 0.391238 0.240767 0.308281 0.393573 0.258909
          0.271965 0.369707 0.222593 0.308281 0.393573 0.258909 0.308313 0.369703 0.258942
          0.31137 0.369369 0.219572 0.290139 0.391238 0.240767 0.293183 0.393571 0.201385
          0.31137 0.369369 0.219572 0.293183 0.393571 0.201385 0.293184 0.369707 0.201386
          0.32955 0.336327 0.237751 0.32955 0.300259 0.237751 0.363671 0.300259 0.271872
          0.32955 0.336327 0.237751 0.363671 0.300259 0.271872 0.363651 0.336289 0.271852
          0.365436 0.300259 0.297792 0.365436 0.336271 0.297792 0.363651 0.336289 0.271852
          0.365436 0.300259 0.297792 0.363651 0.336289 0.271852 0.363671 0.300259 0.271872
          0.365436 0.3696 0.297791 0.363456 0.369651 0.271657 0.363651 0.336289 0.271852
          0.365436 0.3696 0.297791 0.363651 0.336289 0.271852 0.365436 0.336271 0.297792
          0.365436 0.3696 0.297791 0.365436 0.393936 0.297791 0.363244 0.393838 0.271446
          0.365436 0.3696 0.297791 0.363244 0.393838 0.271446 0.363456 0.369651 0.271657
          0.365436 0.3696 0.297791 0.342237 0.369651 0.292866 0.342027 0.393837 0.292655
          0.365436 0.3696 0.297791 0.342027 0.393837 0.292655 0.365436 0.393936 0.297791
          -0.0281217 -0.00883766 -0.0774935 -0.00991015 -0.00883182 -0.0592819 -0.00991336 -0.0269593 -0.0592851
          -0.0281217 -0.00883766 -0.0774935 -0.00991336 -0.0269593 -0.0592851 -0.0281286 -0.0269509 -0.0775004
          -0.0100309 -0.0447386 -0.0594026 -0.0279716 -0.0447216 -0.0773434 -0.0281286 -0.0269509 -0.0775004
          -0.0100309 -0.0447386 -0.0594026 -0.0281286 -0.0269509 -0.0775004 -0.00991336 -0.0269593 -0.0592851
          0.0264399 -0.00883182 -0.0229319 0.026428 -0.0269562 -0.0229438 0.00826675 -0.0269586 -0.041105
          0.0264399 -0.00883182 -0.0229319 0.00826675 -0.0269586 -0.041105 0.00826425 -0.00883182 -0.0411075
          0.026428 -0.0269562 -0.0229438 0.0262908 -0.0449453 -0.023081 0.00839861 -0.0447768 -0.0409731
          0.026428 -0.0269562 -0.0229438 0.00839861 -0.0447768 -0.0409731 0.00826675 -0.0269586 -0.041105
          -0.0464168 0.0270712 -0.0957885 -0.0643231 0.0270687 -0.113695 -0.0629155 0.0452697 -0.112287
          -0.0464168 0.0270712 -0.0957885 -0.0629155 0.0452697 -0.112287 -0.0553968 0.0504883 -0.104768
          -0.0464168 0.0270712 -0.0957885 -0.0553968 0.0504883 -0.104768 -0.0478395 0.045286 -0.0972112
          -0.00991015 0.0275318 -0.0592819 -0.0281217 0.0275377 -0.0774935 -0.0281286 0.0456509 -0.0775004
          -0.00991015 0.0275318 -0.0592819 -0.0281286 0.0456509 -0.0775004 -0.00991336 0.0456593 -0.0592851
          -0.0281286 0.0456509 -0.0775004 -0.0279716 0.0634215 -0.0773434 -0.0100309 0.0634386 -0.0594026
          -0.0281286 0.0456509 -0.0775004 -0.0100309 0.0634386 -0.0594026 -0.00991336 0.0456593 -0.0592851
          0.026428 0.0456562 -0.0229438 0.0264399 0.0275318 -0.0229319 0.00826425 0.0275318 -0.0411075
          0.026428 0.0456562 -0.0229438 0.00826425 0.0275318 -0.0411075 0.00826675 0.0456586 -0.041105
          0.0262908 0.0636453 -0.023081 0.026428 0.0456562 -0.0229438 0.00826675 0.0456586 -0.041105
          0.0262908 0.0636453 -0.023081 0.00826675 0.0456586 -0.041105 0.00839861 0.0634768 -0.0409731
          -0.186762 -0.00882082 0.00307237 -0.17846 0.00119523 0.00532523 -0.17846 0.00112443 0.01348
          -0.186762 -0.00882082 0.00307237 -0.17846 0.00112443 0.01348 -0.186494 -0.0116043 0.0132429
          -0.17846 0.00935 0.00525443 -0.17846 0.00119523 0.00532523 -0.186762 -0.00106937 -0.00468632
          -0.17846 0.00935 0.00525443 -0.186762 -0.00106937 -0.00468632 -0.186493 0.0091413 -0.00746994
          -0.132935 0.00938981 -0.015049 -0.132772 8.14775e-05 -0.0143906 -0.12469 0.000995774 -0.0030074
          -0.132935 0.00938981 -0.015049 -0.12469 0.000995774 -0.0030074 -0.124258 0.00935358 -0.00502145
          -0.12469 -0.00713547 0.00512673 -0.132772 -0.0185213 0.00421455 -0.132933 -0.0191787 0.0134408
          -0.12469 -0.00713547 0.00512673 -0.132933 -0.0191787 0.0134408 -0.124258 -0.00914642 0.0134786
          -0.186762 0.0275201 0.00305837 -0.186494 0.0303052 0.0136849 -0.17846 0.0175756 0.01348
          -0.186762 0.0275201 0.00305837 -0.17846 0.0175756 0.01348 -0.17846 0.0175048 0.00532523
          -0.186762 0.0197603 -0.00469547 -0.17846 0.0175048 0.00532523 -0.17846 0.00935 0.00525443
          -0.186762 0.0197603 -0.00469547 -0.17846 0.00935 0.00525443 -0.186493 0.0091413 -0.00746994
          -0.12469 0.0177058 -0.00301028 -0.132772 0.0186169 -0.0143965 -0.132935 0.00938981 -0.015049
          -0.12469 0.0177058 -0.00301028 -0.132935 0.00938981 -0.015049 -0.124258 0.00935358 -0.00502145
          -0.132935 0.0378792 0.0135192 -0.132772 0.0372239 0.00421052 -0.12469 0.0258412 0.00512395
          -0.132935 0.0378792 0.0135192 -0.12469 0.0258412 0.00512395 -0.124258 0.0278536 0.0134786
          -0.0760619 0.00204065 0.0135303 -0.0709603 0.00592289 0.0148996 -0.0760598 0.00929962 0.00616688
          -0.0760619 0.00204065 0.0135303 -0.0760598 0.00929962 0.00616688 -0.0771914 0.0037841 0.00790906
          -0.0760598 0.00929962 0.00616688 -0.0709603 0.00592289 0.0148996 -0.0760588 0.0166648 0.0135306
          -0.0760598 0.00929962 0.00616688 -0.0760588 0.0166648 0.0135306 -0.0771895 0.0149225 0.00790968
          -0.0760611 0.00929963 0.0207909 -0.0771903 0.0149227 0.0190477 -0.0760588 0.0166648 0.0135306
          -0.0760611 0.00929963 0.0207909 -0.0760588 0.0166648 0.0135306 -0.0709603 0.00592289 0.0148996
          -0.0760611 0.00929963 0.0207909 -0.0709603 0.00592289 0.0148996 -0.0760619 0.00204065 0.0135303
          -0.0760611 0.00929963 0.0207909 -0.0760619 0.00204065 0.0135303 -0.0771922 0.00378385 0.0190483
          -0.12469 0.000995774 -0.0030074 -0.123149 -0.00372792 0.000397052 -0.118108 -0.00376048 0.000432583
          -0.12469 0.000995774 -0.0030074 -0.118108 -0.00376048 0.000432583 -0.118265 0.00179559 -0.00339605
          -0.118108 -0.00376048 0.000432583 -0.123149 -0.00372792 0.000397052 -0.12469 -0.00713547 0.00512673
          -0.118108 -0.00376048 0.000432583 -0.12469 -0.00713547 0.00512673 -0.118265 -0.00752352 0.00592664
          -0.12469 0.0258412 0.00512395 -0.123149 0.0224351 0.000397052 -0.118108 0.0224009 0.000365689
          -0.12469 0.0258412 0.00512395 -0.118108 0.0224009 0.000365689 -0.118265 0.0262296 0.0059241
          -0.118108 0.0224009 0.000365689 -0.123149 0.0224351 0.000397052 -0.12469 0.0177058 -0.00301028
          -0.118108 0.0224009 0.000365689 -0.12469 0.0177058 -0.00301028 -0.118265 0.0169054 -0.00339856
          -0.110019 0.00219003 -0.00272697 -0.118265 0.00179559 -0.00339605 -0.118108 -0.00376048 0.000432583
          -0.110019 0.00219003 -0.00272697 -0.118108 -0.00376048 0.000432583 -0.118265 -0.00752352 0.00592664
          -0.110019 0.00219003 -0.00272697 -0.118265 -0.00752352 0.00592664 -0.110019 -0.00685461 0.00632101
          -0.110018 0.0255604 0.0063186 -0.118265 0.0262296 0.0059241 -0.118108 0.0224009 0.000365689
          -0.110018 0.0255604 0.0063186 -0.118108 0.0224009 0.000365689 -0.118265 0.0169054 -0.00339856
          -0.110018 0.0255604 0.0063186 -0.118265 0.0169054 -0.00339856 -0.110018 0.016511 -0.00272937
          -0.12469 0.0177046 0.029968 -0.123149 0.0224351 0.0265601 -0.118108 0.0223995 0.0265928
          -0.12469 0.0177046 0.029968 -0.118108 0.0223995 0.0265928 -0.118265 0.0169044 0.0303561
          -0.118108 -0.00375906 0.0265261 -0.123149 -0.00372792 0.0265601 -0.12469 0.000996941 0.0299652
          -0.118108 -0.00375906 0.0265261 -0.12469 0.000996941 0.0299652 -0.118265 0.0017966 0.0303536
          -0.110019 0.01651 0.0296871 -0.118265 0.0169044 0.0303561 -0.118108 0.0223995 0.0265928
          -0.110019 0.01651 0.0296871 -0.118108 0.0223995 0.0265928 -0.118265 0.0262286 0.0210355
          -0.110019 0.01651 0.0296871 -0.118265 0.0262286 0.0210355 -0.110018 0.0255594 0.020641
          -0.17846 0.00112443 0.01348 -0.17846 0.00119523 0.00532523 -0.17846 0.00935 0.00525443
          -0.17846 0.00112443 0.01348 -0.17846 0.00935 0.00525443 -0.17846 0.00935 0.01348
          -0.17846 0.00935 0.00525443 -0.17846 0.0175048 0.00532523 -0.17846 0.0175756 0.01348
          -0.17846 0.00935 0.00525443 -0.17846 0.0175756 0.01348 -0.17846 0.00935 0.01348
          -0.17846 0.00112443 0.01348 -0.17846 0.00935 0.01348 -0.17846 0.00935 0.0217056
          -0.17846 0.00112443 0.01348 -0.17846 0.00935 0.0217056 -0.17846 0.00119523 0.0216348
          -0.17846 0.0175756 0.01348 -0.17846 0.0175048 0.0216348 -0.17846 0.00935 0.0217056
          -0.17846 0.0175756 0.01348 -0.17846 0.00935 0.0217056 -0.17846 0.00935 0.01348
          -0.118316 0.00935358 -0.00502145 -0.124258 0.00935358 -0.00502145 -0.12469 0.000995774 -0.0030074
          -0.118316 0.00935358 -0.00502145 -0.12469 0.000995774 -0.0030074 -0.118265 0.00179559 -0.00339605
          -0.118316 -0.00914642 0.0134786 -0.118265 -0.00752352 0.00592664 -0.12469 -0.00713547 0.00512673
          -0.118316 -0.00914642 0.0134786 -0.12469 -0.00713547 0.00512673 -0.124258 -0.00914642 0.0134786
          -0.118316 0.0278536 0.0134786 -0.124258 0.0278536 0.0134786 -0.12469 0.0258412 0.00512395
          -0.118316 0.0278536 0.0134786 -0.12469 0.0258412 0.00512395 -0.118265 0.0262296 0.0059241
          -0.118316 0.00935358 -0.00502145 -0.118265 0.0169054 -0.00339856 -0.12469 0.0177058 -0.00301028
          -0.118316 0.00935358 -0.00502145 -0.12469 0.0177058 -0.00301028 -0.124258 0.00935358 -0.00502145
          -0.110019 0.00219003 -0.00272697 -0.110019 -0.00685461 0.00632101 -0.101733 -0.00512281 0.00709708
          -0.110019 0.00219003 -0.00272697 -0.101733 -0.00512281 0.00709708 -0.101732 0.00296615 -0.000995131
          -0.10193 0.00935358 -0.00239818 -0.110042 0.00935358 -0.00425692 -0.110019 0.00219003 -0.00272697
          -0.10193 0.00935358 -0.00239818 -0.110019 0.00219003 -0.00272697 -0.101732 0.00296615 -0.000995131
          -0.101931 -0.00652348 0.0134786 -0.101733 -0.00512281 0.00709708 -0.110019 -0.00685461 0.00632101
          -0.101931 -0.00652348 0.0134786 -0.110019 -0.00685461 0.00632101 -0.110043 -0.00838216 0.0134786
          -0.118316 0.00935358 -0.00502145 -0.118265 0.00179559 -0.00339605 -0.110019 0.00219003 -0.00272697
          -0.118316 0.00935358 -0.00502145 -0.110019 0.00219003 -0.00272697 -0.110042 0.00935358 -0.00425692
          -0.118316 -0.00914642 0.0134786 -0.110043 -0.00838216 0.0134786 -0.110019 -0.00685461 0.00632101
          -0.118316 -0.00914642 0.0134786 -0.110019 -0.00685461 0.00632101 -0.118265 -0.00752352 0.00592664
          -0.110018 0.0255604 0.0063186 -0.110018 0.016511 -0.00272937 -0.101732 0.0157349 -0.000997516
          -0.110018 0.0255604 0.0063186 -0.101732 0.0157349 -0.000997516 -0.101731 0.0238286 0.0070947
          -0.10193 0.0252302 0.0134786 -0.110041 0.0270889 0.0134786 -0.110018 0.0255604 0.0063186
          -0.10193 0.0252302 0.0134786 -0.110018 0.0255604 0.0063186 -0.101731 0.0238286 0.0070947
          -0.10193 0.00935358 -0.00239818 -0.101732 0.0157349 -0.000997516 -0.110018 0.016511 -0.00272937
          -0.10193 0.00935358 -0.00239818 -0.110018 0.016511 -0.00272937 -0.110042 0.00935358 -0.00425692
          -0.118316 0.0278536 0.0134786 -0.118265 0.0262296 0.0059241 -0.110018 0.0255604 0.0063186
          -0.118316 0.0278536 0.0134786 -0.110018 0.0255604 0.0063186 -0.110041 0.0270889 0.0134786
          -0.118316 0.00935358 -0.00502145 -0.110042 0.00935358 -0.00425692 -0.110018 0.016511 -0.00272937
          -0.118316 0.00935358 -0.00502145 -0.110018 0.016511 -0.00272937 -0.118265 0.0169054 -0.00339856
          -0.118108 0.0223995 0.0265928 -0.123149 0.0224351 0.0265601 -0.12469 0.02584 0.0218355
          -0.118108 0.0223995 0.0265928 -0.12469 0.02584 0.0218355 -0.118265 0.0262286 0.0210355
          -0.118316 0.0278536 0.0134786 -0.118265 0.0262286 0.0210355 -0.12469 0.02584 0.0218355
          -0.118316 0.0278536 0.0134786 -0.12469 0.02584 0.0218355 -0.124258 0.0278536 0.0134786
          -0.118316 0.00935358 0.0319786 -0.124258 0.00935358 0.0319786 -0.12469 0.0177046 0.029968
          -0.118316 0.00935358 0.0319786 -0.12469 0.0177046 0.029968 -0.118265 0.0169044 0.0303561
          -0.12469 -0.00713428 0.0218327 -0.123149 -0.00372792 0.0265601 -0.118108 -0.00375906 0.0265261
          -0.12469 -0.00713428 0.0218327 -0.118108 -0.00375906 0.0265261 -0.118265 -0.00752249 0.0210329
          -0.118316 -0.00914642 0.0134786 -0.124258 -0.00914642 0.0134786 -0.12469 -0.00713428 0.0218327
          -0.118316 -0.00914642 0.0134786 -0.12469 -0.00713428 0.0218327 -0.118265 -0.00752249 0.0210329
          -0.118316 0.00935358 0.0319786 -0.118265 0.0017966 0.0303536 -0.12469 0.000996941 0.0299652
          -0.118316 0.00935358 0.0319786 -0.12469 0.000996941 0.0299652 -0.124258 0.00935358 0.0319786
          -0.0829104 0.00206321 0.00623743 -0.0771914 0.0037841 0.00790906 -0.0760598 0.00929962 0.00616688
          -0.0829104 0.00206321 0.00623743 -0.0760598 0.00929962 0.00616688 -0.0826666 0.00929172 0.00329736
          -0.0829104 0.00206321 0.00623743 -0.0826683 -0.000828373 0.0135381 -0.0760619 0.00204065 0.0135303
          -0.0829104 0.00206321 0.00623743 -0.0760619 0.00204065 0.0135303 -0.0771914 0.0037841 0.00790906
          -0.0829087 0.0165956 0.00618988 -0.0826666 0.00929172 0.00329736 -0.0760598 0.00929962 0.00616688
          -0.0829087 0.0165956 0.00618988 -0.0760598 0.00929962 0.00616688 -0.0771895 0.0149225 0.00790968
          -0.0829087 0.0165956 0.00618988 -0.0771895 0.0149225 0.00790968 -0.0760588 0.0166648 0.0135306
          -0.0829087 0.0165956 0.00618988 -0.0760588 0.0166648 0.0135306 -0.0826659 0.0195346 0.0135383
          -0.110018 0.0255594 0.020641 -0.101732 0.0238276 0.0198649 -0.101732 0.0157339 0.0279552
          -0.110018 0.0255594 0.020641 -0.101732 0.0157339 0.0279552 -0.110019 0.01651 0.0296871
          -0.10193 0.0252302 0.0134786 -0.101732 0.0238276 0.0198649 -0.110018 0.0255594 0.020641
          -0.10193 0.0252302 0.0134786 -0.110018 0.0255594 0.020641 -0.110041 0.0270889 0.0134786
          -0.118316 0.0278536 0.0134786 -0.110041 0.0270889 0.0134786 -0.110018 0.0255594 0.020641
          -0.118316 0.0278536 0.0134786 -0.110018 0.0255594 0.020641 -0.118265 0.0262286 0.0210355
          -0.101931 0.00935358 0.0293555 -0.110042 0.00935358 0.0312142 -0.110019 0.01651 0.0296871
          -0.101931 0.00935358 0.0293555 -0.110019 0.01651 0.0296871 -0.101732 0.0157339 0.0279552
          -0.118316 0.00935358 0.0319786 -0.118265 0.0169044 0.0303561 -0.110019 0.01651 0.0296871
          -0.118316 0.00935358 0.0319786 -0.110019 0.01651 0.0296871 -0.110042 0.00935358 0.0312142
          -0.11002 -0.00685364 0.0206386 -0.110019 0.00219099 0.0296847 -0.101733 0.0029671 0.0279528
          -0.11002 -0.00685364 0.0206386 -0.101733 0.0029671 0.0279528 -0.101733 -0.00512183 0.0198625
          -0.101931 -0.00652348 0.0134786 -0.110043 -0.00838216 0.0134786 -0.11002 -0.00685364 0.0206386
          -0.101931 -0.00652348 0.0134786 -0.11002 -0.00685364 0.0206386 -0.101733 -0.00512183 0.0198625
          -0.11002 -0.00685364 0.0206386 -0.118265 -0.00752249 0.0210329 -0.118108 -0.00375906 0.0265261
          -0.11002 -0.00685364 0.0206386 -0.118108 -0.00375906 0.0265261 -0.118265 0.0017966 0.0303536
          -0.11002 -0.00685364 0.0206386 -0.118265 0.0017966 0.0303536 -0.110019 0.00219099 0.0296847
          -0.118316 -0.00914642 0.0134786 -0.118265 -0.00752249 0.0210329 -0.11002 -0.00685364 0.0206386
          -0.118316 -0.00914642 0.0134786 -0.11002 -0.00685364 0.0206386 -0.110043 -0.00838216 0.0134786
          -0.101931 0.00935358 0.0293555 -0.101733 0.0029671 0.0279528 -0.110019 0.00219099 0.0296847
          -0.101931 0.00935358 0.0293555 -0.110019 0.00219099 0.0296847 -0.110042 0.00935358 0.0312142
          -0.118316 0.00935358 0.0319786 -0.110042 0.00935358 0.0312142 -0.110019 0.00219099 0.0296847
          -0.118316 0.00935358 0.0319786 -0.110019 0.00219099 0.0296847 -0.118265 0.0017966 0.0303536
          -0.0945959 0.00935358 -0.000488588 -0.0952003 0.00387834 0.000467303 -0.0916628 1.06203e-05 0.0041858
          -0.0945959 0.00935358 -0.000488588 -0.0916628 1.06203e-05 0.0041858 -0.0829104 0.00206321 0.00623743
          -0.0945959 0.00935358 -0.000488588 -0.0829104 0.00206321 0.00623743 -0.0826666 0.00929172 0.00329736
          -0.10193 0.00935358 -0.00239818 -0.101732 0.00296615 -0.000995131 -0.0952003 0.00387834 0.000467303
          -0.10193 0.00935358 -0.00239818 -0.0952003 0.00387834 0.000467303 -0.0945959 0.00935358 -0.000488588
          -0.095201 -0.00366045 0.0080094 -0.0916628 1.06203e-05 0.0041858 -0.0952003 0.00387834 0.000467303
          -0.095201 -0.00366045 0.0080094 -0.0952003 0.00387834 0.000467303 -0.101732 0.00296615 -0.000995131
          -0.095201 -0.00366045 0.0080094 -0.101732 0.00296615 -0.000995131 -0.101733 -0.00512281 0.00709708
          -0.095201 -0.00366045 0.0080094 -0.0945971 -0.00461393 0.0134786 -0.0826683 -0.000828373 0.0135381
          -0.095201 -0.00366045 0.0080094 -0.0826683 -0.000828373 0.0135381 -0.0829104 0.00206321 0.00623743
          -0.095201 -0.00366045 0.0080094 -0.0829104 0.00206321 0.00623743 -0.0916628 1.06203e-05 0.0041858
          -0.101931 -0.00652348 0.0134786 -0.0945971 -0.00461393 0.0134786 -0.095201 -0.00366045 0.0080094
          -0.101931 -0.00652348 0.0134786 -0.095201 -0.00366045 0.0080094 -0.101733 -0.00512281 0.00709708
          -0.0951993 0.0223661 0.008007 -0.0916615 0.0186474 0.00413704 -0.0829087 0.0165956 0.00618988
          -0.0951993 0.0223661 0.008007 -0.0829087 0.0165956 0.00618988 -0.0826659 0.0195346 0.0135383
          -0.0951993 0.0223661 0.008007 -0.0826659 0.0195346 0.0135383 -0.0945953 0.0233206 0.0134786
          -0.10193 0.0252302 0.0134786 -0.101731 0.0238286 0.0070947 -0.0951993 0.0223661 0.008007
          -0.10193 0.0252302 0.0134786 -0.0951993 0.0223661 0.008007 -0.0945953 0.0233206 0.0134786
          -0.0951996 0.0148226 0.000464902 -0.0916615 0.0186474 0.00413704 -0.0951993 0.0223661 0.008007
          -0.0951996 0.0148226 0.000464902 -0.0951993 0.0223661 0.008007 -0.101731 0.0238286 0.0070947
          -0.0951996 0.0148226 0.000464902 -0.101731 0.0238286 0.0070947 -0.101732 0.0157349 -0.000997516
          -0.0951996 0.0148226 0.000464902 -0.0945959 0.00935358 -0.000488588 -0.0826666 0.00929172 0.00329736
          -0.0951996 0.0148226 0.000464902 -0.0826666 0.00929172 0.00329736 -0.0829087 0.0165956 0.00618988
          -0.0951996 0.0148226 0.000464902 -0.0829087 0.0165956 0.00618988 -0.0916615 0.0186474 0.00413704
          -0.10193 0.00935358 -0.00239818 -0.0945959 0.00935358 -0.000488588 -0.0951996 0.0148226 0.000464902
          -0.10193 0.00935358 -0.00239818 -0.0951996 0.0148226 0.000464902 -0.101732 0.0157349 -0.000997516
          -0.0829094 0.0165943 0.0207688 -0.0826659 0.0195346 0.0135383 -0.0760588 0.0166648 0.0135306
          -0.0829094 0.0165943 0.0207688 -0.0760588 0.0166648 0.0135306 -0.0771903 0.0149227 0.0190477
          -0.0760611 0.00929963 0.0207909 -0.0826676 0.00929191 0.0236601 -0.0829094 0.0165943 0.0207688
          -0.0760611 0.00929963 0.0207909 -0.0829094 0.0165943 0.0207688 -0.0771903 0.0149227 0.0190477
          -0.0829111 0.00206449 0.0207214 -0.0771922 0.00378385 0.0190483 -0.0760619 0.00204065 0.0135303
          -0.0829111 0.00206449 0.0207214 -0.0760619 0.00204065 0.0135303 -0.0826683 -0.000828373 0.0135381
          -0.0829111 0.00206449 0.0207214 -0.0826676 0.00929191 0.0236601 -0.0760611 0.00929963 0.0207909
          -0.0829111 0.00206449 0.0207214 -0.0760611 0.00929963 0.0207909 -0.0771922 0.00378385 0.0190483
          -0.0916621 0.0186461 0.0228215 -0.0951996 0.0223652 0.0189526 -0.0945953 0.0233206 0.0134786
          -0.0916621 0.0186461 0.0228215 -0.0945953 0.0233206 0.0134786 -0.0826659 0.0195346 0.0135383
          -0.0916621 0.0186461 0.0228215 -0.0826659 0.0195346 0.0135383 -0.0829094 0.0165943 0.0207688
          -0.10193 0.0252302 0.0134786 -0.0945953 0.0233206 0.0134786 -0.0951996 0.0223652 0.0189526
          -0.10193 0.0252302 0.0134786 -0.0951996 0.0223652 0.0189526 -0.101732 0.0238276 0.0198649
          -0.0916621 0.0186461 0.0228215 -0.0952003 0.0148216 0.0264928 -0.101732 0.0157339 0.0279552
          -0.0916621 0.0186461 0.0228215 -0.101732 0.0157339 0.0279552 -0.101732 0.0238276 0.0198649
          -0.0916621 0.0186461 0.0228215 -0.101732 0.0238276 0.0198649 -0.0951996 0.0223652 0.0189526
          -0.0945966 0.00935358 0.0274459 -0.0952003 0.0148216 0.0264928 -0.0916621 0.0186461 0.0228215
          -0.0945966 0.00935358 0.0274459 -0.0916621 0.0186461 0.0228215 -0.0829094 0.0165943 0.0207688
          -0.0945966 0.00935358 0.0274459 -0.0829094 0.0165943 0.0207688 -0.0826676 0.00929191 0.0236601
          -0.101931 0.00935358 0.0293555 -0.101732 0.0157339 0.0279552 -0.0952003 0.0148216 0.0264928
          -0.101931 0.00935358 0.0293555 -0.0952003 0.0148216 0.0264928 -0.0945966 0.00935358 0.0274459
          -0.0952013 -0.00365959 0.0189501 -0.0916633 1.19451e-05 0.022773 -0.0829111 0.00206449 0.0207214
          -0.0952013 -0.00365959 0.0189501 -0.0829111 0.00206449 0.0207214 -0.0826683 -0.000828373 0.0135381
          -0.0952013 -0.00365959 0.0189501 -0.0826683 -0.000828373 0.0135381 -0.0945971 -0.00461393 0.0134786
          -0.101931 -0.00652348 0.0134786 -0.101733 -0.00512183 0.0198625 -0.0952013 -0.00365959 0.0189501
          -0.101931 -0.00652348 0.0134786 -0.0952013 -0.00365959 0.0189501 -0.0945971 -0.00461393 0.0134786
          -0.0952009 0.00387941 0.0264905 -0.0916633 1.19451e-05 0.022773 -0.0952013 -0.00365959 0.0189501
          -0.0952009 0.00387941 0.0264905 -0.0952013 -0.00365959 0.0189501 -0.101733 -0.00512183 0.0198625
          -0.0952009 0.00387941 0.0264905 -0.101733 -0.00512183 0.0198625 -0.101733 0.0029671 0.0279528
          -0.0952009 0.00387941 0.0264905 -0.0945966 0.00935358 0.0274459 -0.0826676 0.00929191 0.0236601
          -0.0952009 0.00387941 0.0264905 -0.0826676 0.00929191 0.0236601 -0.0829111 0.00206449 0.0207214
          -0.0952009 0.00387941 0.0264905 -0.0829111 0.00206449 0.0207214 -0.0916633 1.19451e-05 0.022773
          -0.101931 0.00935358 0.0293555 -0.0945966 0.00935358 0.0274459 -0.0952009 0.00387941 0.0264905
          -0.101931 0.00935358 0.0293555 -0.0952009 0.00387941 0.0264905 -0.101733 0.0029671 0.0279528
          -0.12469 -0.00713547 0.00512673 -0.123149 -0.00372792 0.000397052 -0.12469 0.000995774 -0.0030074
          -0.12469 -0.00713547 0.00512673 -0.12469 0.000995774 -0.0030074 -0.13319 -0.0103082 -0.00617436
          -0.12469 0.0177058 -0.00301028 -0.123149 0.0224351 0.000397052 -0.12469 0.0258412 0.00512395
          -0.12469 0.0177058 -0.00301028 -0.12469 0.0258412 0.00512395 -0.133192 0.0290047 -0.00617855
          -0.17846 0.00112443 0.01348 -0.17846 0.00119523 0.0216348 -0.186762 -0.00881356 0.0238977
          -0.17846 0.00112443 0.01348 -0.186762 -0.00881356 0.0238977 -0.186494 -0.0116043 0.0132429
          -0.17846 0.00935 0.0217056 -0.186494 0.00915504 0.0344283 -0.186762 -0.00105723 0.0316502
          -0.17846 0.00935 0.0217056 -0.186762 -0.00105723 0.0316502 -0.17846 0.00119523 0.0216348
          -0.186762 0.0275248 0.0238899 -0.17846 0.0175048 0.0216348 -0.17846 0.0175756 0.01348
          -0.186762 0.0275248 0.0238899 -0.17846 0.0175756 0.01348 -0.186494 0.0303052 0.0136849
          -0.186762 0.01977 0.0316473 -0.186494 0.00915504 0.0344283 -0.17846 0.00935 0.0217056
          -0.186762 0.01977 0.0316473 -0.17846 0.00935 0.0217056 -0.17846 0.0175048 0.0216348
          -0.12469 0.02584 0.0218355 -0.123149 0.0224351 0.0265601 -0.12469 0.0177046 0.029968
          -0.12469 0.02584 0.0218355 -0.12469 0.0177046 0.029968 -0.133191 0.0290084 0.0331345
          -0.12469 0.000996941 0.0299652 -0.123149 -0.00372792 0.0265601 -0.12469 -0.00713428 0.0218327
          -0.12469 0.000996941 0.0299652 -0.12469 -0.00713428 0.0218327 -0.13319 -0.0103042 0.0331381
          -0.132935 0.0378792 0.0135192 -0.124258 0.0278536 0.0134786 -0.12469 0.02584 0.0218355
          -0.132935 0.0378792 0.0135192 -0.12469 0.02584 0.0218355 -0.132772 0.0372271 0.0227471
          -0.132934 0.00931083 0.0420089 -0.132772 0.0186183 0.0413499 -0.12469 0.0177046 0.029968
          -0.132934 0.00931083 0.0420089 -0.12469 0.0177046 0.029968 -0.124258 0.00935358 0.0319786
          -0.12469 -0.00713428 0.0218327 -0.124258 -0.00914642 0.0134786 -0.132933 -0.0191787 0.0134408
          -0.12469 -0.00713428 0.0218327 -0.132933 -0.0191787 0.0134408 -0.132772 -0.0185166 0.0227473
          -0.12469 0.000996941 0.0299652 -0.132772 8.43716e-05 0.041352 -0.132934 0.00931083 0.0420089
          -0.12469 0.000996941 0.0299652 -0.132934 0.00931083 0.0420089 -0.124258 0.00935358 0.0319786
          -0.208872 0.00935 0.01348 -0.208872 0.00935 0.0043971 -0.208872 0.000295908 0.00442591
          -0.208872 0.00935 0.01348 -0.208872 0.000295908 0.00442591 -0.208872 0.000267095 0.01348
          -0.208872 0.00935 0.01348 -0.208872 0.0184329 0.01348 -0.208872 0.0184041 0.00442591
          -0.208872 0.00935 0.01348 -0.208872 0.0184041 0.00442591 -0.208872 0.00935 0.0043971
          -0.208872 0.00935 0.01348 -0.208872 0.000267095 0.01348 -0.208872 0.000295908 0.0225341
          -0.208872 0.00935 0.01348 -0.208872 0.000295908 0.0225341 -0.208872 0.00935 0.0225629
          -0.208872 0.00935 0.01348 -0.208872 0.00935 0.0225629 -0.208872 0.0184041 0.0225341
          -0.208872 0.00935 0.01348 -0.208872 0.0184041 0.0225341 -0.208872 0.0184329 0.01348
          -0.208872 0.00935 -0.0171603 -0.208872 0.000865588 -0.0170472 -0.208872 0.000808705 -0.0120479
          -0.208872 0.00935 -0.0171603 -0.208872 0.000808705 -0.0120479 -0.208872 0.00935 -0.0121949
          -0.208872 -0.0212903 0.01348 -0.208872 -0.0163249 0.01348 -0.208872 -0.0161779 0.00493871
          -0.208872 -0.0212903 0.01348 -0.208872 -0.0161779 0.00493871 -0.208872 -0.0211772 0.00499559
          -0.208872 0.00935 -0.0171603 -0.208872 0.00935 -0.0121949 -0.208872 0.0178913 -0.0120479
          -0.208872 0.00935 -0.0171603 -0.208872 0.0178913 -0.0120479 -0.208872 0.0178344 -0.0170472
          -0.208872 0.0399903 0.01348 -0.208872 0.0398772 0.00499559 -0.208872 0.0348779 0.00493871
          -0.208872 0.0399903 0.01348 -0.208872 0.0348779 0.00493871 -0.208872 0.0350249 0.01348
          -0.208872 0.00935 -0.00454292 -0.208872 0.000450689 -0.00440359 -0.208872 0.000295908 0.00442591
          -0.208872 0.00935 -0.00454292 -0.208872 0.000295908 0.00442591 -0.208872 0.00935 0.0043971
          -0.208872 -0.00867292 0.01348 -0.208872 0.000267095 0.01348 -0.208872 0.000295908 0.00442591
          -0.208872 -0.00867292 0.01348 -0.208872 0.000295908 0.00442591 -0.208872 -0.00853359 0.00458069
          -0.208872 -0.00785904 -0.00372904 -0.208872 -0.00853359 0.00458069 -0.208872 0.000295908 0.00442591
          -0.208872 -0.00785904 -0.00372904 -0.208872 0.000295908 0.00442591 -0.208872 0.000450689 -0.00440359
          -0.208872 0.00935 -0.00454292 -0.208872 0.00935 0.0043971 -0.208872 0.0184041 0.00442591
          -0.208872 0.00935 -0.00454292 -0.208872 0.0184041 0.00442591 -0.208872 0.0182493 -0.00440359
          -0.208872 0.0273729 0.01348 -0.208872 0.0272336 0.00458069 -0.208872 0.0184041 0.00442591
          -0.208872 0.0273729 0.01348 -0.208872 0.0184041 0.00442591 -0.208872 0.0184329 0.01348
          -0.208872 0.026559 -0.00372904 -0.208872 0.0182493 -0.00440359 -0.208872 0.0184041 0.00442591
          -0.208872 0.026559 -0.00372904 -0.208872 0.0184041 0.00442591 -0.208872 0.0272336 0.00458069
          -0.208872 -0.0212903 0.01348 -0.208872 -0.0211772 0.0219644 -0.208872 -0.0161779 0.0220213
          -0.208872 -0.0212903 0.01348 -0.208872 -0.0161779 0.0220213 -0.208872 -0.0163249 0.01348
          -0.208872 0.00935 0.0441203 -0.208872 0.00935 0.0391549 -0.208872 0.000808705 0.0390079
          -0.208872 0.00935 0.0441203 -0.208872 0.000808705 0.0390079 -0.208872 0.000865588 0.0440072
          -0.208872 0.0399903 0.01348 -0.208872 0.0350249 0.01348 -0.208872 0.0348779 0.0220213
          -0.208872 0.0399903 0.01348 -0.208872 0.0348779 0.0220213 -0.208872 0.0398772 0.0219644
          -0.208872 0.00935 0.0441203 -0.208872 0.0178344 0.0440072 -0.208872 0.0178913 0.0390079
          -0.208872 0.00935 0.0441203 -0.208872 0.0178913 0.0390079 -0.208872 0.00935 0.0391549
          -0.208872 0.00935 -0.00454292 -0.208872 0.00935 -0.0121949 -0.208872 0.000808705 -0.0120479
          -0.208872 0.00935 -0.00454292 -0.208872 0.000808705 -0.0120479 -0.208872 0.000450689 -0.00440359
          -0.208872 -0.00501162 -0.0178993 -0.208872 -0.00638298 -0.0107996 -0.208872 0.000808705 -0.0120479
          -0.208872 -0.00501162 -0.0178993 -0.208872 0.000808705 -0.0120479 -0.208872 0.000865588 -0.0170472
          -0.208872 -0.00785904 -0.00372904 -0.208872 0.000450689 -0.00440359 -0.208872 0.000808705 -0.0120479
          -0.208872 -0.00785904 -0.00372904 -0.208872 0.000808705 -0.0120479 -0.208872 -0.00638298 -0.0107996
          -0.208872 -0.00867292 0.01348 -0.208872 -0.00853359 0.00458069 -0.208872 -0.0161779 0.00493871
          -0.208872 -0.00867292 0.01348 -0.208872 -0.0161779 0.00493871 -0.208872 -0.0163249 0.01348
          -0.208872 -0.0220293 -0.000881624 -0.208872 -0.0211772 0.00499559 -0.208872 -0.0161779 0.00493871
          -0.208872 -0.0220293 -0.000881624 -0.208872 -0.0161779 0.00493871 -0.208872 -0.0149296 -0.00225298
          -0.208872 -0.00785904 -0.00372904 -0.208872 -0.0149296 -0.00225298 -0.208872 -0.0161779 0.00493871
          -0.208872 -0.00785904 -0.00372904 -0.208872 -0.0161779 0.00493871 -0.208872 -0.00853359 0.00458069
          -0.208872 0.00935 -0.00454292 -0.208872 0.0182493 -0.00440359 -0.208872 0.0178913 -0.0120479
          -0.208872 0.00935 -0.00454292 -0.208872 0.0178913 -0.0120479 -0.208872 0.00935 -0.0121949
          -0.208872 0.0237116 -0.0178993 -0.208872 0.0178344 -0.0170472 -0.208872 0.0178913 -0.0120479
          -0.208872 0.0237116 -0.0178993 -0.208872 0.0178913 -0.0120479 -0.208872 0.025083 -0.0107996
          -0.208872 0.026559 -0.00372904 -0.208872 0.025083 -0.0107996 -0.208872 0.0178913 -0.0120479
          -0.208872 0.026559 -0.00372904 -0.208872 0.0178913 -0.0120479 -0.208872 0.0182493 -0.00440359
          -0.208872 0.0273729 0.01348 -0.208872 0.0350249 0.01348 -0.208872 0.0348779 0.00493871
          -0.208872 0.0273729 0.01348 -0.208872 0.0348779 0.00493871 -0.208872 0.0272336 0.00458069
          -0.208872 0.0407293 -0.000881624 -0.208872 0.0336296 -0.00225298 -0.208872 0.0348779 0.00493871
          -0.208872 0.0407293 -0.000881624 -0.208872 0.0348779 0.00493871 -0.208872 0.0398772 0.00499559
          -0.208872 0.026559 -0.00372904 -0.208872 0.0272336 0.00458069 -0.208872 0.0348779 0.00493871
          -0.208872 0.026559 -0.00372904 -0.208872 0.0348779 0.00493871 -0.208872 0.0336296 -0.00225298
          -0.208872 -0.00785904 -0.00372904 -0.208872 -0.00638298 -0.0107996 -0.208872 -0.0135716 -0.00944163
          -0.208872 -0.00785904 -0.00372904 -0.208872 -0.0135716 -0.00944163 -0.208872 -0.0149296 -0.00225298
          -0.208872 0.026559 -0.00372904 -0.208872 0.0336296 -0.00225298 -0.208872 0.0322716 -0.00944163
          -0.208872 0.026559 -0.00372904 -0.208872 0.0322716 -0.00944163 -0.208872 0.025083 -0.0107996
          -0.208872 -0.00867292 0.01348 -0.208872 -0.0163249 0.01348 -0.208872 -0.0161779 0.0220213
          -0.208872 -0.00867292 0.01348 -0.208872 -0.0161779 0.0220213 -0.208872 -0.00853359 0.0223793
          -0.208872 -0.0220293 0.0278416 -0.208872 -0.0149296 0.029213 -0.208872 -0.0161779 0.0220213
          -0.208872 -0.0220293 0.0278416 -0.208872 -0.0161779 0.0220213 -0.208872 -0.0211772 0.0219644
          -0.208872 -0.00785904 0.030689 -0.208872 -0.00853359 0.0223793 -0.208872 -0.0161779 0.0220213
          -0.208872 -0.00785904 0.030689 -0.208872 -0.0161779 0.0220213 -0.208872 -0.0149296 0.029213
          -0.208872 0.00935 0.0315029 -0.208872 0.000450689 0.0313636 -0.208872 0.000808705 0.0390079
          -0.208872 0.00935 0.0315029 -0.208872 0.000808705 0.0390079 -0.208872 0.00935 0.0391549
          -0.208872 -0.00501162 0.0448593 -0.208872 0.000865588 0.0440072 -0.208872 0.000808705 0.0390079
          -0.208872 -0.00501162 0.0448593 -0.208872 0.000808705 0.0390079 -0.208872 -0.00638298 0.0377596
          -0.208872 -0.00785904 0.030689 -0.208872 -0.00638298 0.0377596 -0.208872 0.000808705 0.0390079
          -0.208872 -0.00785904 0.030689 -0.208872 0.000808705 0.0390079 -0.208872 0.000450689 0.0313636
          -0.208872 0.0273729 0.01348 -0.208872 0.0272336 0.0223793 -0.208872 0.0348779 0.0220213
          -0.208872 0.0273729 0.01348 -0.208872 0.0348779 0.0220213 -0.208872 0.0350249 0.01348
          -0.208872 0.0407293 0.0278416 -0.208872 0.0398772 0.0219644 -0.208872 0.0348779 0.0220213
          -0.208872 0.0407293 0.0278416 -0.208872 0.0348779 0.0220213 -0.208872 0.0336296 0.029213
          -0.208872 0.026559 0.030689 -0.208872 0.0336296 0.029213 -0.208872 0.0348779 0.0220213
          -0.208872 0.026559 0.030689 -0.208872 0.0348779 0.0220213 -0.208872 0.0272336 0.0223793
          -0.208872 0.00935 0.0315029 -0.208872 0.00935 0.0391549 -0.208872 0.0178913 0.0390079
          -0.208872 0.00935 0.0315029 -0.208872 0.0178913 0.0390079 -0.208872 0.0182493 0.0313636
          -0.208872 0.0237116 0.0448593 -0.208872 0.025083 0.0377596 -0.208872 0.0178913 0.0390079
          -0.208872 0.0237116 0.0448593 -0.208872 0.0178913 0.0390079 -0.208872 0.0178344 0.0440072
          -0.208872 0.026559 0.030689 -0.208872 0.0182493 0.0313636 -0.208872 0.0178913 0.0390079
          -0.208872 0.026559 0.030689 -0.208872 0.0178913 0.0390079 -0.208872 0.025083 0.0377596
          -0.208872 -0.00785904 0.030689 -0.208872 -0.0149296 0.029213 -0.208872 -0.0135716 0.0364016
          -0.208872 -0.00785904 0.030689 -0.208872 -0.0135716 0.0364016 -0.208872 -0.00638298 0.0377596
          -0.208872 0.026559 0.030689 -0.208872 0.025083 0.0377596 -0.208872 0.0322716 0.0364016
          -0.208872 0.026559 0.030689 -0.208872 0.0322716 0.0364016 -0.208872 0.0336296 0.029213
          -0.208872 -0.00867292 0.01348 -0.208872 -0.00853359 0.0223793 -0.208872 0.000295908 0.0225341
          -0.208872 -0.00867292 0.01348 -0.208872 0.000295908 0.0225341 -0.208872 0.000267095 0.01348
          -0.208872 0.00935 0.0315029 -0.208872 0.00935 0.0225629 -0.208872 0.000295908 0.0225341
          -0.208872 0.00935 0.0315029 -0.208872 0.000295908 0.0225341 -0.208872 0.000450689 0.0313636
          -0.208872 -0.00785904 0.030689 -0.208872 0.000450689 0.0313636 -0.208872 0.000295908 0.0225341
          -0.208872 -0.00785904 0.030689 -0.208872 0.000295908 0.0225341 -0.208872 -0.00853359 0.0223793
          -0.208872 0.0273729 0.01348 -0.208872 0.0184329 0.01348 -0.208872 0.0184041 0.0225341
          -0.208872 0.0273729 0.01348 -0.208872 0.0184041 0.0225341 -0.208872 0.0272336 0.0223793
          -0.208872 0.00935 0.0315029 -0.208872 0.0182493 0.0313636 -0.208872 0.0184041 0.0225341
          -0.208872 0.00935 0.0315029 -0.208872 0.0184041 0.0225341 -0.208872 0.00935 0.0225629
          -0.208872 0.026559 0.030689 -0.208872 0.0272336 0.0223793 -0.208872 0.0184041 0.0225341
          -0.208872 0.026559 0.030689 -0.208872 0.0184041 0.0225341 -0.208872 0.0182493 0.0313636
          -0.211872 0.00935 0.01348 -0.211872 0.000267095 0.01348 -0.211872 0.000295908 0.00442591
          -0.211872 0.00935 0.01348 -0.211872 0.000295908 0.00442591 -0.211872 0.00935 0.0043971
          -0.211872 0.00935 0.01348 -0.211872 0.00935 0.0043971 -0.211872 0.0184041 0.00442591
          -0.211872 0.00935 0.01348 -0.211872 0.0184041 0.00442591 -0.211872 0.0184329 0.01348
          -0.211872 0.00935 0.01348 -0.211872 0.00935 0.0225629 -0.211872 0.000295908 0.0225341
          -0.211872 0.00935 0.01348 -0.211872 0.000295908 0.0225341 -0.211872 0.000267095 0.01348
          -0.211872 0.00935 0.01348 -0.211872 0.0184329 0.01348 -0.211872 0.0184041 0.0225341
          -0.211872 0.00935 0.01348 -0.211872 0.0184041 0.0225341 -0.211872 0.00935 0.0225629
          -0.208872 0.00935 -0.0171603 -0.211872 0.00935 -0.0122989 -0.211872 0.000770324 -0.0121593
          -0.208872 0.00935 -0.0171603 -0.211872 0.000770324 -0.0121593 -0.208872 0.000865588 -0.0170472
          -0.208872 -0.0212903 0.01348 -0.208872 -0.0211772 0.00499559 -0.211872 -0.0162893 0.00490032
          -0.208872 -0.0212903 0.01348 -0.211872 -0.0162893 0.00490032 -0.211872 -0.0164289 0.01348
          -0.208872 0.00935 -0.0171603 -0.208872 0.0178344 -0.0170472 -0.211872 0.0179297 -0.0121593
          -0.208872 0.00935 -0.0171603 -0.211872 0.0179297 -0.0121593 -0.211872 0.00935 -0.0122989
          -0.208872 0.0399903 0.01348 -0.211872 0.0351289 0.01348 -0.211872 0.0349893 0.00490032
          -0.208872 0.0399903 0.01348 -0.211872 0.0349893 0.00490032 -0.208872 0.0398772 0.00499559
          -0.211872 0.00935 -0.00454292 -0.211872 0.00935 0.0043971 -0.211872 0.000295908 0.00442591
          -0.211872 0.00935 -0.00454292 -0.211872 0.000295908 0.00442591 -0.211872 0.000507458 -0.00434891
          -0.211872 -0.00867292 0.01348 -0.211872 -0.00847891 0.00463746 -0.211872 0.000295908 0.00442591
          -0.211872 -0.00867292 0.01348 -0.211872 0.000295908 0.00442591 -0.211872 0.000267095 0.01348
          -0.211872 -0.0079243 -0.0037943 -0.211872 0.000507458 -0.00434891 -0.211872 0.000295908 0.00442591
          -0.211872 -0.0079243 -0.0037943 -0.211872 0.000295908 0.00442591 -0.211872 -0.00847891 0.00463746
          -0.211872 0.00935 -0.00454292 -0.211872 0.0181925 -0.00434891 -0.211872 0.0184041 0.00442591
          -0.211872 0.00935 -0.00454292 -0.211872 0.0184041 0.00442591 -0.211872 0.00935 0.0043971
          -0.211872 0.0273729 0.01348 -0.211872 0.0184329 0.01348 -0.211872 0.0184041 0.00442591
          -0.211872 0.0273729 0.01348 -0.211872 0.0184041 0.00442591 -0.211872 0.0271789 0.00463746
          -0.211872 0.0266243 -0.0037943 -0.211872 0.0271789 0.00463746 -0.211872 0.0184041 0.00442591
          -0.211872 0.0266243 -0.0037943 -0.211872 0.0184041 0.00442591 -0.211872 0.0181925 -0.00434891
          -0.208872 -0.0212903 0.01348 -0.211872 -0.0164289 0.01348 -0.211872 -0.0162893 0.0220597
          -0.208872 -0.0212903 0.01348 -0.211872 -0.0162893 0.0220597 -0.208872 -0.0211772 0.0219644
          -0.208872 0.00935 0.0441203 -0.208872 0.000865588 0.0440072 -0.211872 0.000770324 0.0391193
          -0.208872 0.00935 0.0441203 -0.211872 0.000770324 0.0391193 -0.211872 0.00935 0.0392589
          -0.208872 0.0399903 0.01348 -0.208872 0.0398772 0.0219644 -0.211872 0.0349893 0.0220597
          -0.208872 0.0399903 0.01348 -0.211872 0.0349893 0.0220597 -0.211872 0.0351289 0.01348
          -0.208872 0.00935 0.0441203 -0.211872 0.00935 0.0392589 -0.211872 0.0179297 0.0391193
          -0.208872 0.00935 0.0441203 -0.211872 0.0179297 0.0391193 -0.208872 0.0178344 0.0440072
          -0.211872 0.00935 -0.00454292 -0.211872 0.000507458 -0.00434891 -0.211872 0.000770324 -0.0121593
          -0.211872 0.00935 -0.00454292 -0.211872 0.000770324 -0.0121593 -0.211872 0.00935 -0.0122989
          -0.208872 -0.00501162 -0.0178993 -0.208872 0.000865588 -0.0170472 -0.211872 0.000770324 -0.0121593
          -0.208872 -0.00501162 -0.0178993 -0.211872 0.000770324 -0.0121593 -0.208872 -0.00638298 -0.0107996
          -0.211872 -0.0079243 -0.0037943 -0.208872 -0.00638298 -0.0107996 -0.211872 0.000770324 -0.0121593
          -0.211872 -0.0079243 -0.0037943 -0.211872 0.000770324 -0.0121593 -0.211872 0.000507458 -0.00434891
          -0.211872 -0.00867292 0.01348 -0.211872 -0.0164289 0.01348 -0.211872 -0.0162893 0.00490032
          -0.211872 -0.00867292 0.01348 -0.211872 -0.0162893 0.00490032 -0.211872 -0.00847891 0.00463746
          -0.208872 -0.0220293 -0.000881624 -0.208872 -0.0149296 -0.00225298 -0.211872 -0.0162893 0.00490032
          -0.208872 -0.0220293 -0.000881624 -0.211872 -0.0162893 0.00490032 -0.208872 -0.0211772 0.00499559
          -0.211872 -0.0079243 -0.0037943 -0.211872 -0.00847891 0.00463746 -0.211872 -0.0162893 0.00490032
          -0.211872 -0.0079243 -0.0037943 -0.211872 -0.0162893 0.00490032 -0.208872 -0.0149296 -0.00225298
          -0.211872 0.00935 -0.00454292 -0.211872 0.00935 -0.0122989 -0.211872 0.0179297 -0.0121593
          -0.211872 0.00935 -0.00454292 -0.211872 0.0179297 -0.0121593 -0.211872 0.0181925 -0.00434891
          -0.208872 0.0237116 -0.0178993 -0.208872 0.025083 -0.0107996 -0.211872 0.0179297 -0.0121593
          -0.208872 0.0237116 -0.0178993 -0.211872 0.0179297 -0.0121593 -0.208872 0.0178344 -0.0170472
          -0.211872 0.0266243 -0.0037943 -0.211872 0.0181925 -0.00434891 -0.211872 0.0179297 -0.0121593
          -0.211872 0.0266243 -0.0037943 -0.211872 0.0179297 -0.0121593 -0.208872 0.025083 -0.0107996
          -0.211872 0.0273729 0.01348 -0.211872 0.0271789 0.00463746 -0.211872 0.0349893 0.00490032
          -0.211872 0.0273729 0.01348 -0.211872 0.0349893 0.00490032 -0.211872 0.0351289 0.01348
          -0.208872 0.0407293 -0.000881624 -0.208872 0.0398772 0.00499559 -0.211872 0.0349893 0.00490032
          -0.208872 0.0407293 -0.000881624 -0.211872 0.0349893 0.00490032 -0.208872 0.0336296 -0.00225298
          -0.211872 0.0266243 -0.0037943 -0.208872 0.0336296 -0.00225298 -0.211872 0.0349893 0.00490032
          -0.211872 0.0266243 -0.0037943 -0.211872 0.0349893 0.00490032 -0.211872 0.0271789 0.00463746
          -0.211872 -0.0079243 -0.0037943 -0.208872 -0.0149296 -0.00225298 -0.208872 -0.0135716 -0.00944163
          -0.211872 -0.0079243 -0.0037943 -0.208872 -0.0135716 -0.00944163 -0.208872 -0.00638298 -0.0107996
          -0.211872 0.0266243 -0.0037943 -0.208872 0.025083 -0.0107996 -0.208872 0.0322716 -0.00944163
          -0.211872 0.0266243 -0.0037943 -0.208872 0.0322716 -0.00944163 -0.208872 0.0336296 -0.00225298
          -0.211872 -0.00867292 0.01348 -0.211872 -0.00847891 0.0223225 -0.211872 -0.0162893 0.0220597
          -0.211872 -0.00867292 0.01348 -0.211872 -0.0162893 0.0220597 -0.211872 -0.0164289 0.01348
          -0.208872 -0.0220293 0.0278416 -0.208872 -0.0211772 0.0219644 -0.211872 -0.0162893 0.0220597
          -0.208872 -0.0220293 0.0278416 -0.211872 -0.0162893 0.0220597 -0.208872 -0.0149296 0.029213
          -0.211872 -0.0079243 0.0307543 -0.208872 -0.0149296 0.029213 -0.211872 -0.0162893 0.0220597
          -0.211872 -0.0079243 0.0307543 -0.211872 -0.0162893 0.0220597 -0.211872 -0.00847891 0.0223225
          -0.211872 0.00935 0.0315029 -0.211872 0.00935 0.0392589 -0.211872 0.000770324 0.0391193
          -0.211872 0.00935 0.0315029 -0.211872 0.000770324 0.0391193 -0.211872 0.000507458 0.0313089
          -0.208872 -0.00501162 0.0448593 -0.208872 -0.00638298 0.0377596 -0.211872 0.000770324 0.0391193
          -0.208872 -0.00501162 0.0448593 -0.211872 0.000770324 0.0391193 -0.208872 0.000865588 0.0440072
          -0.211872 -0.0079243 0.0307543 -0.211872 0.000507458 0.0313089 -0.211872 0.000770324 0.0391193
          -0.211872 -0.0079243 0.0307543 -0.211872 0.000770324 0.0391193 -0.208872 -0.00638298 0.0377596
          -0.211872 0.0273729 0.01348 -0.211872 0.0351289 0.01348 -0.211872 0.0349893 0.0220597
          -0.211872 0.0273729 0.01348 -0.211872 0.0349893 0.0220597 -0.211872 0.0271789 0.0223225
          -0.208872 0.0407293 0.0278416 -0.208872 0.0336296 0.029213 -0.211872 0.0349893 0.0220597
          -0.208872 0.0407293 0.0278416 -0.211872 0.0349893 0.0220597 -0.208872 0.0398772 0.0219644
          -0.211872 0.0266243 0.0307543 -0.211872 0.0271789 0.0223225 -0.211872 0.0349893 0.0220597
          -0.211872 0.0266243 0.0307543 -0.211872 0.0349893 0.0220597 -0.208872 0.0336296 0.029213
          -0.211872 0.00935 0.0315029 -0.211872 0.0181925 0.0313089 -0.211872 0.0179297 0.0391193
          -0.211872 0.00935 0.0315029 -0.211872 0.0179297 0.0391193 -0.211872 0.00935 0.0392589
          -0.208872 0.0237116 0.0448593 -0.208872 0.0178344 0.0440072 -0.211872 0.0179297 0.0391193
          -0.208872 0.0237116 0.0448593 -0.211872 0.0179297 0.0391193 -0.208872 0.025083 0.0377596
          -0.211872 0.0266243 0.0307543 -0.208872 0.025083 0.0377596 -0.211872 0.0179297 0.0391193
          -0.211872 0.0266243 0.0307543 -0.211872 0.0179297 0.0391193 -0.211872 0.0181925 0.0313089
          -0.211872 -0.0079243 0.0307543 -0.208872 -0.00638298 0.0377596 -0.208872 -0.0135716 0.0364016
          -0.211872 -0.0079243 0.0307543 -0.208872 -0.0135716 0.0364016 -0.208872 -0.0149296 0.029213
          -0.211872 0.0266243 0.0307543 -0.208872 0.0336296 0.029213 -0.208872 0.0322716 0.0364016
          -0.211872 0.0266243 0.0307543 -0.208872 0.0322716 0.0364016 -0.208872 0.025083 0.0377596
          -0.211872 -0.00867292 0.01348 -0.211872 0.000267095 0.01348 -0.211872 0.000295908 0.0225341
          -0.211872 -0.00867292 0.01348 -0.211872 0.000295908 0.0225341 -0.211872 -0.00847891 0.0223225
          -0.211872 0.00935 0.0315029 -0.211872 0.000507458 0.0313089 -0.211872 0.000295908 0.0225341
          -0.211872 0.00935 0.0315029 -0.211872 0.000295908 0.0225341 -0.211872 0.00935 0.0225629
          -0.211872 -0.0079243 0.0307543 -0.211872 -0.00847891 0.0223225 -0.211872 0.000295908 0.0225341
          -0.211872 -0.0079243 0.0307543 -0.211872 0.000295908 0.0225341 -0.211872 0.000507458 0.0313089
          -0.211872 0.0273729 0.01348 -0.211872 0.0271789 0.0223225 -0.211872 0.0184041 0.0225341
          -0.211872 0.0273729 0.01348 -0.211872 0.0184041 0.0225341 -0.211872 0.0184329 0.01348
          -0.211872 0.00935 0.0315029 -0.211872 0.00935 0.0225629 -0.211872 0.0184041 0.0225341
          -0.211872 0.00935 0.0315029 -0.211872 0.0184041 0.0225341 -0.211872 0.0181925 0.0313089
          -0.211872 0.0266243 0.0307543 -0.211872 0.0181925 0.0313089 -0.211872 0.0184041 0.0225341
          -0.211872 0.0266243 0.0307543 -0.211872 0.0184041 0.0225341 -0.211872 0.0271789 0.0223225
          -0.186762 0.01977 0.0316473 -0.17846 0.0175048 0.0216348 -0.186762 0.0275248 0.0238899
          -0.186762 0.01977 0.0316473 -0.186762 0.0275248 0.0238899 -0.187456 0.024157 0.0282837
          -0.173617 0.0361974 0.0403268 -0.164576 0.0362177 0.0403472 -0.164572 0.0254982 0.0478765
          -0.173617 0.0361974 0.0403268 -0.164572 0.0254982 0.0478765 -0.173604 0.025484 0.0478531
          -0.155477 0.0255102 0.0479011 -0.164572 0.0254982 0.0478765 -0.164576 0.0362177 0.0403472
          -0.155477 0.0255102 0.0479011 -0.164576 0.0362177 0.0403472 -0.155481 0.0362382 0.0403677
          -0.137859 0.0362781 0.0404072 -0.137924 0.0255099 0.0479601 -0.146446 0.02552 0.0479266
          -0.137859 0.0362781 0.0404072 -0.146446 0.02552 0.0479266 -0.146441 0.0362586 0.040388
          -0.190144 0.0303018 0.0135137 -0.190117 0.0284741 0.022021 -0.186762 0.0275248 0.0238899
          -0.190144 0.0303018 0.0135137 -0.186762 0.0275248 0.0238899 -0.186494 0.0303052 0.0136849
          -0.192615 0.026894 0.031024 -0.187456 0.024157 0.0282837 -0.186762 0.0275248 0.0238899
          -0.192615 0.026894 0.031024 -0.186762 0.0275248 0.0238899 -0.190117 0.0284741 0.022021
          -0.192615 0.026894 0.031024 -0.190117 0.0178892 0.0326043 -0.186762 0.01977 0.0316473
          -0.192615 0.026894 0.031024 -0.186762 0.01977 0.0316473 -0.187456 0.024157 0.0282837
          -0.189059 0.00935 0.0344281 -0.186494 0.00915504 0.0344283 -0.186762 0.01977 0.0316473
          -0.189059 0.00935 0.0344281 -0.186762 0.01977 0.0316473 -0.190117 0.0178892 0.0326043
          -0.189221 0.0431706 0.0135198 -0.189055 0.0460864 0.0229985 -0.192617 0.0362868 0.0223715
          -0.189221 0.0431706 0.0135198 -0.192617 0.0362868 0.0223715 -0.19146 0.0364942 0.0135218
          -0.190144 0.0303018 0.0135137 -0.19146 0.0364942 0.0135218 -0.192617 0.0362868 0.0223715
          -0.190144 0.0303018 0.0135137 -0.192617 0.0362868 0.0223715 -0.190117 0.0284741 0.022021
          -0.192615 0.026894 0.031024 -0.190117 0.0284741 0.022021 -0.192617 0.0362868 0.0223715
          -0.192615 0.026894 0.031024 -0.192617 0.0362868 0.0223715 -0.192636 0.0360851 0.0312157
          -0.188548 0.0437679 0.0294242 -0.192636 0.0360851 0.0312157 -0.192617 0.0362868 0.0223715
          -0.188548 0.0437679 0.0294242 -0.192617 0.0362868 0.0223715 -0.189055 0.0460864 0.0229985
          -0.173604 0.025484 0.0478531 -0.182116 0.0254485 0.047842 -0.182168 0.0361783 0.0403074
          -0.173604 0.025484 0.0478531 -0.182168 0.0361783 0.0403074 -0.173617 0.0361974 0.0403268
          -0.188548 0.0252942 0.0478958 -0.192636 0.0270859 0.040215 -0.1885 0.0361644 0.0402928
          -0.188548 0.0252942 0.0478958 -0.1885 0.0361644 0.0402928 -0.182168 0.0361783 0.0403074
          -0.188548 0.0252942 0.0478958 -0.182168 0.0361783 0.0403074 -0.182116 0.0254485 0.047842
          -0.192615 0.026894 0.031024 -0.192636 0.0270859 0.040215 -0.192617 0.0182417 0.0404167
          -0.192615 0.026894 0.031024 -0.192617 0.0182417 0.0404167 -0.190117 0.0178892 0.0326043
          -0.189221 0.00931293 0.0473006 -0.19146 0.00931208 0.0406242 -0.192617 0.0182417 0.0404167
          -0.189221 0.00931293 0.0473006 -0.192617 0.0182417 0.0404167 -0.189055 0.0188699 0.0502134
          -0.189059 0.00935 0.0344281 -0.190117 0.0178892 0.0326043 -0.192617 0.0182417 0.0404167
          -0.189059 0.00935 0.0344281 -0.192617 0.0182417 0.0404167 -0.19146 0.00931208 0.0406242
          -0.188548 0.0252942 0.0478958 -0.189055 0.0188699 0.0502134 -0.192617 0.0182417 0.0404167
          -0.188548 0.0252942 0.0478958 -0.192617 0.0182417 0.0404167 -0.192636 0.0270859 0.040215
          -0.137897 0.0459628 0.0135211 -0.137951 0.0464231 0.0221599 -0.146451 0.0464121 0.0221014
          -0.137897 0.0459628 0.0135211 -0.146451 0.0464121 0.0221014 -0.146447 0.0466586 0.0135034
          -0.173604 0.0466587 0.0134863 -0.164573 0.0467294 0.0134659 -0.164574 0.0463654 0.0220889
          -0.173604 0.0466587 0.0134863 -0.164574 0.0463654 0.0220889 -0.173602 0.0463413 0.0220867
          -0.137897 0.00931099 0.0500928 -0.146447 0.00932869 0.0507886 -0.146451 0.0179707 0.0505377
          -0.137897 0.00931099 0.0500928 -0.146451 0.0179707 0.0505377 -0.137951 0.0180296 0.0505485
          -0.173604 0.00934593 0.0507887 -0.173602 0.0179559 0.0504669 -0.164574 0.0179581 0.050491
          -0.173604 0.00934593 0.0507887 -0.164574 0.0179581 0.050491 -0.164573 0.00936623 0.0508594
          -0.173604 0.0466587 0.0134863 -0.173602 0.0463413 0.0220867 -0.182104 0.0463079 0.0221359
          -0.173604 0.0466587 0.0134863 -0.182104 0.0463079 0.0221359 -0.182154 0.0459629 0.0135052
          -0.173604 0.00934593 0.0507887 -0.182154 0.0093271 0.0500929 -0.182104 0.0180055 0.0504333
          -0.173604 0.00934593 0.0507887 -0.182104 0.0180055 0.0504333 -0.173602 0.0179559 0.0504669
          -0.137897 0.0459628 0.0135211 -0.132612 0.0431497 0.0135269 -0.132631 0.0429339 0.0220632
          -0.137897 0.0459628 0.0135211 -0.132631 0.0429339 0.0220632 -0.137951 0.0464231 0.0221599
          -0.132631 0.0429339 0.0220632 -0.132612 0.0431497 0.0135269 -0.132935 0.0378792 0.0135192
          -0.132631 0.0429339 0.0220632 -0.132935 0.0378792 0.0135192 -0.132772 0.0372271 0.0227471
          -0.137897 0.00931099 0.0500928 -0.137951 0.0180296 0.0505485 -0.132631 0.0179331 0.0470639
          -0.137897 0.00931099 0.0500928 -0.132631 0.0179331 0.0470639 -0.132612 0.00930519 0.0472797
          -0.132631 0.0179331 0.0470639 -0.132772 0.0186183 0.0413499 -0.132934 0.00931083 0.0420089
          -0.132631 0.0179331 0.0470639 -0.132934 0.00931083 0.0420089 -0.132612 0.00930519 0.0472797
          -0.155478 0.0467294 0.0134833 -0.146447 0.0466586 0.0135034 -0.146451 0.0464121 0.0221014
          -0.155478 0.0467294 0.0134833 -0.146451 0.0464121 0.0221014 -0.155479 0.0463892 0.0220939
          -0.137924 0.0438319 0.0296404 -0.137859 0.0362781 0.0404072 -0.146441 0.0362586 0.040388
          -0.137924 0.0438319 0.0296404 -0.146441 0.0362586 0.040388 -0.146446 0.0437983 0.0296509
          -0.137924 0.0438319 0.0296404 -0.146446 0.0437983 0.0296509 -0.146451 0.0464121 0.0221014
          -0.137924 0.0438319 0.0296404 -0.146451 0.0464121 0.0221014 -0.137951 0.0464231 0.0221599
          -0.155477 0.0437727 0.0296412 -0.155479 0.0463892 0.0220939 -0.146451 0.0464121 0.0221014
          -0.155477 0.0437727 0.0296412 -0.146451 0.0464121 0.0221014 -0.146446 0.0437983 0.0296509
          -0.155478 0.0467294 0.0134833 -0.155479 0.0463892 0.0220939 -0.164574 0.0463654 0.0220889
          -0.155478 0.0467294 0.0134833 -0.164574 0.0463654 0.0220889 -0.164573 0.0467294 0.0134659
          -0.173604 0.0437248 0.029615 -0.164572 0.0437481 0.0296292 -0.164576 0.0362177 0.0403472
          -0.173604 0.0437248 0.029615 -0.164576 0.0362177 0.0403472 -0.173617 0.0361974 0.0403268
          -0.173604 0.0437248 0.029615 -0.173602 0.0463413 0.0220867 -0.164574 0.0463654 0.0220889
          -0.173604 0.0437248 0.029615 -0.164574 0.0463654 0.0220889 -0.164572 0.0437481 0.0296292
          -0.155477 0.0437727 0.0296412 -0.155481 0.0362382 0.0403677 -0.164576 0.0362177 0.0403472
          -0.155477 0.0437727 0.0296412 -0.164576 0.0362177 0.0403472 -0.164572 0.0437481 0.0296292
          -0.155477 0.0437727 0.0296412 -0.164572 0.0437481 0.0296292 -0.164574 0.0463654 0.0220889
          -0.155477 0.0437727 0.0296412 -0.164574 0.0463654 0.0220889 -0.155479 0.0463892 0.0220939
          -0.137924 0.0255099 0.0479601 -0.137951 0.0180296 0.0505485 -0.146451 0.0179707 0.0505377
          -0.137924 0.0255099 0.0479601 -0.146451 0.0179707 0.0505377 -0.146446 0.02552 0.0479266
          -0.155478 0.00934882 0.0508594 -0.155479 0.0179631 0.0505147 -0.146451 0.0179707 0.0505377
          -0.155478 0.00934882 0.0508594 -0.146451 0.0179707 0.0505377 -0.146447 0.00932869 0.0507886
          -0.155477 0.0255102 0.0479011 -0.155481 0.0362382 0.0403677 -0.146441 0.0362586 0.040388
          -0.155477 0.0255102 0.0479011 -0.146441 0.0362586 0.040388 -0.146446 0.02552 0.0479266
          -0.155477 0.0255102 0.0479011 -0.146446 0.02552 0.0479266 -0.146451 0.0179707 0.0505377
          -0.155477 0.0255102 0.0479011 -0.146451 0.0179707 0.0505377 -0.155479 0.0179631 0.0505147
          -0.146441 0.0362586 0.040388 -0.155481 0.0362382 0.0403677 -0.155477 0.0437727 0.0296412
          -0.146441 0.0362586 0.040388 -0.155477 0.0437727 0.0296412 -0.146446 0.0437983 0.0296509
          -0.173604 0.025484 0.0478531 -0.164572 0.0254982 0.0478765 -0.164574 0.0179581 0.050491
          -0.173604 0.025484 0.0478531 -0.164574 0.0179581 0.050491 -0.173602 0.0179559 0.0504669
          -0.155478 0.00934882 0.0508594 -0.164573 0.00936623 0.0508594 -0.164574 0.0179581 0.050491
          -0.155478 0.00934882 0.0508594 -0.164574 0.0179581 0.050491 -0.155479 0.0179631 0.0505147
          -0.155477 0.0255102 0.0479011 -0.155479 0.0179631 0.0505147 -0.164574 0.0179581 0.050491
          -0.155477 0.0255102 0.0479011 -0.164574 0.0179581 0.050491 -0.164572 0.0254982 0.0478765
          -0.189221 0.0431706 0.0135198 -0.182154 0.0459629 0.0135052 -0.182104 0.0463079 0.0221359
          -0.189221 0.0431706 0.0135198 -0.182104 0.0463079 0.0221359 -0.189055 0.0460864 0.0229985
          -0.173604 0.0437248 0.029615 -0.173617 0.0361974 0.0403268 -0.182168 0.0361783 0.0403074
          -0.173604 0.0437248 0.029615 -0.182168 0.0361783 0.0403074 -0.182116 0.0437137 0.0295792
          -0.173604 0.0437248 0.029615 -0.182116 0.0437137 0.0295792 -0.182104 0.0463079 0.0221359
          -0.173604 0.0437248 0.029615 -0.182104 0.0463079 0.0221359 -0.173602 0.0463413 0.0220867
          -0.188548 0.0437679 0.0294242 -0.182116 0.0437137 0.0295792 -0.182168 0.0361783 0.0403074
          -0.188548 0.0437679 0.0294242 -0.182168 0.0361783 0.0403074 -0.1885 0.0361644 0.0402928
          -0.188548 0.0437679 0.0294242 -0.1885 0.0361644 0.0402928 -0.192636 0.0360851 0.0312157
          -0.188548 0.0437679 0.0294242 -0.189055 0.0460864 0.0229985 -0.182104 0.0463079 0.0221359
          -0.188548 0.0437679 0.0294242 -0.182104 0.0463079 0.0221359 -0.182116 0.0437137 0.0295792
          -0.192615 0.026894 0.031024 -0.192636 0.0360851 0.0312157 -0.1885 0.0361644 0.0402928
          -0.192615 0.026894 0.031024 -0.1885 0.0361644 0.0402928 -0.192636 0.0270859 0.040215
          -0.173604 0.025484 0.0478531 -0.173602 0.0179559 0.0504669 -0.182104 0.0180055 0.0504333
          -0.173604 0.025484 0.0478531 -0.182104 0.0180055 0.0504333 -0.182116 0.0254485 0.047842
          -0.189221 0.00931293 0.0473006 -0.189055 0.0188699 0.0502134 -0.182104 0.0180055 0.0504333
          -0.189221 0.00931293 0.0473006 -0.182104 0.0180055 0.0504333 -0.182154 0.0093271 0.0500929
          -0.188548 0.0252942 0.0478958 -0.182116 0.0254485 0.047842 -0.182104 0.0180055 0.0504333
          -0.188548 0.0252942 0.0478958 -0.182104 0.0180055 0.0504333 -0.189055 0.0188699 0.0502134
          -0.132631 0.0429339 0.0220632 -0.132772 0.0372271 0.0227471 -0.132636 0.0360634 0.0312561
          -0.132631 0.0429339 0.0220632 -0.132636 0.0360634 0.0312561 -0.132645 0.0425381 0.0288288
          -0.137924 0.0438319 0.0296404 -0.132645 0.0425381 0.0288288 -0.132636 0.0360634 0.0312561
          -0.137924 0.0438319 0.0296404 -0.132636 0.0360634 0.0312561 -0.132647 0.0339654 0.0380954
          -0.137924 0.0438319 0.0296404 -0.132647 0.0339654 0.0380954 -0.137859 0.0362781 0.0404072
          -0.137924 0.0438319 0.0296404 -0.137951 0.0464231 0.0221599 -0.132631 0.0429339 0.0220632
          -0.137924 0.0438319 0.0296404 -0.132631 0.0429339 0.0220632 -0.132645 0.0425381 0.0288288
          -0.132631 0.0179331 0.0470639 -0.132645 0.0246988 0.046668 -0.132636 0.0271262 0.0401933
          -0.132631 0.0179331 0.0470639 -0.132636 0.0271262 0.0401933 -0.132772 0.0186183 0.0413499
          -0.137924 0.0255099 0.0479601 -0.137859 0.0362781 0.0404072 -0.132647 0.0339654 0.0380954
          -0.137924 0.0255099 0.0479601 -0.132647 0.0339654 0.0380954 -0.132636 0.0271262 0.0401933
          -0.137924 0.0255099 0.0479601 -0.132636 0.0271262 0.0401933 -0.132645 0.0246988 0.046668
          -0.137924 0.0255099 0.0479601 -0.132645 0.0246988 0.046668 -0.132631 0.0179331 0.0470639
          -0.137924 0.0255099 0.0479601 -0.132631 0.0179331 0.0470639 -0.137951 0.0180296 0.0505485
          -0.132636 0.0271262 0.0401933 -0.132647 0.0339654 0.0380954 -0.132636 0.0360634 0.0312561
          -0.132636 0.0271262 0.0401933 -0.132636 0.0360634 0.0312561 -0.133191 0.0290084 0.0331345
          -0.132636 0.0360634 0.0312561 -0.132772 0.0372271 0.0227471 -0.12469 0.02584 0.0218355
          -0.132636 0.0360634 0.0312561 -0.12469 0.02584 0.0218355 -0.133191 0.0290084 0.0331345
          -0.12469 0.0177046 0.029968 -0.132772 0.0186183 0.0413499 -0.132636 0.0271262 0.0401933
          -0.12469 0.0177046 0.029968 -0.132636 0.0271262 0.0401933 -0.133191 0.0290084 0.0331345
          -0.186762 0.0275201 0.00305837 -0.17846 0.0175048 0.00532523 -0.186762 0.0197603 -0.00469547
          -0.186762 0.0275201 0.00305837 -0.186762 0.0197603 -0.00469547 -0.187456 0.0241552 -0.00132842
          -0.173604 0.0437263 -0.00265559 -0.173617 0.0361983 -0.0133689 -0.164576 0.0362187 -0.0133892
          -0.173604 0.0437263 -0.00265559 -0.164576 0.0362187 -0.0133892 -0.164572 0.0437497 -0.00266976
          -0.173617 0.0361983 -0.0133689 -0.173604 0.0254851 -0.020895 -0.164572 0.0254993 -0.0209184
          -0.173617 0.0361983 -0.0133689 -0.164572 0.0254993 -0.0209184 -0.164576 0.0362187 -0.0133892
          -0.155477 0.0255113 -0.020943 -0.155481 0.0362391 -0.0134097 -0.164576 0.0362187 -0.0133892
          -0.155477 0.0255113 -0.020943 -0.164576 0.0362187 -0.0133892 -0.164572 0.0254993 -0.0209184
          -0.155477 0.0437743 -0.00268179 -0.164572 0.0437497 -0.00266976 -0.164576 0.0362187 -0.0133892
          -0.155477 0.0437743 -0.00268179 -0.164576 0.0362187 -0.0133892 -0.155481 0.0362391 -0.0134097
          -0.137859 0.0362786 -0.0134496 -0.146441 0.0362595 -0.0134301 -0.146446 0.025521 -0.0209685
          -0.137859 0.0362786 -0.0134496 -0.146446 0.025521 -0.0209685 -0.137924 0.0255105 -0.0210022
          -0.173604 0.0437263 -0.00265559 -0.182116 0.0437152 -0.00262009 -0.182168 0.0361789 -0.0133498
          -0.173604 0.0437263 -0.00265559 -0.182168 0.0361789 -0.0133498 -0.173617 0.0361983 -0.0133689
          -0.173617 0.0361983 -0.0133689 -0.182168 0.0361789 -0.0133498 -0.182116 0.0254493 -0.020884
          -0.173617 0.0361983 -0.0133689 -0.182116 0.0254493 -0.020884 -0.173604 0.0254851 -0.020895
          -0.192615 0.026894 -0.00406402 -0.190117 0.0284774 0.00493922 -0.186762 0.0275201 0.00305837
          -0.192615 0.026894 -0.00406402 -0.186762 0.0275201 0.00305837 -0.187456 0.0241552 -0.00132842
          -0.192615 0.026894 -0.00406402 -0.187456 0.0241552 -0.00132842 -0.186762 0.0197603 -0.00469547
          -0.192615 0.026894 -0.00406402 -0.186762 0.0197603 -0.00469547 -0.190117 0.0178912 -0.00564433
          -0.190144 0.0303018 0.0135137 -0.186494 0.0303052 0.0136849 -0.186762 0.0275201 0.00305837
          -0.190144 0.0303018 0.0135137 -0.186762 0.0275201 0.00305837 -0.190117 0.0284774 0.00493922
          -0.189055 0.00935 -0.00747179 -0.190117 0.0178912 -0.00564433 -0.186762 0.0197603 -0.00469547
          -0.189055 0.00935 -0.00747179 -0.186762 0.0197603 -0.00469547 -0.186493 0.0091413 -0.00746994
          -0.192615 0.026894 -0.00406402 -0.190117 0.0178912 -0.00564433 -0.192617 0.0182415 -0.0134568
          -0.192615 0.026894 -0.00406402 -0.192617 0.0182415 -0.0134568 -0.192636 0.0270857 -0.0132551
          -0.189221 0.00939386 -0.0203406 -0.189055 0.0188684 -0.0232559 -0.192617 0.0182415 -0.0134568
          -0.189221 0.00939386 -0.0203406 -0.192617 0.0182415 -0.0134568 -0.19146 0.00939422 -0.0136642
          -0.189055 0.00935 -0.00747179 -0.19146 0.00939422 -0.0136642 -0.192617 0.0182415 -0.0134568
          -0.189055 0.00935 -0.00747179 -0.192617 0.0182415 -0.0134568 -0.190117 0.0178912 -0.00564433
          -0.188548 0.0252943 -0.0209381 -0.192636 0.0270857 -0.0132551 -0.192617 0.0182415 -0.0134568
          -0.188548 0.0252943 -0.0209381 -0.192617 0.0182415 -0.0134568 -0.189055 0.0188684 -0.0232559
          -0.192615 0.026894 -0.00406402 -0.192636 0.036085 -0.00425588 -0.192617 0.0362867 0.00458831
          -0.192615 0.026894 -0.00406402 -0.192617 0.0362867 0.00458831 -0.190117 0.0284774 0.00493922
          -0.189221 0.0431706 0.0135198 -0.19146 0.0364942 0.0135218 -0.192617 0.0362867 0.00458831
          -0.189221 0.0431706 0.0135198 -0.192617 0.0362867 0.00458831 -0.189055 0.0460874 0.00395894
          -0.190144 0.0303018 0.0135137 -0.190117 0.0284774 0.00493922 -0.192617 0.0362867 0.00458831
          -0.190144 0.0303018 0.0135137 -0.192617 0.0362867 0.00458831 -0.19146 0.0364942 0.0135218
          -0.188548 0.0437691 -0.00246582 -0.189055 0.0460874 0.00395894 -0.192617 0.0362867 0.00458831
          -0.188548 0.0437691 -0.00246582 -0.192617 0.0362867 0.00458831 -0.192636 0.036085 -0.00425588
          -0.137859 0.0362786 -0.0134496 -0.137924 0.0255105 -0.0210022 -0.132645 0.0246988 -0.0197081
          -0.137859 0.0362786 -0.0134496 -0.132645 0.0246988 -0.0197081 -0.132636 0.0271261 -0.0132334
          -0.137859 0.0362786 -0.0134496 -0.132636 0.0271261 -0.0132334 -0.132647 0.0339654 -0.0111354
          -0.137859 0.0362786 -0.0134496 -0.132647 0.0339654 -0.0111354 -0.132636 0.0360633 -0.00429624
          -0.137859 0.0362786 -0.0134496 -0.132636 0.0360633 -0.00429624 -0.132645 0.0425381 -0.00186875
          -0.137859 0.0362786 -0.0134496 -0.132645 0.0425381 -0.00186875 -0.137924 0.0438333 -0.00268143
          -0.137897 0.00939611 -0.0231328 -0.137951 0.0180297 -0.023592 -0.146451 0.0179712 -0.0235811
          -0.137897 0.00939611 -0.0231328 -0.146451 0.0179712 -0.0235811 -0.146447 0.00937841 -0.0238286
          -0.137897 0.0459628 0.0135211 -0.146447 0.0466586 0.0135034 -0.146451 0.0464121 0.00485836
          -0.137897 0.0459628 0.0135211 -0.146451 0.0464121 0.00485836 -0.137951 0.0464229 0.00479946
          -0.173604 0.0466587 0.0134863 -0.173602 0.0463412 0.00487321 -0.164574 0.0463653 0.00487094
          -0.173604 0.0466587 0.0134863 -0.164574 0.0463653 0.00487094 -0.164573 0.0467294 0.0134659
          -0.173604 0.00936112 -0.0238287 -0.164573 0.00934082 -0.0238994 -0.164574 0.0179587 -0.0235344
          -0.173604 0.00936112 -0.0238287 -0.164574 0.0179587 -0.0235344 -0.173602 0.0179564 -0.0235103
          -0.173604 0.0466587 0.0134863 -0.182154 0.0459629 0.0135052 -0.182104 0.0463077 0.00482361
          -0.173604 0.0466587 0.0134863 -0.182104 0.0463077 0.00482361 -0.173602 0.0463412 0.00487321
          -0.173604 0.00936112 -0.0238287 -0.173602 0.0179564 -0.0235103 -0.182104 0.0180057 -0.0234769
          -0.173604 0.00936112 -0.0238287 -0.182104 0.0180057 -0.0234769 -0.182154 0.0093799 -0.0231329
          -0.137897 0.00939611 -0.0231328 -0.132612 0.00940191 -0.0203197 -0.132631 0.0179332 -0.0201039
          -0.137897 0.00939611 -0.0231328 -0.132631 0.0179332 -0.0201039 -0.137951 0.0180297 -0.023592
          -0.132935 0.00938981 -0.015049 -0.132772 0.0186169 -0.0143965 -0.132631 0.0179332 -0.0201039
          -0.132935 0.00938981 -0.015049 -0.132631 0.0179332 -0.0201039 -0.132612 0.00940191 -0.0203197
          -0.137897 0.0459628 0.0135211 -0.137951 0.0464229 0.00479946 -0.132631 0.0429339 0.00489689
          -0.137897 0.0459628 0.0135211 -0.132631 0.0429339 0.00489689 -0.132612 0.0431497 0.0135269
          -0.132631 0.0429339 0.00489689 -0.132772 0.0372239 0.00421052 -0.132935 0.0378792 0.0135192
          -0.132631 0.0429339 0.00489689 -0.132935 0.0378792 0.0135192 -0.132612 0.0431497 0.0135269
          -0.137924 0.0255105 -0.0210022 -0.146446 0.025521 -0.0209685 -0.146451 0.0179712 -0.0235811
          -0.137924 0.0255105 -0.0210022 -0.146451 0.0179712 -0.0235811 -0.137951 0.0180297 -0.023592
          -0.155478 0.00935828 -0.0238994 -0.146447 0.00937841 -0.0238286 -0.146451 0.0179712 -0.0235811
          -0.155478 0.00935828 -0.0238994 -0.146451 0.0179712 -0.0235811 -0.155479 0.0179637 -0.0235581
          -0.155477 0.0255113 -0.020943 -0.146446 0.025521 -0.0209685 -0.146441 0.0362595 -0.0134301
          -0.155477 0.0255113 -0.020943 -0.146441 0.0362595 -0.0134301 -0.155481 0.0362391 -0.0134097
          -0.155477 0.0255113 -0.020943 -0.155479 0.0179637 -0.0235581 -0.146451 0.0179712 -0.0235811
          -0.155477 0.0255113 -0.020943 -0.146451 0.0179712 -0.0235811 -0.146446 0.025521 -0.0209685
          -0.155478 0.0467294 0.0134833 -0.155479 0.0463891 0.00486597 -0.146451 0.0464121 0.00485836
          -0.155478 0.0467294 0.0134833 -0.146451 0.0464121 0.00485836 -0.146447 0.0466586 0.0135034
          -0.137924 0.0438333 -0.00268143 -0.146446 0.0437998 -0.00269153 -0.146441 0.0362595 -0.0134301
          -0.137924 0.0438333 -0.00268143 -0.146441 0.0362595 -0.0134301 -0.137859 0.0362786 -0.0134496
          -0.137924 0.0438333 -0.00268143 -0.137951 0.0464229 0.00479946 -0.146451 0.0464121 0.00485836
          -0.137924 0.0438333 -0.00268143 -0.146451 0.0464121 0.00485836 -0.146446 0.0437998 -0.00269153
          -0.155477 0.0437743 -0.00268179 -0.146446 0.0437998 -0.00269153 -0.146451 0.0464121 0.00485836
          -0.155477 0.0437743 -0.00268179 -0.146451 0.0464121 0.00485836 -0.155479 0.0463891 0.00486597
          -0.173604 0.0437263 -0.00265559 -0.164572 0.0437497 -0.00266976 -0.164574 0.0463653 0.00487094
          -0.173604 0.0437263 -0.00265559 -0.164574 0.0463653 0.00487094 -0.173602 0.0463412 0.00487321
          -0.155478 0.0467294 0.0134833 -0.164573 0.0467294 0.0134659 -0.164574 0.0463653 0.00487094
          -0.155478 0.0467294 0.0134833 -0.164574 0.0463653 0.00487094 -0.155479 0.0463891 0.00486597
          -0.155477 0.0437743 -0.00268179 -0.155479 0.0463891 0.00486597 -0.164574 0.0463653 0.00487094
          -0.155477 0.0437743 -0.00268179 -0.164574 0.0463653 0.00487094 -0.164572 0.0437497 -0.00266976
          -0.155481 0.0362391 -0.0134097 -0.146441 0.0362595 -0.0134301 -0.146446 0.0437998 -0.00269153
          -0.155481 0.0362391 -0.0134097 -0.146446 0.0437998 -0.00269153 -0.155477 0.0437743 -0.00268179
          -0.173604 0.0254851 -0.020895 -0.173602 0.0179564 -0.0235103 -0.164574 0.0179587 -0.0235344
          -0.173604 0.0254851 -0.020895 -0.164574 0.0179587 -0.0235344 -0.164572 0.0254993 -0.0209184
          -0.155478 0.00935828 -0.0238994 -0.155479 0.0179637 -0.0235581 -0.164574 0.0179587 -0.0235344
          -0.155478 0.00935828 -0.0238994 -0.164574 0.0179587 -0.0235344 -0.164573 0.00934082 -0.0238994
          -0.155477 0.0255113 -0.020943 -0.164572 0.0254993 -0.0209184 -0.164574 0.0179587 -0.0235344
          -0.155477 0.0255113 -0.020943 -0.164574 0.0179587 -0.0235344 -0.155479 0.0179637 -0.0235581
          -0.1885 0.0361643 -0.0133359 -0.192636 0.0270857 -0.0132551 -0.188548 0.0252943 -0.0209381
          -0.1885 0.0361643 -0.0133359 -0.188548 0.0252943 -0.0209381 -0.182116 0.0254493 -0.020884
          -0.1885 0.0361643 -0.0133359 -0.182116 0.0254493 -0.020884 -0.182168 0.0361789 -0.0133498
          -0.192636 0.036085 -0.00425588 -0.1885 0.0361643 -0.0133359 -0.182168 0.0361789 -0.0133498
          -0.192636 0.036085 -0.00425588 -0.182168 0.0361789 -0.0133498 -0.182116 0.0437152 -0.00262009
          -0.192636 0.036085 -0.00425588 -0.182116 0.0437152 -0.00262009 -0.188548 0.0437691 -0.00246582
          -0.192615 0.026894 -0.00406402 -0.192636 0.0270857 -0.0132551 -0.1885 0.0361643 -0.0133359
          -0.192615 0.026894 -0.00406402 -0.1885 0.0361643 -0.0133359 -0.192636 0.036085 -0.00425588
          -0.173604 0.0437263 -0.00265559 -0.173602 0.0463412 0.00487321 -0.182104 0.0463077 0.00482361
          -0.173604 0.0437263 -0.00265559 -0.182104 0.0463077 0.00482361 -0.182116 0.0437152 -0.00262009
          -0.189221 0.0431706 0.0135198 -0.189055 0.0460874 0.00395894 -0.182104 0.0463077 0.00482361
          -0.189221 0.0431706 0.0135198 -0.182104 0.0463077 0.00482361 -0.182154 0.0459629 0.0135052
          -0.188548 0.0437691 -0.00246582 -0.182116 0.0437152 -0.00262009 -0.182104 0.0463077 0.00482361
          -0.188548 0.0437691 -0.00246582 -0.182104 0.0463077 0.00482361 -0.189055 0.0460874 0.00395894
          -0.173604 0.0254851 -0.020895 -0.182116 0.0254493 -0.020884 -0.182104 0.0180057 -0.0234769
          -0.173604 0.0254851 -0.020895 -0.182104 0.0180057 -0.0234769 -0.173602 0.0179564 -0.0235103
          -0.189221 0.00939386 -0.0203406 -0.182154 0.0093799 -0.0231329 -0.182104 0.0180057 -0.0234769
          -0.189221 0.00939386 -0.0203406 -0.182104 0.0180057 -0.0234769 -0.189055 0.0188684 -0.0232559
          -0.188548 0.0252943 -0.0209381 -0.189055 0.0188684 -0.0232559 -0.182104 0.0180057 -0.0234769
          -0.188548 0.0252943 -0.0209381 -0.182104 0.0180057 -0.0234769 -0.182116 0.0254493 -0.020884
          -0.132631 0.0179332 -0.0201039 -0.132772 0.0186169 -0.0143965 -0.132636 0.0271261 -0.0132334
          -0.132631 0.0179332 -0.0201039 -0.132636 0.0271261 -0.0132334 -0.132645 0.0246988 -0.0197081
          -0.137924 0.0255105 -0.0210022 -0.137951 0.0180297 -0.023592 -0.132631 0.0179332 -0.0201039
          -0.137924 0.0255105 -0.0210022 -0.132631 0.0179332 -0.0201039 -0.132645 0.0246988 -0.0197081
          -0.132631 0.0429339 0.00489689 -0.132645 0.0425381 -0.00186875 -0.132636 0.0360633 -0.00429624
          -0.132631 0.0429339 0.00489689 -0.132636 0.0360633 -0.00429624 -0.132772 0.0372239 0.00421052
          -0.137924 0.0438333 -0.00268143 -0.132645 0.0425381 -0.00186875 -0.132631 0.0429339 0.00489689
          -0.137924 0.0438333 -0.00268143 -0.132631 0.0429339 0.00489689 -0.137951 0.0464229 0.00479946
          -0.132636 0.0360633 -0.00429624 -0.132647 0.0339654 -0.0111354 -0.132636 0.0271261 -0.0132334
          -0.132636 0.0360633 -0.00429624 -0.132636 0.0271261 -0.0132334 -0.133192 0.0290047 -0.00617855
          -0.132636 0.0271261 -0.0132334 -0.132772 0.0186169 -0.0143965 -0.12469 0.0177058 -0.00301028
          -0.132636 0.0271261 -0.0132334 -0.12469 0.0177058 -0.00301028 -0.133192 0.0290047 -0.00617855
          -0.12469 0.0258412 0.00512395 -0.132772 0.0372239 0.00421052 -0.132636 0.0360633 -0.00429624
          -0.12469 0.0258412 0.00512395 -0.132636 0.0360633 -0.00429624 -0.133192 0.0290047 -0.00617855
          -0.186762 -0.00106937 -0.00468632 -0.17846 0.00119523 0.00532523 -0.186762 -0.00882082 0.00307237
          -0.186762 -0.00106937 -0.00468632 -0.186762 -0.00882082 0.00307237 -0.187456 -0.00545484 -0.00132162
          -0.173617 -0.0174953 -0.0133647 -0.173604 -0.0250202 -0.00265275 -0.164572 -0.0250435 -0.00266693
          -0.173617 -0.0174953 -0.0133647 -0.164572 -0.0250435 -0.00266693 -0.164576 -0.0175156 -0.0133851
          -0.173617 -0.0174953 -0.0133647 -0.164576 -0.0175156 -0.0133851 -0.164572 -0.00679796 -0.020916
          -0.173617 -0.0174953 -0.0133647 -0.164572 -0.00679796 -0.020916 -0.173604 -0.0067838 -0.0208927
          -0.137859 -0.017576 -0.0134451 -0.137924 -0.00680964 -0.0209997 -0.146446 -0.00681973 -0.0209662
          -0.137859 -0.017576 -0.0134451 -0.146446 -0.00681973 -0.0209662 -0.146441 -0.0175565 -0.0134259
          -0.173617 -0.0174953 -0.0133647 -0.182168 -0.0174762 -0.0133453 -0.182116 -0.0250091 -0.00261693
          -0.173617 -0.0174953 -0.0133647 -0.182116 -0.0250091 -0.00261693 -0.173604 -0.0250202 -0.00265275
          -0.182168 -0.0174762 -0.0133453 -0.173617 -0.0174953 -0.0133647 -0.173604 -0.0067838 -0.0208927
          -0.182168 -0.0174762 -0.0133453 -0.173604 -0.0067838 -0.0208927 -0.182116 -0.00674829 -0.0208815
          -0.192615 -0.00819402 -0.00406404 -0.187456 -0.00545484 -0.00132162 -0.186762 -0.00882082 0.00307237
          -0.192615 -0.00819402 -0.00406404 -0.186762 -0.00882082 0.00307237 -0.190117 -0.00976945 0.00494119
          -0.192615 -0.00819402 -0.00406404 -0.190117 0.000811032 -0.00564374 -0.186762 -0.00106937 -0.00468632
          -0.192615 -0.00819402 -0.00406404 -0.186762 -0.00106937 -0.00468632 -0.187456 -0.00545484 -0.00132162
          -0.190144 -0.0116028 0.013441 -0.190117 -0.00976945 0.00494119 -0.186762 -0.00882082 0.00307237
          -0.190144 -0.0116028 0.013441 -0.186762 -0.00882082 0.00307237 -0.186494 -0.0116043 0.0132429
          -0.189055 0.00935 -0.00747179 -0.186493 0.0091413 -0.00746994 -0.186762 -0.00106937 -0.00468632
          -0.189055 0.00935 -0.00747179 -0.186762 -0.00106937 -0.00468632 -0.190117 0.000811032 -0.00564374
          -0.192615 -0.00819402 -0.00406404 -0.192636 -0.00838588 -0.013255 -0.192617 0.000458311 -0.0134567
          -0.192615 -0.00819402 -0.00406404 -0.192617 0.000458311 -0.0134567 -0.190117 0.000811032 -0.00564374
          -0.189221 0.00939386 -0.0203406 -0.19146 0.00939422 -0.0136642 -0.192617 0.000458311 -0.0134567
          -0.189221 0.00939386 -0.0203406 -0.192617 0.000458311 -0.0134567 -0.189055 -0.000170083 -0.0232541
          -0.188548 -0.00659403 -0.0209354 -0.189055 -0.000170083 -0.0232541 -0.192617 0.000458311 -0.0134567
          -0.188548 -0.00659403 -0.0209354 -0.192617 0.000458311 -0.0134567 -0.192636 -0.00838588 -0.013255
          -0.189055 0.00935 -0.00747179 -0.190117 0.000811032 -0.00564374 -0.192617 0.000458311 -0.0134567
          -0.189055 0.00935 -0.00747179 -0.192617 0.000458311 -0.0134567 -0.19146 0.00939422 -0.0136642
          -0.192615 -0.00819402 -0.00406404 -0.190117 -0.00976945 0.00494119 -0.192617 -0.0175868 0.00458849
          -0.192615 -0.00819402 -0.00406404 -0.192617 -0.0175868 0.00458849 -0.192636 -0.0173851 -0.00425572
          -0.189221 -0.0244706 0.013435 -0.189055 -0.0273807 0.0039632 -0.192617 -0.0175868 0.00458849
          -0.189221 -0.0244706 0.013435 -0.192617 -0.0175868 0.00458849 -0.19146 -0.0177943 0.0134294
          -0.190144 -0.0116028 0.013441 -0.19146 -0.0177943 0.0134294 -0.192617 -0.0175868 0.00458849
          -0.190144 -0.0116028 0.013441 -0.192617 -0.0175868 0.00458849 -0.190117 -0.00976945 0.00494119
          -0.188548 -0.0250633 -0.00246193 -0.192636 -0.0173851 -0.00425572 -0.192617 -0.0175868 0.00458849
          -0.188548 -0.0250633 -0.00246193 -0.192617 -0.0175868 0.00458849 -0.189055 -0.0273807 0.0039632
          -0.137859 -0.017576 -0.0134451 -0.132647 -0.0152654 -0.0111354 -0.132636 -0.00842624 -0.0132333
          -0.137859 -0.017576 -0.0134451 -0.132636 -0.00842624 -0.0132333 -0.132645 -0.00599875 -0.019708
          -0.137859 -0.017576 -0.0134451 -0.132645 -0.00599875 -0.019708 -0.137924 -0.00680964 -0.0209997
          -0.137897 0.00939611 -0.0231328 -0.146447 0.00937841 -0.0238286 -0.146451 0.000728989 -0.023579
          -0.137897 0.00939611 -0.0231328 -0.146451 0.000728989 -0.023579 -0.137951 0.000670098 -0.0235898
          -0.137897 -0.0272628 0.013436 -0.137951 -0.0277168 0.00480135 -0.146451 -0.0277059 0.00485986
          -0.137897 -0.0272628 0.013436 -0.146451 -0.0277059 0.00485986 -0.146447 -0.0279586 0.0134537
          -0.173604 -0.0279587 0.0134705 -0.164573 -0.0280294 0.0134908 -0.164574 -0.0276592 0.00487236
          -0.173604 -0.0279587 0.0134705 -0.164574 -0.0276592 0.00487236 -0.173602 -0.0276351 0.00487465
          -0.173604 0.00936112 -0.0238287 -0.173602 0.000743838 -0.0235082 -0.164574 0.000741576 -0.0235323
          -0.173604 0.00936112 -0.0238287 -0.164574 0.000741576 -0.0235323 -0.164573 0.00934082 -0.0238994
          -0.173604 -0.0279587 0.0134705 -0.173602 -0.0276351 0.00487465 -0.182104 -0.0276017 0.00482542
          -0.173604 -0.0279587 0.0134705 -0.182104 -0.0276017 0.00482542 -0.182154 -0.0272629 0.0134511
          -0.173604 0.00936112 -0.0238287 -0.182154 0.0093799 -0.0231329 -0.182104 0.000694245 -0.0234746
          -0.173604 0.00936112 -0.0238287 -0.182104 0.000694245 -0.0234746 -0.173602 0.000743838 -0.0235082
          -0.137897 0.00939611 -0.0231328 -0.137951 0.000670098 -0.0235898 -0.132631 0.000766887 -0.0201039
          -0.137897 0.00939611 -0.0231328 -0.132631 0.000766887 -0.0201039 -0.132612 0.00940191 -0.0203197
          -0.132631 0.000766887 -0.0201039 -0.132772 8.14775e-05 -0.0143906 -0.132935 0.00938981 -0.015049
          -0.132631 0.000766887 -0.0201039 -0.132935 0.00938981 -0.015049 -0.132612 0.00940191 -0.0203197
          -0.137897 -0.0272628 0.013436 -0.132612 -0.0244497 0.0134302 -0.132631 -0.0242339 0.00489675
          -0.137897 -0.0272628 0.013436 -0.132631 -0.0242339 0.00489675 -0.137951 -0.0277168 0.00480135
          -0.132933 -0.0191787 0.0134408 -0.132772 -0.0185213 0.00421455 -0.132631 -0.0242339 0.00489675
          -0.132933 -0.0191787 0.0134408 -0.132631 -0.0242339 0.00489675 -0.132612 -0.0244497 0.0134302
          -0.164576 -0.0175156 -0.0133851 -0.155481 -0.0175361 -0.0134056 -0.155477 -0.00681 -0.0209406
          -0.164576 -0.0175156 -0.0133851 -0.155477 -0.00681 -0.0209406 -0.164572 -0.00679796 -0.020916
          -0.155481 -0.0175361 -0.0134056 -0.164576 -0.0175156 -0.0133851 -0.164572 -0.0250435 -0.00266693
          -0.155481 -0.0175361 -0.0134056 -0.164572 -0.0250435 -0.00266693 -0.155477 -0.0250681 -0.00267894
          -0.137924 -0.00680964 -0.0209997 -0.137951 0.000670098 -0.0235898 -0.146451 0.000728989 -0.023579
          -0.137924 -0.00680964 -0.0209997 -0.146451 0.000728989 -0.023579 -0.146446 -0.00681973 -0.0209662
          -0.155478 0.00935828 -0.0238994 -0.155479 0.000736602 -0.023556 -0.146451 0.000728989 -0.023579
          -0.155478 0.00935828 -0.0238994 -0.146451 0.000728989 -0.023579 -0.146447 0.00937841 -0.0238286
          -0.155477 -0.00681 -0.0209406 -0.155481 -0.0175361 -0.0134056 -0.146441 -0.0175565 -0.0134259
          -0.155477 -0.00681 -0.0209406 -0.146441 -0.0175565 -0.0134259 -0.146446 -0.00681973 -0.0209662
          -0.155477 -0.00681 -0.0209406 -0.146446 -0.00681973 -0.0209662 -0.146451 0.000728989 -0.023579
          -0.155477 -0.00681 -0.0209406 -0.146451 0.000728989 -0.023579 -0.155479 0.000736602 -0.023556
          -0.155478 -0.0280294 0.0134738 -0.146447 -0.0279586 0.0134537 -0.146451 -0.0277059 0.00485986
          -0.155478 -0.0280294 0.0134738 -0.146451 -0.0277059 0.00485986 -0.155479 -0.0276829 0.00486741
          -0.137924 -0.0251273 -0.00267816 -0.137859 -0.017576 -0.0134451 -0.146441 -0.0175565 -0.0134259
          -0.137924 -0.0251273 -0.00267816 -0.146441 -0.0175565 -0.0134259 -0.146446 -0.0250937 -0.00268862
          -0.137924 -0.0251273 -0.00267816 -0.146446 -0.0250937 -0.00268862 -0.146451 -0.0277059 0.00485986
          -0.137924 -0.0251273 -0.00267816 -0.146451 -0.0277059 0.00485986 -0.137951 -0.0277168 0.00480135
          -0.155477 -0.0250681 -0.00267894 -0.155479 -0.0276829 0.00486741 -0.146451 -0.0277059 0.00485986
          -0.155477 -0.0250681 -0.00267894 -0.146451 -0.0277059 0.00485986 -0.146446 -0.0250937 -0.00268862
          -0.173604 -0.0250202 -0.00265275 -0.173602 -0.0276351 0.00487465 -0.164574 -0.0276592 0.00487236
          -0.173604 -0.0250202 -0.00265275 -0.164574 -0.0276592 0.00487236 -0.164572 -0.0250435 -0.00266693
          -0.155478 -0.0280294 0.0134738 -0.155479 -0.0276829 0.00486741 -0.164574 -0.0276592 0.00487236
          -0.155478 -0.0280294 0.0134738 -0.164574 -0.0276592 0.00487236 -0.164573 -0.0280294 0.0134908
          -0.155477 -0.0250681 -0.00267894 -0.164572 -0.0250435 -0.00266693 -0.164574 -0.0276592 0.00487236
          -0.155477 -0.0250681 -0.00267894 -0.164574 -0.0276592 0.00487236 -0.155479 -0.0276829 0.00486741
          -0.155481 -0.0175361 -0.0134056 -0.155477 -0.0250681 -0.00267894 -0.146446 -0.0250937 -0.00268862
          -0.155481 -0.0175361 -0.0134056 -0.146446 -0.0250937 -0.00268862 -0.146441 -0.0175565 -0.0134259
          -0.173604 -0.0067838 -0.0208927 -0.164572 -0.00679796 -0.020916 -0.164574 0.000741576 -0.0235323
          -0.173604 -0.0067838 -0.0208927 -0.164574 0.000741576 -0.0235323 -0.173602 0.000743838 -0.0235082
          -0.155478 0.00935828 -0.0238994 -0.164573 0.00934082 -0.0238994 -0.164574 0.000741576 -0.0235323
          -0.155478 0.00935828 -0.0238994 -0.164574 0.000741576 -0.0235323 -0.155479 0.000736602 -0.023556
          -0.155477 -0.00681 -0.0209406 -0.155479 0.000736602 -0.023556 -0.164574 0.000741576 -0.0235323
          -0.155477 -0.00681 -0.0209406 -0.164574 0.000741576 -0.0235323 -0.164572 -0.00679796 -0.020916
          -0.192636 -0.00838588 -0.013255 -0.1885 -0.0174623 -0.0133307 -0.182168 -0.0174762 -0.0133453
          -0.192636 -0.00838588 -0.013255 -0.182168 -0.0174762 -0.0133453 -0.182116 -0.00674829 -0.0208815
          -0.192636 -0.00838588 -0.013255 -0.182116 -0.00674829 -0.0208815 -0.188548 -0.00659403 -0.0209354
          -0.1885 -0.0174623 -0.0133307 -0.192636 -0.0173851 -0.00425572 -0.188548 -0.0250633 -0.00246193
          -0.1885 -0.0174623 -0.0133307 -0.188548 -0.0250633 -0.00246193 -0.182116 -0.0250091 -0.00261693
          -0.1885 -0.0174623 -0.0133307 -0.182116 -0.0250091 -0.00261693 -0.182168 -0.0174762 -0.0133453
          -0.192615 -0.00819402 -0.00406404 -0.192636 -0.0173851 -0.00425572 -0.1885 -0.0174623 -0.0133307
          -0.192615 -0.00819402 -0.00406404 -0.1885 -0.0174623 -0.0133307 -0.192636 -0.00838588 -0.013255
          -0.173604 -0.0250202 -0.00265275 -0.182116 -0.0250091 -0.00261693 -0.182104 -0.0276017 0.00482542
          -0.173604 -0.0250202 -0.00265275 -0.182104 -0.0276017 0.00482542 -0.173602 -0.0276351 0.00487465
          -0.189221 -0.0244706 0.013435 -0.182154 -0.0272629 0.0134511 -0.182104 -0.0276017 0.00482542
          -0.189221 -0.0244706 0.013435 -0.182104 -0.0276017 0.00482542 -0.189055 -0.0273807 0.0039632
          -0.188548 -0.0250633 -0.00246193 -0.189055 -0.0273807 0.0039632 -0.182104 -0.0276017 0.00482542
          -0.188548 -0.0250633 -0.00246193 -0.182104 -0.0276017 0.00482542 -0.182116 -0.0250091 -0.00261693
          -0.173604 -0.0067838 -0.0208927 -0.173602 0.000743838 -0.0235082 -0.182104 0.000694245 -0.0234746
          -0.173604 -0.0067838 -0.0208927 -0.182104 0.000694245 -0.0234746 -0.182116 -0.00674829 -0.0208815
          -0.189221 0.00939386 -0.0203406 -0.189055 -0.000170083 -0.0232541 -0.182104 0.000694245 -0.0234746
          -0.189221 0.00939386 -0.0203406 -0.182104 0.000694245 -0.0234746 -0.182154 0.0093799 -0.0231329
          -0.188548 -0.00659403 -0.0209354 -0.182116 -0.00674829 -0.0208815 -0.182104 0.000694245 -0.0234746
          -0.188548 -0.00659403 -0.0209354 -0.182104 0.000694245 -0.0234746 -0.189055 -0.000170083 -0.0232541
          -0.132631 0.000766887 -0.0201039 -0.132645 -0.00599875 -0.019708 -0.132636 -0.00842624 -0.0132333
          -0.132631 0.000766887 -0.0201039 -0.132636 -0.00842624 -0.0132333 -0.132772 8.14775e-05 -0.0143906
          -0.137924 -0.00680964 -0.0209997 -0.132645 -0.00599875 -0.019708 -0.132631 0.000766887 -0.0201039
          -0.137924 -0.00680964 -0.0209997 -0.132631 0.000766887 -0.0201039 -0.137951 0.000670098 -0.0235898
          -0.132631 -0.0242339 0.00489675 -0.132772 -0.0185213 0.00421455 -0.132636 -0.0173634 -0.00429615
          -0.132631 -0.0242339 0.00489675 -0.132636 -0.0173634 -0.00429615 -0.132645 -0.0238381 -0.0018688
          -0.137924 -0.0251273 -0.00267816 -0.132645 -0.0238381 -0.0018688 -0.132636 -0.0173634 -0.00429615
          -0.137924 -0.0251273 -0.00267816 -0.132636 -0.0173634 -0.00429615 -0.132647 -0.0152654 -0.0111354
          -0.137924 -0.0251273 -0.00267816 -0.132647 -0.0152654 -0.0111354 -0.137859 -0.017576 -0.0134451
          -0.137924 -0.0251273 -0.00267816 -0.137951 -0.0277168 0.00480135 -0.132631 -0.0242339 0.00489675
          -0.137924 -0.0251273 -0.00267816 -0.132631 -0.0242339 0.00489675 -0.132645 -0.0238381 -0.0018688
          -0.132636 -0.00842624 -0.0132333 -0.132647 -0.0152654 -0.0111354 -0.132636 -0.0173634 -0.00429615
          -0.132636 -0.00842624 -0.0132333 -0.132636 -0.0173634 -0.00429615 -0.13319 -0.0103082 -0.00617436
          -0.12469 0.000995774 -0.0030074 -0.132772 8.14775e-05 -0.0143906 -0.132636 -0.00842624 -0.0132333
          -0.12469 0.000995774 -0.0030074 -0.132636 -0.00842624 -0.0132333 -0.13319 -0.0103082 -0.00617436
          -0.132636 -0.0173634 -0.00429615 -0.132772 -0.0185213 0.00421455 -0.12469 -0.00713547 0.00512673
          -0.132636 -0.0173634 -0.00429615 -0.12469 -0.00713547 0.00512673 -0.13319 -0.0103082 -0.00617436
          -0.186762 -0.00105723 0.0316502 -0.187456 -0.00545018 0.0282834 -0.186762 -0.00881356 0.0238977
          -0.186762 -0.00105723 0.0316502 -0.186762 -0.00881356 0.0238977 -0.17846 0.00119523 0.0216348
          -0.173617 -0.0174933 0.0403239 -0.173604 -0.00678262 0.0478499 -0.164572 -0.0067968 0.0478732
          -0.173617 -0.0174933 0.0403239 -0.164572 -0.0067968 0.0478732 -0.164576 -0.0175137 0.0403442
          -0.155477 -0.00680881 0.0478979 -0.155481 -0.0175341 0.0403647 -0.164576 -0.0175137 0.0403442
          -0.155477 -0.00680881 0.0478979 -0.164576 -0.0175137 0.0403442 -0.164572 -0.0067968 0.0478732
          -0.137859 -0.0175736 0.0404046 -0.146441 -0.0175545 0.0403851 -0.146446 -0.00681848 0.0479234
          -0.137859 -0.0175736 0.0404046 -0.146446 -0.00681848 0.0479234 -0.137924 -0.00680803 0.047957
          -0.190144 -0.0116028 0.013441 -0.186494 -0.0116043 0.0132429 -0.186762 -0.00881356 0.0238977
          -0.190144 -0.0116028 0.013441 -0.186762 -0.00881356 0.0238977 -0.190117 -0.00977055 0.0220174
          -0.192615 -0.00819404 0.031024 -0.190117 -0.00977055 0.0220174 -0.186762 -0.00881356 0.0238977
          -0.192615 -0.00819404 0.031024 -0.186762 -0.00881356 0.0238977 -0.187456 -0.00545018 0.0282834
          -0.192615 -0.00819404 0.031024 -0.187456 -0.00545018 0.0282834 -0.186762 -0.00105723 0.0316502
          -0.192615 -0.00819404 0.031024 -0.186762 -0.00105723 0.0316502 -0.190117 0.000811322 0.0325992
          -0.189059 0.00935 0.0344281 -0.190117 0.000811322 0.0325992 -0.186762 -0.00105723 0.0316502
          -0.189059 0.00935 0.0344281 -0.186762 -0.00105723 0.0316502 -0.186494 0.00915504 0.0344283
          -0.189221 -0.0244706 0.013435 -0.19146 -0.0177943 0.0134294 -0.192617 -0.0175867 0.0223717
          -0.189221 -0.0244706 0.013435 -0.192617 -0.0175867 0.0223717 -0.189055 -0.0273801 0.0229989
          -0.190144 -0.0116028 0.013441 -0.190117 -0.00977055 0.0220174 -0.192617 -0.0175867 0.0223717
          -0.190144 -0.0116028 0.013441 -0.192617 -0.0175867 0.0223717 -0.19146 -0.0177943 0.0134294
          -0.192615 -0.00819404 0.031024 -0.192636 -0.017385 0.0312159 -0.192617 -0.0175867 0.0223717
          -0.192615 -0.00819404 0.031024 -0.192617 -0.0175867 0.0223717 -0.190117 -0.00977055 0.0220174
          -0.188548 -0.0250622 0.0294225 -0.189055 -0.0273801 0.0229989 -0.192617 -0.0175867 0.0223717
          -0.188548 -0.0250622 0.0294225 -0.192617 -0.0175867 0.0223717 -0.192636 -0.017385 0.0312159
          -0.173617 -0.0174933 0.0403239 -0.173604 -0.0250195 0.0296122 -0.182116 -0.0250083 0.0295767
          -0.173617 -0.0174933 0.0403239 -0.182116 -0.0250083 0.0295767 -0.182168 -0.0174739 0.0403048
          -0.173617 -0.0174933 0.0403239 -0.182168 -0.0174739 0.0403048 -0.182116 -0.00674679 0.0478389
          -0.173617 -0.0174933 0.0403239 -0.182116 -0.00674679 0.0478389 -0.173604 -0.00678262 0.0478499
          -0.192615 -0.00819404 0.031024 -0.190117 0.000811322 0.0325992 -0.192617 0.00045849 0.0404168
          -0.192615 -0.00819404 0.031024 -0.192617 0.00045849 0.0404168 -0.192636 -0.00838572 0.0402151
          -0.189221 0.00931293 0.0473006 -0.189055 -0.000166975 0.0502113 -0.192617 0.00045849 0.0404168
          -0.189221 0.00931293 0.0473006 -0.192617 0.00045849 0.0404168 -0.19146 0.00931208 0.0406242
          -0.188548 -0.00659179 0.047893 -0.192636 -0.00838572 0.0402151 -0.192617 0.00045849 0.0404168
          -0.188548 -0.00659179 0.047893 -0.192617 0.00045849 0.0404168 -0.189055 -0.000166975 0.0502113
          -0.189059 0.00935 0.0344281 -0.19146 0.00931208 0.0406242 -0.192617 0.00045849 0.0404168
          -0.189059 0.00935 0.0344281 -0.192617 0.00045849 0.0404168 -0.190117 0.000811322 0.0325992
          -0.137897 -0.0272628 0.013436 -0.146447 -0.0279586 0.0134537 -0.146451 -0.0277047 0.0221001
          -0.137897 -0.0272628 0.013436 -0.146451 -0.0277047 0.0221001 -0.137951 -0.0277155 0.022159
          -0.173604 -0.0279587 0.0134705 -0.173602 -0.0276338 0.0220852 -0.164574 -0.027658 0.0220875
          -0.173604 -0.0279587 0.0134705 -0.164574 -0.027658 0.0220875 -0.164573 -0.0280294 0.0134908
          -0.137897 0.00931099 0.0500928 -0.137951 0.000671148 0.0505478 -0.146451 0.000729647 0.0505369
          -0.137897 0.00931099 0.0500928 -0.146451 0.000729647 0.0505369 -0.146447 0.00932869 0.0507886
          -0.173604 0.00934593 0.0507887 -0.164573 0.00936623 0.0508594 -0.164574 0.000742154 0.0504902
          -0.173604 0.00934593 0.0507887 -0.164574 0.000742154 0.0504902 -0.173602 0.00074444 0.0504661
          -0.173604 -0.0279587 0.0134705 -0.182154 -0.0272629 0.0134511 -0.182104 -0.0276003 0.0221348
          -0.173604 -0.0279587 0.0134705 -0.182104 -0.0276003 0.0221348 -0.173602 -0.0276338 0.0220852
          -0.173604 0.00934593 0.0507887 -0.173602 0.00074444 0.0504661 -0.182104 0.000695206 0.0504327
          -0.173604 0.00934593 0.0507887 -0.182104 0.000695206 0.0504327 -0.182154 0.0093271 0.0500929
          -0.137897 -0.0272628 0.013436 -0.137951 -0.0277155 0.022159 -0.132631 -0.0242339 0.0220631
          -0.137897 -0.0272628 0.013436 -0.132631 -0.0242339 0.0220631 -0.132612 -0.0244497 0.0134302
          -0.132631 -0.0242339 0.0220631 -0.132772 -0.0185166 0.0227473 -0.132933 -0.0191787 0.0134408
          -0.132631 -0.0242339 0.0220631 -0.132933 -0.0191787 0.0134408 -0.132612 -0.0244497 0.0134302
          -0.137897 0.00931099 0.0500928 -0.132612 0.00930519 0.0472797 -0.132631 0.000766754 0.0470639
          -0.137897 0.00931099 0.0500928 -0.132631 0.000766754 0.0470639 -0.137951 0.000671148 0.0505478
          -0.132934 0.00931083 0.0420089 -0.132772 8.43716e-05 0.041352 -0.132631 0.000766754 0.0470639
          -0.132934 0.00931083 0.0420089 -0.132631 0.000766754 0.0470639 -0.132612 0.00930519 0.0472797
          -0.155478 -0.0280294 0.0134738 -0.155479 -0.0276817 0.0220925 -0.146451 -0.0277047 0.0221001
          -0.155478 -0.0280294 0.0134738 -0.146451 -0.0277047 0.0221001 -0.146447 -0.0279586 0.0134537
          -0.137924 -0.0251265 0.0296381 -0.146446 -0.0250929 0.0296482 -0.146441 -0.0175545 0.0403851
          -0.137924 -0.0251265 0.0296381 -0.146441 -0.0175545 0.0403851 -0.137859 -0.0175736 0.0404046
          -0.137924 -0.0251265 0.0296381 -0.137951 -0.0277155 0.022159 -0.146451 -0.0277047 0.0221001
          -0.137924 -0.0251265 0.0296381 -0.146451 -0.0277047 0.0221001 -0.146446 -0.0250929 0.0296482
          -0.155477 -0.0250674 0.0296384 -0.146446 -0.0250929 0.0296482 -0.146451 -0.0277047 0.0221001
          -0.155477 -0.0250674 0.0296384 -0.146451 -0.0277047 0.0221001 -0.155479 -0.0276817 0.0220925
          -0.155478 -0.0280294 0.0134738 -0.164573 -0.0280294 0.0134908 -0.164574 -0.027658 0.0220875
          -0.155478 -0.0280294 0.0134738 -0.164574 -0.027658 0.0220875 -0.155479 -0.0276817 0.0220925
          -0.173604 -0.0250195 0.0296122 -0.173617 -0.0174933 0.0403239 -0.164576 -0.0175137 0.0403442
          -0.173604 -0.0250195 0.0296122 -0.164576 -0.0175137 0.0403442 -0.164572 -0.0250428 0.0296264
          -0.173604 -0.0250195 0.0296122 -0.164572 -0.0250428 0.0296264 -0.164574 -0.027658 0.0220875
          -0.173604 -0.0250195 0.0296122 -0.164574 -0.027658 0.0220875 -0.173602 -0.0276338 0.0220852
          -0.155477 -0.0250674 0.0296384 -0.155479 -0.0276817 0.0220925 -0.164574 -0.027658 0.0220875
          -0.155477 -0.0250674 0.0296384 -0.164574 -0.027658 0.0220875 -0.164572 -0.0250428 0.0296264
          -0.155481 -0.0175341 0.0403647 -0.155477 -0.0250674 0.0296384 -0.164572 -0.0250428 0.0296264
          -0.155481 -0.0175341 0.0403647 -0.164572 -0.0250428 0.0296264 -0.164576 -0.0175137 0.0403442
          -0.137924 -0.00680803 0.047957 -0.146446 -0.00681848 0.0479234 -0.146451 0.000729647 0.0505369
          -0.137924 -0.00680803 0.047957 -0.146451 0.000729647 0.0505369 -0.137951 0.000671148 0.0505478
          -0.155478 0.00934882 0.0508594 -0.146447 0.00932869 0.0507886 -0.146451 0.000729647 0.0505369
          -0.155478 0.00934882 0.0508594 -0.146451 0.000729647 0.0505369 -0.155479 0.000737199 0.0505139
          -0.155477 -0.00680881 0.0478979 -0.155479 0.000737199 0.0505139 -0.146451 0.000729647 0.0505369
          -0.155477 -0.00680881 0.0478979 -0.146451 0.000729647 0.0505369 -0.146446 -0.00681848 0.0479234
          -0.155481 -0.0175341 0.0403647 -0.146441 -0.0175545 0.0403851 -0.146446 -0.0250929 0.0296482
          -0.155481 -0.0175341 0.0403647 -0.146446 -0.0250929 0.0296482 -0.155477 -0.0250674 0.0296384
          -0.155481 -0.0175341 0.0403647 -0.155477 -0.00680881 0.0478979 -0.146446 -0.00681848 0.0479234
          -0.155481 -0.0175341 0.0403647 -0.146446 -0.00681848 0.0479234 -0.146441 -0.0175545 0.0403851
          -0.173604 -0.00678262 0.0478499 -0.173602 0.00074444 0.0504661 -0.164574 0.000742154 0.0504902
          -0.173604 -0.00678262 0.0478499 -0.164574 0.000742154 0.0504902 -0.164572 -0.0067968 0.0478732
          -0.155478 0.00934882 0.0508594 -0.155479 0.000737199 0.0505139 -0.164574 0.000742154 0.0504902
          -0.155478 0.00934882 0.0508594 -0.164574 0.000742154 0.0504902 -0.164573 0.00936623 0.0508594
          -0.155477 -0.00680881 0.0478979 -0.164572 -0.0067968 0.0478732 -0.164574 0.000742154 0.0504902
          -0.155477 -0.00680881 0.0478979 -0.164574 0.000742154 0.0504902 -0.155479 0.000737199 0.0505139
          -0.189221 -0.0244706 0.013435 -0.189055 -0.0273801 0.0229989 -0.182104 -0.0276003 0.0221348
          -0.189221 -0.0244706 0.013435 -0.182104 -0.0276003 0.0221348 -0.182154 -0.0272629 0.0134511
          -0.173604 -0.0250195 0.0296122 -0.173602 -0.0276338 0.0220852 -0.182104 -0.0276003 0.0221348
          -0.173604 -0.0250195 0.0296122 -0.182104 -0.0276003 0.0221348 -0.182116 -0.0250083 0.0295767
          -0.188548 -0.0250622 0.0294225 -0.192636 -0.017385 0.0312159 -0.1885 -0.0174593 0.0402909
          -0.188548 -0.0250622 0.0294225 -0.1885 -0.0174593 0.0402909 -0.182168 -0.0174739 0.0403048
          -0.188548 -0.0250622 0.0294225 -0.182168 -0.0174739 0.0403048 -0.182116 -0.0250083 0.0295767
          -0.188548 -0.0250622 0.0294225 -0.182116 -0.0250083 0.0295767 -0.182104 -0.0276003 0.0221348
          -0.188548 -0.0250622 0.0294225 -0.182104 -0.0276003 0.0221348 -0.189055 -0.0273801 0.0229989
          -0.1885 -0.0174593 0.0402909 -0.192636 -0.00838572 0.0402151 -0.188548 -0.00659179 0.047893
          -0.1885 -0.0174593 0.0402909 -0.188548 -0.00659179 0.047893 -0.182116 -0.00674679 0.0478389
          -0.1885 -0.0174593 0.0402909 -0.182116 -0.00674679 0.0478389 -0.182168 -0.0174739 0.0403048
          -0.192615 -0.00819404 0.031024 -0.192636 -0.00838572 0.0402151 -0.1885 -0.0174593 0.0402909
          -0.192615 -0.00819404 0.031024 -0.1885 -0.0174593 0.0402909 -0.192636 -0.017385 0.0312159
          -0.173604 -0.00678262 0.0478499 -0.182116 -0.00674679 0.0478389 -0.182104 0.000695206 0.0504327
          -0.173604 -0.00678262 0.0478499 -0.182104 0.000695206 0.0504327 -0.173602 0.00074444 0.0504661
          -0.189221 0.00931293 0.0473006 -0.182154 0.0093271 0.0500929 -0.182104 0.000695206 0.0504327
          -0.189221 0.00931293 0.0473006 -0.182104 0.000695206 0.0504327 -0.189055 -0.000166975 0.0502113
          -0.188548 -0.00659179 0.047893 -0.189055 -0.000166975 0.0502113 -0.182104 0.000695206 0.0504327
          -0.188548 -0.00659179 0.047893 -0.182104 0.000695206 0.0504327 -0.182116 -0.00674679 0.0478389
          -0.132631 -0.0242339 0.0220631 -0.132645 -0.023838 0.0288288 -0.132636 -0.0173633 0.0312562
          -0.132631 -0.0242339 0.0220631 -0.132636 -0.0173633 0.0312562 -0.132772 -0.0185166 0.0227473
          -0.137924 -0.0251265 0.0296381 -0.137859 -0.0175736 0.0404046 -0.132647 -0.0152654 0.0380954
          -0.137924 -0.0251265 0.0296381 -0.132647 -0.0152654 0.0380954 -0.132636 -0.0173633 0.0312562
          -0.137924 -0.0251265 0.0296381 -0.132636 -0.0173633 0.0312562 -0.132645 -0.023838 0.0288288
          -0.137924 -0.0251265 0.0296381 -0.132645 -0.023838 0.0288288 -0.132631 -0.0242339 0.0220631
          -0.137924 -0.0251265 0.0296381 -0.132631 -0.0242339 0.0220631 -0.137951 -0.0277155 0.022159
          -0.132631 0.000766754 0.0470639 -0.132772 8.43716e-05 0.041352 -0.132636 -0.00842615 0.0401934
          -0.132631 0.000766754 0.0470639 -0.132636 -0.00842615 0.0401934 -0.132645 -0.0059988 0.0466681
          -0.137924 -0.00680803 0.047957 -0.132645 -0.0059988 0.0466681 -0.132636 -0.00842615 0.0401934
          -0.137924 -0.00680803 0.047957 -0.132636 -0.00842615 0.0401934 -0.132647 -0.0152654 0.0380954
          -0.137924 -0.00680803 0.047957 -0.132647 -0.0152654 0.0380954 -0.137859 -0.0175736 0.0404046
          -0.137924 -0.00680803 0.047957 -0.137951 0.000671148 0.0505478 -0.132631 0.000766754 0.0470639
          -0.137924 -0.00680803 0.047957 -0.132631 0.000766754 0.0470639 -0.132645 -0.0059988 0.0466681
          -0.132636 -0.0173633 0.0312562 -0.132647 -0.0152654 0.0380954 -0.132636 -0.00842615 0.0401934
          -0.132636 -0.0173633 0.0312562 -0.132636 -0.00842615 0.0401934 -0.13319 -0.0103042 0.0331381
          -0.132636 -0.0173633 0.0312562 -0.13319 -0.0103042 0.0331381 -0.12469 -0.00713428 0.0218327
          -0.132636 -0.0173633 0.0312562 -0.12469 -0.00713428 0.0218327 -0.132772 -0.0185166 0.0227473
          -0.132636 -0.00842615 0.0401934 -0.132772 8.43716e-05 0.041352 -0.12469 0.000996941 0.0299652
          -0.132636 -0.00842615 0.0401934 -0.12469 0.000996941 0.0299652 -0.13319 -0.0103042 0.0331381
        </DataArray>
      </Points>
      <Polys>
        <DataArray type="Int32" Name="connectivity" format="ascii">
          0 1 2 3 4 5 6 7 8 9 10 11 12 13 14 15 16 17
          18 19 20 21 22 23 24 25 26 27 28 29 30 31 32 33 34 35
          36 37 38 39 40 41 42 43 44 45 46 47 48 49 50 51 52 53
          54 55 56 57 58 59 60 61 62 63 64 65 66 67 68 69 70 71
          72 73 74 75 76 77 78 79 80 81 82 83 84 85 86 87 88 89
          90 91 92 93 94 95 96 97 98 99 100 101 102 103 104 105 106 107
          108 109 110 111 112 113 114 115 116 117 118 119 120 121 122 123 124 125
          126 127 128 129 130 131 132 133 134 135 136 137 138 139 140 141 142 143
          144 145 146 147 148 149 150 151 152 153 154 155 156 157 158 159 160 161
          162 163 164 165 166 167 168 169 170 171 172 173 174 175 176 177 178 179
          180 181 182 183 184 185 186 187 188 189 190 191 192 193 194 195 196 197
          198 199 200 201 202 203 204 205 206 207 208 209 210 211 212 213 214 215
          216 217 218 219 220 221 222 223 224 225 226 227 228 229 230 231 232 233
          234 235 236 237 238 239 240 241 242 243 244 245 246 247 248 249 250 251
          252 253 254 255 256 257 258 259 260 261 262 263 264 265 266 267 268 269
          270 271 272 273 274 275 276 277 278 279 280 281 282 283 284 285 286 287
          288 289 290 291 292 293 294 295 296 297 298 299 300 301 302 303 304 305
          306 307 308 309 310 311 312 313 314 315 316 317 318 319 320 321 322 323
          324 325 326 327 328 329 330 331 332 333 334 335 336 337 338 339 340 341
          342 343 344 345 346 347 348 349 350 351 352 353 354 355 356 357 358 359
          360 361 362 363 364 365 366 367 368 369 370 371 372 373 374 375 376 377
          378 379 380 381 382 383 384 385 386 387 388 389 390 391 392 393 394 395
          396 397 398 399 400 401 402 403 404 405 406 407 408 409 410 411 412 413
          414 415 416 417 418 419 420 421 422 423 424 425 426 427 428 429 430 431
          432 433 434 435 436 437 438 439 440 441 442 443 444 445 446 447 448 449
          450 451 452 453 454 455 456 457 458 459 460 461 462 463 464 465 466 467
          468 469 470 471 472 473 474 475 476 477 478 479 480 481 482 483 484 485
          486 487 488 489 490 491 492 493 494 495 496 497 498 499 500 501 502 503
          504 505 506 507 508 509 510 511 512 513 514 515 516 517 518 519 520 521
          522 523 524 525 526 527 528 529 530 531 532 533 534 535 536 537 538 539
          540 541 542 543 544 545 546 547 548 549 550 551 552 553 554 555 556 557
          558 559 560 561 562 563 564 565 566 567 568 569 570 571 572 573 574 575
          576 577 578 579 580 581 582 583 584 585 586 587 588 589 590 591 592 593
          594 595 596 597 598 599 600 601 602 603 604 605 606 607 608 609 610 611
          612 613 614 615 616 617 618 619 620 621 622 623 624 625 626 627 628 629
          630 631 632 633 634 635 636 637 638 639 640 641 642 643 644 645 646 647
          648 649 650 651 652 653 654 655 656 657 658 659 660 661 662 663 664 665
          666 667 668 669 670 671 672 673 674 675 676 677 678 679 680 681 682 683
          684 685 686 687 688 689 690 691 692 693 694 695 696 697 698 699 700 701
          702 703 704 705 706 707 708 709 710 711 712 713 714 715 716 717 718 719
          720 721 722 723 724 725 726 727 728 729 730 731 732 733 734 735 736 737
          738 739 740 741 742 743 744 745 746 747 748 749 750 751 752 753 754 755
          756 757 758 759 760 761 762 763 764 765 766 767 768 769 770 771 772 773
          774 775 776 777 778 779 780 781 782 783 784 785 786 787 788 789 790 791
          792 793 794 795 796 797 798 799 800 801 802 803 804 805 806 807 808 809
          810 811 812 813 814 815 816 817 818 819 820 821 822 823 824 825 826 827
          828 829 830 831 832 833 834 835 836 837 838 839 840 841 842 843 844 845
          846 847 848 849 850 851 852 853 854 855 856 857 858 859 860 861 862 863
          864 865 866 867 868 869 870 871 872 873 874 875 876 877 878 879 880 881
          882 883 884 885 886 887 888 889 890 891 892 893 894 895 896 897 898 899
          900 901 902 903 904 905 906 907 908 909 910 911 912 913 914 915 916 917
          918 919 920 921 922 923 924 925 926 927 928 929 930 931 932 933 934 935
          936 937 938 939 940 941 942 943 944 945 946 947 948 949 950 951 952 953
          954 955 956 957 958 959 960 961 962 963 964 965 966 967 968 969 970 971
          972 973 974 975 976 977 978 979 980 981 982 983 984 985 986 987 988 989
          990 991 992 993 994 995 996 997 998 999 1000 1001 1002 1003 1004 1005 1006 1007
          1008 1009 1010 1011 1012 1013 1014 1015 1016 1017 1018 1019 1020 1021 1022 1023 1024 1025
          1026 1027 1028 1029 1030 1031 1032 1033 1034 1035 1036 1037 1038 1039 1040 1041 1042 1043
          1044 1045 1046 1047 1048 1049 1050 1051 1052 1053 1054 1055 1056 1057 1058 1059 1060 1061
          1062 1063 1064 1065 1066 1067 1068 1069 1070 1071 1072 1073 1074 1075 1076 1077 1078 1079
          1080 1081 1082 1083 1084 1085 1086 1087 1088 1089 1090 1091 1092 1093 1094 1095 1096 1097
          1098 1099 1100 1101 1102 1103 1104 1105 1106 1107 1108 1109 1110 1111 1112 1113 1114 1115
          1116 1117 1118 1119 1120 1121 1122 1123 1124 1125 1126 1127 1128 1129 1130 1131 1132 1133
          1134 1135 1136 1137 1138 1139 1140 1141 1142 1143 1144 1145 1146 1147 1148 1149 1150 1151
          1152 1153 1154 1155 1156 1157 1158 1159 1160 1161 1162 1163 1164 1165 1166 1167 1168 1169
          1170 1171 1172 1173 1174 1175 1176 1177 1178 1179 1180 1181 1182 1183 1184 1185 1186 1187
          1188 1189 1190 1191 1192 1193 1194 1195 1196 1197 1198 1199 1200 1201 1202 1203 1204 1205
          1206 1207 1208 1209 1210 1211 1212 1213 1214 1215 1216 1217 1218 1219 1220 1221 1222 1223
          1224 1225 1226 1227 1228 1229 1230 1231 1232 1233 1234 1235 1236 1237 1238 1239 1240 1241
          1242 1243 1244 1245 1246 1247 1248 1249 1250 1251 1252 1253 1254 1255 1256 1257 1258 1259
          1260 1261 1262 1263 1264 1265 1266 1267 1268 1269 1270 1271 1272 1273 1274 1275 1276 1277
          1278 1279 1280 1281 1282 1283 1284 1285 1286 1287 1288 1289 1290 1291 1292 1293 1294 1295
          1296 1297 1298 1299 1300 1301 1302 1303 1304 1305 1306 1307 1308 1309 1310 1311 1312 1313
          1314 1315 1316 1317 1318 1319 1320 1321 1322 1323 1324 1325 1326 1327 1328 1329 1330 1331
          1332 1333 1334 1335 1336 1337 1338 1339 1340 1341 1342 1343 1344 1345 1346 1347 1348 1349
          1350 1351 1352 1353 1354 1355 1356 1357 1358 1359 1360 1361 1362 1363 1364 1365 1366 1367
          1368 1369 1370 1371 1372 1373 1374 1375 1376 1377 1378 1379 1380 1381 1382 1383 1384 1385
          1386 1387 1388 1389 1390 1391 1392 1393 1394 1395 1396 1397 1398 1399 1400 1401 1402 1403
          1404 1405 1406 1407 1408 1409 1410 1411 1412 1413 1414 1415 1416 1417 1418 1419 1420 1421
          1422 1423 1424 1425 1426 1427 1428 1429 1430 1431 1432 1433 1434 1435 1436 1437 1438 1439
          1440 1441 1442 1443 1444 1445 1446 1447 1448 1449 1450 1451 1452 1453 1454 1455 1456 1457
          1458 1459 1460 1461 1462 1463 1464 1465 1466 1467 1468 1469 1470 1471 1472 1473 1474 1475
          1476 1477 1478 1479 1480 1481 1482 1483 1484 1485 1486 1487 1488 1489 1490 1491 1492 1493
          1494 1495 1496 1497 1498 1499 1500 1501 1502 1503 1504 1505 1506 1507 1508 1509 1510 1511
          1512 1513 1514 1515 1516 1517 1518 1519 1520 1521 1522 1523 1524 1525 1526 1527 1528 1529
          1530 1531 1532 1533 1534 1535 1536 1537 1538 1539 1540 1541 1542 1543 1544 1545 1546 1547
          1548 1549 1550 1551 1552 1553 1554 1555 1556 1557 1558 1559 1560 1561 1562 1563 1564 1565
          1566 1567 1568 1569 1570 1571 1572 1573 1574 1575 1576 1577 1578 1579 1580 1581 1582 1583
          1584 1585 1586 1587 1588 1589 1590 1591 1592 1593 1594 1595 1596 1597 1598 1599 1600 1601
          1602 1603 1604 1605 1606 1607 1608 1609 1610 1611 1612 1613 1614 1615 1616 1617 1618 1619
          1620 1621 1622 1623 1624 1625 1626 1627 1628 1629 1630 1631 1632 1633 1634 1635 1636 1637
          1638 1639 1640 1641 1642 1643 1644 1645 1646 1647 1648 1649 1650 1651 1652 1653 1654 1655
          1656 1657 1658 1659 1660 1661 1662 1663 1664 1665 1666 1667 1668 1669 1670 1671 1672 1673
          1674 1675 1676 1677 1678 1679 1680 1681 1682 1683 1684 1685 1686 1687 1688 1689 1690 1691
          1692 1693 1694 1695 1696 1697 1698 1699 1700 1701 1702 1703 1704 1705 1706 1707 1708 1709
          1710 1711 1712 1713 1714 1715 1716 1717 1718 1719 1720 1721 1722 1723 1724 1725 1726 1727
          1728 1729 1730 1731 1732 1733 1734 1735 1736 1737 1738 1739 1740 1741 1742 1743 1744 1745
          1746 1747 1748 1749 1750 1751 1752 1753 1754 1755 1756 1757 1758 1759 1760 1761 1762 1763
          1764 1765 1766 1767 1768 1769 1770 1771 1772 1773 1774 1775 1776 1777 1778 1779 1780 1781
          1782 1783 1784 1785 1786 1787 1788 1789 1790 1791 1792 1793 1794 1795 1796 1797 1798 1799
          1800 1801 1802 1803 1804 1805 1806 1807 1808 1809 1810 1811 1812 1813 1814 1815 1816 1817
          1818 1819 1820 1821 1822 1823 1824 1825 1826 1827 1828 1829 1830 1831 1832 1833 1834 1835
          1836 1837 1838 1839 1840 1841 1842 1843 1844 1845 1846 1847 1848 1849 1850 1851 1852 1853
          1854 1855 1856 1857 1858 1859 1860 1861 1862 1863 1864 1865 1866 1867 1868 1869 1870 1871
          1872 1873 1874 1875 1876 1877 1878 1879 1880 1881 1882 1883 1884 1885 1886 1887 1888 1889
          1890 1891 1892 1893 1894 1895 1896 1897 1898 1899 1900 1901 1902 1903 1904 1905 1906 1907
          1908 1909 1910 1911 1912 1913 1914 1915 1916 1917 1918 1919 1920 1921 1922 1923 1924 1925
          1926 1927 1928 1929 1930 1931 1932 1933 1934 1935 1936 1937 1938 1939 1940 1941 1942 1943
          1944 1945 1946 1947 1948 1949 1950 1951 1952 1953 1954 1955 1956 1957 1958 1959 1960 1961
          1962 1963 1964 1965 1966 1967 1968 1969 1970 1971 1972 1973 1974 1975 1976 1977 1978 1979
          1980 1981 1982 1983 1984 1985 1986 1987 1988 1989 1990 1991 1992 1993 1994 1995 1996 1997
          1998 1999 2000 2001 2002 2003 2004 2005 2006 2007 2008 2009 2010 2011 2012 2013 2014 2015
          2016 2017 2018 2019 2020 2021 2022 2023 2024 2025 2026 2027 2028 2029 2030 2031 2032 2033
          2034 2035 2036 2037 2038 2039 2040 2041 2042 2043 2044 2045 2046 2047 2048 2049 2050 2051
          2052 2053 2054 2055 2056 2057 2058 2059 2060 2061 2062 2063 2064 2065 2066 2067 2068 2069
          2070 2071 2072 2073 2074 2075 2076 2077 2078 2079 2080 2081 2082 2083 2084 2085 2086 2087
          2088 2089 2090 2091 2092 2093 2094 2095 2096 2097 2098 2099 2100 2101 2102 2103 2104 2105
          2106 2107 2108 2109 2110 2111 2112 2113 2114 2115 2116 2117 2118 2119 2120 2121 2122 2123
          2124 2125 2126 2127 2128 2129 2130 2131 2132 2133 2134 2135 2136 2137 2138 2139 2140 2141
          2142 2143 2144 2145 2146 2147 2148 2149 2150 2151 2152 2153 2154 2155 2156 2157 2158 2159
          2160 2161 2162 2163 2164 2165 2166 2167 2168 2169 2170 2171 2172 2173 2174 2175 2176 2177
          2178 2179 2180 2181 2182 2183 2184 2185 2186 2187 2188 2189 2190 2191 2192 2193 2194 2195
          2196 2197 2198 2199 2200 2201 2202 2203 2204 2205 2206 2207 2208 2209 2210 2211 2212 2213
          2214 2215 2216 2217 2218 2219 2220 2221 2222 2223 2224 2225 2226 2227 2228 2229 2230 2231
          2232 2233 2234 2235 2236 2237 2238 2239 2240 2241 2242 2243 2244 2245 2246 2247 2248 2249
          2250 2251 2252 2253 2254 2255 2256 2257 2258 2259 2260 2261 2262 2263 2264 2265 2266 2267
          2268 2269 2270 2271 2272 2273 2274 2275 2276 2277 2278 2279 2280 2281 2282 2283 2284 2285
          2286 2287 2288 2289 2290 2291 2292 2293 2294 2295 2296 2297 2298 2299 2300 2301 2302 2303
          2304 2305 2306 2307 2308 2309 2310 2311 2312 2313 2314 2315 2316 2317 2318 2319 2320 2321
          2322 2323 2324 2325 2326 2327 2328 2329 2330 2331 2332 2333 2334 2335 2336 2337 2338 2339
          2340 2341 2342 2343 2344 2345 2346 2347 2348 2349 2350 2351 2352 2353 2354 2355 2356 2357
          2358 2359 2360 2361 2362 2363 2364 2365 2366 2367 2368 2369 2370 2371 2372 2373 2374 2375
          2376 2377 2378 2379 2380 2381 2382 2383 2384 2385 2386 2387 2388 2389 2390 2391 2392 2393
          2394 2395 2396 2397 2398 2399 2400 2401 2402 2403 2404 2405 2406 2407 2408 2409 2410 2411
          2412 2413 2414 2415 2416 2417 2418 2419 2420 2421 2422 2423 2424 2425 2426 2427 2428 2429
          2430 2431 2432 2433 2434 2435 2436 2437 2438 2439 2440 2441 2442 2443 2444 2445 2446 2447
          2448 2449 2450 2451 2452 2453 2454 2455 2456 2457 2458 2459 2460 2461 2462 2463 2464 2465
          2466 2467 2468 2469 2470 2471 2472 2473 2474 2475 2476 2477 2478 2479 2480 2481 2482 2483
          2484 2485 2486 2487 2488 2489 2490 2491 2492 2493 2494 2495 2496 2497 2498 2499 2500 2501
          2502 2503 2504 2505 2506 2507 2508 2509 2510 2511 2512 2513 2514 2515 2516 2517 2518 2519
          2520 2521 2522 2523 2524 2525 2526 2527 2528 2529 2530 2531 2532 2533 2534 2535 2536 2537
          2538 2539 2540 2541 2542 2543 2544 2545 2546 2547 2548 2549 2550 2551 2552 2553 2554 2555
          2556 2557 2558 2559 2560 2561 2562 2563 2564 2565 2566 2567 2568 2569 2570 2571 2572 2573
          2574 2575 2576 2577 2578 2579 2580 2581 2582 2583 2584 2585 2586 2587 2588 2589 2590 2591
          2592 2593 2594 2595 2596 2597 2598 2599 2600 2601 2602 2603 2604 2605 2606 2607 2608 2609
          2610 2611 2612 2613 2614 2615 2616 2617 2618 2619 2620 2621 2622 2623 2624 2625 2626 2627
          2628 2629 2630 2631 2632 2633 2634 2635 2636 2637 2638 2639 2640 2641 2642 2643 2644 2645
          2646 2647 2648 2649 2650 2651 2652 2653 2654 2655 2656 2657 2658 2659 2660 2661 2662 2663
          2664 2665 2666 2667 2668 2669 2670 2671 2672 2673 2674 2675 2676 2677 2678 2679 2680 2681
          2682 2683 2684 2685 2686 2687 2688 2689 2690 2691 2692 2693 2694 2695 2696 2697 2698 2699
          2700 2701 2702 2703 2704 2705 2706 2707 2708 2709 2710 2711 2712 2713 2714 2715 2716 2717
          2718 2719 2720 2721 2722 2723 2724 2725 2726 2727 2728 2729 2730 2731 2732 2733 2734 2735
          2736 2737 2738 2739 2740 2741 2742 2743 2744 2745 2746 2747 2748 2749 2750 2751 2752 2753
          2754 2755 2756 2757 2758 2759 2760 2761 2762 2763 2764 2765 2766 2767 2768 2769 2770 2771
          2772 2773 2774 2775 2776 2777 2778 2779 2780 2781 2782 2783 2784 2785 2786 2787 2788 2789
          2790 2791 2792 2793 2794 2795 2796 2797 2798 2799 2800 2801 2802 2803 2804 2805 2806 2807
          2808 2809 2810 2811 2812 2813 2814 2815 2816 2817 2818 2819 2820 2821 2822 2823 2824 2825
          2826 2827 2828 2829 2830 2831 2832 2833 2834 2835 2836 2837 2838 2839 2840 2841 2842 2843
          2844 2845 2846 2847 2848 2849 2850 2851 2852 2853 2854 2855 2856 2857 2858 2859 2860 2861
          2862 2863 2864 2865 2866 2867 2868 2869 2870 2871 2872 2873 2874 2875 2876 2877 2878 2879
          2880 2881 2882 2883 2884 2885 2886 2887 2888 2889 2890 2891 2892 2893 2894 2895 2896 2897
          2898 2899 2900 2901 2902 2903 2904 2905 2906 2907 2908 2909 2910 2911 2912 2913 2914 2915
          2916 2917 2918 2919 2920 2921 2922 2923 2924 2925 2926 2927 2928 2929 2930 2931 2932 2933
          2934 2935 2936 2937 2938 2939 2940 2941 2942 2943 2944 2945 2946 2947 2948 2949 2950 2951
          2952 2953 2954 2955 2956 2957 2958 2959 2960 2961 2962 2963 2964 2965 2966 2967 2968 2969
          2970 2971 2972 2973 2974 2975 2976 2977 2978 2979 2980 2981 2982 2983 2984 2985 2986 2987
          2988 2989 2990 2991 2992 2993 2994 2995 2996 2997 2998 2999 3000 3001 3002 3003 3004 3005
          3006 3007 3008 3009 3010 3011 3012 3013 3014 3015 3016 3017 3018 3019 3020 3021 3022 3023
          3024 3025 3026 3027 3028 3029 3030 3031 3032 3033 3034 3035 3036 3037 3038 3039 3040 3041
          3042 3043 3044 3045 3046 3047 3048 3049 3050 3051 3052 3053 3054 3055 3056 3057 3058 3059
          3060 3061 3062 3063 3064 3065 3066 3067 3068 3069 3070 3071 3072 3073 3074 3075 3076 3077
          3078 3079 3080 3081 3082 3083 3084 3085 3086 3087 3088 3089 3090 3091 3092 3093 3094 3095
          3096 3097 3098 3099 3100 3101 3102 3103 3104 3105 3106 3107 3108 3109 3110 3111 3112 3113
          3114 3115 3116 3117 3118 3119 3120 3121 3122 3123 3124 3125 3126 3127 3128 3129 3130 3131
          3132 3133 3134 3135 3136 3137 3138 3139 3140 3141 3142 3143 3144 3145 3146 3147 3148 3149
          3150 3151 3152 3153 3154 3155 3156 3157 3158 3159 3160 3161 3162 3163 3164 3165 3166 3167
          3168 3169 3170 3171 3172 3173 3174 3175 3176 3177 3178 3179 3180 3181 3182 3183 3184 3185
          3186 3187 3188 3189 3190 3191 3192 3193 3194 3195 3196 3197 3198 3199 3200 3201 3202 3203
          3204 3205 3206 3207 3208 3209 3210 3211 3212 3213 3214 3215 3216 3217 3218 3219 3220 3221
          3222 3223 3224 3225 3226 3227 3228 3229 3230 3231 3232 3233 3234 3235 3236 3237 3238 3239
          3240 3241 3242 3243 3244 3245 3246 3247 3248 3249 3250 3251 3252 3253 3254 3255 3256 3257
          3258 3259 3260 3261 3262 3263 3264 3265 3266 3267 3268 3269 3270 3271 3272 3273 3274 3275
          3276 3277 3278 3279 3280 3281 3282 3283 3284 3285 3286 3287 3288 3289 3290 3291 3292 3293
          3294 3295 3296 3297 3298 3299 3300 3301 3302 3303 3304 3305 3306 3307 3308 3309 3310 3311
          3312 3313 3314 3315 3316 3317 3318 3319 3320 3321 3322 3323 3324 3325 3326 3327 3328 3329
          3330 3331 3332 3333 3334 3335 3336 3337 3338 3339 3340 3341 3342 3343 3344 3345 3346 3347
          3348 3349 3350 3351 3352 3353 3354 3355 3356 3357 3358 3359 3360 3361 3362 3363 3364 3365
          3366 3367 3368 3369 3370 3371 3372 3373 3374 3375 3376 3377 3378 3379 3380 3381 3382 3383
          3384 3385 3386 3387 3388 3389 3390 3391 3392 3393 3394 3395 3396 3397 3398 3399 3400 3401
          3402 3403 3404 3405 3406 3407 3408 3409 3410 3411 3412 3413 3414 3415 3416 3417 3418 3419
          3420 3421 3422 3423 3424 3425 3426 3427 3428 3429 3430 3431 3432 3433 3434 3435 3436 3437
          3438 3439 3440 3441 3442 3443 3444 3445 3446 3447 3448 3449 3450 3451 3452 3453 3454 3455
          3456 3457 3458 3459 3460 3461 3462 3463 3464 3465 3466 3467 3468 3469 3470 3471 3472 3473
          3474 3475 3476 3477 3478 3479 3480 3481 3482 3483 3484 3485 3486 3487 3488 3489 3490 3491
          3492 3493 3494 3495 3496 3497 3498 3499 3500 3501 3502 3503 3504 3505 3506 3507 3508 3509
          3510 3511 3512 3513 3514 3515 3516 3517 3518 3519 3520 3521 3522 3523 3524 3525 3526 3527
          3528 3529 3530 3531 3532 3533 3534 3535 3536 3537 3538 3539 3540 3541 3542 3543 3544 3545
          3546 3547 3548 3549 3550 3551 3552 3553 3554 3555 3556 3557 3558 3559 3560 3561 3562 3563
          3564 3565 3566 3567 3568 3569 3570 3571 3572 3573 3574 3575 3576 3577 3578 3579 3580 3581
          3582 3583 3584 3585 3586 3587 3588 3589 3590 3591 3592 3593 3594 3595 3596 3597 3598 3599
          3600 3601 3602 3603 3604 3605 3606 3607 3608 3609 3610 3611 3612 3613 3614 3615 3616 3617
          3618 3619 3620 3621 3622 3623 3624 3625 3626 3627 3628 3629 3630 3631 3632 3633 3634 3635
          3636 3637 3638 3639 3640 3641 3642 3643 3644 3645 3646 3647 3648 3649 3650 3651 3652 3653
          3654 3655 3656 3657 3658 3659 3660 3661 3662 3663 3664 3665 3666 3667 3668 3669 3670 3671
          3672 3673 3674 3675 3676 3677 3678 3679 3680 3681 3682 3683 3684 3685 3686 3687 3688 3689
          3690 3691 3692 3693 3694 3695 3696 3697 3698 3699 3700 3701 3702 3703 3704 3705 3706 3707
          3708 3709 3710 3711 3712 3713 3714 3715 3716 3717 3718 3719 3720 3721 3722 3723 3724 3725
          3726 3727 3728 3729 3730 3731 3732 3733 3734 3735 3736 3737 3738 3739 3740 3741 3742 3743
          3744 3745 3746 3747 3748 3749 3750 3751 3752 3753 3754 3755 3756 3757 3758 3759 3760 3761
          3762 3763 3764 3765 3766 3767 3768 3769 3770 3771 3772 3773 3774 3775 3776 3777 3778 3779
          3780 3781 3782 3783 3784 3785 3786 3787 3788 3789 3790 3791 3792 3793 3794 3795 3796 3797
          3798 3799 3800 3801 3802 3803 3804 3805 3806 3807 3808 3809 3810 3811 3812 3813 3814 3815
          3816 3817 3818 3819 3820 3821 3822 3823 3824 3825 3826 3827 3828 3829 3830 3831 3832 3833
          3834 3835 3836 3837 3838 3839 3840 3841 3842 3843 3844 3845 3846 3847 3848 3849 3850 3851
          3852 3853 3854 3855 3856 3857 3858 3859 3860 3861 3862 3863 3864 3865 3866 3867 3868 3869
          3870 3871 3872 3873 3874 3875 3876 3877 3878 3879 3880 3881 3882 3883 3884 3885 3886 3887
          3888 3889 3890 3891 3892 3893 3894 3895 3896 3897 3898 3899 3900 3901 3902 3903 3904 3905
          3906 3907 3908 3909 3910 3911 3912 3913 3914 3915 3916 3917 3918 3919 3920 3921 3922 3923
          3924 3925 3926 3927 3928 3929 3930 3931 3932 3933 3934 3935 3936 3937 3938 3939 3940 3941
          3942 3943 3944 3945 3946 3947 3948 3949 3950 3951 3952 3953 3954 3955 3956 3957 3958 3959
          3960 3961 3962 3963 3964 3965 3966 3967 3968 3969 3970 3971 3972 3973 3974 3975 3976 3977
          3978 3979 3980 3981 3982 3983 3984 3985 3986 3987 3988 3989 3990 3991 3992 3993 3994 3995
          3996 3997 3998 3999 4000 4001 4002 4003 4004 4005 4006 4007 4008 4009 4010 4011 4012 4013
          4014 4015 4016 4017 4018 4019 4020 4021 4022 4023 4024 4025 4026 4027 4028 4029 4030 4031
          4032 4033 4034 4035 4036 4037 4038 4039 4040 4041 4042 4043 4044 4045 4046 4047 4048 4049
          4050 4051 4052 4053 4054 4055 4056 4057 4058 4059 4060 4061 4062 4063 4064 4065 4066 4067
          4068 4069 4070 4071 4072 4073 4074 4075 4076 4077 4078 4079 4080 4081 4082 4083 4084 4085
          4086 4087 4088 4089 4090 4091 4092 4093 4094 4095 4096 4097 4098 4099 4100 4101 4102 4103
          4104 4105 4106 4107 4108 4109 4110 4111 4112 4113 4114 4115 4116 4117 4118 4119 4120 4121
          4122 4123 4124 4125 4126 4127 4128 4129 4130 4131 4132 4133 4134 4135 4136 4137 4138 4139
          4140 4141 4142 4143 4144 4145 4146 4147 4148 4149 4150 4151 4152 4153 4154 4155 4156 4157
          4158 4159 4160 4161 4162 4163 4164 4165 4166 4167 4168 4169 4170 4171 4172 4173 4174 4175
          4176 4177 4178 4179 4180 4181 4182 4183 4184 4185 4186 4187 4188 4189 4190 4191 4192 4193
          4194 4195 4196 4197 4198 4199 4200 4201 4202 4203 4204 4205 4206 4207 4208 4209 4210 4211
          4212 4213 4214 4215 4216 4217 4218 4219 4220 4221 4222 4223 4224 4225 4226 4227 4228 4229
          4230 4231 4232 4233 4234 4235 4236 4237 4238 4239 4240 4241 4242 4243 4244 4245 4246 4247
          4248 4249 4250 4251 4252 4253 4254 4255 4256 4257 4258 4259 4260 4261 4262 4263 4264 4265
          4266 4267 4268 4269 4270 4271 4272 4273 4274 4275 4276 4277 4278 4279 4280 4281 4282 4283
          4284 4285 4286 4287 4288 4289 4290 4291 4292 4293 4294 4295 4296 4297 4298 4299 4300 4301
          4302 4303 4304 4305 4306 4307 4308 4309 4310 4311 4312 4313 4314 4315 4316 4317 4318 4319
          4320 4321 4322 4323 4324 4325 4326 4327 4328 4329 4330 4331 4332 4333 4334 4335 4336 4337
          4338 4339 4340 4341 4342 4343 4344 4345 4346 4347 4348 4349 4350 4351 4352 4353 4354 4355
          4356 4357 4358 4359 4360 4361 4362 4363 4364 4365 4366 4367 4368 4369 4370 4371 4372 4373
          4374 4375 4376 4377 4378 4379 4380 4381 4382 4383 4384 4385 4386 4387 4388 4389 4390 4391
          4392 4393 4394 4395 4396 4397 4398 4399 4400 4401 4402 4403 4404 4405 4406 4407 4408 4409
          4410 4411 4412 4413 4414 4415 4416 4417 4418 4419 4420 4421 4422 4423 4424 4425 4426 4427
          4428 4429 4430 4431 4432 4433 4434 4435 4436 4437 4438 4439 4440 4441 4442 4443 4444 4445
          4446 4447 4448 4449 4450 4451 4452 4453 4454 4455 4456 4457 4458 4459 4460 4461 4462 4463
          4464 4465 4466 4467 4468 4469 4470 4471 4472 4473 4474 4475 4476 4477 4478 4479 4480 4481
          4482 4483 4484 4485 4486 4487 4488 4489 4490 4491 4492 4493 4494 4495 4496 4497 4498 4499
          4500 4501 4502 4503 4504 4505 4506 4507 4508 4509 4510 4511 4512 4513 4514 4515 4516 4517
          4518 4519 4520 4521 4522 4523 4524 4525 4526 4527 4528 4529 4530 4531 4532 4533 4534 4535
          4536 4537 4538 4539 4540 4541 4542 4543 4544 4545 4546 4547 4548 4549 4550 4551 4552 4553
          4554 4555 4556 4557 4558 4559 4560 4561 4562 4563 4564 4565 4566 4567 4568 4569 4570 4571
          4572 4573 4574 4575 4576 4577 4578 4579 4580 4581 4582 4583 4584 4585 4586 4587 4588 4589
          4590 4591 4592 4593 4594 4595 4596 4597 4598 4599 4600 4601 4602 4603 4604 4605 4606 4607
          4608 4609 4610 4611 4612 4613 4614 4615 4616 4617 4618 4619 4620 4621 4622 4623 4624 4625
          4626 4627 4628 4629 4630 4631 4632 4633 4634 4635 4636 4637 4638 4639 4640 4641 4642 4643
          4644 4645 4646 4647 4648 4649 4650 4651 4652 4653 4654 4655 4656 4657 4658 4659 4660 4661
          4662 4663 4664 4665 4666 4667 4668 4669 4670 4671 4672 4673 4674 4675 4676 4677 4678 4679
          4680 4681 4682 4683 4684 4685 4686 4687 4688 4689 4690 4691 4692 4693 4694 4695 4696 4697
          4698 4699 4700 4701 4702 4703 4704 4705 4706 4707 4708 4709 4710 4711 4712 4713 4714 4715
          4716 4717 4718 4719 4720 4721 4722 4723 4724 4725 4726 4727 4728 4729 4730 4731 4732 4733
          4734 4735 4736 4737 4738 4739 4740 4741 4742 4743 4744 4745 4746 4747 4748 4749 4750 4751
          4752 4753 4754 4755 4756 4757 4758 4759 4760 4761 4762 4763 4764 4765 4766 4767 4768 4769
          4770 4771 4772 4773 4774 4775 4776 4777 4778 4779 4780 4781 4782 4783 4784 4785 4786 4787
          4788 4789 4790 4791 4792 4793 4794 4795 4796 4797 4798 4799 4800 4801 4802 4803 4804 4805
          4806 4807 4808 4809 4810 4811 4812 4813 4814 4815 4816 4817 4818 4819 4820 4821 4822 4823
          4824 4825 4826 4827 4828 4829 4830 4831 4832 4833 4834 4835 4836 4837 4838 4839 4840 4841
          4842 4843 4844 4845 4846 4847 4848 4849 4850 4851 4852 4853 4854 4855 4856 4857 4858 4859
          4860 4861 4862 4863 4864 4865 4866 4867 4868 4869 4870 4871 4872 4873 4874 4875 4876 4877
          4878 4879 4880 4881 4882 4883 4884 4885 4886 4887 4888 4889 4890 4891 4892 4893 4894 4895
          4896 4897 4898 4899 4900 4901 4902 4903 4904 4905 4906 4907 4908 4909 4910 4911 4912 4913
          4914 4915 4916 4917 4918 4919 4920 4921 4922 4923 4924 4925 4926 4927 4928 4929 4930 4931
          4932 4933 4934 4935 4936 4937 4938 4939 4940 4941 4942 4943 4944 4945 4946 4947 4948 4949
          4950 4951 4952 4953 4954 4955 4956 4957 4958 4959 4960 4961 4962 4963 4964 4965 4966 4967
          4968 4969 4970 4971 4972 4973 4974 4975 4976 4977 4978 4979 4980 4981 4982 4983 4984 4985
          4986 4987 4988 4989 4990 4991 4992 4993 4994 4995 4996 4997 4998 4999 5000 5001 5002 5003
          5004 5005 5006 5007 5008 5009 5010 5011 5012 5013 5014 5015 5016 5017 5018 5019 5020 5021
          5022 5023 5024 5025 5026 5027 5028 5029 5030 5031 5032 5033 5034 5035 5036 5037 5038 5039
          5040 5041 5042 5043 5044 5045 5046 5047 5048 5049 5050 5051 5052 5053 5054 5055 5056 5057
          5058 5059 5060 5061 5062 5063 5064 5065 5066 5067 5068 5069 5070 5071 5072 5073 5074 5075
          5076 5077 5078 5079 5080 5081 5082 5083 5084 5085 5086 5087 5088 5089 5090 5091 5092 5093
          5094 5095 5096 5097 5098 5099 5100 5101 5102 5103 5104 5105 5106 5107 5108 5109 5110 5111
          5112 5113 5114 5115 5116 5117 5118 5119 5120 5121 5122 5123 5124 5125 5126 5127 5128 5129
          5130 5131 5132 5133 5134 5135 5136 5137 5138 5139 5140 5141 5142 5143 5144 5145 5146 5147
          5148 5149 5150 5151 5152 5153 5154 5155 5156 5157 5158 5159 5160 5161 5162 5163 5164 5165
          5166 5167 5168 5169 5170 5171 5172 5173 5174 5175 5176 5177 5178 5179 5180 5181 5182 5183
          5184 5185 5186 5187 5188 5189 5190 5191 5192 5193 5194 5195 5196 5197 5198 5199 5200 5201
          5202 5203 5204 5205 5206 5207 5208 5209 5210 5211 5212 5213 5214 5215 5216 5217 5218 5219
          5220 5221 5222 5223 5224 5225 5226 5227 5228 5229 5230 5231 5232 5233 5234 5235 5236 5237
          5238 5239 5240 5241 5242 5243 5244 5245 5246 5247 5248 5249 5250 5251 5252 5253 5254 5255
          5256 5257 5258 5259 5260 5261 5262 5263 5264 5265 5266 5267 5268 5269 5270 5271 5272 5273
          5274 5275 5276 5277 5278 5279 5280 5281 5282 5283 5284 5285 5286 5287 5288 5289 5290 5291
          5292 5293 5294 5295 5296 5297 5298 5299 5300 5301 5302 5303 5304 5305 5306 5307 5308 5309
          5310 5311 5312 5313 5314 5315 5316 5317 5318 5319 5320 5321 5322 5323 5324 5325 5326 5327
          5328 5329 5330 5331 5332 5333 5334 5335 5336 5337 5338 5339 5340 5341 5342 5343 5344 5345
          5346 5347 5348 5349 5350 5351 5352 5353 5354 5355 5356 5357 5358 5359 5360 5361 5362 5363
          5364 5365 5366 5367 5368 5369 5370 5371 5372 5373 5374 5375 5376 5377 5378 5379 5380 5381
          5382 5383 5384 5385 5386 5387 5388 5389 5390 5391 5392 5393 5394 5395 5396 5397 5398 5399
          5400 5401 5402 5403 5404 5405 5406 5407 5408 5409 5410 5411 5412 5413 5414 5415 5416 5417
          5418 5419 5420 5421 5422 5423 5424 5425 5426 5427 5428 5429 5430 5431 5432 5433 5434 5435
          5436 5437 5438 5439 5440 5441 5442 5443 5444 5445 5446 5447 5448 5449 5450 5451 5452 5453
          5454 5455 5456 5457 5458 5459 5460 5461 5462 5463 5464 5465 5466 5467 5468 5469 5470 5471
          5472 5473 5474 5475 5476 5477 5478 5479 5480 5481 5482 5483 5484 5485 5486 5487 5488 5489
          5490 5491 5492 5493 5494 5495 5496 5497 5498 5499 5500 5501 5502 5503 5504 5505 5506 5507
          5508 5509 5510 5511 5512 5513 5514 5515 5516 5517 5518 5519 5520 5521 5522 5523 5524 5525
          5526 5527 5528 5529 5530 5531 5532 5533 5534 5535 5536 5537 5538 5539 5540 5541 5542 5543
          5544 5545 5546 5547 5548 5549 5550 5551 5552 5553 5554 5555 5556 5557 5558 5559 5560 5561
          5562 5563 5564 5565 5566 5567 5568 5569 5570 5571 5572 5573 5574 5575 5576 5577 5578 5579
          5580 5581 5582 5583 5584 5585 5586 5587 5588 5589 5590 5591 5592 5593 5594 5595 5596 5597
          5598 5599 5600 5601 5602 5603 5604 5605 5606 5607 5608 5609 5610 5611 5612 5613 5614 5615
          5616 5617 5618 5619 5620 5621 5622 5623 5624 5625 5626 5627 5628 5629 5630 5631 5632 5633
          5634 5635 5636 5637 5638 5639 5640 5641 5642 5643 5644 5645 5646 5647 5648 5649 5650 5651
          5652 5653 5654 5655 5656 5657 5658 5659 5660 5661 5662 5663 5664 5665 5666 5667 5668 5669
          5670 5671 5672 5673 5674 5675 5676 5677 5678 5679 5680 5681 5682 5683 5684 5685 5686 5687
          5688 5689 5690 5691 5692 5693 5694 5695 5696 5697 5698 5699 5700 5701 5702 5703 5704 5705
          5706 5707 5708 5709 5710 5711 5712 5713 5714 5715 5716 5717 5718 5719 5720 5721 5722 5723
          5724 5725 5726 5727 5728 5729 5730 5731 5732 5733 5734 5735 5736 5737 5738 5739 5740 5741
          5742 5743 5744 5745 5746 5747 5748 5749 5750 5751 5752 5753 5754 5755 5756 5757 5758 5759
          5760 5761 5762 5763 5764 5765 5766 5767 5768 5769 5770 5771 5772 5773 5774 5775 5776 5777
          5778 5779 5780 5781 5782 5783 5784 5785 5786 5787 5788 5789 5790 5791 5792 5793 5794 5795
          5796 5797 5798 5799 5800 5801 5802 5803 5804 5805 5806 5807 5808 5809 5810 5811 5812 5813
          5814 5815 5816 5817 5818 5819 5820 5821 5822 5823 5824 5825 5826 5827 5828 5829 5830 5831
          5832 5833 5834 5835 5836 5837 5838 5839 5840 5841 5842 5843 5844 5845 5846 5847 5848 5849
          5850 5851 5852 5853 5854 5855 5856 5857 5858 5859 5860 5861 5862 5863 5864 5865 5866 5867
          5868 5869 5870 5871 5872 5873 5874 5875 5876 5877 5878 5879 5880 5881 5882 5883 5884 5885
          5886 5887 5888 5889 5890 5891 5892 5893 5894 5895 5896 5897 5898 5899 5900 5901 5902 5903
          5904 5905 5906 5907 5908 5909 5910 5911 5912 5913 5914 5915 5916 5917 5918 5919 5920 5921
          5922 5923 5924 5925 5926 5927 5928 5929 5930 5931 5932 5933 5934 5935 5936 5937 5938 5939
          5940 5941 5942 5943 5944 5945 5946 5947 5948 5949 5950 5951 5952 5953 5954 5955 5956 5957
          5958 5959 5960 5961 5962 5963 5964 5965 5966 5967 5968 5969 5970 5971 5972 5973 5974 5975
          5976 5977 5978 5979 5980 5981 5982 5983 5984 5985 5986 5987 5988 5989 5990 5991 5992 5993
          5994 5995 5996 5997 5998 5999 6000 6001 6002 6003 6004 6005 6006 6007 6008 6009 6010 6011
          6012 6013 6014 6015 6016 6017 6018 6019 6020 6021 6022 6023 6024 6025 6026 6027 6028 6029
          6030 6031 6032 6033 6034 6035 6036 6037 6038 6039 6040 6041 6042 6043 6044 6045 6046 6047
          6048 6049 6050 6051 6052 6053 6054 6055 6056 6057 6058 6059 6060 6061 6062 6063 6064 6065
          6066 6067 6068 6069 6070 6071 6072 6073 6074 6075 6076 6077 6078 6079 6080 6081 6082 6083
          6084 6085 6086 6087 6088 6089 6090 6091 6092 6093 6094 6095 6096 6097 6098 6099 6100 6101
          6102 6103 6104 6105 6106 6107 6108 6109 6110 6111 6112 6113 6114 6115 6116 6117 6118 6119
          6120 6121 6122 6123 6124 6125 6126 6127 6128 6129 6130 6131 6132 6133 6134 6135 6136 6137
          6138 6139 6140 6141 6142 6143 6144 6145 6146 6147 6148 6149 6150 6151 6152 6153 6154 6155
          6156 6157 6158 6159 6160 6161 6162 6163 6164 6165 6166 6167 6168 6169 6170 6171 6172 6173
          6174 6175 6176 6177 6178 6179 6180 6181 6182 6183 6184 6185 6186 6187 6188 6189 6190 6191
          6192 6193 6194 6195 6196 6197 6198 6199 6200 6201 6202 6203 6204 6205 6206 6207 6208 6209
          6210 6211 6212 6213 6214 6215 6216 6217 6218 6219 6220 6221 6222 6223 6224 6225 6226 6227
          6228 6229 6230 6231 6232 6233 6234 6235 6236 6237 6238 6239 6240 6241 6242 6243 6244 6245
          6246 6247 6248 6249 6250 6251 6252 6253 6254 6255 6256 6257 6258 6259 6260 6261 6262 6263
          6264 6265 6266 6267 6268 6269 6270 6271 6272 6273 6274 6275 6276 6277 6278 6279 6280 6281
          6282 6283 6284 6285 6286 6287 6288 6289 6290 6291 6292 6293 6294 6295 6296 6297 6298 6299
          6300 6301 6302 6303 6304 6305 6306 6307 6308 6309 6310 6311 6312 6313 6314 6315 6316 6317
          6318 6319 6320 6321 6322 6323 6324 6325 6326 6327 6328 6329 6330 6331 6332 6333 6334 6335
          6336 6337 6338 6339 6340 6341 6342 6343 6344 6345 6346 6347 6348 6349 6350 6351 6352 6353
          6354 6355 6356 6357 6358 6359 6360 6361 6362 6363 6364 6365 6366 6367 6368 6369 6370 6371
          6372 6373 6374 6375 6376 6377 6378 6379 6380 6381 6382 6383 6384 6385 6386 6387 6388 6389
          6390 6391 6392 6393 6394 6395 6396 6397 6398 6399 6400 6401 6402 6403 6404 6405 6406 6407
          6408 6409 6410 6411 6412 6413 6414 6415 6416 6417 6418 6419 6420 6421 6422 6423 6424 6425
          6426 6427 6428 6429 6430 6431 6432 6433 6434 6435 6436 6437 6438 6439 6440 6441 6442 6443
          6444 6445 6446 6447 6448 6449 6450 6451 6452 6453 6454 6455 6456 6457 6458 6459 6460 6461
          6462 6463 6464 6465 6466 6467 6468 6469 6470 6471 6472 6473 6474 6475 6476 6477 6478 6479
          6480 6481 6482 6483 6484 6485 6486 6487 6488 6489 6490 6491 6492 6493 6494 6495 6496 6497
          6498 6499 6500 6501 6502 6503 6504 6505 6506 6507 6508 6509 6510 6511 6512 6513 6514 6515
          6516 6517 6518 6519 6520 6521 6522 6523 6524 6525 6526 6527 6528 6529 6530 6531 6532 6533
          6534 6535 6536 6537 6538 6539 6540 6541 6542 6543 6544 6545 6546 6547 6548 6549 6550 6551
          6552 6553 6554 6555 6556 6557 6558 6559 6560 6561 6562 6563 6564 6565 6566 6567 6568 6569
          6570 6571 6572 6573 6574 6575 6576 6577 6578 6579 6580 6581 6582 6583 6584 6585 6586 6587
          6588 6589 6590 6591 6592 6593 6594 6595 6596 6597 6598 6599 6600 6601 6602 6603 6604 6605
          6606 6607 6608 6609 6610 6611 6612 6613 6614 6615 6616 6617 6618 6619 6620 6621 6622 6623
          6624 6625 6626 6627 6628 6629 6630 6631 6632 6633 6634 6635 6636 6637 6638 6639 6640 6641
          6642 6643 6644 6645 6646 6647 6648 6649 6650 6651 6652 6653 6654 6655 6656 6657 6658 6659
          6660 6661 6662 6663 6664 6665 6666 6667 6668 6669 6670 6671 6672 6673 6674 6675 6676 6677
          6678 6679 6680 6681 6682 6683 6684 6685 6686 6687 6688 6689 6690 6691 6692 6693 6694 6695
          6696 6697 6698 6699 6700 6701 6702 6703 6704 6705 6706 6707 6708 6709 6710 6711 6712 6713
          6714 6715 6716 6717 6718 6719 6720 6721 6722 6723 6724 6725 6726 6727 6728 6729 6730 6731
          6732 6733 6734 6735 6736 6737 6738 6739 6740 6741 6742 6743 6744 6745 6746 6747 6748 6749
          6750 6751 6752 6753 6754 6755 6756 6757 6758 6759 6760 6761 6762 6763 6764 6765 6766 6767
          6768 6769 6770 6771 6772 6773 6774 6775 6776 6777 6778 6779 6780 6781 6782 6783 6784 6785
          6786 6787 6788 6789 6790 6791 6792 6793 6794 6795 6796 6797 6798 6799 6800 6801 6802 6803
          6804 6805 6806 6807 6808 6809 6810 6811 6812 6813 6814 6815 6816 6817 6818 6819 6820 6821
          6822 6823 6824 6825 6826 6827 6828 6829 6830 6831 6832 6833 6834 6835 6836 6837 6838 6839
          6840 6841 6842 6843 6844 6845 6846 6847 6848 6849 6850 6851 6852 6853 6854 6855 6856 6857
          6858 6859 6860 6861 6862 6863 6864 6865 6866 6867 6868 6869 6870 6871 6872 6873 6874 6875
          6876 6877 6878 6879 6880 6881 6882 6883 6884 6885 6886 6887 6888 6889 6890 6891 6892 6893
          6894 6895 6896 6897 6898 6899 6900 6901 6902 6903 6904 6905 6906 6907 6908 6909 6910 6911
          6912 6913 6914 6915 6916 6917 6918 6919 6920 6921 6922 6923 6924 6925 6926 6927 6928 6929
          6930 6931 6932 6933 6934 6935 6936 6937 6938 6939 6940 6941 6942 6943 6944 6945 6946 6947
          6948 6949 6950 6951 6952 6953 6954 6955 6956 6957 6958 6959 6960 6961 6962 6963 6964 6965
          6966 6967 6968 6969 6970 6971 6972 6973 6974 6975 6976 6977 6978 6979 6980 6981 6982 6983
          6984 6985 6986 6987 6988 6989 6990 6991 6992 6993 6994 6995 6996 6997 6998 6999 7000 7001
          7002 7003 7004 7005 7006 7007 7008 7009 7010 7011 7012 7013 7014 7015 7016 7017 7018 7019
          7020 7021 7022 7023 7024 7025 7026 7027 7028 7029 7030 7031 7032 7033 7034 7035 7036 7037
          7038 7039 7040 7041 7042 7043 7044 7045 7046 7047 7048 7049 7050 7051 7052 7053 7054 7055
          7056 7057 7058 7059 7060 7061 7062 7063 7064 7065 7066 7067 7068 7069 7070 7071 7072 7073
          7074 7075 7076 7077 7078 7079 7080 7081 7082 7083 7084 7085 7086 7087 7088 7089 7090 7091
          7092 7093 7094 7095 7096 7097 7098 7099 7100 7101 7102 7103 7104 7105 7106 7107 7108 7109
          7110 7111 7112 7113 7114 7115 7116 7117 7118 7119 7120 7121 7122 7123 7124 7125 7126 7127
          7128 7129 7130 7131 7132 7133 7134 7135 7136 7137 7138 7139 7140 7141 7142 7143 7144 7145
          7146 7147 7148 7149 7150 7151 7152 7153 7154 7155 7156 7157 7158 7159 7160 7161 7162 7163
          7164 7165 7166 7167 7168 7169 7170 7171 7172 7173 7174 7175 7176 7177 7178 7179 7180 7181
          7182 7183 7184 7185 7186 7187 7188 7189 7190 7191 7192 7193 7194 7195 7196 7197 7198 7199
          7200 7201 7202 7203 7204 7205 7206 7207 7208 7209 7210 7211 7212 7213 7214 7215 7216 7217
          7218 7219 7220 7221 7222 7223 7224 7225 7226 7227 7228 7229 7230 7231 7232 7233 7234 7235
          7236 7237 7238 7239 7240 7241 7242 7243 7244 7245 7246 7247 7248 7249 7250 7251 7252 7253
          7254 7255 7256 7257 7258 7259 7260 7261 7262 7263 7264 7265 7266 7267 7268 7269 7270 7271
          7272 7273 7274 7275 7276 7277 7278 7279 7280 7281 7282 7283 7284 7285 7286 7287 7288 7289
          7290 7291 7292 7293 7294 7295 7296 7297 7298 7299 7300 7301 7302 7303 7304 7305 7306 7307
          7308 7309 7310 7311 7312 7313 7314 7315 7316 7317 7318 7319 7320 7321 7322 7323 7324 7325
          7326 7327 7328 7329 7330 7331 7332 7333 7334 7335 7336 7337 7338 7339 7340 7341 7342 7343
          7344 7345 7346 7347 7348 7349 7350 7351 7352 7353 7354 7355 7356 7357 7358 7359 7360 7361
          7362 7363 7364 7365 7366 7367 7368 7369 7370 7371 7372 7373 7374 7375 7376 7377 7378 7379
          7380 7381 7382 7383 7384 7385 7386 7387 7388 7389 7390 7391 7392 7393 7394 7395 7396 7397
          7398 7399 7400 7401 7402 7403 7404 7405 7406 7407 7408 7409 7410 7411 7412 7413 7414 7415
          7416 7417 7418 7419 7420 7421 7422 7423 7424 7425 7426 7427 7428 7429 7430 7431 7432 7433
          7434 7435 7436 7437 7438 7439 7440 7441 7442 7443 7444 7445 7446 7447 7448 7449 7450 7451
          7452 7453 7454 7455 7456 7457 7458 7459 7460 7461 7462 7463 7464 7465 7466 7467 7468 7469
          7470 7471 7472 7473 7474 7475 7476 7477 7478 7479 7480 7481 7482 7483 7484 7485 7486 7487
          7488 7489 7490 7491 7492 7493 7494 7495 7496 7497 7498 7499 7500 7501 7502 7503 7504 7505
          7506 7507 7508 7509 7510 7511 7512 7513 7514 7515 7516 7517 7518 7519 7520 7521 7522 7523
          7524 7525 7526 7527 7528 7529 7530 7531 7532 7533 7534 7535 7536 7537 7538 7539 7540 7541
          7542 7543 7544 7545 7546 7547 7548 7549 7550 7551 7552 7553 7554 7555 7556 7557 7558 7559
          7560 7561 7562 7563 7564 7565 7566 7567 7568 7569 7570 7571 7572 7573 7574 7575 7576 7577
          7578 7579 7580 7581 7582 7583 7584 7585 7586 7587 7588 7589 7590 7591 7592 7593 7594 7595
          7596 7597 7598 7599 7600 7601 7602 7603 7604 7605 7606 7607 7608 7609 7610 7611 7612 7613
          7614 7615 7616 7617 7618 7619 7620 7621 7622 7623 7624 7625 7626 7627 7628 7629 7630 7631
          7632 7633 7634 7635 7636 7637 7638 7639 7640 7641 7642 7643 7644 7645 7646 7647 7648 7649
          7650 7651 7652 7653 7654 7655 7656 7657 7658 7659 7660 7661 7662 7663 7664 7665 7666 7667
          7668 7669 7670 7671 7672 7673 7674 7675 7676 7677 7678 7679 7680 7681 7682 7683 7684 7685
          7686 7687 7688 7689 7690 7691 7692 7693 7694 7695 7696 7697 7698 7699 7700 7701 7702 7703
          7704 7705 7706 7707 7708 7709 7710 7711 7712 7713 7714 7715 7716 7717 7718 7719 7720 7721
          7722 7723 7724 7725 7726 7727 7728 7729 7730 7731 7732 7733 7734 7735 7736 7737 7738 7739
          7740 7741 7742 7743 7744 7745 7746 7747 7748 7749 7750 7751 7752 7753 7754 7755 7756 7757
          7758 7759 7760 7761 7762 7763 7764 7765 7766 7767 7768 7769 7770 7771 7772 7773 7774 7775
          7776 7777 7778 7779 7780 7781 7782 7783 7784 7785 7786 7787 7788 7789 7790 7791 7792 7793
          7794 7795 7796 7797 7798 7799 7800 7801 7802 7803 7804 7805 7806 7807 7808 7809 7810 7811
          7812 7813 7814 7815 7816 7817 7818 7819 7820 7821 7822 7823 7824 7825 7826 7827 7828 7829
          7830 7831 7832 7833 7834 7835 7836 7837 7838 7839 7840 7841 7842 7843 7844 7845 7846 7847
          7848 7849 7850 7851 7852 7853 7854 7855 7856 7857 7858 7859 7860 7861 7862 7863 7864 7865
          7866 7867 7868 7869 7870 7871 7872 7873 7874 7875 7876 7877 7878 7879 7880 7881 7882 7883
          7884 7885 7886 7887 7888 7889 7890 7891 7892 7893 7894 7895 7896 7897 7898 7899 7900 7901
          7902 7903 7904 7905 7906 7907 7908 7909 7910 7911 7912 7913 7914 7915 7916 7917 7918 7919
          7920 7921 7922 7923 7924 7925 7926 7927 7928 7929 7930 7931 7932 7933 7934 7935 7936 7937
          7938 7939 7940 7941 7942 7943 7944 7945 7946 7947 7948 7949 7950 7951 7952 7953 7954 7955
          7956 7957 7958 7959 7960 7961 7962 7963 7964 7965 7966 7967 7968 7969 7970 7971 7972 7973
          7974 7975 7976 7977 7978 7979 7980 7981 7982 7983 7984 7985 7986 7987 7988 7989 7990 7991
          7992 7993 7994 7995 7996 7997 7998 7999 8000 8001 8002 8003 8004 8005 8006 8007 8008 8009
          8010 8011 8012 8013 8014 8015 8016 8017 8018 8019 8020 8021 8022 8023 8024 8025 8026 8027
          8028 8029 8030 8031 8032 8033 8034 8035 8036 8037 8038 8039 8040 8041 8042 8043 8044 8045
          8046 8047 8048 8049 8050 8051 8052 8053 8054 8055 8056 8057 8058 8059 8060 8061 8062 8063
          8064 8065 8066 8067 8068 8069 8070 8071 8072 8073 8074 8075 8076 8077 8078 8079 8080 8081
          8082 8083 8084 8085 8086 8087 8088 8089 8090 8091 8092 8093 8094 8095 8096 8097 8098 8099
          8100 8101 8102 8103 8104 8105 8106 8107 8108 8109 8110 8111 8112 8113 8114 8115 8116 8117
          8118 8119 8120 8121 8122 8123 8124 8125 8126 8127 8128 8129 8130 8131 8132 8133 8134 8135
          8136 8137 8138 8139 8140 8141 8142 8143 8144 8145 8146 8147 8148 8149 8150 8151 8152 8153
          8154 8155 8156 8157 8158 8159 8160 8161 8162 8163 8164 8165 8166 8167 8168 8169 8170 8171
          8172 8173 8174 8175 8176 8177 8178 8179 8180 8181 8182 8183 8184 8185 8186 8187 8188 8189
          8190 8191 8192 8193 8194 8195 8196 8197 8198 8199 8200 8201 8202 8203 8204 8205 8206 8207
          8208 8209 8210 8211 8212 8213 8214 8215 8216 8217 8218 8219 8220 8221 8222 8223 8224 8225
          8226 8227 8228 8229 8230 8231 8232 8233 8234 8235 8236 8237 8238 8239 8240 8241 8242 8243
          8244 8245 8246 8247 8248 8249 8250 8251 8252 8253 8254 8255 8256 8257 8258 8259 8260 8261
          8262 8263 8264 8265 8266 8267 8268 8269 8270 8271 8272 8273 8274 8275 8276 8277 8278 8279
          8280 8281 8282 8283 8284 8285 8286 8287 8288 8289 8290 8291 8292 8293 8294 8295 8296 8297
          8298 8299 8300 8301 8302 8303 8304 8305 8306 8307 8308 8309 8310 8311 8312 8313 8314 8315
          8316 8317 8318 8319 8320 8321 8322 8323 8324 8325 8326 8327 8328 8329 8330 8331 8332 8333
          8334 8335 8336 8337 8338 8339 8340 8341 8342 8343 8344 8345 8346 8347 8348 8349 8350 8351
          8352 8353 8354 8355 8356 8357 8358 8359 8360 8361 8362 8363 8364 8365 8366 8367 8368 8369
          8370 8371 8372 8373 8374 8375 8376 8377 8378 8379 8380 8381 8382 8383 8384 8385 8386 8387
          8388 8389 8390 8391 8392 8393 8394 8395 8396 8397 8398 8399 8400 8401 8402 8403 8404 8405
          8406 8407 8408 8409 8410 8411 8412 8413 8414 8415 8416 8417 8418 8419 8420 8421 8422 8423
          8424 8425 8426 8427 8428 8429 8430 8431 8432 8433 8434 8435 8436 8437 8438 8439 8440 8441
          8442 8443 8444 8445 8446 8447 8448 8449 8450 8451 8452 8453 8454 8455 8456 8457 8458 8459
          8460 8461 8462 8463 8464 8465 8466 8467 8468 8469 8470 8471 8472 8473 8474 8475 8476 8477
          8478 8479 8480 8481 8482 8483 8484 8485 8486 8487 8488 8489 8490 8491 8492 8493 8494 8495
          8496 8497 8498 8499 8500 8501 8502 8503 8504 8505 8506 8507 8508 8509 8510 8511 8512 8513
          8514 8515 8516 8517 8518 8519 8520 8521 8522 8523 8524 8525 8526 8527 8528 8529 8530 8531
          8532 8533 8534 8535 8536 8537 8538 8539 8540 8541 8542 8543 8544 8545 8546 8547 8548 8549
          8550 8551 8552 8553 8554 8555 8556 8557 8558 8559 8560 8561
        </DataArray>
        <DataArray type="Int32" Name="offsets" format="ascii">
          3 6 9 12 15 18 21 24 27 30 33 36 39 42 45 48 51 54
          57 60 63 66 69 72 75 78 81 84 87 90 93 96 99 102 105 108
          111 114 117 120 123 126 129 132 135 138 141 144 147 150 153 156 159 162
          165 168 171 174 177 180 183 186 189 192 195 198 201 204 207 210 213 216
          219 222 225 228 231 234 237 240 243 246 249 252 255 258 261 264 267 270
          273 276 279 282 285 288 291 294 297 300 303 306 309 312 315 318 321 324
          327 330 333 336 339 342 345 348 351 354 357 360 363 366 369 372 375 378
          381 384 387 390 393 396 399 402 405 408 411 414 417 420 423 426 429 432
          435 438 441 444 447 450 453 456 459 462 465 468 471 474 477 480 483 486
          489 492 495 498 501 504 507 510 513 516 519 522 525 528 531 534 537 540
          543 546 549 552 555 558 561 564 567 570 573 576 579 582 585 588 591 594
          597 600 603 606 609 612 615 618 621 624 627 630 633 636 639 642 645 648
          651 654 657 660 663 666 669 672 675 678 681 684 687 690 693 696 699 702
          705 708 711 714 717 720 723 726 729 732 735 738 741 744 747 750 753 756
          759 762 765 768 771 774 777 780 783 786 789 792 795 798 801 804 807 810
          813 816 819 822 825 828 831 834 837 840 843 846 849 852 855 858 861 864
          867 870 873 876 879 882 885 888 891 894 897 900 903 906 909 912 915 918
          921 924 927 930 933 936 939 942 945 948 951 954 957 960 963 966 969 972
          975 978 981 984 987 990 993 996 999 1002 1005 1008 1011 1014 1017 1020 1023 1026
          1029 1032 1035 1038 1041 1044 1047 1050 1053 1056 1059 1062 1065 1068 1071 1074 1077 1080
          1083 1086 1089 1092 1095 1098 1101 1104 1107 1110 1113 1116 1119 1122 1125 1128 1131 1134
          1137 1140 1143 1146 1149 1152 1155 1158 1161 1164 1167 1170 1173 1176 1179 1182 1185 1188
          1191 1194 1197 1200 1203 1206 1209 1212 1215 1218 1221 1224 1227 1230 1233 1236 1239 1242
          1245 1248 1251 1254 1257 1260 1263 1266 1269 1272 1275 1278 1281 1284 1287 1290 1293 1296
          1299 1302 1305 1308 1311 1314 1317 1320 1323 1326 1329 1332 1335 1338 1341 1344 1347 1350
          1353 1356 1359 1362 1365 1368 1371 1374 1377 1380 1383 1386 1389 1392 1395 1398 1401 1404
          1407 1410 1413 1416 1419 1422 1425 1428 1431 1434 1437 1440 1443 1446 1449 1452 1455 1458
          1461 1464 1467 1470 1473 1476 1479 1482 1485 1488 1491 1494 1497 1500 1503 1506 1509 1512
          1515 1518 1521 1524 1527 1530 1533 1536 1539 1542 1545 1548 1551 1554 1557 1560 1563 1566
          1569 1572 1575 1578 1581 1584 1587 1590 1593 1596 1599 1602 1605 1608 1611 1614 1617 1620
          1623 1626 1629 1632 1635 1638 1641 1644 1647 1650 1653 1656 1659 1662 1665 1668 1671 1674
          1677 1680 1683 1686 1689 1692 1695 1698 1701 1704 1707 1710 1713 1716 1719 1722 1725 1728
          1731 1734 1737 1740 1743 1746 1749 1752 1755 1758 1761 1764 1767 1770 1773 1776 1779 1782
          1785 1788 1791 1794 1797 1800 1803 1806 1809 1812 1815 1818 1821 1824 1827 1830 1833 1836
          1839 1842 1845 1848 1851 1854 1857 1860 1863 1866 1869 1872 1875 1878 1881 1884 1887 1890
          1893 1896 1899 1902 1905 1908 1911 1914 1917 1920 1923 1926 1929 1932 1935 1938 1941 1944
          1947 1950 1953 1956 1959 1962 1965 1968 1971 1974 1977 1980 1983 1986 1989 1992 1995 1998
          2001 2004 2007 2010 2013 2016 2019 2022 2025 2028 2031 2034 2037 2040 2043 2046 2049 2052
          2055 2058 2061 2064 2067 2070 2073 2076 2079 2082 2085 2088 2091 2094 2097 2100 2103 2106
          2109 2112 2115 2118 2121 2124 2127 2130 2133 2136 2139 2142 2145 2148 2151 2154 2157 2160
          2163 2166 2169 2172 2175 2178 2181 2184 2187 2190 2193 2196 2199 2202 2205 2208 2211 2214
          2217 2220 2223 2226 2229 2232 2235 2238 2241 2244 2247 2250 2253 2256 2259 2262 2265 2268
          2271 2274 2277 2280 2283 2286 2289 2292 2295 2298 2301 2304 2307 2310 2313 2316 2319 2322
          2325 2328 2331 2334 2337 2340 2343 2346 2349 2352 2355 2358 2361 2364 2367 2370 2373 2376
          2379 2382 2385 2388 2391 2394 2397 2400 2403 2406 2409 2412 2415 2418 2421 2424 2427 2430
          2433 2436 2439 2442 2445 2448 2451 2454 2457 2460 2463 2466 2469 2472 2475 2478 2481 2484
          2487 2490 2493 2496 2499 2502 2505 2508 2511 2514 2517 2520 2523 2526 2529 2532 2535 2538
          2541 2544 2547 2550 2553 2556 2559 2562 2565 2568 2571 2574 2577 2580 2583 2586 2589 2592
          2595 2598 2601 2604 2607 2610 2613 2616 2619 2622 2625 2628 2631 2634 2637 2640 2643 2646
          2649 2652 2655 2658 2661 2664 2667 2670 2673 2676 2679 2682 2685 2688 2691 2694 2697 2700
          2703 2706 2709 2712 2715 2718 2721 2724 2727 2730 2733 2736 2739 2742 2745 2748 2751 2754
          2757 2760 2763 2766 2769 2772 2775 2778 2781 2784 2787 2790 2793 2796 2799 2802 2805 2808
          2811 2814 2817 2820 2823 2826 2829 2832 2835 2838 2841 2844 2847 2850 2853 2856 2859 2862
          2865 2868 2871 2874 2877 2880 2883 2886 2889 2892 2895 2898 2901 2904 2907 2910 2913 2916
          2919 2922 2925 2928 2931 2934 2937 2940 2943 2946 2949 2952 2955 2958 2961 2964 2967 2970
          2973 2976 2979 2982 2985 2988 2991 2994 2997 3000 3003 3006 3009 3012 3015 3018 3021 3024
          3027 3030 3033 3036 3039 3042 3045 3048 3051 3054 3057 3060 3063 3066 3069 3072 3075 3078
          3081 3084 3087 3090 3093 3096 3099 3102 3105 3108 3111 3114 3117 3120 3123 3126 3129 3132
          3135 3138 3141 3144 3147 3150 3153 3156 3159 3162 3165 3168 3171 3174 3177 3180 3183 3186
          3189 3192 3195 3198 3201 3204 3207 3210 3213 3216 3219 3222 3225 3228 3231 3234 3237 3240
          3243 3246 3249 3252 3255 3258 3261 3264 3267 3270 3273 3276 3279 3282 3285 3288 3291 3294
          3297 3300 3303 3306 3309 3312 3315 3318 3321 3324 3327 3330 3333 3336 3339 3342 3345 3348
          3351 3354 3357 3360 3363 3366 3369 3372 3375 3378 3381 3384 3387 3390 3393 3396 3399 3402
          3405 3408 3411 3414 3417 3420 3423 3426 3429 3432 3435 3438 3441 3444 3447 3450 3453 3456
          3459 3462 3465 3468 3471 3474 3477 3480 3483 3486 3489 3492 3495 3498 3501 3504 3507 3510
          3513 3516 3519 3522 3525 3528 3531 3534 3537 3540 3543 3546 3549 3552 3555 3558 3561 3564
          3567 3570 3573 3576 3579 3582 3585 3588 3591 3594 3597 3600 3603 3606 3609 3612 3615 3618
          3621 3624 3627 3630 3633 3636 3639 3642 3645 3648 3651 3654 3657 3660 3663 3666 3669 3672
          3675 3678 3681 3684 3687 3690 3693 3696 3699 3702 3705 3708 3711 3714 3717 3720 3723 3726
          3729 3732 3735 3738 3741 3744 3747 3750 3753 3756 3759 3762 3765 3768 3771 3774 3777 3780
          3783 3786 3789 3792 3795 3798 3801 3804 3807 3810 3813 3816 3819 3822 3825 3828 3831 3834
          3837 3840 3843 3846 3849 3852 3855 3858 3861 3864 3867 3870 3873 3876 3879 3882 3885 3888
          3891 3894 3897 3900 3903 3906 3909 3912 3915 3918 3921 3924 3927 3930 3933 3936 3939 3942
          3945 3948 3951 3954 3957 3960 3963 3966 3969 3972 3975 3978 3981 3984 3987 3990 3993 3996
          3999 4002 4005 4008 4011 4014 4017 4020 4023 4026 4029 4032 4035 4038 4041 4044 4047 4050
          4053 4056 4059 4062 4065 4068 4071 4074 4077 4080 4083 4086 4089 4092 4095 4098 4101 4104
          4107 4110 4113 4116 4119 4122 4125 4128 4131 4134 4137 4140 4143 4146 4149 4152 4155 4158
          4161 4164 4167 4170 4173 4176 4179 4182 4185 4188 4191 4194 4197 4200 4203 4206 4209 4212
          4215 4218 4221 4224 4227 4230 4233 4236 4239 4242 4245 4248 4251 4254 4257 4260 4263 4266
          4269 4272 4275 4278 4281 4284 4287 4290 4293 4296 4299 4302 4305 4308 4311 4314 4317 4320
          4323 4326 4329 4332 4335 4338 4341 4344 4347 4350 4353 4356 4359 4362 4365 4368 4371 4374
          4377 4380 4383 4386 4389 4392 4395 4398 4401 4404 4407 4410 4413 4416 4419 4422 4425 4428
          4431 4434 4437 4440 4443 4446 4449 4452 4455 4458 4461 4464 4467 4470 4473 4476 4479 4482
          4485 4488 4491 4494 4497 4500 4503 4506 4509 4512 4515 4518 4521 4524 4527 4530 4533 4536
          4539 4542 4545 4548 4551 4554 4557 4560 4563 4566 4569 4572 4575 4578 4581 4584 4587 4590
          4593 4596 4599 4602 4605 4608 4611 4614 4617 4620 4623 4626 4629 4632 4635 4638 4641 4644
          4647 4650 4653 4656 4659 4662 4665 4668 4671 4674 4677 4680 4683 4686 4689 4692 4695 4698
          4701 4704 4707 4710 4713 4716 4719 4722 4725 4728 4731 4734 4737 4740 4743 4746 4749 4752
          4755 4758 4761 4764 4767 4770 4773 4776 4779 4782 4785 4788 4791 4794 4797 4800 4803 4806
          4809 4812 4815 4818 4821 4824 4827 4830 4833 4836 4839 4842 4845 4848 4851 4854 4857 4860
          4863 4866 4869 4872 4875 4878 4881 4884 4887 4890 4893 4896 4899 4902 4905 4908 4911 4914
          4917 4920 4923 4926 4929 4932 4935 4938 4941 4944 4947 4950 4953 4956 4959 4962 4965 4968
          4971 4974 4977 4980 4983 4986 4989 4992 4995 4998 5001 5004 5007 5010 5013 5016 5019 5022
          5025 5028 5031 5034 5037 5040 5043 5046 5049 5052 5055 5058 5061 5064 5067 5070 5073 5076
          5079 5082 5085 5088 5091 5094 5097 5100 5103 5106 5109 5112 5115 5118 5121 5124 5127 5130
          5133 5136 5139 5142 5145 5148 5151 5154 5157 5160 5163 5166 5169 5172 5175 5178 5181 5184
          5187 5190 5193 5196 5199 5202 5205 5208 5211 5214 5217 5220 5223 5226 5229 5232 5235 5238
          5241 5244 5247 5250 5253 5256 5259 5262 5265 5268 5271 5274 5277 5280 5283 5286 5289 5292
          5295 5298 5301 5304 5307 5310 5313 5316 5319 5322 5325 5328 5331 5334 5337 5340 5343 5346
          5349 5352 5355 5358 5361 5364 5367 5370 5373 5376 5379 5382 5385 5388 5391 5394 5397 5400
          5403 5406 5409 5412 5415 5418 5421 5424 5427 5430 5433 5436 5439 5442 5445 5448 5451 5454
          5457 5460 5463 5466 5469 5472 5475 5478 5481 5484 5487 5490 5493 5496 5499 5502 5505 5508
          5511 5514 5517 5520 5523 5526 5529 5532 5535 5538 5541 5544 5547 5550 5553 5556 5559 5562
          5565 5568 5571 5574 5577 5580 5583 5586 5589 5592 5595 5598 5601 5604 5607 5610 5613 5616
          5619 5622 5625 5628 5631 5634 5637 5640 5643 5646 5649 5652 5655 5658 5661 5664 5667 5670
          5673 5676 5679 5682 5685 5688 5691 5694 5697 5700 5703 5706 5709 5712 5715 5718 5721 5724
          5727 5730 5733 5736 5739 5742 5745 5748 5751 5754 5757 5760 5763 5766 5769 5772 5775 5778
          5781 5784 5787 5790 5793 5796 5799 5802 5805 5808 5811 5814 5817 5820 5823 5826 5829 5832
          5835 5838 5841 5844 5847 5850 5853 5856 5859 5862 5865 5868 5871 5874 5877 5880 5883 5886
          5889 5892 5895 5898 5901 5904 5907 5910 5913 5916 5919 5922 5925 5928 5931 5934 5937 5940
          5943 5946 5949 5952 5955 5958 5961 5964 5967 5970 5973 5976 5979 5982 5985 5988 5991 5994
          5997 6000 6003 6006 6009 6012 6015 6018 6021 6024 6027 6030 6033 6036 6039 6042 6045 6048
          6051 6054 6057 6060 6063 6066 6069 6072 6075 6078 6081 6084 6087 6090 6093 6096 6099 6102
          6105 6108 6111 6114 6117 6120 6123 6126 6129 6132 6135 6138 6141 6144 6147 6150 6153 6156
          6159 6162 6165 6168 6171 6174 6177 6180 6183 6186 6189 6192 6195 6198 6201 6204 6207 6210
          6213 6216 6219 6222 6225 6228 6231 6234 6237 6240 6243 6246 6249 6252 6255 6258 6261 6264
          6267 6270 6273 6276 6279 6282 6285 6288 6291 6294 6297 6300 6303 6306 6309 6312 6315 6318
          6321 6324 6327 6330 6333 6336 6339 6342 6345 6348 6351 6354 6357 6360 6363 6366 6369 6372
          6375 6378 6381 6384 6387 6390 6393 6396 6399 6402 6405 6408 6411 6414 6417 6420 6423 6426
          6429 6432 6435 6438 6441 6444 6447 6450 6453 6456 6459 6462 6465 6468 6471 6474 6477 6480
          6483 6486 6489 6492 6495 6498 6501 6504 6507 6510 6513 6516 6519 6522 6525 6528 6531 6534
          6537 6540 6543 6546 6549 6552 6555 6558 6561 6564 6567 6570 6573 6576 6579 6582 6585 6588
          6591 6594 6597 6600 6603 6606 6609 6612 6615 6618 6621 6624 6627 6630 6633 6636 6639 6642
          6645 6648 6651 6654 6657 6660 6663 6666 6669 6672 6675 6678 6681 6684 6687 6690 6693 6696
          6699 6702 6705 6708 6711 6714 6717 6720 6723 6726 6729 6732 6735 6738 6741 6744 6747 6750
          6753 6756 6759 6762 6765 6768 6771 6774 6777 6780 6783 6786 6789 6792 6795 6798 6801 6804
          6807 6810 6813 6816 6819 6822 6825 6828 6831 6834 6837 6840 6843 6846 6849 6852 6855 6858
          6861 6864 6867 6870 6873 6876 6879 6882 6885 6888 6891 6894 6897 6900 6903 6906 6909 6912
          6915 6918 6921 6924 6927 6930 6933 6936 6939 6942 6945 6948 6951 6954 6957 6960 6963 6966
          6969 6972 6975 6978 6981 6984 6987 6990 6993 6996 6999 7002 7005 7008 7011 7014 7017 7020
          7023 7026 7029 7032 7035 7038 7041 7044 7047 7050 7053 7056 7059 7062 7065 7068 7071 7074
          7077 7080 7083 7086 7089 7092 7095 7098 7101 7104 7107 7110 7113 7116 7119 7122 7125 7128
          7131 7134 7137 7140 7143 7146 7149 7152 7155 7158 7161 7164 7167 7170 7173 7176 7179 7182
          7185 7188 7191 7194 7197 7200 7203 7206 7209 7212 7215 7218 7221 7224 7227 7230 7233 7236
          7239 7242 7245 7248 7251 7254 7257 7260 7263 7266 7269 7272 7275 7278 7281 7284 7287 7290
          7293 7296 7299 7302 7305 7308 7311 7314 7317 7320 7323 7326 7329 7332 7335 7338 7341 7344
          7347 7350 7353 7356 7359 7362 7365 7368 7371 7374 7377 7380 7383 7386 7389 7392 7395 7398
          7401 7404 7407 7410 7413 7416 7419 7422 7425 7428 7431 7434 7437 7440 7443 7446 7449 7452
          7455 7458 7461 7464 7467 7470 7473 7476 7479 7482 7485 7488 7491 7494 7497 7500 7503 7506
          7509 7512 7515 7518 7521 7524 7527 7530 7533 7536 7539 7542 7545 7548 7551 7554 7557 7560
          7563 7566 7569 7572 7575 7578 7581 7584 7587 7590 7593 7596 7599 7602 7605 7608 7611 7614
          7617 7620 7623 7626 7629 7632 7635 7638 7641 7644 7647 7650 7653 7656 7659 7662 7665 7668
          7671 7674 7677 7680 7683 7686 7689 7692 7695 7698 7701 7704 7707 7710 7713 7716 7719 7722
          7725 7728 7731 7734 7737 7740 7743 7746 7749 7752 7755 7758 7761 7764 7767 7770 7773 7776
          7779 7782 7785 7788 7791 7794 7797 7800 7803 7806 7809 7812 7815 7818 7821 7824 7827 7830
          7833 7836 7839 7842 7845 7848 7851 7854 7857 7860 7863 7866 7869 7872 7875 7878 7881 7884
          7887 7890 7893 7896 7899 7902 7905 7908 7911 7914 7917 7920 7923 7926 7929 7932 7935 7938
          7941 7944 7947 7950 7953 7956 7959 7962 7965 7968 7971 7974 7977 7980 7983 7986 7989 7992
          7995 7998 8001 8004 8007 8010 8013 8016 8019 8022 8025 8028 8031 8034 8037 8040 8043 8046
          8049 8052 8055 8058 8061 8064 8067 8070 8073 8076 8079 8082 8085 8088 8091 8094 8097 8100
          8103 8106 8109 8112 8115 8118 8121 8124 8127 8130 8133 8136 8139 8142 8145 8148 8151 8154
          8157 8160 8163 8166 8169 8172 8175 8178 8181 8184 8187 8190 8193 8196 8199 8202 8205 8208
          8211 8214 8217 8220 8223 8226 8229 8232 8235 8238 8241 8244 8247 8250 8253 8256 8259 8262
          8265 8268 8271 8274 8277 8280 8283 8286 8289 8292 8295 8298 8301 8304 8307 8310 8313 8316
          8319 8322 8325 8328 8331 8334 8337 8340 8343 8346 8349 8352 8355 8358 8361 8364 8367 8370
          8373 8376 8379 8382 8385 8388 8391 8394 8397 8400 8403 8406 8409 8412 8415 8418 8421 8424
          8427 8430 8433 8436 8439 8442 8445 8448 8451 8454 8457 8460 8463 8466 8469 8472 8475 8478
          8481 8484 8487 8490 8493 8496 8499 8502 8505 8508 8511 8514 8517 8520 8523 8526 8529 8532
          8535 8538 8541 8544 8547 8550 8553 8556 8559 8562
        </DataArray>
      </Polys>
    </Piece>
  </PolyData>
</VTKFile>
