<?xml version="1.0"?>
<VTKFile type="PolyData" version="0.1" byte_order="LittleEndian">
  <PolyData>
    <Piece NumberOfPoints="6336" NumberOfPolys="2112">
      <PointData/>
      <CellData Scalars="pressureCoeff" Vectors="U">
        <DataArray type="Float32" Name="pPa" format="ascii">
          0 0 0 0 0 0 0 0 0
          0 0 0 0 0 0 0 0 0
          0 0 0 0 0 0 0 0 0
          0 0 0 0 0 0 0 0 0
          0 0 0 0 0 0 0 0 0
          0 0 0 0 0 0 0 0 0
          0 0 0 0 0 0 0 0 0
          0 0 0 0 0 0 0 0 0
          0 0 0 0 0 0 0 0 0
          0 0 0 0 0 0 0 0 0
          0 0 0 0 0 0 0 0 0
          0 0 0 0 0 0 0 0 0
          0 0 0 0 0 0 0 0 0
          0 0 0 0 0 0 0 0 0
          0 0 0 0 0 0 0 0 0
          0 0 0 0 0 0 0 0 0
          0 0 0 0 0 0 0 0 0
          0 0 0 0 0 0 0 0 0
          0 0 0 0 0 0 0 0 0
          0 0 0 0 0 0 0 0 0
          0 0 0 0 0 0 0 0 0
          0 0 0 0 0 0 0 0 0
          0 0 0 0 0 0 0 0 0
          0 0 0 0 0 0 0 0 0
          0 0 0 0 0 0 0 0 0
          0 0 0 0 0 0 0 0 0
          0 0 0 0 0 0 0 0 0
          0 0 0 0 0 0 0 0 0
          0 0 0 0 0 0 0 0 0
          0 0 0 0 0 0 0 0 0
          0 0 0 0 0 0 0 0 0
          0 0 0 0 0 0 0 0 0
          0 0 0 0 0 0 0 0 0
          0 0 0 0 0 0 0 0 0
          0 0 0 0 0 0 0 0 0
          0 0 0 0 0 0 0 0 0
          0 0 0 0 0 0 0 0 0
          0 0 0 0 0 0 0 0 0
          0 0 0 0 0 0 0 0 0
          0 0 0 0 0 0 0 0 0
          0 0 0 0 0 0 0 0 0
          0 0 0 0 0 0 0 0 0
          0 0 0 0 0 0 0 0 0
          0 0 0 0 0 0 0 0 0
          0 0 0 0 0 0 0 0 0
          0 0 0 0 0 0 0 0 0
          0 0 0 0 0 0 0 0 0
          0 0 0 0 0 0 0 0 0
          0 0 0 0 0 0 0 0 0
          0 0 0 0 0 0 0 0 0
          0 0 0 0 0 0 0 0 0
          0 0 0 0 0 0 0 0 0
          0 0 0 0 0 0 0 0 0
          0 0 0 0 0 0 0 0 0
          0 0 0 0 0 0 0 0 0
          0 0 0 0 0 0 0 0 0
          0 0 0 0 0 0 0 0 0
          0 0 0 0 0 0 0 0 0
          0 0 0 0 0 0 0 0 0
          0 0 0 0 0 0 0 0 0
          0 0 0 0 0 0 0 0 0
          0 0 0 0 0 0 0 0 0
          0 0 0 0 0 0 0 0 0
          0 0 0 0 0 0 0 0 0
          0 0 0 0 0 0 0 0 0
          0 0 0 0 0 0 0 0 0
          0 0 0 0 0 0 0 0 0
          0 0 0 0 0 0 0 0 0
          0 0 0 0 0 0 0 0 0
          0 0 0 0 0 0 0 0 0
          0 0 0 0 0 0 0 0 0
          0 0 0 0 0 0 0 0 0
          0 0 0 0 0 0 0 0 0
          0 0 0 0 0 0 0 0 0
          0 0 0 0 0 0 0 0 0
          0 0 0 0 0 0 0 0 0
          0 0 0 0 0 0 0 0 0
          0 0 0 0 0 0 0 0 0
          0 0 0 0 0 0 0 0 0
          0 0 0 0 0 0 0 0 0
          0 0 0 0 0 0 0 0 0
          0 0 0 0 0 0 0 0 0
          0 0 0 0 0 0 0 0 0
          0 0 0 0 0 0 0 0 0
          0 0 0 0 0 0 0 0 0
          0 0 0 0 0 0 0 0 0
          0 0 0 0 0 0 0 0 0
          0 0 0 0 0 0 0 0 0
          0 0 0 0 0 0 0 0 0
          0 0 0 0 0 0 0 0 0
          0 0 0 0 0 0 0 0 0
          0 0 0 0 0 0 0 0 0
          0 0 0 0 0 0 0 0 0
          0 0 0 0 0 0 0 0 0
          0 0 0 0 0 0 0 0 0
          0 0 0 0 0 0 0 0 0
          0 0 0 0 0 0 0 0 0
          0 0 0 0 0 0 0 0 0
          0 0 0 0 0 0 0 0 0
          0 0 0 0 0 0 0 0 0
          0 0 0 0 0 0 0 0 0
          0 0 0 0 0 0 0 0 0
          0 0 0 0 0 0 0 0 0
          0 0 0 0 0 0 0 0 0
          0 0 0 0 0 0 0 0 0
          0 0 0 0 0 0 0 0 0
          0 0 0 0 0 0 0 0 0
          0 0 0 0 0 0 0 0 0
          0 0 0 0 0 0 0 0 0
          0 0 0 0 0 0 0 0 0
          0 0 0 0 0 0 0 0 0
          0 0 0 0 0 0 0 0 0
          0 0 0 0 0 0 0 0 0
          0 0 0 0 0 0 0 0 0
          0 0 0 0 0 0 0 0 0
          0 0 0 0 0 0 0 0 0
          0 0 0 0 0 0 0 0 0
          0 0 0 0 0 0 0 0 0
          0 0 0 0 0 0 0 0 0
          0 0 0 0 0 0 0 0 0
          0 0 0 0 0 0 0 0 0
          0 0 0 0 0 0 0 0 0
          0 0 0 0 0 0 0 0 0
          0 0 0 0 0 0 0 0 0
          0 0 0 0 0 0 0 0 0
          0 0 0 0 0 0 0 0 0
          0 0 0 0 0 0 0 0 0
          0 0 0 0 0 0 0 0 0
          0 0 0 0 0 0 0 0 0
          0 0 0 0 0 0 0 0 0
          0 0 0 0 0 0 0 0 0
          0 0 0 0 0 0 0 0 0
          0 0 0 0 0 0 0 0 0
          0 0 0 0 0 0 0 0 0
          0 0 0 0 0 0 0 0 0
          0 0 0 0 0 0 0 0 0
          0 0 0 0 0 0 0 0 0
          0 0 0 0 0 0 0 0 0
          0 0 0 0 0 0 0 0 0
          0 0 0 0 0 0 0 0 0
          0 0 0 0 0 0 0 0 0
          0 0 0 0 0 0 0 0 0
          0 0 0 0 0 0 0 0 0
          0 0 0 0 0 0 0 0 0
          0 0 0 0 0 0 0 0 0
          0 0 0 0 0 0 0 0 0
          0 0 0 0 0 0 0 0 0
          0 0 0 0 0 0 0 0 0
          0 0 0 0 0 0 0 0 0
          0 0 0 0 0 0 0 0 0
          0 0 0 0 0 0 0 0 0
          0 0 0 0 0 0 0 0 0
          0 0 0 0 0 0 0 0 0
          0 0 0 0 0 0 0 0 0
          0 0 0 0 0 0 0 0 0
          0 0 0 0 0 0 0 0 0
          0 0 0 0 0 0 0 0 0
          0 0 0 0 0 0 0 0 0
          0 0 0 0 0 0 0 0 0
          0 0 0 0 0 0 0 0 0
          0 0 0 0 0 0 0 0 0
          0 0 0 0 0 0 0 0 0
          0 0 0 0 0 0 0 0 0
          0 0 0 0 0 0 0 0 0
          0 0 0 0 0 0 0 0 0
          0 0 0 0 0 0 0 0 0
          0 0 0 0 0 0 0 0 0
          0 0 0 0 0 0 0 0 0
          0 0 0 0 0 0 0 0 0
          0 0 0 0 0 0 0 0 0
          0 0 0 0 0 0 0 0 0
          0 0 0 0 0 0 0 0 0
          0 0 0 0 0 0 0 0 0
          0 0 0 0 0 0 0 0 0
          0 0 0 0 0 0 0 0 0
          0 0 0 0 0 0 0 0 0
          0 0 0 0 0 0 0 0 0
          0 0 0 0 0 0 0 0 0
          0 0 0 0 0 0 0 0 0
          0 0 0 0 0 0 0 0 0
          0 0 0 0 0 0 0 0 0
          0 0 0 0 0 0 0 0 0
          0 0 0 0 0 0 0 0 0
          0 0 0 0 0 0 0 0 0
          0 0 0 0 0 0 0 0 0
          0 0 0 0 0 0 0 0 0
          0 0 0 0 0 0 0 0 0
          0 0 0 0 0 0 0 0 0
          0 0 0 0 0 0 0 0 0
          0 0 0 0 0 0 0 0 0
          0 0 0 0 0 0 0 0 0
          0 0 0 0 0 0 0 0 0
          0 0 0 0 0 0 0 0 0
          0 0 0 0 0 0 0 0 0
          0 0 0 0 0 0 0 0 0
          0 0 0 0 0 0 0 0 0
          0 0 0 0 0 0 0 0 0
          0 0 0 0 0 0 0 0 0
          0 0 0 0 0 0 0 0 0
          0 0 0 0 0 0 0 0 0
          0 0 0 0 0 0 0 0 0
          0 0 0 0 0 0 0 0 0
          0 0 0 0 0 0 0 0 0
          0 0 0 0 0 0 0 0 0
          0 0 0 0 0 0 0 0 0
          0 0 0 0 0 0 0 0 0
          0 0 0 0 0 0 0 0 0
          0 0 0 0 0 0 0 0 0
          0 0 0 0 0 0 0 0 0
          0 0 0 0 0 0 0 0 0
          0 0 0 0 0 0 0 0 0
          0 0 0 0 0 0 0 0 0
          0 0 0 0 0 0 0 0 0
          0 0 0 0 0 0 0 0 0
          0 0 0 0 0 0 0 0 0
          0 0 0 0 0 0 0 0 0
          0 0 0 0 0 0 0 0 0
          0 0 0 0 0 0 0 0 0
          0 0 0 0 0 0 0 0 0
          0 0 0 0 0 0 0 0 0
          0 0 0 0 0 0 0 0 0
          0 0 0 0 0 0 0 0 0
          0 0 0 0 0 0 0 0 0
          0 0 0 0 0 0 0 0 0
          0 0 0 0 0 0 0 0 0
          0 0 0 0 0 0 0 0 0
          0 0 0 0 0 0 0 0 0
          0 0 0 0 0 0 0 0 0
          0 0 0 0 0 0 0 0 0
          0 0 0 0 0 0 0 0 0
          0 0 0 0 0 0 0 0 0
          0 0 0 0 0 0 0 0 0
          0 0 0 0 0 0 0 0 0
          0 0 0 0 0 0 0 0 0
          0 0 0 0 0 0
        </DataArray>
        <DataArray type="Float32" Name="U_mag" format="ascii">
          0 0 0 0 0 0 0 0 0
          0 0 0 0 0 0 0 0 0
          0 0 0 0 0 0 0 0 0
          0 0 0 0 0 0 0 0 0
          0 0 0 0 0 0 0 0 0
          0 0 0 0 0 0 0 0 0
          0 0 0 0 0 0 0 0 0
          0 0 0 0 0 0 0 0 0
          0 0 0 0 0 0 0 0 0
          0 0 0 0 0 0 0 0 0
          0 0 0 0 0 0 0 0 0
          0 0 0 0 0 0 0 0 0
          0 0 0 0 0 0 0 0 0
          0 0 0 0 0 0 0 0 0
          0 0 0 0 0 0 0 0 0
          0 0 0 0 0 0 0 0 0
          0 0 0 0 0 0 0 0 0
          0 0 0 0 0 0 0 0 0
          0 0 0 0 0 0 0 0 0
          0 0 0 0 0 0 0 0 0
          0 0 0 0 0 0 0 0 0
          0 0 0 0 0 0 0 0 0
          0 0 0 0 0 0 0 0 0
          0 0 0 0 0 0 0 0 0
          0 0 0 0 0 0 0 0 0
          0 0 0 0 0 0 0 0 0
          0 0 0 0 0 0 0 0 0
          0 0 0 0 0 0 0 0 0
          0 0 0 0 0 0 0 0 0
          0 0 0 0 0 0 0 0 0
          0 0 0 0 0 0 0 0 0
          0 0 0 0 0 0 0 0 0
          0 0 0 0 0 0 0 0 0
          0 0 0 0 0 0 0 0 0
          0 0 0 0 0 0 0 0 0
          0 0 0 0 0 0 0 0 0
          0 0 0 0 0 0 0 0 0
          0 0 0 0 0 0 0 0 0
          0 0 0 0 0 0 0 0 0
          0 0 0 0 0 0 0 0 0
          0 0 0 0 0 0 0 0 0
          0 0 0 0 0 0 0 0 0
          0 0 0 0 0 0 0 0 0
          0 0 0 0 0 0 0 0 0
          0 0 0 0 0 0 0 0 0
          0 0 0 0 0 0 0 0 0
          0 0 0 0 0 0 0 0 0
          0 0 0 0 0 0 0 0 0
          0 0 0 0 0 0 0 0 0
          0 0 0 0 0 0 0 0 0
          0 0 0 0 0 0 0 0 0
          0 0 0 0 0 0 0 0 0
          0 0 0 0 0 0 0 0 0
          0 0 0 0 0 0 0 0 0
          0 0 0 0 0 0 0 0 0
          0 0 0 0 0 0 0 0 0
          0 0 0 0 0 0 0 0 0
          0 0 0 0 0 0 0 0 0
          0 0 0 0 0 0 0 0 0
          0 0 0 0 0 0 0 0 0
          0 0 0 0 0 0 0 0 0
          0 0 0 0 0 0 0 0 0
          0 0 0 0 0 0 0 0 0
          0 0 0 0 0 0 0 0 0
          0 0 0 0 0 0 0 0 0
          0 0 0 0 0 0 0 0 0
          0 0 0 0 0 0 0 0 0
          0 0 0 0 0 0 0 0 0
          0 0 0 0 0 0 0 0 0
          0 0 0 0 0 0 0 0 0
          0 0 0 0 0 0 0 0 0
          0 0 0 0 0 0 0 0 0
          0 0 0 0 0 0 0 0 0
          0 0 0 0 0 0 0 0 0
          0 0 0 0 0 0 0 0 0
          0 0 0 0 0 0 0 0 0
          0 0 0 0 0 0 0 0 0
          0 0 0 0 0 0 0 0 0
          0 0 0 0 0 0 0 0 0
          0 0 0 0 0 0 0 0 0
          0 0 0 0 0 0 0 0 0
          0 0 0 0 0 0 0 0 0
          0 0 0 0 0 0 0 0 0
          0 0 0 0 0 0 0 0 0
          0 0 0 0 0 0 0 0 0
          0 0 0 0 0 0 0 0 0
          0 0 0 0 0 0 0 0 0
          0 0 0 0 0 0 0 0 0
          0 0 0 0 0 0 0 0 0
          0 0 0 0 0 0 0 0 0
          0 0 0 0 0 0 0 0 0
          0 0 0 0 0 0 0 0 0
          0 0 0 0 0 0 0 0 0
          0 0 0 0 0 0 0 0 0
          0 0 0 0 0 0 0 0 0
          0 0 0 0 0 0 0 0 0
          0 0 0 0 0 0 0 0 0
          0 0 0 0 0 0 0 0 0
          0 0 0 0 0 0 0 0 0
          0 0 0 0 0 0 0 0 0
          0 0 0 0 0 0 0 0 0
          0 0 0 0 0 0 0 0 0
          0 0 0 0 0 0 0 0 0
          0 0 0 0 0 0 0 0 0
          0 0 0 0 0 0 0 0 0
          0 0 0 0 0 0 0 0 0
          0 0 0 0 0 0 0 0 0
          0 0 0 0 0 0 0 0 0
          0 0 0 0 0 0 0 0 0
          0 0 0 0 0 0 0 0 0
          0 0 0 0 0 0 0 0 0
          0 0 0 0 0 0 0 0 0
          0 0 0 0 0 0 0 0 0
          0 0 0 0 0 0 0 0 0
          0 0 0 0 0 0 0 0 0
          0 0 0 0 0 0 0 0 0
          0 0 0 0 0 0 0 0 0
          0 0 0 0 0 0 0 0 0
          0 0 0 0 0 0 0 0 0
          0 0 0 0 0 0 0 0 0
          0 0 0 0 0 0 0 0 0
          0 0 0 0 0 0 0 0 0
          0 0 0 0 0 0 0 0 0
          0 0 0 0 0 0 0 0 0
          0 0 0 0 0 0 0 0 0
          0 0 0 0 0 0 0 0 0
          0 0 0 0 0 0 0 0 0
          0 0 0 0 0 0 0 0 0
          0 0 0 0 0 0 0 0 0
          0 0 0 0 0 0 0 0 0
          0 0 0 0 0 0 0 0 0
          0 0 0 0 0 0 0 0 0
          0 0 0 0 0 0 0 0 0
          0 0 0 0 0 0 0 0 0
          0 0 0 0 0 0 0 0 0
          0 0 0 0 0 0 0 0 0
          0 0 0 0 0 0 0 0 0
          0 0 0 0 0 0 0 0 0
          0 0 0 0 0 0 0 0 0
          0 0 0 0 0 0 0 0 0
          0 0 0 0 0 0 0 0 0
          0 0 0 0 0 0 0 0 0
          0 0 0 0 0 0 0 0 0
          0 0 0 0 0 0 0 0 0
          0 0 0 0 0 0 0 0 0
          0 0 0 0 0 0 0 0 0
          0 0 0 0 0 0 0 0 0
          0 0 0 0 0 0 0 0 0
          0 0 0 0 0 0 0 0 0
          0 0 0 0 0 0 0 0 0
          0 0 0 0 0 0 0 0 0
          0 0 0 0 0 0 0 0 0
          0 0 0 0 0 0 0 0 0
          0 0 0 0 0 0 0 0 0
          0 0 0 0 0 0 0 0 0
          0 0 0 0 0 0 0 0 0
          0 0 0 0 0 0 0 0 0
          0 0 0 0 0 0 0 0 0
          0 0 0 0 0 0 0 0 0
          0 0 0 0 0 0 0 0 0
          0 0 0 0 0 0 0 0 0
          0 0 0 0 0 0 0 0 0
          0 0 0 0 0 0 0 0 0
          0 0 0 0 0 0 0 0 0
          0 0 0 0 0 0 0 0 0
          0 0 0 0 0 0 0 0 0
          0 0 0 0 0 0 0 0 0
          0 0 0 0 0 0 0 0 0
          0 0 0 0 0 0 0 0 0
          0 0 0 0 0 0 0 0 0
          0 0 0 0 0 0 0 0 0
          0 0 0 0 0 0 0 0 0
          0 0 0 0 0 0 0 0 0
          0 0 0 0 0 0 0 0 0
          0 0 0 0 0 0 0 0 0
          0 0 0 0 0 0 0 0 0
          0 0 0 0 0 0 0 0 0
          0 0 0 0 0 0 0 0 0
          0 0 0 0 0 0 0 0 0
          0 0 0 0 0 0 0 0 0
          0 0 0 0 0 0 0 0 0
          0 0 0 0 0 0 0 0 0
          0 0 0 0 0 0 0 0 0
          0 0 0 0 0 0 0 0 0
          0 0 0 0 0 0 0 0 0
          0 0 0 0 0 0 0 0 0
          0 0 0 0 0 0 0 0 0
          0 0 0 0 0 0 0 0 0
          0 0 0 0 0 0 0 0 0
          0 0 0 0 0 0 0 0 0
          0 0 0 0 0 0 0 0 0
          0 0 0 0 0 0 0 0 0
          0 0 0 0 0 0 0 0 0
          0 0 0 0 0 0 0 0 0
          0 0 0 0 0 0 0 0 0
          0 0 0 0 0 0 0 0 0
          0 0 0 0 0 0 0 0 0
          0 0 0 0 0 0 0 0 0
          0 0 0 0 0 0 0 0 0
          0 0 0 0 0 0 0 0 0
          0 0 0 0 0 0 0 0 0
          0 0 0 0 0 0 0 0 0
          0 0 0 0 0 0 0 0 0
          0 0 0 0 0 0 0 0 0
          0 0 0 0 0 0 0 0 0
          0 0 0 0 0 0 0 0 0
          0 0 0 0 0 0 0 0 0
          0 0 0 0 0 0 0 0 0
          0 0 0 0 0 0 0 0 0
          0 0 0 0 0 0 0 0 0
          0 0 0 0 0 0 0 0 0
          0 0 0 0 0 0 0 0 0
          0 0 0 0 0 0 0 0 0
          0 0 0 0 0 0 0 0 0
          0 0 0 0 0 0 0 0 0
          0 0 0 0 0 0 0 0 0
          0 0 0 0 0 0 0 0 0
          0 0 0 0 0 0 0 0 0
          0 0 0 0 0 0 0 0 0
          0 0 0 0 0 0 0 0 0
          0 0 0 0 0 0 0 0 0
          0 0 0 0 0 0 0 0 0
          0 0 0 0 0 0 0 0 0
          0 0 0 0 0 0 0 0 0
          0 0 0 0 0 0 0 0 0
          0 0 0 0 0 0 0 0 0
          0 0 0 0 0 0 0 0 0
          0 0 0 0 0 0 0 0 0
          0 0 0 0 0 0 0 0 0
          0 0 0 0 0 0 0 0 0
          0 0 0 0 0 0 0 0 0
          0 0 0 0 0 0 0 0 0
          0 0 0 0 0 0 0 0 0
          0 0 0 0 0 0 0 0 0
          0 0 0 0 0 0
        </DataArray>
        <DataArray type="Float32" Name="omega" format="ascii">
          47.0636333 35.9684667 36.2808667 47.8548333 46.7626667 35.2716667 35.5045333 47.0636333 47.7077667
          47.7981 40.8075 29.4600333 14.5666667 14.5665 13.5664333 13.2951333 13.2945667 13.5661333
          11.85376 14.2097433 13.8280667 12.3202167 14.23317 11.84565 12.31178 13.8193333 14.5443
          14.5444667 13.2515333 13.5022667 13.5012667 13.251 15.6533333 19.4811667 19.4734333 15.6449667
          14.2523433 11.8577267 12.3241833 13.8417 14.5568 14.5623667 13.5242667 13.2638667 13.2908333
          13.5597333 19.5192 15.6793 19.5434 15.7175667 11.86445 14.2278367 13.8486 12.33058
          14.5620667 14.5565 13.2632 13.5239333 13.5585667 13.2901333 15.6864333 19.5256 19.5347
          15.7088 19.5543667 15.7214 19.5616333 15.7287667 11.4072433 13.2646767 13.2365367 11.4082033
          13.2283433 11.4095433 11.4007367 13.2532033 47.7077667 35.8466 35.3580667 46.7626667 19.6527333
          19.645 16.6965 16.7384 16.8821667 19.8608333 11.9412133 14.28722 13.9013667 12.4025267
          16.7543667 16.8655667 19.8593667 14.31044 11.9327233 12.39375 13.8923333 16.7845 16.9123333
          19.8961 14.3205533 11.9383467 11.9451233 14.29594 12.39966 13.9009 13.9078667 12.40615
          14.5588333 14.9156 15.7877667 12.8997667 14.3768 11.4582533 13.32382 14.3802667 12.9029333
          13.29594 11.46184 13.2600333 11.5607667 11.5547333 13.2595 15.3546667 16.2130333 15.3795667
          12.8745333 14.3563667 14.3453333 12.8610333 13.2447667 11.5461667 11.5424 13.2400333 12.8722333
          14.3587667 15.3943 16.2479333 15.3957 14.3763 12.9019667 13.28982 11.4604533 13.2545
          11.5512 11.561 13.2575667 14.3559 12.8685 14.5397 14.8806333 15.7607333 12.8969
          14.3699333 11.4558067 13.3168067 11.5412667 13.242 13.2492667 11.5488 21.3225667 17.9486
          21.6349667 18.2619667 17.9536333 20.8636667 20.6308 17.7275 21.8603333 18.2608333 21.8036
          18.2043667 17.7272667 20.7169667 21.2055 18.2103 37.9675 34.7910667 40.3245333 38.9126667
          41.7239333 39.7132 41.7345667 39.7315667 41.7398333 39.7345667 41.7398333 39.7345667 41.7345667
          39.7315667 41.7239333 39.7132 40.3244333 38.9125667 37.9674 34.7909667 40.3245333 38.9126667
          41.7239333 39.7132 42.6815667 43.829 44.3509667 44.9638 44.3509667 44.9638 46.1856
          46.1650333 44.3616 44.9865 44.368 44.9909 46.1984667 46.1907333 46.2058333 46.1954667
          44.368 44.9909 44.3616 44.9865 46.2058333 46.1954667 46.1984667 46.1907333 44.3509667
          44.9638 42.6814667 43.8289 46.1856 46.1650333 44.3509667 44.9638 40.3244333 38.9125667
          41.7239333 39.7132 41.7345667 39.7315667 41.7398333 39.7345667 44.3616 44.9865 46.1984667
          46.1907333 44.368 44.9909 46.2058333 46.1954667 46.2113333 46.2164667 46.2187333 46.2213
          46.2187333 46.2213 46.2261333 46.2261 46.2187333 46.2213 46.2113333 46.2164667 46.2261333
          46.2261 46.2187333 46.2213 46.1984667 46.1907333 44.3616 44.9865 46.2058333 46.1954667
          44.368 44.9909 41.7345667 39.7315667 41.7398333 39.7345667 41.7398333 39.7345667 41.7345667
          39.7315667 44.368 44.9909 46.2058333 46.1954667 44.3616 44.9865 46.1984667 46.1907333
          46.2187333 46.2213 46.2261333 46.2261 46.2113333 46.2164667 46.2187333 46.2213 46.2261333
          46.2261 46.2187333 46.2213 46.2187333 46.2213 46.2113333 46.2164667 46.2058333 46.1954667
          44.368 44.9909 46.1984667 46.1907333 44.3616 44.9865 41.7398333 39.7345667 41.7345667
          39.7315667 41.7239333 39.7132 40.3244667 38.9125667 44.3509667 44.9638 46.1856 46.1650333
          42.6815333 43.8289333 44.3509667 44.9638 46.1984667 46.1907333 46.2058333 46.1954667 44.3616
          44.9865 44.368 44.9909 46.2058333 46.1954667 46.1984667 46.1907333 44.368 44.9909
          44.3616 44.9865 46.1856 46.1650333 44.3509667 44.9638 44.3509667 44.9638 42.6814667
          43.8289 41.7239333 39.7132 40.3244333 38.9125667 37.9674667 34.791 40.3245333 38.9126667
          41.7239333 39.7132 41.7345667 39.7315667 41.7398333 39.7345667 41.7398333 39.7345667 41.7345667
          39.7315667 41.7239333 39.7132 40.3244333 38.9125667 37.9674 34.7909667 16.5171333 16.7962333
          17.7810667 20.3172667 23.4821333 19.3753 29.8242667 26.8519333 29.8242667 26.8519333 19.1568667
          21.5171 19.0179667 21.1243667 19.2485333 21.5805667 19.2192333 21.5304333 30.9175333 27.4368667
          32.3959333 27.6590333 41.4905 39.4047667 31.1081333 27.5003333 33.0874667 28.4668 39.6829
          41.6518667 19.2635 21.6115 19.2249667 21.5340333 19.2638 21.6117 19.2258 21.5357
          31.1552333 27.5574333 33.0988 28.4704 41.739 39.7334333 31.1556667 27.5576333 33.1014
          28.4735 39.7344667 41.7396 19.2638 21.6117 19.2258 21.5357 19.2635 21.6115
          19.2249667 21.5340333 31.1556667 27.5576333 33.1014 28.4735 41.7396 39.7344667 31.1552333
          27.5574333 33.0988 28.4704 39.7334333 41.739 19.2485 21.5805333 19.2192333 21.5304333
          19.1568333 21.5170667 19.0179333 21.1243 31.1081333 27.5003333 33.0874667 28.4668 41.6518333
          39.6828667 30.9175333 27.4368667 32.3958333 27.6589333 39.4046667 41.4904333 16.5171 16.7962
          17.7810667 20.3172333 12.7668 14.2171333 23.4821333 19.3753 29.8242 26.8518667 26.8518667
          29.8242 16.5171333 16.7962333 17.7810667 20.3172333 30.9175333 27.4368667 27.6590333 32.3959333
          39.4047667 41.4905 31.1081333 27.5003333 39.6829 41.6518667 33.0874667 28.4668 43.0341
          43.3581667 44.1007 44.5742667 44.5742667 44.1007 43.4384333 43.5621 44.2620667 44.9166667
          45.7353 45.8955333 43.4384333 43.5621 44.9166667 44.2620667 45.8955333 45.7353 43.84
          43.7660333 46.1152333 46.0858 46.1152333 46.0858 43.4964 43.6465 44.3671333 44.9894667
          45.7599667 45.9081333 43.4855 43.6379 44.3677333 44.9907667 45.7645 45.9152 43.8202333
          43.8018333 46.1406667 46.0984 46.2048 46.1939 43.7861 43.7932333 46.1454 46.1056667
          46.1953333 46.2055333 43.4854333 43.6378333 44.3677333 44.9907667 45.7645 45.9152 43.4963667
          43.6464333 44.3671333 44.9894667 45.7599667 45.9081333 43.7858 43.7930333 46.1454 46.1056667
          46.2055333 46.1953333 43.8199667 43.8016333 46.1406667 46.0984 46.1939 46.2048 43.4384
          43.5620333 44.2620333 44.9166333 45.7353 45.8955333 43.0340667 43.3581 44.1006333 44.5741667
          44.5741667 44.1006333 43.8398 43.7658667 46.1152333 46.0858 46.0858 46.1152333 43.4382333
          43.5619333 44.9166333 44.2620333 45.7353 45.8955333 30.9175333 27.4368667 27.6589333 32.3958333
          39.4046667 41.4904333 19.1568333 21.5170667 21.1243 19.0179333 31.1081 27.5003333 39.6828667
          41.6518333 28.4668 33.0874667 19.2485 21.5805333 19.2192333 21.5304333 31.1552333 27.5574333
          28.4704 33.0988 39.7334333 41.739 31.1556667 27.5576333 39.7344667 41.7396 33.1014
          28.4735 43.4964 43.6465333 45.9081333 45.7599667 44.9894667 44.3671333 43.8203 43.8019
          46.0984 46.1406667 46.1939 46.2048 43.4855667 43.638 44.9907667 44.3677333 45.9152
          45.7645 43.7863333 43.7933667 46.1953333 46.2055333 46.1454 46.1056667 43.3628667 43.1196
          46.2177 46.2196667 46.2196667 46.2177 42.8562667 42.7744 46.2184333 46.2211667 46.2245
          46.2251 42.8598 42.7768 46.2211667 46.2184333 46.2251 46.2245 41.9731667 42.4316
          46.2259667 46.2258333 46.2259667 46.2258333 42.8627667 42.7851 46.2184333 46.2211667 46.2245
          46.2251 43.3614 43.1235667 46.2177 46.2196667 46.2196667 46.2177 41.9838333 42.4488333
          46.2259667 46.2258333 46.2258333 46.2259667 42.8647 42.7873 46.2211667 46.2184333 46.2245
          46.2251 43.8185333 43.7998667 46.0984 46.1406667 46.1939 46.2048 43.495 43.6447333
          45.9081333 45.7599667 44.9894667 44.3671333 43.7832667 43.7907 46.1953333 46.2055333 46.1056667
          46.1454 43.4831 43.6355667 44.9907667 44.3677333 45.7645 45.9152 31.1550667 27.5572667
          28.4704 33.0988 39.7334333 41.739 19.2634667 21.6114 21.5340333 19.2249667 31.1553667
          27.5574333 39.7344667 41.7396 28.4735 33.1014 19.2637333 21.6115667 19.2258 21.5357
          31.1556667 27.5576333 28.4735 33.1014 39.7344667 41.7396 31.1552333 27.5574333 39.7334333
          41.739 33.0988 28.4704 43.4855667 43.638 45.9152 45.7645 44.9907667 44.3677333
          43.7864 43.7934 46.1056667 46.1454 46.1953333 46.2055333 43.4964 43.6465333 44.9894667
          44.3671333 45.9081333 45.7599667 43.8203 43.8019333 46.1939 46.2048 46.1406667 46.0984
          42.8812 42.8058667 46.2251 46.2245 46.2211667 46.2184333 42.0442667 42.4801667 46.2258333
          46.2259667 46.2259667 46.2258333 43.3665 43.1338 46.2196667 46.2177 46.2177 46.2196667
          42.8831667 42.8081 46.2245 46.2251 46.2211667 46.2184333 42.0068333 42.4605333 46.2258333
          46.2259667 46.2259667 46.2258333 42.8680667 42.7918 46.2251 46.2245 46.2211667 46.2184333
          42.8715667 42.7942 46.2245 46.2251 46.2184333 46.2211667 43.3617333 43.1254667 46.2196667
          46.2177 46.2196667 46.2177 43.7833 43.7907333 46.1056667 46.1454 46.1953333 46.2055333
          43.4831333 43.6356 45.9152 45.7645 44.9907667 44.3677333 43.8185333 43.7998667 46.1939
          46.2048 46.0984 46.1406667 43.495 43.6447333 44.9894667 44.3671333 45.7599667 45.9081333
          31.1553667 27.5574333 28.4735 33.1014 39.7344667 41.7396 19.2637333 21.6115667 21.5357
          19.2258 31.1550667 27.5572667 39.7334333 41.739 28.4704 33.0988 19.2634667 21.6114
          19.2249667 21.5340333 31.1081333 27.5003333 28.4668 33.0874667 39.6828667 41.6518333 30.9175667
          27.4369 39.4046667 41.4904333 32.3958333 27.6589667 43.4384 43.5620333 45.8955333 45.7353
          44.9166333 44.2620333 43.8398 43.7658667 46.0858 46.1152333 46.1152333 46.0858 43.0340667
          43.3581 44.5741667 44.1006333 44.1006667 44.5742 43.4382333 43.5619333 45.7353 45.8955333
          44.9166333 44.2620333 43.8188667 43.8001333 46.2048 46.1939 46.1406667 46.0984 43.7838333
          43.7910333 46.2055333 46.1953333 46.1454 46.1056667 43.4950667 43.6448 45.7599667 45.9081333
          44.3671333 44.9894667 43.4832333 43.6357 45.7645 45.9152 44.9907667 44.3677333 43.7835333
          43.7908333 46.2055333 46.1953333 46.1454 46.1056667 43.8186 43.7999333 46.2048 46.1939
          46.1406667 46.0984 43.4832 43.6356333 45.7645 45.9152 44.3677333 44.9907667 43.495
          43.6447333 45.7599667 45.9081333 44.9894667 44.3671333 43.8395667 43.7657 46.0858 46.1152333
          46.1152333 46.0858 43.4381667 43.5618667 45.8955333 45.7353 44.9166333 44.2620333 43.4381667
          43.5618667 45.7353 45.8955333 44.2620333 44.9166333 43.0340333 43.3580333 44.5741667 44.1006333
          44.5741667 44.1006333 31.1081 27.5003333 28.4668 33.0874667 39.6828667 41.6518333 19.2485
          21.5805333 21.5304333 19.2192333 30.9175333 27.4368667 39.4046667 41.4904333 27.6589333 32.3958333
          19.1568333 21.5170667 19.0179333 21.1243 23.4821667 19.3753 26.8518667 29.8241667 29.8242333
          26.8519333 16.5171333 16.7962333 17.7810667 20.3172667 30.9175333 27.4368667 41.4905 39.4047667
          32.3959333 27.6590333 31.1081 27.5003333 41.6518667 39.6829 33.0874667 28.4668 19.1568333
          21.5170667 19.0179667 21.1243667 19.2485 21.5805333 19.2192333 21.5304333 31.1550667 27.5572667
          41.739 39.7334333 33.0988 28.4704 31.1553667 27.5574333 41.7396 39.7344667 33.1014
          28.4735 19.2634667 21.6114 19.2249667 21.5340333 19.2637333 21.6115667 19.2258 21.5357
          31.1553667 27.5574333 41.7396 39.7344667 33.1014 28.4735 31.1550667 27.5572667 41.739
          39.7334333 33.0988 28.4704 19.2637333 21.6115667 19.2258 21.5357 19.2634667 21.6114
          19.2249667 21.5340333 31.1081 27.5003333 41.6518333 39.6828667 33.0874667 28.4668 30.9175333
          27.4368667 41.4904333 39.4046667 32.3958333 27.6589333 19.2485 21.5805333 19.2192333 21.5304333
          19.1568333 21.5170667 19.0179333 21.1243 23.4821333 19.3753 26.8518333 29.8241667 29.8241667
          26.8518333 16.5171 16.7962 20.3172 17.7810333 16.5171 16.7962 17.7810333 20.3172
          12.7667667 14.2171 14.2171667 12.7668333 16.5171333 16.7962333 20.3172667 17.7810667 21.5171
          19.1568667 21.1243667 19.0179667 19.2485333 21.5805667 21.5304333 19.2192333 21.6115 19.2635
          21.5340333 19.2249667 19.2638 21.6117 21.5357 19.2258 21.6117 19.2638 21.5357
          19.2258 19.2635 21.6115 21.5340333 19.2249667 21.5805667 19.2485333 21.5304333 19.2192333
          19.1569 21.5171333 21.1243667 19.0179667 16.7962 16.5171 20.3172667 17.7810667 12.7668
          14.2171333 31.6286667 35.0786667 36.0767333 37.6419667 36.9339333 39.1414333 36.9525667 39.1519667
          36.9542667 39.1547333 36.9542667 39.1547333 36.9525667 39.1519667 36.9339333 39.1414333 36.0767333
          37.6419667 31.6286667 35.0786667 36.0767333 37.6419667 36.9339333 39.1414333 41.4291 40.2052667
          42.6606333 42.0058 42.6606333 42.0058 43.8986 43.8717333 42.6801333 42.0163333 42.6751667
          42.0149667 43.8211 43.8144 43.6833333 43.5861333 42.6751333 42.0149667 42.6801333 42.0163333
          43.6828333 43.5857667 43.8206 43.8137333 42.6606333 42.0058 41.4291 40.2052667 43.8982667
          43.8712 42.6603333 42.0054667 36.0767333 37.6419667 36.9338 39.1412333 36.9525667 39.1519667
          36.9542667 39.1547333 42.6801333 42.0163333 43.8211667 43.8144333 42.6752 42.015 43.6841667
          43.5877667 43.6554667 43.7571 43.1625333 43.3095333 43.1672667 43.3140667 41.1949 40.9586
          43.1626333 43.3091667 43.6538 43.7559333 41.1694333 40.9350333 43.1618667 43.3076 43.8199
          43.8134 42.6794 42.0158667 43.6800333 43.5828 42.6730667 42.0132 36.9522667 39.1516333
          36.9535 39.1536667 36.9542667 39.1547333 36.9525667 39.1519667 42.6752 42.015 43.6844333
          43.588 42.6801333 42.0163333 43.8210667 43.8142333 43.1705333 43.3143 41.2580333 40.9885
          43.6553667 43.7567333 43.1697333 43.3126667 41.2121667 40.9649333 43.1623333 43.3076667 43.1669667
          43.3121 43.6535 43.7555667 43.6801 43.5828667 42.6730667 42.0132 43.8198 43.8132
          42.6793667 42.0158333 36.9535 39.1536667 36.9522667 39.1516333 36.9339333 39.1414333 36.0767667
          37.642 42.6606333 42.0058 43.8983333 43.8714 41.4291 40.2052667 42.6603333 42.0054667
          43.8203667 43.8139 43.6815667 43.5849667 42.6794333 42.0158667 42.6731333 42.0132333 43.6808667
          43.5844 43.8198 43.8132 42.6731333 42.0132333 42.6793667 42.0158333 43.8979 43.8708333
          42.6602667 42.0054333 42.6602667 42.0054333 41.4291 40.2052667 36.9338 39.1412333 36.0767333
          37.6419667 31.6287333 35.0787 36.0767333 37.6419667 36.9338 39.1412333 36.9522667 39.1516333
          36.9535 39.1536667 36.9535 39.1536667 36.9522667 39.1516333 36.9338 39.1412333 36.0767333
          37.6419667 31.6286667 35.0786667 16.7730667 16.6435 20.1876667 17.6547 19.4785 24.8574667
          25.7024333 27.5554 25.7024333 27.5554 21.4562333 19.1307333 21.1472667 19.0441 21.5086
          19.2113 21.6055667 19.2564667 28.3702333 32.8880333 26.6620333 30.3997667 36.5945 38.8835333
          28.4226 33.0571667 27.5503 31.1410333 39.0629333 36.9010333 21.5354667 19.2255 21.6099333
          19.2629667 21.5356667 19.2258 21.6117 19.2638 28.4731667 33.1006667 27.5546667 31.1535
          36.9543 39.1553333 28.4733667 33.1013 27.5576333 31.1556667 39.1550667 36.9542667 21.5356667
          19.2258 21.6117 19.2638 21.5354667 19.2255 21.6099333 19.2629667 28.4733667 33.1013
          27.5576333 31.1556667 36.9542667 39.1550667 28.4731667 33.1006667 27.5546667 31.1535 39.1553333
          36.9543 21.5085667 19.2112667 21.6055667 19.2564667 21.4561667 19.1306667 21.1473 19.0441
          28.4225667 33.0571333 27.5503 31.1410333 36.9010333 39.0629333 28.3701667 32.8879333 26.6620667
          30.3997667 38.8835333 36.5945 16.7730333 16.6434667 20.1877 17.6547 14.0676 12.7668
          19.4785 24.8574333 25.7024667 27.5554 27.5554 25.7024333 16.7730667 16.6435 20.1876667
          17.6547 28.3702333 32.8880333 30.3997667 26.6620333 38.8835333 36.5945 28.4226 33.0571667
          39.0629333 36.9010333 27.5503 31.1410333 45.6116667 45.3195333 42.2316 41.7315667 41.7315667
          42.2316 45.7992667 45.6881667 42.6114 41.9109667 43.6558 43.4876667 45.7992667 45.6881667
          41.9109667 42.6114 43.4876667 43.6558 45.9868667 46.0654333 43.8398 43.8693 43.8398
          43.8693 45.9142 45.7629333 42.6792333 42.0170667 43.6564667 43.4973 45.9149333 45.7643667
          42.6766667 42.0168 43.6313333 43.484 46.1046667 46.1438333 43.8404667 43.8498 43.7915333
          43.7136 46.1054 46.1452667 43.7725333 43.7704667 43.6465667 43.6989667 45.9149333 45.7643667
          42.6766333 42.0168 43.6313 43.4839333 45.9142 45.7629333 42.6792333 42.0170667 43.6564
          43.4972667 46.1054 46.1452667 43.7725 43.7703 43.6983333 43.6456333 46.1046667 46.1438333
          43.8403333 43.8496 43.7127 43.7909667 45.7992333 45.6881333 42.6114 41.9109667 43.6557333
          43.4876333 45.6116 45.3194333 42.2316 41.7315667 41.7315 42.2315667 45.9868667 46.0654333
          43.8396667 43.8691333 43.8689333 43.8393 45.7992333 45.6881333 41.9108333 42.6112333 43.6553333
          43.4873333 28.3701667 32.8879333 30.3997667 26.6620333 38.8835 36.5945 21.4561667 19.1306667
          19.0441 21.1472667 28.4225667 33.0571333 39.0628333 36.9009333 31.1409667 27.5502333 21.5085667
          19.2112667 21.6055333 19.2564667 28.4731667 33.1006667 31.1535 27.5546667 39.1553333 36.9543
          28.4733667 33.1013 39.1550667 36.9542667 27.5576333 31.1556667 45.9142 45.7629333 43.4973
          43.6564667 42.0170667 42.6792333 46.1046667 46.1438333 43.8498333 43.8404667 43.7137667 43.7916333
          45.9149333 45.7643667 42.0168 42.6766667 43.4841 43.6315 46.1054 46.1452667 43.6471333
          43.6995667 43.7729333 43.7709333 46.2241 46.2228667 43.5090333 43.5394333 43.5398 43.5093
          46.2248333 46.2243667 43.2806 43.4724 42.3913333 42.7382 46.2248333 46.2243667 43.4731667
          43.2824 42.7446667 42.4068667 46.2255667 46.2258333 41.7630333 41.5696 41.8021 41.5984667
          46.2248333 46.2243667 43.2806333 43.4715333 42.3974333 42.7447667 46.2241 46.2228667 43.5078667
          43.5386 43.5375667 43.5073333 46.2255667 46.2258333 41.7691333 41.5738 41.5794667 41.7829
          46.2248333 46.2243667 43.4699 43.2792333 42.4083667 42.7473333 46.1046667 46.1438333 43.8486667
          43.8396 43.7113667 43.7897667 45.9142 45.7629333 43.4963 43.6556333 42.016 42.6781
          46.1054 46.1452667 43.6437 43.696 43.7673 43.7692333 45.9149333 45.7643667 42.0155333
          42.6749 43.6282333 43.4812667 28.4731667 33.1006667 31.1534 27.5546 39.1547333 36.9539333
          21.5354333 19.2254667 19.2629667 21.6099 28.4733667 33.1013 39.1542667 36.9536 31.1552667
          27.5573667 21.5356333 19.2257667 21.6116333 19.2637667 28.4733667 33.1013 31.1556667 27.5576333
          39.1550667 36.9542667 28.4731667 33.1006667 39.1553333 36.9543 27.5546667 31.1535 45.9149333
          45.7643667 43.4841 43.6315 42.0168 42.6766667 46.1054 46.1452667 43.7709667 43.7729333
          43.6475333 43.6998667 45.9142 45.7629333 42.0170667 42.6792333 43.4973 43.6564667 46.1046667
          46.1438333 43.7139 43.7916 43.8404333 43.8497667 46.2248333 46.2243667 42.7642667 42.4234333
          43.4753333 43.2874667 46.2255667 46.2258333 41.6482667 41.8186667 41.8325667 41.6540333 46.2241
          46.2228667 43.5417 43.5112 43.5106667 43.5406667 46.2248333 46.2243667 42.4344 42.7668333
          43.4737 43.2860667 46.2255667 46.2258333 41.5950333 41.7856333 41.8248 41.6239667 46.2248333
          46.2243667 42.7504667 42.4111 43.4702667 43.2799333 46.2248333 46.2243667 42.4266333 42.7568667
          43.2816667 43.471 46.2241 46.2228667 43.5378333 43.5075 43.5381667 43.5077333 46.1054
          46.1452667 43.7673333 43.7692667 43.6438333 43.6960667 45.9149333 45.7643667 43.4813 43.6282667
          42.0155333 42.6749 46.1046667 46.1438333 43.7114 43.7897333 43.8486 43.8395 45.9142
          45.7629333 42.016 42.6781 43.6555667 43.4962667 28.4733667 33.1013 31.1552667 27.5573667
          39.1542667 36.9536 21.5356333 19.2257667 19.2637667 21.6116333 28.4731667 33.1006667 39.1547333
          36.9539333 31.1534 27.5546 21.5354333 19.2254667 21.6099 19.2629667 28.4225667 33.0571333
          31.1410333 27.5503 39.0629333 36.9010333 28.3701667 32.8879333 38.8835333 36.5945 26.6621333
          30.3998333 45.7992333 45.6881333 43.4876333 43.6557667 41.9109667 42.6114 45.9868667 46.0654333
          43.8691667 43.8397333 43.8393333 43.8689667 45.6116 45.3194333 41.7315667 42.2316 42.2315667
          41.7315 45.7992333 45.6881333 43.6553333 43.4873333 41.9108333 42.6112333 46.1046667 46.1438333
          43.7904 43.7125667 43.8396667 43.8488333 46.1054 46.1452667 43.6975 43.6456 43.7696333
          43.7679 45.9142 45.7629333 43.6556667 43.4963667 42.6781333 42.016 45.9149333 45.7643667
          43.6284333 43.4814333 42.0155333 42.6749333 46.1054 46.1452667 43.6966667 43.6444 43.7696
          43.7677333 46.1046667 46.1438333 43.7898 43.7115667 43.8395 43.8486 45.9149333 45.7643667
          43.6284 43.4814 42.6749333 42.0155333 45.9142 45.7629333 43.6555667 43.4962667 42.016
          42.6781 45.9868667 46.0654333 43.8687333 43.8391667 43.8391667 43.8687333 45.7992333 45.6881333
          43.4872333 43.6552333 41.9108333 42.6112 45.7992333 45.6881333 43.6552333 43.4872333 42.6112
          41.9108333 45.6116 45.3194333 41.7315 42.2315667 41.7315 42.2315667 28.4225667 33.0571333
          31.1409667 27.5502333 39.0628333 36.9009333 21.5085667 19.2112667 19.2564667 21.6055333 28.3701667
          32.8879333 38.8835 36.5945 30.3997667 26.6620667 21.4561667 19.1306667 21.1473 19.0441
          19.4784667 24.8574 27.5554667 25.7025 25.7024333 27.5554333 16.7730667 16.6435 20.1876667
          17.6547 28.3702333 32.8880333 36.5945 38.8835 26.6620333 30.3997667 28.4226 33.0571667
          36.9009333 39.0628333 27.5502333 31.1409667 21.4562 19.1307 21.1472667 19.0441 21.5085667
          19.2112667 21.6055333 19.2564667 28.4731667 33.1006667 36.9539333 39.1547333 27.5546 31.1534
          28.4733667 33.1013 36.9536 39.1542667 27.5573667 31.1552667 21.5354333 19.2254667 21.6099
          19.2629667 21.5356333 19.2257667 21.6116333 19.2637667 28.4733667 33.1013 36.9536 39.1542667
          27.5573667 31.1552667 28.4731667 33.1006667 36.9539333 39.1547333 27.5546 31.1534 21.5356333
          19.2257667 21.6116333 19.2637667 21.5354333 19.2254667 21.6099 19.2629667 28.4225667 33.0571333
          36.9009333 39.0628333 27.5502333 31.1409667 28.3701667 32.8879333 36.5945 38.8835 26.6620667
          30.3997667 21.5085667 19.2112667 21.6055333 19.2564667 21.4561667 19.1306667 21.1473 19.0441
          19.4784333 24.8573667 27.5554 25.7024667 25.7024667 27.5554 16.773 16.6434333 17.6547
          20.1877 16.773 16.6434333 20.1877 17.6547 14.0675667 12.7667667 12.7668333 14.0676333
          16.7730667 16.6435 17.6547 20.1876667 19.1307333 21.4562333 19.0441 21.1472667 21.5086
          19.2113 19.2564667 21.6055667 19.2255 21.5354667 19.2629667 21.6099333 21.5356667 19.2258
          19.2638 21.6117 19.2258 21.5356667 19.2638 21.6117 21.5354667 19.2255 19.2629667
          21.6099333 19.2113 21.5086 19.2564667 21.6055667 21.4562 19.1307 19.0441667 21.1473667
          16.6434333 16.773 17.6547333 20.1877333 14.0676 12.7668
        </DataArray>
        <DataArray type="Float32" Name="Uz" format="ascii">
          0 0 0 0 0 0 0 0 0
          0 0 0 0 0 0 0 0 0
          0 0 0 0 0 0 0 0 0
          0 0 0 0 0 0 0 0 0
          0 0 0 0 0 0 0 0 0
          0 0 0 0 0 0 0 0 0
          0 0 0 0 0 0 0 0 0
          0 0 0 0 0 0 0 0 0
          0 0 0 0 0 0 0 0 0
          0 0 0 0 0 0 0 0 0
          0 0 0 0 0 0 0 0 0
          0 0 0 0 0 0 0 0 0
          0 0 0 0 0 0 0 0 0
          0 0 0 0 0 0 0 0 0
          0 0 0 0 0 0 0 0 0
          0 0 0 0 0 0 0 0 0
          0 0 0 0 0 0 0 0 0
          0 0 0 0 0 0 0 0 0
          0 0 0 0 0 0 0 0 0
          0 0 0 0 0 0 0 0 0
          0 0 0 0 0 0 0 0 0
          0 0 0 0 0 0 0 0 0
          0 0 0 0 0 0 0 0 0
          0 0 0 0 0 0 0 0 0
          0 0 0 0 0 0 0 0 0
          0 0 0 0 0 0 0 0 0
          0 0 0 0 0 0 0 0 0
          0 0 0 0 0 0 0 0 0
          0 0 0 0 0 0 0 0 0
          0 0 0 0 0 0 0 0 0
          0 0 0 0 0 0 0 0 0
          0 0 0 0 0 0 0 0 0
          0 0 0 0 0 0 0 0 0
          0 0 0 0 0 0 0 0 0
          0 0 0 0 0 0 0 0 0
          0 0 0 0 0 0 0 0 0
          0 0 0 0 0 0 0 0 0
          0 0 0 0 0 0 0 0 0
          0 0 0 0 0 0 0 0 0
          0 0 0 0 0 0 0 0 0
          0 0 0 0 0 0 0 0 0
          0 0 0 0 0 0 0 0 0
          0 0 0 0 0 0 0 0 0
          0 0 0 0 0 0 0 0 0
          0 0 0 0 0 0 0 0 0
          0 0 0 0 0 0 0 0 0
          0 0 0 0 0 0 0 0 0
          0 0 0 0 0 0 0 0 0
          0 0 0 0 0 0 0 0 0
          0 0 0 0 0 0 0 0 0
          0 0 0 0 0 0 0 0 0
          0 0 0 0 0 0 0 0 0
          0 0 0 0 0 0 0 0 0
          0 0 0 0 0 0 0 0 0
          0 0 0 0 0 0 0 0 0
          0 0 0 0 0 0 0 0 0
          0 0 0 0 0 0 0 0 0
          0 0 0 0 0 0 0 0 0
          0 0 0 0 0 0 0 0 0
          0 0 0 0 0 0 0 0 0
          0 0 0 0 0 0 0 0 0
          0 0 0 0 0 0 0 0 0
          0 0 0 0 0 0 0 0 0
          0 0 0 0 0 0 0 0 0
          0 0 0 0 0 0 0 0 0
          0 0 0 0 0 0 0 0 0
          0 0 0 0 0 0 0 0 0
          0 0 0 0 0 0 0 0 0
          0 0 0 0 0 0 0 0 0
          0 0 0 0 0 0 0 0 0
          0 0 0 0 0 0 0 0 0
          0 0 0 0 0 0 0 0 0
          0 0 0 0 0 0 0 0 0
          0 0 0 0 0 0 0 0 0
          0 0 0 0 0 0 0 0 0
          0 0 0 0 0 0 0 0 0
          0 0 0 0 0 0 0 0 0
          0 0 0 0 0 0 0 0 0
          0 0 0 0 0 0 0 0 0
          0 0 0 0 0 0 0 0 0
          0 0 0 0 0 0 0 0 0
          0 0 0 0 0 0 0 0 0
          0 0 0 0 0 0 0 0 0
          0 0 0 0 0 0 0 0 0
          0 0 0 0 0 0 0 0 0
          0 0 0 0 0 0 0 0 0
          0 0 0 0 0 0 0 0 0
          0 0 0 0 0 0 0 0 0
          0 0 0 0 0 0 0 0 0
          0 0 0 0 0 0 0 0 0
          0 0 0 0 0 0 0 0 0
          0 0 0 0 0 0 0 0 0
          0 0 0 0 0 0 0 0 0
          0 0 0 0 0 0 0 0 0
          0 0 0 0 0 0 0 0 0
          0 0 0 0 0 0 0 0 0
          0 0 0 0 0 0 0 0 0
          0 0 0 0 0 0 0 0 0
          0 0 0 0 0 0 0 0 0
          0 0 0 0 0 0 0 0 0
          0 0 0 0 0 0 0 0 0
          0 0 0 0 0 0 0 0 0
          0 0 0 0 0 0 0 0 0
          0 0 0 0 0 0 0 0 0
          0 0 0 0 0 0 0 0 0
          0 0 0 0 0 0 0 0 0
          0 0 0 0 0 0 0 0 0
          0 0 0 0 0 0 0 0 0
          0 0 0 0 0 0 0 0 0
          0 0 0 0 0 0 0 0 0
          0 0 0 0 0 0 0 0 0
          0 0 0 0 0 0 0 0 0
          0 0 0 0 0 0 0 0 0
          0 0 0 0 0 0 0 0 0
          0 0 0 0 0 0 0 0 0
          0 0 0 0 0 0 0 0 0
          0 0 0 0 0 0 0 0 0
          0 0 0 0 0 0 0 0 0
          0 0 0 0 0 0 0 0 0
          0 0 0 0 0 0 0 0 0
          0 0 0 0 0 0 0 0 0
          0 0 0 0 0 0 0 0 0
          0 0 0 0 0 0 0 0 0
          0 0 0 0 0 0 0 0 0
          0 0 0 0 0 0 0 0 0
          0 0 0 0 0 0 0 0 0
          0 0 0 0 0 0 0 0 0
          0 0 0 0 0 0 0 0 0
          0 0 0 0 0 0 0 0 0
          0 0 0 0 0 0 0 0 0
          0 0 0 0 0 0 0 0 0
          0 0 0 0 0 0 0 0 0
          0 0 0 0 0 0 0 0 0
          0 0 0 0 0 0 0 0 0
          0 0 0 0 0 0 0 0 0
          0 0 0 0 0 0 0 0 0
          0 0 0 0 0 0 0 0 0
          0 0 0 0 0 0 0 0 0
          0 0 0 0 0 0 0 0 0
          0 0 0 0 0 0 0 0 0
          0 0 0 0 0 0 0 0 0
          0 0 0 0 0 0 0 0 0
          0 0 0 0 0 0 0 0 0
          0 0 0 0 0 0 0 0 0
          0 0 0 0 0 0 0 0 0
          0 0 0 0 0 0 0 0 0
          0 0 0 0 0 0 0 0 0
          0 0 0 0 0 0 0 0 0
          0 0 0 0 0 0 0 0 0
          0 0 0 0 0 0 0 0 0
          0 0 0 0 0 0 0 0 0
          0 0 0 0 0 0 0 0 0
          0 0 0 0 0 0 0 0 0
          0 0 0 0 0 0 0 0 0
          0 0 0 0 0 0 0 0 0
          0 0 0 0 0 0 0 0 0
          0 0 0 0 0 0 0 0 0
          0 0 0 0 0 0 0 0 0
          0 0 0 0 0 0 0 0 0
          0 0 0 0 0 0 0 0 0
          0 0 0 0 0 0 0 0 0
          0 0 0 0 0 0 0 0 0
          0 0 0 0 0 0 0 0 0
          0 0 0 0 0 0 0 0 0
          0 0 0 0 0 0 0 0 0
          0 0 0 0 0 0 0 0 0
          0 0 0 0 0 0 0 0 0
          0 0 0 0 0 0 0 0 0
          0 0 0 0 0 0 0 0 0
          0 0 0 0 0 0 0 0 0
          0 0 0 0 0 0 0 0 0
          0 0 0 0 0 0 0 0 0
          0 0 0 0 0 0 0 0 0
          0 0 0 0 0 0 0 0 0
          0 0 0 0 0 0 0 0 0
          0 0 0 0 0 0 0 0 0
          0 0 0 0 0 0 0 0 0
          0 0 0 0 0 0 0 0 0
          0 0 0 0 0 0 0 0 0
          0 0 0 0 0 0 0 0 0
          0 0 0 0 0 0 0 0 0
          0 0 0 0 0 0 0 0 0
          0 0 0 0 0 0 0 0 0
          0 0 0 0 0 0 0 0 0
          0 0 0 0 0 0 0 0 0
          0 0 0 0 0 0 0 0 0
          0 0 0 0 0 0 0 0 0
          0 0 0 0 0 0 0 0 0
          0 0 0 0 0 0 0 0 0
          0 0 0 0 0 0 0 0 0
          0 0 0 0 0 0 0 0 0
          0 0 0 0 0 0 0 0 0
          0 0 0 0 0 0 0 0 0
          0 0 0 0 0 0 0 0 0
          0 0 0 0 0 0 0 0 0
          0 0 0 0 0 0 0 0 0
          0 0 0 0 0 0 0 0 0
          0 0 0 0 0 0 0 0 0
          0 0 0 0 0 0 0 0 0
          0 0 0 0 0 0 0 0 0
          0 0 0 0 0 0 0 0 0
          0 0 0 0 0 0 0 0 0
          0 0 0 0 0 0 0 0 0
          0 0 0 0 0 0 0 0 0
          0 0 0 0 0 0 0 0 0
          0 0 0 0 0 0 0 0 0
          0 0 0 0 0 0 0 0 0
          0 0 0 0 0 0 0 0 0
          0 0 0 0 0 0 0 0 0
          0 0 0 0 0 0 0 0 0
          0 0 0 0 0 0 0 0 0
          0 0 0 0 0 0 0 0 0
          0 0 0 0 0 0 0 0 0
          0 0 0 0 0 0 0 0 0
          0 0 0 0 0 0 0 0 0
          0 0 0 0 0 0 0 0 0
          0 0 0 0 0 0 0 0 0
          0 0 0 0 0 0 0 0 0
          0 0 0 0 0 0 0 0 0
          0 0 0 0 0 0 0 0 0
          0 0 0 0 0 0 0 0 0
          0 0 0 0 0 0 0 0 0
          0 0 0 0 0 0 0 0 0
          0 0 0 0 0 0 0 0 0
          0 0 0 0 0 0 0 0 0
          0 0 0 0 0 0 0 0 0
          0 0 0 0 0 0 0 0 0
          0 0 0 0 0 0 0 0 0
          0 0 0 0 0 0 0 0 0
          0 0 0 0 0 0 0 0 0
          0 0 0 0 0 0 0 0 0
          0 0 0 0 0 0 0 0 0
          0 0 0 0 0 0 0 0 0
          0 0 0 0 0 0 0 0 0
          0 0 0 0 0 0
        </DataArray>
        <DataArray type="Float32" Name="nut" format="ascii">
          0 0 0 0 0 0 0 0 0
          0 0 0 0 0 0 0 0 0
          0 0 0 0 0 0 0 0 0
          0 0 0 0 0 0 0 0 0
          0 0 0 0 0 0 0 0 0
          0 0 0 0 0 0 0 0 0
          0 0 0 0 0 0 0 0 0
          0 0 0 0 0 0 0 0 0
          0 0 0 0 0 0 0 0 0
          0 0 0 0 0 0 0 0 0
          0 0 0 0 0 0 0 0 0
          0 0 0 0 0 0 0 0 0
          0 0 0 0 0 0 0 0 0
          0 0 0 0 0 0 0 0 0
          0 0 0 0 0 0 0 0 0
          0 0 0 0 0 0 0 0 0
          0 0 0 0 0 0 0 0 0
          0 0 0 0 0 0 0 0 0
          0 0 0 0 0 0 0 0 0
          0 0 0 0 0 0 0 0 0
          0 0 0 0 0 0 0 0 0
          0 0 0 0 0 0 0 0 0
          0 0 0 0 0 0 0 0 0
          0 0 0 0 0 0 0 0 0
          0 0 0 0 0 0 0 0 0
          0 0 0 0 0 0 0 0 0
          0 0 0 0 0 0 0 0 0
          0 0 0 0 0 0 0 0 0
          0 0 0 0 0 0 0 0 0
          0 0 0 0 0 0 0 0 0
          0 0 0 0 0 0 0 0 0
          0 0 0 0 0 0 0 0 0
          0 0 0 0 0 0 0 0 0
          0 0 0 0 0 0 0 0 0
          0 0 0 0 0 0 0 0 0
          0 0 0 0 0 0 0 0 0
          0 0 0 0 0 0 0 0 0
          0 0 0 0 0 0 0 0 0
          0 0 0 0 0 0 0 0 0
          0 0 0 0 0 0 0 0 0
          0 0 0 0 0 0 0 0 0
          0 0 0 0 0 0 0 0 0
          0 0 0 0 0 0 0 0 0
          0 0 0 0 0 0 0 0 0
          0 0 0 0 0 0 0 0 0
          0 0 0 0 0 0 0 0 0
          0 0 0 0 0 0 0 0 0
          0 0 0 0 0 0 0 0 0
          0 0 0 0 0 0 0 0 0
          0 0 0 0 0 0 0 0 0
          0 0 0 0 0 0 0 0 0
          0 0 0 0 0 0 0 0 0
          0 0 0 0 0 0 0 0 0
          0 0 0 0 0 0 0 0 0
          0 0 0 0 0 0 0 0 0
          0 0 0 0 0 0 0 0 0
          0 0 0 0 0 0 0 0 0
          0 0 0 0 0 0 0 0 0
          0 0 0 0 0 0 0 0 0
          0 0 0 0 0 0 0 0 0
          0 0 0 0 0 0 0 0 0
          0 0 0 0 0 0 0 0 0
          0 0 0 0 0 0 0 0 0
          0 0 0 0 0 0 0 0 0
          0 0 0 0 0 0 0 0 0
          0 0 0 0 0 0 0 0 0
          0 0 0 0 0 0 0 0 0
          0 0 0 0 0 0 0 0 0
          0 0 0 0 0 0 0 0 0
          0 0 0 0 0 0 0 0 0
          0 0 0 0 0 0 0 0 0
          0 0 0 0 0 0 0 0 0
          0 0 0 0 0 0 0 0 0
          0 0 0 0 0 0 0 0 0
          0 0 0 0 0 0 0 0 0
          0 0 0 0 0 0 0 0 0
          0 0 0 0 0 0 0 0 0
          0 0 0 0 0 0 0 0 0
          0 0 0 0 0 0 0 0 0
          0 0 0 0 0 0 0 0 0
          0 0 0 0 0 0 0 0 0
          0 0 0 0 0 0 0 0 0
          0 0 0 0 0 0 0 0 0
          0 0 0 0 0 0 0 0 0
          0 0 0 0 0 0 0 0 0
          0 0 0 0 0 0 0 0 0
          0 0 0 0 0 0 0 0 0
          0 0 0 0 0 0 0 0 0
          0 0 0 0 0 0 0 0 0
          0 0 0 0 0 0 0 0 0
          0 0 0 0 0 0 0 0 0
          0 0 0 0 0 0 0 0 0
          0 0 0 0 0 0 0 0 0
          0 0 0 0 0 0 0 0 0
          0 0 0 0 0 0 0 0 0
          0 0 0 0 0 0 0 0 0
          0 0 0 0 0 0 0 0 0
          0 0 0 0 0 0 0 0 0
          0 0 0 0 0 0 0 0 0
          0 0 0 0 0 0 0 0 0
          0 0 0 0 0 0 0 0 0
          0 0 0 0 0 0 0 0 0
          0 0 0 0 0 0 0 0 0
          0 0 0 0 0 0 0 0 0
          0 0 0 0 0 0 0 0 0
          0 0 0 0 0 0 0 0 0
          0 0 0 0 0 0 0 0 0
          0 0 0 0 0 0 0 0 0
          0 0 0 0 0 0 0 0 0
          0 0 0 0 0 0 0 0 0
          0 0 0 0 0 0 0 0 0
          0 0 0 0 0 0 0 0 0
          0 0 0 0 0 0 0 0 0
          0 0 0 0 0 0 0 0 0
          0 0 0 0 0 0 0 0 0
          0 0 0 0 0 0 0 0 0
          0 0 0 0 0 0 0 0 0
          0 0 0 0 0 0 0 0 0
          0 0 0 0 0 0 0 0 0
          0 0 0 0 0 0 0 0 0
          0 0 0 0 0 0 0 0 0
          0 0 0 0 0 0 0 0 0
          0 0 0 0 0 0 0 0 0
          0 0 0 0 0 0 0 0 0
          0 0 0 0 0 0 0 0 0
          0 0 0 0 0 0 0 0 0
          0 0 0 0 0 0 0 0 0
          0 0 0 0 0 0 0 0 0
          0 0 0 0 0 0 0 0 0
          0 0 0 0 0 0 0 0 0
          0 0 0 0 0 0 0 0 0
          0 0 0 0 0 0 0 0 0
          0 0 0 0 0 0 0 0 0
          0 0 0 0 0 0 0 0 0
          0 0 0 0 0 0 0 0 0
          0 0 0 0 0 0 0 0 0
          0 0 0 0 0 0 0 0 0
          0 0 0 0 0 0 0 0 0
          0 0 0 0 0 0 0 0 0
          0 0 0 0 0 0 0 0 0
          0 0 0 0 0 0 0 0 0
          0 0 0 0 0 0 0 0 0
          0 0 0 0 0 0 0 0 0
          0 0 0 0 0 0 0 0 0
          0 0 0 0 0 0 0 0 0
          0 0 0 0 0 0 0 0 0
          0 0 0 0 0 0 0 0 0
          0 0 0 0 0 0 0 0 0
          0 0 0 0 0 0 0 0 0
          0 0 0 0 0 0 0 0 0
          0 0 0 0 0 0 0 0 0
          0 0 0 0 0 0 0 0 0
          0 0 0 0 0 0 0 0 0
          0 0 0 0 0 0 0 0 0
          0 0 0 0 0 0 0 0 0
          0 0 0 0 0 0 0 0 0
          0 0 0 0 0 0 0 0 0
          0 0 0 0 0 0 0 0 0
          0 0 0 0 0 0 0 0 0
          0 0 0 0 0 0 0 0 0
          0 0 0 0 0 0 0 0 0
          0 0 0 0 0 0 0 0 0
          0 0 0 0 0 0 0 0 0
          0 0 0 0 0 0 0 0 0
          0 0 0 0 0 0 0 0 0
          0 0 0 0 0 0 0 0 0
          0 0 0 0 0 0 0 0 0
          0 0 0 0 0 0 0 0 0
          0 0 0 0 0 0 0 0 0
          0 0 0 0 0 0 0 0 0
          0 0 0 0 0 0 0 0 0
          0 0 0 0 0 0 0 0 0
          0 0 0 0 0 0 0 0 0
          0 0 0 0 0 0 0 0 0
          0 0 0 0 0 0 0 0 0
          0 0 0 0 0 0 0 0 0
          0 0 0 0 0 0 0 0 0
          0 0 0 0 0 0 0 0 0
          0 0 0 0 0 0 0 0 0
          0 0 0 0 0 0 0 0 0
          0 0 0 0 0 0 0 0 0
          0 0 0 0 0 0 0 0 0
          0 0 0 0 0 0 0 0 0
          0 0 0 0 0 0 0 0 0
          0 0 0 0 0 0 0 0 0
          0 0 0 0 0 0 0 0 0
          0 0 0 0 0 0 0 0 0
          0 0 0 0 0 0 0 0 0
          0 0 0 0 0 0 0 0 0
          0 0 0 0 0 0 0 0 0
          0 0 0 0 0 0 0 0 0
          0 0 0 0 0 0 0 0 0
          0 0 0 0 0 0 0 0 0
          0 0 0 0 0 0 0 0 0
          0 0 0 0 0 0 0 0 0
          0 0 0 0 0 0 0 0 0
          0 0 0 0 0 0 0 0 0
          0 0 0 0 0 0 0 0 0
          0 0 0 0 0 0 0 0 0
          0 0 0 0 0 0 0 0 0
          0 0 0 0 0 0 0 0 0
          0 0 0 0 0 0 0 0 0
          0 0 0 0 0 0 0 0 0
          0 0 0 0 0 0 0 0 0
          0 0 0 0 0 0 0 0 0
          0 0 0 0 0 0 0 0 0
          0 0 0 0 0 0 0 0 0
          0 0 0 0 0 0 0 0 0
          0 0 0 0 0 0 0 0 0
          0 0 0 0 0 0 0 0 0
          0 0 0 0 0 0 0 0 0
          0 0 0 0 0 0 0 0 0
          0 0 0 0 0 0 0 0 0
          0 0 0 0 0 0 0 0 0
          0 0 0 0 0 0 0 0 0
          0 0 0 0 0 0 0 0 0
          0 0 0 0 0 0 0 0 0
          0 0 0 0 0 0 0 0 0
          0 0 0 0 0 0 0 0 0
          0 0 0 0 0 0 0 0 0
          0 0 0 0 0 0 0 0 0
          0 0 0 0 0 0 0 0 0
          0 0 0 0 0 0 0 0 0
          0 0 0 0 0 0 0 0 0
          0 0 0 0 0 0 0 0 0
          0 0 0 0 0 0 0 0 0
          0 0 0 0 0 0 0 0 0
          0 0 0 0 0 0 0 0 0
          0 0 0 0 0 0 0 0 0
          0 0 0 0 0 0 0 0 0
          0 0 0 0 0 0 0 0 0
          0 0 0 0 0 0 0 0 0
          0 0 0 0 0 0 0 0 0
          0 0 0 0 0 0 0 0 0
          0 0 0 0 0 0
        </DataArray>
        <DataArray type="Float32" Name="Cp" format="ascii">
          0 0 0 0 0 0 0 0 0
          0 0 0 0 0 0 0 0 0
          0 0 0 0 0 0 0 0 0
          0 0 0 0 0 0 0 0 0
          0 0 0 0 0 0 0 0 0
          0 0 0 0 0 0 0 0 0
          0 0 0 0 0 0 0 0 0
          0 0 0 0 0 0 0 0 0
          0 0 0 0 0 0 0 0 0
          0 0 0 0 0 0 0 0 0
          0 0 0 0 0 0 0 0 0
          0 0 0 0 0 0 0 0 0
          0 0 0 0 0 0 0 0 0
          0 0 0 0 0 0 0 0 0
          0 0 0 0 0 0 0 0 0
          0 0 0 0 0 0 0 0 0
          0 0 0 0 0 0 0 0 0
          0 0 0 0 0 0 0 0 0
          0 0 0 0 0 0 0 0 0
          0 0 0 0 0 0 0 0 0
          0 0 0 0 0 0 0 0 0
          0 0 0 0 0 0 0 0 0
          0 0 0 0 0 0 0 0 0
          0 0 0 0 0 0 0 0 0
          0 0 0 0 0 0 0 0 0
          0 0 0 0 0 0 0 0 0
          0 0 0 0 0 0 0 0 0
          0 0 0 0 0 0 0 0 0
          0 0 0 0 0 0 0 0 0
          0 0 0 0 0 0 0 0 0
          0 0 0 0 0 0 0 0 0
          0 0 0 0 0 0 0 0 0
          0 0 0 0 0 0 0 0 0
          0 0 0 0 0 0 0 0 0
          0 0 0 0 0 0 0 0 0
          0 0 0 0 0 0 0 0 0
          0 0 0 0 0 0 0 0 0
          0 0 0 0 0 0 0 0 0
          0 0 0 0 0 0 0 0 0
          0 0 0 0 0 0 0 0 0
          0 0 0 0 0 0 0 0 0
          0 0 0 0 0 0 0 0 0
          0 0 0 0 0 0 0 0 0
          0 0 0 0 0 0 0 0 0
          0 0 0 0 0 0 0 0 0
          0 0 0 0 0 0 0 0 0
          0 0 0 0 0 0 0 0 0
          0 0 0 0 0 0 0 0 0
          0 0 0 0 0 0 0 0 0
          0 0 0 0 0 0 0 0 0
          0 0 0 0 0 0 0 0 0
          0 0 0 0 0 0 0 0 0
          0 0 0 0 0 0 0 0 0
          0 0 0 0 0 0 0 0 0
          0 0 0 0 0 0 0 0 0
          0 0 0 0 0 0 0 0 0
          0 0 0 0 0 0 0 0 0
          0 0 0 0 0 0 0 0 0
          0 0 0 0 0 0 0 0 0
          0 0 0 0 0 0 0 0 0
          0 0 0 0 0 0 0 0 0
          0 0 0 0 0 0 0 0 0
          0 0 0 0 0 0 0 0 0
          0 0 0 0 0 0 0 0 0
          0 0 0 0 0 0 0 0 0
          0 0 0 0 0 0 0 0 0
          0 0 0 0 0 0 0 0 0
          0 0 0 0 0 0 0 0 0
          0 0 0 0 0 0 0 0 0
          0 0 0 0 0 0 0 0 0
          0 0 0 0 0 0 0 0 0
          0 0 0 0 0 0 0 0 0
          0 0 0 0 0 0 0 0 0
          0 0 0 0 0 0 0 0 0
          0 0 0 0 0 0 0 0 0
          0 0 0 0 0 0 0 0 0
          0 0 0 0 0 0 0 0 0
          0 0 0 0 0 0 0 0 0
          0 0 0 0 0 0 0 0 0
          0 0 0 0 0 0 0 0 0
          0 0 0 0 0 0 0 0 0
          0 0 0 0 0 0 0 0 0
          0 0 0 0 0 0 0 0 0
          0 0 0 0 0 0 0 0 0
          0 0 0 0 0 0 0 0 0
          0 0 0 0 0 0 0 0 0
          0 0 0 0 0 0 0 0 0
          0 0 0 0 0 0 0 0 0
          0 0 0 0 0 0 0 0 0
          0 0 0 0 0 0 0 0 0
          0 0 0 0 0 0 0 0 0
          0 0 0 0 0 0 0 0 0
          0 0 0 0 0 0 0 0 0
          0 0 0 0 0 0 0 0 0
          0 0 0 0 0 0 0 0 0
          0 0 0 0 0 0 0 0 0
          0 0 0 0 0 0 0 0 0
          0 0 0 0 0 0 0 0 0
          0 0 0 0 0 0 0 0 0
          0 0 0 0 0 0 0 0 0
          0 0 0 0 0 0 0 0 0
          0 0 0 0 0 0 0 0 0
          0 0 0 0 0 0 0 0 0
          0 0 0 0 0 0 0 0 0
          0 0 0 0 0 0 0 0 0
          0 0 0 0 0 0 0 0 0
          0 0 0 0 0 0 0 0 0
          0 0 0 0 0 0 0 0 0
          0 0 0 0 0 0 0 0 0
          0 0 0 0 0 0 0 0 0
          0 0 0 0 0 0 0 0 0
          0 0 0 0 0 0 0 0 0
          0 0 0 0 0 0 0 0 0
          0 0 0 0 0 0 0 0 0
          0 0 0 0 0 0 0 0 0
          0 0 0 0 0 0 0 0 0
          0 0 0 0 0 0 0 0 0
          0 0 0 0 0 0 0 0 0
          0 0 0 0 0 0 0 0 0
          0 0 0 0 0 0 0 0 0
          0 0 0 0 0 0 0 0 0
          0 0 0 0 0 0 0 0 0
          0 0 0 0 0 0 0 0 0
          0 0 0 0 0 0 0 0 0
          0 0 0 0 0 0 0 0 0
          0 0 0 0 0 0 0 0 0
          0 0 0 0 0 0 0 0 0
          0 0 0 0 0 0 0 0 0
          0 0 0 0 0 0 0 0 0
          0 0 0 0 0 0 0 0 0
          0 0 0 0 0 0 0 0 0
          0 0 0 0 0 0 0 0 0
          0 0 0 0 0 0 0 0 0
          0 0 0 0 0 0 0 0 0
          0 0 0 0 0 0 0 0 0
          0 0 0 0 0 0 0 0 0
          0 0 0 0 0 0 0 0 0
          0 0 0 0 0 0 0 0 0
          0 0 0 0 0 0 0 0 0
          0 0 0 0 0 0 0 0 0
          0 0 0 0 0 0 0 0 0
          0 0 0 0 0 0 0 0 0
          0 0 0 0 0 0 0 0 0
          0 0 0 0 0 0 0 0 0
          0 0 0 0 0 0 0 0 0
          0 0 0 0 0 0 0 0 0
          0 0 0 0 0 0 0 0 0
          0 0 0 0 0 0 0 0 0
          0 0 0 0 0 0 0 0 0
          0 0 0 0 0 0 0 0 0
          0 0 0 0 0 0 0 0 0
          0 0 0 0 0 0 0 0 0
          0 0 0 0 0 0 0 0 0
          0 0 0 0 0 0 0 0 0
          0 0 0 0 0 0 0 0 0
          0 0 0 0 0 0 0 0 0
          0 0 0 0 0 0 0 0 0
          0 0 0 0 0 0 0 0 0
          0 0 0 0 0 0 0 0 0
          0 0 0 0 0 0 0 0 0
          0 0 0 0 0 0 0 0 0
          0 0 0 0 0 0 0 0 0
          0 0 0 0 0 0 0 0 0
          0 0 0 0 0 0 0 0 0
          0 0 0 0 0 0 0 0 0
          0 0 0 0 0 0 0 0 0
          0 0 0 0 0 0 0 0 0
          0 0 0 0 0 0 0 0 0
          0 0 0 0 0 0 0 0 0
          0 0 0 0 0 0 0 0 0
          0 0 0 0 0 0 0 0 0
          0 0 0 0 0 0 0 0 0
          0 0 0 0 0 0 0 0 0
          0 0 0 0 0 0 0 0 0
          0 0 0 0 0 0 0 0 0
          0 0 0 0 0 0 0 0 0
          0 0 0 0 0 0 0 0 0
          0 0 0 0 0 0 0 0 0
          0 0 0 0 0 0 0 0 0
          0 0 0 0 0 0 0 0 0
          0 0 0 0 0 0 0 0 0
          0 0 0 0 0 0 0 0 0
          0 0 0 0 0 0 0 0 0
          0 0 0 0 0 0 0 0 0
          0 0 0 0 0 0 0 0 0
          0 0 0 0 0 0 0 0 0
          0 0 0 0 0 0 0 0 0
          0 0 0 0 0 0 0 0 0
          0 0 0 0 0 0 0 0 0
          0 0 0 0 0 0 0 0 0
          0 0 0 0 0 0 0 0 0
          0 0 0 0 0 0 0 0 0
          0 0 0 0 0 0 0 0 0
          0 0 0 0 0 0 0 0 0
          0 0 0 0 0 0 0 0 0
          0 0 0 0 0 0 0 0 0
          0 0 0 0 0 0 0 0 0
          0 0 0 0 0 0 0 0 0
          0 0 0 0 0 0 0 0 0
          0 0 0 0 0 0 0 0 0
          0 0 0 0 0 0 0 0 0
          0 0 0 0 0 0 0 0 0
          0 0 0 0 0 0 0 0 0
          0 0 0 0 0 0 0 0 0
          0 0 0 0 0 0 0 0 0
          0 0 0 0 0 0 0 0 0
          0 0 0 0 0 0 0 0 0
          0 0 0 0 0 0 0 0 0
          0 0 0 0 0 0 0 0 0
          0 0 0 0 0 0 0 0 0
          0 0 0 0 0 0 0 0 0
          0 0 0 0 0 0 0 0 0
          0 0 0 0 0 0 0 0 0
          0 0 0 0 0 0 0 0 0
          0 0 0 0 0 0 0 0 0
          0 0 0 0 0 0 0 0 0
          0 0 0 0 0 0 0 0 0
          0 0 0 0 0 0 0 0 0
          0 0 0 0 0 0 0 0 0
          0 0 0 0 0 0 0 0 0
          0 0 0 0 0 0 0 0 0
          0 0 0 0 0 0 0 0 0
          0 0 0 0 0 0 0 0 0
          0 0 0 0 0 0 0 0 0
          0 0 0 0 0 0 0 0 0
          0 0 0 0 0 0 0 0 0
          0 0 0 0 0 0 0 0 0
          0 0 0 0 0 0 0 0 0
          0 0 0 0 0 0 0 0 0
          0 0 0 0 0 0 0 0 0
          0 0 0 0 0 0 0 0 0
          0 0 0 0 0 0 0 0 0
          0 0 0 0 0 0 0 0 0
          0 0 0 0 0 0 0 0 0
          0 0 0 0 0 0
        </DataArray>
        <DataArray type="Float32" Name="k" format="ascii">
          5.34932333e-13 5.51797e-13 5.52008667e-13 5.3577e-13 5.34384667e-13 5.51966333e-13 5.51991e-13 5.34932333e-13 5.34951667e-13
          5.35525e-13 5.46133e-13 5.62312667e-13 5.47509e-13 5.47510667e-13 5.55948667e-13 5.53823667e-13 5.53829e-13 5.55954333e-13
          5.68332667e-13 5.6323e-13 5.59361333e-13 5.64747e-13 5.63101e-13 5.68333667e-13 5.6475e-13 5.59363e-13 5.47776667e-13
          5.47774667e-13 5.54165e-13 5.56551e-13 5.56556667e-13 5.54170333e-13 5.52586333e-13 5.44253333e-13 5.44249333e-13 5.52584667e-13
          5.62922e-13 5.68240667e-13 5.64655e-13 5.59135333e-13 5.47650667e-13 5.47641667e-13 5.56293e-13 5.54041e-13 5.53956333e-13
          5.56157e-13 5.43780667e-13 5.52236333e-13 5.43706e-13 5.52101333e-13 5.68254e-13 5.63060667e-13 5.59149667e-13 5.64670333e-13
          5.47645e-13 5.47654333e-13 5.54048e-13 5.56300667e-13 5.56164667e-13 5.53963333e-13 5.52249e-13 5.43791667e-13 5.43705667e-13
          5.52102333e-13 5.43273e-13 5.51836667e-13 5.43280667e-13 5.51846333e-13 5.67264e-13 5.64582333e-13 5.64737667e-13 5.67296667e-13
          5.64883e-13 5.67348667e-13 5.67340667e-13 5.64742333e-13 5.34951667e-13 5.52002333e-13 5.52011e-13 5.34384667e-13 5.48447333e-13
          5.48443333e-13 5.56933e-13 5.56620333e-13 5.55286e-13 5.46548333e-13 5.68077333e-13 5.62902333e-13 5.58924667e-13 5.64442e-13
          5.56543667e-13 5.55339333e-13 5.46554667e-13 5.62773e-13 5.68079667e-13 5.64446333e-13 5.58927667e-13 5.56497667e-13 5.55136e-13
          5.46124667e-13 5.62743667e-13 5.68021e-13 5.68034e-13 5.62885e-13 5.64385667e-13 5.58792667e-13 5.58806e-13 5.64400667e-13
          5.53901333e-13 5.58492667e-13 5.58171e-13 5.57118e-13 5.50104667e-13 5.66971e-13 5.64417e-13 5.50127667e-13 5.57144333e-13
          5.64568333e-13 5.66993667e-13 5.53812667e-13 5.63029667e-13 5.63078667e-13 5.53818e-13 5.54225e-13 5.53829333e-13 5.54083e-13
          5.57702e-13 5.50745e-13 5.5074e-13 5.57703333e-13 5.54320667e-13 5.63481667e-13 5.63458667e-13 5.54331333e-13 5.57617333e-13
          5.5065e-13 5.53911333e-13 5.53594333e-13 5.53914e-13 5.50334e-13 5.57152333e-13 5.64553667e-13 5.67005333e-13 5.54283667e-13
          5.63455e-13 5.63073333e-13 5.54051333e-13 5.50699333e-13 5.57659333e-13 5.54255667e-13 5.58656667e-13 5.58184e-13 5.57147e-13
          5.50339e-13 5.66996333e-13 5.64413333e-13 5.63504667e-13 5.54380667e-13 5.54143e-13 5.63195e-13 5.66889667e-13 5.66110333e-13
          5.67101333e-13 5.66288333e-13 5.66083667e-13 5.67057e-13 5.67032333e-13 5.65909667e-13 5.67088333e-13 5.66334333e-13 5.66843333e-13
          5.66017333e-13 5.65866e-13 5.67033333e-13 5.67024667e-13 5.65901e-13 5.22017667e-13 5.24631333e-13 5.20566667e-13 5.21642e-13
          5.19822e-13 5.21141667e-13 5.19922333e-13 5.21238333e-13 5.19817667e-13 5.21134667e-13 5.19920667e-13 5.21237333e-13 5.19819e-13
          5.21135667e-13 5.19925333e-13 5.21244333e-13 5.20466e-13 5.21536667e-13 5.22156667e-13 5.24768e-13 5.20526333e-13 5.21574e-13
          5.19782667e-13 5.21071e-13 5.19075333e-13 5.18730333e-13 5.18322333e-13 5.18042667e-13 5.18321333e-13 5.18042333e-13 5.17559667e-13
          5.17525e-13 5.18422667e-13 5.18315e-13 5.18318e-13 5.18036e-13 5.17657667e-13 5.17623333e-13 5.17554667e-13 5.17517667e-13
          5.18421e-13 5.18313667e-13 5.18319333e-13 5.18036667e-13 5.17656e-13 5.17622333e-13 5.17556333e-13 5.17518333e-13 5.18425667e-13
          5.18321e-13 5.18981e-13 5.18454667e-13 5.17661e-13 5.17629667e-13 5.18223333e-13 5.17935333e-13 5.20671667e-13 5.21931e-13
          5.19920667e-13 5.21212667e-13 5.19883e-13 5.21172333e-13 5.19778333e-13 5.21064333e-13 5.18421667e-13 5.18314667e-13 5.17657667e-13
          5.17623333e-13 5.18317e-13 5.18035667e-13 5.17554667e-13 5.17517667e-13 5.17755667e-13 5.17891333e-13 5.17652667e-13 5.17616e-13
          5.17652667e-13 5.17616e-13 5.17549333e-13 5.17509667e-13 5.17754e-13 5.17890333e-13 5.17654333e-13 5.17616667e-13 5.17650667e-13
          5.17614333e-13 5.17551333e-13 5.17511e-13 5.17759e-13 5.17898e-13 5.18329667e-13 5.18042333e-13 5.17656e-13 5.17622333e-13
          5.18219e-13 5.17928667e-13 5.20027e-13 5.21526667e-13 5.19916333e-13 5.21206e-13 5.19881333e-13 5.21171333e-13 5.19779667e-13
          5.21065e-13 5.1842e-13 5.18313333e-13 5.17656e-13 5.17622333e-13 5.18318333e-13 5.18036333e-13 5.17556333e-13 5.17518333e-13
          5.17754e-13 5.17890333e-13 5.17650667e-13 5.17614333e-13 5.17654333e-13 5.17616667e-13 5.17551333e-13 5.17511e-13 5.17752e-13
          5.17889e-13 5.17652667e-13 5.17616e-13 5.17652667e-13 5.17616e-13 5.17553e-13 5.17512e-13 5.17757333e-13 5.17897e-13
          5.18328e-13 5.18041e-13 5.17657667e-13 5.17623333e-13 5.18220333e-13 5.17929333e-13 5.20025333e-13 5.21525333e-13 5.19917667e-13
          5.21207e-13 5.19886e-13 5.21178333e-13 5.20425333e-13 5.21464333e-13 5.18424667e-13 5.18320667e-13 5.17661e-13 5.17629667e-13
          5.1898e-13 5.18454333e-13 5.18223333e-13 5.17935333e-13 5.17759e-13 5.17898e-13 5.17656e-13 5.17622333e-13 5.18329667e-13
          5.18042333e-13 5.18219e-13 5.17928667e-13 5.17757333e-13 5.17897e-13 5.17657667e-13 5.17623333e-13 5.18328e-13 5.18041e-13
          5.18220333e-13 5.17929333e-13 5.17762333e-13 5.17904333e-13 5.18332667e-13 5.18048333e-13 5.18332667e-13 5.18048333e-13 5.18874667e-13
          5.18340333e-13 5.2003e-13 5.21532667e-13 5.20569667e-13 5.21613e-13 5.22116e-13 5.24695667e-13 5.20670667e-13 5.21930667e-13
          5.19920667e-13 5.21212667e-13 5.20027e-13 5.21526667e-13 5.19916333e-13 5.21206e-13 5.20025333e-13 5.21525333e-13 5.19917667e-13
          5.21207e-13 5.2003e-13 5.21532667e-13 5.20569667e-13 5.21613e-13 5.22264667e-13 5.25086667e-13 5.66086667e-13 5.66430333e-13
          5.59699e-13 5.53616e-13 5.43125667e-13 5.55228333e-13 5.33931e-13 5.40695333e-13 5.33906333e-13 5.4052e-13 5.54937e-13
          5.48835333e-13 5.56816667e-13 5.52294333e-13 5.54656e-13 5.48816e-13 5.55892333e-13 5.51326e-13 5.30787e-13 5.36874667e-13
          5.31071e-13 5.39373667e-13 5.20026667e-13 5.21374667e-13 5.30699667e-13 5.36855333e-13 5.30424333e-13 5.38472333e-13 5.21167333e-13
          5.19870333e-13 5.54781667e-13 5.48727667e-13 5.56335333e-13 5.51573e-13 5.54630667e-13 5.48777e-13 5.55883667e-13 5.51320667e-13
          5.30626667e-13 5.36766667e-13 5.30667667e-13 5.38719333e-13 5.19945e-13 5.21251333e-13 5.30674333e-13 5.36816e-13 5.30417e-13
          5.38467333e-13 5.21148333e-13 5.19841667e-13 5.54781333e-13 5.48727333e-13 5.56334e-13 5.51570667e-13 5.54631e-13 5.48777333e-13
          5.55884667e-13 5.51322667e-13 5.30626333e-13 5.36766333e-13 5.30666667e-13 5.38717333e-13 5.19944667e-13 5.21251e-13 5.30674667e-13
          5.36816333e-13 5.30418e-13 5.38469e-13 5.21148667e-13 5.19841667e-13 5.54806333e-13 5.48766333e-13 5.56342333e-13 5.51576e-13
          5.54783333e-13 5.48883667e-13 5.5636e-13 5.52041e-13 5.30651667e-13 5.36805667e-13 5.30673667e-13 5.38722333e-13 5.19973667e-13
          5.2127e-13 5.30832667e-13 5.36923e-13 5.30820333e-13 5.39124667e-13 5.21269e-13 5.19921333e-13 5.6638e-13 5.66502333e-13
          5.60178e-13 5.53867e-13 5.86465333e-13 5.7786e-13 5.43103333e-13 5.55209e-13 5.34187e-13 5.40950667e-13 5.40687333e-13
          5.34025333e-13 5.66313667e-13 5.66566667e-13 5.59682333e-13 5.53400333e-13 5.30699e-13 5.36820667e-13 5.38908667e-13 5.30729e-13
          5.21325667e-13 5.20005333e-13 5.30612333e-13 5.36801667e-13 5.21114333e-13 5.19849333e-13 5.30337333e-13 5.38264e-13 5.18362333e-13
          5.18233667e-13 5.18504333e-13 5.18432e-13 5.18431333e-13 5.18503667e-13 5.18247667e-13 5.18176e-13 5.18348e-13 5.18045667e-13
          5.17769333e-13 5.17768e-13 5.18248e-13 5.18176333e-13 5.18045333e-13 5.18347667e-13 5.17768e-13 5.17769333e-13 5.18120667e-13
          5.18118667e-13 5.17554333e-13 5.17611e-13 5.17554333e-13 5.17611e-13 5.18211667e-13 5.18139333e-13 5.18421667e-13 5.18304333e-13
          5.18013667e-13 5.17840333e-13 5.18230667e-13 5.18149333e-13 5.18318333e-13 5.18026e-13 5.17762333e-13 5.17763333e-13 5.18113e-13
          5.18091e-13 5.17627e-13 5.17683333e-13 5.17681333e-13 5.17639e-13 5.18123e-13 5.18101e-13 5.17547e-13 5.17606333e-13
          5.17534e-13 5.1758e-13 5.18214e-13 5.18141333e-13 5.18421333e-13 5.18303667e-13 5.18012667e-13 5.17839e-13 5.18228667e-13
          5.18147667e-13 5.18318333e-13 5.18026e-13 5.17763e-13 5.17764667e-13 5.18120333e-13 5.18093e-13 5.17626e-13 5.17682e-13
          5.17681333e-13 5.17638667e-13 5.18116333e-13 5.18099333e-13 5.17547667e-13 5.17607667e-13 5.17534e-13 5.1758e-13 5.18231e-13
          5.18168e-13 5.18451333e-13 5.18324e-13 5.1802e-13 5.17843667e-13 5.18378e-13 5.18241333e-13 5.18399e-13 5.18149667e-13
          5.18184e-13 5.18436e-13 5.18117e-13 5.1811e-13 5.17633333e-13 5.17686667e-13 5.17712333e-13 5.17659e-13 5.18249e-13
          5.18183333e-13 5.17964667e-13 5.18274e-13 5.17661667e-13 5.17664667e-13 5.30705667e-13 5.36846333e-13 5.39189e-13 5.31175e-13
          5.21639333e-13 5.20105667e-13 5.54693667e-13 5.48798667e-13 5.51902e-13 5.56331333e-13 5.30613e-13 5.36808333e-13 5.21214333e-13
          5.19943667e-13 5.38434e-13 5.30464333e-13 5.54614333e-13 5.48760667e-13 5.55779e-13 5.51083667e-13 5.30539333e-13 5.36713e-13
          5.38252333e-13 5.30326667e-13 5.21202667e-13 5.19923667e-13 5.30587e-13 5.36762333e-13 5.21095333e-13 5.19820333e-13 5.30330333e-13
          5.38259333e-13 5.18211667e-13 5.18139333e-13 5.17840333e-13 5.18013667e-13 5.18304e-13 5.18421333e-13 5.18113e-13 5.18091e-13
          5.17683333e-13 5.17627e-13 5.17639e-13 5.17681333e-13 5.18230667e-13 5.18149333e-13 5.18025667e-13 5.18318e-13 5.17763333e-13
          5.17762333e-13 5.18123e-13 5.18101e-13 5.17534e-13 5.1758e-13 5.17547e-13 5.17606333e-13 5.18178667e-13 5.18207e-13
          5.17753333e-13 5.17881e-13 5.17881e-13 5.17753333e-13 5.18297667e-13 5.18284e-13 5.17652e-13 5.17606333e-13 5.17631667e-13
          5.17676667e-13 5.18298333e-13 5.18284667e-13 5.17606333e-13 5.17652e-13 5.17676667e-13 5.17631667e-13 5.18477333e-13 5.18361667e-13
          5.17526333e-13 5.17575e-13 5.17526333e-13 5.17575e-13 5.18277e-13 5.18270333e-13 5.17753333e-13 5.17880667e-13 5.1788e-13
          5.17752e-13 5.18196e-13 5.18213333e-13 5.17652e-13 5.17606333e-13 5.17632333e-13 5.17678e-13 5.18456e-13 5.18342333e-13
          5.17605e-13 5.17650333e-13 5.17676e-13 5.17630667e-13 5.18295333e-13 5.18285333e-13 5.17527333e-13 5.17576667e-13 5.17526333e-13
          5.17575e-13 5.18096667e-13 5.18083333e-13 5.17784667e-13 5.17901667e-13 5.17887667e-13 5.17756667e-13 5.18227333e-13 5.18147e-13
          5.17737e-13 5.17734667e-13 5.18058333e-13 5.18354e-13 5.18120333e-13 5.18093e-13 5.17612667e-13 5.17655333e-13 5.17707667e-13
          5.17651667e-13 5.18232333e-13 5.18156667e-13 5.17945333e-13 5.18244667e-13 5.17654667e-13 5.1766e-13 5.30546667e-13 5.36739e-13
          5.38532e-13 5.3077e-13 5.21515333e-13 5.20024e-13 5.54539e-13 5.48691e-13 5.51181667e-13 5.55853e-13 5.30588e-13
          5.36769e-13 5.21195333e-13 5.19914667e-13 5.38429e-13 5.30457e-13 5.54588667e-13 5.48721e-13 5.5577e-13 5.51078333e-13
          5.30539e-13 5.36712667e-13 5.38251e-13 5.30326e-13 5.21202333e-13 5.19923333e-13 5.30587333e-13 5.36762333e-13 5.21095333e-13
          5.19820333e-13 5.30331e-13 5.38260667e-13 5.18214e-13 5.18141333e-13 5.17839e-13 5.18012667e-13 5.18303333e-13 5.18421e-13
          5.18120333e-13 5.18093e-13 5.17682e-13 5.17626e-13 5.17638667e-13 5.17681333e-13 5.18228667e-13 5.18147667e-13 5.18025667e-13
          5.18318e-13 5.17764667e-13 5.17763e-13 5.18116333e-13 5.18099333e-13 5.17534e-13 5.1758e-13 5.17547667e-13 5.17607667e-13
          5.18276333e-13 5.18269667e-13 5.17752e-13 5.1788e-13 5.17880667e-13 5.17753333e-13 5.18457667e-13 5.18341667e-13 5.17650333e-13
          5.17605e-13 5.17630667e-13 5.17676e-13 5.18195667e-13 5.18212667e-13 5.17606333e-13 5.17652e-13 5.17678e-13 5.17632333e-13
          5.18295e-13 5.18284667e-13 5.17526333e-13 5.17575e-13 5.17527333e-13 5.17576667e-13 5.18436333e-13 5.18333e-13 5.17751667e-13
          5.17879667e-13 5.17879667e-13 5.17751667e-13 5.18292333e-13 5.18277e-13 5.17650667e-13 5.17605667e-13 5.17632333e-13 5.17678e-13
          5.18293333e-13 5.18277667e-13 5.17605667e-13 5.17650667e-13 5.17678e-13 5.17632333e-13 5.18199333e-13 5.18221667e-13 5.17527667e-13
          5.17576667e-13 5.17527667e-13 5.17576667e-13 5.18103667e-13 5.18085e-13 5.17783e-13 5.17900333e-13 5.17887333e-13 5.17756667e-13
          5.18229333e-13 5.18148667e-13 5.17735333e-13 5.17733333e-13 5.18057667e-13 5.18353667e-13 5.18113333e-13 5.18091333e-13 5.17613e-13
          5.17655333e-13 5.17709e-13 5.17652667e-13 5.1823e-13 5.18155e-13 5.17945333e-13 5.18244667e-13 5.17655333e-13 5.17661333e-13
          5.30546333e-13 5.36738667e-13 5.38530667e-13 5.30769e-13 5.21514667e-13 5.20023667e-13 5.54538333e-13 5.48690667e-13 5.5118e-13
          5.55851667e-13 5.30588667e-13 5.36769333e-13 5.21195667e-13 5.19914667e-13 5.38430667e-13 5.30458333e-13 5.54589333e-13 5.48721333e-13
          5.55771667e-13 5.51080333e-13 5.30564e-13 5.36752e-13 5.38255667e-13 5.30333e-13 5.21221667e-13 5.19952333e-13 5.30745e-13
          5.36869333e-13 5.21215667e-13 5.199e-13 5.30731333e-13 5.38914e-13 5.18231e-13 5.18168e-13 5.17843667e-13 5.1802e-13
          5.18323667e-13 5.18450667e-13 5.18117e-13 5.1811e-13 5.17686667e-13 5.17633333e-13 5.17659e-13 5.17712333e-13 5.18378e-13
          5.18241333e-13 5.18149333e-13 5.18398333e-13 5.18436e-13 5.18184e-13 5.18249e-13 5.18183333e-13 5.17661667e-13 5.17664667e-13
          5.17964667e-13 5.18274e-13 5.18096667e-13 5.18083333e-13 5.17756667e-13 5.17887667e-13 5.17901667e-13 5.17784667e-13 5.18120333e-13
          5.18093e-13 5.17655333e-13 5.17612667e-13 5.17651667e-13 5.17707667e-13 5.18227333e-13 5.18147e-13 5.17734667e-13 5.17737e-13
          5.18354e-13 5.18058333e-13 5.18232333e-13 5.18156667e-13 5.17654667e-13 5.1766e-13 5.17945333e-13 5.18244667e-13 5.18103667e-13
          5.18085e-13 5.17756667e-13 5.17887333e-13 5.17900333e-13 5.17783e-13 5.18113333e-13 5.18091333e-13 5.17655333e-13 5.17613e-13
          5.17652667e-13 5.17709e-13 5.18229333e-13 5.18148667e-13 5.17733333e-13 5.17735333e-13 5.18353667e-13 5.18057667e-13 5.1823e-13
          5.18155e-13 5.17655333e-13 5.17661333e-13 5.17945333e-13 5.18244667e-13 5.18101333e-13 5.18102667e-13 5.17787667e-13 5.17907667e-13
          5.17907667e-13 5.17787667e-13 5.18246333e-13 5.18175667e-13 5.1774e-13 5.17740667e-13 5.18077667e-13 5.18383333e-13 5.18246333e-13
          5.18175667e-13 5.17740667e-13 5.1774e-13 5.18383333e-13 5.18077667e-13 5.18379333e-13 5.18248667e-13 5.18069e-13 5.18325333e-13
          5.18069e-13 5.18325333e-13 5.30571333e-13 5.36778333e-13 5.38535333e-13 5.30776333e-13 5.21534e-13 5.20052667e-13 5.54564e-13
          5.48730333e-13 5.51185e-13 5.55860333e-13 5.30746667e-13 5.36876667e-13 5.21316e-13 5.19994667e-13 5.39093333e-13 5.30865333e-13
          5.54743333e-13 5.48828667e-13 5.56248667e-13 5.51801333e-13 5.43003e-13 5.55161333e-13 5.40479e-13 5.33837e-13 5.33974667e-13
          5.40668333e-13 5.66228333e-13 5.66512667e-13 5.59649e-13 5.53388e-13 5.30706e-13 5.36846667e-13 5.20105667e-13 5.21639333e-13
          5.31174667e-13 5.39188e-13 5.30613e-13 5.36808333e-13 5.19943667e-13 5.21214333e-13 5.30464333e-13 5.38434e-13 5.54694e-13
          5.48799e-13 5.56337667e-13 5.51907667e-13 5.54614333e-13 5.48760667e-13 5.55779e-13 5.51083667e-13 5.30546667e-13 5.36739e-13
          5.20024e-13 5.21515333e-13 5.3077e-13 5.38532e-13 5.30588e-13 5.36769e-13 5.19914667e-13 5.21195333e-13 5.30457e-13
          5.38429e-13 5.54539e-13 5.48691e-13 5.55853e-13 5.51181667e-13 5.54588667e-13 5.48721e-13 5.5577e-13 5.51078333e-13
          5.30546333e-13 5.36738667e-13 5.20023667e-13 5.21514667e-13 5.30769e-13 5.38530667e-13 5.30588667e-13 5.36769333e-13 5.19914667e-13
          5.21195667e-13 5.30458333e-13 5.38430667e-13 5.54538333e-13 5.48690667e-13 5.55851667e-13 5.5118e-13 5.54589333e-13 5.48721333e-13
          5.55771667e-13 5.51080333e-13 5.30571333e-13 5.36778333e-13 5.20052667e-13 5.21534e-13 5.30776333e-13 5.38535333e-13 5.30746667e-13
          5.36876667e-13 5.19994667e-13 5.21316e-13 5.30865333e-13 5.39093333e-13 5.54564e-13 5.48730333e-13 5.55860333e-13 5.51185e-13
          5.54743333e-13 5.48828667e-13 5.56248667e-13 5.51801333e-13 5.43005e-13 5.55172333e-13 5.40775e-13 5.34325667e-13 5.34325667e-13
          5.40775e-13 5.66178667e-13 5.66496e-13 5.53483e-13 5.59716667e-13 5.66178667e-13 5.66496e-13 5.59716667e-13 5.53483e-13
          5.86428333e-13 5.77819667e-13 5.77748667e-13 5.86344667e-13 5.66308333e-13 5.66546667e-13 5.53374333e-13 5.59713333e-13 5.48758e-13
          5.54651333e-13 5.51763e-13 5.56226667e-13 5.54616667e-13 5.48739e-13 5.51053e-13 5.55809333e-13 5.48650667e-13 5.54496333e-13
          5.51041333e-13 5.55747667e-13 5.54591333e-13 5.487e-13 5.51048e-13 5.55800667e-13 5.48650333e-13 5.54495667e-13 5.51039667e-13
          5.55746333e-13 5.54591667e-13 5.487e-13 5.51049667e-13 5.55802e-13 5.48689333e-13 5.54521e-13 5.51044667e-13 5.55755e-13
          5.54744667e-13 5.48806667e-13 5.51766333e-13 5.56276667e-13 5.66468e-13 5.66142e-13 5.53331333e-13 5.59602333e-13 5.86433333e-13
          5.77819333e-13 5.27133333e-13 5.23662667e-13 5.23136667e-13 5.21657e-13 5.22629333e-13 5.20864667e-13 5.2263e-13 5.20867667e-13
          5.22621e-13 5.2086e-13 5.22629e-13 5.20866333e-13 5.22622e-13 5.20861333e-13 5.22637333e-13 5.20871e-13 5.23124e-13
          5.21646667e-13 5.27141667e-13 5.23665667e-13 5.23077e-13 5.21632333e-13 5.22574e-13 5.20844e-13 5.19071333e-13 5.19626667e-13
          5.18581333e-13 5.18840667e-13 5.18584e-13 5.18843333e-13 5.18091333e-13 5.18075e-13 5.18572667e-13 5.18843667e-13 5.18575667e-13
          5.18837333e-13 5.18113e-13 5.18089e-13 5.18131333e-13 5.18130333e-13 5.18573333e-13 5.18843667e-13 5.18575e-13 5.18837333e-13
          5.18141333e-13 5.18135e-13 5.18103667e-13 5.18084667e-13 5.18579e-13 5.18847e-13 5.19069333e-13 5.19616333e-13 5.18100667e-13
          5.18079333e-13 5.18571667e-13 5.18836667e-13 5.23075667e-13 5.21635333e-13 5.22586333e-13 5.20847667e-13 5.22574333e-13 5.20846667e-13
          5.22566e-13 5.20839667e-13 5.18575e-13 5.18846e-13 5.18113e-13 5.18089e-13 5.18578333e-13 5.1884e-13 5.18131333e-13
          5.18130333e-13 5.18138e-13 5.18103e-13 5.18243e-13 5.18189e-13 5.18243e-13 5.18189e-13 5.18618667e-13 5.18640333e-13
          5.18238667e-13 5.18193667e-13 5.18142667e-13 5.18098667e-13 5.18609333e-13 5.18635e-13 5.18232333e-13 5.18184e-13 5.18108667e-13
          5.18093333e-13 5.18575333e-13 5.18838e-13 5.18141e-13 5.18134667e-13 5.18566333e-13 5.18833e-13 5.22572333e-13 5.20849e-13
          5.22578e-13 5.20842667e-13 5.22573667e-13 5.20845667e-13 5.22567e-13 5.20840667e-13 5.18575667e-13 5.18846e-13 5.18141333e-13
          5.18135e-13 5.18577667e-13 5.1884e-13 5.18103667e-13 5.18084667e-13 5.18238333e-13 5.18193667e-13 5.18616667e-13 5.18640333e-13
          5.18142667e-13 5.18098667e-13 5.18232333e-13 5.18184e-13 5.18599e-13 5.18635e-13 5.18242333e-13 5.18188667e-13 5.18242667e-13
          5.18188667e-13 5.18133333e-13 5.18094333e-13 5.18137e-13 5.18139333e-13 5.18576e-13 5.18837667e-13 5.18113333e-13 5.18089333e-13
          5.18565333e-13 5.18833333e-13 5.22571333e-13 5.20847333e-13 5.22579333e-13 5.20844333e-13 5.22581667e-13 5.20850333e-13 5.23068667e-13
          5.21626e-13 5.18581667e-13 5.18849667e-13 5.18100667e-13 5.18079333e-13 5.19072e-13 5.19618667e-13 5.18571667e-13 5.18836667e-13
          5.18108667e-13 5.18093333e-13 5.18141e-13 5.18134667e-13 5.18575333e-13 5.18838e-13 5.18566333e-13 5.18833e-13 5.18137e-13
          5.18139333e-13 5.18113333e-13 5.18089333e-13 5.18576e-13 5.18837667e-13 5.18565333e-13 5.18833333e-13 5.18097333e-13 5.18084333e-13
          5.18581333e-13 5.18841333e-13 5.18581333e-13 5.18841333e-13 5.19059333e-13 5.19611667e-13 5.22579333e-13 5.20852333e-13 5.23081333e-13
          5.21629667e-13 5.2708e-13 5.23646667e-13 5.2308e-13 5.21639333e-13 5.22586333e-13 5.20847667e-13 5.22572333e-13 5.20849e-13
          5.22578e-13 5.20842667e-13 5.22571333e-13 5.20847333e-13 5.22579333e-13 5.20844333e-13 5.22579333e-13 5.20852333e-13 5.23081333e-13
          5.21629667e-13 5.27080333e-13 5.23647667e-13 5.68355e-13 5.66691667e-13 5.52107333e-13 5.59094e-13 5.57716667e-13 5.43206e-13
          5.39887333e-13 5.35115e-13 5.39893333e-13 5.35144e-13 5.51377667e-13 5.56206e-13 5.50121667e-13 5.55547667e-13 5.51075e-13
          5.55641667e-13 5.49345e-13 5.54906667e-13 5.38800333e-13 5.30803667e-13 5.37901667e-13 5.31138333e-13 5.22785333e-13 5.21019667e-13
          5.38497667e-13 5.3045e-13 5.37117e-13 5.30683e-13 5.20948333e-13 5.22646e-13 5.51292e-13 5.56068333e-13 5.49291e-13
          5.55048667e-13 5.51041667e-13 5.55617667e-13 5.49338e-13 5.54896667e-13 5.38718333e-13 5.30680667e-13 5.37063e-13 5.30626667e-13
          5.2263e-13 5.20919e-13 5.38468e-13 5.30430667e-13 5.3711e-13 5.30673333e-13 5.20912667e-13 5.22622e-13 5.51291667e-13
          5.56068e-13 5.49288333e-13 5.55047333e-13 5.51041667e-13 5.55617667e-13 5.49340667e-13 5.54898e-13 5.38718e-13 5.30680333e-13
          5.37060333e-13 5.30625333e-13 5.2263e-13 5.20919e-13 5.38468e-13 5.30431e-13 5.37112667e-13 5.30674667e-13 5.20912667e-13
          5.22622e-13 5.51325e-13 5.56091667e-13 5.49295333e-13 5.55057e-13 5.51127e-13 5.55753333e-13 5.50156667e-13 5.5539e-13
          5.38747667e-13 5.30699333e-13 5.37067333e-13 5.30635e-13 5.22654e-13 5.20954667e-13 5.38549667e-13 5.30552667e-13 5.37938e-13
          5.31181333e-13 5.21012333e-13 5.22775333e-13 5.68789e-13 5.67261e-13 5.52071667e-13 5.59297e-13 5.79265667e-13 5.86465333e-13
          5.58047e-13 5.43444333e-13 5.39853e-13 5.35095e-13 5.3515e-13 5.39886667e-13 5.68523667e-13 5.66865e-13 5.52015e-13
          5.59131e-13 5.38366333e-13 5.30480667e-13 5.31069333e-13 5.37844667e-13 5.20981333e-13 5.22706667e-13 5.38321667e-13 5.30380667e-13
          5.2091e-13 5.22567667e-13 5.37075667e-13 5.30618667e-13 5.17912333e-13 5.18133e-13 5.18715333e-13 5.18984667e-13 5.18993e-13
          5.18718333e-13 5.17781667e-13 5.17772333e-13 5.18587e-13 5.18913333e-13 5.18206667e-13 5.18242e-13 5.17781667e-13 5.17772333e-13
          5.18921667e-13 5.1859e-13 5.18242e-13 5.18206667e-13 5.17651e-13 5.17583667e-13 5.18140333e-13 5.18106e-13 5.18140333e-13
          5.18106e-13 5.17826667e-13 5.18003e-13 5.18563667e-13 5.18886e-13 5.18197e-13 5.18220667e-13 5.17751e-13 5.17752333e-13
          5.18566333e-13 5.18879667e-13 5.1821e-13 5.1824e-13 5.17696e-13 5.17642667e-13 5.18130667e-13 5.18104e-13 5.18122e-13
          5.18156667e-13 5.17620333e-13 5.17563333e-13 5.18152333e-13 5.18123e-13 5.18166e-13 5.18131333e-13 5.17826667e-13 5.18002667e-13
          5.18564e-13 5.18886e-13 5.18202e-13 5.18223333e-13 5.17751e-13 5.17752333e-13 5.18566e-13 5.18879667e-13 5.18205333e-13
          5.18237667e-13 5.17696e-13 5.17642333e-13 5.18144333e-13 5.18120333e-13 5.18141333e-13 5.18170667e-13 5.17620333e-13 5.17563333e-13
          5.18139e-13 5.18107333e-13 5.18152333e-13 5.18112667e-13 5.17857333e-13 5.18023e-13 5.18585e-13 5.1892e-13 5.18198333e-13
          5.18225e-13 5.17835333e-13 5.17879e-13 5.18716333e-13 5.18977667e-13 5.18994667e-13 5.18731e-13 5.17726667e-13 5.17662667e-13
          5.18132e-13 5.18102667e-13 5.18115e-13 5.18144333e-13 5.17704667e-13 5.17691e-13 5.18925e-13 5.18590333e-13 5.18201e-13
          5.18230333e-13 5.38583333e-13 5.30883333e-13 5.31083333e-13 5.37855667e-13 5.20974333e-13 5.22698e-13 5.51034333e-13 5.55777667e-13
          5.55247333e-13 5.49984e-13 5.38429e-13 5.30466e-13 5.20904667e-13 5.22573667e-13 5.30625667e-13 5.37066667e-13 5.5088e-13
          5.55582e-13 5.49203333e-13 5.54811333e-13 5.38283667e-13 5.30357e-13 5.30562333e-13 5.37021667e-13 5.20880333e-13 5.22551333e-13
          5.38292e-13 5.30361333e-13 5.20874333e-13 5.22543667e-13 5.37069333e-13 5.30609333e-13 5.17826667e-13 5.18003e-13 5.18220667e-13
          5.18197e-13 5.18893667e-13 5.18566e-13 5.17696e-13 5.17642667e-13 5.18104e-13 5.18130667e-13 5.18156667e-13 5.18122e-13
          5.17751e-13 5.17752333e-13 5.18887667e-13 5.18569e-13 5.1824e-13 5.1821e-13 5.17620333e-13 5.17563333e-13 5.18166e-13
          5.18131333e-13 5.18152333e-13 5.18123e-13 5.1774e-13 5.17870667e-13 5.18158333e-13 5.18182e-13 5.18182e-13 5.18158333e-13
          5.17664667e-13 5.17622e-13 5.18209667e-13 5.18191333e-13 5.18418e-13 5.18331e-13 5.17664667e-13 5.17622e-13 5.18191333e-13
          5.18209667e-13 5.18331667e-13 5.18419333e-13 5.17589333e-13 5.17543e-13 5.18531333e-13 5.18546333e-13 5.18535333e-13 5.18549667e-13
          5.1774e-13 5.17870333e-13 5.18205333e-13 5.18196e-13 5.18406333e-13 5.18310333e-13 5.17664667e-13 5.17622e-13 5.18163e-13
          5.18177667e-13 5.18190333e-13 5.18175667e-13 5.17664333e-13 5.17621333e-13 5.18519667e-13 5.18530667e-13 5.18534667e-13 5.18518667e-13
          5.17589e-13 5.17542667e-13 5.18199667e-13 5.18212333e-13 5.18403e-13 5.18315333e-13 5.17771333e-13 5.17891333e-13 5.181e-13
          5.18135333e-13 5.18148667e-13 5.18105333e-13 5.1775e-13 5.17750667e-13 5.18223667e-13 5.18192e-13 5.18895333e-13 5.18579e-13
          5.17695667e-13 5.17642e-13 5.18158e-13 5.18128667e-13 5.18132667e-13 5.18156667e-13 5.17674333e-13 5.17671333e-13 5.18890667e-13
          5.18569667e-13 5.18204667e-13 5.18229e-13 5.38500333e-13 5.30758667e-13 5.30575667e-13 5.37032e-13 5.20873667e-13 5.22543333e-13
          5.50947667e-13 5.55639333e-13 5.54752667e-13 5.49168667e-13 5.38398667e-13 5.30446333e-13 5.20869e-13 5.2255e-13 5.30616e-13
          5.3706e-13 5.50846e-13 5.55557333e-13 5.49196667e-13 5.54801333e-13 5.38283667e-13 5.30357e-13 5.30561333e-13 5.37019667e-13
          5.20880333e-13 5.22551333e-13 5.38292e-13 5.30361333e-13 5.20874333e-13 5.22544e-13 5.37071e-13 5.30610333e-13 5.17826667e-13
          5.18002667e-13 5.18223333e-13 5.18202e-13 5.18893667e-13 5.18566333e-13 5.17696e-13 5.17642333e-13 5.18120333e-13 5.18144333e-13
          5.18170667e-13 5.18141333e-13 5.17751e-13 5.17752333e-13 5.18887667e-13 5.18568667e-13 5.18237667e-13 5.18205333e-13 5.17620333e-13
          5.17563333e-13 5.18152333e-13 5.18112667e-13 5.18139e-13 5.18107333e-13 5.1774e-13 5.17870333e-13 5.1831e-13 5.18407e-13
          5.18195667e-13 5.18204667e-13 5.17664333e-13 5.17621333e-13 5.18535333e-13 5.18523e-13 5.18521667e-13 5.18539e-13 5.17664667e-13
          5.17622e-13 5.18177333e-13 5.18162667e-13 5.18175667e-13 5.18190333e-13 5.17589e-13 5.17542667e-13 5.18403333e-13 5.18315e-13
          5.18199667e-13 5.18212333e-13 5.1774e-13 5.17870333e-13 5.18516e-13 5.18510333e-13 5.18514333e-13 5.18519333e-13 5.17664667e-13
          5.17622e-13 5.18312333e-13 5.18394667e-13 5.18204333e-13 5.18222333e-13 5.17664667e-13 5.17622e-13 5.18396e-13 5.18313333e-13
          5.18222667e-13 5.18204333e-13 5.17589333e-13 5.17543333e-13 5.18186e-13 5.18166333e-13 5.18186e-13 5.18166333e-13 5.17771e-13
          5.17890667e-13 5.18116e-13 5.18148667e-13 5.18162667e-13 5.18124667e-13 5.17749667e-13 5.1775e-13 5.18226e-13 5.18196667e-13
          5.18895333e-13 5.18579333e-13 5.17695667e-13 5.17642333e-13 5.18144333e-13 5.18109667e-13 5.18117e-13 5.18143667e-13 5.17674333e-13
          5.17671333e-13 5.18890667e-13 5.18569e-13 5.182e-13 5.18226333e-13 5.38500333e-13 5.30758333e-13 5.30574333e-13 5.37029667e-13
          5.20873667e-13 5.22543333e-13 5.50947667e-13 5.55639e-13 5.54751e-13 5.49166333e-13 5.38399e-13 5.30447e-13 5.20869e-13
          5.22550333e-13 5.30617667e-13 5.37062333e-13 5.50846333e-13 5.55558e-13 5.49199e-13 5.54803e-13 5.38313333e-13 5.30376333e-13
          5.30570333e-13 5.37026e-13 5.20916333e-13 5.22575333e-13 5.38373333e-13 5.30482667e-13 5.20974e-13 5.22696667e-13 5.37896333e-13
          5.31117e-13 5.17857333e-13 5.18023e-13 5.18225e-13 5.18198333e-13 5.18928e-13 5.18587667e-13 5.17726667e-13 5.17662667e-13
          5.18102667e-13 5.18132e-13 5.18144333e-13 5.18115e-13 5.17835333e-13 5.17879e-13 5.18985667e-13 5.18719e-13 5.18731e-13
          5.18994667e-13 5.17704667e-13 5.17691e-13 5.18201e-13 5.18230333e-13 5.18925e-13 5.18590333e-13 5.17771333e-13 5.17891333e-13
          5.18105333e-13 5.18148667e-13 5.18135333e-13 5.181e-13 5.17695667e-13 5.17642e-13 5.18128667e-13 5.18158e-13 5.18156667e-13
          5.18132667e-13 5.1775e-13 5.17750667e-13 5.18192e-13 5.18223667e-13 5.18579e-13 5.18895333e-13 5.17674333e-13 5.17671333e-13
          5.18204667e-13 5.18229e-13 5.18890667e-13 5.18569667e-13 5.17771e-13 5.17890667e-13 5.18124667e-13 5.18162667e-13 5.18148667e-13
          5.18116e-13 5.17695667e-13 5.17642333e-13 5.18109667e-13 5.18144333e-13 5.18143667e-13 5.18117e-13 5.17749667e-13 5.1775e-13
          5.18196667e-13 5.18226e-13 5.18579333e-13 5.18895333e-13 5.17674333e-13 5.17671333e-13 5.182e-13 5.18226333e-13 5.18890667e-13
          5.18569e-13 5.17801333e-13 5.17911e-13 5.18099333e-13 5.18137e-13 5.18137e-13 5.18099333e-13 5.17779667e-13 5.1777e-13
          5.18227667e-13 5.18193333e-13 5.18929667e-13 5.186e-13 5.17779667e-13 5.1777e-13 5.18193333e-13 5.18227667e-13 5.186e-13
          5.18929667e-13 5.17758e-13 5.17797667e-13 5.18989e-13 5.18719333e-13 5.18989e-13 5.18719333e-13 5.3853e-13 5.30777667e-13
          5.30583667e-13 5.37036333e-13 5.20909667e-13 5.22567e-13 5.50981333e-13 5.55663333e-13 5.54761e-13 5.49173e-13 5.38480667e-13
          5.30568333e-13 5.20969e-13 5.22703333e-13 5.31124667e-13 5.37888667e-13 5.50932e-13 5.55695e-13 5.50016333e-13 5.55297e-13
          5.57615667e-13 5.43116e-13 5.35025667e-13 5.39814333e-13 5.39848e-13 5.35057333e-13 5.68360667e-13 5.66815667e-13 5.51978333e-13
          5.59061667e-13 5.38583333e-13 5.30883333e-13 5.22698e-13 5.20974333e-13 5.37871333e-13 5.31088e-13 5.38429e-13 5.30466e-13
          5.22573667e-13 5.20904667e-13 5.37066667e-13 5.30625667e-13 5.51034333e-13 5.55777667e-13 5.50001667e-13 5.55254e-13 5.5088e-13
          5.55582e-13 5.49203333e-13 5.54811333e-13 5.38500333e-13 5.30758667e-13 5.22543333e-13 5.20873667e-13 5.37032e-13 5.30575667e-13
          5.38398667e-13 5.30446333e-13 5.2255e-13 5.20869e-13 5.3706e-13 5.30616e-13 5.50947667e-13 5.55639333e-13 5.49168667e-13
          5.54752667e-13 5.50846e-13 5.55557333e-13 5.49196667e-13 5.54801333e-13 5.38500333e-13 5.30758333e-13 5.22543333e-13 5.20873667e-13
          5.37029667e-13 5.30574333e-13 5.38399e-13 5.30447e-13 5.22550333e-13 5.20869e-13 5.37062333e-13 5.30617667e-13 5.50947667e-13
          5.55639e-13 5.49166333e-13 5.54751e-13 5.50846333e-13 5.55558e-13 5.49199e-13 5.54803e-13 5.3853e-13 5.30777667e-13
          5.22567e-13 5.20909667e-13 5.37036333e-13 5.30583667e-13 5.38480667e-13 5.30568333e-13 5.22703333e-13 5.20969e-13 5.37888667e-13
          5.31124667e-13 5.50981333e-13 5.55663333e-13 5.49173e-13 5.54761e-13 5.50932e-13 5.55695e-13 5.50016333e-13 5.55297e-13
          5.57835667e-13 5.43564667e-13 5.35042667e-13 5.39825667e-13 5.39825667e-13 5.35042667e-13 5.68463e-13 5.66875e-13 5.59020333e-13
          5.51953333e-13 5.68463e-13 5.66875e-13 5.51953333e-13 5.59020333e-13 5.79090333e-13 5.86428333e-13 5.86344667e-13 5.79068333e-13
          5.6843e-13 5.66872e-13 5.59149667e-13 5.52034667e-13 5.55652333e-13 5.50894667e-13 5.55225667e-13 5.49986e-13 5.5085e-13
          5.55592e-13 5.54834e-13 5.49224e-13 5.55514e-13 5.50808667e-13 5.5473e-13 5.4917e-13 5.50817e-13 5.55568e-13
          5.54824e-13 5.49217333e-13 5.55513667e-13 5.50808667e-13 5.54728333e-13 5.49167667e-13 5.50817e-13 5.55568333e-13 5.54825333e-13
          5.49219333e-13 5.55537667e-13 5.50841667e-13 5.54738333e-13 5.49174333e-13 5.50901667e-13 5.55704e-13 5.55317333e-13 5.50034333e-13
          5.66748333e-13 5.68335e-13 5.58996e-13 5.51952333e-13 5.7908e-13 5.86433333e-13
        </DataArray>
        <DataArray type="Float32" Name="Ux" format="ascii">
          0 0 0 0 0 0 0 0 0
          0 0 0 0 0 0 0 0 0
          0 0 0 0 0 0 0 0 0
          0 0 0 0 0 0 0 0 0
          0 0 0 0 0 0 0 0 0
          0 0 0 0 0 0 0 0 0
          0 0 0 0 0 0 0 0 0
          0 0 0 0 0 0 0 0 0
          0 0 0 0 0 0 0 0 0
          0 0 0 0 0 0 0 0 0
          0 0 0 0 0 0 0 0 0
          0 0 0 0 0 0 0 0 0
          0 0 0 0 0 0 0 0 0
          0 0 0 0 0 0 0 0 0
          0 0 0 0 0 0 0 0 0
          0 0 0 0 0 0 0 0 0
          0 0 0 0 0 0 0 0 0
          0 0 0 0 0 0 0 0 0
          0 0 0 0 0 0 0 0 0
          0 0 0 0 0 0 0 0 0
          0 0 0 0 0 0 0 0 0
          0 0 0 0 0 0 0 0 0
          0 0 0 0 0 0 0 0 0
          0 0 0 0 0 0 0 0 0
          0 0 0 0 0 0 0 0 0
          0 0 0 0 0 0 0 0 0
          0 0 0 0 0 0 0 0 0
          0 0 0 0 0 0 0 0 0
          0 0 0 0 0 0 0 0 0
          0 0 0 0 0 0 0 0 0
          0 0 0 0 0 0 0 0 0
          0 0 0 0 0 0 0 0 0
          0 0 0 0 0 0 0 0 0
          0 0 0 0 0 0 0 0 0
          0 0 0 0 0 0 0 0 0
          0 0 0 0 0 0 0 0 0
          0 0 0 0 0 0 0 0 0
          0 0 0 0 0 0 0 0 0
          0 0 0 0 0 0 0 0 0
          0 0 0 0 0 0 0 0 0
          0 0 0 0 0 0 0 0 0
          0 0 0 0 0 0 0 0 0
          0 0 0 0 0 0 0 0 0
          0 0 0 0 0 0 0 0 0
          0 0 0 0 0 0 0 0 0
          0 0 0 0 0 0 0 0 0
          0 0 0 0 0 0 0 0 0
          0 0 0 0 0 0 0 0 0
          0 0 0 0 0 0 0 0 0
          0 0 0 0 0 0 0 0 0
          0 0 0 0 0 0 0 0 0
          0 0 0 0 0 0 0 0 0
          0 0 0 0 0 0 0 0 0
          0 0 0 0 0 0 0 0 0
          0 0 0 0 0 0 0 0 0
          0 0 0 0 0 0 0 0 0
          0 0 0 0 0 0 0 0 0
          0 0 0 0 0 0 0 0 0
          0 0 0 0 0 0 0 0 0
          0 0 0 0 0 0 0 0 0
          0 0 0 0 0 0 0 0 0
          0 0 0 0 0 0 0 0 0
          0 0 0 0 0 0 0 0 0
          0 0 0 0 0 0 0 0 0
          0 0 0 0 0 0 0 0 0
          0 0 0 0 0 0 0 0 0
          0 0 0 0 0 0 0 0 0
          0 0 0 0 0 0 0 0 0
          0 0 0 0 0 0 0 0 0
          0 0 0 0 0 0 0 0 0
          0 0 0 0 0 0 0 0 0
          0 0 0 0 0 0 0 0 0
          0 0 0 0 0 0 0 0 0
          0 0 0 0 0 0 0 0 0
          0 0 0 0 0 0 0 0 0
          0 0 0 0 0 0 0 0 0
          0 0 0 0 0 0 0 0 0
          0 0 0 0 0 0 0 0 0
          0 0 0 0 0 0 0 0 0
          0 0 0 0 0 0 0 0 0
          0 0 0 0 0 0 0 0 0
          0 0 0 0 0 0 0 0 0
          0 0 0 0 0 0 0 0 0
          0 0 0 0 0 0 0 0 0
          0 0 0 0 0 0 0 0 0
          0 0 0 0 0 0 0 0 0
          0 0 0 0 0 0 0 0 0
          0 0 0 0 0 0 0 0 0
          0 0 0 0 0 0 0 0 0
          0 0 0 0 0 0 0 0 0
          0 0 0 0 0 0 0 0 0
          0 0 0 0 0 0 0 0 0
          0 0 0 0 0 0 0 0 0
          0 0 0 0 0 0 0 0 0
          0 0 0 0 0 0 0 0 0
          0 0 0 0 0 0 0 0 0
          0 0 0 0 0 0 0 0 0
          0 0 0 0 0 0 0 0 0
          0 0 0 0 0 0 0 0 0
          0 0 0 0 0 0 0 0 0
          0 0 0 0 0 0 0 0 0
          0 0 0 0 0 0 0 0 0
          0 0 0 0 0 0 0 0 0
          0 0 0 0 0 0 0 0 0
          0 0 0 0 0 0 0 0 0
          0 0 0 0 0 0 0 0 0
          0 0 0 0 0 0 0 0 0
          0 0 0 0 0 0 0 0 0
          0 0 0 0 0 0 0 0 0
          0 0 0 0 0 0 0 0 0
          0 0 0 0 0 0 0 0 0
          0 0 0 0 0 0 0 0 0
          0 0 0 0 0 0 0 0 0
          0 0 0 0 0 0 0 0 0
          0 0 0 0 0 0 0 0 0
          0 0 0 0 0 0 0 0 0
          0 0 0 0 0 0 0 0 0
          0 0 0 0 0 0 0 0 0
          0 0 0 0 0 0 0 0 0
          0 0 0 0 0 0 0 0 0
          0 0 0 0 0 0 0 0 0
          0 0 0 0 0 0 0 0 0
          0 0 0 0 0 0 0 0 0
          0 0 0 0 0 0 0 0 0
          0 0 0 0 0 0 0 0 0
          0 0 0 0 0 0 0 0 0
          0 0 0 0 0 0 0 0 0
          0 0 0 0 0 0 0 0 0
          0 0 0 0 0 0 0 0 0
          0 0 0 0 0 0 0 0 0
          0 0 0 0 0 0 0 0 0
          0 0 0 0 0 0 0 0 0
          0 0 0 0 0 0 0 0 0
          0 0 0 0 0 0 0 0 0
          0 0 0 0 0 0 0 0 0
          0 0 0 0 0 0 0 0 0
          0 0 0 0 0 0 0 0 0
          0 0 0 0 0 0 0 0 0
          0 0 0 0 0 0 0 0 0
          0 0 0 0 0 0 0 0 0
          0 0 0 0 0 0 0 0 0
          0 0 0 0 0 0 0 0 0
          0 0 0 0 0 0 0 0 0
          0 0 0 0 0 0 0 0 0
          0 0 0 0 0 0 0 0 0
          0 0 0 0 0 0 0 0 0
          0 0 0 0 0 0 0 0 0
          0 0 0 0 0 0 0 0 0
          0 0 0 0 0 0 0 0 0
          0 0 0 0 0 0 0 0 0
          0 0 0 0 0 0 0 0 0
          0 0 0 0 0 0 0 0 0
          0 0 0 0 0 0 0 0 0
          0 0 0 0 0 0 0 0 0
          0 0 0 0 0 0 0 0 0
          0 0 0 0 0 0 0 0 0
          0 0 0 0 0 0 0 0 0
          0 0 0 0 0 0 0 0 0
          0 0 0 0 0 0 0 0 0
          0 0 0 0 0 0 0 0 0
          0 0 0 0 0 0 0 0 0
          0 0 0 0 0 0 0 0 0
          0 0 0 0 0 0 0 0 0
          0 0 0 0 0 0 0 0 0
          0 0 0 0 0 0 0 0 0
          0 0 0 0 0 0 0 0 0
          0 0 0 0 0 0 0 0 0
          0 0 0 0 0 0 0 0 0
          0 0 0 0 0 0 0 0 0
          0 0 0 0 0 0 0 0 0
          0 0 0 0 0 0 0 0 0
          0 0 0 0 0 0 0 0 0
          0 0 0 0 0 0 0 0 0
          0 0 0 0 0 0 0 0 0
          0 0 0 0 0 0 0 0 0
          0 0 0 0 0 0 0 0 0
          0 0 0 0 0 0 0 0 0
          0 0 0 0 0 0 0 0 0
          0 0 0 0 0 0 0 0 0
          0 0 0 0 0 0 0 0 0
          0 0 0 0 0 0 0 0 0
          0 0 0 0 0 0 0 0 0
          0 0 0 0 0 0 0 0 0
          0 0 0 0 0 0 0 0 0
          0 0 0 0 0 0 0 0 0
          0 0 0 0 0 0 0 0 0
          0 0 0 0 0 0 0 0 0
          0 0 0 0 0 0 0 0 0
          0 0 0 0 0 0 0 0 0
          0 0 0 0 0 0 0 0 0
          0 0 0 0 0 0 0 0 0
          0 0 0 0 0 0 0 0 0
          0 0 0 0 0 0 0 0 0
          0 0 0 0 0 0 0 0 0
          0 0 0 0 0 0 0 0 0
          0 0 0 0 0 0 0 0 0
          0 0 0 0 0 0 0 0 0
          0 0 0 0 0 0 0 0 0
          0 0 0 0 0 0 0 0 0
          0 0 0 0 0 0 0 0 0
          0 0 0 0 0 0 0 0 0
          0 0 0 0 0 0 0 0 0
          0 0 0 0 0 0 0 0 0
          0 0 0 0 0 0 0 0 0
          0 0 0 0 0 0 0 0 0
          0 0 0 0 0 0 0 0 0
          0 0 0 0 0 0 0 0 0
          0 0 0 0 0 0 0 0 0
          0 0 0 0 0 0 0 0 0
          0 0 0 0 0 0 0 0 0
          0 0 0 0 0 0 0 0 0
          0 0 0 0 0 0 0 0 0
          0 0 0 0 0 0 0 0 0
          0 0 0 0 0 0 0 0 0
          0 0 0 0 0 0 0 0 0
          0 0 0 0 0 0 0 0 0
          0 0 0 0 0 0 0 0 0
          0 0 0 0 0 0 0 0 0
          0 0 0 0 0 0 0 0 0
          0 0 0 0 0 0 0 0 0
          0 0 0 0 0 0 0 0 0
          0 0 0 0 0 0 0 0 0
          0 0 0 0 0 0 0 0 0
          0 0 0 0 0 0 0 0 0
          0 0 0 0 0 0 0 0 0
          0 0 0 0 0 0 0 0 0
          0 0 0 0 0 0 0 0 0
          0 0 0 0 0 0 0 0 0
          0 0 0 0 0 0 0 0 0
          0 0 0 0 0 0 0 0 0
          0 0 0 0 0 0 0 0 0
          0 0 0 0 0 0 0 0 0
          0 0 0 0 0 0 0 0 0
          0 0 0 0 0 0 0 0 0
          0 0 0 0 0 0
        </DataArray>
        <DataArray type="Float32" Name="Uy" format="ascii">
          0 0 0 0 0 0 0 0 0
          0 0 0 0 0 0 0 0 0
          0 0 0 0 0 0 0 0 0
          0 0 0 0 0 0 0 0 0
          0 0 0 0 0 0 0 0 0
          0 0 0 0 0 0 0 0 0
          0 0 0 0 0 0 0 0 0
          0 0 0 0 0 0 0 0 0
          0 0 0 0 0 0 0 0 0
          0 0 0 0 0 0 0 0 0
          0 0 0 0 0 0 0 0 0
          0 0 0 0 0 0 0 0 0
          0 0 0 0 0 0 0 0 0
          0 0 0 0 0 0 0 0 0
          0 0 0 0 0 0 0 0 0
          0 0 0 0 0 0 0 0 0
          0 0 0 0 0 0 0 0 0
          0 0 0 0 0 0 0 0 0
          0 0 0 0 0 0 0 0 0
          0 0 0 0 0 0 0 0 0
          0 0 0 0 0 0 0 0 0
          0 0 0 0 0 0 0 0 0
          0 0 0 0 0 0 0 0 0
          0 0 0 0 0 0 0 0 0
          0 0 0 0 0 0 0 0 0
          0 0 0 0 0 0 0 0 0
          0 0 0 0 0 0 0 0 0
          0 0 0 0 0 0 0 0 0
          0 0 0 0 0 0 0 0 0
          0 0 0 0 0 0 0 0 0
          0 0 0 0 0 0 0 0 0
          0 0 0 0 0 0 0 0 0
          0 0 0 0 0 0 0 0 0
          0 0 0 0 0 0 0 0 0
          0 0 0 0 0 0 0 0 0
          0 0 0 0 0 0 0 0 0
          0 0 0 0 0 0 0 0 0
          0 0 0 0 0 0 0 0 0
          0 0 0 0 0 0 0 0 0
          0 0 0 0 0 0 0 0 0
          0 0 0 0 0 0 0 0 0
          0 0 0 0 0 0 0 0 0
          0 0 0 0 0 0 0 0 0
          0 0 0 0 0 0 0 0 0
          0 0 0 0 0 0 0 0 0
          0 0 0 0 0 0 0 0 0
          0 0 0 0 0 0 0 0 0
          0 0 0 0 0 0 0 0 0
          0 0 0 0 0 0 0 0 0
          0 0 0 0 0 0 0 0 0
          0 0 0 0 0 0 0 0 0
          0 0 0 0 0 0 0 0 0
          0 0 0 0 0 0 0 0 0
          0 0 0 0 0 0 0 0 0
          0 0 0 0 0 0 0 0 0
          0 0 0 0 0 0 0 0 0
          0 0 0 0 0 0 0 0 0
          0 0 0 0 0 0 0 0 0
          0 0 0 0 0 0 0 0 0
          0 0 0 0 0 0 0 0 0
          0 0 0 0 0 0 0 0 0
          0 0 0 0 0 0 0 0 0
          0 0 0 0 0 0 0 0 0
          0 0 0 0 0 0 0 0 0
          0 0 0 0 0 0 0 0 0
          0 0 0 0 0 0 0 0 0
          0 0 0 0 0 0 0 0 0
          0 0 0 0 0 0 0 0 0
          0 0 0 0 0 0 0 0 0
          0 0 0 0 0 0 0 0 0
          0 0 0 0 0 0 0 0 0
          0 0 0 0 0 0 0 0 0
          0 0 0 0 0 0 0 0 0
          0 0 0 0 0 0 0 0 0
          0 0 0 0 0 0 0 0 0
          0 0 0 0 0 0 0 0 0
          0 0 0 0 0 0 0 0 0
          0 0 0 0 0 0 0 0 0
          0 0 0 0 0 0 0 0 0
          0 0 0 0 0 0 0 0 0
          0 0 0 0 0 0 0 0 0
          0 0 0 0 0 0 0 0 0
          0 0 0 0 0 0 0 0 0
          0 0 0 0 0 0 0 0 0
          0 0 0 0 0 0 0 0 0
          0 0 0 0 0 0 0 0 0
          0 0 0 0 0 0 0 0 0
          0 0 0 0 0 0 0 0 0
          0 0 0 0 0 0 0 0 0
          0 0 0 0 0 0 0 0 0
          0 0 0 0 0 0 0 0 0
          0 0 0 0 0 0 0 0 0
          0 0 0 0 0 0 0 0 0
          0 0 0 0 0 0 0 0 0
          0 0 0 0 0 0 0 0 0
          0 0 0 0 0 0 0 0 0
          0 0 0 0 0 0 0 0 0
          0 0 0 0 0 0 0 0 0
          0 0 0 0 0 0 0 0 0
          0 0 0 0 0 0 0 0 0
          0 0 0 0 0 0 0 0 0
          0 0 0 0 0 0 0 0 0
          0 0 0 0 0 0 0 0 0
          0 0 0 0 0 0 0 0 0
          0 0 0 0 0 0 0 0 0
          0 0 0 0 0 0 0 0 0
          0 0 0 0 0 0 0 0 0
          0 0 0 0 0 0 0 0 0
          0 0 0 0 0 0 0 0 0
          0 0 0 0 0 0 0 0 0
          0 0 0 0 0 0 0 0 0
          0 0 0 0 0 0 0 0 0
          0 0 0 0 0 0 0 0 0
          0 0 0 0 0 0 0 0 0
          0 0 0 0 0 0 0 0 0
          0 0 0 0 0 0 0 0 0
          0 0 0 0 0 0 0 0 0
          0 0 0 0 0 0 0 0 0
          0 0 0 0 0 0 0 0 0
          0 0 0 0 0 0 0 0 0
          0 0 0 0 0 0 0 0 0
          0 0 0 0 0 0 0 0 0
          0 0 0 0 0 0 0 0 0
          0 0 0 0 0 0 0 0 0
          0 0 0 0 0 0 0 0 0
          0 0 0 0 0 0 0 0 0
          0 0 0 0 0 0 0 0 0
          0 0 0 0 0 0 0 0 0
          0 0 0 0 0 0 0 0 0
          0 0 0 0 0 0 0 0 0
          0 0 0 0 0 0 0 0 0
          0 0 0 0 0 0 0 0 0
          0 0 0 0 0 0 0 0 0
          0 0 0 0 0 0 0 0 0
          0 0 0 0 0 0 0 0 0
          0 0 0 0 0 0 0 0 0
          0 0 0 0 0 0 0 0 0
          0 0 0 0 0 0 0 0 0
          0 0 0 0 0 0 0 0 0
          0 0 0 0 0 0 0 0 0
          0 0 0 0 0 0 0 0 0
          0 0 0 0 0 0 0 0 0
          0 0 0 0 0 0 0 0 0
          0 0 0 0 0 0 0 0 0
          0 0 0 0 0 0 0 0 0
          0 0 0 0 0 0 0 0 0
          0 0 0 0 0 0 0 0 0
          0 0 0 0 0 0 0 0 0
          0 0 0 0 0 0 0 0 0
          0 0 0 0 0 0 0 0 0
          0 0 0 0 0 0 0 0 0
          0 0 0 0 0 0 0 0 0
          0 0 0 0 0 0 0 0 0
          0 0 0 0 0 0 0 0 0
          0 0 0 0 0 0 0 0 0
          0 0 0 0 0 0 0 0 0
          0 0 0 0 0 0 0 0 0
          0 0 0 0 0 0 0 0 0
          0 0 0 0 0 0 0 0 0
          0 0 0 0 0 0 0 0 0
          0 0 0 0 0 0 0 0 0
          0 0 0 0 0 0 0 0 0
          0 0 0 0 0 0 0 0 0
          0 0 0 0 0 0 0 0 0
          0 0 0 0 0 0 0 0 0
          0 0 0 0 0 0 0 0 0
          0 0 0 0 0 0 0 0 0
          0 0 0 0 0 0 0 0 0
          0 0 0 0 0 0 0 0 0
          0 0 0 0 0 0 0 0 0
          0 0 0 0 0 0 0 0 0
          0 0 0 0 0 0 0 0 0
          0 0 0 0 0 0 0 0 0
          0 0 0 0 0 0 0 0 0
          0 0 0 0 0 0 0 0 0
          0 0 0 0 0 0 0 0 0
          0 0 0 0 0 0 0 0 0
          0 0 0 0 0 0 0 0 0
          0 0 0 0 0 0 0 0 0
          0 0 0 0 0 0 0 0 0
          0 0 0 0 0 0 0 0 0
          0 0 0 0 0 0 0 0 0
          0 0 0 0 0 0 0 0 0
          0 0 0 0 0 0 0 0 0
          0 0 0 0 0 0 0 0 0
          0 0 0 0 0 0 0 0 0
          0 0 0 0 0 0 0 0 0
          0 0 0 0 0 0 0 0 0
          0 0 0 0 0 0 0 0 0
          0 0 0 0 0 0 0 0 0
          0 0 0 0 0 0 0 0 0
          0 0 0 0 0 0 0 0 0
          0 0 0 0 0 0 0 0 0
          0 0 0 0 0 0 0 0 0
          0 0 0 0 0 0 0 0 0
          0 0 0 0 0 0 0 0 0
          0 0 0 0 0 0 0 0 0
          0 0 0 0 0 0 0 0 0
          0 0 0 0 0 0 0 0 0
          0 0 0 0 0 0 0 0 0
          0 0 0 0 0 0 0 0 0
          0 0 0 0 0 0 0 0 0
          0 0 0 0 0 0 0 0 0
          0 0 0 0 0 0 0 0 0
          0 0 0 0 0 0 0 0 0
          0 0 0 0 0 0 0 0 0
          0 0 0 0 0 0 0 0 0
          0 0 0 0 0 0 0 0 0
          0 0 0 0 0 0 0 0 0
          0 0 0 0 0 0 0 0 0
          0 0 0 0 0 0 0 0 0
          0 0 0 0 0 0 0 0 0
          0 0 0 0 0 0 0 0 0
          0 0 0 0 0 0 0 0 0
          0 0 0 0 0 0 0 0 0
          0 0 0 0 0 0 0 0 0
          0 0 0 0 0 0 0 0 0
          0 0 0 0 0 0 0 0 0
          0 0 0 0 0 0 0 0 0
          0 0 0 0 0 0 0 0 0
          0 0 0 0 0 0 0 0 0
          0 0 0 0 0 0 0 0 0
          0 0 0 0 0 0 0 0 0
          0 0 0 0 0 0 0 0 0
          0 0 0 0 0 0 0 0 0
          0 0 0 0 0 0 0 0 0
          0 0 0 0 0 0 0 0 0
          0 0 0 0 0 0 0 0 0
          0 0 0 0 0 0 0 0 0
          0 0 0 0 0 0 0 0 0
          0 0 0 0 0 0 0 0 0
          0 0 0 0 0 0 0 0 0
          0 0 0 0 0 0 0 0 0
          0 0 0 0 0 0 0 0 0
          0 0 0 0 0 0
        </DataArray>
        <DataArray type="Float32" Name="U_2" format="ascii">
          0 0 0 0 0 0 0 0 0
          0 0 0 0 0 0 0 0 0
          0 0 0 0 0 0 0 0 0
          0 0 0 0 0 0 0 0 0
          0 0 0 0 0 0 0 0 0
          0 0 0 0 0 0 0 0 0
          0 0 0 0 0 0 0 0 0
          0 0 0 0 0 0 0 0 0
          0 0 0 0 0 0 0 0 0
          0 0 0 0 0 0 0 0 0
          0 0 0 0 0 0 0 0 0
          0 0 0 0 0 0 0 0 0
          0 0 0 0 0 0 0 0 0
          0 0 0 0 0 0 0 0 0
          0 0 0 0 0 0 0 0 0
          0 0 0 0 0 0 0 0 0
          0 0 0 0 0 0 0 0 0
          0 0 0 0 0 0 0 0 0
          0 0 0 0 0 0 0 0 0
          0 0 0 0 0 0 0 0 0
          0 0 0 0 0 0 0 0 0
          0 0 0 0 0 0 0 0 0
          0 0 0 0 0 0 0 0 0
          0 0 0 0 0 0 0 0 0
          0 0 0 0 0 0 0 0 0
          0 0 0 0 0 0 0 0 0
          0 0 0 0 0 0 0 0 0
          0 0 0 0 0 0 0 0 0
          0 0 0 0 0 0 0 0 0
          0 0 0 0 0 0 0 0 0
          0 0 0 0 0 0 0 0 0
          0 0 0 0 0 0 0 0 0
          0 0 0 0 0 0 0 0 0
          0 0 0 0 0 0 0 0 0
          0 0 0 0 0 0 0 0 0
          0 0 0 0 0 0 0 0 0
          0 0 0 0 0 0 0 0 0
          0 0 0 0 0 0 0 0 0
          0 0 0 0 0 0 0 0 0
          0 0 0 0 0 0 0 0 0
          0 0 0 0 0 0 0 0 0
          0 0 0 0 0 0 0 0 0
          0 0 0 0 0 0 0 0 0
          0 0 0 0 0 0 0 0 0
          0 0 0 0 0 0 0 0 0
          0 0 0 0 0 0 0 0 0
          0 0 0 0 0 0 0 0 0
          0 0 0 0 0 0 0 0 0
          0 0 0 0 0 0 0 0 0
          0 0 0 0 0 0 0 0 0
          0 0 0 0 0 0 0 0 0
          0 0 0 0 0 0 0 0 0
          0 0 0 0 0 0 0 0 0
          0 0 0 0 0 0 0 0 0
          0 0 0 0 0 0 0 0 0
          0 0 0 0 0 0 0 0 0
          0 0 0 0 0 0 0 0 0
          0 0 0 0 0 0 0 0 0
          0 0 0 0 0 0 0 0 0
          0 0 0 0 0 0 0 0 0
          0 0 0 0 0 0 0 0 0
          0 0 0 0 0 0 0 0 0
          0 0 0 0 0 0 0 0 0
          0 0 0 0 0 0 0 0 0
          0 0 0 0 0 0 0 0 0
          0 0 0 0 0 0 0 0 0
          0 0 0 0 0 0 0 0 0
          0 0 0 0 0 0 0 0 0
          0 0 0 0 0 0 0 0 0
          0 0 0 0 0 0 0 0 0
          0 0 0 0 0 0 0 0 0
          0 0 0 0 0 0 0 0 0
          0 0 0 0 0 0 0 0 0
          0 0 0 0 0 0 0 0 0
          0 0 0 0 0 0 0 0 0
          0 0 0 0 0 0 0 0 0
          0 0 0 0 0 0 0 0 0
          0 0 0 0 0 0 0 0 0
          0 0 0 0 0 0 0 0 0
          0 0 0 0 0 0 0 0 0
          0 0 0 0 0 0 0 0 0
          0 0 0 0 0 0 0 0 0
          0 0 0 0 0 0 0 0 0
          0 0 0 0 0 0 0 0 0
          0 0 0 0 0 0 0 0 0
          0 0 0 0 0 0 0 0 0
          0 0 0 0 0 0 0 0 0
          0 0 0 0 0 0 0 0 0
          0 0 0 0 0 0 0 0 0
          0 0 0 0 0 0 0 0 0
          0 0 0 0 0 0 0 0 0
          0 0 0 0 0 0 0 0 0
          0 0 0 0 0 0 0 0 0
          0 0 0 0 0 0 0 0 0
          0 0 0 0 0 0 0 0 0
          0 0 0 0 0 0 0 0 0
          0 0 0 0 0 0 0 0 0
          0 0 0 0 0 0 0 0 0
          0 0 0 0 0 0 0 0 0
          0 0 0 0 0 0 0 0 0
          0 0 0 0 0 0 0 0 0
          0 0 0 0 0 0 0 0 0
          0 0 0 0 0 0 0 0 0
          0 0 0 0 0 0 0 0 0
          0 0 0 0 0 0 0 0 0
          0 0 0 0 0 0 0 0 0
          0 0 0 0 0 0 0 0 0
          0 0 0 0 0 0 0 0 0
          0 0 0 0 0 0 0 0 0
          0 0 0 0 0 0 0 0 0
          0 0 0 0 0 0 0 0 0
          0 0 0 0 0 0 0 0 0
          0 0 0 0 0 0 0 0 0
          0 0 0 0 0 0 0 0 0
          0 0 0 0 0 0 0 0 0
          0 0 0 0 0 0 0 0 0
          0 0 0 0 0 0 0 0 0
          0 0 0 0 0 0 0 0 0
          0 0 0 0 0 0 0 0 0
          0 0 0 0 0 0 0 0 0
          0 0 0 0 0 0 0 0 0
          0 0 0 0 0 0 0 0 0
          0 0 0 0 0 0 0 0 0
          0 0 0 0 0 0 0 0 0
          0 0 0 0 0 0 0 0 0
          0 0 0 0 0 0 0 0 0
          0 0 0 0 0 0 0 0 0
          0 0 0 0 0 0 0 0 0
          0 0 0 0 0 0 0 0 0
          0 0 0 0 0 0 0 0 0
          0 0 0 0 0 0 0 0 0
          0 0 0 0 0 0 0 0 0
          0 0 0 0 0 0 0 0 0
          0 0 0 0 0 0 0 0 0
          0 0 0 0 0 0 0 0 0
          0 0 0 0 0 0 0 0 0
          0 0 0 0 0 0 0 0 0
          0 0 0 0 0 0 0 0 0
          0 0 0 0 0 0 0 0 0
          0 0 0 0 0 0 0 0 0
          0 0 0 0 0 0 0 0 0
          0 0 0 0 0 0 0 0 0
          0 0 0 0 0 0 0 0 0
          0 0 0 0 0 0 0 0 0
          0 0 0 0 0 0 0 0 0
          0 0 0 0 0 0 0 0 0
          0 0 0 0 0 0 0 0 0
          0 0 0 0 0 0 0 0 0
          0 0 0 0 0 0 0 0 0
          0 0 0 0 0 0 0 0 0
          0 0 0 0 0 0 0 0 0
          0 0 0 0 0 0 0 0 0
          0 0 0 0 0 0 0 0 0
          0 0 0 0 0 0 0 0 0
          0 0 0 0 0 0 0 0 0
          0 0 0 0 0 0 0 0 0
          0 0 0 0 0 0 0 0 0
          0 0 0 0 0 0 0 0 0
          0 0 0 0 0 0 0 0 0
          0 0 0 0 0 0 0 0 0
          0 0 0 0 0 0 0 0 0
          0 0 0 0 0 0 0 0 0
          0 0 0 0 0 0 0 0 0
          0 0 0 0 0 0 0 0 0
          0 0 0 0 0 0 0 0 0
          0 0 0 0 0 0 0 0 0
          0 0 0 0 0 0 0 0 0
          0 0 0 0 0 0 0 0 0
          0 0 0 0 0 0 0 0 0
          0 0 0 0 0 0 0 0 0
          0 0 0 0 0 0 0 0 0
          0 0 0 0 0 0 0 0 0
          0 0 0 0 0 0 0 0 0
          0 0 0 0 0 0 0 0 0
          0 0 0 0 0 0 0 0 0
          0 0 0 0 0 0 0 0 0
          0 0 0 0 0 0 0 0 0
          0 0 0 0 0 0 0 0 0
          0 0 0 0 0 0 0 0 0
          0 0 0 0 0 0 0 0 0
          0 0 0 0 0 0 0 0 0
          0 0 0 0 0 0 0 0 0
          0 0 0 0 0 0 0 0 0
          0 0 0 0 0 0 0 0 0
          0 0 0 0 0 0 0 0 0
          0 0 0 0 0 0 0 0 0
          0 0 0 0 0 0 0 0 0
          0 0 0 0 0 0 0 0 0
          0 0 0 0 0 0 0 0 0
          0 0 0 0 0 0 0 0 0
          0 0 0 0 0 0 0 0 0
          0 0 0 0 0 0 0 0 0
          0 0 0 0 0 0 0 0 0
          0 0 0 0 0 0 0 0 0
          0 0 0 0 0 0 0 0 0
          0 0 0 0 0 0 0 0 0
          0 0 0 0 0 0 0 0 0
          0 0 0 0 0 0 0 0 0
          0 0 0 0 0 0 0 0 0
          0 0 0 0 0 0 0 0 0
          0 0 0 0 0 0 0 0 0
          0 0 0 0 0 0 0 0 0
          0 0 0 0 0 0 0 0 0
          0 0 0 0 0 0 0 0 0
          0 0 0 0 0 0 0 0 0
          0 0 0 0 0 0 0 0 0
          0 0 0 0 0 0 0 0 0
          0 0 0 0 0 0 0 0 0
          0 0 0 0 0 0 0 0 0
          0 0 0 0 0 0 0 0 0
          0 0 0 0 0 0 0 0 0
          0 0 0 0 0 0 0 0 0
          0 0 0 0 0 0 0 0 0
          0 0 0 0 0 0 0 0 0
          0 0 0 0 0 0 0 0 0
          0 0 0 0 0 0 0 0 0
          0 0 0 0 0 0 0 0 0
          0 0 0 0 0 0 0 0 0
          0 0 0 0 0 0 0 0 0
          0 0 0 0 0 0 0 0 0
          0 0 0 0 0 0 0 0 0
          0 0 0 0 0 0 0 0 0
          0 0 0 0 0 0 0 0 0
          0 0 0 0 0 0 0 0 0
          0 0 0 0 0 0 0 0 0
          0 0 0 0 0 0 0 0 0
          0 0 0 0 0 0 0 0 0
          0 0 0 0 0 0 0 0 0
          0 0 0 0 0 0 0 0 0
          0 0 0 0 0 0 0 0 0
          0 0 0 0 0 0 0 0 0
          0 0 0 0 0 0 0 0 0
          0 0 0 0 0 0 0 0 0
          0 0 0 0 0 0 0 0 0
          0 0 0 0 0 0
        </DataArray>
        <DataArray type="Float32" Name="p" format="ascii">
          0 0 0 0 0 0 0 0 0
          0 0 0 0 0 0 0 0 0
          0 0 0 0 0 0 0 0 0
          0 0 0 0 0 0 0 0 0
          0 0 0 0 0 0 0 0 0
          0 0 0 0 0 0 0 0 0
          0 0 0 0 0 0 0 0 0
          0 0 0 0 0 0 0 0 0
          0 0 0 0 0 0 0 0 0
          0 0 0 0 0 0 0 0 0
          0 0 0 0 0 0 0 0 0
          0 0 0 0 0 0 0 0 0
          0 0 0 0 0 0 0 0 0
          0 0 0 0 0 0 0 0 0
          0 0 0 0 0 0 0 0 0
          0 0 0 0 0 0 0 0 0
          0 0 0 0 0 0 0 0 0
          0 0 0 0 0 0 0 0 0
          0 0 0 0 0 0 0 0 0
          0 0 0 0 0 0 0 0 0
          0 0 0 0 0 0 0 0 0
          0 0 0 0 0 0 0 0 0
          0 0 0 0 0 0 0 0 0
          0 0 0 0 0 0 0 0 0
          0 0 0 0 0 0 0 0 0
          0 0 0 0 0 0 0 0 0
          0 0 0 0 0 0 0 0 0
          0 0 0 0 0 0 0 0 0
          0 0 0 0 0 0 0 0 0
          0 0 0 0 0 0 0 0 0
          0 0 0 0 0 0 0 0 0
          0 0 0 0 0 0 0 0 0
          0 0 0 0 0 0 0 0 0
          0 0 0 0 0 0 0 0 0
          0 0 0 0 0 0 0 0 0
          0 0 0 0 0 0 0 0 0
          0 0 0 0 0 0 0 0 0
          0 0 0 0 0 0 0 0 0
          0 0 0 0 0 0 0 0 0
          0 0 0 0 0 0 0 0 0
          0 0 0 0 0 0 0 0 0
          0 0 0 0 0 0 0 0 0
          0 0 0 0 0 0 0 0 0
          0 0 0 0 0 0 0 0 0
          0 0 0 0 0 0 0 0 0
          0 0 0 0 0 0 0 0 0
          0 0 0 0 0 0 0 0 0
          0 0 0 0 0 0 0 0 0
          0 0 0 0 0 0 0 0 0
          0 0 0 0 0 0 0 0 0
          0 0 0 0 0 0 0 0 0
          0 0 0 0 0 0 0 0 0
          0 0 0 0 0 0 0 0 0
          0 0 0 0 0 0 0 0 0
          0 0 0 0 0 0 0 0 0
          0 0 0 0 0 0 0 0 0
          0 0 0 0 0 0 0 0 0
          0 0 0 0 0 0 0 0 0
          0 0 0 0 0 0 0 0 0
          0 0 0 0 0 0 0 0 0
          0 0 0 0 0 0 0 0 0
          0 0 0 0 0 0 0 0 0
          0 0 0 0 0 0 0 0 0
          0 0 0 0 0 0 0 0 0
          0 0 0 0 0 0 0 0 0
          0 0 0 0 0 0 0 0 0
          0 0 0 0 0 0 0 0 0
          0 0 0 0 0 0 0 0 0
          0 0 0 0 0 0 0 0 0
          0 0 0 0 0 0 0 0 0
          0 0 0 0 0 0 0 0 0
          0 0 0 0 0 0 0 0 0
          0 0 0 0 0 0 0 0 0
          0 0 0 0 0 0 0 0 0
          0 0 0 0 0 0 0 0 0
          0 0 0 0 0 0 0 0 0
          0 0 0 0 0 0 0 0 0
          0 0 0 0 0 0 0 0 0
          0 0 0 0 0 0 0 0 0
          0 0 0 0 0 0 0 0 0
          0 0 0 0 0 0 0 0 0
          0 0 0 0 0 0 0 0 0
          0 0 0 0 0 0 0 0 0
          0 0 0 0 0 0 0 0 0
          0 0 0 0 0 0 0 0 0
          0 0 0 0 0 0 0 0 0
          0 0 0 0 0 0 0 0 0
          0 0 0 0 0 0 0 0 0
          0 0 0 0 0 0 0 0 0
          0 0 0 0 0 0 0 0 0
          0 0 0 0 0 0 0 0 0
          0 0 0 0 0 0 0 0 0
          0 0 0 0 0 0 0 0 0
          0 0 0 0 0 0 0 0 0
          0 0 0 0 0 0 0 0 0
          0 0 0 0 0 0 0 0 0
          0 0 0 0 0 0 0 0 0
          0 0 0 0 0 0 0 0 0
          0 0 0 0 0 0 0 0 0
          0 0 0 0 0 0 0 0 0
          0 0 0 0 0 0 0 0 0
          0 0 0 0 0 0 0 0 0
          0 0 0 0 0 0 0 0 0
          0 0 0 0 0 0 0 0 0
          0 0 0 0 0 0 0 0 0
          0 0 0 0 0 0 0 0 0
          0 0 0 0 0 0 0 0 0
          0 0 0 0 0 0 0 0 0
          0 0 0 0 0 0 0 0 0
          0 0 0 0 0 0 0 0 0
          0 0 0 0 0 0 0 0 0
          0 0 0 0 0 0 0 0 0
          0 0 0 0 0 0 0 0 0
          0 0 0 0 0 0 0 0 0
          0 0 0 0 0 0 0 0 0
          0 0 0 0 0 0 0 0 0
          0 0 0 0 0 0 0 0 0
          0 0 0 0 0 0 0 0 0
          0 0 0 0 0 0 0 0 0
          0 0 0 0 0 0 0 0 0
          0 0 0 0 0 0 0 0 0
          0 0 0 0 0 0 0 0 0
          0 0 0 0 0 0 0 0 0
          0 0 0 0 0 0 0 0 0
          0 0 0 0 0 0 0 0 0
          0 0 0 0 0 0 0 0 0
          0 0 0 0 0 0 0 0 0
          0 0 0 0 0 0 0 0 0
          0 0 0 0 0 0 0 0 0
          0 0 0 0 0 0 0 0 0
          0 0 0 0 0 0 0 0 0
          0 0 0 0 0 0 0 0 0
          0 0 0 0 0 0 0 0 0
          0 0 0 0 0 0 0 0 0
          0 0 0 0 0 0 0 0 0
          0 0 0 0 0 0 0 0 0
          0 0 0 0 0 0 0 0 0
          0 0 0 0 0 0 0 0 0
          0 0 0 0 0 0 0 0 0
          0 0 0 0 0 0 0 0 0
          0 0 0 0 0 0 0 0 0
          0 0 0 0 0 0 0 0 0
          0 0 0 0 0 0 0 0 0
          0 0 0 0 0 0 0 0 0
          0 0 0 0 0 0 0 0 0
          0 0 0 0 0 0 0 0 0
          0 0 0 0 0 0 0 0 0
          0 0 0 0 0 0 0 0 0
          0 0 0 0 0 0 0 0 0
          0 0 0 0 0 0 0 0 0
          0 0 0 0 0 0 0 0 0
          0 0 0 0 0 0 0 0 0
          0 0 0 0 0 0 0 0 0
          0 0 0 0 0 0 0 0 0
          0 0 0 0 0 0 0 0 0
          0 0 0 0 0 0 0 0 0
          0 0 0 0 0 0 0 0 0
          0 0 0 0 0 0 0 0 0
          0 0 0 0 0 0 0 0 0
          0 0 0 0 0 0 0 0 0
          0 0 0 0 0 0 0 0 0
          0 0 0 0 0 0 0 0 0
          0 0 0 0 0 0 0 0 0
          0 0 0 0 0 0 0 0 0
          0 0 0 0 0 0 0 0 0
          0 0 0 0 0 0 0 0 0
          0 0 0 0 0 0 0 0 0
          0 0 0 0 0 0 0 0 0
          0 0 0 0 0 0 0 0 0
          0 0 0 0 0 0 0 0 0
          0 0 0 0 0 0 0 0 0
          0 0 0 0 0 0 0 0 0
          0 0 0 0 0 0 0 0 0
          0 0 0 0 0 0 0 0 0
          0 0 0 0 0 0 0 0 0
          0 0 0 0 0 0 0 0 0
          0 0 0 0 0 0 0 0 0
          0 0 0 0 0 0 0 0 0
          0 0 0 0 0 0 0 0 0
          0 0 0 0 0 0 0 0 0
          0 0 0 0 0 0 0 0 0
          0 0 0 0 0 0 0 0 0
          0 0 0 0 0 0 0 0 0
          0 0 0 0 0 0 0 0 0
          0 0 0 0 0 0 0 0 0
          0 0 0 0 0 0 0 0 0
          0 0 0 0 0 0 0 0 0
          0 0 0 0 0 0 0 0 0
          0 0 0 0 0 0 0 0 0
          0 0 0 0 0 0 0 0 0
          0 0 0 0 0 0 0 0 0
          0 0 0 0 0 0 0 0 0
          0 0 0 0 0 0 0 0 0
          0 0 0 0 0 0 0 0 0
          0 0 0 0 0 0 0 0 0
          0 0 0 0 0 0 0 0 0
          0 0 0 0 0 0 0 0 0
          0 0 0 0 0 0 0 0 0
          0 0 0 0 0 0 0 0 0
          0 0 0 0 0 0 0 0 0
          0 0 0 0 0 0 0 0 0
          0 0 0 0 0 0 0 0 0
          0 0 0 0 0 0 0 0 0
          0 0 0 0 0 0 0 0 0
          0 0 0 0 0 0 0 0 0
          0 0 0 0 0 0 0 0 0
          0 0 0 0 0 0 0 0 0
          0 0 0 0 0 0 0 0 0
          0 0 0 0 0 0 0 0 0
          0 0 0 0 0 0 0 0 0
          0 0 0 0 0 0 0 0 0
          0 0 0 0 0 0 0 0 0
          0 0 0 0 0 0 0 0 0
          0 0 0 0 0 0 0 0 0
          0 0 0 0 0 0 0 0 0
          0 0 0 0 0 0 0 0 0
          0 0 0 0 0 0 0 0 0
          0 0 0 0 0 0 0 0 0
          0 0 0 0 0 0 0 0 0
          0 0 0 0 0 0 0 0 0
          0 0 0 0 0 0 0 0 0
          0 0 0 0 0 0 0 0 0
          0 0 0 0 0 0 0 0 0
          0 0 0 0 0 0 0 0 0
          0 0 0 0 0 0 0 0 0
          0 0 0 0 0 0 0 0 0
          0 0 0 0 0 0 0 0 0
          0 0 0 0 0 0 0 0 0
          0 0 0 0 0 0 0 0 0
          0 0 0 0 0 0 0 0 0
          0 0 0 0 0 0 0 0 0
          0 0 0 0 0 0 0 0 0
          0 0 0 0 0 0 0 0 0
          0 0 0 0 0 0 0 0 0
          0 0 0 0 0 0
        </DataArray>
        <DataArray type="Float32" Name="U_1" format="ascii">
          0 0 0 0 0 0 0 0 0
          0 0 0 0 0 0 0 0 0
          0 0 0 0 0 0 0 0 0
          0 0 0 0 0 0 0 0 0
          0 0 0 0 0 0 0 0 0
          0 0 0 0 0 0 0 0 0
          0 0 0 0 0 0 0 0 0
          0 0 0 0 0 0 0 0 0
          0 0 0 0 0 0 0 0 0
          0 0 0 0 0 0 0 0 0
          0 0 0 0 0 0 0 0 0
          0 0 0 0 0 0 0 0 0
          0 0 0 0 0 0 0 0 0
          0 0 0 0 0 0 0 0 0
          0 0 0 0 0 0 0 0 0
          0 0 0 0 0 0 0 0 0
          0 0 0 0 0 0 0 0 0
          0 0 0 0 0 0 0 0 0
          0 0 0 0 0 0 0 0 0
          0 0 0 0 0 0 0 0 0
          0 0 0 0 0 0 0 0 0
          0 0 0 0 0 0 0 0 0
          0 0 0 0 0 0 0 0 0
          0 0 0 0 0 0 0 0 0
          0 0 0 0 0 0 0 0 0
          0 0 0 0 0 0 0 0 0
          0 0 0 0 0 0 0 0 0
          0 0 0 0 0 0 0 0 0
          0 0 0 0 0 0 0 0 0
          0 0 0 0 0 0 0 0 0
          0 0 0 0 0 0 0 0 0
          0 0 0 0 0 0 0 0 0
          0 0 0 0 0 0 0 0 0
          0 0 0 0 0 0 0 0 0
          0 0 0 0 0 0 0 0 0
          0 0 0 0 0 0 0 0 0
          0 0 0 0 0 0 0 0 0
          0 0 0 0 0 0 0 0 0
          0 0 0 0 0 0 0 0 0
          0 0 0 0 0 0 0 0 0
          0 0 0 0 0 0 0 0 0
          0 0 0 0 0 0 0 0 0
          0 0 0 0 0 0 0 0 0
          0 0 0 0 0 0 0 0 0
          0 0 0 0 0 0 0 0 0
          0 0 0 0 0 0 0 0 0
          0 0 0 0 0 0 0 0 0
          0 0 0 0 0 0 0 0 0
          0 0 0 0 0 0 0 0 0
          0 0 0 0 0 0 0 0 0
          0 0 0 0 0 0 0 0 0
          0 0 0 0 0 0 0 0 0
          0 0 0 0 0 0 0 0 0
          0 0 0 0 0 0 0 0 0
          0 0 0 0 0 0 0 0 0
          0 0 0 0 0 0 0 0 0
          0 0 0 0 0 0 0 0 0
          0 0 0 0 0 0 0 0 0
          0 0 0 0 0 0 0 0 0
          0 0 0 0 0 0 0 0 0
          0 0 0 0 0 0 0 0 0
          0 0 0 0 0 0 0 0 0
          0 0 0 0 0 0 0 0 0
          0 0 0 0 0 0 0 0 0
          0 0 0 0 0 0 0 0 0
          0 0 0 0 0 0 0 0 0
          0 0 0 0 0 0 0 0 0
          0 0 0 0 0 0 0 0 0
          0 0 0 0 0 0 0 0 0
          0 0 0 0 0 0 0 0 0
          0 0 0 0 0 0 0 0 0
          0 0 0 0 0 0 0 0 0
          0 0 0 0 0 0 0 0 0
          0 0 0 0 0 0 0 0 0
          0 0 0 0 0 0 0 0 0
          0 0 0 0 0 0 0 0 0
          0 0 0 0 0 0 0 0 0
          0 0 0 0 0 0 0 0 0
          0 0 0 0 0 0 0 0 0
          0 0 0 0 0 0 0 0 0
          0 0 0 0 0 0 0 0 0
          0 0 0 0 0 0 0 0 0
          0 0 0 0 0 0 0 0 0
          0 0 0 0 0 0 0 0 0
          0 0 0 0 0 0 0 0 0
          0 0 0 0 0 0 0 0 0
          0 0 0 0 0 0 0 0 0
          0 0 0 0 0 0 0 0 0
          0 0 0 0 0 0 0 0 0
          0 0 0 0 0 0 0 0 0
          0 0 0 0 0 0 0 0 0
          0 0 0 0 0 0 0 0 0
          0 0 0 0 0 0 0 0 0
          0 0 0 0 0 0 0 0 0
          0 0 0 0 0 0 0 0 0
          0 0 0 0 0 0 0 0 0
          0 0 0 0 0 0 0 0 0
          0 0 0 0 0 0 0 0 0
          0 0 0 0 0 0 0 0 0
          0 0 0 0 0 0 0 0 0
          0 0 0 0 0 0 0 0 0
          0 0 0 0 0 0 0 0 0
          0 0 0 0 0 0 0 0 0
          0 0 0 0 0 0 0 0 0
          0 0 0 0 0 0 0 0 0
          0 0 0 0 0 0 0 0 0
          0 0 0 0 0 0 0 0 0
          0 0 0 0 0 0 0 0 0
          0 0 0 0 0 0 0 0 0
          0 0 0 0 0 0 0 0 0
          0 0 0 0 0 0 0 0 0
          0 0 0 0 0 0 0 0 0
          0 0 0 0 0 0 0 0 0
          0 0 0 0 0 0 0 0 0
          0 0 0 0 0 0 0 0 0
          0 0 0 0 0 0 0 0 0
          0 0 0 0 0 0 0 0 0
          0 0 0 0 0 0 0 0 0
          0 0 0 0 0 0 0 0 0
          0 0 0 0 0 0 0 0 0
          0 0 0 0 0 0 0 0 0
          0 0 0 0 0 0 0 0 0
          0 0 0 0 0 0 0 0 0
          0 0 0 0 0 0 0 0 0
          0 0 0 0 0 0 0 0 0
          0 0 0 0 0 0 0 0 0
          0 0 0 0 0 0 0 0 0
          0 0 0 0 0 0 0 0 0
          0 0 0 0 0 0 0 0 0
          0 0 0 0 0 0 0 0 0
          0 0 0 0 0 0 0 0 0
          0 0 0 0 0 0 0 0 0
          0 0 0 0 0 0 0 0 0
          0 0 0 0 0 0 0 0 0
          0 0 0 0 0 0 0 0 0
          0 0 0 0 0 0 0 0 0
          0 0 0 0 0 0 0 0 0
          0 0 0 0 0 0 0 0 0
          0 0 0 0 0 0 0 0 0
          0 0 0 0 0 0 0 0 0
          0 0 0 0 0 0 0 0 0
          0 0 0 0 0 0 0 0 0
          0 0 0 0 0 0 0 0 0
          0 0 0 0 0 0 0 0 0
          0 0 0 0 0 0 0 0 0
          0 0 0 0 0 0 0 0 0
          0 0 0 0 0 0 0 0 0
          0 0 0 0 0 0 0 0 0
          0 0 0 0 0 0 0 0 0
          0 0 0 0 0 0 0 0 0
          0 0 0 0 0 0 0 0 0
          0 0 0 0 0 0 0 0 0
          0 0 0 0 0 0 0 0 0
          0 0 0 0 0 0 0 0 0
          0 0 0 0 0 0 0 0 0
          0 0 0 0 0 0 0 0 0
          0 0 0 0 0 0 0 0 0
          0 0 0 0 0 0 0 0 0
          0 0 0 0 0 0 0 0 0
          0 0 0 0 0 0 0 0 0
          0 0 0 0 0 0 0 0 0
          0 0 0 0 0 0 0 0 0
          0 0 0 0 0 0 0 0 0
          0 0 0 0 0 0 0 0 0
          0 0 0 0 0 0 0 0 0
          0 0 0 0 0 0 0 0 0
          0 0 0 0 0 0 0 0 0
          0 0 0 0 0 0 0 0 0
          0 0 0 0 0 0 0 0 0
          0 0 0 0 0 0 0 0 0
          0 0 0 0 0 0 0 0 0
          0 0 0 0 0 0 0 0 0
          0 0 0 0 0 0 0 0 0
          0 0 0 0 0 0 0 0 0
          0 0 0 0 0 0 0 0 0
          0 0 0 0 0 0 0 0 0
          0 0 0 0 0 0 0 0 0
          0 0 0 0 0 0 0 0 0
          0 0 0 0 0 0 0 0 0
          0 0 0 0 0 0 0 0 0
          0 0 0 0 0 0 0 0 0
          0 0 0 0 0 0 0 0 0
          0 0 0 0 0 0 0 0 0
          0 0 0 0 0 0 0 0 0
          0 0 0 0 0 0 0 0 0
          0 0 0 0 0 0 0 0 0
          0 0 0 0 0 0 0 0 0
          0 0 0 0 0 0 0 0 0
          0 0 0 0 0 0 0 0 0
          0 0 0 0 0 0 0 0 0
          0 0 0 0 0 0 0 0 0
          0 0 0 0 0 0 0 0 0
          0 0 0 0 0 0 0 0 0
          0 0 0 0 0 0 0 0 0
          0 0 0 0 0 0 0 0 0
          0 0 0 0 0 0 0 0 0
          0 0 0 0 0 0 0 0 0
          0 0 0 0 0 0 0 0 0
          0 0 0 0 0 0 0 0 0
          0 0 0 0 0 0 0 0 0
          0 0 0 0 0 0 0 0 0
          0 0 0 0 0 0 0 0 0
          0 0 0 0 0 0 0 0 0
          0 0 0 0 0 0 0 0 0
          0 0 0 0 0 0 0 0 0
          0 0 0 0 0 0 0 0 0
          0 0 0 0 0 0 0 0 0
          0 0 0 0 0 0 0 0 0
          0 0 0 0 0 0 0 0 0
          0 0 0 0 0 0 0 0 0
          0 0 0 0 0 0 0 0 0
          0 0 0 0 0 0 0 0 0
          0 0 0 0 0 0 0 0 0
          0 0 0 0 0 0 0 0 0
          0 0 0 0 0 0 0 0 0
          0 0 0 0 0 0 0 0 0
          0 0 0 0 0 0 0 0 0
          0 0 0 0 0 0 0 0 0
          0 0 0 0 0 0 0 0 0
          0 0 0 0 0 0 0 0 0
          0 0 0 0 0 0 0 0 0
          0 0 0 0 0 0 0 0 0
          0 0 0 0 0 0 0 0 0
          0 0 0 0 0 0 0 0 0
          0 0 0 0 0 0 0 0 0
          0 0 0 0 0 0 0 0 0
          0 0 0 0 0 0 0 0 0
          0 0 0 0 0 0 0 0 0
          0 0 0 0 0 0 0 0 0
          0 0 0 0 0 0 0 0 0
          0 0 0 0 0 0 0 0 0
          0 0 0 0 0 0 0 0 0
          0 0 0 0 0 0 0 0 0
          0 0 0 0 0 0 0 0 0
          0 0 0 0 0 0
        </DataArray>
        <DataArray type="Float32" Name="U_0" format="ascii">
          0 0 0 0 0 0 0 0 0
          0 0 0 0 0 0 0 0 0
          0 0 0 0 0 0 0 0 0
          0 0 0 0 0 0 0 0 0
          0 0 0 0 0 0 0 0 0
          0 0 0 0 0 0 0 0 0
          0 0 0 0 0 0 0 0 0
          0 0 0 0 0 0 0 0 0
          0 0 0 0 0 0 0 0 0
          0 0 0 0 0 0 0 0 0
          0 0 0 0 0 0 0 0 0
          0 0 0 0 0 0 0 0 0
          0 0 0 0 0 0 0 0 0
          0 0 0 0 0 0 0 0 0
          0 0 0 0 0 0 0 0 0
          0 0 0 0 0 0 0 0 0
          0 0 0 0 0 0 0 0 0
          0 0 0 0 0 0 0 0 0
          0 0 0 0 0 0 0 0 0
          0 0 0 0 0 0 0 0 0
          0 0 0 0 0 0 0 0 0
          0 0 0 0 0 0 0 0 0
          0 0 0 0 0 0 0 0 0
          0 0 0 0 0 0 0 0 0
          0 0 0 0 0 0 0 0 0
          0 0 0 0 0 0 0 0 0
          0 0 0 0 0 0 0 0 0
          0 0 0 0 0 0 0 0 0
          0 0 0 0 0 0 0 0 0
          0 0 0 0 0 0 0 0 0
          0 0 0 0 0 0 0 0 0
          0 0 0 0 0 0 0 0 0
          0 0 0 0 0 0 0 0 0
          0 0 0 0 0 0 0 0 0
          0 0 0 0 0 0 0 0 0
          0 0 0 0 0 0 0 0 0
          0 0 0 0 0 0 0 0 0
          0 0 0 0 0 0 0 0 0
          0 0 0 0 0 0 0 0 0
          0 0 0 0 0 0 0 0 0
          0 0 0 0 0 0 0 0 0
          0 0 0 0 0 0 0 0 0
          0 0 0 0 0 0 0 0 0
          0 0 0 0 0 0 0 0 0
          0 0 0 0 0 0 0 0 0
          0 0 0 0 0 0 0 0 0
          0 0 0 0 0 0 0 0 0
          0 0 0 0 0 0 0 0 0
          0 0 0 0 0 0 0 0 0
          0 0 0 0 0 0 0 0 0
          0 0 0 0 0 0 0 0 0
          0 0 0 0 0 0 0 0 0
          0 0 0 0 0 0 0 0 0
          0 0 0 0 0 0 0 0 0
          0 0 0 0 0 0 0 0 0
          0 0 0 0 0 0 0 0 0
          0 0 0 0 0 0 0 0 0
          0 0 0 0 0 0 0 0 0
          0 0 0 0 0 0 0 0 0
          0 0 0 0 0 0 0 0 0
          0 0 0 0 0 0 0 0 0
          0 0 0 0 0 0 0 0 0
          0 0 0 0 0 0 0 0 0
          0 0 0 0 0 0 0 0 0
          0 0 0 0 0 0 0 0 0
          0 0 0 0 0 0 0 0 0
          0 0 0 0 0 0 0 0 0
          0 0 0 0 0 0 0 0 0
          0 0 0 0 0 0 0 0 0
          0 0 0 0 0 0 0 0 0
          0 0 0 0 0 0 0 0 0
          0 0 0 0 0 0 0 0 0
          0 0 0 0 0 0 0 0 0
          0 0 0 0 0 0 0 0 0
          0 0 0 0 0 0 0 0 0
          0 0 0 0 0 0 0 0 0
          0 0 0 0 0 0 0 0 0
          0 0 0 0 0 0 0 0 0
          0 0 0 0 0 0 0 0 0
          0 0 0 0 0 0 0 0 0
          0 0 0 0 0 0 0 0 0
          0 0 0 0 0 0 0 0 0
          0 0 0 0 0 0 0 0 0
          0 0 0 0 0 0 0 0 0
          0 0 0 0 0 0 0 0 0
          0 0 0 0 0 0 0 0 0
          0 0 0 0 0 0 0 0 0
          0 0 0 0 0 0 0 0 0
          0 0 0 0 0 0 0 0 0
          0 0 0 0 0 0 0 0 0
          0 0 0 0 0 0 0 0 0
          0 0 0 0 0 0 0 0 0
          0 0 0 0 0 0 0 0 0
          0 0 0 0 0 0 0 0 0
          0 0 0 0 0 0 0 0 0
          0 0 0 0 0 0 0 0 0
          0 0 0 0 0 0 0 0 0
          0 0 0 0 0 0 0 0 0
          0 0 0 0 0 0 0 0 0
          0 0 0 0 0 0 0 0 0
          0 0 0 0 0 0 0 0 0
          0 0 0 0 0 0 0 0 0
          0 0 0 0 0 0 0 0 0
          0 0 0 0 0 0 0 0 0
          0 0 0 0 0 0 0 0 0
          0 0 0 0 0 0 0 0 0
          0 0 0 0 0 0 0 0 0
          0 0 0 0 0 0 0 0 0
          0 0 0 0 0 0 0 0 0
          0 0 0 0 0 0 0 0 0
          0 0 0 0 0 0 0 0 0
          0 0 0 0 0 0 0 0 0
          0 0 0 0 0 0 0 0 0
          0 0 0 0 0 0 0 0 0
          0 0 0 0 0 0 0 0 0
          0 0 0 0 0 0 0 0 0
          0 0 0 0 0 0 0 0 0
          0 0 0 0 0 0 0 0 0
          0 0 0 0 0 0 0 0 0
          0 0 0 0 0 0 0 0 0
          0 0 0 0 0 0 0 0 0
          0 0 0 0 0 0 0 0 0
          0 0 0 0 0 0 0 0 0
          0 0 0 0 0 0 0 0 0
          0 0 0 0 0 0 0 0 0
          0 0 0 0 0 0 0 0 0
          0 0 0 0 0 0 0 0 0
          0 0 0 0 0 0 0 0 0
          0 0 0 0 0 0 0 0 0
          0 0 0 0 0 0 0 0 0
          0 0 0 0 0 0 0 0 0
          0 0 0 0 0 0 0 0 0
          0 0 0 0 0 0 0 0 0
          0 0 0 0 0 0 0 0 0
          0 0 0 0 0 0 0 0 0
          0 0 0 0 0 0 0 0 0
          0 0 0 0 0 0 0 0 0
          0 0 0 0 0 0 0 0 0
          0 0 0 0 0 0 0 0 0
          0 0 0 0 0 0 0 0 0
          0 0 0 0 0 0 0 0 0
          0 0 0 0 0 0 0 0 0
          0 0 0 0 0 0 0 0 0
          0 0 0 0 0 0 0 0 0
          0 0 0 0 0 0 0 0 0
          0 0 0 0 0 0 0 0 0
          0 0 0 0 0 0 0 0 0
          0 0 0 0 0 0 0 0 0
          0 0 0 0 0 0 0 0 0
          0 0 0 0 0 0 0 0 0
          0 0 0 0 0 0 0 0 0
          0 0 0 0 0 0 0 0 0
          0 0 0 0 0 0 0 0 0
          0 0 0 0 0 0 0 0 0
          0 0 0 0 0 0 0 0 0
          0 0 0 0 0 0 0 0 0
          0 0 0 0 0 0 0 0 0
          0 0 0 0 0 0 0 0 0
          0 0 0 0 0 0 0 0 0
          0 0 0 0 0 0 0 0 0
          0 0 0 0 0 0 0 0 0
          0 0 0 0 0 0 0 0 0
          0 0 0 0 0 0 0 0 0
          0 0 0 0 0 0 0 0 0
          0 0 0 0 0 0 0 0 0
          0 0 0 0 0 0 0 0 0
          0 0 0 0 0 0 0 0 0
          0 0 0 0 0 0 0 0 0
          0 0 0 0 0 0 0 0 0
          0 0 0 0 0 0 0 0 0
          0 0 0 0 0 0 0 0 0
          0 0 0 0 0 0 0 0 0
          0 0 0 0 0 0 0 0 0
          0 0 0 0 0 0 0 0 0
          0 0 0 0 0 0 0 0 0
          0 0 0 0 0 0 0 0 0
          0 0 0 0 0 0 0 0 0
          0 0 0 0 0 0 0 0 0
          0 0 0 0 0 0 0 0 0
          0 0 0 0 0 0 0 0 0
          0 0 0 0 0 0 0 0 0
          0 0 0 0 0 0 0 0 0
          0 0 0 0 0 0 0 0 0
          0 0 0 0 0 0 0 0 0
          0 0 0 0 0 0 0 0 0
          0 0 0 0 0 0 0 0 0
          0 0 0 0 0 0 0 0 0
          0 0 0 0 0 0 0 0 0
          0 0 0 0 0 0 0 0 0
          0 0 0 0 0 0 0 0 0
          0 0 0 0 0 0 0 0 0
          0 0 0 0 0 0 0 0 0
          0 0 0 0 0 0 0 0 0
          0 0 0 0 0 0 0 0 0
          0 0 0 0 0 0 0 0 0
          0 0 0 0 0 0 0 0 0
          0 0 0 0 0 0 0 0 0
          0 0 0 0 0 0 0 0 0
          0 0 0 0 0 0 0 0 0
          0 0 0 0 0 0 0 0 0
          0 0 0 0 0 0 0 0 0
          0 0 0 0 0 0 0 0 0
          0 0 0 0 0 0 0 0 0
          0 0 0 0 0 0 0 0 0
          0 0 0 0 0 0 0 0 0
          0 0 0 0 0 0 0 0 0
          0 0 0 0 0 0 0 0 0
          0 0 0 0 0 0 0 0 0
          0 0 0 0 0 0 0 0 0
          0 0 0 0 0 0 0 0 0
          0 0 0 0 0 0 0 0 0
          0 0 0 0 0 0 0 0 0
          0 0 0 0 0 0 0 0 0
          0 0 0 0 0 0 0 0 0
          0 0 0 0 0 0 0 0 0
          0 0 0 0 0 0 0 0 0
          0 0 0 0 0 0 0 0 0
          0 0 0 0 0 0 0 0 0
          0 0 0 0 0 0 0 0 0
          0 0 0 0 0 0 0 0 0
          0 0 0 0 0 0 0 0 0
          0 0 0 0 0 0 0 0 0
          0 0 0 0 0 0 0 0 0
          0 0 0 0 0 0 0 0 0
          0 0 0 0 0 0 0 0 0
          0 0 0 0 0 0 0 0 0
          0 0 0 0 0 0 0 0 0
          0 0 0 0 0 0 0 0 0
          0 0 0 0 0 0 0 0 0
          0 0 0 0 0 0 0 0 0
          0 0 0 0 0 0 0 0 0
          0 0 0 0 0 0 0 0 0
          0 0 0 0 0 0 0 0 0
          0 0 0 0 0 0 0 0 0
          0 0 0 0 0 0
        </DataArray>
        <DataArray type="Float32" Name="pressureCoeff" format="ascii">
          0 0 0 0 0 0 0 0 0
          0 0 0 0 0 0 0 0 0
          0 0 0 0 0 0 0 0 0
          0 0 0 0 0 0 0 0 0
          0 0 0 0 0 0 0 0 0
          0 0 0 0 0 0 0 0 0
          0 0 0 0 0 0 0 0 0
          0 0 0 0 0 0 0 0 0
          0 0 0 0 0 0 0 0 0
          0 0 0 0 0 0 0 0 0
          0 0 0 0 0 0 0 0 0
          0 0 0 0 0 0 0 0 0
          0 0 0 0 0 0 0 0 0
          0 0 0 0 0 0 0 0 0
          0 0 0 0 0 0 0 0 0
          0 0 0 0 0 0 0 0 0
          0 0 0 0 0 0 0 0 0
          0 0 0 0 0 0 0 0 0
          0 0 0 0 0 0 0 0 0
          0 0 0 0 0 0 0 0 0
          0 0 0 0 0 0 0 0 0
          0 0 0 0 0 0 0 0 0
          0 0 0 0 0 0 0 0 0
          0 0 0 0 0 0 0 0 0
          0 0 0 0 0 0 0 0 0
          0 0 0 0 0 0 0 0 0
          0 0 0 0 0 0 0 0 0
          0 0 0 0 0 0 0 0 0
          0 0 0 0 0 0 0 0 0
          0 0 0 0 0 0 0 0 0
          0 0 0 0 0 0 0 0 0
          0 0 0 0 0 0 0 0 0
          0 0 0 0 0 0 0 0 0
          0 0 0 0 0 0 0 0 0
          0 0 0 0 0 0 0 0 0
          0 0 0 0 0 0 0 0 0
          0 0 0 0 0 0 0 0 0
          0 0 0 0 0 0 0 0 0
          0 0 0 0 0 0 0 0 0
          0 0 0 0 0 0 0 0 0
          0 0 0 0 0 0 0 0 0
          0 0 0 0 0 0 0 0 0
          0 0 0 0 0 0 0 0 0
          0 0 0 0 0 0 0 0 0
          0 0 0 0 0 0 0 0 0
          0 0 0 0 0 0 0 0 0
          0 0 0 0 0 0 0 0 0
          0 0 0 0 0 0 0 0 0
          0 0 0 0 0 0 0 0 0
          0 0 0 0 0 0 0 0 0
          0 0 0 0 0 0 0 0 0
          0 0 0 0 0 0 0 0 0
          0 0 0 0 0 0 0 0 0
          0 0 0 0 0 0 0 0 0
          0 0 0 0 0 0 0 0 0
          0 0 0 0 0 0 0 0 0
          0 0 0 0 0 0 0 0 0
          0 0 0 0 0 0 0 0 0
          0 0 0 0 0 0 0 0 0
          0 0 0 0 0 0 0 0 0
          0 0 0 0 0 0 0 0 0
          0 0 0 0 0 0 0 0 0
          0 0 0 0 0 0 0 0 0
          0 0 0 0 0 0 0 0 0
          0 0 0 0 0 0 0 0 0
          0 0 0 0 0 0 0 0 0
          0 0 0 0 0 0 0 0 0
          0 0 0 0 0 0 0 0 0
          0 0 0 0 0 0 0 0 0
          0 0 0 0 0 0 0 0 0
          0 0 0 0 0 0 0 0 0
          0 0 0 0 0 0 0 0 0
          0 0 0 0 0 0 0 0 0
          0 0 0 0 0 0 0 0 0
          0 0 0 0 0 0 0 0 0
          0 0 0 0 0 0 0 0 0
          0 0 0 0 0 0 0 0 0
          0 0 0 0 0 0 0 0 0
          0 0 0 0 0 0 0 0 0
          0 0 0 0 0 0 0 0 0
          0 0 0 0 0 0 0 0 0
          0 0 0 0 0 0 0 0 0
          0 0 0 0 0 0 0 0 0
          0 0 0 0 0 0 0 0 0
          0 0 0 0 0 0 0 0 0
          0 0 0 0 0 0 0 0 0
          0 0 0 0 0 0 0 0 0
          0 0 0 0 0 0 0 0 0
          0 0 0 0 0 0 0 0 0
          0 0 0 0 0 0 0 0 0
          0 0 0 0 0 0 0 0 0
          0 0 0 0 0 0 0 0 0
          0 0 0 0 0 0 0 0 0
          0 0 0 0 0 0 0 0 0
          0 0 0 0 0 0 0 0 0
          0 0 0 0 0 0 0 0 0
          0 0 0 0 0 0 0 0 0
          0 0 0 0 0 0 0 0 0
          0 0 0 0 0 0 0 0 0
          0 0 0 0 0 0 0 0 0
          0 0 0 0 0 0 0 0 0
          0 0 0 0 0 0 0 0 0
          0 0 0 0 0 0 0 0 0
          0 0 0 0 0 0 0 0 0
          0 0 0 0 0 0 0 0 0
          0 0 0 0 0 0 0 0 0
          0 0 0 0 0 0 0 0 0
          0 0 0 0 0 0 0 0 0
          0 0 0 0 0 0 0 0 0
          0 0 0 0 0 0 0 0 0
          0 0 0 0 0 0 0 0 0
          0 0 0 0 0 0 0 0 0
          0 0 0 0 0 0 0 0 0
          0 0 0 0 0 0 0 0 0
          0 0 0 0 0 0 0 0 0
          0 0 0 0 0 0 0 0 0
          0 0 0 0 0 0 0 0 0
          0 0 0 0 0 0 0 0 0
          0 0 0 0 0 0 0 0 0
          0 0 0 0 0 0 0 0 0
          0 0 0 0 0 0 0 0 0
          0 0 0 0 0 0 0 0 0
          0 0 0 0 0 0 0 0 0
          0 0 0 0 0 0 0 0 0
          0 0 0 0 0 0 0 0 0
          0 0 0 0 0 0 0 0 0
          0 0 0 0 0 0 0 0 0
          0 0 0 0 0 0 0 0 0
          0 0 0 0 0 0 0 0 0
          0 0 0 0 0 0 0 0 0
          0 0 0 0 0 0 0 0 0
          0 0 0 0 0 0 0 0 0
          0 0 0 0 0 0 0 0 0
          0 0 0 0 0 0 0 0 0
          0 0 0 0 0 0 0 0 0
          0 0 0 0 0 0 0 0 0
          0 0 0 0 0 0 0 0 0
          0 0 0 0 0 0 0 0 0
          0 0 0 0 0 0 0 0 0
          0 0 0 0 0 0 0 0 0
          0 0 0 0 0 0 0 0 0
          0 0 0 0 0 0 0 0 0
          0 0 0 0 0 0 0 0 0
          0 0 0 0 0 0 0 0 0
          0 0 0 0 0 0 0 0 0
          0 0 0 0 0 0 0 0 0
          0 0 0 0 0 0 0 0 0
          0 0 0 0 0 0 0 0 0
          0 0 0 0 0 0 0 0 0
          0 0 0 0 0 0 0 0 0
          0 0 0 0 0 0 0 0 0
          0 0 0 0 0 0 0 0 0
          0 0 0 0 0 0 0 0 0
          0 0 0 0 0 0 0 0 0
          0 0 0 0 0 0 0 0 0
          0 0 0 0 0 0 0 0 0
          0 0 0 0 0 0 0 0 0
          0 0 0 0 0 0 0 0 0
          0 0 0 0 0 0 0 0 0
          0 0 0 0 0 0 0 0 0
          0 0 0 0 0 0 0 0 0
          0 0 0 0 0 0 0 0 0
          0 0 0 0 0 0 0 0 0
          0 0 0 0 0 0 0 0 0
          0 0 0 0 0 0 0 0 0
          0 0 0 0 0 0 0 0 0
          0 0 0 0 0 0 0 0 0
          0 0 0 0 0 0 0 0 0
          0 0 0 0 0 0 0 0 0
          0 0 0 0 0 0 0 0 0
          0 0 0 0 0 0 0 0 0
          0 0 0 0 0 0 0 0 0
          0 0 0 0 0 0 0 0 0
          0 0 0 0 0 0 0 0 0
          0 0 0 0 0 0 0 0 0
          0 0 0 0 0 0 0 0 0
          0 0 0 0 0 0 0 0 0
          0 0 0 0 0 0 0 0 0
          0 0 0 0 0 0 0 0 0
          0 0 0 0 0 0 0 0 0
          0 0 0 0 0 0 0 0 0
          0 0 0 0 0 0 0 0 0
          0 0 0 0 0 0 0 0 0
          0 0 0 0 0 0 0 0 0
          0 0 0 0 0 0 0 0 0
          0 0 0 0 0 0 0 0 0
          0 0 0 0 0 0 0 0 0
          0 0 0 0 0 0 0 0 0
          0 0 0 0 0 0 0 0 0
          0 0 0 0 0 0 0 0 0
          0 0 0 0 0 0 0 0 0
          0 0 0 0 0 0 0 0 0
          0 0 0 0 0 0 0 0 0
          0 0 0 0 0 0 0 0 0
          0 0 0 0 0 0 0 0 0
          0 0 0 0 0 0 0 0 0
          0 0 0 0 0 0 0 0 0
          0 0 0 0 0 0 0 0 0
          0 0 0 0 0 0 0 0 0
          0 0 0 0 0 0 0 0 0
          0 0 0 0 0 0 0 0 0
          0 0 0 0 0 0 0 0 0
          0 0 0 0 0 0 0 0 0
          0 0 0 0 0 0 0 0 0
          0 0 0 0 0 0 0 0 0
          0 0 0 0 0 0 0 0 0
          0 0 0 0 0 0 0 0 0
          0 0 0 0 0 0 0 0 0
          0 0 0 0 0 0 0 0 0
          0 0 0 0 0 0 0 0 0
          0 0 0 0 0 0 0 0 0
          0 0 0 0 0 0 0 0 0
          0 0 0 0 0 0 0 0 0
          0 0 0 0 0 0 0 0 0
          0 0 0 0 0 0 0 0 0
          0 0 0 0 0 0 0 0 0
          0 0 0 0 0 0 0 0 0
          0 0 0 0 0 0 0 0 0
          0 0 0 0 0 0 0 0 0
          0 0 0 0 0 0 0 0 0
          0 0 0 0 0 0 0 0 0
          0 0 0 0 0 0 0 0 0
          0 0 0 0 0 0 0 0 0
          0 0 0 0 0 0 0 0 0
          0 0 0 0 0 0 0 0 0
          0 0 0 0 0 0 0 0 0
          0 0 0 0 0 0 0 0 0
          0 0 0 0 0 0 0 0 0
          0 0 0 0 0 0 0 0 0
          0 0 0 0 0 0 0 0 0
          0 0 0 0 0 0 0 0 0
          0 0 0 0 0 0 0 0 0
          0 0 0 0 0 0 0 0 0
          0 0 0 0 0 0 0 0 0
          0 0 0 0 0 0
        </DataArray>
        <DataArray type="Float32" Name="pressureCoeffAbs" format="ascii">
          0 0 0 0 0 0 0 0 0
          0 0 0 0 0 0 0 0 0
          0 0 0 0 0 0 0 0 0
          0 0 0 0 0 0 0 0 0
          0 0 0 0 0 0 0 0 0
          0 0 0 0 0 0 0 0 0
          0 0 0 0 0 0 0 0 0
          0 0 0 0 0 0 0 0 0
          0 0 0 0 0 0 0 0 0
          0 0 0 0 0 0 0 0 0
          0 0 0 0 0 0 0 0 0
          0 0 0 0 0 0 0 0 0
          0 0 0 0 0 0 0 0 0
          0 0 0 0 0 0 0 0 0
          0 0 0 0 0 0 0 0 0
          0 0 0 0 0 0 0 0 0
          0 0 0 0 0 0 0 0 0
          0 0 0 0 0 0 0 0 0
          0 0 0 0 0 0 0 0 0
          0 0 0 0 0 0 0 0 0
          0 0 0 0 0 0 0 0 0
          0 0 0 0 0 0 0 0 0
          0 0 0 0 0 0 0 0 0
          0 0 0 0 0 0 0 0 0
          0 0 0 0 0 0 0 0 0
          0 0 0 0 0 0 0 0 0
          0 0 0 0 0 0 0 0 0
          0 0 0 0 0 0 0 0 0
          0 0 0 0 0 0 0 0 0
          0 0 0 0 0 0 0 0 0
          0 0 0 0 0 0 0 0 0
          0 0 0 0 0 0 0 0 0
          0 0 0 0 0 0 0 0 0
          0 0 0 0 0 0 0 0 0
          0 0 0 0 0 0 0 0 0
          0 0 0 0 0 0 0 0 0
          0 0 0 0 0 0 0 0 0
          0 0 0 0 0 0 0 0 0
          0 0 0 0 0 0 0 0 0
          0 0 0 0 0 0 0 0 0
          0 0 0 0 0 0 0 0 0
          0 0 0 0 0 0 0 0 0
          0 0 0 0 0 0 0 0 0
          0 0 0 0 0 0 0 0 0
          0 0 0 0 0 0 0 0 0
          0 0 0 0 0 0 0 0 0
          0 0 0 0 0 0 0 0 0
          0 0 0 0 0 0 0 0 0
          0 0 0 0 0 0 0 0 0
          0 0 0 0 0 0 0 0 0
          0 0 0 0 0 0 0 0 0
          0 0 0 0 0 0 0 0 0
          0 0 0 0 0 0 0 0 0
          0 0 0 0 0 0 0 0 0
          0 0 0 0 0 0 0 0 0
          0 0 0 0 0 0 0 0 0
          0 0 0 0 0 0 0 0 0
          0 0 0 0 0 0 0 0 0
          0 0 0 0 0 0 0 0 0
          0 0 0 0 0 0 0 0 0
          0 0 0 0 0 0 0 0 0
          0 0 0 0 0 0 0 0 0
          0 0 0 0 0 0 0 0 0
          0 0 0 0 0 0 0 0 0
          0 0 0 0 0 0 0 0 0
          0 0 0 0 0 0 0 0 0
          0 0 0 0 0 0 0 0 0
          0 0 0 0 0 0 0 0 0
          0 0 0 0 0 0 0 0 0
          0 0 0 0 0 0 0 0 0
          0 0 0 0 0 0 0 0 0
          0 0 0 0 0 0 0 0 0
          0 0 0 0 0 0 0 0 0
          0 0 0 0 0 0 0 0 0
          0 0 0 0 0 0 0 0 0
          0 0 0 0 0 0 0 0 0
          0 0 0 0 0 0 0 0 0
          0 0 0 0 0 0 0 0 0
          0 0 0 0 0 0 0 0 0
          0 0 0 0 0 0 0 0 0
          0 0 0 0 0 0 0 0 0
          0 0 0 0 0 0 0 0 0
          0 0 0 0 0 0 0 0 0
          0 0 0 0 0 0 0 0 0
          0 0 0 0 0 0 0 0 0
          0 0 0 0 0 0 0 0 0
          0 0 0 0 0 0 0 0 0
          0 0 0 0 0 0 0 0 0
          0 0 0 0 0 0 0 0 0
          0 0 0 0 0 0 0 0 0
          0 0 0 0 0 0 0 0 0
          0 0 0 0 0 0 0 0 0
          0 0 0 0 0 0 0 0 0
          0 0 0 0 0 0 0 0 0
          0 0 0 0 0 0 0 0 0
          0 0 0 0 0 0 0 0 0
          0 0 0 0 0 0 0 0 0
          0 0 0 0 0 0 0 0 0
          0 0 0 0 0 0 0 0 0
          0 0 0 0 0 0 0 0 0
          0 0 0 0 0 0 0 0 0
          0 0 0 0 0 0 0 0 0
          0 0 0 0 0 0 0 0 0
          0 0 0 0 0 0 0 0 0
          0 0 0 0 0 0 0 0 0
          0 0 0 0 0 0 0 0 0
          0 0 0 0 0 0 0 0 0
          0 0 0 0 0 0 0 0 0
          0 0 0 0 0 0 0 0 0
          0 0 0 0 0 0 0 0 0
          0 0 0 0 0 0 0 0 0
          0 0 0 0 0 0 0 0 0
          0 0 0 0 0 0 0 0 0
          0 0 0 0 0 0 0 0 0
          0 0 0 0 0 0 0 0 0
          0 0 0 0 0 0 0 0 0
          0 0 0 0 0 0 0 0 0
          0 0 0 0 0 0 0 0 0
          0 0 0 0 0 0 0 0 0
          0 0 0 0 0 0 0 0 0
          0 0 0 0 0 0 0 0 0
          0 0 0 0 0 0 0 0 0
          0 0 0 0 0 0 0 0 0
          0 0 0 0 0 0 0 0 0
          0 0 0 0 0 0 0 0 0
          0 0 0 0 0 0 0 0 0
          0 0 0 0 0 0 0 0 0
          0 0 0 0 0 0 0 0 0
          0 0 0 0 0 0 0 0 0
          0 0 0 0 0 0 0 0 0
          0 0 0 0 0 0 0 0 0
          0 0 0 0 0 0 0 0 0
          0 0 0 0 0 0 0 0 0
          0 0 0 0 0 0 0 0 0
          0 0 0 0 0 0 0 0 0
          0 0 0 0 0 0 0 0 0
          0 0 0 0 0 0 0 0 0
          0 0 0 0 0 0 0 0 0
          0 0 0 0 0 0 0 0 0
          0 0 0 0 0 0 0 0 0
          0 0 0 0 0 0 0 0 0
          0 0 0 0 0 0 0 0 0
          0 0 0 0 0 0 0 0 0
          0 0 0 0 0 0 0 0 0
          0 0 0 0 0 0 0 0 0
          0 0 0 0 0 0 0 0 0
          0 0 0 0 0 0 0 0 0
          0 0 0 0 0 0 0 0 0
          0 0 0 0 0 0 0 0 0
          0 0 0 0 0 0 0 0 0
          0 0 0 0 0 0 0 0 0
          0 0 0 0 0 0 0 0 0
          0 0 0 0 0 0 0 0 0
          0 0 0 0 0 0 0 0 0
          0 0 0 0 0 0 0 0 0
          0 0 0 0 0 0 0 0 0
          0 0 0 0 0 0 0 0 0
          0 0 0 0 0 0 0 0 0
          0 0 0 0 0 0 0 0 0
          0 0 0 0 0 0 0 0 0
          0 0 0 0 0 0 0 0 0
          0 0 0 0 0 0 0 0 0
          0 0 0 0 0 0 0 0 0
          0 0 0 0 0 0 0 0 0
          0 0 0 0 0 0 0 0 0
          0 0 0 0 0 0 0 0 0
          0 0 0 0 0 0 0 0 0
          0 0 0 0 0 0 0 0 0
          0 0 0 0 0 0 0 0 0
          0 0 0 0 0 0 0 0 0
          0 0 0 0 0 0 0 0 0
          0 0 0 0 0 0 0 0 0
          0 0 0 0 0 0 0 0 0
          0 0 0 0 0 0 0 0 0
          0 0 0 0 0 0 0 0 0
          0 0 0 0 0 0 0 0 0
          0 0 0 0 0 0 0 0 0
          0 0 0 0 0 0 0 0 0
          0 0 0 0 0 0 0 0 0
          0 0 0 0 0 0 0 0 0
          0 0 0 0 0 0 0 0 0
          0 0 0 0 0 0 0 0 0
          0 0 0 0 0 0 0 0 0
          0 0 0 0 0 0 0 0 0
          0 0 0 0 0 0 0 0 0
          0 0 0 0 0 0 0 0 0
          0 0 0 0 0 0 0 0 0
          0 0 0 0 0 0 0 0 0
          0 0 0 0 0 0 0 0 0
          0 0 0 0 0 0 0 0 0
          0 0 0 0 0 0 0 0 0
          0 0 0 0 0 0 0 0 0
          0 0 0 0 0 0 0 0 0
          0 0 0 0 0 0 0 0 0
          0 0 0 0 0 0 0 0 0
          0 0 0 0 0 0 0 0 0
          0 0 0 0 0 0 0 0 0
          0 0 0 0 0 0 0 0 0
          0 0 0 0 0 0 0 0 0
          0 0 0 0 0 0 0 0 0
          0 0 0 0 0 0 0 0 0
          0 0 0 0 0 0 0 0 0
          0 0 0 0 0 0 0 0 0
          0 0 0 0 0 0 0 0 0
          0 0 0 0 0 0 0 0 0
          0 0 0 0 0 0 0 0 0
          0 0 0 0 0 0 0 0 0
          0 0 0 0 0 0 0 0 0
          0 0 0 0 0 0 0 0 0
          0 0 0 0 0 0 0 0 0
          0 0 0 0 0 0 0 0 0
          0 0 0 0 0 0 0 0 0
          0 0 0 0 0 0 0 0 0
          0 0 0 0 0 0 0 0 0
          0 0 0 0 0 0 0 0 0
          0 0 0 0 0 0 0 0 0
          0 0 0 0 0 0 0 0 0
          0 0 0 0 0 0 0 0 0
          0 0 0 0 0 0 0 0 0
          0 0 0 0 0 0 0 0 0
          0 0 0 0 0 0 0 0 0
          0 0 0 0 0 0 0 0 0
          0 0 0 0 0 0 0 0 0
          0 0 0 0 0 0 0 0 0
          0 0 0 0 0 0 0 0 0
          0 0 0 0 0 0 0 0 0
          0 0 0 0 0 0 0 0 0
          0 0 0 0 0 0 0 0 0
          0 0 0 0 0 0 0 0 0
          0 0 0 0 0 0 0 0 0
          0 0 0 0 0 0 0 0 0
          0 0 0 0 0 0 0 0 0
          0 0 0 0 0 0 0 0 0
          0 0 0 0 0 0 0 0 0
          0 0 0 0 0 0
        </DataArray>
        <DataArray type="Float32" Name="pressurePa" format="ascii">
          0 0 0 0 0 0 0 0 0
          0 0 0 0 0 0 0 0 0
          0 0 0 0 0 0 0 0 0
          0 0 0 0 0 0 0 0 0
          0 0 0 0 0 0 0 0 0
          0 0 0 0 0 0 0 0 0
          0 0 0 0 0 0 0 0 0
          0 0 0 0 0 0 0 0 0
          0 0 0 0 0 0 0 0 0
          0 0 0 0 0 0 0 0 0
          0 0 0 0 0 0 0 0 0
          0 0 0 0 0 0 0 0 0
          0 0 0 0 0 0 0 0 0
          0 0 0 0 0 0 0 0 0
          0 0 0 0 0 0 0 0 0
          0 0 0 0 0 0 0 0 0
          0 0 0 0 0 0 0 0 0
          0 0 0 0 0 0 0 0 0
          0 0 0 0 0 0 0 0 0
          0 0 0 0 0 0 0 0 0
          0 0 0 0 0 0 0 0 0
          0 0 0 0 0 0 0 0 0
          0 0 0 0 0 0 0 0 0
          0 0 0 0 0 0 0 0 0
          0 0 0 0 0 0 0 0 0
          0 0 0 0 0 0 0 0 0
          0 0 0 0 0 0 0 0 0
          0 0 0 0 0 0 0 0 0
          0 0 0 0 0 0 0 0 0
          0 0 0 0 0 0 0 0 0
          0 0 0 0 0 0 0 0 0
          0 0 0 0 0 0 0 0 0
          0 0 0 0 0 0 0 0 0
          0 0 0 0 0 0 0 0 0
          0 0 0 0 0 0 0 0 0
          0 0 0 0 0 0 0 0 0
          0 0 0 0 0 0 0 0 0
          0 0 0 0 0 0 0 0 0
          0 0 0 0 0 0 0 0 0
          0 0 0 0 0 0 0 0 0
          0 0 0 0 0 0 0 0 0
          0 0 0 0 0 0 0 0 0
          0 0 0 0 0 0 0 0 0
          0 0 0 0 0 0 0 0 0
          0 0 0 0 0 0 0 0 0
          0 0 0 0 0 0 0 0 0
          0 0 0 0 0 0 0 0 0
          0 0 0 0 0 0 0 0 0
          0 0 0 0 0 0 0 0 0
          0 0 0 0 0 0 0 0 0
          0 0 0 0 0 0 0 0 0
          0 0 0 0 0 0 0 0 0
          0 0 0 0 0 0 0 0 0
          0 0 0 0 0 0 0 0 0
          0 0 0 0 0 0 0 0 0
          0 0 0 0 0 0 0 0 0
          0 0 0 0 0 0 0 0 0
          0 0 0 0 0 0 0 0 0
          0 0 0 0 0 0 0 0 0
          0 0 0 0 0 0 0 0 0
          0 0 0 0 0 0 0 0 0
          0 0 0 0 0 0 0 0 0
          0 0 0 0 0 0 0 0 0
          0 0 0 0 0 0 0 0 0
          0 0 0 0 0 0 0 0 0
          0 0 0 0 0 0 0 0 0
          0 0 0 0 0 0 0 0 0
          0 0 0 0 0 0 0 0 0
          0 0 0 0 0 0 0 0 0
          0 0 0 0 0 0 0 0 0
          0 0 0 0 0 0 0 0 0
          0 0 0 0 0 0 0 0 0
          0 0 0 0 0 0 0 0 0
          0 0 0 0 0 0 0 0 0
          0 0 0 0 0 0 0 0 0
          0 0 0 0 0 0 0 0 0
          0 0 0 0 0 0 0 0 0
          0 0 0 0 0 0 0 0 0
          0 0 0 0 0 0 0 0 0
          0 0 0 0 0 0 0 0 0
          0 0 0 0 0 0 0 0 0
          0 0 0 0 0 0 0 0 0
          0 0 0 0 0 0 0 0 0
          0 0 0 0 0 0 0 0 0
          0 0 0 0 0 0 0 0 0
          0 0 0 0 0 0 0 0 0
          0 0 0 0 0 0 0 0 0
          0 0 0 0 0 0 0 0 0
          0 0 0 0 0 0 0 0 0
          0 0 0 0 0 0 0 0 0
          0 0 0 0 0 0 0 0 0
          0 0 0 0 0 0 0 0 0
          0 0 0 0 0 0 0 0 0
          0 0 0 0 0 0 0 0 0
          0 0 0 0 0 0 0 0 0
          0 0 0 0 0 0 0 0 0
          0 0 0 0 0 0 0 0 0
          0 0 0 0 0 0 0 0 0
          0 0 0 0 0 0 0 0 0
          0 0 0 0 0 0 0 0 0
          0 0 0 0 0 0 0 0 0
          0 0 0 0 0 0 0 0 0
          0 0 0 0 0 0 0 0 0
          0 0 0 0 0 0 0 0 0
          0 0 0 0 0 0 0 0 0
          0 0 0 0 0 0 0 0 0
          0 0 0 0 0 0 0 0 0
          0 0 0 0 0 0 0 0 0
          0 0 0 0 0 0 0 0 0
          0 0 0 0 0 0 0 0 0
          0 0 0 0 0 0 0 0 0
          0 0 0 0 0 0 0 0 0
          0 0 0 0 0 0 0 0 0
          0 0 0 0 0 0 0 0 0
          0 0 0 0 0 0 0 0 0
          0 0 0 0 0 0 0 0 0
          0 0 0 0 0 0 0 0 0
          0 0 0 0 0 0 0 0 0
          0 0 0 0 0 0 0 0 0
          0 0 0 0 0 0 0 0 0
          0 0 0 0 0 0 0 0 0
          0 0 0 0 0 0 0 0 0
          0 0 0 0 0 0 0 0 0
          0 0 0 0 0 0 0 0 0
          0 0 0 0 0 0 0 0 0
          0 0 0 0 0 0 0 0 0
          0 0 0 0 0 0 0 0 0
          0 0 0 0 0 0 0 0 0
          0 0 0 0 0 0 0 0 0
          0 0 0 0 0 0 0 0 0
          0 0 0 0 0 0 0 0 0
          0 0 0 0 0 0 0 0 0
          0 0 0 0 0 0 0 0 0
          0 0 0 0 0 0 0 0 0
          0 0 0 0 0 0 0 0 0
          0 0 0 0 0 0 0 0 0
          0 0 0 0 0 0 0 0 0
          0 0 0 0 0 0 0 0 0
          0 0 0 0 0 0 0 0 0
          0 0 0 0 0 0 0 0 0
          0 0 0 0 0 0 0 0 0
          0 0 0 0 0 0 0 0 0
          0 0 0 0 0 0 0 0 0
          0 0 0 0 0 0 0 0 0
          0 0 0 0 0 0 0 0 0
          0 0 0 0 0 0 0 0 0
          0 0 0 0 0 0 0 0 0
          0 0 0 0 0 0 0 0 0
          0 0 0 0 0 0 0 0 0
          0 0 0 0 0 0 0 0 0
          0 0 0 0 0 0 0 0 0
          0 0 0 0 0 0 0 0 0
          0 0 0 0 0 0 0 0 0
          0 0 0 0 0 0 0 0 0
          0 0 0 0 0 0 0 0 0
          0 0 0 0 0 0 0 0 0
          0 0 0 0 0 0 0 0 0
          0 0 0 0 0 0 0 0 0
          0 0 0 0 0 0 0 0 0
          0 0 0 0 0 0 0 0 0
          0 0 0 0 0 0 0 0 0
          0 0 0 0 0 0 0 0 0
          0 0 0 0 0 0 0 0 0
          0 0 0 0 0 0 0 0 0
          0 0 0 0 0 0 0 0 0
          0 0 0 0 0 0 0 0 0
          0 0 0 0 0 0 0 0 0
          0 0 0 0 0 0 0 0 0
          0 0 0 0 0 0 0 0 0
          0 0 0 0 0 0 0 0 0
          0 0 0 0 0 0 0 0 0
          0 0 0 0 0 0 0 0 0
          0 0 0 0 0 0 0 0 0
          0 0 0 0 0 0 0 0 0
          0 0 0 0 0 0 0 0 0
          0 0 0 0 0 0 0 0 0
          0 0 0 0 0 0 0 0 0
          0 0 0 0 0 0 0 0 0
          0 0 0 0 0 0 0 0 0
          0 0 0 0 0 0 0 0 0
          0 0 0 0 0 0 0 0 0
          0 0 0 0 0 0 0 0 0
          0 0 0 0 0 0 0 0 0
          0 0 0 0 0 0 0 0 0
          0 0 0 0 0 0 0 0 0
          0 0 0 0 0 0 0 0 0
          0 0 0 0 0 0 0 0 0
          0 0 0 0 0 0 0 0 0
          0 0 0 0 0 0 0 0 0
          0 0 0 0 0 0 0 0 0
          0 0 0 0 0 0 0 0 0
          0 0 0 0 0 0 0 0 0
          0 0 0 0 0 0 0 0 0
          0 0 0 0 0 0 0 0 0
          0 0 0 0 0 0 0 0 0
          0 0 0 0 0 0 0 0 0
          0 0 0 0 0 0 0 0 0
          0 0 0 0 0 0 0 0 0
          0 0 0 0 0 0 0 0 0
          0 0 0 0 0 0 0 0 0
          0 0 0 0 0 0 0 0 0
          0 0 0 0 0 0 0 0 0
          0 0 0 0 0 0 0 0 0
          0 0 0 0 0 0 0 0 0
          0 0 0 0 0 0 0 0 0
          0 0 0 0 0 0 0 0 0
          0 0 0 0 0 0 0 0 0
          0 0 0 0 0 0 0 0 0
          0 0 0 0 0 0 0 0 0
          0 0 0 0 0 0 0 0 0
          0 0 0 0 0 0 0 0 0
          0 0 0 0 0 0 0 0 0
          0 0 0 0 0 0 0 0 0
          0 0 0 0 0 0 0 0 0
          0 0 0 0 0 0 0 0 0
          0 0 0 0 0 0 0 0 0
          0 0 0 0 0 0 0 0 0
          0 0 0 0 0 0 0 0 0
          0 0 0 0 0 0 0 0 0
          0 0 0 0 0 0 0 0 0
          0 0 0 0 0 0 0 0 0
          0 0 0 0 0 0 0 0 0
          0 0 0 0 0 0 0 0 0
          0 0 0 0 0 0 0 0 0
          0 0 0 0 0 0 0 0 0
          0 0 0 0 0 0 0 0 0
          0 0 0 0 0 0 0 0 0
          0 0 0 0 0 0 0 0 0
          0 0 0 0 0 0 0 0 0
          0 0 0 0 0 0 0 0 0
          0 0 0 0 0 0 0 0 0
          0 0 0 0 0 0 0 0 0
          0 0 0 0 0 0 0 0 0
          0 0 0 0 0 0 0 0 0
          0 0 0 0 0 0
        </DataArray>
        <DataArray type="Float32" Name="pressurePaAbs" format="ascii">
          0 0 0 0 0 0 0 0 0
          0 0 0 0 0 0 0 0 0
          0 0 0 0 0 0 0 0 0
          0 0 0 0 0 0 0 0 0
          0 0 0 0 0 0 0 0 0
          0 0 0 0 0 0 0 0 0
          0 0 0 0 0 0 0 0 0
          0 0 0 0 0 0 0 0 0
          0 0 0 0 0 0 0 0 0
          0 0 0 0 0 0 0 0 0
          0 0 0 0 0 0 0 0 0
          0 0 0 0 0 0 0 0 0
          0 0 0 0 0 0 0 0 0
          0 0 0 0 0 0 0 0 0
          0 0 0 0 0 0 0 0 0
          0 0 0 0 0 0 0 0 0
          0 0 0 0 0 0 0 0 0
          0 0 0 0 0 0 0 0 0
          0 0 0 0 0 0 0 0 0
          0 0 0 0 0 0 0 0 0
          0 0 0 0 0 0 0 0 0
          0 0 0 0 0 0 0 0 0
          0 0 0 0 0 0 0 0 0
          0 0 0 0 0 0 0 0 0
          0 0 0 0 0 0 0 0 0
          0 0 0 0 0 0 0 0 0
          0 0 0 0 0 0 0 0 0
          0 0 0 0 0 0 0 0 0
          0 0 0 0 0 0 0 0 0
          0 0 0 0 0 0 0 0 0
          0 0 0 0 0 0 0 0 0
          0 0 0 0 0 0 0 0 0
          0 0 0 0 0 0 0 0 0
          0 0 0 0 0 0 0 0 0
          0 0 0 0 0 0 0 0 0
          0 0 0 0 0 0 0 0 0
          0 0 0 0 0 0 0 0 0
          0 0 0 0 0 0 0 0 0
          0 0 0 0 0 0 0 0 0
          0 0 0 0 0 0 0 0 0
          0 0 0 0 0 0 0 0 0
          0 0 0 0 0 0 0 0 0
          0 0 0 0 0 0 0 0 0
          0 0 0 0 0 0 0 0 0
          0 0 0 0 0 0 0 0 0
          0 0 0 0 0 0 0 0 0
          0 0 0 0 0 0 0 0 0
          0 0 0 0 0 0 0 0 0
          0 0 0 0 0 0 0 0 0
          0 0 0 0 0 0 0 0 0
          0 0 0 0 0 0 0 0 0
          0 0 0 0 0 0 0 0 0
          0 0 0 0 0 0 0 0 0
          0 0 0 0 0 0 0 0 0
          0 0 0 0 0 0 0 0 0
          0 0 0 0 0 0 0 0 0
          0 0 0 0 0 0 0 0 0
          0 0 0 0 0 0 0 0 0
          0 0 0 0 0 0 0 0 0
          0 0 0 0 0 0 0 0 0
          0 0 0 0 0 0 0 0 0
          0 0 0 0 0 0 0 0 0
          0 0 0 0 0 0 0 0 0
          0 0 0 0 0 0 0 0 0
          0 0 0 0 0 0 0 0 0
          0 0 0 0 0 0 0 0 0
          0 0 0 0 0 0 0 0 0
          0 0 0 0 0 0 0 0 0
          0 0 0 0 0 0 0 0 0
          0 0 0 0 0 0 0 0 0
          0 0 0 0 0 0 0 0 0
          0 0 0 0 0 0 0 0 0
          0 0 0 0 0 0 0 0 0
          0 0 0 0 0 0 0 0 0
          0 0 0 0 0 0 0 0 0
          0 0 0 0 0 0 0 0 0
          0 0 0 0 0 0 0 0 0
          0 0 0 0 0 0 0 0 0
          0 0 0 0 0 0 0 0 0
          0 0 0 0 0 0 0 0 0
          0 0 0 0 0 0 0 0 0
          0 0 0 0 0 0 0 0 0
          0 0 0 0 0 0 0 0 0
          0 0 0 0 0 0 0 0 0
          0 0 0 0 0 0 0 0 0
          0 0 0 0 0 0 0 0 0
          0 0 0 0 0 0 0 0 0
          0 0 0 0 0 0 0 0 0
          0 0 0 0 0 0 0 0 0
          0 0 0 0 0 0 0 0 0
          0 0 0 0 0 0 0 0 0
          0 0 0 0 0 0 0 0 0
          0 0 0 0 0 0 0 0 0
          0 0 0 0 0 0 0 0 0
          0 0 0 0 0 0 0 0 0
          0 0 0 0 0 0 0 0 0
          0 0 0 0 0 0 0 0 0
          0 0 0 0 0 0 0 0 0
          0 0 0 0 0 0 0 0 0
          0 0 0 0 0 0 0 0 0
          0 0 0 0 0 0 0 0 0
          0 0 0 0 0 0 0 0 0
          0 0 0 0 0 0 0 0 0
          0 0 0 0 0 0 0 0 0
          0 0 0 0 0 0 0 0 0
          0 0 0 0 0 0 0 0 0
          0 0 0 0 0 0 0 0 0
          0 0 0 0 0 0 0 0 0
          0 0 0 0 0 0 0 0 0
          0 0 0 0 0 0 0 0 0
          0 0 0 0 0 0 0 0 0
          0 0 0 0 0 0 0 0 0
          0 0 0 0 0 0 0 0 0
          0 0 0 0 0 0 0 0 0
          0 0 0 0 0 0 0 0 0
          0 0 0 0 0 0 0 0 0
          0 0 0 0 0 0 0 0 0
          0 0 0 0 0 0 0 0 0
          0 0 0 0 0 0 0 0 0
          0 0 0 0 0 0 0 0 0
          0 0 0 0 0 0 0 0 0
          0 0 0 0 0 0 0 0 0
          0 0 0 0 0 0 0 0 0
          0 0 0 0 0 0 0 0 0
          0 0 0 0 0 0 0 0 0
          0 0 0 0 0 0 0 0 0
          0 0 0 0 0 0 0 0 0
          0 0 0 0 0 0 0 0 0
          0 0 0 0 0 0 0 0 0
          0 0 0 0 0 0 0 0 0
          0 0 0 0 0 0 0 0 0
          0 0 0 0 0 0 0 0 0
          0 0 0 0 0 0 0 0 0
          0 0 0 0 0 0 0 0 0
          0 0 0 0 0 0 0 0 0
          0 0 0 0 0 0 0 0 0
          0 0 0 0 0 0 0 0 0
          0 0 0 0 0 0 0 0 0
          0 0 0 0 0 0 0 0 0
          0 0 0 0 0 0 0 0 0
          0 0 0 0 0 0 0 0 0
          0 0 0 0 0 0 0 0 0
          0 0 0 0 0 0 0 0 0
          0 0 0 0 0 0 0 0 0
          0 0 0 0 0 0 0 0 0
          0 0 0 0 0 0 0 0 0
          0 0 0 0 0 0 0 0 0
          0 0 0 0 0 0 0 0 0
          0 0 0 0 0 0 0 0 0
          0 0 0 0 0 0 0 0 0
          0 0 0 0 0 0 0 0 0
          0 0 0 0 0 0 0 0 0
          0 0 0 0 0 0 0 0 0
          0 0 0 0 0 0 0 0 0
          0 0 0 0 0 0 0 0 0
          0 0 0 0 0 0 0 0 0
          0 0 0 0 0 0 0 0 0
          0 0 0 0 0 0 0 0 0
          0 0 0 0 0 0 0 0 0
          0 0 0 0 0 0 0 0 0
          0 0 0 0 0 0 0 0 0
          0 0 0 0 0 0 0 0 0
          0 0 0 0 0 0 0 0 0
          0 0 0 0 0 0 0 0 0
          0 0 0 0 0 0 0 0 0
          0 0 0 0 0 0 0 0 0
          0 0 0 0 0 0 0 0 0
          0 0 0 0 0 0 0 0 0
          0 0 0 0 0 0 0 0 0
          0 0 0 0 0 0 0 0 0
          0 0 0 0 0 0 0 0 0
          0 0 0 0 0 0 0 0 0
          0 0 0 0 0 0 0 0 0
          0 0 0 0 0 0 0 0 0
          0 0 0 0 0 0 0 0 0
          0 0 0 0 0 0 0 0 0
          0 0 0 0 0 0 0 0 0
          0 0 0 0 0 0 0 0 0
          0 0 0 0 0 0 0 0 0
          0 0 0 0 0 0 0 0 0
          0 0 0 0 0 0 0 0 0
          0 0 0 0 0 0 0 0 0
          0 0 0 0 0 0 0 0 0
          0 0 0 0 0 0 0 0 0
          0 0 0 0 0 0 0 0 0
          0 0 0 0 0 0 0 0 0
          0 0 0 0 0 0 0 0 0
          0 0 0 0 0 0 0 0 0
          0 0 0 0 0 0 0 0 0
          0 0 0 0 0 0 0 0 0
          0 0 0 0 0 0 0 0 0
          0 0 0 0 0 0 0 0 0
          0 0 0 0 0 0 0 0 0
          0 0 0 0 0 0 0 0 0
          0 0 0 0 0 0 0 0 0
          0 0 0 0 0 0 0 0 0
          0 0 0 0 0 0 0 0 0
          0 0 0 0 0 0 0 0 0
          0 0 0 0 0 0 0 0 0
          0 0 0 0 0 0 0 0 0
          0 0 0 0 0 0 0 0 0
          0 0 0 0 0 0 0 0 0
          0 0 0 0 0 0 0 0 0
          0 0 0 0 0 0 0 0 0
          0 0 0 0 0 0 0 0 0
          0 0 0 0 0 0 0 0 0
          0 0 0 0 0 0 0 0 0
          0 0 0 0 0 0 0 0 0
          0 0 0 0 0 0 0 0 0
          0 0 0 0 0 0 0 0 0
          0 0 0 0 0 0 0 0 0
          0 0 0 0 0 0 0 0 0
          0 0 0 0 0 0 0 0 0
          0 0 0 0 0 0 0 0 0
          0 0 0 0 0 0 0 0 0
          0 0 0 0 0 0 0 0 0
          0 0 0 0 0 0 0 0 0
          0 0 0 0 0 0 0 0 0
          0 0 0 0 0 0 0 0 0
          0 0 0 0 0 0 0 0 0
          0 0 0 0 0 0 0 0 0
          0 0 0 0 0 0 0 0 0
          0 0 0 0 0 0 0 0 0
          0 0 0 0 0 0 0 0 0
          0 0 0 0 0 0 0 0 0
          0 0 0 0 0 0 0 0 0
          0 0 0 0 0 0 0 0 0
          0 0 0 0 0 0 0 0 0
          0 0 0 0 0 0 0 0 0
          0 0 0 0 0 0 0 0 0
          0 0 0 0 0 0 0 0 0
          0 0 0 0 0 0 0 0 0
          0 0 0 0 0 0 0 0 0
          0 0 0 0 0 0 0 0 0
          0 0 0 0 0 0
        </DataArray>
        <DataArray type="Float32" Name="pressureVisible01" format="ascii">
          0.5 0.5 0.5 0.5 0.5 0.5 0.5 0.5 0.5
          0.5 0.5 0.5 0.5 0.5 0.5 0.5 0.5 0.5
          0.5 0.5 0.5 0.5 0.5 0.5 0.5 0.5 0.5
          0.5 0.5 0.5 0.5 0.5 0.5 0.5 0.5 0.5
          0.5 0.5 0.5 0.5 0.5 0.5 0.5 0.5 0.5
          0.5 0.5 0.5 0.5 0.5 0.5 0.5 0.5 0.5
          0.5 0.5 0.5 0.5 0.5 0.5 0.5 0.5 0.5
          0.5 0.5 0.5 0.5 0.5 0.5 0.5 0.5 0.5
          0.5 0.5 0.5 0.5 0.5 0.5 0.5 0.5 0.5
          0.5 0.5 0.5 0.5 0.5 0.5 0.5 0.5 0.5
          0.5 0.5 0.5 0.5 0.5 0.5 0.5 0.5 0.5
          0.5 0.5 0.5 0.5 0.5 0.5 0.5 0.5 0.5
          0.5 0.5 0.5 0.5 0.5 0.5 0.5 0.5 0.5
          0.5 0.5 0.5 0.5 0.5 0.5 0.5 0.5 0.5
          0.5 0.5 0.5 0.5 0.5 0.5 0.5 0.5 0.5
          0.5 0.5 0.5 0.5 0.5 0.5 0.5 0.5 0.5
          0.5 0.5 0.5 0.5 0.5 0.5 0.5 0.5 0.5
          0.5 0.5 0.5 0.5 0.5 0.5 0.5 0.5 0.5
          0.5 0.5 0.5 0.5 0.5 0.5 0.5 0.5 0.5
          0.5 0.5 0.5 0.5 0.5 0.5 0.5 0.5 0.5
          0.5 0.5 0.5 0.5 0.5 0.5 0.5 0.5 0.5
          0.5 0.5 0.5 0.5 0.5 0.5 0.5 0.5 0.5
          0.5 0.5 0.5 0.5 0.5 0.5 0.5 0.5 0.5
          0.5 0.5 0.5 0.5 0.5 0.5 0.5 0.5 0.5
          0.5 0.5 0.5 0.5 0.5 0.5 0.5 0.5 0.5
          0.5 0.5 0.5 0.5 0.5 0.5 0.5 0.5 0.5
          0.5 0.5 0.5 0.5 0.5 0.5 0.5 0.5 0.5
          0.5 0.5 0.5 0.5 0.5 0.5 0.5 0.5 0.5
          0.5 0.5 0.5 0.5 0.5 0.5 0.5 0.5 0.5
          0.5 0.5 0.5 0.5 0.5 0.5 0.5 0.5 0.5
          0.5 0.5 0.5 0.5 0.5 0.5 0.5 0.5 0.5
          0.5 0.5 0.5 0.5 0.5 0.5 0.5 0.5 0.5
          0.5 0.5 0.5 0.5 0.5 0.5 0.5 0.5 0.5
          0.5 0.5 0.5 0.5 0.5 0.5 0.5 0.5 0.5
          0.5 0.5 0.5 0.5 0.5 0.5 0.5 0.5 0.5
          0.5 0.5 0.5 0.5 0.5 0.5 0.5 0.5 0.5
          0.5 0.5 0.5 0.5 0.5 0.5 0.5 0.5 0.5
          0.5 0.5 0.5 0.5 0.5 0.5 0.5 0.5 0.5
          0.5 0.5 0.5 0.5 0.5 0.5 0.5 0.5 0.5
          0.5 0.5 0.5 0.5 0.5 0.5 0.5 0.5 0.5
          0.5 0.5 0.5 0.5 0.5 0.5 0.5 0.5 0.5
          0.5 0.5 0.5 0.5 0.5 0.5 0.5 0.5 0.5
          0.5 0.5 0.5 0.5 0.5 0.5 0.5 0.5 0.5
          0.5 0.5 0.5 0.5 0.5 0.5 0.5 0.5 0.5
          0.5 0.5 0.5 0.5 0.5 0.5 0.5 0.5 0.5
          0.5 0.5 0.5 0.5 0.5 0.5 0.5 0.5 0.5
          0.5 0.5 0.5 0.5 0.5 0.5 0.5 0.5 0.5
          0.5 0.5 0.5 0.5 0.5 0.5 0.5 0.5 0.5
          0.5 0.5 0.5 0.5 0.5 0.5 0.5 0.5 0.5
          0.5 0.5 0.5 0.5 0.5 0.5 0.5 0.5 0.5
          0.5 0.5 0.5 0.5 0.5 0.5 0.5 0.5 0.5
          0.5 0.5 0.5 0.5 0.5 0.5 0.5 0.5 0.5
          0.5 0.5 0.5 0.5 0.5 0.5 0.5 0.5 0.5
          0.5 0.5 0.5 0.5 0.5 0.5 0.5 0.5 0.5
          0.5 0.5 0.5 0.5 0.5 0.5 0.5 0.5 0.5
          0.5 0.5 0.5 0.5 0.5 0.5 0.5 0.5 0.5
          0.5 0.5 0.5 0.5 0.5 0.5 0.5 0.5 0.5
          0.5 0.5 0.5 0.5 0.5 0.5 0.5 0.5 0.5
          0.5 0.5 0.5 0.5 0.5 0.5 0.5 0.5 0.5
          0.5 0.5 0.5 0.5 0.5 0.5 0.5 0.5 0.5
          0.5 0.5 0.5 0.5 0.5 0.5 0.5 0.5 0.5
          0.5 0.5 0.5 0.5 0.5 0.5 0.5 0.5 0.5
          0.5 0.5 0.5 0.5 0.5 0.5 0.5 0.5 0.5
          0.5 0.5 0.5 0.5 0.5 0.5 0.5 0.5 0.5
          0.5 0.5 0.5 0.5 0.5 0.5 0.5 0.5 0.5
          0.5 0.5 0.5 0.5 0.5 0.5 0.5 0.5 0.5
          0.5 0.5 0.5 0.5 0.5 0.5 0.5 0.5 0.5
          0.5 0.5 0.5 0.5 0.5 0.5 0.5 0.5 0.5
          0.5 0.5 0.5 0.5 0.5 0.5 0.5 0.5 0.5
          0.5 0.5 0.5 0.5 0.5 0.5 0.5 0.5 0.5
          0.5 0.5 0.5 0.5 0.5 0.5 0.5 0.5 0.5
          0.5 0.5 0.5 0.5 0.5 0.5 0.5 0.5 0.5
          0.5 0.5 0.5 0.5 0.5 0.5 0.5 0.5 0.5
          0.5 0.5 0.5 0.5 0.5 0.5 0.5 0.5 0.5
          0.5 0.5 0.5 0.5 0.5 0.5 0.5 0.5 0.5
          0.5 0.5 0.5 0.5 0.5 0.5 0.5 0.5 0.5
          0.5 0.5 0.5 0.5 0.5 0.5 0.5 0.5 0.5
          0.5 0.5 0.5 0.5 0.5 0.5 0.5 0.5 0.5
          0.5 0.5 0.5 0.5 0.5 0.5 0.5 0.5 0.5
          0.5 0.5 0.5 0.5 0.5 0.5 0.5 0.5 0.5
          0.5 0.5 0.5 0.5 0.5 0.5 0.5 0.5 0.5
          0.5 0.5 0.5 0.5 0.5 0.5 0.5 0.5 0.5
          0.5 0.5 0.5 0.5 0.5 0.5 0.5 0.5 0.5
          0.5 0.5 0.5 0.5 0.5 0.5 0.5 0.5 0.5
          0.5 0.5 0.5 0.5 0.5 0.5 0.5 0.5 0.5
          0.5 0.5 0.5 0.5 0.5 0.5 0.5 0.5 0.5
          0.5 0.5 0.5 0.5 0.5 0.5 0.5 0.5 0.5
          0.5 0.5 0.5 0.5 0.5 0.5 0.5 0.5 0.5
          0.5 0.5 0.5 0.5 0.5 0.5 0.5 0.5 0.5
          0.5 0.5 0.5 0.5 0.5 0.5 0.5 0.5 0.5
          0.5 0.5 0.5 0.5 0.5 0.5 0.5 0.5 0.5
          0.5 0.5 0.5 0.5 0.5 0.5 0.5 0.5 0.5
          0.5 0.5 0.5 0.5 0.5 0.5 0.5 0.5 0.5
          0.5 0.5 0.5 0.5 0.5 0.5 0.5 0.5 0.5
          0.5 0.5 0.5 0.5 0.5 0.5 0.5 0.5 0.5
          0.5 0.5 0.5 0.5 0.5 0.5 0.5 0.5 0.5
          0.5 0.5 0.5 0.5 0.5 0.5 0.5 0.5 0.5
          0.5 0.5 0.5 0.5 0.5 0.5 0.5 0.5 0.5
          0.5 0.5 0.5 0.5 0.5 0.5 0.5 0.5 0.5
          0.5 0.5 0.5 0.5 0.5 0.5 0.5 0.5 0.5
          0.5 0.5 0.5 0.5 0.5 0.5 0.5 0.5 0.5
          0.5 0.5 0.5 0.5 0.5 0.5 0.5 0.5 0.5
          0.5 0.5 0.5 0.5 0.5 0.5 0.5 0.5 0.5
          0.5 0.5 0.5 0.5 0.5 0.5 0.5 0.5 0.5
          0.5 0.5 0.5 0.5 0.5 0.5 0.5 0.5 0.5
          0.5 0.5 0.5 0.5 0.5 0.5 0.5 0.5 0.5
          0.5 0.5 0.5 0.5 0.5 0.5 0.5 0.5 0.5
          0.5 0.5 0.5 0.5 0.5 0.5 0.5 0.5 0.5
          0.5 0.5 0.5 0.5 0.5 0.5 0.5 0.5 0.5
          0.5 0.5 0.5 0.5 0.5 0.5 0.5 0.5 0.5
          0.5 0.5 0.5 0.5 0.5 0.5 0.5 0.5 0.5
          0.5 0.5 0.5 0.5 0.5 0.5 0.5 0.5 0.5
          0.5 0.5 0.5 0.5 0.5 0.5 0.5 0.5 0.5
          0.5 0.5 0.5 0.5 0.5 0.5 0.5 0.5 0.5
          0.5 0.5 0.5 0.5 0.5 0.5 0.5 0.5 0.5
          0.5 0.5 0.5 0.5 0.5 0.5 0.5 0.5 0.5
          0.5 0.5 0.5 0.5 0.5 0.5 0.5 0.5 0.5
          0.5 0.5 0.5 0.5 0.5 0.5 0.5 0.5 0.5
          0.5 0.5 0.5 0.5 0.5 0.5 0.5 0.5 0.5
          0.5 0.5 0.5 0.5 0.5 0.5 0.5 0.5 0.5
          0.5 0.5 0.5 0.5 0.5 0.5 0.5 0.5 0.5
          0.5 0.5 0.5 0.5 0.5 0.5 0.5 0.5 0.5
          0.5 0.5 0.5 0.5 0.5 0.5 0.5 0.5 0.5
          0.5 0.5 0.5 0.5 0.5 0.5 0.5 0.5 0.5
          0.5 0.5 0.5 0.5 0.5 0.5 0.5 0.5 0.5
          0.5 0.5 0.5 0.5 0.5 0.5 0.5 0.5 0.5
          0.5 0.5 0.5 0.5 0.5 0.5 0.5 0.5 0.5
          0.5 0.5 0.5 0.5 0.5 0.5 0.5 0.5 0.5
          0.5 0.5 0.5 0.5 0.5 0.5 0.5 0.5 0.5
          0.5 0.5 0.5 0.5 0.5 0.5 0.5 0.5 0.5
          0.5 0.5 0.5 0.5 0.5 0.5 0.5 0.5 0.5
          0.5 0.5 0.5 0.5 0.5 0.5 0.5 0.5 0.5
          0.5 0.5 0.5 0.5 0.5 0.5 0.5 0.5 0.5
          0.5 0.5 0.5 0.5 0.5 0.5 0.5 0.5 0.5
          0.5 0.5 0.5 0.5 0.5 0.5 0.5 0.5 0.5
          0.5 0.5 0.5 0.5 0.5 0.5 0.5 0.5 0.5
          0.5 0.5 0.5 0.5 0.5 0.5 0.5 0.5 0.5
          0.5 0.5 0.5 0.5 0.5 0.5 0.5 0.5 0.5
          0.5 0.5 0.5 0.5 0.5 0.5 0.5 0.5 0.5
          0.5 0.5 0.5 0.5 0.5 0.5 0.5 0.5 0.5
          0.5 0.5 0.5 0.5 0.5 0.5 0.5 0.5 0.5
          0.5 0.5 0.5 0.5 0.5 0.5 0.5 0.5 0.5
          0.5 0.5 0.5 0.5 0.5 0.5 0.5 0.5 0.5
          0.5 0.5 0.5 0.5 0.5 0.5 0.5 0.5 0.5
          0.5 0.5 0.5 0.5 0.5 0.5 0.5 0.5 0.5
          0.5 0.5 0.5 0.5 0.5 0.5 0.5 0.5 0.5
          0.5 0.5 0.5 0.5 0.5 0.5 0.5 0.5 0.5
          0.5 0.5 0.5 0.5 0.5 0.5 0.5 0.5 0.5
          0.5 0.5 0.5 0.5 0.5 0.5 0.5 0.5 0.5
          0.5 0.5 0.5 0.5 0.5 0.5 0.5 0.5 0.5
          0.5 0.5 0.5 0.5 0.5 0.5 0.5 0.5 0.5
          0.5 0.5 0.5 0.5 0.5 0.5 0.5 0.5 0.5
          0.5 0.5 0.5 0.5 0.5 0.5 0.5 0.5 0.5
          0.5 0.5 0.5 0.5 0.5 0.5 0.5 0.5 0.5
          0.5 0.5 0.5 0.5 0.5 0.5 0.5 0.5 0.5
          0.5 0.5 0.5 0.5 0.5 0.5 0.5 0.5 0.5
          0.5 0.5 0.5 0.5 0.5 0.5 0.5 0.5 0.5
          0.5 0.5 0.5 0.5 0.5 0.5 0.5 0.5 0.5
          0.5 0.5 0.5 0.5 0.5 0.5 0.5 0.5 0.5
          0.5 0.5 0.5 0.5 0.5 0.5 0.5 0.5 0.5
          0.5 0.5 0.5 0.5 0.5 0.5 0.5 0.5 0.5
          0.5 0.5 0.5 0.5 0.5 0.5 0.5 0.5 0.5
          0.5 0.5 0.5 0.5 0.5 0.5 0.5 0.5 0.5
          0.5 0.5 0.5 0.5 0.5 0.5 0.5 0.5 0.5
          0.5 0.5 0.5 0.5 0.5 0.5 0.5 0.5 0.5
          0.5 0.5 0.5 0.5 0.5 0.5 0.5 0.5 0.5
          0.5 0.5 0.5 0.5 0.5 0.5 0.5 0.5 0.5
          0.5 0.5 0.5 0.5 0.5 0.5 0.5 0.5 0.5
          0.5 0.5 0.5 0.5 0.5 0.5 0.5 0.5 0.5
          0.5 0.5 0.5 0.5 0.5 0.5 0.5 0.5 0.5
          0.5 0.5 0.5 0.5 0.5 0.5 0.5 0.5 0.5
          0.5 0.5 0.5 0.5 0.5 0.5 0.5 0.5 0.5
          0.5 0.5 0.5 0.5 0.5 0.5 0.5 0.5 0.5
          0.5 0.5 0.5 0.5 0.5 0.5 0.5 0.5 0.5
          0.5 0.5 0.5 0.5 0.5 0.5 0.5 0.5 0.5
          0.5 0.5 0.5 0.5 0.5 0.5 0.5 0.5 0.5
          0.5 0.5 0.5 0.5 0.5 0.5 0.5 0.5 0.5
          0.5 0.5 0.5 0.5 0.5 0.5 0.5 0.5 0.5
          0.5 0.5 0.5 0.5 0.5 0.5 0.5 0.5 0.5
          0.5 0.5 0.5 0.5 0.5 0.5 0.5 0.5 0.5
          0.5 0.5 0.5 0.5 0.5 0.5 0.5 0.5 0.5
          0.5 0.5 0.5 0.5 0.5 0.5 0.5 0.5 0.5
          0.5 0.5 0.5 0.5 0.5 0.5 0.5 0.5 0.5
          0.5 0.5 0.5 0.5 0.5 0.5 0.5 0.5 0.5
          0.5 0.5 0.5 0.5 0.5 0.5 0.5 0.5 0.5
          0.5 0.5 0.5 0.5 0.5 0.5 0.5 0.5 0.5
          0.5 0.5 0.5 0.5 0.5 0.5 0.5 0.5 0.5
          0.5 0.5 0.5 0.5 0.5 0.5 0.5 0.5 0.5
          0.5 0.5 0.5 0.5 0.5 0.5 0.5 0.5 0.5
          0.5 0.5 0.5 0.5 0.5 0.5 0.5 0.5 0.5
          0.5 0.5 0.5 0.5 0.5 0.5 0.5 0.5 0.5
          0.5 0.5 0.5 0.5 0.5 0.5 0.5 0.5 0.5
          0.5 0.5 0.5 0.5 0.5 0.5 0.5 0.5 0.5
          0.5 0.5 0.5 0.5 0.5 0.5 0.5 0.5 0.5
          0.5 0.5 0.5 0.5 0.5 0.5 0.5 0.5 0.5
          0.5 0.5 0.5 0.5 0.5 0.5 0.5 0.5 0.5
          0.5 0.5 0.5 0.5 0.5 0.5 0.5 0.5 0.5
          0.5 0.5 0.5 0.5 0.5 0.5 0.5 0.5 0.5
          0.5 0.5 0.5 0.5 0.5 0.5 0.5 0.5 0.5
          0.5 0.5 0.5 0.5 0.5 0.5 0.5 0.5 0.5
          0.5 0.5 0.5 0.5 0.5 0.5 0.5 0.5 0.5
          0.5 0.5 0.5 0.5 0.5 0.5 0.5 0.5 0.5
          0.5 0.5 0.5 0.5 0.5 0.5 0.5 0.5 0.5
          0.5 0.5 0.5 0.5 0.5 0.5 0.5 0.5 0.5
          0.5 0.5 0.5 0.5 0.5 0.5 0.5 0.5 0.5
          0.5 0.5 0.5 0.5 0.5 0.5 0.5 0.5 0.5
          0.5 0.5 0.5 0.5 0.5 0.5 0.5 0.5 0.5
          0.5 0.5 0.5 0.5 0.5 0.5 0.5 0.5 0.5
          0.5 0.5 0.5 0.5 0.5 0.5 0.5 0.5 0.5
          0.5 0.5 0.5 0.5 0.5 0.5 0.5 0.5 0.5
          0.5 0.5 0.5 0.5 0.5 0.5 0.5 0.5 0.5
          0.5 0.5 0.5 0.5 0.5 0.5 0.5 0.5 0.5
          0.5 0.5 0.5 0.5 0.5 0.5 0.5 0.5 0.5
          0.5 0.5 0.5 0.5 0.5 0.5 0.5 0.5 0.5
          0.5 0.5 0.5 0.5 0.5 0.5 0.5 0.5 0.5
          0.5 0.5 0.5 0.5 0.5 0.5 0.5 0.5 0.5
          0.5 0.5 0.5 0.5 0.5 0.5 0.5 0.5 0.5
          0.5 0.5 0.5 0.5 0.5 0.5 0.5 0.5 0.5
          0.5 0.5 0.5 0.5 0.5 0.5 0.5 0.5 0.5
          0.5 0.5 0.5 0.5 0.5 0.5 0.5 0.5 0.5
          0.5 0.5 0.5 0.5 0.5 0.5 0.5 0.5 0.5
          0.5 0.5 0.5 0.5 0.5 0.5 0.5 0.5 0.5
          0.5 0.5 0.5 0.5 0.5 0.5 0.5 0.5 0.5
          0.5 0.5 0.5 0.5 0.5 0.5 0.5 0.5 0.5
          0.5 0.5 0.5 0.5 0.5 0.5 0.5 0.5 0.5
          0.5 0.5 0.5 0.5 0.5 0.5 0.5 0.5 0.5
          0.5 0.5 0.5 0.5 0.5 0.5 0.5 0.5 0.5
          0.5 0.5 0.5 0.5 0.5 0.5 0.5 0.5 0.5
          0.5 0.5 0.5 0.5 0.5 0.5 0.5 0.5 0.5
          0.5 0.5 0.5 0.5 0.5 0.5 0.5 0.5 0.5
          0.5 0.5 0.5 0.5 0.5 0.5 0.5 0.5 0.5
          0.5 0.5 0.5 0.5 0.5 0.5 0.5 0.5 0.5
          0.5 0.5 0.5 0.5 0.5 0.5 0.5 0.5 0.5
          0.5 0.5 0.5 0.5 0.5 0.5 0.5 0.5 0.5
          0.5 0.5 0.5 0.5 0.5 0.5
        </DataArray>
        <DataArray type="Float32" Name="U" NumberOfComponents="3" format="ascii">
          0 0 0 0 0 0 0 0 0
          0 0 0 0 0 0 0 0 0
          0 0 0 0 0 0 0 0 0
          0 0 0 0 0 0 0 0 0
          0 0 0 0 0 0 0 0 0
          0 0 0 0 0 0 0 0 0
          0 0 0 0 0 0 0 0 0
          0 0 0 0 0 0 0 0 0
          0 0 0 0 0 0 0 0 0
          0 0 0 0 0 0 0 0 0
          0 0 0 0 0 0 0 0 0
          0 0 0 0 0 0 0 0 0
          0 0 0 0 0 0 0 0 0
          0 0 0 0 0 0 0 0 0
          0 0 0 0 0 0 0 0 0
          0 0 0 0 0 0 0 0 0
          0 0 0 0 0 0 0 0 0
          0 0 0 0 0 0 0 0 0
          0 0 0 0 0 0 0 0 0
          0 0 0 0 0 0 0 0 0
          0 0 0 0 0 0 0 0 0
          0 0 0 0 0 0 0 0 0
          0 0 0 0 0 0 0 0 0
          0 0 0 0 0 0 0 0 0
          0 0 0 0 0 0 0 0 0
          0 0 0 0 0 0 0 0 0
          0 0 0 0 0 0 0 0 0
          0 0 0 0 0 0 0 0 0
          0 0 0 0 0 0 0 0 0
          0 0 0 0 0 0 0 0 0
          0 0 0 0 0 0 0 0 0
          0 0 0 0 0 0 0 0 0
          0 0 0 0 0 0 0 0 0
          0 0 0 0 0 0 0 0 0
          0 0 0 0 0 0 0 0 0
          0 0 0 0 0 0 0 0 0
          0 0 0 0 0 0 0 0 0
          0 0 0 0 0 0 0 0 0
          0 0 0 0 0 0 0 0 0
          0 0 0 0 0 0 0 0 0
          0 0 0 0 0 0 0 0 0
          0 0 0 0 0 0 0 0 0
          0 0 0 0 0 0 0 0 0
          0 0 0 0 0 0 0 0 0
          0 0 0 0 0 0 0 0 0
          0 0 0 0 0 0 0 0 0
          0 0 0 0 0 0 0 0 0
          0 0 0 0 0 0 0 0 0
          0 0 0 0 0 0 0 0 0
          0 0 0 0 0 0 0 0 0
          0 0 0 0 0 0 0 0 0
          0 0 0 0 0 0 0 0 0
          0 0 0 0 0 0 0 0 0
          0 0 0 0 0 0 0 0 0
          0 0 0 0 0 0 0 0 0
          0 0 0 0 0 0 0 0 0
          0 0 0 0 0 0 0 0 0
          0 0 0 0 0 0 0 0 0
          0 0 0 0 0 0 0 0 0
          0 0 0 0 0 0 0 0 0
          0 0 0 0 0 0 0 0 0
          0 0 0 0 0 0 0 0 0
          0 0 0 0 0 0 0 0 0
          0 0 0 0 0 0 0 0 0
          0 0 0 0 0 0 0 0 0
          0 0 0 0 0 0 0 0 0
          0 0 0 0 0 0 0 0 0
          0 0 0 0 0 0 0 0 0
          0 0 0 0 0 0 0 0 0
          0 0 0 0 0 0 0 0 0
          0 0 0 0 0 0 0 0 0
          0 0 0 0 0 0 0 0 0
          0 0 0 0 0 0 0 0 0
          0 0 0 0 0 0 0 0 0
          0 0 0 0 0 0 0 0 0
          0 0 0 0 0 0 0 0 0
          0 0 0 0 0 0 0 0 0
          0 0 0 0 0 0 0 0 0
          0 0 0 0 0 0 0 0 0
          0 0 0 0 0 0 0 0 0
          0 0 0 0 0 0 0 0 0
          0 0 0 0 0 0 0 0 0
          0 0 0 0 0 0 0 0 0
          0 0 0 0 0 0 0 0 0
          0 0 0 0 0 0 0 0 0
          0 0 0 0 0 0 0 0 0
          0 0 0 0 0 0 0 0 0
          0 0 0 0 0 0 0 0 0
          0 0 0 0 0 0 0 0 0
          0 0 0 0 0 0 0 0 0
          0 0 0 0 0 0 0 0 0
          0 0 0 0 0 0 0 0 0
          0 0 0 0 0 0 0 0 0
          0 0 0 0 0 0 0 0 0
          0 0 0 0 0 0 0 0 0
          0 0 0 0 0 0 0 0 0
          0 0 0 0 0 0 0 0 0
          0 0 0 0 0 0 0 0 0
          0 0 0 0 0 0 0 0 0
          0 0 0 0 0 0 0 0 0
          0 0 0 0 0 0 0 0 0
          0 0 0 0 0 0 0 0 0
          0 0 0 0 0 0 0 0 0
          0 0 0 0 0 0 0 0 0
          0 0 0 0 0 0 0 0 0
          0 0 0 0 0 0 0 0 0
          0 0 0 0 0 0 0 0 0
          0 0 0 0 0 0 0 0 0
          0 0 0 0 0 0 0 0 0
          0 0 0 0 0 0 0 0 0
          0 0 0 0 0 0 0 0 0
          0 0 0 0 0 0 0 0 0
          0 0 0 0 0 0 0 0 0
          0 0 0 0 0 0 0 0 0
          0 0 0 0 0 0 0 0 0
          0 0 0 0 0 0 0 0 0
          0 0 0 0 0 0 0 0 0
          0 0 0 0 0 0 0 0 0
          0 0 0 0 0 0 0 0 0
          0 0 0 0 0 0 0 0 0
          0 0 0 0 0 0 0 0 0
          0 0 0 0 0 0 0 0 0
          0 0 0 0 0 0 0 0 0
          0 0 0 0 0 0 0 0 0
          0 0 0 0 0 0 0 0 0
          0 0 0 0 0 0 0 0 0
          0 0 0 0 0 0 0 0 0
          0 0 0 0 0 0 0 0 0
          0 0 0 0 0 0 0 0 0
          0 0 0 0 0 0 0 0 0
          0 0 0 0 0 0 0 0 0
          0 0 0 0 0 0 0 0 0
          0 0 0 0 0 0 0 0 0
          0 0 0 0 0 0 0 0 0
          0 0 0 0 0 0 0 0 0
          0 0 0 0 0 0 0 0 0
          0 0 0 0 0 0 0 0 0
          0 0 0 0 0 0 0 0 0
          0 0 0 0 0 0 0 0 0
          0 0 0 0 0 0 0 0 0
          0 0 0 0 0 0 0 0 0
          0 0 0 0 0 0 0 0 0
          0 0 0 0 0 0 0 0 0
          0 0 0 0 0 0 0 0 0
          0 0 0 0 0 0 0 0 0
          0 0 0 0 0 0 0 0 0
          0 0 0 0 0 0 0 0 0
          0 0 0 0 0 0 0 0 0
          0 0 0 0 0 0 0 0 0
          0 0 0 0 0 0 0 0 0
          0 0 0 0 0 0 0 0 0
          0 0 0 0 0 0 0 0 0
          0 0 0 0 0 0 0 0 0
          0 0 0 0 0 0 0 0 0
          0 0 0 0 0 0 0 0 0
          0 0 0 0 0 0 0 0 0
          0 0 0 0 0 0 0 0 0
          0 0 0 0 0 0 0 0 0
          0 0 0 0 0 0 0 0 0
          0 0 0 0 0 0 0 0 0
          0 0 0 0 0 0 0 0 0
          0 0 0 0 0 0 0 0 0
          0 0 0 0 0 0 0 0 0
          0 0 0 0 0 0 0 0 0
          0 0 0 0 0 0 0 0 0
          0 0 0 0 0 0 0 0 0
          0 0 0 0 0 0 0 0 0
          0 0 0 0 0 0 0 0 0
          0 0 0 0 0 0 0 0 0
          0 0 0 0 0 0 0 0 0
          0 0 0 0 0 0 0 0 0
          0 0 0 0 0 0 0 0 0
          0 0 0 0 0 0 0 0 0
          0 0 0 0 0 0 0 0 0
          0 0 0 0 0 0 0 0 0
          0 0 0 0 0 0 0 0 0
          0 0 0 0 0 0 0 0 0
          0 0 0 0 0 0 0 0 0
          0 0 0 0 0 0 0 0 0
          0 0 0 0 0 0 0 0 0
          0 0 0 0 0 0 0 0 0
          0 0 0 0 0 0 0 0 0
          0 0 0 0 0 0 0 0 0
          0 0 0 0 0 0 0 0 0
          0 0 0 0 0 0 0 0 0
          0 0 0 0 0 0 0 0 0
          0 0 0 0 0 0 0 0 0
          0 0 0 0 0 0 0 0 0
          0 0 0 0 0 0 0 0 0
          0 0 0 0 0 0 0 0 0
          0 0 0 0 0 0 0 0 0
          0 0 0 0 0 0 0 0 0
          0 0 0 0 0 0 0 0 0
          0 0 0 0 0 0 0 0 0
          0 0 0 0 0 0 0 0 0
          0 0 0 0 0 0 0 0 0
          0 0 0 0 0 0 0 0 0
          0 0 0 0 0 0 0 0 0
          0 0 0 0 0 0 0 0 0
          0 0 0 0 0 0 0 0 0
          0 0 0 0 0 0 0 0 0
          0 0 0 0 0 0 0 0 0
          0 0 0 0 0 0 0 0 0
          0 0 0 0 0 0 0 0 0
          0 0 0 0 0 0 0 0 0
          0 0 0 0 0 0 0 0 0
          0 0 0 0 0 0 0 0 0
          0 0 0 0 0 0 0 0 0
          0 0 0 0 0 0 0 0 0
          0 0 0 0 0 0 0 0 0
          0 0 0 0 0 0 0 0 0
          0 0 0 0 0 0 0 0 0
          0 0 0 0 0 0 0 0 0
          0 0 0 0 0 0 0 0 0
          0 0 0 0 0 0 0 0 0
          0 0 0 0 0 0 0 0 0
          0 0 0 0 0 0 0 0 0
          0 0 0 0 0 0 0 0 0
          0 0 0 0 0 0 0 0 0
          0 0 0 0 0 0 0 0 0
          0 0 0 0 0 0 0 0 0
          0 0 0 0 0 0 0 0 0
          0 0 0 0 0 0 0 0 0
          0 0 0 0 0 0 0 0 0
          0 0 0 0 0 0 0 0 0
          0 0 0 0 0 0 0 0 0
          0 0 0 0 0 0 0 0 0
          0 0 0 0 0 0 0 0 0
          0 0 0 0 0 0 0 0 0
          0 0 0 0 0 0 0 0 0
          0 0 0 0 0 0 0 0 0
          0 0 0 0 0 0 0 0 0
          0 0 0 0 0 0 0 0 0
          0 0 0 0 0 0 0 0 0
          0 0 0 0 0 0 0 0 0
          0 0 0 0 0 0 0 0 0
          0 0 0 0 0 0 0 0 0
          0 0 0 0 0 0 0 0 0
          0 0 0 0 0 0 0 0 0
          0 0 0 0 0 0 0 0 0
          0 0 0 0 0 0 0 0 0
          0 0 0 0 0 0 0 0 0
          0 0 0 0 0 0 0 0 0
          0 0 0 0 0 0 0 0 0
          0 0 0 0 0 0 0 0 0
          0 0 0 0 0 0 0 0 0
          0 0 0 0 0 0 0 0 0
          0 0 0 0 0 0 0 0 0
          0 0 0 0 0 0 0 0 0
          0 0 0 0 0 0 0 0 0
          0 0 0 0 0 0 0 0 0
          0 0 0 0 0 0 0 0 0
          0 0 0 0 0 0 0 0 0
          0 0 0 0 0 0 0 0 0
          0 0 0 0 0 0 0 0 0
          0 0 0 0 0 0 0 0 0
          0 0 0 0 0 0 0 0 0
          0 0 0 0 0 0 0 0 0
          0 0 0 0 0 0 0 0 0
          0 0 0 0 0 0 0 0 0
          0 0 0 0 0 0 0 0 0
          0 0 0 0 0 0 0 0 0
          0 0 0 0 0 0 0 0 0
          0 0 0 0 0 0 0 0 0
          0 0 0 0 0 0 0 0 0
          0 0 0 0 0 0 0 0 0
          0 0 0 0 0 0 0 0 0
          0 0 0 0 0 0 0 0 0
          0 0 0 0 0 0 0 0 0
          0 0 0 0 0 0 0 0 0
          0 0 0 0 0 0 0 0 0
          0 0 0 0 0 0 0 0 0
          0 0 0 0 0 0 0 0 0
          0 0 0 0 0 0 0 0 0
          0 0 0 0 0 0 0 0 0
          0 0 0 0 0 0 0 0 0
          0 0 0 0 0 0 0 0 0
          0 0 0 0 0 0 0 0 0
          0 0 0 0 0 0 0 0 0
          0 0 0 0 0 0 0 0 0
          0 0 0 0 0 0 0 0 0
          0 0 0 0 0 0 0 0 0
          0 0 0 0 0 0 0 0 0
          0 0 0 0 0 0 0 0 0
          0 0 0 0 0 0 0 0 0
          0 0 0 0 0 0 0 0 0
          0 0 0 0 0 0 0 0 0
          0 0 0 0 0 0 0 0 0
          0 0 0 0 0 0 0 0 0
          0 0 0 0 0 0 0 0 0
          0 0 0 0 0 0 0 0 0
          0 0 0 0 0 0 0 0 0
          0 0 0 0 0 0 0 0 0
          0 0 0 0 0 0 0 0 0
          0 0 0 0 0 0 0 0 0
          0 0 0 0 0 0 0 0 0
          0 0 0 0 0 0 0 0 0
          0 0 0 0 0 0 0 0 0
          0 0 0 0 0 0 0 0 0
          0 0 0 0 0 0 0 0 0
          0 0 0 0 0 0 0 0 0
          0 0 0 0 0 0 0 0 0
          0 0 0 0 0 0 0 0 0
          0 0 0 0 0 0 0 0 0
          0 0 0 0 0 0 0 0 0
          0 0 0 0 0 0 0 0 0
          0 0 0 0 0 0 0 0 0
          0 0 0 0 0 0 0 0 0
          0 0 0 0 0 0 0 0 0
          0 0 0 0 0 0 0 0 0
          0 0 0 0 0 0 0 0 0
          0 0 0 0 0 0 0 0 0
          0 0 0 0 0 0 0 0 0
          0 0 0 0 0 0 0 0 0
          0 0 0 0 0 0 0 0 0
          0 0 0 0 0 0 0 0 0
          0 0 0 0 0 0 0 0 0
          0 0 0 0 0 0 0 0 0
          0 0 0 0 0 0 0 0 0
          0 0 0 0 0 0 0 0 0
          0 0 0 0 0 0 0 0 0
          0 0 0 0 0 0 0 0 0
          0 0 0 0 0 0 0 0 0
          0 0 0 0 0 0 0 0 0
          0 0 0 0 0 0 0 0 0
          0 0 0 0 0 0 0 0 0
          0 0 0 0 0 0 0 0 0
          0 0 0 0 0 0 0 0 0
          0 0 0 0 0 0 0 0 0
          0 0 0 0 0 0 0 0 0
          0 0 0 0 0 0 0 0 0
          0 0 0 0 0 0 0 0 0
          0 0 0 0 0 0 0 0 0
          0 0 0 0 0 0 0 0 0
          0 0 0 0 0 0 0 0 0
          0 0 0 0 0 0 0 0 0
          0 0 0 0 0 0 0 0 0
          0 0 0 0 0 0 0 0 0
          0 0 0 0 0 0 0 0 0
          0 0 0 0 0 0 0 0 0
          0 0 0 0 0 0 0 0 0
          0 0 0 0 0 0 0 0 0
          0 0 0 0 0 0 0 0 0
          0 0 0 0 0 0 0 0 0
          0 0 0 0 0 0 0 0 0
          0 0 0 0 0 0 0 0 0
          0 0 0 0 0 0 0 0 0
          0 0 0 0 0 0 0 0 0
          0 0 0 0 0 0 0 0 0
          0 0 0 0 0 0 0 0 0
          0 0 0 0 0 0 0 0 0
          0 0 0 0 0 0 0 0 0
          0 0 0 0 0 0 0 0 0
          0 0 0 0 0 0 0 0 0
          0 0 0 0 0 0 0 0 0
          0 0 0 0 0 0 0 0 0
          0 0 0 0 0 0 0 0 0
          0 0 0 0 0 0 0 0 0
          0 0 0 0 0 0 0 0 0
          0 0 0 0 0 0 0 0 0
          0 0 0 0 0 0 0 0 0
          0 0 0 0 0 0 0 0 0
          0 0 0 0 0 0 0 0 0
          0 0 0 0 0 0 0 0 0
          0 0 0 0 0 0 0 0 0
          0 0 0 0 0 0 0 0 0
          0 0 0 0 0 0 0 0 0
          0 0 0 0 0 0 0 0 0
          0 0 0 0 0 0 0 0 0
          0 0 0 0 0 0 0 0 0
          0 0 0 0 0 0 0 0 0
          0 0 0 0 0 0 0 0 0
          0 0 0 0 0 0 0 0 0
          0 0 0 0 0 0 0 0 0
          0 0 0 0 0 0 0 0 0
          0 0 0 0 0 0 0 0 0
          0 0 0 0 0 0 0 0 0
          0 0 0 0 0 0 0 0 0
          0 0 0 0 0 0 0 0 0
          0 0 0 0 0 0 0 0 0
          0 0 0 0 0 0 0 0 0
          0 0 0 0 0 0 0 0 0
          0 0 0 0 0 0 0 0 0
          0 0 0 0 0 0 0 0 0
          0 0 0 0 0 0 0 0 0
          0 0 0 0 0 0 0 0 0
          0 0 0 0 0 0 0 0 0
          0 0 0 0 0 0 0 0 0
          0 0 0 0 0 0 0 0 0
          0 0 0 0 0 0 0 0 0
          0 0 0 0 0 0 0 0 0
          0 0 0 0 0 0 0 0 0
          0 0 0 0 0 0 0 0 0
          0 0 0 0 0 0 0 0 0
          0 0 0 0 0 0 0 0 0
          0 0 0 0 0 0 0 0 0
          0 0 0 0 0 0 0 0 0
          0 0 0 0 0 0 0 0 0
          0 0 0 0 0 0 0 0 0
          0 0 0 0 0 0 0 0 0
          0 0 0 0 0 0 0 0 0
          0 0 0 0 0 0 0 0 0
          0 0 0 0 0 0 0 0 0
          0 0 0 0 0 0 0 0 0
          0 0 0 0 0 0 0 0 0
          0 0 0 0 0 0 0 0 0
          0 0 0 0 0 0 0 0 0
          0 0 0 0 0 0 0 0 0
          0 0 0 0 0 0 0 0 0
          0 0 0 0 0 0 0 0 0
          0 0 0 0 0 0 0 0 0
          0 0 0 0 0 0 0 0 0
          0 0 0 0 0 0 0 0 0
          0 0 0 0 0 0 0 0 0
          0 0 0 0 0 0 0 0 0
          0 0 0 0 0 0 0 0 0
          0 0 0 0 0 0 0 0 0
          0 0 0 0 0 0 0 0 0
          0 0 0 0 0 0 0 0 0
          0 0 0 0 0 0 0 0 0
          0 0 0 0 0 0 0 0 0
          0 0 0 0 0 0 0 0 0
          0 0 0 0 0 0 0 0 0
          0 0 0 0 0 0 0 0 0
          0 0 0 0 0 0 0 0 0
          0 0 0 0 0 0 0 0 0
          0 0 0 0 0 0 0 0 0
          0 0 0 0 0 0 0 0 0
          0 0 0 0 0 0 0 0 0
          0 0 0 0 0 0 0 0 0
          0 0 0 0 0 0 0 0 0
          0 0 0 0 0 0 0 0 0
          0 0 0 0 0 0 0 0 0
          0 0 0 0 0 0 0 0 0
          0 0 0 0 0 0 0 0 0
          0 0 0 0 0 0 0 0 0
          0 0 0 0 0 0 0 0 0
          0 0 0 0 0 0 0 0 0
          0 0 0 0 0 0 0 0 0
          0 0 0 0 0 0 0 0 0
          0 0 0 0 0 0 0 0 0
          0 0 0 0 0 0 0 0 0
          0 0 0 0 0 0 0 0 0
          0 0 0 0 0 0 0 0 0
          0 0 0 0 0 0 0 0 0
          0 0 0 0 0 0 0 0 0
          0 0 0 0 0 0 0 0 0
          0 0 0 0 0 0 0 0 0
          0 0 0 0 0 0 0 0 0
          0 0 0 0 0 0 0 0 0
          0 0 0 0 0 0 0 0 0
          0 0 0 0 0 0 0 0 0
          0 0 0 0 0 0 0 0 0
          0 0 0 0 0 0 0 0 0
          0 0 0 0 0 0 0 0 0
          0 0 0 0 0 0 0 0 0
          0 0 0 0 0 0 0 0 0
          0 0 0 0 0 0 0 0 0
          0 0 0 0 0 0 0 0 0
          0 0 0 0 0 0 0 0 0
          0 0 0 0 0 0 0 0 0
          0 0 0 0 0 0 0 0 0
          0 0 0 0 0 0 0 0 0
          0 0 0 0 0 0 0 0 0
          0 0 0 0 0 0 0 0 0
          0 0 0 0 0 0 0 0 0
          0 0 0 0 0 0 0 0 0
          0 0 0 0 0 0 0 0 0
          0 0 0 0 0 0 0 0 0
          0 0 0 0 0 0 0 0 0
          0 0 0 0 0 0 0 0 0
          0 0 0 0 0 0 0 0 0
          0 0 0 0 0 0 0 0 0
          0 0 0 0 0 0 0 0 0
          0 0 0 0 0 0 0 0 0
          0 0 0 0 0 0 0 0 0
          0 0 0 0 0 0 0 0 0
          0 0 0 0 0 0 0 0 0
          0 0 0 0 0 0 0 0 0
          0 0 0 0 0 0 0 0 0
          0 0 0 0 0 0 0 0 0
          0 0 0 0 0 0 0 0 0
          0 0 0 0 0 0 0 0 0
          0 0 0 0 0 0 0 0 0
          0 0 0 0 0 0 0 0 0
          0 0 0 0 0 0 0 0 0
          0 0 0 0 0 0 0 0 0
          0 0 0 0 0 0 0 0 0
          0 0 0 0 0 0 0 0 0
          0 0 0 0 0 0 0 0 0
          0 0 0 0 0 0 0 0 0
          0 0 0 0 0 0 0 0 0
          0 0 0 0 0 0 0 0 0
          0 0 0 0 0 0 0 0 0
          0 0 0 0 0 0 0 0 0
          0 0 0 0 0 0 0 0 0
          0 0 0 0 0 0 0 0 0
          0 0 0 0 0 0 0 0 0
          0 0 0 0 0 0 0 0 0
          0 0 0 0 0 0 0 0 0
          0 0 0 0 0 0 0 0 0
          0 0 0 0 0 0 0 0 0
          0 0 0 0 0 0 0 0 0
          0 0 0 0 0 0 0 0 0
          0 0 0 0 0 0 0 0 0
          0 0 0 0 0 0 0 0 0
          0 0 0 0 0 0 0 0 0
          0 0 0 0 0 0 0 0 0
          0 0 0 0 0 0 0 0 0
          0 0 0 0 0 0 0 0 0
          0 0 0 0 0 0 0 0 0
          0 0 0 0 0 0 0 0 0
          0 0 0 0 0 0 0 0 0
          0 0 0 0 0 0 0 0 0
          0 0 0 0 0 0 0 0 0
          0 0 0 0 0 0 0 0 0
          0 0 0 0 0 0 0 0 0
          0 0 0 0 0 0 0 0 0
          0 0 0 0 0 0 0 0 0
          0 0 0 0 0 0 0 0 0
          0 0 0 0 0 0 0 0 0
          0 0 0 0 0 0 0 0 0
          0 0 0 0 0 0 0 0 0
          0 0 0 0 0 0 0 0 0
          0 0 0 0 0 0 0 0 0
          0 0 0 0 0 0 0 0 0
          0 0 0 0 0 0 0 0 0
          0 0 0 0 0 0 0 0 0
          0 0 0 0 0 0 0 0 0
          0 0 0 0 0 0 0 0 0
          0 0 0 0 0 0 0 0 0
          0 0 0 0 0 0 0 0 0
          0 0 0 0 0 0 0 0 0
          0 0 0 0 0 0 0 0 0
          0 0 0 0 0 0 0 0 0
          0 0 0 0 0 0 0 0 0
          0 0 0 0 0 0 0 0 0
          0 0 0 0 0 0 0 0 0
          0 0 0 0 0 0 0 0 0
          0 0 0 0 0 0 0 0 0
          0 0 0 0 0 0 0 0 0
          0 0 0 0 0 0 0 0 0
          0 0 0 0 0 0 0 0 0
          0 0 0 0 0 0 0 0 0
          0 0 0 0 0 0 0 0 0
          0 0 0 0 0 0 0 0 0
          0 0 0 0 0 0 0 0 0
          0 0 0 0 0 0 0 0 0
          0 0 0 0 0 0 0 0 0
          0 0 0 0 0 0 0 0 0
          0 0 0 0 0 0 0 0 0
          0 0 0 0 0 0 0 0 0
          0 0 0 0 0 0 0 0 0
          0 0 0 0 0 0 0 0 0
          0 0 0 0 0 0 0 0 0
          0 0 0 0 0 0 0 0 0
          0 0 0 0 0 0 0 0 0
          0 0 0 0 0 0 0 0 0
          0 0 0 0 0 0 0 0 0
          0 0 0 0 0 0 0 0 0
          0 0 0 0 0 0 0 0 0
          0 0 0 0 0 0 0 0 0
          0 0 0 0 0 0 0 0 0
          0 0 0 0 0 0 0 0 0
          0 0 0 0 0 0 0 0 0
          0 0 0 0 0 0 0 0 0
          0 0 0 0 0 0 0 0 0
          0 0 0 0 0 0 0 0 0
          0 0 0 0 0 0 0 0 0
          0 0 0 0 0 0 0 0 0
          0 0 0 0 0 0 0 0 0
          0 0 0 0 0 0 0 0 0
          0 0 0 0 0 0 0 0 0
          0 0 0 0 0 0 0 0 0
          0 0 0 0 0 0 0 0 0
          0 0 0 0 0 0 0 0 0
          0 0 0 0 0 0 0 0 0
          0 0 0 0 0 0 0 0 0
          0 0 0 0 0 0 0 0 0
          0 0 0 0 0 0 0 0 0
          0 0 0 0 0 0 0 0 0
          0 0 0 0 0 0 0 0 0
          0 0 0 0 0 0 0 0 0
          0 0 0 0 0 0 0 0 0
          0 0 0 0 0 0 0 0 0
          0 0 0 0 0 0 0 0 0
          0 0 0 0 0 0 0 0 0
          0 0 0 0 0 0 0 0 0
          0 0 0 0 0 0 0 0 0
          0 0 0 0 0 0 0 0 0
          0 0 0 0 0 0 0 0 0
          0 0 0 0 0 0 0 0 0
          0 0 0 0 0 0 0 0 0
          0 0 0 0 0 0 0 0 0
          0 0 0 0 0 0 0 0 0
          0 0 0 0 0 0 0 0 0
          0 0 0 0 0 0 0 0 0
          0 0 0 0 0 0 0 0 0
          0 0 0 0 0 0 0 0 0
          0 0 0 0 0 0 0 0 0
          0 0 0 0 0 0 0 0 0
          0 0 0 0 0 0 0 0 0
          0 0 0 0 0 0 0 0 0
          0 0 0 0 0 0 0 0 0
          0 0 0 0 0 0 0 0 0
          0 0 0 0 0 0 0 0 0
          0 0 0 0 0 0 0 0 0
          0 0 0 0 0 0 0 0 0
          0 0 0 0 0 0 0 0 0
          0 0 0 0 0 0 0 0 0
          0 0 0 0 0 0 0 0 0
          0 0 0 0 0 0 0 0 0
          0 0 0 0 0 0 0 0 0
          0 0 0 0 0 0 0 0 0
          0 0 0 0 0 0 0 0 0
          0 0 0 0 0 0 0 0 0
          0 0 0 0 0 0 0 0 0
          0 0 0 0 0 0 0 0 0
          0 0 0 0 0 0 0 0 0
          0 0 0 0 0 0 0 0 0
          0 0 0 0 0 0 0 0 0
          0 0 0 0 0 0 0 0 0
          0 0 0 0 0 0 0 0 0
          0 0 0 0 0 0 0 0 0
          0 0 0 0 0 0 0 0 0
          0 0 0 0 0 0 0 0 0
          0 0 0 0 0 0 0 0 0
          0 0 0 0 0 0 0 0 0
          0 0 0 0 0 0 0 0 0
          0 0 0 0 0 0 0 0 0
          0 0 0 0 0 0 0 0 0
          0 0 0 0 0 0 0 0 0
          0 0 0 0 0 0 0 0 0
          0 0 0 0 0 0 0 0 0
          0 0 0 0 0 0 0 0 0
          0 0 0 0 0 0 0 0 0
          0 0 0 0 0 0 0 0 0
          0 0 0 0 0 0 0 0 0
          0 0 0 0 0 0 0 0 0
          0 0 0 0 0 0 0 0 0
          0 0 0 0 0 0 0 0 0
          0 0 0 0 0 0 0 0 0
          0 0 0 0 0 0 0 0 0
          0 0 0 0 0 0 0 0 0
          0 0 0 0 0 0 0 0 0
          0 0 0 0 0 0 0 0 0
          0 0 0 0 0 0 0 0 0
          0 0 0 0 0 0 0 0 0
          0 0 0 0 0 0 0 0 0
          0 0 0 0 0 0 0 0 0
          0 0 0 0 0 0 0 0 0
          0 0 0 0 0 0 0 0 0
          0 0 0 0 0 0 0 0 0
          0 0 0 0 0 0 0 0 0
          0 0 0 0 0 0 0 0 0
          0 0 0 0 0 0 0 0 0
          0 0 0 0 0 0 0 0 0
          0 0 0 0 0 0 0 0 0
          0 0 0 0 0 0 0 0 0
          0 0 0 0 0 0 0 0 0
          0 0 0 0 0 0 0 0 0
          0 0 0 0 0 0 0 0 0
          0 0 0 0 0 0 0 0 0
          0 0 0 0 0 0 0 0 0
          0 0 0 0 0 0 0 0 0
          0 0 0 0 0 0 0 0 0
          0 0 0 0 0 0 0 0 0
          0 0 0 0 0 0 0 0 0
          0 0 0 0 0 0 0 0 0
          0 0 0 0 0 0 0 0 0
          0 0 0 0 0 0 0 0 0
          0 0 0 0 0 0 0 0 0
          0 0 0 0 0 0 0 0 0
          0 0 0 0 0 0 0 0 0
          0 0 0 0 0 0 0 0 0
          0 0 0 0 0 0 0 0 0
          0 0 0 0 0 0 0 0 0
          0 0 0 0 0 0 0 0 0
          0 0 0 0 0 0 0 0 0
          0 0 0 0 0 0 0 0 0
          0 0 0 0 0 0 0 0 0
          0 0 0 0 0 0 0 0 0
          0 0 0 0 0 0 0 0 0
          0 0 0 0 0 0 0 0 0
          0 0 0 0 0 0 0 0 0
          0 0 0 0 0 0 0 0 0
          0 0 0 0 0 0 0 0 0
          0 0 0 0 0 0 0 0 0
          0 0 0 0 0 0 0 0 0
          0 0 0 0 0 0 0 0 0
          0 0 0 0 0 0 0 0 0
          0 0 0 0 0 0 0 0 0
          0 0 0 0 0 0 0 0 0
          0 0 0 0 0 0 0 0 0
          0 0 0 0 0 0 0 0 0
          0 0 0 0 0 0 0 0 0
          0 0 0 0 0 0 0 0 0
          0 0 0 0 0 0 0 0 0
          0 0 0 0 0 0 0 0 0
          0 0 0 0 0 0 0 0 0
          0 0 0 0 0 0 0 0 0
          0 0 0 0 0 0 0 0 0
          0 0 0 0 0 0 0 0 0
          0 0 0 0 0 0 0 0 0
        </DataArray>
      </CellData>
      <Points>
        <DataArray type="Float32" NumberOfComponents="3" format="ascii">
          0.0298941 0.0022603 0.00557323 0.0291958 0.00935268 -0.00589889 0.0185001 0.00928279 -0.00842389
          0.0298941 0.0022603 0.00557323 0.0185001 0.00928279 -0.00842389 0.0133781 -0.00139042 -0.00610383
          0.0298941 0.0022603 0.00557323 0.0133781 -0.00139042 -0.00610383 0.0185821 -0.00401888 0.00472065
          0.0298941 0.0022603 0.00557323 0.0185821 -0.00401888 0.00472065 0.0291949 -0.00118638 0.00463979
          0.0298941 0.0022603 0.00557323 0.0291383 0.019738 0.00463976 0.0185008 0.0224163 0.00470739
          0.0298941 0.0022603 0.00557323 0.0185008 0.0224163 0.00470739 0.0134591 0.0203065 -0.00631397
          0.0298941 0.0022603 0.00557323 0.0134591 0.0203065 -0.00631397 0.0185001 0.00928279 -0.00842389
          0.0298941 0.0022603 0.00557323 0.0185001 0.00928279 -0.00842389 0.0291958 0.00935268 -0.00589889
          0.0185 0.00928273 0.0177035 0.0291358 0.00935311 0.0150215 0.0298941 0.0022603 0.00557323
          0.0185 0.00928273 0.0177035 0.0298941 0.0022603 0.00557323 0.0291949 -0.00118638 0.00463979
          0.0185 0.00928273 0.0177035 0.0291949 -0.00118638 0.00463979 0.0185821 -0.00401888 0.00472065
          0.0185 0.00928273 0.0177035 0.0185821 -0.00401888 0.00472065 0.0133659 -0.00135846 0.0153514
          -0.0796614 0.00935 0.00464 -0.0796614 0.0265712 0.00464 -0.0675853 0.0241848 0.0194814
          -0.0796614 0.00935 0.00464 -0.0675853 0.0241848 0.0194814 -0.0796614 0.00935 0.0218612
          -0.0739116 0.0473533 0.00464 -0.0657897 0.0444063 0.0192564 -0.0675853 0.0241848 0.0194814
          -0.0739116 0.0473533 0.00464 -0.0675853 0.0241848 0.0194814 -0.0796614 0.0265712 0.00464
          -0.0739079 0.00935 0.0426396 -0.0796614 0.00935 0.0218612 -0.0675853 0.0241848 0.0194814
          -0.0739079 0.00935 0.0426396 -0.0675853 0.0241848 0.0194814 -0.0657897 0.0239691 0.0396922
          -0.0368804 0.00935 -0.0333596 -0.052989 0.00935 -0.0333599 -0.0529511 -0.00574707 -0.0302234
          -0.0368804 0.00935 -0.0333596 -0.0529511 -0.00574707 -0.0302234 -0.0367147 -0.00577432 -0.0302128
          -0.0739082 0.00935 -0.0333599 -0.0657897 -0.00526833 -0.0304103 -0.0529511 -0.00574707 -0.0302234
          -0.0739082 0.00935 -0.0333599 -0.0529511 -0.00574707 -0.0302234 -0.052989 0.00935 -0.0333599
          -0.0368806 -0.0286461 0.00464 -0.0367147 -0.025389 -0.0107389 -0.0529511 -0.0255132 -0.0104543
          -0.0368806 -0.0286461 0.00464 -0.0529511 -0.0255132 -0.0104543 -0.0529888 -0.0286461 0.00464
          -0.0739046 -0.0286461 0.00464 -0.0529888 -0.0286461 0.00464 -0.0529511 -0.0255132 -0.0104543
          -0.0739046 -0.0286461 0.00464 -0.0529511 -0.0255132 -0.0104543 -0.0657897 -0.0257002 -0.00997407
          -0.0796614 0.00935 0.00464 -0.0796614 -0.00787122 0.00464 -0.0675853 -0.00548154 -0.0101981
          -0.0796614 0.00935 0.00464 -0.0675853 -0.00548154 -0.0101981 -0.0796614 0.00935 -0.0125812
          -0.0739082 0.00935 -0.0333599 -0.0796614 0.00935 -0.0125812 -0.0675853 -0.00548154 -0.0101981
          -0.0739082 0.00935 -0.0333599 -0.0675853 -0.00548154 -0.0101981 -0.0657897 -0.00526833 -0.0304103
          -0.0739046 -0.0286461 0.00464 -0.0657897 -0.0257002 -0.00997407 -0.0675853 -0.00548154 -0.0101981
          -0.0739046 -0.0286461 0.00464 -0.0675853 -0.00548154 -0.0101981 -0.0796614 -0.00787122 0.00464
          -0.0529511 -0.00574707 -0.0302234 -0.0657897 -0.00526833 -0.0304103 -0.0675853 -0.00548154 -0.0101981
          -0.0529511 -0.00574707 -0.0302234 -0.0675853 -0.00548154 -0.0101981 -0.0530121 -0.0174954 -0.0222054
          -0.0529511 -0.0255132 -0.0104543 -0.0530121 -0.0174954 -0.0222054 -0.0675853 -0.00548154 -0.0101981
          -0.0529511 -0.0255132 -0.0104543 -0.0675853 -0.00548154 -0.0101981 -0.0657897 -0.0257002 -0.00997407
          -0.0368804 0.00935 -0.0333596 -0.0367147 0.024731 -0.0301032 -0.0529511 0.0244461 -0.0302277
          -0.0368804 0.00935 -0.0333596 -0.0529511 0.0244461 -0.0302277 -0.052989 0.00935 -0.0333599
          -0.0739082 0.00935 -0.0333599 -0.052989 0.00935 -0.0333599 -0.0529511 0.0244461 -0.0302277
          -0.0739082 0.00935 -0.0333599 -0.0529511 0.0244461 -0.0302277 -0.0657897 0.0239658 -0.0304147
          -0.0796614 0.00935 0.00464 -0.0796614 0.00935 -0.0125812 -0.0675853 0.0241916 -0.0101952
          -0.0796614 0.00935 0.00464 -0.0675853 0.0241916 -0.0101952 -0.0796614 0.0265712 0.00464
          -0.0739082 0.00935 -0.0333599 -0.0657897 0.0239658 -0.0304147 -0.0675853 0.0241916 -0.0101952
          -0.0739082 0.00935 -0.0333599 -0.0675853 0.0241916 -0.0101952 -0.0796614 0.00935 -0.0125812
          -0.0739116 0.0473533 0.00464 -0.0796614 0.0265712 0.00464 -0.0675853 0.0241916 -0.0101952
          -0.0739116 0.0473533 0.00464 -0.0675853 0.0241916 -0.0101952 -0.0657897 0.0444045 -0.00997994
          -0.0529511 0.0244461 -0.0302277 -0.0530122 0.036199 -0.022209 -0.0675853 0.0241916 -0.0101952
          -0.0529511 0.0244461 -0.0302277 -0.0675853 0.0241916 -0.0101952 -0.0657897 0.0239658 -0.0304147
          -0.0675853 0.0241916 -0.0101952 -0.0530122 0.036199 -0.022209 -0.0529511 0.0442176 -0.0104587
          -0.0675853 0.0241916 -0.0101952 -0.0529511 0.0442176 -0.0104587 -0.0657897 0.0444045 -0.00997994
          -0.0368806 -0.0286461 0.00464 -0.0529888 -0.0286461 0.00464 -0.0529511 -0.0255112 0.0197362
          -0.0368806 -0.0286461 0.00464 -0.0529511 -0.0255112 0.0197362 -0.0367147 -0.0255005 0.0197634
          -0.0739046 -0.0286461 0.00464 -0.0657897 -0.025698 0.0192574 -0.0529511 -0.0255112 0.0197362
          -0.0739046 -0.0286461 0.00464 -0.0529511 -0.0255112 0.0197362 -0.0529888 -0.0286461 0.00464
          -0.0796614 0.00935 0.00464 -0.0796614 0.00935 0.0218612 -0.0675853 -0.0054878 0.0194713
          -0.0796614 0.00935 0.00464 -0.0675853 -0.0054878 0.0194713 -0.0796614 -0.00787122 0.00464
          -0.0739046 -0.0286461 0.00464 -0.0796614 -0.00787122 0.00464 -0.0675853 -0.0054878 0.0194713
          -0.0739046 -0.0286461 0.00464 -0.0675853 -0.0054878 0.0194713 -0.0657897 -0.025698 0.0192574
          -0.0739079 0.00935 0.0426396 -0.0657897 -0.00526469 0.0396918 -0.0675853 -0.0054878 0.0194713
          -0.0739079 0.00935 0.0426396 -0.0675853 -0.0054878 0.0194713 -0.0796614 0.00935 0.0218612
          -0.0529511 -0.0255112 0.0197362 -0.0657897 -0.025698 0.0192574 -0.0675853 -0.0054878 0.0194713
          -0.0529511 -0.0255112 0.0197362 -0.0675853 -0.0054878 0.0194713 -0.0530121 -0.0174951 0.0314851
          -0.0529511 -0.00574493 0.0395047 -0.0530121 -0.0174951 0.0314851 -0.0675853 -0.0054878 0.0194713
          -0.0529511 -0.00574493 0.0395047 -0.0675853 -0.0054878 0.0194713 -0.0657897 -0.00526469 0.0396918
          -0.0529511 0.0442192 0.0197367 -0.0530122 0.0361987 0.0314887 -0.0675853 0.0241848 0.0194814
          -0.0529511 0.0442192 0.0197367 -0.0675853 0.0241848 0.0194814 -0.0657897 0.0444063 0.0192564
          -0.0675853 0.0241848 0.0194814 -0.0530122 0.0361987 0.0314887 -0.0529511 0.0244478 0.0395053
          -0.0675853 0.0241848 0.0194814 -0.0529511 0.0244478 0.0395053 -0.0657897 0.0239691 0.0396922
          -0.0368804 0.00935 -0.0333596 -0.0224041 0.0093612 -0.0263548 -0.0231774 0.0239204 -0.0304247
          -0.0368804 0.00935 -0.0333596 -0.0231774 0.0239204 -0.0304247 -0.0367147 0.024731 -0.0301032
          -0.0368806 -0.0286461 0.00464 -0.0367147 -0.0255005 0.0197634 -0.0231774 -0.0257141 0.019214
          -0.0368806 -0.0286461 0.00464 -0.0231774 -0.0257141 0.019214 -0.0224041 -0.0216448 0.00463205
          -0.0368804 0.00935 -0.0333596 -0.0367147 -0.00577432 -0.0302128 -0.0231774 -0.00522456 -0.0304256
          -0.0368804 0.00935 -0.0333596 -0.0231774 -0.00522456 -0.0304256 -0.0224041 0.0093612 -0.0263548
          -0.0368806 -0.0286461 0.00464 -0.0224041 -0.0216448 0.00463205 -0.0231774 -0.0257159 -0.00993081
          -0.0368806 -0.0286461 0.00464 -0.0231774 -0.0257159 -0.00993081 -0.0367147 -0.025389 -0.0107389
          0.0298941 0.0022603 0.00557323 0.0291358 0.00935311 0.0150215 0.0185 0.00928273 0.0177035
          0.0298941 0.0022603 0.00557323 0.0185 0.00928273 0.0177035 0.0134591 0.0203065 0.0155936
          0.0298941 0.0022603 0.00557323 0.0134591 0.0203065 0.0155936 0.0185008 0.0224163 0.00470739
          0.0298941 0.0022603 0.00557323 0.0185008 0.0224163 0.00470739 0.0291383 0.019738 0.00463976
          -0.0367147 -0.00577432 -0.0302128 -0.0529511 -0.00574707 -0.0302234 -0.0530121 -0.0174954 -0.0222054
          -0.0367147 -0.00577432 -0.0302128 -0.0530121 -0.0174954 -0.0222054 -0.0529511 -0.0255132 -0.0104543
          -0.0367147 -0.00577432 -0.0302128 -0.0529511 -0.0255132 -0.0104543 -0.0367147 -0.025389 -0.0107389
          -0.0529511 0.0244461 -0.0302277 -0.0367147 0.024731 -0.0301032 -0.0367147 0.0442067 -0.0104858
          -0.0529511 0.0244461 -0.0302277 -0.0367147 0.0442067 -0.0104858 -0.0529511 0.0442176 -0.0104587
          -0.0529511 0.0244461 -0.0302277 -0.0529511 0.0442176 -0.0104587 -0.0530122 0.036199 -0.022209
          -0.0368802 0.0473531 0.00464 -0.0529892 0.0473533 0.00464 -0.0529511 0.0442176 -0.0104587
          -0.0368802 0.0473531 0.00464 -0.0529511 0.0442176 -0.0104587 -0.0367147 0.0442067 -0.0104858
          -0.0739116 0.0473533 0.00464 -0.0657897 0.0444045 -0.00997994 -0.0529511 0.0442176 -0.0104587
          -0.0739116 0.0473533 0.00464 -0.0529511 0.0442176 -0.0104587 -0.0529892 0.0473533 0.00464
          -0.0529511 -0.00574493 0.0395047 -0.0367147 -0.00602945 0.0393801 -0.0367147 -0.0255005 0.0197634
          -0.0529511 -0.00574493 0.0395047 -0.0367147 -0.0255005 0.0197634 -0.0529511 -0.0255112 0.0197362
          -0.0529511 -0.00574493 0.0395047 -0.0529511 -0.0255112 0.0197362 -0.0530121 -0.0174951 0.0314851
          -0.0368804 0.00935 0.0426393 -0.0367147 -0.00602945 0.0393801 -0.0529511 -0.00574493 0.0395047
          -0.0368804 0.00935 0.0426393 -0.0529511 -0.00574493 0.0395047 -0.052989 0.00935 0.0426396
          -0.0739079 0.00935 0.0426396 -0.052989 0.00935 0.0426396 -0.0529511 -0.00574493 0.0395047
          -0.0739079 0.00935 0.0426396 -0.0529511 -0.00574493 0.0395047 -0.0657897 -0.00526469 0.0396918
          -0.0529511 0.0442192 0.0197367 -0.0367147 0.0440943 0.0200215 -0.0367147 0.024475 0.0394944
          -0.0529511 0.0442192 0.0197367 -0.0367147 0.024475 0.0394944 -0.0529511 0.0244478 0.0395053
          -0.0529511 0.0442192 0.0197367 -0.0529511 0.0244478 0.0395053 -0.0530122 0.0361987 0.0314887
          -0.0368802 0.0473531 0.00464 -0.0367147 0.0440943 0.0200215 -0.0529511 0.0442192 0.0197367
          -0.0368802 0.0473531 0.00464 -0.0529511 0.0442192 0.0197367 -0.0529892 0.0473533 0.00464
          -0.0368804 0.00935 0.0426393 -0.052989 0.00935 0.0426396 -0.0529511 0.0244478 0.0395053
          -0.0368804 0.00935 0.0426393 -0.0529511 0.0244478 0.0395053 -0.0367147 0.024475 0.0394944
          -0.0739116 0.0473533 0.00464 -0.0529892 0.0473533 0.00464 -0.0529511 0.0442192 0.0197367
          -0.0739116 0.0473533 0.00464 -0.0529511 0.0442192 0.0197367 -0.0657897 0.0444063 0.0192564
          -0.0739079 0.00935 0.0426396 -0.0657897 0.0239691 0.0396922 -0.0529511 0.0244478 0.0395053
          -0.0739079 0.00935 0.0426396 -0.0529511 0.0244478 0.0395053 -0.052989 0.00935 0.0426396
          -0.0231774 0.0444162 0.019211 -0.0184123 0.0272561 0.0225451 -0.0231774 0.0239233 0.0397024
          -0.0231774 0.0444162 0.019211 -0.0231774 0.0239233 0.0397024 -0.0367147 0.024475 0.0394944
          -0.0231774 0.0444162 0.019211 -0.0367147 0.024475 0.0394944 -0.0367147 0.0440943 0.0200215
          -0.0231774 0.0444162 0.019211 -0.0224041 0.0403448 0.00464738 -0.0128623 0.0278967 0.00463972
          -0.0231774 0.0444162 0.019211 -0.0128623 0.0278967 0.00463972 -0.0184123 0.0272561 0.0225451
          -0.0368802 0.0473531 0.00464 -0.0224041 0.0403448 0.00464738 -0.0231774 0.0444162 0.019211
          -0.0368802 0.0473531 0.00464 -0.0231774 0.0444162 0.019211 -0.0367147 0.0440943 0.0200215
          -0.0231774 0.0239233 0.0397024 -0.0184123 0.0272561 0.0225451 -0.0128623 0.00935354 0.0231771
          -0.0231774 0.0239233 0.0397024 -0.0128623 0.00935354 0.0231771 -0.0224041 0.00934589 0.0356348
          -0.0368804 0.00935 0.0426393 -0.0367147 0.024475 0.0394944 -0.0231774 0.0239233 0.0397024
          -0.0368804 0.00935 0.0426393 -0.0231774 0.0239233 0.0397024 -0.0224041 0.00934589 0.0356348
          0.000212999 0.0221855 0.017472 -0.0184123 0.0272561 0.0225451 -0.0128623 0.0278967 0.00463972
          0.000212999 0.0221855 0.017472 -0.0128623 0.0278967 0.00463972 0.000579303 0.0273291 0.00465861
          0.000212999 0.0221855 0.017472 0.000579325 0.00933142 0.0226192 -0.0128623 0.00935354 0.0231771
          0.000212999 0.0221855 0.017472 -0.0128623 0.00935354 0.0231771 -0.0184123 0.0272561 0.0225451
          -0.0184144 -0.00855702 -0.0132661 -0.0231774 -0.00522456 -0.0304256 -0.0367147 -0.00577432 -0.0302128
          -0.0184144 -0.00855702 -0.0132661 -0.0367147 -0.00577432 -0.0302128 -0.0367147 -0.025389 -0.0107389
          -0.0184144 -0.00855702 -0.0132661 -0.0367147 -0.025389 -0.0107389 -0.0231774 -0.0257159 -0.00993081
          -0.0128623 0.00935354 -0.0138979 -0.0224041 0.0093612 -0.0263548 -0.0231774 -0.00522456 -0.0304256
          -0.0128623 0.00935354 -0.0138979 -0.0231774 -0.00522456 -0.0304256 -0.0184144 -0.00855702 -0.0132661
          -0.0128623 -0.00915072 0.00463972 -0.0184144 -0.00855702 -0.0132661 -0.0231774 -0.0257159 -0.00993081
          -0.0128623 -0.00915072 0.00463972 -0.0231774 -0.0257159 -0.00993081 -0.0224041 -0.0216448 0.00463205
          -0.0128623 0.00935354 -0.0138979 -0.0184144 -0.00855702 -0.0132661 0.000203452 -0.00345241 -0.00816618
          -0.0128623 0.00935354 -0.0138979 0.000203452 -0.00345241 -0.00816618 0.000579406 0.00933137 -0.0133396
          -0.0128623 -0.00915072 0.00463972 0.000582706 -0.00864397 0.00465926 0.000203452 -0.00345241 -0.00816618
          -0.0128623 -0.00915072 0.00463972 0.000203452 -0.00345241 -0.00816618 -0.0184144 -0.00855702 -0.0132661
          -0.0231774 0.0239204 -0.0304247 -0.0224041 0.0093612 -0.0263548 -0.0128623 0.00935354 -0.0138979
          -0.0231774 0.0239204 -0.0304247 -0.0128623 0.00935354 -0.0138979 -0.0184125 0.0272552 -0.0132661
          -0.0184125 0.0272552 -0.0132661 -0.0231774 0.0444146 -0.00993417 -0.0367147 0.0442067 -0.0104858
          -0.0184125 0.0272552 -0.0132661 -0.0367147 0.0442067 -0.0104858 -0.0367147 0.024731 -0.0301032
          -0.0184125 0.0272552 -0.0132661 -0.0367147 0.024731 -0.0301032 -0.0231774 0.0239204 -0.0304247
          -0.0231774 0.0444146 -0.00993417 -0.0184125 0.0272552 -0.0132661 -0.0128623 0.0278967 0.00463972
          -0.0231774 0.0444146 -0.00993417 -0.0128623 0.0278967 0.00463972 -0.0224041 0.0403448 0.00464738
          -0.0368802 0.0473531 0.00464 -0.0367147 0.0442067 -0.0104858 -0.0231774 0.0444146 -0.00993417
          -0.0368802 0.0473531 0.00464 -0.0231774 0.0444146 -0.00993417 -0.0224041 0.0403448 0.00464738
          0.000213085 0.0221855 -0.00819251 -0.0184125 0.0272552 -0.0132661 -0.0128623 0.00935354 -0.0138979
          0.000213085 0.0221855 -0.00819251 -0.0128623 0.00935354 -0.0138979 0.000579406 0.00933137 -0.0133396
          0.000213085 0.0221855 -0.00819251 0.000579303 0.0273291 0.00465861 -0.0128623 0.0278967 0.00463972
          0.000213085 0.0221855 -0.00819251 -0.0128623 0.0278967 0.00463972 -0.0184125 0.0272552 -0.0132661
          -0.0231774 -0.0257141 0.019214 -0.0184144 -0.00855606 0.022547 -0.0128623 -0.00915072 0.00463972
          -0.0231774 -0.0257141 0.019214 -0.0128623 -0.00915072 0.00463972 -0.0224041 -0.0216448 0.00463205
          -0.0231774 -0.0052213 0.0397071 -0.0184144 -0.00855606 0.022547 -0.0231774 -0.0257141 0.019214
          -0.0231774 -0.0052213 0.0397071 -0.0231774 -0.0257141 0.019214 -0.0367147 -0.0255005 0.0197634
          -0.0231774 -0.0052213 0.0397071 -0.0367147 -0.0255005 0.0197634 -0.0367147 -0.00602945 0.0393801
          -0.0231774 -0.0052213 0.0397071 -0.0224041 0.00934589 0.0356348 -0.0128623 0.00935354 0.0231771
          -0.0231774 -0.0052213 0.0397071 -0.0128623 0.00935354 0.0231771 -0.0184144 -0.00855606 0.022547
          -0.0368804 0.00935 0.0426393 -0.0224041 0.00934589 0.0356348 -0.0231774 -0.0052213 0.0397071
          -0.0368804 0.00935 0.0426393 -0.0231774 -0.0052213 0.0397071 -0.0367147 -0.00602945 0.0393801
          0.000202603 -0.00345006 0.0174433 0.000582706 -0.00864397 0.00465926 -0.0128623 -0.00915072 0.00463972
          0.000202603 -0.00345006 0.0174433 -0.0128623 -0.00915072 0.00463972 -0.0184144 -0.00855606 0.022547
          0.000202603 -0.00345006 0.0174433 -0.0184144 -0.00855606 0.022547 -0.0128623 0.00935354 0.0231771
          0.000202603 -0.00345006 0.0174433 -0.0128623 0.00935354 0.0231771 0.000579325 0.00933142 0.0226192
          0.000203452 -0.00345241 -0.00816618 0.0133781 -0.00139042 -0.00610383 0.0185001 0.00928279 -0.00842389
          0.000203452 -0.00345241 -0.00816618 0.0185001 0.00928279 -0.00842389 0.000579406 0.00933137 -0.0133396
          0.0185821 -0.00401888 0.00472065 0.0133781 -0.00139042 -0.00610383 0.000203452 -0.00345241 -0.00816618
          0.0185821 -0.00401888 0.00472065 0.000203452 -0.00345241 -0.00816618 0.000582706 -0.00864397 0.00465926
          0.000213085 0.0221855 -0.00819251 0.000579406 0.00933137 -0.0133396 0.0185001 0.00928279 -0.00842389
          0.000213085 0.0221855 -0.00819251 0.0185001 0.00928279 -0.00842389 0.0134591 0.0203065 -0.00631397
          0.000213085 0.0221855 -0.00819251 0.0134591 0.0203065 -0.00631397 0.0185008 0.0224163 0.00470739
          0.000213085 0.0221855 -0.00819251 0.0185008 0.0224163 0.00470739 0.000579303 0.0273291 0.00465861
          0.000202603 -0.00345006 0.0174433 0.0133659 -0.00135846 0.0153514 0.0185821 -0.00401888 0.00472065
          0.000202603 -0.00345006 0.0174433 0.0185821 -0.00401888 0.00472065 0.000582706 -0.00864397 0.00465926
          0.0185 0.00928273 0.0177035 0.0133659 -0.00135846 0.0153514 0.000202603 -0.00345006 0.0174433
          0.0185 0.00928273 0.0177035 0.000202603 -0.00345006 0.0174433 0.000579325 0.00933142 0.0226192
          0.000212999 0.0221855 0.017472 0.000579303 0.0273291 0.00465861 0.0185008 0.0224163 0.00470739
          0.000212999 0.0221855 0.017472 0.0185008 0.0224163 0.00470739 0.0134591 0.0203065 0.0155936
          0.000212999 0.0221855 0.017472 0.0134591 0.0203065 0.0155936 0.0185 0.00928273 0.0177035
          0.000212999 0.0221855 0.017472 0.0185 0.00928273 0.0177035 0.000579325 0.00933142 0.0226192
          0.0954024 -0.153996 -0.140825 0.0954024 -0.136112 -0.140822 0.0954024 -0.136115 -0.158706
          0.0954024 -0.153996 -0.140825 0.0954024 -0.136115 -0.158706 0.0954024 -0.154016 -0.158726
          0.0954024 -0.136115 -0.158706 0.0954024 -0.136112 -0.140822 0.0954024 -0.117923 -0.140822
          0.0954024 -0.136115 -0.158706 0.0954024 -0.117923 -0.140822 0.0954024 -0.117923 -0.158704
          0.0954024 -0.0815591 -0.140822 0.0954024 -0.0633773 -0.140822 0.0954024 -0.0633773 -0.158704
          0.0954024 -0.0815591 -0.140822 0.0954024 -0.0633773 -0.158704 0.0954024 -0.0815591 -0.158704
          0.0954024 -0.0633773 -0.158704 0.0954024 -0.0633773 -0.140822 0.0954024 -0.0451955 -0.140822
          0.0954024 -0.0633773 -0.158704 0.0954024 -0.0451955 -0.140822 0.0954024 -0.0451955 -0.158704
          0.0954024 -0.00883182 -0.140822 0.0954024 0.00935 -0.140822 0.0954024 0.00935 -0.158704
          0.0954024 -0.00883182 -0.140822 0.0954024 0.00935 -0.158704 0.0954024 -0.00883182 -0.158704
          0.0954024 0.00935 -0.158704 0.0954024 0.00935 -0.140822 0.0954024 0.0275318 -0.140822
          0.0954024 0.00935 -0.158704 0.0954024 0.0275318 -0.140822 0.0954024 0.0275318 -0.158704
          0.0954024 0.0638955 -0.140822 0.0954024 0.0820773 -0.140822 0.0954024 0.0820773 -0.158704
          0.0954024 0.0638955 -0.140822 0.0954024 0.0820773 -0.158704 0.0954024 0.0638955 -0.158704
          0.0954024 0.0820773 -0.158704 0.0954024 0.0820773 -0.140822 0.0954024 0.100259 -0.140822
          0.0954024 0.0820773 -0.158704 0.0954024 0.100259 -0.140822 0.0954024 0.100259 -0.158704
          0.0954024 0.136623 -0.140822 0.0954024 0.154812 -0.140822 0.0954024 0.154815 -0.158706
          0.0954024 0.136623 -0.140822 0.0954024 0.154815 -0.158706 0.0954024 0.136623 -0.158704
          0.0954024 0.154815 -0.158706 0.0954024 0.154812 -0.140822 0.0954024 0.172696 -0.140825
          0.0954024 0.154815 -0.158706 0.0954024 0.172696 -0.140825 0.0954024 0.172716 -0.158726
          0.0954024 -0.136112 -0.122633 0.0954024 -0.136112 -0.140822 0.0954024 -0.153996 -0.140825
          0.0954024 -0.136112 -0.122633 0.0954024 -0.153996 -0.140825 0.0954024 -0.153994 -0.122633
          0.0954024 -0.153994 -0.0680873 0.0954024 -0.136112 -0.0680873 0.0954024 -0.136112 -0.0862691
          0.0954024 -0.153994 -0.0680873 0.0954024 -0.136112 -0.0862691 0.0954024 -0.153994 -0.0862691
          0.0954024 -0.117923 -0.140822 0.0954024 -0.136112 -0.140822 0.0954024 -0.136112 -0.122633
          0.0954024 -0.117923 -0.140822 0.0954024 -0.136112 -0.122633 0.0954024 -0.117923 -0.122633
          0.0954024 -0.0633773 -0.122633 0.0954024 -0.0633773 -0.140822 0.0954024 -0.0815591 -0.140822
          0.0954024 -0.0633773 -0.122633 0.0954024 -0.0815591 -0.140822 0.0954024 -0.0815591 -0.122633
          0.0954024 -0.136112 -0.0862691 0.0954024 -0.136112 -0.0680873 0.0954024 -0.117923 -0.0680873
          0.0954024 -0.136112 -0.0862691 0.0954024 -0.117923 -0.0680873 0.0954024 -0.117923 -0.0862691
          0.0954024 -0.0815591 -0.0680873 0.0954024 -0.0633773 -0.0680873 0.0954024 -0.0633773 -0.0862691
          0.0954024 -0.0815591 -0.0680873 0.0954024 -0.0633773 -0.0862691 0.0954024 -0.0815591 -0.0862691
          0.0954024 -0.0451955 -0.140822 0.0954024 -0.0633773 -0.140822 0.0954024 -0.0633773 -0.122633
          0.0954024 -0.0451955 -0.140822 0.0954024 -0.0633773 -0.122633 0.0954024 -0.0451955 -0.122633
          0.0954024 0.00935 -0.122633 0.0954024 0.00935 -0.140822 0.0954024 -0.00883182 -0.140822
          0.0954024 0.00935 -0.122633 0.0954024 -0.00883182 -0.140822 0.0954024 -0.00883182 -0.122633
          0.0954024 -0.0633773 -0.0862691 0.0954024 -0.0633773 -0.0680873 0.0954024 -0.0451955 -0.0680873
          0.0954024 -0.0633773 -0.0862691 0.0954024 -0.0451955 -0.0680873 0.0954024 -0.0451955 -0.0862691
          0.0954024 -0.00883182 -0.0680873 0.0954024 0.00935 -0.0680873 0.0954024 0.00935 -0.0862691
          0.0954024 -0.00883182 -0.0680873 0.0954024 0.00935 -0.0862691 0.0954024 -0.00883182 -0.0862691
          0.0954024 0.0275318 -0.140822 0.0954024 0.00935 -0.140822 0.0954024 0.00935 -0.122633
          0.0954024 0.0275318 -0.140822 0.0954024 0.00935 -0.122633 0.0954024 0.0275318 -0.122633
          0.0954024 0.0820773 -0.122633 0.0954024 0.0820773 -0.140822 0.0954024 0.0638955 -0.140822
          0.0954024 0.0820773 -0.122633 0.0954024 0.0638955 -0.140822 0.0954024 0.0638955 -0.122633
          0.0954024 0.00935 -0.0862691 0.0954024 0.00935 -0.0680873 0.0954024 0.0275318 -0.0680873
          0.0954024 0.00935 -0.0862691 0.0954024 0.0275318 -0.0680873 0.0954024 0.0275318 -0.0862691
          0.0954024 0.0638955 -0.0680873 0.0954024 0.0820773 -0.0680873 0.0954024 0.0820773 -0.0862691
          0.0954024 0.0638955 -0.0680873 0.0954024 0.0820773 -0.0862691 0.0954024 0.0638955 -0.0862691
          0.0954024 0.100259 -0.140822 0.0954024 0.0820773 -0.140822 0.0954024 0.0820773 -0.122633
          0.0954024 0.100259 -0.140822 0.0954024 0.0820773 -0.122633 0.0954024 0.100259 -0.122633
          0.0954024 0.154812 -0.122633 0.0954024 0.154812 -0.140822 0.0954024 0.136623 -0.140822
          0.0954024 0.154812 -0.122633 0.0954024 0.136623 -0.140822 0.0954024 0.136623 -0.122633
          0.0954024 0.0820773 -0.0862691 0.0954024 0.0820773 -0.0680873 0.0954024 0.100259 -0.0680873
          0.0954024 0.0820773 -0.0862691 0.0954024 0.100259 -0.0680873 0.0954024 0.100259 -0.0862691
          0.0954024 0.136623 -0.0680873 0.0954024 0.154812 -0.0680873 0.0954024 0.154812 -0.0862691
          0.0954024 0.136623 -0.0680873 0.0954024 0.154812 -0.0862691 0.0954024 0.136623 -0.0862691
          0.0954024 0.172696 -0.140825 0.0954024 0.154812 -0.140822 0.0954024 0.154812 -0.122633
          0.0954024 0.172696 -0.140825 0.0954024 0.154812 -0.122633 0.0954024 0.172694 -0.122633
          0.0954024 0.154812 -0.0862691 0.0954024 0.154812 -0.0680873 0.0954024 0.172694 -0.0680873
          0.0954024 0.154812 -0.0862691 0.0954024 0.172694 -0.0680873 0.0954024 0.172694 -0.0862691
          0.0954024 -0.136112 -0.0499055 0.0954024 -0.136112 -0.0680873 0.0954024 -0.153994 -0.0680873
          0.0954024 -0.136112 -0.0499055 0.0954024 -0.153994 -0.0680873 0.0954024 -0.153994 -0.0499055
          0.0954024 -0.153994 0.00464 0.0954024 -0.136112 0.00464 0.0954024 -0.136112 -0.0135418
          0.0954024 -0.153994 0.00464 0.0954024 -0.136112 -0.0135418 0.0954024 -0.153994 -0.0135418
          0.0954024 -0.117923 -0.0680873 0.0954024 -0.136112 -0.0680873 0.0954024 -0.136112 -0.0499055
          0.0954024 -0.117923 -0.0680873 0.0954024 -0.136112 -0.0499055 0.0954024 -0.117923 -0.0499055
          0.0954024 -0.0633773 -0.0499055 0.0954024 -0.0633773 -0.0680873 0.0954024 -0.0815591 -0.0680873
          0.0954024 -0.0633773 -0.0499055 0.0954024 -0.0815591 -0.0680873 0.0954024 -0.0815591 -0.0499055
          0.0954024 -0.136112 -0.0135418 0.0954024 -0.136112 0.00464 0.0954024 -0.117923 0.00464
          0.0954024 -0.136112 -0.0135418 0.0954024 -0.117923 0.00464 0.0954024 -0.117923 -0.0135418
          0.0954024 -0.0815591 0.00464 0.0954024 -0.0633773 0.00464 0.0954024 -0.0633773 -0.0135418
          0.0954024 -0.0815591 0.00464 0.0954024 -0.0633773 -0.0135418 0.0954024 -0.0815591 -0.0135418
          0.0954024 -0.0451955 -0.0680873 0.0954024 -0.0633773 -0.0680873 0.0954024 -0.0633773 -0.0499055
          0.0954024 -0.0451955 -0.0680873 0.0954024 -0.0633773 -0.0499055 0.0954024 -0.0451955 -0.0499055
          0.0954024 0.00935 -0.0499055 0.0954024 0.00935 -0.0680873 0.0954024 -0.00883182 -0.0680873
          0.0954024 0.00935 -0.0499055 0.0954024 -0.00883182 -0.0680873 0.0954024 -0.00883182 -0.0499055
          0.0954024 -0.0633773 -0.0135418 0.0954024 -0.0633773 0.00464 0.0954024 -0.0451955 0.00464
          0.0954024 -0.0633773 -0.0135418 0.0954024 -0.0451955 0.00464 0.0954024 -0.0451955 -0.0135418
          0.0954024 -0.00883182 0.00464 0.0954024 0.00935 0.00464 0.0954024 0.00935 -0.0135418
          0.0954024 -0.00883182 0.00464 0.0954024 0.00935 -0.0135418 0.0954024 -0.00883182 -0.0135418
          0.0954024 0.0275318 -0.0680873 0.0954024 0.00935 -0.0680873 0.0954024 0.00935 -0.0499055
          0.0954024 0.0275318 -0.0680873 0.0954024 0.00935 -0.0499055 0.0954024 0.0275318 -0.0499055
          0.0954024 0.0820773 -0.0499055 0.0954024 0.0820773 -0.0680873 0.0954024 0.0638955 -0.0680873
          0.0954024 0.0820773 -0.0499055 0.0954024 0.0638955 -0.0680873 0.0954024 0.0638955 -0.0499055
          0.0954024 0.00935 -0.0135418 0.0954024 0.00935 0.00464 0.0954024 0.0275318 0.00464
          0.0954024 0.00935 -0.0135418 0.0954024 0.0275318 0.00464 0.0954024 0.0275318 -0.0135418
          0.0954024 0.0638955 0.00464 0.0954024 0.0820773 0.00464 0.0954024 0.0820773 -0.0135418
          0.0954024 0.0638955 0.00464 0.0954024 0.0820773 -0.0135418 0.0954024 0.0638955 -0.0135418
          0.0954024 0.100259 -0.0680873 0.0954024 0.0820773 -0.0680873 0.0954024 0.0820773 -0.0499055
          0.0954024 0.100259 -0.0680873 0.0954024 0.0820773 -0.0499055 0.0954024 0.100259 -0.0499055
          0.0954024 0.154812 -0.0499055 0.0954024 0.154812 -0.0680873 0.0954024 0.136623 -0.0680873
          0.0954024 0.154812 -0.0499055 0.0954024 0.136623 -0.0680873 0.0954024 0.136623 -0.0499055
          0.0954024 0.0820773 -0.0135418 0.0954024 0.0820773 0.00464 0.0954024 0.100259 0.00464
          0.0954024 0.0820773 -0.0135418 0.0954024 0.100259 0.00464 0.0954024 0.100259 -0.0135418
          0.0954024 0.136623 0.00464 0.0954024 0.154812 0.00464 0.0954024 0.154812 -0.0135418
          0.0954024 0.136623 0.00464 0.0954024 0.154812 -0.0135418 0.0954024 0.136623 -0.0135418
          0.0954024 0.172694 -0.0680873 0.0954024 0.154812 -0.0680873 0.0954024 0.154812 -0.0499055
          0.0954024 0.172694 -0.0680873 0.0954024 0.154812 -0.0499055 0.0954024 0.172694 -0.0499055
          0.0954024 0.154812 -0.0135418 0.0954024 0.154812 0.00464 0.0954024 0.172694 0.00464
          0.0954024 0.154812 -0.0135418 0.0954024 0.172694 0.00464 0.0954024 0.172694 -0.0135418
          0.0954024 -0.136112 0.0228218 0.0954024 -0.136112 0.00464 0.0954024 -0.153994 0.00464
          0.0954024 -0.136112 0.0228218 0.0954024 -0.153994 0.00464 0.0954024 -0.153994 0.0228218
          0.0954024 -0.153994 0.0773673 0.0954024 -0.136112 0.0773673 0.0954024 -0.136112 0.0591855
          0.0954024 -0.153994 0.0773673 0.0954024 -0.136112 0.0591855 0.0954024 -0.153994 0.0591855
          0.0954024 -0.117923 0.00464 0.0954024 -0.136112 0.00464 0.0954024 -0.136112 0.0228218
          0.0954024 -0.117923 0.00464 0.0954024 -0.136112 0.0228218 0.0954024 -0.117923 0.0228218
          0.0954024 -0.0633773 0.0228218 0.0954024 -0.0633773 0.00464 0.0954024 -0.0815591 0.00464
          0.0954024 -0.0633773 0.0228218 0.0954024 -0.0815591 0.00464 0.0954024 -0.0815591 0.0228218
          0.0954024 -0.136112 0.0591855 0.0954024 -0.136112 0.0773673 0.0954024 -0.117923 0.0773673
          0.0954024 -0.136112 0.0591855 0.0954024 -0.117923 0.0773673 0.0954024 -0.117923 0.0591855
          0.0954024 -0.0815591 0.0773673 0.0954024 -0.0633773 0.0773673 0.0954024 -0.0633773 0.0591855
          0.0954024 -0.0815591 0.0773673 0.0954024 -0.0633773 0.0591855 0.0954024 -0.0815591 0.0591855
          0.0954024 -0.0451955 0.00464 0.0954024 -0.0633773 0.00464 0.0954024 -0.0633773 0.0228218
          0.0954024 -0.0451955 0.00464 0.0954024 -0.0633773 0.0228218 0.0954024 -0.0451955 0.0228218
          0.0954024 0.00935 0.0228218 0.0954024 0.00935 0.00464 0.0954024 -0.00883182 0.00464
          0.0954024 0.00935 0.0228218 0.0954024 -0.00883182 0.00464 0.0954024 -0.00883182 0.0228218
          0.0954024 -0.0633773 0.0591855 0.0954024 -0.0633773 0.0773673 0.0954024 -0.0451955 0.0773673
          0.0954024 -0.0633773 0.0591855 0.0954024 -0.0451955 0.0773673 0.0954024 -0.0451955 0.0591855
          0.0954024 -0.00883182 0.0773673 0.0954024 0.00935 0.0773673 0.0954024 0.00935 0.0591855
          0.0954024 -0.00883182 0.0773673 0.0954024 0.00935 0.0591855 0.0954024 -0.00883182 0.0591855
          0.0954024 0.0275318 0.00464 0.0954024 0.00935 0.00464 0.0954024 0.00935 0.0228218
          0.0954024 0.0275318 0.00464 0.0954024 0.00935 0.0228218 0.0954024 0.0275318 0.0228218
          0.0954024 0.0820773 0.0228218 0.0954024 0.0820773 0.00464 0.0954024 0.0638955 0.00464
          0.0954024 0.0820773 0.0228218 0.0954024 0.0638955 0.00464 0.0954024 0.0638955 0.0228218
          0.0954024 0.00935 0.0591855 0.0954024 0.00935 0.0773673 0.0954024 0.0275318 0.0773673
          0.0954024 0.00935 0.0591855 0.0954024 0.0275318 0.0773673 0.0954024 0.0275318 0.0591855
          0.0954024 0.0638955 0.0773673 0.0954024 0.0820773 0.0773673 0.0954024 0.0820773 0.0591855
          0.0954024 0.0638955 0.0773673 0.0954024 0.0820773 0.0591855 0.0954024 0.0638955 0.0591855
          0.0954024 0.100259 0.00464 0.0954024 0.0820773 0.00464 0.0954024 0.0820773 0.0228218
          0.0954024 0.100259 0.00464 0.0954024 0.0820773 0.0228218 0.0954024 0.100259 0.0228218
          0.0954024 0.154812 0.0228218 0.0954024 0.154812 0.00464 0.0954024 0.136623 0.00464
          0.0954024 0.154812 0.0228218 0.0954024 0.136623 0.00464 0.0954024 0.136623 0.0228218
          0.0954024 0.0820773 0.0591855 0.0954024 0.0820773 0.0773673 0.0954024 0.100259 0.0773673
          0.0954024 0.0820773 0.0591855 0.0954024 0.100259 0.0773673 0.0954024 0.100259 0.0591855
          0.0954024 0.136623 0.0773673 0.0954024 0.154812 0.0773673 0.0954024 0.154812 0.0591855
          0.0954024 0.136623 0.0773673 0.0954024 0.154812 0.0591855 0.0954024 0.136623 0.0591855
          0.0954024 0.172694 0.00464 0.0954024 0.154812 0.00464 0.0954024 0.154812 0.0228218
          0.0954024 0.172694 0.00464 0.0954024 0.154812 0.0228218 0.0954024 0.172694 0.0228218
          0.0954024 0.154812 0.0591855 0.0954024 0.154812 0.0773673 0.0954024 0.172694 0.0773673
          0.0954024 0.154812 0.0591855 0.0954024 0.172694 0.0773673 0.0954024 0.172694 0.0591855
          0.0954024 -0.136112 0.0955491 0.0954024 -0.136112 0.0773673 0.0954024 -0.153994 0.0773673
          0.0954024 -0.136112 0.0955491 0.0954024 -0.153994 0.0773673 0.0954024 -0.153994 0.0955491
          0.0954024 -0.153996 0.150105 0.0954024 -0.136112 0.150102 0.0954024 -0.136112 0.131913
          0.0954024 -0.153996 0.150105 0.0954024 -0.136112 0.131913 0.0954024 -0.153994 0.131913
          0.0954024 -0.117923 0.0773673 0.0954024 -0.136112 0.0773673 0.0954024 -0.136112 0.0955491
          0.0954024 -0.117923 0.0773673 0.0954024 -0.136112 0.0955491 0.0954024 -0.117923 0.0955491
          0.0954024 -0.0633773 0.0955491 0.0954024 -0.0633773 0.0773673 0.0954024 -0.0815591 0.0773673
          0.0954024 -0.0633773 0.0955491 0.0954024 -0.0815591 0.0773673 0.0954024 -0.0815591 0.0955491
          0.0954024 -0.136112 0.131913 0.0954024 -0.136112 0.150102 0.0954024 -0.117923 0.150102
          0.0954024 -0.136112 0.131913 0.0954024 -0.117923 0.150102 0.0954024 -0.117923 0.131913
          0.0954024 -0.0815591 0.150102 0.0954024 -0.0633773 0.150102 0.0954024 -0.0633773 0.131913
          0.0954024 -0.0815591 0.150102 0.0954024 -0.0633773 0.131913 0.0954024 -0.0815591 0.131913
          0.0954024 -0.0451955 0.0773673 0.0954024 -0.0633773 0.0773673 0.0954024 -0.0633773 0.0955491
          0.0954024 -0.0451955 0.0773673 0.0954024 -0.0633773 0.0955491 0.0954024 -0.0451955 0.0955491
          0.0954024 0.00935 0.0955491 0.0954024 0.00935 0.0773673 0.0954024 -0.00883182 0.0773673
          0.0954024 0.00935 0.0955491 0.0954024 -0.00883182 0.0773673 0.0954024 -0.00883182 0.0955491
          0.0954024 -0.0633773 0.131913 0.0954024 -0.0633773 0.150102 0.0954024 -0.0451955 0.150102
          0.0954024 -0.0633773 0.131913 0.0954024 -0.0451955 0.150102 0.0954024 -0.0451955 0.131913
          0.0954024 -0.00883182 0.150102 0.0954024 0.00935 0.150102 0.0954024 0.00935 0.131913
          0.0954024 -0.00883182 0.150102 0.0954024 0.00935 0.131913 0.0954024 -0.00883182 0.131913
          0.0954024 0.0275318 0.0773673 0.0954024 0.00935 0.0773673 0.0954024 0.00935 0.0955491
          0.0954024 0.0275318 0.0773673 0.0954024 0.00935 0.0955491 0.0954024 0.0275318 0.0955491
          0.0954024 0.0820773 0.0955491 0.0954024 0.0820773 0.0773673 0.0954024 0.0638955 0.0773673
          0.0954024 0.0820773 0.0955491 0.0954024 0.0638955 0.0773673 0.0954024 0.0638955 0.0955491
          0.0954024 0.00935 0.131913 0.0954024 0.00935 0.150102 0.0954024 0.0275318 0.150102
          0.0954024 0.00935 0.131913 0.0954024 0.0275318 0.150102 0.0954024 0.0275318 0.131913
          0.0954024 0.0638955 0.150102 0.0954024 0.0820773 0.150102 0.0954024 0.0820773 0.131913
          0.0954024 0.0638955 0.150102 0.0954024 0.0820773 0.131913 0.0954024 0.0638955 0.131913
          0.0954024 0.100259 0.0773673 0.0954024 0.0820773 0.0773673 0.0954024 0.0820773 0.0955491
          0.0954024 0.100259 0.0773673 0.0954024 0.0820773 0.0955491 0.0954024 0.100259 0.0955491
          0.0954024 0.154812 0.0955491 0.0954024 0.154812 0.0773673 0.0954024 0.136623 0.0773673
          0.0954024 0.154812 0.0955491 0.0954024 0.136623 0.0773673 0.0954024 0.136623 0.0955491
          0.0954024 0.0820773 0.131913 0.0954024 0.0820773 0.150102 0.0954024 0.100259 0.150102
          0.0954024 0.0820773 0.131913 0.0954024 0.100259 0.150102 0.0954024 0.100259 0.131913
          0.0954024 0.136623 0.150102 0.0954024 0.154812 0.150102 0.0954024 0.154812 0.131913
          0.0954024 0.136623 0.150102 0.0954024 0.154812 0.131913 0.0954024 0.136623 0.131913
          0.0954024 0.172694 0.0773673 0.0954024 0.154812 0.0773673 0.0954024 0.154812 0.0955491
          0.0954024 0.172694 0.0773673 0.0954024 0.154812 0.0955491 0.0954024 0.172694 0.0955491
          0.0954024 0.154812 0.131913 0.0954024 0.154812 0.150102 0.0954024 0.172696 0.150105
          0.0954024 0.154812 0.131913 0.0954024 0.172696 0.150105 0.0954024 0.172694 0.131913
          0.0954024 -0.136115 0.167986 0.0954024 -0.136112 0.150102 0.0954024 -0.153996 0.150105
          0.0954024 -0.136115 0.167986 0.0954024 -0.153996 0.150105 0.0954024 -0.154016 0.168006
          0.0954024 -0.117923 0.150102 0.0954024 -0.136112 0.150102 0.0954024 -0.136115 0.167986
          0.0954024 -0.117923 0.150102 0.0954024 -0.136115 0.167986 0.0954024 -0.117923 0.167984
          0.0954024 -0.0633773 0.167984 0.0954024 -0.0633773 0.150102 0.0954024 -0.0815591 0.150102
          0.0954024 -0.0633773 0.167984 0.0954024 -0.0815591 0.150102 0.0954024 -0.0815591 0.167984
          0.0954024 -0.0451955 0.150102 0.0954024 -0.0633773 0.150102 0.0954024 -0.0633773 0.167984
          0.0954024 -0.0451955 0.150102 0.0954024 -0.0633773 0.167984 0.0954024 -0.0451955 0.167984
          0.0954024 0.00935 0.167984 0.0954024 0.00935 0.150102 0.0954024 -0.00883182 0.150102
          0.0954024 0.00935 0.167984 0.0954024 -0.00883182 0.150102 0.0954024 -0.00883182 0.167984
          0.0954024 0.0275318 0.150102 0.0954024 0.00935 0.150102 0.0954024 0.00935 0.167984
          0.0954024 0.0275318 0.150102 0.0954024 0.00935 0.167984 0.0954024 0.0275318 0.167984
          0.0954024 0.0820773 0.167984 0.0954024 0.0820773 0.150102 0.0954024 0.0638955 0.150102
          0.0954024 0.0820773 0.167984 0.0954024 0.0638955 0.150102 0.0954024 0.0638955 0.167984
          0.0954024 0.100259 0.150102 0.0954024 0.0820773 0.150102 0.0954024 0.0820773 0.167984
          0.0954024 0.100259 0.150102 0.0954024 0.0820773 0.167984 0.0954024 0.100259 0.167984
          0.0954024 0.154815 0.167986 0.0954024 0.154812 0.150102 0.0954024 0.136623 0.150102
          0.0954024 0.154815 0.167986 0.0954024 0.136623 0.150102 0.0954024 0.136623 0.167984
          0.0954024 0.172696 0.150105 0.0954024 0.154812 0.150102 0.0954024 0.154815 0.167986
          0.0954024 0.172696 0.150105 0.0954024 0.154815 0.167986 0.0954024 0.172716 0.168006
          0.0924024 -0.170347 -0.184297 0.0924024 -0.154053 -0.184017 0.0924024 -0.154049 -0.173596
          0.0924024 -0.170347 -0.184297 0.0924024 -0.154049 -0.173596 0.0924024 -0.16941 -0.17412
          0.0924024 -0.136105 -0.183993 0.0924024 -0.154053 -0.184017 0.0954024 -0.15404 -0.174275
          0.0924024 -0.136105 -0.183993 0.0954024 -0.15404 -0.174275 0.0954024 -0.136112 -0.174218
          0.0924024 -0.154049 -0.173596 0.0924024 -0.154036 -0.158746 0.0924024 -0.168886 -0.158759
          0.0924024 -0.154049 -0.173596 0.0924024 -0.168886 -0.158759 0.0924024 -0.16941 -0.17412
          0.0954024 -0.15404 -0.174275 0.0954024 -0.154016 -0.158726 0.0954024 -0.136115 -0.158706
          0.0954024 -0.15404 -0.174275 0.0954024 -0.136115 -0.158706 0.0954024 -0.136112 -0.174218
          0.0954024 -0.153996 -0.140825 0.0954024 -0.154016 -0.158726 0.0954024 -0.169565 -0.15875
          0.0954024 -0.153996 -0.140825 0.0954024 -0.169565 -0.15875 0.0954024 -0.169508 -0.140822
          0.0924024 -0.117923 -0.173524 0.0924024 -0.117923 -0.183993 0.0924024 -0.0997409 -0.183993
          0.0924024 -0.117923 -0.173524 0.0924024 -0.0997409 -0.183993 0.0924024 -0.0997409 -0.173524
          0.0954024 -0.117923 -0.174219 0.0924024 -0.117923 -0.183993 0.0924024 -0.136105 -0.183993
          0.0954024 -0.117923 -0.174219 0.0924024 -0.136105 -0.183993 0.0954024 -0.136112 -0.174218
          0.0924024 -0.0997409 -0.183993 0.0924024 -0.0815591 -0.183993 0.0924024 -0.0815591 -0.173524
          0.0924024 -0.0997409 -0.183993 0.0924024 -0.0815591 -0.173524 0.0924024 -0.0997409 -0.173524
          0.0924024 -0.0633773 -0.183993 0.0924024 -0.0815591 -0.183993 0.0954024 -0.0815591 -0.174219
          0.0924024 -0.0633773 -0.183993 0.0954024 -0.0815591 -0.174219 0.0954024 -0.0633773 -0.174219
          0.0924024 -0.0997409 -0.158743 0.0924024 -0.117923 -0.158743 0.0924024 -0.117923 -0.173524
          0.0924024 -0.0997409 -0.158743 0.0924024 -0.117923 -0.173524 0.0924024 -0.0997409 -0.173524
          0.0954024 -0.136115 -0.158706 0.0954024 -0.117923 -0.158704 0.0954024 -0.117923 -0.174219
          0.0954024 -0.136115 -0.158706 0.0954024 -0.117923 -0.174219 0.0954024 -0.136112 -0.174218
          0.0954024 -0.117923 -0.140822 0.0954024 -0.0997409 -0.140822 0.0954024 -0.0997409 -0.158704
          0.0954024 -0.117923 -0.140822 0.0954024 -0.0997409 -0.158704 0.0954024 -0.117923 -0.158704
          0.0924024 -0.0815591 -0.173524 0.0924024 -0.0815591 -0.158743 0.0924024 -0.0997409 -0.158743
          0.0924024 -0.0815591 -0.173524 0.0924024 -0.0997409 -0.158743 0.0924024 -0.0997409 -0.173524
          0.0954024 -0.0815591 -0.174219 0.0954024 -0.0815591 -0.158704 0.0954024 -0.0633773 -0.158704
          0.0954024 -0.0815591 -0.174219 0.0954024 -0.0633773 -0.158704 0.0954024 -0.0633773 -0.174219
          0.0954024 -0.0815591 -0.140822 0.0954024 -0.0815591 -0.158704 0.0954024 -0.0997409 -0.158704
          0.0954024 -0.0815591 -0.140822 0.0954024 -0.0997409 -0.158704 0.0954024 -0.0997409 -0.140822
          0.0924024 -0.0451955 -0.173524 0.0924024 -0.0451955 -0.183993 0.0924024 -0.0270136 -0.183993
          0.0924024 -0.0451955 -0.173524 0.0924024 -0.0270136 -0.183993 0.0924024 -0.0270136 -0.173524
          0.0954024 -0.0451955 -0.174219 0.0924024 -0.0451955 -0.183993 0.0924024 -0.0633773 -0.183993
          0.0954024 -0.0451955 -0.174219 0.0924024 -0.0633773 -0.183993 0.0954024 -0.0633773 -0.174219
          0.0924024 -0.0270136 -0.183993 0.0924024 -0.00883182 -0.183993 0.0924024 -0.00883182 -0.173524
          0.0924024 -0.0270136 -0.183993 0.0924024 -0.00883182 -0.173524 0.0924024 -0.0270136 -0.173524
          0.0924024 0.00935 -0.183993 0.0924024 -0.00883182 -0.183993 0.0954024 -0.00883182 -0.174219
          0.0924024 0.00935 -0.183993 0.0954024 -0.00883182 -0.174219 0.0954024 0.00935 -0.174219
          0.0924024 -0.0270136 -0.158743 0.0924024 -0.0451955 -0.158743 0.0924024 -0.0451955 -0.173524
          0.0924024 -0.0270136 -0.158743 0.0924024 -0.0451955 -0.173524 0.0924024 -0.0270136 -0.173524
          0.0954024 -0.0633773 -0.158704 0.0954024 -0.0451955 -0.158704 0.0954024 -0.0451955 -0.174219
          0.0954024 -0.0633773 -0.158704 0.0954024 -0.0451955 -0.174219 0.0954024 -0.0633773 -0.174219
          0.0954024 -0.0451955 -0.140822 0.0954024 -0.0270136 -0.140822 0.0954024 -0.0270136 -0.158704
          0.0954024 -0.0451955 -0.140822 0.0954024 -0.0270136 -0.158704 0.0954024 -0.0451955 -0.158704
          0.0924024 -0.00883182 -0.173524 0.0924024 -0.00883182 -0.158743 0.0924024 -0.0270136 -0.158743
          0.0924024 -0.00883182 -0.173524 0.0924024 -0.0270136 -0.158743 0.0924024 -0.0270136 -0.173524
          0.0954024 -0.00883182 -0.174219 0.0954024 -0.00883182 -0.158704 0.0954024 0.00935 -0.158704
          0.0954024 -0.00883182 -0.174219 0.0954024 0.00935 -0.158704 0.0954024 0.00935 -0.174219
          0.0954024 -0.00883182 -0.140822 0.0954024 -0.00883182 -0.158704 0.0954024 -0.0270136 -0.158704
          0.0954024 -0.00883182 -0.140822 0.0954024 -0.0270136 -0.158704 0.0954024 -0.0270136 -0.140822
          0.0924024 0.0275318 -0.173524 0.0924024 0.0275318 -0.183993 0.0924024 0.0457136 -0.183993
          0.0924024 0.0275318 -0.173524 0.0924024 0.0457136 -0.183993 0.0924024 0.0457136 -0.173524
          0.0954024 0.0275318 -0.174219 0.0924024 0.0275318 -0.183993 0.0924024 0.00935 -0.183993
          0.0954024 0.0275318 -0.174219 0.0924024 0.00935 -0.183993 0.0954024 0.00935 -0.174219
          0.0924024 0.0457136 -0.183993 0.0924024 0.0638955 -0.183993 0.0924024 0.0638955 -0.173524
          0.0924024 0.0457136 -0.183993 0.0924024 0.0638955 -0.173524 0.0924024 0.0457136 -0.173524
          0.0924024 0.0820773 -0.183993 0.0924024 0.0638955 -0.183993 0.0954024 0.0638955 -0.174219
          0.0924024 0.0820773 -0.183993 0.0954024 0.0638955 -0.174219 0.0954024 0.0820773 -0.174219
          0.0924024 0.0457136 -0.158743 0.0924024 0.0275318 -0.158743 0.0924024 0.0275318 -0.173524
          0.0924024 0.0457136 -0.158743 0.0924024 0.0275318 -0.173524 0.0924024 0.0457136 -0.173524
          0.0954024 0.00935 -0.158704 0.0954024 0.0275318 -0.158704 0.0954024 0.0275318 -0.174219
          0.0954024 0.00935 -0.158704 0.0954024 0.0275318 -0.174219 0.0954024 0.00935 -0.174219
          0.0954024 0.0275318 -0.140822 0.0954024 0.0457136 -0.140822 0.0954024 0.0457136 -0.158704
          0.0954024 0.0275318 -0.140822 0.0954024 0.0457136 -0.158704 0.0954024 0.0275318 -0.158704
          0.0924024 0.0638955 -0.173524 0.0924024 0.0638955 -0.158743 0.0924024 0.0457136 -0.158743
          0.0924024 0.0638955 -0.173524 0.0924024 0.0457136 -0.158743 0.0924024 0.0457136 -0.173524
          0.0954024 0.0638955 -0.174219 0.0954024 0.0638955 -0.158704 0.0954024 0.0820773 -0.158704
          0.0954024 0.0638955 -0.174219 0.0954024 0.0820773 -0.158704 0.0954024 0.0820773 -0.174219
          0.0954024 0.0638955 -0.140822 0.0954024 0.0638955 -0.158704 0.0954024 0.0457136 -0.158704
          0.0954024 0.0638955 -0.140822 0.0954024 0.0457136 -0.158704 0.0954024 0.0457136 -0.140822
          0.0924024 0.100259 -0.173524 0.0924024 0.100259 -0.183993 0.0924024 0.118441 -0.183993
          0.0924024 0.100259 -0.173524 0.0924024 0.118441 -0.183993 0.0924024 0.118441 -0.173524
          0.0954024 0.100259 -0.174219 0.0924024 0.100259 -0.183993 0.0924024 0.0820773 -0.183993
          0.0954024 0.100259 -0.174219 0.0924024 0.0820773 -0.183993 0.0954024 0.0820773 -0.174219
          0.0924024 0.118441 -0.183993 0.0924024 0.136623 -0.183993 0.0924024 0.136623 -0.173524
          0.0924024 0.118441 -0.183993 0.0924024 0.136623 -0.173524 0.0924024 0.118441 -0.173524
          0.0924024 0.154805 -0.183993 0.0924024 0.136623 -0.183993 0.0954024 0.136623 -0.174219
          0.0924024 0.154805 -0.183993 0.0954024 0.136623 -0.174219 0.0954024 0.154812 -0.174218
          0.0924024 0.118441 -0.158743 0.0924024 0.100259 -0.158743 0.0924024 0.100259 -0.173524
          0.0924024 0.118441 -0.158743 0.0924024 0.100259 -0.173524 0.0924024 0.118441 -0.173524
          0.0954024 0.0820773 -0.158704 0.0954024 0.100259 -0.158704 0.0954024 0.100259 -0.174219
          0.0954024 0.0820773 -0.158704 0.0954024 0.100259 -0.174219 0.0954024 0.0820773 -0.174219
          0.0954024 0.100259 -0.140822 0.0954024 0.118441 -0.140822 0.0954024 0.118441 -0.158704
          0.0954024 0.100259 -0.140822 0.0954024 0.118441 -0.158704 0.0954024 0.100259 -0.158704
          0.0924024 0.136623 -0.173524 0.0924024 0.136623 -0.158743 0.0924024 0.118441 -0.158743
          0.0924024 0.136623 -0.173524 0.0924024 0.118441 -0.158743 0.0924024 0.118441 -0.173524
          0.0954024 0.136623 -0.174219 0.0954024 0.136623 -0.158704 0.0954024 0.154815 -0.158706
          0.0954024 0.136623 -0.174219 0.0954024 0.154815 -0.158706 0.0954024 0.154812 -0.174218
          0.0954024 0.136623 -0.140822 0.0954024 0.136623 -0.158704 0.0954024 0.118441 -0.158704
          0.0954024 0.136623 -0.140822 0.0954024 0.118441 -0.158704 0.0954024 0.118441 -0.140822
          0.0924024 0.172749 -0.173596 0.0924024 0.172753 -0.184017 0.0924024 0.189047 -0.184297
          0.0924024 0.172749 -0.173596 0.0924024 0.189047 -0.184297 0.0924024 0.18811 -0.17412
          0.0954024 0.17274 -0.174275 0.0924024 0.172753 -0.184017 0.0924024 0.154805 -0.183993
          0.0954024 0.17274 -0.174275 0.0924024 0.154805 -0.183993 0.0954024 0.154812 -0.174218
          0.0924024 0.189047 -0.184297 0.0924024 0.200377 -0.186387 0.0924024 0.198287 -0.175057
          0.0924024 0.189047 -0.184297 0.0924024 0.198287 -0.175057 0.0924024 0.18811 -0.17412
          0.0924024 0.187586 -0.158759 0.0924024 0.172736 -0.158746 0.0924024 0.172749 -0.173596
          0.0924024 0.187586 -0.158759 0.0924024 0.172749 -0.173596 0.0924024 0.18811 -0.17412
          0.0954024 0.154815 -0.158706 0.0954024 0.172716 -0.158726 0.0954024 0.17274 -0.174275
          0.0954024 0.154815 -0.158706 0.0954024 0.17274 -0.174275 0.0954024 0.154812 -0.174218
          0.0954024 0.172696 -0.140825 0.0954024 0.188208 -0.140822 0.0954024 0.188265 -0.15875
          0.0954024 0.172696 -0.140825 0.0954024 0.188265 -0.15875 0.0954024 0.172716 -0.158726
          0.0924024 0.198287 -0.175057 0.0924024 0.198007 -0.158763 0.0924024 0.187586 -0.158759
          0.0924024 0.198287 -0.175057 0.0924024 0.187586 -0.158759 0.0924024 0.18811 -0.17412
          0.0924024 0.197983 -0.140815 0.0924024 0.198007 -0.158763 0.0954024 0.188265 -0.15875
          0.0924024 0.197983 -0.140815 0.0954024 0.188265 -0.15875 0.0954024 0.188208 -0.140822
          0.0924024 -0.168814 -0.122633 0.0924024 -0.154033 -0.122633 0.0924024 -0.154033 -0.104451
          0.0924024 -0.168814 -0.122633 0.0924024 -0.154033 -0.104451 0.0924024 -0.168814 -0.104451
          0.0954024 -0.153996 -0.140825 0.0954024 -0.169508 -0.140822 0.0954024 -0.169509 -0.122633
          0.0954024 -0.153996 -0.140825 0.0954024 -0.169509 -0.122633 0.0954024 -0.153994 -0.122633
          0.0954024 -0.136112 -0.122633 0.0954024 -0.153994 -0.122633 0.0954024 -0.153994 -0.104451
          0.0954024 -0.136112 -0.122633 0.0954024 -0.153994 -0.104451 0.0954024 -0.136112 -0.104451
          0.0924024 -0.154033 -0.104451 0.0924024 -0.154033 -0.0862691 0.0924024 -0.168814 -0.0862691
          0.0924024 -0.154033 -0.104451 0.0924024 -0.168814 -0.0862691 0.0924024 -0.168814 -0.104451
          0.0954024 -0.153994 -0.104451 0.0954024 -0.153994 -0.0862691 0.0954024 -0.136112 -0.0862691
          0.0954024 -0.153994 -0.104451 0.0954024 -0.136112 -0.0862691 0.0954024 -0.136112 -0.104451
          0.0954024 -0.153994 -0.0680873 0.0954024 -0.153994 -0.0862691 0.0954024 -0.169509 -0.0862691
          0.0954024 -0.153994 -0.0680873 0.0954024 -0.169509 -0.0862691 0.0954024 -0.169509 -0.0680873
          0.0924024 -0.117923 -0.104451 0.0924024 -0.117923 -0.122633 0.0924024 -0.0997409 -0.122633
          0.0924024 -0.117923 -0.104451 0.0924024 -0.0997409 -0.122633 0.0924024 -0.0997409 -0.104451
          0.0954024 -0.0997409 -0.122633 0.0954024 -0.0997409 -0.140822 0.0954024 -0.117923 -0.140822
          0.0954024 -0.0997409 -0.122633 0.0954024 -0.117923 -0.140822 0.0954024 -0.117923 -0.122633
          0.0954024 -0.117923 -0.104451 0.0954024 -0.117923 -0.122633 0.0954024 -0.136112 -0.122633
          0.0954024 -0.117923 -0.104451 0.0954024 -0.136112 -0.122633 0.0954024 -0.136112 -0.104451
          0.0924024 -0.0997409 -0.122633 0.0924024 -0.0815591 -0.122633 0.0924024 -0.0815591 -0.104451
          0.0924024 -0.0997409 -0.122633 0.0924024 -0.0815591 -0.104451 0.0924024 -0.0997409 -0.104451
          0.0954024 -0.0815591 -0.140822 0.0954024 -0.0997409 -0.140822 0.0954024 -0.0997409 -0.122633
          0.0954024 -0.0815591 -0.140822 0.0954024 -0.0997409 -0.122633 0.0954024 -0.0815591 -0.122633
          0.0954024 -0.0633773 -0.122633 0.0954024 -0.0815591 -0.122633 0.0954024 -0.0815591 -0.104451
          0.0954024 -0.0633773 -0.122633 0.0954024 -0.0815591 -0.104451 0.0954024 -0.0633773 -0.104451
          0.0924024 -0.0997409 -0.0862691 0.0924024 -0.117923 -0.0862691 0.0924024 -0.117923 -0.104451
          0.0924024 -0.0997409 -0.0862691 0.0924024 -0.117923 -0.104451 0.0924024 -0.0997409 -0.104451
          0.0954024 -0.136112 -0.0862691 0.0954024 -0.117923 -0.0862691 0.0954024 -0.117923 -0.104451
          0.0954024 -0.136112 -0.0862691 0.0954024 -0.117923 -0.104451 0.0954024 -0.136112 -0.104451
          0.0954024 -0.117923 -0.0680873 0.0954024 -0.0997409 -0.0680873 0.0954024 -0.0997409 -0.0862691
          0.0954024 -0.117923 -0.0680873 0.0954024 -0.0997409 -0.0862691 0.0954024 -0.117923 -0.0862691
          0.0924024 -0.0815591 -0.104451 0.0924024 -0.0815591 -0.0862691 0.0924024 -0.0997409 -0.0862691
          0.0924024 -0.0815591 -0.104451 0.0924024 -0.0997409 -0.0862691 0.0924024 -0.0997409 -0.104451
          0.0954024 -0.0815591 -0.104451 0.0954024 -0.0815591 -0.0862691 0.0954024 -0.0633773 -0.0862691
          0.0954024 -0.0815591 -0.104451 0.0954024 -0.0633773 -0.0862691 0.0954024 -0.0633773 -0.104451
          0.0954024 -0.0815591 -0.0680873 0.0954024 -0.0815591 -0.0862691 0.0954024 -0.0997409 -0.0862691
          0.0954024 -0.0815591 -0.0680873 0.0954024 -0.0997409 -0.0862691 0.0954024 -0.0997409 -0.0680873
          0.0924024 -0.0451955 -0.104451 0.0924024 -0.0451955 -0.122633 0.0924024 -0.0270136 -0.122633
          0.0924024 -0.0451955 -0.104451 0.0924024 -0.0270136 -0.122633 0.0924024 -0.0270136 -0.104451
          0.0954024 -0.0270136 -0.122633 0.0954024 -0.0270136 -0.140822 0.0954024 -0.0451955 -0.140822
          0.0954024 -0.0270136 -0.122633 0.0954024 -0.0451955 -0.140822 0.0954024 -0.0451955 -0.122633
          0.0954024 -0.0451955 -0.104451 0.0954024 -0.0451955 -0.122633 0.0954024 -0.0633773 -0.122633
          0.0954024 -0.0451955 -0.104451 0.0954024 -0.0633773 -0.122633 0.0954024 -0.0633773 -0.104451
          0.0924024 -0.0270136 -0.122633 0.0924024 -0.00883182 -0.122633 0.0924024 -0.00883182 -0.104451
          0.0924024 -0.0270136 -0.122633 0.0924024 -0.00883182 -0.104451 0.0924024 -0.0270136 -0.104451
          0.0954024 -0.00883182 -0.140822 0.0954024 -0.0270136 -0.140822 0.0954024 -0.0270136 -0.122633
          0.0954024 -0.00883182 -0.140822 0.0954024 -0.0270136 -0.122633 0.0954024 -0.00883182 -0.122633
          0.0954024 0.00935 -0.122633 0.0954024 -0.00883182 -0.122633 0.0954024 -0.00883182 -0.104451
          0.0954024 0.00935 -0.122633 0.0954024 -0.00883182 -0.104451 0.0954024 0.00935 -0.104451
          0.0924024 -0.0270136 -0.0862691 0.0924024 -0.0451955 -0.0862691 0.0924024 -0.0451955 -0.104451
          0.0924024 -0.0270136 -0.0862691 0.0924024 -0.0451955 -0.104451 0.0924024 -0.0270136 -0.104451
          0.0954024 -0.0633773 -0.0862691 0.0954024 -0.0451955 -0.0862691 0.0954024 -0.0451955 -0.104451
          0.0954024 -0.0633773 -0.0862691 0.0954024 -0.0451955 -0.104451 0.0954024 -0.0633773 -0.104451
          0.0954024 -0.0451955 -0.0680873 0.0954024 -0.0270136 -0.0680873 0.0954024 -0.0270136 -0.0862691
          0.0954024 -0.0451955 -0.0680873 0.0954024 -0.0270136 -0.0862691 0.0954024 -0.0451955 -0.0862691
          0.0924024 -0.00883182 -0.104451 0.0924024 -0.00883182 -0.0862691 0.0924024 -0.0270136 -0.0862691
          0.0924024 -0.00883182 -0.104451 0.0924024 -0.0270136 -0.0862691 0.0924024 -0.0270136 -0.104451
          0.0954024 -0.00883182 -0.104451 0.0954024 -0.00883182 -0.0862691 0.0954024 0.00935 -0.0862691
          0.0954024 -0.00883182 -0.104451 0.0954024 0.00935 -0.0862691 0.0954024 0.00935 -0.104451
          0.0954024 -0.00883182 -0.0680873 0.0954024 -0.00883182 -0.0862691 0.0954024 -0.0270136 -0.0862691
          0.0954024 -0.00883182 -0.0680873 0.0954024 -0.0270136 -0.0862691 0.0954024 -0.0270136 -0.0680873
          0.0924024 0.0275318 -0.104451 0.0924024 0.0275318 -0.122633 0.0924024 0.0457136 -0.122633
          0.0924024 0.0275318 -0.104451 0.0924024 0.0457136 -0.122633 0.0924024 0.0457136 -0.104451
          0.0954024 0.0457136 -0.122633 0.0954024 0.0457136 -0.140822 0.0954024 0.0275318 -0.140822
          0.0954024 0.0457136 -0.122633 0.0954024 0.0275318 -0.140822 0.0954024 0.0275318 -0.122633
          0.0954024 0.0275318 -0.104451 0.0954024 0.0275318 -0.122633 0.0954024 0.00935 -0.122633
          0.0954024 0.0275318 -0.104451 0.0954024 0.00935 -0.122633 0.0954024 0.00935 -0.104451
          0.0924024 0.0457136 -0.122633 0.0924024 0.0638955 -0.122633 0.0924024 0.0638955 -0.104451
          0.0924024 0.0457136 -0.122633 0.0924024 0.0638955 -0.104451 0.0924024 0.0457136 -0.104451
          0.0954024 0.0638955 -0.140822 0.0954024 0.0457136 -0.140822 0.0954024 0.0457136 -0.122633
          0.0954024 0.0638955 -0.140822 0.0954024 0.0457136 -0.122633 0.0954024 0.0638955 -0.122633
          0.0954024 0.0820773 -0.122633 0.0954024 0.0638955 -0.122633 0.0954024 0.0638955 -0.104451
          0.0954024 0.0820773 -0.122633 0.0954024 0.0638955 -0.104451 0.0954024 0.0820773 -0.104451
          0.0924024 0.0457136 -0.0862691 0.0924024 0.0275318 -0.0862691 0.0924024 0.0275318 -0.104451
          0.0924024 0.0457136 -0.0862691 0.0924024 0.0275318 -0.104451 0.0924024 0.0457136 -0.104451
          0.0954024 0.00935 -0.0862691 0.0954024 0.0275318 -0.0862691 0.0954024 0.0275318 -0.104451
          0.0954024 0.00935 -0.0862691 0.0954024 0.0275318 -0.104451 0.0954024 0.00935 -0.104451
          0.0954024 0.0275318 -0.0680873 0.0954024 0.0457136 -0.0680873 0.0954024 0.0457136 -0.0862691
          0.0954024 0.0275318 -0.0680873 0.0954024 0.0457136 -0.0862691 0.0954024 0.0275318 -0.0862691
          0.0924024 0.0638955 -0.104451 0.0924024 0.0638955 -0.0862691 0.0924024 0.0457136 -0.0862691
          0.0924024 0.0638955 -0.104451 0.0924024 0.0457136 -0.0862691 0.0924024 0.0457136 -0.104451
          0.0954024 0.0638955 -0.104451 0.0954024 0.0638955 -0.0862691 0.0954024 0.0820773 -0.0862691
          0.0954024 0.0638955 -0.104451 0.0954024 0.0820773 -0.0862691 0.0954024 0.0820773 -0.104451
          0.0954024 0.0638955 -0.0680873 0.0954024 0.0638955 -0.0862691 0.0954024 0.0457136 -0.0862691
          0.0954024 0.0638955 -0.0680873 0.0954024 0.0457136 -0.0862691 0.0954024 0.0457136 -0.0680873
          0.0924024 0.100259 -0.104451 0.0924024 0.100259 -0.122633 0.0924024 0.118441 -0.122633
          0.0924024 0.100259 -0.104451 0.0924024 0.118441 -0.122633 0.0924024 0.118441 -0.104451
          0.0954024 0.118441 -0.122633 0.0954024 0.118441 -0.140822 0.0954024 0.100259 -0.140822
          0.0954024 0.118441 -0.122633 0.0954024 0.100259 -0.140822 0.0954024 0.100259 -0.122633
          0.0954024 0.100259 -0.104451 0.0954024 0.100259 -0.122633 0.0954024 0.0820773 -0.122633
          0.0954024 0.100259 -0.104451 0.0954024 0.0820773 -0.122633 0.0954024 0.0820773 -0.104451
          0.0924024 0.118441 -0.122633 0.0924024 0.136623 -0.122633 0.0924024 0.136623 -0.104451
          0.0924024 0.118441 -0.122633 0.0924024 0.136623 -0.104451 0.0924024 0.118441 -0.104451
          0.0954024 0.136623 -0.140822 0.0954024 0.118441 -0.140822 0.0954024 0.118441 -0.122633
          0.0954024 0.136623 -0.140822 0.0954024 0.118441 -0.122633 0.0954024 0.136623 -0.122633
          0.0954024 0.154812 -0.122633 0.0954024 0.136623 -0.122633 0.0954024 0.136623 -0.104451
          0.0954024 0.154812 -0.122633 0.0954024 0.136623 -0.104451 0.0954024 0.154812 -0.104451
          0.0924024 0.118441 -0.0862691 0.0924024 0.100259 -0.0862691 0.0924024 0.100259 -0.104451
          0.0924024 0.118441 -0.0862691 0.0924024 0.100259 -0.104451 0.0924024 0.118441 -0.104451
          0.0954024 0.0820773 -0.0862691 0.0954024 0.100259 -0.0862691 0.0954024 0.100259 -0.104451
          0.0954024 0.0820773 -0.0862691 0.0954024 0.100259 -0.104451 0.0954024 0.0820773 -0.104451
          0.0954024 0.100259 -0.0680873 0.0954024 0.118441 -0.0680873 0.0954024 0.118441 -0.0862691
          0.0954024 0.100259 -0.0680873 0.0954024 0.118441 -0.0862691 0.0954024 0.100259 -0.0862691
          0.0924024 0.136623 -0.104451 0.0924024 0.136623 -0.0862691 0.0924024 0.118441 -0.0862691
          0.0924024 0.136623 -0.104451 0.0924024 0.118441 -0.0862691 0.0924024 0.118441 -0.104451
          0.0954024 0.136623 -0.104451 0.0954024 0.136623 -0.0862691 0.0954024 0.154812 -0.0862691
          0.0954024 0.136623 -0.104451 0.0954024 0.154812 -0.0862691 0.0954024 0.154812 -0.104451
          0.0954024 0.136623 -0.0680873 0.0954024 0.136623 -0.0862691 0.0954024 0.118441 -0.0862691
          0.0954024 0.136623 -0.0680873 0.0954024 0.118441 -0.0862691 0.0954024 0.118441 -0.0680873
          0.0924024 0.172733 -0.104451 0.0924024 0.172733 -0.122633 0.0924024 0.187514 -0.122633
          0.0924024 0.172733 -0.104451 0.0924024 0.187514 -0.122633 0.0924024 0.187514 -0.104451
          0.0954024 0.188209 -0.122633 0.0954024 0.188208 -0.140822 0.0954024 0.172696 -0.140825
          0.0954024 0.188209 -0.122633 0.0954024 0.172696 -0.140825 0.0954024 0.172694 -0.122633
          0.0954024 0.172694 -0.104451 0.0954024 0.172694 -0.122633 0.0954024 0.154812 -0.122633
          0.0954024 0.172694 -0.104451 0.0954024 0.154812 -0.122633 0.0954024 0.154812 -0.104451
          0.0924024 0.187514 -0.122633 0.0924024 0.197983 -0.122633 0.0924024 0.197983 -0.104451
          0.0924024 0.187514 -0.122633 0.0924024 0.197983 -0.104451 0.0924024 0.187514 -0.104451
          0.0924024 0.197983 -0.140815 0.0954024 0.188208 -0.140822 0.0954024 0.188209 -0.122633
          0.0924024 0.197983 -0.140815 0.0954024 0.188209 -0.122633 0.0924024 0.197983 -0.122633
          0.0924024 0.187514 -0.0862691 0.0924024 0.172733 -0.0862691 0.0924024 0.172733 -0.104451
          0.0924024 0.187514 -0.0862691 0.0924024 0.172733 -0.104451 0.0924024 0.187514 -0.104451
          0.0954024 0.154812 -0.0862691 0.0954024 0.172694 -0.0862691 0.0954024 0.172694 -0.104451
          0.0954024 0.154812 -0.0862691 0.0954024 0.172694 -0.104451 0.0954024 0.154812 -0.104451
          0.0954024 0.172694 -0.0680873 0.0954024 0.188209 -0.0680873 0.0954024 0.188209 -0.0862691
          0.0954024 0.172694 -0.0680873 0.0954024 0.188209 -0.0862691 0.0954024 0.172694 -0.0862691
          0.0924024 0.197983 -0.104451 0.0924024 0.197983 -0.0862691 0.0924024 0.187514 -0.0862691
          0.0924024 0.197983 -0.104451 0.0924024 0.187514 -0.0862691 0.0924024 0.187514 -0.104451
          0.0924024 0.197983 -0.0680873 0.0924024 0.197983 -0.0862691 0.0954024 0.188209 -0.0862691
          0.0924024 0.197983 -0.0680873 0.0954024 0.188209 -0.0862691 0.0954024 0.188209 -0.0680873
          0.0924024 -0.168814 -0.0499055 0.0924024 -0.154033 -0.0499055 0.0924024 -0.154033 -0.0317236
          0.0924024 -0.168814 -0.0499055 0.0924024 -0.154033 -0.0317236 0.0924024 -0.168814 -0.0317236
          0.0954024 -0.153994 -0.0680873 0.0954024 -0.169509 -0.0680873 0.0954024 -0.169509 -0.0499055
          0.0954024 -0.153994 -0.0680873 0.0954024 -0.169509 -0.0499055 0.0954024 -0.153994 -0.0499055
          0.0954024 -0.136112 -0.0499055 0.0954024 -0.153994 -0.0499055 0.0954024 -0.153994 -0.0317236
          0.0954024 -0.136112 -0.0499055 0.0954024 -0.153994 -0.0317236 0.0954024 -0.136112 -0.0317236
          0.0924024 -0.154033 -0.0317236 0.0924024 -0.154033 -0.0135418 0.0924024 -0.168814 -0.0135418
          0.0924024 -0.154033 -0.0317236 0.0924024 -0.168814 -0.0135418 0.0924024 -0.168814 -0.0317236
          0.0954024 -0.153994 -0.0317236 0.0954024 -0.153994 -0.0135418 0.0954024 -0.136112 -0.0135418
          0.0954024 -0.153994 -0.0317236 0.0954024 -0.136112 -0.0135418 0.0954024 -0.136112 -0.0317236
          0.0954024 -0.153994 0.00464 0.0954024 -0.153994 -0.0135418 0.0954024 -0.169509 -0.0135418
          0.0954024 -0.153994 0.00464 0.0954024 -0.169509 -0.0135418 0.0954024 -0.169509 0.00464
          0.0924024 -0.117923 -0.0317236 0.0924024 -0.117923 -0.0499055 0.0924024 -0.0997409 -0.0499055
          0.0924024 -0.117923 -0.0317236 0.0924024 -0.0997409 -0.0499055 0.0924024 -0.0997409 -0.0317236
          0.0954024 -0.0997409 -0.0499055 0.0954024 -0.0997409 -0.0680873 0.0954024 -0.117923 -0.0680873
          0.0954024 -0.0997409 -0.0499055 0.0954024 -0.117923 -0.0680873 0.0954024 -0.117923 -0.0499055
          0.0954024 -0.117923 -0.0317236 0.0954024 -0.117923 -0.0499055 0.0954024 -0.136112 -0.0499055
          0.0954024 -0.117923 -0.0317236 0.0954024 -0.136112 -0.0499055 0.0954024 -0.136112 -0.0317236
          0.0924024 -0.0997409 -0.0499055 0.0924024 -0.0815591 -0.0499055 0.0924024 -0.0815591 -0.0317236
          0.0924024 -0.0997409 -0.0499055 0.0924024 -0.0815591 -0.0317236 0.0924024 -0.0997409 -0.0317236
          0.0954024 -0.0815591 -0.0680873 0.0954024 -0.0997409 -0.0680873 0.0954024 -0.0997409 -0.0499055
          0.0954024 -0.0815591 -0.0680873 0.0954024 -0.0997409 -0.0499055 0.0954024 -0.0815591 -0.0499055
          0.0954024 -0.0633773 -0.0499055 0.0954024 -0.0815591 -0.0499055 0.0954024 -0.0815591 -0.0317236
          0.0954024 -0.0633773 -0.0499055 0.0954024 -0.0815591 -0.0317236 0.0954024 -0.0633773 -0.0317236
          0.0924024 -0.0997409 -0.0135418 0.0924024 -0.117923 -0.0135418 0.0924024 -0.117923 -0.0317236
          0.0924024 -0.0997409 -0.0135418 0.0924024 -0.117923 -0.0317236 0.0924024 -0.0997409 -0.0317236
          0.0954024 -0.136112 -0.0135418 0.0954024 -0.117923 -0.0135418 0.0954024 -0.117923 -0.0317236
          0.0954024 -0.136112 -0.0135418 0.0954024 -0.117923 -0.0317236 0.0954024 -0.136112 -0.0317236
          0.0954024 -0.117923 0.00464 0.0954024 -0.0997409 0.00464 0.0954024 -0.0997409 -0.0135418
          0.0954024 -0.117923 0.00464 0.0954024 -0.0997409 -0.0135418 0.0954024 -0.117923 -0.0135418
          0.0924024 -0.0815591 -0.0317236 0.0924024 -0.0815591 -0.0135418 0.0924024 -0.0997409 -0.0135418
          0.0924024 -0.0815591 -0.0317236 0.0924024 -0.0997409 -0.0135418 0.0924024 -0.0997409 -0.0317236
          0.0954024 -0.0815591 -0.0317236 0.0954024 -0.0815591 -0.0135418 0.0954024 -0.0633773 -0.0135418
          0.0954024 -0.0815591 -0.0317236 0.0954024 -0.0633773 -0.0135418 0.0954024 -0.0633773 -0.0317236
          0.0954024 -0.0815591 0.00464 0.0954024 -0.0815591 -0.0135418 0.0954024 -0.0997409 -0.0135418
          0.0954024 -0.0815591 0.00464 0.0954024 -0.0997409 -0.0135418 0.0954024 -0.0997409 0.00464
          0.0924024 -0.0451955 -0.0317236 0.0924024 -0.0451955 -0.0499055 0.0924024 -0.0270136 -0.0499055
          0.0924024 -0.0451955 -0.0317236 0.0924024 -0.0270136 -0.0499055 0.0924024 -0.0270136 -0.0317236
          0.0954024 -0.0270136 -0.0499055 0.0954024 -0.0270136 -0.0680873 0.0954024 -0.0451955 -0.0680873
          0.0954024 -0.0270136 -0.0499055 0.0954024 -0.0451955 -0.0680873 0.0954024 -0.0451955 -0.0499055
          0.0954024 -0.0451955 -0.0317236 0.0954024 -0.0451955 -0.0499055 0.0954024 -0.0633773 -0.0499055
          0.0954024 -0.0451955 -0.0317236 0.0954024 -0.0633773 -0.0499055 0.0954024 -0.0633773 -0.0317236
          0.0924024 -0.0270136 -0.0499055 0.0924024 -0.00883182 -0.0499055 0.0924017 -0.00883182 -0.0317236
          0.0924024 -0.0270136 -0.0499055 0.0924017 -0.00883182 -0.0317236 0.0924024 -0.0270136 -0.0317236
          0.0954024 -0.00883182 -0.0680873 0.0954024 -0.0270136 -0.0680873 0.0954024 -0.0270136 -0.0499055
          0.0954024 -0.00883182 -0.0680873 0.0954024 -0.0270136 -0.0499055 0.0954024 -0.00883182 -0.0499055
          0.0954024 0.00935 -0.0499055 0.0954024 -0.00883182 -0.0499055 0.0954024 -0.00883182 -0.0317236
          0.0954024 0.00935 -0.0499055 0.0954024 -0.00883182 -0.0317236 0.0954024 0.00935 -0.0317236
          0.0924017 -0.0270136 -0.0135418 0.0924024 -0.0451955 -0.0135418 0.0924024 -0.0451955 -0.0317236
          0.0924017 -0.0270136 -0.0135418 0.0924024 -0.0451955 -0.0317236 0.0924024 -0.0270136 -0.0317236
          0.0954024 -0.0633773 -0.0135418 0.0954024 -0.0451955 -0.0135418 0.0954024 -0.0451955 -0.0317236
          0.0954024 -0.0633773 -0.0135418 0.0954024 -0.0451955 -0.0317236 0.0954024 -0.0633773 -0.0317236
          0.0954024 -0.0451955 0.00464 0.0954024 -0.0270136 0.00464 0.0954024 -0.0270136 -0.0135418
          0.0954024 -0.0451955 0.00464 0.0954024 -0.0270136 -0.0135418 0.0954024 -0.0451955 -0.0135418
          0.0924017 -0.00883182 -0.0317236 0.0923963 -0.00883182 -0.0135418 0.0924017 -0.0270136 -0.0135418
          0.0924017 -0.00883182 -0.0317236 0.0924017 -0.0270136 -0.0135418 0.0924024 -0.0270136 -0.0317236
          0.0954024 -0.00883182 -0.0317236 0.0954024 -0.00883182 -0.0135418 0.0954024 0.00935 -0.0135418
          0.0954024 -0.00883182 -0.0317236 0.0954024 0.00935 -0.0135418 0.0954024 0.00935 -0.0317236
          0.0954024 -0.00883182 0.00464 0.0954024 -0.00883182 -0.0135418 0.0954024 -0.0270136 -0.0135418
          0.0954024 -0.00883182 0.00464 0.0954024 -0.0270136 -0.0135418 0.0954024 -0.0270136 0.00464
          0.0924024 0.0275318 -0.0317236 0.0924024 0.0275318 -0.0499055 0.0924024 0.0457136 -0.0499055
          0.0924024 0.0275318 -0.0317236 0.0924024 0.0457136 -0.0499055 0.0924024 0.0457136 -0.0317236
          0.0954024 0.0457136 -0.0499055 0.0954024 0.0457136 -0.0680873 0.0954024 0.0275318 -0.0680873
          0.0954024 0.0457136 -0.0499055 0.0954024 0.0275318 -0.0680873 0.0954024 0.0275318 -0.0499055
          0.0954024 0.0275318 -0.0317236 0.0954024 0.0275318 -0.0499055 0.0954024 0.00935 -0.0499055
          0.0954024 0.0275318 -0.0317236 0.0954024 0.00935 -0.0499055 0.0954024 0.00935 -0.0317236
          0.0924024 0.0457136 -0.0499055 0.0924024 0.0638955 -0.0499055 0.0924024 0.0638955 -0.0317236
          0.0924024 0.0457136 -0.0499055 0.0924024 0.0638955 -0.0317236 0.0924024 0.0457136 -0.0317236
          0.0954024 0.0638955 -0.0680873 0.0954024 0.0457136 -0.0680873 0.0954024 0.0457136 -0.0499055
          0.0954024 0.0638955 -0.0680873 0.0954024 0.0457136 -0.0499055 0.0954024 0.0638955 -0.0499055
          0.0954024 0.0820773 -0.0499055 0.0954024 0.0638955 -0.0499055 0.0954024 0.0638955 -0.0317236
          0.0954024 0.0820773 -0.0499055 0.0954024 0.0638955 -0.0317236 0.0954024 0.0820773 -0.0317236
          0.0924024 0.0457136 -0.0135418 0.0924016 0.0275318 -0.0135418 0.0924024 0.0275318 -0.0317236
          0.0924024 0.0457136 -0.0135418 0.0924024 0.0275318 -0.0317236 0.0924024 0.0457136 -0.0317236
          0.0954024 0.00935 -0.0135418 0.0954024 0.0275318 -0.0135418 0.0954024 0.0275318 -0.0317236
          0.0954024 0.00935 -0.0135418 0.0954024 0.0275318 -0.0317236 0.0954024 0.00935 -0.0317236
          0.0954024 0.0275318 0.00464 0.0954024 0.0457136 0.00464 0.0954024 0.0457136 -0.0135418
          0.0954024 0.0275318 0.00464 0.0954024 0.0457136 -0.0135418 0.0954024 0.0275318 -0.0135418
          0.0924024 0.0638955 -0.0317236 0.0924024 0.0638955 -0.0135418 0.0924024 0.0457136 -0.0135418
          0.0924024 0.0638955 -0.0317236 0.0924024 0.0457136 -0.0135418 0.0924024 0.0457136 -0.0317236
          0.0954024 0.0638955 -0.0317236 0.0954024 0.0638955 -0.0135418 0.0954024 0.0820773 -0.0135418
          0.0954024 0.0638955 -0.0317236 0.0954024 0.0820773 -0.0135418 0.0954024 0.0820773 -0.0317236
          0.0954024 0.0638955 0.00464 0.0954024 0.0638955 -0.0135418 0.0954024 0.0457136 -0.0135418
          0.0954024 0.0638955 0.00464 0.0954024 0.0457136 -0.0135418 0.0954024 0.0457136 0.00464
          0.0924024 0.100259 -0.0317236 0.0924024 0.100259 -0.0499055 0.0924024 0.118441 -0.0499055
          0.0924024 0.100259 -0.0317236 0.0924024 0.118441 -0.0499055 0.0924024 0.118441 -0.0317236
          0.0954024 0.118441 -0.0499055 0.0954024 0.118441 -0.0680873 0.0954024 0.100259 -0.0680873
          0.0954024 0.118441 -0.0499055 0.0954024 0.100259 -0.0680873 0.0954024 0.100259 -0.0499055
          0.0954024 0.100259 -0.0317236 0.0954024 0.100259 -0.0499055 0.0954024 0.0820773 -0.0499055
          0.0954024 0.100259 -0.0317236 0.0954024 0.0820773 -0.0499055 0.0954024 0.0820773 -0.0317236
          0.0924024 0.118441 -0.0499055 0.0924024 0.136623 -0.0499055 0.0924024 0.136623 -0.0317236
          0.0924024 0.118441 -0.0499055 0.0924024 0.136623 -0.0317236 0.0924024 0.118441 -0.0317236
          0.0954024 0.136623 -0.0680873 0.0954024 0.118441 -0.0680873 0.0954024 0.118441 -0.0499055
          0.0954024 0.136623 -0.0680873 0.0954024 0.118441 -0.0499055 0.0954024 0.136623 -0.0499055
          0.0954024 0.154812 -0.0499055 0.0954024 0.136623 -0.0499055 0.0954024 0.136623 -0.0317236
          0.0954024 0.154812 -0.0499055 0.0954024 0.136623 -0.0317236 0.0954024 0.154812 -0.0317236
          0.0924024 0.118441 -0.0135418 0.0924024 0.100259 -0.0135418 0.0924024 0.100259 -0.0317236
          0.0924024 0.118441 -0.0135418 0.0924024 0.100259 -0.0317236 0.0924024 0.118441 -0.0317236
          0.0954024 0.0820773 -0.0135418 0.0954024 0.100259 -0.0135418 0.0954024 0.100259 -0.0317236
          0.0954024 0.0820773 -0.0135418 0.0954024 0.100259 -0.0317236 0.0954024 0.0820773 -0.0317236
          0.0954024 0.100259 0.00464 0.0954024 0.118441 0.00464 0.0954024 0.118441 -0.0135418
          0.0954024 0.100259 0.00464 0.0954024 0.118441 -0.0135418 0.0954024 0.100259 -0.0135418
          0.0924024 0.136623 -0.0317236 0.0924024 0.136623 -0.0135418 0.0924024 0.118441 -0.0135418
          0.0924024 0.136623 -0.0317236 0.0924024 0.118441 -0.0135418 0.0924024 0.118441 -0.0317236
          0.0954024 0.136623 -0.0317236 0.0954024 0.136623 -0.0135418 0.0954024 0.154812 -0.0135418
          0.0954024 0.136623 -0.0317236 0.0954024 0.154812 -0.0135418 0.0954024 0.154812 -0.0317236
          0.0954024 0.136623 0.00464 0.0954024 0.136623 -0.0135418 0.0954024 0.118441 -0.0135418
          0.0954024 0.136623 0.00464 0.0954024 0.118441 -0.0135418 0.0954024 0.118441 0.00464
          0.0924024 0.172733 -0.0317236 0.0924024 0.172733 -0.0499055 0.0924024 0.187514 -0.0499055
          0.0924024 0.172733 -0.0317236 0.0924024 0.187514 -0.0499055 0.0924024 0.187514 -0.0317236
          0.0954024 0.188209 -0.0499055 0.0954024 0.188209 -0.0680873 0.0954024 0.172694 -0.0680873
          0.0954024 0.188209 -0.0499055 0.0954024 0.172694 -0.0680873 0.0954024 0.172694 -0.0499055
          0.0954024 0.172694 -0.0317236 0.0954024 0.172694 -0.0499055 0.0954024 0.154812 -0.0499055
          0.0954024 0.172694 -0.0317236 0.0954024 0.154812 -0.0499055 0.0954024 0.154812 -0.0317236
          0.0924024 0.187514 -0.0499055 0.0924024 0.197983 -0.0499055 0.0924024 0.197983 -0.0317236
          0.0924024 0.187514 -0.0499055 0.0924024 0.197983 -0.0317236 0.0924024 0.187514 -0.0317236
          0.0924024 0.197983 -0.0680873 0.0954024 0.188209 -0.0680873 0.0954024 0.188209 -0.0499055
          0.0924024 0.197983 -0.0680873 0.0954024 0.188209 -0.0499055 0.0924024 0.197983 -0.0499055
          0.0924024 0.187514 -0.0135418 0.0924024 0.172733 -0.0135418 0.0924024 0.172733 -0.0317236
          0.0924024 0.187514 -0.0135418 0.0924024 0.172733 -0.0317236 0.0924024 0.187514 -0.0317236
          0.0954024 0.154812 -0.0135418 0.0954024 0.172694 -0.0135418 0.0954024 0.172694 -0.0317236
          0.0954024 0.154812 -0.0135418 0.0954024 0.172694 -0.0317236 0.0954024 0.154812 -0.0317236
          0.0954024 0.172694 0.00464 0.0954024 0.188209 0.00464 0.0954024 0.188209 -0.0135418
          0.0954024 0.172694 0.00464 0.0954024 0.188209 -0.0135418 0.0954024 0.172694 -0.0135418
          0.0924024 0.197983 -0.0317236 0.0924024 0.197983 -0.0135418 0.0924024 0.187514 -0.0135418
          0.0924024 0.197983 -0.0317236 0.0924024 0.187514 -0.0135418 0.0924024 0.187514 -0.0317236
          0.0924024 0.197983 0.00464 0.0924024 0.197983 -0.0135418 0.0954024 0.188209 -0.0135418
          0.0924024 0.197983 0.00464 0.0954024 0.188209 -0.0135418 0.0954024 0.188209 0.00464
          0.0924024 -0.168814 0.0228218 0.0924024 -0.154033 0.0228218 0.0924024 -0.154033 0.0410036
          0.0924024 -0.168814 0.0228218 0.0924024 -0.154033 0.0410036 0.0924024 -0.168814 0.0410036
          0.0954024 -0.153994 0.00464 0.0954024 -0.169509 0.00464 0.0954024 -0.169509 0.0228218
          0.0954024 -0.153994 0.00464 0.0954024 -0.169509 0.0228218 0.0954024 -0.153994 0.0228218
          0.0954024 -0.136112 0.0228218 0.0954024 -0.153994 0.0228218 0.0954024 -0.153994 0.0410036
          0.0954024 -0.136112 0.0228218 0.0954024 -0.153994 0.0410036 0.0954024 -0.136112 0.0410036
          0.0924024 -0.154033 0.0410036 0.0924024 -0.154033 0.0591855 0.0924024 -0.168814 0.0591855
          0.0924024 -0.154033 0.0410036 0.0924024 -0.168814 0.0591855 0.0924024 -0.168814 0.0410036
          0.0954024 -0.153994 0.0410036 0.0954024 -0.153994 0.0591855 0.0954024 -0.136112 0.0591855
          0.0954024 -0.153994 0.0410036 0.0954024 -0.136112 0.0591855 0.0954024 -0.136112 0.0410036
          0.0954024 -0.153994 0.0773673 0.0954024 -0.153994 0.0591855 0.0954024 -0.169509 0.0591855
          0.0954024 -0.153994 0.0773673 0.0954024 -0.169509 0.0591855 0.0954024 -0.169509 0.0773673
          0.0924024 -0.117923 0.0410036 0.0924024 -0.117923 0.0228218 0.0924024 -0.0997409 0.0228218
          0.0924024 -0.117923 0.0410036 0.0924024 -0.0997409 0.0228218 0.0924024 -0.0997409 0.0410036
          0.0954024 -0.0997409 0.0228218 0.0954024 -0.0997409 0.00464 0.0954024 -0.117923 0.00464
          0.0954024 -0.0997409 0.0228218 0.0954024 -0.117923 0.00464 0.0954024 -0.117923 0.0228218
          0.0954024 -0.117923 0.0410036 0.0954024 -0.117923 0.0228218 0.0954024 -0.136112 0.0228218
          0.0954024 -0.117923 0.0410036 0.0954024 -0.136112 0.0228218 0.0954024 -0.136112 0.0410036
          0.0924024 -0.0997409 0.0228218 0.0924024 -0.0815591 0.0228218 0.0924024 -0.0815591 0.0410036
          0.0924024 -0.0997409 0.0228218 0.0924024 -0.0815591 0.0410036 0.0924024 -0.0997409 0.0410036
          0.0954024 -0.0815591 0.00464 0.0954024 -0.0997409 0.00464 0.0954024 -0.0997409 0.0228218
          0.0954024 -0.0815591 0.00464 0.0954024 -0.0997409 0.0228218 0.0954024 -0.0815591 0.0228218
          0.0954024 -0.0633773 0.0228218 0.0954024 -0.0815591 0.0228218 0.0954024 -0.0815591 0.0410036
          0.0954024 -0.0633773 0.0228218 0.0954024 -0.0815591 0.0410036 0.0954024 -0.0633773 0.0410036
          0.0924024 -0.0997409 0.0591855 0.0924024 -0.117923 0.0591855 0.0924024 -0.117923 0.0410036
          0.0924024 -0.0997409 0.0591855 0.0924024 -0.117923 0.0410036 0.0924024 -0.0997409 0.0410036
          0.0954024 -0.136112 0.0591855 0.0954024 -0.117923 0.0591855 0.0954024 -0.117923 0.0410036
          0.0954024 -0.136112 0.0591855 0.0954024 -0.117923 0.0410036 0.0954024 -0.136112 0.0410036
          0.0954024 -0.117923 0.0773673 0.0954024 -0.0997409 0.0773673 0.0954024 -0.0997409 0.0591855
          0.0954024 -0.117923 0.0773673 0.0954024 -0.0997409 0.0591855 0.0954024 -0.117923 0.0591855
          0.0924024 -0.0815591 0.0410036 0.0924024 -0.0815591 0.0591855 0.0924024 -0.0997409 0.0591855
          0.0924024 -0.0815591 0.0410036 0.0924024 -0.0997409 0.0591855 0.0924024 -0.0997409 0.0410036
          0.0954024 -0.0815591 0.0410036 0.0954024 -0.0815591 0.0591855 0.0954024 -0.0633773 0.0591855
          0.0954024 -0.0815591 0.0410036 0.0954024 -0.0633773 0.0591855 0.0954024 -0.0633773 0.0410036
          0.0954024 -0.0815591 0.0773673 0.0954024 -0.0815591 0.0591855 0.0954024 -0.0997409 0.0591855
          0.0954024 -0.0815591 0.0773673 0.0954024 -0.0997409 0.0591855 0.0954024 -0.0997409 0.0773673
          0.0924024 -0.0451955 0.0410036 0.0924024 -0.0451955 0.0228218 0.0924024 -0.0270136 0.0228218
          0.0924024 -0.0451955 0.0410036 0.0924024 -0.0270136 0.0228218 0.0924024 -0.0270136 0.0410036
          0.0954024 -0.0270136 0.0228218 0.0954024 -0.0270136 0.00464 0.0954024 -0.0451955 0.00464
          0.0954024 -0.0270136 0.0228218 0.0954024 -0.0451955 0.00464 0.0954024 -0.0451955 0.0228218
          0.0954024 -0.0451955 0.0410036 0.0954024 -0.0451955 0.0228218 0.0954024 -0.0633773 0.0228218
          0.0954024 -0.0451955 0.0410036 0.0954024 -0.0633773 0.0228218 0.0954024 -0.0633773 0.0410036
          0.0924024 -0.0270136 0.0228218 0.0924017 -0.00883182 0.0228218 0.0924024 -0.00883182 0.0410036
          0.0924024 -0.0270136 0.0228218 0.0924024 -0.00883182 0.0410036 0.0924024 -0.0270136 0.0410036
          0.0954024 -0.00883182 0.00464 0.0954024 -0.0270136 0.00464 0.0954024 -0.0270136 0.0228218
          0.0954024 -0.00883182 0.00464 0.0954024 -0.0270136 0.0228218 0.0954024 -0.00883182 0.0228218
          0.0954024 0.00935 0.0228218 0.0954024 -0.00883182 0.0228218 0.0954024 -0.00883182 0.0410036
          0.0954024 0.00935 0.0228218 0.0954024 -0.00883182 0.0410036 0.0954024 0.00935 0.0410036
          0.0924024 -0.0270136 0.0591855 0.0924024 -0.0451955 0.0591855 0.0924024 -0.0451955 0.0410036
          0.0924024 -0.0270136 0.0591855 0.0924024 -0.0451955 0.0410036 0.0924024 -0.0270136 0.0410036
          0.0954024 -0.0633773 0.0591855 0.0954024 -0.0451955 0.0591855 0.0954024 -0.0451955 0.0410036
          0.0954024 -0.0633773 0.0591855 0.0954024 -0.0451955 0.0410036 0.0954024 -0.0633773 0.0410036
          0.0954024 -0.0451955 0.0773673 0.0954024 -0.0270136 0.0773673 0.0954024 -0.0270136 0.0591855
          0.0954024 -0.0451955 0.0773673 0.0954024 -0.0270136 0.0591855 0.0954024 -0.0451955 0.0591855
          0.0924024 -0.00883182 0.0410036 0.0924024 -0.00883182 0.0591855 0.0924024 -0.0270136 0.0591855
          0.0924024 -0.00883182 0.0410036 0.0924024 -0.0270136 0.0591855 0.0924024 -0.0270136 0.0410036
          0.0954024 -0.00883182 0.0410036 0.0954024 -0.00883182 0.0591855 0.0954024 0.00935 0.0591855
          0.0954024 -0.00883182 0.0410036 0.0954024 0.00935 0.0591855 0.0954024 0.00935 0.0410036
          0.0954024 -0.00883182 0.0773673 0.0954024 -0.00883182 0.0591855 0.0954024 -0.0270136 0.0591855
          0.0954024 -0.00883182 0.0773673 0.0954024 -0.0270136 0.0591855 0.0954024 -0.0270136 0.0773673
          0.0924024 0.0275318 0.0410036 0.092402 0.0275318 0.0228218 0.0924024 0.0457136 0.0228218
          0.0924024 0.0275318 0.0410036 0.0924024 0.0457136 0.0228218 0.0924024 0.0457136 0.0410036
          0.0954024 0.0457136 0.0228218 0.0954024 0.0457136 0.00464 0.0954024 0.0275318 0.00464
          0.0954024 0.0457136 0.0228218 0.0954024 0.0275318 0.00464 0.0954024 0.0275318 0.0228218
          0.0954024 0.0275318 0.0410036 0.0954024 0.0275318 0.0228218 0.0954024 0.00935 0.0228218
          0.0954024 0.0275318 0.0410036 0.0954024 0.00935 0.0228218 0.0954024 0.00935 0.0410036
          0.0924024 0.0457136 0.0228218 0.0924024 0.0638955 0.0228218 0.0924024 0.0638955 0.0410036
          0.0924024 0.0457136 0.0228218 0.0924024 0.0638955 0.0410036 0.0924024 0.0457136 0.0410036
          0.0954024 0.0638955 0.00464 0.0954024 0.0457136 0.00464 0.0954024 0.0457136 0.0228218
          0.0954024 0.0638955 0.00464 0.0954024 0.0457136 0.0228218 0.0954024 0.0638955 0.0228218
          0.0954024 0.0820773 0.0228218 0.0954024 0.0638955 0.0228218 0.0954024 0.0638955 0.0410036
          0.0954024 0.0820773 0.0228218 0.0954024 0.0638955 0.0410036 0.0954024 0.0820773 0.0410036
          0.0924024 0.0457136 0.0591855 0.0924024 0.0275318 0.0591855 0.0924024 0.0275318 0.0410036
          0.0924024 0.0457136 0.0591855 0.0924024 0.0275318 0.0410036 0.0924024 0.0457136 0.0410036
          0.0954024 0.00935 0.0591855 0.0954024 0.0275318 0.0591855 0.0954024 0.0275318 0.0410036
          0.0954024 0.00935 0.0591855 0.0954024 0.0275318 0.0410036 0.0954024 0.00935 0.0410036
          0.0954024 0.0275318 0.0773673 0.0954024 0.0457136 0.0773673 0.0954024 0.0457136 0.0591855
          0.0954024 0.0275318 0.0773673 0.0954024 0.0457136 0.0591855 0.0954024 0.0275318 0.0591855
          0.0924024 0.0638955 0.0410036 0.0924024 0.0638955 0.0591855 0.0924024 0.0457136 0.0591855
          0.0924024 0.0638955 0.0410036 0.0924024 0.0457136 0.0591855 0.0924024 0.0457136 0.0410036
          0.0954024 0.0638955 0.0410036 0.0954024 0.0638955 0.0591855 0.0954024 0.0820773 0.0591855
          0.0954024 0.0638955 0.0410036 0.0954024 0.0820773 0.0591855 0.0954024 0.0820773 0.0410036
          0.0954024 0.0638955 0.0773673 0.0954024 0.0638955 0.0591855 0.0954024 0.0457136 0.0591855
          0.0954024 0.0638955 0.0773673 0.0954024 0.0457136 0.0591855 0.0954024 0.0457136 0.0773673
          0.0924024 0.100259 0.0410036 0.0924024 0.100259 0.0228218 0.0924024 0.118441 0.0228218
          0.0924024 0.100259 0.0410036 0.0924024 0.118441 0.0228218 0.0924024 0.118441 0.0410036
          0.0954024 0.118441 0.0228218 0.0954024 0.118441 0.00464 0.0954024 0.100259 0.00464
          0.0954024 0.118441 0.0228218 0.0954024 0.100259 0.00464 0.0954024 0.100259 0.0228218
          0.0954024 0.100259 0.0410036 0.0954024 0.100259 0.0228218 0.0954024 0.0820773 0.0228218
          0.0954024 0.100259 0.0410036 0.0954024 0.0820773 0.0228218 0.0954024 0.0820773 0.0410036
          0.0924024 0.118441 0.0228218 0.0924024 0.136623 0.0228218 0.0924024 0.136623 0.0410036
          0.0924024 0.118441 0.0228218 0.0924024 0.136623 0.0410036 0.0924024 0.118441 0.0410036
          0.0954024 0.136623 0.00464 0.0954024 0.118441 0.00464 0.0954024 0.118441 0.0228218
          0.0954024 0.136623 0.00464 0.0954024 0.118441 0.0228218 0.0954024 0.136623 0.0228218
          0.0954024 0.154812 0.0228218 0.0954024 0.136623 0.0228218 0.0954024 0.136623 0.0410036
          0.0954024 0.154812 0.0228218 0.0954024 0.136623 0.0410036 0.0954024 0.154812 0.0410036
          0.0924024 0.118441 0.0591855 0.0924024 0.100259 0.0591855 0.0924024 0.100259 0.0410036
          0.0924024 0.118441 0.0591855 0.0924024 0.100259 0.0410036 0.0924024 0.118441 0.0410036
          0.0954024 0.0820773 0.0591855 0.0954024 0.100259 0.0591855 0.0954024 0.100259 0.0410036
          0.0954024 0.0820773 0.0591855 0.0954024 0.100259 0.0410036 0.0954024 0.0820773 0.0410036
          0.0954024 0.100259 0.0773673 0.0954024 0.118441 0.0773673 0.0954024 0.118441 0.0591855
          0.0954024 0.100259 0.0773673 0.0954024 0.118441 0.0591855 0.0954024 0.100259 0.0591855
          0.0924024 0.136623 0.0410036 0.0924024 0.136623 0.0591855 0.0924024 0.118441 0.0591855
          0.0924024 0.136623 0.0410036 0.0924024 0.118441 0.0591855 0.0924024 0.118441 0.0410036
          0.0954024 0.136623 0.0410036 0.0954024 0.136623 0.0591855 0.0954024 0.154812 0.0591855
          0.0954024 0.136623 0.0410036 0.0954024 0.154812 0.0591855 0.0954024 0.154812 0.0410036
          0.0954024 0.136623 0.0773673 0.0954024 0.136623 0.0591855 0.0954024 0.118441 0.0591855
          0.0954024 0.136623 0.0773673 0.0954024 0.118441 0.0591855 0.0954024 0.118441 0.0773673
          0.0924024 0.172733 0.0410036 0.0924024 0.172733 0.0228218 0.0924024 0.187514 0.0228218
          0.0924024 0.172733 0.0410036 0.0924024 0.187514 0.0228218 0.0924024 0.187514 0.0410036
          0.0954024 0.188209 0.0228218 0.0954024 0.188209 0.00464 0.0954024 0.172694 0.00464
          0.0954024 0.188209 0.0228218 0.0954024 0.172694 0.00464 0.0954024 0.172694 0.0228218
          0.0954024 0.172694 0.0410036 0.0954024 0.172694 0.0228218 0.0954024 0.154812 0.0228218
          0.0954024 0.172694 0.0410036 0.0954024 0.154812 0.0228218 0.0954024 0.154812 0.0410036
          0.0924024 0.187514 0.0228218 0.0924024 0.197983 0.0228218 0.0924024 0.197983 0.0410036
          0.0924024 0.187514 0.0228218 0.0924024 0.197983 0.0410036 0.0924024 0.187514 0.0410036
          0.0924024 0.197983 0.00464 0.0954024 0.188209 0.00464 0.0954024 0.188209 0.0228218
          0.0924024 0.197983 0.00464 0.0954024 0.188209 0.0228218 0.0924024 0.197983 0.0228218
          0.0924024 0.187514 0.0591855 0.0924024 0.172733 0.0591855 0.0924024 0.172733 0.0410036
          0.0924024 0.187514 0.0591855 0.0924024 0.172733 0.0410036 0.0924024 0.187514 0.0410036
          0.0954024 0.154812 0.0591855 0.0954024 0.172694 0.0591855 0.0954024 0.172694 0.0410036
          0.0954024 0.154812 0.0591855 0.0954024 0.172694 0.0410036 0.0954024 0.154812 0.0410036
          0.0954024 0.172694 0.0773673 0.0954024 0.188209 0.0773673 0.0954024 0.188209 0.0591855
          0.0954024 0.172694 0.0773673 0.0954024 0.188209 0.0591855 0.0954024 0.172694 0.0591855
          0.0924024 0.197983 0.0410036 0.0924024 0.197983 0.0591855 0.0924024 0.187514 0.0591855
          0.0924024 0.197983 0.0410036 0.0924024 0.187514 0.0591855 0.0924024 0.187514 0.0410036
          0.0924024 0.197983 0.0773673 0.0924024 0.197983 0.0591855 0.0954024 0.188209 0.0591855
          0.0924024 0.197983 0.0773673 0.0954024 0.188209 0.0591855 0.0954024 0.188209 0.0773673
          0.0924024 -0.168814 0.0955491 0.0924024 -0.154033 0.0955491 0.0924024 -0.154033 0.113731
          0.0924024 -0.168814 0.0955491 0.0924024 -0.154033 0.113731 0.0924024 -0.168814 0.113731
          0.0954024 -0.153994 0.0773673 0.0954024 -0.169509 0.0773673 0.0954024 -0.169509 0.0955491
          0.0954024 -0.153994 0.0773673 0.0954024 -0.169509 0.0955491 0.0954024 -0.153994 0.0955491
          0.0954024 -0.136112 0.0955491 0.0954024 -0.153994 0.0955491 0.0954024 -0.153994 0.113731
          0.0954024 -0.136112 0.0955491 0.0954024 -0.153994 0.113731 0.0954024 -0.136112 0.113731
          0.0924024 -0.154033 0.113731 0.0924024 -0.154033 0.131913 0.0924024 -0.168814 0.131913
          0.0924024 -0.154033 0.113731 0.0924024 -0.168814 0.131913 0.0924024 -0.168814 0.113731
          0.0954024 -0.153994 0.113731 0.0954024 -0.153994 0.131913 0.0954024 -0.136112 0.131913
          0.0954024 -0.153994 0.113731 0.0954024 -0.136112 0.131913 0.0954024 -0.136112 0.113731
          0.0954024 -0.153996 0.150105 0.0954024 -0.153994 0.131913 0.0954024 -0.169509 0.131913
          0.0954024 -0.153996 0.150105 0.0954024 -0.169509 0.131913 0.0954024 -0.169508 0.150102
          0.0924024 -0.117923 0.113731 0.0924024 -0.117923 0.0955491 0.0924024 -0.0997409 0.0955491
          0.0924024 -0.117923 0.113731 0.0924024 -0.0997409 0.0955491 0.0924024 -0.0997409 0.113731
          0.0954024 -0.0997409 0.0955491 0.0954024 -0.0997409 0.0773673 0.0954024 -0.117923 0.0773673
          0.0954024 -0.0997409 0.0955491 0.0954024 -0.117923 0.0773673 0.0954024 -0.117923 0.0955491
          0.0954024 -0.117923 0.113731 0.0954024 -0.117923 0.0955491 0.0954024 -0.136112 0.0955491
          0.0954024 -0.117923 0.113731 0.0954024 -0.136112 0.0955491 0.0954024 -0.136112 0.113731
          0.0924024 -0.0997409 0.0955491 0.0924024 -0.0815591 0.0955491 0.0924024 -0.0815591 0.113731
          0.0924024 -0.0997409 0.0955491 0.0924024 -0.0815591 0.113731 0.0924024 -0.0997409 0.113731
          0.0954024 -0.0815591 0.0773673 0.0954024 -0.0997409 0.0773673 0.0954024 -0.0997409 0.0955491
          0.0954024 -0.0815591 0.0773673 0.0954024 -0.0997409 0.0955491 0.0954024 -0.0815591 0.0955491
          0.0954024 -0.0633773 0.0955491 0.0954024 -0.0815591 0.0955491 0.0954024 -0.0815591 0.113731
          0.0954024 -0.0633773 0.0955491 0.0954024 -0.0815591 0.113731 0.0954024 -0.0633773 0.113731
          0.0924024 -0.0997409 0.131913 0.0924024 -0.117923 0.131913 0.0924024 -0.117923 0.113731
          0.0924024 -0.0997409 0.131913 0.0924024 -0.117923 0.113731 0.0924024 -0.0997409 0.113731
          0.0954024 -0.136112 0.131913 0.0954024 -0.117923 0.131913 0.0954024 -0.117923 0.113731
          0.0954024 -0.136112 0.131913 0.0954024 -0.117923 0.113731 0.0954024 -0.136112 0.113731
          0.0954024 -0.117923 0.150102 0.0954024 -0.0997409 0.150102 0.0954024 -0.0997409 0.131913
          0.0954024 -0.117923 0.150102 0.0954024 -0.0997409 0.131913 0.0954024 -0.117923 0.131913
          0.0924024 -0.0815591 0.113731 0.0924024 -0.0815591 0.131913 0.0924024 -0.0997409 0.131913
          0.0924024 -0.0815591 0.113731 0.0924024 -0.0997409 0.131913 0.0924024 -0.0997409 0.113731
          0.0954024 -0.0815591 0.113731 0.0954024 -0.0815591 0.131913 0.0954024 -0.0633773 0.131913
          0.0954024 -0.0815591 0.113731 0.0954024 -0.0633773 0.131913 0.0954024 -0.0633773 0.113731
          0.0954024 -0.0815591 0.150102 0.0954024 -0.0815591 0.131913 0.0954024 -0.0997409 0.131913
          0.0954024 -0.0815591 0.150102 0.0954024 -0.0997409 0.131913 0.0954024 -0.0997409 0.150102
          0.0924024 -0.0451955 0.113731 0.0924024 -0.0451955 0.0955491 0.0924024 -0.0270136 0.0955491
          0.0924024 -0.0451955 0.113731 0.0924024 -0.0270136 0.0955491 0.0924024 -0.0270136 0.113731
          0.0954024 -0.0270136 0.0955491 0.0954024 -0.0270136 0.0773673 0.0954024 -0.0451955 0.0773673
          0.0954024 -0.0270136 0.0955491 0.0954024 -0.0451955 0.0773673 0.0954024 -0.0451955 0.0955491
          0.0954024 -0.0451955 0.113731 0.0954024 -0.0451955 0.0955491 0.0954024 -0.0633773 0.0955491
          0.0954024 -0.0451955 0.113731 0.0954024 -0.0633773 0.0955491 0.0954024 -0.0633773 0.113731
          0.0924024 -0.0270136 0.0955491 0.0924024 -0.00883182 0.0955491 0.0924024 -0.00883182 0.113731
          0.0924024 -0.0270136 0.0955491 0.0924024 -0.00883182 0.113731 0.0924024 -0.0270136 0.113731
          0.0954024 -0.00883182 0.0773673 0.0954024 -0.0270136 0.0773673 0.0954024 -0.0270136 0.0955491
          0.0954024 -0.00883182 0.0773673 0.0954024 -0.0270136 0.0955491 0.0954024 -0.00883182 0.0955491
          0.0954024 0.00935 0.0955491 0.0954024 -0.00883182 0.0955491 0.0954024 -0.00883182 0.113731
          0.0954024 0.00935 0.0955491 0.0954024 -0.00883182 0.113731 0.0954024 0.00935 0.113731
          0.0924024 -0.0270136 0.131913 0.0924024 -0.0451955 0.131913 0.0924024 -0.0451955 0.113731
          0.0924024 -0.0270136 0.131913 0.0924024 -0.0451955 0.113731 0.0924024 -0.0270136 0.113731
          0.0954024 -0.0633773 0.131913 0.0954024 -0.0451955 0.131913 0.0954024 -0.0451955 0.113731
          0.0954024 -0.0633773 0.131913 0.0954024 -0.0451955 0.113731 0.0954024 -0.0633773 0.113731
          0.0954024 -0.0451955 0.150102 0.0954024 -0.0270136 0.150102 0.0954024 -0.0270136 0.131913
          0.0954024 -0.0451955 0.150102 0.0954024 -0.0270136 0.131913 0.0954024 -0.0451955 0.131913
          0.0924024 -0.00883182 0.113731 0.0924024 -0.00883182 0.131913 0.0924024 -0.0270136 0.131913
          0.0924024 -0.00883182 0.113731 0.0924024 -0.0270136 0.131913 0.0924024 -0.0270136 0.113731
          0.0954024 -0.00883182 0.113731 0.0954024 -0.00883182 0.131913 0.0954024 0.00935 0.131913
          0.0954024 -0.00883182 0.113731 0.0954024 0.00935 0.131913 0.0954024 0.00935 0.113731
          0.0954024 -0.00883182 0.150102 0.0954024 -0.00883182 0.131913 0.0954024 -0.0270136 0.131913
          0.0954024 -0.00883182 0.150102 0.0954024 -0.0270136 0.131913 0.0954024 -0.0270136 0.150102
          0.0924024 0.0275318 0.113731 0.0924024 0.0275318 0.0955491 0.0924024 0.0457136 0.0955491
          0.0924024 0.0275318 0.113731 0.0924024 0.0457136 0.0955491 0.0924024 0.0457136 0.113731
          0.0954024 0.0457136 0.0955491 0.0954024 0.0457136 0.0773673 0.0954024 0.0275318 0.0773673
          0.0954024 0.0457136 0.0955491 0.0954024 0.0275318 0.0773673 0.0954024 0.0275318 0.0955491
          0.0954024 0.0275318 0.113731 0.0954024 0.0275318 0.0955491 0.0954024 0.00935 0.0955491
          0.0954024 0.0275318 0.113731 0.0954024 0.00935 0.0955491 0.0954024 0.00935 0.113731
          0.0924024 0.0457136 0.0955491 0.0924024 0.0638955 0.0955491 0.0924024 0.0638955 0.113731
          0.0924024 0.0457136 0.0955491 0.0924024 0.0638955 0.113731 0.0924024 0.0457136 0.113731
          0.0954024 0.0638955 0.0773673 0.0954024 0.0457136 0.0773673 0.0954024 0.0457136 0.0955491
          0.0954024 0.0638955 0.0773673 0.0954024 0.0457136 0.0955491 0.0954024 0.0638955 0.0955491
          0.0954024 0.0820773 0.0955491 0.0954024 0.0638955 0.0955491 0.0954024 0.0638955 0.113731
          0.0954024 0.0820773 0.0955491 0.0954024 0.0638955 0.113731 0.0954024 0.0820773 0.113731
          0.0924024 0.0457136 0.131913 0.0924024 0.0275318 0.131913 0.0924024 0.0275318 0.113731
          0.0924024 0.0457136 0.131913 0.0924024 0.0275318 0.113731 0.0924024 0.0457136 0.113731
          0.0954024 0.00935 0.131913 0.0954024 0.0275318 0.131913 0.0954024 0.0275318 0.113731
          0.0954024 0.00935 0.131913 0.0954024 0.0275318 0.113731 0.0954024 0.00935 0.113731
          0.0954024 0.0275318 0.150102 0.0954024 0.0457136 0.150102 0.0954024 0.0457136 0.131913
          0.0954024 0.0275318 0.150102 0.0954024 0.0457136 0.131913 0.0954024 0.0275318 0.131913
          0.0924024 0.0638955 0.113731 0.0924024 0.0638955 0.131913 0.0924024 0.0457136 0.131913
          0.0924024 0.0638955 0.113731 0.0924024 0.0457136 0.131913 0.0924024 0.0457136 0.113731
          0.0954024 0.0638955 0.113731 0.0954024 0.0638955 0.131913 0.0954024 0.0820773 0.131913
          0.0954024 0.0638955 0.113731 0.0954024 0.0820773 0.131913 0.0954024 0.0820773 0.113731
          0.0954024 0.0638955 0.150102 0.0954024 0.0638955 0.131913 0.0954024 0.0457136 0.131913
          0.0954024 0.0638955 0.150102 0.0954024 0.0457136 0.131913 0.0954024 0.0457136 0.150102
          0.0924024 0.100259 0.113731 0.0924024 0.100259 0.0955491 0.0924024 0.118441 0.0955491
          0.0924024 0.100259 0.113731 0.0924024 0.118441 0.0955491 0.0924024 0.118441 0.113731
          0.0954024 0.118441 0.0955491 0.0954024 0.118441 0.0773673 0.0954024 0.100259 0.0773673
          0.0954024 0.118441 0.0955491 0.0954024 0.100259 0.0773673 0.0954024 0.100259 0.0955491
          0.0954024 0.100259 0.113731 0.0954024 0.100259 0.0955491 0.0954024 0.0820773 0.0955491
          0.0954024 0.100259 0.113731 0.0954024 0.0820773 0.0955491 0.0954024 0.0820773 0.113731
          0.0924024 0.118441 0.0955491 0.0924024 0.136623 0.0955491 0.0924024 0.136623 0.113731
          0.0924024 0.118441 0.0955491 0.0924024 0.136623 0.113731 0.0924024 0.118441 0.113731
          0.0954024 0.136623 0.0773673 0.0954024 0.118441 0.0773673 0.0954024 0.118441 0.0955491
          0.0954024 0.136623 0.0773673 0.0954024 0.118441 0.0955491 0.0954024 0.136623 0.0955491
          0.0954024 0.154812 0.0955491 0.0954024 0.136623 0.0955491 0.0954024 0.136623 0.113731
          0.0954024 0.154812 0.0955491 0.0954024 0.136623 0.113731 0.0954024 0.154812 0.113731
          0.0924024 0.118441 0.131913 0.0924024 0.100259 0.131913 0.0924024 0.100259 0.113731
          0.0924024 0.118441 0.131913 0.0924024 0.100259 0.113731 0.0924024 0.118441 0.113731
          0.0954024 0.0820773 0.131913 0.0954024 0.100259 0.131913 0.0954024 0.100259 0.113731
          0.0954024 0.0820773 0.131913 0.0954024 0.100259 0.113731 0.0954024 0.0820773 0.113731
          0.0954024 0.100259 0.150102 0.0954024 0.118441 0.150102 0.0954024 0.118441 0.131913
          0.0954024 0.100259 0.150102 0.0954024 0.118441 0.131913 0.0954024 0.100259 0.131913
          0.0924024 0.136623 0.113731 0.0924024 0.136623 0.131913 0.0924024 0.118441 0.131913
          0.0924024 0.136623 0.113731 0.0924024 0.118441 0.131913 0.0924024 0.118441 0.113731
          0.0954024 0.136623 0.113731 0.0954024 0.136623 0.131913 0.0954024 0.154812 0.131913
          0.0954024 0.136623 0.113731 0.0954024 0.154812 0.131913 0.0954024 0.154812 0.113731
          0.0954024 0.136623 0.150102 0.0954024 0.136623 0.131913 0.0954024 0.118441 0.131913
          0.0954024 0.136623 0.150102 0.0954024 0.118441 0.131913 0.0954024 0.118441 0.150102
          0.0924024 0.172733 0.113731 0.0924024 0.172733 0.0955491 0.0924024 0.187514 0.0955491
          0.0924024 0.172733 0.113731 0.0924024 0.187514 0.0955491 0.0924024 0.187514 0.113731
          0.0954024 0.188209 0.0955491 0.0954024 0.188209 0.0773673 0.0954024 0.172694 0.0773673
          0.0954024 0.188209 0.0955491 0.0954024 0.172694 0.0773673 0.0954024 0.172694 0.0955491
          0.0954024 0.172694 0.113731 0.0954024 0.172694 0.0955491 0.0954024 0.154812 0.0955491
          0.0954024 0.172694 0.113731 0.0954024 0.154812 0.0955491 0.0954024 0.154812 0.113731
          0.0924024 0.187514 0.0955491 0.0924024 0.197983 0.0955491 0.0924024 0.197983 0.113731
          0.0924024 0.187514 0.0955491 0.0924024 0.197983 0.113731 0.0924024 0.187514 0.113731
          0.0924024 0.197983 0.0773673 0.0954024 0.188209 0.0773673 0.0954024 0.188209 0.0955491
          0.0924024 0.197983 0.0773673 0.0954024 0.188209 0.0955491 0.0924024 0.197983 0.0955491
          0.0924024 0.187514 0.131913 0.0924024 0.172733 0.131913 0.0924024 0.172733 0.113731
          0.0924024 0.187514 0.131913 0.0924024 0.172733 0.113731 0.0924024 0.187514 0.113731
          0.0954024 0.154812 0.131913 0.0954024 0.172694 0.131913 0.0954024 0.172694 0.113731
          0.0954024 0.154812 0.131913 0.0954024 0.172694 0.113731 0.0954024 0.154812 0.113731
          0.0954024 0.172696 0.150105 0.0954024 0.188208 0.150102 0.0954024 0.188209 0.131913
          0.0954024 0.172696 0.150105 0.0954024 0.188209 0.131913 0.0954024 0.172694 0.131913
          0.0924024 0.197983 0.113731 0.0924024 0.197983 0.131913 0.0924024 0.187514 0.131913
          0.0924024 0.197983 0.113731 0.0924024 0.187514 0.131913 0.0924024 0.187514 0.113731
          0.0924024 0.197983 0.150095 0.0924024 0.197983 0.131913 0.0954024 0.188209 0.131913
          0.0924024 0.197983 0.150095 0.0954024 0.188209 0.131913 0.0954024 0.188208 0.150102
          0.0924024 -0.168886 0.168039 0.0924024 -0.154036 0.168026 0.0924024 -0.154049 0.182876
          0.0924024 -0.168886 0.168039 0.0924024 -0.154049 0.182876 0.0924024 -0.16941 0.1834
          0.0954024 -0.153996 0.150105 0.0954024 -0.169508 0.150102 0.0954024 -0.169565 0.16803
          0.0954024 -0.153996 0.150105 0.0954024 -0.169565 0.16803 0.0954024 -0.154016 0.168006
          0.0954024 -0.136115 0.167986 0.0954024 -0.154016 0.168006 0.0954024 -0.15404 0.183555
          0.0954024 -0.136115 0.167986 0.0954024 -0.15404 0.183555 0.0954024 -0.136112 0.183498
          0.0924024 -0.154049 0.182876 0.0924024 -0.154053 0.193297 0.0924024 -0.170347 0.193577
          0.0924024 -0.154049 0.182876 0.0924024 -0.170347 0.193577 0.0924024 -0.16941 0.1834
          0.0954024 -0.15404 0.183555 0.0924024 -0.154053 0.193297 0.0924024 -0.136105 0.193273
          0.0954024 -0.15404 0.183555 0.0924024 -0.136105 0.193273 0.0954024 -0.136112 0.183498
          0.0924024 -0.117923 0.182804 0.0924024 -0.117923 0.168023 0.0924024 -0.0997409 0.168023
          0.0924024 -0.117923 0.182804 0.0924024 -0.0997409 0.168023 0.0924024 -0.0997409 0.182804
          0.0954024 -0.0997409 0.167984 0.0954024 -0.0997409 0.150102 0.0954024 -0.117923 0.150102
          0.0954024 -0.0997409 0.167984 0.0954024 -0.117923 0.150102 0.0954024 -0.117923 0.167984
          0.0954024 -0.117923 0.183499 0.0954024 -0.117923 0.167984 0.0954024 -0.136115 0.167986
          0.0954024 -0.117923 0.183499 0.0954024 -0.136115 0.167986 0.0954024 -0.136112 0.183498
          0.0924024 -0.0997409 0.168023 0.0924024 -0.0815591 0.168023 0.0924024 -0.0815591 0.182804
          0.0924024 -0.0997409 0.168023 0.0924024 -0.0815591 0.182804 0.0924024 -0.0997409 0.182804
          0.0954024 -0.0815591 0.150102 0.0954024 -0.0997409 0.150102 0.0954024 -0.0997409 0.167984
          0.0954024 -0.0815591 0.150102 0.0954024 -0.0997409 0.167984 0.0954024 -0.0815591 0.167984
          0.0954024 -0.0633773 0.167984 0.0954024 -0.0815591 0.167984 0.0954024 -0.0815591 0.183499
          0.0954024 -0.0633773 0.167984 0.0954024 -0.0815591 0.183499 0.0954024 -0.0633773 0.183499
          0.0924024 -0.0997409 0.193273 0.0924024 -0.117923 0.193273 0.0924024 -0.117923 0.182804
          0.0924024 -0.0997409 0.193273 0.0924024 -0.117923 0.182804 0.0924024 -0.0997409 0.182804
          0.0924024 -0.136105 0.193273 0.0924024 -0.117923 0.193273 0.0954024 -0.117923 0.183499
          0.0924024 -0.136105 0.193273 0.0954024 -0.117923 0.183499 0.0954024 -0.136112 0.183498
          0.0924024 -0.0815591 0.182804 0.0924024 -0.0815591 0.193273 0.0924024 -0.0997409 0.193273
          0.0924024 -0.0815591 0.182804 0.0924024 -0.0997409 0.193273 0.0924024 -0.0997409 0.182804
          0.0954024 -0.0815591 0.183499 0.0924024 -0.0815591 0.193273 0.0924024 -0.0633773 0.193273
          0.0954024 -0.0815591 0.183499 0.0924024 -0.0633773 0.193273 0.0954024 -0.0633773 0.183499
          0.0924024 -0.0451955 0.182804 0.0924024 -0.0451955 0.168023 0.0924024 -0.0270136 0.168023
          0.0924024 -0.0451955 0.182804 0.0924024 -0.0270136 0.168023 0.0924024 -0.0270136 0.182804
          0.0954024 -0.0270136 0.167984 0.0954024 -0.0270136 0.150102 0.0954024 -0.0451955 0.150102
          0.0954024 -0.0270136 0.167984 0.0954024 -0.0451955 0.150102 0.0954024 -0.0451955 0.167984
          0.0954024 -0.0451955 0.183499 0.0954024 -0.0451955 0.167984 0.0954024 -0.0633773 0.167984
          0.0954024 -0.0451955 0.183499 0.0954024 -0.0633773 0.167984 0.0954024 -0.0633773 0.183499
          0.0924024 -0.0270136 0.168023 0.0924024 -0.00883182 0.168023 0.0924024 -0.00883182 0.182804
          0.0924024 -0.0270136 0.168023 0.0924024 -0.00883182 0.182804 0.0924024 -0.0270136 0.182804
          0.0954024 -0.00883182 0.150102 0.0954024 -0.0270136 0.150102 0.0954024 -0.0270136 0.167984
          0.0954024 -0.00883182 0.150102 0.0954024 -0.0270136 0.167984 0.0954024 -0.00883182 0.167984
          0.0954024 0.00935 0.167984 0.0954024 -0.00883182 0.167984 0.0954024 -0.00883182 0.183499
          0.0954024 0.00935 0.167984 0.0954024 -0.00883182 0.183499 0.0954024 0.00935 0.183499
          0.0924024 -0.0270136 0.193273 0.0924024 -0.0451955 0.193273 0.0924024 -0.0451955 0.182804
          0.0924024 -0.0270136 0.193273 0.0924024 -0.0451955 0.182804 0.0924024 -0.0270136 0.182804
          0.0924024 -0.0633773 0.193273 0.0924024 -0.0451955 0.193273 0.0954024 -0.0451955 0.183499
          0.0924024 -0.0633773 0.193273 0.0954024 -0.0451955 0.183499 0.0954024 -0.0633773 0.183499
          0.0924024 -0.00883182 0.182804 0.0924024 -0.00883182 0.193273 0.0924024 -0.0270136 0.193273
          0.0924024 -0.00883182 0.182804 0.0924024 -0.0270136 0.193273 0.0924024 -0.0270136 0.182804
          0.0954024 -0.00883182 0.183499 0.0924024 -0.00883182 0.193273 0.0924024 0.00935 0.193273
          0.0954024 -0.00883182 0.183499 0.0924024 0.00935 0.193273 0.0954024 0.00935 0.183499
          0.0924024 0.0275318 0.182804 0.0924024 0.0275318 0.168023 0.0924024 0.0457136 0.168023
          0.0924024 0.0275318 0.182804 0.0924024 0.0457136 0.168023 0.0924024 0.0457136 0.182804
          0.0954024 0.0457136 0.167984 0.0954024 0.0457136 0.150102 0.0954024 0.0275318 0.150102
          0.0954024 0.0457136 0.167984 0.0954024 0.0275318 0.150102 0.0954024 0.0275318 0.167984
          0.0954024 0.0275318 0.183499 0.0954024 0.0275318 0.167984 0.0954024 0.00935 0.167984
          0.0954024 0.0275318 0.183499 0.0954024 0.00935 0.167984 0.0954024 0.00935 0.183499
          0.0924024 0.0457136 0.168023 0.0924024 0.0638955 0.168023 0.0924024 0.0638955 0.182804
          0.0924024 0.0457136 0.168023 0.0924024 0.0638955 0.182804 0.0924024 0.0457136 0.182804
          0.0954024 0.0638955 0.150102 0.0954024 0.0457136 0.150102 0.0954024 0.0457136 0.167984
          0.0954024 0.0638955 0.150102 0.0954024 0.0457136 0.167984 0.0954024 0.0638955 0.167984
          0.0954024 0.0820773 0.167984 0.0954024 0.0638955 0.167984 0.0954024 0.0638955 0.183499
          0.0954024 0.0820773 0.167984 0.0954024 0.0638955 0.183499 0.0954024 0.0820773 0.183499
          0.0924024 0.0457136 0.193273 0.0924024 0.0275318 0.193273 0.0924024 0.0275318 0.182804
          0.0924024 0.0457136 0.193273 0.0924024 0.0275318 0.182804 0.0924024 0.0457136 0.182804
          0.0924024 0.00935 0.193273 0.0924024 0.0275318 0.193273 0.0954024 0.0275318 0.183499
          0.0924024 0.00935 0.193273 0.0954024 0.0275318 0.183499 0.0954024 0.00935 0.183499
          0.0924024 0.0638955 0.182804 0.0924024 0.0638955 0.193273 0.0924024 0.0457136 0.193273
          0.0924024 0.0638955 0.182804 0.0924024 0.0457136 0.193273 0.0924024 0.0457136 0.182804
          0.0954024 0.0638955 0.183499 0.0924024 0.0638955 0.193273 0.0924024 0.0820773 0.193273
          0.0954024 0.0638955 0.183499 0.0924024 0.0820773 0.193273 0.0954024 0.0820773 0.183499
          0.0924024 0.100259 0.182804 0.0924024 0.100259 0.168023 0.0924024 0.118441 0.168023
          0.0924024 0.100259 0.182804 0.0924024 0.118441 0.168023 0.0924024 0.118441 0.182804
          0.0954024 0.118441 0.167984 0.0954024 0.118441 0.150102 0.0954024 0.100259 0.150102
          0.0954024 0.118441 0.167984 0.0954024 0.100259 0.150102 0.0954024 0.100259 0.167984
          0.0954024 0.100259 0.183499 0.0954024 0.100259 0.167984 0.0954024 0.0820773 0.167984
          0.0954024 0.100259 0.183499 0.0954024 0.0820773 0.167984 0.0954024 0.0820773 0.183499
          0.0924024 0.118441 0.168023 0.0924024 0.136623 0.168023 0.0924024 0.136623 0.182804
          0.0924024 0.118441 0.168023 0.0924024 0.136623 0.182804 0.0924024 0.118441 0.182804
          0.0954024 0.136623 0.150102 0.0954024 0.118441 0.150102 0.0954024 0.118441 0.167984
          0.0954024 0.136623 0.150102 0.0954024 0.118441 0.167984 0.0954024 0.136623 0.167984
          0.0954024 0.154815 0.167986 0.0954024 0.136623 0.167984 0.0954024 0.136623 0.183499
          0.0954024 0.154815 0.167986 0.0954024 0.136623 0.183499 0.0954024 0.154812 0.183498
          0.0924024 0.118441 0.193273 0.0924024 0.100259 0.193273 0.0924024 0.100259 0.182804
          0.0924024 0.118441 0.193273 0.0924024 0.100259 0.182804 0.0924024 0.118441 0.182804
          0.0924024 0.0820773 0.193273 0.0924024 0.100259 0.193273 0.0954024 0.100259 0.183499
          0.0924024 0.0820773 0.193273 0.0954024 0.100259 0.183499 0.0954024 0.0820773 0.183499
          0.0924024 0.136623 0.182804 0.0924024 0.136623 0.193273 0.0924024 0.118441 0.193273
          0.0924024 0.136623 0.182804 0.0924024 0.118441 0.193273 0.0924024 0.118441 0.182804
          0.0954024 0.136623 0.183499 0.0924024 0.136623 0.193273 0.0924024 0.154805 0.193273
          0.0954024 0.136623 0.183499 0.0924024 0.154805 0.193273 0.0954024 0.154812 0.183498
          0.0924024 0.172749 0.182876 0.0924024 0.172736 0.168026 0.0924024 0.187586 0.168039
          0.0924024 0.172749 0.182876 0.0924024 0.187586 0.168039 0.0924024 0.18811 0.1834
          0.0954024 0.188265 0.16803 0.0954024 0.188208 0.150102 0.0954024 0.172696 0.150105
          0.0954024 0.188265 0.16803 0.0954024 0.172696 0.150105 0.0954024 0.172716 0.168006
          0.0954024 0.17274 0.183555 0.0954024 0.172716 0.168006 0.0954024 0.154815 0.167986
          0.0954024 0.17274 0.183555 0.0954024 0.154815 0.167986 0.0954024 0.154812 0.183498
          0.0924024 0.187586 0.168039 0.0924024 0.198007 0.168043 0.0924024 0.198287 0.184337
          0.0924024 0.187586 0.168039 0.0924024 0.198287 0.184337 0.0924024 0.18811 0.1834
          0.0924024 0.197983 0.150095 0.0954024 0.188208 0.150102 0.0954024 0.188265 0.16803
          0.0924024 0.197983 0.150095 0.0954024 0.188265 0.16803 0.0924024 0.198007 0.168043
          0.0924024 0.189047 0.193577 0.0924024 0.172753 0.193297 0.0924024 0.172749 0.182876
          0.0924024 0.189047 0.193577 0.0924024 0.172749 0.182876 0.0924024 0.18811 0.1834
          0.0924024 0.154805 0.193273 0.0924024 0.172753 0.193297 0.0954024 0.17274 0.183555
          0.0924024 0.154805 0.193273 0.0954024 0.17274 0.183555 0.0954024 0.154812 0.183498
          0.0924024 0.198287 0.184337 0.0924024 0.200377 0.195667 0.0924024 0.189047 0.193577
          0.0924024 0.198287 0.184337 0.0924024 0.189047 0.193577 0.0924024 0.18811 0.1834
          0.0924024 -0.170347 -0.184297 0.0924024 -0.16941 -0.17412 0.0924024 -0.179587 -0.175057
          0.0924024 -0.170347 -0.184297 0.0924024 -0.179587 -0.175057 0.0924024 -0.181677 -0.186387
          0.0924024 -0.168886 -0.158759 0.0924024 -0.179307 -0.158763 0.0924024 -0.179587 -0.175057
          0.0924024 -0.168886 -0.158759 0.0924024 -0.179587 -0.175057 0.0924024 -0.16941 -0.17412
          0.0924024 -0.179283 -0.140815 0.0954024 -0.169508 -0.140822 0.0954024 -0.169565 -0.15875
          0.0924024 -0.179283 -0.140815 0.0954024 -0.169565 -0.15875 0.0924024 -0.179307 -0.158763
          0.0924024 -0.168814 -0.122633 0.0924024 -0.168814 -0.104451 0.0924024 -0.179283 -0.104451
          0.0924024 -0.168814 -0.122633 0.0924024 -0.179283 -0.104451 0.0924024 -0.179283 -0.122633
          0.0954024 -0.169509 -0.122633 0.0954024 -0.169508 -0.140822 0.0924024 -0.179283 -0.140815
          0.0954024 -0.169509 -0.122633 0.0924024 -0.179283 -0.140815 0.0924024 -0.179283 -0.122633
          0.0924024 -0.168814 -0.0862691 0.0924024 -0.179283 -0.0862691 0.0924024 -0.179283 -0.104451
          0.0924024 -0.168814 -0.0862691 0.0924024 -0.179283 -0.104451 0.0924024 -0.168814 -0.104451
          0.0924024 -0.179283 -0.0680873 0.0954024 -0.169509 -0.0680873 0.0954024 -0.169509 -0.0862691
          0.0924024 -0.179283 -0.0680873 0.0954024 -0.169509 -0.0862691 0.0924024 -0.179283 -0.0862691
          0.0924024 -0.168814 -0.0499055 0.0924024 -0.168814 -0.0317236 0.0924024 -0.179283 -0.0317236
          0.0924024 -0.168814 -0.0499055 0.0924024 -0.179283 -0.0317236 0.0924024 -0.179283 -0.0499055
          0.0954024 -0.169509 -0.0499055 0.0954024 -0.169509 -0.0680873 0.0924024 -0.179283 -0.0680873
          0.0954024 -0.169509 -0.0499055 0.0924024 -0.179283 -0.0680873 0.0924024 -0.179283 -0.0499055
          0.0924024 -0.168814 -0.0135418 0.0924024 -0.179283 -0.0135418 0.0924024 -0.179283 -0.0317236
          0.0924024 -0.168814 -0.0135418 0.0924024 -0.179283 -0.0317236 0.0924024 -0.168814 -0.0317236
          0.0924024 -0.179283 0.00464 0.0954024 -0.169509 0.00464 0.0954024 -0.169509 -0.0135418
          0.0924024 -0.179283 0.00464 0.0954024 -0.169509 -0.0135418 0.0924024 -0.179283 -0.0135418
          0.0924024 -0.168814 0.0228218 0.0924024 -0.168814 0.0410036 0.0924024 -0.179283 0.0410036
          0.0924024 -0.168814 0.0228218 0.0924024 -0.179283 0.0410036 0.0924024 -0.179283 0.0228218
          0.0954024 -0.169509 0.0228218 0.0954024 -0.169509 0.00464 0.0924024 -0.179283 0.00464
          0.0954024 -0.169509 0.0228218 0.0924024 -0.179283 0.00464 0.0924024 -0.179283 0.0228218
          0.0924024 -0.168814 0.0591855 0.0924024 -0.179283 0.0591855 0.0924024 -0.179283 0.0410036
          0.0924024 -0.168814 0.0591855 0.0924024 -0.179283 0.0410036 0.0924024 -0.168814 0.0410036
          0.0924024 -0.179283 0.0773673 0.0954024 -0.169509 0.0773673 0.0954024 -0.169509 0.0591855
          0.0924024 -0.179283 0.0773673 0.0954024 -0.169509 0.0591855 0.0924024 -0.179283 0.0591855
          0.0924024 -0.168814 0.0955491 0.0924024 -0.168814 0.113731 0.0924024 -0.179283 0.113731
          0.0924024 -0.168814 0.0955491 0.0924024 -0.179283 0.113731 0.0924024 -0.179283 0.0955491
          0.0954024 -0.169509 0.0955491 0.0954024 -0.169509 0.0773673 0.0924024 -0.179283 0.0773673
          0.0954024 -0.169509 0.0955491 0.0924024 -0.179283 0.0773673 0.0924024 -0.179283 0.0955491
          0.0924024 -0.168814 0.131913 0.0924024 -0.179283 0.131913 0.0924024 -0.179283 0.113731
          0.0924024 -0.168814 0.131913 0.0924024 -0.179283 0.113731 0.0924024 -0.168814 0.113731
          0.0924024 -0.179283 0.150095 0.0954024 -0.169508 0.150102 0.0954024 -0.169509 0.131913
          0.0924024 -0.179283 0.150095 0.0954024 -0.169509 0.131913 0.0924024 -0.179283 0.131913
          0.0924024 -0.168886 0.168039 0.0924024 -0.16941 0.1834 0.0924024 -0.179587 0.184337
          0.0924024 -0.168886 0.168039 0.0924024 -0.179587 0.184337 0.0924024 -0.179307 0.168043
          0.0954024 -0.169565 0.16803 0.0954024 -0.169508 0.150102 0.0924024 -0.179283 0.150095
          0.0954024 -0.169565 0.16803 0.0924024 -0.179283 0.150095 0.0924024 -0.179307 0.168043
          0.0924024 -0.170347 0.193577 0.0924024 -0.181677 0.195667 0.0924024 -0.179587 0.184337
          0.0924024 -0.170347 0.193577 0.0924024 -0.179587 0.184337 0.0924024 -0.16941 0.1834
          0.0924024 -0.154033 -0.140815 0.0924024 -0.154036 -0.158746 0.0924024 -0.136105 -0.158743
          0.0924024 -0.154033 -0.140815 0.0924024 -0.136105 -0.158743 0.0924024 -0.136105 -0.140815
          0.0924024 -0.136105 -0.158743 0.0924024 -0.117923 -0.158743 0.0924024 -0.117923 -0.140815
          0.0924024 -0.136105 -0.158743 0.0924024 -0.117923 -0.140815 0.0924024 -0.136105 -0.140815
          0.0924024 -0.0815591 -0.140815 0.0924024 -0.0815591 -0.158743 0.0924024 -0.0633773 -0.158743
          0.0924024 -0.0815591 -0.140815 0.0924024 -0.0633773 -0.158743 0.0924024 -0.0633773 -0.140815
          0.0924024 -0.0633773 -0.158743 0.0924024 -0.0451955 -0.158743 0.0924024 -0.0451955 -0.140815
          0.0924024 -0.0633773 -0.158743 0.0924024 -0.0451955 -0.140815 0.0924024 -0.0633773 -0.140815
          0.0924024 -0.00883182 -0.140815 0.0924024 -0.00883182 -0.158743 0.0924024 0.00935 -0.158743
          0.0924024 -0.00883182 -0.140815 0.0924024 0.00935 -0.158743 0.0924024 0.00935 -0.140815
          0.0924024 0.00935 -0.158743 0.0924024 0.0275318 -0.158743 0.0924024 0.0275318 -0.140815
          0.0924024 0.00935 -0.158743 0.0924024 0.0275318 -0.140815 0.0924024 0.00935 -0.140815
          0.0924024 0.0638955 -0.140815 0.0924024 0.0638955 -0.158743 0.0924024 0.0820773 -0.158743
          0.0924024 0.0638955 -0.140815 0.0924024 0.0820773 -0.158743 0.0924024 0.0820773 -0.140815
          0.0924024 0.0820773 -0.158743 0.0924024 0.100259 -0.158743 0.0924024 0.100259 -0.140815
          0.0924024 0.0820773 -0.158743 0.0924024 0.100259 -0.140815 0.0924024 0.0820773 -0.140815
          0.0924024 0.136623 -0.140815 0.0924024 0.136623 -0.158743 0.0924024 0.154805 -0.158743
          0.0924024 0.136623 -0.140815 0.0924024 0.154805 -0.158743 0.0924024 0.154805 -0.140815
          0.0924024 0.154805 -0.158743 0.0924024 0.172736 -0.158746 0.0924024 0.172733 -0.140815
          0.0924024 0.154805 -0.158743 0.0924024 0.172733 -0.140815 0.0924024 0.154805 -0.140815
          0.0924024 -0.136105 -0.122633 0.0924024 -0.154033 -0.122633 0.0924024 -0.154033 -0.140815
          0.0924024 -0.136105 -0.122633 0.0924024 -0.154033 -0.140815 0.0924024 -0.136105 -0.140815
          0.0924024 -0.154033 -0.0680873 0.0924024 -0.154033 -0.0862691 0.0924024 -0.136105 -0.0862691
          0.0924024 -0.154033 -0.0680873 0.0924024 -0.136105 -0.0862691 0.0924024 -0.136105 -0.0680873
          0.0924024 -0.117923 -0.140815 0.0924024 -0.117923 -0.122633 0.0924024 -0.136105 -0.122633
          0.0924024 -0.117923 -0.140815 0.0924024 -0.136105 -0.122633 0.0924024 -0.136105 -0.140815
          0.0924024 -0.0633773 -0.122633 0.0924024 -0.0815591 -0.122633 0.0924024 -0.0815591 -0.140815
          0.0924024 -0.0633773 -0.122633 0.0924024 -0.0815591 -0.140815 0.0924024 -0.0633773 -0.140815
          0.0924024 -0.136105 -0.0862691 0.0924024 -0.117923 -0.0862691 0.0924024 -0.117923 -0.0680873
          0.0924024 -0.136105 -0.0862691 0.0924024 -0.117923 -0.0680873 0.0924024 -0.136105 -0.0680873
          0.0924024 -0.0815591 -0.0680873 0.0924024 -0.0815591 -0.0862691 0.0924024 -0.0633773 -0.0862691
          0.0924024 -0.0815591 -0.0680873 0.0924024 -0.0633773 -0.0862691 0.0924024 -0.0633773 -0.0680873
          0.0924024 -0.0451955 -0.140815 0.0924024 -0.0451955 -0.122633 0.0924024 -0.0633773 -0.122633
          0.0924024 -0.0451955 -0.140815 0.0924024 -0.0633773 -0.122633 0.0924024 -0.0633773 -0.140815
          0.0924024 0.00935 -0.122633 0.0924024 -0.00883182 -0.122633 0.0924024 -0.00883182 -0.140815
          0.0924024 0.00935 -0.122633 0.0924024 -0.00883182 -0.140815 0.0924024 0.00935 -0.140815
          0.0924024 -0.0633773 -0.0862691 0.0924024 -0.0451955 -0.0862691 0.0924024 -0.0451955 -0.0680873
          0.0924024 -0.0633773 -0.0862691 0.0924024 -0.0451955 -0.0680873 0.0924024 -0.0633773 -0.0680873
          0.0924024 -0.00883182 -0.0680873 0.0924024 -0.00883182 -0.0862691 0.0924024 0.00935 -0.0862691
          0.0924024 -0.00883182 -0.0680873 0.0924024 0.00935 -0.0862691 0.0924024 0.00935 -0.0680873
          0.0924024 0.0275318 -0.140815 0.0924024 0.0275318 -0.122633 0.0924024 0.00935 -0.122633
          0.0924024 0.0275318 -0.140815 0.0924024 0.00935 -0.122633 0.0924024 0.00935 -0.140815
          0.0924024 0.0820773 -0.122633 0.0924024 0.0638955 -0.122633 0.0924024 0.0638955 -0.140815
          0.0924024 0.0820773 -0.122633 0.0924024 0.0638955 -0.140815 0.0924024 0.0820773 -0.140815
          0.0924024 0.00935 -0.0862691 0.0924024 0.0275318 -0.0862691 0.0924024 0.0275318 -0.0680873
          0.0924024 0.00935 -0.0862691 0.0924024 0.0275318 -0.0680873 0.0924024 0.00935 -0.0680873
          0.0924024 0.0638955 -0.0680873 0.0924024 0.0638955 -0.0862691 0.0924024 0.0820773 -0.0862691
          0.0924024 0.0638955 -0.0680873 0.0924024 0.0820773 -0.0862691 0.0924024 0.0820773 -0.0680873
          0.0924024 0.100259 -0.140815 0.0924024 0.100259 -0.122633 0.0924024 0.0820773 -0.122633
          0.0924024 0.100259 -0.140815 0.0924024 0.0820773 -0.122633 0.0924024 0.0820773 -0.140815
          0.0924024 0.154805 -0.122633 0.0924024 0.136623 -0.122633 0.0924024 0.136623 -0.140815
          0.0924024 0.154805 -0.122633 0.0924024 0.136623 -0.140815 0.0924024 0.154805 -0.140815
          0.0924024 0.0820773 -0.0862691 0.0924024 0.100259 -0.0862691 0.0924024 0.100259 -0.0680873
          0.0924024 0.0820773 -0.0862691 0.0924024 0.100259 -0.0680873 0.0924024 0.0820773 -0.0680873
          0.0924024 0.136623 -0.0680873 0.0924024 0.136623 -0.0862691 0.0924024 0.154805 -0.0862691
          0.0924024 0.136623 -0.0680873 0.0924024 0.154805 -0.0862691 0.0924024 0.154805 -0.0680873
          0.0924024 0.172733 -0.140815 0.0924024 0.172733 -0.122633 0.0924024 0.154805 -0.122633
          0.0924024 0.172733 -0.140815 0.0924024 0.154805 -0.122633 0.0924024 0.154805 -0.140815
          0.0924024 0.154805 -0.0862691 0.0924024 0.172733 -0.0862691 0.0924024 0.172733 -0.0680873
          0.0924024 0.154805 -0.0862691 0.0924024 0.172733 -0.0680873 0.0924024 0.154805 -0.0680873
          0.0924024 -0.136105 -0.0499055 0.0924024 -0.154033 -0.0499055 0.0924024 -0.154033 -0.0680873
          0.0924024 -0.136105 -0.0499055 0.0924024 -0.154033 -0.0680873 0.0924024 -0.136105 -0.0680873
          0.0924024 -0.154033 0.00464 0.0924024 -0.154033 -0.0135418 0.0924024 -0.136105 -0.0135418
          0.0924024 -0.154033 0.00464 0.0924024 -0.136105 -0.0135418 0.0924024 -0.136105 0.00464
          0.0924024 -0.117923 -0.0680873 0.0924024 -0.117923 -0.0499055 0.0924024 -0.136105 -0.0499055
          0.0924024 -0.117923 -0.0680873 0.0924024 -0.136105 -0.0499055 0.0924024 -0.136105 -0.0680873
          0.0924024 -0.0633773 -0.0499055 0.0924024 -0.0815591 -0.0499055 0.0924024 -0.0815591 -0.0680873
          0.0924024 -0.0633773 -0.0499055 0.0924024 -0.0815591 -0.0680873 0.0924024 -0.0633773 -0.0680873
          0.0924024 -0.136105 -0.0135418 0.0924024 -0.117923 -0.0135418 0.0924024 -0.117923 0.00464
          0.0924024 -0.136105 -0.0135418 0.0924024 -0.117923 0.00464 0.0924024 -0.136105 0.00464
          0.0924024 -0.0815591 0.00464 0.0924024 -0.0815591 -0.0135418 0.0924024 -0.0633773 -0.0135418
          0.0924024 -0.0815591 0.00464 0.0924024 -0.0633773 -0.0135418 0.0924024 -0.0633773 0.00464
          0.0924024 -0.0451955 -0.0680873 0.0924024 -0.0451955 -0.0499055 0.0924024 -0.0633773 -0.0499055
          0.0924024 -0.0451955 -0.0680873 0.0924024 -0.0633773 -0.0499055 0.0924024 -0.0633773 -0.0680873
          0.0924024 0.00935 -0.0499055 0.0924024 -0.00883182 -0.0499055 0.0924024 -0.00883182 -0.0680873
          0.0924024 0.00935 -0.0499055 0.0924024 -0.00883182 -0.0680873 0.0924024 0.00935 -0.0680873
          0.0924024 -0.0633773 -0.0135418 0.0924024 -0.0451955 -0.0135418 0.0924024 -0.0451955 0.00464
          0.0924024 -0.0633773 -0.0135418 0.0924024 -0.0451955 0.00464 0.0924024 -0.0633773 0.00464
          0.0923976 -0.00883182 0.00464 0.0923963 -0.00883182 -0.0135418 0.0923976 0.00935 -0.0135418
          0.0923976 -0.00883182 0.00464 0.0923976 0.00935 -0.0135418 0.0923978 0.00935 0.00464
          0.0924024 0.0275318 -0.0680873 0.0924024 0.0275318 -0.0499055 0.0924024 0.00935 -0.0499055
          0.0924024 0.0275318 -0.0680873 0.0924024 0.00935 -0.0499055 0.0924024 0.00935 -0.0680873
          0.0924024 0.0820773 -0.0499055 0.0924024 0.0638955 -0.0499055 0.0924024 0.0638955 -0.0680873
          0.0924024 0.0820773 -0.0499055 0.0924024 0.0638955 -0.0680873 0.0924024 0.0820773 -0.0680873
          0.0923976 0.00935 -0.0135418 0.0924016 0.0275318 -0.0135418 0.0924008 0.0275318 0.00464
          0.0923976 0.00935 -0.0135418 0.0924008 0.0275318 0.00464 0.0923978 0.00935 0.00464
          0.0924024 0.0638955 0.00464 0.0924024 0.0638955 -0.0135418 0.0924024 0.0820773 -0.0135418
          0.0924024 0.0638955 0.00464 0.0924024 0.0820773 -0.0135418 0.0924024 0.0820773 0.00464
          0.0924024 0.100259 -0.0680873 0.0924024 0.100259 -0.0499055 0.0924024 0.0820773 -0.0499055
          0.0924024 0.100259 -0.0680873 0.0924024 0.0820773 -0.0499055 0.0924024 0.0820773 -0.0680873
          0.0924024 0.154805 -0.0499055 0.0924024 0.136623 -0.0499055 0.0924024 0.136623 -0.0680873
          0.0924024 0.154805 -0.0499055 0.0924024 0.136623 -0.0680873 0.0924024 0.154805 -0.0680873
          0.0924024 0.0820773 -0.0135418 0.0924024 0.100259 -0.0135418 0.0924024 0.100259 0.00464
          0.0924024 0.0820773 -0.0135418 0.0924024 0.100259 0.00464 0.0924024 0.0820773 0.00464
          0.0924024 0.136623 0.00464 0.0924024 0.136623 -0.0135418 0.0924024 0.154805 -0.0135418
          0.0924024 0.136623 0.00464 0.0924024 0.154805 -0.0135418 0.0924024 0.154805 0.00464
          0.0924024 0.172733 -0.0680873 0.0924024 0.172733 -0.0499055 0.0924024 0.154805 -0.0499055
          0.0924024 0.172733 -0.0680873 0.0924024 0.154805 -0.0499055 0.0924024 0.154805 -0.0680873
          0.0924024 0.154805 -0.0135418 0.0924024 0.172733 -0.0135418 0.0924024 0.172733 0.00464
          0.0924024 0.154805 -0.0135418 0.0924024 0.172733 0.00464 0.0924024 0.154805 0.00464
          0.0924024 -0.136105 0.0228218 0.0924024 -0.154033 0.0228218 0.0924024 -0.154033 0.00464
          0.0924024 -0.136105 0.0228218 0.0924024 -0.154033 0.00464 0.0924024 -0.136105 0.00464
          0.0924024 -0.154033 0.0773673 0.0924024 -0.154033 0.0591855 0.0924024 -0.136105 0.0591855
          0.0924024 -0.154033 0.0773673 0.0924024 -0.136105 0.0591855 0.0924024 -0.136105 0.0773673
          0.0924024 -0.117923 0.00464 0.0924024 -0.117923 0.0228218 0.0924024 -0.136105 0.0228218
          0.0924024 -0.117923 0.00464 0.0924024 -0.136105 0.0228218 0.0924024 -0.136105 0.00464
          0.0924024 -0.0633773 0.0228218 0.0924024 -0.0815591 0.0228218 0.0924024 -0.0815591 0.00464
          0.0924024 -0.0633773 0.0228218 0.0924024 -0.0815591 0.00464 0.0924024 -0.0633773 0.00464
          0.0924024 -0.136105 0.0591855 0.0924024 -0.117923 0.0591855 0.0924024 -0.117923 0.0773673
          0.0924024 -0.136105 0.0591855 0.0924024 -0.117923 0.0773673 0.0924024 -0.136105 0.0773673
          0.0924024 -0.0815591 0.0773673 0.0924024 -0.0815591 0.0591855 0.0924024 -0.0633773 0.0591855
          0.0924024 -0.0815591 0.0773673 0.0924024 -0.0633773 0.0591855 0.0924024 -0.0633773 0.0773673
          0.0924024 -0.0451955 0.00464 0.0924024 -0.0451955 0.0228218 0.0924024 -0.0633773 0.0228218
          0.0924024 -0.0451955 0.00464 0.0924024 -0.0633773 0.0228218 0.0924024 -0.0633773 0.00464
          0.0924009 0.00935 0.0228218 0.0924017 -0.00883182 0.0228218 0.0923976 -0.00883182 0.00464
          0.0924009 0.00935 0.0228218 0.0923976 -0.00883182 0.00464 0.0923978 0.00935 0.00464
          0.0924024 -0.0633773 0.0591855 0.0924024 -0.0451955 0.0591855 0.0924024 -0.0451955 0.0773673
          0.0924024 -0.0633773 0.0591855 0.0924024 -0.0451955 0.0773673 0.0924024 -0.0633773 0.0773673
          0.0924024 -0.00883182 0.0773673 0.0924024 -0.00883182 0.0591855 0.0924024 0.00935 0.0591855
          0.0924024 -0.00883182 0.0773673 0.0924024 0.00935 0.0591855 0.0924024 0.00935 0.0773673
          0.0924008 0.0275318 0.00464 0.092402 0.0275318 0.0228218 0.0924009 0.00935 0.0228218
          0.0924008 0.0275318 0.00464 0.0924009 0.00935 0.0228218 0.0923978 0.00935 0.00464
          0.0924024 0.0820773 0.0228218 0.0924024 0.0638955 0.0228218 0.0924024 0.0638955 0.00464
          0.0924024 0.0820773 0.0228218 0.0924024 0.0638955 0.00464 0.0924024 0.0820773 0.00464
          0.0924024 0.00935 0.0591855 0.0924024 0.0275318 0.0591855 0.0924024 0.0275318 0.0773673
          0.0924024 0.00935 0.0591855 0.0924024 0.0275318 0.0773673 0.0924024 0.00935 0.0773673
          0.0924024 0.0638955 0.0773673 0.0924024 0.0638955 0.0591855 0.0924024 0.0820773 0.0591855
          0.0924024 0.0638955 0.0773673 0.0924024 0.0820773 0.0591855 0.0924024 0.0820773 0.0773673
          0.0924024 0.100259 0.00464 0.0924024 0.100259 0.0228218 0.0924024 0.0820773 0.0228218
          0.0924024 0.100259 0.00464 0.0924024 0.0820773 0.0228218 0.0924024 0.0820773 0.00464
          0.0924024 0.154805 0.0228218 0.0924024 0.136623 0.0228218 0.0924024 0.136623 0.00464
          0.0924024 0.154805 0.0228218 0.0924024 0.136623 0.00464 0.0924024 0.154805 0.00464
          0.0924024 0.0820773 0.0591855 0.0924024 0.100259 0.0591855 0.0924024 0.100259 0.0773673
          0.0924024 0.0820773 0.0591855 0.0924024 0.100259 0.0773673 0.0924024 0.0820773 0.0773673
          0.0924024 0.136623 0.0773673 0.0924024 0.136623 0.0591855 0.0924024 0.154805 0.0591855
          0.0924024 0.136623 0.0773673 0.0924024 0.154805 0.0591855 0.0924024 0.154805 0.0773673
          0.0924024 0.172733 0.00464 0.0924024 0.172733 0.0228218 0.0924024 0.154805 0.0228218
          0.0924024 0.172733 0.00464 0.0924024 0.154805 0.0228218 0.0924024 0.154805 0.00464
          0.0924024 0.154805 0.0591855 0.0924024 0.172733 0.0591855 0.0924024 0.172733 0.0773673
          0.0924024 0.154805 0.0591855 0.0924024 0.172733 0.0773673 0.0924024 0.154805 0.0773673
          0.0924024 -0.136105 0.0955491 0.0924024 -0.154033 0.0955491 0.0924024 -0.154033 0.0773673
          0.0924024 -0.136105 0.0955491 0.0924024 -0.154033 0.0773673 0.0924024 -0.136105 0.0773673
          0.0924024 -0.154033 0.150095 0.0924024 -0.154033 0.131913 0.0924024 -0.136105 0.131913
          0.0924024 -0.154033 0.150095 0.0924024 -0.136105 0.131913 0.0924024 -0.136105 0.150095
          0.0924024 -0.117923 0.0773673 0.0924024 -0.117923 0.0955491 0.0924024 -0.136105 0.0955491
          0.0924024 -0.117923 0.0773673 0.0924024 -0.136105 0.0955491 0.0924024 -0.136105 0.0773673
          0.0924024 -0.0633773 0.0955491 0.0924024 -0.0815591 0.0955491 0.0924024 -0.0815591 0.0773673
          0.0924024 -0.0633773 0.0955491 0.0924024 -0.0815591 0.0773673 0.0924024 -0.0633773 0.0773673
          0.0924024 -0.136105 0.131913 0.0924024 -0.117923 0.131913 0.0924024 -0.117923 0.150095
          0.0924024 -0.136105 0.131913 0.0924024 -0.117923 0.150095 0.0924024 -0.136105 0.150095
          0.0924024 -0.0815591 0.150095 0.0924024 -0.0815591 0.131913 0.0924024 -0.0633773 0.131913
          0.0924024 -0.0815591 0.150095 0.0924024 -0.0633773 0.131913 0.0924024 -0.0633773 0.150095
          0.0924024 -0.0451955 0.0773673 0.0924024 -0.0451955 0.0955491 0.0924024 -0.0633773 0.0955491
          0.0924024 -0.0451955 0.0773673 0.0924024 -0.0633773 0.0955491 0.0924024 -0.0633773 0.0773673
          0.0924024 0.00935 0.0955491 0.0924024 -0.00883182 0.0955491 0.0924024 -0.00883182 0.0773673
          0.0924024 0.00935 0.0955491 0.0924024 -0.00883182 0.0773673 0.0924024 0.00935 0.0773673
          0.0924024 -0.0633773 0.131913 0.0924024 -0.0451955 0.131913 0.0924024 -0.0451955 0.150095
          0.0924024 -0.0633773 0.131913 0.0924024 -0.0451955 0.150095 0.0924024 -0.0633773 0.150095
          0.0924024 -0.00883182 0.150095 0.0924024 -0.00883182 0.131913 0.0924024 0.00935 0.131913
          0.0924024 -0.00883182 0.150095 0.0924024 0.00935 0.131913 0.0924024 0.00935 0.150095
          0.0924024 0.0275318 0.0773673 0.0924024 0.0275318 0.0955491 0.0924024 0.00935 0.0955491
          0.0924024 0.0275318 0.0773673 0.0924024 0.00935 0.0955491 0.0924024 0.00935 0.0773673
          0.0924024 0.0820773 0.0955491 0.0924024 0.0638955 0.0955491 0.0924024 0.0638955 0.0773673
          0.0924024 0.0820773 0.0955491 0.0924024 0.0638955 0.0773673 0.0924024 0.0820773 0.0773673
          0.0924024 0.00935 0.131913 0.0924024 0.0275318 0.131913 0.0924024 0.0275318 0.150095
          0.0924024 0.00935 0.131913 0.0924024 0.0275318 0.150095 0.0924024 0.00935 0.150095
          0.0924024 0.0638955 0.150095 0.0924024 0.0638955 0.131913 0.0924024 0.0820773 0.131913
          0.0924024 0.0638955 0.150095 0.0924024 0.0820773 0.131913 0.0924024 0.0820773 0.150095
          0.0924024 0.100259 0.0773673 0.0924024 0.100259 0.0955491 0.0924024 0.0820773 0.0955491
          0.0924024 0.100259 0.0773673 0.0924024 0.0820773 0.0955491 0.0924024 0.0820773 0.0773673
          0.0924024 0.154805 0.0955491 0.0924024 0.136623 0.0955491 0.0924024 0.136623 0.0773673
          0.0924024 0.154805 0.0955491 0.0924024 0.136623 0.0773673 0.0924024 0.154805 0.0773673
          0.0924024 0.0820773 0.131913 0.0924024 0.100259 0.131913 0.0924024 0.100259 0.150095
          0.0924024 0.0820773 0.131913 0.0924024 0.100259 0.150095 0.0924024 0.0820773 0.150095
          0.0924024 0.136623 0.150095 0.0924024 0.136623 0.131913 0.0924024 0.154805 0.131913
          0.0924024 0.136623 0.150095 0.0924024 0.154805 0.131913 0.0924024 0.154805 0.150095
          0.0924024 0.172733 0.0773673 0.0924024 0.172733 0.0955491 0.0924024 0.154805 0.0955491
          0.0924024 0.172733 0.0773673 0.0924024 0.154805 0.0955491 0.0924024 0.154805 0.0773673
          0.0924024 0.154805 0.131913 0.0924024 0.172733 0.131913 0.0924024 0.172733 0.150095
          0.0924024 0.154805 0.131913 0.0924024 0.172733 0.150095 0.0924024 0.154805 0.150095
          0.0924024 -0.136105 0.168023 0.0924024 -0.154036 0.168026 0.0924024 -0.154033 0.150095
          0.0924024 -0.136105 0.168023 0.0924024 -0.154033 0.150095 0.0924024 -0.136105 0.150095
          0.0924024 -0.117923 0.150095 0.0924024 -0.117923 0.168023 0.0924024 -0.136105 0.168023
          0.0924024 -0.117923 0.150095 0.0924024 -0.136105 0.168023 0.0924024 -0.136105 0.150095
          0.0924024 -0.0633773 0.168023 0.0924024 -0.0815591 0.168023 0.0924024 -0.0815591 0.150095
          0.0924024 -0.0633773 0.168023 0.0924024 -0.0815591 0.150095 0.0924024 -0.0633773 0.150095
          0.0924024 -0.0451955 0.150095 0.0924024 -0.0451955 0.168023 0.0924024 -0.0633773 0.168023
          0.0924024 -0.0451955 0.150095 0.0924024 -0.0633773 0.168023 0.0924024 -0.0633773 0.150095
          0.0924024 0.00935 0.168023 0.0924024 -0.00883182 0.168023 0.0924024 -0.00883182 0.150095
          0.0924024 0.00935 0.168023 0.0924024 -0.00883182 0.150095 0.0924024 0.00935 0.150095
          0.0924024 0.0275318 0.150095 0.0924024 0.0275318 0.168023 0.0924024 0.00935 0.168023
          0.0924024 0.0275318 0.150095 0.0924024 0.00935 0.168023 0.0924024 0.00935 0.150095
          0.0924024 0.0820773 0.168023 0.0924024 0.0638955 0.168023 0.0924024 0.0638955 0.150095
          0.0924024 0.0820773 0.168023 0.0924024 0.0638955 0.150095 0.0924024 0.0820773 0.150095
          0.0924024 0.100259 0.150095 0.0924024 0.100259 0.168023 0.0924024 0.0820773 0.168023
          0.0924024 0.100259 0.150095 0.0924024 0.0820773 0.168023 0.0924024 0.0820773 0.150095
          0.0924024 0.154805 0.168023 0.0924024 0.136623 0.168023 0.0924024 0.136623 0.150095
          0.0924024 0.154805 0.168023 0.0924024 0.136623 0.150095 0.0924024 0.154805 0.150095
          0.0924024 0.172733 0.150095 0.0924024 0.172736 0.168026 0.0924024 0.154805 0.168023
          0.0924024 0.172733 0.150095 0.0924024 0.154805 0.168023 0.0924024 0.154805 0.150095
          0.0924024 -0.170347 -0.184297 0.0954024 -0.169947 -0.174656 0.0954024 -0.15404 -0.174275
          0.0924024 -0.170347 -0.184297 0.0954024 -0.15404 -0.174275 0.0924024 -0.154053 -0.184017
          0.0924024 -0.136105 -0.183993 0.0924024 -0.136126 -0.173522 0.0924024 -0.154049 -0.173596
          0.0924024 -0.136105 -0.183993 0.0924024 -0.154049 -0.173596 0.0924024 -0.154053 -0.184017
          0.0954024 -0.15404 -0.174275 0.0954024 -0.169947 -0.174656 0.0954024 -0.169565 -0.15875
          0.0954024 -0.15404 -0.174275 0.0954024 -0.169565 -0.15875 0.0954024 -0.154016 -0.158726
          0.0924024 -0.154049 -0.173596 0.0924024 -0.136126 -0.173522 0.0924024 -0.136105 -0.158743
          0.0924024 -0.154049 -0.173596 0.0924024 -0.136105 -0.158743 0.0924024 -0.154036 -0.158746
          0.0924024 -0.154033 -0.140815 0.0924024 -0.168812 -0.140836 0.0924024 -0.168886 -0.158759
          0.0924024 -0.154033 -0.140815 0.0924024 -0.168886 -0.158759 0.0924024 -0.154036 -0.158746
          0.0954024 -0.117923 -0.174219 0.0954024 -0.0997409 -0.174219 0.0924024 -0.0997409 -0.183993
          0.0954024 -0.117923 -0.174219 0.0924024 -0.0997409 -0.183993 0.0924024 -0.117923 -0.183993
          0.0924024 -0.117923 -0.173524 0.0924024 -0.136126 -0.173522 0.0924024 -0.136105 -0.183993
          0.0924024 -0.117923 -0.173524 0.0924024 -0.136105 -0.183993 0.0924024 -0.117923 -0.183993
          0.0924024 -0.0997409 -0.183993 0.0954024 -0.0997409 -0.174219 0.0954024 -0.0815591 -0.174219
          0.0924024 -0.0997409 -0.183993 0.0954024 -0.0815591 -0.174219 0.0924024 -0.0815591 -0.183993
          0.0924024 -0.0633773 -0.183993 0.0924024 -0.0633773 -0.173524 0.0924024 -0.0815591 -0.173524
          0.0924024 -0.0633773 -0.183993 0.0924024 -0.0815591 -0.173524 0.0924024 -0.0815591 -0.183993
          0.0954024 -0.0997409 -0.158704 0.0954024 -0.0997409 -0.174219 0.0954024 -0.117923 -0.174219
          0.0954024 -0.0997409 -0.158704 0.0954024 -0.117923 -0.174219 0.0954024 -0.117923 -0.158704
          0.0924024 -0.136105 -0.158743 0.0924024 -0.136126 -0.173522 0.0924024 -0.117923 -0.173524
          0.0924024 -0.136105 -0.158743 0.0924024 -0.117923 -0.173524 0.0924024 -0.117923 -0.158743
          0.0924024 -0.117923 -0.140815 0.0924024 -0.117923 -0.158743 0.0924024 -0.0997409 -0.158743
          0.0924024 -0.117923 -0.140815 0.0924024 -0.0997409 -0.158743 0.0924024 -0.0997409 -0.140815
          0.0954024 -0.0815591 -0.174219 0.0954024 -0.0997409 -0.174219 0.0954024 -0.0997409 -0.158704
          0.0954024 -0.0815591 -0.174219 0.0954024 -0.0997409 -0.158704 0.0954024 -0.0815591 -0.158704
          0.0924024 -0.0815591 -0.173524 0.0924024 -0.0633773 -0.173524 0.0924024 -0.0633773 -0.158743
          0.0924024 -0.0815591 -0.173524 0.0924024 -0.0633773 -0.158743 0.0924024 -0.0815591 -0.158743
          0.0924024 -0.0815591 -0.140815 0.0924024 -0.0997409 -0.140815 0.0924024 -0.0997409 -0.158743
          0.0924024 -0.0815591 -0.140815 0.0924024 -0.0997409 -0.158743 0.0924024 -0.0815591 -0.158743
          0.0954024 -0.0451955 -0.174219 0.0954024 -0.0270136 -0.174219 0.0924024 -0.0270136 -0.183993
          0.0954024 -0.0451955 -0.174219 0.0924024 -0.0270136 -0.183993 0.0924024 -0.0451955 -0.183993
          0.0924024 -0.0451955 -0.173524 0.0924024 -0.0633773 -0.173524 0.0924024 -0.0633773 -0.183993
          0.0924024 -0.0451955 -0.173524 0.0924024 -0.0633773 -0.183993 0.0924024 -0.0451955 -0.183993
          0.0924024 -0.0270136 -0.183993 0.0954024 -0.0270136 -0.174219 0.0954024 -0.00883182 -0.174219
          0.0924024 -0.0270136 -0.183993 0.0954024 -0.00883182 -0.174219 0.0924024 -0.00883182 -0.183993
          0.0924024 0.00935 -0.183993 0.0924024 0.00935 -0.173524 0.0924024 -0.00883182 -0.173524
          0.0924024 0.00935 -0.183993 0.0924024 -0.00883182 -0.173524 0.0924024 -0.00883182 -0.183993
          0.0954024 -0.0270136 -0.158704 0.0954024 -0.0270136 -0.174219 0.0954024 -0.0451955 -0.174219
          0.0954024 -0.0270136 -0.158704 0.0954024 -0.0451955 -0.174219 0.0954024 -0.0451955 -0.158704
          0.0924024 -0.0633773 -0.158743 0.0924024 -0.0633773 -0.173524 0.0924024 -0.0451955 -0.173524
          0.0924024 -0.0633773 -0.158743 0.0924024 -0.0451955 -0.173524 0.0924024 -0.0451955 -0.158743
          0.0924024 -0.0451955 -0.140815 0.0924024 -0.0451955 -0.158743 0.0924024 -0.0270136 -0.158743
          0.0924024 -0.0451955 -0.140815 0.0924024 -0.0270136 -0.158743 0.0924024 -0.0270136 -0.140815
          0.0954024 -0.00883182 -0.174219 0.0954024 -0.0270136 -0.174219 0.0954024 -0.0270136 -0.158704
          0.0954024 -0.00883182 -0.174219 0.0954024 -0.0270136 -0.158704 0.0954024 -0.00883182 -0.158704
          0.0924024 -0.00883182 -0.173524 0.0924024 0.00935 -0.173524 0.0924024 0.00935 -0.158743
          0.0924024 -0.00883182 -0.173524 0.0924024 0.00935 -0.158743 0.0924024 -0.00883182 -0.158743
          0.0924024 -0.00883182 -0.140815 0.0924024 -0.0270136 -0.140815 0.0924024 -0.0270136 -0.158743
          0.0924024 -0.00883182 -0.140815 0.0924024 -0.0270136 -0.158743 0.0924024 -0.00883182 -0.158743
          0.0954024 0.0275318 -0.174219 0.0954024 0.0457136 -0.174219 0.0924024 0.0457136 -0.183993
          0.0954024 0.0275318 -0.174219 0.0924024 0.0457136 -0.183993 0.0924024 0.0275318 -0.183993
          0.0924024 0.0275318 -0.173524 0.0924024 0.00935 -0.173524 0.0924024 0.00935 -0.183993
          0.0924024 0.0275318 -0.173524 0.0924024 0.00935 -0.183993 0.0924024 0.0275318 -0.183993
          0.0924024 0.0457136 -0.183993 0.0954024 0.0457136 -0.174219 0.0954024 0.0638955 -0.174219
          0.0924024 0.0457136 -0.183993 0.0954024 0.0638955 -0.174219 0.0924024 0.0638955 -0.183993
          0.0924024 0.0820773 -0.183993 0.0924024 0.0820773 -0.173524 0.0924024 0.0638955 -0.173524
          0.0924024 0.0820773 -0.183993 0.0924024 0.0638955 -0.173524 0.0924024 0.0638955 -0.183993
          0.0954024 0.0457136 -0.158704 0.0954024 0.0457136 -0.174219 0.0954024 0.0275318 -0.174219
          0.0954024 0.0457136 -0.158704 0.0954024 0.0275318 -0.174219 0.0954024 0.0275318 -0.158704
          0.0924024 0.00935 -0.158743 0.0924024 0.00935 -0.173524 0.0924024 0.0275318 -0.173524
          0.0924024 0.00935 -0.158743 0.0924024 0.0275318 -0.173524 0.0924024 0.0275318 -0.158743
          0.0924024 0.0275318 -0.140815 0.0924024 0.0275318 -0.158743 0.0924024 0.0457136 -0.158743
          0.0924024 0.0275318 -0.140815 0.0924024 0.0457136 -0.158743 0.0924024 0.0457136 -0.140815
          0.0954024 0.0638955 -0.174219 0.0954024 0.0457136 -0.174219 0.0954024 0.0457136 -0.158704
          0.0954024 0.0638955 -0.174219 0.0954024 0.0457136 -0.158704 0.0954024 0.0638955 -0.158704
          0.0924024 0.0638955 -0.173524 0.0924024 0.0820773 -0.173524 0.0924024 0.0820773 -0.158743
          0.0924024 0.0638955 -0.173524 0.0924024 0.0820773 -0.158743 0.0924024 0.0638955 -0.158743
          0.0924024 0.0638955 -0.140815 0.0924024 0.0457136 -0.140815 0.0924024 0.0457136 -0.158743
          0.0924024 0.0638955 -0.140815 0.0924024 0.0457136 -0.158743 0.0924024 0.0638955 -0.158743
          0.0954024 0.100259 -0.174219 0.0954024 0.118441 -0.174219 0.0924024 0.118441 -0.183993
          0.0954024 0.100259 -0.174219 0.0924024 0.118441 -0.183993 0.0924024 0.100259 -0.183993
          0.0924024 0.100259 -0.173524 0.0924024 0.0820773 -0.173524 0.0924024 0.0820773 -0.183993
          0.0924024 0.100259 -0.173524 0.0924024 0.0820773 -0.183993 0.0924024 0.100259 -0.183993
          0.0924024 0.118441 -0.183993 0.0954024 0.118441 -0.174219 0.0954024 0.136623 -0.174219
          0.0924024 0.118441 -0.183993 0.0954024 0.136623 -0.174219 0.0924024 0.136623 -0.183993
          0.0924024 0.154805 -0.183993 0.0924024 0.154826 -0.173522 0.0924024 0.136623 -0.173524
          0.0924024 0.154805 -0.183993 0.0924024 0.136623 -0.173524 0.0924024 0.136623 -0.183993
          0.0954024 0.118441 -0.158704 0.0954024 0.118441 -0.174219 0.0954024 0.100259 -0.174219
          0.0954024 0.118441 -0.158704 0.0954024 0.100259 -0.174219 0.0954024 0.100259 -0.158704
          0.0924024 0.0820773 -0.158743 0.0924024 0.0820773 -0.173524 0.0924024 0.100259 -0.173524
          0.0924024 0.0820773 -0.158743 0.0924024 0.100259 -0.173524 0.0924024 0.100259 -0.158743
          0.0924024 0.100259 -0.140815 0.0924024 0.100259 -0.158743 0.0924024 0.118441 -0.158743
          0.0924024 0.100259 -0.140815 0.0924024 0.118441 -0.158743 0.0924024 0.118441 -0.140815
          0.0954024 0.136623 -0.174219 0.0954024 0.118441 -0.174219 0.0954024 0.118441 -0.158704
          0.0954024 0.136623 -0.174219 0.0954024 0.118441 -0.158704 0.0954024 0.136623 -0.158704
          0.0924024 0.136623 -0.173524 0.0924024 0.154826 -0.173522 0.0924024 0.154805 -0.158743
          0.0924024 0.136623 -0.173524 0.0924024 0.154805 -0.158743 0.0924024 0.136623 -0.158743
          0.0924024 0.136623 -0.140815 0.0924024 0.118441 -0.140815 0.0924024 0.118441 -0.158743
          0.0924024 0.136623 -0.140815 0.0924024 0.118441 -0.158743 0.0924024 0.136623 -0.158743
          0.0954024 0.17274 -0.174275 0.0954024 0.188646 -0.174656 0.0924024 0.189047 -0.184297
          0.0954024 0.17274 -0.174275 0.0924024 0.189047 -0.184297 0.0924024 0.172753 -0.184017
          0.0924024 0.172749 -0.173596 0.0924024 0.154826 -0.173522 0.0924024 0.154805 -0.183993
          0.0924024 0.172749 -0.173596 0.0924024 0.154805 -0.183993 0.0924024 0.172753 -0.184017
          0.0924024 0.189047 -0.184297 0.0954024 0.188646 -0.174656 0.0924024 0.198287 -0.175057
          0.0924024 0.189047 -0.184297 0.0924024 0.198287 -0.175057 0.0924024 0.200377 -0.186387
          0.0954024 0.188265 -0.15875 0.0954024 0.188646 -0.174656 0.0954024 0.17274 -0.174275
          0.0954024 0.188265 -0.15875 0.0954024 0.17274 -0.174275 0.0954024 0.172716 -0.158726
          0.0924024 0.154805 -0.158743 0.0924024 0.154826 -0.173522 0.0924024 0.172749 -0.173596
          0.0924024 0.154805 -0.158743 0.0924024 0.172749 -0.173596 0.0924024 0.172736 -0.158746
          0.0924024 0.172733 -0.140815 0.0924024 0.172736 -0.158746 0.0924024 0.187586 -0.158759
          0.0924024 0.172733 -0.140815 0.0924024 0.187586 -0.158759 0.0924024 0.187512 -0.140836
          0.0924024 0.198287 -0.175057 0.0954024 0.188646 -0.174656 0.0954024 0.188265 -0.15875
          0.0924024 0.198287 -0.175057 0.0954024 0.188265 -0.15875 0.0924024 0.198007 -0.158763
          0.0924024 0.197983 -0.140815 0.0924024 0.187512 -0.140836 0.0924024 0.187586 -0.158759
          0.0924024 0.197983 -0.140815 0.0924024 0.187586 -0.158759 0.0924024 0.198007 -0.158763
          0.0954024 -0.169509 -0.122633 0.0954024 -0.169509 -0.104451 0.0954024 -0.153994 -0.104451
          0.0954024 -0.169509 -0.122633 0.0954024 -0.153994 -0.104451 0.0954024 -0.153994 -0.122633
          0.0924024 -0.154033 -0.140815 0.0924024 -0.154033 -0.122633 0.0924024 -0.168814 -0.122633
          0.0924024 -0.154033 -0.140815 0.0924024 -0.168814 -0.122633 0.0924024 -0.168812 -0.140836
          0.0924024 -0.136105 -0.122633 0.0924024 -0.136105 -0.104451 0.0924024 -0.154033 -0.104451
          0.0924024 -0.136105 -0.122633 0.0924024 -0.154033 -0.104451 0.0924024 -0.154033 -0.122633
          0.0954024 -0.153994 -0.104451 0.0954024 -0.169509 -0.104451 0.0954024 -0.169509 -0.0862691
          0.0954024 -0.153994 -0.104451 0.0954024 -0.169509 -0.0862691 0.0954024 -0.153994 -0.0862691
          0.0924024 -0.154033 -0.104451 0.0924024 -0.136105 -0.104451 0.0924024 -0.136105 -0.0862691
          0.0924024 -0.154033 -0.104451 0.0924024 -0.136105 -0.0862691 0.0924024 -0.154033 -0.0862691
          0.0924024 -0.154033 -0.0680873 0.0924024 -0.168814 -0.0680873 0.0924024 -0.168814 -0.0862691
          0.0924024 -0.154033 -0.0680873 0.0924024 -0.168814 -0.0862691 0.0924024 -0.154033 -0.0862691
          0.0954024 -0.117923 -0.104451 0.0954024 -0.0997409 -0.104451 0.0954024 -0.0997409 -0.122633
          0.0954024 -0.117923 -0.104451 0.0954024 -0.0997409 -0.122633 0.0954024 -0.117923 -0.122633
          0.0924024 -0.0997409 -0.122633 0.0924024 -0.117923 -0.122633 0.0924024 -0.117923 -0.140815
          0.0924024 -0.0997409 -0.122633 0.0924024 -0.117923 -0.140815 0.0924024 -0.0997409 -0.140815
          0.0924024 -0.117923 -0.104451 0.0924024 -0.136105 -0.104451 0.0924024 -0.136105 -0.122633
          0.0924024 -0.117923 -0.104451 0.0924024 -0.136105 -0.122633 0.0924024 -0.117923 -0.122633
          0.0954024 -0.0997409 -0.122633 0.0954024 -0.0997409 -0.104451 0.0954024 -0.0815591 -0.104451
          0.0954024 -0.0997409 -0.122633 0.0954024 -0.0815591 -0.104451 0.0954024 -0.0815591 -0.122633
          0.0924024 -0.0815591 -0.140815 0.0924024 -0.0815591 -0.122633 0.0924024 -0.0997409 -0.122633
          0.0924024 -0.0815591 -0.140815 0.0924024 -0.0997409 -0.122633 0.0924024 -0.0997409 -0.140815
          0.0924024 -0.0633773 -0.122633 0.0924024 -0.0633773 -0.104451 0.0924024 -0.0815591 -0.104451
          0.0924024 -0.0633773 -0.122633 0.0924024 -0.0815591 -0.104451 0.0924024 -0.0815591 -0.122633
          0.0954024 -0.0997409 -0.0862691 0.0954024 -0.0997409 -0.104451 0.0954024 -0.117923 -0.104451
          0.0954024 -0.0997409 -0.0862691 0.0954024 -0.117923 -0.104451 0.0954024 -0.117923 -0.0862691
          0.0924024 -0.136105 -0.0862691 0.0924024 -0.136105 -0.104451 0.0924024 -0.117923 -0.104451
          0.0924024 -0.136105 -0.0862691 0.0924024 -0.117923 -0.104451 0.0924024 -0.117923 -0.0862691
          0.0924024 -0.117923 -0.0680873 0.0924024 -0.117923 -0.0862691 0.0924024 -0.0997409 -0.0862691
          0.0924024 -0.117923 -0.0680873 0.0924024 -0.0997409 -0.0862691 0.0924024 -0.0997409 -0.0680873
          0.0954024 -0.0815591 -0.104451 0.0954024 -0.0997409 -0.104451 0.0954024 -0.0997409 -0.0862691
          0.0954024 -0.0815591 -0.104451 0.0954024 -0.0997409 -0.0862691 0.0954024 -0.0815591 -0.0862691
          0.0924024 -0.0815591 -0.104451 0.0924024 -0.0633773 -0.104451 0.0924024 -0.0633773 -0.0862691
          0.0924024 -0.0815591 -0.104451 0.0924024 -0.0633773 -0.0862691 0.0924024 -0.0815591 -0.0862691
          0.0924024 -0.0815591 -0.0680873 0.0924024 -0.0997409 -0.0680873 0.0924024 -0.0997409 -0.0862691
          0.0924024 -0.0815591 -0.0680873 0.0924024 -0.0997409 -0.0862691 0.0924024 -0.0815591 -0.0862691
          0.0954024 -0.0451955 -0.104451 0.0954024 -0.0270136 -0.104451 0.0954024 -0.0270136 -0.122633
          0.0954024 -0.0451955 -0.104451 0.0954024 -0.0270136 -0.122633 0.0954024 -0.0451955 -0.122633
          0.0924024 -0.0270136 -0.122633 0.0924024 -0.0451955 -0.122633 0.0924024 -0.0451955 -0.140815
          0.0924024 -0.0270136 -0.122633 0.0924024 -0.0451955 -0.140815 0.0924024 -0.0270136 -0.140815
          0.0924024 -0.0451955 -0.104451 0.0924024 -0.0633773 -0.104451 0.0924024 -0.0633773 -0.122633
          0.0924024 -0.0451955 -0.104451 0.0924024 -0.0633773 -0.122633 0.0924024 -0.0451955 -0.122633
          0.0954024 -0.0270136 -0.122633 0.0954024 -0.0270136 -0.104451 0.0954024 -0.00883182 -0.104451
          0.0954024 -0.0270136 -0.122633 0.0954024 -0.00883182 -0.104451 0.0954024 -0.00883182 -0.122633
          0.0924024 -0.00883182 -0.140815 0.0924024 -0.00883182 -0.122633 0.0924024 -0.0270136 -0.122633
          0.0924024 -0.00883182 -0.140815 0.0924024 -0.0270136 -0.122633 0.0924024 -0.0270136 -0.140815
          0.0924024 0.00935 -0.122633 0.0924024 0.00935 -0.104451 0.0924024 -0.00883182 -0.104451
          0.0924024 0.00935 -0.122633 0.0924024 -0.00883182 -0.104451 0.0924024 -0.00883182 -0.122633
          0.0954024 -0.0270136 -0.0862691 0.0954024 -0.0270136 -0.104451 0.0954024 -0.0451955 -0.104451
          0.0954024 -0.0270136 -0.0862691 0.0954024 -0.0451955 -0.104451 0.0954024 -0.0451955 -0.0862691
          0.0924024 -0.0633773 -0.0862691 0.0924024 -0.0633773 -0.104451 0.0924024 -0.0451955 -0.104451
          0.0924024 -0.0633773 -0.0862691 0.0924024 -0.0451955 -0.104451 0.0924024 -0.0451955 -0.0862691
          0.0924024 -0.0451955 -0.0680873 0.0924024 -0.0451955 -0.0862691 0.0924024 -0.0270136 -0.0862691
          0.0924024 -0.0451955 -0.0680873 0.0924024 -0.0270136 -0.0862691 0.0924024 -0.0270136 -0.0680873
          0.0954024 -0.00883182 -0.104451 0.0954024 -0.0270136 -0.104451 0.0954024 -0.0270136 -0.0862691
          0.0954024 -0.00883182 -0.104451 0.0954024 -0.0270136 -0.0862691 0.0954024 -0.00883182 -0.0862691
          0.0924024 -0.00883182 -0.104451 0.0924024 0.00935 -0.104451 0.0924024 0.00935 -0.0862691
          0.0924024 -0.00883182 -0.104451 0.0924024 0.00935 -0.0862691 0.0924024 -0.00883182 -0.0862691
          0.0924024 -0.00883182 -0.0680873 0.0924024 -0.0270136 -0.0680873 0.0924024 -0.0270136 -0.0862691
          0.0924024 -0.00883182 -0.0680873 0.0924024 -0.0270136 -0.0862691 0.0924024 -0.00883182 -0.0862691
          0.0954024 0.0275318 -0.104451 0.0954024 0.0457136 -0.104451 0.0954024 0.0457136 -0.122633
          0.0954024 0.0275318 -0.104451 0.0954024 0.0457136 -0.122633 0.0954024 0.0275318 -0.122633
          0.0924024 0.0457136 -0.122633 0.0924024 0.0275318 -0.122633 0.0924024 0.0275318 -0.140815
          0.0924024 0.0457136 -0.122633 0.0924024 0.0275318 -0.140815 0.0924024 0.0457136 -0.140815
          0.0924024 0.0275318 -0.104451 0.0924024 0.00935 -0.104451 0.0924024 0.00935 -0.122633
          0.0924024 0.0275318 -0.104451 0.0924024 0.00935 -0.122633 0.0924024 0.0275318 -0.122633
          0.0954024 0.0457136 -0.122633 0.0954024 0.0457136 -0.104451 0.0954024 0.0638955 -0.104451
          0.0954024 0.0457136 -0.122633 0.0954024 0.0638955 -0.104451 0.0954024 0.0638955 -0.122633
          0.0924024 0.0638955 -0.140815 0.0924024 0.0638955 -0.122633 0.0924024 0.0457136 -0.122633
          0.0924024 0.0638955 -0.140815 0.0924024 0.0457136 -0.122633 0.0924024 0.0457136 -0.140815
          0.0924024 0.0820773 -0.122633 0.0924024 0.0820773 -0.104451 0.0924024 0.0638955 -0.104451
          0.0924024 0.0820773 -0.122633 0.0924024 0.0638955 -0.104451 0.0924024 0.0638955 -0.122633
          0.0954024 0.0457136 -0.0862691 0.0954024 0.0457136 -0.104451 0.0954024 0.0275318 -0.104451
          0.0954024 0.0457136 -0.0862691 0.0954024 0.0275318 -0.104451 0.0954024 0.0275318 -0.0862691
          0.0924024 0.00935 -0.0862691 0.0924024 0.00935 -0.104451 0.0924024 0.0275318 -0.104451
          0.0924024 0.00935 -0.0862691 0.0924024 0.0275318 -0.104451 0.0924024 0.0275318 -0.0862691
          0.0924024 0.0275318 -0.0680873 0.0924024 0.0275318 -0.0862691 0.0924024 0.0457136 -0.0862691
          0.0924024 0.0275318 -0.0680873 0.0924024 0.0457136 -0.0862691 0.0924024 0.0457136 -0.0680873
          0.0954024 0.0638955 -0.104451 0.0954024 0.0457136 -0.104451 0.0954024 0.0457136 -0.0862691
          0.0954024 0.0638955 -0.104451 0.0954024 0.0457136 -0.0862691 0.0954024 0.0638955 -0.0862691
          0.0924024 0.0638955 -0.104451 0.0924024 0.0820773 -0.104451 0.0924024 0.0820773 -0.0862691
          0.0924024 0.0638955 -0.104451 0.0924024 0.0820773 -0.0862691 0.0924024 0.0638955 -0.0862691
          0.0924024 0.0638955 -0.0680873 0.0924024 0.0457136 -0.0680873 0.0924024 0.0457136 -0.0862691
          0.0924024 0.0638955 -0.0680873 0.0924024 0.0457136 -0.0862691 0.0924024 0.0638955 -0.0862691
          0.0954024 0.100259 -0.104451 0.0954024 0.118441 -0.104451 0.0954024 0.118441 -0.122633
          0.0954024 0.100259 -0.104451 0.0954024 0.118441 -0.122633 0.0954024 0.100259 -0.122633
          0.0924024 0.118441 -0.122633 0.0924024 0.100259 -0.122633 0.0924024 0.100259 -0.140815
          0.0924024 0.118441 -0.122633 0.0924024 0.100259 -0.140815 0.0924024 0.118441 -0.140815
          0.0924024 0.100259 -0.104451 0.0924024 0.0820773 -0.104451 0.0924024 0.0820773 -0.122633
          0.0924024 0.100259 -0.104451 0.0924024 0.0820773 -0.122633 0.0924024 0.100259 -0.122633
          0.0954024 0.118441 -0.122633 0.0954024 0.118441 -0.104451 0.0954024 0.136623 -0.104451
          0.0954024 0.118441 -0.122633 0.0954024 0.136623 -0.104451 0.0954024 0.136623 -0.122633
          0.0924024 0.136623 -0.140815 0.0924024 0.136623 -0.122633 0.0924024 0.118441 -0.122633
          0.0924024 0.136623 -0.140815 0.0924024 0.118441 -0.122633 0.0924024 0.118441 -0.140815
          0.0924024 0.154805 -0.122633 0.0924024 0.154805 -0.104451 0.0924024 0.136623 -0.104451
          0.0924024 0.154805 -0.122633 0.0924024 0.136623 -0.104451 0.0924024 0.136623 -0.122633
          0.0954024 0.118441 -0.0862691 0.0954024 0.118441 -0.104451 0.0954024 0.100259 -0.104451
          0.0954024 0.118441 -0.0862691 0.0954024 0.100259 -0.104451 0.0954024 0.100259 -0.0862691
          0.0924024 0.0820773 -0.0862691 0.0924024 0.0820773 -0.104451 0.0924024 0.100259 -0.104451
          0.0924024 0.0820773 -0.0862691 0.0924024 0.100259 -0.104451 0.0924024 0.100259 -0.0862691
          0.0924024 0.100259 -0.0680873 0.0924024 0.100259 -0.0862691 0.0924024 0.118441 -0.0862691
          0.0924024 0.100259 -0.0680873 0.0924024 0.118441 -0.0862691 0.0924024 0.118441 -0.0680873
          0.0954024 0.136623 -0.104451 0.0954024 0.118441 -0.104451 0.0954024 0.118441 -0.0862691
          0.0954024 0.136623 -0.104451 0.0954024 0.118441 -0.0862691 0.0954024 0.136623 -0.0862691
          0.0924024 0.136623 -0.104451 0.0924024 0.154805 -0.104451 0.0924024 0.154805 -0.0862691
          0.0924024 0.136623 -0.104451 0.0924024 0.154805 -0.0862691 0.0924024 0.136623 -0.0862691
          0.0924024 0.136623 -0.0680873 0.0924024 0.118441 -0.0680873 0.0924024 0.118441 -0.0862691
          0.0924024 0.136623 -0.0680873 0.0924024 0.118441 -0.0862691 0.0924024 0.136623 -0.0862691
          0.0954024 0.172694 -0.104451 0.0954024 0.188209 -0.104451 0.0954024 0.188209 -0.122633
          0.0954024 0.172694 -0.104451 0.0954024 0.188209 -0.122633 0.0954024 0.172694 -0.122633
          0.0924024 0.187514 -0.122633 0.0924024 0.172733 -0.122633 0.0924024 0.172733 -0.140815
          0.0924024 0.187514 -0.122633 0.0924024 0.172733 -0.140815 0.0924024 0.187512 -0.140836
          0.0924024 0.172733 -0.104451 0.0924024 0.154805 -0.104451 0.0924024 0.154805 -0.122633
          0.0924024 0.172733 -0.104451 0.0924024 0.154805 -0.122633 0.0924024 0.172733 -0.122633
          0.0954024 0.188209 -0.122633 0.0954024 0.188209 -0.104451 0.0924024 0.197983 -0.104451
          0.0954024 0.188209 -0.122633 0.0924024 0.197983 -0.104451 0.0924024 0.197983 -0.122633
          0.0924024 0.197983 -0.140815 0.0924024 0.197983 -0.122633 0.0924024 0.187514 -0.122633
          0.0924024 0.197983 -0.140815 0.0924024 0.187514 -0.122633 0.0924024 0.187512 -0.140836
          0.0954024 0.188209 -0.0862691 0.0954024 0.188209 -0.104451 0.0954024 0.172694 -0.104451
          0.0954024 0.188209 -0.0862691 0.0954024 0.172694 -0.104451 0.0954024 0.172694 -0.0862691
          0.0924024 0.154805 -0.0862691 0.0924024 0.154805 -0.104451 0.0924024 0.172733 -0.104451
          0.0924024 0.154805 -0.0862691 0.0924024 0.172733 -0.104451 0.0924024 0.172733 -0.0862691
          0.0924024 0.172733 -0.0680873 0.0924024 0.172733 -0.0862691 0.0924024 0.187514 -0.0862691
          0.0924024 0.172733 -0.0680873 0.0924024 0.187514 -0.0862691 0.0924024 0.187514 -0.0680873
          0.0924024 0.197983 -0.104451 0.0954024 0.188209 -0.104451 0.0954024 0.188209 -0.0862691
          0.0924024 0.197983 -0.104451 0.0954024 0.188209 -0.0862691 0.0924024 0.197983 -0.0862691
          0.0924024 0.197983 -0.0680873 0.0924024 0.187514 -0.0680873 0.0924024 0.187514 -0.0862691
          0.0924024 0.197983 -0.0680873 0.0924024 0.187514 -0.0862691 0.0924024 0.197983 -0.0862691
          0.0954024 -0.169509 -0.0499055 0.0954024 -0.169509 -0.0317236 0.0954024 -0.153994 -0.0317236
          0.0954024 -0.169509 -0.0499055 0.0954024 -0.153994 -0.0317236 0.0954024 -0.153994 -0.0499055
          0.0924024 -0.154033 -0.0680873 0.0924024 -0.154033 -0.0499055 0.0924024 -0.168814 -0.0499055
          0.0924024 -0.154033 -0.0680873 0.0924024 -0.168814 -0.0499055 0.0924024 -0.168814 -0.0680873
          0.0924024 -0.136105 -0.0499055 0.0924024 -0.136105 -0.0317236 0.0924024 -0.154033 -0.0317236
          0.0924024 -0.136105 -0.0499055 0.0924024 -0.154033 -0.0317236 0.0924024 -0.154033 -0.0499055
          0.0954024 -0.153994 -0.0317236 0.0954024 -0.169509 -0.0317236 0.0954024 -0.169509 -0.0135418
          0.0954024 -0.153994 -0.0317236 0.0954024 -0.169509 -0.0135418 0.0954024 -0.153994 -0.0135418
          0.0924024 -0.154033 -0.0317236 0.0924024 -0.136105 -0.0317236 0.0924024 -0.136105 -0.0135418
          0.0924024 -0.154033 -0.0317236 0.0924024 -0.136105 -0.0135418 0.0924024 -0.154033 -0.0135418
          0.0924024 -0.154033 0.00464 0.0924024 -0.168814 0.00464 0.0924024 -0.168814 -0.0135418
          0.0924024 -0.154033 0.00464 0.0924024 -0.168814 -0.0135418 0.0924024 -0.154033 -0.0135418
          0.0954024 -0.117923 -0.0317236 0.0954024 -0.0997409 -0.0317236 0.0954024 -0.0997409 -0.0499055
          0.0954024 -0.117923 -0.0317236 0.0954024 -0.0997409 -0.0499055 0.0954024 -0.117923 -0.0499055
          0.0924024 -0.0997409 -0.0499055 0.0924024 -0.117923 -0.0499055 0.0924024 -0.117923 -0.0680873
          0.0924024 -0.0997409 -0.0499055 0.0924024 -0.117923 -0.0680873 0.0924024 -0.0997409 -0.0680873
          0.0924024 -0.117923 -0.0317236 0.0924024 -0.136105 -0.0317236 0.0924024 -0.136105 -0.0499055
          0.0924024 -0.117923 -0.0317236 0.0924024 -0.136105 -0.0499055 0.0924024 -0.117923 -0.0499055
          0.0954024 -0.0997409 -0.0499055 0.0954024 -0.0997409 -0.0317236 0.0954024 -0.0815591 -0.0317236
          0.0954024 -0.0997409 -0.0499055 0.0954024 -0.0815591 -0.0317236 0.0954024 -0.0815591 -0.0499055
          0.0924024 -0.0815591 -0.0680873 0.0924024 -0.0815591 -0.0499055 0.0924024 -0.0997409 -0.0499055
          0.0924024 -0.0815591 -0.0680873 0.0924024 -0.0997409 -0.0499055 0.0924024 -0.0997409 -0.0680873
          0.0924024 -0.0633773 -0.0499055 0.0924024 -0.0633773 -0.0317236 0.0924024 -0.0815591 -0.0317236
          0.0924024 -0.0633773 -0.0499055 0.0924024 -0.0815591 -0.0317236 0.0924024 -0.0815591 -0.0499055
          0.0954024 -0.0997409 -0.0135418 0.0954024 -0.0997409 -0.0317236 0.0954024 -0.117923 -0.0317236
          0.0954024 -0.0997409 -0.0135418 0.0954024 -0.117923 -0.0317236 0.0954024 -0.117923 -0.0135418
          0.0924024 -0.136105 -0.0135418 0.0924024 -0.136105 -0.0317236 0.0924024 -0.117923 -0.0317236
          0.0924024 -0.136105 -0.0135418 0.0924024 -0.117923 -0.0317236 0.0924024 -0.117923 -0.0135418
          0.0924024 -0.117923 0.00464 0.0924024 -0.117923 -0.0135418 0.0924024 -0.0997409 -0.0135418
          0.0924024 -0.117923 0.00464 0.0924024 -0.0997409 -0.0135418 0.0924024 -0.0997409 0.00464
          0.0954024 -0.0815591 -0.0317236 0.0954024 -0.0997409 -0.0317236 0.0954024 -0.0997409 -0.0135418
          0.0954024 -0.0815591 -0.0317236 0.0954024 -0.0997409 -0.0135418 0.0954024 -0.0815591 -0.0135418
          0.0924024 -0.0815591 -0.0317236 0.0924024 -0.0633773 -0.0317236 0.0924024 -0.0633773 -0.0135418
          0.0924024 -0.0815591 -0.0317236 0.0924024 -0.0633773 -0.0135418 0.0924024 -0.0815591 -0.0135418
          0.0924024 -0.0815591 0.00464 0.0924024 -0.0997409 0.00464 0.0924024 -0.0997409 -0.0135418
          0.0924024 -0.0815591 0.00464 0.0924024 -0.0997409 -0.0135418 0.0924024 -0.0815591 -0.0135418
          0.0954024 -0.0451955 -0.0317236 0.0954024 -0.0270136 -0.0317236 0.0954024 -0.0270136 -0.0499055
          0.0954024 -0.0451955 -0.0317236 0.0954024 -0.0270136 -0.0499055 0.0954024 -0.0451955 -0.0499055
          0.0924024 -0.0270136 -0.0499055 0.0924024 -0.0451955 -0.0499055 0.0924024 -0.0451955 -0.0680873
          0.0924024 -0.0270136 -0.0499055 0.0924024 -0.0451955 -0.0680873 0.0924024 -0.0270136 -0.0680873
          0.0924024 -0.0451955 -0.0317236 0.0924024 -0.0633773 -0.0317236 0.0924024 -0.0633773 -0.0499055
          0.0924024 -0.0451955 -0.0317236 0.0924024 -0.0633773 -0.0499055 0.0924024 -0.0451955 -0.0499055
          0.0954024 -0.0270136 -0.0499055 0.0954024 -0.0270136 -0.0317236 0.0954024 -0.00883182 -0.0317236
          0.0954024 -0.0270136 -0.0499055 0.0954024 -0.00883182 -0.0317236 0.0954024 -0.00883182 -0.0499055
          0.0924024 -0.00883182 -0.0680873 0.0924024 -0.00883182 -0.0499055 0.0924024 -0.0270136 -0.0499055
          0.0924024 -0.00883182 -0.0680873 0.0924024 -0.0270136 -0.0499055 0.0924024 -0.0270136 -0.0680873
          0.0924024 0.00935 -0.0499055 0.0924019 0.00935 -0.0317236 0.0924017 -0.00883182 -0.0317236
          0.0924024 0.00935 -0.0499055 0.0924017 -0.00883182 -0.0317236 0.0924024 -0.00883182 -0.0499055
          0.0954024 -0.0270136 -0.0135418 0.0954024 -0.0270136 -0.0317236 0.0954024 -0.0451955 -0.0317236
          0.0954024 -0.0270136 -0.0135418 0.0954024 -0.0451955 -0.0317236 0.0954024 -0.0451955 -0.0135418
          0.0924024 -0.0633773 -0.0135418 0.0924024 -0.0633773 -0.0317236 0.0924024 -0.0451955 -0.0317236
          0.0924024 -0.0633773 -0.0135418 0.0924024 -0.0451955 -0.0317236 0.0924024 -0.0451955 -0.0135418
          0.0924024 -0.0451955 0.00464 0.0924024 -0.0451955 -0.0135418 0.0924017 -0.0270136 -0.0135418
          0.0924024 -0.0451955 0.00464 0.0924017 -0.0270136 -0.0135418 0.0924019 -0.0270136 0.00464
          0.0954024 -0.00883182 -0.0317236 0.0954024 -0.0270136 -0.0317236 0.0954024 -0.0270136 -0.0135418
          0.0954024 -0.00883182 -0.0317236 0.0954024 -0.0270136 -0.0135418 0.0954024 -0.00883182 -0.0135418
          0.0924017 -0.00883182 -0.0317236 0.0924019 0.00935 -0.0317236 0.0923976 0.00935 -0.0135418
          0.0924017 -0.00883182 -0.0317236 0.0923976 0.00935 -0.0135418 0.0923963 -0.00883182 -0.0135418
          0.0923976 -0.00883182 0.00464 0.0924019 -0.0270136 0.00464 0.0924017 -0.0270136 -0.0135418
          0.0923976 -0.00883182 0.00464 0.0924017 -0.0270136 -0.0135418 0.0923963 -0.00883182 -0.0135418
          0.0954024 0.0275318 -0.0317236 0.0954024 0.0457136 -0.0317236 0.0954024 0.0457136 -0.0499055
          0.0954024 0.0275318 -0.0317236 0.0954024 0.0457136 -0.0499055 0.0954024 0.0275318 -0.0499055
          0.0924024 0.0457136 -0.0499055 0.0924024 0.0275318 -0.0499055 0.0924024 0.0275318 -0.0680873
          0.0924024 0.0457136 -0.0499055 0.0924024 0.0275318 -0.0680873 0.0924024 0.0457136 -0.0680873
          0.0924024 0.0275318 -0.0317236 0.0924019 0.00935 -0.0317236 0.0924024 0.00935 -0.0499055
          0.0924024 0.0275318 -0.0317236 0.0924024 0.00935 -0.0499055 0.0924024 0.0275318 -0.0499055
          0.0954024 0.0457136 -0.0499055 0.0954024 0.0457136 -0.0317236 0.0954024 0.0638955 -0.0317236
          0.0954024 0.0457136 -0.0499055 0.0954024 0.0638955 -0.0317236 0.0954024 0.0638955 -0.0499055
          0.0924024 0.0638955 -0.0680873 0.0924024 0.0638955 -0.0499055 0.0924024 0.0457136 -0.0499055
          0.0924024 0.0638955 -0.0680873 0.0924024 0.0457136 -0.0499055 0.0924024 0.0457136 -0.0680873
          0.0924024 0.0820773 -0.0499055 0.0924024 0.0820773 -0.0317236 0.0924024 0.0638955 -0.0317236
          0.0924024 0.0820773 -0.0499055 0.0924024 0.0638955 -0.0317236 0.0924024 0.0638955 -0.0499055
          0.0954024 0.0457136 -0.0135418 0.0954024 0.0457136 -0.0317236 0.0954024 0.0275318 -0.0317236
          0.0954024 0.0457136 -0.0135418 0.0954024 0.0275318 -0.0317236 0.0954024 0.0275318 -0.0135418
          0.0923976 0.00935 -0.0135418 0.0924019 0.00935 -0.0317236 0.0924024 0.0275318 -0.0317236
          0.0923976 0.00935 -0.0135418 0.0924024 0.0275318 -0.0317236 0.0924016 0.0275318 -0.0135418
          0.0924008 0.0275318 0.00464 0.0924016 0.0275318 -0.0135418 0.0924024 0.0457136 -0.0135418
          0.0924008 0.0275318 0.00464 0.0924024 0.0457136 -0.0135418 0.0924023 0.0457136 0.00464
          0.0954024 0.0638955 -0.0317236 0.0954024 0.0457136 -0.0317236 0.0954024 0.0457136 -0.0135418
          0.0954024 0.0638955 -0.0317236 0.0954024 0.0457136 -0.0135418 0.0954024 0.0638955 -0.0135418
          0.0924024 0.0638955 -0.0317236 0.0924024 0.0820773 -0.0317236 0.0924024 0.0820773 -0.0135418
          0.0924024 0.0638955 -0.0317236 0.0924024 0.0820773 -0.0135418 0.0924024 0.0638955 -0.0135418
          0.0924024 0.0638955 0.00464 0.0924023 0.0457136 0.00464 0.0924024 0.0457136 -0.0135418
          0.0924024 0.0638955 0.00464 0.0924024 0.0457136 -0.0135418 0.0924024 0.0638955 -0.0135418
          0.0954024 0.100259 -0.0317236 0.0954024 0.118441 -0.0317236 0.0954024 0.118441 -0.0499055
          0.0954024 0.100259 -0.0317236 0.0954024 0.118441 -0.0499055 0.0954024 0.100259 -0.0499055
          0.0924024 0.118441 -0.0499055 0.0924024 0.100259 -0.0499055 0.0924024 0.100259 -0.0680873
          0.0924024 0.118441 -0.0499055 0.0924024 0.100259 -0.0680873 0.0924024 0.118441 -0.0680873
          0.0924024 0.100259 -0.0317236 0.0924024 0.0820773 -0.0317236 0.0924024 0.0820773 -0.0499055
          0.0924024 0.100259 -0.0317236 0.0924024 0.0820773 -0.0499055 0.0924024 0.100259 -0.0499055
          0.0954024 0.118441 -0.0499055 0.0954024 0.118441 -0.0317236 0.0954024 0.136623 -0.0317236
          0.0954024 0.118441 -0.0499055 0.0954024 0.136623 -0.0317236 0.0954024 0.136623 -0.0499055
          0.0924024 0.136623 -0.0680873 0.0924024 0.136623 -0.0499055 0.0924024 0.118441 -0.0499055
          0.0924024 0.136623 -0.0680873 0.0924024 0.118441 -0.0499055 0.0924024 0.118441 -0.0680873
          0.0924024 0.154805 -0.0499055 0.0924024 0.154805 -0.0317236 0.0924024 0.136623 -0.0317236
          0.0924024 0.154805 -0.0499055 0.0924024 0.136623 -0.0317236 0.0924024 0.136623 -0.0499055
          0.0954024 0.118441 -0.0135418 0.0954024 0.118441 -0.0317236 0.0954024 0.100259 -0.0317236
          0.0954024 0.118441 -0.0135418 0.0954024 0.100259 -0.0317236 0.0954024 0.100259 -0.0135418
          0.0924024 0.0820773 -0.0135418 0.0924024 0.0820773 -0.0317236 0.0924024 0.100259 -0.0317236
          0.0924024 0.0820773 -0.0135418 0.0924024 0.100259 -0.0317236 0.0924024 0.100259 -0.0135418
          0.0924024 0.100259 0.00464 0.0924024 0.100259 -0.0135418 0.0924024 0.118441 -0.0135418
          0.0924024 0.100259 0.00464 0.0924024 0.118441 -0.0135418 0.0924024 0.118441 0.00464
          0.0954024 0.136623 -0.0317236 0.0954024 0.118441 -0.0317236 0.0954024 0.118441 -0.0135418
          0.0954024 0.136623 -0.0317236 0.0954024 0.118441 -0.0135418 0.0954024 0.136623 -0.0135418
          0.0924024 0.136623 -0.0317236 0.0924024 0.154805 -0.0317236 0.0924024 0.154805 -0.0135418
          0.0924024 0.136623 -0.0317236 0.0924024 0.154805 -0.0135418 0.0924024 0.136623 -0.0135418
          0.0924024 0.136623 0.00464 0.0924024 0.118441 0.00464 0.0924024 0.118441 -0.0135418
          0.0924024 0.136623 0.00464 0.0924024 0.118441 -0.0135418 0.0924024 0.136623 -0.0135418
          0.0954024 0.172694 -0.0317236 0.0954024 0.188209 -0.0317236 0.0954024 0.188209 -0.0499055
          0.0954024 0.172694 -0.0317236 0.0954024 0.188209 -0.0499055 0.0954024 0.172694 -0.0499055
          0.0924024 0.187514 -0.0499055 0.0924024 0.172733 -0.0499055 0.0924024 0.172733 -0.0680873
          0.0924024 0.187514 -0.0499055 0.0924024 0.172733 -0.0680873 0.0924024 0.187514 -0.0680873
          0.0924024 0.172733 -0.0317236 0.0924024 0.154805 -0.0317236 0.0924024 0.154805 -0.0499055
          0.0924024 0.172733 -0.0317236 0.0924024 0.154805 -0.0499055 0.0924024 0.172733 -0.0499055
          0.0954024 0.188209 -0.0499055 0.0954024 0.188209 -0.0317236 0.0924024 0.197983 -0.0317236
          0.0954024 0.188209 -0.0499055 0.0924024 0.197983 -0.0317236 0.0924024 0.197983 -0.0499055
          0.0924024 0.197983 -0.0680873 0.0924024 0.197983 -0.0499055 0.0924024 0.187514 -0.0499055
          0.0924024 0.197983 -0.0680873 0.0924024 0.187514 -0.0499055 0.0924024 0.187514 -0.0680873
          0.0954024 0.188209 -0.0135418 0.0954024 0.188209 -0.0317236 0.0954024 0.172694 -0.0317236
          0.0954024 0.188209 -0.0135418 0.0954024 0.172694 -0.0317236 0.0954024 0.172694 -0.0135418
          0.0924024 0.154805 -0.0135418 0.0924024 0.154805 -0.0317236 0.0924024 0.172733 -0.0317236
          0.0924024 0.154805 -0.0135418 0.0924024 0.172733 -0.0317236 0.0924024 0.172733 -0.0135418
          0.0924024 0.172733 0.00464 0.0924024 0.172733 -0.0135418 0.0924024 0.187514 -0.0135418
          0.0924024 0.172733 0.00464 0.0924024 0.187514 -0.0135418 0.0924024 0.187514 0.00464
          0.0924024 0.197983 -0.0317236 0.0954024 0.188209 -0.0317236 0.0954024 0.188209 -0.0135418
          0.0924024 0.197983 -0.0317236 0.0954024 0.188209 -0.0135418 0.0924024 0.197983 -0.0135418
          0.0924024 0.197983 0.00464 0.0924024 0.187514 0.00464 0.0924024 0.187514 -0.0135418
          0.0924024 0.197983 0.00464 0.0924024 0.187514 -0.0135418 0.0924024 0.197983 -0.0135418
          0.0954024 -0.169509 0.0228218 0.0954024 -0.169509 0.0410036 0.0954024 -0.153994 0.0410036
          0.0954024 -0.169509 0.0228218 0.0954024 -0.153994 0.0410036 0.0954024 -0.153994 0.0228218
          0.0924024 -0.154033 0.00464 0.0924024 -0.154033 0.0228218 0.0924024 -0.168814 0.0228218
          0.0924024 -0.154033 0.00464 0.0924024 -0.168814 0.0228218 0.0924024 -0.168814 0.00464
          0.0924024 -0.136105 0.0228218 0.0924024 -0.136105 0.0410036 0.0924024 -0.154033 0.0410036
          0.0924024 -0.136105 0.0228218 0.0924024 -0.154033 0.0410036 0.0924024 -0.154033 0.0228218
          0.0954024 -0.153994 0.0410036 0.0954024 -0.169509 0.0410036 0.0954024 -0.169509 0.0591855
          0.0954024 -0.153994 0.0410036 0.0954024 -0.169509 0.0591855 0.0954024 -0.153994 0.0591855
          0.0924024 -0.154033 0.0410036 0.0924024 -0.136105 0.0410036 0.0924024 -0.136105 0.0591855
          0.0924024 -0.154033 0.0410036 0.0924024 -0.136105 0.0591855 0.0924024 -0.154033 0.0591855
          0.0924024 -0.154033 0.0773673 0.0924024 -0.168814 0.0773673 0.0924024 -0.168814 0.0591855
          0.0924024 -0.154033 0.0773673 0.0924024 -0.168814 0.0591855 0.0924024 -0.154033 0.0591855
          0.0954024 -0.117923 0.0410036 0.0954024 -0.0997409 0.0410036 0.0954024 -0.0997409 0.0228218
          0.0954024 -0.117923 0.0410036 0.0954024 -0.0997409 0.0228218 0.0954024 -0.117923 0.0228218
          0.0924024 -0.0997409 0.0228218 0.0924024 -0.117923 0.0228218 0.0924024 -0.117923 0.00464
          0.0924024 -0.0997409 0.0228218 0.0924024 -0.117923 0.00464 0.0924024 -0.0997409 0.00464
          0.0924024 -0.117923 0.0410036 0.0924024 -0.136105 0.0410036 0.0924024 -0.136105 0.0228218
          0.0924024 -0.117923 0.0410036 0.0924024 -0.136105 0.0228218 0.0924024 -0.117923 0.0228218
          0.0954024 -0.0997409 0.0228218 0.0954024 -0.0997409 0.0410036 0.0954024 -0.0815591 0.0410036
          0.0954024 -0.0997409 0.0228218 0.0954024 -0.0815591 0.0410036 0.0954024 -0.0815591 0.0228218
          0.0924024 -0.0815591 0.00464 0.0924024 -0.0815591 0.0228218 0.0924024 -0.0997409 0.0228218
          0.0924024 -0.0815591 0.00464 0.0924024 -0.0997409 0.0228218 0.0924024 -0.0997409 0.00464
          0.0924024 -0.0633773 0.0228218 0.0924024 -0.0633773 0.0410036 0.0924024 -0.0815591 0.0410036
          0.0924024 -0.0633773 0.0228218 0.0924024 -0.0815591 0.0410036 0.0924024 -0.0815591 0.0228218
          0.0954024 -0.0997409 0.0591855 0.0954024 -0.0997409 0.0410036 0.0954024 -0.117923 0.0410036
          0.0954024 -0.0997409 0.0591855 0.0954024 -0.117923 0.0410036 0.0954024 -0.117923 0.0591855
          0.0924024 -0.136105 0.0591855 0.0924024 -0.136105 0.0410036 0.0924024 -0.117923 0.0410036
          0.0924024 -0.136105 0.0591855 0.0924024 -0.117923 0.0410036 0.0924024 -0.117923 0.0591855
          0.0924024 -0.117923 0.0773673 0.0924024 -0.117923 0.0591855 0.0924024 -0.0997409 0.0591855
          0.0924024 -0.117923 0.0773673 0.0924024 -0.0997409 0.0591855 0.0924024 -0.0997409 0.0773673
          0.0954024 -0.0815591 0.0410036 0.0954024 -0.0997409 0.0410036 0.0954024 -0.0997409 0.0591855
          0.0954024 -0.0815591 0.0410036 0.0954024 -0.0997409 0.0591855 0.0954024 -0.0815591 0.0591855
          0.0924024 -0.0815591 0.0410036 0.0924024 -0.0633773 0.0410036 0.0924024 -0.0633773 0.0591855
          0.0924024 -0.0815591 0.0410036 0.0924024 -0.0633773 0.0591855 0.0924024 -0.0815591 0.0591855
          0.0924024 -0.0815591 0.0773673 0.0924024 -0.0997409 0.0773673 0.0924024 -0.0997409 0.0591855
          0.0924024 -0.0815591 0.0773673 0.0924024 -0.0997409 0.0591855 0.0924024 -0.0815591 0.0591855
          0.0954024 -0.0451955 0.0410036 0.0954024 -0.0270136 0.0410036 0.0954024 -0.0270136 0.0228218
          0.0954024 -0.0451955 0.0410036 0.0954024 -0.0270136 0.0228218 0.0954024 -0.0451955 0.0228218
          0.0924024 -0.0270136 0.0228218 0.0924024 -0.0451955 0.0228218 0.0924024 -0.0451955 0.00464
          0.0924024 -0.0270136 0.0228218 0.0924024 -0.0451955 0.00464 0.0924019 -0.0270136 0.00464
          0.0924024 -0.0451955 0.0410036 0.0924024 -0.0633773 0.0410036 0.0924024 -0.0633773 0.0228218
          0.0924024 -0.0451955 0.0410036 0.0924024 -0.0633773 0.0228218 0.0924024 -0.0451955 0.0228218
          0.0954024 -0.0270136 0.0228218 0.0954024 -0.0270136 0.0410036 0.0954024 -0.00883182 0.0410036
          0.0954024 -0.0270136 0.0228218 0.0954024 -0.00883182 0.0410036 0.0954024 -0.00883182 0.0228218
          0.0923976 -0.00883182 0.00464 0.0924017 -0.00883182 0.0228218 0.0924024 -0.0270136 0.0228218
          0.0923976 -0.00883182 0.00464 0.0924024 -0.0270136 0.0228218 0.0924019 -0.0270136 0.00464
          0.0924009 0.00935 0.0228218 0.0924023 0.00935 0.0410036 0.0924024 -0.00883182 0.0410036
          0.0924009 0.00935 0.0228218 0.0924024 -0.00883182 0.0410036 0.0924017 -0.00883182 0.0228218
          0.0954024 -0.0270136 0.0591855 0.0954024 -0.0270136 0.0410036 0.0954024 -0.0451955 0.0410036
          0.0954024 -0.0270136 0.0591855 0.0954024 -0.0451955 0.0410036 0.0954024 -0.0451955 0.0591855
          0.0924024 -0.0633773 0.0591855 0.0924024 -0.0633773 0.0410036 0.0924024 -0.0451955 0.0410036
          0.0924024 -0.0633773 0.0591855 0.0924024 -0.0451955 0.0410036 0.0924024 -0.0451955 0.0591855
          0.0924024 -0.0451955 0.0773673 0.0924024 -0.0451955 0.0591855 0.0924024 -0.0270136 0.0591855
          0.0924024 -0.0451955 0.0773673 0.0924024 -0.0270136 0.0591855 0.0924024 -0.0270136 0.0773673
          0.0954024 -0.00883182 0.0410036 0.0954024 -0.0270136 0.0410036 0.0954024 -0.0270136 0.0591855
          0.0954024 -0.00883182 0.0410036 0.0954024 -0.0270136 0.0591855 0.0954024 -0.00883182 0.0591855
          0.0924024 -0.00883182 0.0410036 0.0924023 0.00935 0.0410036 0.0924024 0.00935 0.0591855
          0.0924024 -0.00883182 0.0410036 0.0924024 0.00935 0.0591855 0.0924024 -0.00883182 0.0591855
          0.0924024 -0.00883182 0.0773673 0.0924024 -0.0270136 0.0773673 0.0924024 -0.0270136 0.0591855
          0.0924024 -0.00883182 0.0773673 0.0924024 -0.0270136 0.0591855 0.0924024 -0.00883182 0.0591855
          0.0954024 0.0275318 0.0410036 0.0954024 0.0457136 0.0410036 0.0954024 0.0457136 0.0228218
          0.0954024 0.0275318 0.0410036 0.0954024 0.0457136 0.0228218 0.0954024 0.0275318 0.0228218
          0.0924024 0.0457136 0.0228218 0.092402 0.0275318 0.0228218 0.0924008 0.0275318 0.00464
          0.0924024 0.0457136 0.0228218 0.0924008 0.0275318 0.00464 0.0924023 0.0457136 0.00464
          0.0924024 0.0275318 0.0410036 0.0924023 0.00935 0.0410036 0.0924009 0.00935 0.0228218
          0.0924024 0.0275318 0.0410036 0.0924009 0.00935 0.0228218 0.092402 0.0275318 0.0228218
          0.0954024 0.0457136 0.0228218 0.0954024 0.0457136 0.0410036 0.0954024 0.0638955 0.0410036
          0.0954024 0.0457136 0.0228218 0.0954024 0.0638955 0.0410036 0.0954024 0.0638955 0.0228218
          0.0924024 0.0638955 0.00464 0.0924024 0.0638955 0.0228218 0.0924024 0.0457136 0.0228218
          0.0924024 0.0638955 0.00464 0.0924024 0.0457136 0.0228218 0.0924023 0.0457136 0.00464
          0.0924024 0.0820773 0.0228218 0.0924024 0.0820773 0.0410036 0.0924024 0.0638955 0.0410036
          0.0924024 0.0820773 0.0228218 0.0924024 0.0638955 0.0410036 0.0924024 0.0638955 0.0228218
          0.0954024 0.0457136 0.0591855 0.0954024 0.0457136 0.0410036 0.0954024 0.0275318 0.0410036
          0.0954024 0.0457136 0.0591855 0.0954024 0.0275318 0.0410036 0.0954024 0.0275318 0.0591855
          0.0924024 0.00935 0.0591855 0.0924023 0.00935 0.0410036 0.0924024 0.0275318 0.0410036
          0.0924024 0.00935 0.0591855 0.0924024 0.0275318 0.0410036 0.0924024 0.0275318 0.0591855
          0.0924024 0.0275318 0.0773673 0.0924024 0.0275318 0.0591855 0.0924024 0.0457136 0.0591855
          0.0924024 0.0275318 0.0773673 0.0924024 0.0457136 0.0591855 0.0924024 0.0457136 0.0773673
          0.0954024 0.0638955 0.0410036 0.0954024 0.0457136 0.0410036 0.0954024 0.0457136 0.0591855
          0.0954024 0.0638955 0.0410036 0.0954024 0.0457136 0.0591855 0.0954024 0.0638955 0.0591855
          0.0924024 0.0638955 0.0410036 0.0924024 0.0820773 0.0410036 0.0924024 0.0820773 0.0591855
          0.0924024 0.0638955 0.0410036 0.0924024 0.0820773 0.0591855 0.0924024 0.0638955 0.0591855
          0.0924024 0.0638955 0.0773673 0.0924024 0.0457136 0.0773673 0.0924024 0.0457136 0.0591855
          0.0924024 0.0638955 0.0773673 0.0924024 0.0457136 0.0591855 0.0924024 0.0638955 0.0591855
          0.0954024 0.100259 0.0410036 0.0954024 0.118441 0.0410036 0.0954024 0.118441 0.0228218
          0.0954024 0.100259 0.0410036 0.0954024 0.118441 0.0228218 0.0954024 0.100259 0.0228218
          0.0924024 0.118441 0.0228218 0.0924024 0.100259 0.0228218 0.0924024 0.100259 0.00464
          0.0924024 0.118441 0.0228218 0.0924024 0.100259 0.00464 0.0924024 0.118441 0.00464
          0.0924024 0.100259 0.0410036 0.0924024 0.0820773 0.0410036 0.0924024 0.0820773 0.0228218
          0.0924024 0.100259 0.0410036 0.0924024 0.0820773 0.0228218 0.0924024 0.100259 0.0228218
          0.0954024 0.118441 0.0228218 0.0954024 0.118441 0.0410036 0.0954024 0.136623 0.0410036
          0.0954024 0.118441 0.0228218 0.0954024 0.136623 0.0410036 0.0954024 0.136623 0.0228218
          0.0924024 0.136623 0.00464 0.0924024 0.136623 0.0228218 0.0924024 0.118441 0.0228218
          0.0924024 0.136623 0.00464 0.0924024 0.118441 0.0228218 0.0924024 0.118441 0.00464
          0.0924024 0.154805 0.0228218 0.0924024 0.154805 0.0410036 0.0924024 0.136623 0.0410036
          0.0924024 0.154805 0.0228218 0.0924024 0.136623 0.0410036 0.0924024 0.136623 0.0228218
          0.0954024 0.118441 0.0591855 0.0954024 0.118441 0.0410036 0.0954024 0.100259 0.0410036
          0.0954024 0.118441 0.0591855 0.0954024 0.100259 0.0410036 0.0954024 0.100259 0.0591855
          0.0924024 0.0820773 0.0591855 0.0924024 0.0820773 0.0410036 0.0924024 0.100259 0.0410036
          0.0924024 0.0820773 0.0591855 0.0924024 0.100259 0.0410036 0.0924024 0.100259 0.0591855
          0.0924024 0.100259 0.0773673 0.0924024 0.100259 0.0591855 0.0924024 0.118441 0.0591855
          0.0924024 0.100259 0.0773673 0.0924024 0.118441 0.0591855 0.0924024 0.118441 0.0773673
          0.0954024 0.136623 0.0410036 0.0954024 0.118441 0.0410036 0.0954024 0.118441 0.0591855
          0.0954024 0.136623 0.0410036 0.0954024 0.118441 0.0591855 0.0954024 0.136623 0.0591855
          0.0924024 0.136623 0.0410036 0.0924024 0.154805 0.0410036 0.0924024 0.154805 0.0591855
          0.0924024 0.136623 0.0410036 0.0924024 0.154805 0.0591855 0.0924024 0.136623 0.0591855
          0.0924024 0.136623 0.0773673 0.0924024 0.118441 0.0773673 0.0924024 0.118441 0.0591855
          0.0924024 0.136623 0.0773673 0.0924024 0.118441 0.0591855 0.0924024 0.136623 0.0591855
          0.0954024 0.172694 0.0410036 0.0954024 0.188209 0.0410036 0.0954024 0.188209 0.0228218
          0.0954024 0.172694 0.0410036 0.0954024 0.188209 0.0228218 0.0954024 0.172694 0.0228218
          0.0924024 0.187514 0.0228218 0.0924024 0.172733 0.0228218 0.0924024 0.172733 0.00464
          0.0924024 0.187514 0.0228218 0.0924024 0.172733 0.00464 0.0924024 0.187514 0.00464
          0.0924024 0.172733 0.0410036 0.0924024 0.154805 0.0410036 0.0924024 0.154805 0.0228218
          0.0924024 0.172733 0.0410036 0.0924024 0.154805 0.0228218 0.0924024 0.172733 0.0228218
          0.0954024 0.188209 0.0228218 0.0954024 0.188209 0.0410036 0.0924024 0.197983 0.0410036
          0.0954024 0.188209 0.0228218 0.0924024 0.197983 0.0410036 0.0924024 0.197983 0.0228218
          0.0924024 0.197983 0.00464 0.0924024 0.197983 0.0228218 0.0924024 0.187514 0.0228218
          0.0924024 0.197983 0.00464 0.0924024 0.187514 0.0228218 0.0924024 0.187514 0.00464
          0.0954024 0.188209 0.0591855 0.0954024 0.188209 0.0410036 0.0954024 0.172694 0.0410036
          0.0954024 0.188209 0.0591855 0.0954024 0.172694 0.0410036 0.0954024 0.172694 0.0591855
          0.0924024 0.154805 0.0591855 0.0924024 0.154805 0.0410036 0.0924024 0.172733 0.0410036
          0.0924024 0.154805 0.0591855 0.0924024 0.172733 0.0410036 0.0924024 0.172733 0.0591855
          0.0924024 0.172733 0.0773673 0.0924024 0.172733 0.0591855 0.0924024 0.187514 0.0591855
          0.0924024 0.172733 0.0773673 0.0924024 0.187514 0.0591855 0.0924024 0.187514 0.0773673
          0.0924024 0.197983 0.0410036 0.0954024 0.188209 0.0410036 0.0954024 0.188209 0.0591855
          0.0924024 0.197983 0.0410036 0.0954024 0.188209 0.0591855 0.0924024 0.197983 0.0591855
          0.0924024 0.197983 0.0773673 0.0924024 0.187514 0.0773673 0.0924024 0.187514 0.0591855
          0.0924024 0.197983 0.0773673 0.0924024 0.187514 0.0591855 0.0924024 0.197983 0.0591855
          0.0954024 -0.169509 0.0955491 0.0954024 -0.169509 0.113731 0.0954024 -0.153994 0.113731
          0.0954024 -0.169509 0.0955491 0.0954024 -0.153994 0.113731 0.0954024 -0.153994 0.0955491
          0.0924024 -0.154033 0.0773673 0.0924024 -0.154033 0.0955491 0.0924024 -0.168814 0.0955491
          0.0924024 -0.154033 0.0773673 0.0924024 -0.168814 0.0955491 0.0924024 -0.168814 0.0773673
          0.0924024 -0.136105 0.0955491 0.0924024 -0.136105 0.113731 0.0924024 -0.154033 0.113731
          0.0924024 -0.136105 0.0955491 0.0924024 -0.154033 0.113731 0.0924024 -0.154033 0.0955491
          0.0954024 -0.153994 0.113731 0.0954024 -0.169509 0.113731 0.0954024 -0.169509 0.131913
          0.0954024 -0.153994 0.113731 0.0954024 -0.169509 0.131913 0.0954024 -0.153994 0.131913
          0.0924024 -0.154033 0.113731 0.0924024 -0.136105 0.113731 0.0924024 -0.136105 0.131913
          0.0924024 -0.154033 0.113731 0.0924024 -0.136105 0.131913 0.0924024 -0.154033 0.131913
          0.0924024 -0.154033 0.150095 0.0924024 -0.168812 0.150116 0.0924024 -0.168814 0.131913
          0.0924024 -0.154033 0.150095 0.0924024 -0.168814 0.131913 0.0924024 -0.154033 0.131913
          0.0954024 -0.117923 0.113731 0.0954024 -0.0997409 0.113731 0.0954024 -0.0997409 0.0955491
          0.0954024 -0.117923 0.113731 0.0954024 -0.0997409 0.0955491 0.0954024 -0.117923 0.0955491
          0.0924024 -0.0997409 0.0955491 0.0924024 -0.117923 0.0955491 0.0924024 -0.117923 0.0773673
          0.0924024 -0.0997409 0.0955491 0.0924024 -0.117923 0.0773673 0.0924024 -0.0997409 0.0773673
          0.0924024 -0.117923 0.113731 0.0924024 -0.136105 0.113731 0.0924024 -0.136105 0.0955491
          0.0924024 -0.117923 0.113731 0.0924024 -0.136105 0.0955491 0.0924024 -0.117923 0.0955491
          0.0954024 -0.0997409 0.0955491 0.0954024 -0.0997409 0.113731 0.0954024 -0.0815591 0.113731
          0.0954024 -0.0997409 0.0955491 0.0954024 -0.0815591 0.113731 0.0954024 -0.0815591 0.0955491
          0.0924024 -0.0815591 0.0773673 0.0924024 -0.0815591 0.0955491 0.0924024 -0.0997409 0.0955491
          0.0924024 -0.0815591 0.0773673 0.0924024 -0.0997409 0.0955491 0.0924024 -0.0997409 0.0773673
          0.0924024 -0.0633773 0.0955491 0.0924024 -0.0633773 0.113731 0.0924024 -0.0815591 0.113731
          0.0924024 -0.0633773 0.0955491 0.0924024 -0.0815591 0.113731 0.0924024 -0.0815591 0.0955491
          0.0954024 -0.0997409 0.131913 0.0954024 -0.0997409 0.113731 0.0954024 -0.117923 0.113731
          0.0954024 -0.0997409 0.131913 0.0954024 -0.117923 0.113731 0.0954024 -0.117923 0.131913
          0.0924024 -0.136105 0.131913 0.0924024 -0.136105 0.113731 0.0924024 -0.117923 0.113731
          0.0924024 -0.136105 0.131913 0.0924024 -0.117923 0.113731 0.0924024 -0.117923 0.131913
          0.0924024 -0.117923 0.150095 0.0924024 -0.117923 0.131913 0.0924024 -0.0997409 0.131913
          0.0924024 -0.117923 0.150095 0.0924024 -0.0997409 0.131913 0.0924024 -0.0997409 0.150095
          0.0954024 -0.0815591 0.113731 0.0954024 -0.0997409 0.113731 0.0954024 -0.0997409 0.131913
          0.0954024 -0.0815591 0.113731 0.0954024 -0.0997409 0.131913 0.0954024 -0.0815591 0.131913
          0.0924024 -0.0815591 0.113731 0.0924024 -0.0633773 0.113731 0.0924024 -0.0633773 0.131913
          0.0924024 -0.0815591 0.113731 0.0924024 -0.0633773 0.131913 0.0924024 -0.0815591 0.131913
          0.0924024 -0.0815591 0.150095 0.0924024 -0.0997409 0.150095 0.0924024 -0.0997409 0.131913
          0.0924024 -0.0815591 0.150095 0.0924024 -0.0997409 0.131913 0.0924024 -0.0815591 0.131913
          0.0954024 -0.0451955 0.113731 0.0954024 -0.0270136 0.113731 0.0954024 -0.0270136 0.0955491
          0.0954024 -0.0451955 0.113731 0.0954024 -0.0270136 0.0955491 0.0954024 -0.0451955 0.0955491
          0.0924024 -0.0270136 0.0955491 0.0924024 -0.0451955 0.0955491 0.0924024 -0.0451955 0.0773673
          0.0924024 -0.0270136 0.0955491 0.0924024 -0.0451955 0.0773673 0.0924024 -0.0270136 0.0773673
          0.0924024 -0.0451955 0.113731 0.0924024 -0.0633773 0.113731 0.0924024 -0.0633773 0.0955491
          0.0924024 -0.0451955 0.113731 0.0924024 -0.0633773 0.0955491 0.0924024 -0.0451955 0.0955491
          0.0954024 -0.0270136 0.0955491 0.0954024 -0.0270136 0.113731 0.0954024 -0.00883182 0.113731
          0.0954024 -0.0270136 0.0955491 0.0954024 -0.00883182 0.113731 0.0954024 -0.00883182 0.0955491
          0.0924024 -0.00883182 0.0773673 0.0924024 -0.00883182 0.0955491 0.0924024 -0.0270136 0.0955491
          0.0924024 -0.00883182 0.0773673 0.0924024 -0.0270136 0.0955491 0.0924024 -0.0270136 0.0773673
          0.0924024 0.00935 0.0955491 0.0924024 0.00935 0.113731 0.0924024 -0.00883182 0.113731
          0.0924024 0.00935 0.0955491 0.0924024 -0.00883182 0.113731 0.0924024 -0.00883182 0.0955491
          0.0954024 -0.0270136 0.131913 0.0954024 -0.0270136 0.113731 0.0954024 -0.0451955 0.113731
          0.0954024 -0.0270136 0.131913 0.0954024 -0.0451955 0.113731 0.0954024 -0.0451955 0.131913
          0.0924024 -0.0633773 0.131913 0.0924024 -0.0633773 0.113731 0.0924024 -0.0451955 0.113731
          0.0924024 -0.0633773 0.131913 0.0924024 -0.0451955 0.113731 0.0924024 -0.0451955 0.131913
          0.0924024 -0.0451955 0.150095 0.0924024 -0.0451955 0.131913 0.0924024 -0.0270136 0.131913
          0.0924024 -0.0451955 0.150095 0.0924024 -0.0270136 0.131913 0.0924024 -0.0270136 0.150095
          0.0954024 -0.00883182 0.113731 0.0954024 -0.0270136 0.113731 0.0954024 -0.0270136 0.131913
          0.0954024 -0.00883182 0.113731 0.0954024 -0.0270136 0.131913 0.0954024 -0.00883182 0.131913
          0.0924024 -0.00883182 0.113731 0.0924024 0.00935 0.113731 0.0924024 0.00935 0.131913
          0.0924024 -0.00883182 0.113731 0.0924024 0.00935 0.131913 0.0924024 -0.00883182 0.131913
          0.0924024 -0.00883182 0.150095 0.0924024 -0.0270136 0.150095 0.0924024 -0.0270136 0.131913
          0.0924024 -0.00883182 0.150095 0.0924024 -0.0270136 0.131913 0.0924024 -0.00883182 0.131913
          0.0954024 0.0275318 0.113731 0.0954024 0.0457136 0.113731 0.0954024 0.0457136 0.0955491
          0.0954024 0.0275318 0.113731 0.0954024 0.0457136 0.0955491 0.0954024 0.0275318 0.0955491
          0.0924024 0.0457136 0.0955491 0.0924024 0.0275318 0.0955491 0.0924024 0.0275318 0.0773673
          0.0924024 0.0457136 0.0955491 0.0924024 0.0275318 0.0773673 0.0924024 0.0457136 0.0773673
          0.0924024 0.0275318 0.113731 0.0924024 0.00935 0.113731 0.0924024 0.00935 0.0955491
          0.0924024 0.0275318 0.113731 0.0924024 0.00935 0.0955491 0.0924024 0.0275318 0.0955491
          0.0954024 0.0457136 0.0955491 0.0954024 0.0457136 0.113731 0.0954024 0.0638955 0.113731
          0.0954024 0.0457136 0.0955491 0.0954024 0.0638955 0.113731 0.0954024 0.0638955 0.0955491
          0.0924024 0.0638955 0.0773673 0.0924024 0.0638955 0.0955491 0.0924024 0.0457136 0.0955491
          0.0924024 0.0638955 0.0773673 0.0924024 0.0457136 0.0955491 0.0924024 0.0457136 0.0773673
          0.0924024 0.0820773 0.0955491 0.0924024 0.0820773 0.113731 0.0924024 0.0638955 0.113731
          0.0924024 0.0820773 0.0955491 0.0924024 0.0638955 0.113731 0.0924024 0.0638955 0.0955491
          0.0954024 0.0457136 0.131913 0.0954024 0.0457136 0.113731 0.0954024 0.0275318 0.113731
          0.0954024 0.0457136 0.131913 0.0954024 0.0275318 0.113731 0.0954024 0.0275318 0.131913
          0.0924024 0.00935 0.131913 0.0924024 0.00935 0.113731 0.0924024 0.0275318 0.113731
          0.0924024 0.00935 0.131913 0.0924024 0.0275318 0.113731 0.0924024 0.0275318 0.131913
          0.0924024 0.0275318 0.150095 0.0924024 0.0275318 0.131913 0.0924024 0.0457136 0.131913
          0.0924024 0.0275318 0.150095 0.0924024 0.0457136 0.131913 0.0924024 0.0457136 0.150095
          0.0954024 0.0638955 0.113731 0.0954024 0.0457136 0.113731 0.0954024 0.0457136 0.131913
          0.0954024 0.0638955 0.113731 0.0954024 0.0457136 0.131913 0.0954024 0.0638955 0.131913
          0.0924024 0.0638955 0.113731 0.0924024 0.0820773 0.113731 0.0924024 0.0820773 0.131913
          0.0924024 0.0638955 0.113731 0.0924024 0.0820773 0.131913 0.0924024 0.0638955 0.131913
          0.0924024 0.0638955 0.150095 0.0924024 0.0457136 0.150095 0.0924024 0.0457136 0.131913
          0.0924024 0.0638955 0.150095 0.0924024 0.0457136 0.131913 0.0924024 0.0638955 0.131913
          0.0954024 0.100259 0.113731 0.0954024 0.118441 0.113731 0.0954024 0.118441 0.0955491
          0.0954024 0.100259 0.113731 0.0954024 0.118441 0.0955491 0.0954024 0.100259 0.0955491
          0.0924024 0.118441 0.0955491 0.0924024 0.100259 0.0955491 0.0924024 0.100259 0.0773673
          0.0924024 0.118441 0.0955491 0.0924024 0.100259 0.0773673 0.0924024 0.118441 0.0773673
          0.0924024 0.100259 0.113731 0.0924024 0.0820773 0.113731 0.0924024 0.0820773 0.0955491
          0.0924024 0.100259 0.113731 0.0924024 0.0820773 0.0955491 0.0924024 0.100259 0.0955491
          0.0954024 0.118441 0.0955491 0.0954024 0.118441 0.113731 0.0954024 0.136623 0.113731
          0.0954024 0.118441 0.0955491 0.0954024 0.136623 0.113731 0.0954024 0.136623 0.0955491
          0.0924024 0.136623 0.0773673 0.0924024 0.136623 0.0955491 0.0924024 0.118441 0.0955491
          0.0924024 0.136623 0.0773673 0.0924024 0.118441 0.0955491 0.0924024 0.118441 0.0773673
          0.0924024 0.154805 0.0955491 0.0924024 0.154805 0.113731 0.0924024 0.136623 0.113731
          0.0924024 0.154805 0.0955491 0.0924024 0.136623 0.113731 0.0924024 0.136623 0.0955491
          0.0954024 0.118441 0.131913 0.0954024 0.118441 0.113731 0.0954024 0.100259 0.113731
          0.0954024 0.118441 0.131913 0.0954024 0.100259 0.113731 0.0954024 0.100259 0.131913
          0.0924024 0.0820773 0.131913 0.0924024 0.0820773 0.113731 0.0924024 0.100259 0.113731
          0.0924024 0.0820773 0.131913 0.0924024 0.100259 0.113731 0.0924024 0.100259 0.131913
          0.0924024 0.100259 0.150095 0.0924024 0.100259 0.131913 0.0924024 0.118441 0.131913
          0.0924024 0.100259 0.150095 0.0924024 0.118441 0.131913 0.0924024 0.118441 0.150095
          0.0954024 0.136623 0.113731 0.0954024 0.118441 0.113731 0.0954024 0.118441 0.131913
          0.0954024 0.136623 0.113731 0.0954024 0.118441 0.131913 0.0954024 0.136623 0.131913
          0.0924024 0.136623 0.113731 0.0924024 0.154805 0.113731 0.0924024 0.154805 0.131913
          0.0924024 0.136623 0.113731 0.0924024 0.154805 0.131913 0.0924024 0.136623 0.131913
          0.0924024 0.136623 0.150095 0.0924024 0.118441 0.150095 0.0924024 0.118441 0.131913
          0.0924024 0.136623 0.150095 0.0924024 0.118441 0.131913 0.0924024 0.136623 0.131913
          0.0954024 0.172694 0.113731 0.0954024 0.188209 0.113731 0.0954024 0.188209 0.0955491
          0.0954024 0.172694 0.113731 0.0954024 0.188209 0.0955491 0.0954024 0.172694 0.0955491
          0.0924024 0.187514 0.0955491 0.0924024 0.172733 0.0955491 0.0924024 0.172733 0.0773673
          0.0924024 0.187514 0.0955491 0.0924024 0.172733 0.0773673 0.0924024 0.187514 0.0773673
          0.0924024 0.172733 0.113731 0.0924024 0.154805 0.113731 0.0924024 0.154805 0.0955491
          0.0924024 0.172733 0.113731 0.0924024 0.154805 0.0955491 0.0924024 0.172733 0.0955491
          0.0954024 0.188209 0.0955491 0.0954024 0.188209 0.113731 0.0924024 0.197983 0.113731
          0.0954024 0.188209 0.0955491 0.0924024 0.197983 0.113731 0.0924024 0.197983 0.0955491
          0.0924024 0.197983 0.0773673 0.0924024 0.197983 0.0955491 0.0924024 0.187514 0.0955491
          0.0924024 0.197983 0.0773673 0.0924024 0.187514 0.0955491 0.0924024 0.187514 0.0773673
          0.0954024 0.188209 0.131913 0.0954024 0.188209 0.113731 0.0954024 0.172694 0.113731
          0.0954024 0.188209 0.131913 0.0954024 0.172694 0.113731 0.0954024 0.172694 0.131913
          0.0924024 0.154805 0.131913 0.0924024 0.154805 0.113731 0.0924024 0.172733 0.113731
          0.0924024 0.154805 0.131913 0.0924024 0.172733 0.113731 0.0924024 0.172733 0.131913
          0.0924024 0.172733 0.150095 0.0924024 0.172733 0.131913 0.0924024 0.187514 0.131913
          0.0924024 0.172733 0.150095 0.0924024 0.187514 0.131913 0.0924024 0.187512 0.150116
          0.0924024 0.197983 0.113731 0.0954024 0.188209 0.113731 0.0954024 0.188209 0.131913
          0.0924024 0.197983 0.113731 0.0954024 0.188209 0.131913 0.0924024 0.197983 0.131913
          0.0924024 0.197983 0.150095 0.0924024 0.187512 0.150116 0.0924024 0.187514 0.131913
          0.0924024 0.197983 0.150095 0.0924024 0.187514 0.131913 0.0924024 0.197983 0.131913
          0.0954024 -0.169565 0.16803 0.0954024 -0.169947 0.183937 0.0954024 -0.15404 0.183555
          0.0954024 -0.169565 0.16803 0.0954024 -0.15404 0.183555 0.0954024 -0.154016 0.168006
          0.0924024 -0.154033 0.150095 0.0924024 -0.154036 0.168026 0.0924024 -0.168886 0.168039
          0.0924024 -0.154033 0.150095 0.0924024 -0.168886 0.168039 0.0924024 -0.168812 0.150116
          0.0924024 -0.136105 0.168023 0.0924024 -0.136126 0.182802 0.0924024 -0.154049 0.182876
          0.0924024 -0.136105 0.168023 0.0924024 -0.154049 0.182876 0.0924024 -0.154036 0.168026
          0.0954024 -0.15404 0.183555 0.0954024 -0.169947 0.183937 0.0924024 -0.170347 0.193577
          0.0954024 -0.15404 0.183555 0.0924024 -0.170347 0.193577 0.0924024 -0.154053 0.193297
          0.0924024 -0.154049 0.182876 0.0924024 -0.136126 0.182802 0.0924024 -0.136105 0.193273
          0.0924024 -0.154049 0.182876 0.0924024 -0.136105 0.193273 0.0924024 -0.154053 0.193297
          0.0954024 -0.117923 0.183499 0.0954024 -0.0997409 0.183499 0.0954024 -0.0997409 0.167984
          0.0954024 -0.117923 0.183499 0.0954024 -0.0997409 0.167984 0.0954024 -0.117923 0.167984
          0.0924024 -0.0997409 0.168023 0.0924024 -0.117923 0.168023 0.0924024 -0.117923 0.150095
          0.0924024 -0.0997409 0.168023 0.0924024 -0.117923 0.150095 0.0924024 -0.0997409 0.150095
          0.0924024 -0.117923 0.182804 0.0924024 -0.136126 0.182802 0.0924024 -0.136105 0.168023
          0.0924024 -0.117923 0.182804 0.0924024 -0.136105 0.168023 0.0924024 -0.117923 0.168023
          0.0954024 -0.0997409 0.167984 0.0954024 -0.0997409 0.183499 0.0954024 -0.0815591 0.183499
          0.0954024 -0.0997409 0.167984 0.0954024 -0.0815591 0.183499 0.0954024 -0.0815591 0.167984
          0.0924024 -0.0815591 0.150095 0.0924024 -0.0815591 0.168023 0.0924024 -0.0997409 0.168023
          0.0924024 -0.0815591 0.150095 0.0924024 -0.0997409 0.168023 0.0924024 -0.0997409 0.150095
          0.0924024 -0.0633773 0.168023 0.0924024 -0.0633773 0.182804 0.0924024 -0.0815591 0.182804
          0.0924024 -0.0633773 0.168023 0.0924024 -0.0815591 0.182804 0.0924024 -0.0815591 0.168023
          0.0924024 -0.0997409 0.193273 0.0954024 -0.0997409 0.183499 0.0954024 -0.117923 0.183499
          0.0924024 -0.0997409 0.193273 0.0954024 -0.117923 0.183499 0.0924024 -0.117923 0.193273
          0.0924024 -0.136105 0.193273 0.0924024 -0.136126 0.182802 0.0924024 -0.117923 0.182804
          0.0924024 -0.136105 0.193273 0.0924024 -0.117923 0.182804 0.0924024 -0.117923 0.193273
          0.0954024 -0.0815591 0.183499 0.0954024 -0.0997409 0.183499 0.0924024 -0.0997409 0.193273
          0.0954024 -0.0815591 0.183499 0.0924024 -0.0997409 0.193273 0.0924024 -0.0815591 0.193273
          0.0924024 -0.0815591 0.182804 0.0924024 -0.0633773 0.182804 0.0924024 -0.0633773 0.193273
          0.0924024 -0.0815591 0.182804 0.0924024 -0.0633773 0.193273 0.0924024 -0.0815591 0.193273
          0.0954024 -0.0451955 0.183499 0.0954024 -0.0270136 0.183499 0.0954024 -0.0270136 0.167984
          0.0954024 -0.0451955 0.183499 0.0954024 -0.0270136 0.167984 0.0954024 -0.0451955 0.167984
          0.0924024 -0.0270136 0.168023 0.0924024 -0.0451955 0.168023 0.0924024 -0.0451955 0.150095
          0.0924024 -0.0270136 0.168023 0.0924024 -0.0451955 0.150095 0.0924024 -0.0270136 0.150095
          0.0924024 -0.0451955 0.182804 0.0924024 -0.0633773 0.182804 0.0924024 -0.0633773 0.168023
          0.0924024 -0.0451955 0.182804 0.0924024 -0.0633773 0.168023 0.0924024 -0.0451955 0.168023
          0.0954024 -0.0270136 0.167984 0.0954024 -0.0270136 0.183499 0.0954024 -0.00883182 0.183499
          0.0954024 -0.0270136 0.167984 0.0954024 -0.00883182 0.183499 0.0954024 -0.00883182 0.167984
          0.0924024 -0.00883182 0.150095 0.0924024 -0.00883182 0.168023 0.0924024 -0.0270136 0.168023
          0.0924024 -0.00883182 0.150095 0.0924024 -0.0270136 0.168023 0.0924024 -0.0270136 0.150095
          0.0924024 0.00935 0.168023 0.0924024 0.00935 0.182804 0.0924024 -0.00883182 0.182804
          0.0924024 0.00935 0.168023 0.0924024 -0.00883182 0.182804 0.0924024 -0.00883182 0.168023
          0.0924024 -0.0270136 0.193273 0.0954024 -0.0270136 0.183499 0.0954024 -0.0451955 0.183499
          0.0924024 -0.0270136 0.193273 0.0954024 -0.0451955 0.183499 0.0924024 -0.0451955 0.193273
          0.0924024 -0.0633773 0.193273 0.0924024 -0.0633773 0.182804 0.0924024 -0.0451955 0.182804
          0.0924024 -0.0633773 0.193273 0.0924024 -0.0451955 0.182804 0.0924024 -0.0451955 0.193273
          0.0954024 -0.00883182 0.183499 0.0954024 -0.0270136 0.183499 0.0924024 -0.0270136 0.193273
          0.0954024 -0.00883182 0.183499 0.0924024 -0.0270136 0.193273 0.0924024 -0.00883182 0.193273
          0.0924024 -0.00883182 0.182804 0.0924024 0.00935 0.182804 0.0924024 0.00935 0.193273
          0.0924024 -0.00883182 0.182804 0.0924024 0.00935 0.193273 0.0924024 -0.00883182 0.193273
          0.0954024 0.0275318 0.183499 0.0954024 0.0457136 0.183499 0.0954024 0.0457136 0.167984
          0.0954024 0.0275318 0.183499 0.0954024 0.0457136 0.167984 0.0954024 0.0275318 0.167984
          0.0924024 0.0457136 0.168023 0.0924024 0.0275318 0.168023 0.0924024 0.0275318 0.150095
          0.0924024 0.0457136 0.168023 0.0924024 0.0275318 0.150095 0.0924024 0.0457136 0.150095
          0.0924024 0.0275318 0.182804 0.0924024 0.00935 0.182804 0.0924024 0.00935 0.168023
          0.0924024 0.0275318 0.182804 0.0924024 0.00935 0.168023 0.0924024 0.0275318 0.168023
          0.0954024 0.0457136 0.167984 0.0954024 0.0457136 0.183499 0.0954024 0.0638955 0.183499
          0.0954024 0.0457136 0.167984 0.0954024 0.0638955 0.183499 0.0954024 0.0638955 0.167984
          0.0924024 0.0638955 0.150095 0.0924024 0.0638955 0.168023 0.0924024 0.0457136 0.168023
          0.0924024 0.0638955 0.150095 0.0924024 0.0457136 0.168023 0.0924024 0.0457136 0.150095
          0.0924024 0.0820773 0.168023 0.0924024 0.0820773 0.182804 0.0924024 0.0638955 0.182804
          0.0924024 0.0820773 0.168023 0.0924024 0.0638955 0.182804 0.0924024 0.0638955 0.168023
          0.0924024 0.0457136 0.193273 0.0954024 0.0457136 0.183499 0.0954024 0.0275318 0.183499
          0.0924024 0.0457136 0.193273 0.0954024 0.0275318 0.183499 0.0924024 0.0275318 0.193273
          0.0924024 0.00935 0.193273 0.0924024 0.00935 0.182804 0.0924024 0.0275318 0.182804
          0.0924024 0.00935 0.193273 0.0924024 0.0275318 0.182804 0.0924024 0.0275318 0.193273
          0.0954024 0.0638955 0.183499 0.0954024 0.0457136 0.183499 0.0924024 0.0457136 0.193273
          0.0954024 0.0638955 0.183499 0.0924024 0.0457136 0.193273 0.0924024 0.0638955 0.193273
          0.0924024 0.0638955 0.182804 0.0924024 0.0820773 0.182804 0.0924024 0.0820773 0.193273
          0.0924024 0.0638955 0.182804 0.0924024 0.0820773 0.193273 0.0924024 0.0638955 0.193273
          0.0954024 0.100259 0.183499 0.0954024 0.118441 0.183499 0.0954024 0.118441 0.167984
          0.0954024 0.100259 0.183499 0.0954024 0.118441 0.167984 0.0954024 0.100259 0.167984
          0.0924024 0.118441 0.168023 0.0924024 0.100259 0.168023 0.0924024 0.100259 0.150095
          0.0924024 0.118441 0.168023 0.0924024 0.100259 0.150095 0.0924024 0.118441 0.150095
          0.0924024 0.100259 0.182804 0.0924024 0.0820773 0.182804 0.0924024 0.0820773 0.168023
          0.0924024 0.100259 0.182804 0.0924024 0.0820773 0.168023 0.0924024 0.100259 0.168023
          0.0954024 0.118441 0.167984 0.0954024 0.118441 0.183499 0.0954024 0.136623 0.183499
          0.0954024 0.118441 0.167984 0.0954024 0.136623 0.183499 0.0954024 0.136623 0.167984
          0.0924024 0.136623 0.150095 0.0924024 0.136623 0.168023 0.0924024 0.118441 0.168023
          0.0924024 0.136623 0.150095 0.0924024 0.118441 0.168023 0.0924024 0.118441 0.150095
          0.0924024 0.154805 0.168023 0.0924024 0.154826 0.182802 0.0924024 0.136623 0.182804
          0.0924024 0.154805 0.168023 0.0924024 0.136623 0.182804 0.0924024 0.136623 0.168023
          0.0924024 0.118441 0.193273 0.0954024 0.118441 0.183499 0.0954024 0.100259 0.183499
          0.0924024 0.118441 0.193273 0.0954024 0.100259 0.183499 0.0924024 0.100259 0.193273
          0.0924024 0.0820773 0.193273 0.0924024 0.0820773 0.182804 0.0924024 0.100259 0.182804
          0.0924024 0.0820773 0.193273 0.0924024 0.100259 0.182804 0.0924024 0.100259 0.193273
          0.0954024 0.136623 0.183499 0.0954024 0.118441 0.183499 0.0924024 0.118441 0.193273
          0.0954024 0.136623 0.183499 0.0924024 0.118441 0.193273 0.0924024 0.136623 0.193273
          0.0924024 0.136623 0.182804 0.0924024 0.154826 0.182802 0.0924024 0.154805 0.193273
          0.0924024 0.136623 0.182804 0.0924024 0.154805 0.193273 0.0924024 0.136623 0.193273
          0.0954024 0.17274 0.183555 0.0954024 0.188646 0.183937 0.0954024 0.188265 0.16803
          0.0954024 0.17274 0.183555 0.0954024 0.188265 0.16803 0.0954024 0.172716 0.168006
          0.0924024 0.187586 0.168039 0.0924024 0.172736 0.168026 0.0924024 0.172733 0.150095
          0.0924024 0.187586 0.168039 0.0924024 0.172733 0.150095 0.0924024 0.187512 0.150116
          0.0924024 0.172749 0.182876 0.0924024 0.154826 0.182802 0.0924024 0.154805 0.168023
          0.0924024 0.172749 0.182876 0.0924024 0.154805 0.168023 0.0924024 0.172736 0.168026
          0.0954024 0.188265 0.16803 0.0954024 0.188646 0.183937 0.0924024 0.198287 0.184337
          0.0954024 0.188265 0.16803 0.0924024 0.198287 0.184337 0.0924024 0.198007 0.168043
          0.0924024 0.197983 0.150095 0.0924024 0.198007 0.168043 0.0924024 0.187586 0.168039
          0.0924024 0.197983 0.150095 0.0924024 0.187586 0.168039 0.0924024 0.187512 0.150116
          0.0924024 0.189047 0.193577 0.0954024 0.188646 0.183937 0.0954024 0.17274 0.183555
          0.0924024 0.189047 0.193577 0.0954024 0.17274 0.183555 0.0924024 0.172753 0.193297
          0.0924024 0.154805 0.193273 0.0924024 0.154826 0.182802 0.0924024 0.172749 0.182876
          0.0924024 0.154805 0.193273 0.0924024 0.172749 0.182876 0.0924024 0.172753 0.193297
          0.0924024 0.198287 0.184337 0.0954024 0.188646 0.183937 0.0924024 0.189047 0.193577
          0.0924024 0.198287 0.184337 0.0924024 0.189047 0.193577 0.0924024 0.200377 0.195667
          0.0924024 -0.170347 -0.184297 0.0924024 -0.181677 -0.186387 0.0924024 -0.179587 -0.175057
          0.0924024 -0.170347 -0.184297 0.0924024 -0.179587 -0.175057 0.0954024 -0.169947 -0.174656
          0.0954024 -0.169565 -0.15875 0.0954024 -0.169947 -0.174656 0.0924024 -0.179587 -0.175057
          0.0954024 -0.169565 -0.15875 0.0924024 -0.179587 -0.175057 0.0924024 -0.179307 -0.158763
          0.0924024 -0.179283 -0.140815 0.0924024 -0.179307 -0.158763 0.0924024 -0.168886 -0.158759
          0.0924024 -0.179283 -0.140815 0.0924024 -0.168886 -0.158759 0.0924024 -0.168812 -0.140836
          0.0954024 -0.169509 -0.122633 0.0924024 -0.179283 -0.122633 0.0924024 -0.179283 -0.104451
          0.0954024 -0.169509 -0.122633 0.0924024 -0.179283 -0.104451 0.0954024 -0.169509 -0.104451
          0.0924024 -0.168814 -0.122633 0.0924024 -0.179283 -0.122633 0.0924024 -0.179283 -0.140815
          0.0924024 -0.168814 -0.122633 0.0924024 -0.179283 -0.140815 0.0924024 -0.168812 -0.140836
          0.0954024 -0.169509 -0.0862691 0.0954024 -0.169509 -0.104451 0.0924024 -0.179283 -0.104451
          0.0954024 -0.169509 -0.0862691 0.0924024 -0.179283 -0.104451 0.0924024 -0.179283 -0.0862691
          0.0924024 -0.179283 -0.0680873 0.0924024 -0.179283 -0.0862691 0.0924024 -0.168814 -0.0862691
          0.0924024 -0.179283 -0.0680873 0.0924024 -0.168814 -0.0862691 0.0924024 -0.168814 -0.0680873
          0.0954024 -0.169509 -0.0499055 0.0924024 -0.179283 -0.0499055 0.0924024 -0.179283 -0.0317236
          0.0954024 -0.169509 -0.0499055 0.0924024 -0.179283 -0.0317236 0.0954024 -0.169509 -0.0317236
          0.0924024 -0.168814 -0.0499055 0.0924024 -0.179283 -0.0499055 0.0924024 -0.179283 -0.0680873
          0.0924024 -0.168814 -0.0499055 0.0924024 -0.179283 -0.0680873 0.0924024 -0.168814 -0.0680873
          0.0954024 -0.169509 -0.0135418 0.0954024 -0.169509 -0.0317236 0.0924024 -0.179283 -0.0317236
          0.0954024 -0.169509 -0.0135418 0.0924024 -0.179283 -0.0317236 0.0924024 -0.179283 -0.0135418
          0.0924024 -0.179283 0.00464 0.0924024 -0.179283 -0.0135418 0.0924024 -0.168814 -0.0135418
          0.0924024 -0.179283 0.00464 0.0924024 -0.168814 -0.0135418 0.0924024 -0.168814 0.00464
          0.0954024 -0.169509 0.0228218 0.0924024 -0.179283 0.0228218 0.0924024 -0.179283 0.0410036
          0.0954024 -0.169509 0.0228218 0.0924024 -0.179283 0.0410036 0.0954024 -0.169509 0.0410036
          0.0924024 -0.168814 0.0228218 0.0924024 -0.179283 0.0228218 0.0924024 -0.179283 0.00464
          0.0924024 -0.168814 0.0228218 0.0924024 -0.179283 0.00464 0.0924024 -0.168814 0.00464
          0.0954024 -0.169509 0.0591855 0.0954024 -0.169509 0.0410036 0.0924024 -0.179283 0.0410036
          0.0954024 -0.169509 0.0591855 0.0924024 -0.179283 0.0410036 0.0924024 -0.179283 0.0591855
          0.0924024 -0.179283 0.0773673 0.0924024 -0.179283 0.0591855 0.0924024 -0.168814 0.0591855
          0.0924024 -0.179283 0.0773673 0.0924024 -0.168814 0.0591855 0.0924024 -0.168814 0.0773673
          0.0954024 -0.169509 0.0955491 0.0924024 -0.179283 0.0955491 0.0924024 -0.179283 0.113731
          0.0954024 -0.169509 0.0955491 0.0924024 -0.179283 0.113731 0.0954024 -0.169509 0.113731
          0.0924024 -0.168814 0.0955491 0.0924024 -0.179283 0.0955491 0.0924024 -0.179283 0.0773673
          0.0924024 -0.168814 0.0955491 0.0924024 -0.179283 0.0773673 0.0924024 -0.168814 0.0773673
          0.0954024 -0.169509 0.131913 0.0954024 -0.169509 0.113731 0.0924024 -0.179283 0.113731
          0.0954024 -0.169509 0.131913 0.0924024 -0.179283 0.113731 0.0924024 -0.179283 0.131913
          0.0924024 -0.179283 0.150095 0.0924024 -0.179283 0.131913 0.0924024 -0.168814 0.131913
          0.0924024 -0.179283 0.150095 0.0924024 -0.168814 0.131913 0.0924024 -0.168812 0.150116
          0.0954024 -0.169565 0.16803 0.0924024 -0.179307 0.168043 0.0924024 -0.179587 0.184337
          0.0954024 -0.169565 0.16803 0.0924024 -0.179587 0.184337 0.0954024 -0.169947 0.183937
          0.0924024 -0.168886 0.168039 0.0924024 -0.179307 0.168043 0.0924024 -0.179283 0.150095
          0.0924024 -0.168886 0.168039 0.0924024 -0.179283 0.150095 0.0924024 -0.168812 0.150116
          0.0924024 -0.170347 0.193577 0.0954024 -0.169947 0.183937 0.0924024 -0.179587 0.184337
          0.0924024 -0.170347 0.193577 0.0924024 -0.179587 0.184337 0.0924024 -0.181677 0.195667
        </DataArray>
      </Points>
      <Polys>
        <DataArray type="Int32" Name="connectivity" format="ascii">
          0 1 2 3 4 5 6 7 8 9 10 11 12 13 14 15 16 17
          18 19 20 21 22 23 24 25 26 27 28 29 30 31 32 33 34 35
          36 37 38 39 40 41 42 43 44 45 46 47 48 49 50 51 52 53
          54 55 56 57 58 59 60 61 62 63 64 65 66 67 68 69 70 71
          72 73 74 75 76 77 78 79 80 81 82 83 84 85 86 87 88 89
          90 91 92 93 94 95 96 97 98 99 100 101 102 103 104 105 106 107
          108 109 110 111 112 113 114 115 116 117 118 119 120 121 122 123 124 125
          126 127 128 129 130 131 132 133 134 135 136 137 138 139 140 141 142 143
          144 145 146 147 148 149 150 151 152 153 154 155 156 157 158 159 160 161
          162 163 164 165 166 167 168 169 170 171 172 173 174 175 176 177 178 179
          180 181 182 183 184 185 186 187 188 189 190 191 192 193 194 195 196 197
          198 199 200 201 202 203 204 205 206 207 208 209 210 211 212 213 214 215
          216 217 218 219 220 221 222 223 224 225 226 227 228 229 230 231 232 233
          234 235 236 237 238 239 240 241 242 243 244 245 246 247 248 249 250 251
          252 253 254 255 256 257 258 259 260 261 262 263 264 265 266 267 268 269
          270 271 272 273 274 275 276 277 278 279 280 281 282 283 284 285 286 287
          288 289 290 291 292 293 294 295 296 297 298 299 300 301 302 303 304 305
          306 307 308 309 310 311 312 313 314 315 316 317 318 319 320 321 322 323
          324 325 326 327 328 329 330 331 332 333 334 335 336 337 338 339 340 341
          342 343 344 345 346 347 348 349 350 351 352 353 354 355 356 357 358 359
          360 361 362 363 364 365 366 367 368 369 370 371 372 373 374 375 376 377
          378 379 380 381 382 383 384 385 386 387 388 389 390 391 392 393 394 395
          396 397 398 399 400 401 402 403 404 405 406 407 408 409 410 411 412 413
          414 415 416 417 418 419 420 421 422 423 424 425 426 427 428 429 430 431
          432 433 434 435 436 437 438 439 440 441 442 443 444 445 446 447 448 449
          450 451 452 453 454 455 456 457 458 459 460 461 462 463 464 465 466 467
          468 469 470 471 472 473 474 475 476 477 478 479 480 481 482 483 484 485
          486 487 488 489 490 491 492 493 494 495 496 497 498 499 500 501 502 503
          504 505 506 507 508 509 510 511 512 513 514 515 516 517 518 519 520 521
          522 523 524 525 526 527 528 529 530 531 532 533 534 535 536 537 538 539
          540 541 542 543 544 545 546 547 548 549 550 551 552 553 554 555 556 557
          558 559 560 561 562 563 564 565 566 567 568 569 570 571 572 573 574 575
          576 577 578 579 580 581 582 583 584 585 586 587 588 589 590 591 592 593
          594 595 596 597 598 599 600 601 602 603 604 605 606 607 608 609 610 611
          612 613 614 615 616 617 618 619 620 621 622 623 624 625 626 627 628 629
          630 631 632 633 634 635 636 637 638 639 640 641 642 643 644 645 646 647
          648 649 650 651 652 653 654 655 656 657 658 659 660 661 662 663 664 665
          666 667 668 669 670 671 672 673 674 675 676 677 678 679 680 681 682 683
          684 685 686 687 688 689 690 691 692 693 694 695 696 697 698 699 700 701
          702 703 704 705 706 707 708 709 710 711 712 713 714 715 716 717 718 719
          720 721 722 723 724 725 726 727 728 729 730 731 732 733 734 735 736 737
          738 739 740 741 742 743 744 745 746 747 748 749 750 751 752 753 754 755
          756 757 758 759 760 761 762 763 764 765 766 767 768 769 770 771 772 773
          774 775 776 777 778 779 780 781 782 783 784 785 786 787 788 789 790 791
          792 793 794 795 796 797 798 799 800 801 802 803 804 805 806 807 808 809
          810 811 812 813 814 815 816 817 818 819 820 821 822 823 824 825 826 827
          828 829 830 831 832 833 834 835 836 837 838 839 840 841 842 843 844 845
          846 847 848 849 850 851 852 853 854 855 856 857 858 859 860 861 862 863
          864 865 866 867 868 869 870 871 872 873 874 875 876 877 878 879 880 881
          882 883 884 885 886 887 888 889 890 891 892 893 894 895 896 897 898 899
          900 901 902 903 904 905 906 907 908 909 910 911 912 913 914 915 916 917
          918 919 920 921 922 923 924 925 926 927 928 929 930 931 932 933 934 935
          936 937 938 939 940 941 942 943 944 945 946 947 948 949 950 951 952 953
          954 955 956 957 958 959 960 961 962 963 964 965 966 967 968 969 970 971
          972 973 974 975 976 977 978 979 980 981 982 983 984 985 986 987 988 989
          990 991 992 993 994 995 996 997 998 999 1000 1001 1002 1003 1004 1005 1006 1007
          1008 1009 1010 1011 1012 1013 1014 1015 1016 1017 1018 1019 1020 1021 1022 1023 1024 1025
          1026 1027 1028 1029 1030 1031 1032 1033 1034 1035 1036 1037 1038 1039 1040 1041 1042 1043
          1044 1045 1046 1047 1048 1049 1050 1051 1052 1053 1054 1055 1056 1057 1058 1059 1060 1061
          1062 1063 1064 1065 1066 1067 1068 1069 1070 1071 1072 1073 1074 1075 1076 1077 1078 1079
          1080 1081 1082 1083 1084 1085 1086 1087 1088 1089 1090 1091 1092 1093 1094 1095 1096 1097
          1098 1099 1100 1101 1102 1103 1104 1105 1106 1107 1108 1109 1110 1111 1112 1113 1114 1115
          1116 1117 1118 1119 1120 1121 1122 1123 1124 1125 1126 1127 1128 1129 1130 1131 1132 1133
          1134 1135 1136 1137 1138 1139 1140 1141 1142 1143 1144 1145 1146 1147 1148 1149 1150 1151
          1152 1153 1154 1155 1156 1157 1158 1159 1160 1161 1162 1163 1164 1165 1166 1167 1168 1169
          1170 1171 1172 1173 1174 1175 1176 1177 1178 1179 1180 1181 1182 1183 1184 1185 1186 1187
          1188 1189 1190 1191 1192 1193 1194 1195 1196 1197 1198 1199 1200 1201 1202 1203 1204 1205
          1206 1207 1208 1209 1210 1211 1212 1213 1214 1215 1216 1217 1218 1219 1220 1221 1222 1223
          1224 1225 1226 1227 1228 1229 1230 1231 1232 1233 1234 1235 1236 1237 1238 1239 1240 1241
          1242 1243 1244 1245 1246 1247 1248 1249 1250 1251 1252 1253 1254 1255 1256 1257 1258 1259
          1260 1261 1262 1263 1264 1265 1266 1267 1268 1269 1270 1271 1272 1273 1274 1275 1276 1277
          1278 1279 1280 1281 1282 1283 1284 1285 1286 1287 1288 1289 1290 1291 1292 1293 1294 1295
          1296 1297 1298 1299 1300 1301 1302 1303 1304 1305 1306 1307 1308 1309 1310 1311 1312 1313
          1314 1315 1316 1317 1318 1319 1320 1321 1322 1323 1324 1325 1326 1327 1328 1329 1330 1331
          1332 1333 1334 1335 1336 1337 1338 1339 1340 1341 1342 1343 1344 1345 1346 1347 1348 1349
          1350 1351 1352 1353 1354 1355 1356 1357 1358 1359 1360 1361 1362 1363 1364 1365 1366 1367
          1368 1369 1370 1371 1372 1373 1374 1375 1376 1377 1378 1379 1380 1381 1382 1383 1384 1385
          1386 1387 1388 1389 1390 1391 1392 1393 1394 1395 1396 1397 1398 1399 1400 1401 1402 1403
          1404 1405 1406 1407 1408 1409 1410 1411 1412 1413 1414 1415 1416 1417 1418 1419 1420 1421
          1422 1423 1424 1425 1426 1427 1428 1429 1430 1431 1432 1433 1434 1435 1436 1437 1438 1439
          1440 1441 1442 1443 1444 1445 1446 1447 1448 1449 1450 1451 1452 1453 1454 1455 1456 1457
          1458 1459 1460 1461 1462 1463 1464 1465 1466 1467 1468 1469 1470 1471 1472 1473 1474 1475
          1476 1477 1478 1479 1480 1481 1482 1483 1484 1485 1486 1487 1488 1489 1490 1491 1492 1493
          1494 1495 1496 1497 1498 1499 1500 1501 1502 1503 1504 1505 1506 1507 1508 1509 1510 1511
          1512 1513 1514 1515 1516 1517 1518 1519 1520 1521 1522 1523 1524 1525 1526 1527 1528 1529
          1530 1531 1532 1533 1534 1535 1536 1537 1538 1539 1540 1541 1542 1543 1544 1545 1546 1547
          1548 1549 1550 1551 1552 1553 1554 1555 1556 1557 1558 1559 1560 1561 1562 1563 1564 1565
          1566 1567 1568 1569 1570 1571 1572 1573 1574 1575 1576 1577 1578 1579 1580 1581 1582 1583
          1584 1585 1586 1587 1588 1589 1590 1591 1592 1593 1594 1595 1596 1597 1598 1599 1600 1601
          1602 1603 1604 1605 1606 1607 1608 1609 1610 1611 1612 1613 1614 1615 1616 1617 1618 1619
          1620 1621 1622 1623 1624 1625 1626 1627 1628 1629 1630 1631 1632 1633 1634 1635 1636 1637
          1638 1639 1640 1641 1642 1643 1644 1645 1646 1647 1648 1649 1650 1651 1652 1653 1654 1655
          1656 1657 1658 1659 1660 1661 1662 1663 1664 1665 1666 1667 1668 1669 1670 1671 1672 1673
          1674 1675 1676 1677 1678 1679 1680 1681 1682 1683 1684 1685 1686 1687 1688 1689 1690 1691
          1692 1693 1694 1695 1696 1697 1698 1699 1700 1701 1702 1703 1704 1705 1706 1707 1708 1709
          1710 1711 1712 1713 1714 1715 1716 1717 1718 1719 1720 1721 1722 1723 1724 1725 1726 1727
          1728 1729 1730 1731 1732 1733 1734 1735 1736 1737 1738 1739 1740 1741 1742 1743 1744 1745
          1746 1747 1748 1749 1750 1751 1752 1753 1754 1755 1756 1757 1758 1759 1760 1761 1762 1763
          1764 1765 1766 1767 1768 1769 1770 1771 1772 1773 1774 1775 1776 1777 1778 1779 1780 1781
          1782 1783 1784 1785 1786 1787 1788 1789 1790 1791 1792 1793 1794 1795 1796 1797 1798 1799
          1800 1801 1802 1803 1804 1805 1806 1807 1808 1809 1810 1811 1812 1813 1814 1815 1816 1817
          1818 1819 1820 1821 1822 1823 1824 1825 1826 1827 1828 1829 1830 1831 1832 1833 1834 1835
          1836 1837 1838 1839 1840 1841 1842 1843 1844 1845 1846 1847 1848 1849 1850 1851 1852 1853
          1854 1855 1856 1857 1858 1859 1860 1861 1862 1863 1864 1865 1866 1867 1868 1869 1870 1871
          1872 1873 1874 1875 1876 1877 1878 1879 1880 1881 1882 1883 1884 1885 1886 1887 1888 1889
          1890 1891 1892 1893 1894 1895 1896 1897 1898 1899 1900 1901 1902 1903 1904 1905 1906 1907
          1908 1909 1910 1911 1912 1913 1914 1915 1916 1917 1918 1919 1920 1921 1922 1923 1924 1925
          1926 1927 1928 1929 1930 1931 1932 1933 1934 1935 1936 1937 1938 1939 1940 1941 1942 1943
          1944 1945 1946 1947 1948 1949 1950 1951 1952 1953 1954 1955 1956 1957 1958 1959 1960 1961
          1962 1963 1964 1965 1966 1967 1968 1969 1970 1971 1972 1973 1974 1975 1976 1977 1978 1979
          1980 1981 1982 1983 1984 1985 1986 1987 1988 1989 1990 1991 1992 1993 1994 1995 1996 1997
          1998 1999 2000 2001 2002 2003 2004 2005 2006 2007 2008 2009 2010 2011 2012 2013 2014 2015
          2016 2017 2018 2019 2020 2021 2022 2023 2024 2025 2026 2027 2028 2029 2030 2031 2032 2033
          2034 2035 2036 2037 2038 2039 2040 2041 2042 2043 2044 2045 2046 2047 2048 2049 2050 2051
          2052 2053 2054 2055 2056 2057 2058 2059 2060 2061 2062 2063 2064 2065 2066 2067 2068 2069
          2070 2071 2072 2073 2074 2075 2076 2077 2078 2079 2080 2081 2082 2083 2084 2085 2086 2087
          2088 2089 2090 2091 2092 2093 2094 2095 2096 2097 2098 2099 2100 2101 2102 2103 2104 2105
          2106 2107 2108 2109 2110 2111 2112 2113 2114 2115 2116 2117 2118 2119 2120 2121 2122 2123
          2124 2125 2126 2127 2128 2129 2130 2131 2132 2133 2134 2135 2136 2137 2138 2139 2140 2141
          2142 2143 2144 2145 2146 2147 2148 2149 2150 2151 2152 2153 2154 2155 2156 2157 2158 2159
          2160 2161 2162 2163 2164 2165 2166 2167 2168 2169 2170 2171 2172 2173 2174 2175 2176 2177
          2178 2179 2180 2181 2182 2183 2184 2185 2186 2187 2188 2189 2190 2191 2192 2193 2194 2195
          2196 2197 2198 2199 2200 2201 2202 2203 2204 2205 2206 2207 2208 2209 2210 2211 2212 2213
          2214 2215 2216 2217 2218 2219 2220 2221 2222 2223 2224 2225 2226 2227 2228 2229 2230 2231
          2232 2233 2234 2235 2236 2237 2238 2239 2240 2241 2242 2243 2244 2245 2246 2247 2248 2249
          2250 2251 2252 2253 2254 2255 2256 2257 2258 2259 2260 2261 2262 2263 2264 2265 2266 2267
          2268 2269 2270 2271 2272 2273 2274 2275 2276 2277 2278 2279 2280 2281 2282 2283 2284 2285
          2286 2287 2288 2289 2290 2291 2292 2293 2294 2295 2296 2297 2298 2299 2300 2301 2302 2303
          2304 2305 2306 2307 2308 2309 2310 2311 2312 2313 2314 2315 2316 2317 2318 2319 2320 2321
          2322 2323 2324 2325 2326 2327 2328 2329 2330 2331 2332 2333 2334 2335 2336 2337 2338 2339
          2340 2341 2342 2343 2344 2345 2346 2347 2348 2349 2350 2351 2352 2353 2354 2355 2356 2357
          2358 2359 2360 2361 2362 2363 2364 2365 2366 2367 2368 2369 2370 2371 2372 2373 2374 2375
          2376 2377 2378 2379 2380 2381 2382 2383 2384 2385 2386 2387 2388 2389 2390 2391 2392 2393
          2394 2395 2396 2397 2398 2399 2400 2401 2402 2403 2404 2405 2406 2407 2408 2409 2410 2411
          2412 2413 2414 2415 2416 2417 2418 2419 2420 2421 2422 2423 2424 2425 2426 2427 2428 2429
          2430 2431 2432 2433 2434 2435 2436 2437 2438 2439 2440 2441 2442 2443 2444 2445 2446 2447
          2448 2449 2450 2451 2452 2453 2454 2455 2456 2457 2458 2459 2460 2461 2462 2463 2464 2465
          2466 2467 2468 2469 2470 2471 2472 2473 2474 2475 2476 2477 2478 2479 2480 2481 2482 2483
          2484 2485 2486 2487 2488 2489 2490 2491 2492 2493 2494 2495 2496 2497 2498 2499 2500 2501
          2502 2503 2504 2505 2506 2507 2508 2509 2510 2511 2512 2513 2514 2515 2516 2517 2518 2519
          2520 2521 2522 2523 2524 2525 2526 2527 2528 2529 2530 2531 2532 2533 2534 2535 2536 2537
          2538 2539 2540 2541 2542 2543 2544 2545 2546 2547 2548 2549 2550 2551 2552 2553 2554 2555
          2556 2557 2558 2559 2560 2561 2562 2563 2564 2565 2566 2567 2568 2569 2570 2571 2572 2573
          2574 2575 2576 2577 2578 2579 2580 2581 2582 2583 2584 2585 2586 2587 2588 2589 2590 2591
          2592 2593 2594 2595 2596 2597 2598 2599 2600 2601 2602 2603 2604 2605 2606 2607 2608 2609
          2610 2611 2612 2613 2614 2615 2616 2617 2618 2619 2620 2621 2622 2623 2624 2625 2626 2627
          2628 2629 2630 2631 2632 2633 2634 2635 2636 2637 2638 2639 2640 2641 2642 2643 2644 2645
          2646 2647 2648 2649 2650 2651 2652 2653 2654 2655 2656 2657 2658 2659 2660 2661 2662 2663
          2664 2665 2666 2667 2668 2669 2670 2671 2672 2673 2674 2675 2676 2677 2678 2679 2680 2681
          2682 2683 2684 2685 2686 2687 2688 2689 2690 2691 2692 2693 2694 2695 2696 2697 2698 2699
          2700 2701 2702 2703 2704 2705 2706 2707 2708 2709 2710 2711 2712 2713 2714 2715 2716 2717
          2718 2719 2720 2721 2722 2723 2724 2725 2726 2727 2728 2729 2730 2731 2732 2733 2734 2735
          2736 2737 2738 2739 2740 2741 2742 2743 2744 2745 2746 2747 2748 2749 2750 2751 2752 2753
          2754 2755 2756 2757 2758 2759 2760 2761 2762 2763 2764 2765 2766 2767 2768 2769 2770 2771
          2772 2773 2774 2775 2776 2777 2778 2779 2780 2781 2782 2783 2784 2785 2786 2787 2788 2789
          2790 2791 2792 2793 2794 2795 2796 2797 2798 2799 2800 2801 2802 2803 2804 2805 2806 2807
          2808 2809 2810 2811 2812 2813 2814 2815 2816 2817 2818 2819 2820 2821 2822 2823 2824 2825
          2826 2827 2828 2829 2830 2831 2832 2833 2834 2835 2836 2837 2838 2839 2840 2841 2842 2843
          2844 2845 2846 2847 2848 2849 2850 2851 2852 2853 2854 2855 2856 2857 2858 2859 2860 2861
          2862 2863 2864 2865 2866 2867 2868 2869 2870 2871 2872 2873 2874 2875 2876 2877 2878 2879
          2880 2881 2882 2883 2884 2885 2886 2887 2888 2889 2890 2891 2892 2893 2894 2895 2896 2897
          2898 2899 2900 2901 2902 2903 2904 2905 2906 2907 2908 2909 2910 2911 2912 2913 2914 2915
          2916 2917 2918 2919 2920 2921 2922 2923 2924 2925 2926 2927 2928 2929 2930 2931 2932 2933
          2934 2935 2936 2937 2938 2939 2940 2941 2942 2943 2944 2945 2946 2947 2948 2949 2950 2951
          2952 2953 2954 2955 2956 2957 2958 2959 2960 2961 2962 2963 2964 2965 2966 2967 2968 2969
          2970 2971 2972 2973 2974 2975 2976 2977 2978 2979 2980 2981 2982 2983 2984 2985 2986 2987
          2988 2989 2990 2991 2992 2993 2994 2995 2996 2997 2998 2999 3000 3001 3002 3003 3004 3005
          3006 3007 3008 3009 3010 3011 3012 3013 3014 3015 3016 3017 3018 3019 3020 3021 3022 3023
          3024 3025 3026 3027 3028 3029 3030 3031 3032 3033 3034 3035 3036 3037 3038 3039 3040 3041
          3042 3043 3044 3045 3046 3047 3048 3049 3050 3051 3052 3053 3054 3055 3056 3057 3058 3059
          3060 3061 3062 3063 3064 3065 3066 3067 3068 3069 3070 3071 3072 3073 3074 3075 3076 3077
          3078 3079 3080 3081 3082 3083 3084 3085 3086 3087 3088 3089 3090 3091 3092 3093 3094 3095
          3096 3097 3098 3099 3100 3101 3102 3103 3104 3105 3106 3107 3108 3109 3110 3111 3112 3113
          3114 3115 3116 3117 3118 3119 3120 3121 3122 3123 3124 3125 3126 3127 3128 3129 3130 3131
          3132 3133 3134 3135 3136 3137 3138 3139 3140 3141 3142 3143 3144 3145 3146 3147 3148 3149
          3150 3151 3152 3153 3154 3155 3156 3157 3158 3159 3160 3161 3162 3163 3164 3165 3166 3167
          3168 3169 3170 3171 3172 3173 3174 3175 3176 3177 3178 3179 3180 3181 3182 3183 3184 3185
          3186 3187 3188 3189 3190 3191 3192 3193 3194 3195 3196 3197 3198 3199 3200 3201 3202 3203
          3204 3205 3206 3207 3208 3209 3210 3211 3212 3213 3214 3215 3216 3217 3218 3219 3220 3221
          3222 3223 3224 3225 3226 3227 3228 3229 3230 3231 3232 3233 3234 3235 3236 3237 3238 3239
          3240 3241 3242 3243 3244 3245 3246 3247 3248 3249 3250 3251 3252 3253 3254 3255 3256 3257
          3258 3259 3260 3261 3262 3263 3264 3265 3266 3267 3268 3269 3270 3271 3272 3273 3274 3275
          3276 3277 3278 3279 3280 3281 3282 3283 3284 3285 3286 3287 3288 3289 3290 3291 3292 3293
          3294 3295 3296 3297 3298 3299 3300 3301 3302 3303 3304 3305 3306 3307 3308 3309 3310 3311
          3312 3313 3314 3315 3316 3317 3318 3319 3320 3321 3322 3323 3324 3325 3326 3327 3328 3329
          3330 3331 3332 3333 3334 3335 3336 3337 3338 3339 3340 3341 3342 3343 3344 3345 3346 3347
          3348 3349 3350 3351 3352 3353 3354 3355 3356 3357 3358 3359 3360 3361 3362 3363 3364 3365
          3366 3367 3368 3369 3370 3371 3372 3373 3374 3375 3376 3377 3378 3379 3380 3381 3382 3383
          3384 3385 3386 3387 3388 3389 3390 3391 3392 3393 3394 3395 3396 3397 3398 3399 3400 3401
          3402 3403 3404 3405 3406 3407 3408 3409 3410 3411 3412 3413 3414 3415 3416 3417 3418 3419
          3420 3421 3422 3423 3424 3425 3426 3427 3428 3429 3430 3431 3432 3433 3434 3435 3436 3437
          3438 3439 3440 3441 3442 3443 3444 3445 3446 3447 3448 3449 3450 3451 3452 3453 3454 3455
          3456 3457 3458 3459 3460 3461 3462 3463 3464 3465 3466 3467 3468 3469 3470 3471 3472 3473
          3474 3475 3476 3477 3478 3479 3480 3481 3482 3483 3484 3485 3486 3487 3488 3489 3490 3491
          3492 3493 3494 3495 3496 3497 3498 3499 3500 3501 3502 3503 3504 3505 3506 3507 3508 3509
          3510 3511 3512 3513 3514 3515 3516 3517 3518 3519 3520 3521 3522 3523 3524 3525 3526 3527
          3528 3529 3530 3531 3532 3533 3534 3535 3536 3537 3538 3539 3540 3541 3542 3543 3544 3545
          3546 3547 3548 3549 3550 3551 3552 3553 3554 3555 3556 3557 3558 3559 3560 3561 3562 3563
          3564 3565 3566 3567 3568 3569 3570 3571 3572 3573 3574 3575 3576 3577 3578 3579 3580 3581
          3582 3583 3584 3585 3586 3587 3588 3589 3590 3591 3592 3593 3594 3595 3596 3597 3598 3599
          3600 3601 3602 3603 3604 3605 3606 3607 3608 3609 3610 3611 3612 3613 3614 3615 3616 3617
          3618 3619 3620 3621 3622 3623 3624 3625 3626 3627 3628 3629 3630 3631 3632 3633 3634 3635
          3636 3637 3638 3639 3640 3641 3642 3643 3644 3645 3646 3647 3648 3649 3650 3651 3652 3653
          3654 3655 3656 3657 3658 3659 3660 3661 3662 3663 3664 3665 3666 3667 3668 3669 3670 3671
          3672 3673 3674 3675 3676 3677 3678 3679 3680 3681 3682 3683 3684 3685 3686 3687 3688 3689
          3690 3691 3692 3693 3694 3695 3696 3697 3698 3699 3700 3701 3702 3703 3704 3705 3706 3707
          3708 3709 3710 3711 3712 3713 3714 3715 3716 3717 3718 3719 3720 3721 3722 3723 3724 3725
          3726 3727 3728 3729 3730 3731 3732 3733 3734 3735 3736 3737 3738 3739 3740 3741 3742 3743
          3744 3745 3746 3747 3748 3749 3750 3751 3752 3753 3754 3755 3756 3757 3758 3759 3760 3761
          3762 3763 3764 3765 3766 3767 3768 3769 3770 3771 3772 3773 3774 3775 3776 3777 3778 3779
          3780 3781 3782 3783 3784 3785 3786 3787 3788 3789 3790 3791 3792 3793 3794 3795 3796 3797
          3798 3799 3800 3801 3802 3803 3804 3805 3806 3807 3808 3809 3810 3811 3812 3813 3814 3815
          3816 3817 3818 3819 3820 3821 3822 3823 3824 3825 3826 3827 3828 3829 3830 3831 3832 3833
          3834 3835 3836 3837 3838 3839 3840 3841 3842 3843 3844 3845 3846 3847 3848 3849 3850 3851
          3852 3853 3854 3855 3856 3857 3858 3859 3860 3861 3862 3863 3864 3865 3866 3867 3868 3869
          3870 3871 3872 3873 3874 3875 3876 3877 3878 3879 3880 3881 3882 3883 3884 3885 3886 3887
          3888 3889 3890 3891 3892 3893 3894 3895 3896 3897 3898 3899 3900 3901 3902 3903 3904 3905
          3906 3907 3908 3909 3910 3911 3912 3913 3914 3915 3916 3917 3918 3919 3920 3921 3922 3923
          3924 3925 3926 3927 3928 3929 3930 3931 3932 3933 3934 3935 3936 3937 3938 3939 3940 3941
          3942 3943 3944 3945 3946 3947 3948 3949 3950 3951 3952 3953 3954 3955 3956 3957 3958 3959
          3960 3961 3962 3963 3964 3965 3966 3967 3968 3969 3970 3971 3972 3973 3974 3975 3976 3977
          3978 3979 3980 3981 3982 3983 3984 3985 3986 3987 3988 3989 3990 3991 3992 3993 3994 3995
          3996 3997 3998 3999 4000 4001 4002 4003 4004 4005 4006 4007 4008 4009 4010 4011 4012 4013
          4014 4015 4016 4017 4018 4019 4020 4021 4022 4023 4024 4025 4026 4027 4028 4029 4030 4031
          4032 4033 4034 4035 4036 4037 4038 4039 4040 4041 4042 4043 4044 4045 4046 4047 4048 4049
          4050 4051 4052 4053 4054 4055 4056 4057 4058 4059 4060 4061 4062 4063 4064 4065 4066 4067
          4068 4069 4070 4071 4072 4073 4074 4075 4076 4077 4078 4079 4080 4081 4082 4083 4084 4085
          4086 4087 4088 4089 4090 4091 4092 4093 4094 4095 4096 4097 4098 4099 4100 4101 4102 4103
          4104 4105 4106 4107 4108 4109 4110 4111 4112 4113 4114 4115 4116 4117 4118 4119 4120 4121
          4122 4123 4124 4125 4126 4127 4128 4129 4130 4131 4132 4133 4134 4135 4136 4137 4138 4139
          4140 4141 4142 4143 4144 4145 4146 4147 4148 4149 4150 4151 4152 4153 4154 4155 4156 4157
          4158 4159 4160 4161 4162 4163 4164 4165 4166 4167 4168 4169 4170 4171 4172 4173 4174 4175
          4176 4177 4178 4179 4180 4181 4182 4183 4184 4185 4186 4187 4188 4189 4190 4191 4192 4193
          4194 4195 4196 4197 4198 4199 4200 4201 4202 4203 4204 4205 4206 4207 4208 4209 4210 4211
          4212 4213 4214 4215 4216 4217 4218 4219 4220 4221 4222 4223 4224 4225 4226 4227 4228 4229
          4230 4231 4232 4233 4234 4235 4236 4237 4238 4239 4240 4241 4242 4243 4244 4245 4246 4247
          4248 4249 4250 4251 4252 4253 4254 4255 4256 4257 4258 4259 4260 4261 4262 4263 4264 4265
          4266 4267 4268 4269 4270 4271 4272 4273 4274 4275 4276 4277 4278 4279 4280 4281 4282 4283
          4284 4285 4286 4287 4288 4289 4290 4291 4292 4293 4294 4295 4296 4297 4298 4299 4300 4301
          4302 4303 4304 4305 4306 4307 4308 4309 4310 4311 4312 4313 4314 4315 4316 4317 4318 4319
          4320 4321 4322 4323 4324 4325 4326 4327 4328 4329 4330 4331 4332 4333 4334 4335 4336 4337
          4338 4339 4340 4341 4342 4343 4344 4345 4346 4347 4348 4349 4350 4351 4352 4353 4354 4355
          4356 4357 4358 4359 4360 4361 4362 4363 4364 4365 4366 4367 4368 4369 4370 4371 4372 4373
          4374 4375 4376 4377 4378 4379 4380 4381 4382 4383 4384 4385 4386 4387 4388 4389 4390 4391
          4392 4393 4394 4395 4396 4397 4398 4399 4400 4401 4402 4403 4404 4405 4406 4407 4408 4409
          4410 4411 4412 4413 4414 4415 4416 4417 4418 4419 4420 4421 4422 4423 4424 4425 4426 4427
          4428 4429 4430 4431 4432 4433 4434 4435 4436 4437 4438 4439 4440 4441 4442 4443 4444 4445
          4446 4447 4448 4449 4450 4451 4452 4453 4454 4455 4456 4457 4458 4459 4460 4461 4462 4463
          4464 4465 4466 4467 4468 4469 4470 4471 4472 4473 4474 4475 4476 4477 4478 4479 4480 4481
          4482 4483 4484 4485 4486 4487 4488 4489 4490 4491 4492 4493 4494 4495 4496 4497 4498 4499
          4500 4501 4502 4503 4504 4505 4506 4507 4508 4509 4510 4511 4512 4513 4514 4515 4516 4517
          4518 4519 4520 4521 4522 4523 4524 4525 4526 4527 4528 4529 4530 4531 4532 4533 4534 4535
          4536 4537 4538 4539 4540 4541 4542 4543 4544 4545 4546 4547 4548 4549 4550 4551 4552 4553
          4554 4555 4556 4557 4558 4559 4560 4561 4562 4563 4564 4565 4566 4567 4568 4569 4570 4571
          4572 4573 4574 4575 4576 4577 4578 4579 4580 4581 4582 4583 4584 4585 4586 4587 4588 4589
          4590 4591 4592 4593 4594 4595 4596 4597 4598 4599 4600 4601 4602 4603 4604 4605 4606 4607
          4608 4609 4610 4611 4612 4613 4614 4615 4616 4617 4618 4619 4620 4621 4622 4623 4624 4625
          4626 4627 4628 4629 4630 4631 4632 4633 4634 4635 4636 4637 4638 4639 4640 4641 4642 4643
          4644 4645 4646 4647 4648 4649 4650 4651 4652 4653 4654 4655 4656 4657 4658 4659 4660 4661
          4662 4663 4664 4665 4666 4667 4668 4669 4670 4671 4672 4673 4674 4675 4676 4677 4678 4679
          4680 4681 4682 4683 4684 4685 4686 4687 4688 4689 4690 4691 4692 4693 4694 4695 4696 4697
          4698 4699 4700 4701 4702 4703 4704 4705 4706 4707 4708 4709 4710 4711 4712 4713 4714 4715
          4716 4717 4718 4719 4720 4721 4722 4723 4724 4725 4726 4727 4728 4729 4730 4731 4732 4733
          4734 4735 4736 4737 4738 4739 4740 4741 4742 4743 4744 4745 4746 4747 4748 4749 4750 4751
          4752 4753 4754 4755 4756 4757 4758 4759 4760 4761 4762 4763 4764 4765 4766 4767 4768 4769
          4770 4771 4772 4773 4774 4775 4776 4777 4778 4779 4780 4781 4782 4783 4784 4785 4786 4787
          4788 4789 4790 4791 4792 4793 4794 4795 4796 4797 4798 4799 4800 4801 4802 4803 4804 4805
          4806 4807 4808 4809 4810 4811 4812 4813 4814 4815 4816 4817 4818 4819 4820 4821 4822 4823
          4824 4825 4826 4827 4828 4829 4830 4831 4832 4833 4834 4835 4836 4837 4838 4839 4840 4841
          4842 4843 4844 4845 4846 4847 4848 4849 4850 4851 4852 4853 4854 4855 4856 4857 4858 4859
          4860 4861 4862 4863 4864 4865 4866 4867 4868 4869 4870 4871 4872 4873 4874 4875 4876 4877
          4878 4879 4880 4881 4882 4883 4884 4885 4886 4887 4888 4889 4890 4891 4892 4893 4894 4895
          4896 4897 4898 4899 4900 4901 4902 4903 4904 4905 4906 4907 4908 4909 4910 4911 4912 4913
          4914 4915 4916 4917 4918 4919 4920 4921 4922 4923 4924 4925 4926 4927 4928 4929 4930 4931
          4932 4933 4934 4935 4936 4937 4938 4939 4940 4941 4942 4943 4944 4945 4946 4947 4948 4949
          4950 4951 4952 4953 4954 4955 4956 4957 4958 4959 4960 4961 4962 4963 4964 4965 4966 4967
          4968 4969 4970 4971 4972 4973 4974 4975 4976 4977 4978 4979 4980 4981 4982 4983 4984 4985
          4986 4987 4988 4989 4990 4991 4992 4993 4994 4995 4996 4997 4998 4999 5000 5001 5002 5003
          5004 5005 5006 5007 5008 5009 5010 5011 5012 5013 5014 5015 5016 5017 5018 5019 5020 5021
          5022 5023 5024 5025 5026 5027 5028 5029 5030 5031 5032 5033 5034 5035 5036 5037 5038 5039
          5040 5041 5042 5043 5044 5045 5046 5047 5048 5049 5050 5051 5052 5053 5054 5055 5056 5057
          5058 5059 5060 5061 5062 5063 5064 5065 5066 5067 5068 5069 5070 5071 5072 5073 5074 5075
          5076 5077 5078 5079 5080 5081 5082 5083 5084 5085 5086 5087 5088 5089 5090 5091 5092 5093
          5094 5095 5096 5097 5098 5099 5100 5101 5102 5103 5104 5105 5106 5107 5108 5109 5110 5111
          5112 5113 5114 5115 5116 5117 5118 5119 5120 5121 5122 5123 5124 5125 5126 5127 5128 5129
          5130 5131 5132 5133 5134 5135 5136 5137 5138 5139 5140 5141 5142 5143 5144 5145 5146 5147
          5148 5149 5150 5151 5152 5153 5154 5155 5156 5157 5158 5159 5160 5161 5162 5163 5164 5165
          5166 5167 5168 5169 5170 5171 5172 5173 5174 5175 5176 5177 5178 5179 5180 5181 5182 5183
          5184 5185 5186 5187 5188 5189 5190 5191 5192 5193 5194 5195 5196 5197 5198 5199 5200 5201
          5202 5203 5204 5205 5206 5207 5208 5209 5210 5211 5212 5213 5214 5215 5216 5217 5218 5219
          5220 5221 5222 5223 5224 5225 5226 5227 5228 5229 5230 5231 5232 5233 5234 5235 5236 5237
          5238 5239 5240 5241 5242 5243 5244 5245 5246 5247 5248 5249 5250 5251 5252 5253 5254 5255
          5256 5257 5258 5259 5260 5261 5262 5263 5264 5265 5266 5267 5268 5269 5270 5271 5272 5273
          5274 5275 5276 5277 5278 5279 5280 5281 5282 5283 5284 5285 5286 5287 5288 5289 5290 5291
          5292 5293 5294 5295 5296 5297 5298 5299 5300 5301 5302 5303 5304 5305 5306 5307 5308 5309
          5310 5311 5312 5313 5314 5315 5316 5317 5318 5319 5320 5321 5322 5323 5324 5325 5326 5327
          5328 5329 5330 5331 5332 5333 5334 5335 5336 5337 5338 5339 5340 5341 5342 5343 5344 5345
          5346 5347 5348 5349 5350 5351 5352 5353 5354 5355 5356 5357 5358 5359 5360 5361 5362 5363
          5364 5365 5366 5367 5368 5369 5370 5371 5372 5373 5374 5375 5376 5377 5378 5379 5380 5381
          5382 5383 5384 5385 5386 5387 5388 5389 5390 5391 5392 5393 5394 5395 5396 5397 5398 5399
          5400 5401 5402 5403 5404 5405 5406 5407 5408 5409 5410 5411 5412 5413 5414 5415 5416 5417
          5418 5419 5420 5421 5422 5423 5424 5425 5426 5427 5428 5429 5430 5431 5432 5433 5434 5435
          5436 5437 5438 5439 5440 5441 5442 5443 5444 5445 5446 5447 5448 5449 5450 5451 5452 5453
          5454 5455 5456 5457 5458 5459 5460 5461 5462 5463 5464 5465 5466 5467 5468 5469 5470 5471
          5472 5473 5474 5475 5476 5477 5478 5479 5480 5481 5482 5483 5484 5485 5486 5487 5488 5489
          5490 5491 5492 5493 5494 5495 5496 5497 5498 5499 5500 5501 5502 5503 5504 5505 5506 5507
          5508 5509 5510 5511 5512 5513 5514 5515 5516 5517 5518 5519 5520 5521 5522 5523 5524 5525
          5526 5527 5528 5529 5530 5531 5532 5533 5534 5535 5536 5537 5538 5539 5540 5541 5542 5543
          5544 5545 5546 5547 5548 5549 5550 5551 5552 5553 5554 5555 5556 5557 5558 5559 5560 5561
          5562 5563 5564 5565 5566 5567 5568 5569 5570 5571 5572 5573 5574 5575 5576 5577 5578 5579
          5580 5581 5582 5583 5584 5585 5586 5587 5588 5589 5590 5591 5592 5593 5594 5595 5596 5597
          5598 5599 5600 5601 5602 5603 5604 5605 5606 5607 5608 5609 5610 5611 5612 5613 5614 5615
          5616 5617 5618 5619 5620 5621 5622 5623 5624 5625 5626 5627 5628 5629 5630 5631 5632 5633
          5634 5635 5636 5637 5638 5639 5640 5641 5642 5643 5644 5645 5646 5647 5648 5649 5650 5651
          5652 5653 5654 5655 5656 5657 5658 5659 5660 5661 5662 5663 5664 5665 5666 5667 5668 5669
          5670 5671 5672 5673 5674 5675 5676 5677 5678 5679 5680 5681 5682 5683 5684 5685 5686 5687
          5688 5689 5690 5691 5692 5693 5694 5695 5696 5697 5698 5699 5700 5701 5702 5703 5704 5705
          5706 5707 5708 5709 5710 5711 5712 5713 5714 5715 5716 5717 5718 5719 5720 5721 5722 5723
          5724 5725 5726 5727 5728 5729 5730 5731 5732 5733 5734 5735 5736 5737 5738 5739 5740 5741
          5742 5743 5744 5745 5746 5747 5748 5749 5750 5751 5752 5753 5754 5755 5756 5757 5758 5759
          5760 5761 5762 5763 5764 5765 5766 5767 5768 5769 5770 5771 5772 5773 5774 5775 5776 5777
          5778 5779 5780 5781 5782 5783 5784 5785 5786 5787 5788 5789 5790 5791 5792 5793 5794 5795
          5796 5797 5798 5799 5800 5801 5802 5803 5804 5805 5806 5807 5808 5809 5810 5811 5812 5813
          5814 5815 5816 5817 5818 5819 5820 5821 5822 5823 5824 5825 5826 5827 5828 5829 5830 5831
          5832 5833 5834 5835 5836 5837 5838 5839 5840 5841 5842 5843 5844 5845 5846 5847 5848 5849
          5850 5851 5852 5853 5854 5855 5856 5857 5858 5859 5860 5861 5862 5863 5864 5865 5866 5867
          5868 5869 5870 5871 5872 5873 5874 5875 5876 5877 5878 5879 5880 5881 5882 5883 5884 5885
          5886 5887 5888 5889 5890 5891 5892 5893 5894 5895 5896 5897 5898 5899 5900 5901 5902 5903
          5904 5905 5906 5907 5908 5909 5910 5911 5912 5913 5914 5915 5916 5917 5918 5919 5920 5921
          5922 5923 5924 5925 5926 5927 5928 5929 5930 5931 5932 5933 5934 5935 5936 5937 5938 5939
          5940 5941 5942 5943 5944 5945 5946 5947 5948 5949 5950 5951 5952 5953 5954 5955 5956 5957
          5958 5959 5960 5961 5962 5963 5964 5965 5966 5967 5968 5969 5970 5971 5972 5973 5974 5975
          5976 5977 5978 5979 5980 5981 5982 5983 5984 5985 5986 5987 5988 5989 5990 5991 5992 5993
          5994 5995 5996 5997 5998 5999 6000 6001 6002 6003 6004 6005 6006 6007 6008 6009 6010 6011
          6012 6013 6014 6015 6016 6017 6018 6019 6020 6021 6022 6023 6024 6025 6026 6027 6028 6029
          6030 6031 6032 6033 6034 6035 6036 6037 6038 6039 6040 6041 6042 6043 6044 6045 6046 6047
          6048 6049 6050 6051 6052 6053 6054 6055 6056 6057 6058 6059 6060 6061 6062 6063 6064 6065
          6066 6067 6068 6069 6070 6071 6072 6073 6074 6075 6076 6077 6078 6079 6080 6081 6082 6083
          6084 6085 6086 6087 6088 6089 6090 6091 6092 6093 6094 6095 6096 6097 6098 6099 6100 6101
          6102 6103 6104 6105 6106 6107 6108 6109 6110 6111 6112 6113 6114 6115 6116 6117 6118 6119
          6120 6121 6122 6123 6124 6125 6126 6127 6128 6129 6130 6131 6132 6133 6134 6135 6136 6137
          6138 6139 6140 6141 6142 6143 6144 6145 6146 6147 6148 6149 6150 6151 6152 6153 6154 6155
          6156 6157 6158 6159 6160 6161 6162 6163 6164 6165 6166 6167 6168 6169 6170 6171 6172 6173
          6174 6175 6176 6177 6178 6179 6180 6181 6182 6183 6184 6185 6186 6187 6188 6189 6190 6191
          6192 6193 6194 6195 6196 6197 6198 6199 6200 6201 6202 6203 6204 6205 6206 6207 6208 6209
          6210 6211 6212 6213 6214 6215 6216 6217 6218 6219 6220 6221 6222 6223 6224 6225 6226 6227
          6228 6229 6230 6231 6232 6233 6234 6235 6236 6237 6238 6239 6240 6241 6242 6243 6244 6245
          6246 6247 6248 6249 6250 6251 6252 6253 6254 6255 6256 6257 6258 6259 6260 6261 6262 6263
          6264 6265 6266 6267 6268 6269 6270 6271 6272 6273 6274 6275 6276 6277 6278 6279 6280 6281
          6282 6283 6284 6285 6286 6287 6288 6289 6290 6291 6292 6293 6294 6295 6296 6297 6298 6299
          6300 6301 6302 6303 6304 6305 6306 6307 6308 6309 6310 6311 6312 6313 6314 6315 6316 6317
          6318 6319 6320 6321 6322 6323 6324 6325 6326 6327 6328 6329 6330 6331 6332 6333 6334 6335
        </DataArray>
        <DataArray type="Int32" Name="offsets" format="ascii">
          3 6 9 12 15 18 21 24 27 30 33 36 39 42 45 48 51 54
          57 60 63 66 69 72 75 78 81 84 87 90 93 96 99 102 105 108
          111 114 117 120 123 126 129 132 135 138 141 144 147 150 153 156 159 162
          165 168 171 174 177 180 183 186 189 192 195 198 201 204 207 210 213 216
          219 222 225 228 231 234 237 240 243 246 249 252 255 258 261 264 267 270
          273 276 279 282 285 288 291 294 297 300 303 306 309 312 315 318 321 324
          327 330 333 336 339 342 345 348 351 354 357 360 363 366 369 372 375 378
          381 384 387 390 393 396 399 402 405 408 411 414 417 420 423 426 429 432
          435 438 441 444 447 450 453 456 459 462 465 468 471 474 477 480 483 486
          489 492 495 498 501 504 507 510 513 516 519 522 525 528 531 534 537 540
          543 546 549 552 555 558 561 564 567 570 573 576 579 582 585 588 591 594
          597 600 603 606 609 612 615 618 621 624 627 630 633 636 639 642 645 648
          651 654 657 660 663 666 669 672 675 678 681 684 687 690 693 696 699 702
          705 708 711 714 717 720 723 726 729 732 735 738 741 744 747 750 753 756
          759 762 765 768 771 774 777 780 783 786 789 792 795 798 801 804 807 810
          813 816 819 822 825 828 831 834 837 840 843 846 849 852 855 858 861 864
          867 870 873 876 879 882 885 888 891 894 897 900 903 906 909 912 915 918
          921 924 927 930 933 936 939 942 945 948 951 954 957 960 963 966 969 972
          975 978 981 984 987 990 993 996 999 1002 1005 1008 1011 1014 1017 1020 1023 1026
          1029 1032 1035 1038 1041 1044 1047 1050 1053 1056 1059 1062 1065 1068 1071 1074 1077 1080
          1083 1086 1089 1092 1095 1098 1101 1104 1107 1110 1113 1116 1119 1122 1125 1128 1131 1134
          1137 1140 1143 1146 1149 1152 1155 1158 1161 1164 1167 1170 1173 1176 1179 1182 1185 1188
          1191 1194 1197 1200 1203 1206 1209 1212 1215 1218 1221 1224 1227 1230 1233 1236 1239 1242
          1245 1248 1251 1254 1257 1260 1263 1266 1269 1272 1275 1278 1281 1284 1287 1290 1293 1296
          1299 1302 1305 1308 1311 1314 1317 1320 1323 1326 1329 1332 1335 1338 1341 1344 1347 1350
          1353 1356 1359 1362 1365 1368 1371 1374 1377 1380 1383 1386 1389 1392 1395 1398 1401 1404
          1407 1410 1413 1416 1419 1422 1425 1428 1431 1434 1437 1440 1443 1446 1449 1452 1455 1458
          1461 1464 1467 1470 1473 1476 1479 1482 1485 1488 1491 1494 1497 1500 1503 1506 1509 1512
          1515 1518 1521 1524 1527 1530 1533 1536 1539 1542 1545 1548 1551 1554 1557 1560 1563 1566
          1569 1572 1575 1578 1581 1584 1587 1590 1593 1596 1599 1602 1605 1608 1611 1614 1617 1620
          1623 1626 1629 1632 1635 1638 1641 1644 1647 1650 1653 1656 1659 1662 1665 1668 1671 1674
          1677 1680 1683 1686 1689 1692 1695 1698 1701 1704 1707 1710 1713 1716 1719 1722 1725 1728
          1731 1734 1737 1740 1743 1746 1749 1752 1755 1758 1761 1764 1767 1770 1773 1776 1779 1782
          1785 1788 1791 1794 1797 1800 1803 1806 1809 1812 1815 1818 1821 1824 1827 1830 1833 1836
          1839 1842 1845 1848 1851 1854 1857 1860 1863 1866 1869 1872 1875 1878 1881 1884 1887 1890
          1893 1896 1899 1902 1905 1908 1911 1914 1917 1920 1923 1926 1929 1932 1935 1938 1941 1944
          1947 1950 1953 1956 1959 1962 1965 1968 1971 1974 1977 1980 1983 1986 1989 1992 1995 1998
          2001 2004 2007 2010 2013 2016 2019 2022 2025 2028 2031 2034 2037 2040 2043 2046 2049 2052
          2055 2058 2061 2064 2067 2070 2073 2076 2079 2082 2085 2088 2091 2094 2097 2100 2103 2106
          2109 2112 2115 2118 2121 2124 2127 2130 2133 2136 2139 2142 2145 2148 2151 2154 2157 2160
          2163 2166 2169 2172 2175 2178 2181 2184 2187 2190 2193 2196 2199 2202 2205 2208 2211 2214
          2217 2220 2223 2226 2229 2232 2235 2238 2241 2244 2247 2250 2253 2256 2259 2262 2265 2268
          2271 2274 2277 2280 2283 2286 2289 2292 2295 2298 2301 2304 2307 2310 2313 2316 2319 2322
          2325 2328 2331 2334 2337 2340 2343 2346 2349 2352 2355 2358 2361 2364 2367 2370 2373 2376
          2379 2382 2385 2388 2391 2394 2397 2400 2403 2406 2409 2412 2415 2418 2421 2424 2427 2430
          2433 2436 2439 2442 2445 2448 2451 2454 2457 2460 2463 2466 2469 2472 2475 2478 2481 2484
          2487 2490 2493 2496 2499 2502 2505 2508 2511 2514 2517 2520 2523 2526 2529 2532 2535 2538
          2541 2544 2547 2550 2553 2556 2559 2562 2565 2568 2571 2574 2577 2580 2583 2586 2589 2592
          2595 2598 2601 2604 2607 2610 2613 2616 2619 2622 2625 2628 2631 2634 2637 2640 2643 2646
          2649 2652 2655 2658 2661 2664 2667 2670 2673 2676 2679 2682 2685 2688 2691 2694 2697 2700
          2703 2706 2709 2712 2715 2718 2721 2724 2727 2730 2733 2736 2739 2742 2745 2748 2751 2754
          2757 2760 2763 2766 2769 2772 2775 2778 2781 2784 2787 2790 2793 2796 2799 2802 2805 2808
          2811 2814 2817 2820 2823 2826 2829 2832 2835 2838 2841 2844 2847 2850 2853 2856 2859 2862
          2865 2868 2871 2874 2877 2880 2883 2886 2889 2892 2895 2898 2901 2904 2907 2910 2913 2916
          2919 2922 2925 2928 2931 2934 2937 2940 2943 2946 2949 2952 2955 2958 2961 2964 2967 2970
          2973 2976 2979 2982 2985 2988 2991 2994 2997 3000 3003 3006 3009 3012 3015 3018 3021 3024
          3027 3030 3033 3036 3039 3042 3045 3048 3051 3054 3057 3060 3063 3066 3069 3072 3075 3078
          3081 3084 3087 3090 3093 3096 3099 3102 3105 3108 3111 3114 3117 3120 3123 3126 3129 3132
          3135 3138 3141 3144 3147 3150 3153 3156 3159 3162 3165 3168 3171 3174 3177 3180 3183 3186
          3189 3192 3195 3198 3201 3204 3207 3210 3213 3216 3219 3222 3225 3228 3231 3234 3237 3240
          3243 3246 3249 3252 3255 3258 3261 3264 3267 3270 3273 3276 3279 3282 3285 3288 3291 3294
          3297 3300 3303 3306 3309 3312 3315 3318 3321 3324 3327 3330 3333 3336 3339 3342 3345 3348
          3351 3354 3357 3360 3363 3366 3369 3372 3375 3378 3381 3384 3387 3390 3393 3396 3399 3402
          3405 3408 3411 3414 3417 3420 3423 3426 3429 3432 3435 3438 3441 3444 3447 3450 3453 3456
          3459 3462 3465 3468 3471 3474 3477 3480 3483 3486 3489 3492 3495 3498 3501 3504 3507 3510
          3513 3516 3519 3522 3525 3528 3531 3534 3537 3540 3543 3546 3549 3552 3555 3558 3561 3564
          3567 3570 3573 3576 3579 3582 3585 3588 3591 3594 3597 3600 3603 3606 3609 3612 3615 3618
          3621 3624 3627 3630 3633 3636 3639 3642 3645 3648 3651 3654 3657 3660 3663 3666 3669 3672
          3675 3678 3681 3684 3687 3690 3693 3696 3699 3702 3705 3708 3711 3714 3717 3720 3723 3726
          3729 3732 3735 3738 3741 3744 3747 3750 3753 3756 3759 3762 3765 3768 3771 3774 3777 3780
          3783 3786 3789 3792 3795 3798 3801 3804 3807 3810 3813 3816 3819 3822 3825 3828 3831 3834
          3837 3840 3843 3846 3849 3852 3855 3858 3861 3864 3867 3870 3873 3876 3879 3882 3885 3888
          3891 3894 3897 3900 3903 3906 3909 3912 3915 3918 3921 3924 3927 3930 3933 3936 3939 3942
          3945 3948 3951 3954 3957 3960 3963 3966 3969 3972 3975 3978 3981 3984 3987 3990 3993 3996
          3999 4002 4005 4008 4011 4014 4017 4020 4023 4026 4029 4032 4035 4038 4041 4044 4047 4050
          4053 4056 4059 4062 4065 4068 4071 4074 4077 4080 4083 4086 4089 4092 4095 4098 4101 4104
          4107 4110 4113 4116 4119 4122 4125 4128 4131 4134 4137 4140 4143 4146 4149 4152 4155 4158
          4161 4164 4167 4170 4173 4176 4179 4182 4185 4188 4191 4194 4197 4200 4203 4206 4209 4212
          4215 4218 4221 4224 4227 4230 4233 4236 4239 4242 4245 4248 4251 4254 4257 4260 4263 4266
          4269 4272 4275 4278 4281 4284 4287 4290 4293 4296 4299 4302 4305 4308 4311 4314 4317 4320
          4323 4326 4329 4332 4335 4338 4341 4344 4347 4350 4353 4356 4359 4362 4365 4368 4371 4374
          4377 4380 4383 4386 4389 4392 4395 4398 4401 4404 4407 4410 4413 4416 4419 4422 4425 4428
          4431 4434 4437 4440 4443 4446 4449 4452 4455 4458 4461 4464 4467 4470 4473 4476 4479 4482
          4485 4488 4491 4494 4497 4500 4503 4506 4509 4512 4515 4518 4521 4524 4527 4530 4533 4536
          4539 4542 4545 4548 4551 4554 4557 4560 4563 4566 4569 4572 4575 4578 4581 4584 4587 4590
          4593 4596 4599 4602 4605 4608 4611 4614 4617 4620 4623 4626 4629 4632 4635 4638 4641 4644
          4647 4650 4653 4656 4659 4662 4665 4668 4671 4674 4677 4680 4683 4686 4689 4692 4695 4698
          4701 4704 4707 4710 4713 4716 4719 4722 4725 4728 4731 4734 4737 4740 4743 4746 4749 4752
          4755 4758 4761 4764 4767 4770 4773 4776 4779 4782 4785 4788 4791 4794 4797 4800 4803 4806
          4809 4812 4815 4818 4821 4824 4827 4830 4833 4836 4839 4842 4845 4848 4851 4854 4857 4860
          4863 4866 4869 4872 4875 4878 4881 4884 4887 4890 4893 4896 4899 4902 4905 4908 4911 4914
          4917 4920 4923 4926 4929 4932 4935 4938 4941 4944 4947 4950 4953 4956 4959 4962 4965 4968
          4971 4974 4977 4980 4983 4986 4989 4992 4995 4998 5001 5004 5007 5010 5013 5016 5019 5022
          5025 5028 5031 5034 5037 5040 5043 5046 5049 5052 5055 5058 5061 5064 5067 5070 5073 5076
          5079 5082 5085 5088 5091 5094 5097 5100 5103 5106 5109 5112 5115 5118 5121 5124 5127 5130
          5133 5136 5139 5142 5145 5148 5151 5154 5157 5160 5163 5166 5169 5172 5175 5178 5181 5184
          5187 5190 5193 5196 5199 5202 5205 5208 5211 5214 5217 5220 5223 5226 5229 5232 5235 5238
          5241 5244 5247 5250 5253 5256 5259 5262 5265 5268 5271 5274 5277 5280 5283 5286 5289 5292
          5295 5298 5301 5304 5307 5310 5313 5316 5319 5322 5325 5328 5331 5334 5337 5340 5343 5346
          5349 5352 5355 5358 5361 5364 5367 5370 5373 5376 5379 5382 5385 5388 5391 5394 5397 5400
          5403 5406 5409 5412 5415 5418 5421 5424 5427 5430 5433 5436 5439 5442 5445 5448 5451 5454
          5457 5460 5463 5466 5469 5472 5475 5478 5481 5484 5487 5490 5493 5496 5499 5502 5505 5508
          5511 5514 5517 5520 5523 5526 5529 5532 5535 5538 5541 5544 5547 5550 5553 5556 5559 5562
          5565 5568 5571 5574 5577 5580 5583 5586 5589 5592 5595 5598 5601 5604 5607 5610 5613 5616
          5619 5622 5625 5628 5631 5634 5637 5640 5643 5646 5649 5652 5655 5658 5661 5664 5667 5670
          5673 5676 5679 5682 5685 5688 5691 5694 5697 5700 5703 5706 5709 5712 5715 5718 5721 5724
          5727 5730 5733 5736 5739 5742 5745 5748 5751 5754 5757 5760 5763 5766 5769 5772 5775 5778
          5781 5784 5787 5790 5793 5796 5799 5802 5805 5808 5811 5814 5817 5820 5823 5826 5829 5832
          5835 5838 5841 5844 5847 5850 5853 5856 5859 5862 5865 5868 5871 5874 5877 5880 5883 5886
          5889 5892 5895 5898 5901 5904 5907 5910 5913 5916 5919 5922 5925 5928 5931 5934 5937 5940
          5943 5946 5949 5952 5955 5958 5961 5964 5967 5970 5973 5976 5979 5982 5985 5988 5991 5994
          5997 6000 6003 6006 6009 6012 6015 6018 6021 6024 6027 6030 6033 6036 6039 6042 6045 6048
          6051 6054 6057 6060 6063 6066 6069 6072 6075 6078 6081 6084 6087 6090 6093 6096 6099 6102
          6105 6108 6111 6114 6117 6120 6123 6126 6129 6132 6135 6138 6141 6144 6147 6150 6153 6156
          6159 6162 6165 6168 6171 6174 6177 6180 6183 6186 6189 6192 6195 6198 6201 6204 6207 6210
          6213 6216 6219 6222 6225 6228 6231 6234 6237 6240 6243 6246 6249 6252 6255 6258 6261 6264
          6267 6270 6273 6276 6279 6282 6285 6288 6291 6294 6297 6300 6303 6306 6309 6312 6315 6318
          6321 6324 6327 6330 6333 6336
        </DataArray>
      </Polys>
    </Piece>
  </PolyData>
</VTKFile>
