<?xml version="1.0"?>
<VTKFile type="PolyData" version="0.1" byte_order="LittleEndian">
  <PolyData>
    <Piece NumberOfPoints="4404" NumberOfPolys="1468">
      <PointData Scalars="pressureCoeff">
        <DataArray type="Float32" Name="Cp" format="ascii">
          0.489792333 0.489792333 0.489792333 0.423945667 0.423945667 0.423945667 -0.251140333 -0.251140333 -0.251140333
          -0.251323 -0.251323 -0.251323 -0.261268 -0.261268 -0.261268 -0.256053667 -0.256053667 -0.256053667
          -0.258447667 -0.258447667 -0.258447667 -0.264393 -0.264393 -0.264393 -0.0282990333 -0.0282990333 -0.0282990333
          -0.0147353123 -0.0147353123 -0.0147353123 -0.102011979 -0.102011979 -0.102011979 -0.244537667 -0.244537667 -0.244537667
          -0.243542667 -0.243542667 -0.243542667 -0.241756 -0.241756 -0.241756 -0.238183333 -0.238183333 -0.238183333
          -0.243072 -0.243072 -0.243072 -0.245984 -0.245984 -0.245984 -0.141772 -0.141772 -0.141772
          -0.162232667 -0.162232667 -0.162232667 -0.244757333 -0.244757333 -0.244757333 -0.246106333 -0.246106333 -0.246106333
          -0.251019667 -0.251019667 -0.251019667 -0.251301 -0.251301 -0.251301 -0.240677333 -0.240677333 -0.240677333
          -0.242970667 -0.242970667 -0.242970667 -0.162518333 -0.162518333 -0.162518333 -0.142362 -0.142362 -0.142362
          -0.0729205 -0.0729205 -0.0729205 -0.0514277 -0.0514277 -0.0514277 -0.249990667 -0.249990667 -0.249990667
          -0.249454 -0.249454 -0.249454 -0.261768667 -0.261768667 -0.261768667 -0.257115333 -0.257115333 -0.257115333
          -0.250900333 -0.250900333 -0.250900333 -0.252854667 -0.252854667 -0.252854667 -0.150010667 -0.150010667 -0.150010667
          -0.172771 -0.172771 -0.172771 -0.0426888667 -0.0426888667 -0.0426888667 -0.0539540667 -0.0539540667 -0.0539540667
          -0.116590233 -0.116590233 -0.116590233 -0.176258 -0.176258 -0.176258 -0.152824667 -0.152824667 -0.152824667
          -0.247442 -0.247442 -0.247442 -0.246528333 -0.246528333 -0.246528333 -0.214765 -0.214765 -0.214765
          0.170264667 0.170264667 0.170264667 0.0865163543 0.0865163543 0.0865163543 0.100365021 0.100365021 0.100365021
          0.172245667 0.172245667 0.172245667 -0.221843667 -0.221843667 -0.221843667 -0.223499333 -0.223499333 -0.223499333
          -0.191402667 -0.191402667 -0.191402667 -0.106792233 -0.106792233 -0.106792233 -0.114241033 -0.114241033 -0.114241033
          -0.232092667 -0.232092667 -0.232092667 -0.228169 -0.228169 -0.228169 -0.195194667 -0.195194667 -0.195194667
          -0.1144065 -0.1144065 -0.1144065 -0.106779333 -0.106779333 -0.106779333 -0.206957 -0.206957 -0.206957
          -0.240285667 -0.240285667 -0.240285667 -0.243521333 -0.243521333 -0.243521333 -0.110782667 -0.110782667 -0.110782667
          -0.119247667 -0.119247667 -0.119247667 -0.121307667 -0.121307667 -0.121307667 -0.112655 -0.112655 -0.112655
          0.184181667 0.184181667 0.184181667 0.222605 0.222605 0.222605 0.200050333 0.200050333 0.200050333
          0.229304 0.229304 0.229304 0.357015 0.357015 0.357015 0.383728 0.383728 0.383728
          0.523357667 0.523357667 0.523357667 0.573895 0.573895 0.573895 0.100221833 0.100221833 0.100221833
          0.176859033 0.176859033 0.176859033 0.1206696 0.1206696 0.1206696 0.2240198 0.2240198 0.2240198
          0.394844667 0.394844667 0.394844667 0.383441 0.383441 0.383441 0.1247417 0.1247417 0.1247417
          0.203285033 0.203285033 0.203285033 0.161926 0.161926 0.161926 0.251873 0.251873 0.251873
          0.318360333 0.318360333 0.318360333 0.347026 0.347026 0.347026 0.422042333 0.422042333 0.422042333
          0.507881 0.507881 0.507881 0.1621318 0.1621318 0.1621318 0.249145133 0.249145133 0.249145133
          0.194737 0.194737 0.194737 0.257271333 0.257271333 0.257271333 0.320561 0.320561 0.320561
          0.418821333 0.418821333 0.418821333 0.263928 0.263928 0.263928 0.296341667 0.296341667 0.296341667
          0.262192 0.262192 0.262192 0.285436 0.285436 0.285436 -0.156776 -0.156776 -0.156776
          -0.182970333 -0.182970333 -0.182970333 -0.192486667 -0.192486667 -0.192486667 -0.171983667 -0.171983667 -0.171983667
          -0.186761667 -0.186761667 -0.186761667 -0.159886 -0.159886 -0.159886 0.11702958 0.11702958 0.11702958
          0.10459258 0.10459258 0.10459258 0.0191482133 0.0191482133 0.0191482133 -0.0676464533 -0.0676464533 -0.0676464533
          -0.0978600867 -0.0978600867 -0.0978600867 -0.0732693333 -0.0732693333 -0.0732693333 -0.029065979 -0.029065979 -0.029065979
          -0.184342667 -0.184342667 -0.184342667 -0.200821333 -0.200821333 -0.200821333 -0.207164 -0.207164 -0.207164
          -0.195359667 -0.195359667 -0.195359667 -0.19604 -0.19604 -0.19604 -0.181592667 -0.181592667 -0.181592667
          -0.140665333 -0.140665333 -0.140665333 -0.157466667 -0.157466667 -0.157466667 -0.158883 -0.158883 -0.158883
          -0.141605 -0.141605 -0.141605 -0.194555 -0.194555 -0.194555 -0.161316 -0.161316 -0.161316
          -0.1287404 -0.1287404 -0.1287404 -0.175418333 -0.175418333 -0.175418333 -0.193489 -0.193489 -0.193489
          -0.0870324 -0.0870324 -0.0870324 -0.0286381667 -0.0286381667 -0.0286381667 -0.0118952 -0.0118952 -0.0118952
          -0.0620105 -0.0620105 -0.0620105 -0.145367667 -0.145367667 -0.145367667 -0.182365 -0.182365 -0.182365
          -0.0247928 -0.0247928 -0.0247928 -0.0824714333 -0.0824714333 -0.0824714333 -0.0690325 -0.0690325 -0.0690325
          -0.204496 -0.204496 -0.204496 -0.192176333 -0.192176333 -0.192176333 -0.200814667 -0.200814667 -0.200814667
          -0.184940333 -0.184940333 -0.184940333 -0.181328667 -0.181328667 -0.181328667 -0.193160333 -0.193160333 -0.193160333
          -0.158064333 -0.158064333 -0.158064333 -0.141462667 -0.141462667 -0.141462667 -0.141527667 -0.141527667 -0.141527667
          -0.159354 -0.159354 -0.159354 -0.0901613667 -0.0901613667 -0.0901613667 -0.0450198667 -0.0450198667 -0.0450198667
          -0.0817661667 -0.0817661667 -0.0817661667 -0.130467333 -0.130467333 -0.130467333 -0.167195667 -0.167195667 -0.167195667
          -0.196270667 -0.196270667 -0.196270667 -0.159954667 -0.159954667 -0.159954667 -0.192589333 -0.192589333 -0.192589333
          -0.176405 -0.176405 -0.176405 -0.150189667 -0.150189667 -0.150189667 -0.0105667867 -0.0105667867 -0.0105667867
          0.0215617467 0.0215617467 0.0215617467 0.0655059133 0.0655059133 0.0655059133 -0.0912737533 -0.0912737533 -0.0912737533
          -0.0592679533 -0.0592679533 -0.0592679533 -0.199261333 -0.199261333 -0.199261333 -0.202477 -0.202477 -0.202477
          -0.185220333 -0.185220333 -0.185220333 -0.195837333 -0.195837333 -0.195837333 -0.199030667 -0.199030667 -0.199030667
          -0.189861667 -0.189861667 -0.189861667 -0.147151667 -0.147151667 -0.147151667 -0.162510667 -0.162510667 -0.162510667
          -0.166601 -0.166601 -0.166601 -0.149279667 -0.149279667 -0.149279667 -0.186038333 -0.186038333 -0.186038333
          -0.165158333 -0.165158333 -0.165158333 -0.179398667 -0.179398667 -0.179398667 -0.146231667 -0.146231667 -0.146231667
          -0.156385 -0.156385 -0.156385 -0.181366333 -0.181366333 -0.181366333 -0.0349163667 -0.0349163667 -0.0349163667
          -0.0697683333 -0.0697683333 -0.0697683333 -0.0878964 -0.0878964 -0.0878964 -0.0732429667 -0.0732429667 -0.0732429667
          -0.0106068 -0.0106068 -0.0106068 0.0486097667 0.0486097667 0.0486097667 0.0659314 0.0659314 0.0659314
          0.0504556333 0.0504556333 0.0504556333 -0.207283 -0.207283 -0.207283 -0.203895667 -0.203895667 -0.203895667
          -0.198248667 -0.198248667 -0.198248667 -0.186438 -0.186438 -0.186438 -0.191224667 -0.191224667 -0.191224667
          -0.202288 -0.202288 -0.202288 -0.164463333 -0.164463333 -0.164463333 -0.149453333 -0.149453333 -0.149453333
          -0.151389667 -0.151389667 -0.151389667 -0.167964 -0.167964 -0.167964 -0.134818 -0.134818 -0.134818
          -0.149665 -0.149665 -0.149665 -0.164127667 -0.164127667 -0.164127667 -0.137700667 -0.137700667 -0.137700667
          -0.152787667 -0.152787667 -0.152787667 -0.136368 -0.136368 -0.136368 -0.193542 -0.193542 -0.193542
          -0.229504667 -0.229504667 -0.229504667 -0.233443333 -0.233443333 -0.233443333 -0.198312 -0.198312 -0.198312
          -0.146733667 -0.146733667 -0.146733667 -0.1264 -0.1264 -0.1264 -0.135204167 -0.135204167 -0.135204167
          -0.1235265 -0.1235265 -0.1235265 -0.124912667 -0.124912667 -0.124912667 -0.138507 -0.138507 -0.138507
          -0.205182333 -0.205182333 -0.205182333 -0.173846667 -0.173846667 -0.173846667 -0.180033667 -0.180033667 -0.180033667
          -0.210975333 -0.210975333 -0.210975333 -0.101152533 -0.101152533 -0.101152533 -0.0984319667 -0.0984319667 -0.0984319667
          -0.101089567 -0.101089567 -0.101089567 -0.103129867 -0.103129867 -0.103129867 -0.0988474667 -0.0988474667 -0.0988474667
          -0.101642533 -0.101642533 -0.101642533 -0.104864133 -0.104864133 -0.104864133 -0.113134367 -0.113134367 -0.113134367
          -0.113695533 -0.113695533 -0.113695533 -0.1053308 -0.1053308 -0.1053308 0.0271085667 0.0271085667 0.0271085667
          0.0458897333 0.0458897333 0.0458897333 0.0663375 0.0663375 0.0663375 0.0671986 0.0671986 0.0671986
          -0.125219833 -0.125219833 -0.125219833 -0.1364455 -0.1364455 -0.1364455 -0.151729 -0.151729 -0.151729
          -0.127883 -0.127883 -0.127883 -0.14601 -0.14601 -0.14601 -0.129650333 -0.129650333 -0.129650333
          -0.220916667 -0.220916667 -0.220916667 -0.189887 -0.189887 -0.189887 -0.175088 -0.175088 -0.175088
          -0.207703 -0.207703 -0.207703 -0.102111 -0.102111 -0.102111 -0.104440833 -0.104440833 -0.104440833
          -0.0986051 -0.0986051 -0.0986051 -0.101777667 -0.101777667 -0.101777667 -0.1034745 -0.1034745 -0.1034745
          -0.100478633 -0.100478633 -0.100478633 -0.113507167 -0.113507167 -0.113507167 -0.105037267 -0.105037267 -0.105037267
          -0.106079967 -0.106079967 -0.106079967 -0.113744167 -0.113744167 -0.113744167 0.0192868333 0.0192868333 0.0192868333
          0.0361618667 0.0361618667 0.0361618667 -0.158712 -0.158712 -0.158712 -0.135551 -0.135551 -0.135551
          -0.142191333 -0.142191333 -0.142191333 -0.129754333 -0.129754333 -0.129754333 -0.134454 -0.134454 -0.134454
          -0.151491333 -0.151491333 -0.151491333 -0.197015667 -0.197015667 -0.197015667 -0.230855 -0.230855 -0.230855
          -0.219526 -0.219526 -0.219526 -0.183718 -0.183718 -0.183718 -0.106955667 -0.106955667 -0.106955667
          -0.104822 -0.104822 -0.104822 -0.103574 -0.103574 -0.103574 -0.0996216 -0.0996216 -0.0996216
          -0.102632 -0.102632 -0.102632 -0.106140333 -0.106140333 -0.106140333 -0.106104933 -0.106104933 -0.106104933
          -0.116388667 -0.116388667 -0.116388667 -0.118054333 -0.118054333 -0.118054333 -0.108585333 -0.108585333 -0.108585333
          0.117343833 0.117343833 0.117343833 0.0693924667 0.0693924667 0.0693924667 0.0771649667 0.0771649667 0.0771649667
          0.170264667 0.170264667 0.170264667 -0.106565 -0.106565 -0.106565 -0.109245667 -0.109245667 -0.109245667
          -0.101854467 -0.101854467 -0.101854467 -0.106363 -0.106363 -0.106363 -0.107260333 -0.107260333 -0.107260333
          -0.103134333 -0.103134333 -0.103134333 -0.117936333 -0.117936333 -0.117936333 -0.1074558 -0.1074558 -0.1074558
          -0.109087667 -0.109087667 -0.109087667 -0.119303667 -0.119303667 -0.119303667 -0.338750333 -0.338750333 -0.338750333
          -0.413604333 -0.413604333 -0.413604333 -0.521784667 -0.521784667 -0.521784667 -0.505734667 -0.505734667 -0.505734667
          -0.462906333 -0.462906333 -0.462906333 -0.449503333 -0.449503333 -0.449503333 -0.440563667 -0.440563667 -0.440563667
          -0.447039667 -0.447039667 -0.447039667 -0.012072 -0.012072 -0.012072 0.0387237333 0.0387237333 0.0387237333
          -0.220888933 -0.220888933 -0.220888933 -0.338750333 -0.338750333 -0.338750333 0.443158833 0.443158833 0.443158833
          0.492065167 0.492065167 0.492065167 0.493482267 0.493482267 0.493482267 0.4736356 0.4736356 0.4736356
          0.783765667 0.783765667 0.783765667 0.863872667 0.863872667 0.863872667 0.896086333 0.896086333 0.896086333
          -0.514646667 -0.514646667 -0.514646667 -0.500518667 -0.500518667 -0.500518667 0.471913367 0.471913367 0.471913367
          0.5268287 0.5268287 0.5268287 0.921872667 0.921872667 0.921872667 0.915543333 0.915543333 0.915543333
          0.830931333 0.830931333 0.830931333 0.899774 0.899774 0.899774 -0.219649633 -0.219649633 -0.219649633
          -0.383201967 -0.383201967 -0.383201967 -0.399605333 -0.399605333 -0.399605333 -0.380740333 -0.380740333 -0.380740333
          -0.51823 -0.51823 -0.51823 -0.516071 -0.516071 -0.516071 -0.265845333 -0.265845333 -0.265845333
          -0.245882333 -0.245882333 -0.245882333 -0.533223 -0.533223 -0.533223 -0.522745 -0.522745 -0.522745
          0.724252 0.724252 0.724252 0.845632667 0.845632667 0.845632667 0.835355333 0.835355333 0.835355333
          0.796879 0.796879 0.796879 0.722801667 0.722801667 0.722801667 0.884473 0.884473 0.884473
          0.911375 0.911375 0.911375 0.911942667 0.911942667 0.911942667 0.944078333 0.944078333 0.944078333
          0.927453667 0.927453667 0.927453667 -0.54479 -0.54479 -0.54479 -0.561191 -0.561191 -0.561191
          -0.560313333 -0.560313333 -0.560313333 -0.549984333 -0.549984333 -0.549984333 -0.555079333 -0.555079333 -0.555079333
          -0.417109333 -0.417109333 -0.417109333 -0.397354733 -0.397354733 -0.397354733 -0.556734 -0.556734 -0.556734
          -0.266973333 -0.266973333 -0.266973333 -0.234843733 -0.234843733 -0.234843733 -0.513683 -0.513683 -0.513683
          -0.524403333 -0.524403333 -0.524403333 0.20850124 0.20850124 0.20850124 0.426781533 0.426781533 0.426781533
          -0.376862133 -0.376862133 -0.376862133 -0.19940276 -0.19940276 -0.19940276 0.901443 0.901443 0.901443
          0.908383333 0.908383333 0.908383333 0.950873333 0.950873333 0.950873333 0.949346667 0.949346667 0.949346667
          0.927248 0.927248 0.927248 0.91059 0.91059 0.91059 0.933288333 0.933288333 0.933288333
          0.944532667 0.944532667 0.944532667 -0.488879333 -0.488879333 -0.488879333 -0.509738333 -0.509738333 -0.509738333
          -0.501721 -0.501721 -0.501721 -0.490049333 -0.490049333 -0.490049333 -0.454984 -0.454984 -0.454984
          -0.414515667 -0.414515667 -0.414515667 -0.414955 -0.414955 -0.414955 -0.442773667 -0.442773667 -0.442773667
          -0.458951 -0.458951 -0.458951 -0.512938 -0.512938 -0.512938 -0.496997667 -0.496997667 -0.496997667
          -0.489325667 -0.489325667 -0.489325667 -0.538250667 -0.538250667 -0.538250667 -0.522926667 -0.522926667 -0.522926667
          -0.448687333 -0.448687333 -0.448687333 -0.479875667 -0.479875667 -0.479875667 -0.252930167 -0.252930167 -0.252930167
          -0.394607167 -0.394607167 -0.394607167 0.173059 0.173059 0.173059 -0.079038 -0.079038 -0.079038
          -0.239329833 -0.239329833 -0.239329833 -0.3372395 -0.3372395 -0.3372395 -0.291973733 -0.291973733 -0.291973733
          -0.4288254 -0.4288254 -0.4288254 0.177615467 0.177615467 0.177615467 -0.1142632 -0.1142632 -0.1142632
          -0.289710133 -0.289710133 -0.289710133 -0.393571133 -0.393571133 -0.393571133 -0.3596159 -0.3596159 -0.3596159
          -0.2648649 -0.2648649 -0.2648649 -0.452726 -0.452726 -0.452726 -0.423649 -0.423649 -0.423649
          -0.32042 -0.32042 -0.32042 -0.1503056 -0.1503056 -0.1503056 -0.503638667 -0.503638667 -0.503638667
          -0.522575667 -0.522575667 -0.522575667 -0.518624333 -0.518624333 -0.518624333 -0.521887667 -0.521887667 -0.521887667
          -0.393925 -0.393925 -0.393925 -0.249192267 -0.249192267 -0.249192267 -0.4208726 -0.4208726 -0.4208726
          0.322586667 0.322586667 0.322586667 0.142732733 0.142732733 0.142732733 -0.0860393 -0.0860393 -0.0860393
          0.1484157 0.1484157 0.1484157 0.351773167 0.351773167 0.351773167 0.176673567 0.176673567 0.176673567
          -0.0223811 -0.0223811 -0.0223811 -0.197288167 -0.197288167 -0.197288167 -0.277263933 -0.277263933 -0.277263933
          -0.2579854 -0.2579854 -0.2579854 -0.450821 -0.450821 -0.450821 -0.476462667 -0.476462667 -0.476462667
          -0.423002333 -0.423002333 -0.423002333 -0.420866 -0.420866 -0.420866 -0.451172 -0.451172 -0.451172
          0.670589 0.670589 0.670589 0.653443333 0.653443333 0.653443333 0.3557411 0.3557411 0.3557411
          0.104055767 0.104055767 0.104055767 -0.164121233 -0.164121233 -0.164121233 -0.3194439 -0.3194439 -0.3194439
          0.338340733 0.338340733 0.338340733 0.556376 0.556376 0.556376 0.201781767 0.201781767 0.201781767
          -0.1185809 -0.1185809 -0.1185809 -0.610428667 -0.610428667 -0.610428667 -0.616325333 -0.616325333 -0.616325333
          -0.3105525 -0.3105525 -0.3105525 -0.432870167 -0.432870167 -0.432870167 -0.445350067 -0.445350067 -0.445350067
          -0.317135733 -0.317135733 -0.317135733 -0.553017333 -0.553017333 -0.553017333 -0.556040333 -0.556040333 -0.556040333
          -0.583084333 -0.583084333 -0.583084333 -0.599830667 -0.599830667 -0.599830667 0.767073 0.767073 0.767073
          0.78653 0.78653 0.78653 0.669101333 0.669101333 0.669101333 0.544658333 0.544658333 0.544658333
          -0.595212333 -0.595212333 -0.595212333 -0.569546333 -0.569546333 -0.569546333 -0.374159633 -0.374159633 -0.374159633
          -0.399229967 -0.399229967 -0.399229967 -0.548984667 -0.548984667 -0.548984667 -0.521921333 -0.521921333 -0.521921333
          -0.59173 -0.59173 -0.59173 -0.576028667 -0.576028667 -0.576028667 -0.506486333 -0.506486333 -0.506486333
          -0.524180667 -0.524180667 -0.524180667 0.4361007 0.4361007 0.4361007 0.1723247 0.1723247 0.1723247
          0.159578933 0.159578933 0.159578933 0.440977267 0.440977267 0.440977267 -0.351020067 -0.351020067 -0.351020067
          -0.2135304 -0.2135304 -0.2135304 0.146092 0.146092 0.146092 0.126129 0.126129 0.126129
          0.737862667 0.737862667 0.737862667 0.740203333 0.740203333 0.740203333 -0.562593333 -0.562593333 -0.562593333
          -0.554377 -0.554377 -0.554377 -0.518863 -0.518863 -0.518863 -0.542182333 -0.542182333 -0.542182333
          -0.558711333 -0.558711333 -0.558711333 -0.561715667 -0.561715667 -0.561715667 -0.523701 -0.523701 -0.523701
          -0.505593667 -0.505593667 -0.505593667 0.469627667 0.469627667 0.469627667 0.452577667 0.452577667 0.452577667
          0.1659409 0.1659409 0.1659409 0.678058333 0.678058333 0.678058333 0.394211933 0.394211933 0.394211933
          0.158428267 0.158428267 0.158428267 0.126298667 0.126298667 0.126298667 0.823123 0.823123 0.823123
          0.794862 0.794862 0.794862 -0.362927033 -0.362927033 -0.362927033 -0.19153966 -0.19153966 -0.19153966
          0.412649967 0.412649967 0.412649967 0.21636434 0.21636434 0.21636434 -0.411299333 -0.411299333 -0.411299333
          -0.409602333 -0.409602333 -0.409602333 -0.481820667 -0.481820667 -0.481820667 -0.482541667 -0.482541667 -0.482541667
          -0.441608333 -0.441608333 -0.441608333 -0.466385667 -0.466385667 -0.466385667 -0.469272333 -0.469272333 -0.469272333
          -0.445471 -0.445471 -0.445471 0.769388 0.769388 0.769388 0.840602333 0.840602333 0.840602333
          0.4983386 0.4983386 0.4983386 0.410347267 0.410347267 0.410347267 0.400383433 0.400383433 0.400383433
          0.471685767 0.471685767 0.471685767 0.849749333 0.849749333 0.849749333 0.795224 0.795224 0.795224
          0.865938 0.865938 0.865938 0.804929 0.804929 0.804929 0.666019 0.666019 0.666019
          0.740398 0.740398 0.740398 0.690716 0.690716 0.690716 0.643704667 0.643704667 0.643704667
          0.857201667 0.857201667 0.857201667 0.890843 0.890843 0.890843 -0.582564 -0.582564 -0.582564
          -0.538796667 -0.538796667 -0.538796667 -0.566693333 -0.566693333 -0.566693333 -0.599684 -0.599684 -0.599684
          -0.36163 -0.36163 -0.36163 -0.251751667 -0.251751667 -0.251751667 0.080511 0.080511 0.080511
          0.140747067 0.140747067 0.140747067 -0.3274697 -0.3274697 -0.3274697 -0.193788367 -0.193788367 -0.193788367
          -0.1727191 -0.1727191 -0.1727191 -0.1688231 -0.1688231 -0.1688231 -0.0354158 -0.0354158 -0.0354158
          0.198575867 0.198575867 0.198575867 -0.379547333 -0.379547333 -0.379547333 -0.509332667 -0.509332667 -0.509332667
          -0.376614333 -0.376614333 -0.376614333 -0.294452333 -0.294452333 -0.294452333 -0.245433067 -0.245433067 -0.245433067
          -0.341723067 -0.341723067 -0.341723067 0.103297933 0.103297933 0.103297933 -0.131308733 -0.131308733 -0.131308733
          -0.379734333 -0.379734333 -0.379734333 -0.303920333 -0.303920333 -0.303920333 -0.147620567 -0.147620567 -0.147620567
          0.0933341 0.0933341 0.0933341 0.130073067 0.130073067 0.130073067 0.358819 0.358819 0.358819
          -0.369236667 -0.369236667 -0.369236667 -0.227018 -0.227018 -0.227018 0.336504667 0.336504667 0.336504667
          0.105244667 0.105244667 0.105244667 -0.249067633 -0.249067633 -0.249067633 -0.0860393 -0.0860393 -0.0860393
          -0.398845333 -0.398845333 -0.398845333 -0.441567667 -0.441567667 -0.441567667 0.140309267 0.140309267 0.140309267
          0.121030733 0.121030733 0.121030733 -0.154065 -0.154065 -0.154065 -0.177291333 -0.177291333 -0.177291333
          -0.189682 -0.189682 -0.189682 -0.262050667 -0.262050667 -0.262050667 -0.217789333 -0.217789333 -0.217789333
          -0.196147333 -0.196147333 -0.196147333 -0.230886667 -0.230886667 -0.230886667 -0.280755667 -0.280755667 -0.280755667
          -0.333084333 -0.333084333 -0.333084333 -0.169980333 -0.169980333 -0.169980333 -0.163026333 -0.163026333 -0.163026333
          -0.205989 -0.205989 -0.205989 -0.179795333 -0.179795333 -0.179795333 -0.194811667 -0.194811667 -0.194811667
          -0.189434667 -0.189434667 -0.189434667 -0.244363 -0.244363 -0.244363 -0.261648667 -0.261648667 -0.261648667
          -0.291604333 -0.291604333 -0.291604333 -0.191258767 -0.191258767 -0.191258767 -0.126892 -0.126892 -0.126892
          -0.142591333 -0.142591333 -0.142591333 -0.192873 -0.192873 -0.192873 -0.189816667 -0.189816667 -0.189816667
          -0.168062 -0.168062 -0.168062 -0.159515667 -0.159515667 -0.159515667 -0.172283 -0.172283 -0.172283
          -0.196662 -0.196662 -0.196662 -0.256119333 -0.256119333 -0.256119333 -0.245563 -0.245563 -0.245563
          -0.08094561 -0.08094561 -0.08094561 -0.19724791 -0.19724791 -0.19724791 -0.259215 -0.259215 -0.259215
          -0.198338667 -0.198338667 -0.198338667 -0.171786333 -0.171786333 -0.171786333 -0.254114667 -0.254114667 -0.254114667
          -0.251391 -0.251391 -0.251391 -0.157301667 -0.157301667 -0.157301667 -0.150870333 -0.150870333 -0.150870333
          -0.240439 -0.240439 -0.240439 -0.202933667 -0.202933667 -0.202933667 -0.222279333 -0.222279333 -0.222279333
          -0.250479 -0.250479 -0.250479 -0.318940333 -0.318940333 -0.318940333 -0.267696 -0.267696 -0.267696
          -0.196044333 -0.196044333 -0.196044333 -0.236415333 -0.236415333 -0.236415333 -0.251781667 -0.251781667 -0.251781667
          -0.213928243 -0.213928243 -0.213928243 -0.11928825 -0.11928825 -0.11928825 0.138873417 0.138873417 0.138873417
          0.160535723 0.160535723 0.160535723 -0.326398767 -0.326398767 -0.326398767 -0.0662091 -0.0662091 -0.0662091
          -0.109286667 -0.109286667 -0.109286667 0.0355128333 0.0355128333 0.0355128333 0.2908925 0.2908925 0.2908925
          -0.318706833 -0.318706833 -0.318706833 -0.234262833 -0.234262833 -0.234262833 -0.213203667 -0.213203667 -0.213203667
          -0.287242 -0.287242 -0.287242 0.208569333 0.208569333 0.208569333 0.0317006667 0.0317006667 0.0317006667
          -0.0823003333 -0.0823003333 -0.0823003333 0.271421667 0.271421667 0.271421667 0.1862173 0.1862173 0.1862173
          0.291399 0.291399 0.291399 0.385519667 0.385519667 0.385519667 -0.396818333 -0.396818333 -0.396818333
          -0.404095 -0.404095 -0.404095 -0.13771 -0.13771 -0.13771 -0.0886174 -0.0886174 -0.0886174
          -0.0694565333 -0.0694565333 -0.0694565333 -0.0973668 -0.0973668 -0.0973668 -0.373842 -0.373842 -0.373842
          -0.411162667 -0.411162667 -0.411162667 -0.273424333 -0.273424333 -0.273424333 -0.300353333 -0.300353333 -0.300353333
          -0.528115 -0.528115 -0.528115 -0.526754 -0.526754 -0.526754 -0.232546 -0.232546 -0.232546
          -0.296172 -0.296172 -0.296172 -0.24189 -0.24189 -0.24189 -0.213067333 -0.213067333 -0.213067333
          -0.0927740333 -0.0927740333 -0.0927740333 -0.0421044333 -0.0421044333 -0.0421044333 -0.000418866667 -0.000418866667 -0.000418866667
          0.0428977667 0.0428977667 0.0428977667 0.185989467 0.185989467 0.185989467 0.1118403 0.1118403 0.1118403
          0.3269325 0.3269325 0.3269325 -0.279495833 -0.279495833 -0.279495833 -0.154764367 -0.154764367 -0.154764367
          -0.0860610667 -0.0860610667 -0.0860610667 -0.0944484 -0.0944484 -0.0944484 0.0990475333 0.0990475333 0.0990475333
          0.0238642667 0.0238642667 0.0238642667 0.0767356667 0.0767356667 0.0767356667 -0.0724086667 -0.0724086667 -0.0724086667
          0.309807 0.309807 0.309807 0.404222333 0.404222333 0.404222333 0.337833333 0.337833333 0.337833333
          0.157319533 0.157319533 0.157319533 0.149739867 0.149739867 0.149739867 -0.322564333 -0.322564333 -0.322564333
          -0.364884 -0.364884 -0.364884 0.0388457 0.0388457 0.0388457 0.0373947333 0.0373947333 0.0373947333
          -0.160480333 -0.160480333 -0.160480333 -0.131976 -0.131976 -0.131976 -0.152013333 -0.152013333 -0.152013333
          -0.170195333 -0.170195333 -0.170195333 -0.125676333 -0.125676333 -0.125676333 -0.128020333 -0.128020333 -0.128020333
          -0.408868667 -0.408868667 -0.408868667 -0.318653333 -0.318653333 -0.318653333 -0.221536 -0.221536 -0.221536
          -0.216099333 -0.216099333 -0.216099333 -0.257231 -0.257231 -0.257231 -0.243907667 -0.243907667 -0.243907667
          -0.209856333 -0.209856333 -0.209856333 -0.160644 -0.160644 -0.160644 -0.215678333 -0.215678333 -0.215678333
          -0.251206 -0.251206 -0.251206 -0.205888667 -0.205888667 -0.205888667 -0.256623333 -0.256623333 -0.256623333
          -0.259215 -0.259215 -0.259215 -0.218187 -0.218187 -0.218187 -0.16724 -0.16724 -0.16724
          -0.207087 -0.207087 -0.207087 -0.160549333 -0.160549333 -0.160549333 -0.201327333 -0.201327333 -0.201327333
          -0.207423667 -0.207423667 -0.207423667 -0.172361333 -0.172361333 -0.172361333 -0.156131333 -0.156131333 -0.156131333
          -0.294757333 -0.294757333 -0.294757333 -0.342945333 -0.342945333 -0.342945333 -0.209236333 -0.209236333 -0.209236333
          -0.259756667 -0.259756667 -0.259756667 -0.231246 -0.231246 -0.231246 -0.187481667 -0.187481667 -0.187481667
          -0.289454 -0.289454 -0.289454 -0.271388 -0.271388 -0.271388 -0.446643667 -0.446643667 -0.446643667
          -0.437226 -0.437226 -0.437226 -0.230432 -0.230432 -0.230432 -0.188009667 -0.188009667 -0.188009667
          -0.375237333 -0.375237333 -0.375237333 -0.289889333 -0.289889333 -0.289889333 -0.377053 -0.377053 -0.377053
          -0.322736667 -0.322736667 -0.322736667 -0.283731333 -0.283731333 -0.283731333 0.101434233 0.101434233 0.101434233
          0.112748993 0.112748993 0.112748993 -0.257073 -0.257073 -0.257073 -0.145412673 -0.145412673 -0.145412673
          -0.314395 -0.314395 -0.314395 -0.385661333 -0.385661333 -0.385661333 -0.350428 -0.350428 -0.350428
          -0.350942 -0.350942 -0.350942 -0.391917667 -0.391917667 -0.391917667 -0.338185667 -0.338185667 -0.338185667
          -0.385641667 -0.385641667 -0.385641667 -0.357667667 -0.357667667 -0.357667667 -0.272024333 -0.272024333 -0.272024333
          -0.424745333 -0.424745333 -0.424745333 -0.384959333 -0.384959333 -0.384959333 0.354251333 0.354251333 0.354251333
          0.2360699 0.2360699 0.2360699 -0.146928333 -0.146928333 -0.146928333 -0.0552640333 -0.0552640333 -0.0552640333
          -0.264437 -0.264437 -0.264437 -0.404415333 -0.404415333 -0.404415333 -0.389356333 -0.389356333 -0.389356333
          -0.228195667 -0.228195667 -0.228195667 -0.406353667 -0.406353667 -0.406353667 -0.306520667 -0.306520667 -0.306520667
          -0.245265667 -0.245265667 -0.245265667 -0.0929171333 -0.0929171333 -0.0929171333 -0.0650068667 -0.0650068667 -0.0650068667
          -0.399575333 -0.399575333 -0.399575333 -0.30294 -0.30294 -0.30294 -0.228999 -0.228999 -0.228999
          -0.223746 -0.223746 -0.223746 -0.413661333 -0.413661333 -0.413661333 -0.382601667 -0.382601667 -0.382601667
          -0.456090333 -0.456090333 -0.456090333 -0.543174 -0.543174 -0.543174 -0.371185 -0.371185 -0.371185
          -0.382581667 -0.382581667 -0.382581667 -0.381784667 -0.381784667 -0.381784667 -0.312399333 -0.312399333 -0.312399333
          -0.526754 -0.526754 -0.526754 -0.468842667 -0.468842667 -0.468842667 -0.175441333 -0.175441333 -0.175441333
          -0.168949667 -0.168949667 -0.168949667 -0.369349667 -0.369349667 -0.369349667 -0.405556667 -0.405556667 -0.405556667
          -0.249949333 -0.249949333 -0.249949333 -0.198751333 -0.198751333 -0.198751333 -0.124810333 -0.124810333 -0.124810333
          -0.0950931667 -0.0950931667 -0.0950931667 -0.0108555 -0.0108555 -0.0108555 -0.0074094 -0.0074094 -0.0074094
          -0.343045667 -0.343045667 -0.343045667 -0.388483 -0.388483 -0.388483 -0.457750333 -0.457750333 -0.457750333
          -0.460998667 -0.460998667 -0.460998667 -0.236185333 -0.236185333 -0.236185333 -0.276740333 -0.276740333 -0.276740333
          -0.118300833 -0.118300833 -0.118300833 -0.158661 -0.158661 -0.158661 -0.0872353 -0.0872353 -0.0872353
          -0.1164067 -0.1164067 -0.1164067 -0.0811706333 -0.0811706333 -0.0811706333 -0.0645695 -0.0645695 -0.0645695
          0.0297568333 0.0297568333 0.0297568333 0.0346539 0.0346539 0.0346539 -0.240099 -0.240099 -0.240099
          -0.180156533 -0.180156533 -0.180156533 -0.252688 -0.252688 -0.252688 -0.191964467 -0.191964467 -0.191964467
          -0.234435467 -0.234435467 -0.234435467 -0.172491667 -0.172491667 -0.172491667 -0.119981933 -0.119981933 -0.119981933
          -0.0100566 -0.0100566 -0.0100566 0.0406927667 0.0406927667 0.0406927667 0.1402341 0.1402341 0.1402341
          0.255974 0.255974 0.255974 -0.100513067 -0.100513067 -0.100513067 -0.0093628 -0.0093628 -0.0093628
          0.304461333 0.304461333 0.304461333 0.213155333 0.213155333 0.213155333 -0.1735198 -0.1735198 -0.1735198
          -0.136532133 -0.136532133 -0.136532133 -0.0624149333 -0.0624149333 -0.0624149333 -0.0609639667 -0.0609639667 -0.0609639667
          -0.163215333 -0.163215333 -0.163215333 -0.147273333 -0.147273333 -0.147273333 -0.289412 -0.289412 -0.289412
          -0.304880667 -0.304880667 -0.304880667 -0.177096667 -0.177096667 -0.177096667 -0.225023333 -0.225023333 -0.225023333
          -0.276233667 -0.276233667 -0.276233667 -0.304036333 -0.304036333 -0.304036333 -0.191837333 -0.191837333 -0.191837333
          -0.208294 -0.208294 -0.208294 -0.266992 -0.266992 -0.266992 -0.223028 -0.223028 -0.223028
          -0.189582333 -0.189582333 -0.189582333 -0.169534333 -0.169534333 -0.169534333 -0.20684 -0.20684 -0.20684
          -0.142404667 -0.142404667 -0.142404667 -0.169374 -0.169374 -0.169374 -0.215227667 -0.215227667 -0.215227667
          -0.230098333 -0.230098333 -0.230098333 -0.128308667 -0.128308667 -0.128308667 -0.127372 -0.127372 -0.127372
          -0.291125 -0.291125 -0.291125 -0.291227 -0.291227 -0.291227 -0.285353 -0.285353 -0.285353
          -0.265516333 -0.265516333 -0.265516333 -0.169697667 -0.169697667 -0.169697667 -0.235928 -0.235928 -0.235928
          -0.0329241333 -0.0329241333 -0.0329241333 -0.156251667 -0.156251667 -0.156251667 -0.122718667 -0.122718667 -0.122718667
          0.094555 0.094555 0.094555 -0.0394568667 -0.0394568667 -0.0394568667 -0.133108867 -0.133108867 -0.133108867
          0.244614467 0.244614467 0.244614467 0.2165838 0.2165838 0.2165838 -0.322043667 -0.322043667 -0.322043667
          -0.357569667 -0.357569667 -0.357569667 -0.392721 -0.392721 -0.392721 -0.273274667 -0.273274667 -0.273274667
          -0.213489333 -0.213489333 -0.213489333 0.357552667 0.357552667 0.357552667 0.176877333 0.176877333 0.176877333
          0.0427686667 0.0427686667 0.0427686667 0.376745333 0.376745333 0.376745333 0.339365667 0.339365667 0.339365667
          0.370775667 0.370775667 0.370775667 0.302573333 0.302573333 0.302573333 -0.318723333 -0.318723333 -0.318723333
          -0.330955333 -0.330955333 -0.330955333 -0.340036667 -0.340036667 -0.340036667 -0.340135333 -0.340135333 -0.340135333
          -0.0735896667 -0.0735896667 -0.0735896667 0.0081013 0.0081013 0.0081013 0.0962299667 0.0962299667 0.0962299667
          0.209772667 0.209772667 0.209772667 0.060863 0.060863 0.060863 -0.133836667 -0.133836667 -0.133836667
          -0.0515631967 -0.0515631967 -0.0515631967 -0.07631543 -0.07631543 -0.07631543 0.0977318367 0.0977318367 0.0977318367
          0.03656547 0.03656547 0.03656547 0.196754867 0.196754867 0.196754867 0.0643678667 0.0643678667 0.0643678667
          0.0841063333 0.0841063333 0.0841063333 -0.0222667333 -0.0222667333 -0.0222667333 0.250434333 0.250434333 0.250434333
          0.283295667 0.283295667 0.283295667 0.273346333 0.273346333 0.273346333 0.305673667 0.305673667 0.305673667
          0.190769837 0.190769837 0.190769837 0.171254837 0.171254837 0.171254837 -0.114766067 -0.114766067 -0.114766067
          -0.139433033 -0.139433033 -0.139433033 -0.190179667 -0.190179667 -0.190179667 -0.220923333 -0.220923333 -0.220923333
          -0.248000667 -0.248000667 -0.248000667 -0.256158 -0.256158 -0.256158 -0.254195667 -0.254195667 -0.254195667
          -0.253648667 -0.253648667 -0.253648667 -0.03523137 -0.03523137 -0.03523137 -0.0830706667 -0.0830706667 -0.0830706667
          -0.208803633 -0.208803633 -0.208803633 -0.10426867 -0.10426867 -0.10426867 -0.112964967 -0.112964967 -0.112964967
          -0.096546 -0.096546 -0.096546 -0.128096667 -0.128096667 -0.128096667 -0.2012113 -0.2012113 -0.2012113
          -0.202321733 -0.202321733 -0.202321733 -0.150294867 -0.150294867 -0.150294867 -0.1763088 -0.1763088 -0.1763088
          -0.160489333 -0.160489333 -0.160489333 -0.165876667 -0.165876667 -0.165876667 -0.127651667 -0.127651667 -0.127651667
          -0.143113333 -0.143113333 -0.143113333 -0.219283667 -0.219283667 -0.219283667 -0.241319333 -0.241319333 -0.241319333
          -0.0258418367 -0.0258418367 -0.0258418367 -0.0159947333 -0.0159947333 -0.0159947333 -0.0154846667 -0.0154846667 -0.0154846667
          -0.0548024333 -0.0548024333 -0.0548024333 -0.120659367 -0.120659367 -0.120659367 -0.102290733 -0.102290733 -0.102290733
          -0.162254367 -0.162254367 -0.162254367 -0.225822333 -0.225822333 -0.225822333 -0.226593667 -0.226593667 -0.226593667
          -0.191128 -0.191128 -0.191128 -0.197067333 -0.197067333 -0.197067333 -0.20511 -0.20511 -0.20511
          -0.187279 -0.187279 -0.187279 -0.195619667 -0.195619667 -0.195619667 -0.165423 -0.165423 -0.165423
          -0.188745667 -0.188745667 -0.188745667 -0.152122333 -0.152122333 -0.152122333 -0.271597333 -0.271597333 -0.271597333
          -0.244192 -0.244192 -0.244192 -0.259094667 -0.259094667 -0.259094667 -0.254758333 -0.254758333 -0.254758333
          -0.390313 -0.390313 -0.390313 -0.425904667 -0.425904667 -0.425904667 -0.320995667 -0.320995667 -0.320995667
          -0.371668 -0.371668 -0.371668 -0.0948791367 -0.0948791367 -0.0948791367 -0.147778767 -0.147778767 -0.147778767
          -0.363757 -0.363757 -0.363757 -0.30627 -0.30627 -0.30627 -0.385557 -0.385557 -0.385557
          -0.35678 -0.35678 -0.35678 -0.148016 -0.148016 -0.148016 -0.133421 -0.133421 -0.133421
          0.15723 0.15723 0.15723 0.1923228 0.1923228 0.1923228 -0.222578533 -0.222578533 -0.222578533
          -0.0637178667 -0.0637178667 -0.0637178667 -0.258104533 -0.258104533 -0.258104533 -0.134336667 -0.134336667 -0.134336667
          0.0718031333 0.0718031333 0.0718031333 -0.0498795333 -0.0498795333 -0.0498795333 -0.308943667 -0.308943667 -0.308943667
          -0.281698333 -0.281698333 -0.281698333 -0.1354081 -0.1354081 -0.1354081 -0.141881433 -0.141881433 -0.141881433
          -0.13026 -0.13026 -0.13026 -0.135645333 -0.135645333 -0.135645333 0.258642533 0.258642533 0.258642533
          0.389968333 0.389968333 0.389968333 0.017289 0.017289 0.017289 0.129762 0.129762 0.129762
          -0.230171333 -0.230171333 -0.230171333 -0.154806433 -0.154806433 -0.154806433 -0.240348 -0.240348 -0.240348
          -0.227363333 -0.227363333 -0.227363333 -0.155204333 -0.155204333 -0.155204333 -0.150553667 -0.150553667 -0.150553667
          -0.0373242333 -0.0373242333 -0.0373242333 -0.0013297 -0.0013297 -0.0013297 -0.0850437 -0.0850437 -0.0850437
          -0.0853227333 -0.0853227333 -0.0853227333 -0.213189667 -0.213189667 -0.213189667 -0.2337 -0.2337 -0.2337
          -0.100786567 -0.100786567 -0.100786567 -0.1686258 -0.1686258 -0.1686258 -0.00329083333 -0.00329083333 -0.00329083333
          -0.0210830667 -0.0210830667 -0.0210830667 -0.138222545 -0.138222545 -0.138222545 -0.0643460447 -0.0643460447 -0.0643460447
          -0.0943772333 -0.0943772333 -0.0943772333 -0.142375733 -0.142375733 -0.142375733 -0.163166333 -0.163166333 -0.163166333
          -0.357861 -0.357861 -0.357861 -0.366955667 -0.366955667 -0.366955667 -0.294097 -0.294097 -0.294097
          -0.275548667 -0.275548667 -0.275548667 -0.24158 -0.24158 -0.24158 -0.205367667 -0.205367667 -0.205367667
          -0.279077333 -0.279077333 -0.279077333 -0.294488333 -0.294488333 -0.294488333 -0.213329667 -0.213329667 -0.213329667
          -0.277443333 -0.277443333 -0.277443333 -0.0751394113 -0.0751394113 -0.0751394113 -0.1252752 -0.1252752 -0.1252752
          -0.0130918 -0.0130918 -0.0130918 -0.00126291133 -0.00126291133 -0.00126291133 -0.1009863 -0.1009863 -0.1009863
          -0.1392932 -0.1392932 -0.1392932 -0.198601 -0.198601 -0.198601 -0.241517333 -0.241517333 -0.241517333
          -0.0892347333 -0.0892347333 -0.0892347333 -0.103257133 -0.103257133 -0.103257133 -0.339226333 -0.339226333 -0.339226333
          -0.279503 -0.279503 -0.279503 -0.1167419 -0.1167419 -0.1167419 -0.0607073667 -0.0607073667 -0.0607073667
          -0.0745221333 -0.0745221333 -0.0745221333 -0.0248443333 -0.0248443333 -0.0248443333 -0.0480946333 -0.0480946333 -0.0480946333
          -0.104129167 -0.104129167 -0.104129167 -0.116594367 -0.116594367 -0.116594367 -0.301764333 -0.301764333 -0.301764333
          -0.353115333 -0.353115333 -0.353115333 -0.2077808 -0.2077808 -0.2077808 -0.1732368 -0.1732368 -0.1732368
          -0.0778929333 -0.0778929333 -0.0778929333 -0.0268054667 -0.0268054667 -0.0268054667 0.0447702367 0.0447702367 0.0447702367
          0.0680418667 0.0680418667 0.0680418667 -0.0383312 -0.0383312 -0.0383312 0.263116333 0.263116333 0.263116333
          0.21074 0.21074 0.21074 -0.0314067333 -0.0314067333 -0.0314067333 -0.1006268 -0.1006268 -0.1006268
          -0.127490033 -0.127490033 -0.127490033 -0.1222547 -0.1222547 -0.1222547 -0.142049667 -0.142049667 -0.142049667
          -0.321724333 -0.321724333 -0.321724333 -0.312984 -0.312984 -0.312984 -0.188336 -0.188336 -0.188336
          -0.235202 -0.235202 -0.235202 -0.297916333 -0.297916333 -0.297916333 -0.277396 -0.277396 -0.277396
          -0.33094 -0.33094 -0.33094 -0.202354 -0.202354 -0.202354 -0.257960333 -0.257960333 -0.257960333
          -0.244989333 -0.244989333 -0.244989333 -0.285813667 -0.285813667 -0.285813667 -0.244677667 -0.244677667 -0.244677667
          -0.229130333 -0.229130333 -0.229130333 -0.257724 -0.257724 -0.257724 -0.312762 -0.312762 -0.312762
          0.0962484667 0.0962484667 0.0962484667 -0.0281268667 -0.0281268667 -0.0281268667 -0.267788667 -0.267788667 -0.267788667
          -0.243460667 -0.243460667 -0.243460667 0.413008667 0.413008667 0.413008667 0.2567096 0.2567096 0.2567096
          -0.264438333 -0.264438333 -0.264438333 -0.1864248 -0.1864248 -0.1864248 -0.193031333 -0.193031333 -0.193031333
          -0.281055333 -0.281055333 -0.281055333 -0.220033667 -0.220033667 -0.220033667 -0.246099333 -0.246099333 -0.246099333
          -0.314183667 -0.314183667 -0.314183667 -0.142769667 -0.142769667 -0.142769667 -0.189858333 -0.189858333 -0.189858333
          -0.3496762 -0.3496762 -0.3496762 -0.2459129 -0.2459129 -0.2459129 -0.439838333 -0.439838333 -0.439838333
          -0.445846667 -0.445846667 -0.445846667 -0.300070667 -0.300070667 -0.300070667 -0.253074 -0.253074 -0.253074
          -0.532612667 -0.532612667 -0.532612667 -0.380098667 -0.380098667 -0.380098667 -0.369988667 -0.369988667 -0.369988667
          -0.538122 -0.538122 -0.538122 -0.562776667 -0.562776667 -0.562776667 -0.279124 -0.279124 -0.279124
          -0.276384667 -0.276384667 -0.276384667 -0.27455 -0.27455 -0.27455 -0.255035333 -0.255035333 -0.255035333
          -0.405632667 -0.405632667 -0.405632667 -0.395987 -0.395987 -0.395987 -0.425807 -0.425807 -0.425807
          -0.481887333 -0.481887333 -0.481887333 -0.423771667 -0.423771667 -0.423771667 -0.494173667 -0.494173667 -0.494173667
          -0.332091333 -0.332091333 -0.332091333 -0.413275333 -0.413275333 -0.413275333 -0.296405333 -0.296405333 -0.296405333
          -0.216381667 -0.216381667 -0.216381667 -0.0499973 -0.0499973 -0.0499973 -0.137252667 -0.137252667 -0.137252667
          -0.241079667 -0.241079667 -0.241079667 -0.0620632 -0.0620632 -0.0620632 -0.0437659367 -0.0437659367 -0.0437659367
          0.143488533 0.143488533 0.143488533 0.0646078 0.0646078 0.0646078 -0.209242667 -0.209242667 -0.209242667
          -0.236652667 -0.236652667 -0.236652667 -0.199331333 -0.199331333 -0.199331333 -0.126482733 -0.126482733 -0.126482733
          -0.167575533 -0.167575533 -0.167575533 -0.212053867 -0.212053867 -0.212053867 0.0519614 0.0519614 0.0519614
          0.0530928333 0.0530928333 0.0530928333 -0.231069 -0.231069 -0.231069 -0.253330667 -0.253330667 -0.253330667
          -0.255462667 -0.255462667 -0.255462667 -0.294792667 -0.294792667 -0.294792667 0.1265396 0.1265396 0.1265396
          0.0196026667 0.0196026667 0.0196026667 0.149136467 0.149136467 0.149136467 0.181641533 0.181641533 0.181641533
          -0.1669828 -0.1669828 -0.1669828 -0.175754667 -0.175754667 -0.175754667 -0.1272938 -0.1272938 -0.1272938
          -0.149149333 -0.149149333 -0.149149333 -0.275873 -0.275873 -0.275873 -0.293939 -0.293939 -0.293939
          -0.212601167 -0.212601167 -0.212601167 -0.341060167 -0.341060167 -0.341060167 -0.196290533 -0.196290533 -0.196290533
          -0.2509522 -0.2509522 -0.2509522 -0.2918392 -0.2918392 -0.2918392 0.447473833 0.447473833 0.447473833
          0.2687745 0.2687745 0.2687745 0.0736083 0.0736083 0.0736083 -0.0543583667 -0.0543583667 -0.0543583667
          0.156613133 0.156613133 0.156613133 0.1269515 0.1269515 0.1269515 -0.128814833 -0.128814833 -0.128814833
          -0.187483833 -0.187483833 -0.187483833 -0.463991667 -0.463991667 -0.463991667 -0.455991 -0.455991 -0.455991
          -0.505284 -0.505284 -0.505284 -0.388487667 -0.388487667 -0.388487667 -0.334126 -0.334126 -0.334126
          -0.345461333 -0.345461333 -0.345461333 -0.337878667 -0.337878667 -0.337878667 -0.413937667 -0.413937667 -0.413937667
          -0.374578 -0.374578 -0.374578 0.26435 0.26435 0.26435 0.0683683333 0.0683683333 0.0683683333
          -0.0352383333 -0.0352383333 -0.0352383333 0.2642525 0.2642525 0.2642525 0.382633167 0.382633167 0.382633167
          0.291208333 0.291208333 0.291208333 0.187070967 0.187070967 0.187070967 -0.239150333 -0.239150333 -0.239150333
          -0.256538333 -0.256538333 -0.256538333 -0.164744667 -0.164744667 -0.164744667 -0.150220667 -0.150220667 -0.150220667
          -0.582191 -0.582191 -0.582191 -0.551528 -0.551528 -0.551528 -0.258037667 -0.258037667 -0.258037667
          -0.252868667 -0.252868667 -0.252868667 -0.267812 -0.267812 -0.267812 -0.1422616 -0.1422616 -0.1422616
          -0.0439446 -0.0439446 -0.0439446 -0.0848356667 -0.0848356667 -0.0848356667 -0.0773436667 -0.0773436667 -0.0773436667
          -0.030038 -0.030038 -0.030038 -0.205949 -0.205949 -0.205949 -0.229502 -0.229502 -0.229502
          -0.453405667 -0.453405667 -0.453405667 -0.344091667 -0.344091667 -0.344091667 -0.306757 -0.306757 -0.306757
          -0.391416333 -0.391416333 -0.391416333 -0.214963667 -0.214963667 -0.214963667 -0.216094333 -0.216094333 -0.216094333
          -0.212065667 -0.212065667 -0.212065667 -0.244176667 -0.244176667 -0.244176667 -0.230299667 -0.230299667 -0.230299667
          -0.253244 -0.253244 -0.253244 -0.298070667 -0.298070667 -0.298070667 -0.375273667 -0.375273667 -0.375273667
          -0.126907667 -0.126907667 -0.126907667 -0.18338 -0.18338 -0.18338 -0.298440667 -0.298440667 -0.298440667
          -0.259542667 -0.259542667 -0.259542667 -0.217599333 -0.217599333 -0.217599333 -0.186119333 -0.186119333 -0.186119333
          -0.02562507 -0.02562507 -0.02562507 -0.0349411667 -0.0349411667 -0.0349411667 -0.134179567 -0.134179567 -0.134179567
          -0.216009333 -0.216009333 -0.216009333 -0.0518245333 -0.0518245333 -0.0518245333 -0.0560366667 -0.0560366667 -0.0560366667
          -0.123459733 -0.123459733 -0.123459733 -0.197801333 -0.197801333 -0.197801333 -0.0499973 -0.0499973 -0.0499973
          -0.0794684 -0.0794684 -0.0794684 -0.0120453333 -0.0120453333 -0.0120453333 0.00902893 0.00902893 0.00902893
          0.0540385 0.0540385 0.0540385 0.0464924667 0.0464924667 0.0464924667 -0.069794 -0.069794 -0.069794
          0.107921667 0.107921667 0.107921667 0.132465333 0.132465333 0.132465333 0.000188266667 0.000188266667 0.000188266667
          0.344755 0.344755 0.344755 0.291414667 0.291414667 0.291414667 -0.0437768333 -0.0437768333 -0.0437768333
          -0.0449082667 -0.0449082667 -0.0449082667 -0.237494333 -0.237494333 -0.237494333 -0.229384 -0.229384 -0.229384
          -0.1698159 -0.1698159 -0.1698159 -0.1604969 -0.1604969 -0.1604969 -0.00911193667 -0.00911193667 -0.00911193667
          0.0189664667 0.0189664667 0.0189664667 0.539448333 0.539448333 0.539448333 0.484487 0.484487 0.484487
          0.477849333 0.477849333 0.477849333 0.407451667 0.407451667 0.407451667 0.297820333 0.297820333 0.297820333
          0.244424 0.244424 0.244424 -0.129527333 -0.129527333 -0.129527333 -0.138835333 -0.138835333 -0.138835333
          -0.319206333 -0.319206333 -0.319206333 -0.334968 -0.334968 -0.334968 -0.207403333 -0.207403333 -0.207403333
          -0.228671333 -0.228671333 -0.228671333 -0.243342667 -0.243342667 -0.243342667 -0.220589667 -0.220589667 -0.220589667
          -0.231615333 -0.231615333 -0.231615333 -0.212544333 -0.212544333 -0.212544333 -0.157683333 -0.157683333 -0.157683333
          -0.166868 -0.166868 -0.166868 -0.188599667 -0.188599667 -0.188599667 -0.197086333 -0.197086333 -0.197086333
          -0.151375333 -0.151375333 -0.151375333 -0.443202333 -0.443202333 -0.443202333 -0.433210333 -0.433210333 -0.433210333
          -0.208847333 -0.208847333 -0.208847333 -0.267206667 -0.267206667 -0.267206667 -0.1078518 -0.1078518 -0.1078518
          -0.113754667 -0.113754667 -0.113754667 -0.126077333 -0.126077333 -0.126077333 -0.114590667 -0.114590667 -0.114590667
          -0.114225667 -0.114225667 -0.114225667 -0.190557333 -0.190557333 -0.190557333 -0.248621 -0.248621 -0.248621
          -0.292767333 -0.292767333 -0.292767333 -0.145492333 -0.145492333 -0.145492333 -0.15411 -0.15411 -0.15411
          -0.254413333 -0.254413333 -0.254413333 -0.194034333 -0.194034333 -0.194034333 -0.213841333 -0.213841333 -0.213841333
          -0.225853 -0.225853 -0.225853 -0.497167333 -0.497167333 -0.497167333 -0.512929 -0.512929 -0.512929
          -0.145021 -0.145021 -0.145021 -0.213336 -0.213336 -0.213336 -0.447314 -0.447314 -0.447314
          -0.453083667 -0.453083667 -0.453083667 -0.196292333 -0.196292333 -0.196292333 -0.278546667 -0.278546667 -0.278546667
          -0.212972333 -0.212972333 -0.212972333 -0.207422 -0.207422 -0.207422 -0.345566 -0.345566 -0.345566
          -0.291622333 -0.291622333 -0.291622333 -0.222736 -0.222736 -0.222736 -0.234107333 -0.234107333 -0.234107333
          0.0933567667 0.0933567667 0.0933567667 0.107689467 0.107689467 0.107689467 -0.266172867 -0.266172867 -0.266172867
          -0.148076867 -0.148076867 -0.148076867 -0.436987333 -0.436987333 -0.436987333 -0.445623667 -0.445623667 -0.445623667
          -0.338735333 -0.338735333 -0.338735333 -0.0510482 -0.0510482 -0.0510482 -0.139378833 -0.139378833 -0.139378833
          0.142979133 0.142979133 0.142979133 0.291110833 0.291110833 0.291110833 -0.112434667 -0.112434667 -0.112434667
          -0.0205903667 -0.0205903667 -0.0205903667 -0.272055333 -0.272055333 -0.272055333 -0.244675667 -0.244675667 -0.244675667
          -0.167873667 -0.167873667 -0.167873667 -0.146030667 -0.146030667 -0.146030667 -0.191045333 -0.191045333 -0.191045333
          -0.183187667 -0.183187667 -0.183187667 -0.1025757 -0.1025757 -0.1025757 -0.126716333 -0.126716333 -0.126716333
          -0.211233 -0.211233 -0.211233 -0.216862333 -0.216862333 -0.216862333 -0.112968 -0.112968 -0.112968
          -0.0947033667 -0.0947033667 -0.0947033667 -0.134605133 -0.134605133 -0.134605133 -0.106357833 -0.106357833 -0.106357833
          -0.229514 -0.229514 -0.229514 -0.242127333 -0.242127333 -0.242127333 -0.1386874 -0.1386874 -0.1386874
          -0.1356174 -0.1356174 -0.1356174 -0.192145667 -0.192145667 -0.192145667 -0.268375 -0.268375 -0.268375
          -0.176361333 -0.176361333 -0.176361333 -0.237083 -0.237083 -0.237083 -0.330181467 -0.330181467 -0.330181467
          -0.232691333 -0.232691333 -0.232691333 -0.0956741667 -0.0956741667 -0.0956741667 -0.0869161667 -0.0869161667 -0.0869161667
          -0.146004 -0.146004 -0.146004 -0.148886 -0.148886 -0.148886 -0.139729433 -0.139729433 -0.139729433
          -0.152064833 -0.152064833 -0.152064833 -0.0984855 -0.0984855 -0.0984855 -0.138666133 -0.138666133 -0.138666133
          -0.1080708 -0.1080708 -0.1080708 -0.121497133 -0.121497133 -0.121497133 -0.1416088 -0.1416088 -0.1416088
          -0.116249133 -0.116249133 -0.116249133 -0.179037667 -0.179037667 -0.179037667 -0.190685 -0.190685 -0.190685
          -0.197451333 -0.197451333 -0.197451333 -0.200039667 -0.200039667 -0.200039667 0.00556583333 0.00556583333 0.00556583333
          -0.115959167 -0.115959167 -0.115959167 -0.075562 -0.075562 -0.075562 0.0386233333 0.0386233333 0.0386233333
          -0.171886333 -0.171886333 -0.171886333 -0.151571667 -0.151571667 -0.151571667 -0.188580667 -0.188580667 -0.188580667
          -0.178652667 -0.178652667 -0.178652667 0.160107733 0.160107733 0.160107733 0.0952357333 0.0952357333 0.0952357333
          -0.286706333 -0.286706333 -0.286706333 -0.310175333 -0.310175333 -0.310175333 -0.257172333 -0.257172333 -0.257172333
          -0.277641333 -0.277641333 -0.277641333 -0.231468667 -0.231468667 -0.231468667 -0.306626667 -0.306626667 -0.306626667
          -0.0869863667 -0.0869863667 -0.0869863667 -0.0832121333 -0.0832121333 -0.0832121333 0.1136381 0.1136381 0.1136381
          0.0324596333 0.0324596333 0.0324596333 -0.129166667 -0.129166667 -0.129166667 -0.271449 -0.271449 -0.271449
          -0.229989333 -0.229989333 -0.229989333 -0.152483133 -0.152483133 -0.152483133 0.451516667 0.451516667 0.451516667
          0.366788667 0.366788667 0.366788667 0.39153103 0.39153103 0.39153103 0.24019903 0.24019903 0.24019903
          -0.0754473033 -0.0754473033 -0.0754473033 -0.257307637 -0.257307637 -0.257307637 0.0311606667 0.0311606667 0.0311606667
          -0.106275667 -0.106275667 -0.106275667 -0.0173759333 -0.0173759333 -0.0173759333 0.170214433 0.170214433 0.170214433
          0.1806931 0.1806931 0.1806931 0.442905 0.442905 0.442905 0.509509 0.509509 0.509509
          0.391932333 0.391932333 0.391932333 0.246524 0.246524 0.246524 -0.375521333 -0.375521333 -0.375521333
          -0.342907667 -0.342907667 -0.342907667 -0.324546667 -0.324546667 -0.324546667 -0.395218 -0.395218 -0.395218
          -0.404477333 -0.404477333 -0.404477333 -0.376702333 -0.376702333 -0.376702333 -0.183627333 -0.183627333 -0.183627333
          -0.172715333 -0.172715333 -0.172715333 -0.1316094 -0.1316094 -0.1316094 -0.193438667 -0.193438667 -0.193438667
          -0.174738333 -0.174738333 -0.174738333 -0.1336324 -0.1336324 -0.1336324 -0.107383133 -0.107383133 -0.107383133
          -0.229185333 -0.229185333 -0.229185333 -0.239284667 -0.239284667 -0.239284667 -0.234987 -0.234987 -0.234987
          -0.248472 -0.248472 -0.248472 -0.120867067 -0.120867067 -0.120867067 -0.1301584 -0.1301584 -0.1301584
          -0.0987618 -0.0987618 -0.0987618 -0.0885555333 -0.0885555333 -0.0885555333 -0.288572333 -0.288572333 -0.288572333
          -0.276687 -0.276687 -0.276687 0.142409033 0.142409033 0.142409033 0.203490167 0.203490167 0.203490167
          -0.167805833 -0.167805833 -0.167805833 -0.107361967 -0.107361967 -0.107361967 -0.606849 -0.606849 -0.606849
          -0.400985867 -0.400985867 -0.400985867 -0.2155022 -0.2155022 -0.2155022 -0.250661667 -0.250661667 -0.250661667
          0.195882363 0.195882363 0.195882363 -0.0549766367 -0.0549766367 -0.0549766367 -0.260676637 -0.260676637 -0.260676637
          -0.34300997 -0.34300997 -0.34300997 0.241542333 0.241542333 0.241542333 0.060385 0.060385 0.060385
          -0.075978 -0.075978 -0.075978 0.303519667 0.303519667 0.303519667 0.236547667 0.236547667 0.236547667
          0.283969333 0.283969333 0.283969333 0.212579667 0.212579667 0.212579667 -0.270906333 -0.270906333 -0.270906333
          -0.240427333 -0.240427333 -0.240427333 -0.330816 -0.330816 -0.330816 -0.27796 -0.27796 -0.27796
          -0.0215971667 -0.0215971667 -0.0215971667 0.0436373667 0.0436373667 0.0436373667 -0.246813667 -0.246813667 -0.246813667
          -0.229994333 -0.229994333 -0.229994333 -0.397925667 -0.397925667 -0.397925667 -0.207817167 -0.207817167 -0.207817167
          -0.0306568333 -0.0306568333 -0.0306568333 -0.080685 -0.080685 -0.080685 0.0852687 0.0852687 0.0852687
          0.179291833 0.179291833 0.179291833 -0.114215833 -0.114215833 -0.114215833 -0.137901167 -0.137901167 -0.137901167
          -0.234183333 -0.234183333 -0.234183333 -0.280173333 -0.280173333 -0.280173333 -0.224694433 -0.224694433 -0.224694433
          -0.103612267 -0.103612267 -0.103612267 0.182777567 0.182777567 0.182777567 0.0735480667 0.0735480667 0.0735480667
          -0.186565767 -0.186565767 -0.186565767 -0.2339481 -0.2339481 -0.2339481 0.0952357333 0.0952357333 0.0952357333
          -0.0228216 -0.0228216 -0.0228216 -0.327016333 -0.327016333 -0.327016333 -0.416305667 -0.416305667 -0.416305667
          -0.486168667 -0.486168667 -0.486168667 -0.488620667 -0.488620667 -0.488620667 -0.431399333 -0.431399333 -0.431399333
          -0.422145667 -0.422145667 -0.422145667 -0.418757667 -0.418757667 -0.418757667 -0.36701 -0.36701 -0.36701
          -0.190029333 -0.190029333 -0.190029333 -0.249602333 -0.249602333 -0.249602333 -0.327102 -0.327102 -0.327102
          -0.404727333 -0.404727333 -0.404727333 -0.316367333 -0.316367333 -0.316367333 -0.299294667 -0.299294667 -0.299294667
          -0.048631 -0.048631 -0.048631 -0.0756797667 -0.0756797667 -0.0756797667 -0.1553862 -0.1553862 -0.1553862
          -0.1378728 -0.1378728 -0.1378728 -0.116292433 -0.116292433 -0.116292433 -0.1400602 -0.1400602 -0.1400602
          -0.227559 -0.227559 -0.227559 -0.296874667 -0.296874667 -0.296874667 -0.298055667 -0.298055667 -0.298055667
          -0.286252667 -0.286252667 -0.286252667 -0.0188071667 -0.0188071667 -0.0188071667 -0.0804643 -0.0804643 -0.0804643
          -0.0530653667 -0.0530653667 -0.0530653667 0.0228241667 0.0228241667 0.0228241667 -0.177266167 -0.177266167 -0.177266167
          -0.140564167 -0.140564167 -0.140564167 0.107405667 0.107405667 0.107405667 0.192133667 0.192133667 0.192133667
          0.116467 0.116467 0.116467 -0.0330371333 -0.0330371333 -0.0330371333 -0.0155507 -0.0155507 -0.0155507
          0.0513748667 0.0513748667 0.0513748667 -0.0628625 -0.0628625 -0.0628625 0.0311118333 0.0311118333 0.0311118333
          0.288164333 0.288164333 0.288164333 0.219838667 0.219838667 0.219838667 -0.155469 -0.155469 -0.155469
          -0.169118333 -0.169118333 -0.169118333 -0.214896 -0.214896 -0.214896 -0.222408667 -0.222408667 -0.222408667
          -0.217916 -0.217916 -0.217916 -0.219085 -0.219085 -0.219085 -0.218666 -0.218666 -0.218666
          -0.196335 -0.196335 -0.196335 -0.1276274 -0.1276274 -0.1276274 -0.172577 -0.172577 -0.172577
          -0.214256667 -0.214256667 -0.214256667 -0.232144333 -0.232144333 -0.232144333 -0.191241333 -0.191241333 -0.191241333
          -0.189955 -0.189955 -0.189955 -0.194308333 -0.194308333 -0.194308333 -0.202867 -0.202867 -0.202867
          -0.208323667 -0.208323667 -0.208323667 -0.197251 -0.197251 -0.197251 -0.270125333 -0.270125333 -0.270125333
          -0.240039 -0.240039 -0.240039 -0.20788 -0.20788 -0.20788 -0.157722667 -0.157722667 -0.157722667
          -0.113897733 -0.113897733 -0.113897733 -0.109138733 -0.109138733 -0.109138733 -0.117317067 -0.117317067 -0.117317067
          -0.1087998 -0.1087998 -0.1087998 -0.556205333 -0.556205333 -0.556205333 -0.464085333 -0.464085333 -0.464085333
          -0.313111667 -0.313111667 -0.313111667 -0.393089667 -0.393089667 -0.393089667 -0.257079667 -0.257079667 -0.257079667
          -0.318973667 -0.318973667 -0.318973667 -0.358050667 -0.358050667 -0.358050667 -0.375314667 -0.375314667 -0.375314667
          -0.309369 -0.309369 -0.309369 0.0928416667 0.0928416667 0.0928416667 0.1090984 0.1090984 0.1090984
          -0.254419467 -0.254419467 -0.254419467 -0.1406726 -0.1406726 -0.1406726 -0.574539333 -0.574539333 -0.574539333
          -0.526024 -0.526024 -0.526024 -0.536306667 -0.536306667 -0.536306667 -0.534178333 -0.534178333 -0.534178333
          0.130247133 0.130247133 0.130247133 0.274557 0.274557 0.274557 -0.354806333 -0.354806333 -0.354806333
          -0.331982333 -0.331982333 -0.331982333 -0.446821333 -0.446821333 -0.446821333 -0.430568333 -0.430568333 -0.430568333
          -0.183107 -0.183107 -0.183107 -0.263443 -0.263443 -0.263443 -0.184586 -0.184586 -0.184586
          -0.154111333 -0.154111333 -0.154111333
        </DataArray>
        <DataArray type="Float32" Name="pPa" format="ascii">
          2999.98 2999.98 2999.98 2596.67 2596.67 2596.67 -1538.23 -1538.23 -1538.23
          -1539.35 -1539.35 -1539.35 -1600.26333 -1600.26333 -1600.26333 -1568.32667 -1568.32667 -1568.32667
          -1582.99 -1582.99 -1582.99 -1619.40667 -1619.40667 -1619.40667 -173.331 -173.331 -173.331
          -90.25329 -90.25329 -90.25329 -624.822957 -624.822957 -624.822957 -1497.79 -1497.79 -1497.79
          -1491.69667 -1491.69667 -1491.69667 -1480.75667 -1480.75667 -1480.75667 -1458.87333 -1458.87333 -1458.87333
          -1488.81333 -1488.81333 -1488.81333 -1506.65 -1506.65 -1506.65 -868.353 -868.353 -868.353
          -993.675333 -993.675333 -993.675333 -1499.14 -1499.14 -1499.14 -1507.4 -1507.4 -1507.4
          -1537.49667 -1537.49667 -1537.49667 -1539.22 -1539.22 -1539.22 -1474.15333 -1474.15333 -1474.15333
          -1488.2 -1488.2 -1488.2 -995.427333 -995.427333 -995.427333 -871.967333 -871.967333 -871.967333
          -446.637167 -446.637167 -446.637167 -314.9935 -314.9935 -314.9935 -1531.19333 -1531.19333 -1531.19333
          -1527.90667 -1527.90667 -1527.90667 -1603.33667 -1603.33667 -1603.33667 -1574.83333 -1574.83333 -1574.83333
          -1536.76667 -1536.76667 -1536.76667 -1548.73667 -1548.73667 -1548.73667 -918.816 -918.816 -918.816
          -1058.22467 -1058.22467 -1058.22467 -261.469667 -261.469667 -261.469667 -330.469333 -330.469333 -330.469333
          -714.115 -714.115 -714.115 -1079.57933 -1079.57933 -1079.57933 -936.05 -936.05 -936.05
          -1515.58 -1515.58 -1515.58 -1509.98 -1509.98 -1509.98 -1315.43 -1315.43 -1315.43
          1042.871 1042.871 1042.871 529.91271 529.91271 529.91271 614.73571 614.73571 614.73571
          1055.004 1055.004 1055.004 -1358.79 -1358.79 -1358.79 -1368.93 -1368.93 -1368.93
          -1172.34 -1172.34 -1172.34 -654.103333 -654.103333 -654.103333 -699.727 -699.727 -699.727
          -1421.57 -1421.57 -1421.57 -1397.54 -1397.54 -1397.54 -1195.57333 -1195.57333 -1195.57333
          -700.738333 -700.738333 -700.738333 -654.022667 -654.022667 -654.022667 -1267.61333 -1267.61333 -1267.61333
          -1471.75333 -1471.75333 -1471.75333 -1491.57333 -1491.57333 -1491.57333 -678.543333 -678.543333 -678.543333
          -730.390667 -730.390667 -730.390667 -743.007333 -743.007333 -743.007333 -690.010667 -690.010667 -690.010667
          1128.111 1128.111 1128.111 1363.45433 1363.45433 1363.45433 1225.30667 1225.30667 1225.30667
          1404.48667 1404.48667 1404.48667 2186.72 2186.72 2186.72 2350.33667 2350.33667 2350.33667
          3205.56667 3205.56667 3205.56667 3515.10667 3515.10667 3515.10667 613.860333 613.860333 613.860333
          1083.26367 1083.26367 1083.26367 739.103 739.103 739.103 1372.123 1372.123 1372.123
          2418.42333 2418.42333 2418.42333 2348.57667 2348.57667 2348.57667 764.041667 764.041667 764.041667
          1245.12033 1245.12033 1245.12033 991.795667 991.795667 991.795667 1542.721 1542.721 1542.721
          1949.95667 1949.95667 1949.95667 2125.53667 2125.53667 2125.53667 2585.01 2585.01 2585.01
          3110.77 3110.77 3110.77 993.055333 993.055333 993.055333 1526.013 1526.013 1526.013
          1192.76233 1192.76233 1192.76233 1575.78667 1575.78667 1575.78667 1963.44 1963.44 1963.44
          2565.28333 2565.28333 2565.28333 1616.56 1616.56 1616.56 1815.09333 1815.09333 1815.09333
          1605.92667 1605.92667 1605.92667 1748.29667 1748.29667 1748.29667 -960.250333 -960.250333 -960.250333
          -1120.69233 -1120.69233 -1120.69233 -1178.98233 -1178.98233 -1178.98233 -1053.40133 -1053.40133 -1053.40133
          -1143.91567 -1143.91567 -1143.91567 -979.302 -979.302 -979.302 716.805633 716.805633 716.805633
          640.628633 640.628633 640.628633 117.282633 117.282633 117.282633 -414.3337 -414.3337 -414.3337
          -599.392367 -599.392367 -599.392367 -448.774333 -448.774333 -448.774333 -178.029623 -178.029623 -178.029623
          -1129.09667 -1129.09667 -1129.09667 -1230.02667 -1230.02667 -1230.02667 -1268.88 -1268.88 -1268.88
          -1196.57667 -1196.57667 -1196.57667 -1200.74667 -1200.74667 -1200.74667 -1112.25667 -1112.25667 -1112.25667
          -861.574667 -861.574667 -861.574667 -964.483667 -964.483667 -964.483667 -973.159 -973.159 -973.159
          -867.331 -867.331 -867.331 -1191.647 -1191.647 -1191.647 -988.058667 -988.058667 -988.058667
          -788.535 -788.535 -788.535 -1074.43633 -1074.43633 -1074.43633 -1185.11933 -1185.11933 -1185.11933
          -533.073133 -533.073133 -533.073133 -175.408467 -175.408467 -175.408467 -72.8576667 -72.8576667 -72.8576667
          -379.813667 -379.813667 -379.813667 -890.376667 -890.376667 -890.376667 -1116.986 -1116.986 -1116.986
          -151.8553 -151.8553 -151.8553 -505.137667 -505.137667 -505.137667 -422.824667 -422.824667 -422.824667
          -1252.54 -1252.54 -1252.54 -1177.08333 -1177.08333 -1177.08333 -1229.99 -1229.99 -1229.99
          -1132.76 -1132.76 -1132.76 -1110.63667 -1110.63667 -1110.63667 -1183.10667 -1183.10667 -1183.10667
          -968.147 -968.147 -968.147 -866.460333 -866.460333 -866.460333 -866.857 -866.857 -866.857
          -976.043 -976.043 -976.043 -552.2383 -552.2383 -552.2383 -275.747133 -275.747133 -275.747133
          -500.8185 -500.8185 -500.8185 -799.112 -799.112 -799.112 -1024.07267 -1024.07267 -1024.07267
          -1202.15867 -1202.15867 -1202.15867 -979.720333 -979.720333 -979.720333 -1179.60867 -1179.60867 -1179.60867
          -1080.47733 -1080.47733 -1080.47733 -919.908667 -919.908667 -919.908667 -64.7215333 -64.7215333 -64.7215333
          132.065467 132.065467 132.065467 401.223633 401.223633 401.223633 -559.0507 -559.0507 -559.0507
          -363.015033 -363.015033 -363.015033 -1220.48 -1220.48 -1220.48 -1240.17667 -1240.17667 -1240.17667
          -1134.47667 -1134.47667 -1134.47667 -1199.50667 -1199.50667 -1199.50667 -1219.06667 -1219.06667 -1219.06667
          -1162.90333 -1162.90333 -1162.90333 -901.303667 -901.303667 -901.303667 -995.379 -995.379 -995.379
          -1020.431 -1020.431 -1020.431 -914.339 -914.339 -914.339 -1139.48767 -1139.48767 -1139.48767
          -1011.59667 -1011.59667 -1011.59667 -1098.81767 -1098.81767 -1098.81767 -895.668333 -895.668333 -895.668333
          -957.858667 -957.858667 -957.858667 -1110.87233 -1110.87233 -1110.87233 -213.863333 -213.863333 -213.863333
          -427.331 -427.331 -427.331 -538.3648 -538.3648 -538.3648 -448.612467 -448.612467 -448.612467
          -64.9668 -64.9668 -64.9668 297.733867 297.733867 297.733867 403.828867 403.828867 403.828867
          309.040533 309.040533 309.040533 -1269.61 -1269.61 -1269.61 -1248.86 -1248.86 -1248.86
          -1214.27333 -1214.27333 -1214.27333 -1141.93 -1141.93 -1141.93 -1171.25 -1171.25 -1171.25
          -1239.01333 -1239.01333 -1239.01333 -1007.33633 -1007.33633 -1007.33633 -915.400333 -915.400333 -915.400333
          -927.260333 -927.260333 -927.260333 -1028.77767 -1028.77767 -1028.77767 -825.759333 -825.759333 -825.759333
          -916.697333 -916.697333 -916.697333 -1005.279 -1005.279 -1005.279 -843.415333 -843.415333 -843.415333
          -935.822 -935.822 -935.822 -835.252667 -835.252667 -835.252667 -1185.44433 -1185.44433 -1185.44433
          -1405.71333 -1405.71333 -1405.71333 -1429.84 -1429.84 -1429.84 -1214.65833 -1214.65833 -1214.65833
          -898.741667 -898.741667 -898.741667 -774.199 -774.199 -774.199 -828.124667 -828.124667 -828.124667
          -756.598 -756.598 -756.598 -765.089 -765.089 -765.089 -848.354333 -848.354333 -848.354333
          -1256.74333 -1256.74333 -1256.74333 -1064.81167 -1064.81167 -1064.81167 -1102.706 -1102.706 -1102.706
          -1292.22333 -1292.22333 -1292.22333 -619.558667 -619.558667 -619.558667 -602.896 -602.896 -602.896
          -619.173 -619.173 -619.173 -631.669667 -631.669667 -631.669667 -605.44 -605.44 -605.44
          -622.559667 -622.559667 -622.559667 -642.293333 -642.293333 -642.293333 -692.948667 -692.948667 -692.948667
          -696.385 -696.385 -696.385 -645.150667 -645.150667 -645.150667 166.040033 166.040033 166.040033
          281.074667 281.074667 281.074667 406.317333 406.317333 406.317333 411.591333 411.591333 411.591333
          -766.974667 -766.974667 -766.974667 -835.731333 -835.731333 -835.731333 -929.345333 -929.345333 -929.345333
          -783.287 -783.287 -783.287 -894.314 -894.314 -894.314 -794.111667 -794.111667 -794.111667
          -1353.11667 -1353.11667 -1353.11667 -1163.061 -1163.061 -1163.061 -1072.41833 -1072.41833 -1072.41833
          -1272.18667 -1272.18667 -1272.18667 -625.430667 -625.430667 -625.430667 -639.701333 -639.701333 -639.701333
          -603.956333 -603.956333 -603.956333 -623.389 -623.389 -623.389 -633.782667 -633.782667 -633.782667
          -615.432333 -615.432333 -615.432333 -695.231333 -695.231333 -695.231333 -643.353667 -643.353667 -643.353667
          -649.739 -649.739 -649.739 -696.681333 -696.681333 -696.681333 118.131867 118.131867 118.131867
          221.491167 221.491167 221.491167 -972.112667 -972.112667 -972.112667 -830.252333 -830.252333 -830.252333
          -870.921 -870.921 -870.921 -794.744333 -794.744333 -794.744333 -823.533333 -823.533333 -823.533333
          -927.885333 -927.885333 -927.885333 -1206.72167 -1206.72167 -1206.72167 -1413.99 -1413.99 -1413.99
          -1344.59667 -1344.59667 -1344.59667 -1125.27267 -1125.27267 -1125.27267 -655.103667 -655.103667 -655.103667
          -642.035 -642.035 -642.035 -634.389 -634.389 -634.389 -610.180667 -610.180667 -610.180667
          -628.622 -628.622 -628.622 -650.110667 -650.110667 -650.110667 -649.891333 -649.891333 -649.891333
          -712.878333 -712.878333 -712.878333 -723.083 -723.083 -723.083 -665.086 -665.086 -665.086
          718.730333 718.730333 718.730333 425.029333 425.029333 425.029333 472.635667 472.635667 472.635667
          1042.871 1042.871 1042.871 -652.710333 -652.710333 -652.710333 -669.129333 -669.129333 -669.129333
          -623.858667 -623.858667 -623.858667 -651.473333 -651.473333 -651.473333 -656.97 -656.97 -656.97
          -631.698667 -631.698667 -631.698667 -722.357667 -722.357667 -722.357667 -658.165333 -658.165333 -658.165333
          -668.162667 -668.162667 -668.162667 -730.734333 -730.734333 -730.734333 -2074.84333 -2074.84333 -2074.84333
          -2533.32333 -2533.32333 -2533.32333 -3195.93 -3195.93 -3195.93 -3097.62667 -3097.62667 -3097.62667
          -2835.3 -2835.3 -2835.3 -2753.20667 -2753.20667 -2753.20667 -2698.45 -2698.45 -2698.45
          -2738.11333 -2738.11333 -2738.11333 -73.939 -73.939 -73.939 237.185 237.185 237.185
          -1352.94167 -1352.94167 -1352.94167 -2074.84333 -2074.84333 -2074.84333 2714.347 2714.347 2714.347
          3013.897 3013.897 3013.897 3022.578 3022.578 3022.578 2901.018 2901.018 2901.018
          4800.56333 4800.56333 4800.56333 5291.22 5291.22 5291.22 5488.52667 5488.52667 5488.52667
          -3152.21 -3152.21 -3152.21 -3065.67667 -3065.67667 -3065.67667 2890.46733 2890.46733 2890.46733
          3226.824 3226.824 3226.824 5646.47 5646.47 5646.47 5607.7 5607.7 5607.7
          5089.45333 5089.45333 5089.45333 5511.11667 5511.11667 5511.11667 -1345.35367 -1345.35367 -1345.35367
          -2347.11267 -2347.11267 -2347.11267 -2447.58067 -2447.58067 -2447.58067 -2332.034 -2332.034 -2332.034
          -3174.15667 -3174.15667 -3174.15667 -3160.93333 -3160.93333 -3160.93333 -1628.30133 -1628.30133 -1628.30133
          -1506.02833 -1506.02833 -1506.02833 -3265.99 -3265.99 -3265.99 -3201.81 -3201.81 -3201.81
          4436.04333 4436.04333 4436.04333 5179.5 5179.5 5179.5 5116.55333 5116.55333 5116.55333
          4880.88667 4880.88667 4880.88667 4427.16 4427.16 4427.16 5417.4 5417.4 5417.4
          5582.17333 5582.17333 5582.17333 5585.65 5585.65 5585.65 5782.48 5782.48 5782.48
          5680.65333 5680.65333 5680.65333 -3336.84 -3336.84 -3336.84 -3437.29667 -3437.29667 -3437.29667
          -3431.92333 -3431.92333 -3431.92333 -3368.65667 -3368.65667 -3368.65667 -3399.86333 -3399.86333 -3399.86333
          -2554.79467 -2554.79467 -2554.79467 -2433.798 -2433.798 -2433.798 -3409.99667 -3409.99667 -3409.99667
          -1635.21067 -1635.21067 -1635.21067 -1438.41733 -1438.41733 -1438.41733 -3146.31 -3146.31 -3146.31
          -3211.97333 -3211.97333 -3211.97333 1277.07003 1277.07003 1277.07003 2614.036 2614.036 2614.036
          -2308.28067 -2308.28067 -2308.28067 -1221.3433 -1221.3433 -1221.3433 5521.33667 5521.33667 5521.33667
          5563.84667 5563.84667 5563.84667 5824.1 5824.1 5824.1 5814.75 5814.75 5814.75
          5679.39667 5679.39667 5679.39667 5577.36333 5577.36333 5577.36333 5716.39 5716.39 5716.39
          5785.26333 5785.26333 5785.26333 -2994.38667 -2994.38667 -2994.38667 -3122.14667 -3122.14667 -3122.14667
          -3073.04 -3073.04 -3073.04 -3001.55333 -3001.55333 -3001.55333 -2786.77667 -2786.77667 -2786.77667
          -2538.90667 -2538.90667 -2538.90667 -2541.6 -2541.6 -2541.6 -2711.99 -2711.99 -2711.99
          -2811.07333 -2811.07333 -2811.07333 -3141.74333 -3141.74333 -3141.74333 -3044.11 -3044.11 -3044.11
          -2997.12 -2997.12 -2997.12 -3296.78667 -3296.78667 -3296.78667 -3202.92667 -3202.92667 -3202.92667
          -2748.21 -2748.21 -2748.21 -2939.24 -2939.24 -2939.24 -1549.19633 -1549.19633 -1549.19633
          -2416.96633 -2416.96633 -2416.96633 1059.98602 1059.98602 1059.98602 -484.10731 -484.10731 -484.10731
          -1465.89431 -1465.89431 -1465.89431 -2065.59098 -2065.59098 -2065.59098 -1788.33867 -1788.33867 -1788.33867
          -2626.55533 -2626.55533 -2626.55533 1087.894 1087.894 1087.894 -699.862667 -699.862667 -699.862667
          -1774.474 -1774.474 -1774.474 -2410.62067 -2410.62067 -2410.62067 -2202.64867 -2202.64867 -2202.64867
          -1622.29867 -1622.29867 -1622.29867 -2772.94333 -2772.94333 -2772.94333 -2594.85 -2594.85 -2594.85
          -1962.57 -1962.57 -1962.57 -920.618333 -920.618333 -920.618333 -3084.78667 -3084.78667 -3084.78667
          -3200.77667 -3200.77667 -3200.77667 -3176.57333 -3176.57333 -3176.57333 -3196.56333 -3196.56333 -3196.56333
          -2412.79133 -2412.79133 -2412.79133 -1526.30367 -1526.30367 -1526.30367 -2577.84567 -2577.84567 -2577.84567
          1975.844 1975.844 1975.844 874.239333 874.239333 874.239333 -526.991 -526.991 -526.991
          909.044667 909.044667 909.044667 2154.61236 2154.61236 2154.61236 1082.12769 1082.12769 1082.12769
          -137.084977 -137.084977 -137.084977 -1208.39031 -1208.39031 -1208.39031 -1698.24233 -1698.24233 -1698.24233
          -1580.16133 -1580.16133 -1580.16133 -2761.28 -2761.28 -2761.28 -2918.33333 -2918.33333 -2918.33333
          -2590.89 -2590.89 -2590.89 -2577.80333 -2577.80333 -2577.80333 -2763.43 -2763.43 -2763.43
          4107.35667 4107.35667 4107.35667 4002.34 4002.34 4002.34 2178.91467 2178.91467 2178.91467
          637.342333 637.342333 637.342333 -1005.241 -1005.241 -1005.241 -1956.592 -1956.592 -1956.592
          2072.33833 2072.33833 2072.33833 3407.80333 3407.80333 3407.80333 1235.91167 1235.91167 1235.91167
          -726.308333 -726.308333 -726.308333 -3738.87667 -3738.87667 -3738.87667 -3774.99667 -3774.99667 -3774.99667
          -1902.13633 -1902.13633 -1902.13633 -2651.32967 -2651.32967 -2651.32967 -2727.772 -2727.772 -2727.772
          -1942.45867 -1942.45867 -1942.45867 -3387.23 -3387.23 -3387.23 -3405.74667 -3405.74667 -3405.74667
          -3571.39333 -3571.39333 -3571.39333 -3673.96333 -3673.96333 -3673.96333 4698.32 4698.32 4698.32
          4817.49333 4817.49333 4817.49333 4098.24333 4098.24333 4098.24333 3336.03333 3336.03333 3336.03333
          -3645.68 -3645.68 -3645.68 -3488.47333 -3488.47333 -3488.47333 -2291.72933 -2291.72933 -2291.72933
          -2445.286 -2445.286 -2445.286 -3362.53 -3362.53 -3362.53 -3196.76667 -3196.76667 -3196.76667
          -3624.35 -3624.35 -3624.35 -3528.17667 -3528.17667 -3528.17667 -3102.22667 -3102.22667 -3102.22667
          -3210.60667 -3210.60667 -3210.60667 2671.11733 2671.11733 2671.11733 1055.48967 1055.48967 1055.48967
          977.4223 977.4223 977.4223 2700.9863 2700.9863 2700.9863 -2149.99703 -2149.99703 -2149.99703
          -1307.87437 -1307.87437 -1307.87437 894.815 894.815 894.815 772.542 772.542 772.542
          4519.41 4519.41 4519.41 4533.74667 4533.74667 4533.74667 -3445.88333 -3445.88333 -3445.88333
          -3395.56 -3395.56 -3395.56 -3178.03333 -3178.03333 -3178.03333 -3320.86333 -3320.86333 -3320.86333
          -3422.10667 -3422.10667 -3422.10667 -3440.51 -3440.51 -3440.51 -3207.67 -3207.67 -3207.67
          -3096.76 -3096.76 -3096.76 2876.46867 2876.46867 2876.46867 2772.03867 2772.03867 2772.03867
          1016.38833 1016.38833 1016.38833 4153.10667 4153.10667 4153.10667 2414.54533 2414.54533 2414.54533
          970.372667 970.372667 970.372667 773.579333 773.579333 773.579333 5041.62667 5041.62667 5041.62667
          4868.53 4868.53 4868.53 -2222.92933 -2222.92933 -2222.92933 -1173.18197 -1173.18197 -1173.18197
          2527.48067 2527.48067 2527.48067 1325.23137 1325.23137 1325.23137 -2519.20667 -2519.20667 -2519.20667
          -2508.81333 -2508.81333 -2508.81333 -2951.15 -2951.15 -2951.15 -2955.56667 -2955.56667 -2955.56667
          -2704.85 -2704.85 -2704.85 -2856.61 -2856.61 -2856.61 -2874.29333 -2874.29333 -2874.29333
          -2728.51 -2728.51 -2728.51 4712.5 4712.5 4712.5 5148.68667 5148.68667 5148.68667
          3052.32297 3052.32297 3052.32297 2513.3763 2513.3763 2513.3763 2452.348 2452.348 2452.348
          2889.07467 2889.07467 2889.07467 5204.71333 5204.71333 5204.71333 4870.74667 4870.74667 4870.74667
          5303.86667 5303.86667 5303.86667 4930.18667 4930.18667 4930.18667 4079.36333 4079.36333 4079.36333
          4534.93667 4534.93667 4534.93667 4230.63333 4230.63333 4230.63333 3942.69 3942.69 3942.69
          5250.36 5250.36 5250.36 5456.41 5456.41 5456.41 -3568.20333 -3568.20333 -3568.20333
          -3300.13 -3300.13 -3300.13 -3470.99667 -3470.99667 -3470.99667 -3673.06667 -3673.06667 -3673.06667
          -2214.98333 -2214.98333 -2214.98333 -1541.97767 -1541.97767 -1541.97767 493.132333 493.132333 493.132333
          862.078333 862.078333 862.078333 -2005.75267 -2005.75267 -2005.75267 -1186.95533 -1186.95533 -1186.95533
          -1057.905 -1057.905 -1057.905 -1034.043 -1034.043 -1034.043 -216.922333 -216.922333 -216.922333
          1216.277 1216.277 1216.277 -2324.728 -2324.728 -2324.728 -3119.66333 -3119.66333 -3119.66333
          -2306.763 -2306.763 -2306.763 -1803.523 -1803.523 -1803.523 -1503.28037 -1503.28037 -1503.28037
          -2093.0537 -2093.0537 -2093.0537 632.699967 632.699967 632.699967 -804.2667 -804.2667 -804.2667
          -2325.873 -2325.873 -2325.873 -1861.513 -1861.513 -1861.513 -904.175 -904.175 -904.175
          571.671667 571.671667 571.671667 796.696333 796.696333 796.696333 2197.76533 2197.76533 2197.76533
          -2261.57467 -2261.57467 -2261.57467 -1390.48567 -1390.48567 -1390.48567 2061.092 2061.092 2061.092
          644.624333 644.624333 644.624333 -1525.542 -1525.542 -1525.542 -526.991 -526.991 -526.991
          -2442.92933 -2442.92933 -2442.92933 -2704.606 -2704.606 -2704.606 859.392 859.392 859.392
          741.311 741.311 741.311 -943.651 -943.651 -943.651 -1085.91367 -1085.91367 -1085.91367
          -1161.80667 -1161.80667 -1161.80667 -1605.06333 -1605.06333 -1605.06333 -1333.96333 -1333.96333 -1333.96333
          -1201.40333 -1201.40333 -1201.40333 -1414.18 -1414.18 -1414.18 -1719.63 -1719.63 -1719.63
          -2040.14333 -2040.14333 -2040.14333 -1041.13267 -1041.13267 -1041.13267 -998.539333 -998.539333 -998.539333
          -1261.68333 -1261.68333 -1261.68333 -1101.24733 -1101.24733 -1101.24733 -1193.22267 -1193.22267 -1193.22267
          -1160.28933 -1160.28933 -1160.28933 -1496.72333 -1496.72333 -1496.72333 -1602.59667 -1602.59667 -1602.59667
          -1786.076 -1786.076 -1786.076 -1171.459 -1171.459 -1171.459 -777.212333 -777.212333 -777.212333
          -873.373333 -873.373333 -873.373333 -1181.34767 -1181.34767 -1181.34767 -1162.627 -1162.627 -1162.627
          -1029.38033 -1029.38033 -1029.38033 -977.033 -977.033 -977.033 -1055.23267 -1055.23267 -1055.23267
          -1204.55267 -1204.55267 -1204.55267 -1568.73 -1568.73 -1568.73 -1504.07333 -1504.07333 -1504.07333
          -495.7923 -495.7923 -495.7923 -1208.14397 -1208.14397 -1208.14397 -1587.69333 -1587.69333 -1587.69333
          -1214.82467 -1214.82467 -1214.82467 -1052.191 -1052.191 -1052.191 -1556.45333 -1556.45333 -1556.45333
          -1539.77 -1539.77 -1539.77 -963.474333 -963.474333 -963.474333 -924.081333 -924.081333 -924.081333
          -1472.69 -1472.69 -1472.69 -1242.97 -1242.97 -1242.97 -1361.46333 -1361.46333 -1361.46333
          -1534.18667 -1534.18667 -1534.18667 -1953.51 -1953.51 -1953.51 -1639.64 -1639.64 -1639.64
          -1200.77333 -1200.77333 -1200.77333 -1448.04333 -1448.04333 -1448.04333 -1542.16333 -1542.16333 -1542.16333
          -1310.31063 -1310.31063 -1310.31063 -730.6406 -730.6406 -730.6406 850.5994 850.5994 850.5994
          983.281033 983.281033 983.281033 -1999.193 -1999.193 -1999.193 -405.533 -405.533 -405.533
          -669.383333 -669.383333 -669.383333 217.515 217.515 217.515 1781.715 1781.715 1781.715
          -1952.08167 -1952.08167 -1952.08167 -1434.86167 -1434.86167 -1434.86167 -1305.87267 -1305.87267 -1305.87267
          -1759.35667 -1759.35667 -1759.35667 1277.48567 1277.48567 1277.48567 194.165667 194.165667 194.165667
          -504.09 -504.09 -504.09 1662.45567 1662.45567 1662.45567 1140.58067 1140.58067 1140.58067
          1784.81667 1784.81667 1784.81667 2361.30667 2361.30667 2361.30667 -2430.51333 -2430.51333 -2430.51333
          -2475.08333 -2475.08333 -2475.08333 -843.475 -843.475 -843.475 -542.782 -542.782 -542.782
          -425.421333 -425.421333 -425.421333 -596.371 -596.371 -596.371 -2289.78333 -2289.78333 -2289.78333
          -2518.37333 -2518.37333 -2518.37333 -1674.72667 -1674.72667 -1674.72667 -1839.66667 -1839.66667 -1839.66667
          -3234.70333 -3234.70333 -3234.70333 -3226.36667 -3226.36667 -3226.36667 -1424.344 -1424.344 -1424.344
          -1814.05333 -1814.05333 -1814.05333 -1481.57333 -1481.57333 -1481.57333 -1305.03667 -1305.03667 -1305.03667
          -568.242967 -568.242967 -568.242967 -257.889967 -257.889967 -257.889967 -2.565 -2.565 -2.565
          262.749333 262.749333 262.749333 1139.18767 1139.18767 1139.18767 685.022667 685.022667 685.022667
          2002.46167 2002.46167 2002.46167 -1711.915 -1711.915 -1711.915 -947.934 -947.934 -947.934
          -527.124333 -527.124333 -527.124333 -578.496667 -578.496667 -578.496667 606.666333 606.666333 606.666333
          146.169 146.169 146.169 470.01 470.01 470.01 -443.5 -443.5 -443.5
          1897.57 1897.57 1897.57 2475.86333 2475.86333 2475.86333 2069.23 2069.23 2069.23
          963.583333 963.583333 963.583333 917.156333 917.156333 917.156333 -1975.70667 -1975.70667 -1975.70667
          -2234.91667 -2234.91667 -2234.91667 237.929667 237.929667 237.929667 229.042667 229.042667 229.042667
          -982.943667 -982.943667 -982.943667 -808.353 -808.353 -808.353 -931.080667 -931.080667 -931.080667
          -1042.448 -1042.448 -1042.448 -769.767333 -769.767333 -769.767333 -784.123667 -784.123667 -784.123667
          -2504.32 -2504.32 -2504.32 -1951.75 -1951.75 -1951.75 -1356.91 -1356.91 -1356.91
          -1323.61033 -1323.61033 -1323.61033 -1575.54333 -1575.54333 -1575.54333 -1493.93667 -1493.93667 -1493.93667
          -1285.37 -1285.37 -1285.37 -983.944333 -983.944333 -983.944333 -1321.032 -1321.032 -1321.032
          -1538.63667 -1538.63667 -1538.63667 -1261.066 -1261.066 -1261.066 -1571.82 -1571.82 -1571.82
          -1587.69333 -1587.69333 -1587.69333 -1336.39867 -1336.39867 -1336.39867 -1024.34767 -1024.34767 -1024.34767
          -1268.406 -1268.406 -1268.406 -983.365 -983.365 -983.365 -1233.12967 -1233.12967 -1233.12967
          -1270.47 -1270.47 -1270.47 -1055.71467 -1055.71467 -1055.71467 -956.304333 -956.304333 -956.304333
          -1805.39 -1805.39 -1805.39 -2100.54333 -2100.54333 -2100.54333 -1281.573 -1281.573 -1281.573
          -1591.01 -1591.01 -1591.01 -1416.38333 -1416.38333 -1416.38333 -1148.32633 -1148.32633 -1148.32633
          -1772.90667 -1772.90667 -1772.90667 -1662.25333 -1662.25333 -1662.25333 -2735.69333 -2735.69333 -2735.69333
          -2678.01 -2678.01 -2678.01 -1411.396 -1411.396 -1411.396 -1151.55867 -1151.55867 -1151.55867
          -2298.33 -2298.33 -2298.33 -1775.57333 -1775.57333 -1775.57333 -2309.45 -2309.45 -2309.45
          -1976.76333 -1976.76333 -1976.76333 -1737.85667 -1737.85667 -1737.85667 621.284333 621.284333 621.284333
          690.587367 690.587367 690.587367 -1574.57267 -1574.57267 -1574.57267 -890.652633 -890.652633 -890.652633
          -1925.67 -1925.67 -1925.67 -2362.17667 -2362.17667 -2362.17667 -2146.37333 -2146.37333 -2146.37333
          -2149.52 -2149.52 -2149.52 -2400.49667 -2400.49667 -2400.49667 -2071.38667 -2071.38667 -2071.38667
          -2362.05667 -2362.05667 -2362.05667 -2190.71333 -2190.71333 -2190.71333 -1666.14667 -1666.14667 -1666.14667
          -2601.56667 -2601.56667 -2601.56667 -2357.87667 -2357.87667 -2357.87667 2169.78667 2169.78667 2169.78667
          1445.927 1445.927 1445.927 -899.937667 -899.937667 -899.937667 -338.492667 -338.492667 -338.492667
          -1619.67567 -1619.67567 -1619.67567 -2477.04233 -2477.04233 -2477.04233 -2384.80567 -2384.80567 -2384.80567
          -1397.69567 -1397.69567 -1397.69567 -2488.91333 -2488.91333 -2488.91333 -1877.43733 -1877.43733 -1877.43733
          -1502.252 -1502.252 -1502.252 -569.117 -569.117 -569.117 -398.167333 -398.167333 -398.167333
          -2447.39667 -2447.39667 -2447.39667 -1855.50467 -1855.50467 -1855.50467 -1402.61633 -1402.61633 -1402.61633
          -1370.44167 -1370.44167 -1370.44167 -2533.67667 -2533.67667 -2533.67667 -2343.43667 -2343.43667 -2343.43667
          -2793.55333 -2793.55333 -2793.55333 -3326.94 -3326.94 -3326.94 -2273.50667 -2273.50667 -2273.50667
          -2343.31 -2343.31 -2343.31 -2338.43 -2338.43 -2338.43 -1913.44667 -1913.44667 -1913.44667
          -3226.36667 -3226.36667 -3226.36667 -2871.66 -2871.66 -2871.66 -1074.58133 -1074.58133 -1074.58133
          -1034.81867 -1034.81867 -1034.81867 -2262.26667 -2262.26667 -2262.26667 -2484.03333 -2484.03333 -2484.03333
          -1530.94033 -1530.94033 -1530.94033 -1217.35167 -1217.35167 -1217.35167 -764.463333 -764.463333 -764.463333
          -582.446333 -582.446333 -582.446333 -66.4906667 -66.4906667 -66.4906667 -45.3833333 -45.3833333 -45.3833333
          -2101.15333 -2101.15333 -2101.15333 -2379.45667 -2379.45667 -2379.45667 -2803.72 -2803.72 -2803.72
          -2823.61667 -2823.61667 -2823.61667 -1446.635 -1446.635 -1446.635 -1695.03367 -1695.03367 -1695.03367
          -724.594667 -724.594667 -724.594667 -971.801667 -971.801667 -971.801667 -534.313633 -534.313633 -534.313633
          -712.9903 -712.9903 -712.9903 -497.1703 -497.1703 -497.1703 -395.4883 -395.4883 -395.4883
          182.260367 182.260367 182.260367 212.2547 212.2547 212.2547 -1470.60933 -1470.60933 -1470.60933
          -1103.46167 -1103.46167 -1103.46167 -1547.71667 -1547.71667 -1547.71667 -1175.78467 -1175.78467 -1175.78467
          -1435.918 -1435.918 -1435.918 -1056.51267 -1056.51267 -1056.51267 -734.890333 -734.890333 -734.890333
          -61.597 -61.597 -61.597 249.242667 249.242667 249.242667 858.935333 858.935333 858.935333
          1567.84333 1567.84333 1567.84333 -615.64 -615.64 -615.64 -57.3433333 -57.3433333 -57.3433333
          1864.82667 1864.82667 1864.82667 1305.57633 1305.57633 1305.57633 -1062.808 -1062.808 -1062.808
          -836.261333 -836.261333 -836.261333 -382.292667 -382.292667 -382.292667 -373.405667 -373.405667 -373.405667
          -999.695333 -999.695333 -999.695333 -902.049 -902.049 -902.049 -1772.65 -1772.65 -1772.65
          -1867.39667 -1867.39667 -1867.39667 -1084.72 -1084.72 -1084.72 -1378.27 -1378.27 -1378.27
          -1691.93 -1691.93 -1691.93 -1862.22333 -1862.22333 -1862.22333 -1175.003 -1175.003 -1175.003
          -1275.79967 -1275.79967 -1275.79967 -1635.32333 -1635.32333 -1635.32333 -1366.04667 -1366.04667 -1366.04667
          -1161.18767 -1161.18767 -1161.18767 -1038.394 -1038.394 -1038.394 -1266.893 -1266.893 -1266.893
          -872.227667 -872.227667 -872.227667 -1037.41433 -1037.41433 -1037.41433 -1318.26667 -1318.26667 -1318.26667
          -1409.35 -1409.35 -1409.35 -785.89 -785.89 -785.89 -780.153 -780.153 -780.153
          -1783.14 -1783.14 -1783.14 -1783.76333 -1783.76333 -1783.76333 -1747.78667 -1747.78667 -1747.78667
          -1626.28667 -1626.28667 -1626.28667 -1039.39567 -1039.39567 -1039.39567 -1445.05667 -1445.05667 -1445.05667
          -201.659667 -201.659667 -201.659667 -957.04 -957.04 -957.04 -751.65 -751.65 -751.65
          579.15 579.15 579.15 -241.674333 -241.674333 -241.674333 -815.291667 -815.291667 -815.291667
          1498.26267 1498.26267 1498.26267 1326.57567 1326.57567 1326.57567 -1972.51667 -1972.51667 -1972.51667
          -2190.11333 -2190.11333 -2190.11333 -2405.41667 -2405.41667 -2405.41667 -1673.81 -1673.81 -1673.81
          -1307.62433 -1307.62433 -1307.62433 2190.00667 2190.00667 2190.00667 1083.371 1083.371 1083.371
          261.957667 261.957667 261.957667 2307.56333 2307.56333 2307.56333 2078.61333 2078.61333 2078.61333
          2271 2271 2271 1853.26 1853.26 1853.26 -1952.18 -1952.18 -1952.18
          -2027.10333 -2027.10333 -2027.10333 -2082.72333 -2082.72333 -2082.72333 -2083.32667 -2083.32667 -2083.32667
          -450.738 -450.738 -450.738 49.621 49.621 49.621 589.410667 589.410667 589.410667
          1284.85833 1284.85833 1284.85833 372.786667 372.786667 372.786667 -819.75 -819.75 -819.75
          -315.825 -315.825 -315.825 -467.432667 -467.432667 -467.432667 598.609 598.609 598.609
          223.964667 223.964667 223.964667 1205.123 1205.123 1205.123 394.253 394.253 394.253
          515.152333 515.152333 515.152333 -136.383667 -136.383667 -136.383667 1533.91333 1533.91333 1533.91333
          1735.18667 1735.18667 1735.18667 1674.24667 1674.24667 1674.24667 1872.25 1872.25 1872.25
          1168.46733 1168.46733 1168.46733 1048.93733 1048.93733 1048.93733 -702.943667 -702.943667 -702.943667
          -854.028 -854.028 -854.028 -1164.85167 -1164.85167 -1164.85167 -1353.15667 -1353.15667 -1353.15667
          -1519.00667 -1519.00667 -1519.00667 -1568.97 -1568.97 -1568.97 -1556.95 -1556.95 -1556.95
          -1553.6 -1553.6 -1553.6 -215.791933 -215.791933 -215.791933 -508.808333 -508.808333 -508.808333
          -1278.92133 -1278.92133 -1278.92133 -638.644267 -638.644267 -638.644267 -691.910333 -691.910333 -691.910333
          -591.343667 -591.343667 -591.343667 -784.590667 -784.590667 -784.590667 -1232.418 -1232.418 -1232.418
          -1239.21933 -1239.21933 -1239.21933 -920.556333 -920.556333 -920.556333 -1079.89033 -1079.89033 -1079.89033
          -982.997333 -982.997333 -982.997333 -1015.99633 -1015.99633 -1015.99633 -781.864333 -781.864333 -781.864333
          -876.567667 -876.567667 -876.567667 -1343.11333 -1343.11333 -1343.11333 -1478.08 -1478.08 -1478.08
          -158.281267 -158.281267 -158.281267 -97.9676667 -97.9676667 -97.9676667 -94.8433333 -94.8433333 -94.8433333
          -335.664667 -335.664667 -335.664667 -739.040333 -739.040333 -739.040333 -626.531667 -626.531667 -626.531667
          -993.810667 -993.810667 -993.810667 -1383.16333 -1383.16333 -1383.16333 -1387.88667 -1387.88667 -1387.88667
          -1170.661 -1170.661 -1170.661 -1207.04 -1207.04 -1207.04 -1256.3 -1256.3 -1256.3
          -1147.08333 -1147.08333 -1147.08333 -1198.17 -1198.17 -1198.17 -1013.215 -1013.215 -1013.215
          -1156.06767 -1156.06767 -1156.06767 -931.748 -931.748 -931.748 -1663.53 -1663.53 -1663.53
          -1495.67333 -1495.67333 -1495.67333 -1586.95667 -1586.95667 -1586.95667 -1560.39667 -1560.39667 -1560.39667
          -2390.66667 -2390.66667 -2390.66667 -2608.66667 -2608.66667 -2608.66667 -1966.09667 -1966.09667 -1966.09667
          -2276.46667 -2276.46667 -2276.46667 -581.1336 -581.1336 -581.1336 -905.143667 -905.143667 -905.143667
          -2228.01333 -2228.01333 -2228.01333 -1875.90333 -1875.90333 -1875.90333 -2361.53667 -2361.53667 -2361.53667
          -2185.27667 -2185.27667 -2185.27667 -906.596667 -906.596667 -906.596667 -817.202667 -817.202667 -817.202667
          963.034333 963.034333 963.034333 1177.977 1177.977 1177.977 -1363.29267 -1363.29267 -1363.29267
          -390.273 -390.273 -390.273 -1580.88933 -1580.88933 -1580.88933 -822.812333 -822.812333 -822.812333
          439.792333 439.792333 439.792333 -305.512 -305.512 -305.512 -1892.28 -1892.28 -1892.28
          -1725.40333 -1725.40333 -1725.40333 -829.377 -829.377 -829.377 -869.027333 -869.027333 -869.027333
          -797.844667 -797.844667 -797.844667 -830.83 -830.83 -830.83 1584.187 1584.187 1584.187
          2388.55667 2388.55667 2388.55667 105.894 105.894 105.894 794.789667 794.789667 794.789667
          -1409.8 -1409.8 -1409.8 -948.189333 -948.189333 -948.189333 -1472.13 -1472.13 -1472.13
          -1392.6 -1392.6 -1392.6 -950.626667 -950.626667 -950.626667 -922.142333 -922.142333 -922.142333
          -228.611 -228.611 -228.611 -8.14466667 -8.14466667 -8.14466667 -520.892333 -520.892333 -520.892333
          -522.601 -522.601 -522.601 -1305.78667 -1305.78667 -1305.78667 -1431.41333 -1431.41333 -1431.41333
          -617.317667 -617.317667 -617.317667 -1032.83167 -1032.83167 -1032.83167 -20.1563333 -20.1563333 -20.1563333
          -129.134 -129.134 -129.134 -846.613837 -846.613837 -846.613837 -394.12017 -394.12017 -394.12017
          -578.061 -578.061 -578.061 -872.051 -872.051 -872.051 -999.393333 -999.393333 -999.393333
          -2191.89667 -2191.89667 -2191.89667 -2247.60333 -2247.60333 -2247.60333 -1801.34333 -1801.34333 -1801.34333
          -1687.73667 -1687.73667 -1687.73667 -1479.67667 -1479.67667 -1479.67667 -1257.877 -1257.877 -1257.877
          -1709.35 -1709.35 -1709.35 -1803.74 -1803.74 -1803.74 -1306.64367 -1306.64367 -1306.64367
          -1699.34 -1699.34 -1699.34 -460.22917 -460.22917 -460.22917 -767.311667 -767.311667 -767.311667
          -80.1876667 -80.1876667 -80.1876667 -7.73550333 -7.73550333 -7.73550333 -618.541333 -618.541333 -618.541333
          -853.171667 -853.171667 -853.171667 -1216.434 -1216.434 -1216.434 -1479.298 -1479.298 -1479.298
          -546.563333 -546.563333 -546.563333 -632.450667 -632.450667 -632.450667 -2077.76333 -2077.76333 -2077.76333
          -1711.95667 -1711.95667 -1711.95667 -715.042333 -715.042333 -715.042333 -371.832333 -371.832333 -371.832333
          -456.448 -456.448 -456.448 -152.171667 -152.171667 -152.171667 -294.579667 -294.579667 -294.579667
          -637.789667 -637.789667 -637.789667 -714.139333 -714.139333 -714.139333 -1848.31 -1848.31 -1848.31
          -2162.83333 -2162.83333 -2162.83333 -1272.65833 -1272.65833 -1272.65833 -1061.07767 -1061.07767 -1061.07767
          -477.094333 -477.094333 -477.094333 -164.183333 -164.183333 -164.183333 274.218667 274.218667 274.218667
          416.757333 416.757333 416.757333 -234.778667 -234.778667 -234.778667 1611.58833 1611.58833 1611.58833
          1290.785 1290.785 1290.785 -192.366333 -192.366333 -192.366333 -616.340333 -616.340333 -616.340333
          -780.878333 -780.878333 -780.878333 -748.81 -748.81 -748.81 -870.053667 -870.053667 -870.053667
          -1970.56 -1970.56 -1970.56 -1917.02667 -1917.02667 -1917.02667 -1153.55967 -1153.55967 -1153.55967
          -1440.61333 -1440.61333 -1440.61333 -1824.73667 -1824.73667 -1824.73667 -1699.05 -1699.05 -1699.05
          -2027.00667 -2027.00667 -2027.00667 -1239.41967 -1239.41967 -1239.41967 -1580.00667 -1580.00667 -1580.00667
          -1500.55733 -1500.55733 -1500.55733 -1750.60667 -1750.60667 -1750.60667 -1498.65 -1498.65 -1498.65
          -1403.42133 -1403.42133 -1403.42133 -1578.558 -1578.558 -1578.558 -1915.66667 -1915.66667 -1915.66667
          589.52 589.52 589.52 -172.276667 -172.276667 -172.276667 -1640.20667 -1640.20667 -1640.20667
          -1491.19667 -1491.19667 -1491.19667 2529.68 2529.68 2529.68 1572.34833 1572.34833 1572.34833
          -1619.68333 -1619.68333 -1619.68333 -1141.85033 -1141.85033 -1141.85033 -1182.31667 -1182.31667 -1182.31667
          -1721.46367 -1721.46367 -1721.46367 -1347.70667 -1347.70667 -1347.70667 -1507.36 -1507.36 -1507.36
          -1924.37667 -1924.37667 -1924.37667 -874.466667 -874.466667 -874.466667 -1162.88367 -1162.88367 -1162.88367
          -2141.76733 -2141.76733 -2141.76733 -1506.21733 -1506.21733 -1506.21733 -2694.01 -2694.01 -2694.01
          -2730.81333 -2730.81333 -2730.81333 -1837.93333 -1837.93333 -1837.93333 -1550.07667 -1550.07667 -1550.07667
          -3262.25 -3262.25 -3262.25 -2328.10067 -2328.10067 -2328.10067 -2266.17733 -2266.17733 -2266.17733
          -3296 -3296 -3296 -3447.01 -3447.01 -3447.01 -1709.63333 -1709.63333 -1709.63333
          -1692.85333 -1692.85333 -1692.85333 -1681.61667 -1681.61667 -1681.61667 -1562.09 -1562.09 -1562.09
          -2484.5 -2484.5 -2484.5 -2425.42 -2425.42 -2425.42 -2608.06667 -2608.06667 -2608.06667
          -2951.56 -2951.56 -2951.56 -2595.6 -2595.6 -2595.6 -3026.81 -3026.81 -3026.81
          -2034.05667 -2034.05667 -2034.05667 -2531.30667 -2531.30667 -2531.30667 -1815.48 -1815.48 -1815.48
          -1325.334 -1325.334 -1325.334 -306.232667 -306.232667 -306.232667 -840.671333 -840.671333 -840.671333
          -1476.61133 -1476.61133 -1476.61133 -380.136333 -380.136333 -380.136333 -268.065733 -268.065733 -268.065733
          878.864667 878.864667 878.864667 395.722 395.722 395.722 -1281.61 -1281.61 -1281.61
          -1449.49667 -1449.49667 -1449.49667 -1220.90167 -1220.90167 -1220.90167 -774.704333 -774.704333 -774.704333
          -1026.40033 -1026.40033 -1026.40033 -1298.83033 -1298.83033 -1298.83033 318.262667 318.262667 318.262667
          325.192667 325.192667 325.192667 -1415.29667 -1415.29667 -1415.29667 -1551.65 -1551.65 -1551.65
          -1564.71 -1564.71 -1564.71 -1805.60667 -1805.60667 -1805.60667 775.055 775.055 775.055
          120.066667 120.066667 120.066667 913.463 913.463 913.463 1112.55467 1112.55467 1112.55467
          -1022.76767 -1022.76767 -1022.76767 -1076.49467 -1076.49467 -1076.49467 -779.674667 -779.674667 -779.674667
          -913.539333 -913.539333 -913.539333 -1689.72 -1689.72 -1689.72 -1800.37667 -1800.37667 -1800.37667
          -1302.18033 -1302.18033 -1302.18033 -2088.99367 -2088.99367 -2088.99367 -1202.28033 -1202.28033 -1202.28033
          -1537.08033 -1537.08033 -1537.08033 -1787.51367 -1787.51367 -1787.51367 2740.77967 2740.77967 2740.77967
          1646.243 1646.243 1646.243 450.849333 450.849333 450.849333 -332.944 -332.944 -332.944
          959.2543 959.2543 959.2543 777.576967 777.576967 777.576967 -788.9897 -788.9897 -788.9897
          -1148.33737 -1148.33737 -1148.33737 -2841.95 -2841.95 -2841.95 -2792.94333 -2792.94333 -2792.94333
          -3094.86333 -3094.86333 -3094.86333 -2379.49 -2379.49 -2379.49 -2046.52333 -2046.52333 -2046.52333
          -2115.95 -2115.95 -2115.95 -2069.50667 -2069.50667 -2069.50667 -2535.37 -2535.37 -2535.37
          -2294.29 -2294.29 -2294.29 1619.14367 1619.14367 1619.14367 418.757 418.757 418.757
          -215.833333 -215.833333 -215.833333 1618.54633 1618.54633 1618.54633 2343.62967 2343.62967 2343.62967
          1783.65033 1783.65033 1783.65033 1145.80867 1145.80867 1145.80867 -1464.79667 -1464.79667 -1464.79667
          -1571.29667 -1571.29667 -1571.29667 -1009.05967 -1009.05967 -1009.05967 -920.100333 -920.100333 -920.100333
          -3565.92333 -3565.92333 -3565.92333 -3378.11 -3378.11 -3378.11 -1580.48 -1580.48 -1580.48
          -1548.82 -1548.82 -1548.82 -1640.35 -1640.35 -1640.35 -871.352667 -871.352667 -871.352667
          -269.162 -269.162 -269.162 -519.619333 -519.619333 -519.619333 -473.729333 -473.729333 -473.729333
          -183.982667 -183.982667 -183.982667 -1261.43667 -1261.43667 -1261.43667 -1405.69667 -1405.69667 -1405.69667
          -2777.11 -2777.11 -2777.11 -2107.56 -2107.56 -2107.56 -1878.88667 -1878.88667 -1878.88667
          -2397.42667 -2397.42667 -2397.42667 -1316.65333 -1316.65333 -1316.65333 -1323.58 -1323.58 -1323.58
          -1298.9 -1298.9 -1298.9 -1495.58 -1495.58 -1495.58 -1410.58333 -1410.58333 -1410.58333
          -1551.11667 -1551.11667 -1551.11667 -1825.68 -1825.68 -1825.68 -2298.55 -2298.55 -2298.55
          -777.306667 -777.306667 -777.306667 -1123.2 -1123.2 -1123.2 -1827.94667 -1827.94667 -1827.94667
          -1589.69667 -1589.69667 -1589.69667 -1332.79667 -1332.79667 -1332.79667 -1139.98067 -1139.98067 -1139.98067
          -156.952733 -156.952733 -156.952733 -214.014 -214.014 -214.014 -821.848333 -821.848333 -821.848333
          -1323.055 -1323.055 -1323.055 -317.425 -317.425 -317.425 -343.224333 -343.224333 -343.224333
          -756.19 -756.19 -756.19 -1211.53133 -1211.53133 -1211.53133 -306.232667 -306.232667 -306.232667
          -486.743333 -486.743333 -486.743333 -73.7776667 -73.7776667 -73.7776667 55.3022667 55.3022667 55.3022667
          330.985 330.985 330.985 284.765667 284.765667 284.765667 -427.486333 -427.486333 -427.486333
          661.020333 661.020333 661.020333 811.35 811.35 811.35 1.154 1.154 1.154
          2111.62367 2111.62367 2111.62367 1784.91367 1784.91367 1784.91367 -268.131333 -268.131333 -268.131333
          -275.061333 -275.061333 -275.061333 -1454.65 -1454.65 -1454.65 -1404.97333 -1404.97333 -1404.97333
          -1040.12 -1040.12 -1040.12 -983.04 -983.04 -983.04 -55.8107333 -55.8107333 -55.8107333
          116.169667 116.169667 116.169667 3304.12333 3304.12333 3304.12333 2967.48333 2967.48333 2967.48333
          2926.83 2926.83 2926.83 2495.64333 2495.64333 2495.64333 1824.15 1824.15 1824.15
          1497.09667 1497.09667 1497.09667 -793.354333 -793.354333 -793.354333 -850.365333 -850.365333 -850.365333
          -1955.13767 -1955.13767 -1955.13767 -2051.67767 -2051.67767 -2051.67767 -1270.344 -1270.344 -1270.344
          -1400.61033 -1400.61033 -1400.61033 -1490.47367 -1490.47367 -1490.47367 -1351.11033 -1351.11033 -1351.11033
          -1418.643 -1418.643 -1418.643 -1301.832 -1301.832 -1301.832 -965.808667 -965.808667 -965.808667
          -1022.06767 -1022.06767 -1022.06767 -1155.17367 -1155.17367 -1155.17367 -1207.15367 -1207.15367 -1207.15367
          -927.173333 -927.173333 -927.173333 -2714.61333 -2714.61333 -2714.61333 -2653.41333 -2653.41333 -2653.41333
          -1279.18967 -1279.18967 -1279.18967 -1636.63967 -1636.63967 -1636.63967 -660.592 -660.592 -660.592
          -696.746667 -696.746667 -696.746667 -772.222333 -772.222333 -772.222333 -701.866667 -701.866667 -701.866667
          -699.630333 -699.630333 -699.630333 -1167.162 -1167.162 -1167.162 -1522.80333 -1522.80333 -1522.80333
          -1793.2 -1793.2 -1793.2 -891.141333 -891.141333 -891.141333 -943.924667 -943.924667 -943.924667
          -1558.281 -1558.281 -1558.281 -1188.45933 -1188.45933 -1188.45933 -1309.77833 -1309.77833 -1309.77833
          -1383.35 -1383.35 -1383.35 -3045.15 -3045.15 -3045.15 -3141.69 -3141.69 -3141.69
          -888.253333 -888.253333 -888.253333 -1306.68333 -1306.68333 -1306.68333 -2739.79667 -2739.79667 -2739.79667
          -2775.13667 -2775.13667 -2775.13667 -1202.28867 -1202.28867 -1202.28867 -1706.09567 -1706.09567 -1706.09567
          -1304.45567 -1304.45567 -1304.45567 -1270.46233 -1270.46233 -1270.46233 -2116.59 -2116.59 -2116.59
          -1786.18667 -1786.18667 -1786.18667 -1364.26333 -1364.26333 -1364.26333 -1433.91 -1433.91 -1433.91
          571.809333 571.809333 571.809333 659.597 659.597 659.597 -1630.30733 -1630.30733 -1630.30733
          -906.969667 -906.969667 -906.969667 -2676.54667 -2676.54667 -2676.54667 -2729.44333 -2729.44333 -2729.44333
          -2074.75 -2074.75 -2074.75 -312.672367 -312.672367 -312.672367 -853.697367 -853.697367 -853.697367
          875.746333 875.746333 875.746333 1783.053 1783.053 1783.053 -688.663 -688.663 -688.663
          -126.118 -126.118 -126.118 -1666.337 -1666.337 -1666.337 -1498.637 -1498.637 -1498.637
          -1028.229 -1028.229 -1028.229 -894.438667 -894.438667 -894.438667 -1170.15667 -1170.15667 -1170.15667
          -1122.03 -1122.03 -1122.03 -628.275333 -628.275333 -628.275333 -776.137 -776.137 -776.137
          -1293.80333 -1293.80333 -1293.80333 -1328.28 -1328.28 -1328.28 -691.929667 -691.929667 -691.929667
          -580.059 -580.059 -580.059 -824.456333 -824.456333 -824.456333 -651.441 -651.441 -651.441
          -1405.77667 -1405.77667 -1405.77667 -1483.03333 -1483.03333 -1483.03333 -849.459333 -849.459333 -849.459333
          -830.656333 -830.656333 -830.656333 -1176.89233 -1176.89233 -1176.89233 -1643.79667 -1643.79667 -1643.79667
          -1080.211 -1080.211 -1080.211 -1452.13 -1452.13 -1452.13 -2022.36233 -2022.36233 -2022.36233
          -1425.23333 -1425.23333 -1425.23333 -586.004333 -586.004333 -586.004333 -532.362333 -532.362333 -532.362333
          -894.275 -894.275 -894.275 -911.926 -911.926 -911.926 -855.844667 -855.844667 -855.844667
          -931.399333 -931.399333 -931.399333 -603.224667 -603.224667 -603.224667 -849.331 -849.331 -849.331
          -661.932 -661.932 -661.932 -744.17 -744.17 -744.17 -867.354667 -867.354667 -867.354667
          -712.025667 -712.025667 -712.025667 -1096.606 -1096.606 -1096.606 -1167.94367 -1167.94367 -1167.94367
          -1209.38867 -1209.38867 -1209.38867 -1225.242 -1225.242 -1225.242 34.0903667 34.0903667 34.0903667
          -710.249967 -710.249967 -710.249967 -462.815333 -462.815333 -462.815333 236.568333 236.568333 236.568333
          -1052.80033 -1052.80033 -1052.80033 -928.374667 -928.374667 -928.374667 -1155.05533 -1155.05533 -1155.05533
          -1094.24533 -1094.24533 -1094.24533 980.662 980.662 980.662 583.318667 583.318667 583.318667
          -1756.07333 -1756.07333 -1756.07333 -1899.82333 -1899.82333 -1899.82333 -1575.18 -1575.18 -1575.18
          -1700.55333 -1700.55333 -1700.55333 -1417.75033 -1417.75033 -1417.75033 -1878.09333 -1878.09333 -1878.09333
          -532.789 -532.789 -532.789 -509.672 -509.672 -509.672 696.033333 696.033333 696.033333
          198.815333 198.815333 198.815333 -791.147 -791.147 -791.147 -1662.62667 -1662.62667 -1662.62667
          -1408.68333 -1408.68333 -1408.68333 -933.957 -933.957 -933.957 2765.53667 2765.53667 2765.53667
          2246.57967 2246.57967 2246.57967 2398.12793 2398.12793 2398.12793 1471.2176 1471.2176 1471.2176
          -462.115733 -462.115733 -462.115733 -1576.00873 -1576.00873 -1576.00873 190.856 190.856 190.856
          -650.941 -650.941 -650.941 -106.427667 -106.427667 -106.427667 1042.564 1042.564 1042.564
          1106.74567 1106.74567 1106.74567 2712.79 2712.79 2712.79 3120.74333 3120.74333 3120.74333
          2400.58667 2400.58667 2400.58667 1509.95933 1509.95933 1509.95933 -2300.06667 -2300.06667 -2300.06667
          -2100.30667 -2100.30667 -2100.30667 -1987.84667 -1987.84667 -1987.84667 -2420.71 -2420.71 -2420.71
          -2477.42333 -2477.42333 -2477.42333 -2307.30333 -2307.30333 -2307.30333 -1124.71933 -1124.71933 -1124.71933
          -1057.88233 -1057.88233 -1057.88233 -806.106 -806.106 -806.106 -1184.81467 -1184.81467 -1184.81467
          -1070.27433 -1070.27433 -1070.27433 -818.498 -818.498 -818.498 -657.722 -657.722 -657.722
          -1403.76333 -1403.76333 -1403.76333 -1465.62333 -1465.62333 -1465.62333 -1439.29667 -1439.29667 -1439.29667
          -1521.89 -1521.89 -1521.89 -740.312 -740.312 -740.312 -797.22 -797.22 -797.22
          -604.916667 -604.916667 -604.916667 -542.402333 -542.402333 -542.402333 -1767.50667 -1767.50667 -1767.50667
          -1694.70667 -1694.70667 -1694.70667 872.253367 872.253367 872.253367 1246.3757 1246.3757 1246.3757
          -1027.8113 -1027.8113 -1027.8113 -657.5933 -657.5933 -657.5933 -3716.95 -3716.95 -3716.95
          -2456.03767 -2456.03767 -2456.03767 -1319.95133 -1319.95133 -1319.95133 -1535.30367 -1535.30367 -1535.30367
          1199.78093 1199.78093 1199.78093 -336.7324 -336.7324 -336.7324 -1596.6454 -1596.6454 -1596.6454
          -2100.9354 -2100.9354 -2100.9354 1479.44667 1479.44667 1479.44667 369.86 369.86 369.86
          -465.366667 -465.366667 -465.366667 1859.05667 1859.05667 1859.05667 1448.85367 1448.85367 1448.85367
          1739.313 1739.313 1739.313 1302.04967 1302.04967 1302.04967 -1659.3 -1659.3 -1659.3
          -1472.61667 -1472.61667 -1472.61667 -2026.25 -2026.25 -2026.25 -1702.50667 -1702.50667 -1702.50667
          -132.284667 -132.284667 -132.284667 267.278 267.278 267.278 -1511.73333 -1511.73333 -1511.73333
          -1408.71333 -1408.71333 -1408.71333 -2437.29333 -2437.29333 -2437.29333 -1272.87967 -1272.87967 -1272.87967
          -187.773667 -187.773667 -187.773667 -494.197333 -494.197333 -494.197333 522.269667 522.269667 522.269667
          1098.16367 1098.16367 1098.16367 -699.572333 -699.572333 -699.572333 -844.645667 -844.645667 -844.645667
          -1434.37333 -1434.37333 -1434.37333 -1716.06333 -1716.06333 -1716.06333 -1376.25233 -1376.25233 -1376.25233
          -634.625333 -634.625333 -634.625333 1119.51367 1119.51367 1119.51367 450.480667 450.480667 450.480667
          -1142.71567 -1142.71567 -1142.71567 -1432.93233 -1432.93233 -1432.93233 583.318667 583.318667 583.318667
          -139.781333 -139.781333 -139.781333 -2002.97333 -2002.97333 -2002.97333 -2549.87 -2549.87 -2549.87
          -2977.78 -2977.78 -2977.78 -2992.8 -2992.8 -2992.8 -2642.32 -2642.32 -2642.32
          -2585.64 -2585.64 -2585.64 -2564.89 -2564.89 -2564.89 -2247.93667 -2247.93667 -2247.93667
          -1163.92767 -1163.92767 -1163.92767 -1528.81333 -1528.81333 -1528.81333 -2003.5 -2003.5 -2003.5
          -2478.95333 -2478.95333 -2478.95333 -1937.75 -1937.75 -1937.75 -1833.18 -1833.18 -1833.18
          -297.865 -297.865 -297.865 -463.538667 -463.538667 -463.538667 -951.742667 -951.742667 -951.742667
          -844.473 -844.473 -844.473 -712.289 -712.289 -712.289 -857.866333 -857.866333 -857.866333
          -1393.794 -1393.794 -1393.794 -1818.35333 -1818.35333 -1818.35333 -1825.59 -1825.59 -1825.59
          -1753.29667 -1753.29667 -1753.29667 -115.193667 -115.193667 -115.193667 -492.843667 -492.843667 -492.843667
          -325.025333 -325.025333 -325.025333 139.798 139.798 139.798 -1085.75233 -1085.75233 -1085.75233
          -860.953 -860.953 -860.953 657.859667 657.859667 657.859667 1176.81667 1176.81667 1176.81667
          713.357667 713.357667 713.357667 -202.352667 -202.352667 -202.352667 -95.248 -95.248 -95.248
          314.671333 314.671333 314.671333 -385.033 -385.033 -385.033 190.56 190.56 190.56
          1765.00433 1765.00433 1765.00433 1346.512 1346.512 1346.512 -952.246333 -952.246333 -952.246333
          -1035.84933 -1035.84933 -1035.84933 -1316.23333 -1316.23333 -1316.23333 -1362.25 -1362.25 -1362.25
          -1334.73667 -1334.73667 -1334.73667 -1341.89333 -1341.89333 -1341.89333 -1339.32667 -1339.32667 -1339.32667
          -1202.55033 -1202.55033 -1202.55033 -781.719 -781.719 -781.719 -1057.03533 -1057.03533 -1057.03533
          -1312.32333 -1312.32333 -1312.32333 -1421.88667 -1421.88667 -1421.88667 -1171.35267 -1171.35267 -1171.35267
          -1163.47267 -1163.47267 -1163.47267 -1190.14033 -1190.14033 -1190.14033 -1242.56367 -1242.56367 -1242.56367
          -1275.984 -1275.984 -1275.984 -1208.164 -1208.164 -1208.164 -1654.51667 -1654.51667 -1654.51667
          -1470.24 -1470.24 -1470.24 -1273.26367 -1273.26367 -1273.26367 -966.051667 -966.051667 -966.051667
          -697.623 -697.623 -697.623 -668.473 -668.473 -668.473 -718.566667 -718.566667 -718.566667
          -666.399333 -666.399333 -666.399333 -3406.75667 -3406.75667 -3406.75667 -2842.52 -2842.52 -2842.52
          -1917.80667 -1917.80667 -1917.80667 -2407.67333 -2407.67333 -2407.67333 -1574.61 -1574.61 -1574.61
          -1953.71 -1953.71 -1953.71 -2193.05667 -2193.05667 -2193.05667 -2298.8 -2298.8 -2298.8
          -1894.88333 -1894.88333 -1894.88333 568.653333 568.653333 568.653333 668.225667 668.225667 668.225667
          -1558.32233 -1558.32233 -1558.32233 -861.621 -861.621 -861.621 -3519.05333 -3519.05333 -3519.05333
          -3221.89667 -3221.89667 -3221.89667 -3284.88 -3284.88 -3284.88 -3271.84333 -3271.84333 -3271.84333
          797.762 797.762 797.762 1681.65967 1681.65967 1681.65967 -2173.19 -2173.19 -2173.19
          -2033.39 -2033.39 -2033.39 -2736.77667 -2736.77667 -2736.77667 -2637.23 -2637.23 -2637.23
          -1121.532 -1121.532 -1121.532 -1613.59 -1613.59 -1613.59 -1130.59033 -1130.59033 -1130.59033
          -943.931333 -943.931333 -943.931333
        </DataArray>
        <DataArray type="Float32" Name="k" format="ascii">
          29.8974 29.8974 29.8974 30.2271667 30.2271667 30.2271667 45.0641333 45.0641333 45.0641333
          44.6248 44.6248 44.6248 45.2084333 45.2084333 45.2084333 45.5736667 45.5736667 45.5736667
          45.4151667 45.4151667 45.4151667 45.6157667 45.6157667 45.6157667 34.405 34.405 34.405
          34.5254 34.5254 34.5254 35.0269667 35.0269667 35.0269667 40.9114 40.9114 40.9114
          41.3836 41.3836 41.3836 41.609 41.609 41.609 42.592 42.592 42.592
          42.8904 42.8904 42.8904 41.3661667 41.3661667 41.3661667 40.6342333 40.6342333 40.6342333
          40.122 40.122 40.122 42.3590667 42.3590667 42.3590667 44.1927 44.1927 44.1927
          44.7022333 44.7022333 44.7022333 44.1508333 44.1508333 44.1508333 43.7085 43.7085 43.7085
          42.5844667 42.5844667 42.5844667 40.8806333 40.8806333 40.8806333 41.3135333 41.3135333 41.3135333
          36.4155667 36.4155667 36.4155667 35.7205667 35.7205667 35.7205667 43.7217 43.7217 43.7217
          41.8552 41.8552 41.8552 44.8606667 44.8606667 44.8606667 44.5120667 44.5120667 44.5120667
          42.3099667 42.3099667 42.3099667 44.3318 44.3318 44.3318 42.1861 42.1861 42.1861
          41.7911333 41.7911333 41.7911333 36.3868667 36.3868667 36.3868667 36.2564667 36.2564667 36.2564667
          36.5334333 36.5334333 36.5334333 40.5904667 40.5904667 40.5904667 41.0682333 41.0682333 41.0682333
          46.0745333 46.0745333 46.0745333 45.9480333 45.9480333 45.9480333 45.1121333 45.1121333 45.1121333
          34.2185333 34.2185333 34.2185333 34.0287333 34.0287333 34.0287333 33.8641667 33.8641667 33.8641667
          33.0906333 33.0906333 33.0906333 43.1824 43.1824 43.1824 43.2514333 43.2514333 43.2514333
          43.9982 43.9982 43.9982 42.1537333 42.1537333 42.1537333 41.6545333 41.6545333 41.6545333
          44.7448 44.7448 44.7448 44.5866 44.5866 44.5866 44.4272 44.4272 44.4272
          42.2692333 42.2692333 42.2692333 42.8057333 42.8057333 42.8057333 45.5936 45.5936 45.5936
          45.3663333 45.3663333 45.3663333 45.5596 45.5596 45.5596 43.7427333 43.7427333 43.7427333
          43.1598 43.1598 43.1598 42.1258 42.1258 42.1258 42.6993667 42.6993667 42.6993667
          31.4443667 31.4443667 31.4443667 31.0545667 31.0545667 31.0545667 31.7041333 31.7041333 31.7041333
          31.3064 31.3064 31.3064 31.1555333 31.1555333 31.1555333 31.1324333 31.1324333 31.1324333
          30.7767333 30.7767333 30.7767333 30.2557 30.2557 30.2557 32.3877 32.3877 32.3877
          31.8875333 31.8875333 31.8875333 32.5310333 32.5310333 32.5310333 32.0077667 32.0077667 32.0077667
          31.0489667 31.0489667 31.0489667 31.2633333 31.2633333 31.2633333 32.6295667 32.6295667 32.6295667
          31.9953333 31.9953333 31.9953333 32.5227333 32.5227333 32.5227333 31.6741333 31.6741333 31.6741333
          31.3520333 31.3520333 31.3520333 30.2889667 30.2889667 30.2889667 29.9671333 29.9671333 29.9671333
          30.4632667 30.4632667 30.4632667 33.0778333 33.0778333 33.0778333 32.219 32.219 32.219
          33.0874333 33.0874333 33.0874333 32.0294 32.0294 32.0294 29.0197 29.0197 29.0197
          29.3132333 29.3132333 29.3132333 29.3597667 29.3597667 29.3597667 29.9830667 29.9830667 29.9830667
          29.2219333 29.2219333 29.2219333 29.8373 29.8373 29.8373 35.4982 35.4982 35.4982
          36.4871667 36.4871667 36.4871667 37.1070667 37.1070667 37.1070667 36.2006667 36.2006667 36.2006667
          36.8687333 36.8687333 36.8687333 35.9409 35.9409 35.9409 32.7742667 32.7742667 32.7742667
          33.2915 33.2915 33.2915 33.9446333 33.9446333 33.9446333 34.3484 34.3484 34.3484
          34.6535333 34.6535333 34.6535333 35.1328667 35.1328667 35.1328667 34.7877667 34.7877667 34.7877667
          37.9878 37.9878 37.9878 37.8375 37.8375 37.8375 38.2837 38.2837 38.2837
          38.8724333 38.8724333 38.8724333 38.0313 38.0313 38.0313 38.2346 38.2346 38.2346
          39.9733333 39.9733333 39.9733333 38.9185 38.9185 38.9185 39.1891 39.1891 39.1891
          40.1812667 40.1812667 40.1812667 36.8604667 36.8604667 36.8604667 36.3642667 36.3642667 36.3642667
          36.9846667 36.9846667 36.9846667 37.0290667 37.0290667 37.0290667 37.4173667 37.4173667 37.4173667
          36.2342 36.2342 36.2342 36.0685333 36.0685333 36.0685333 35.9574333 35.9574333 35.9574333
          36.5745 36.5745 36.5745 36.6150667 36.6150667 36.6150667 37.1649667 37.1649667 37.1649667
          35.4470667 35.4470667 35.4470667 35.9619333 35.9619333 35.9619333 36.4137333 36.4137333 36.4137333
          38.9829 38.9829 38.9829 39.7082333 39.7082333 39.7082333 38.3092 38.3092 38.3092
          38.2160333 38.2160333 38.2160333 38.3201333 38.3201333 38.3201333 38.4744667 38.4744667 38.4744667
          39.1467333 39.1467333 39.1467333 40.3981333 40.3981333 40.3981333 40.6399 40.6399 40.6399
          39.3131667 39.3131667 39.3131667 36.0569 36.0569 36.0569 35.8294333 35.8294333 35.8294333
          36.6481333 36.6481333 36.6481333 37.0047 37.0047 37.0047 37.3667333 37.3667333 37.3667333
          37.9773 37.9773 37.9773 36.5639333 36.5639333 36.5639333 37.3036 37.3036 37.3036
          37.1385667 37.1385667 37.1385667 35.8781 35.8781 35.8781 34.8803 34.8803 34.8803
          34.1774 34.1774 34.1774 33.2330667 33.2330667 33.2330667 35.0334333 35.0334333 35.0334333
          35.2368667 35.2368667 35.2368667 40.5951333 40.5951333 40.5951333 39.8127 39.8127 39.8127
          38.6819667 38.6819667 38.6819667 38.9276333 38.9276333 38.9276333 39.2767 39.2767 39.2767
          39.0088333 39.0088333 39.0088333 41.0595333 41.0595333 41.0595333 39.6364667 39.6364667 39.6364667
          40.0047 40.0047 40.0047 41.4685667 41.4685667 41.4685667 38.4322333 38.4322333 38.4322333
          37.8226 37.8226 37.8226 37.5471667 37.5471667 37.5471667 36.5483 36.5483 36.5483
          36.4835333 36.4835333 36.4835333 37.8846333 37.8846333 37.8846333 35.9178333 35.9178333 35.9178333
          35.6755 35.6755 35.6755 36.1674333 36.1674333 36.1674333 36.0067333 36.0067333 36.0067333
          35.7297667 35.7297667 35.7297667 35.1595 35.1595 35.1595 34.2588333 34.2588333 34.2588333
          34.8241333 34.8241333 34.8241333 38.5205333 38.5205333 38.5205333 39.3196 39.3196 39.3196
          37.9984333 37.9984333 37.9984333 38.1156 38.1156 38.1156 38.5825667 38.5825667 38.5825667
          38.3771667 38.3771667 38.3771667 39.1086333 39.1086333 39.1086333 40.2683 40.2683 40.2683
          40.6439 40.6439 40.6439 39.5784333 39.5784333 39.5784333 43.6007 43.6007 43.6007
          43.0396 43.0396 43.0396 44.9270667 44.9270667 44.9270667 44.5203667 44.5203667 44.5203667
          43.5468333 43.5468333 43.5468333 43.9789333 43.9789333 43.9789333 43.5402333 43.5402333 43.5402333
          44.3725333 44.3725333 44.3725333 44.8830333 44.8830333 44.8830333 44.1393667 44.1393667 44.1393667
          43.9369333 43.9369333 43.9369333 43.8012333 43.8012333 43.8012333 42.4248667 42.4248667 42.4248667
          42.9517333 42.9517333 42.9517333 43.1977667 43.1977667 43.1977667 42.7958333 42.7958333 42.7958333
          43.2728333 43.2728333 43.2728333 42.7537333 42.7537333 42.7537333 43.2180667 43.2180667 43.2180667
          43.6371667 43.6371667 43.6371667 42.4435 42.4435 42.4435 41.4023 41.4023 41.4023
          42.8957333 42.8957333 42.8957333 43.2682667 43.2682667 43.2682667 41.6986333 41.6986333 41.6986333
          42.6648 42.6648 42.6648 40.7388667 40.7388667 40.7388667 40.9936333 40.9936333 40.9936333
          41.1927 41.1927 41.1927 41.0126333 41.0126333 41.0126333 34.3821 34.3821 34.3821
          33.6688333 33.6688333 33.6688333 33.8121667 33.8121667 33.8121667 34.7130333 34.7130333 34.7130333
          43.2259 43.2259 43.2259 42.5601 42.5601 42.5601 44.5532667 44.5532667 44.5532667
          44.2247 44.2247 44.2247 42.9971333 42.9971333 42.9971333 43.6111333 43.6111333 43.6111333
          44.1439 44.1439 44.1439 43.4977667 43.4977667 43.4977667 42.8889667 42.8889667 42.8889667
          43.5491 43.5491 43.5491 43.5525667 43.5525667 43.5525667 43.7448667 43.7448667 43.7448667
          41.5659333 41.5659333 41.5659333 42.7460667 42.7460667 42.7460667 43.0902667 43.0902667 43.0902667
          41.8614333 41.8614333 41.8614333 41.3538333 41.3538333 41.3538333 40.9025 40.9025 40.9025
          41.1273 41.1273 41.1273 41.6093 41.6093 41.6093 34.4028 34.4028 34.4028
          33.8236 33.8236 33.8236 45.4775333 45.4775333 45.4775333 45.4006667 45.4006667 45.4006667
          43.2201333 43.2201333 43.2201333 44.0207667 44.0207667 44.0207667 44.5197 44.5197 44.5197
          43.787 43.787 43.787 44.3795333 44.3795333 44.3795333 45.2712 45.2712 45.2712
          44.5590667 44.5590667 44.5590667 43.6423667 43.6423667 43.6423667 44.6697667 44.6697667 44.6697667
          44.4988 44.4988 44.4988 43.4731333 43.4731333 43.4731333 42.1082667 42.1082667 42.1082667
          42.5592333 42.5592333 42.5592333 43.9382333 43.9382333 43.9382333 41.4222667 41.4222667 41.4222667
          42.0332333 42.0332333 42.0332333 42.4464667 42.4464667 42.4464667 41.8235333 41.8235333 41.8235333
          34.3845333 34.3845333 34.3845333 35.0852 35.0852 35.0852 34.6161667 34.6161667 34.6161667
          34.2185333 34.2185333 34.2185333 43.5532333 43.5532333 43.5532333 43.8406667 43.8406667 43.8406667
          41.7450667 41.7450667 41.7450667 42.921 42.921 42.921 43.2848 43.2848 43.2848
          42.2064 42.2064 42.2064 41.3258667 41.3258667 41.3258667 41.0109333 41.0109333 41.0109333
          41.4707 41.4707 41.4707 41.6952333 41.6952333 41.6952333 146.044 146.044 146.044
          191.645333 191.645333 191.645333 201.351667 201.351667 201.351667 234.629333 234.629333 234.629333
          195.784333 195.784333 195.784333 230.522333 230.522333 230.522333 227.576 227.576 227.576
          220.343 220.343 220.343 86.9431333 86.9431333 86.9431333 87.0793 87.0793 87.0793
          120.013633 120.013633 120.013633 146.044 146.044 146.044 49.6088 49.6088 49.6088
          48.2227 48.2227 48.2227 47.9619333 47.9619333 47.9619333 49.5143 49.5143 49.5143
          44.5191 44.5191 44.5191 41.5814333 41.5814333 41.5814333 39.7622333 39.7622333 39.7622333
          163.520567 163.520567 163.520567 155.708233 155.708233 155.708233 66.4155 66.4155 66.4155
          66.8997667 66.8997667 66.8997667 46.4384667 46.4384667 46.4384667 42.1205333 42.1205333 42.1205333
          51.9789 51.9789 51.9789 50.5600333 50.5600333 50.5600333 104.52 104.52 104.52
          132.0383 132.0383 132.0383 125.308133 125.308133 125.308133 111.346367 111.346367 111.346367
          130.053567 130.053567 130.053567 169.386333 169.386333 169.386333 95.9607 95.9607 95.9607
          95.5769333 95.5769333 95.5769333 156.454333 156.454333 156.454333 154.604333 154.604333 154.604333
          52.1223333 52.1223333 52.1223333 47.4805 47.4805 47.4805 44.7994667 44.7994667 44.7994667
          45.7767333 45.7767333 45.7767333 49.1185333 49.1185333 49.1185333 41.7285 41.7285 41.7285
          42.5234333 42.5234333 42.5234333 42.3492333 42.3492333 42.3492333 45.4807 45.4807 45.4807
          47.3668 47.3668 47.3668 88.9633 88.9633 88.9633 100.908167 100.908167 100.908167
          92.5298667 92.5298667 92.5298667 77.2836667 77.2836667 77.2836667 142.194667 142.194667 142.194667
          120.060167 120.060167 120.060167 122.695833 122.695833 122.695833 151.978333 151.978333 151.978333
          109.759 109.759 109.759 109.435333 109.435333 109.435333 166.779 166.779 166.779
          159.954667 159.954667 159.954667 52.5430667 52.5430667 52.5430667 51.9333333 51.9333333 51.9333333
          62.7691 62.7691 62.7691 59.3906 59.3906 59.3906 49.6683333 49.6683333 49.6683333
          49.5434 49.5434 49.5434 44.5568333 44.5568333 44.5568333 46.2638667 46.2638667 46.2638667
          50.3854333 50.3854333 50.3854333 50.2543 50.2543 50.2543 50.1165333 50.1165333 50.1165333
          48.6655667 48.6655667 48.6655667 253.193667 253.193667 253.193667 229.167 229.167 229.167
          179.975333 179.975333 179.975333 206.675667 206.675667 206.675667 190.690667 190.690667 190.690667
          162.937667 162.937667 162.937667 175.790333 175.790333 175.790333 212.469333 212.469333 212.469333
          216.442 216.442 216.442 239.880333 239.880333 239.880333 231.3 231.3 231.3
          199.522 199.522 199.522 168.295333 168.295333 168.295333 157.107 157.107 157.107
          170.275667 170.275667 170.275667 171.907667 171.907667 171.907667 55.2618333 55.2618333 55.2618333
          61.5821667 61.5821667 61.5821667 53.3659333 53.3659333 53.3659333 53.4015 53.4015 53.4015
          55.3392667 55.3392667 55.3392667 59.7101 59.7101 59.7101 54.6994667 54.6994667 54.6994667
          60.9886333 60.9886333 60.9886333 52.3291 52.3291 52.3291 52.0123 52.0123 52.0123
          54.0475333 54.0475333 54.0475333 58.3525667 58.3525667 58.3525667 108.5115 108.5115 108.5115
          71.0613667 71.0613667 71.0613667 174.256333 174.256333 174.256333 125.082667 125.082667 125.082667
          102.865867 102.865867 102.865867 87.6408333 87.6408333 87.6408333 158.044 158.044 158.044
          175.107333 175.107333 175.107333 193.793667 193.793667 193.793667 147.996333 147.996333 147.996333
          129.338167 129.338167 129.338167 115.803567 115.803567 115.803567 136.406733 136.406733 136.406733
          59.0971667 59.0971667 59.0971667 60.2201 60.2201 60.2201 81.0556 81.0556 81.0556
          73.0395667 73.0395667 73.0395667 53.6109 53.6109 53.6109 54.9948667 54.9948667 54.9948667
          60.0525667 60.0525667 60.0525667 63.075 63.075 63.075 89.0008667 89.0008667 89.0008667
          95.2766333 95.2766333 95.2766333 246.667 246.667 246.667 266.453 266.453 266.453
          209.988 209.988 209.988 194.746 194.746 194.746 223.612 223.612 223.612
          51.2691 51.2691 51.2691 51.3245667 51.3245667 51.3245667 52.6052667 52.6052667 52.6052667
          53.7299667 53.7299667 53.7299667 87.1909667 87.1909667 87.1909667 124.220833 124.220833 124.220833
          53.4516 53.4516 53.4516 52.1352667 52.1352667 52.1352667 51.6655333 51.6655333 51.6655333
          53.3142 53.3142 53.3142 79.7023667 79.7023667 79.7023667 79.4851 79.4851 79.4851
          56.6639667 56.6639667 56.6639667 62.7573 62.7573 62.7573 62.3031667 62.3031667 62.3031667
          56.4271 56.4271 56.4271 122.093333 122.093333 122.093333 124.458333 124.458333 124.458333
          110.514433 110.514433 110.514433 91.8343 91.8343 91.8343 44.086 44.086 44.086
          46.4443 46.4443 46.4443 51.6968333 51.6968333 51.6968333 53.2632 53.2632 53.2632
          89.9979667 89.9979667 89.9979667 106.530367 106.530367 106.530367 138.441633 138.441633 138.441633
          123.305633 123.305633 123.305633 141.506 141.506 141.506 155.260667 155.260667 155.260667
          124.3631 124.3631 124.3631 127.5621 127.5621 127.5621 164.675333 164.675333 164.675333
          162.857667 162.857667 162.857667 68.3299 68.3299 68.3299 77.0393333 77.0393333 77.0393333
          63.1942333 63.1942333 63.1942333 53.4511 53.4511 53.4511 95.4203333 95.4203333 95.4203333
          76.7131333 76.7131333 76.7131333 68.0962667 68.0962667 68.0962667 68.4800333 68.4800333 68.4800333
          52.7591 52.7591 52.7591 53.4090333 53.4090333 53.4090333 122.483333 122.483333 122.483333
          137.786333 137.786333 137.786333 145.490667 145.490667 145.490667 132.938333 132.938333 132.938333
          117.375367 117.375367 117.375367 114.105033 114.105033 114.105033 155.546333 155.546333 155.546333
          156.066 156.066 156.066 65.4205333 65.4205333 65.4205333 64.7928667 64.7928667 64.7928667
          66.6651333 66.6651333 66.6651333 53.8760667 53.8760667 53.8760667 65.9048333 65.9048333 65.9048333
          77.8255667 77.8255667 77.8255667 78.1492333 78.1492333 78.1492333 52.6363 52.6363 52.6363
          53.3475667 53.3475667 53.3475667 67.6308 67.6308 67.6308 60.9509667 60.9509667 60.9509667
          53.8197 53.8197 53.8197 54.1034333 54.1034333 54.1034333 168.132667 168.132667 168.132667
          165.743333 165.743333 165.743333 163.79 163.79 163.79 160.222667 160.222667 160.222667
          171.920667 171.920667 171.920667 173.204667 173.204667 173.204667 170.798 170.798 170.798
          175.470667 175.470667 175.470667 50.6739333 50.6739333 50.6739333 50.2271 50.2271 50.2271
          52.4051333 52.4051333 52.4051333 52.0847 52.0847 52.0847 52.0874333 52.0874333 52.0874333
          51.9546333 51.9546333 51.9546333 50.8130667 50.8130667 50.8130667 51.7131333 51.7131333 51.7131333
          50.0027667 50.0027667 50.0027667 50.5190667 50.5190667 50.5190667 51.9280333 51.9280333 51.9280333
          52.2508 52.2508 52.2508 51.3852333 51.3852333 51.3852333 51.6925667 51.6925667 51.6925667
          51.7223 51.7223 51.7223 50.5759 50.5759 50.5759 76.827 76.827 76.827
          74.8775 74.8775 74.8775 72.8671333 72.8671333 72.8671333 74.8512667 74.8512667 74.8512667
          93.2365333 93.2365333 93.2365333 77.9432333 77.9432333 77.9432333 54.4715333 54.4715333 54.4715333
          54.5398 54.5398 54.5398 65.5505333 65.5505333 65.5505333 59.1569667 59.1569667 59.1569667
          70.8388 70.8388 70.8388 59.3318667 59.3318667 59.3318667 55.8688 55.8688 55.8688
          55.2988 55.2988 55.2988 91.9964 91.9964 91.9964 86.8830333 86.8830333 86.8830333
          88.5637667 88.5637667 88.5637667 68.0839333 68.0839333 68.0839333 68.6298333 68.6298333 68.6298333
          96.922 96.922 96.922 52.4345333 52.4345333 52.4345333 52.9131333 52.9131333 52.9131333
          90.8995333 90.8995333 90.8995333 70.5127333 70.5127333 70.5127333 53.0089 53.0089 53.0089
          52.4372667 52.4372667 52.4372667 63.4006667 63.4006667 63.4006667 57.3249 57.3249 57.3249
          100.1715 100.1715 100.1715 81.5018667 81.5018667 81.5018667 57.0894333 57.0894333 57.0894333
          58.0301667 58.0301667 58.0301667 94.6155667 94.6155667 94.6155667 81.0556 81.0556 81.0556
          78.2424 78.2424 78.2424 95.6730333 95.6730333 95.6730333 70.0954 70.0954 70.0954
          63.8196333 63.8196333 63.8196333 46.3075333 46.3075333 46.3075333 48.0724667 48.0724667 48.0724667
          48.6328 48.6328 48.6328 47.0559667 47.0559667 47.0559667 46.8766667 46.8766667 46.8766667
          46.4476333 46.4476333 46.4476333 46.9897333 46.9897333 46.9897333 45.3608333 45.3608333 45.3608333
          45.1367 45.1367 45.1367 48.9179 48.9179 48.9179 48.6624333 48.6624333 48.6624333
          46.0901667 46.0901667 46.0901667 46.5063333 46.5063333 46.5063333 47.8435 47.8435 47.8435
          46.7135333 46.7135333 46.7135333 45.5224667 45.5224667 45.5224667 45.4568 45.4568 45.4568
          42.6370667 42.6370667 42.6370667 42.3663 42.3663 42.3663 46.4555667 46.4555667 46.4555667
          45.9045333 45.9045333 45.9045333 46.4634333 46.4634333 46.4634333 45.1790333 45.1790333 45.1790333
          45.5001667 45.5001667 45.5001667 46.7620333 46.7620333 46.7620333 45.4843 45.4843 45.4843
          45.3183 45.3183 45.3183 44.335 44.335 44.335 43.3318333 43.3318333 43.3318333
          41.0528667 41.0528667 41.0528667 42.1690667 42.1690667 42.1690667 46.8923333 46.8923333 46.8923333
          46.3645667 46.3645667 46.3645667 45.4015667 45.4015667 45.4015667 47.7008333 47.7008333 47.7008333
          46.2387 46.2387 46.2387 49.0418667 49.0418667 49.0418667 49.4482 49.4482 49.4482
          45.2562 45.2562 45.2562 45.2428333 45.2428333 45.2428333 47.4288667 47.4288667 47.4288667
          52.9682 52.9682 52.9682 62.6238667 62.6238667 62.6238667 54.6392333 54.6392333 54.6392333
          46.5595667 46.5595667 46.5595667 44.6866667 44.6866667 44.6866667 45.2666667 45.2666667 45.2666667
          42.4185 42.4185 42.4185 41.629 41.629 41.629 40.0867333 40.0867333 40.0867333
          39.7600333 39.7600333 39.7600333 43.1408 43.1408 43.1408 42.2477333 42.2477333 42.2477333
          42.4918 42.4918 42.4918 42.2954 42.2954 42.2954 42.1693333 42.1693333 42.1693333
          43.7329667 43.7329667 43.7329667 43.1891667 43.1891667 43.1891667 48.6032333 48.6032333 48.6032333
          47.4113333 47.4113333 47.4113333 41.6519 41.6519 41.6519 42.1607333 42.1607333 42.1607333
          43.9256667 43.9256667 43.9256667 40.3452333 40.3452333 40.3452333 39.9640333 39.9640333 39.9640333
          41.8296667 41.8296667 41.8296667 42.2489 42.2489 42.2489 44.4663 44.4663 44.4663
          44.191 44.191 44.191 47.2394 47.2394 47.2394 45.6286333 45.6286333 45.6286333
          44.8215 44.8215 44.8215 45.6134 45.6134 45.6134 50.2851 50.2851 50.2851
          49.8697667 49.8697667 49.8697667 58.1234333 58.1234333 58.1234333 54.4050667 54.4050667 54.4050667
          46.9072 46.9072 46.9072 46.2156667 46.2156667 46.2156667 54.1789 54.1789 54.1789
          62.0192667 62.0192667 62.0192667 46.1103333 46.1103333 46.1103333 46.1029333 46.1029333 46.1029333
          44.917 44.917 44.917 44.1807333 44.1807333 44.1807333 40.0983 40.0983 40.0983
          38.7127333 38.7127333 38.7127333 40.0597 40.0597 40.0597 41.3766667 41.3766667 41.3766667
          41.4357667 41.4357667 41.4357667 43.6935333 43.6935333 43.6935333 42.9645667 42.9645667 42.9645667
          39.6631667 39.6631667 39.6631667 40.5868333 40.5868333 40.5868333 38.6134667 38.6134667 38.6134667
          38.5885667 38.5885667 38.5885667 43.8344333 43.8344333 43.8344333 44.7693333 44.7693333 44.7693333
          40.6601 40.6601 40.6601 41.3906667 41.3906667 41.3906667 42.9011667 42.9011667 42.9011667
          41.0039667 41.0039667 41.0039667 39.4646667 39.4646667 39.4646667 44.5853333 44.5853333 44.5853333
          44.1515667 44.1515667 44.1515667 40.9205667 40.9205667 40.9205667 41.1184 41.1184 41.1184
          47.2216 47.2216 47.2216 46.4728 46.4728 46.4728 45.9612667 45.9612667 45.9612667
          46.2358 46.2358 46.2358 49.0235 49.0235 49.0235 48.3092 48.3092 48.3092
          48.3898667 48.3898667 48.3898667 47.9987333 47.9987333 47.9987333 48.5332333 48.5332333 48.5332333
          48.2283667 48.2283667 48.2283667 46.5733 46.5733 46.5733 46.1287333 46.1287333 46.1287333
          46.2876667 46.2876667 46.2876667 48.6156667 48.6156667 48.6156667 49.4040667 49.4040667 49.4040667
          46.5534667 46.5534667 46.5534667 46.1062667 46.1062667 46.1062667 47.8805 47.8805 47.8805
          46.8923333 46.8923333 46.8923333 49.5837333 49.5837333 49.5837333 49.1033 49.1033 49.1033
          46.3540667 46.3540667 46.3540667 47.2445667 47.2445667 47.2445667 45.6248 45.6248 45.6248
          45.7950333 45.7950333 45.7950333 45.9350667 45.9350667 45.9350667 45.4463333 45.4463333 45.4463333
          47.7173333 47.7173333 47.7173333 48.9436667 48.9436667 48.9436667 44.822 44.822 44.822
          45.5760667 45.5760667 45.5760667 45.7312667 45.7312667 45.7312667 45.1431333 45.1431333 45.1431333
          59.7595333 59.7595333 59.7595333 54.5387 54.5387 54.5387 44.2039667 44.2039667 44.2039667
          44.6744333 44.6744333 44.6744333 46.7472 46.7472 46.7472 48.1785333 48.1785333 48.1785333
          46.521 46.521 46.521 45.7639 45.7639 45.7639 45.3257 45.3257 45.3257
          45.5256333 45.5256333 45.5256333 46.1943333 46.1943333 46.1943333 40.9435 40.9435 40.9435
          40.5877667 40.5877667 40.5877667 42.7565333 42.7565333 42.7565333 42.1300333 42.1300333 42.1300333
          43.5633667 43.5633667 43.5633667 45.0974667 45.0974667 45.0974667 43.3900667 43.3900667 43.3900667
          44.5695 44.5695 44.5695 46.7704333 46.7704333 46.7704333 46.2527667 46.2527667 46.2527667
          44.9212 44.9212 44.9212 45.7127333 45.7127333 45.7127333 46.5196 46.5196 46.5196
          44.165 44.165 44.165 43.2706 43.2706 43.2706 40.523 40.523 40.523
          40.8242333 40.8242333 40.8242333 42.1469 42.1469 42.1469 41.2568667 41.2568667 41.2568667
          48.0363 48.0363 48.0363 47.9796667 47.9796667 47.9796667 47.1176333 47.1176333 47.1176333
          46.3554 46.3554 46.3554 62.1598333 62.1598333 62.1598333 53.7868 53.7868 53.7868
          45.712 45.712 45.712 44.8036333 44.8036333 44.8036333 44.0117333 44.0117333 44.0117333
          44.4601667 44.4601667 44.4601667 43.8238667 43.8238667 43.8238667 44.3086333 44.3086333 44.3086333
          45.5456333 45.5456333 45.5456333 50.8169667 50.8169667 50.8169667 52.7523 52.7523 52.7523
          48.6323333 48.6323333 48.6323333 47.7692333 47.7692333 47.7692333 50.5891 50.5891 50.5891
          59.5392667 59.5392667 59.5392667 68.2112333 68.2112333 68.2112333 64.9147667 64.9147667 64.9147667
          46.2156667 46.2156667 46.2156667 45.5442667 45.5442667 45.5442667 45.0271333 45.0271333 45.0271333
          46.1068 46.1068 46.1068 70.2991333 70.2991333 70.2991333 70.8318 70.8318 70.8318
          42.0048 42.0048 42.0048 42.2641667 42.2641667 42.2641667 42.7489333 42.7489333 42.7489333
          42.3356 42.3356 42.3356 42.1371 42.1371 42.1371 42.9955333 42.9955333 42.9955333
          43.0997 43.0997 43.0997 43.9953667 43.9953667 43.9953667 45.0794667 45.0794667 45.0794667
          45.3701667 45.3701667 45.3701667 44.0455667 44.0455667 44.0455667 42.8610333 42.8610333 42.8610333
          42.1989333 42.1989333 42.1989333 43.5374333 43.5374333 43.5374333 42.7383667 42.7383667 42.7383667
          44.3064 44.3064 44.3064 41.2979333 41.2979333 41.2979333 41.4691 41.4691 41.4691
          41.6968 41.6968 41.6968 42.3574 42.3574 42.3574 41.119 41.119 41.119
          41.5722333 41.5722333 41.5722333 41.6238667 41.6238667 41.6238667 42.0020333 42.0020333 42.0020333
          43.6128333 43.6128333 43.6128333 40.0745667 40.0745667 40.0745667 39.3579 39.3579 39.3579
          38.2833 38.2833 38.2833 38.0676333 38.0676333 38.0676333 38.143 38.143 38.143
          38.5370333 38.5370333 38.5370333 42.0272667 42.0272667 42.0272667 42.6678 42.6678 42.6678
          38.7431333 38.7431333 38.7431333 38.5896667 38.5896667 38.5896667 44.4843 44.4843 44.4843
          43.8864667 43.8864667 43.8864667 41.9036667 41.9036667 41.9036667 41.7058333 41.7058333 41.7058333
          43.5311667 43.5311667 43.5311667 43.7547667 43.7547667 43.7547667 42.8716667 42.8716667 42.8716667
          41.6353333 41.6353333 41.6353333 42.8216667 42.8216667 42.8216667 42.7991 42.7991 42.7991
          43.833 43.833 43.833 43.9847333 43.9847333 43.9847333 44.9777667 44.9777667 44.9777667
          44.5851 44.5851 44.5851 45.8381 45.8381 45.8381 45.7057667 45.7057667 45.7057667
          42.9146333 42.9146333 42.9146333 43.2572667 43.2572667 43.2572667 43.3941667 43.3941667 43.3941667
          44.2399667 44.2399667 44.2399667 43.9386333 43.9386333 43.9386333 43.0455667 43.0455667 43.0455667
          42.4945667 42.4945667 42.4945667 43.8928667 43.8928667 43.8928667 44.1795 44.1795 44.1795
          42.8374 42.8374 42.8374 44.7555333 44.7555333 44.7555333 40.8117 40.8117 40.8117
          41.4594333 41.4594333 41.4594333 44.1183667 44.1183667 44.1183667 45.2723 45.2723 45.2723
          41.0838 41.0838 41.0838 41.7354333 41.7354333 41.7354333 42.4345667 42.4345667 42.4345667
          41.923 41.923 41.923 40.4965333 40.4965333 40.4965333 40.8099 40.8099 40.8099
          39.4386 39.4386 39.4386 39.6086333 39.6086333 39.6086333 42.1610667 42.1610667 42.1610667
          42.3984667 42.3984667 42.3984667 43.1522333 43.1522333 43.1522333 42.2359333 42.2359333 42.2359333
          41.5078333 41.5078333 41.5078333 40.4487 40.4487 40.4487 41.2821333 41.2821333 41.2821333
          43.4057667 43.4057667 43.4057667 40.5314333 40.5314333 40.5314333 40.8892 40.8892 40.8892
          39.6580667 39.6580667 39.6580667 39.4731667 39.4731667 39.4731667 45.0009333 45.0009333 45.0009333
          44.4708667 44.4708667 44.4708667 43.9455 43.9455 43.9455 43.8655667 43.8655667 43.8655667
          41.3125333 41.3125333 41.3125333 39.5505667 39.5505667 39.5505667 38.6137 38.6137 38.6137
          38.3574 38.3574 38.3574 41.9723333 41.9723333 41.9723333 42.8361333 42.8361333 42.8361333
          39.1496333 39.1496333 39.1496333 39.8874667 39.8874667 39.8874667 37.9014 37.9014 37.9014
          38.2127667 38.2127667 38.2127667 43.2812333 43.2812333 43.2812333 44.8407333 44.8407333 44.8407333
          44.1515667 44.1515667 44.1515667 45.3493667 45.3493667 45.3493667 40.0635 40.0635 40.0635
          38.6895 38.6895 38.6895 41.1580667 41.1580667 41.1580667 40.9385333 40.9385333 40.9385333
          39.6625667 39.6625667 39.6625667 38.2335 38.2335 38.2335 43.4793 43.4793 43.4793
          43.5574333 43.5574333 43.5574333 43.3089333 43.3089333 43.3089333 43.3567667 43.3567667 43.3567667
          42.6667333 42.6667333 42.6667333 43.5049667 43.5049667 43.5049667 42.6413333 42.6413333 42.6413333
          42.1383333 42.1383333 42.1383333 43.8994 43.8994 43.8994 44.4860667 44.4860667 44.4860667
          44.3861667 44.3861667 44.3861667 43.4945 43.4945 43.4945 44.1471333 44.1471333 44.1471333
          43.4962667 43.4962667 43.4962667 43.8707333 43.8707333 43.8707333 44.8266 44.8266 44.8266
          45.3510333 45.3510333 45.3510333 45.9493667 45.9493667 45.9493667 46.3110667 46.3110667 46.3110667
          44.9624333 44.9624333 44.9624333 45.2025667 45.2025667 45.2025667 44.1075333 44.1075333 44.1075333
          44.3969667 44.3969667 44.3969667 46.2888667 46.2888667 46.2888667 45.5865333 45.5865333 45.5865333
          43.9157667 43.9157667 43.9157667 44.3221333 44.3221333 44.3221333 44.405 44.405 44.405
          43.9870333 43.9870333 43.9870333 45.1237333 45.1237333 45.1237333 44.5254667 44.5254667 44.5254667
          44.0177333 44.0177333 44.0177333 44.9819333 44.9819333 44.9819333 44.9324667 44.9324667 44.9324667
          44.891 44.891 44.891 45.9305667 45.9305667 45.9305667 46.4342333 46.4342333 46.4342333
          43.6314667 43.6314667 43.6314667 43.2863667 43.2863667 43.2863667 43.7415333 43.7415333 43.7415333
          44.2302333 44.2302333 44.2302333 43.9737333 43.9737333 43.9737333 42.0137667 42.0137667 42.0137667
          43.4069 43.4069 43.4069 44.2665 44.2665 44.2665 43.5138667 43.5138667 43.5138667
          42.9691667 42.9691667 42.9691667 43.4552667 43.4552667 43.4552667 45.0779333 45.0779333 45.0779333
          45.3520333 45.3520333 45.3520333 43.5108667 43.5108667 43.5108667 43.1220667 43.1220667 43.1220667
          44.1328333 44.1328333 44.1328333 44.4238667 44.4238667 44.4238667 44.7195333 44.7195333 44.7195333
          43.6683 43.6683 43.6683 42.0801333 42.0801333 42.0801333 42.2066667 42.2066667 42.2066667
          40.0718 40.0718 40.0718 39.8392333 39.8392333 39.8392333 41.3436667 41.3436667 41.3436667
          40.7271333 40.7271333 40.7271333 41.5810667 41.5810667 41.5810667 41.1971 41.1971 41.1971
          39.9373 39.9373 39.9373 40.4207 40.4207 40.4207 43.478 43.478 43.478
          43.9806667 43.9806667 43.9806667 42.5689667 42.5689667 42.5689667 42.9112333 42.9112333 42.9112333
          41.1186333 41.1186333 41.1186333 41.5270333 41.5270333 41.5270333 39.9585 39.9585 39.9585
          39.7408 39.7408 39.7408 40.9902 40.9902 40.9902 39.9718667 39.9718667 39.9718667
          45.1537333 45.1537333 45.1537333 43.6461333 43.6461333 43.6461333 45.9895 45.9895 45.9895
          46.507 46.507 46.507 44.5484667 44.5484667 44.5484667 44.7848 44.7848 44.7848
          42.1096 42.1096 42.1096 41.4021667 41.4021667 41.4021667 42.8517333 42.8517333 42.8517333
          42.8218667 42.8218667 42.8218667 46.6523667 46.6523667 46.6523667 46.4566 46.4566 46.4566
          43.2493667 43.2493667 43.2493667 44.4352333 44.4352333 44.4352333 41.4251 41.4251 41.4251
          41.7763333 41.7763333 41.7763333 41.9072667 41.9072667 41.9072667 42.1074 42.1074 42.1074
          42.8689667 42.8689667 42.8689667 43.5812333 43.5812333 43.5812333 44.0256333 44.0256333 44.0256333
          43.9711 43.9711 43.9711 44.4316333 44.4316333 44.4316333 43.7900333 43.7900333 43.7900333
          44.9562 44.9562 44.9562 44.4752 44.4752 44.4752 44.6255667 44.6255667 44.6255667
          46.2590667 46.2590667 46.2590667 46.0835 46.0835 46.0835 44.1027333 44.1027333 44.1027333
          44.0241667 44.0241667 44.0241667 40.6195333 40.6195333 40.6195333 40.4789333 40.4789333 40.4789333
          41.2250333 41.2250333 41.2250333 40.8196667 40.8196667 40.8196667 41.6675333 41.6675333 41.6675333
          41.1215667 41.1215667 41.1215667 41.9448 41.9448 41.9448 42.7726333 42.7726333 42.7726333
          40.5320333 40.5320333 40.5320333 40.7283333 40.7283333 40.7283333 45.6277333 45.6277333 45.6277333
          45.5384667 45.5384667 45.5384667 43.9975667 43.9975667 43.9975667 42.7163667 42.7163667 42.7163667
          42.2799 42.2799 42.2799 41.2077 41.2077 41.2077 41.5474 41.5474 41.5474
          42.8286 42.8286 42.8286 43.2262 43.2262 43.2262 44.2962333 44.2962333 44.2962333
          44.9952333 44.9952333 44.9952333 43.9842 43.9842 43.9842 42.5466333 42.5466333 42.5466333
          41.3301667 41.3301667 41.3301667 41.2306333 41.2306333 41.2306333 40.4375333 40.4375333 40.4375333
          42.0806 42.0806 42.0806 43.2784 43.2784 43.2784 37.6346333 37.6346333 37.6346333
          37.5795667 37.5795667 37.5795667 44.0375 44.0375 44.0375 43.5846 43.5846 43.5846
          43.7036 43.7036 43.7036 43.8166667 43.8166667 43.8166667 44.0261667 44.0261667 44.0261667
          42.4371667 42.4371667 42.4371667 41.9662 41.9662 41.9662 40.7260667 40.7260667 40.7260667
          41.1425 41.1425 41.1425 42.0245 42.0245 42.0245 42.8741 42.8741 42.8741
          43.8583667 43.8583667 43.8583667 41.3687 41.3687 41.3687 42.2561 42.2561 42.2561
          47.7960333 47.7960333 47.7960333 49.0857333 49.0857333 49.0857333 49.7381333 49.7381333 49.7381333
          46.7369 46.7369 46.7369 48.1849333 48.1849333 48.1849333 50.3721667 50.3721667 50.3721667
          39.729 39.729 39.729 49.7618333 49.7618333 49.7618333 56.2740667 56.2740667 56.2740667
          71.7209333 71.7209333 71.7209333 39.8075667 39.8075667 39.8075667 40.1001667 40.1001667 40.1001667
          45.7399667 45.7399667 45.7399667 45.4203 45.4203 45.4203 43.0722333 43.0722333 43.0722333
          43.218 43.218 43.218 47.2199667 47.2199667 47.2199667 48.6058667 48.6058667 48.6058667
          49.2399 49.2399 49.2399 42.7832667 42.7832667 42.7832667 42.9118333 42.9118333 42.9118333
          43.4569333 43.4569333 43.4569333 43.3551 43.3551 43.3551 49.3076667 49.3076667 49.3076667
          48.6048333 48.6048333 48.6048333 47.0751333 47.0751333 47.0751333 46.7422667 46.7422667 46.7422667
          47.7798333 47.7798333 47.7798333 47.6277667 47.6277667 47.6277667 46.7901333 46.7901333 46.7901333
          47.4987667 47.4987667 47.4987667 47.1355333 47.1355333 47.1355333 58.0181333 58.0181333 58.0181333
          75.9742333 75.9742333 75.9742333 74.8555333 74.8555333 74.8555333 57.6807333 57.6807333 57.6807333
          51.1632333 51.1632333 51.1632333 58.221 58.221 58.221 59.3883667 59.3883667 59.3883667
          51.8136 51.8136 51.8136 46.9097333 46.9097333 46.9097333 47.0688333 47.0688333 47.0688333
          46.2635333 46.2635333 46.2635333 46.9405 46.9405 46.9405 51.1615333 51.1615333 51.1615333
          51.5709667 51.5709667 51.5709667 43.5388333 43.5388333 43.5388333 44.3108333 44.3108333 44.3108333
          46.7762 46.7762 46.7762 64.7786333 64.7786333 64.7786333 56.7322 56.7322 56.7322
          38.0873667 38.0873667 38.0873667 46.9646667 46.9646667 46.9646667 94.5289333 94.5289333 94.5289333
          124.236333 124.236333 124.236333 120.354233 120.354233 120.354233 88.9874 88.9874 88.9874
          71.2202333 71.2202333 71.2202333 62.3619667 62.3619667 62.3619667 45.7616 45.7616 45.7616
          55.3313 55.3313 55.3313 117.2861 117.2861 117.2861 138.896667 138.896667 138.896667
          80.2151667 80.2151667 80.2151667 63.2600667 63.2600667 63.2600667 41.6190333 41.6190333 41.6190333
          43.4926667 43.4926667 43.4926667 39.0777 39.0777 39.0777 38.2199 38.2199 38.2199
          45.5356333 45.5356333 45.5356333 46.7826 46.7826 46.7826 44.4586333 44.4586333 44.4586333
          44.2541333 44.2541333 44.2541333 46.8323 46.8323 46.8323 47.1087667 47.1087667 47.1087667
          43.7499 43.7499 43.7499 44.1627667 44.1627667 44.1627667 43.6012333 43.6012333 43.6012333
          43.2259333 43.2259333 43.2259333 42.9518 42.9518 42.9518 41.1076 41.1076 41.1076
          40.4356 40.4356 40.4356 41.2443333 41.2443333 41.2443333 42.6930333 42.6930333 42.6930333
          40.6228333 40.6228333 40.6228333 40.8432333 40.8432333 40.8432333 41.4160667 41.4160667 41.4160667
          41.4233667 41.4233667 41.4233667 45.4839667 45.4839667 45.4839667 45.4185333 45.4185333 45.4185333
          44.9382333 44.9382333 44.9382333 45.3252 45.3252 45.3252 45.9106 45.9106 45.9106
          47.6546667 47.6546667 47.6546667 47.2380667 47.2380667 47.2380667 44.7727333 44.7727333 44.7727333
          43.8499 43.8499 43.8499 42.1804333 42.1804333 42.1804333 42.7930333 42.7930333 42.7930333
          44.0669667 44.0669667 44.0669667 42.4833333 42.4833333 42.4833333 42.0387333 42.0387333 42.0387333
          41.7932667 41.7932667 41.7932667 41.1453333 41.1453333 41.1453333 41.9759 41.9759 41.9759
          42.5970667 42.5970667 42.5970667 46.5708667 46.5708667 46.5708667 46.443 46.443 46.443
          47.1039667 47.1039667 47.1039667 48.1700333 48.1700333 48.1700333 68.9629667 68.9629667 68.9629667
          69.1777 69.1777 69.1777 45.1573333 45.1573333 45.1573333 43.7894 43.7894 43.7894
          43.0848667 43.0848667 43.0848667 43.0831667 43.0831667 43.0831667 43.9246667 43.9246667 43.9246667
          45.7849 45.7849 45.7849 75.805 75.805 75.805 86.0259333 86.0259333 86.0259333
          45.0868333 45.0868333 45.0868333 44.0804333 44.0804333 44.0804333 44.6394333 44.6394333 44.6394333
          46.0090667 46.0090667 46.0090667 57.7591667 57.7591667 57.7591667 64.4983 64.4983 64.4983
          44.1102 44.1102 44.1102 44.7789 44.7789 44.7789 60.1510333 60.1510333 60.1510333
          51.5372333 51.5372333 51.5372333 50.1367333 50.1367333 50.1367333 50.4744333 50.4744333 50.4744333
          59.3560667 59.3560667 59.3560667 66.7783333 66.7783333 66.7783333 63.6401667 63.6401667 63.6401667
          64.1267667 64.1267667 64.1267667 59.6621 59.6621 59.6621 52.5271667 52.5271667 52.5271667
          57.5929333 57.5929333 57.5929333 69.8313667 69.8313667 69.8313667 107.839733 107.839733 107.839733
          135.014567 135.014567 135.014567 42.7641333 42.7641333 42.7641333 42.3065 42.3065 42.3065
          43.2864 43.2864 43.2864 44.7791 44.7791 44.7791 43.5388333 43.5388333 43.5388333
          42.7628333 42.7628333 42.7628333 41.7829333 41.7829333 41.7829333 41.4303667 41.4303667 41.4303667
          53.4878333 53.4878333 53.4878333 42.0596 42.0596 42.0596 73.0705333 73.0705333 73.0705333
          62.5237 62.5237 62.5237 62.2860333 62.2860333 62.2860333 71.1734333 71.1734333 71.1734333
          38.4062667 38.4062667 38.4062667 38.9202667 38.9202667 38.9202667 68.9024667 68.9024667 68.9024667
          59.3327667 59.3327667 59.3327667 90.7292 90.7292 90.7292 116.725433 116.725433 116.725433
          111.161167 111.161167 111.161167 87.0047 87.0047 87.0047 40.5696333 40.5696333 40.5696333
          40.5965667 40.5965667 40.5965667 40.7060333 40.7060333 40.7060333 40.0953333 40.0953333 40.0953333
          38.8764333 38.8764333 38.8764333 38.3011333 38.3011333 38.3011333 37.8808333 37.8808333 37.8808333
          37.8909333 37.8909333 37.8909333 44.8342333 44.8342333 44.8342333 45.1146 45.1146 45.1146
          43.5869333 43.5869333 43.5869333 43.5869 43.5869 43.5869 44.025 44.025 44.025
          48.2380667 48.2380667 48.2380667 47.0401667 47.0401667 47.0401667 45.8270667 45.8270667 45.8270667
          45.4583667 45.4583667 45.4583667 43.9945 43.9945 43.9945 44.9852333 44.9852333 44.9852333
          46.8965333 46.8965333 46.8965333 48.3165 48.3165 48.3165 45.5743 45.5743 45.5743
          45.0718667 45.0718667 45.0718667 43.6422 43.6422 43.6422 43.4932667 43.4932667 43.4932667
          44.7032667 44.7032667 44.7032667 44.2091 44.2091 44.2091 44.5739667 44.5739667 44.5739667
          44.4642333 44.4642333 44.4642333 44.9327 44.9327 44.9327 44.6001667 44.6001667 44.6001667
          44.1733667 44.1733667 44.1733667 43.7965333 43.7965333 43.7965333 45.4502 45.4502 45.4502
          45.6133333 45.6133333 45.6133333 47.7388 47.7388 47.7388 46.7146333 46.7146333 46.7146333
          43.7405333 43.7405333 43.7405333 44.0226 44.0226 44.0226 44.3340667 44.3340667 44.3340667
          44.6951 44.6951 44.6951 43.2037333 43.2037333 43.2037333 43.2037 43.2037 43.2037
          44.2832667 44.2832667 44.2832667 43.7091667 43.7091667 43.7091667 43.2996 43.2996 43.2996
          43.1506333 43.1506333 43.1506333 43.1174667 43.1174667 43.1174667 43.4122 43.4122 43.4122
          45.6343333 45.6343333 45.6343333 44.2876667 44.2876667 44.2876667 45.5379667 45.5379667 45.5379667
          45.7722 45.7722 45.7722 43.6616 43.6616 43.6616 44.2630333 44.2630333 44.2630333
          41.9613 41.9613 41.9613 41.4225 41.4225 41.4225 42.6359667 42.6359667 42.6359667
          41.9953333 41.9953333 41.9953333 43.4871667 43.4871667 43.4871667 44.1894333 44.1894333 44.1894333
          43.6454 43.6454 43.6454 40.9296 40.9296 40.9296 41.1573 41.1573 41.1573
          42.2074333 42.2074333 42.2074333 42.0961667 42.0961667 42.0961667 42.7126333 42.7126333 42.7126333
          41.4521 41.4521 41.4521 43.9601667 43.9601667 43.9601667 44.5514667 44.5514667 44.5514667
          42.7673 42.7673 42.7673 42.8285 42.8285 42.8285 41.7098333 41.7098333 41.7098333
          42.1412333 42.1412333 42.1412333 44.8995333 44.8995333 44.8995333 45.3078333 45.3078333 45.3078333
          44.2422667 44.2422667 44.2422667 44.6926 44.6926 44.6926 43.7732667 43.7732667 43.7732667
          43.7988667 43.7988667 43.7988667 45.6866333 45.6866333 45.6866333 45.1647333 45.1647333 45.1647333
          44.2882 44.2882 44.2882 44.3777 44.3777 44.3777 43.5705333 43.5705333 43.5705333
          43.8893 43.8893 43.8893 46.0429333 46.0429333 46.0429333 47.6751 47.6751 47.6751
          43.1249 43.1249 43.1249 43.1685333 43.1685333 43.1685333 43.0728333 43.0728333 43.0728333
          42.7747333 42.7747333 42.7747333 43.5941 43.5941 43.5941 43.0752667 43.0752667 43.0752667
          43.7168 43.7168 43.7168 43.8017333 43.8017333 43.8017333 43.6645 43.6645 43.6645
          44.6310667 44.6310667 44.6310667 44.0640667 44.0640667 44.0640667 44.3643 44.3643 44.3643
          43.9515 43.9515 43.9515 44.3229333 44.3229333 44.3229333 44.6044667 44.6044667 44.6044667
          44.4547 44.4547 44.4547 44.6792333 44.6792333 44.6792333 43.6404 43.6404 43.6404
          42.9315 42.9315 42.9315 43.1078333 43.1078333 43.1078333 40.6754 40.6754 40.6754
          41.096 41.096 41.096 41.6275667 41.6275667 41.6275667 40.7553333 40.7553333 40.7553333
          42.6722 42.6722 42.6722 42.9458667 42.9458667 42.9458667 41.688 41.688 41.688
          41.9633 41.9633 41.9633 43.2293 43.2293 43.2293 43.2377333 43.2377333 43.2377333
          44.6341 44.6341 44.6341 44.2974667 44.2974667 44.2974667 45.7045333 45.7045333 45.7045333
          46.0159 46.0159 46.0159 46.0883 46.0883 46.0883 47.9005667 47.9005667 47.9005667
          41.2177333 41.2177333 41.2177333 41.4532333 41.4532333 41.4532333 38.8768333 38.8768333 38.8768333
          39.5211 39.5211 39.5211 44.0178333 44.0178333 44.0178333 45.1631333 45.1631333 45.1631333
          44.5575 44.5575 44.5575 42.4978 42.4978 42.4978 41.7035667 41.7035667 41.7035667
          42.5633333 42.5633333 42.5633333 42.1871 42.1871 42.1871 42.7216333 42.7216333 42.7216333
          43.5674667 43.5674667 43.5674667 43.9163667 43.9163667 43.9163667 44.4085667 44.4085667 44.4085667
          44.8859333 44.8859333 44.8859333 43.7164333 43.7164333 43.7164333 40.8608667 40.8608667 40.8608667
          39.3786333 39.3786333 39.3786333 41.0512667 41.0512667 41.0512667 41.3765 41.3765 41.3765
          41.6182333 41.6182333 41.6182333 42.0763333 42.0763333 42.0763333 46.2956667 46.2956667 46.2956667
          46.5741667 46.5741667 46.5741667 46.3332 46.3332 46.3332 46.2422667 46.2422667 46.2422667
          45.0696333 45.0696333 45.0696333 45.6863667 45.6863667 45.6863667 44.5136667 44.5136667 44.5136667
          44.2913667 44.2913667 44.2913667 44.2410667 44.2410667 44.2410667 44.1795 44.1795 44.1795
          44.0436667 44.0436667 44.0436667 43.9933667 43.9933667 43.9933667 44.024 44.024 44.024
          44.2624333 44.2624333 44.2624333 44.2112 44.2112 44.2112 44.6005667 44.6005667 44.6005667
          45.2727667 45.2727667 45.2727667 44.3387667 44.3387667 44.3387667 44.537 44.537 44.537
          43.9733 43.9733 43.9733 43.9521333 43.9521333 43.9521333 46.6677667 46.6677667 46.6677667
          46.1442 46.1442 46.1442 40.7266 40.7266 40.7266 40.3389333 40.3389333 40.3389333
          41.4528 41.4528 41.4528 41.4198667 41.4198667 41.4198667 44.4268333 44.4268333 44.4268333
          43.4119 43.4119 43.4119 42.6563333 42.6563333 42.6563333 42.5428667 42.5428667 42.5428667
          41.8551667 41.8551667 41.8551667 41.9736 41.9736 41.9736 42.7307667 42.7307667 42.7307667
          43.4957667 43.4957667 43.4957667 41.7434 41.7434 41.7434 42.3743 42.3743 42.3743
          44.3781333 44.3781333 44.3781333 40.6602 40.6602 40.6602 40.4188667 40.4188667 40.4188667
          42.2409333 42.2409333 42.2409333 42.0377 42.0377 42.0377 42.6374 42.6374 42.6374
          42.0448 42.0448 42.0448 46.8923333 46.8923333 46.8923333 45.8245 45.8245 45.8245
          43.1836333 43.1836333 43.1836333 42.7786333 42.7786333 42.7786333 46.9241667 46.9241667 46.9241667
          46.8683 46.8683 46.8683 43.6686 43.6686 43.6686 43.1323333 43.1323333 43.1323333
          43.5311333 43.5311333 43.5311333 43.8251667 43.8251667 43.8251667 43.2896667 43.2896667 43.2896667
          43.6433 43.6433 43.6433 45.3579 45.3579 45.3579 46.0749 46.0749 46.0749
          47.0068333 47.0068333 47.0068333 47.4135333 47.4135333 47.4135333 42.3263333 42.3263333 42.3263333
          42.5638333 42.5638333 42.5638333 43.2053 43.2053 43.2053 42.9626333 42.9626333 42.9626333
          44.1512 44.1512 44.1512 43.2157333 43.2157333 43.2157333 43.2377333 43.2377333 43.2377333
          43.6846 43.6846 43.6846 45.6460333 45.6460333 45.6460333 45.8697667 45.8697667 45.8697667
          44.9265 44.9265 44.9265 45.1327667 45.1327667 45.1327667 43.7978333 43.7978333 43.7978333
          42.9084333 42.9084333 42.9084333 46.0760333 46.0760333 46.0760333 46.7444 46.7444 46.7444
          44.0095333 44.0095333 44.0095333 44.1676333 44.1676333 44.1676333 44.3525333 44.3525333 44.3525333
          44.3517333 44.3517333 44.3517333 47.2656 47.2656 47.2656 46.6848667 46.6848667 46.6848667
          41.6948333 41.6948333 41.6948333 42.9492667 42.9492667 42.9492667 44.4141667 44.4141667 44.4141667
          43.5141 43.5141 43.5141 42.1304333 42.1304333 42.1304333 43.0891 43.0891 43.0891
          44.8407667 44.8407667 44.8407667 45.5266333 45.5266333 45.5266333 44.9173333 44.9173333 44.9173333
          45.097 45.097 45.097 42.1412 42.1412 42.1412 42.0984667 42.0984667 42.0984667
          43.2138 43.2138 43.2138 42.6522333 42.6522333 42.6522333 45.9298333 45.9298333 45.9298333
          44.9654667 44.9654667 44.9654667 42.8696667 42.8696667 42.8696667 42.0099 42.0099 42.0099
          40.8558 40.8558 40.8558 40.8011667 40.8011667 40.8011667 41.0176333 41.0176333 41.0176333
          41.6201 41.6201 41.6201 43.4539 43.4539 43.4539 42.8019333 42.8019333 42.8019333
          39.5948333 39.5948333 39.5948333 38.8959333 38.8959333 38.8959333 44.9297667 44.9297667 44.9297667
          45.0402667 45.0402667 45.0402667 46.1278 46.1278 46.1278 45.6668333 45.6668333 45.6668333
          45.7419333 45.7419333 45.7419333 46.2663333 46.2663333 46.2663333 45.1778 45.1778 45.1778
          45.0038667 45.0038667 45.0038667 44.2641667 44.2641667 44.2641667 44.3693667 44.3693667 44.3693667
          44.5717667 44.5717667 44.5717667 44.4340667 44.4340667 44.4340667 44.8897 44.8897 44.8897
          44.7055667 44.7055667 44.7055667 44.3528333 44.3528333 44.3528333 44.0714 44.0714 44.0714
          44.4523 44.4523 44.4523 44.593 44.593 44.593 45.9417333 45.9417333 45.9417333
          45.5913667 45.5913667 45.5913667 44.5271 44.5271 44.5271 44.2547667 44.2547667 44.2547667
          43.3915 43.3915 43.3915 43.7852333 43.7852333 43.7852333 44.2884333 44.2884333 44.2884333
          44.1923 44.1923 44.1923 44.9761 44.9761 44.9761 44.7699667 44.7699667 44.7699667
          45.7816333 45.7816333 45.7816333 46.2075333 46.2075333 46.2075333 44.0078333 44.0078333 44.0078333
          44.0299333 44.0299333 44.0299333 44.502 44.502 44.502 45.0714667 45.0714667 45.0714667
          45.2926 45.2926 45.2926 41.5096333 41.5096333 41.5096333 41.2208333 41.2208333 41.2208333
          42.501 42.501 42.501 41.9141 41.9141 41.9141 44.4956667 44.4956667 44.4956667
          45.0796667 45.0796667 45.0796667 45.8839667 45.8839667 45.8839667 45.8492333 45.8492333 45.8492333
          41.3896333 41.3896333 41.3896333 40.9545 40.9545 40.9545 43.1179667 43.1179667 43.1179667
          43.1566 43.1566 43.1566 44.2005 44.2005 44.2005 43.6898 43.6898 43.6898
          46.3448 46.3448 46.3448 48.0905667 48.0905667 48.0905667 44.0254667 44.0254667 44.0254667
          43.9810667 43.9810667 43.9810667
        </DataArray>
        <DataArray type="Float32" Name="p" format="ascii">
          2448.96333 2448.96333 2448.96333 2119.73 2119.73 2119.73 -1255.69667 -1255.69667 -1255.69667
          -1256.61 -1256.61 -1256.61 -1306.33667 -1306.33667 -1306.33667 -1280.26333 -1280.26333 -1280.26333
          -1292.23333 -1292.23333 -1292.23333 -1321.96333 -1321.96333 -1321.96333 -141.495 -141.495 -141.495
          -73.67623 -73.67623 -73.67623 -510.059563 -510.059563 -510.059563 -1222.68667 -1222.68667 -1222.68667
          -1217.71 -1217.71 -1217.71 -1208.78 -1208.78 -1208.78 -1190.91667 -1190.91667 -1190.91667
          -1215.36 -1215.36 -1215.36 -1229.92 -1229.92 -1229.92 -708.861 -708.861 -708.861
          -811.165 -811.165 -811.165 -1223.78333 -1223.78333 -1223.78333 -1230.52667 -1230.52667 -1230.52667
          -1255.09333 -1255.09333 -1255.09333 -1256.5 -1256.5 -1256.5 -1203.38667 -1203.38667 -1203.38667
          -1214.85333 -1214.85333 -1214.85333 -812.591667 -812.591667 -812.591667 -711.809 -711.809 -711.809
          -364.601867 -364.601867 -364.601867 -257.137867 -257.137867 -257.137867 -1249.95 -1249.95 -1249.95
          -1247.27 -1247.27 -1247.27 -1308.84333 -1308.84333 -1308.84333 -1285.57333 -1285.57333 -1285.57333
          -1254.50333 -1254.50333 -1254.50333 -1264.27333 -1264.27333 -1264.27333 -750.053 -750.053 -750.053
          -863.856 -863.856 -863.856 -213.444667 -213.444667 -213.444667 -269.771 -269.771 -269.771
          -582.951333 -582.951333 -582.951333 -881.291667 -881.291667 -881.291667 -764.122667 -764.122667 -764.122667
          -1237.20967 -1237.20967 -1237.20967 -1232.63967 -1232.63967 -1232.63967 -1073.82433 -1073.82433 -1073.82433
          851.325 851.325 851.325 432.58177 432.58177 432.58177 501.82477 501.82477 501.82477
          861.228 861.228 861.228 -1109.216 -1109.216 -1109.216 -1117.496 -1117.496 -1117.496
          -957.015 -957.015 -957.015 -533.961667 -533.961667 -533.961667 -571.205667 -571.205667 -571.205667
          -1160.46033 -1160.46033 -1160.46033 -1140.84367 -1140.84367 -1140.84367 -975.974333 -975.974333 -975.974333
          -572.031333 -572.031333 -572.031333 -533.896 -533.896 -533.896 -1034.785 -1034.785 -1034.785
          -1201.429 -1201.429 -1201.429 -1217.609 -1217.609 -1217.609 -553.912667 -553.912667 -553.912667
          -596.237 -596.237 -596.237 -606.537 -606.537 -606.537 -563.274333 -563.274333 -563.274333
          920.908667 920.908667 920.908667 1113.02533 1113.02533 1113.02533 1000.252 1000.252 1000.252
          1146.51867 1146.51867 1146.51867 1785.07667 1785.07667 1785.07667 1918.64 1918.64 1918.64
          2616.78667 2616.78667 2616.78667 2869.47333 2869.47333 2869.47333 501.109333 501.109333 501.109333
          884.297 884.297 884.297 603.348 603.348 603.348 1120.099 1120.099 1120.099
          1974.22333 1974.22333 1974.22333 1917.20667 1917.20667 1917.20667 623.708667 623.708667 623.708667
          1016.427 1016.427 1016.427 809.63 809.63 809.63 1259.365 1259.365 1259.365
          1591.8 1591.8 1591.8 1735.13 1735.13 1735.13 2110.21333 2110.21333 2110.21333
          2539.40333 2539.40333 2539.40333 810.658333 810.658333 810.658333 1245.72567 1245.72567 1245.72567
          973.684333 973.684333 973.684333 1286.355 1286.355 1286.355 1602.80667 1602.80667 1602.80667
          2094.11 2094.11 2094.11 1319.64033 1319.64033 1319.64033 1481.71033 1481.71033 1481.71033
          1310.96033 1310.96033 1310.96033 1427.18033 1427.18033 1427.18033 -783.878667 -783.878667 -783.878667
          -914.852 -914.852 -914.852 -962.437 -962.437 -962.437 -859.919667 -859.919667 -859.919667
          -933.809667 -933.809667 -933.809667 -799.429 -799.429 -799.429 585.1479 585.1479 585.1479
          522.962567 522.962567 522.962567 95.7405667 95.7405667 95.7405667 -338.231767 -338.231767 -338.231767
          -489.299767 -489.299767 -489.299767 -366.346333 -366.346333 -366.346333 -145.33023 -145.33023 -145.33023
          -921.713333 -921.713333 -921.713333 -1004.10833 -1004.10833 -1004.10833 -1035.82233 -1035.82233 -1035.82233
          -976.801333 -976.801333 -976.801333 -980.200333 -980.200333 -980.200333 -907.963333 -907.963333 -907.963333
          -703.327667 -703.327667 -703.327667 -787.334333 -787.334333 -787.334333 -794.414667 -794.414667 -794.414667
          -708.025333 -708.025333 -708.025333 -972.776667 -972.776667 -972.776667 -806.579667 -806.579667 -806.579667
          -643.702333 -643.702333 -643.702333 -877.093667 -877.093667 -877.093667 -967.446333 -967.446333 -967.446333
          -435.161733 -435.161733 -435.161733 -143.190733 -143.190733 -143.190733 -59.476 -59.476 -59.476
          -310.052333 -310.052333 -310.052333 -726.837667 -726.837667 -726.837667 -911.824333 -911.824333 -911.824333
          -123.9638 -123.9638 -123.9638 -412.357667 -412.357667 -412.357667 -345.163333 -345.163333 -345.163333
          -1022.48033 -1022.48033 -1022.48033 -960.882333 -960.882333 -960.882333 -1004.073 -1004.073 -1004.073
          -924.701333 -924.701333 -924.701333 -906.642667 -906.642667 -906.642667 -965.801333 -965.801333 -965.801333
          -790.322333 -790.322333 -790.322333 -707.313333 -707.313333 -707.313333 -707.637333 -707.637333 -707.637333
          -796.769333 -796.769333 -796.769333 -450.807133 -450.807133 -450.807133 -225.1 -225.1 -225.1
          -408.831533 -408.831533 -408.831533 -652.336667 -652.336667 -652.336667 -835.978333 -835.978333 -835.978333
          -981.354 -981.354 -981.354 -799.773 -799.773 -799.773 -962.946667 -962.946667 -962.946667
          -882.023667 -882.023667 -882.023667 -750.947 -750.947 -750.947 -52.8339667 -52.8339667 -52.8339667
          107.8087 107.8087 107.8087 327.529567 327.529567 327.529567 -456.3681 -456.3681 -456.3681
          -296.3391 -296.3391 -296.3391 -996.307667 -996.307667 -996.307667 -1012.387 -1012.387 -1012.387
          -926.101333 -926.101333 -926.101333 -979.188333 -979.188333 -979.188333 -995.153333 -995.153333 -995.153333
          -949.308333 -949.308333 -949.308333 -735.757333 -735.757333 -735.757333 -812.552667 -812.552667 -812.552667
          -833.005667 -833.005667 -833.005667 -746.399 -746.399 -746.399 -930.192667 -930.192667 -930.192667
          -825.791667 -825.791667 -825.791667 -896.994 -896.994 -896.994 -731.157333 -731.157333 -731.157333
          -781.924333 -781.924333 -781.924333 -906.831667 -906.831667 -906.831667 -174.582333 -174.582333 -174.582333
          -348.841667 -348.841667 -348.841667 -439.4814 -439.4814 -439.4814 -366.2144 -366.2144 -366.2144
          -53.0340667 -53.0340667 -53.0340667 243.048267 243.048267 243.048267 329.656267 329.656267 329.656267
          252.277933 252.277933 252.277933 -1036.41867 -1036.41867 -1036.41867 -1019.482 -1019.482 -1019.482
          -991.244667 -991.244667 -991.244667 -932.189333 -932.189333 -932.189333 -956.124333 -956.124333 -956.124333
          -1011.44267 -1011.44267 -1011.44267 -822.316 -822.316 -822.316 -747.265667 -747.265667 -747.265667
          -756.949667 -756.949667 -756.949667 -839.821667 -839.821667 -839.821667 -674.09 -674.09 -674.09
          -748.325333 -748.325333 -748.325333 -820.638 -820.638 -820.638 -688.503 -688.503 -688.503
          -763.937333 -763.937333 -763.937333 -681.84 -681.84 -681.84 -967.708 -967.708 -967.708
          -1147.52133 -1147.52133 -1147.52133 -1167.21633 -1167.21633 -1167.21633 -991.557333 -991.557333 -991.557333
          -733.667667 -733.667667 -733.667667 -632 -632 -632 -676.020333 -676.020333 -676.020333
          -617.631333 -617.631333 -617.631333 -624.563333 -624.563333 -624.563333 -692.535333 -692.535333 -692.535333
          -1025.91267 -1025.91267 -1025.91267 -869.234333 -869.234333 -869.234333 -900.169333 -900.169333 -900.169333
          -1054.879 -1054.879 -1054.879 -505.762333 -505.762333 -505.762333 -492.16 -492.16 -492.16
          -505.447333 -505.447333 -505.447333 -515.648667 -515.648667 -515.648667 -494.236667 -494.236667 -494.236667
          -508.212 -508.212 -508.212 -524.321 -524.321 -524.321 -565.672333 -565.672333 -565.672333
          -568.477333 -568.477333 -568.477333 -526.653333 -526.653333 -526.653333 135.542867 135.542867 135.542867
          229.448667 229.448667 229.448667 331.687333 331.687333 331.687333 335.992667 335.992667 335.992667
          -626.100333 -626.100333 -626.100333 -682.228333 -682.228333 -682.228333 -758.646667 -758.646667 -758.646667
          -639.416667 -639.416667 -639.416667 -730.051 -730.051 -730.051 -648.253333 -648.253333 -648.253333
          -1104.58033 -1104.58033 -1104.58033 -949.433667 -949.433667 -949.433667 -875.442333 -875.442333 -875.442333
          -1038.51733 -1038.51733 -1038.51733 -510.555667 -510.555667 -510.555667 -522.205333 -522.205333 -522.205333
          -493.025667 -493.025667 -493.025667 -508.889 -508.889 -508.889 -517.373667 -517.373667 -517.373667
          -502.393667 -502.393667 -502.393667 -567.535667 -567.535667 -567.535667 -525.186667 -525.186667 -525.186667
          -530.399 -530.399 -530.399 -568.719333 -568.719333 -568.719333 96.4343333 96.4343333 96.4343333
          180.809467 180.809467 180.809467 -793.56 -793.56 -793.56 -677.756333 -677.756333 -677.756333
          -710.955667 -710.955667 -710.955667 -648.770333 -648.770333 -648.770333 -672.271333 -672.271333 -672.271333
          -757.456667 -757.456667 -757.456667 -985.076667 -985.076667 -985.076667 -1154.27567 -1154.27567 -1154.27567
          -1097.62933 -1097.62933 -1097.62933 -918.589667 -918.589667 -918.589667 -534.778333 -534.778333 -534.778333
          -524.11 -524.11 -524.11 -517.868667 -517.868667 -517.868667 -498.106667 -498.106667 -498.106667
          -513.160667 -513.160667 -513.160667 -530.702333 -530.702333 -530.702333 -530.523333 -530.523333 -530.523333
          -581.941333 -581.941333 -581.941333 -590.271667 -590.271667 -590.271667 -542.927333 -542.927333 -542.927333
          586.718667 586.718667 586.718667 346.962667 346.962667 346.962667 385.825 385.825 385.825
          851.325 851.325 851.325 -532.825 -532.825 -532.825 -546.228 -546.228 -546.228
          -509.272667 -509.272667 -509.272667 -531.815 -531.815 -531.815 -536.302 -536.302 -536.302
          -515.672333 -515.672333 -515.672333 -589.68 -589.68 -589.68 -537.278 -537.278 -537.278
          -545.439 -545.439 -545.439 -596.518 -596.518 -596.518 -1693.75 -1693.75 -1693.75
          -2068.02 -2068.02 -2068.02 -2608.92333 -2608.92333 -2608.92333 -2528.67333 -2528.67333 -2528.67333
          -2314.53 -2314.53 -2314.53 -2247.51667 -2247.51667 -2247.51667 -2202.81667 -2202.81667 -2202.81667
          -2235.19667 -2235.19667 -2235.19667 -60.3616667 -60.3616667 -60.3616667 193.617 193.617 193.617
          -1104.443 -1104.443 -1104.443 -1693.75 -1693.75 -1693.75 2215.796 2215.796 2215.796
          2460.326 2460.326 2460.326 2467.413 2467.413 2467.413 2368.17967 2368.17967 2368.17967
          3918.83 3918.83 3918.83 4319.36667 4319.36667 4319.36667 4480.43333 4480.43333 4480.43333
          -2573.23333 -2573.23333 -2573.23333 -2502.59333 -2502.59333 -2502.59333 2359.56867 2359.56867 2359.56867
          2634.14533 2634.14533 2634.14533 4609.36667 4609.36667 4609.36667 4577.72 4577.72 4577.72
          4154.65667 4154.65667 4154.65667 4498.87 4498.87 4498.87 -1098.248 -1098.248 -1098.248
          -1916.01133 -1916.01133 -1916.01133 -1998.028 -1998.028 -1998.028 -1903.70133 -1903.70133 -1903.70133
          -2591.15 -2591.15 -2591.15 -2580.35667 -2580.35667 -2580.35667 -1329.226 -1329.226 -1329.226
          -1229.41133 -1229.41133 -1229.41133 -2666.11667 -2666.11667 -2666.11667 -2613.72667 -2613.72667 -2613.72667
          3621.26 3621.26 3621.26 4228.16333 4228.16333 4228.16333 4176.77667 4176.77667 4176.77667
          3984.39667 3984.39667 3984.39667 3614.01 3614.01 3614.01 4422.36667 4422.36667 4422.36667
          4556.87667 4556.87667 4556.87667 4559.71667 4559.71667 4559.71667 4720.39 4720.39 4720.39
          4637.26667 4637.26667 4637.26667 -2723.95333 -2723.95333 -2723.95333 -2805.95667 -2805.95667 -2805.95667
          -2801.56667 -2801.56667 -2801.56667 -2749.92333 -2749.92333 -2749.92333 -2775.4 -2775.4 -2775.4
          -2085.548 -2085.548 -2085.548 -1986.77367 -1986.77367 -1986.77367 -2783.67 -2783.67 -2783.67
          -1334.86567 -1334.86567 -1334.86567 -1174.218 -1174.218 -1174.218 -2568.41667 -2568.41667 -2568.41667
          -2622.02 -2622.02 -2622.02 1042.5062 1042.5062 1042.5062 2133.90767 2133.90767 2133.90767
          -1884.31233 -1884.31233 -1884.31233 -997.0138 -997.0138 -997.0138 4507.21667 4507.21667 4507.21667
          4541.91667 4541.91667 4541.91667 4754.37 4754.37 4754.37 4746.73667 4746.73667 4746.73667
          4636.24 4636.24 4636.24 4552.95 4552.95 4552.95 4666.44 4666.44 4666.44
          4722.66333 4722.66333 4722.66333 -2444.39667 -2444.39667 -2444.39667 -2548.69 -2548.69 -2548.69
          -2508.60667 -2508.60667 -2508.60667 -2450.24667 -2450.24667 -2450.24667 -2274.92 -2274.92 -2274.92
          -2072.57667 -2072.57667 -2072.57667 -2074.77667 -2074.77667 -2074.77667 -2213.87 -2213.87 -2213.87
          -2294.75667 -2294.75667 -2294.75667 -2564.69 -2564.69 -2564.69 -2484.99 -2484.99 -2484.99
          -2446.63 -2446.63 -2446.63 -2691.25333 -2691.25333 -2691.25333 -2614.63333 -2614.63333 -2614.63333
          -2243.43667 -2243.43667 -2243.43667 -2399.38 -2399.38 -2399.38 -1264.65067 -1264.65067 -1264.65067
          -1973.034 -1973.034 -1973.034 865.296833 865.296833 865.296833 -395.189833 -395.189833 -395.189833
          -1196.64917 -1196.64917 -1196.64917 -1686.19583 -1686.19583 -1686.19583 -1459.87033 -1459.87033 -1459.87033
          -2144.127 -2144.127 -2144.127 888.077333 888.077333 888.077333 -571.316 -571.316 -571.316
          -1448.55233 -1448.55233 -1448.55233 -1967.859 -1967.859 -1967.859 -1798.07767 -1798.07767 -1798.07767
          -1324.32433 -1324.32433 -1324.32433 -2263.62667 -2263.62667 -2263.62667 -2118.24333 -2118.24333 -2118.24333
          -1602.09967 -1602.09967 -1602.09967 -751.526 -751.526 -751.526 -2518.19333 -2518.19333 -2518.19333
          -2612.87667 -2612.87667 -2612.87667 -2593.12 -2593.12 -2593.12 -2609.43667 -2609.43667 -2609.43667
          -1969.625 -1969.625 -1969.625 -1245.96133 -1245.96133 -1245.96133 -2104.363 -2104.363 -2104.363
          1612.93267 1612.93267 1612.93267 713.663 713.663 713.663 -430.196667 -430.196667 -430.196667
          742.078 742.078 742.078 1758.8675 1758.8675 1758.8675 883.367833 883.367833 883.367833
          -111.906167 -111.906167 -111.906167 -986.439833 -986.439833 -986.439833 -1386.32033 -1386.32033 -1386.32033
          -1289.92767 -1289.92767 -1289.92767 -2254.10667 -2254.10667 -2254.10667 -2382.31333 -2382.31333 -2382.31333
          -2115.01333 -2115.01333 -2115.01333 -2104.33 -2104.33 -2104.33 -2255.86 -2255.86 -2255.86
          3352.94333 3352.94333 3352.94333 3267.21333 3267.21333 3267.21333 1778.70233 1778.70233 1778.70233
          520.277333 520.277333 520.277333 -820.606 -820.606 -820.606 -1597.21767 -1597.21767 -1597.21767
          1691.70367 1691.70367 1691.70367 2781.88 2781.88 2781.88 1008.909 1008.909 1008.909
          -592.904333 -592.904333 -592.904333 -3052.14333 -3052.14333 -3052.14333 -3081.62667 -3081.62667 -3081.62667
          -1552.764 -1552.764 -1552.764 -2164.35067 -2164.35067 -2164.35067 -2226.75033 -2226.75033 -2226.75033
          -1585.68033 -1585.68033 -1585.68033 -2765.08333 -2765.08333 -2765.08333 -2780.2 -2780.2 -2780.2
          -2915.42333 -2915.42333 -2915.42333 -2999.15333 -2999.15333 -2999.15333 3835.36667 3835.36667 3835.36667
          3932.65333 3932.65333 3932.65333 3345.51 3345.51 3345.51 2723.29333 2723.29333 2723.29333
          -2976.06 -2976.06 -2976.06 -2847.73 -2847.73 -2847.73 -1870.798 -1870.798 -1870.798
          -1996.148 -1996.148 -1996.148 -2744.92 -2744.92 -2744.92 -2609.60333 -2609.60333 -2609.60333
          -2958.65 -2958.65 -2958.65 -2880.14333 -2880.14333 -2880.14333 -2532.43 -2532.43 -2532.43
          -2620.90333 -2620.90333 -2620.90333 2180.50533 2180.50533 2180.50533 861.625333 861.625333 861.625333
          797.896667 797.896667 797.896667 2204.888 2204.888 2204.888 -1755.09867 -1755.09867 -1755.09867
          -1067.65 -1067.65 -1067.65 730.462 730.462 730.462 630.647333 630.647333 630.647333
          3689.31333 3689.31333 3689.31333 3701.01667 3701.01667 3701.01667 -2812.96667 -2812.96667 -2812.96667
          -2771.88667 -2771.88667 -2771.88667 -2594.31333 -2594.31333 -2594.31333 -2710.90667 -2710.90667 -2710.90667
          -2793.55333 -2793.55333 -2793.55333 -2808.57667 -2808.57667 -2808.57667 -2618.50667 -2618.50667 -2618.50667
          -2527.97 -2527.97 -2527.97 2348.13867 2348.13867 2348.13867 2262.88867 2262.88867 2262.88867
          829.705 829.705 829.705 3390.29333 3390.29333 3390.29333 1971.05967 1971.05967 1971.05967
          792.142 792.142 792.142 631.494333 631.494333 631.494333 4115.61333 4115.61333 4115.61333
          3974.31 3974.31 3974.31 -1814.63667 -1814.63667 -1814.63667 -957.698133 -957.698133 -957.698133
          2063.25 2063.25 2063.25 1081.82187 1081.82187 1081.82187 -2056.49667 -2056.49667 -2056.49667
          -2048.01333 -2048.01333 -2048.01333 -2409.10333 -2409.10333 -2409.10333 -2412.71 -2412.71 -2412.71
          -2208.04333 -2208.04333 -2208.04333 -2331.93 -2331.93 -2331.93 -2346.36667 -2346.36667 -2346.36667
          -2227.35667 -2227.35667 -2227.35667 3846.93667 3846.93667 3846.93667 4203.01 4203.01 4203.01
          2491.69133 2491.69133 2491.69133 2051.73467 2051.73467 2051.73467 2001.91567 2001.91567 2001.91567
          2358.42567 2358.42567 2358.42567 4248.74333 4248.74333 4248.74333 3976.11667 3976.11667 3976.11667
          4329.68667 4329.68667 4329.68667 4024.64333 4024.64333 4024.64333 3330.09333 3330.09333 3330.09333
          3701.99 3701.99 3701.99 3453.58 3453.58 3453.58 3218.52333 3218.52333 3218.52333
          4286.00667 4286.00667 4286.00667 4454.21 4454.21 4454.21 -2912.82 -2912.82 -2912.82
          -2693.98333 -2693.98333 -2693.98333 -2833.47 -2833.47 -2833.47 -2998.42 -2998.42 -2998.42
          -1808.14967 -1808.14967 -1808.14967 -1258.75633 -1258.75633 -1258.75633 402.557 402.557 402.557
          703.737333 703.737333 703.737333 -1637.35 -1637.35 -1637.35 -968.942 -968.942 -968.942
          -863.595 -863.595 -863.595 -844.115667 -844.115667 -844.115667 -177.079 -177.079 -177.079
          992.879667 992.879667 992.879667 -1897.738 -1897.738 -1897.738 -2546.66667 -2546.66667 -2546.66667
          -1883.07133 -1883.07133 -1883.07133 -1472.26133 -1472.26133 -1472.26133 -1227.16533 -1227.16533 -1227.16533
          -1708.61533 -1708.61533 -1708.61533 516.49 516.49 516.49 -656.543333 -656.543333 -656.543333
          -1898.67133 -1898.67133 -1898.67133 -1519.60133 -1519.60133 -1519.60133 -738.102333 -738.102333 -738.102333
          466.671 466.671 466.671 650.365333 650.365333 650.365333 1794.095 1794.095 1794.095
          -1846.18167 -1846.18167 -1846.18167 -1135.08833 -1135.08833 -1135.08833 1682.525 1682.525 1682.525
          526.225 526.225 526.225 -1245.33867 -1245.33867 -1245.33867 -430.196667 -430.196667 -430.196667
          -1994.22733 -1994.22733 -1994.22733 -2207.84067 -2207.84067 -2207.84067 701.545667 701.545667 701.545667
          605.153 605.153 605.153 -770.326333 -770.326333 -770.326333 -886.457667 -886.457667 -886.457667
          -948.410333 -948.410333 -948.410333 -1310.253 -1310.253 -1310.253 -1088.946 -1088.946 -1088.946
          -980.737 -980.737 -980.737 -1154.43333 -1154.43333 -1154.43333 -1403.77667 -1403.77667 -1403.77667
          -1665.42333 -1665.42333 -1665.42333 -849.902 -849.902 -849.902 -815.132 -815.132 -815.132
          -1029.94367 -1029.94367 -1029.94367 -898.977333 -898.977333 -898.977333 -974.058667 -974.058667 -974.058667
          -947.174 -947.174 -947.174 -1221.814 -1221.814 -1221.814 -1308.244 -1308.244 -1308.244
          -1458.02 -1458.02 -1458.02 -956.293667 -956.293667 -956.293667 -634.459 -634.459 -634.459
          -712.956667 -712.956667 -712.956667 -964.366 -964.366 -964.366 -949.083667 -949.083667 -949.083667
          -840.310333 -840.310333 -840.310333 -797.578 -797.578 -797.578 -861.414667 -861.414667 -861.414667
          -983.307667 -983.307667 -983.307667 -1280.59333 -1280.59333 -1280.59333 -1227.81333 -1227.81333 -1227.81333
          -404.726543 -404.726543 -404.726543 -986.237877 -986.237877 -986.237877 -1296.07333 -1296.07333 -1296.07333
          -991.691333 -991.691333 -991.691333 -858.93 -858.93 -858.93 -1270.57 -1270.57 -1270.57
          -1256.95333 -1256.95333 -1256.95333 -786.511333 -786.511333 -786.511333 -754.353667 -754.353667 -754.353667
          -1202.193 -1202.193 -1202.193 -1014.666 -1014.666 -1014.666 -1111.39633 -1111.39633 -1111.39633
          -1252.39667 -1252.39667 -1252.39667 -1594.69967 -1594.69967 -1594.69967 -1338.47867 -1338.47867 -1338.47867
          -980.222 -980.222 -980.222 -1182.07667 -1182.07667 -1182.07667 -1258.91 -1258.91 -1258.91
          -1069.64121 -1069.64121 -1069.64121 -596.441243 -596.441243 -596.441243 694.368757 694.368757 694.368757
          802.680123 802.680123 802.680123 -1631.99367 -1631.99367 -1631.99367 -331.047 -331.047 -331.047
          -546.435333 -546.435333 -546.435333 177.562 177.562 177.562 1454.46067 1454.46067 1454.46067
          -1593.536 -1593.536 -1593.536 -1171.31467 -1171.31467 -1171.31467 -1066.01967 -1066.01967 -1066.01967
          -1436.21 -1436.21 -1436.21 1042.84667 1042.84667 1042.84667 158.503333 158.503333 158.503333
          -411.503333 -411.503333 -411.503333 1357.11 1357.11 1357.11 931.088 931.088 931.088
          1456.99333 1456.99333 1456.99333 1927.59667 1927.59667 1927.59667 -1984.09333 -1984.09333 -1984.09333
          -2020.47667 -2020.47667 -2020.47667 -688.550333 -688.550333 -688.550333 -443.087333 -443.087333 -443.087333
          -347.282667 -347.282667 -347.282667 -486.833333 -486.833333 -486.833333 -1869.21 -1869.21 -1869.21
          -2055.81333 -2055.81333 -2055.81333 -1367.12333 -1367.12333 -1367.12333 -1501.76667 -1501.76667 -1501.76667
          -2640.57 -2640.57 -2640.57 -2633.76667 -2633.76667 -2633.76667 -1162.73 -1162.73 -1162.73
          -1480.85967 -1480.85967 -1480.85967 -1209.451 -1209.451 -1209.451 -1065.33633 -1065.33633 -1065.33633
          -463.870767 -463.870767 -463.870767 -210.522433 -210.522433 -210.522433 -2.09433333 -2.09433333 -2.09433333
          214.488667 214.488667 214.488667 929.949333 929.949333 929.949333 559.203 559.203 559.203
          1634.664 1634.664 1634.664 -1397.48267 -1397.48267 -1397.48267 -773.823667 -773.823667 -773.823667
          -430.305667 -430.305667 -430.305667 -472.242333 -472.242333 -472.242333 495.236667 495.236667 495.236667
          119.320667 119.320667 119.320667 383.679667 383.679667 383.679667 -362.044333 -362.044333 -362.044333
          1549.03733 1549.03733 1549.03733 2021.114 2021.114 2021.114 1689.16733 1689.16733 1689.16733
          786.598333 786.598333 786.598333 748.699 748.699 748.699 -1612.82333 -1612.82333 -1612.82333
          -1824.42333 -1824.42333 -1824.42333 194.228 194.228 194.228 186.973 186.973 186.973
          -802.402 -802.402 -802.402 -659.879667 -659.879667 -659.879667 -760.065667 -760.065667 -760.065667
          -850.977 -850.977 -850.977 -628.381333 -628.381333 -628.381333 -640.101 -640.101 -640.101
          -2044.34333 -2044.34333 -2044.34333 -1593.26667 -1593.26667 -1593.26667 -1107.68 -1107.68 -1107.68
          -1080.49733 -1080.49733 -1080.49733 -1286.15667 -1286.15667 -1286.15667 -1219.53667 -1219.53667 -1219.53667
          -1049.27967 -1049.27967 -1049.27967 -803.22 -803.22 -803.22 -1078.39067 -1078.39067 -1078.39067
          -1256.03 -1256.03 -1256.03 -1029.441 -1029.441 -1029.441 -1283.11333 -1283.11333 -1283.11333
          -1296.07333 -1296.07333 -1296.07333 -1090.934 -1090.934 -1090.934 -836.201333 -836.201333 -836.201333
          -1035.43433 -1035.43433 -1035.43433 -802.748333 -802.748333 -802.748333 -1006.63533 -1006.63533 -1006.63533
          -1037.11633 -1037.11633 -1037.11633 -861.807 -861.807 -861.807 -780.656667 -780.656667 -780.656667
          -1473.78667 -1473.78667 -1473.78667 -1714.72667 -1714.72667 -1714.72667 -1046.18133 -1046.18133 -1046.18133
          -1298.783 -1298.783 -1298.783 -1156.22967 -1156.22967 -1156.22967 -937.408 -937.408 -937.408
          -1447.27 -1447.27 -1447.27 -1356.939 -1356.939 -1356.939 -2233.22 -2233.22 -2233.22
          -2186.13333 -2186.13333 -2186.13333 -1152.15767 -1152.15767 -1152.15767 -940.047333 -940.047333 -940.047333
          -1876.18333 -1876.18333 -1876.18333 -1449.44333 -1449.44333 -1449.44333 -1885.26667 -1885.26667 -1885.26667
          -1613.68333 -1613.68333 -1613.68333 -1418.65667 -1418.65667 -1418.65667 507.173 507.173 507.173
          563.746633 563.746633 563.746633 -1285.36333 -1285.36333 -1285.36333 -727.063367 -727.063367 -727.063367
          -1571.97333 -1571.97333 -1571.97333 -1928.30333 -1928.30333 -1928.30333 -1752.13667 -1752.13667 -1752.13667
          -1754.70667 -1754.70667 -1754.70667 -1959.58667 -1959.58667 -1959.58667 -1690.92667 -1690.92667 -1690.92667
          -1928.20667 -1928.20667 -1928.20667 -1788.33667 -1788.33667 -1788.33667 -1360.12 -1360.12 -1360.12
          -2123.72667 -2123.72667 -2123.72667 -1924.79333 -1924.79333 -1924.79333 1771.25667 1771.25667 1771.25667
          1180.34967 1180.34967 1180.34967 -734.64 -734.64 -734.64 -276.318667 -276.318667 -276.318667
          -1322.185 -1322.185 -1322.185 -2022.075 -2022.075 -2022.075 -1946.77833 -1946.77833 -1946.77833
          -1140.976 -1140.976 -1140.976 -2031.76667 -2031.76667 -2031.76667 -1532.60367 -1532.60367 -1532.60367
          -1226.32933 -1226.32933 -1226.32933 -464.585333 -464.585333 -464.585333 -325.034667 -325.034667 -325.034667
          -1997.87333 -1997.87333 -1997.87333 -1514.69633 -1514.69633 -1514.69633 -1144.99333 -1144.99333 -1144.99333
          -1118.728 -1118.728 -1118.728 -2068.30667 -2068.30667 -2068.30667 -1913.00667 -1913.00667 -1913.00667
          -2280.45 -2280.45 -2280.45 -2715.86667 -2715.86667 -2715.86667 -1855.92667 -1855.92667 -1855.92667
          -1912.90667 -1912.90667 -1912.90667 -1908.92 -1908.92 -1908.92 -1561.99667 -1561.99667 -1561.99667
          -2633.76667 -2633.76667 -2633.76667 -2344.21 -2344.21 -2344.21 -877.208333 -877.208333 -877.208333
          -844.75 -844.75 -844.75 -1846.74667 -1846.74667 -1846.74667 -2027.78 -2027.78 -2027.78
          -1249.74533 -1249.74533 -1249.74533 -993.755 -993.755 -993.755 -624.052 -624.052 -624.052
          -475.466333 -475.466333 -475.466333 -54.2783333 -54.2783333 -54.2783333 -37.048 -37.048 -37.048
          -1715.22667 -1715.22667 -1715.22667 -1942.41333 -1942.41333 -1942.41333 -2288.75 -2288.75 -2288.75
          -2304.99333 -2304.99333 -2304.99333 -1180.92767 -1180.92767 -1180.92767 -1383.702 -1383.702 -1383.702
          -591.504667 -591.504667 -591.504667 -793.306333 -793.306333 -793.306333 -436.175767 -436.175767 -436.175767
          -582.0331 -582.0331 -582.0331 -405.853433 -405.853433 -405.853433 -322.847767 -322.847767 -322.847767
          148.783567 148.783567 148.783567 173.2689 173.2689 173.2689 -1200.497 -1200.497 -1200.497
          -900.784667 -900.784667 -900.784667 -1263.442 -1263.442 -1263.442 -959.824333 -959.824333 -959.824333
          -1172.179 -1172.179 -1172.179 -862.459 -862.459 -862.459 -599.910333 -599.910333 -599.910333
          -50.284 -50.284 -50.284 203.462667 203.462667 203.462667 701.17 701.17 701.17
          1279.87133 1279.87133 1279.87133 -502.564667 -502.564667 -502.564667 -46.8126667 -46.8126667 -46.8126667
          1522.30767 1522.30767 1522.30767 1065.77567 1065.77567 1065.77567 -867.599667 -867.599667 -867.599667
          -682.661667 -682.661667 -682.661667 -312.075 -312.075 -312.075 -304.82 -304.82 -304.82
          -816.077667 -816.077667 -816.077667 -736.367 -736.367 -736.367 -1447.06333 -1447.06333 -1447.06333
          -1524.40667 -1524.40667 -1524.40667 -885.484333 -885.484333 -885.484333 -1125.11767 -1125.11767 -1125.11767
          -1381.17 -1381.17 -1381.17 -1520.18333 -1520.18333 -1520.18333 -959.186667 -959.186667 -959.186667
          -1041.46967 -1041.46967 -1041.46967 -1334.96 -1334.96 -1334.96 -1115.14033 -1115.14033 -1115.14033
          -947.911 -947.911 -947.911 -847.670667 -847.670667 -847.670667 -1034.19967 -1034.19967 -1034.19967
          -712.023 -712.023 -712.023 -846.87 -846.87 -846.87 -1076.139 -1076.139 -1076.139
          -1150.49233 -1150.49233 -1150.49233 -641.542667 -641.542667 -641.542667 -636.859667 -636.859667 -636.859667
          -1455.62667 -1455.62667 -1455.62667 -1456.13667 -1456.13667 -1456.13667 -1426.76667 -1426.76667 -1426.76667
          -1327.58333 -1327.58333 -1327.58333 -848.486 -848.486 -848.486 -1179.63767 -1179.63767 -1179.63767
          -164.617333 -164.617333 -164.617333 -781.253333 -781.253333 -781.253333 -613.59 -613.59 -613.59
          472.776667 472.776667 472.776667 -197.283333 -197.283333 -197.283333 -665.542333 -665.542333 -665.542333
          1223.074 1223.074 1223.074 1082.92 1082.92 1082.92 -1610.21667 -1610.21667 -1610.21667
          -1787.84667 -1787.84667 -1787.84667 -1963.60333 -1963.60333 -1963.60333 -1366.37233 -1366.37233 -1366.37233
          -1067.44533 -1067.44533 -1067.44533 1787.76667 1787.76667 1787.76667 884.388333 884.388333 884.388333
          213.844 213.844 213.844 1883.73 1883.73 1883.73 1696.83 1696.83 1696.83
          1853.88333 1853.88333 1853.88333 1512.87 1512.87 1512.87 -1593.62 -1593.62 -1593.62
          -1654.78 -1654.78 -1654.78 -1700.18333 -1700.18333 -1700.18333 -1700.67667 -1700.67667 -1700.67667
          -367.949667 -367.949667 -367.949667 40.5068 40.5068 40.5068 481.151133 481.151133 481.151133
          1048.86467 1048.86467 1048.86467 304.315667 304.315667 304.315667 -669.184333 -669.184333 -669.184333
          -257.816367 -257.816367 -257.816367 -381.5775 -381.5775 -381.5775 488.660167 488.660167 488.660167
          182.827967 182.827967 182.827967 983.774333 983.774333 983.774333 321.84 321.84 321.84
          420.531667 420.531667 420.531667 -111.333667 -111.333667 -111.333667 1252.17233 1252.17233 1252.17233
          1416.479 1416.479 1416.479 1366.73233 1366.73233 1366.73233 1528.369 1528.369 1528.369
          953.849167 953.849167 953.849167 856.2745 856.2745 856.2745 -573.830667 -573.830667 -573.830667
          -697.165 -697.165 -697.165 -950.896667 -950.896667 -950.896667 -1104.614 -1104.614 -1104.614
          -1240.004 -1240.004 -1240.004 -1280.79067 -1280.79067 -1280.79067 -1270.97667 -1270.97667 -1270.97667
          -1268.24333 -1268.24333 -1268.24333 -176.156667 -176.156667 -176.156667 -415.3538 -415.3538 -415.3538
          -1044.01633 -1044.01633 -1044.01633 -521.341533 -521.341533 -521.341533 -564.824667 -564.824667 -564.824667
          -482.729333 -482.729333 -482.729333 -640.483333 -640.483333 -640.483333 -1006.05633 -1006.05633 -1006.05633
          -1011.60867 -1011.60867 -1011.60867 -751.474333 -751.474333 -751.474333 -881.543333 -881.543333 -881.543333
          -802.446333 -802.446333 -802.446333 -829.383667 -829.383667 -829.383667 -638.256667 -638.256667 -638.256667
          -715.565333 -715.565333 -715.565333 -1096.417 -1096.417 -1096.417 -1206.59367 -1206.59367 -1206.59367
          -129.209333 -129.209333 -129.209333 -79.9738 -79.9738 -79.9738 -77.4231333 -77.4231333 -77.4231333
          -274.0118 -274.0118 -274.0118 -603.297467 -603.297467 -603.297467 -511.453467 -511.453467 -511.453467
          -811.272333 -811.272333 -811.272333 -1129.11067 -1129.11067 -1129.11067 -1132.967 -1132.967 -1132.967
          -955.64 -955.64 -955.64 -985.337333 -985.337333 -985.337333 -1025.55033 -1025.55033 -1025.55033
          -936.395333 -936.395333 -936.395333 -978.096333 -978.096333 -978.096333 -827.112333 -827.112333 -827.112333
          -943.728333 -943.728333 -943.728333 -760.611 -760.611 -760.611 -1357.98667 -1357.98667 -1357.98667
          -1220.96 -1220.96 -1220.96 -1295.47333 -1295.47333 -1295.47333 -1273.79333 -1273.79333 -1273.79333
          -1951.56 -1951.56 -1951.56 -2129.52 -2129.52 -2129.52 -1604.97333 -1604.97333 -1604.97333
          -1858.33667 -1858.33667 -1858.33667 -474.3942 -474.3942 -474.3942 -738.892333 -738.892333 -738.892333
          -1818.78333 -1818.78333 -1818.78333 -1531.34667 -1531.34667 -1531.34667 -1927.78333 -1927.78333 -1927.78333
          -1783.89667 -1783.89667 -1783.89667 -740.078333 -740.078333 -740.078333 -667.103333 -667.103333 -667.103333
          786.151667 786.151667 786.151667 961.615 961.615 961.615 -1112.891 -1112.891 -1112.891
          -318.588333 -318.588333 -318.588333 -1290.521 -1290.521 -1290.521 -671.681667 -671.681667 -671.681667
          359.015667 359.015667 359.015667 -249.397333 -249.397333 -249.397333 -1544.71867 -1544.71867 -1544.71867
          -1408.492 -1408.492 -1408.492 -677.041333 -677.041333 -677.041333 -709.408 -709.408 -709.408
          -651.300333 -651.300333 -651.300333 -678.227333 -678.227333 -678.227333 1293.216 1293.216 1293.216
          1949.84667 1949.84667 1949.84667 86.4466667 86.4466667 86.4466667 648.811667 648.811667 648.811667
          -1150.86 -1150.86 -1150.86 -774.034 -774.034 -774.034 -1201.74 -1201.74 -1201.74
          -1136.81667 -1136.81667 -1136.81667 -776.021 -776.021 -776.021 -752.768333 -752.768333 -752.768333
          -186.621333 -186.621333 -186.621333 -6.6486 -6.6486 -6.6486 -425.218 -425.218 -425.218
          -426.613 -426.613 -426.613 -1065.95 -1065.95 -1065.95 -1168.50333 -1168.50333 -1168.50333
          -503.934667 -503.934667 -503.934667 -843.130667 -843.130667 -843.130667 -16.4542667 -16.4542667 -16.4542667
          -105.415667 -105.415667 -105.415667 -691.11339 -691.11339 -691.11339 -321.73039 -321.73039 -321.73039
          -471.886333 -471.886333 -471.886333 -711.878 -711.878 -711.878 -815.831 -815.831 -815.831
          -1789.30667 -1789.30667 -1789.30667 -1834.78 -1834.78 -1834.78 -1470.48667 -1470.48667 -1470.48667
          -1377.74667 -1377.74667 -1377.74667 -1207.9 -1207.9 -1207.9 -1026.83833 -1026.83833 -1026.83833
          -1395.39 -1395.39 -1395.39 -1472.44333 -1472.44333 -1472.44333 -1066.64833 -1066.64833 -1066.64833
          -1387.21667 -1387.21667 -1387.21667 -375.697723 -375.697723 -375.697723 -626.377333 -626.377333 -626.377333
          -65.4593333 -65.4593333 -65.4593333 -6.31472333 -6.31472333 -6.31472333 -504.931667 -504.931667 -504.931667
          -696.466667 -696.466667 -696.466667 -993.005333 -993.005333 -993.005333 -1207.58867 -1207.58867 -1207.58867
          -446.174 -446.174 -446.174 -516.286 -516.286 -516.286 -1696.13 -1696.13 -1696.13
          -1397.51333 -1397.51333 -1397.51333 -583.709333 -583.709333 -583.709333 -303.536667 -303.536667 -303.536667
          -372.610667 -372.610667 -372.610667 -124.2216 -124.2216 -124.2216 -240.473 -240.473 -240.473
          -520.645667 -520.645667 -520.645667 -582.972 -582.972 -582.972 -1508.82333 -1508.82333 -1508.82333
          -1765.57667 -1765.57667 -1765.57667 -1038.904 -1038.904 -1038.904 -866.184 -866.184 -866.184
          -389.464667 -389.464667 -389.464667 -134.027267 -134.027267 -134.027267 223.851167 223.851167 223.851167
          340.209333 340.209333 340.209333 -191.656 -191.656 -191.656 1315.58233 1315.58233 1315.58233
          1053.701 1053.701 1053.701 -157.033667 -157.033667 -157.033667 -503.134 -503.134 -503.134
          -637.450667 -637.450667 -637.450667 -611.273333 -611.273333 -611.273333 -710.248 -710.248 -710.248
          -1608.62 -1608.62 -1608.62 -1564.92 -1564.92 -1564.92 -941.679667 -941.679667 -941.679667
          -1176.01067 -1176.01067 -1176.01067 -1489.584 -1489.584 -1489.584 -1386.98067 -1386.98067 -1386.98067
          -1654.7 -1654.7 -1654.7 -1011.769 -1011.769 -1011.769 -1289.8 -1289.8 -1289.8
          -1224.94633 -1224.94633 -1224.94633 -1429.06867 -1429.06867 -1429.06867 -1223.38867 -1223.38867 -1223.38867
          -1145.64933 -1145.64933 -1145.64933 -1288.61933 -1288.61933 -1288.61933 -1563.81 -1563.81 -1563.81
          481.242 481.242 481.242 -140.634667 -140.634667 -140.634667 -1338.94333 -1338.94333 -1338.94333
          -1217.30333 -1217.30333 -1217.30333 2065.04333 2065.04333 2065.04333 1283.54967 1283.54967 1283.54967
          -1322.19133 -1322.19133 -1322.19133 -932.122 -932.122 -932.122 -965.155333 -965.155333 -965.155333
          -1405.27733 -1405.27733 -1405.27733 -1100.16867 -1100.16867 -1100.16867 -1230.49867 -1230.49867 -1230.49867
          -1570.92 -1570.92 -1570.92 -713.849333 -713.849333 -713.849333 -949.294667 -949.294667 -949.294667
          -1748.381 -1748.381 -1748.381 -1229.56467 -1229.56467 -1229.56467 -2199.19333 -2199.19333 -2199.19333
          -2229.23667 -2229.23667 -2229.23667 -1500.355 -1500.355 -1500.355 -1265.36833 -1265.36833 -1265.36833
          -2663.06333 -2663.06333 -2663.06333 -1900.491 -1900.491 -1900.491 -1849.941 -1849.941 -1849.941
          -2690.61333 -2690.61333 -2690.61333 -2813.88667 -2813.88667 -2813.88667 -1395.61667 -1395.61667 -1395.61667
          -1381.92 -1381.92 -1381.92 -1372.74667 -1372.74667 -1372.74667 -1275.17333 -1275.17333 -1275.17333
          -2028.16667 -2028.16667 -2028.16667 -1979.93667 -1979.93667 -1979.93667 -2129.03667 -2129.03667 -2129.03667
          -2409.44 -2409.44 -2409.44 -2118.86 -2118.86 -2118.86 -2470.86667 -2470.86667 -2470.86667
          -1660.45667 -1660.45667 -1660.45667 -2066.37333 -2066.37333 -2066.37333 -1482.02667 -1482.02667 -1482.02667
          -1081.906 -1081.906 -1081.906 -249.985667 -249.985667 -249.985667 -686.264333 -686.264333 -686.264333
          -1205.39933 -1205.39933 -1205.39933 -310.315333 -310.315333 -310.315333 -218.829033 -218.829033 -218.829033
          717.442333 717.442333 717.442333 323.039 323.039 323.039 -1046.215 -1046.215 -1046.215
          -1183.26667 -1183.26667 -1183.26667 -996.657667 -996.657667 -996.657667 -632.413 -632.413 -632.413
          -837.879333 -837.879333 -837.879333 -1060.271 -1060.271 -1060.271 259.806333 259.806333 259.806333
          265.463333 265.463333 265.463333 -1155.34667 -1155.34667 -1155.34667 -1266.65667 -1266.65667 -1266.65667
          -1277.31667 -1277.31667 -1277.31667 -1473.96667 -1473.96667 -1473.96667 632.698 632.698 632.698
          98.0116667 98.0116667 98.0116667 745.684 745.684 745.684 908.209 908.209 908.209
          -834.912667 -834.912667 -834.912667 -878.771333 -878.771333 -878.771333 -636.468333 -636.468333 -636.468333
          -745.745667 -745.745667 -745.745667 -1379.36667 -1379.36667 -1379.36667 -1469.69667 -1469.69667 -1469.69667
          -1063.00733 -1063.00733 -1063.00733 -1705.30233 -1705.30233 -1705.30233 -981.452667 -981.452667 -981.452667
          -1254.76267 -1254.76267 -1254.76267 -1459.19767 -1459.19767 -1459.19767 2237.371 2237.371 2237.371
          1343.87267 1343.87267 1343.87267 368.041667 368.041667 368.041667 -271.791667 -271.791667 -271.791667
          783.063767 783.063767 783.063767 634.755767 634.755767 634.755767 -644.074233 -644.074233 -644.074233
          -937.417567 -937.417567 -937.417567 -2319.96 -2319.96 -2319.96 -2279.95667 -2279.95667 -2279.95667
          -2526.42333 -2526.42333 -2526.42333 -1942.44 -1942.44 -1942.44 -1670.63 -1670.63 -1670.63
          -1727.30333 -1727.30333 -1727.30333 -1689.39 -1689.39 -1689.39 -2069.69333 -2069.69333 -2069.69333
          -1872.89333 -1872.89333 -1872.89333 1321.75167 1321.75167 1321.75167 341.841667 341.841667 341.841667
          -176.193333 -176.193333 -176.193333 1321.26433 1321.26433 1321.26433 1913.16767 1913.16767 1913.16767
          1456.04167 1456.04167 1456.04167 935.353 935.353 935.353 -1195.75067 -1195.75067 -1195.75067
          -1282.694 -1282.694 -1282.694 -823.722 -823.722 -823.722 -751.103 -751.103 -751.103
          -2910.96 -2910.96 -2910.96 -2757.64333 -2757.64333 -2757.64333 -1290.18667 -1290.18667 -1290.18667
          -1264.342 -1264.342 -1264.342 -1339.061 -1339.061 -1339.061 -711.307333 -711.307333 -711.307333
          -219.723 -219.723 -219.723 -424.178667 -424.178667 -424.178667 -386.719667 -386.719667 -386.719667
          -150.191 -150.191 -150.191 -1029.743 -1029.743 -1029.743 -1147.50767 -1147.50767 -1147.50767
          -2267.03 -2267.03 -2267.03 -1720.45867 -1720.45867 -1720.45867 -1533.78467 -1533.78467 -1533.78467
          -1957.08267 -1957.08267 -1957.08267 -1074.81667 -1074.81667 -1074.81667 -1080.47 -1080.47 -1080.47
          -1060.329 -1060.329 -1060.329 -1220.88367 -1220.88367 -1220.88367 -1151.499 -1151.499 -1151.499
          -1266.22033 -1266.22033 -1266.22033 -1490.35333 -1490.35333 -1490.35333 -1876.37 -1876.37 -1876.37
          -634.538 -634.538 -634.538 -916.9 -916.9 -916.9 -1492.20333 -1492.20333 -1492.20333
          -1297.71333 -1297.71333 -1297.71333 -1087.99667 -1087.99667 -1087.99667 -930.596 -930.596 -930.596
          -128.1247 -128.1247 -128.1247 -174.705333 -174.705333 -174.705333 -670.897333 -670.897333 -670.897333
          -1080.04767 -1080.04767 -1080.04767 -259.122667 -259.122667 -259.122667 -280.183333 -280.183333 -280.183333
          -617.298 -617.298 -617.298 -989.004333 -989.004333 -989.004333 -249.985667 -249.985667 -249.985667
          -397.341333 -397.341333 -397.341333 -60.2266667 -60.2266667 -60.2266667 45.1446333 45.1446333 45.1446333
          270.191667 270.191667 270.191667 232.461667 232.461667 232.461667 -348.970333 -348.970333 -348.970333
          539.608 539.608 539.608 662.326667 662.326667 662.326667 0.941333333 0.941333333 0.941333333
          1723.77467 1723.77467 1723.77467 1457.073 1457.073 1457.073 -218.883667 -218.883667 -218.883667
          -224.540667 -224.540667 -224.540667 -1187.47 -1187.47 -1187.47 -1146.92 -1146.92 -1146.92
          -849.079667 -849.079667 -849.079667 -802.484 -802.484 -802.484 -45.5597 -45.5597 -45.5597
          94.8323333 94.8323333 94.8323333 2697.24333 2697.24333 2697.24333 2422.43333 2422.43333 2422.43333
          2389.24667 2389.24667 2389.24667 2037.26 2037.26 2037.26 1489.10333 1489.10333 1489.10333
          1222.12133 1222.12133 1222.12133 -647.636333 -647.636333 -647.636333 -694.176 -694.176 -694.176
          -1596.03267 -1596.03267 -1596.03267 -1674.84267 -1674.84267 -1674.84267 -1037.01767 -1037.01767 -1037.01767
          -1143.35533 -1143.35533 -1143.35533 -1216.712 -1216.712 -1216.712 -1102.94767 -1102.94767 -1102.94767
          -1158.077 -1158.077 -1158.077 -1062.721 -1062.721 -1062.721 -788.414333 -788.414333 -788.414333
          -834.34 -834.34 -834.34 -942.998667 -942.998667 -942.998667 -985.432333 -985.432333 -985.432333
          -756.877333 -756.877333 -756.877333 -2216.01333 -2216.01333 -2216.01333 -2166.05333 -2166.05333 -2166.05333
          -1044.237 -1044.237 -1044.237 -1336.03333 -1336.03333 -1336.03333 -539.259 -539.259 -539.259
          -568.773 -568.773 -568.773 -630.386 -630.386 -630.386 -572.952667 -572.952667 -572.952667
          -571.127 -571.127 -571.127 -952.785667 -952.785667 -952.785667 -1243.105 -1243.105 -1243.105
          -1463.838 -1463.838 -1463.838 -727.461333 -727.461333 -727.461333 -770.55 -770.55 -770.55
          -1272.06633 -1272.06633 -1272.06633 -970.171 -970.171 -970.171 -1069.206 -1069.206 -1069.206
          -1129.265 -1129.265 -1129.265 -2485.84 -2485.84 -2485.84 -2564.65 -2564.65 -2564.65
          -725.106 -725.106 -725.106 -1066.68233 -1066.68233 -1066.68233 -2236.57 -2236.57 -2236.57
          -2265.42 -2265.42 -2265.42 -981.459 -981.459 -981.459 -1392.731 -1392.731 -1392.731
          -1064.861 -1064.861 -1064.861 -1037.11133 -1037.11133 -1037.11133 -1727.83033 -1727.83033 -1727.83033
          -1458.11033 -1458.11033 -1458.11033 -1113.68233 -1113.68233 -1113.68233 -1170.53867 -1170.53867 -1170.53867
          466.782 466.782 466.782 538.445667 538.445667 538.445667 -1330.86433 -1330.86433 -1330.86433
          -740.384333 -740.384333 -740.384333 -2184.93667 -2184.93667 -2184.93667 -2228.12 -2228.12 -2228.12
          -1693.68 -1693.68 -1693.68 -255.241567 -255.241567 -255.241567 -696.8929 -696.8929 -696.8929
          714.894 714.894 714.894 1455.55433 1455.55433 1455.55433 -562.173667 -562.173667 -562.173667
          -102.952333 -102.952333 -102.952333 -1360.28067 -1360.28067 -1360.28067 -1223.381 -1223.381 -1223.381
          -839.368667 -839.368667 -839.368667 -730.153 -730.153 -730.153 -955.226 -955.226 -955.226
          -915.939667 -915.939667 -915.939667 -512.877667 -512.877667 -512.877667 -633.581333 -633.581333 -633.581333
          -1056.16333 -1056.16333 -1056.16333 -1084.31 -1084.31 -1084.31 -564.840667 -564.840667 -564.840667
          -473.517333 -473.517333 -473.517333 -673.025667 -673.025667 -673.025667 -531.788333 -531.788333 -531.788333
          -1147.56667 -1147.56667 -1147.56667 -1210.63333 -1210.63333 -1210.63333 -693.437 -693.437 -693.437
          -678.087667 -678.087667 -678.087667 -960.728333 -960.728333 -960.728333 -1341.87433 -1341.87433 -1341.87433
          -881.806667 -881.806667 -881.806667 -1185.41667 -1185.41667 -1185.41667 -1650.909 -1650.909 -1650.909
          -1163.45667 -1163.45667 -1163.45667 -478.371 -478.371 -478.371 -434.581333 -434.581333 -434.581333
          -730.020667 -730.020667 -730.020667 -744.43 -744.43 -744.43 -698.647 -698.647 -698.647
          -760.324333 -760.324333 -760.324333 -492.428 -492.428 -492.428 -693.331333 -693.331333 -693.331333
          -540.352667 -540.352667 -540.352667 -607.485667 -607.485667 -607.485667 -708.044667 -708.044667 -708.044667
          -581.245667 -581.245667 -581.245667 -895.188333 -895.188333 -895.188333 -953.423667 -953.423667 -953.423667
          -987.256667 -987.256667 -987.256667 -1000.19833 -1000.19833 -1000.19833 27.8288 27.8288 27.8288
          -579.796533 -579.796533 -579.796533 -377.809333 -377.809333 -377.809333 193.117 193.117 193.117
          -859.430333 -859.430333 -859.430333 -757.857667 -757.857667 -757.857667 -942.904 -942.904 -942.904
          -893.263333 -893.263333 -893.263333 800.540333 800.540333 800.540333 476.178667 476.178667 476.178667
          -1433.53333 -1433.53333 -1433.53333 -1550.88 -1550.88 -1550.88 -1285.86 -1285.86 -1285.86
          -1388.20333 -1388.20333 -1388.20333 -1157.34333 -1157.34333 -1157.34333 -1533.13333 -1533.13333 -1533.13333
          -434.93 -434.93 -434.93 -416.059 -416.059 -416.059 568.190667 568.190667 568.190667
          162.298333 162.298333 162.298333 -645.833 -645.833 -645.833 -1357.24267 -1357.24267 -1357.24267
          -1149.94267 -1149.94267 -1149.94267 -762.413333 -762.413333 -762.413333 2257.58333 2257.58333 2257.58333
          1833.943 1833.943 1833.943 1957.6568 1957.6568 1957.6568 1200.99647 1200.99647 1200.99647
          -377.236867 -377.236867 -377.236867 -1286.53653 -1286.53653 -1286.53653 155.802 155.802 155.802
          -531.378 -531.378 -531.378 -86.8793333 -86.8793333 -86.8793333 851.072667 851.072667 851.072667
          903.465667 903.465667 903.465667 2214.52667 2214.52667 2214.52667 2547.54667 2547.54667 2547.54667
          1959.66 1959.66 1959.66 1232.61867 1232.61867 1232.61867 -1877.60333 -1877.60333 -1877.60333
          -1714.53667 -1714.53667 -1714.53667 -1622.73333 -1622.73333 -1622.73333 -1976.08667 -1976.08667 -1976.08667
          -2022.38333 -2022.38333 -2022.38333 -1883.51 -1883.51 -1883.51 -918.137667 -918.137667 -918.137667
          -863.577333 -863.577333 -863.577333 -658.046 -658.046 -658.046 -967.195667 -967.195667 -967.195667
          -873.693333 -873.693333 -873.693333 -668.162 -668.162 -668.162 -536.916333 -536.916333 -536.916333
          -1145.92667 -1145.92667 -1145.92667 -1196.42333 -1196.42333 -1196.42333 -1174.93333 -1174.93333 -1174.93333
          -1242.35667 -1242.35667 -1242.35667 -604.336333 -604.336333 -604.336333 -650.792 -650.792 -650.792
          -493.809667 -493.809667 -493.809667 -442.777667 -442.777667 -442.777667 -1442.861 -1442.861 -1442.861
          -1383.43433 -1383.43433 -1383.43433 712.043467 712.043467 712.043467 1017.44947 1017.44947 1017.44947
          -839.0292 -839.0292 -839.0292 -536.809867 -536.809867 -536.809867 -3034.24333 -3034.24333 -3034.24333
          -2004.92767 -2004.92767 -2004.92767 -1077.50933 -1077.50933 -1077.50933 -1253.30767 -1253.30767 -1253.30767
          979.4118 979.4118 979.4118 -274.8842 -274.8842 -274.8842 -1303.38253 -1303.38253 -1303.38253
          -1715.04653 -1715.04653 -1715.04653 1207.71233 1207.71233 1207.71233 301.924667 301.924667 301.924667
          -379.891 -379.891 -379.891 1517.599 1517.599 1517.599 1182.73767 1182.73767 1182.73767
          1419.845 1419.845 1419.845 1062.89833 1062.89833 1062.89833 -1354.53333 -1354.53333 -1354.53333
          -1202.13667 -1202.13667 -1202.13667 -1654.08 -1654.08 -1654.08 -1389.802 -1389.802 -1389.802
          -107.987 -107.987 -107.987 218.186333 218.186333 218.186333 -1234.07 -1234.07 -1234.07
          -1149.97 -1149.97 -1149.97 -1989.62667 -1989.62667 -1989.62667 -1039.08567 -1039.08567 -1039.08567
          -153.284667 -153.284667 -153.284667 -403.426333 -403.426333 -403.426333 426.343 426.343 426.343
          896.460333 896.460333 896.460333 -571.079333 -571.079333 -571.079333 -689.507333 -689.507333 -689.507333
          -1170.91667 -1170.91667 -1170.91667 -1400.86667 -1400.86667 -1400.86667 -1123.47233 -1123.47233 -1123.47233
          -518.061333 -518.061333 -518.061333 913.888667 913.888667 913.888667 367.739667 367.739667 367.739667
          -932.831 -932.831 -932.831 -1169.74233 -1169.74233 -1169.74233 476.178667 476.178667 476.178667
          -114.108333 -114.108333 -114.108333 -1635.08333 -1635.08333 -1635.08333 -2081.53 -2081.53 -2081.53
          -2430.84333 -2430.84333 -2430.84333 -2443.10333 -2443.10333 -2443.10333 -2156.99667 -2156.99667 -2156.99667
          -2110.72667 -2110.72667 -2110.72667 -2093.79 -2093.79 -2093.79 -1835.05 -1835.05 -1835.05
          -950.146667 -950.146667 -950.146667 -1248.01333 -1248.01333 -1248.01333 -1635.51333 -1635.51333 -1635.51333
          -2023.63667 -2023.63667 -2023.63667 -1581.83667 -1581.83667 -1581.83667 -1496.47333 -1496.47333 -1496.47333
          -243.155167 -243.155167 -243.155167 -378.398833 -378.398833 -378.398833 -776.931 -776.931 -776.931
          -689.364 -689.364 -689.364 -581.460667 -581.460667 -581.460667 -700.299333 -700.299333 -700.299333
          -1137.79167 -1137.79167 -1137.79167 -1484.37 -1484.37 -1484.37 -1490.27667 -1490.27667 -1490.27667
          -1431.26 -1431.26 -1431.26 -94.0356667 -94.0356667 -94.0356667 -402.321333 -402.321333 -402.321333
          -265.326667 -265.326667 -265.326667 114.121 114.121 114.121 -886.330667 -886.330667 -886.330667
          -702.819 -702.819 -702.819 537.027 537.027 537.027 960.667333 960.667333 960.667333
          582.335667 582.335667 582.335667 -165.185 -165.185 -165.185 -77.7535 -77.7535 -77.7535
          256.874833 256.874833 256.874833 -314.3125 -314.3125 -314.3125 155.5595 155.5595 155.5595
          1440.82167 1440.82167 1440.82167 1099.19333 1099.19333 1099.19333 -777.345333 -777.345333 -777.345333
          -845.592 -845.592 -845.592 -1074.47867 -1074.47867 -1074.47867 -1112.04533 -1112.04533 -1112.04533
          -1089.58233 -1089.58233 -1089.58233 -1095.42533 -1095.42533 -1095.42533 -1093.332 -1093.332 -1093.332
          -981.675667 -981.675667 -981.675667 -638.138333 -638.138333 -638.138333 -862.886333 -862.886333 -862.886333
          -1071.28467 -1071.28467 -1071.28467 -1160.72333 -1160.72333 -1160.72333 -956.206667 -956.206667 -956.206667
          -949.774333 -949.774333 -949.774333 -971.540667 -971.540667 -971.540667 -1014.334 -1014.334 -1014.334
          -1041.61733 -1041.61733 -1041.61733 -986.254 -986.254 -986.254 -1350.62667 -1350.62667 -1350.62667
          -1200.197 -1200.197 -1200.197 -1039.40033 -1039.40033 -1039.40033 -788.614333 -788.614333 -788.614333
          -569.488 -569.488 -569.488 -545.692333 -545.692333 -545.692333 -586.585333 -586.585333 -586.585333
          -543.999667 -543.999667 -543.999667 -2781.02667 -2781.02667 -2781.02667 -2320.42667 -2320.42667 -2320.42667
          -1565.56 -1565.56 -1565.56 -1965.44667 -1965.44667 -1965.44667 -1285.4 -1285.4 -1285.4
          -1594.87 -1594.87 -1594.87 -1790.25333 -1790.25333 -1790.25333 -1876.57333 -1876.57333 -1876.57333
          -1546.84667 -1546.84667 -1546.84667 464.206667 464.206667 464.206667 545.490333 545.490333 545.490333
          -1272.099 -1272.099 -1272.099 -703.363 -703.363 -703.363 -2872.69333 -2872.69333 -2872.69333
          -2630.11667 -2630.11667 -2630.11667 -2681.53 -2681.53 -2681.53 -2670.89 -2670.89 -2670.89
          651.234 651.234 651.234 1372.785 1372.785 1372.785 -1774.03333 -1774.03333 -1774.03333
          -1659.91333 -1659.91333 -1659.91333 -2234.10667 -2234.10667 -2234.10667 -2152.84333 -2152.84333 -2152.84333
          -915.534667 -915.534667 -915.534667 -1317.21433 -1317.21433 -1317.21433 -922.930667 -922.930667 -922.930667
          -770.557333 -770.557333 -770.557333
        </DataArray>
        <DataArray type="Float32" Name="pressureCoeff" format="ascii">
          0.489792333 0.489792333 0.489792333 0.423945667 0.423945667 0.423945667 -0.251140333 -0.251140333 -0.251140333
          -0.251323 -0.251323 -0.251323 -0.261268 -0.261268 -0.261268 -0.256053667 -0.256053667 -0.256053667
          -0.258447667 -0.258447667 -0.258447667 -0.264393 -0.264393 -0.264393 -0.0282990333 -0.0282990333 -0.0282990333
          -0.0147353123 -0.0147353123 -0.0147353123 -0.102011979 -0.102011979 -0.102011979 -0.244537667 -0.244537667 -0.244537667
          -0.243542667 -0.243542667 -0.243542667 -0.241756 -0.241756 -0.241756 -0.238183333 -0.238183333 -0.238183333
          -0.243072 -0.243072 -0.243072 -0.245984 -0.245984 -0.245984 -0.141772 -0.141772 -0.141772
          -0.162232667 -0.162232667 -0.162232667 -0.244757333 -0.244757333 -0.244757333 -0.246106333 -0.246106333 -0.246106333
          -0.251019667 -0.251019667 -0.251019667 -0.251301 -0.251301 -0.251301 -0.240677333 -0.240677333 -0.240677333
          -0.242970667 -0.242970667 -0.242970667 -0.162518333 -0.162518333 -0.162518333 -0.142362 -0.142362 -0.142362
          -0.0729205 -0.0729205 -0.0729205 -0.0514277 -0.0514277 -0.0514277 -0.249990667 -0.249990667 -0.249990667
          -0.249454 -0.249454 -0.249454 -0.261768667 -0.261768667 -0.261768667 -0.257115333 -0.257115333 -0.257115333
          -0.250900333 -0.250900333 -0.250900333 -0.252854667 -0.252854667 -0.252854667 -0.150010667 -0.150010667 -0.150010667
          -0.172771 -0.172771 -0.172771 -0.0426888667 -0.0426888667 -0.0426888667 -0.0539540667 -0.0539540667 -0.0539540667
          -0.116590233 -0.116590233 -0.116590233 -0.176258 -0.176258 -0.176258 -0.152824667 -0.152824667 -0.152824667
          -0.247442 -0.247442 -0.247442 -0.246528333 -0.246528333 -0.246528333 -0.214765 -0.214765 -0.214765
          0.170264667 0.170264667 0.170264667 0.0865163543 0.0865163543 0.0865163543 0.100365021 0.100365021 0.100365021
          0.172245667 0.172245667 0.172245667 -0.221843667 -0.221843667 -0.221843667 -0.223499333 -0.223499333 -0.223499333
          -0.191402667 -0.191402667 -0.191402667 -0.106792233 -0.106792233 -0.106792233 -0.114241033 -0.114241033 -0.114241033
          -0.232092667 -0.232092667 -0.232092667 -0.228169 -0.228169 -0.228169 -0.195194667 -0.195194667 -0.195194667
          -0.1144065 -0.1144065 -0.1144065 -0.106779333 -0.106779333 -0.106779333 -0.206957 -0.206957 -0.206957
          -0.240285667 -0.240285667 -0.240285667 -0.243521333 -0.243521333 -0.243521333 -0.110782667 -0.110782667 -0.110782667
          -0.119247667 -0.119247667 -0.119247667 -0.121307667 -0.121307667 -0.121307667 -0.112655 -0.112655 -0.112655
          0.184181667 0.184181667 0.184181667 0.222605 0.222605 0.222605 0.200050333 0.200050333 0.200050333
          0.229304 0.229304 0.229304 0.357015 0.357015 0.357015 0.383728 0.383728 0.383728
          0.523357667 0.523357667 0.523357667 0.573895 0.573895 0.573895 0.100221833 0.100221833 0.100221833
          0.176859033 0.176859033 0.176859033 0.1206696 0.1206696 0.1206696 0.2240198 0.2240198 0.2240198
          0.394844667 0.394844667 0.394844667 0.383441 0.383441 0.383441 0.1247417 0.1247417 0.1247417
          0.203285033 0.203285033 0.203285033 0.161926 0.161926 0.161926 0.251873 0.251873 0.251873
          0.318360333 0.318360333 0.318360333 0.347026 0.347026 0.347026 0.422042333 0.422042333 0.422042333
          0.507881 0.507881 0.507881 0.1621318 0.1621318 0.1621318 0.249145133 0.249145133 0.249145133
          0.194737 0.194737 0.194737 0.257271333 0.257271333 0.257271333 0.320561 0.320561 0.320561
          0.418821333 0.418821333 0.418821333 0.263928 0.263928 0.263928 0.296341667 0.296341667 0.296341667
          0.262192 0.262192 0.262192 0.285436 0.285436 0.285436 -0.156776 -0.156776 -0.156776
          -0.182970333 -0.182970333 -0.182970333 -0.192486667 -0.192486667 -0.192486667 -0.171983667 -0.171983667 -0.171983667
          -0.186761667 -0.186761667 -0.186761667 -0.159886 -0.159886 -0.159886 0.11702958 0.11702958 0.11702958
          0.10459258 0.10459258 0.10459258 0.0191482133 0.0191482133 0.0191482133 -0.0676464533 -0.0676464533 -0.0676464533
          -0.0978600867 -0.0978600867 -0.0978600867 -0.0732693333 -0.0732693333 -0.0732693333 -0.029065979 -0.029065979 -0.029065979
          -0.184342667 -0.184342667 -0.184342667 -0.200821333 -0.200821333 -0.200821333 -0.207164 -0.207164 -0.207164
          -0.195359667 -0.195359667 -0.195359667 -0.19604 -0.19604 -0.19604 -0.181592667 -0.181592667 -0.181592667
          -0.140665333 -0.140665333 -0.140665333 -0.157466667 -0.157466667 -0.157466667 -0.158883 -0.158883 -0.158883
          -0.141605 -0.141605 -0.141605 -0.194555 -0.194555 -0.194555 -0.161316 -0.161316 -0.161316
          -0.1287404 -0.1287404 -0.1287404 -0.175418333 -0.175418333 -0.175418333 -0.193489 -0.193489 -0.193489
          -0.0870324 -0.0870324 -0.0870324 -0.0286381667 -0.0286381667 -0.0286381667 -0.0118952 -0.0118952 -0.0118952
          -0.0620105 -0.0620105 -0.0620105 -0.145367667 -0.145367667 -0.145367667 -0.182365 -0.182365 -0.182365
          -0.0247928 -0.0247928 -0.0247928 -0.0824714333 -0.0824714333 -0.0824714333 -0.0690325 -0.0690325 -0.0690325
          -0.204496 -0.204496 -0.204496 -0.192176333 -0.192176333 -0.192176333 -0.200814667 -0.200814667 -0.200814667
          -0.184940333 -0.184940333 -0.184940333 -0.181328667 -0.181328667 -0.181328667 -0.193160333 -0.193160333 -0.193160333
          -0.158064333 -0.158064333 -0.158064333 -0.141462667 -0.141462667 -0.141462667 -0.141527667 -0.141527667 -0.141527667
          -0.159354 -0.159354 -0.159354 -0.0901613667 -0.0901613667 -0.0901613667 -0.0450198667 -0.0450198667 -0.0450198667
          -0.0817661667 -0.0817661667 -0.0817661667 -0.130467333 -0.130467333 -0.130467333 -0.167195667 -0.167195667 -0.167195667
          -0.196270667 -0.196270667 -0.196270667 -0.159954667 -0.159954667 -0.159954667 -0.192589333 -0.192589333 -0.192589333
          -0.176405 -0.176405 -0.176405 -0.150189667 -0.150189667 -0.150189667 -0.0105667867 -0.0105667867 -0.0105667867
          0.0215617467 0.0215617467 0.0215617467 0.0655059133 0.0655059133 0.0655059133 -0.0912737533 -0.0912737533 -0.0912737533
          -0.0592679533 -0.0592679533 -0.0592679533 -0.199261333 -0.199261333 -0.199261333 -0.202477 -0.202477 -0.202477
          -0.185220333 -0.185220333 -0.185220333 -0.195837333 -0.195837333 -0.195837333 -0.199030667 -0.199030667 -0.199030667
          -0.189861667 -0.189861667 -0.189861667 -0.147151667 -0.147151667 -0.147151667 -0.162510667 -0.162510667 -0.162510667
          -0.166601 -0.166601 -0.166601 -0.149279667 -0.149279667 -0.149279667 -0.186038333 -0.186038333 -0.186038333
          -0.165158333 -0.165158333 -0.165158333 -0.179398667 -0.179398667 -0.179398667 -0.146231667 -0.146231667 -0.146231667
          -0.156385 -0.156385 -0.156385 -0.181366333 -0.181366333 -0.181366333 -0.0349163667 -0.0349163667 -0.0349163667
          -0.0697683333 -0.0697683333 -0.0697683333 -0.0878964 -0.0878964 -0.0878964 -0.0732429667 -0.0732429667 -0.0732429667
          -0.0106068 -0.0106068 -0.0106068 0.0486097667 0.0486097667 0.0486097667 0.0659314 0.0659314 0.0659314
          0.0504556333 0.0504556333 0.0504556333 -0.207283 -0.207283 -0.207283 -0.203895667 -0.203895667 -0.203895667
          -0.198248667 -0.198248667 -0.198248667 -0.186438 -0.186438 -0.186438 -0.191224667 -0.191224667 -0.191224667
          -0.202288 -0.202288 -0.202288 -0.164463333 -0.164463333 -0.164463333 -0.149453333 -0.149453333 -0.149453333
          -0.151389667 -0.151389667 -0.151389667 -0.167964 -0.167964 -0.167964 -0.134818 -0.134818 -0.134818
          -0.149665 -0.149665 -0.149665 -0.164127667 -0.164127667 -0.164127667 -0.137700667 -0.137700667 -0.137700667
          -0.152787667 -0.152787667 -0.152787667 -0.136368 -0.136368 -0.136368 -0.193542 -0.193542 -0.193542
          -0.229504667 -0.229504667 -0.229504667 -0.233443333 -0.233443333 -0.233443333 -0.198312 -0.198312 -0.198312
          -0.146733667 -0.146733667 -0.146733667 -0.1264 -0.1264 -0.1264 -0.135204167 -0.135204167 -0.135204167
          -0.1235265 -0.1235265 -0.1235265 -0.124912667 -0.124912667 -0.124912667 -0.138507 -0.138507 -0.138507
          -0.205182333 -0.205182333 -0.205182333 -0.173846667 -0.173846667 -0.173846667 -0.180033667 -0.180033667 -0.180033667
          -0.210975333 -0.210975333 -0.210975333 -0.101152533 -0.101152533 -0.101152533 -0.0984319667 -0.0984319667 -0.0984319667
          -0.101089567 -0.101089567 -0.101089567 -0.103129867 -0.103129867 -0.103129867 -0.0988474667 -0.0988474667 -0.0988474667
          -0.101642533 -0.101642533 -0.101642533 -0.104864133 -0.104864133 -0.104864133 -0.113134367 -0.113134367 -0.113134367
          -0.113695533 -0.113695533 -0.113695533 -0.1053308 -0.1053308 -0.1053308 0.0271085667 0.0271085667 0.0271085667
          0.0458897333 0.0458897333 0.0458897333 0.0663375 0.0663375 0.0663375 0.0671986 0.0671986 0.0671986
          -0.125219833 -0.125219833 -0.125219833 -0.1364455 -0.1364455 -0.1364455 -0.151729 -0.151729 -0.151729
          -0.127883 -0.127883 -0.127883 -0.14601 -0.14601 -0.14601 -0.129650333 -0.129650333 -0.129650333
          -0.220916667 -0.220916667 -0.220916667 -0.189887 -0.189887 -0.189887 -0.175088 -0.175088 -0.175088
          -0.207703 -0.207703 -0.207703 -0.102111 -0.102111 -0.102111 -0.104440833 -0.104440833 -0.104440833
          -0.0986051 -0.0986051 -0.0986051 -0.101777667 -0.101777667 -0.101777667 -0.1034745 -0.1034745 -0.1034745
          -0.100478633 -0.100478633 -0.100478633 -0.113507167 -0.113507167 -0.113507167 -0.105037267 -0.105037267 -0.105037267
          -0.106079967 -0.106079967 -0.106079967 -0.113744167 -0.113744167 -0.113744167 0.0192868333 0.0192868333 0.0192868333
          0.0361618667 0.0361618667 0.0361618667 -0.158712 -0.158712 -0.158712 -0.135551 -0.135551 -0.135551
          -0.142191333 -0.142191333 -0.142191333 -0.129754333 -0.129754333 -0.129754333 -0.134454 -0.134454 -0.134454
          -0.151491333 -0.151491333 -0.151491333 -0.197015667 -0.197015667 -0.197015667 -0.230855 -0.230855 -0.230855
          -0.219526 -0.219526 -0.219526 -0.183718 -0.183718 -0.183718 -0.106955667 -0.106955667 -0.106955667
          -0.104822 -0.104822 -0.104822 -0.103574 -0.103574 -0.103574 -0.0996216 -0.0996216 -0.0996216
          -0.102632 -0.102632 -0.102632 -0.106140333 -0.106140333 -0.106140333 -0.106104933 -0.106104933 -0.106104933
          -0.116388667 -0.116388667 -0.116388667 -0.118054333 -0.118054333 -0.118054333 -0.108585333 -0.108585333 -0.108585333
          0.117343833 0.117343833 0.117343833 0.0693924667 0.0693924667 0.0693924667 0.0771649667 0.0771649667 0.0771649667
          0.170264667 0.170264667 0.170264667 -0.106565 -0.106565 -0.106565 -0.109245667 -0.109245667 -0.109245667
          -0.101854467 -0.101854467 -0.101854467 -0.106363 -0.106363 -0.106363 -0.107260333 -0.107260333 -0.107260333
          -0.103134333 -0.103134333 -0.103134333 -0.117936333 -0.117936333 -0.117936333 -0.1074558 -0.1074558 -0.1074558
          -0.109087667 -0.109087667 -0.109087667 -0.119303667 -0.119303667 -0.119303667 -0.338750333 -0.338750333 -0.338750333
          -0.413604333 -0.413604333 -0.413604333 -0.521784667 -0.521784667 -0.521784667 -0.505734667 -0.505734667 -0.505734667
          -0.462906333 -0.462906333 -0.462906333 -0.449503333 -0.449503333 -0.449503333 -0.440563667 -0.440563667 -0.440563667
          -0.447039667 -0.447039667 -0.447039667 -0.012072 -0.012072 -0.012072 0.0387237333 0.0387237333 0.0387237333
          -0.220888933 -0.220888933 -0.220888933 -0.338750333 -0.338750333 -0.338750333 0.443158833 0.443158833 0.443158833
          0.492065167 0.492065167 0.492065167 0.493482267 0.493482267 0.493482267 0.4736356 0.4736356 0.4736356
          0.783765667 0.783765667 0.783765667 0.863872667 0.863872667 0.863872667 0.896086333 0.896086333 0.896086333
          -0.514646667 -0.514646667 -0.514646667 -0.500518667 -0.500518667 -0.500518667 0.471913367 0.471913367 0.471913367
          0.5268287 0.5268287 0.5268287 0.921872667 0.921872667 0.921872667 0.915543333 0.915543333 0.915543333
          0.830931333 0.830931333 0.830931333 0.899774 0.899774 0.899774 -0.219649633 -0.219649633 -0.219649633
          -0.383201967 -0.383201967 -0.383201967 -0.399605333 -0.399605333 -0.399605333 -0.380740333 -0.380740333 -0.380740333
          -0.51823 -0.51823 -0.51823 -0.516071 -0.516071 -0.516071 -0.265845333 -0.265845333 -0.265845333
          -0.245882333 -0.245882333 -0.245882333 -0.533223 -0.533223 -0.533223 -0.522745 -0.522745 -0.522745
          0.724252 0.724252 0.724252 0.845632667 0.845632667 0.845632667 0.835355333 0.835355333 0.835355333
          0.796879 0.796879 0.796879 0.722801667 0.722801667 0.722801667 0.884473 0.884473 0.884473
          0.911375 0.911375 0.911375 0.911942667 0.911942667 0.911942667 0.944078333 0.944078333 0.944078333
          0.927453667 0.927453667 0.927453667 -0.54479 -0.54479 -0.54479 -0.561191 -0.561191 -0.561191
          -0.560313333 -0.560313333 -0.560313333 -0.549984333 -0.549984333 -0.549984333 -0.555079333 -0.555079333 -0.555079333
          -0.417109333 -0.417109333 -0.417109333 -0.397354733 -0.397354733 -0.397354733 -0.556734 -0.556734 -0.556734
          -0.266973333 -0.266973333 -0.266973333 -0.234843733 -0.234843733 -0.234843733 -0.513683 -0.513683 -0.513683
          -0.524403333 -0.524403333 -0.524403333 0.20850124 0.20850124 0.20850124 0.426781533 0.426781533 0.426781533
          -0.376862133 -0.376862133 -0.376862133 -0.19940276 -0.19940276 -0.19940276 0.901443 0.901443 0.901443
          0.908383333 0.908383333 0.908383333 0.950873333 0.950873333 0.950873333 0.949346667 0.949346667 0.949346667
          0.927248 0.927248 0.927248 0.91059 0.91059 0.91059 0.933288333 0.933288333 0.933288333
          0.944532667 0.944532667 0.944532667 -0.488879333 -0.488879333 -0.488879333 -0.509738333 -0.509738333 -0.509738333
          -0.501721 -0.501721 -0.501721 -0.490049333 -0.490049333 -0.490049333 -0.454984 -0.454984 -0.454984
          -0.414515667 -0.414515667 -0.414515667 -0.414955 -0.414955 -0.414955 -0.442773667 -0.442773667 -0.442773667
          -0.458951 -0.458951 -0.458951 -0.512938 -0.512938 -0.512938 -0.496997667 -0.496997667 -0.496997667
          -0.489325667 -0.489325667 -0.489325667 -0.538250667 -0.538250667 -0.538250667 -0.522926667 -0.522926667 -0.522926667
          -0.448687333 -0.448687333 -0.448687333 -0.479875667 -0.479875667 -0.479875667 -0.252930167 -0.252930167 -0.252930167
          -0.394607167 -0.394607167 -0.394607167 0.173059 0.173059 0.173059 -0.079038 -0.079038 -0.079038
          -0.239329833 -0.239329833 -0.239329833 -0.3372395 -0.3372395 -0.3372395 -0.291973733 -0.291973733 -0.291973733
          -0.4288254 -0.4288254 -0.4288254 0.177615467 0.177615467 0.177615467 -0.1142632 -0.1142632 -0.1142632
          -0.289710133 -0.289710133 -0.289710133 -0.393571133 -0.393571133 -0.393571133 -0.3596159 -0.3596159 -0.3596159
          -0.2648649 -0.2648649 -0.2648649 -0.452726 -0.452726 -0.452726 -0.423649 -0.423649 -0.423649
          -0.32042 -0.32042 -0.32042 -0.1503056 -0.1503056 -0.1503056 -0.503638667 -0.503638667 -0.503638667
          -0.522575667 -0.522575667 -0.522575667 -0.518624333 -0.518624333 -0.518624333 -0.521887667 -0.521887667 -0.521887667
          -0.393925 -0.393925 -0.393925 -0.249192267 -0.249192267 -0.249192267 -0.4208726 -0.4208726 -0.4208726
          0.322586667 0.322586667 0.322586667 0.142732733 0.142732733 0.142732733 -0.0860393 -0.0860393 -0.0860393
          0.1484157 0.1484157 0.1484157 0.351773167 0.351773167 0.351773167 0.176673567 0.176673567 0.176673567
          -0.0223811 -0.0223811 -0.0223811 -0.197288167 -0.197288167 -0.197288167 -0.277263933 -0.277263933 -0.277263933
          -0.2579854 -0.2579854 -0.2579854 -0.450821 -0.450821 -0.450821 -0.476462667 -0.476462667 -0.476462667
          -0.423002333 -0.423002333 -0.423002333 -0.420866 -0.420866 -0.420866 -0.451172 -0.451172 -0.451172
          0.670589 0.670589 0.670589 0.653443333 0.653443333 0.653443333 0.3557411 0.3557411 0.3557411
          0.104055767 0.104055767 0.104055767 -0.164121233 -0.164121233 -0.164121233 -0.3194439 -0.3194439 -0.3194439
          0.338340733 0.338340733 0.338340733 0.556376 0.556376 0.556376 0.201781767 0.201781767 0.201781767
          -0.1185809 -0.1185809 -0.1185809 -0.610428667 -0.610428667 -0.610428667 -0.616325333 -0.616325333 -0.616325333
          -0.3105525 -0.3105525 -0.3105525 -0.432870167 -0.432870167 -0.432870167 -0.445350067 -0.445350067 -0.445350067
          -0.317135733 -0.317135733 -0.317135733 -0.553017333 -0.553017333 -0.553017333 -0.556040333 -0.556040333 -0.556040333
          -0.583084333 -0.583084333 -0.583084333 -0.599830667 -0.599830667 -0.599830667 0.767073 0.767073 0.767073
          0.78653 0.78653 0.78653 0.669101333 0.669101333 0.669101333 0.544658333 0.544658333 0.544658333
          -0.595212333 -0.595212333 -0.595212333 -0.569546333 -0.569546333 -0.569546333 -0.374159633 -0.374159633 -0.374159633
          -0.399229967 -0.399229967 -0.399229967 -0.548984667 -0.548984667 -0.548984667 -0.521921333 -0.521921333 -0.521921333
          -0.59173 -0.59173 -0.59173 -0.576028667 -0.576028667 -0.576028667 -0.506486333 -0.506486333 -0.506486333
          -0.524180667 -0.524180667 -0.524180667 0.4361007 0.4361007 0.4361007 0.1723247 0.1723247 0.1723247
          0.159578933 0.159578933 0.159578933 0.440977267 0.440977267 0.440977267 -0.351020067 -0.351020067 -0.351020067
          -0.2135304 -0.2135304 -0.2135304 0.146092 0.146092 0.146092 0.126129 0.126129 0.126129
          0.737862667 0.737862667 0.737862667 0.740203333 0.740203333 0.740203333 -0.562593333 -0.562593333 -0.562593333
          -0.554377 -0.554377 -0.554377 -0.518863 -0.518863 -0.518863 -0.542182333 -0.542182333 -0.542182333
          -0.558711333 -0.558711333 -0.558711333 -0.561715667 -0.561715667 -0.561715667 -0.523701 -0.523701 -0.523701
          -0.505593667 -0.505593667 -0.505593667 0.469627667 0.469627667 0.469627667 0.452577667 0.452577667 0.452577667
          0.1659409 0.1659409 0.1659409 0.678058333 0.678058333 0.678058333 0.394211933 0.394211933 0.394211933
          0.158428267 0.158428267 0.158428267 0.126298667 0.126298667 0.126298667 0.823123 0.823123 0.823123
          0.794862 0.794862 0.794862 -0.362927033 -0.362927033 -0.362927033 -0.19153966 -0.19153966 -0.19153966
          0.412649967 0.412649967 0.412649967 0.21636434 0.21636434 0.21636434 -0.411299333 -0.411299333 -0.411299333
          -0.409602333 -0.409602333 -0.409602333 -0.481820667 -0.481820667 -0.481820667 -0.482541667 -0.482541667 -0.482541667
          -0.441608333 -0.441608333 -0.441608333 -0.466385667 -0.466385667 -0.466385667 -0.469272333 -0.469272333 -0.469272333
          -0.445471 -0.445471 -0.445471 0.769388 0.769388 0.769388 0.840602333 0.840602333 0.840602333
          0.4983386 0.4983386 0.4983386 0.410347267 0.410347267 0.410347267 0.400383433 0.400383433 0.400383433
          0.471685767 0.471685767 0.471685767 0.849749333 0.849749333 0.849749333 0.795224 0.795224 0.795224
          0.865938 0.865938 0.865938 0.804929 0.804929 0.804929 0.666019 0.666019 0.666019
          0.740398 0.740398 0.740398 0.690716 0.690716 0.690716 0.643704667 0.643704667 0.643704667
          0.857201667 0.857201667 0.857201667 0.890843 0.890843 0.890843 -0.582564 -0.582564 -0.582564
          -0.538796667 -0.538796667 -0.538796667 -0.566693333 -0.566693333 -0.566693333 -0.599684 -0.599684 -0.599684
          -0.36163 -0.36163 -0.36163 -0.251751667 -0.251751667 -0.251751667 0.080511 0.080511 0.080511
          0.140747067 0.140747067 0.140747067 -0.3274697 -0.3274697 -0.3274697 -0.193788367 -0.193788367 -0.193788367
          -0.1727191 -0.1727191 -0.1727191 -0.1688231 -0.1688231 -0.1688231 -0.0354158 -0.0354158 -0.0354158
          0.198575867 0.198575867 0.198575867 -0.379547333 -0.379547333 -0.379547333 -0.509332667 -0.509332667 -0.509332667
          -0.376614333 -0.376614333 -0.376614333 -0.294452333 -0.294452333 -0.294452333 -0.245433067 -0.245433067 -0.245433067
          -0.341723067 -0.341723067 -0.341723067 0.103297933 0.103297933 0.103297933 -0.131308733 -0.131308733 -0.131308733
          -0.379734333 -0.379734333 -0.379734333 -0.303920333 -0.303920333 -0.303920333 -0.147620567 -0.147620567 -0.147620567
          0.0933341 0.0933341 0.0933341 0.130073067 0.130073067 0.130073067 0.358819 0.358819 0.358819
          -0.369236667 -0.369236667 -0.369236667 -0.227018 -0.227018 -0.227018 0.336504667 0.336504667 0.336504667
          0.105244667 0.105244667 0.105244667 -0.249067633 -0.249067633 -0.249067633 -0.0860393 -0.0860393 -0.0860393
          -0.398845333 -0.398845333 -0.398845333 -0.441567667 -0.441567667 -0.441567667 0.140309267 0.140309267 0.140309267
          0.121030733 0.121030733 0.121030733 -0.154065 -0.154065 -0.154065 -0.177291333 -0.177291333 -0.177291333
          -0.189682 -0.189682 -0.189682 -0.262050667 -0.262050667 -0.262050667 -0.217789333 -0.217789333 -0.217789333
          -0.196147333 -0.196147333 -0.196147333 -0.230886667 -0.230886667 -0.230886667 -0.280755667 -0.280755667 -0.280755667
          -0.333084333 -0.333084333 -0.333084333 -0.169980333 -0.169980333 -0.169980333 -0.163026333 -0.163026333 -0.163026333
          -0.205989 -0.205989 -0.205989 -0.179795333 -0.179795333 -0.179795333 -0.194811667 -0.194811667 -0.194811667
          -0.189434667 -0.189434667 -0.189434667 -0.244363 -0.244363 -0.244363 -0.261648667 -0.261648667 -0.261648667
          -0.291604333 -0.291604333 -0.291604333 -0.191258767 -0.191258767 -0.191258767 -0.126892 -0.126892 -0.126892
          -0.142591333 -0.142591333 -0.142591333 -0.192873 -0.192873 -0.192873 -0.189816667 -0.189816667 -0.189816667
          -0.168062 -0.168062 -0.168062 -0.159515667 -0.159515667 -0.159515667 -0.172283 -0.172283 -0.172283
          -0.196662 -0.196662 -0.196662 -0.256119333 -0.256119333 -0.256119333 -0.245563 -0.245563 -0.245563
          -0.08094561 -0.08094561 -0.08094561 -0.19724791 -0.19724791 -0.19724791 -0.259215 -0.259215 -0.259215
          -0.198338667 -0.198338667 -0.198338667 -0.171786333 -0.171786333 -0.171786333 -0.254114667 -0.254114667 -0.254114667
          -0.251391 -0.251391 -0.251391 -0.157301667 -0.157301667 -0.157301667 -0.150870333 -0.150870333 -0.150870333
          -0.240439 -0.240439 -0.240439 -0.202933667 -0.202933667 -0.202933667 -0.222279333 -0.222279333 -0.222279333
          -0.250479 -0.250479 -0.250479 -0.318940333 -0.318940333 -0.318940333 -0.267696 -0.267696 -0.267696
          -0.196044333 -0.196044333 -0.196044333 -0.236415333 -0.236415333 -0.236415333 -0.251781667 -0.251781667 -0.251781667
          -0.213928243 -0.213928243 -0.213928243 -0.11928825 -0.11928825 -0.11928825 0.138873417 0.138873417 0.138873417
          0.160535723 0.160535723 0.160535723 -0.326398767 -0.326398767 -0.326398767 -0.0662091 -0.0662091 -0.0662091
          -0.109286667 -0.109286667 -0.109286667 0.0355128333 0.0355128333 0.0355128333 0.2908925 0.2908925 0.2908925
          -0.318706833 -0.318706833 -0.318706833 -0.234262833 -0.234262833 -0.234262833 -0.213203667 -0.213203667 -0.213203667
          -0.287242 -0.287242 -0.287242 0.208569333 0.208569333 0.208569333 0.0317006667 0.0317006667 0.0317006667
          -0.0823003333 -0.0823003333 -0.0823003333 0.271421667 0.271421667 0.271421667 0.1862173 0.1862173 0.1862173
          0.291399 0.291399 0.291399 0.385519667 0.385519667 0.385519667 -0.396818333 -0.396818333 -0.396818333
          -0.404095 -0.404095 -0.404095 -0.13771 -0.13771 -0.13771 -0.0886174 -0.0886174 -0.0886174
          -0.0694565333 -0.0694565333 -0.0694565333 -0.0973668 -0.0973668 -0.0973668 -0.373842 -0.373842 -0.373842
          -0.411162667 -0.411162667 -0.411162667 -0.273424333 -0.273424333 -0.273424333 -0.300353333 -0.300353333 -0.300353333
          -0.528115 -0.528115 -0.528115 -0.526754 -0.526754 -0.526754 -0.232546 -0.232546 -0.232546
          -0.296172 -0.296172 -0.296172 -0.24189 -0.24189 -0.24189 -0.213067333 -0.213067333 -0.213067333
          -0.0927740333 -0.0927740333 -0.0927740333 -0.0421044333 -0.0421044333 -0.0421044333 -0.000418866667 -0.000418866667 -0.000418866667
          0.0428977667 0.0428977667 0.0428977667 0.185989467 0.185989467 0.185989467 0.1118403 0.1118403 0.1118403
          0.3269325 0.3269325 0.3269325 -0.279495833 -0.279495833 -0.279495833 -0.154764367 -0.154764367 -0.154764367
          -0.0860610667 -0.0860610667 -0.0860610667 -0.0944484 -0.0944484 -0.0944484 0.0990475333 0.0990475333 0.0990475333
          0.0238642667 0.0238642667 0.0238642667 0.0767356667 0.0767356667 0.0767356667 -0.0724086667 -0.0724086667 -0.0724086667
          0.309807 0.309807 0.309807 0.404222333 0.404222333 0.404222333 0.337833333 0.337833333 0.337833333
          0.157319533 0.157319533 0.157319533 0.149739867 0.149739867 0.149739867 -0.322564333 -0.322564333 -0.322564333
          -0.364884 -0.364884 -0.364884 0.0388457 0.0388457 0.0388457 0.0373947333 0.0373947333 0.0373947333
          -0.160480333 -0.160480333 -0.160480333 -0.131976 -0.131976 -0.131976 -0.152013333 -0.152013333 -0.152013333
          -0.170195333 -0.170195333 -0.170195333 -0.125676333 -0.125676333 -0.125676333 -0.128020333 -0.128020333 -0.128020333
          -0.408868667 -0.408868667 -0.408868667 -0.318653333 -0.318653333 -0.318653333 -0.221536 -0.221536 -0.221536
          -0.216099333 -0.216099333 -0.216099333 -0.257231 -0.257231 -0.257231 -0.243907667 -0.243907667 -0.243907667
          -0.209856333 -0.209856333 -0.209856333 -0.160644 -0.160644 -0.160644 -0.215678333 -0.215678333 -0.215678333
          -0.251206 -0.251206 -0.251206 -0.205888667 -0.205888667 -0.205888667 -0.256623333 -0.256623333 -0.256623333
          -0.259215 -0.259215 -0.259215 -0.218187 -0.218187 -0.218187 -0.16724 -0.16724 -0.16724
          -0.207087 -0.207087 -0.207087 -0.160549333 -0.160549333 -0.160549333 -0.201327333 -0.201327333 -0.201327333
          -0.207423667 -0.207423667 -0.207423667 -0.172361333 -0.172361333 -0.172361333 -0.156131333 -0.156131333 -0.156131333
          -0.294757333 -0.294757333 -0.294757333 -0.342945333 -0.342945333 -0.342945333 -0.209236333 -0.209236333 -0.209236333
          -0.259756667 -0.259756667 -0.259756667 -0.231246 -0.231246 -0.231246 -0.187481667 -0.187481667 -0.187481667
          -0.289454 -0.289454 -0.289454 -0.271388 -0.271388 -0.271388 -0.446643667 -0.446643667 -0.446643667
          -0.437226 -0.437226 -0.437226 -0.230432 -0.230432 -0.230432 -0.188009667 -0.188009667 -0.188009667
          -0.375237333 -0.375237333 -0.375237333 -0.289889333 -0.289889333 -0.289889333 -0.377053 -0.377053 -0.377053
          -0.322736667 -0.322736667 -0.322736667 -0.283731333 -0.283731333 -0.283731333 0.101434233 0.101434233 0.101434233
          0.112748993 0.112748993 0.112748993 -0.257073 -0.257073 -0.257073 -0.145412673 -0.145412673 -0.145412673
          -0.314395 -0.314395 -0.314395 -0.385661333 -0.385661333 -0.385661333 -0.350428 -0.350428 -0.350428
          -0.350942 -0.350942 -0.350942 -0.391917667 -0.391917667 -0.391917667 -0.338185667 -0.338185667 -0.338185667
          -0.385641667 -0.385641667 -0.385641667 -0.357667667 -0.357667667 -0.357667667 -0.272024333 -0.272024333 -0.272024333
          -0.424745333 -0.424745333 -0.424745333 -0.384959333 -0.384959333 -0.384959333 0.354251333 0.354251333 0.354251333
          0.2360699 0.2360699 0.2360699 -0.146928333 -0.146928333 -0.146928333 -0.0552640333 -0.0552640333 -0.0552640333
          -0.264437 -0.264437 -0.264437 -0.404415333 -0.404415333 -0.404415333 -0.389356333 -0.389356333 -0.389356333
          -0.228195667 -0.228195667 -0.228195667 -0.406353667 -0.406353667 -0.406353667 -0.306520667 -0.306520667 -0.306520667
          -0.245265667 -0.245265667 -0.245265667 -0.0929171333 -0.0929171333 -0.0929171333 -0.0650068667 -0.0650068667 -0.0650068667
          -0.399575333 -0.399575333 -0.399575333 -0.30294 -0.30294 -0.30294 -0.228999 -0.228999 -0.228999
          -0.223746 -0.223746 -0.223746 -0.413661333 -0.413661333 -0.413661333 -0.382601667 -0.382601667 -0.382601667
          -0.456090333 -0.456090333 -0.456090333 -0.543174 -0.543174 -0.543174 -0.371185 -0.371185 -0.371185
          -0.382581667 -0.382581667 -0.382581667 -0.381784667 -0.381784667 -0.381784667 -0.312399333 -0.312399333 -0.312399333
          -0.526754 -0.526754 -0.526754 -0.468842667 -0.468842667 -0.468842667 -0.175441333 -0.175441333 -0.175441333
          -0.168949667 -0.168949667 -0.168949667 -0.369349667 -0.369349667 -0.369349667 -0.405556667 -0.405556667 -0.405556667
          -0.249949333 -0.249949333 -0.249949333 -0.198751333 -0.198751333 -0.198751333 -0.124810333 -0.124810333 -0.124810333
          -0.0950931667 -0.0950931667 -0.0950931667 -0.0108555 -0.0108555 -0.0108555 -0.0074094 -0.0074094 -0.0074094
          -0.343045667 -0.343045667 -0.343045667 -0.388483 -0.388483 -0.388483 -0.457750333 -0.457750333 -0.457750333
          -0.460998667 -0.460998667 -0.460998667 -0.236185333 -0.236185333 -0.236185333 -0.276740333 -0.276740333 -0.276740333
          -0.118300833 -0.118300833 -0.118300833 -0.158661 -0.158661 -0.158661 -0.0872353 -0.0872353 -0.0872353
          -0.1164067 -0.1164067 -0.1164067 -0.0811706333 -0.0811706333 -0.0811706333 -0.0645695 -0.0645695 -0.0645695
          0.0297568333 0.0297568333 0.0297568333 0.0346539 0.0346539 0.0346539 -0.240099 -0.240099 -0.240099
          -0.180156533 -0.180156533 -0.180156533 -0.252688 -0.252688 -0.252688 -0.191964467 -0.191964467 -0.191964467
          -0.234435467 -0.234435467 -0.234435467 -0.172491667 -0.172491667 -0.172491667 -0.119981933 -0.119981933 -0.119981933
          -0.0100566 -0.0100566 -0.0100566 0.0406927667 0.0406927667 0.0406927667 0.1402341 0.1402341 0.1402341
          0.255974 0.255974 0.255974 -0.100513067 -0.100513067 -0.100513067 -0.0093628 -0.0093628 -0.0093628
          0.304461333 0.304461333 0.304461333 0.213155333 0.213155333 0.213155333 -0.1735198 -0.1735198 -0.1735198
          -0.136532133 -0.136532133 -0.136532133 -0.0624149333 -0.0624149333 -0.0624149333 -0.0609639667 -0.0609639667 -0.0609639667
          -0.163215333 -0.163215333 -0.163215333 -0.147273333 -0.147273333 -0.147273333 -0.289412 -0.289412 -0.289412
          -0.304880667 -0.304880667 -0.304880667 -0.177096667 -0.177096667 -0.177096667 -0.225023333 -0.225023333 -0.225023333
          -0.276233667 -0.276233667 -0.276233667 -0.304036333 -0.304036333 -0.304036333 -0.191837333 -0.191837333 -0.191837333
          -0.208294 -0.208294 -0.208294 -0.266992 -0.266992 -0.266992 -0.223028 -0.223028 -0.223028
          -0.189582333 -0.189582333 -0.189582333 -0.169534333 -0.169534333 -0.169534333 -0.20684 -0.20684 -0.20684
          -0.142404667 -0.142404667 -0.142404667 -0.169374 -0.169374 -0.169374 -0.215227667 -0.215227667 -0.215227667
          -0.230098333 -0.230098333 -0.230098333 -0.128308667 -0.128308667 -0.128308667 -0.127372 -0.127372 -0.127372
          -0.291125 -0.291125 -0.291125 -0.291227 -0.291227 -0.291227 -0.285353 -0.285353 -0.285353
          -0.265516333 -0.265516333 -0.265516333 -0.169697667 -0.169697667 -0.169697667 -0.235928 -0.235928 -0.235928
          -0.0329241333 -0.0329241333 -0.0329241333 -0.156251667 -0.156251667 -0.156251667 -0.122718667 -0.122718667 -0.122718667
          0.094555 0.094555 0.094555 -0.0394568667 -0.0394568667 -0.0394568667 -0.133108867 -0.133108867 -0.133108867
          0.244614467 0.244614467 0.244614467 0.2165838 0.2165838 0.2165838 -0.322043667 -0.322043667 -0.322043667
          -0.357569667 -0.357569667 -0.357569667 -0.392721 -0.392721 -0.392721 -0.273274667 -0.273274667 -0.273274667
          -0.213489333 -0.213489333 -0.213489333 0.357552667 0.357552667 0.357552667 0.176877333 0.176877333 0.176877333
          0.0427686667 0.0427686667 0.0427686667 0.376745333 0.376745333 0.376745333 0.339365667 0.339365667 0.339365667
          0.370775667 0.370775667 0.370775667 0.302573333 0.302573333 0.302573333 -0.318723333 -0.318723333 -0.318723333
          -0.330955333 -0.330955333 -0.330955333 -0.340036667 -0.340036667 -0.340036667 -0.340135333 -0.340135333 -0.340135333
          -0.0735896667 -0.0735896667 -0.0735896667 0.0081013 0.0081013 0.0081013 0.0962299667 0.0962299667 0.0962299667
          0.209772667 0.209772667 0.209772667 0.060863 0.060863 0.060863 -0.133836667 -0.133836667 -0.133836667
          -0.0515631967 -0.0515631967 -0.0515631967 -0.07631543 -0.07631543 -0.07631543 0.0977318367 0.0977318367 0.0977318367
          0.03656547 0.03656547 0.03656547 0.196754867 0.196754867 0.196754867 0.0643678667 0.0643678667 0.0643678667
          0.0841063333 0.0841063333 0.0841063333 -0.0222667333 -0.0222667333 -0.0222667333 0.250434333 0.250434333 0.250434333
          0.283295667 0.283295667 0.283295667 0.273346333 0.273346333 0.273346333 0.305673667 0.305673667 0.305673667
          0.190769837 0.190769837 0.190769837 0.171254837 0.171254837 0.171254837 -0.114766067 -0.114766067 -0.114766067
          -0.139433033 -0.139433033 -0.139433033 -0.190179667 -0.190179667 -0.190179667 -0.220923333 -0.220923333 -0.220923333
          -0.248000667 -0.248000667 -0.248000667 -0.256158 -0.256158 -0.256158 -0.254195667 -0.254195667 -0.254195667
          -0.253648667 -0.253648667 -0.253648667 -0.03523137 -0.03523137 -0.03523137 -0.0830706667 -0.0830706667 -0.0830706667
          -0.208803633 -0.208803633 -0.208803633 -0.10426867 -0.10426867 -0.10426867 -0.112964967 -0.112964967 -0.112964967
          -0.096546 -0.096546 -0.096546 -0.128096667 -0.128096667 -0.128096667 -0.2012113 -0.2012113 -0.2012113
          -0.202321733 -0.202321733 -0.202321733 -0.150294867 -0.150294867 -0.150294867 -0.1763088 -0.1763088 -0.1763088
          -0.160489333 -0.160489333 -0.160489333 -0.165876667 -0.165876667 -0.165876667 -0.127651667 -0.127651667 -0.127651667
          -0.143113333 -0.143113333 -0.143113333 -0.219283667 -0.219283667 -0.219283667 -0.241319333 -0.241319333 -0.241319333
          -0.0258418367 -0.0258418367 -0.0258418367 -0.0159947333 -0.0159947333 -0.0159947333 -0.0154846667 -0.0154846667 -0.0154846667
          -0.0548024333 -0.0548024333 -0.0548024333 -0.120659367 -0.120659367 -0.120659367 -0.102290733 -0.102290733 -0.102290733
          -0.162254367 -0.162254367 -0.162254367 -0.225822333 -0.225822333 -0.225822333 -0.226593667 -0.226593667 -0.226593667
          -0.191128 -0.191128 -0.191128 -0.197067333 -0.197067333 -0.197067333 -0.20511 -0.20511 -0.20511
          -0.187279 -0.187279 -0.187279 -0.195619667 -0.195619667 -0.195619667 -0.165423 -0.165423 -0.165423
          -0.188745667 -0.188745667 -0.188745667 -0.152122333 -0.152122333 -0.152122333 -0.271597333 -0.271597333 -0.271597333
          -0.244192 -0.244192 -0.244192 -0.259094667 -0.259094667 -0.259094667 -0.254758333 -0.254758333 -0.254758333
          -0.390313 -0.390313 -0.390313 -0.425904667 -0.425904667 -0.425904667 -0.320995667 -0.320995667 -0.320995667
          -0.371668 -0.371668 -0.371668 -0.0948791367 -0.0948791367 -0.0948791367 -0.147778767 -0.147778767 -0.147778767
          -0.363757 -0.363757 -0.363757 -0.30627 -0.30627 -0.30627 -0.385557 -0.385557 -0.385557
          -0.35678 -0.35678 -0.35678 -0.148016 -0.148016 -0.148016 -0.133421 -0.133421 -0.133421
          0.15723 0.15723 0.15723 0.1923228 0.1923228 0.1923228 -0.222578533 -0.222578533 -0.222578533
          -0.0637178667 -0.0637178667 -0.0637178667 -0.258104533 -0.258104533 -0.258104533 -0.134336667 -0.134336667 -0.134336667
          0.0718031333 0.0718031333 0.0718031333 -0.0498795333 -0.0498795333 -0.0498795333 -0.308943667 -0.308943667 -0.308943667
          -0.281698333 -0.281698333 -0.281698333 -0.1354081 -0.1354081 -0.1354081 -0.141881433 -0.141881433 -0.141881433
          -0.13026 -0.13026 -0.13026 -0.135645333 -0.135645333 -0.135645333 0.258642533 0.258642533 0.258642533
          0.389968333 0.389968333 0.389968333 0.017289 0.017289 0.017289 0.129762 0.129762 0.129762
          -0.230171333 -0.230171333 -0.230171333 -0.154806433 -0.154806433 -0.154806433 -0.240348 -0.240348 -0.240348
          -0.227363333 -0.227363333 -0.227363333 -0.155204333 -0.155204333 -0.155204333 -0.150553667 -0.150553667 -0.150553667
          -0.0373242333 -0.0373242333 -0.0373242333 -0.0013297 -0.0013297 -0.0013297 -0.0850437 -0.0850437 -0.0850437
          -0.0853227333 -0.0853227333 -0.0853227333 -0.213189667 -0.213189667 -0.213189667 -0.2337 -0.2337 -0.2337
          -0.100786567 -0.100786567 -0.100786567 -0.1686258 -0.1686258 -0.1686258 -0.00329083333 -0.00329083333 -0.00329083333
          -0.0210830667 -0.0210830667 -0.0210830667 -0.138222545 -0.138222545 -0.138222545 -0.0643460447 -0.0643460447 -0.0643460447
          -0.0943772333 -0.0943772333 -0.0943772333 -0.142375733 -0.142375733 -0.142375733 -0.163166333 -0.163166333 -0.163166333
          -0.357861 -0.357861 -0.357861 -0.366955667 -0.366955667 -0.366955667 -0.294097 -0.294097 -0.294097
          -0.275548667 -0.275548667 -0.275548667 -0.24158 -0.24158 -0.24158 -0.205367667 -0.205367667 -0.205367667
          -0.279077333 -0.279077333 -0.279077333 -0.294488333 -0.294488333 -0.294488333 -0.213329667 -0.213329667 -0.213329667
          -0.277443333 -0.277443333 -0.277443333 -0.0751394113 -0.0751394113 -0.0751394113 -0.1252752 -0.1252752 -0.1252752
          -0.0130918 -0.0130918 -0.0130918 -0.00126291133 -0.00126291133 -0.00126291133 -0.1009863 -0.1009863 -0.1009863
          -0.1392932 -0.1392932 -0.1392932 -0.198601 -0.198601 -0.198601 -0.241517333 -0.241517333 -0.241517333
          -0.0892347333 -0.0892347333 -0.0892347333 -0.103257133 -0.103257133 -0.103257133 -0.339226333 -0.339226333 -0.339226333
          -0.279503 -0.279503 -0.279503 -0.1167419 -0.1167419 -0.1167419 -0.0607073667 -0.0607073667 -0.0607073667
          -0.0745221333 -0.0745221333 -0.0745221333 -0.0248443333 -0.0248443333 -0.0248443333 -0.0480946333 -0.0480946333 -0.0480946333
          -0.104129167 -0.104129167 -0.104129167 -0.116594367 -0.116594367 -0.116594367 -0.301764333 -0.301764333 -0.301764333
          -0.353115333 -0.353115333 -0.353115333 -0.2077808 -0.2077808 -0.2077808 -0.1732368 -0.1732368 -0.1732368
          -0.0778929333 -0.0778929333 -0.0778929333 -0.0268054667 -0.0268054667 -0.0268054667 0.0447702367 0.0447702367 0.0447702367
          0.0680418667 0.0680418667 0.0680418667 -0.0383312 -0.0383312 -0.0383312 0.263116333 0.263116333 0.263116333
          0.21074 0.21074 0.21074 -0.0314067333 -0.0314067333 -0.0314067333 -0.1006268 -0.1006268 -0.1006268
          -0.127490033 -0.127490033 -0.127490033 -0.1222547 -0.1222547 -0.1222547 -0.142049667 -0.142049667 -0.142049667
          -0.321724333 -0.321724333 -0.321724333 -0.312984 -0.312984 -0.312984 -0.188336 -0.188336 -0.188336
          -0.235202 -0.235202 -0.235202 -0.297916333 -0.297916333 -0.297916333 -0.277396 -0.277396 -0.277396
          -0.33094 -0.33094 -0.33094 -0.202354 -0.202354 -0.202354 -0.257960333 -0.257960333 -0.257960333
          -0.244989333 -0.244989333 -0.244989333 -0.285813667 -0.285813667 -0.285813667 -0.244677667 -0.244677667 -0.244677667
          -0.229130333 -0.229130333 -0.229130333 -0.257724 -0.257724 -0.257724 -0.312762 -0.312762 -0.312762
          0.0962484667 0.0962484667 0.0962484667 -0.0281268667 -0.0281268667 -0.0281268667 -0.267788667 -0.267788667 -0.267788667
          -0.243460667 -0.243460667 -0.243460667 0.413008667 0.413008667 0.413008667 0.2567096 0.2567096 0.2567096
          -0.264438333 -0.264438333 -0.264438333 -0.1864248 -0.1864248 -0.1864248 -0.193031333 -0.193031333 -0.193031333
          -0.281055333 -0.281055333 -0.281055333 -0.220033667 -0.220033667 -0.220033667 -0.246099333 -0.246099333 -0.246099333
          -0.314183667 -0.314183667 -0.314183667 -0.142769667 -0.142769667 -0.142769667 -0.189858333 -0.189858333 -0.189858333
          -0.3496762 -0.3496762 -0.3496762 -0.2459129 -0.2459129 -0.2459129 -0.439838333 -0.439838333 -0.439838333
          -0.445846667 -0.445846667 -0.445846667 -0.300070667 -0.300070667 -0.300070667 -0.253074 -0.253074 -0.253074
          -0.532612667 -0.532612667 -0.532612667 -0.380098667 -0.380098667 -0.380098667 -0.369988667 -0.369988667 -0.369988667
          -0.538122 -0.538122 -0.538122 -0.562776667 -0.562776667 -0.562776667 -0.279124 -0.279124 -0.279124
          -0.276384667 -0.276384667 -0.276384667 -0.27455 -0.27455 -0.27455 -0.255035333 -0.255035333 -0.255035333
          -0.405632667 -0.405632667 -0.405632667 -0.395987 -0.395987 -0.395987 -0.425807 -0.425807 -0.425807
          -0.481887333 -0.481887333 -0.481887333 -0.423771667 -0.423771667 -0.423771667 -0.494173667 -0.494173667 -0.494173667
          -0.332091333 -0.332091333 -0.332091333 -0.413275333 -0.413275333 -0.413275333 -0.296405333 -0.296405333 -0.296405333
          -0.216381667 -0.216381667 -0.216381667 -0.0499973 -0.0499973 -0.0499973 -0.137252667 -0.137252667 -0.137252667
          -0.241079667 -0.241079667 -0.241079667 -0.0620632 -0.0620632 -0.0620632 -0.0437659367 -0.0437659367 -0.0437659367
          0.143488533 0.143488533 0.143488533 0.0646078 0.0646078 0.0646078 -0.209242667 -0.209242667 -0.209242667
          -0.236652667 -0.236652667 -0.236652667 -0.199331333 -0.199331333 -0.199331333 -0.126482733 -0.126482733 -0.126482733
          -0.167575533 -0.167575533 -0.167575533 -0.212053867 -0.212053867 -0.212053867 0.0519614 0.0519614 0.0519614
          0.0530928333 0.0530928333 0.0530928333 -0.231069 -0.231069 -0.231069 -0.253330667 -0.253330667 -0.253330667
          -0.255462667 -0.255462667 -0.255462667 -0.294792667 -0.294792667 -0.294792667 0.1265396 0.1265396 0.1265396
          0.0196026667 0.0196026667 0.0196026667 0.149136467 0.149136467 0.149136467 0.181641533 0.181641533 0.181641533
          -0.1669828 -0.1669828 -0.1669828 -0.175754667 -0.175754667 -0.175754667 -0.1272938 -0.1272938 -0.1272938
          -0.149149333 -0.149149333 -0.149149333 -0.275873 -0.275873 -0.275873 -0.293939 -0.293939 -0.293939
          -0.212601167 -0.212601167 -0.212601167 -0.341060167 -0.341060167 -0.341060167 -0.196290533 -0.196290533 -0.196290533
          -0.2509522 -0.2509522 -0.2509522 -0.2918392 -0.2918392 -0.2918392 0.447473833 0.447473833 0.447473833
          0.2687745 0.2687745 0.2687745 0.0736083 0.0736083 0.0736083 -0.0543583667 -0.0543583667 -0.0543583667
          0.156613133 0.156613133 0.156613133 0.1269515 0.1269515 0.1269515 -0.128814833 -0.128814833 -0.128814833
          -0.187483833 -0.187483833 -0.187483833 -0.463991667 -0.463991667 -0.463991667 -0.455991 -0.455991 -0.455991
          -0.505284 -0.505284 -0.505284 -0.388487667 -0.388487667 -0.388487667 -0.334126 -0.334126 -0.334126
          -0.345461333 -0.345461333 -0.345461333 -0.337878667 -0.337878667 -0.337878667 -0.413937667 -0.413937667 -0.413937667
          -0.374578 -0.374578 -0.374578 0.26435 0.26435 0.26435 0.0683683333 0.0683683333 0.0683683333
          -0.0352383333 -0.0352383333 -0.0352383333 0.2642525 0.2642525 0.2642525 0.382633167 0.382633167 0.382633167
          0.291208333 0.291208333 0.291208333 0.187070967 0.187070967 0.187070967 -0.239150333 -0.239150333 -0.239150333
          -0.256538333 -0.256538333 -0.256538333 -0.164744667 -0.164744667 -0.164744667 -0.150220667 -0.150220667 -0.150220667
          -0.582191 -0.582191 -0.582191 -0.551528 -0.551528 -0.551528 -0.258037667 -0.258037667 -0.258037667
          -0.252868667 -0.252868667 -0.252868667 -0.267812 -0.267812 -0.267812 -0.1422616 -0.1422616 -0.1422616
          -0.0439446 -0.0439446 -0.0439446 -0.0848356667 -0.0848356667 -0.0848356667 -0.0773436667 -0.0773436667 -0.0773436667
          -0.030038 -0.030038 -0.030038 -0.205949 -0.205949 -0.205949 -0.229502 -0.229502 -0.229502
          -0.453405667 -0.453405667 -0.453405667 -0.344091667 -0.344091667 -0.344091667 -0.306757 -0.306757 -0.306757
          -0.391416333 -0.391416333 -0.391416333 -0.214963667 -0.214963667 -0.214963667 -0.216094333 -0.216094333 -0.216094333
          -0.212065667 -0.212065667 -0.212065667 -0.244176667 -0.244176667 -0.244176667 -0.230299667 -0.230299667 -0.230299667
          -0.253244 -0.253244 -0.253244 -0.298070667 -0.298070667 -0.298070667 -0.375273667 -0.375273667 -0.375273667
          -0.126907667 -0.126907667 -0.126907667 -0.18338 -0.18338 -0.18338 -0.298440667 -0.298440667 -0.298440667
          -0.259542667 -0.259542667 -0.259542667 -0.217599333 -0.217599333 -0.217599333 -0.186119333 -0.186119333 -0.186119333
          -0.02562507 -0.02562507 -0.02562507 -0.0349411667 -0.0349411667 -0.0349411667 -0.134179567 -0.134179567 -0.134179567
          -0.216009333 -0.216009333 -0.216009333 -0.0518245333 -0.0518245333 -0.0518245333 -0.0560366667 -0.0560366667 -0.0560366667
          -0.123459733 -0.123459733 -0.123459733 -0.197801333 -0.197801333 -0.197801333 -0.0499973 -0.0499973 -0.0499973
          -0.0794684 -0.0794684 -0.0794684 -0.0120453333 -0.0120453333 -0.0120453333 0.00902893 0.00902893 0.00902893
          0.0540385 0.0540385 0.0540385 0.0464924667 0.0464924667 0.0464924667 -0.069794 -0.069794 -0.069794
          0.107921667 0.107921667 0.107921667 0.132465333 0.132465333 0.132465333 0.000188266667 0.000188266667 0.000188266667
          0.344755 0.344755 0.344755 0.291414667 0.291414667 0.291414667 -0.0437768333 -0.0437768333 -0.0437768333
          -0.0449082667 -0.0449082667 -0.0449082667 -0.237494333 -0.237494333 -0.237494333 -0.229384 -0.229384 -0.229384
          -0.1698159 -0.1698159 -0.1698159 -0.1604969 -0.1604969 -0.1604969 -0.00911193667 -0.00911193667 -0.00911193667
          0.0189664667 0.0189664667 0.0189664667 0.539448333 0.539448333 0.539448333 0.484487 0.484487 0.484487
          0.477849333 0.477849333 0.477849333 0.407451667 0.407451667 0.407451667 0.297820333 0.297820333 0.297820333
          0.244424 0.244424 0.244424 -0.129527333 -0.129527333 -0.129527333 -0.138835333 -0.138835333 -0.138835333
          -0.319206333 -0.319206333 -0.319206333 -0.334968 -0.334968 -0.334968 -0.207403333 -0.207403333 -0.207403333
          -0.228671333 -0.228671333 -0.228671333 -0.243342667 -0.243342667 -0.243342667 -0.220589667 -0.220589667 -0.220589667
          -0.231615333 -0.231615333 -0.231615333 -0.212544333 -0.212544333 -0.212544333 -0.157683333 -0.157683333 -0.157683333
          -0.166868 -0.166868 -0.166868 -0.188599667 -0.188599667 -0.188599667 -0.197086333 -0.197086333 -0.197086333
          -0.151375333 -0.151375333 -0.151375333 -0.443202333 -0.443202333 -0.443202333 -0.433210333 -0.433210333 -0.433210333
          -0.208847333 -0.208847333 -0.208847333 -0.267206667 -0.267206667 -0.267206667 -0.1078518 -0.1078518 -0.1078518
          -0.113754667 -0.113754667 -0.113754667 -0.126077333 -0.126077333 -0.126077333 -0.114590667 -0.114590667 -0.114590667
          -0.114225667 -0.114225667 -0.114225667 -0.190557333 -0.190557333 -0.190557333 -0.248621 -0.248621 -0.248621
          -0.292767333 -0.292767333 -0.292767333 -0.145492333 -0.145492333 -0.145492333 -0.15411 -0.15411 -0.15411
          -0.254413333 -0.254413333 -0.254413333 -0.194034333 -0.194034333 -0.194034333 -0.213841333 -0.213841333 -0.213841333
          -0.225853 -0.225853 -0.225853 -0.497167333 -0.497167333 -0.497167333 -0.512929 -0.512929 -0.512929
          -0.145021 -0.145021 -0.145021 -0.213336 -0.213336 -0.213336 -0.447314 -0.447314 -0.447314
          -0.453083667 -0.453083667 -0.453083667 -0.196292333 -0.196292333 -0.196292333 -0.278546667 -0.278546667 -0.278546667
          -0.212972333 -0.212972333 -0.212972333 -0.207422 -0.207422 -0.207422 -0.345566 -0.345566 -0.345566
          -0.291622333 -0.291622333 -0.291622333 -0.222736 -0.222736 -0.222736 -0.234107333 -0.234107333 -0.234107333
          0.0933567667 0.0933567667 0.0933567667 0.107689467 0.107689467 0.107689467 -0.266172867 -0.266172867 -0.266172867
          -0.148076867 -0.148076867 -0.148076867 -0.436987333 -0.436987333 -0.436987333 -0.445623667 -0.445623667 -0.445623667
          -0.338735333 -0.338735333 -0.338735333 -0.0510482 -0.0510482 -0.0510482 -0.139378833 -0.139378833 -0.139378833
          0.142979133 0.142979133 0.142979133 0.291110833 0.291110833 0.291110833 -0.112434667 -0.112434667 -0.112434667
          -0.0205903667 -0.0205903667 -0.0205903667 -0.272055333 -0.272055333 -0.272055333 -0.244675667 -0.244675667 -0.244675667
          -0.167873667 -0.167873667 -0.167873667 -0.146030667 -0.146030667 -0.146030667 -0.191045333 -0.191045333 -0.191045333
          -0.183187667 -0.183187667 -0.183187667 -0.1025757 -0.1025757 -0.1025757 -0.126716333 -0.126716333 -0.126716333
          -0.211233 -0.211233 -0.211233 -0.216862333 -0.216862333 -0.216862333 -0.112968 -0.112968 -0.112968
          -0.0947033667 -0.0947033667 -0.0947033667 -0.134605133 -0.134605133 -0.134605133 -0.106357833 -0.106357833 -0.106357833
          -0.229514 -0.229514 -0.229514 -0.242127333 -0.242127333 -0.242127333 -0.1386874 -0.1386874 -0.1386874
          -0.1356174 -0.1356174 -0.1356174 -0.192145667 -0.192145667 -0.192145667 -0.268375 -0.268375 -0.268375
          -0.176361333 -0.176361333 -0.176361333 -0.237083 -0.237083 -0.237083 -0.330181467 -0.330181467 -0.330181467
          -0.232691333 -0.232691333 -0.232691333 -0.0956741667 -0.0956741667 -0.0956741667 -0.0869161667 -0.0869161667 -0.0869161667
          -0.146004 -0.146004 -0.146004 -0.148886 -0.148886 -0.148886 -0.139729433 -0.139729433 -0.139729433
          -0.152064833 -0.152064833 -0.152064833 -0.0984855 -0.0984855 -0.0984855 -0.138666133 -0.138666133 -0.138666133
          -0.1080708 -0.1080708 -0.1080708 -0.121497133 -0.121497133 -0.121497133 -0.1416088 -0.1416088 -0.1416088
          -0.116249133 -0.116249133 -0.116249133 -0.179037667 -0.179037667 -0.179037667 -0.190685 -0.190685 -0.190685
          -0.197451333 -0.197451333 -0.197451333 -0.200039667 -0.200039667 -0.200039667 0.00556583333 0.00556583333 0.00556583333
          -0.115959167 -0.115959167 -0.115959167 -0.075562 -0.075562 -0.075562 0.0386233333 0.0386233333 0.0386233333
          -0.171886333 -0.171886333 -0.171886333 -0.151571667 -0.151571667 -0.151571667 -0.188580667 -0.188580667 -0.188580667
          -0.178652667 -0.178652667 -0.178652667 0.160107733 0.160107733 0.160107733 0.0952357333 0.0952357333 0.0952357333
          -0.286706333 -0.286706333 -0.286706333 -0.310175333 -0.310175333 -0.310175333 -0.257172333 -0.257172333 -0.257172333
          -0.277641333 -0.277641333 -0.277641333 -0.231468667 -0.231468667 -0.231468667 -0.306626667 -0.306626667 -0.306626667
          -0.0869863667 -0.0869863667 -0.0869863667 -0.0832121333 -0.0832121333 -0.0832121333 0.1136381 0.1136381 0.1136381
          0.0324596333 0.0324596333 0.0324596333 -0.129166667 -0.129166667 -0.129166667 -0.271449 -0.271449 -0.271449
          -0.229989333 -0.229989333 -0.229989333 -0.152483133 -0.152483133 -0.152483133 0.451516667 0.451516667 0.451516667
          0.366788667 0.366788667 0.366788667 0.39153103 0.39153103 0.39153103 0.24019903 0.24019903 0.24019903
          -0.0754473033 -0.0754473033 -0.0754473033 -0.257307637 -0.257307637 -0.257307637 0.0311606667 0.0311606667 0.0311606667
          -0.106275667 -0.106275667 -0.106275667 -0.0173759333 -0.0173759333 -0.0173759333 0.170214433 0.170214433 0.170214433
          0.1806931 0.1806931 0.1806931 0.442905 0.442905 0.442905 0.509509 0.509509 0.509509
          0.391932333 0.391932333 0.391932333 0.246524 0.246524 0.246524 -0.375521333 -0.375521333 -0.375521333
          -0.342907667 -0.342907667 -0.342907667 -0.324546667 -0.324546667 -0.324546667 -0.395218 -0.395218 -0.395218
          -0.404477333 -0.404477333 -0.404477333 -0.376702333 -0.376702333 -0.376702333 -0.183627333 -0.183627333 -0.183627333
          -0.172715333 -0.172715333 -0.172715333 -0.1316094 -0.1316094 -0.1316094 -0.193438667 -0.193438667 -0.193438667
          -0.174738333 -0.174738333 -0.174738333 -0.1336324 -0.1336324 -0.1336324 -0.107383133 -0.107383133 -0.107383133
          -0.229185333 -0.229185333 -0.229185333 -0.239284667 -0.239284667 -0.239284667 -0.234987 -0.234987 -0.234987
          -0.248472 -0.248472 -0.248472 -0.120867067 -0.120867067 -0.120867067 -0.1301584 -0.1301584 -0.1301584
          -0.0987618 -0.0987618 -0.0987618 -0.0885555333 -0.0885555333 -0.0885555333 -0.288572333 -0.288572333 -0.288572333
          -0.276687 -0.276687 -0.276687 0.142409033 0.142409033 0.142409033 0.203490167 0.203490167 0.203490167
          -0.167805833 -0.167805833 -0.167805833 -0.107361967 -0.107361967 -0.107361967 -0.606849 -0.606849 -0.606849
          -0.400985867 -0.400985867 -0.400985867 -0.2155022 -0.2155022 -0.2155022 -0.250661667 -0.250661667 -0.250661667
          0.195882363 0.195882363 0.195882363 -0.0549766367 -0.0549766367 -0.0549766367 -0.260676637 -0.260676637 -0.260676637
          -0.34300997 -0.34300997 -0.34300997 0.241542333 0.241542333 0.241542333 0.060385 0.060385 0.060385
          -0.075978 -0.075978 -0.075978 0.303519667 0.303519667 0.303519667 0.236547667 0.236547667 0.236547667
          0.283969333 0.283969333 0.283969333 0.212579667 0.212579667 0.212579667 -0.270906333 -0.270906333 -0.270906333
          -0.240427333 -0.240427333 -0.240427333 -0.330816 -0.330816 -0.330816 -0.27796 -0.27796 -0.27796
          -0.0215971667 -0.0215971667 -0.0215971667 0.0436373667 0.0436373667 0.0436373667 -0.246813667 -0.246813667 -0.246813667
          -0.229994333 -0.229994333 -0.229994333 -0.397925667 -0.397925667 -0.397925667 -0.207817167 -0.207817167 -0.207817167
          -0.0306568333 -0.0306568333 -0.0306568333 -0.080685 -0.080685 -0.080685 0.0852687 0.0852687 0.0852687
          0.179291833 0.179291833 0.179291833 -0.114215833 -0.114215833 -0.114215833 -0.137901167 -0.137901167 -0.137901167
          -0.234183333 -0.234183333 -0.234183333 -0.280173333 -0.280173333 -0.280173333 -0.224694433 -0.224694433 -0.224694433
          -0.103612267 -0.103612267 -0.103612267 0.182777567 0.182777567 0.182777567 0.0735480667 0.0735480667 0.0735480667
          -0.186565767 -0.186565767 -0.186565767 -0.2339481 -0.2339481 -0.2339481 0.0952357333 0.0952357333 0.0952357333
          -0.0228216 -0.0228216 -0.0228216 -0.327016333 -0.327016333 -0.327016333 -0.416305667 -0.416305667 -0.416305667
          -0.486168667 -0.486168667 -0.486168667 -0.488620667 -0.488620667 -0.488620667 -0.431399333 -0.431399333 -0.431399333
          -0.422145667 -0.422145667 -0.422145667 -0.418757667 -0.418757667 -0.418757667 -0.36701 -0.36701 -0.36701
          -0.190029333 -0.190029333 -0.190029333 -0.249602333 -0.249602333 -0.249602333 -0.327102 -0.327102 -0.327102
          -0.404727333 -0.404727333 -0.404727333 -0.316367333 -0.316367333 -0.316367333 -0.299294667 -0.299294667 -0.299294667
          -0.048631 -0.048631 -0.048631 -0.0756797667 -0.0756797667 -0.0756797667 -0.1553862 -0.1553862 -0.1553862
          -0.1378728 -0.1378728 -0.1378728 -0.116292433 -0.116292433 -0.116292433 -0.1400602 -0.1400602 -0.1400602
          -0.227559 -0.227559 -0.227559 -0.296874667 -0.296874667 -0.296874667 -0.298055667 -0.298055667 -0.298055667
          -0.286252667 -0.286252667 -0.286252667 -0.0188071667 -0.0188071667 -0.0188071667 -0.0804643 -0.0804643 -0.0804643
          -0.0530653667 -0.0530653667 -0.0530653667 0.0228241667 0.0228241667 0.0228241667 -0.177266167 -0.177266167 -0.177266167
          -0.140564167 -0.140564167 -0.140564167 0.107405667 0.107405667 0.107405667 0.192133667 0.192133667 0.192133667
          0.116467 0.116467 0.116467 -0.0330371333 -0.0330371333 -0.0330371333 -0.0155507 -0.0155507 -0.0155507
          0.0513748667 0.0513748667 0.0513748667 -0.0628625 -0.0628625 -0.0628625 0.0311118333 0.0311118333 0.0311118333
          0.288164333 0.288164333 0.288164333 0.219838667 0.219838667 0.219838667 -0.155469 -0.155469 -0.155469
          -0.169118333 -0.169118333 -0.169118333 -0.214896 -0.214896 -0.214896 -0.222408667 -0.222408667 -0.222408667
          -0.217916 -0.217916 -0.217916 -0.219085 -0.219085 -0.219085 -0.218666 -0.218666 -0.218666
          -0.196335 -0.196335 -0.196335 -0.1276274 -0.1276274 -0.1276274 -0.172577 -0.172577 -0.172577
          -0.214256667 -0.214256667 -0.214256667 -0.232144333 -0.232144333 -0.232144333 -0.191241333 -0.191241333 -0.191241333
          -0.189955 -0.189955 -0.189955 -0.194308333 -0.194308333 -0.194308333 -0.202867 -0.202867 -0.202867
          -0.208323667 -0.208323667 -0.208323667 -0.197251 -0.197251 -0.197251 -0.270125333 -0.270125333 -0.270125333
          -0.240039 -0.240039 -0.240039 -0.20788 -0.20788 -0.20788 -0.157722667 -0.157722667 -0.157722667
          -0.113897733 -0.113897733 -0.113897733 -0.109138733 -0.109138733 -0.109138733 -0.117317067 -0.117317067 -0.117317067
          -0.1087998 -0.1087998 -0.1087998 -0.556205333 -0.556205333 -0.556205333 -0.464085333 -0.464085333 -0.464085333
          -0.313111667 -0.313111667 -0.313111667 -0.393089667 -0.393089667 -0.393089667 -0.257079667 -0.257079667 -0.257079667
          -0.318973667 -0.318973667 -0.318973667 -0.358050667 -0.358050667 -0.358050667 -0.375314667 -0.375314667 -0.375314667
          -0.309369 -0.309369 -0.309369 0.0928416667 0.0928416667 0.0928416667 0.1090984 0.1090984 0.1090984
          -0.254419467 -0.254419467 -0.254419467 -0.1406726 -0.1406726 -0.1406726 -0.574539333 -0.574539333 -0.574539333
          -0.526024 -0.526024 -0.526024 -0.536306667 -0.536306667 -0.536306667 -0.534178333 -0.534178333 -0.534178333
          0.130247133 0.130247133 0.130247133 0.274557 0.274557 0.274557 -0.354806333 -0.354806333 -0.354806333
          -0.331982333 -0.331982333 -0.331982333 -0.446821333 -0.446821333 -0.446821333 -0.430568333 -0.430568333 -0.430568333
          -0.183107 -0.183107 -0.183107 -0.263443 -0.263443 -0.263443 -0.184586 -0.184586 -0.184586
          -0.154111333 -0.154111333 -0.154111333
        </DataArray>
        <DataArray type="Float32" Name="pressureCoeffAbs" format="ascii">
          0.489792333 0.489792333 0.489792333 0.423945667 0.423945667 0.423945667 0.251140333 0.251140333 0.251140333
          0.251323 0.251323 0.251323 0.261268 0.261268 0.261268 0.256053667 0.256053667 0.256053667
          0.258447667 0.258447667 0.258447667 0.264393 0.264393 0.264393 0.0282990333 0.0282990333 0.0282990333
          0.0147353123 0.0147353123 0.0147353123 0.102011979 0.102011979 0.102011979 0.244537667 0.244537667 0.244537667
          0.243542667 0.243542667 0.243542667 0.241756 0.241756 0.241756 0.238183333 0.238183333 0.238183333
          0.243072 0.243072 0.243072 0.245984 0.245984 0.245984 0.141772 0.141772 0.141772
          0.162232667 0.162232667 0.162232667 0.244757333 0.244757333 0.244757333 0.246106333 0.246106333 0.246106333
          0.251019667 0.251019667 0.251019667 0.251301 0.251301 0.251301 0.240677333 0.240677333 0.240677333
          0.242970667 0.242970667 0.242970667 0.162518333 0.162518333 0.162518333 0.142362 0.142362 0.142362
          0.0729205 0.0729205 0.0729205 0.0514277 0.0514277 0.0514277 0.249990667 0.249990667 0.249990667
          0.249454 0.249454 0.249454 0.261768667 0.261768667 0.261768667 0.257115333 0.257115333 0.257115333
          0.250900333 0.250900333 0.250900333 0.252854667 0.252854667 0.252854667 0.150010667 0.150010667 0.150010667
          0.172771 0.172771 0.172771 0.0426888667 0.0426888667 0.0426888667 0.0539540667 0.0539540667 0.0539540667
          0.116590233 0.116590233 0.116590233 0.176258 0.176258 0.176258 0.152824667 0.152824667 0.152824667
          0.247442 0.247442 0.247442 0.246528333 0.246528333 0.246528333 0.214765 0.214765 0.214765
          0.170264667 0.170264667 0.170264667 0.0865163543 0.0865163543 0.0865163543 0.100365021 0.100365021 0.100365021
          0.172245667 0.172245667 0.172245667 0.221843667 0.221843667 0.221843667 0.223499333 0.223499333 0.223499333
          0.191402667 0.191402667 0.191402667 0.106792233 0.106792233 0.106792233 0.114241033 0.114241033 0.114241033
          0.232092667 0.232092667 0.232092667 0.228169 0.228169 0.228169 0.195194667 0.195194667 0.195194667
          0.1144065 0.1144065 0.1144065 0.106779333 0.106779333 0.106779333 0.206957 0.206957 0.206957
          0.240285667 0.240285667 0.240285667 0.243521333 0.243521333 0.243521333 0.110782667 0.110782667 0.110782667
          0.119247667 0.119247667 0.119247667 0.121307667 0.121307667 0.121307667 0.112655 0.112655 0.112655
          0.184181667 0.184181667 0.184181667 0.222605 0.222605 0.222605 0.200050333 0.200050333 0.200050333
          0.229304 0.229304 0.229304 0.357015 0.357015 0.357015 0.383728 0.383728 0.383728
          0.523357667 0.523357667 0.523357667 0.573895 0.573895 0.573895 0.100221833 0.100221833 0.100221833
          0.176859033 0.176859033 0.176859033 0.1206696 0.1206696 0.1206696 0.2240198 0.2240198 0.2240198
          0.394844667 0.394844667 0.394844667 0.383441 0.383441 0.383441 0.1247417 0.1247417 0.1247417
          0.203285033 0.203285033 0.203285033 0.161926 0.161926 0.161926 0.251873 0.251873 0.251873
          0.318360333 0.318360333 0.318360333 0.347026 0.347026 0.347026 0.422042333 0.422042333 0.422042333
          0.507881 0.507881 0.507881 0.1621318 0.1621318 0.1621318 0.249145133 0.249145133 0.249145133
          0.194737 0.194737 0.194737 0.257271333 0.257271333 0.257271333 0.320561 0.320561 0.320561
          0.418821333 0.418821333 0.418821333 0.263928 0.263928 0.263928 0.296341667 0.296341667 0.296341667
          0.262192 0.262192 0.262192 0.285436 0.285436 0.285436 0.156776 0.156776 0.156776
          0.182970333 0.182970333 0.182970333 0.192486667 0.192486667 0.192486667 0.171983667 0.171983667 0.171983667
          0.186761667 0.186761667 0.186761667 0.159886 0.159886 0.159886 0.11702958 0.11702958 0.11702958
          0.10459258 0.10459258 0.10459258 0.0191482133 0.0191482133 0.0191482133 0.0676464533 0.0676464533 0.0676464533
          0.0978600867 0.0978600867 0.0978600867 0.0732693333 0.0732693333 0.0732693333 0.029065979 0.029065979 0.029065979
          0.184342667 0.184342667 0.184342667 0.200821333 0.200821333 0.200821333 0.207164 0.207164 0.207164
          0.195359667 0.195359667 0.195359667 0.19604 0.19604 0.19604 0.181592667 0.181592667 0.181592667
          0.140665333 0.140665333 0.140665333 0.157466667 0.157466667 0.157466667 0.158883 0.158883 0.158883
          0.141605 0.141605 0.141605 0.194555 0.194555 0.194555 0.161316 0.161316 0.161316
          0.1287404 0.1287404 0.1287404 0.175418333 0.175418333 0.175418333 0.193489 0.193489 0.193489
          0.0870324 0.0870324 0.0870324 0.0286381667 0.0286381667 0.0286381667 0.0118952 0.0118952 0.0118952
          0.0620105 0.0620105 0.0620105 0.145367667 0.145367667 0.145367667 0.182365 0.182365 0.182365
          0.0247928 0.0247928 0.0247928 0.0824714333 0.0824714333 0.0824714333 0.0690325 0.0690325 0.0690325
          0.204496 0.204496 0.204496 0.192176333 0.192176333 0.192176333 0.200814667 0.200814667 0.200814667
          0.184940333 0.184940333 0.184940333 0.181328667 0.181328667 0.181328667 0.193160333 0.193160333 0.193160333
          0.158064333 0.158064333 0.158064333 0.141462667 0.141462667 0.141462667 0.141527667 0.141527667 0.141527667
          0.159354 0.159354 0.159354 0.0901613667 0.0901613667 0.0901613667 0.0450198667 0.0450198667 0.0450198667
          0.0817661667 0.0817661667 0.0817661667 0.130467333 0.130467333 0.130467333 0.167195667 0.167195667 0.167195667
          0.196270667 0.196270667 0.196270667 0.159954667 0.159954667 0.159954667 0.192589333 0.192589333 0.192589333
          0.176405 0.176405 0.176405 0.150189667 0.150189667 0.150189667 0.0105667867 0.0105667867 0.0105667867
          0.0215617467 0.0215617467 0.0215617467 0.0655059133 0.0655059133 0.0655059133 0.0912737533 0.0912737533 0.0912737533
          0.0592679533 0.0592679533 0.0592679533 0.199261333 0.199261333 0.199261333 0.202477 0.202477 0.202477
          0.185220333 0.185220333 0.185220333 0.195837333 0.195837333 0.195837333 0.199030667 0.199030667 0.199030667
          0.189861667 0.189861667 0.189861667 0.147151667 0.147151667 0.147151667 0.162510667 0.162510667 0.162510667
          0.166601 0.166601 0.166601 0.149279667 0.149279667 0.149279667 0.186038333 0.186038333 0.186038333
          0.165158333 0.165158333 0.165158333 0.179398667 0.179398667 0.179398667 0.146231667 0.146231667 0.146231667
          0.156385 0.156385 0.156385 0.181366333 0.181366333 0.181366333 0.0349163667 0.0349163667 0.0349163667
          0.0697683333 0.0697683333 0.0697683333 0.0878964 0.0878964 0.0878964 0.0732429667 0.0732429667 0.0732429667
          0.0106068 0.0106068 0.0106068 0.0486097667 0.0486097667 0.0486097667 0.0659314 0.0659314 0.0659314
          0.0504556333 0.0504556333 0.0504556333 0.207283 0.207283 0.207283 0.203895667 0.203895667 0.203895667
          0.198248667 0.198248667 0.198248667 0.186438 0.186438 0.186438 0.191224667 0.191224667 0.191224667
          0.202288 0.202288 0.202288 0.164463333 0.164463333 0.164463333 0.149453333 0.149453333 0.149453333
          0.151389667 0.151389667 0.151389667 0.167964 0.167964 0.167964 0.134818 0.134818 0.134818
          0.149665 0.149665 0.149665 0.164127667 0.164127667 0.164127667 0.137700667 0.137700667 0.137700667
          0.152787667 0.152787667 0.152787667 0.136368 0.136368 0.136368 0.193542 0.193542 0.193542
          0.229504667 0.229504667 0.229504667 0.233443333 0.233443333 0.233443333 0.198312 0.198312 0.198312
          0.146733667 0.146733667 0.146733667 0.1264 0.1264 0.1264 0.135204167 0.135204167 0.135204167
          0.1235265 0.1235265 0.1235265 0.124912667 0.124912667 0.124912667 0.138507 0.138507 0.138507
          0.205182333 0.205182333 0.205182333 0.173846667 0.173846667 0.173846667 0.180033667 0.180033667 0.180033667
          0.210975333 0.210975333 0.210975333 0.101152533 0.101152533 0.101152533 0.0984319667 0.0984319667 0.0984319667
          0.101089567 0.101089567 0.101089567 0.103129867 0.103129867 0.103129867 0.0988474667 0.0988474667 0.0988474667
          0.101642533 0.101642533 0.101642533 0.104864133 0.104864133 0.104864133 0.113134367 0.113134367 0.113134367
          0.113695533 0.113695533 0.113695533 0.1053308 0.1053308 0.1053308 0.0271085667 0.0271085667 0.0271085667
          0.0458897333 0.0458897333 0.0458897333 0.0663375 0.0663375 0.0663375 0.0671986 0.0671986 0.0671986
          0.125219833 0.125219833 0.125219833 0.1364455 0.1364455 0.1364455 0.151729 0.151729 0.151729
          0.127883 0.127883 0.127883 0.14601 0.14601 0.14601 0.129650333 0.129650333 0.129650333
          0.220916667 0.220916667 0.220916667 0.189887 0.189887 0.189887 0.175088 0.175088 0.175088
          0.207703 0.207703 0.207703 0.102111 0.102111 0.102111 0.104440833 0.104440833 0.104440833
          0.0986051 0.0986051 0.0986051 0.101777667 0.101777667 0.101777667 0.1034745 0.1034745 0.1034745
          0.100478633 0.100478633 0.100478633 0.113507167 0.113507167 0.113507167 0.105037267 0.105037267 0.105037267
          0.106079967 0.106079967 0.106079967 0.113744167 0.113744167 0.113744167 0.0192868333 0.0192868333 0.0192868333
          0.0361618667 0.0361618667 0.0361618667 0.158712 0.158712 0.158712 0.135551 0.135551 0.135551
          0.142191333 0.142191333 0.142191333 0.129754333 0.129754333 0.129754333 0.134454 0.134454 0.134454
          0.151491333 0.151491333 0.151491333 0.197015667 0.197015667 0.197015667 0.230855 0.230855 0.230855
          0.219526 0.219526 0.219526 0.183718 0.183718 0.183718 0.106955667 0.106955667 0.106955667
          0.104822 0.104822 0.104822 0.103574 0.103574 0.103574 0.0996216 0.0996216 0.0996216
          0.102632 0.102632 0.102632 0.106140333 0.106140333 0.106140333 0.106104933 0.106104933 0.106104933
          0.116388667 0.116388667 0.116388667 0.118054333 0.118054333 0.118054333 0.108585333 0.108585333 0.108585333
          0.117343833 0.117343833 0.117343833 0.0693924667 0.0693924667 0.0693924667 0.0771649667 0.0771649667 0.0771649667
          0.170264667 0.170264667 0.170264667 0.106565 0.106565 0.106565 0.109245667 0.109245667 0.109245667
          0.101854467 0.101854467 0.101854467 0.106363 0.106363 0.106363 0.107260333 0.107260333 0.107260333
          0.103134333 0.103134333 0.103134333 0.117936333 0.117936333 0.117936333 0.1074558 0.1074558 0.1074558
          0.109087667 0.109087667 0.109087667 0.119303667 0.119303667 0.119303667 0.338750333 0.338750333 0.338750333
          0.413604333 0.413604333 0.413604333 0.521784667 0.521784667 0.521784667 0.505734667 0.505734667 0.505734667
          0.462906333 0.462906333 0.462906333 0.449503333 0.449503333 0.449503333 0.440563667 0.440563667 0.440563667
          0.447039667 0.447039667 0.447039667 0.012072 0.012072 0.012072 0.0387237333 0.0387237333 0.0387237333
          0.220888933 0.220888933 0.220888933 0.338750333 0.338750333 0.338750333 0.443158833 0.443158833 0.443158833
          0.492065167 0.492065167 0.492065167 0.493482267 0.493482267 0.493482267 0.4736356 0.4736356 0.4736356
          0.783765667 0.783765667 0.783765667 0.863872667 0.863872667 0.863872667 0.896086333 0.896086333 0.896086333
          0.514646667 0.514646667 0.514646667 0.500518667 0.500518667 0.500518667 0.471913367 0.471913367 0.471913367
          0.5268287 0.5268287 0.5268287 0.921872667 0.921872667 0.921872667 0.915543333 0.915543333 0.915543333
          0.830931333 0.830931333 0.830931333 0.899774 0.899774 0.899774 0.219649633 0.219649633 0.219649633
          0.383201967 0.383201967 0.383201967 0.399605333 0.399605333 0.399605333 0.380740333 0.380740333 0.380740333
          0.51823 0.51823 0.51823 0.516071 0.516071 0.516071 0.265845333 0.265845333 0.265845333
          0.245882333 0.245882333 0.245882333 0.533223 0.533223 0.533223 0.522745 0.522745 0.522745
          0.724252 0.724252 0.724252 0.845632667 0.845632667 0.845632667 0.835355333 0.835355333 0.835355333
          0.796879 0.796879 0.796879 0.722801667 0.722801667 0.722801667 0.884473 0.884473 0.884473
          0.911375 0.911375 0.911375 0.911942667 0.911942667 0.911942667 0.944078333 0.944078333 0.944078333
          0.927453667 0.927453667 0.927453667 0.54479 0.54479 0.54479 0.561191 0.561191 0.561191
          0.560313333 0.560313333 0.560313333 0.549984333 0.549984333 0.549984333 0.555079333 0.555079333 0.555079333
          0.417109333 0.417109333 0.417109333 0.397354733 0.397354733 0.397354733 0.556734 0.556734 0.556734
          0.266973333 0.266973333 0.266973333 0.234843733 0.234843733 0.234843733 0.513683 0.513683 0.513683
          0.524403333 0.524403333 0.524403333 0.20850124 0.20850124 0.20850124 0.426781533 0.426781533 0.426781533
          0.376862133 0.376862133 0.376862133 0.19940276 0.19940276 0.19940276 0.901443 0.901443 0.901443
          0.908383333 0.908383333 0.908383333 0.950873333 0.950873333 0.950873333 0.949346667 0.949346667 0.949346667
          0.927248 0.927248 0.927248 0.91059 0.91059 0.91059 0.933288333 0.933288333 0.933288333
          0.944532667 0.944532667 0.944532667 0.488879333 0.488879333 0.488879333 0.509738333 0.509738333 0.509738333
          0.501721 0.501721 0.501721 0.490049333 0.490049333 0.490049333 0.454984 0.454984 0.454984
          0.414515667 0.414515667 0.414515667 0.414955 0.414955 0.414955 0.442773667 0.442773667 0.442773667
          0.458951 0.458951 0.458951 0.512938 0.512938 0.512938 0.496997667 0.496997667 0.496997667
          0.489325667 0.489325667 0.489325667 0.538250667 0.538250667 0.538250667 0.522926667 0.522926667 0.522926667
          0.448687333 0.448687333 0.448687333 0.479875667 0.479875667 0.479875667 0.252930167 0.252930167 0.252930167
          0.394607167 0.394607167 0.394607167 0.173059 0.173059 0.173059 0.079038 0.079038 0.079038
          0.239329833 0.239329833 0.239329833 0.3372395 0.3372395 0.3372395 0.291973733 0.291973733 0.291973733
          0.4288254 0.4288254 0.4288254 0.177615467 0.177615467 0.177615467 0.1142632 0.1142632 0.1142632
          0.289710133 0.289710133 0.289710133 0.393571133 0.393571133 0.393571133 0.3596159 0.3596159 0.3596159
          0.2648649 0.2648649 0.2648649 0.452726 0.452726 0.452726 0.423649 0.423649 0.423649
          0.32042 0.32042 0.32042 0.1503056 0.1503056 0.1503056 0.503638667 0.503638667 0.503638667
          0.522575667 0.522575667 0.522575667 0.518624333 0.518624333 0.518624333 0.521887667 0.521887667 0.521887667
          0.393925 0.393925 0.393925 0.249192267 0.249192267 0.249192267 0.4208726 0.4208726 0.4208726
          0.322586667 0.322586667 0.322586667 0.142732733 0.142732733 0.142732733 0.0860393 0.0860393 0.0860393
          0.1484157 0.1484157 0.1484157 0.351773167 0.351773167 0.351773167 0.176673567 0.176673567 0.176673567
          0.0223811 0.0223811 0.0223811 0.197288167 0.197288167 0.197288167 0.277263933 0.277263933 0.277263933
          0.2579854 0.2579854 0.2579854 0.450821 0.450821 0.450821 0.476462667 0.476462667 0.476462667
          0.423002333 0.423002333 0.423002333 0.420866 0.420866 0.420866 0.451172 0.451172 0.451172
          0.670589 0.670589 0.670589 0.653443333 0.653443333 0.653443333 0.3557411 0.3557411 0.3557411
          0.104055767 0.104055767 0.104055767 0.164121233 0.164121233 0.164121233 0.3194439 0.3194439 0.3194439
          0.338340733 0.338340733 0.338340733 0.556376 0.556376 0.556376 0.201781767 0.201781767 0.201781767
          0.1185809 0.1185809 0.1185809 0.610428667 0.610428667 0.610428667 0.616325333 0.616325333 0.616325333
          0.3105525 0.3105525 0.3105525 0.432870167 0.432870167 0.432870167 0.445350067 0.445350067 0.445350067
          0.317135733 0.317135733 0.317135733 0.553017333 0.553017333 0.553017333 0.556040333 0.556040333 0.556040333
          0.583084333 0.583084333 0.583084333 0.599830667 0.599830667 0.599830667 0.767073 0.767073 0.767073
          0.78653 0.78653 0.78653 0.669101333 0.669101333 0.669101333 0.544658333 0.544658333 0.544658333
          0.595212333 0.595212333 0.595212333 0.569546333 0.569546333 0.569546333 0.374159633 0.374159633 0.374159633
          0.399229967 0.399229967 0.399229967 0.548984667 0.548984667 0.548984667 0.521921333 0.521921333 0.521921333
          0.59173 0.59173 0.59173 0.576028667 0.576028667 0.576028667 0.506486333 0.506486333 0.506486333
          0.524180667 0.524180667 0.524180667 0.4361007 0.4361007 0.4361007 0.1723247 0.1723247 0.1723247
          0.159578933 0.159578933 0.159578933 0.440977267 0.440977267 0.440977267 0.351020067 0.351020067 0.351020067
          0.2135304 0.2135304 0.2135304 0.146092 0.146092 0.146092 0.126129 0.126129 0.126129
          0.737862667 0.737862667 0.737862667 0.740203333 0.740203333 0.740203333 0.562593333 0.562593333 0.562593333
          0.554377 0.554377 0.554377 0.518863 0.518863 0.518863 0.542182333 0.542182333 0.542182333
          0.558711333 0.558711333 0.558711333 0.561715667 0.561715667 0.561715667 0.523701 0.523701 0.523701
          0.505593667 0.505593667 0.505593667 0.469627667 0.469627667 0.469627667 0.452577667 0.452577667 0.452577667
          0.1659409 0.1659409 0.1659409 0.678058333 0.678058333 0.678058333 0.394211933 0.394211933 0.394211933
          0.158428267 0.158428267 0.158428267 0.126298667 0.126298667 0.126298667 0.823123 0.823123 0.823123
          0.794862 0.794862 0.794862 0.362927033 0.362927033 0.362927033 0.19153966 0.19153966 0.19153966
          0.412649967 0.412649967 0.412649967 0.21636434 0.21636434 0.21636434 0.411299333 0.411299333 0.411299333
          0.409602333 0.409602333 0.409602333 0.481820667 0.481820667 0.481820667 0.482541667 0.482541667 0.482541667
          0.441608333 0.441608333 0.441608333 0.466385667 0.466385667 0.466385667 0.469272333 0.469272333 0.469272333
          0.445471 0.445471 0.445471 0.769388 0.769388 0.769388 0.840602333 0.840602333 0.840602333
          0.4983386 0.4983386 0.4983386 0.410347267 0.410347267 0.410347267 0.400383433 0.400383433 0.400383433
          0.471685767 0.471685767 0.471685767 0.849749333 0.849749333 0.849749333 0.795224 0.795224 0.795224
          0.865938 0.865938 0.865938 0.804929 0.804929 0.804929 0.666019 0.666019 0.666019
          0.740398 0.740398 0.740398 0.690716 0.690716 0.690716 0.643704667 0.643704667 0.643704667
          0.857201667 0.857201667 0.857201667 0.890843 0.890843 0.890843 0.582564 0.582564 0.582564
          0.538796667 0.538796667 0.538796667 0.566693333 0.566693333 0.566693333 0.599684 0.599684 0.599684
          0.36163 0.36163 0.36163 0.251751667 0.251751667 0.251751667 0.080511 0.080511 0.080511
          0.140747067 0.140747067 0.140747067 0.3274697 0.3274697 0.3274697 0.193788367 0.193788367 0.193788367
          0.1727191 0.1727191 0.1727191 0.1688231 0.1688231 0.1688231 0.0354158 0.0354158 0.0354158
          0.198575867 0.198575867 0.198575867 0.379547333 0.379547333 0.379547333 0.509332667 0.509332667 0.509332667
          0.376614333 0.376614333 0.376614333 0.294452333 0.294452333 0.294452333 0.245433067 0.245433067 0.245433067
          0.341723067 0.341723067 0.341723067 0.103297933 0.103297933 0.103297933 0.131308733 0.131308733 0.131308733
          0.379734333 0.379734333 0.379734333 0.303920333 0.303920333 0.303920333 0.147620567 0.147620567 0.147620567
          0.0933341 0.0933341 0.0933341 0.130073067 0.130073067 0.130073067 0.358819 0.358819 0.358819
          0.369236667 0.369236667 0.369236667 0.227018 0.227018 0.227018 0.336504667 0.336504667 0.336504667
          0.105244667 0.105244667 0.105244667 0.249067633 0.249067633 0.249067633 0.0860393 0.0860393 0.0860393
          0.398845333 0.398845333 0.398845333 0.441567667 0.441567667 0.441567667 0.140309267 0.140309267 0.140309267
          0.121030733 0.121030733 0.121030733 0.154065 0.154065 0.154065 0.177291333 0.177291333 0.177291333
          0.189682 0.189682 0.189682 0.262050667 0.262050667 0.262050667 0.217789333 0.217789333 0.217789333
          0.196147333 0.196147333 0.196147333 0.230886667 0.230886667 0.230886667 0.280755667 0.280755667 0.280755667
          0.333084333 0.333084333 0.333084333 0.169980333 0.169980333 0.169980333 0.163026333 0.163026333 0.163026333
          0.205989 0.205989 0.205989 0.179795333 0.179795333 0.179795333 0.194811667 0.194811667 0.194811667
          0.189434667 0.189434667 0.189434667 0.244363 0.244363 0.244363 0.261648667 0.261648667 0.261648667
          0.291604333 0.291604333 0.291604333 0.191258767 0.191258767 0.191258767 0.126892 0.126892 0.126892
          0.142591333 0.142591333 0.142591333 0.192873 0.192873 0.192873 0.189816667 0.189816667 0.189816667
          0.168062 0.168062 0.168062 0.159515667 0.159515667 0.159515667 0.172283 0.172283 0.172283
          0.196662 0.196662 0.196662 0.256119333 0.256119333 0.256119333 0.245563 0.245563 0.245563
          0.08094561 0.08094561 0.08094561 0.19724791 0.19724791 0.19724791 0.259215 0.259215 0.259215
          0.198338667 0.198338667 0.198338667 0.171786333 0.171786333 0.171786333 0.254114667 0.254114667 0.254114667
          0.251391 0.251391 0.251391 0.157301667 0.157301667 0.157301667 0.150870333 0.150870333 0.150870333
          0.240439 0.240439 0.240439 0.202933667 0.202933667 0.202933667 0.222279333 0.222279333 0.222279333
          0.250479 0.250479 0.250479 0.318940333 0.318940333 0.318940333 0.267696 0.267696 0.267696
          0.196044333 0.196044333 0.196044333 0.236415333 0.236415333 0.236415333 0.251781667 0.251781667 0.251781667
          0.213928243 0.213928243 0.213928243 0.11928825 0.11928825 0.11928825 0.138873417 0.138873417 0.138873417
          0.160535723 0.160535723 0.160535723 0.326398767 0.326398767 0.326398767 0.0662091 0.0662091 0.0662091
          0.109286667 0.109286667 0.109286667 0.0355128333 0.0355128333 0.0355128333 0.2908925 0.2908925 0.2908925
          0.318706833 0.318706833 0.318706833 0.234262833 0.234262833 0.234262833 0.213203667 0.213203667 0.213203667
          0.287242 0.287242 0.287242 0.208569333 0.208569333 0.208569333 0.0317006667 0.0317006667 0.0317006667
          0.0823003333 0.0823003333 0.0823003333 0.271421667 0.271421667 0.271421667 0.1862173 0.1862173 0.1862173
          0.291399 0.291399 0.291399 0.385519667 0.385519667 0.385519667 0.396818333 0.396818333 0.396818333
          0.404095 0.404095 0.404095 0.13771 0.13771 0.13771 0.0886174 0.0886174 0.0886174
          0.0694565333 0.0694565333 0.0694565333 0.0973668 0.0973668 0.0973668 0.373842 0.373842 0.373842
          0.411162667 0.411162667 0.411162667 0.273424333 0.273424333 0.273424333 0.300353333 0.300353333 0.300353333
          0.528115 0.528115 0.528115 0.526754 0.526754 0.526754 0.232546 0.232546 0.232546
          0.296172 0.296172 0.296172 0.24189 0.24189 0.24189 0.213067333 0.213067333 0.213067333
          0.0927740333 0.0927740333 0.0927740333 0.0421044333 0.0421044333 0.0421044333 0.000418866667 0.000418866667 0.000418866667
          0.0428977667 0.0428977667 0.0428977667 0.185989467 0.185989467 0.185989467 0.1118403 0.1118403 0.1118403
          0.3269325 0.3269325 0.3269325 0.279495833 0.279495833 0.279495833 0.154764367 0.154764367 0.154764367
          0.0860610667 0.0860610667 0.0860610667 0.0944484 0.0944484 0.0944484 0.0990475333 0.0990475333 0.0990475333
          0.0238642667 0.0238642667 0.0238642667 0.0767356667 0.0767356667 0.0767356667 0.0724086667 0.0724086667 0.0724086667
          0.309807 0.309807 0.309807 0.404222333 0.404222333 0.404222333 0.337833333 0.337833333 0.337833333
          0.157319533 0.157319533 0.157319533 0.149739867 0.149739867 0.149739867 0.322564333 0.322564333 0.322564333
          0.364884 0.364884 0.364884 0.0388457 0.0388457 0.0388457 0.0373947333 0.0373947333 0.0373947333
          0.160480333 0.160480333 0.160480333 0.131976 0.131976 0.131976 0.152013333 0.152013333 0.152013333
          0.170195333 0.170195333 0.170195333 0.125676333 0.125676333 0.125676333 0.128020333 0.128020333 0.128020333
          0.408868667 0.408868667 0.408868667 0.318653333 0.318653333 0.318653333 0.221536 0.221536 0.221536
          0.216099333 0.216099333 0.216099333 0.257231 0.257231 0.257231 0.243907667 0.243907667 0.243907667
          0.209856333 0.209856333 0.209856333 0.160644 0.160644 0.160644 0.215678333 0.215678333 0.215678333
          0.251206 0.251206 0.251206 0.205888667 0.205888667 0.205888667 0.256623333 0.256623333 0.256623333
          0.259215 0.259215 0.259215 0.218187 0.218187 0.218187 0.16724 0.16724 0.16724
          0.207087 0.207087 0.207087 0.160549333 0.160549333 0.160549333 0.201327333 0.201327333 0.201327333
          0.207423667 0.207423667 0.207423667 0.172361333 0.172361333 0.172361333 0.156131333 0.156131333 0.156131333
          0.294757333 0.294757333 0.294757333 0.342945333 0.342945333 0.342945333 0.209236333 0.209236333 0.209236333
          0.259756667 0.259756667 0.259756667 0.231246 0.231246 0.231246 0.187481667 0.187481667 0.187481667
          0.289454 0.289454 0.289454 0.271388 0.271388 0.271388 0.446643667 0.446643667 0.446643667
          0.437226 0.437226 0.437226 0.230432 0.230432 0.230432 0.188009667 0.188009667 0.188009667
          0.375237333 0.375237333 0.375237333 0.289889333 0.289889333 0.289889333 0.377053 0.377053 0.377053
          0.322736667 0.322736667 0.322736667 0.283731333 0.283731333 0.283731333 0.101434233 0.101434233 0.101434233
          0.112748993 0.112748993 0.112748993 0.257073 0.257073 0.257073 0.145412673 0.145412673 0.145412673
          0.314395 0.314395 0.314395 0.385661333 0.385661333 0.385661333 0.350428 0.350428 0.350428
          0.350942 0.350942 0.350942 0.391917667 0.391917667 0.391917667 0.338185667 0.338185667 0.338185667
          0.385641667 0.385641667 0.385641667 0.357667667 0.357667667 0.357667667 0.272024333 0.272024333 0.272024333
          0.424745333 0.424745333 0.424745333 0.384959333 0.384959333 0.384959333 0.354251333 0.354251333 0.354251333
          0.2360699 0.2360699 0.2360699 0.146928333 0.146928333 0.146928333 0.0552640333 0.0552640333 0.0552640333
          0.264437 0.264437 0.264437 0.404415333 0.404415333 0.404415333 0.389356333 0.389356333 0.389356333
          0.228195667 0.228195667 0.228195667 0.406353667 0.406353667 0.406353667 0.306520667 0.306520667 0.306520667
          0.245265667 0.245265667 0.245265667 0.0929171333 0.0929171333 0.0929171333 0.0650068667 0.0650068667 0.0650068667
          0.399575333 0.399575333 0.399575333 0.30294 0.30294 0.30294 0.228999 0.228999 0.228999
          0.223746 0.223746 0.223746 0.413661333 0.413661333 0.413661333 0.382601667 0.382601667 0.382601667
          0.456090333 0.456090333 0.456090333 0.543174 0.543174 0.543174 0.371185 0.371185 0.371185
          0.382581667 0.382581667 0.382581667 0.381784667 0.381784667 0.381784667 0.312399333 0.312399333 0.312399333
          0.526754 0.526754 0.526754 0.468842667 0.468842667 0.468842667 0.175441333 0.175441333 0.175441333
          0.168949667 0.168949667 0.168949667 0.369349667 0.369349667 0.369349667 0.405556667 0.405556667 0.405556667
          0.249949333 0.249949333 0.249949333 0.198751333 0.198751333 0.198751333 0.124810333 0.124810333 0.124810333
          0.0950931667 0.0950931667 0.0950931667 0.0108555 0.0108555 0.0108555 0.0074094 0.0074094 0.0074094
          0.343045667 0.343045667 0.343045667 0.388483 0.388483 0.388483 0.457750333 0.457750333 0.457750333
          0.460998667 0.460998667 0.460998667 0.236185333 0.236185333 0.236185333 0.276740333 0.276740333 0.276740333
          0.118300833 0.118300833 0.118300833 0.158661 0.158661 0.158661 0.0872353 0.0872353 0.0872353
          0.1164067 0.1164067 0.1164067 0.0811706333 0.0811706333 0.0811706333 0.0645695 0.0645695 0.0645695
          0.0297568333 0.0297568333 0.0297568333 0.0346539 0.0346539 0.0346539 0.240099 0.240099 0.240099
          0.180156533 0.180156533 0.180156533 0.252688 0.252688 0.252688 0.191964467 0.191964467 0.191964467
          0.234435467 0.234435467 0.234435467 0.172491667 0.172491667 0.172491667 0.119981933 0.119981933 0.119981933
          0.0100566 0.0100566 0.0100566 0.0406927667 0.0406927667 0.0406927667 0.1402341 0.1402341 0.1402341
          0.255974 0.255974 0.255974 0.100513067 0.100513067 0.100513067 0.0093628 0.0093628 0.0093628
          0.304461333 0.304461333 0.304461333 0.213155333 0.213155333 0.213155333 0.1735198 0.1735198 0.1735198
          0.136532133 0.136532133 0.136532133 0.0624149333 0.0624149333 0.0624149333 0.0609639667 0.0609639667 0.0609639667
          0.163215333 0.163215333 0.163215333 0.147273333 0.147273333 0.147273333 0.289412 0.289412 0.289412
          0.304880667 0.304880667 0.304880667 0.177096667 0.177096667 0.177096667 0.225023333 0.225023333 0.225023333
          0.276233667 0.276233667 0.276233667 0.304036333 0.304036333 0.304036333 0.191837333 0.191837333 0.191837333
          0.208294 0.208294 0.208294 0.266992 0.266992 0.266992 0.223028 0.223028 0.223028
          0.189582333 0.189582333 0.189582333 0.169534333 0.169534333 0.169534333 0.20684 0.20684 0.20684
          0.142404667 0.142404667 0.142404667 0.169374 0.169374 0.169374 0.215227667 0.215227667 0.215227667
          0.230098333 0.230098333 0.230098333 0.128308667 0.128308667 0.128308667 0.127372 0.127372 0.127372
          0.291125 0.291125 0.291125 0.291227 0.291227 0.291227 0.285353 0.285353 0.285353
          0.265516333 0.265516333 0.265516333 0.169697667 0.169697667 0.169697667 0.235928 0.235928 0.235928
          0.0329241333 0.0329241333 0.0329241333 0.156251667 0.156251667 0.156251667 0.122718667 0.122718667 0.122718667
          0.094555 0.094555 0.094555 0.0394568667 0.0394568667 0.0394568667 0.133108867 0.133108867 0.133108867
          0.244614467 0.244614467 0.244614467 0.2165838 0.2165838 0.2165838 0.322043667 0.322043667 0.322043667
          0.357569667 0.357569667 0.357569667 0.392721 0.392721 0.392721 0.273274667 0.273274667 0.273274667
          0.213489333 0.213489333 0.213489333 0.357552667 0.357552667 0.357552667 0.176877333 0.176877333 0.176877333
          0.0427686667 0.0427686667 0.0427686667 0.376745333 0.376745333 0.376745333 0.339365667 0.339365667 0.339365667
          0.370775667 0.370775667 0.370775667 0.302573333 0.302573333 0.302573333 0.318723333 0.318723333 0.318723333
          0.330955333 0.330955333 0.330955333 0.340036667 0.340036667 0.340036667 0.340135333 0.340135333 0.340135333
          0.0735896667 0.0735896667 0.0735896667 0.0081013 0.0081013 0.0081013 0.0962299667 0.0962299667 0.0962299667
          0.209772667 0.209772667 0.209772667 0.060863 0.060863 0.060863 0.133836667 0.133836667 0.133836667
          0.0515631967 0.0515631967 0.0515631967 0.07631543 0.07631543 0.07631543 0.0977318367 0.0977318367 0.0977318367
          0.03656547 0.03656547 0.03656547 0.196754867 0.196754867 0.196754867 0.0643678667 0.0643678667 0.0643678667
          0.0841063333 0.0841063333 0.0841063333 0.0222667333 0.0222667333 0.0222667333 0.250434333 0.250434333 0.250434333
          0.283295667 0.283295667 0.283295667 0.273346333 0.273346333 0.273346333 0.305673667 0.305673667 0.305673667
          0.190769837 0.190769837 0.190769837 0.171254837 0.171254837 0.171254837 0.114766067 0.114766067 0.114766067
          0.139433033 0.139433033 0.139433033 0.190179667 0.190179667 0.190179667 0.220923333 0.220923333 0.220923333
          0.248000667 0.248000667 0.248000667 0.256158 0.256158 0.256158 0.254195667 0.254195667 0.254195667
          0.253648667 0.253648667 0.253648667 0.03523137 0.03523137 0.03523137 0.0830706667 0.0830706667 0.0830706667
          0.208803633 0.208803633 0.208803633 0.10426867 0.10426867 0.10426867 0.112964967 0.112964967 0.112964967
          0.096546 0.096546 0.096546 0.128096667 0.128096667 0.128096667 0.2012113 0.2012113 0.2012113
          0.202321733 0.202321733 0.202321733 0.150294867 0.150294867 0.150294867 0.1763088 0.1763088 0.1763088
          0.160489333 0.160489333 0.160489333 0.165876667 0.165876667 0.165876667 0.127651667 0.127651667 0.127651667
          0.143113333 0.143113333 0.143113333 0.219283667 0.219283667 0.219283667 0.241319333 0.241319333 0.241319333
          0.0258418367 0.0258418367 0.0258418367 0.0159947333 0.0159947333 0.0159947333 0.0154846667 0.0154846667 0.0154846667
          0.0548024333 0.0548024333 0.0548024333 0.120659367 0.120659367 0.120659367 0.102290733 0.102290733 0.102290733
          0.162254367 0.162254367 0.162254367 0.225822333 0.225822333 0.225822333 0.226593667 0.226593667 0.226593667
          0.191128 0.191128 0.191128 0.197067333 0.197067333 0.197067333 0.20511 0.20511 0.20511
          0.187279 0.187279 0.187279 0.195619667 0.195619667 0.195619667 0.165423 0.165423 0.165423
          0.188745667 0.188745667 0.188745667 0.152122333 0.152122333 0.152122333 0.271597333 0.271597333 0.271597333
          0.244192 0.244192 0.244192 0.259094667 0.259094667 0.259094667 0.254758333 0.254758333 0.254758333
          0.390313 0.390313 0.390313 0.425904667 0.425904667 0.425904667 0.320995667 0.320995667 0.320995667
          0.371668 0.371668 0.371668 0.0948791367 0.0948791367 0.0948791367 0.147778767 0.147778767 0.147778767
          0.363757 0.363757 0.363757 0.30627 0.30627 0.30627 0.385557 0.385557 0.385557
          0.35678 0.35678 0.35678 0.148016 0.148016 0.148016 0.133421 0.133421 0.133421
          0.15723 0.15723 0.15723 0.1923228 0.1923228 0.1923228 0.222578533 0.222578533 0.222578533
          0.0637178667 0.0637178667 0.0637178667 0.258104533 0.258104533 0.258104533 0.134336667 0.134336667 0.134336667
          0.0718031333 0.0718031333 0.0718031333 0.0498795333 0.0498795333 0.0498795333 0.308943667 0.308943667 0.308943667
          0.281698333 0.281698333 0.281698333 0.1354081 0.1354081 0.1354081 0.141881433 0.141881433 0.141881433
          0.13026 0.13026 0.13026 0.135645333 0.135645333 0.135645333 0.258642533 0.258642533 0.258642533
          0.389968333 0.389968333 0.389968333 0.017289 0.017289 0.017289 0.129762 0.129762 0.129762
          0.230171333 0.230171333 0.230171333 0.154806433 0.154806433 0.154806433 0.240348 0.240348 0.240348
          0.227363333 0.227363333 0.227363333 0.155204333 0.155204333 0.155204333 0.150553667 0.150553667 0.150553667
          0.0373242333 0.0373242333 0.0373242333 0.0013297 0.0013297 0.0013297 0.0850437 0.0850437 0.0850437
          0.0853227333 0.0853227333 0.0853227333 0.213189667 0.213189667 0.213189667 0.2337 0.2337 0.2337
          0.100786567 0.100786567 0.100786567 0.1686258 0.1686258 0.1686258 0.00329083333 0.00329083333 0.00329083333
          0.0210830667 0.0210830667 0.0210830667 0.138222545 0.138222545 0.138222545 0.0643460447 0.0643460447 0.0643460447
          0.0943772333 0.0943772333 0.0943772333 0.142375733 0.142375733 0.142375733 0.163166333 0.163166333 0.163166333
          0.357861 0.357861 0.357861 0.366955667 0.366955667 0.366955667 0.294097 0.294097 0.294097
          0.275548667 0.275548667 0.275548667 0.24158 0.24158 0.24158 0.205367667 0.205367667 0.205367667
          0.279077333 0.279077333 0.279077333 0.294488333 0.294488333 0.294488333 0.213329667 0.213329667 0.213329667
          0.277443333 0.277443333 0.277443333 0.0751394113 0.0751394113 0.0751394113 0.1252752 0.1252752 0.1252752
          0.0130918 0.0130918 0.0130918 0.00126291133 0.00126291133 0.00126291133 0.1009863 0.1009863 0.1009863
          0.1392932 0.1392932 0.1392932 0.198601 0.198601 0.198601 0.241517333 0.241517333 0.241517333
          0.0892347333 0.0892347333 0.0892347333 0.103257133 0.103257133 0.103257133 0.339226333 0.339226333 0.339226333
          0.279503 0.279503 0.279503 0.1167419 0.1167419 0.1167419 0.0607073667 0.0607073667 0.0607073667
          0.0745221333 0.0745221333 0.0745221333 0.0248443333 0.0248443333 0.0248443333 0.0480946333 0.0480946333 0.0480946333
          0.104129167 0.104129167 0.104129167 0.116594367 0.116594367 0.116594367 0.301764333 0.301764333 0.301764333
          0.353115333 0.353115333 0.353115333 0.2077808 0.2077808 0.2077808 0.1732368 0.1732368 0.1732368
          0.0778929333 0.0778929333 0.0778929333 0.0268054667 0.0268054667 0.0268054667 0.0447702367 0.0447702367 0.0447702367
          0.0680418667 0.0680418667 0.0680418667 0.0383312 0.0383312 0.0383312 0.263116333 0.263116333 0.263116333
          0.21074 0.21074 0.21074 0.0314067333 0.0314067333 0.0314067333 0.1006268 0.1006268 0.1006268
          0.127490033 0.127490033 0.127490033 0.1222547 0.1222547 0.1222547 0.142049667 0.142049667 0.142049667
          0.321724333 0.321724333 0.321724333 0.312984 0.312984 0.312984 0.188336 0.188336 0.188336
          0.235202 0.235202 0.235202 0.297916333 0.297916333 0.297916333 0.277396 0.277396 0.277396
          0.33094 0.33094 0.33094 0.202354 0.202354 0.202354 0.257960333 0.257960333 0.257960333
          0.244989333 0.244989333 0.244989333 0.285813667 0.285813667 0.285813667 0.244677667 0.244677667 0.244677667
          0.229130333 0.229130333 0.229130333 0.257724 0.257724 0.257724 0.312762 0.312762 0.312762
          0.0962484667 0.0962484667 0.0962484667 0.0281268667 0.0281268667 0.0281268667 0.267788667 0.267788667 0.267788667
          0.243460667 0.243460667 0.243460667 0.413008667 0.413008667 0.413008667 0.2567096 0.2567096 0.2567096
          0.264438333 0.264438333 0.264438333 0.1864248 0.1864248 0.1864248 0.193031333 0.193031333 0.193031333
          0.281055333 0.281055333 0.281055333 0.220033667 0.220033667 0.220033667 0.246099333 0.246099333 0.246099333
          0.314183667 0.314183667 0.314183667 0.142769667 0.142769667 0.142769667 0.189858333 0.189858333 0.189858333
          0.3496762 0.3496762 0.3496762 0.2459129 0.2459129 0.2459129 0.439838333 0.439838333 0.439838333
          0.445846667 0.445846667 0.445846667 0.300070667 0.300070667 0.300070667 0.253074 0.253074 0.253074
          0.532612667 0.532612667 0.532612667 0.380098667 0.380098667 0.380098667 0.369988667 0.369988667 0.369988667
          0.538122 0.538122 0.538122 0.562776667 0.562776667 0.562776667 0.279124 0.279124 0.279124
          0.276384667 0.276384667 0.276384667 0.27455 0.27455 0.27455 0.255035333 0.255035333 0.255035333
          0.405632667 0.405632667 0.405632667 0.395987 0.395987 0.395987 0.425807 0.425807 0.425807
          0.481887333 0.481887333 0.481887333 0.423771667 0.423771667 0.423771667 0.494173667 0.494173667 0.494173667
          0.332091333 0.332091333 0.332091333 0.413275333 0.413275333 0.413275333 0.296405333 0.296405333 0.296405333
          0.216381667 0.216381667 0.216381667 0.0499973 0.0499973 0.0499973 0.137252667 0.137252667 0.137252667
          0.241079667 0.241079667 0.241079667 0.0620632 0.0620632 0.0620632 0.0437659367 0.0437659367 0.0437659367
          0.143488533 0.143488533 0.143488533 0.0646078 0.0646078 0.0646078 0.209242667 0.209242667 0.209242667
          0.236652667 0.236652667 0.236652667 0.199331333 0.199331333 0.199331333 0.126482733 0.126482733 0.126482733
          0.167575533 0.167575533 0.167575533 0.212053867 0.212053867 0.212053867 0.0519614 0.0519614 0.0519614
          0.0530928333 0.0530928333 0.0530928333 0.231069 0.231069 0.231069 0.253330667 0.253330667 0.253330667
          0.255462667 0.255462667 0.255462667 0.294792667 0.294792667 0.294792667 0.1265396 0.1265396 0.1265396
          0.0196026667 0.0196026667 0.0196026667 0.149136467 0.149136467 0.149136467 0.181641533 0.181641533 0.181641533
          0.1669828 0.1669828 0.1669828 0.175754667 0.175754667 0.175754667 0.1272938 0.1272938 0.1272938
          0.149149333 0.149149333 0.149149333 0.275873 0.275873 0.275873 0.293939 0.293939 0.293939
          0.212601167 0.212601167 0.212601167 0.341060167 0.341060167 0.341060167 0.196290533 0.196290533 0.196290533
          0.2509522 0.2509522 0.2509522 0.2918392 0.2918392 0.2918392 0.447473833 0.447473833 0.447473833
          0.2687745 0.2687745 0.2687745 0.0736083 0.0736083 0.0736083 0.0543583667 0.0543583667 0.0543583667
          0.156613133 0.156613133 0.156613133 0.1269515 0.1269515 0.1269515 0.128814833 0.128814833 0.128814833
          0.187483833 0.187483833 0.187483833 0.463991667 0.463991667 0.463991667 0.455991 0.455991 0.455991
          0.505284 0.505284 0.505284 0.388487667 0.388487667 0.388487667 0.334126 0.334126 0.334126
          0.345461333 0.345461333 0.345461333 0.337878667 0.337878667 0.337878667 0.413937667 0.413937667 0.413937667
          0.374578 0.374578 0.374578 0.26435 0.26435 0.26435 0.0683683333 0.0683683333 0.0683683333
          0.0352383333 0.0352383333 0.0352383333 0.2642525 0.2642525 0.2642525 0.382633167 0.382633167 0.382633167
          0.291208333 0.291208333 0.291208333 0.187070967 0.187070967 0.187070967 0.239150333 0.239150333 0.239150333
          0.256538333 0.256538333 0.256538333 0.164744667 0.164744667 0.164744667 0.150220667 0.150220667 0.150220667
          0.582191 0.582191 0.582191 0.551528 0.551528 0.551528 0.258037667 0.258037667 0.258037667
          0.252868667 0.252868667 0.252868667 0.267812 0.267812 0.267812 0.1422616 0.1422616 0.1422616
          0.0439446 0.0439446 0.0439446 0.0848356667 0.0848356667 0.0848356667 0.0773436667 0.0773436667 0.0773436667
          0.030038 0.030038 0.030038 0.205949 0.205949 0.205949 0.229502 0.229502 0.229502
          0.453405667 0.453405667 0.453405667 0.344091667 0.344091667 0.344091667 0.306757 0.306757 0.306757
          0.391416333 0.391416333 0.391416333 0.214963667 0.214963667 0.214963667 0.216094333 0.216094333 0.216094333
          0.212065667 0.212065667 0.212065667 0.244176667 0.244176667 0.244176667 0.230299667 0.230299667 0.230299667
          0.253244 0.253244 0.253244 0.298070667 0.298070667 0.298070667 0.375273667 0.375273667 0.375273667
          0.126907667 0.126907667 0.126907667 0.18338 0.18338 0.18338 0.298440667 0.298440667 0.298440667
          0.259542667 0.259542667 0.259542667 0.217599333 0.217599333 0.217599333 0.186119333 0.186119333 0.186119333
          0.02562507 0.02562507 0.02562507 0.0349411667 0.0349411667 0.0349411667 0.134179567 0.134179567 0.134179567
          0.216009333 0.216009333 0.216009333 0.0518245333 0.0518245333 0.0518245333 0.0560366667 0.0560366667 0.0560366667
          0.123459733 0.123459733 0.123459733 0.197801333 0.197801333 0.197801333 0.0499973 0.0499973 0.0499973
          0.0794684 0.0794684 0.0794684 0.0120453333 0.0120453333 0.0120453333 0.00902893 0.00902893 0.00902893
          0.0540385 0.0540385 0.0540385 0.0464924667 0.0464924667 0.0464924667 0.069794 0.069794 0.069794
          0.107921667 0.107921667 0.107921667 0.132465333 0.132465333 0.132465333 0.000188266667 0.000188266667 0.000188266667
          0.344755 0.344755 0.344755 0.291414667 0.291414667 0.291414667 0.0437768333 0.0437768333 0.0437768333
          0.0449082667 0.0449082667 0.0449082667 0.237494333 0.237494333 0.237494333 0.229384 0.229384 0.229384
          0.1698159 0.1698159 0.1698159 0.1604969 0.1604969 0.1604969 0.00911193667 0.00911193667 0.00911193667
          0.0189664667 0.0189664667 0.0189664667 0.539448333 0.539448333 0.539448333 0.484487 0.484487 0.484487
          0.477849333 0.477849333 0.477849333 0.407451667 0.407451667 0.407451667 0.297820333 0.297820333 0.297820333
          0.244424 0.244424 0.244424 0.129527333 0.129527333 0.129527333 0.138835333 0.138835333 0.138835333
          0.319206333 0.319206333 0.319206333 0.334968 0.334968 0.334968 0.207403333 0.207403333 0.207403333
          0.228671333 0.228671333 0.228671333 0.243342667 0.243342667 0.243342667 0.220589667 0.220589667 0.220589667
          0.231615333 0.231615333 0.231615333 0.212544333 0.212544333 0.212544333 0.157683333 0.157683333 0.157683333
          0.166868 0.166868 0.166868 0.188599667 0.188599667 0.188599667 0.197086333 0.197086333 0.197086333
          0.151375333 0.151375333 0.151375333 0.443202333 0.443202333 0.443202333 0.433210333 0.433210333 0.433210333
          0.208847333 0.208847333 0.208847333 0.267206667 0.267206667 0.267206667 0.1078518 0.1078518 0.1078518
          0.113754667 0.113754667 0.113754667 0.126077333 0.126077333 0.126077333 0.114590667 0.114590667 0.114590667
          0.114225667 0.114225667 0.114225667 0.190557333 0.190557333 0.190557333 0.248621 0.248621 0.248621
          0.292767333 0.292767333 0.292767333 0.145492333 0.145492333 0.145492333 0.15411 0.15411 0.15411
          0.254413333 0.254413333 0.254413333 0.194034333 0.194034333 0.194034333 0.213841333 0.213841333 0.213841333
          0.225853 0.225853 0.225853 0.497167333 0.497167333 0.497167333 0.512929 0.512929 0.512929
          0.145021 0.145021 0.145021 0.213336 0.213336 0.213336 0.447314 0.447314 0.447314
          0.453083667 0.453083667 0.453083667 0.196292333 0.196292333 0.196292333 0.278546667 0.278546667 0.278546667
          0.212972333 0.212972333 0.212972333 0.207422 0.207422 0.207422 0.345566 0.345566 0.345566
          0.291622333 0.291622333 0.291622333 0.222736 0.222736 0.222736 0.234107333 0.234107333 0.234107333
          0.0933567667 0.0933567667 0.0933567667 0.107689467 0.107689467 0.107689467 0.266172867 0.266172867 0.266172867
          0.148076867 0.148076867 0.148076867 0.436987333 0.436987333 0.436987333 0.445623667 0.445623667 0.445623667
          0.338735333 0.338735333 0.338735333 0.0510482 0.0510482 0.0510482 0.139378833 0.139378833 0.139378833
          0.142979133 0.142979133 0.142979133 0.291110833 0.291110833 0.291110833 0.112434667 0.112434667 0.112434667
          0.0205903667 0.0205903667 0.0205903667 0.272055333 0.272055333 0.272055333 0.244675667 0.244675667 0.244675667
          0.167873667 0.167873667 0.167873667 0.146030667 0.146030667 0.146030667 0.191045333 0.191045333 0.191045333
          0.183187667 0.183187667 0.183187667 0.1025757 0.1025757 0.1025757 0.126716333 0.126716333 0.126716333
          0.211233 0.211233 0.211233 0.216862333 0.216862333 0.216862333 0.112968 0.112968 0.112968
          0.0947033667 0.0947033667 0.0947033667 0.134605133 0.134605133 0.134605133 0.106357833 0.106357833 0.106357833
          0.229514 0.229514 0.229514 0.242127333 0.242127333 0.242127333 0.1386874 0.1386874 0.1386874
          0.1356174 0.1356174 0.1356174 0.192145667 0.192145667 0.192145667 0.268375 0.268375 0.268375
          0.176361333 0.176361333 0.176361333 0.237083 0.237083 0.237083 0.330181467 0.330181467 0.330181467
          0.232691333 0.232691333 0.232691333 0.0956741667 0.0956741667 0.0956741667 0.0869161667 0.0869161667 0.0869161667
          0.146004 0.146004 0.146004 0.148886 0.148886 0.148886 0.139729433 0.139729433 0.139729433
          0.152064833 0.152064833 0.152064833 0.0984855 0.0984855 0.0984855 0.138666133 0.138666133 0.138666133
          0.1080708 0.1080708 0.1080708 0.121497133 0.121497133 0.121497133 0.1416088 0.1416088 0.1416088
          0.116249133 0.116249133 0.116249133 0.179037667 0.179037667 0.179037667 0.190685 0.190685 0.190685
          0.197451333 0.197451333 0.197451333 0.200039667 0.200039667 0.200039667 0.00556583333 0.00556583333 0.00556583333
          0.115959167 0.115959167 0.115959167 0.075562 0.075562 0.075562 0.0386233333 0.0386233333 0.0386233333
          0.171886333 0.171886333 0.171886333 0.151571667 0.151571667 0.151571667 0.188580667 0.188580667 0.188580667
          0.178652667 0.178652667 0.178652667 0.160107733 0.160107733 0.160107733 0.0952357333 0.0952357333 0.0952357333
          0.286706333 0.286706333 0.286706333 0.310175333 0.310175333 0.310175333 0.257172333 0.257172333 0.257172333
          0.277641333 0.277641333 0.277641333 0.231468667 0.231468667 0.231468667 0.306626667 0.306626667 0.306626667
          0.0869863667 0.0869863667 0.0869863667 0.0832121333 0.0832121333 0.0832121333 0.1136381 0.1136381 0.1136381
          0.0324596333 0.0324596333 0.0324596333 0.129166667 0.129166667 0.129166667 0.271449 0.271449 0.271449
          0.229989333 0.229989333 0.229989333 0.152483133 0.152483133 0.152483133 0.451516667 0.451516667 0.451516667
          0.366788667 0.366788667 0.366788667 0.39153103 0.39153103 0.39153103 0.24019903 0.24019903 0.24019903
          0.0754473033 0.0754473033 0.0754473033 0.257307637 0.257307637 0.257307637 0.0311606667 0.0311606667 0.0311606667
          0.106275667 0.106275667 0.106275667 0.0173759333 0.0173759333 0.0173759333 0.170214433 0.170214433 0.170214433
          0.1806931 0.1806931 0.1806931 0.442905 0.442905 0.442905 0.509509 0.509509 0.509509
          0.391932333 0.391932333 0.391932333 0.246524 0.246524 0.246524 0.375521333 0.375521333 0.375521333
          0.342907667 0.342907667 0.342907667 0.324546667 0.324546667 0.324546667 0.395218 0.395218 0.395218
          0.404477333 0.404477333 0.404477333 0.376702333 0.376702333 0.376702333 0.183627333 0.183627333 0.183627333
          0.172715333 0.172715333 0.172715333 0.1316094 0.1316094 0.1316094 0.193438667 0.193438667 0.193438667
          0.174738333 0.174738333 0.174738333 0.1336324 0.1336324 0.1336324 0.107383133 0.107383133 0.107383133
          0.229185333 0.229185333 0.229185333 0.239284667 0.239284667 0.239284667 0.234987 0.234987 0.234987
          0.248472 0.248472 0.248472 0.120867067 0.120867067 0.120867067 0.1301584 0.1301584 0.1301584
          0.0987618 0.0987618 0.0987618 0.0885555333 0.0885555333 0.0885555333 0.288572333 0.288572333 0.288572333
          0.276687 0.276687 0.276687 0.142409033 0.142409033 0.142409033 0.203490167 0.203490167 0.203490167
          0.167805833 0.167805833 0.167805833 0.107361967 0.107361967 0.107361967 0.606849 0.606849 0.606849
          0.400985867 0.400985867 0.400985867 0.2155022 0.2155022 0.2155022 0.250661667 0.250661667 0.250661667
          0.195882363 0.195882363 0.195882363 0.0549766367 0.0549766367 0.0549766367 0.260676637 0.260676637 0.260676637
          0.34300997 0.34300997 0.34300997 0.241542333 0.241542333 0.241542333 0.060385 0.060385 0.060385
          0.075978 0.075978 0.075978 0.303519667 0.303519667 0.303519667 0.236547667 0.236547667 0.236547667
          0.283969333 0.283969333 0.283969333 0.212579667 0.212579667 0.212579667 0.270906333 0.270906333 0.270906333
          0.240427333 0.240427333 0.240427333 0.330816 0.330816 0.330816 0.27796 0.27796 0.27796
          0.0215971667 0.0215971667 0.0215971667 0.0436373667 0.0436373667 0.0436373667 0.246813667 0.246813667 0.246813667
          0.229994333 0.229994333 0.229994333 0.397925667 0.397925667 0.397925667 0.207817167 0.207817167 0.207817167
          0.0306568333 0.0306568333 0.0306568333 0.080685 0.080685 0.080685 0.0852687 0.0852687 0.0852687
          0.179291833 0.179291833 0.179291833 0.114215833 0.114215833 0.114215833 0.137901167 0.137901167 0.137901167
          0.234183333 0.234183333 0.234183333 0.280173333 0.280173333 0.280173333 0.224694433 0.224694433 0.224694433
          0.103612267 0.103612267 0.103612267 0.182777567 0.182777567 0.182777567 0.0735480667 0.0735480667 0.0735480667
          0.186565767 0.186565767 0.186565767 0.2339481 0.2339481 0.2339481 0.0952357333 0.0952357333 0.0952357333
          0.0228216 0.0228216 0.0228216 0.327016333 0.327016333 0.327016333 0.416305667 0.416305667 0.416305667
          0.486168667 0.486168667 0.486168667 0.488620667 0.488620667 0.488620667 0.431399333 0.431399333 0.431399333
          0.422145667 0.422145667 0.422145667 0.418757667 0.418757667 0.418757667 0.36701 0.36701 0.36701
          0.190029333 0.190029333 0.190029333 0.249602333 0.249602333 0.249602333 0.327102 0.327102 0.327102
          0.404727333 0.404727333 0.404727333 0.316367333 0.316367333 0.316367333 0.299294667 0.299294667 0.299294667
          0.048631 0.048631 0.048631 0.0756797667 0.0756797667 0.0756797667 0.1553862 0.1553862 0.1553862
          0.1378728 0.1378728 0.1378728 0.116292433 0.116292433 0.116292433 0.1400602 0.1400602 0.1400602
          0.227559 0.227559 0.227559 0.296874667 0.296874667 0.296874667 0.298055667 0.298055667 0.298055667
          0.286252667 0.286252667 0.286252667 0.0188071667 0.0188071667 0.0188071667 0.0804643 0.0804643 0.0804643
          0.0530653667 0.0530653667 0.0530653667 0.0228241667 0.0228241667 0.0228241667 0.177266167 0.177266167 0.177266167
          0.140564167 0.140564167 0.140564167 0.107405667 0.107405667 0.107405667 0.192133667 0.192133667 0.192133667
          0.116467 0.116467 0.116467 0.0330371333 0.0330371333 0.0330371333 0.0155507 0.0155507 0.0155507
          0.0513748667 0.0513748667 0.0513748667 0.0628625 0.0628625 0.0628625 0.0311118333 0.0311118333 0.0311118333
          0.288164333 0.288164333 0.288164333 0.219838667 0.219838667 0.219838667 0.155469 0.155469 0.155469
          0.169118333 0.169118333 0.169118333 0.214896 0.214896 0.214896 0.222408667 0.222408667 0.222408667
          0.217916 0.217916 0.217916 0.219085 0.219085 0.219085 0.218666 0.218666 0.218666
          0.196335 0.196335 0.196335 0.1276274 0.1276274 0.1276274 0.172577 0.172577 0.172577
          0.214256667 0.214256667 0.214256667 0.232144333 0.232144333 0.232144333 0.191241333 0.191241333 0.191241333
          0.189955 0.189955 0.189955 0.194308333 0.194308333 0.194308333 0.202867 0.202867 0.202867
          0.208323667 0.208323667 0.208323667 0.197251 0.197251 0.197251 0.270125333 0.270125333 0.270125333
          0.240039 0.240039 0.240039 0.20788 0.20788 0.20788 0.157722667 0.157722667 0.157722667
          0.113897733 0.113897733 0.113897733 0.109138733 0.109138733 0.109138733 0.117317067 0.117317067 0.117317067
          0.1087998 0.1087998 0.1087998 0.556205333 0.556205333 0.556205333 0.464085333 0.464085333 0.464085333
          0.313111667 0.313111667 0.313111667 0.393089667 0.393089667 0.393089667 0.257079667 0.257079667 0.257079667
          0.318973667 0.318973667 0.318973667 0.358050667 0.358050667 0.358050667 0.375314667 0.375314667 0.375314667
          0.309369 0.309369 0.309369 0.0928416667 0.0928416667 0.0928416667 0.1090984 0.1090984 0.1090984
          0.254419467 0.254419467 0.254419467 0.1406726 0.1406726 0.1406726 0.574539333 0.574539333 0.574539333
          0.526024 0.526024 0.526024 0.536306667 0.536306667 0.536306667 0.534178333 0.534178333 0.534178333
          0.130247133 0.130247133 0.130247133 0.274557 0.274557 0.274557 0.354806333 0.354806333 0.354806333
          0.331982333 0.331982333 0.331982333 0.446821333 0.446821333 0.446821333 0.430568333 0.430568333 0.430568333
          0.183107 0.183107 0.183107 0.263443 0.263443 0.263443 0.184586 0.184586 0.184586
          0.154111333 0.154111333 0.154111333
        </DataArray>
        <DataArray type="Float32" Name="pressurePa" format="ascii">
          2999.98 2999.98 2999.98 2596.67 2596.67 2596.67 -1538.23 -1538.23 -1538.23
          -1539.35 -1539.35 -1539.35 -1600.26333 -1600.26333 -1600.26333 -1568.32667 -1568.32667 -1568.32667
          -1582.99 -1582.99 -1582.99 -1619.40667 -1619.40667 -1619.40667 -173.331 -173.331 -173.331
          -90.25329 -90.25329 -90.25329 -624.822957 -624.822957 -624.822957 -1497.79 -1497.79 -1497.79
          -1491.69667 -1491.69667 -1491.69667 -1480.75667 -1480.75667 -1480.75667 -1458.87333 -1458.87333 -1458.87333
          -1488.81333 -1488.81333 -1488.81333 -1506.65 -1506.65 -1506.65 -868.353 -868.353 -868.353
          -993.675333 -993.675333 -993.675333 -1499.14 -1499.14 -1499.14 -1507.4 -1507.4 -1507.4
          -1537.49667 -1537.49667 -1537.49667 -1539.22 -1539.22 -1539.22 -1474.15333 -1474.15333 -1474.15333
          -1488.2 -1488.2 -1488.2 -995.427333 -995.427333 -995.427333 -871.967333 -871.967333 -871.967333
          -446.637167 -446.637167 -446.637167 -314.9935 -314.9935 -314.9935 -1531.19333 -1531.19333 -1531.19333
          -1527.90667 -1527.90667 -1527.90667 -1603.33667 -1603.33667 -1603.33667 -1574.83333 -1574.83333 -1574.83333
          -1536.76667 -1536.76667 -1536.76667 -1548.73667 -1548.73667 -1548.73667 -918.816 -918.816 -918.816
          -1058.22467 -1058.22467 -1058.22467 -261.469667 -261.469667 -261.469667 -330.469333 -330.469333 -330.469333
          -714.115 -714.115 -714.115 -1079.57933 -1079.57933 -1079.57933 -936.05 -936.05 -936.05
          -1515.58 -1515.58 -1515.58 -1509.98 -1509.98 -1509.98 -1315.43 -1315.43 -1315.43
          1042.871 1042.871 1042.871 529.91271 529.91271 529.91271 614.73571 614.73571 614.73571
          1055.004 1055.004 1055.004 -1358.79 -1358.79 -1358.79 -1368.93 -1368.93 -1368.93
          -1172.34 -1172.34 -1172.34 -654.103333 -654.103333 -654.103333 -699.727 -699.727 -699.727
          -1421.57 -1421.57 -1421.57 -1397.54 -1397.54 -1397.54 -1195.57333 -1195.57333 -1195.57333
          -700.738333 -700.738333 -700.738333 -654.022667 -654.022667 -654.022667 -1267.61333 -1267.61333 -1267.61333
          -1471.75333 -1471.75333 -1471.75333 -1491.57333 -1491.57333 -1491.57333 -678.543333 -678.543333 -678.543333
          -730.390667 -730.390667 -730.390667 -743.007333 -743.007333 -743.007333 -690.010667 -690.010667 -690.010667
          1128.111 1128.111 1128.111 1363.45433 1363.45433 1363.45433 1225.30667 1225.30667 1225.30667
          1404.48667 1404.48667 1404.48667 2186.72 2186.72 2186.72 2350.33667 2350.33667 2350.33667
          3205.56667 3205.56667 3205.56667 3515.10667 3515.10667 3515.10667 613.860333 613.860333 613.860333
          1083.26367 1083.26367 1083.26367 739.103 739.103 739.103 1372.123 1372.123 1372.123
          2418.42333 2418.42333 2418.42333 2348.57667 2348.57667 2348.57667 764.041667 764.041667 764.041667
          1245.12033 1245.12033 1245.12033 991.795667 991.795667 991.795667 1542.721 1542.721 1542.721
          1949.95667 1949.95667 1949.95667 2125.53667 2125.53667 2125.53667 2585.01 2585.01 2585.01
          3110.77 3110.77 3110.77 993.055333 993.055333 993.055333 1526.013 1526.013 1526.013
          1192.76233 1192.76233 1192.76233 1575.78667 1575.78667 1575.78667 1963.44 1963.44 1963.44
          2565.28333 2565.28333 2565.28333 1616.56 1616.56 1616.56 1815.09333 1815.09333 1815.09333
          1605.92667 1605.92667 1605.92667 1748.29667 1748.29667 1748.29667 -960.250333 -960.250333 -960.250333
          -1120.69233 -1120.69233 -1120.69233 -1178.98233 -1178.98233 -1178.98233 -1053.40133 -1053.40133 -1053.40133
          -1143.91567 -1143.91567 -1143.91567 -979.302 -979.302 -979.302 716.805633 716.805633 716.805633
          640.628633 640.628633 640.628633 117.282633 117.282633 117.282633 -414.3337 -414.3337 -414.3337
          -599.392367 -599.392367 -599.392367 -448.774333 -448.774333 -448.774333 -178.029623 -178.029623 -178.029623
          -1129.09667 -1129.09667 -1129.09667 -1230.02667 -1230.02667 -1230.02667 -1268.88 -1268.88 -1268.88
          -1196.57667 -1196.57667 -1196.57667 -1200.74667 -1200.74667 -1200.74667 -1112.25667 -1112.25667 -1112.25667
          -861.574667 -861.574667 -861.574667 -964.483667 -964.483667 -964.483667 -973.159 -973.159 -973.159
          -867.331 -867.331 -867.331 -1191.647 -1191.647 -1191.647 -988.058667 -988.058667 -988.058667
          -788.535 -788.535 -788.535 -1074.43633 -1074.43633 -1074.43633 -1185.11933 -1185.11933 -1185.11933
          -533.073133 -533.073133 -533.073133 -175.408467 -175.408467 -175.408467 -72.8576667 -72.8576667 -72.8576667
          -379.813667 -379.813667 -379.813667 -890.376667 -890.376667 -890.376667 -1116.986 -1116.986 -1116.986
          -151.8553 -151.8553 -151.8553 -505.137667 -505.137667 -505.137667 -422.824667 -422.824667 -422.824667
          -1252.54 -1252.54 -1252.54 -1177.08333 -1177.08333 -1177.08333 -1229.99 -1229.99 -1229.99
          -1132.76 -1132.76 -1132.76 -1110.63667 -1110.63667 -1110.63667 -1183.10667 -1183.10667 -1183.10667
          -968.147 -968.147 -968.147 -866.460333 -866.460333 -866.460333 -866.857 -866.857 -866.857
          -976.043 -976.043 -976.043 -552.2383 -552.2383 -552.2383 -275.747133 -275.747133 -275.747133
          -500.8185 -500.8185 -500.8185 -799.112 -799.112 -799.112 -1024.07267 -1024.07267 -1024.07267
          -1202.15867 -1202.15867 -1202.15867 -979.720333 -979.720333 -979.720333 -1179.60867 -1179.60867 -1179.60867
          -1080.47733 -1080.47733 -1080.47733 -919.908667 -919.908667 -919.908667 -64.7215333 -64.7215333 -64.7215333
          132.065467 132.065467 132.065467 401.223633 401.223633 401.223633 -559.0507 -559.0507 -559.0507
          -363.015033 -363.015033 -363.015033 -1220.48 -1220.48 -1220.48 -1240.17667 -1240.17667 -1240.17667
          -1134.47667 -1134.47667 -1134.47667 -1199.50667 -1199.50667 -1199.50667 -1219.06667 -1219.06667 -1219.06667
          -1162.90333 -1162.90333 -1162.90333 -901.303667 -901.303667 -901.303667 -995.379 -995.379 -995.379
          -1020.431 -1020.431 -1020.431 -914.339 -914.339 -914.339 -1139.48767 -1139.48767 -1139.48767
          -1011.59667 -1011.59667 -1011.59667 -1098.81767 -1098.81767 -1098.81767 -895.668333 -895.668333 -895.668333
          -957.858667 -957.858667 -957.858667 -1110.87233 -1110.87233 -1110.87233 -213.863333 -213.863333 -213.863333
          -427.331 -427.331 -427.331 -538.3648 -538.3648 -538.3648 -448.612467 -448.612467 -448.612467
          -64.9668 -64.9668 -64.9668 297.733867 297.733867 297.733867 403.828867 403.828867 403.828867
          309.040533 309.040533 309.040533 -1269.61 -1269.61 -1269.61 -1248.86 -1248.86 -1248.86
          -1214.27333 -1214.27333 -1214.27333 -1141.93 -1141.93 -1141.93 -1171.25 -1171.25 -1171.25
          -1239.01333 -1239.01333 -1239.01333 -1007.33633 -1007.33633 -1007.33633 -915.400333 -915.400333 -915.400333
          -927.260333 -927.260333 -927.260333 -1028.77767 -1028.77767 -1028.77767 -825.759333 -825.759333 -825.759333
          -916.697333 -916.697333 -916.697333 -1005.279 -1005.279 -1005.279 -843.415333 -843.415333 -843.415333
          -935.822 -935.822 -935.822 -835.252667 -835.252667 -835.252667 -1185.44433 -1185.44433 -1185.44433
          -1405.71333 -1405.71333 -1405.71333 -1429.84 -1429.84 -1429.84 -1214.65833 -1214.65833 -1214.65833
          -898.741667 -898.741667 -898.741667 -774.199 -774.199 -774.199 -828.124667 -828.124667 -828.124667
          -756.598 -756.598 -756.598 -765.089 -765.089 -765.089 -848.354333 -848.354333 -848.354333
          -1256.74333 -1256.74333 -1256.74333 -1064.81167 -1064.81167 -1064.81167 -1102.706 -1102.706 -1102.706
          -1292.22333 -1292.22333 -1292.22333 -619.558667 -619.558667 -619.558667 -602.896 -602.896 -602.896
          -619.173 -619.173 -619.173 -631.669667 -631.669667 -631.669667 -605.44 -605.44 -605.44
          -622.559667 -622.559667 -622.559667 -642.293333 -642.293333 -642.293333 -692.948667 -692.948667 -692.948667
          -696.385 -696.385 -696.385 -645.150667 -645.150667 -645.150667 166.040033 166.040033 166.040033
          281.074667 281.074667 281.074667 406.317333 406.317333 406.317333 411.591333 411.591333 411.591333
          -766.974667 -766.974667 -766.974667 -835.731333 -835.731333 -835.731333 -929.345333 -929.345333 -929.345333
          -783.287 -783.287 -783.287 -894.314 -894.314 -894.314 -794.111667 -794.111667 -794.111667
          -1353.11667 -1353.11667 -1353.11667 -1163.061 -1163.061 -1163.061 -1072.41833 -1072.41833 -1072.41833
          -1272.18667 -1272.18667 -1272.18667 -625.430667 -625.430667 -625.430667 -639.701333 -639.701333 -639.701333
          -603.956333 -603.956333 -603.956333 -623.389 -623.389 -623.389 -633.782667 -633.782667 -633.782667
          -615.432333 -615.432333 -615.432333 -695.231333 -695.231333 -695.231333 -643.353667 -643.353667 -643.353667
          -649.739 -649.739 -649.739 -696.681333 -696.681333 -696.681333 118.131867 118.131867 118.131867
          221.491167 221.491167 221.491167 -972.112667 -972.112667 -972.112667 -830.252333 -830.252333 -830.252333
          -870.921 -870.921 -870.921 -794.744333 -794.744333 -794.744333 -823.533333 -823.533333 -823.533333
          -927.885333 -927.885333 -927.885333 -1206.72167 -1206.72167 -1206.72167 -1413.99 -1413.99 -1413.99
          -1344.59667 -1344.59667 -1344.59667 -1125.27267 -1125.27267 -1125.27267 -655.103667 -655.103667 -655.103667
          -642.035 -642.035 -642.035 -634.389 -634.389 -634.389 -610.180667 -610.180667 -610.180667
          -628.622 -628.622 -628.622 -650.110667 -650.110667 -650.110667 -649.891333 -649.891333 -649.891333
          -712.878333 -712.878333 -712.878333 -723.083 -723.083 -723.083 -665.086 -665.086 -665.086
          718.730333 718.730333 718.730333 425.029333 425.029333 425.029333 472.635667 472.635667 472.635667
          1042.871 1042.871 1042.871 -652.710333 -652.710333 -652.710333 -669.129333 -669.129333 -669.129333
          -623.858667 -623.858667 -623.858667 -651.473333 -651.473333 -651.473333 -656.97 -656.97 -656.97
          -631.698667 -631.698667 -631.698667 -722.357667 -722.357667 -722.357667 -658.165333 -658.165333 -658.165333
          -668.162667 -668.162667 -668.162667 -730.734333 -730.734333 -730.734333 -2074.84333 -2074.84333 -2074.84333
          -2533.32333 -2533.32333 -2533.32333 -3195.93 -3195.93 -3195.93 -3097.62667 -3097.62667 -3097.62667
          -2835.3 -2835.3 -2835.3 -2753.20667 -2753.20667 -2753.20667 -2698.45 -2698.45 -2698.45
          -2738.11333 -2738.11333 -2738.11333 -73.939 -73.939 -73.939 237.185 237.185 237.185
          -1352.94167 -1352.94167 -1352.94167 -2074.84333 -2074.84333 -2074.84333 2714.347 2714.347 2714.347
          3013.897 3013.897 3013.897 3022.578 3022.578 3022.578 2901.018 2901.018 2901.018
          4800.56333 4800.56333 4800.56333 5291.22 5291.22 5291.22 5488.52667 5488.52667 5488.52667
          -3152.21 -3152.21 -3152.21 -3065.67667 -3065.67667 -3065.67667 2890.46733 2890.46733 2890.46733
          3226.824 3226.824 3226.824 5646.47 5646.47 5646.47 5607.7 5607.7 5607.7
          5089.45333 5089.45333 5089.45333 5511.11667 5511.11667 5511.11667 -1345.35367 -1345.35367 -1345.35367
          -2347.11267 -2347.11267 -2347.11267 -2447.58067 -2447.58067 -2447.58067 -2332.034 -2332.034 -2332.034
          -3174.15667 -3174.15667 -3174.15667 -3160.93333 -3160.93333 -3160.93333 -1628.30133 -1628.30133 -1628.30133
          -1506.02833 -1506.02833 -1506.02833 -3265.99 -3265.99 -3265.99 -3201.81 -3201.81 -3201.81
          4436.04333 4436.04333 4436.04333 5179.5 5179.5 5179.5 5116.55333 5116.55333 5116.55333
          4880.88667 4880.88667 4880.88667 4427.16 4427.16 4427.16 5417.4 5417.4 5417.4
          5582.17333 5582.17333 5582.17333 5585.65 5585.65 5585.65 5782.48 5782.48 5782.48
          5680.65333 5680.65333 5680.65333 -3336.84 -3336.84 -3336.84 -3437.29667 -3437.29667 -3437.29667
          -3431.92333 -3431.92333 -3431.92333 -3368.65667 -3368.65667 -3368.65667 -3399.86333 -3399.86333 -3399.86333
          -2554.79467 -2554.79467 -2554.79467 -2433.798 -2433.798 -2433.798 -3409.99667 -3409.99667 -3409.99667
          -1635.21067 -1635.21067 -1635.21067 -1438.41733 -1438.41733 -1438.41733 -3146.31 -3146.31 -3146.31
          -3211.97333 -3211.97333 -3211.97333 1277.07003 1277.07003 1277.07003 2614.036 2614.036 2614.036
          -2308.28067 -2308.28067 -2308.28067 -1221.3433 -1221.3433 -1221.3433 5521.33667 5521.33667 5521.33667
          5563.84667 5563.84667 5563.84667 5824.1 5824.1 5824.1 5814.75 5814.75 5814.75
          5679.39667 5679.39667 5679.39667 5577.36333 5577.36333 5577.36333 5716.39 5716.39 5716.39
          5785.26333 5785.26333 5785.26333 -2994.38667 -2994.38667 -2994.38667 -3122.14667 -3122.14667 -3122.14667
          -3073.04 -3073.04 -3073.04 -3001.55333 -3001.55333 -3001.55333 -2786.77667 -2786.77667 -2786.77667
          -2538.90667 -2538.90667 -2538.90667 -2541.6 -2541.6 -2541.6 -2711.99 -2711.99 -2711.99
          -2811.07333 -2811.07333 -2811.07333 -3141.74333 -3141.74333 -3141.74333 -3044.11 -3044.11 -3044.11
          -2997.12 -2997.12 -2997.12 -3296.78667 -3296.78667 -3296.78667 -3202.92667 -3202.92667 -3202.92667
          -2748.21 -2748.21 -2748.21 -2939.24 -2939.24 -2939.24 -1549.19633 -1549.19633 -1549.19633
          -2416.96633 -2416.96633 -2416.96633 1059.98602 1059.98602 1059.98602 -484.10731 -484.10731 -484.10731
          -1465.89431 -1465.89431 -1465.89431 -2065.59098 -2065.59098 -2065.59098 -1788.33867 -1788.33867 -1788.33867
          -2626.55533 -2626.55533 -2626.55533 1087.894 1087.894 1087.894 -699.862667 -699.862667 -699.862667
          -1774.474 -1774.474 -1774.474 -2410.62067 -2410.62067 -2410.62067 -2202.64867 -2202.64867 -2202.64867
          -1622.29867 -1622.29867 -1622.29867 -2772.94333 -2772.94333 -2772.94333 -2594.85 -2594.85 -2594.85
          -1962.57 -1962.57 -1962.57 -920.618333 -920.618333 -920.618333 -3084.78667 -3084.78667 -3084.78667
          -3200.77667 -3200.77667 -3200.77667 -3176.57333 -3176.57333 -3176.57333 -3196.56333 -3196.56333 -3196.56333
          -2412.79133 -2412.79133 -2412.79133 -1526.30367 -1526.30367 -1526.30367 -2577.84567 -2577.84567 -2577.84567
          1975.844 1975.844 1975.844 874.239333 874.239333 874.239333 -526.991 -526.991 -526.991
          909.044667 909.044667 909.044667 2154.61236 2154.61236 2154.61236 1082.12769 1082.12769 1082.12769
          -137.084977 -137.084977 -137.084977 -1208.39031 -1208.39031 -1208.39031 -1698.24233 -1698.24233 -1698.24233
          -1580.16133 -1580.16133 -1580.16133 -2761.28 -2761.28 -2761.28 -2918.33333 -2918.33333 -2918.33333
          -2590.89 -2590.89 -2590.89 -2577.80333 -2577.80333 -2577.80333 -2763.43 -2763.43 -2763.43
          4107.35667 4107.35667 4107.35667 4002.34 4002.34 4002.34 2178.91467 2178.91467 2178.91467
          637.342333 637.342333 637.342333 -1005.241 -1005.241 -1005.241 -1956.592 -1956.592 -1956.592
          2072.33833 2072.33833 2072.33833 3407.80333 3407.80333 3407.80333 1235.91167 1235.91167 1235.91167
          -726.308333 -726.308333 -726.308333 -3738.87667 -3738.87667 -3738.87667 -3774.99667 -3774.99667 -3774.99667
          -1902.13633 -1902.13633 -1902.13633 -2651.32967 -2651.32967 -2651.32967 -2727.772 -2727.772 -2727.772
          -1942.45867 -1942.45867 -1942.45867 -3387.23 -3387.23 -3387.23 -3405.74667 -3405.74667 -3405.74667
          -3571.39333 -3571.39333 -3571.39333 -3673.96333 -3673.96333 -3673.96333 4698.32 4698.32 4698.32
          4817.49333 4817.49333 4817.49333 4098.24333 4098.24333 4098.24333 3336.03333 3336.03333 3336.03333
          -3645.68 -3645.68 -3645.68 -3488.47333 -3488.47333 -3488.47333 -2291.72933 -2291.72933 -2291.72933
          -2445.286 -2445.286 -2445.286 -3362.53 -3362.53 -3362.53 -3196.76667 -3196.76667 -3196.76667
          -3624.35 -3624.35 -3624.35 -3528.17667 -3528.17667 -3528.17667 -3102.22667 -3102.22667 -3102.22667
          -3210.60667 -3210.60667 -3210.60667 2671.11733 2671.11733 2671.11733 1055.48967 1055.48967 1055.48967
          977.4223 977.4223 977.4223 2700.9863 2700.9863 2700.9863 -2149.99703 -2149.99703 -2149.99703
          -1307.87437 -1307.87437 -1307.87437 894.815 894.815 894.815 772.542 772.542 772.542
          4519.41 4519.41 4519.41 4533.74667 4533.74667 4533.74667 -3445.88333 -3445.88333 -3445.88333
          -3395.56 -3395.56 -3395.56 -3178.03333 -3178.03333 -3178.03333 -3320.86333 -3320.86333 -3320.86333
          -3422.10667 -3422.10667 -3422.10667 -3440.51 -3440.51 -3440.51 -3207.67 -3207.67 -3207.67
          -3096.76 -3096.76 -3096.76 2876.46867 2876.46867 2876.46867 2772.03867 2772.03867 2772.03867
          1016.38833 1016.38833 1016.38833 4153.10667 4153.10667 4153.10667 2414.54533 2414.54533 2414.54533
          970.372667 970.372667 970.372667 773.579333 773.579333 773.579333 5041.62667 5041.62667 5041.62667
          4868.53 4868.53 4868.53 -2222.92933 -2222.92933 -2222.92933 -1173.18197 -1173.18197 -1173.18197
          2527.48067 2527.48067 2527.48067 1325.23137 1325.23137 1325.23137 -2519.20667 -2519.20667 -2519.20667
          -2508.81333 -2508.81333 -2508.81333 -2951.15 -2951.15 -2951.15 -2955.56667 -2955.56667 -2955.56667
          -2704.85 -2704.85 -2704.85 -2856.61 -2856.61 -2856.61 -2874.29333 -2874.29333 -2874.29333
          -2728.51 -2728.51 -2728.51 4712.5 4712.5 4712.5 5148.68667 5148.68667 5148.68667
          3052.32297 3052.32297 3052.32297 2513.3763 2513.3763 2513.3763 2452.348 2452.348 2452.348
          2889.07467 2889.07467 2889.07467 5204.71333 5204.71333 5204.71333 4870.74667 4870.74667 4870.74667
          5303.86667 5303.86667 5303.86667 4930.18667 4930.18667 4930.18667 4079.36333 4079.36333 4079.36333
          4534.93667 4534.93667 4534.93667 4230.63333 4230.63333 4230.63333 3942.69 3942.69 3942.69
          5250.36 5250.36 5250.36 5456.41 5456.41 5456.41 -3568.20333 -3568.20333 -3568.20333
          -3300.13 -3300.13 -3300.13 -3470.99667 -3470.99667 -3470.99667 -3673.06667 -3673.06667 -3673.06667
          -2214.98333 -2214.98333 -2214.98333 -1541.97767 -1541.97767 -1541.97767 493.132333 493.132333 493.132333
          862.078333 862.078333 862.078333 -2005.75267 -2005.75267 -2005.75267 -1186.95533 -1186.95533 -1186.95533
          -1057.905 -1057.905 -1057.905 -1034.043 -1034.043 -1034.043 -216.922333 -216.922333 -216.922333
          1216.277 1216.277 1216.277 -2324.728 -2324.728 -2324.728 -3119.66333 -3119.66333 -3119.66333
          -2306.763 -2306.763 -2306.763 -1803.523 -1803.523 -1803.523 -1503.28037 -1503.28037 -1503.28037
          -2093.0537 -2093.0537 -2093.0537 632.699967 632.699967 632.699967 -804.2667 -804.2667 -804.2667
          -2325.873 -2325.873 -2325.873 -1861.513 -1861.513 -1861.513 -904.175 -904.175 -904.175
          571.671667 571.671667 571.671667 796.696333 796.696333 796.696333 2197.76533 2197.76533 2197.76533
          -2261.57467 -2261.57467 -2261.57467 -1390.48567 -1390.48567 -1390.48567 2061.092 2061.092 2061.092
          644.624333 644.624333 644.624333 -1525.542 -1525.542 -1525.542 -526.991 -526.991 -526.991
          -2442.92933 -2442.92933 -2442.92933 -2704.606 -2704.606 -2704.606 859.392 859.392 859.392
          741.311 741.311 741.311 -943.651 -943.651 -943.651 -1085.91367 -1085.91367 -1085.91367
          -1161.80667 -1161.80667 -1161.80667 -1605.06333 -1605.06333 -1605.06333 -1333.96333 -1333.96333 -1333.96333
          -1201.40333 -1201.40333 -1201.40333 -1414.18 -1414.18 -1414.18 -1719.63 -1719.63 -1719.63
          -2040.14333 -2040.14333 -2040.14333 -1041.13267 -1041.13267 -1041.13267 -998.539333 -998.539333 -998.539333
          -1261.68333 -1261.68333 -1261.68333 -1101.24733 -1101.24733 -1101.24733 -1193.22267 -1193.22267 -1193.22267
          -1160.28933 -1160.28933 -1160.28933 -1496.72333 -1496.72333 -1496.72333 -1602.59667 -1602.59667 -1602.59667
          -1786.076 -1786.076 -1786.076 -1171.459 -1171.459 -1171.459 -777.212333 -777.212333 -777.212333
          -873.373333 -873.373333 -873.373333 -1181.34767 -1181.34767 -1181.34767 -1162.627 -1162.627 -1162.627
          -1029.38033 -1029.38033 -1029.38033 -977.033 -977.033 -977.033 -1055.23267 -1055.23267 -1055.23267
          -1204.55267 -1204.55267 -1204.55267 -1568.73 -1568.73 -1568.73 -1504.07333 -1504.07333 -1504.07333
          -495.7923 -495.7923 -495.7923 -1208.14397 -1208.14397 -1208.14397 -1587.69333 -1587.69333 -1587.69333
          -1214.82467 -1214.82467 -1214.82467 -1052.191 -1052.191 -1052.191 -1556.45333 -1556.45333 -1556.45333
          -1539.77 -1539.77 -1539.77 -963.474333 -963.474333 -963.474333 -924.081333 -924.081333 -924.081333
          -1472.69 -1472.69 -1472.69 -1242.97 -1242.97 -1242.97 -1361.46333 -1361.46333 -1361.46333
          -1534.18667 -1534.18667 -1534.18667 -1953.51 -1953.51 -1953.51 -1639.64 -1639.64 -1639.64
          -1200.77333 -1200.77333 -1200.77333 -1448.04333 -1448.04333 -1448.04333 -1542.16333 -1542.16333 -1542.16333
          -1310.31063 -1310.31063 -1310.31063 -730.6406 -730.6406 -730.6406 850.5994 850.5994 850.5994
          983.281033 983.281033 983.281033 -1999.193 -1999.193 -1999.193 -405.533 -405.533 -405.533
          -669.383333 -669.383333 -669.383333 217.515 217.515 217.515 1781.715 1781.715 1781.715
          -1952.08167 -1952.08167 -1952.08167 -1434.86167 -1434.86167 -1434.86167 -1305.87267 -1305.87267 -1305.87267
          -1759.35667 -1759.35667 -1759.35667 1277.48567 1277.48567 1277.48567 194.165667 194.165667 194.165667
          -504.09 -504.09 -504.09 1662.45567 1662.45567 1662.45567 1140.58067 1140.58067 1140.58067
          1784.81667 1784.81667 1784.81667 2361.30667 2361.30667 2361.30667 -2430.51333 -2430.51333 -2430.51333
          -2475.08333 -2475.08333 -2475.08333 -843.475 -843.475 -843.475 -542.782 -542.782 -542.782
          -425.421333 -425.421333 -425.421333 -596.371 -596.371 -596.371 -2289.78333 -2289.78333 -2289.78333
          -2518.37333 -2518.37333 -2518.37333 -1674.72667 -1674.72667 -1674.72667 -1839.66667 -1839.66667 -1839.66667
          -3234.70333 -3234.70333 -3234.70333 -3226.36667 -3226.36667 -3226.36667 -1424.344 -1424.344 -1424.344
          -1814.05333 -1814.05333 -1814.05333 -1481.57333 -1481.57333 -1481.57333 -1305.03667 -1305.03667 -1305.03667
          -568.242967 -568.242967 -568.242967 -257.889967 -257.889967 -257.889967 -2.565 -2.565 -2.565
          262.749333 262.749333 262.749333 1139.18767 1139.18767 1139.18767 685.022667 685.022667 685.022667
          2002.46167 2002.46167 2002.46167 -1711.915 -1711.915 -1711.915 -947.934 -947.934 -947.934
          -527.124333 -527.124333 -527.124333 -578.496667 -578.496667 -578.496667 606.666333 606.666333 606.666333
          146.169 146.169 146.169 470.01 470.01 470.01 -443.5 -443.5 -443.5
          1897.57 1897.57 1897.57 2475.86333 2475.86333 2475.86333 2069.23 2069.23 2069.23
          963.583333 963.583333 963.583333 917.156333 917.156333 917.156333 -1975.70667 -1975.70667 -1975.70667
          -2234.91667 -2234.91667 -2234.91667 237.929667 237.929667 237.929667 229.042667 229.042667 229.042667
          -982.943667 -982.943667 -982.943667 -808.353 -808.353 -808.353 -931.080667 -931.080667 -931.080667
          -1042.448 -1042.448 -1042.448 -769.767333 -769.767333 -769.767333 -784.123667 -784.123667 -784.123667
          -2504.32 -2504.32 -2504.32 -1951.75 -1951.75 -1951.75 -1356.91 -1356.91 -1356.91
          -1323.61033 -1323.61033 -1323.61033 -1575.54333 -1575.54333 -1575.54333 -1493.93667 -1493.93667 -1493.93667
          -1285.37 -1285.37 -1285.37 -983.944333 -983.944333 -983.944333 -1321.032 -1321.032 -1321.032
          -1538.63667 -1538.63667 -1538.63667 -1261.066 -1261.066 -1261.066 -1571.82 -1571.82 -1571.82
          -1587.69333 -1587.69333 -1587.69333 -1336.39867 -1336.39867 -1336.39867 -1024.34767 -1024.34767 -1024.34767
          -1268.406 -1268.406 -1268.406 -983.365 -983.365 -983.365 -1233.12967 -1233.12967 -1233.12967
          -1270.47 -1270.47 -1270.47 -1055.71467 -1055.71467 -1055.71467 -956.304333 -956.304333 -956.304333
          -1805.39 -1805.39 -1805.39 -2100.54333 -2100.54333 -2100.54333 -1281.573 -1281.573 -1281.573
          -1591.01 -1591.01 -1591.01 -1416.38333 -1416.38333 -1416.38333 -1148.32633 -1148.32633 -1148.32633
          -1772.90667 -1772.90667 -1772.90667 -1662.25333 -1662.25333 -1662.25333 -2735.69333 -2735.69333 -2735.69333
          -2678.01 -2678.01 -2678.01 -1411.396 -1411.396 -1411.396 -1151.55867 -1151.55867 -1151.55867
          -2298.33 -2298.33 -2298.33 -1775.57333 -1775.57333 -1775.57333 -2309.45 -2309.45 -2309.45
          -1976.76333 -1976.76333 -1976.76333 -1737.85667 -1737.85667 -1737.85667 621.284333 621.284333 621.284333
          690.587367 690.587367 690.587367 -1574.57267 -1574.57267 -1574.57267 -890.652633 -890.652633 -890.652633
          -1925.67 -1925.67 -1925.67 -2362.17667 -2362.17667 -2362.17667 -2146.37333 -2146.37333 -2146.37333
          -2149.52 -2149.52 -2149.52 -2400.49667 -2400.49667 -2400.49667 -2071.38667 -2071.38667 -2071.38667
          -2362.05667 -2362.05667 -2362.05667 -2190.71333 -2190.71333 -2190.71333 -1666.14667 -1666.14667 -1666.14667
          -2601.56667 -2601.56667 -2601.56667 -2357.87667 -2357.87667 -2357.87667 2169.78667 2169.78667 2169.78667
          1445.927 1445.927 1445.927 -899.937667 -899.937667 -899.937667 -338.492667 -338.492667 -338.492667
          -1619.67567 -1619.67567 -1619.67567 -2477.04233 -2477.04233 -2477.04233 -2384.80567 -2384.80567 -2384.80567
          -1397.69567 -1397.69567 -1397.69567 -2488.91333 -2488.91333 -2488.91333 -1877.43733 -1877.43733 -1877.43733
          -1502.252 -1502.252 -1502.252 -569.117 -569.117 -569.117 -398.167333 -398.167333 -398.167333
          -2447.39667 -2447.39667 -2447.39667 -1855.50467 -1855.50467 -1855.50467 -1402.61633 -1402.61633 -1402.61633
          -1370.44167 -1370.44167 -1370.44167 -2533.67667 -2533.67667 -2533.67667 -2343.43667 -2343.43667 -2343.43667
          -2793.55333 -2793.55333 -2793.55333 -3326.94 -3326.94 -3326.94 -2273.50667 -2273.50667 -2273.50667
          -2343.31 -2343.31 -2343.31 -2338.43 -2338.43 -2338.43 -1913.44667 -1913.44667 -1913.44667
          -3226.36667 -3226.36667 -3226.36667 -2871.66 -2871.66 -2871.66 -1074.58133 -1074.58133 -1074.58133
          -1034.81867 -1034.81867 -1034.81867 -2262.26667 -2262.26667 -2262.26667 -2484.03333 -2484.03333 -2484.03333
          -1530.94033 -1530.94033 -1530.94033 -1217.35167 -1217.35167 -1217.35167 -764.463333 -764.463333 -764.463333
          -582.446333 -582.446333 -582.446333 -66.4906667 -66.4906667 -66.4906667 -45.3833333 -45.3833333 -45.3833333
          -2101.15333 -2101.15333 -2101.15333 -2379.45667 -2379.45667 -2379.45667 -2803.72 -2803.72 -2803.72
          -2823.61667 -2823.61667 -2823.61667 -1446.635 -1446.635 -1446.635 -1695.03367 -1695.03367 -1695.03367
          -724.594667 -724.594667 -724.594667 -971.801667 -971.801667 -971.801667 -534.313633 -534.313633 -534.313633
          -712.9903 -712.9903 -712.9903 -497.1703 -497.1703 -497.1703 -395.4883 -395.4883 -395.4883
          182.260367 182.260367 182.260367 212.2547 212.2547 212.2547 -1470.60933 -1470.60933 -1470.60933
          -1103.46167 -1103.46167 -1103.46167 -1547.71667 -1547.71667 -1547.71667 -1175.78467 -1175.78467 -1175.78467
          -1435.918 -1435.918 -1435.918 -1056.51267 -1056.51267 -1056.51267 -734.890333 -734.890333 -734.890333
          -61.597 -61.597 -61.597 249.242667 249.242667 249.242667 858.935333 858.935333 858.935333
          1567.84333 1567.84333 1567.84333 -615.64 -615.64 -615.64 -57.3433333 -57.3433333 -57.3433333
          1864.82667 1864.82667 1864.82667 1305.57633 1305.57633 1305.57633 -1062.808 -1062.808 -1062.808
          -836.261333 -836.261333 -836.261333 -382.292667 -382.292667 -382.292667 -373.405667 -373.405667 -373.405667
          -999.695333 -999.695333 -999.695333 -902.049 -902.049 -902.049 -1772.65 -1772.65 -1772.65
          -1867.39667 -1867.39667 -1867.39667 -1084.72 -1084.72 -1084.72 -1378.27 -1378.27 -1378.27
          -1691.93 -1691.93 -1691.93 -1862.22333 -1862.22333 -1862.22333 -1175.003 -1175.003 -1175.003
          -1275.79967 -1275.79967 -1275.79967 -1635.32333 -1635.32333 -1635.32333 -1366.04667 -1366.04667 -1366.04667
          -1161.18767 -1161.18767 -1161.18767 -1038.394 -1038.394 -1038.394 -1266.893 -1266.893 -1266.893
          -872.227667 -872.227667 -872.227667 -1037.41433 -1037.41433 -1037.41433 -1318.26667 -1318.26667 -1318.26667
          -1409.35 -1409.35 -1409.35 -785.89 -785.89 -785.89 -780.153 -780.153 -780.153
          -1783.14 -1783.14 -1783.14 -1783.76333 -1783.76333 -1783.76333 -1747.78667 -1747.78667 -1747.78667
          -1626.28667 -1626.28667 -1626.28667 -1039.39567 -1039.39567 -1039.39567 -1445.05667 -1445.05667 -1445.05667
          -201.659667 -201.659667 -201.659667 -957.04 -957.04 -957.04 -751.65 -751.65 -751.65
          579.15 579.15 579.15 -241.674333 -241.674333 -241.674333 -815.291667 -815.291667 -815.291667
          1498.26267 1498.26267 1498.26267 1326.57567 1326.57567 1326.57567 -1972.51667 -1972.51667 -1972.51667
          -2190.11333 -2190.11333 -2190.11333 -2405.41667 -2405.41667 -2405.41667 -1673.81 -1673.81 -1673.81
          -1307.62433 -1307.62433 -1307.62433 2190.00667 2190.00667 2190.00667 1083.371 1083.371 1083.371
          261.957667 261.957667 261.957667 2307.56333 2307.56333 2307.56333 2078.61333 2078.61333 2078.61333
          2271 2271 2271 1853.26 1853.26 1853.26 -1952.18 -1952.18 -1952.18
          -2027.10333 -2027.10333 -2027.10333 -2082.72333 -2082.72333 -2082.72333 -2083.32667 -2083.32667 -2083.32667
          -450.738 -450.738 -450.738 49.621 49.621 49.621 589.410667 589.410667 589.410667
          1284.85833 1284.85833 1284.85833 372.786667 372.786667 372.786667 -819.75 -819.75 -819.75
          -315.825 -315.825 -315.825 -467.432667 -467.432667 -467.432667 598.609 598.609 598.609
          223.964667 223.964667 223.964667 1205.123 1205.123 1205.123 394.253 394.253 394.253
          515.152333 515.152333 515.152333 -136.383667 -136.383667 -136.383667 1533.91333 1533.91333 1533.91333
          1735.18667 1735.18667 1735.18667 1674.24667 1674.24667 1674.24667 1872.25 1872.25 1872.25
          1168.46733 1168.46733 1168.46733 1048.93733 1048.93733 1048.93733 -702.943667 -702.943667 -702.943667
          -854.028 -854.028 -854.028 -1164.85167 -1164.85167 -1164.85167 -1353.15667 -1353.15667 -1353.15667
          -1519.00667 -1519.00667 -1519.00667 -1568.97 -1568.97 -1568.97 -1556.95 -1556.95 -1556.95
          -1553.6 -1553.6 -1553.6 -215.791933 -215.791933 -215.791933 -508.808333 -508.808333 -508.808333
          -1278.92133 -1278.92133 -1278.92133 -638.644267 -638.644267 -638.644267 -691.910333 -691.910333 -691.910333
          -591.343667 -591.343667 -591.343667 -784.590667 -784.590667 -784.590667 -1232.418 -1232.418 -1232.418
          -1239.21933 -1239.21933 -1239.21933 -920.556333 -920.556333 -920.556333 -1079.89033 -1079.89033 -1079.89033
          -982.997333 -982.997333 -982.997333 -1015.99633 -1015.99633 -1015.99633 -781.864333 -781.864333 -781.864333
          -876.567667 -876.567667 -876.567667 -1343.11333 -1343.11333 -1343.11333 -1478.08 -1478.08 -1478.08
          -158.281267 -158.281267 -158.281267 -97.9676667 -97.9676667 -97.9676667 -94.8433333 -94.8433333 -94.8433333
          -335.664667 -335.664667 -335.664667 -739.040333 -739.040333 -739.040333 -626.531667 -626.531667 -626.531667
          -993.810667 -993.810667 -993.810667 -1383.16333 -1383.16333 -1383.16333 -1387.88667 -1387.88667 -1387.88667
          -1170.661 -1170.661 -1170.661 -1207.04 -1207.04 -1207.04 -1256.3 -1256.3 -1256.3
          -1147.08333 -1147.08333 -1147.08333 -1198.17 -1198.17 -1198.17 -1013.215 -1013.215 -1013.215
          -1156.06767 -1156.06767 -1156.06767 -931.748 -931.748 -931.748 -1663.53 -1663.53 -1663.53
          -1495.67333 -1495.67333 -1495.67333 -1586.95667 -1586.95667 -1586.95667 -1560.39667 -1560.39667 -1560.39667
          -2390.66667 -2390.66667 -2390.66667 -2608.66667 -2608.66667 -2608.66667 -1966.09667 -1966.09667 -1966.09667
          -2276.46667 -2276.46667 -2276.46667 -581.1336 -581.1336 -581.1336 -905.143667 -905.143667 -905.143667
          -2228.01333 -2228.01333 -2228.01333 -1875.90333 -1875.90333 -1875.90333 -2361.53667 -2361.53667 -2361.53667
          -2185.27667 -2185.27667 -2185.27667 -906.596667 -906.596667 -906.596667 -817.202667 -817.202667 -817.202667
          963.034333 963.034333 963.034333 1177.977 1177.977 1177.977 -1363.29267 -1363.29267 -1363.29267
          -390.273 -390.273 -390.273 -1580.88933 -1580.88933 -1580.88933 -822.812333 -822.812333 -822.812333
          439.792333 439.792333 439.792333 -305.512 -305.512 -305.512 -1892.28 -1892.28 -1892.28
          -1725.40333 -1725.40333 -1725.40333 -829.377 -829.377 -829.377 -869.027333 -869.027333 -869.027333
          -797.844667 -797.844667 -797.844667 -830.83 -830.83 -830.83 1584.187 1584.187 1584.187
          2388.55667 2388.55667 2388.55667 105.894 105.894 105.894 794.789667 794.789667 794.789667
          -1409.8 -1409.8 -1409.8 -948.189333 -948.189333 -948.189333 -1472.13 -1472.13 -1472.13
          -1392.6 -1392.6 -1392.6 -950.626667 -950.626667 -950.626667 -922.142333 -922.142333 -922.142333
          -228.611 -228.611 -228.611 -8.14466667 -8.14466667 -8.14466667 -520.892333 -520.892333 -520.892333
          -522.601 -522.601 -522.601 -1305.78667 -1305.78667 -1305.78667 -1431.41333 -1431.41333 -1431.41333
          -617.317667 -617.317667 -617.317667 -1032.83167 -1032.83167 -1032.83167 -20.1563333 -20.1563333 -20.1563333
          -129.134 -129.134 -129.134 -846.613837 -846.613837 -846.613837 -394.12017 -394.12017 -394.12017
          -578.061 -578.061 -578.061 -872.051 -872.051 -872.051 -999.393333 -999.393333 -999.393333
          -2191.89667 -2191.89667 -2191.89667 -2247.60333 -2247.60333 -2247.60333 -1801.34333 -1801.34333 -1801.34333
          -1687.73667 -1687.73667 -1687.73667 -1479.67667 -1479.67667 -1479.67667 -1257.877 -1257.877 -1257.877
          -1709.35 -1709.35 -1709.35 -1803.74 -1803.74 -1803.74 -1306.64367 -1306.64367 -1306.64367
          -1699.34 -1699.34 -1699.34 -460.22917 -460.22917 -460.22917 -767.311667 -767.311667 -767.311667
          -80.1876667 -80.1876667 -80.1876667 -7.73550333 -7.73550333 -7.73550333 -618.541333 -618.541333 -618.541333
          -853.171667 -853.171667 -853.171667 -1216.434 -1216.434 -1216.434 -1479.298 -1479.298 -1479.298
          -546.563333 -546.563333 -546.563333 -632.450667 -632.450667 -632.450667 -2077.76333 -2077.76333 -2077.76333
          -1711.95667 -1711.95667 -1711.95667 -715.042333 -715.042333 -715.042333 -371.832333 -371.832333 -371.832333
          -456.448 -456.448 -456.448 -152.171667 -152.171667 -152.171667 -294.579667 -294.579667 -294.579667
          -637.789667 -637.789667 -637.789667 -714.139333 -714.139333 -714.139333 -1848.31 -1848.31 -1848.31
          -2162.83333 -2162.83333 -2162.83333 -1272.65833 -1272.65833 -1272.65833 -1061.07767 -1061.07767 -1061.07767
          -477.094333 -477.094333 -477.094333 -164.183333 -164.183333 -164.183333 274.218667 274.218667 274.218667
          416.757333 416.757333 416.757333 -234.778667 -234.778667 -234.778667 1611.58833 1611.58833 1611.58833
          1290.785 1290.785 1290.785 -192.366333 -192.366333 -192.366333 -616.340333 -616.340333 -616.340333
          -780.878333 -780.878333 -780.878333 -748.81 -748.81 -748.81 -870.053667 -870.053667 -870.053667
          -1970.56 -1970.56 -1970.56 -1917.02667 -1917.02667 -1917.02667 -1153.55967 -1153.55967 -1153.55967
          -1440.61333 -1440.61333 -1440.61333 -1824.73667 -1824.73667 -1824.73667 -1699.05 -1699.05 -1699.05
          -2027.00667 -2027.00667 -2027.00667 -1239.41967 -1239.41967 -1239.41967 -1580.00667 -1580.00667 -1580.00667
          -1500.55733 -1500.55733 -1500.55733 -1750.60667 -1750.60667 -1750.60667 -1498.65 -1498.65 -1498.65
          -1403.42133 -1403.42133 -1403.42133 -1578.558 -1578.558 -1578.558 -1915.66667 -1915.66667 -1915.66667
          589.52 589.52 589.52 -172.276667 -172.276667 -172.276667 -1640.20667 -1640.20667 -1640.20667
          -1491.19667 -1491.19667 -1491.19667 2529.68 2529.68 2529.68 1572.34833 1572.34833 1572.34833
          -1619.68333 -1619.68333 -1619.68333 -1141.85033 -1141.85033 -1141.85033 -1182.31667 -1182.31667 -1182.31667
          -1721.46367 -1721.46367 -1721.46367 -1347.70667 -1347.70667 -1347.70667 -1507.36 -1507.36 -1507.36
          -1924.37667 -1924.37667 -1924.37667 -874.466667 -874.466667 -874.466667 -1162.88367 -1162.88367 -1162.88367
          -2141.76733 -2141.76733 -2141.76733 -1506.21733 -1506.21733 -1506.21733 -2694.01 -2694.01 -2694.01
          -2730.81333 -2730.81333 -2730.81333 -1837.93333 -1837.93333 -1837.93333 -1550.07667 -1550.07667 -1550.07667
          -3262.25 -3262.25 -3262.25 -2328.10067 -2328.10067 -2328.10067 -2266.17733 -2266.17733 -2266.17733
          -3296 -3296 -3296 -3447.01 -3447.01 -3447.01 -1709.63333 -1709.63333 -1709.63333
          -1692.85333 -1692.85333 -1692.85333 -1681.61667 -1681.61667 -1681.61667 -1562.09 -1562.09 -1562.09
          -2484.5 -2484.5 -2484.5 -2425.42 -2425.42 -2425.42 -2608.06667 -2608.06667 -2608.06667
          -2951.56 -2951.56 -2951.56 -2595.6 -2595.6 -2595.6 -3026.81 -3026.81 -3026.81
          -2034.05667 -2034.05667 -2034.05667 -2531.30667 -2531.30667 -2531.30667 -1815.48 -1815.48 -1815.48
          -1325.334 -1325.334 -1325.334 -306.232667 -306.232667 -306.232667 -840.671333 -840.671333 -840.671333
          -1476.61133 -1476.61133 -1476.61133 -380.136333 -380.136333 -380.136333 -268.065733 -268.065733 -268.065733
          878.864667 878.864667 878.864667 395.722 395.722 395.722 -1281.61 -1281.61 -1281.61
          -1449.49667 -1449.49667 -1449.49667 -1220.90167 -1220.90167 -1220.90167 -774.704333 -774.704333 -774.704333
          -1026.40033 -1026.40033 -1026.40033 -1298.83033 -1298.83033 -1298.83033 318.262667 318.262667 318.262667
          325.192667 325.192667 325.192667 -1415.29667 -1415.29667 -1415.29667 -1551.65 -1551.65 -1551.65
          -1564.71 -1564.71 -1564.71 -1805.60667 -1805.60667 -1805.60667 775.055 775.055 775.055
          120.066667 120.066667 120.066667 913.463 913.463 913.463 1112.55467 1112.55467 1112.55467
          -1022.76767 -1022.76767 -1022.76767 -1076.49467 -1076.49467 -1076.49467 -779.674667 -779.674667 -779.674667
          -913.539333 -913.539333 -913.539333 -1689.72 -1689.72 -1689.72 -1800.37667 -1800.37667 -1800.37667
          -1302.18033 -1302.18033 -1302.18033 -2088.99367 -2088.99367 -2088.99367 -1202.28033 -1202.28033 -1202.28033
          -1537.08033 -1537.08033 -1537.08033 -1787.51367 -1787.51367 -1787.51367 2740.77967 2740.77967 2740.77967
          1646.243 1646.243 1646.243 450.849333 450.849333 450.849333 -332.944 -332.944 -332.944
          959.2543 959.2543 959.2543 777.576967 777.576967 777.576967 -788.9897 -788.9897 -788.9897
          -1148.33737 -1148.33737 -1148.33737 -2841.95 -2841.95 -2841.95 -2792.94333 -2792.94333 -2792.94333
          -3094.86333 -3094.86333 -3094.86333 -2379.49 -2379.49 -2379.49 -2046.52333 -2046.52333 -2046.52333
          -2115.95 -2115.95 -2115.95 -2069.50667 -2069.50667 -2069.50667 -2535.37 -2535.37 -2535.37
          -2294.29 -2294.29 -2294.29 1619.14367 1619.14367 1619.14367 418.757 418.757 418.757
          -215.833333 -215.833333 -215.833333 1618.54633 1618.54633 1618.54633 2343.62967 2343.62967 2343.62967
          1783.65033 1783.65033 1783.65033 1145.80867 1145.80867 1145.80867 -1464.79667 -1464.79667 -1464.79667
          -1571.29667 -1571.29667 -1571.29667 -1009.05967 -1009.05967 -1009.05967 -920.100333 -920.100333 -920.100333
          -3565.92333 -3565.92333 -3565.92333 -3378.11 -3378.11 -3378.11 -1580.48 -1580.48 -1580.48
          -1548.82 -1548.82 -1548.82 -1640.35 -1640.35 -1640.35 -871.352667 -871.352667 -871.352667
          -269.162 -269.162 -269.162 -519.619333 -519.619333 -519.619333 -473.729333 -473.729333 -473.729333
          -183.982667 -183.982667 -183.982667 -1261.43667 -1261.43667 -1261.43667 -1405.69667 -1405.69667 -1405.69667
          -2777.11 -2777.11 -2777.11 -2107.56 -2107.56 -2107.56 -1878.88667 -1878.88667 -1878.88667
          -2397.42667 -2397.42667 -2397.42667 -1316.65333 -1316.65333 -1316.65333 -1323.58 -1323.58 -1323.58
          -1298.9 -1298.9 -1298.9 -1495.58 -1495.58 -1495.58 -1410.58333 -1410.58333 -1410.58333
          -1551.11667 -1551.11667 -1551.11667 -1825.68 -1825.68 -1825.68 -2298.55 -2298.55 -2298.55
          -777.306667 -777.306667 -777.306667 -1123.2 -1123.2 -1123.2 -1827.94667 -1827.94667 -1827.94667
          -1589.69667 -1589.69667 -1589.69667 -1332.79667 -1332.79667 -1332.79667 -1139.98067 -1139.98067 -1139.98067
          -156.952733 -156.952733 -156.952733 -214.014 -214.014 -214.014 -821.848333 -821.848333 -821.848333
          -1323.055 -1323.055 -1323.055 -317.425 -317.425 -317.425 -343.224333 -343.224333 -343.224333
          -756.19 -756.19 -756.19 -1211.53133 -1211.53133 -1211.53133 -306.232667 -306.232667 -306.232667
          -486.743333 -486.743333 -486.743333 -73.7776667 -73.7776667 -73.7776667 55.3022667 55.3022667 55.3022667
          330.985 330.985 330.985 284.765667 284.765667 284.765667 -427.486333 -427.486333 -427.486333
          661.020333 661.020333 661.020333 811.35 811.35 811.35 1.154 1.154 1.154
          2111.62367 2111.62367 2111.62367 1784.91367 1784.91367 1784.91367 -268.131333 -268.131333 -268.131333
          -275.061333 -275.061333 -275.061333 -1454.65 -1454.65 -1454.65 -1404.97333 -1404.97333 -1404.97333
          -1040.12 -1040.12 -1040.12 -983.04 -983.04 -983.04 -55.8107333 -55.8107333 -55.8107333
          116.169667 116.169667 116.169667 3304.12333 3304.12333 3304.12333 2967.48333 2967.48333 2967.48333
          2926.83 2926.83 2926.83 2495.64333 2495.64333 2495.64333 1824.15 1824.15 1824.15
          1497.09667 1497.09667 1497.09667 -793.354333 -793.354333 -793.354333 -850.365333 -850.365333 -850.365333
          -1955.13767 -1955.13767 -1955.13767 -2051.67767 -2051.67767 -2051.67767 -1270.344 -1270.344 -1270.344
          -1400.61033 -1400.61033 -1400.61033 -1490.47367 -1490.47367 -1490.47367 -1351.11033 -1351.11033 -1351.11033
          -1418.643 -1418.643 -1418.643 -1301.832 -1301.832 -1301.832 -965.808667 -965.808667 -965.808667
          -1022.06767 -1022.06767 -1022.06767 -1155.17367 -1155.17367 -1155.17367 -1207.15367 -1207.15367 -1207.15367
          -927.173333 -927.173333 -927.173333 -2714.61333 -2714.61333 -2714.61333 -2653.41333 -2653.41333 -2653.41333
          -1279.18967 -1279.18967 -1279.18967 -1636.63967 -1636.63967 -1636.63967 -660.592 -660.592 -660.592
          -696.746667 -696.746667 -696.746667 -772.222333 -772.222333 -772.222333 -701.866667 -701.866667 -701.866667
          -699.630333 -699.630333 -699.630333 -1167.162 -1167.162 -1167.162 -1522.80333 -1522.80333 -1522.80333
          -1793.2 -1793.2 -1793.2 -891.141333 -891.141333 -891.141333 -943.924667 -943.924667 -943.924667
          -1558.281 -1558.281 -1558.281 -1188.45933 -1188.45933 -1188.45933 -1309.77833 -1309.77833 -1309.77833
          -1383.35 -1383.35 -1383.35 -3045.15 -3045.15 -3045.15 -3141.69 -3141.69 -3141.69
          -888.253333 -888.253333 -888.253333 -1306.68333 -1306.68333 -1306.68333 -2739.79667 -2739.79667 -2739.79667
          -2775.13667 -2775.13667 -2775.13667 -1202.28867 -1202.28867 -1202.28867 -1706.09567 -1706.09567 -1706.09567
          -1304.45567 -1304.45567 -1304.45567 -1270.46233 -1270.46233 -1270.46233 -2116.59 -2116.59 -2116.59
          -1786.18667 -1786.18667 -1786.18667 -1364.26333 -1364.26333 -1364.26333 -1433.91 -1433.91 -1433.91
          571.809333 571.809333 571.809333 659.597 659.597 659.597 -1630.30733 -1630.30733 -1630.30733
          -906.969667 -906.969667 -906.969667 -2676.54667 -2676.54667 -2676.54667 -2729.44333 -2729.44333 -2729.44333
          -2074.75 -2074.75 -2074.75 -312.672367 -312.672367 -312.672367 -853.697367 -853.697367 -853.697367
          875.746333 875.746333 875.746333 1783.053 1783.053 1783.053 -688.663 -688.663 -688.663
          -126.118 -126.118 -126.118 -1666.337 -1666.337 -1666.337 -1498.637 -1498.637 -1498.637
          -1028.229 -1028.229 -1028.229 -894.438667 -894.438667 -894.438667 -1170.15667 -1170.15667 -1170.15667
          -1122.03 -1122.03 -1122.03 -628.275333 -628.275333 -628.275333 -776.137 -776.137 -776.137
          -1293.80333 -1293.80333 -1293.80333 -1328.28 -1328.28 -1328.28 -691.929667 -691.929667 -691.929667
          -580.059 -580.059 -580.059 -824.456333 -824.456333 -824.456333 -651.441 -651.441 -651.441
          -1405.77667 -1405.77667 -1405.77667 -1483.03333 -1483.03333 -1483.03333 -849.459333 -849.459333 -849.459333
          -830.656333 -830.656333 -830.656333 -1176.89233 -1176.89233 -1176.89233 -1643.79667 -1643.79667 -1643.79667
          -1080.211 -1080.211 -1080.211 -1452.13 -1452.13 -1452.13 -2022.36233 -2022.36233 -2022.36233
          -1425.23333 -1425.23333 -1425.23333 -586.004333 -586.004333 -586.004333 -532.362333 -532.362333 -532.362333
          -894.275 -894.275 -894.275 -911.926 -911.926 -911.926 -855.844667 -855.844667 -855.844667
          -931.399333 -931.399333 -931.399333 -603.224667 -603.224667 -603.224667 -849.331 -849.331 -849.331
          -661.932 -661.932 -661.932 -744.17 -744.17 -744.17 -867.354667 -867.354667 -867.354667
          -712.025667 -712.025667 -712.025667 -1096.606 -1096.606 -1096.606 -1167.94367 -1167.94367 -1167.94367
          -1209.38867 -1209.38867 -1209.38867 -1225.242 -1225.242 -1225.242 34.0903667 34.0903667 34.0903667
          -710.249967 -710.249967 -710.249967 -462.815333 -462.815333 -462.815333 236.568333 236.568333 236.568333
          -1052.80033 -1052.80033 -1052.80033 -928.374667 -928.374667 -928.374667 -1155.05533 -1155.05533 -1155.05533
          -1094.24533 -1094.24533 -1094.24533 980.662 980.662 980.662 583.318667 583.318667 583.318667
          -1756.07333 -1756.07333 -1756.07333 -1899.82333 -1899.82333 -1899.82333 -1575.18 -1575.18 -1575.18
          -1700.55333 -1700.55333 -1700.55333 -1417.75033 -1417.75033 -1417.75033 -1878.09333 -1878.09333 -1878.09333
          -532.789 -532.789 -532.789 -509.672 -509.672 -509.672 696.033333 696.033333 696.033333
          198.815333 198.815333 198.815333 -791.147 -791.147 -791.147 -1662.62667 -1662.62667 -1662.62667
          -1408.68333 -1408.68333 -1408.68333 -933.957 -933.957 -933.957 2765.53667 2765.53667 2765.53667
          2246.57967 2246.57967 2246.57967 2398.12793 2398.12793 2398.12793 1471.2176 1471.2176 1471.2176
          -462.115733 -462.115733 -462.115733 -1576.00873 -1576.00873 -1576.00873 190.856 190.856 190.856
          -650.941 -650.941 -650.941 -106.427667 -106.427667 -106.427667 1042.564 1042.564 1042.564
          1106.74567 1106.74567 1106.74567 2712.79 2712.79 2712.79 3120.74333 3120.74333 3120.74333
          2400.58667 2400.58667 2400.58667 1509.95933 1509.95933 1509.95933 -2300.06667 -2300.06667 -2300.06667
          -2100.30667 -2100.30667 -2100.30667 -1987.84667 -1987.84667 -1987.84667 -2420.71 -2420.71 -2420.71
          -2477.42333 -2477.42333 -2477.42333 -2307.30333 -2307.30333 -2307.30333 -1124.71933 -1124.71933 -1124.71933
          -1057.88233 -1057.88233 -1057.88233 -806.106 -806.106 -806.106 -1184.81467 -1184.81467 -1184.81467
          -1070.27433 -1070.27433 -1070.27433 -818.498 -818.498 -818.498 -657.722 -657.722 -657.722
          -1403.76333 -1403.76333 -1403.76333 -1465.62333 -1465.62333 -1465.62333 -1439.29667 -1439.29667 -1439.29667
          -1521.89 -1521.89 -1521.89 -740.312 -740.312 -740.312 -797.22 -797.22 -797.22
          -604.916667 -604.916667 -604.916667 -542.402333 -542.402333 -542.402333 -1767.50667 -1767.50667 -1767.50667
          -1694.70667 -1694.70667 -1694.70667 872.253367 872.253367 872.253367 1246.3757 1246.3757 1246.3757
          -1027.8113 -1027.8113 -1027.8113 -657.5933 -657.5933 -657.5933 -3716.95 -3716.95 -3716.95
          -2456.03767 -2456.03767 -2456.03767 -1319.95133 -1319.95133 -1319.95133 -1535.30367 -1535.30367 -1535.30367
          1199.78093 1199.78093 1199.78093 -336.7324 -336.7324 -336.7324 -1596.6454 -1596.6454 -1596.6454
          -2100.9354 -2100.9354 -2100.9354 1479.44667 1479.44667 1479.44667 369.86 369.86 369.86
          -465.366667 -465.366667 -465.366667 1859.05667 1859.05667 1859.05667 1448.85367 1448.85367 1448.85367
          1739.313 1739.313 1739.313 1302.04967 1302.04967 1302.04967 -1659.3 -1659.3 -1659.3
          -1472.61667 -1472.61667 -1472.61667 -2026.25 -2026.25 -2026.25 -1702.50667 -1702.50667 -1702.50667
          -132.284667 -132.284667 -132.284667 267.278 267.278 267.278 -1511.73333 -1511.73333 -1511.73333
          -1408.71333 -1408.71333 -1408.71333 -2437.29333 -2437.29333 -2437.29333 -1272.87967 -1272.87967 -1272.87967
          -187.773667 -187.773667 -187.773667 -494.197333 -494.197333 -494.197333 522.269667 522.269667 522.269667
          1098.16367 1098.16367 1098.16367 -699.572333 -699.572333 -699.572333 -844.645667 -844.645667 -844.645667
          -1434.37333 -1434.37333 -1434.37333 -1716.06333 -1716.06333 -1716.06333 -1376.25233 -1376.25233 -1376.25233
          -634.625333 -634.625333 -634.625333 1119.51367 1119.51367 1119.51367 450.480667 450.480667 450.480667
          -1142.71567 -1142.71567 -1142.71567 -1432.93233 -1432.93233 -1432.93233 583.318667 583.318667 583.318667
          -139.781333 -139.781333 -139.781333 -2002.97333 -2002.97333 -2002.97333 -2549.87 -2549.87 -2549.87
          -2977.78 -2977.78 -2977.78 -2992.8 -2992.8 -2992.8 -2642.32 -2642.32 -2642.32
          -2585.64 -2585.64 -2585.64 -2564.89 -2564.89 -2564.89 -2247.93667 -2247.93667 -2247.93667
          -1163.92767 -1163.92767 -1163.92767 -1528.81333 -1528.81333 -1528.81333 -2003.5 -2003.5 -2003.5
          -2478.95333 -2478.95333 -2478.95333 -1937.75 -1937.75 -1937.75 -1833.18 -1833.18 -1833.18
          -297.865 -297.865 -297.865 -463.538667 -463.538667 -463.538667 -951.742667 -951.742667 -951.742667
          -844.473 -844.473 -844.473 -712.289 -712.289 -712.289 -857.866333 -857.866333 -857.866333
          -1393.794 -1393.794 -1393.794 -1818.35333 -1818.35333 -1818.35333 -1825.59 -1825.59 -1825.59
          -1753.29667 -1753.29667 -1753.29667 -115.193667 -115.193667 -115.193667 -492.843667 -492.843667 -492.843667
          -325.025333 -325.025333 -325.025333 139.798 139.798 139.798 -1085.75233 -1085.75233 -1085.75233
          -860.953 -860.953 -860.953 657.859667 657.859667 657.859667 1176.81667 1176.81667 1176.81667
          713.357667 713.357667 713.357667 -202.352667 -202.352667 -202.352667 -95.248 -95.248 -95.248
          314.671333 314.671333 314.671333 -385.033 -385.033 -385.033 190.56 190.56 190.56
          1765.00433 1765.00433 1765.00433 1346.512 1346.512 1346.512 -952.246333 -952.246333 -952.246333
          -1035.84933 -1035.84933 -1035.84933 -1316.23333 -1316.23333 -1316.23333 -1362.25 -1362.25 -1362.25
          -1334.73667 -1334.73667 -1334.73667 -1341.89333 -1341.89333 -1341.89333 -1339.32667 -1339.32667 -1339.32667
          -1202.55033 -1202.55033 -1202.55033 -781.719 -781.719 -781.719 -1057.03533 -1057.03533 -1057.03533
          -1312.32333 -1312.32333 -1312.32333 -1421.88667 -1421.88667 -1421.88667 -1171.35267 -1171.35267 -1171.35267
          -1163.47267 -1163.47267 -1163.47267 -1190.14033 -1190.14033 -1190.14033 -1242.56367 -1242.56367 -1242.56367
          -1275.984 -1275.984 -1275.984 -1208.164 -1208.164 -1208.164 -1654.51667 -1654.51667 -1654.51667
          -1470.24 -1470.24 -1470.24 -1273.26367 -1273.26367 -1273.26367 -966.051667 -966.051667 -966.051667
          -697.623 -697.623 -697.623 -668.473 -668.473 -668.473 -718.566667 -718.566667 -718.566667
          -666.399333 -666.399333 -666.399333 -3406.75667 -3406.75667 -3406.75667 -2842.52 -2842.52 -2842.52
          -1917.80667 -1917.80667 -1917.80667 -2407.67333 -2407.67333 -2407.67333 -1574.61 -1574.61 -1574.61
          -1953.71 -1953.71 -1953.71 -2193.05667 -2193.05667 -2193.05667 -2298.8 -2298.8 -2298.8
          -1894.88333 -1894.88333 -1894.88333 568.653333 568.653333 568.653333 668.225667 668.225667 668.225667
          -1558.32233 -1558.32233 -1558.32233 -861.621 -861.621 -861.621 -3519.05333 -3519.05333 -3519.05333
          -3221.89667 -3221.89667 -3221.89667 -3284.88 -3284.88 -3284.88 -3271.84333 -3271.84333 -3271.84333
          797.762 797.762 797.762 1681.65967 1681.65967 1681.65967 -2173.19 -2173.19 -2173.19
          -2033.39 -2033.39 -2033.39 -2736.77667 -2736.77667 -2736.77667 -2637.23 -2637.23 -2637.23
          -1121.532 -1121.532 -1121.532 -1613.59 -1613.59 -1613.59 -1130.59033 -1130.59033 -1130.59033
          -943.931333 -943.931333 -943.931333
        </DataArray>
        <DataArray type="Float32" Name="pressurePaAbs" format="ascii">
          2999.98 2999.98 2999.98 2596.67 2596.67 2596.67 1538.23 1538.23 1538.23
          1539.35 1539.35 1539.35 1600.26333 1600.26333 1600.26333 1568.32667 1568.32667 1568.32667
          1582.99 1582.99 1582.99 1619.40667 1619.40667 1619.40667 173.331 173.331 173.331
          90.25329 90.25329 90.25329 624.822957 624.822957 624.822957 1497.79 1497.79 1497.79
          1491.69667 1491.69667 1491.69667 1480.75667 1480.75667 1480.75667 1458.87333 1458.87333 1458.87333
          1488.81333 1488.81333 1488.81333 1506.65 1506.65 1506.65 868.353 868.353 868.353
          993.675333 993.675333 993.675333 1499.14 1499.14 1499.14 1507.4 1507.4 1507.4
          1537.49667 1537.49667 1537.49667 1539.22 1539.22 1539.22 1474.15333 1474.15333 1474.15333
          1488.2 1488.2 1488.2 995.427333 995.427333 995.427333 871.967333 871.967333 871.967333
          446.637167 446.637167 446.637167 314.9935 314.9935 314.9935 1531.19333 1531.19333 1531.19333
          1527.90667 1527.90667 1527.90667 1603.33667 1603.33667 1603.33667 1574.83333 1574.83333 1574.83333
          1536.76667 1536.76667 1536.76667 1548.73667 1548.73667 1548.73667 918.816 918.816 918.816
          1058.22467 1058.22467 1058.22467 261.469667 261.469667 261.469667 330.469333 330.469333 330.469333
          714.115 714.115 714.115 1079.57933 1079.57933 1079.57933 936.05 936.05 936.05
          1515.58 1515.58 1515.58 1509.98 1509.98 1509.98 1315.43 1315.43 1315.43
          1042.871 1042.871 1042.871 529.91271 529.91271 529.91271 614.73571 614.73571 614.73571
          1055.004 1055.004 1055.004 1358.79 1358.79 1358.79 1368.93 1368.93 1368.93
          1172.34 1172.34 1172.34 654.103333 654.103333 654.103333 699.727 699.727 699.727
          1421.57 1421.57 1421.57 1397.54 1397.54 1397.54 1195.57333 1195.57333 1195.57333
          700.738333 700.738333 700.738333 654.022667 654.022667 654.022667 1267.61333 1267.61333 1267.61333
          1471.75333 1471.75333 1471.75333 1491.57333 1491.57333 1491.57333 678.543333 678.543333 678.543333
          730.390667 730.390667 730.390667 743.007333 743.007333 743.007333 690.010667 690.010667 690.010667
          1128.111 1128.111 1128.111 1363.45433 1363.45433 1363.45433 1225.30667 1225.30667 1225.30667
          1404.48667 1404.48667 1404.48667 2186.72 2186.72 2186.72 2350.33667 2350.33667 2350.33667
          3205.56667 3205.56667 3205.56667 3515.10667 3515.10667 3515.10667 613.860333 613.860333 613.860333
          1083.26367 1083.26367 1083.26367 739.103 739.103 739.103 1372.123 1372.123 1372.123
          2418.42333 2418.42333 2418.42333 2348.57667 2348.57667 2348.57667 764.041667 764.041667 764.041667
          1245.12033 1245.12033 1245.12033 991.795667 991.795667 991.795667 1542.721 1542.721 1542.721
          1949.95667 1949.95667 1949.95667 2125.53667 2125.53667 2125.53667 2585.01 2585.01 2585.01
          3110.77 3110.77 3110.77 993.055333 993.055333 993.055333 1526.013 1526.013 1526.013
          1192.76233 1192.76233 1192.76233 1575.78667 1575.78667 1575.78667 1963.44 1963.44 1963.44
          2565.28333 2565.28333 2565.28333 1616.56 1616.56 1616.56 1815.09333 1815.09333 1815.09333
          1605.92667 1605.92667 1605.92667 1748.29667 1748.29667 1748.29667 960.250333 960.250333 960.250333
          1120.69233 1120.69233 1120.69233 1178.98233 1178.98233 1178.98233 1053.40133 1053.40133 1053.40133
          1143.91567 1143.91567 1143.91567 979.302 979.302 979.302 716.805633 716.805633 716.805633
          640.628633 640.628633 640.628633 117.282633 117.282633 117.282633 414.3337 414.3337 414.3337
          599.392367 599.392367 599.392367 448.774333 448.774333 448.774333 178.029623 178.029623 178.029623
          1129.09667 1129.09667 1129.09667 1230.02667 1230.02667 1230.02667 1268.88 1268.88 1268.88
          1196.57667 1196.57667 1196.57667 1200.74667 1200.74667 1200.74667 1112.25667 1112.25667 1112.25667
          861.574667 861.574667 861.574667 964.483667 964.483667 964.483667 973.159 973.159 973.159
          867.331 867.331 867.331 1191.647 1191.647 1191.647 988.058667 988.058667 988.058667
          788.535 788.535 788.535 1074.43633 1074.43633 1074.43633 1185.11933 1185.11933 1185.11933
          533.073133 533.073133 533.073133 175.408467 175.408467 175.408467 72.8576667 72.8576667 72.8576667
          379.813667 379.813667 379.813667 890.376667 890.376667 890.376667 1116.986 1116.986 1116.986
          151.8553 151.8553 151.8553 505.137667 505.137667 505.137667 422.824667 422.824667 422.824667
          1252.54 1252.54 1252.54 1177.08333 1177.08333 1177.08333 1229.99 1229.99 1229.99
          1132.76 1132.76 1132.76 1110.63667 1110.63667 1110.63667 1183.10667 1183.10667 1183.10667
          968.147 968.147 968.147 866.460333 866.460333 866.460333 866.857 866.857 866.857
          976.043 976.043 976.043 552.2383 552.2383 552.2383 275.747133 275.747133 275.747133
          500.8185 500.8185 500.8185 799.112 799.112 799.112 1024.07267 1024.07267 1024.07267
          1202.15867 1202.15867 1202.15867 979.720333 979.720333 979.720333 1179.60867 1179.60867 1179.60867
          1080.47733 1080.47733 1080.47733 919.908667 919.908667 919.908667 64.7215333 64.7215333 64.7215333
          132.065467 132.065467 132.065467 401.223633 401.223633 401.223633 559.0507 559.0507 559.0507
          363.015033 363.015033 363.015033 1220.48 1220.48 1220.48 1240.17667 1240.17667 1240.17667
          1134.47667 1134.47667 1134.47667 1199.50667 1199.50667 1199.50667 1219.06667 1219.06667 1219.06667
          1162.90333 1162.90333 1162.90333 901.303667 901.303667 901.303667 995.379 995.379 995.379
          1020.431 1020.431 1020.431 914.339 914.339 914.339 1139.48767 1139.48767 1139.48767
          1011.59667 1011.59667 1011.59667 1098.81767 1098.81767 1098.81767 895.668333 895.668333 895.668333
          957.858667 957.858667 957.858667 1110.87233 1110.87233 1110.87233 213.863333 213.863333 213.863333
          427.331 427.331 427.331 538.3648 538.3648 538.3648 448.612467 448.612467 448.612467
          64.9668 64.9668 64.9668 297.733867 297.733867 297.733867 403.828867 403.828867 403.828867
          309.040533 309.040533 309.040533 1269.61 1269.61 1269.61 1248.86 1248.86 1248.86
          1214.27333 1214.27333 1214.27333 1141.93 1141.93 1141.93 1171.25 1171.25 1171.25
          1239.01333 1239.01333 1239.01333 1007.33633 1007.33633 1007.33633 915.400333 915.400333 915.400333
          927.260333 927.260333 927.260333 1028.77767 1028.77767 1028.77767 825.759333 825.759333 825.759333
          916.697333 916.697333 916.697333 1005.279 1005.279 1005.279 843.415333 843.415333 843.415333
          935.822 935.822 935.822 835.252667 835.252667 835.252667 1185.44433 1185.44433 1185.44433
          1405.71333 1405.71333 1405.71333 1429.84 1429.84 1429.84 1214.65833 1214.65833 1214.65833
          898.741667 898.741667 898.741667 774.199 774.199 774.199 828.124667 828.124667 828.124667
          756.598 756.598 756.598 765.089 765.089 765.089 848.354333 848.354333 848.354333
          1256.74333 1256.74333 1256.74333 1064.81167 1064.81167 1064.81167 1102.706 1102.706 1102.706
          1292.22333 1292.22333 1292.22333 619.558667 619.558667 619.558667 602.896 602.896 602.896
          619.173 619.173 619.173 631.669667 631.669667 631.669667 605.44 605.44 605.44
          622.559667 622.559667 622.559667 642.293333 642.293333 642.293333 692.948667 692.948667 692.948667
          696.385 696.385 696.385 645.150667 645.150667 645.150667 166.040033 166.040033 166.040033
          281.074667 281.074667 281.074667 406.317333 406.317333 406.317333 411.591333 411.591333 411.591333
          766.974667 766.974667 766.974667 835.731333 835.731333 835.731333 929.345333 929.345333 929.345333
          783.287 783.287 783.287 894.314 894.314 894.314 794.111667 794.111667 794.111667
          1353.11667 1353.11667 1353.11667 1163.061 1163.061 1163.061 1072.41833 1072.41833 1072.41833
          1272.18667 1272.18667 1272.18667 625.430667 625.430667 625.430667 639.701333 639.701333 639.701333
          603.956333 603.956333 603.956333 623.389 623.389 623.389 633.782667 633.782667 633.782667
          615.432333 615.432333 615.432333 695.231333 695.231333 695.231333 643.353667 643.353667 643.353667
          649.739 649.739 649.739 696.681333 696.681333 696.681333 118.131867 118.131867 118.131867
          221.491167 221.491167 221.491167 972.112667 972.112667 972.112667 830.252333 830.252333 830.252333
          870.921 870.921 870.921 794.744333 794.744333 794.744333 823.533333 823.533333 823.533333
          927.885333 927.885333 927.885333 1206.72167 1206.72167 1206.72167 1413.99 1413.99 1413.99
          1344.59667 1344.59667 1344.59667 1125.27267 1125.27267 1125.27267 655.103667 655.103667 655.103667
          642.035 642.035 642.035 634.389 634.389 634.389 610.180667 610.180667 610.180667
          628.622 628.622 628.622 650.110667 650.110667 650.110667 649.891333 649.891333 649.891333
          712.878333 712.878333 712.878333 723.083 723.083 723.083 665.086 665.086 665.086
          718.730333 718.730333 718.730333 425.029333 425.029333 425.029333 472.635667 472.635667 472.635667
          1042.871 1042.871 1042.871 652.710333 652.710333 652.710333 669.129333 669.129333 669.129333
          623.858667 623.858667 623.858667 651.473333 651.473333 651.473333 656.97 656.97 656.97
          631.698667 631.698667 631.698667 722.357667 722.357667 722.357667 658.165333 658.165333 658.165333
          668.162667 668.162667 668.162667 730.734333 730.734333 730.734333 2074.84333 2074.84333 2074.84333
          2533.32333 2533.32333 2533.32333 3195.93 3195.93 3195.93 3097.62667 3097.62667 3097.62667
          2835.3 2835.3 2835.3 2753.20667 2753.20667 2753.20667 2698.45 2698.45 2698.45
          2738.11333 2738.11333 2738.11333 73.939 73.939 73.939 237.185 237.185 237.185
          1352.94167 1352.94167 1352.94167 2074.84333 2074.84333 2074.84333 2714.347 2714.347 2714.347
          3013.897 3013.897 3013.897 3022.578 3022.578 3022.578 2901.018 2901.018 2901.018
          4800.56333 4800.56333 4800.56333 5291.22 5291.22 5291.22 5488.52667 5488.52667 5488.52667
          3152.21 3152.21 3152.21 3065.67667 3065.67667 3065.67667 2890.46733 2890.46733 2890.46733
          3226.824 3226.824 3226.824 5646.47 5646.47 5646.47 5607.7 5607.7 5607.7
          5089.45333 5089.45333 5089.45333 5511.11667 5511.11667 5511.11667 1345.35367 1345.35367 1345.35367
          2347.11267 2347.11267 2347.11267 2447.58067 2447.58067 2447.58067 2332.034 2332.034 2332.034
          3174.15667 3174.15667 3174.15667 3160.93333 3160.93333 3160.93333 1628.30133 1628.30133 1628.30133
          1506.02833 1506.02833 1506.02833 3265.99 3265.99 3265.99 3201.81 3201.81 3201.81
          4436.04333 4436.04333 4436.04333 5179.5 5179.5 5179.5 5116.55333 5116.55333 5116.55333
          4880.88667 4880.88667 4880.88667 4427.16 4427.16 4427.16 5417.4 5417.4 5417.4
          5582.17333 5582.17333 5582.17333 5585.65 5585.65 5585.65 5782.48 5782.48 5782.48
          5680.65333 5680.65333 5680.65333 3336.84 3336.84 3336.84 3437.29667 3437.29667 3437.29667
          3431.92333 3431.92333 3431.92333 3368.65667 3368.65667 3368.65667 3399.86333 3399.86333 3399.86333
          2554.79467 2554.79467 2554.79467 2433.798 2433.798 2433.798 3409.99667 3409.99667 3409.99667
          1635.21067 1635.21067 1635.21067 1438.41733 1438.41733 1438.41733 3146.31 3146.31 3146.31
          3211.97333 3211.97333 3211.97333 1277.07003 1277.07003 1277.07003 2614.036 2614.036 2614.036
          2308.28067 2308.28067 2308.28067 1221.3433 1221.3433 1221.3433 5521.33667 5521.33667 5521.33667
          5563.84667 5563.84667 5563.84667 5824.1 5824.1 5824.1 5814.75 5814.75 5814.75
          5679.39667 5679.39667 5679.39667 5577.36333 5577.36333 5577.36333 5716.39 5716.39 5716.39
          5785.26333 5785.26333 5785.26333 2994.38667 2994.38667 2994.38667 3122.14667 3122.14667 3122.14667
          3073.04 3073.04 3073.04 3001.55333 3001.55333 3001.55333 2786.77667 2786.77667 2786.77667
          2538.90667 2538.90667 2538.90667 2541.6 2541.6 2541.6 2711.99 2711.99 2711.99
          2811.07333 2811.07333 2811.07333 3141.74333 3141.74333 3141.74333 3044.11 3044.11 3044.11
          2997.12 2997.12 2997.12 3296.78667 3296.78667 3296.78667 3202.92667 3202.92667 3202.92667
          2748.21 2748.21 2748.21 2939.24 2939.24 2939.24 1549.19633 1549.19633 1549.19633
          2416.96633 2416.96633 2416.96633 1059.98602 1059.98602 1059.98602 484.10731 484.10731 484.10731
          1465.89431 1465.89431 1465.89431 2065.59098 2065.59098 2065.59098 1788.33867 1788.33867 1788.33867
          2626.55533 2626.55533 2626.55533 1087.894 1087.894 1087.894 699.862667 699.862667 699.862667
          1774.474 1774.474 1774.474 2410.62067 2410.62067 2410.62067 2202.64867 2202.64867 2202.64867
          1622.29867 1622.29867 1622.29867 2772.94333 2772.94333 2772.94333 2594.85 2594.85 2594.85
          1962.57 1962.57 1962.57 920.618333 920.618333 920.618333 3084.78667 3084.78667 3084.78667
          3200.77667 3200.77667 3200.77667 3176.57333 3176.57333 3176.57333 3196.56333 3196.56333 3196.56333
          2412.79133 2412.79133 2412.79133 1526.30367 1526.30367 1526.30367 2577.84567 2577.84567 2577.84567
          1975.844 1975.844 1975.844 874.239333 874.239333 874.239333 526.991 526.991 526.991
          909.044667 909.044667 909.044667 2154.61236 2154.61236 2154.61236 1082.12769 1082.12769 1082.12769
          137.084977 137.084977 137.084977 1208.39031 1208.39031 1208.39031 1698.24233 1698.24233 1698.24233
          1580.16133 1580.16133 1580.16133 2761.28 2761.28 2761.28 2918.33333 2918.33333 2918.33333
          2590.89 2590.89 2590.89 2577.80333 2577.80333 2577.80333 2763.43 2763.43 2763.43
          4107.35667 4107.35667 4107.35667 4002.34 4002.34 4002.34 2178.91467 2178.91467 2178.91467
          637.342333 637.342333 637.342333 1005.241 1005.241 1005.241 1956.592 1956.592 1956.592
          2072.33833 2072.33833 2072.33833 3407.80333 3407.80333 3407.80333 1235.91167 1235.91167 1235.91167
          726.308333 726.308333 726.308333 3738.87667 3738.87667 3738.87667 3774.99667 3774.99667 3774.99667
          1902.13633 1902.13633 1902.13633 2651.32967 2651.32967 2651.32967 2727.772 2727.772 2727.772
          1942.45867 1942.45867 1942.45867 3387.23 3387.23 3387.23 3405.74667 3405.74667 3405.74667
          3571.39333 3571.39333 3571.39333 3673.96333 3673.96333 3673.96333 4698.32 4698.32 4698.32
          4817.49333 4817.49333 4817.49333 4098.24333 4098.24333 4098.24333 3336.03333 3336.03333 3336.03333
          3645.68 3645.68 3645.68 3488.47333 3488.47333 3488.47333 2291.72933 2291.72933 2291.72933
          2445.286 2445.286 2445.286 3362.53 3362.53 3362.53 3196.76667 3196.76667 3196.76667
          3624.35 3624.35 3624.35 3528.17667 3528.17667 3528.17667 3102.22667 3102.22667 3102.22667
          3210.60667 3210.60667 3210.60667 2671.11733 2671.11733 2671.11733 1055.48967 1055.48967 1055.48967
          977.4223 977.4223 977.4223 2700.9863 2700.9863 2700.9863 2149.99703 2149.99703 2149.99703
          1307.87437 1307.87437 1307.87437 894.815 894.815 894.815 772.542 772.542 772.542
          4519.41 4519.41 4519.41 4533.74667 4533.74667 4533.74667 3445.88333 3445.88333 3445.88333
          3395.56 3395.56 3395.56 3178.03333 3178.03333 3178.03333 3320.86333 3320.86333 3320.86333
          3422.10667 3422.10667 3422.10667 3440.51 3440.51 3440.51 3207.67 3207.67 3207.67
          3096.76 3096.76 3096.76 2876.46867 2876.46867 2876.46867 2772.03867 2772.03867 2772.03867
          1016.38833 1016.38833 1016.38833 4153.10667 4153.10667 4153.10667 2414.54533 2414.54533 2414.54533
          970.372667 970.372667 970.372667 773.579333 773.579333 773.579333 5041.62667 5041.62667 5041.62667
          4868.53 4868.53 4868.53 2222.92933 2222.92933 2222.92933 1173.18197 1173.18197 1173.18197
          2527.48067 2527.48067 2527.48067 1325.23137 1325.23137 1325.23137 2519.20667 2519.20667 2519.20667
          2508.81333 2508.81333 2508.81333 2951.15 2951.15 2951.15 2955.56667 2955.56667 2955.56667
          2704.85 2704.85 2704.85 2856.61 2856.61 2856.61 2874.29333 2874.29333 2874.29333
          2728.51 2728.51 2728.51 4712.5 4712.5 4712.5 5148.68667 5148.68667 5148.68667
          3052.32297 3052.32297 3052.32297 2513.3763 2513.3763 2513.3763 2452.348 2452.348 2452.348
          2889.07467 2889.07467 2889.07467 5204.71333 5204.71333 5204.71333 4870.74667 4870.74667 4870.74667
          5303.86667 5303.86667 5303.86667 4930.18667 4930.18667 4930.18667 4079.36333 4079.36333 4079.36333
          4534.93667 4534.93667 4534.93667 4230.63333 4230.63333 4230.63333 3942.69 3942.69 3942.69
          5250.36 5250.36 5250.36 5456.41 5456.41 5456.41 3568.20333 3568.20333 3568.20333
          3300.13 3300.13 3300.13 3470.99667 3470.99667 3470.99667 3673.06667 3673.06667 3673.06667
          2214.98333 2214.98333 2214.98333 1541.97767 1541.97767 1541.97767 493.132333 493.132333 493.132333
          862.078333 862.078333 862.078333 2005.75267 2005.75267 2005.75267 1186.95533 1186.95533 1186.95533
          1057.905 1057.905 1057.905 1034.043 1034.043 1034.043 216.922333 216.922333 216.922333
          1216.277 1216.277 1216.277 2324.728 2324.728 2324.728 3119.66333 3119.66333 3119.66333
          2306.763 2306.763 2306.763 1803.523 1803.523 1803.523 1503.28037 1503.28037 1503.28037
          2093.0537 2093.0537 2093.0537 632.699967 632.699967 632.699967 804.2667 804.2667 804.2667
          2325.873 2325.873 2325.873 1861.513 1861.513 1861.513 904.175 904.175 904.175
          571.671667 571.671667 571.671667 796.696333 796.696333 796.696333 2197.76533 2197.76533 2197.76533
          2261.57467 2261.57467 2261.57467 1390.48567 1390.48567 1390.48567 2061.092 2061.092 2061.092
          644.624333 644.624333 644.624333 1525.542 1525.542 1525.542 526.991 526.991 526.991
          2442.92933 2442.92933 2442.92933 2704.606 2704.606 2704.606 859.392 859.392 859.392
          741.311 741.311 741.311 943.651 943.651 943.651 1085.91367 1085.91367 1085.91367
          1161.80667 1161.80667 1161.80667 1605.06333 1605.06333 1605.06333 1333.96333 1333.96333 1333.96333
          1201.40333 1201.40333 1201.40333 1414.18 1414.18 1414.18 1719.63 1719.63 1719.63
          2040.14333 2040.14333 2040.14333 1041.13267 1041.13267 1041.13267 998.539333 998.539333 998.539333
          1261.68333 1261.68333 1261.68333 1101.24733 1101.24733 1101.24733 1193.22267 1193.22267 1193.22267
          1160.28933 1160.28933 1160.28933 1496.72333 1496.72333 1496.72333 1602.59667 1602.59667 1602.59667
          1786.076 1786.076 1786.076 1171.459 1171.459 1171.459 777.212333 777.212333 777.212333
          873.373333 873.373333 873.373333 1181.34767 1181.34767 1181.34767 1162.627 1162.627 1162.627
          1029.38033 1029.38033 1029.38033 977.033 977.033 977.033 1055.23267 1055.23267 1055.23267
          1204.55267 1204.55267 1204.55267 1568.73 1568.73 1568.73 1504.07333 1504.07333 1504.07333
          495.7923 495.7923 495.7923 1208.14397 1208.14397 1208.14397 1587.69333 1587.69333 1587.69333
          1214.82467 1214.82467 1214.82467 1052.191 1052.191 1052.191 1556.45333 1556.45333 1556.45333
          1539.77 1539.77 1539.77 963.474333 963.474333 963.474333 924.081333 924.081333 924.081333
          1472.69 1472.69 1472.69 1242.97 1242.97 1242.97 1361.46333 1361.46333 1361.46333
          1534.18667 1534.18667 1534.18667 1953.51 1953.51 1953.51 1639.64 1639.64 1639.64
          1200.77333 1200.77333 1200.77333 1448.04333 1448.04333 1448.04333 1542.16333 1542.16333 1542.16333
          1310.31063 1310.31063 1310.31063 730.6406 730.6406 730.6406 850.5994 850.5994 850.5994
          983.281033 983.281033 983.281033 1999.193 1999.193 1999.193 405.533 405.533 405.533
          669.383333 669.383333 669.383333 217.515 217.515 217.515 1781.715 1781.715 1781.715
          1952.08167 1952.08167 1952.08167 1434.86167 1434.86167 1434.86167 1305.87267 1305.87267 1305.87267
          1759.35667 1759.35667 1759.35667 1277.48567 1277.48567 1277.48567 194.165667 194.165667 194.165667
          504.09 504.09 504.09 1662.45567 1662.45567 1662.45567 1140.58067 1140.58067 1140.58067
          1784.81667 1784.81667 1784.81667 2361.30667 2361.30667 2361.30667 2430.51333 2430.51333 2430.51333
          2475.08333 2475.08333 2475.08333 843.475 843.475 843.475 542.782 542.782 542.782
          425.421333 425.421333 425.421333 596.371 596.371 596.371 2289.78333 2289.78333 2289.78333
          2518.37333 2518.37333 2518.37333 1674.72667 1674.72667 1674.72667 1839.66667 1839.66667 1839.66667
          3234.70333 3234.70333 3234.70333 3226.36667 3226.36667 3226.36667 1424.344 1424.344 1424.344
          1814.05333 1814.05333 1814.05333 1481.57333 1481.57333 1481.57333 1305.03667 1305.03667 1305.03667
          568.242967 568.242967 568.242967 257.889967 257.889967 257.889967 2.565 2.565 2.565
          262.749333 262.749333 262.749333 1139.18767 1139.18767 1139.18767 685.022667 685.022667 685.022667
          2002.46167 2002.46167 2002.46167 1711.915 1711.915 1711.915 947.934 947.934 947.934
          527.124333 527.124333 527.124333 578.496667 578.496667 578.496667 606.666333 606.666333 606.666333
          146.169 146.169 146.169 470.01 470.01 470.01 443.5 443.5 443.5
          1897.57 1897.57 1897.57 2475.86333 2475.86333 2475.86333 2069.23 2069.23 2069.23
          963.583333 963.583333 963.583333 917.156333 917.156333 917.156333 1975.70667 1975.70667 1975.70667
          2234.91667 2234.91667 2234.91667 237.929667 237.929667 237.929667 229.042667 229.042667 229.042667
          982.943667 982.943667 982.943667 808.353 808.353 808.353 931.080667 931.080667 931.080667
          1042.448 1042.448 1042.448 769.767333 769.767333 769.767333 784.123667 784.123667 784.123667
          2504.32 2504.32 2504.32 1951.75 1951.75 1951.75 1356.91 1356.91 1356.91
          1323.61033 1323.61033 1323.61033 1575.54333 1575.54333 1575.54333 1493.93667 1493.93667 1493.93667
          1285.37 1285.37 1285.37 983.944333 983.944333 983.944333 1321.032 1321.032 1321.032
          1538.63667 1538.63667 1538.63667 1261.066 1261.066 1261.066 1571.82 1571.82 1571.82
          1587.69333 1587.69333 1587.69333 1336.39867 1336.39867 1336.39867 1024.34767 1024.34767 1024.34767
          1268.406 1268.406 1268.406 983.365 983.365 983.365 1233.12967 1233.12967 1233.12967
          1270.47 1270.47 1270.47 1055.71467 1055.71467 1055.71467 956.304333 956.304333 956.304333
          1805.39 1805.39 1805.39 2100.54333 2100.54333 2100.54333 1281.573 1281.573 1281.573
          1591.01 1591.01 1591.01 1416.38333 1416.38333 1416.38333 1148.32633 1148.32633 1148.32633
          1772.90667 1772.90667 1772.90667 1662.25333 1662.25333 1662.25333 2735.69333 2735.69333 2735.69333
          2678.01 2678.01 2678.01 1411.396 1411.396 1411.396 1151.55867 1151.55867 1151.55867
          2298.33 2298.33 2298.33 1775.57333 1775.57333 1775.57333 2309.45 2309.45 2309.45
          1976.76333 1976.76333 1976.76333 1737.85667 1737.85667 1737.85667 621.284333 621.284333 621.284333
          690.587367 690.587367 690.587367 1574.57267 1574.57267 1574.57267 890.652633 890.652633 890.652633
          1925.67 1925.67 1925.67 2362.17667 2362.17667 2362.17667 2146.37333 2146.37333 2146.37333
          2149.52 2149.52 2149.52 2400.49667 2400.49667 2400.49667 2071.38667 2071.38667 2071.38667
          2362.05667 2362.05667 2362.05667 2190.71333 2190.71333 2190.71333 1666.14667 1666.14667 1666.14667
          2601.56667 2601.56667 2601.56667 2357.87667 2357.87667 2357.87667 2169.78667 2169.78667 2169.78667
          1445.927 1445.927 1445.927 899.937667 899.937667 899.937667 338.492667 338.492667 338.492667
          1619.67567 1619.67567 1619.67567 2477.04233 2477.04233 2477.04233 2384.80567 2384.80567 2384.80567
          1397.69567 1397.69567 1397.69567 2488.91333 2488.91333 2488.91333 1877.43733 1877.43733 1877.43733
          1502.252 1502.252 1502.252 569.117 569.117 569.117 398.167333 398.167333 398.167333
          2447.39667 2447.39667 2447.39667 1855.50467 1855.50467 1855.50467 1402.61633 1402.61633 1402.61633
          1370.44167 1370.44167 1370.44167 2533.67667 2533.67667 2533.67667 2343.43667 2343.43667 2343.43667
          2793.55333 2793.55333 2793.55333 3326.94 3326.94 3326.94 2273.50667 2273.50667 2273.50667
          2343.31 2343.31 2343.31 2338.43 2338.43 2338.43 1913.44667 1913.44667 1913.44667
          3226.36667 3226.36667 3226.36667 2871.66 2871.66 2871.66 1074.58133 1074.58133 1074.58133
          1034.81867 1034.81867 1034.81867 2262.26667 2262.26667 2262.26667 2484.03333 2484.03333 2484.03333
          1530.94033 1530.94033 1530.94033 1217.35167 1217.35167 1217.35167 764.463333 764.463333 764.463333
          582.446333 582.446333 582.446333 66.4906667 66.4906667 66.4906667 45.3833333 45.3833333 45.3833333
          2101.15333 2101.15333 2101.15333 2379.45667 2379.45667 2379.45667 2803.72 2803.72 2803.72
          2823.61667 2823.61667 2823.61667 1446.635 1446.635 1446.635 1695.03367 1695.03367 1695.03367
          724.594667 724.594667 724.594667 971.801667 971.801667 971.801667 534.313633 534.313633 534.313633
          712.9903 712.9903 712.9903 497.1703 497.1703 497.1703 395.4883 395.4883 395.4883
          182.260367 182.260367 182.260367 212.2547 212.2547 212.2547 1470.60933 1470.60933 1470.60933
          1103.46167 1103.46167 1103.46167 1547.71667 1547.71667 1547.71667 1175.78467 1175.78467 1175.78467
          1435.918 1435.918 1435.918 1056.51267 1056.51267 1056.51267 734.890333 734.890333 734.890333
          61.597 61.597 61.597 249.242667 249.242667 249.242667 858.935333 858.935333 858.935333
          1567.84333 1567.84333 1567.84333 615.64 615.64 615.64 57.3433333 57.3433333 57.3433333
          1864.82667 1864.82667 1864.82667 1305.57633 1305.57633 1305.57633 1062.808 1062.808 1062.808
          836.261333 836.261333 836.261333 382.292667 382.292667 382.292667 373.405667 373.405667 373.405667
          999.695333 999.695333 999.695333 902.049 902.049 902.049 1772.65 1772.65 1772.65
          1867.39667 1867.39667 1867.39667 1084.72 1084.72 1084.72 1378.27 1378.27 1378.27
          1691.93 1691.93 1691.93 1862.22333 1862.22333 1862.22333 1175.003 1175.003 1175.003
          1275.79967 1275.79967 1275.79967 1635.32333 1635.32333 1635.32333 1366.04667 1366.04667 1366.04667
          1161.18767 1161.18767 1161.18767 1038.394 1038.394 1038.394 1266.893 1266.893 1266.893
          872.227667 872.227667 872.227667 1037.41433 1037.41433 1037.41433 1318.26667 1318.26667 1318.26667
          1409.35 1409.35 1409.35 785.89 785.89 785.89 780.153 780.153 780.153
          1783.14 1783.14 1783.14 1783.76333 1783.76333 1783.76333 1747.78667 1747.78667 1747.78667
          1626.28667 1626.28667 1626.28667 1039.39567 1039.39567 1039.39567 1445.05667 1445.05667 1445.05667
          201.659667 201.659667 201.659667 957.04 957.04 957.04 751.65 751.65 751.65
          579.15 579.15 579.15 241.674333 241.674333 241.674333 815.291667 815.291667 815.291667
          1498.26267 1498.26267 1498.26267 1326.57567 1326.57567 1326.57567 1972.51667 1972.51667 1972.51667
          2190.11333 2190.11333 2190.11333 2405.41667 2405.41667 2405.41667 1673.81 1673.81 1673.81
          1307.62433 1307.62433 1307.62433 2190.00667 2190.00667 2190.00667 1083.371 1083.371 1083.371
          261.957667 261.957667 261.957667 2307.56333 2307.56333 2307.56333 2078.61333 2078.61333 2078.61333
          2271 2271 2271 1853.26 1853.26 1853.26 1952.18 1952.18 1952.18
          2027.10333 2027.10333 2027.10333 2082.72333 2082.72333 2082.72333 2083.32667 2083.32667 2083.32667
          450.738 450.738 450.738 49.621 49.621 49.621 589.410667 589.410667 589.410667
          1284.85833 1284.85833 1284.85833 372.786667 372.786667 372.786667 819.75 819.75 819.75
          315.825 315.825 315.825 467.432667 467.432667 467.432667 598.609 598.609 598.609
          223.964667 223.964667 223.964667 1205.123 1205.123 1205.123 394.253 394.253 394.253
          515.152333 515.152333 515.152333 136.383667 136.383667 136.383667 1533.91333 1533.91333 1533.91333
          1735.18667 1735.18667 1735.18667 1674.24667 1674.24667 1674.24667 1872.25 1872.25 1872.25
          1168.46733 1168.46733 1168.46733 1048.93733 1048.93733 1048.93733 702.943667 702.943667 702.943667
          854.028 854.028 854.028 1164.85167 1164.85167 1164.85167 1353.15667 1353.15667 1353.15667
          1519.00667 1519.00667 1519.00667 1568.97 1568.97 1568.97 1556.95 1556.95 1556.95
          1553.6 1553.6 1553.6 215.791933 215.791933 215.791933 508.808333 508.808333 508.808333
          1278.92133 1278.92133 1278.92133 638.644267 638.644267 638.644267 691.910333 691.910333 691.910333
          591.343667 591.343667 591.343667 784.590667 784.590667 784.590667 1232.418 1232.418 1232.418
          1239.21933 1239.21933 1239.21933 920.556333 920.556333 920.556333 1079.89033 1079.89033 1079.89033
          982.997333 982.997333 982.997333 1015.99633 1015.99633 1015.99633 781.864333 781.864333 781.864333
          876.567667 876.567667 876.567667 1343.11333 1343.11333 1343.11333 1478.08 1478.08 1478.08
          158.281267 158.281267 158.281267 97.9676667 97.9676667 97.9676667 94.8433333 94.8433333 94.8433333
          335.664667 335.664667 335.664667 739.040333 739.040333 739.040333 626.531667 626.531667 626.531667
          993.810667 993.810667 993.810667 1383.16333 1383.16333 1383.16333 1387.88667 1387.88667 1387.88667
          1170.661 1170.661 1170.661 1207.04 1207.04 1207.04 1256.3 1256.3 1256.3
          1147.08333 1147.08333 1147.08333 1198.17 1198.17 1198.17 1013.215 1013.215 1013.215
          1156.06767 1156.06767 1156.06767 931.748 931.748 931.748 1663.53 1663.53 1663.53
          1495.67333 1495.67333 1495.67333 1586.95667 1586.95667 1586.95667 1560.39667 1560.39667 1560.39667
          2390.66667 2390.66667 2390.66667 2608.66667 2608.66667 2608.66667 1966.09667 1966.09667 1966.09667
          2276.46667 2276.46667 2276.46667 581.1336 581.1336 581.1336 905.143667 905.143667 905.143667
          2228.01333 2228.01333 2228.01333 1875.90333 1875.90333 1875.90333 2361.53667 2361.53667 2361.53667
          2185.27667 2185.27667 2185.27667 906.596667 906.596667 906.596667 817.202667 817.202667 817.202667
          963.034333 963.034333 963.034333 1177.977 1177.977 1177.977 1363.29267 1363.29267 1363.29267
          390.273 390.273 390.273 1580.88933 1580.88933 1580.88933 822.812333 822.812333 822.812333
          439.792333 439.792333 439.792333 305.512 305.512 305.512 1892.28 1892.28 1892.28
          1725.40333 1725.40333 1725.40333 829.377 829.377 829.377 869.027333 869.027333 869.027333
          797.844667 797.844667 797.844667 830.83 830.83 830.83 1584.187 1584.187 1584.187
          2388.55667 2388.55667 2388.55667 105.894 105.894 105.894 794.789667 794.789667 794.789667
          1409.8 1409.8 1409.8 948.189333 948.189333 948.189333 1472.13 1472.13 1472.13
          1392.6 1392.6 1392.6 950.626667 950.626667 950.626667 922.142333 922.142333 922.142333
          228.611 228.611 228.611 8.14466667 8.14466667 8.14466667 520.892333 520.892333 520.892333
          522.601 522.601 522.601 1305.78667 1305.78667 1305.78667 1431.41333 1431.41333 1431.41333
          617.317667 617.317667 617.317667 1032.83167 1032.83167 1032.83167 20.1563333 20.1563333 20.1563333
          129.134 129.134 129.134 846.613837 846.613837 846.613837 394.12017 394.12017 394.12017
          578.061 578.061 578.061 872.051 872.051 872.051 999.393333 999.393333 999.393333
          2191.89667 2191.89667 2191.89667 2247.60333 2247.60333 2247.60333 1801.34333 1801.34333 1801.34333
          1687.73667 1687.73667 1687.73667 1479.67667 1479.67667 1479.67667 1257.877 1257.877 1257.877
          1709.35 1709.35 1709.35 1803.74 1803.74 1803.74 1306.64367 1306.64367 1306.64367
          1699.34 1699.34 1699.34 460.22917 460.22917 460.22917 767.311667 767.311667 767.311667
          80.1876667 80.1876667 80.1876667 7.73550333 7.73550333 7.73550333 618.541333 618.541333 618.541333
          853.171667 853.171667 853.171667 1216.434 1216.434 1216.434 1479.298 1479.298 1479.298
          546.563333 546.563333 546.563333 632.450667 632.450667 632.450667 2077.76333 2077.76333 2077.76333
          1711.95667 1711.95667 1711.95667 715.042333 715.042333 715.042333 371.832333 371.832333 371.832333
          456.448 456.448 456.448 152.171667 152.171667 152.171667 294.579667 294.579667 294.579667
          637.789667 637.789667 637.789667 714.139333 714.139333 714.139333 1848.31 1848.31 1848.31
          2162.83333 2162.83333 2162.83333 1272.65833 1272.65833 1272.65833 1061.07767 1061.07767 1061.07767
          477.094333 477.094333 477.094333 164.183333 164.183333 164.183333 274.218667 274.218667 274.218667
          416.757333 416.757333 416.757333 234.778667 234.778667 234.778667 1611.58833 1611.58833 1611.58833
          1290.785 1290.785 1290.785 192.366333 192.366333 192.366333 616.340333 616.340333 616.340333
          780.878333 780.878333 780.878333 748.81 748.81 748.81 870.053667 870.053667 870.053667
          1970.56 1970.56 1970.56 1917.02667 1917.02667 1917.02667 1153.55967 1153.55967 1153.55967
          1440.61333 1440.61333 1440.61333 1824.73667 1824.73667 1824.73667 1699.05 1699.05 1699.05
          2027.00667 2027.00667 2027.00667 1239.41967 1239.41967 1239.41967 1580.00667 1580.00667 1580.00667
          1500.55733 1500.55733 1500.55733 1750.60667 1750.60667 1750.60667 1498.65 1498.65 1498.65
          1403.42133 1403.42133 1403.42133 1578.558 1578.558 1578.558 1915.66667 1915.66667 1915.66667
          589.52 589.52 589.52 172.276667 172.276667 172.276667 1640.20667 1640.20667 1640.20667
          1491.19667 1491.19667 1491.19667 2529.68 2529.68 2529.68 1572.34833 1572.34833 1572.34833
          1619.68333 1619.68333 1619.68333 1141.85033 1141.85033 1141.85033 1182.31667 1182.31667 1182.31667
          1721.46367 1721.46367 1721.46367 1347.70667 1347.70667 1347.70667 1507.36 1507.36 1507.36
          1924.37667 1924.37667 1924.37667 874.466667 874.466667 874.466667 1162.88367 1162.88367 1162.88367
          2141.76733 2141.76733 2141.76733 1506.21733 1506.21733 1506.21733 2694.01 2694.01 2694.01
          2730.81333 2730.81333 2730.81333 1837.93333 1837.93333 1837.93333 1550.07667 1550.07667 1550.07667
          3262.25 3262.25 3262.25 2328.10067 2328.10067 2328.10067 2266.17733 2266.17733 2266.17733
          3296 3296 3296 3447.01 3447.01 3447.01 1709.63333 1709.63333 1709.63333
          1692.85333 1692.85333 1692.85333 1681.61667 1681.61667 1681.61667 1562.09 1562.09 1562.09
          2484.5 2484.5 2484.5 2425.42 2425.42 2425.42 2608.06667 2608.06667 2608.06667
          2951.56 2951.56 2951.56 2595.6 2595.6 2595.6 3026.81 3026.81 3026.81
          2034.05667 2034.05667 2034.05667 2531.30667 2531.30667 2531.30667 1815.48 1815.48 1815.48
          1325.334 1325.334 1325.334 306.232667 306.232667 306.232667 840.671333 840.671333 840.671333
          1476.61133 1476.61133 1476.61133 380.136333 380.136333 380.136333 268.065733 268.065733 268.065733
          878.864667 878.864667 878.864667 395.722 395.722 395.722 1281.61 1281.61 1281.61
          1449.49667 1449.49667 1449.49667 1220.90167 1220.90167 1220.90167 774.704333 774.704333 774.704333
          1026.40033 1026.40033 1026.40033 1298.83033 1298.83033 1298.83033 318.262667 318.262667 318.262667
          325.192667 325.192667 325.192667 1415.29667 1415.29667 1415.29667 1551.65 1551.65 1551.65
          1564.71 1564.71 1564.71 1805.60667 1805.60667 1805.60667 775.055 775.055 775.055
          120.066667 120.066667 120.066667 913.463 913.463 913.463 1112.55467 1112.55467 1112.55467
          1022.76767 1022.76767 1022.76767 1076.49467 1076.49467 1076.49467 779.674667 779.674667 779.674667
          913.539333 913.539333 913.539333 1689.72 1689.72 1689.72 1800.37667 1800.37667 1800.37667
          1302.18033 1302.18033 1302.18033 2088.99367 2088.99367 2088.99367 1202.28033 1202.28033 1202.28033
          1537.08033 1537.08033 1537.08033 1787.51367 1787.51367 1787.51367 2740.77967 2740.77967 2740.77967
          1646.243 1646.243 1646.243 450.849333 450.849333 450.849333 332.944 332.944 332.944
          959.2543 959.2543 959.2543 777.576967 777.576967 777.576967 788.9897 788.9897 788.9897
          1148.33737 1148.33737 1148.33737 2841.95 2841.95 2841.95 2792.94333 2792.94333 2792.94333
          3094.86333 3094.86333 3094.86333 2379.49 2379.49 2379.49 2046.52333 2046.52333 2046.52333
          2115.95 2115.95 2115.95 2069.50667 2069.50667 2069.50667 2535.37 2535.37 2535.37
          2294.29 2294.29 2294.29 1619.14367 1619.14367 1619.14367 418.757 418.757 418.757
          215.833333 215.833333 215.833333 1618.54633 1618.54633 1618.54633 2343.62967 2343.62967 2343.62967
          1783.65033 1783.65033 1783.65033 1145.80867 1145.80867 1145.80867 1464.79667 1464.79667 1464.79667
          1571.29667 1571.29667 1571.29667 1009.05967 1009.05967 1009.05967 920.100333 920.100333 920.100333
          3565.92333 3565.92333 3565.92333 3378.11 3378.11 3378.11 1580.48 1580.48 1580.48
          1548.82 1548.82 1548.82 1640.35 1640.35 1640.35 871.352667 871.352667 871.352667
          269.162 269.162 269.162 519.619333 519.619333 519.619333 473.729333 473.729333 473.729333
          183.982667 183.982667 183.982667 1261.43667 1261.43667 1261.43667 1405.69667 1405.69667 1405.69667
          2777.11 2777.11 2777.11 2107.56 2107.56 2107.56 1878.88667 1878.88667 1878.88667
          2397.42667 2397.42667 2397.42667 1316.65333 1316.65333 1316.65333 1323.58 1323.58 1323.58
          1298.9 1298.9 1298.9 1495.58 1495.58 1495.58 1410.58333 1410.58333 1410.58333
          1551.11667 1551.11667 1551.11667 1825.68 1825.68 1825.68 2298.55 2298.55 2298.55
          777.306667 777.306667 777.306667 1123.2 1123.2 1123.2 1827.94667 1827.94667 1827.94667
          1589.69667 1589.69667 1589.69667 1332.79667 1332.79667 1332.79667 1139.98067 1139.98067 1139.98067
          156.952733 156.952733 156.952733 214.014 214.014 214.014 821.848333 821.848333 821.848333
          1323.055 1323.055 1323.055 317.425 317.425 317.425 343.224333 343.224333 343.224333
          756.19 756.19 756.19 1211.53133 1211.53133 1211.53133 306.232667 306.232667 306.232667
          486.743333 486.743333 486.743333 73.7776667 73.7776667 73.7776667 55.3022667 55.3022667 55.3022667
          330.985 330.985 330.985 284.765667 284.765667 284.765667 427.486333 427.486333 427.486333
          661.020333 661.020333 661.020333 811.35 811.35 811.35 1.154 1.154 1.154
          2111.62367 2111.62367 2111.62367 1784.91367 1784.91367 1784.91367 268.131333 268.131333 268.131333
          275.061333 275.061333 275.061333 1454.65 1454.65 1454.65 1404.97333 1404.97333 1404.97333
          1040.12 1040.12 1040.12 983.04 983.04 983.04 55.8107333 55.8107333 55.8107333
          116.169667 116.169667 116.169667 3304.12333 3304.12333 3304.12333 2967.48333 2967.48333 2967.48333
          2926.83 2926.83 2926.83 2495.64333 2495.64333 2495.64333 1824.15 1824.15 1824.15
          1497.09667 1497.09667 1497.09667 793.354333 793.354333 793.354333 850.365333 850.365333 850.365333
          1955.13767 1955.13767 1955.13767 2051.67767 2051.67767 2051.67767 1270.344 1270.344 1270.344
          1400.61033 1400.61033 1400.61033 1490.47367 1490.47367 1490.47367 1351.11033 1351.11033 1351.11033
          1418.643 1418.643 1418.643 1301.832 1301.832 1301.832 965.808667 965.808667 965.808667
          1022.06767 1022.06767 1022.06767 1155.17367 1155.17367 1155.17367 1207.15367 1207.15367 1207.15367
          927.173333 927.173333 927.173333 2714.61333 2714.61333 2714.61333 2653.41333 2653.41333 2653.41333
          1279.18967 1279.18967 1279.18967 1636.63967 1636.63967 1636.63967 660.592 660.592 660.592
          696.746667 696.746667 696.746667 772.222333 772.222333 772.222333 701.866667 701.866667 701.866667
          699.630333 699.630333 699.630333 1167.162 1167.162 1167.162 1522.80333 1522.80333 1522.80333
          1793.2 1793.2 1793.2 891.141333 891.141333 891.141333 943.924667 943.924667 943.924667
          1558.281 1558.281 1558.281 1188.45933 1188.45933 1188.45933 1309.77833 1309.77833 1309.77833
          1383.35 1383.35 1383.35 3045.15 3045.15 3045.15 3141.69 3141.69 3141.69
          888.253333 888.253333 888.253333 1306.68333 1306.68333 1306.68333 2739.79667 2739.79667 2739.79667
          2775.13667 2775.13667 2775.13667 1202.28867 1202.28867 1202.28867 1706.09567 1706.09567 1706.09567
          1304.45567 1304.45567 1304.45567 1270.46233 1270.46233 1270.46233 2116.59 2116.59 2116.59
          1786.18667 1786.18667 1786.18667 1364.26333 1364.26333 1364.26333 1433.91 1433.91 1433.91
          571.809333 571.809333 571.809333 659.597 659.597 659.597 1630.30733 1630.30733 1630.30733
          906.969667 906.969667 906.969667 2676.54667 2676.54667 2676.54667 2729.44333 2729.44333 2729.44333
          2074.75 2074.75 2074.75 312.672367 312.672367 312.672367 853.697367 853.697367 853.697367
          875.746333 875.746333 875.746333 1783.053 1783.053 1783.053 688.663 688.663 688.663
          126.118 126.118 126.118 1666.337 1666.337 1666.337 1498.637 1498.637 1498.637
          1028.229 1028.229 1028.229 894.438667 894.438667 894.438667 1170.15667 1170.15667 1170.15667
          1122.03 1122.03 1122.03 628.275333 628.275333 628.275333 776.137 776.137 776.137
          1293.80333 1293.80333 1293.80333 1328.28 1328.28 1328.28 691.929667 691.929667 691.929667
          580.059 580.059 580.059 824.456333 824.456333 824.456333 651.441 651.441 651.441
          1405.77667 1405.77667 1405.77667 1483.03333 1483.03333 1483.03333 849.459333 849.459333 849.459333
          830.656333 830.656333 830.656333 1176.89233 1176.89233 1176.89233 1643.79667 1643.79667 1643.79667
          1080.211 1080.211 1080.211 1452.13 1452.13 1452.13 2022.36233 2022.36233 2022.36233
          1425.23333 1425.23333 1425.23333 586.004333 586.004333 586.004333 532.362333 532.362333 532.362333
          894.275 894.275 894.275 911.926 911.926 911.926 855.844667 855.844667 855.844667
          931.399333 931.399333 931.399333 603.224667 603.224667 603.224667 849.331 849.331 849.331
          661.932 661.932 661.932 744.17 744.17 744.17 867.354667 867.354667 867.354667
          712.025667 712.025667 712.025667 1096.606 1096.606 1096.606 1167.94367 1167.94367 1167.94367
          1209.38867 1209.38867 1209.38867 1225.242 1225.242 1225.242 34.0903667 34.0903667 34.0903667
          710.249967 710.249967 710.249967 462.815333 462.815333 462.815333 236.568333 236.568333 236.568333
          1052.80033 1052.80033 1052.80033 928.374667 928.374667 928.374667 1155.05533 1155.05533 1155.05533
          1094.24533 1094.24533 1094.24533 980.662 980.662 980.662 583.318667 583.318667 583.318667
          1756.07333 1756.07333 1756.07333 1899.82333 1899.82333 1899.82333 1575.18 1575.18 1575.18
          1700.55333 1700.55333 1700.55333 1417.75033 1417.75033 1417.75033 1878.09333 1878.09333 1878.09333
          532.789 532.789 532.789 509.672 509.672 509.672 696.033333 696.033333 696.033333
          198.815333 198.815333 198.815333 791.147 791.147 791.147 1662.62667 1662.62667 1662.62667
          1408.68333 1408.68333 1408.68333 933.957 933.957 933.957 2765.53667 2765.53667 2765.53667
          2246.57967 2246.57967 2246.57967 2398.12793 2398.12793 2398.12793 1471.2176 1471.2176 1471.2176
          462.115733 462.115733 462.115733 1576.00873 1576.00873 1576.00873 190.856 190.856 190.856
          650.941 650.941 650.941 106.427667 106.427667 106.427667 1042.564 1042.564 1042.564
          1106.74567 1106.74567 1106.74567 2712.79 2712.79 2712.79 3120.74333 3120.74333 3120.74333
          2400.58667 2400.58667 2400.58667 1509.95933 1509.95933 1509.95933 2300.06667 2300.06667 2300.06667
          2100.30667 2100.30667 2100.30667 1987.84667 1987.84667 1987.84667 2420.71 2420.71 2420.71
          2477.42333 2477.42333 2477.42333 2307.30333 2307.30333 2307.30333 1124.71933 1124.71933 1124.71933
          1057.88233 1057.88233 1057.88233 806.106 806.106 806.106 1184.81467 1184.81467 1184.81467
          1070.27433 1070.27433 1070.27433 818.498 818.498 818.498 657.722 657.722 657.722
          1403.76333 1403.76333 1403.76333 1465.62333 1465.62333 1465.62333 1439.29667 1439.29667 1439.29667
          1521.89 1521.89 1521.89 740.312 740.312 740.312 797.22 797.22 797.22
          604.916667 604.916667 604.916667 542.402333 542.402333 542.402333 1767.50667 1767.50667 1767.50667
          1694.70667 1694.70667 1694.70667 872.253367 872.253367 872.253367 1246.3757 1246.3757 1246.3757
          1027.8113 1027.8113 1027.8113 657.5933 657.5933 657.5933 3716.95 3716.95 3716.95
          2456.03767 2456.03767 2456.03767 1319.95133 1319.95133 1319.95133 1535.30367 1535.30367 1535.30367
          1199.78093 1199.78093 1199.78093 336.7324 336.7324 336.7324 1596.6454 1596.6454 1596.6454
          2100.9354 2100.9354 2100.9354 1479.44667 1479.44667 1479.44667 369.86 369.86 369.86
          465.366667 465.366667 465.366667 1859.05667 1859.05667 1859.05667 1448.85367 1448.85367 1448.85367
          1739.313 1739.313 1739.313 1302.04967 1302.04967 1302.04967 1659.3 1659.3 1659.3
          1472.61667 1472.61667 1472.61667 2026.25 2026.25 2026.25 1702.50667 1702.50667 1702.50667
          132.284667 132.284667 132.284667 267.278 267.278 267.278 1511.73333 1511.73333 1511.73333
          1408.71333 1408.71333 1408.71333 2437.29333 2437.29333 2437.29333 1272.87967 1272.87967 1272.87967
          187.773667 187.773667 187.773667 494.197333 494.197333 494.197333 522.269667 522.269667 522.269667
          1098.16367 1098.16367 1098.16367 699.572333 699.572333 699.572333 844.645667 844.645667 844.645667
          1434.37333 1434.37333 1434.37333 1716.06333 1716.06333 1716.06333 1376.25233 1376.25233 1376.25233
          634.625333 634.625333 634.625333 1119.51367 1119.51367 1119.51367 450.480667 450.480667 450.480667
          1142.71567 1142.71567 1142.71567 1432.93233 1432.93233 1432.93233 583.318667 583.318667 583.318667
          139.781333 139.781333 139.781333 2002.97333 2002.97333 2002.97333 2549.87 2549.87 2549.87
          2977.78 2977.78 2977.78 2992.8 2992.8 2992.8 2642.32 2642.32 2642.32
          2585.64 2585.64 2585.64 2564.89 2564.89 2564.89 2247.93667 2247.93667 2247.93667
          1163.92767 1163.92767 1163.92767 1528.81333 1528.81333 1528.81333 2003.5 2003.5 2003.5
          2478.95333 2478.95333 2478.95333 1937.75 1937.75 1937.75 1833.18 1833.18 1833.18
          297.865 297.865 297.865 463.538667 463.538667 463.538667 951.742667 951.742667 951.742667
          844.473 844.473 844.473 712.289 712.289 712.289 857.866333 857.866333 857.866333
          1393.794 1393.794 1393.794 1818.35333 1818.35333 1818.35333 1825.59 1825.59 1825.59
          1753.29667 1753.29667 1753.29667 115.193667 115.193667 115.193667 492.843667 492.843667 492.843667
          325.025333 325.025333 325.025333 139.798 139.798 139.798 1085.75233 1085.75233 1085.75233
          860.953 860.953 860.953 657.859667 657.859667 657.859667 1176.81667 1176.81667 1176.81667
          713.357667 713.357667 713.357667 202.352667 202.352667 202.352667 95.248 95.248 95.248
          314.671333 314.671333 314.671333 385.033 385.033 385.033 190.56 190.56 190.56
          1765.00433 1765.00433 1765.00433 1346.512 1346.512 1346.512 952.246333 952.246333 952.246333
          1035.84933 1035.84933 1035.84933 1316.23333 1316.23333 1316.23333 1362.25 1362.25 1362.25
          1334.73667 1334.73667 1334.73667 1341.89333 1341.89333 1341.89333 1339.32667 1339.32667 1339.32667
          1202.55033 1202.55033 1202.55033 781.719 781.719 781.719 1057.03533 1057.03533 1057.03533
          1312.32333 1312.32333 1312.32333 1421.88667 1421.88667 1421.88667 1171.35267 1171.35267 1171.35267
          1163.47267 1163.47267 1163.47267 1190.14033 1190.14033 1190.14033 1242.56367 1242.56367 1242.56367
          1275.984 1275.984 1275.984 1208.164 1208.164 1208.164 1654.51667 1654.51667 1654.51667
          1470.24 1470.24 1470.24 1273.26367 1273.26367 1273.26367 966.051667 966.051667 966.051667
          697.623 697.623 697.623 668.473 668.473 668.473 718.566667 718.566667 718.566667
          666.399333 666.399333 666.399333 3406.75667 3406.75667 3406.75667 2842.52 2842.52 2842.52
          1917.80667 1917.80667 1917.80667 2407.67333 2407.67333 2407.67333 1574.61 1574.61 1574.61
          1953.71 1953.71 1953.71 2193.05667 2193.05667 2193.05667 2298.8 2298.8 2298.8
          1894.88333 1894.88333 1894.88333 568.653333 568.653333 568.653333 668.225667 668.225667 668.225667
          1558.32233 1558.32233 1558.32233 861.621 861.621 861.621 3519.05333 3519.05333 3519.05333
          3221.89667 3221.89667 3221.89667 3284.88 3284.88 3284.88 3271.84333 3271.84333 3271.84333
          797.762 797.762 797.762 1681.65967 1681.65967 1681.65967 2173.19 2173.19 2173.19
          2033.39 2033.39 2033.39 2736.77667 2736.77667 2736.77667 2637.23 2637.23 2637.23
          1121.532 1121.532 1121.532 1613.59 1613.59 1613.59 1130.59033 1130.59033 1130.59033
          943.931333 943.931333 943.931333
        </DataArray>
        <DataArray type="Float32" Name="pressureVisible01" format="ascii">
          0.705792884 0.705792884 0.705792884 0.663777364 0.663777364 0.663777364 0.233017682 0.233017682 0.233017682
          0.232901125 0.232901125 0.232901125 0.226555408 0.226555408 0.226555408 0.229882576 0.229882576 0.229882576
          0.22835501 0.22835501 0.22835501 0.224561404 0.224561404 0.224561404 0.375208525 0.375208525 0.375208525
          0.38386328 0.38386328 0.38386328 0.32817368 0.32817368 0.32817368 0.237230719 0.237230719 0.237230719
          0.23786561 0.23786561 0.23786561 0.239005648 0.239005648 0.239005648 0.2412853 0.2412853 0.2412853
          0.238165933 0.238165933 0.238165933 0.236307841 0.236307841 0.236307841 0.302803559 0.302803559 0.302803559
          0.289747992 0.289747992 0.289747992 0.237090554 0.237090554 0.237090554 0.236229782 0.236229782 0.236229782
          0.233094677 0.233094677 0.233094677 0.232915163 0.232915163 0.232915163 0.239693925 0.239693925 0.239693925
          0.238230592 0.238230592 0.238230592 0.289565713 0.289565713 0.289565713 0.302427091 0.302427091 0.302427091
          0.346736406 0.346736406 0.346736406 0.360450558 0.360450558 0.360450558 0.233751262 0.233751262 0.233751262
          0.234093699 0.234093699 0.234093699 0.226235942 0.226235942 0.226235942 0.229205147 0.229205147 0.229205147
          0.233170821 0.233170821 0.233170821 0.231923798 0.231923798 0.231923798 0.29754662 0.29754662 0.29754662
          0.28302368 0.28302368 0.28302368 0.366026643 0.366026643 0.366026643 0.358838531 0.358838531 0.358838531
          0.31887157 0.31887157 0.31887157 0.28079869 0.28079869 0.28079869 0.29575106 0.29575106 0.29575106
          0.235377519 0.235377519 0.235377519 0.235960512 0.235960512 0.235960512 0.256228098 0.256228098 0.256228098
          0.501908288 0.501908288 0.501908288 0.448470065 0.448470065 0.448470065 0.457306639 0.457306639 0.457306639
          0.503172327 0.503172327 0.503172327 0.251711334 0.251711334 0.251711334 0.250654884 0.250654884 0.250654884
          0.271135163 0.271135163 0.271135163 0.32512349 0.32512349 0.32512349 0.320370551 0.320370551 0.320370551
          0.24517164 0.24517164 0.24517164 0.247675258 0.247675258 0.247675258 0.26871556 0.26871556 0.26871556
          0.32026497 0.32026497 0.32026497 0.325131721 0.325131721 0.325131721 0.261210236 0.261210236 0.261210236
          0.23994384 0.23994384 0.23994384 0.237879222 0.237879222 0.237879222 0.32257727 0.32257727 0.32257727
          0.317175912 0.317175912 0.317175912 0.315861465 0.315861465 0.315861465 0.321382569 0.321382569 0.321382569
          0.510788464 0.510788464 0.510788464 0.535305671 0.535305671 0.535305671 0.520913962 0.520913962 0.520913962
          0.539580177 0.539580177 0.539580177 0.621070164 0.621070164 0.621070164 0.638115227 0.638115227 0.638115227
          0.727210292 0.727210292 0.727210292 0.759457214 0.759457214 0.759457214 0.457215273 0.457215273 0.457215273
          0.50611603 0.50611603 0.50611603 0.470262609 0.470262609 0.470262609 0.536208428 0.536208428 0.536208428
          0.645208563 0.645208563 0.645208563 0.637932098 0.637932098 0.637932098 0.472860939 0.472860939 0.472860939
          0.522977963 0.522977963 0.522977963 0.496587542 0.496587542 0.496587542 0.553981031 0.553981031 0.553981031
          0.596405348 0.596405348 0.596405348 0.614696371 0.614696371 0.614696371 0.662562883 0.662562883 0.662562883
          0.717334922 0.717334922 0.717334922 0.496718859 0.496718859 0.496718859 0.552240431 0.552240431 0.552240431
          0.517523624 0.517523624 0.517523624 0.557425606 0.557425606 0.557425606 0.597809552 0.597809552 0.597809552
          0.660507623 0.660507623 0.660507623 0.5616731 0.5616731 0.5616731 0.582355651 0.582355651 0.582355651
          0.560565391 0.560565391 0.560565391 0.57539695 0.57539695 0.57539695 0.293229788 0.293229788 0.293229788
          0.276515677 0.276515677 0.276515677 0.270443483 0.270443483 0.270443483 0.283526062 0.283526062 0.283526062
          0.274096498 0.274096498 0.274096498 0.291245356 0.291245356 0.291245356 0.46793998 0.46793998 0.46793998
          0.460004165 0.460004165 0.460004165 0.405483721 0.405483721 0.405483721 0.350101676 0.350101676 0.350101676
          0.330822925 0.330822925 0.330822925 0.346513822 0.346513822 0.346513822 0.374719151 0.374719151 0.374719151
          0.275640017 0.275640017 0.275640017 0.265125289 0.265125289 0.265125289 0.261078153 0.261078153 0.261078153
          0.268610276 0.268610276 0.268610276 0.268176168 0.268176168 0.268176168 0.27739474 0.27739474 0.27739474
          0.303509702 0.303509702 0.303509702 0.292789087 0.292789087 0.292789087 0.291885351 0.291885351 0.291885351
          0.302910118 0.302910118 0.302910118 0.269123719 0.269123719 0.269123719 0.2903329 0.2903329 0.2903329
          0.311118778 0.311118778 0.311118778 0.281334466 0.281334466 0.281334466 0.269803913 0.269803913 0.269803913
          0.337731868 0.337731868 0.337731868 0.37499213 0.37499213 0.37499213 0.385675503 0.385675503 0.385675503
          0.353697872 0.353697872 0.353697872 0.300509231 0.300509231 0.300509231 0.276901929 0.276901929 0.276901929
          0.377445786 0.377445786 0.377445786 0.340642135 0.340642135 0.340642135 0.349217266 0.349217266 0.349217266
          0.262780554 0.262780554 0.262780554 0.270641501 0.270641501 0.270641501 0.265129543 0.265129543 0.265129543
          0.275258657 0.275258657 0.275258657 0.277563193 0.277563193 0.277563193 0.270013629 0.270013629 0.270013629
          0.292407727 0.292407727 0.292407727 0.303000938 0.303000938 0.303000938 0.302959463 0.302959463 0.302959463
          0.291584815 0.291584815 0.291584815 0.335735333 0.335735333 0.335735333 0.364539276 0.364539276 0.364539276
          0.341092153 0.341092153 0.341092153 0.310016854 0.310016854 0.310016854 0.286581195 0.286581195 0.286581195
          0.268028984 0.268028984 0.268028984 0.291201541 0.291201541 0.291201541 0.270377974 0.270377974 0.270377974
          0.280704893 0.280704893 0.280704893 0.297432404 0.297432404 0.297432404 0.386523138 0.386523138 0.386523138
          0.407023751 0.407023751 0.407023751 0.435063698 0.435063698 0.435063698 0.33502554 0.33502554 0.33502554
          0.355447839 0.355447839 0.355447839 0.266120696 0.266120696 0.266120696 0.26406884 0.26406884 0.26406884
          0.275079994 0.275079994 0.275079994 0.268305486 0.268305486 0.268305486 0.26626788 0.26626788 0.26626788
          0.272118447 0.272118447 0.272118447 0.299370894 0.299370894 0.299370894 0.289570605 0.289570605 0.289570605
          0.286960641 0.286960641 0.286960641 0.298013058 0.298013058 0.298013058 0.274558044 0.274558044 0.274558044
          0.287881179 0.287881179 0.287881179 0.27879469 0.27879469 0.27879469 0.299957929 0.299957929 0.299957929
          0.293479278 0.293479278 0.293479278 0.277539159 0.277539159 0.277539159 0.370986129 0.370986129 0.370986129
          0.348747744 0.348747744 0.348747744 0.337180566 0.337180566 0.337180566 0.346530646 0.346530646 0.346530646
          0.386497606 0.386497606 0.386497606 0.424282584 0.424282584 0.424282584 0.435335193 0.435335193 0.435335193
          0.425460397 0.425460397 0.425460397 0.261002221 0.261002221 0.261002221 0.263163615 0.263163615 0.263163615
          0.26676686 0.26676686 0.26676686 0.274303024 0.274303024 0.274303024 0.271248742 0.271248742 0.271248742
          0.264189437 0.264189437 0.264189437 0.288324646 0.288324646 0.288324646 0.297902244 0.297902244 0.297902244
          0.296666706 0.296666706 0.296666706 0.286090936 0.286090936 0.286090936 0.307240775 0.307240775 0.307240775
          0.297767184 0.297767184 0.297767184 0.288538828 0.288538828 0.288538828 0.3054014 0.3054014 0.3054014
          0.295774669 0.295774669 0.295774669 0.306251749 0.306251749 0.306251749 0.269770095 0.269770095 0.269770095
          0.246822994 0.246822994 0.246822994 0.244309805 0.244309805 0.244309805 0.266726448 0.266726448 0.266726448
          0.299637612 0.299637612 0.299637612 0.312612143 0.312612143 0.312612143 0.30699437 0.30699437 0.30699437
          0.314445669 0.314445669 0.314445669 0.313561182 0.313561182 0.313561182 0.304886894 0.304886894 0.304886894
          0.262342617 0.262342617 0.262342617 0.282337317 0.282337317 0.282337317 0.278389509 0.278389509 0.278389509
          0.258646213 0.258646213 0.258646213 0.328722077 0.328722077 0.328722077 0.330458019 0.330458019 0.330458019
          0.328762254 0.328762254 0.328762254 0.327460377 0.327460377 0.327460377 0.330192896 0.330192896 0.330192896
          0.328409417 0.328409417 0.328409417 0.326353774 0.326353774 0.326353774 0.321076694 0.321076694 0.321076694
          0.320718624 0.320718624 0.320718624 0.326056003 0.326056003 0.326056003 0.410563073 0.410563073 0.410563073
          0.422546982 0.422546982 0.422546982 0.435594317 0.435594317 0.435594317 0.436143769 0.436143769 0.436143769
          0.313365185 0.313365185 0.313365185 0.306202298 0.306202298 0.306202298 0.296450184 0.296450184 0.296450184
          0.311665868 0.311665868 0.311665868 0.300099371 0.300099371 0.300099371 0.310538166 0.310538166 0.310538166
          0.252302835 0.252302835 0.252302835 0.272102282 0.272102282 0.272102282 0.281545245 0.281545245 0.281545245
          0.260734227 0.260734227 0.260734227 0.328110497 0.328110497 0.328110497 0.326623874 0.326623874 0.326623874
          0.330347546 0.330347546 0.330347546 0.328323191 0.328323191 0.328323191 0.327240473 0.327240473 0.327240473
          0.329152079 0.329152079 0.329152079 0.320838817 0.320838817 0.320838817 0.326243301 0.326243301 0.326243301
          0.325577974 0.325577974 0.325577974 0.320687592 0.320687592 0.320687592 0.405572172 0.405572172 0.405572172
          0.416339813 0.416339813 0.416339813 0.291994463 0.291994463 0.291994463 0.306773062 0.306773062 0.306773062
          0.30253599 0.30253599 0.30253599 0.310471806 0.310471806 0.310471806 0.307473037 0.307473037 0.307473037
          0.296601835 0.296601835 0.296601835 0.267553614 0.267553614 0.267553614 0.245961371 0.245961371 0.245961371
          0.253190193 0.253190193 0.253190193 0.276038605 0.276038605 0.276038605 0.325019206 0.325019206 0.325019206
          0.326380659 0.326380659 0.326380659 0.327176984 0.327176984 0.327176984 0.329698936 0.329698936 0.329698936
          0.327778057 0.327778057 0.327778057 0.325539455 0.325539455 0.325539455 0.325562043 0.325562043 0.325562043
          0.319000186 0.319000186 0.319000186 0.317937356 0.317937356 0.317937356 0.323979347 0.323979347 0.323979347
          0.4681405 0.4681405 0.4681405 0.437543634 0.437543634 0.437543634 0.44250312 0.44250312 0.44250312
          0.501908288 0.501908288 0.501908288 0.325268483 0.325268483 0.325268483 0.323558 0.323558 0.323558
          0.328274186 0.328274186 0.328274186 0.325397376 0.325397376 0.325397376 0.324824804 0.324824804 0.324824804
          0.327457527 0.327457527 0.327457527 0.318012649 0.318012649 0.318012649 0.324700081 0.324700081 0.324700081
          0.323658817 0.323658817 0.323658817 0.31714018 0.31714018 0.31714018 0.177115388 0.177115388 0.177115388
          0.129352458 0.129352458 0.129352458 0.0603246217 0.0603246217 0.0603246217 0.0705658249 0.0705658249 0.0705658249
          0.097893779 0.097893779 0.097893779 0.106445981 0.106445981 0.106445981 0.112150215 0.112150215 0.112150215
          0.108018001 0.108018001 0.108018001 0.38556269 0.38556269 0.38556269 0.417974492 0.417974492 0.417974492
          0.252320531 0.252320531 0.252320531 0.177115388 0.177115388 0.177115388 0.676036924 0.676036924 0.676036924
          0.707243136 0.707243136 0.707243136 0.708147361 0.708147361 0.708147361 0.695483576 0.695483576 0.695483576
          0.89337174 0.89337174 0.89337174 0.944486511 0.944486511 0.944486511 0.965041446 0.965041446 0.965041446
          0.0648792453 0.0648792453 0.0648792453 0.0738940564 0.0738940564 0.0738940564 0.694384652 0.694384652 0.694384652
          0.729425093 0.729425093 0.729425093 0.98149522 0.98149522 0.98149522 0.977456591 0.977456591 0.977456591
          0.923467265 0.923467265 0.923467265 0.967394476 0.967394476 0.967394476 0.253111305 0.253111305 0.253111305
          0.148751637 0.148751637 0.148751637 0.138284957 0.138284957 0.138284957 0.150322359 0.150322359 0.150322359
          0.0625927876 0.0625927876 0.0625927876 0.0639704049 0.0639704049 0.0639704049 0.223634698 0.223634698 0.223634698
          0.236372713 0.236372713 0.236372713 0.0530260363 0.0530260363 0.0530260363 0.059711851 0.059711851 0.059711851
          0.855397189 0.855397189 0.855397189 0.93284791 0.93284791 0.93284791 0.926290136 0.926290136 0.926290136
          0.901739112 0.901739112 0.901739112 0.854471758 0.854471758 0.854471758 0.957631196 0.957631196 0.957631196
          0.974796856 0.974796856 0.974796856 0.975159074 0.975159074 0.975159074 0.995664238 0.995664238 0.995664238
          0.985056351 0.985056351 0.985056351 0.0456453511 0.0456453511 0.0456453511 0.0351801814 0.0351801814 0.0351801814
          0.035740204 0.035740204 0.035740204 0.0423309446 0.0423309446 0.0423309446 0.0390799209 0.0390799209 0.0390799209
          0.127115984 0.127115984 0.127115984 0.139721022 0.139721022 0.139721022 0.0380241093 0.0380241093 0.0380241093
          0.222914942 0.222914942 0.222914942 0.243416236 0.243416236 0.243416236 0.0654941428 0.0654941428 0.0654941428
          0.0586536997 0.0586536997 0.0586536997 0.526306327 0.526306327 0.526306327 0.665586877 0.665586877 0.665586877
          0.152796965 0.152796965 0.152796965 0.266030454 0.266030454 0.266030454 0.968459434 0.968459434 0.968459434
          0.97288793 0.97288793 0.97288793 1 1 1 0.999025863 0.999025863 0.999025863
          0.984925119 0.984925119 0.984925119 0.974295962 0.974295962 0.974295962 0.988779342 0.988779342 0.988779342
          0.99595414 0.99595414 0.99595414 0.0813208961 0.0813208961 0.0813208961 0.0680111605 0.0680111605 0.0680111605
          0.0731268701 0.0731268701 0.0731268701 0.0805743411 0.0805743411 0.0805743411 0.102948871 0.102948871 0.102948871
          0.128770954 0.128770954 0.128770954 0.128490623 0.128490623 0.128490623 0.110740055 0.110740055 0.110740055
          0.100417603 0.100417603 0.100417603 0.0659695133 0.0659695133 0.0659695133 0.0761407403 0.0761407403 0.0761407403
          0.0810360992 0.0810360992 0.0810360992 0.0498179767 0.0498179767 0.0498179767 0.059595933 0.059595933 0.059595933
          0.106966656 0.106966656 0.106966656 0.0870659665 0.0870659665 0.0870659665 0.231875623 0.231875623 0.231875623
          0.141474193 0.141474193 0.141474193 0.5036913 0.5036913 0.5036913 0.342832944 0.342832944 0.342832944
          0.24055374 0.24055374 0.24055374 0.178079422 0.178079422 0.178079422 0.206962657 0.206962657 0.206962657
          0.119640182 0.119640182 0.119640182 0.506598695 0.506598695 0.506598695 0.320356407 0.320356407 0.320356407
          0.208407018 0.208407018 0.208407018 0.142135266 0.142135266 0.142135266 0.163801462 0.163801462 0.163801462
          0.224260294 0.224260294 0.224260294 0.104389658 0.104389658 0.104389658 0.122943145 0.122943145 0.122943145
          0.188811629 0.188811629 0.188811629 0.297358429 0.297358429 0.297358429 0.0719032431 0.0719032431 0.0719032431
          0.0598198995 0.0598198995 0.0598198995 0.062341171 0.062341171 0.062341171 0.0602588993 0.0602588993 0.0602588993
          0.141909471 0.141909471 0.141909471 0.234260706 0.234260706 0.234260706 0.124714714 0.124714714 0.124714714
          0.599102092 0.599102092 0.599102092 0.484340679 0.484340679 0.484340679 0.338365547 0.338365547 0.338365547
          0.487966873 0.487966873 0.487966873 0.617725449 0.617725449 0.617725449 0.505997687 0.505997687 0.505997687
          0.378984647 0.378984647 0.378984647 0.267379737 0.267379737 0.267379737 0.216348704 0.216348704 0.216348704
          0.228649973 0.228649973 0.228649973 0.105605203 0.105605203 0.105605203 0.0892437377 0.0892437377 0.0892437377
          0.123355771 0.123355771 0.123355771 0.124718925 0.124718925 0.124718925 0.105381236 0.105381236 0.105381236
          0.821155837 0.821155837 0.821155837 0.81021551 0.81021551 0.81021551 0.620257313 0.620257313 0.620257313
          0.459661634 0.459661634 0.459661634 0.288542933 0.288542933 0.288542933 0.18943446 0.18943446 0.18943446
          0.609154466 0.609154466 0.609154466 0.74827867 0.74827867 0.74827867 0.522018757 0.522018757 0.522018757
          0.317601363 0.317601363 0.317601363 0.00376255212 0.00376255212 0.00376255212 0 0 0
          0.195107895 0.195107895 0.195107895 0.117059292 0.117059292 0.117059292 0.109096103 0.109096103 0.109096103
          0.190907258 0.190907258 0.190907258 0.0403956444 0.0403956444 0.0403956444 0.0384667249 0.0384667249 0.0384667249
          0.021210457 0.021210457 0.021210457 0.0105249366 0.0105249366 0.0105249366 0.882720463 0.882720463 0.882720463
          0.895135609 0.895135609 0.895135609 0.820206585 0.820206585 0.820206585 0.740801847 0.740801847 0.740801847
          0.0134718083 0.0134718083 0.0134718083 0.0298488003 0.0298488003 0.0298488003 0.15452138 0.15452138 0.15452138
          0.138524471 0.138524471 0.138524471 0.0429688131 0.0429688131 0.0429688131 0.0602374173 0.0602374173 0.0602374173
          0.0156938197 0.0156938197 0.0156938197 0.0257125453 0.0257125453 0.0257125453 0.0700862005 0.0700862005 0.0700862005
          0.0587957791 0.0587957791 0.0587957791 0.671533262 0.671533262 0.671533262 0.503222757 0.503222757 0.503222757
          0.495089923 0.495089923 0.495089923 0.674644908 0.674644908 0.674644908 0.169286302 0.169286302 0.169286302
          0.257015873 0.257015873 0.257015873 0.486484164 0.486484164 0.486484164 0.473746149 0.473746149 0.473746149
          0.864081899 0.864081899 0.864081899 0.865575434 0.865575434 0.865575434 0.0342853788 0.0342853788 0.0342853788
          0.0395280666 0.0395280666 0.0395280666 0.0621888822 0.0621888822 0.0621888822 0.0473092541 0.0473092541 0.0473092541
          0.03676241 0.03676241 0.03676241 0.0348454014 0.0348454014 0.0348454014 0.0591018454 0.0591018454 0.0591018454
          0.0706557943 0.0706557943 0.0706557943 0.692926189 0.692926189 0.692926189 0.682046905 0.682046905 0.682046905
          0.499149374 0.499149374 0.499149374 0.825921878 0.825921878 0.825921878 0.644804828 0.644804828 0.644804828
          0.494355704 0.494355704 0.494355704 0.47385441 0.47385441 0.47385441 0.918484914 0.918484914 0.918484914
          0.900452102 0.900452102 0.900452102 0.16168869 0.16168869 0.16168869 0.271047751 0.271047751 0.271047751
          0.65656979 0.65656979 0.65656979 0.531323623 0.531323623 0.531323623 0.130823235 0.130823235 0.130823235
          0.131906059 0.131906059 0.131906059 0.0858248986 0.0858248986 0.0858248986 0.0853648421 0.0853648421 0.0853648421
          0.111483632 0.111483632 0.111483632 0.0956736819 0.0956736819 0.0956736819 0.0938317542 0.0938317542 0.0938317542
          0.109018937 0.109018937 0.109018937 0.884197621 0.884197621 0.884197621 0.929638148 0.929638148 0.929638148
          0.711246096 0.711246096 0.711246096 0.655100481 0.655100481 0.655100481 0.648742746 0.648742746 0.648742746
          0.694239424 0.694239424 0.694239424 0.935474677 0.935474677 0.935474677 0.900683087 0.900683087 0.900683087
          0.945804361 0.945804361 0.945804361 0.906875665 0.906875665 0.906875665 0.818239806 0.818239806 0.818239806
          0.865699648 0.865699648 0.865699648 0.833998498 0.833998498 0.833998498 0.80400145 0.80400145 0.80400145
          0.940229871 0.940229871 0.940229871 0.961695773 0.961695773 0.961695773 0.021542472 0.021542472 0.021542472
          0.0494695844 0.0494695844 0.0494695844 0.0316692459 0.0316692459 0.0316692459 0.0106185219 0.0106185219 0.0106185219
          0.162516303 0.162516303 0.162516303 0.232627601 0.232627601 0.232627601 0.444638161 0.444638161 0.444638161
          0.483073663 0.483073663 0.483073663 0.184313348 0.184313348 0.184313348 0.269612893 0.269612893 0.269612893
          0.283056796 0.283056796 0.283056796 0.28554276 0.28554276 0.28554276 0.37066745 0.37066745 0.37066745
          0.519973133 0.519973133 0.519973133 0.151083589 0.151083589 0.151083589 0.0682700087 0.0682700087 0.0682700087
          0.152955082 0.152955082 0.152955082 0.205381109 0.205381109 0.205381109 0.236659381 0.236659381 0.236659381
          0.175218543 0.175218543 0.175218543 0.459178075 0.459178075 0.459178075 0.309479972 0.309479972 0.309479972
          0.150964268 0.150964268 0.150964268 0.199339756 0.199339756 0.199339756 0.299071698 0.299071698 0.299071698
          0.45282034 0.45282034 0.45282034 0.476262784 0.476262784 0.476262784 0.622221263 0.622221263 0.622221263
          0.157662632 0.157662632 0.157662632 0.248409689 0.248409689 0.248409689 0.607982906 0.607982906 0.607982906
          0.460420249 0.460420249 0.460420249 0.234340233 0.234340233 0.234340233 0.338365547 0.338365547 0.338365547
          0.138769899 0.138769899 0.138769899 0.111509581 0.111509581 0.111509581 0.482794311 0.482794311 0.482794311
          0.470493041 0.470493041 0.470493041 0.294959626 0.294959626 0.294959626 0.28013934 0.28013934 0.28013934
          0.272233089 0.272233089 0.272233089 0.226056003 0.226056003 0.226056003 0.254298328 0.254298328 0.254298328
          0.268107681 0.268107681 0.268107681 0.245941166 0.245941166 0.245941166 0.214120694 0.214120694 0.214120694
          0.180730756 0.180730756 0.180730756 0.284804352 0.284804352 0.284804352 0.289241568 0.289241568 0.289241568
          0.261827898 0.261827898 0.261827898 0.278541585 0.278541585 0.278541585 0.268959945 0.268959945 0.268959945
          0.272390907 0.272390907 0.272390907 0.237342171 0.237342171 0.237342171 0.226312512 0.226312512 0.226312512
          0.207198364 0.207198364 0.207198364 0.271226983 0.271226983 0.271226983 0.312298207 0.312298207 0.312298207
          0.302280757 0.302280757 0.302280757 0.270196971 0.270196971 0.270196971 0.27214716 0.27214716 0.27214716
          0.286028404 0.286028404 0.286028404 0.291481659 0.291481659 0.291481659 0.283335063 0.283335063 0.283335063
          0.267779282 0.267779282 0.267779282 0.229840675 0.229840675 0.229840675 0.236576473 0.236576473 0.236576473
          0.341615734 0.341615734 0.341615734 0.267405424 0.267405424 0.267405424 0.227865389 0.227865389 0.227865389
          0.266709432 0.266709432 0.266709432 0.283651977 0.283651977 0.283651977 0.231119815 0.231119815 0.231119815
          0.232857736 0.232857736 0.232857736 0.29289437 0.29289437 0.29289437 0.296998083 0.296998083 0.296998083
          0.239846001 0.239846001 0.239846001 0.263777449 0.263777449 0.263777449 0.251433343 0.251433343 0.251433343
          0.233439666 0.233439666 0.233439666 0.189755777 0.189755777 0.189755777 0.222453822 0.222453822 0.222453822
          0.268173403 0.268173403 0.268173403 0.242413427 0.242413427 0.242413427 0.232608459 0.232608459 0.232608459
          0.256762017 0.256762017 0.256762017 0.317150017 0.317150017 0.317150017 0.481878122 0.481878122 0.481878122
          0.495700432 0.495700432 0.495700432 0.18499669 0.18499669 0.18499669 0.351018824 0.351018824 0.351018824
          0.323531839 0.323531839 0.323531839 0.415925677 0.415925677 0.415925677 0.57887864 0.57887864 0.57887864
          0.189904769 0.189904769 0.189904769 0.243786897 0.243786897 0.243786897 0.257224355 0.257224355 0.257224355
          0.209981887 0.209981887 0.209981887 0.526349776 0.526349776 0.526349776 0.413493205 0.413493205 0.413493205
          0.340751311 0.340751311 0.340751311 0.566454668 0.566454668 0.566454668 0.512087364 0.512087364 0.512087364
          0.579201828 0.579201828 0.579201828 0.639258456 0.639258456 0.639258456 0.140063289 0.140063289 0.140063289
          0.135420185 0.135420185 0.135420185 0.305395444 0.305395444 0.305395444 0.336720509 0.336720509 0.336720509
          0.348946698 0.348946698 0.348946698 0.331137682 0.331137682 0.331137682 0.154724055 0.154724055 0.154724055
          0.13091044 0.13091044 0.13091044 0.21879868 0.21879868 0.21879868 0.201615792 0.201615792 0.201615792
          0.056285355 0.056285355 0.056285355 0.0571537835 0.0571537835 0.0571537835 0.244882376 0.244882376 0.244882376
          0.204283822 0.204283822 0.204283822 0.238920145 0.238920145 0.238920145 0.257311347 0.257311347 0.257311347
          0.33406824 0.33406824 0.33406824 0.366399559 0.366399559 0.366399559 0.392998335 0.392998335 0.392998335
          0.420637864 0.420637864 0.420637864 0.511941987 0.511941987 0.511941987 0.464628798 0.464628798 0.464628798
          0.601875087 0.601875087 0.601875087 0.21492457 0.21492457 0.21492457 0.294513374 0.294513374 0.294513374
          0.338351658 0.338351658 0.338351658 0.332999858 0.332999858 0.332999858 0.456465975 0.456465975 0.456465975
          0.408492946 0.408492946 0.408492946 0.442229192 0.442229192 0.442229192 0.347062997 0.347062997 0.347062997
          0.590947627 0.590947627 0.590947627 0.651192276 0.651192276 0.651192276 0.608830703 0.608830703 0.608830703
          0.493648242 0.493648242 0.493648242 0.488811799 0.488811799 0.488811799 0.18744337 0.18744337 0.18744337
          0.160439987 0.160439987 0.160439987 0.418052317 0.418052317 0.418052317 0.417126482 0.417126482 0.417126482
          0.290866123 0.290866123 0.290866123 0.309054202 0.309054202 0.309054202 0.296268756 0.296268756 0.296268756
          0.284667164 0.284667164 0.284667164 0.313073901 0.313073901 0.313073901 0.311578239 0.311578239 0.311578239
          0.132374198 0.132374198 0.132374198 0.189938906 0.189938906 0.189938906 0.25190765 0.25190765 0.25190765
          0.255376685 0.255376685 0.255376685 0.229131342 0.229131342 0.229131342 0.23763271 0.23763271 0.23763271
          0.259360226 0.259360226 0.259360226 0.29076169 0.29076169 0.29076169 0.255645317 0.255645317 0.255645317
          0.232975781 0.232975781 0.232975781 0.261891919 0.261891919 0.261891919 0.229519082 0.229519082 0.229519082
          0.227865389 0.227865389 0.227865389 0.254044584 0.254044584 0.254044584 0.286552907 0.286552907 0.286552907
          0.261127285 0.261127285 0.261127285 0.290822095 0.290822095 0.290822095 0.26480242 0.26480242 0.26480242
          0.260912465 0.260912465 0.260912465 0.28328508 0.28328508 0.28328508 0.293641138 0.293641138 0.293641138
          0.205186494 0.205186494 0.205186494 0.174438637 0.174438637 0.174438637 0.259755836 0.259755836 0.259755836
          0.227519761 0.227519761 0.227519761 0.245711882 0.245711882 0.245711882 0.27363708 0.27363708 0.27363708
          0.208570451 0.208570451 0.208570451 0.220098026 0.220098026 0.220098026 0.108270681 0.108270681 0.108270681
          0.114279917 0.114279917 0.114279917 0.24623128 0.24623128 0.24623128 0.273300173 0.273300173 0.273300173
          0.153833719 0.153833719 0.153833719 0.208292673 0.208292673 0.208292673 0.152675177 0.152675177 0.152675177
          0.187333408 0.187333408 0.187333408 0.212221977 0.212221977 0.212221977 0.457988883 0.457988883 0.457988883
          0.465208619 0.465208619 0.465208619 0.229232159 0.229232159 0.229232159 0.300480513 0.300480513 0.300480513
          0.192656068 0.192656068 0.192656068 0.147182361 0.147182361 0.147182361 0.169664089 0.169664089 0.169664089
          0.169336115 0.169336115 0.169336115 0.143190312 0.143190312 0.143190312 0.177475691 0.177475691 0.177475691
          0.14719491 0.14719491 0.14719491 0.165044593 0.165044593 0.165044593 0.219691994 0.219691994 0.219691994
          0.122243596 0.122243596 0.122243596 0.147630294 0.147630294 0.147630294 0.619306721 0.619306721 0.619306721
          0.54389737 0.54389737 0.54389737 0.299513399 0.299513399 0.299513399 0.358002665 0.358002665 0.358002665
          0.224533329 0.224533329 0.224533329 0.135215786 0.135215786 0.135215786 0.144824651 0.144824651 0.144824651
          0.247658242 0.247658242 0.247658242 0.133978972 0.133978972 0.133978972 0.197680532 0.197680532 0.197680532
          0.236766196 0.236766196 0.236766196 0.33397693 0.33397693 0.33397693 0.351785947 0.351785947 0.351785947
          0.138304099 0.138304099 0.138304099 0.199965288 0.199965288 0.199965288 0.24714565 0.24714565 0.24714565
          0.250497491 0.250497491 0.250497491 0.129316088 0.129316088 0.129316088 0.149134677 0.149134677 0.149134677
          0.10224294 0.10224294 0.10224294 0.0466764903 0.0466764903 0.0466764903 0.156419437 0.156419437 0.156419437
          0.149147438 0.149147438 0.149147438 0.149655989 0.149655989 0.149655989 0.193929466 0.193929466 0.193929466
          0.0571537835 0.0571537835 0.0571537835 0.0941059164 0.0941059164 0.0941059164 0.28131979 0.28131979 0.28131979
          0.285462001 0.285462001 0.285462001 0.157590529 0.157590529 0.157590529 0.134487523 0.134487523 0.134487523
          0.233777636 0.233777636 0.233777636 0.266446117 0.266446117 0.266446117 0.313626479 0.313626479 0.313626479
          0.332588444 0.332588444 0.332588444 0.386338916 0.386338916 0.386338916 0.388537807 0.388537807 0.388537807
          0.174374617 0.174374617 0.174374617 0.145381909 0.145381909 0.145381909 0.101183726 0.101183726 0.101183726
          0.0991110253 0.0991110253 0.0991110253 0.242560186 0.242560186 0.242560186 0.216682803 0.216682803 0.216682803
          0.317780069 0.317780069 0.317780069 0.292027005 0.292027005 0.292027005 0.337602401 0.337602401 0.337602401
          0.31898868 0.31898868 0.31898868 0.341472151 0.341472151 0.341472151 0.352065022 0.352065022 0.352065022
          0.412252882 0.412252882 0.412252882 0.415377608 0.415377608 0.415377608 0.240062949 0.240062949 0.240062949
          0.27831111 0.27831111 0.27831111 0.232030145 0.232030145 0.232030145 0.270776689 0.270776689 0.270776689
          0.243676743 0.243676743 0.243676743 0.283201917 0.283201917 0.283201917 0.31670739 0.31670739 0.31670739
          0.386848679 0.386848679 0.386848679 0.419230895 0.419230895 0.419230895 0.482746348 0.482746348 0.482746348
          0.556597802 0.556597802 0.556597802 0.329130108 0.329130108 0.329130108 0.387291379 0.387291379 0.387291379
          0.587536658 0.587536658 0.587536658 0.529276016 0.529276016 0.529276016 0.282545884 0.282545884 0.282545884
          0.306147019 0.306147019 0.306147019 0.353439811 0.353439811 0.353439811 0.354365645 0.354365645 0.354365645
          0.289120971 0.289120971 0.289120971 0.299293261 0.299293261 0.299293261 0.208597251 0.208597251 0.208597251
          0.198726985 0.198726985 0.198726985 0.280263553 0.280263553 0.280263553 0.249682448 0.249682448 0.249682448
          0.217006098 0.217006098 0.217006098 0.199265739 0.199265739 0.199265739 0.270857811 0.270857811 0.270857811
          0.260357121 0.260357121 0.260357121 0.222903031 0.222903031 0.222903031 0.250955633 0.250955633 0.250955633
          0.272296684 0.272296684 0.272296684 0.285088936 0.285088936 0.285088936 0.261284891 0.261284891 0.261284891
          0.302399866 0.302399866 0.302399866 0.285191241 0.285191241 0.285191241 0.255932879 0.255932879 0.255932879
          0.246444186 0.246444186 0.246444186 0.311394258 0.311394258 0.311394258 0.311991928 0.311991928 0.311991928
          0.207504218 0.207504218 0.207504218 0.207439133 0.207439133 0.207439133 0.211187222 0.211187222 0.211187222
          0.223844626 0.223844626 0.223844626 0.284984716 0.284984716 0.284984716 0.242724386 0.242724386 0.242724386
          0.372257336 0.372257336 0.372257336 0.293564356 0.293564356 0.293564356 0.314961132 0.314961132 0.314961132
          0.453599373 0.453599373 0.453599373 0.368088921 0.368088921 0.368088921 0.308331341 0.308331341 0.308331341
          0.549349497 0.549349497 0.549349497 0.531463656 0.531463656 0.531463656 0.187775598 0.187775598 0.187775598
          0.165107125 0.165107125 0.165107125 0.142677721 0.142677721 0.142677721 0.21889418 0.21889418 0.21889418
          0.257042077 0.257042077 0.257042077 0.621413239 0.621413239 0.621413239 0.506127706 0.506127706 0.506127706
          0.420555488 0.420555488 0.420555488 0.633659719 0.633659719 0.633659719 0.609808457 0.609808457 0.609808457
          0.629850587 0.629850587 0.629850587 0.58633196 0.58633196 0.58633196 0.18989424 0.18989424 0.18989424
          0.182089231 0.182089231 0.182089231 0.176294603 0.176294603 0.176294603 0.176231646 0.176231646 0.176231646
          0.346309423 0.346309423 0.346309423 0.398434893 0.398434893 0.398434893 0.454668138 0.454668138 0.454668138
          0.5271176 0.5271176 0.5271176 0.432101142 0.432101142 0.432101142 0.307866946 0.307866946 0.307866946
          0.3603641 0.3603641 0.3603641 0.344570165 0.344570165 0.344570165 0.455626453 0.455626453 0.455626453
          0.416597345 0.416597345 0.416597345 0.518811187 0.518811187 0.518811187 0.434337531 0.434337531 0.434337531
          0.446932276 0.446932276 0.446932276 0.379057622 0.379057622 0.379057622 0.553063045 0.553063045 0.553063045
          0.574031244 0.574031244 0.574031244 0.567682761 0.567682761 0.567682761 0.588310225 0.588310225 0.588310225
          0.514992252 0.514992252 0.514992252 0.502540097 0.502540097 0.502540097 0.320035537 0.320035537 0.320035537
          0.304296009 0.304296009 0.304296009 0.271915537 0.271915537 0.271915537 0.252298581 0.252298581 0.252298581
          0.235021044 0.235021044 0.235021044 0.229816003 0.229816003 0.229816003 0.231068131 0.231068131 0.231068131
          0.231417161 0.231417161 0.231417161 0.370785131 0.370785131 0.370785131 0.340259776 0.340259776 0.340259776
          0.260031934 0.260031934 0.260031934 0.326733728 0.326733728 0.326733728 0.321184785 0.321184785 0.321184785
          0.331661419 0.331661419 0.331661419 0.311529532 0.311529532 0.311529532 0.264876459 0.264876459 0.264876459
          0.264167912 0.264167912 0.264167912 0.297365278 0.297365278 0.297365278 0.280766276 0.280766276 0.280766276
          0.29086038 0.29086038 0.29086038 0.287422824 0.287422824 0.287422824 0.311813478 0.311813478 0.311813478
          0.301947679 0.301947679 0.301947679 0.253344822 0.253344822 0.253344822 0.239284277 0.239284277 0.239284277
          0.376776416 0.376776416 0.376776416 0.383059667 0.383059667 0.383059667 0.383385131 0.383385131 0.383385131
          0.358297204 0.358297204 0.358297204 0.316275133 0.316275133 0.316275133 0.327995812 0.327995812 0.327995812
          0.289734146 0.289734146 0.289734146 0.249172621 0.249172621 0.249172621 0.248680448 0.248680448 0.248680448
          0.271310423 0.271310423 0.271310423 0.267520646 0.267520646 0.267520646 0.262388772 0.262388772 0.262388772
          0.273766398 0.273766398 0.273766398 0.268444375 0.268444375 0.268444375 0.2877123 0.2877123 0.2877123
          0.272830545 0.272830545 0.272830545 0.296199206 0.296199206 0.296199206 0.219964455 0.219964455 0.219964455
          0.237451283 0.237451283 0.237451283 0.227942171 0.227942171 0.227942171 0.230709104 0.230709104 0.230709104
          0.14421422 0.14421422 0.14421422 0.121503847 0.121503847 0.121503847 0.188444307 0.188444307 0.188444307
          0.156111244 0.156111244 0.156111244 0.332725013 0.332725013 0.332725013 0.298970754 0.298970754 0.298970754
          0.161159104 0.161159104 0.161159104 0.197840478 0.197840478 0.197840478 0.147248934 0.147248934 0.147248934
          0.165610997 0.165610997 0.165610997 0.29881938 0.29881938 0.29881938 0.308132175 0.308132175 0.308132175
          0.493591112 0.493591112 0.493591112 0.515983168 0.515983168 0.515983168 0.251242429 0.251242429 0.251242429
          0.352608433 0.352608433 0.352608433 0.228573957 0.228573957 0.228573957 0.307547905 0.307547905 0.307547905
          0.439081835 0.439081835 0.439081835 0.361438414 0.361438414 0.361438414 0.196134462 0.196134462 0.196134462
          0.213519196 0.213519196 0.213519196 0.306864244 0.306864244 0.306864244 0.302733731 0.302733731 0.302733731
          0.310149149 0.310149149 0.310149149 0.306712869 0.306712869 0.306712869 0.558300543 0.558300543 0.558300543
          0.642097067 0.642097067 0.642097067 0.404297392 0.404297392 0.404297392 0.476064298 0.476064298 0.476064298
          0.246397606 0.246397606 0.246397606 0.294486532 0.294486532 0.294486532 0.239904067 0.239904067 0.239904067
          0.248189338 0.248189338 0.248189338 0.294232639 0.294232639 0.294232639 0.297200142 0.297200142 0.297200142
          0.369449715 0.369449715 0.369449715 0.392417149 0.392417149 0.392417149 0.33900082 0.33900082 0.33900082
          0.338822774 0.338822774 0.338822774 0.257233288 0.257233288 0.257233288 0.24414603 0.24414603 0.24414603
          0.328955593 0.328955593 0.328955593 0.285668654 0.285668654 0.285668654 0.391165787 0.391165787 0.391165787
          0.379812898 0.379812898 0.379812898 0.305068399 0.305068399 0.305068399 0.352207605 0.352207605 0.352207605
          0.333045268 0.333045268 0.333045268 0.302418328 0.302418328 0.302418328 0.289152237 0.289152237 0.289152237
          0.164921231 0.164921231 0.164921231 0.159118095 0.159118095 0.159118095 0.20560784 0.20560784 0.20560784
          0.217443183 0.217443183 0.217443183 0.239117951 0.239117951 0.239117951 0.26222436 0.26222436 0.26222436
          0.215191607 0.215191607 0.215191607 0.205358138 0.205358138 0.205358138 0.257143957 0.257143957 0.257143957
          0.216234232 0.216234232 0.216234232 0.345320561 0.345320561 0.345320561 0.313329856 0.313329856 0.313329856
          0.384911975 0.384911975 0.384911975 0.392459766 0.392459766 0.392459766 0.328828147 0.328828147 0.328828147
          0.304385234 0.304385234 0.304385234 0.266542042 0.266542042 0.266542042 0.239157937 0.239157937 0.239157937
          0.336326601 0.336326601 0.336326601 0.327379171 0.327379171 0.327379171 0.176811661 0.176811661 0.176811661
          0.214919997 0.214919997 0.214919997 0.318774795 0.318774795 0.318774795 0.354529377 0.354529377 0.354529377
          0.345714434 0.345714434 0.345714434 0.377412904 0.377412904 0.377412904 0.362577325 0.362577325 0.362577325
          0.326822743 0.326822743 0.326822743 0.318868933 0.318868933 0.318868933 0.200715459 0.200715459 0.200715459
          0.167949352 0.167949352 0.167949352 0.260684585 0.260684585 0.260684585 0.282726461 0.282726461 0.282726461
          0.34356359 0.34356359 0.34356359 0.376161542 0.376161542 0.376161542 0.421832652 0.421832652 0.421832652
          0.436681842 0.436681842 0.436681842 0.368807188 0.368807188 0.368807188 0.561155191 0.561155191 0.561155191
          0.527734837 0.527734837 0.527734837 0.37322556 0.37322556 0.37322556 0.329057537 0.329057537 0.329057537
          0.311916613 0.311916613 0.311916613 0.315257181 0.315257181 0.315257181 0.302626385 0.302626385 0.302626385
          0.187979358 0.187979358 0.187979358 0.193556401 0.193556401 0.193556401 0.273091946 0.273091946 0.273091946
          0.243187632 0.243187632 0.243187632 0.203170796 0.203170796 0.203170796 0.216264434 0.216264434 0.216264434
          0.182099015 0.182099015 0.182099015 0.264147324 0.264147324 0.264147324 0.228665968 0.228665968 0.228665968
          0.236942519 0.236942519 0.236942519 0.21089328 0.21089328 0.21089328 0.237141388 0.237141388 0.237141388
          0.247061849 0.247061849 0.247061849 0.228816768 0.228816768 0.228816768 0.193698055 0.193698055 0.193698055
          0.454679943 0.454679943 0.454679943 0.375318381 0.375318381 0.375318381 0.222394693 0.222394693 0.222394693
          0.237917933 0.237917933 0.237917933 0.65679867 0.65679867 0.65679867 0.557067175 0.557067175 0.557067175
          0.224532478 0.224532478 0.224532478 0.274311447 0.274311447 0.274311447 0.270095942 0.270095942 0.270095942
          0.213929483 0.213929483 0.213929483 0.252866261 0.252866261 0.252866261 0.236234249 0.236234249 0.236234249
          0.192790916 0.192790916 0.192790916 0.302166966 0.302166966 0.302166966 0.272120574 0.272120574 0.272120574
          0.170143798 0.170143798 0.170143798 0.236353209 0.236353209 0.236353209 0.112613036 0.112613036 0.112613036
          0.108779232 0.108779232 0.108779232 0.201796156 0.201796156 0.201796156 0.231783845 0.231783845 0.231783845
          0.0534154785 0.0534154785 0.0534154785 0.150731794 0.150731794 0.150731794 0.157182795 0.157182795 0.157182795
          0.0499000765 0.0499000765 0.0499000765 0.0341683973 0.0341683973 0.0341683973 0.21516183 0.21516183 0.21516183
          0.216909747 0.216909747 0.216909747 0.218080414 0.218080414 0.218080414 0.230532355 0.230532355 0.230532355
          0.134439029 0.134439029 0.134439029 0.140593747 0.140593747 0.140593747 0.121566166 0.121566166 0.121566166
          0.0857823599 0.0857823599 0.0857823599 0.122864874 0.122864874 0.122864874 0.0779426816 0.0779426816 0.0779426816
          0.181364371 0.181364371 0.181364371 0.129562387 0.129562387 0.129562387 0.204134936 0.204134936 0.204134936
          0.255196533 0.255196533 0.255196533 0.361363269 0.361363269 0.361363269 0.30568726 0.30568726 0.30568726
          0.239437204 0.239437204 0.239437204 0.353664245 0.353664245 0.353664245 0.365339385 0.365339385 0.365339385
          0.484822941 0.484822941 0.484822941 0.434490628 0.434490628 0.434490628 0.259751795 0.259751795 0.259751795
          0.242261989 0.242261989 0.242261989 0.26607603 0.26607603 0.26607603 0.312559352 0.312559352 0.312559352
          0.286338809 0.286338809 0.286338809 0.257958021 0.257958021 0.257958021 0.426421198 0.426421198 0.426421198
          0.427143145 0.427143145 0.427143145 0.245824822 0.245824822 0.245824822 0.231620071 0.231620071 0.231620071
          0.230259682 0.230259682 0.230259682 0.205163949 0.205163949 0.205163949 0.474008145 0.474008145 0.474008145
          0.405773699 0.405773699 0.405773699 0.488426781 0.488426781 0.488426781 0.509167653 0.509167653 0.509167653
          0.286717021 0.286717021 0.286717021 0.281119858 0.281119858 0.281119858 0.312041826 0.312041826 0.312041826
          0.298096221 0.298096221 0.298096221 0.217236232 0.217236232 0.217236232 0.205708657 0.205708657 0.205708657
          0.257608799 0.257608799 0.257608799 0.175641527 0.175641527 0.175641527 0.268016308 0.268016308 0.268016308
          0.233137726 0.233137726 0.233137726 0.2070485 0.2070485 0.2070485 0.678790245 0.678790245 0.678790245
          0.56476556 0.56476556 0.56476556 0.440233678 0.440233678 0.440233678 0.358580554 0.358580554 0.358580554
          0.493197501 0.493197501 0.493197501 0.474270971 0.474270971 0.474270971 0.311071283 0.311071283 0.311071283
          0.273635697 0.273635697 0.273635697 0.0972012483 0.0972012483 0.0972012483 0.102306323 0.102306323 0.102306323
          0.0708533868 0.0708533868 0.0708533868 0.145378931 0.145378931 0.145378931 0.180066088 0.180066088 0.180066088
          0.172833225 0.172833225 0.172833225 0.177671582 0.177671582 0.177671582 0.129139764 0.129139764 0.129139764
          0.154254428 0.154254428 0.154254428 0.56194237 0.56194237 0.56194237 0.436890154 0.436890154 0.436890154
          0.370780688 0.370780688 0.370780688 0.561880157 0.561880157 0.561880157 0.637416635 0.637416635 0.637416635
          0.579080168 0.579080168 0.579080168 0.512632072 0.512632072 0.512632072 0.240668275 0.240668275 0.240668275
          0.229573319 0.229573319 0.229573319 0.288145132 0.288145132 0.288145132 0.297412623 0.297412623 0.297412623
          0.0217804762 0.0217804762 0.0217804762 0.04134596 0.04134596 0.04134596 0.228616623 0.228616623 0.228616623
          0.231914865 0.231914865 0.231914865 0.222379805 0.222379805 0.222379805 0.302491154 0.302491154 0.302491154
          0.365225383 0.365225383 0.365225383 0.339133562 0.339133562 0.339133562 0.343914067 0.343914067 0.343914067
          0.374098923 0.374098923 0.374098923 0.261853422 0.261853422 0.261853422 0.246824695 0.246824695 0.246824695
          0.103955976 0.103955976 0.103955976 0.173707184 0.173707184 0.173707184 0.197529732 0.197529732 0.197529732
          0.143510204 0.143510204 0.143510204 0.256101332 0.256101332 0.256101332 0.255379875 0.255379875 0.255379875
          0.257950492 0.257950492 0.257950492 0.237461066 0.237461066 0.237461066 0.246315719 0.246315719 0.246315719
          0.231675372 0.231675372 0.231675372 0.203072318 0.203072318 0.203072318 0.153810536 0.153810536 0.153810536
          0.31228821 0.31228821 0.31228821 0.276254276 0.276254276 0.276254276 0.202836228 0.202836228 0.202836228
          0.227656311 0.227656311 0.227656311 0.254419563 0.254419563 0.254419563 0.274506359 0.274506359 0.274506359
          0.376914731 0.376914731 0.376914731 0.370970305 0.370970305 0.370970305 0.307648148 0.307648148 0.307648148
          0.255434112 0.255434112 0.255434112 0.360197346 0.360197346 0.360197346 0.357509663 0.357509663 0.357509663
          0.314488272 0.314488272 0.314488272 0.267052295 0.267052295 0.267052295 0.361363269 0.361363269 0.361363269
          0.342558314 0.342558314 0.342558314 0.385579705 0.385579705 0.385579705 0.399026796 0.399026796 0.399026796
          0.427746557 0.427746557 0.427746557 0.422931575 0.422931575 0.422931575 0.348731367 0.348731367 0.348731367
          0.462128392 0.462128392 0.462128392 0.477789244 0.477789244 0.477789244 0.393385735 0.393385735 0.393385735
          0.613247289 0.613247289 0.613247289 0.579211825 0.579211825 0.579211825 0.365332432 0.365332432 0.365332432
          0.364610485 0.364610485 0.364610485 0.241724938 0.241724938 0.241724938 0.246899989 0.246899989 0.246899989
          0.284909273 0.284909273 0.284909273 0.290855552 0.290855552 0.290855552 0.387451451 0.387451451 0.387451451
          0.405367752 0.405367752 0.405367752 0.737477444 0.737477444 0.737477444 0.702407651 0.702407651 0.702407651
          0.69817228 0.69817228 0.69817228 0.653252853 0.653252853 0.653252853 0.583299161 0.583299161 0.583299161
          0.549227964 0.549227964 0.549227964 0.31061665 0.31061665 0.31061665 0.30467739 0.30467739 0.30467739
          0.189586047 0.189586047 0.189586047 0.179528824 0.179528824 0.179528824 0.260925439 0.260925439 0.260925439
          0.247354728 0.247354728 0.247354728 0.237993226 0.237993226 0.237993226 0.252511488 0.252511488 0.252511488
          0.245476217 0.245476217 0.245476217 0.257645064 0.257645064 0.257645064 0.292650836 0.292650836 0.292650836
          0.286790273 0.286790273 0.286790273 0.272923705 0.272923705 0.272923705 0.267508523 0.267508523 0.267508523
          0.296675852 0.296675852 0.296675852 0.110466531 0.110466531 0.110466531 0.116842238 0.116842238 0.116842238
          0.26000405 0.26000405 0.26000405 0.222766056 0.222766056 0.222766056 0.3244474 0.3244474 0.3244474
          0.320680892 0.320680892 0.320680892 0.31281803 0.31281803 0.31281803 0.320147456 0.320147456 0.320147456
          0.320380356 0.320380356 0.320380356 0.271674555 0.271674555 0.271674555 0.234625221 0.234625221 0.234625221
          0.206456276 0.206456276 0.206456276 0.300429684 0.300429684 0.300429684 0.294930913 0.294930913 0.294930913
          0.230929242 0.230929242 0.230929242 0.269455946 0.269455946 0.269455946 0.256817472 0.256817472 0.256817472
          0.249153054 0.249153054 0.249153054 0.0760324792 0.0760324792 0.0760324792 0.0659752561 0.0659752561 0.0659752561
          0.300730433 0.300730433 0.300730433 0.257139916 0.257139916 0.257139916 0.107842954 0.107842954 0.107842954
          0.104161438 0.104161438 0.104161438 0.268015159 0.268015159 0.268015159 0.215530216 0.215530216 0.215530216
          0.257371965 0.257371965 0.257371965 0.260913528 0.260913528 0.260913528 0.172766439 0.172766439 0.172766439
          0.207186879 0.207186879 0.207186879 0.251141953 0.251141953 0.251141953 0.243886119 0.243886119 0.243886119
          0.452834803 0.452834803 0.452834803 0.46198023 0.46198023 0.46198023 0.223425705 0.223425705 0.223425705
          0.298780542 0.298780542 0.298780542 0.114432206 0.114432206 0.114432206 0.108921524 0.108921524 0.108921524
          0.177124959 0.177124959 0.177124959 0.360692709 0.360692709 0.360692709 0.304330593 0.304330593 0.304330593
          0.484497902 0.484497902 0.484497902 0.579017955 0.579017955 0.579017955 0.321523159 0.321523159 0.321523159
          0.38012728 0.38012728 0.38012728 0.219672213 0.219672213 0.219672213 0.237142664 0.237142664 0.237142664
          0.286148576 0.286148576 0.286148576 0.300086184 0.300086184 0.300086184 0.271363171 0.271363171 0.271363171
          0.276377 0.276377 0.276377 0.327813981 0.327813981 0.327813981 0.312410296 0.312410296 0.312410296
          0.258481801 0.258481801 0.258481801 0.254889829 0.254889829 0.254889829 0.321182849 0.321182849 0.321182849
          0.332837168 0.332837168 0.332837168 0.307376601 0.307376601 0.307376601 0.325400672 0.325400672 0.325400672
          0.246817038 0.246817038 0.246817038 0.238768707 0.238768707 0.238768707 0.304771784 0.304771784 0.304771784
          0.306730693 0.306730693 0.306730693 0.270661069 0.270661069 0.270661069 0.222020565 0.222020565 0.222020565
          0.280732755 0.280732755 0.280732755 0.241987402 0.241987402 0.241987402 0.182583021 0.182583021 0.182583021
          0.244789642 0.244789642 0.244789642 0.332217719 0.332217719 0.332217719 0.337806034 0.337806034 0.337806034
          0.300103199 0.300103199 0.300103199 0.298264249 0.298264249 0.298264249 0.304106882 0.304106882 0.304106882
          0.296235895 0.296235895 0.296235895 0.33042386 0.33042386 0.33042386 0.304785354 0.304785354 0.304785354
          0.324307661 0.324307661 0.324307661 0.31574057 0.31574057 0.31574057 0.302907693 0.302907693 0.302907693
          0.31908922 0.31908922 0.31908922 0.279025037 0.279025037 0.279025037 0.271593093 0.271593093 0.271593093
          0.267275623 0.267275623 0.267275623 0.265624056 0.265624056 0.265624056 0.39681706 0.39681706 0.39681706
          0.319274242 0.319274242 0.319274242 0.345050915 0.345050915 0.345050915 0.417910429 0.417910429 0.417910429
          0.283588169 0.283588169 0.283588169 0.296550576 0.296550576 0.296550576 0.272935829 0.272935829 0.272935829
          0.279270699 0.279270699 0.279270699 0.49542734 0.49542734 0.49542734 0.454033737 0.454033737 0.454033737
          0.210323686 0.210323686 0.210323686 0.195348558 0.195348558 0.195348558 0.229168776 0.229168776 0.229168776
          0.216107892 0.216107892 0.216107892 0.245569802 0.245569802 0.245569802 0.197612896 0.197612896 0.197612896
          0.337761241 0.337761241 0.337761241 0.340169508 0.340169508 0.340169508 0.465775941 0.465775941 0.465775941
          0.413977488 0.413977488 0.413977488 0.310846785 0.310846785 0.310846785 0.220059103 0.220059103 0.220059103
          0.246513737 0.246513737 0.246513737 0.295968986 0.295968986 0.295968986 0.681369901 0.681369901 0.681369901
          0.627306557 0.627306557 0.627306557 0.643094194 0.643094194 0.643094194 0.54653209 0.54653209 0.54653209
          0.3451241 0.3451241 0.3451241 0.229082441 0.229082441 0.229082441 0.413148641 0.413148641 0.413148641
          0.325453101 0.325453101 0.325453101 0.38217835 0.38217835 0.38217835 0.501876235 0.501876235 0.501876235
          0.508562475 0.508562475 0.508562475 0.675874958 0.675874958 0.675874958 0.718373718 0.718373718 0.718373718
          0.643350258 0.643350258 0.643350258 0.550567935 0.550567935 0.550567935 0.153652504 0.153652504 0.153652504
          0.174462672 0.174462672 0.174462672 0.186178481 0.186178481 0.186178481 0.141084432 0.141084432 0.141084432
          0.135176225 0.135176225 0.135176225 0.15289893 0.15289893 0.15289893 0.276096457 0.276096457 0.276096457
          0.283059199 0.283059199 0.283059199 0.309288123 0.309288123 0.309288123 0.26983603 0.26983603 0.26983603
          0.281768361 0.281768361 0.281768361 0.307997284 0.307997284 0.307997284 0.324746448 0.324746448 0.324746448
          0.247026754 0.247026754 0.247026754 0.24058256 0.24058256 0.24058256 0.24332482 0.24332482 0.24332482
          0.234720295 0.234720295 0.234720295 0.316142603 0.316142603 0.316142603 0.310213978 0.310213978 0.310213978
          0.330247558 0.330247558 0.330247558 0.336759985 0.336759985 0.336759985 0.209133026 0.209133026 0.209133026
          0.216716834 0.216716834 0.216716834 0.484134132 0.484134132 0.484134132 0.523108855 0.523108855 0.523108855
          0.286191859 0.286191859 0.286191859 0.324759954 0.324759954 0.324759954 0.00604667011 0.00604667011 0.00604667011
          0.137404064 0.137404064 0.137404064 0.255757704 0.255757704 0.255757704 0.23332311 0.23332311 0.23332311
          0.518254459 0.518254459 0.518254459 0.358186048 0.358186048 0.358186048 0.226932746 0.226932746 0.226932746
          0.174397394 0.174397394 0.174397394 0.547389227 0.547389227 0.547389227 0.431796139 0.431796139 0.431796139
          0.344785473 0.344785473 0.344785473 0.586935798 0.586935798 0.586935798 0.544202224 0.544202224 0.544202224
          0.574461098 0.574461098 0.574461098 0.528908694 0.528908694 0.528908694 0.220405369 0.220405369 0.220405369
          0.239853446 0.239853446 0.239853446 0.182178137 0.182178137 0.182178137 0.215904557 0.215904557 0.215904557
          0.37948486 0.37948486 0.37948486 0.421109789 0.421109789 0.421109789 0.235778446 0.235778446 0.235778446
          0.246510547 0.246510547 0.246510547 0.139356721 0.139356721 0.139356721 0.26066138 0.26066138 0.26066138
          0.373704057 0.373704057 0.373704057 0.341782025 0.341782025 0.341782025 0.44767396 0.44767396 0.44767396
          0.507668353 0.507668353 0.507668353 0.32038663 0.32038663 0.32038663 0.305273465 0.305273465 0.305273465
          0.243837625 0.243837625 0.243837625 0.21449227 0.21449227 0.21449227 0.249892313 0.249892313 0.249892313
          0.327152567 0.327152567 0.327152567 0.509892534 0.509892534 0.509892534 0.440195244 0.440195244 0.440195244
          0.274221498 0.274221498 0.274221498 0.243987722 0.243987722 0.243987722 0.454033737 0.454033737 0.454033737
          0.378703572 0.378703572 0.378703572 0.184602633 0.184602633 0.184602633 0.127628788 0.127628788 0.127628788
          0.0830505216 0.0830505216 0.0830505216 0.0814859465 0.0814859465 0.0814859465 0.117997803 0.117997803 0.117997803
          0.123902394 0.123902394 0.123902394 0.126064213 0.126064213 0.126064213 0.159083426 0.159083426 0.159083426
          0.272011462 0.272011462 0.272011462 0.233999051 0.233999051 0.233999051 0.184547971 0.184547971 0.184547971
          0.135016705 0.135016705 0.135016705 0.191397559 0.191397559 0.191397559 0.202291307 0.202291307 0.202291307
          0.362235079 0.362235079 0.362235079 0.34497577 0.34497577 0.34497577 0.294116594 0.294116594 0.294116594
          0.305291565 0.305291565 0.305291565 0.319061591 0.319061591 0.319061591 0.303895826 0.303895826 0.303895826
          0.248064487 0.248064487 0.248064487 0.203835464 0.203835464 0.203835464 0.20308189 0.20308189 0.20308189
          0.210613162 0.210613162 0.210613162 0.381265107 0.381265107 0.381265107 0.341922849 0.341922849 0.341922849
          0.359405593 0.359405593 0.359405593 0.407829278 0.407829278 0.407829278 0.280155398 0.280155398 0.280155398
          0.303574254 0.303574254 0.303574254 0.461799142 0.461799142 0.461799142 0.515862486 0.515862486 0.515862486
          0.467581009 0.467581009 0.467581009 0.372185232 0.372185232 0.372185232 0.383342997 0.383342997 0.383342997
          0.426046942 0.426046942 0.426046942 0.353154227 0.353154227 0.353154227 0.413117482 0.413117482 0.413117482
          0.577137849 0.577137849 0.577137849 0.533540525 0.533540525 0.533540525 0.29406376 0.29406376 0.29406376
          0.285354378 0.285354378 0.285354378 0.256144509 0.256144509 0.256144509 0.251350818 0.251350818 0.251350818
          0.254217504 0.254217504 0.254217504 0.253471587 0.253471587 0.253471587 0.253738943 0.253738943 0.253738943
          0.267987934 0.267987934 0.267987934 0.311828962 0.311828962 0.311828962 0.283147467 0.283147467 0.283147467
          0.256552456 0.256552456 0.256552456 0.245138672 0.245138672 0.245138672 0.271238107 0.271238107 0.271238107
          0.272058892 0.272058892 0.272058892 0.269281112 0.269281112 0.269281112 0.263819988 0.263819988 0.263819988
          0.260338192 0.260338192 0.260338192 0.267403452 0.267403452 0.267403452 0.22090371 0.22090371 0.22090371
          0.240101234 0.240101234 0.240101234 0.260621287 0.260621287 0.260621287 0.292625738 0.292625738 0.292625738
          0.320589604 0.320589604 0.320589604 0.323626232 0.323626232 0.323626232 0.318407792 0.318407792 0.318407792
          0.323842499 0.323842499 0.323842499 0.0383614415 0.0383614415 0.0383614415 0.0971414813 0.0971414813 0.0971414813
          0.193474939 0.193474939 0.193474939 0.142442481 0.142442481 0.142442481 0.229227905 0.229227905 0.229227905
          0.189734507 0.189734507 0.189734507 0.164800208 0.164800208 0.164800208 0.153784374 0.153784374 0.153784374
          0.195863064 0.195863064 0.195863064 0.452506128 0.452506128 0.452506128 0.462879244 0.462879244 0.462879244
          0.230925328 0.230925328 0.230925328 0.303505065 0.303505065 0.303505065 0.0266628609 0.0266628609 0.0266628609
          0.0576195828 0.0576195828 0.0576195828 0.0510584065 0.0510584065 0.0510584065 0.052416456 0.052416456 0.052416456
          0.476373853 0.476373853 0.476373853 0.568455265 0.568455265 0.568455265 0.166870356 0.166870356 0.166870356
          0.181433922 0.181433922 0.181433922 0.108157315 0.108157315 0.108157315 0.118528049 0.118528049 0.118528049
          0.276428472 0.276428472 0.276428472 0.225167581 0.225167581 0.225167581 0.27548475 0.27548475 0.27548475
          0.294930062 0.294930062 0.294930062
        </DataArray>
      </PointData>
      <CellData Scalars="pressureCoeff">
        <DataArray type="Float32" Name="Cp" format="ascii">
          0.489792333 0.423945667 -0.251140333 -0.251323 -0.261268 -0.256053667 -0.258447667 -0.264393 -0.0282990333
          -0.0147353123 -0.102011979 -0.244537667 -0.243542667 -0.241756 -0.238183333 -0.243072 -0.245984 -0.141772
          -0.162232667 -0.244757333 -0.246106333 -0.251019667 -0.251301 -0.240677333 -0.242970667 -0.162518333 -0.142362
          -0.0729205 -0.0514277 -0.249990667 -0.249454 -0.261768667 -0.257115333 -0.250900333 -0.252854667 -0.150010667
          -0.172771 -0.0426888667 -0.0539540667 -0.116590233 -0.176258 -0.152824667 -0.247442 -0.246528333 -0.214765
          0.170264667 0.0865163543 0.100365021 0.172245667 -0.221843667 -0.223499333 -0.191402667 -0.106792233 -0.114241033
          -0.232092667 -0.228169 -0.195194667 -0.1144065 -0.106779333 -0.206957 -0.240285667 -0.243521333 -0.110782667
          -0.119247667 -0.121307667 -0.112655 0.184181667 0.222605 0.200050333 0.229304 0.357015 0.383728
          0.523357667 0.573895 0.100221833 0.176859033 0.1206696 0.2240198 0.394844667 0.383441 0.1247417
          0.203285033 0.161926 0.251873 0.318360333 0.347026 0.422042333 0.507881 0.1621318 0.249145133
          0.194737 0.257271333 0.320561 0.418821333 0.263928 0.296341667 0.262192 0.285436 -0.156776
          -0.182970333 -0.192486667 -0.171983667 -0.186761667 -0.159886 0.11702958 0.10459258 0.0191482133 -0.0676464533
          -0.0978600867 -0.0732693333 -0.029065979 -0.184342667 -0.200821333 -0.207164 -0.195359667 -0.19604 -0.181592667
          -0.140665333 -0.157466667 -0.158883 -0.141605 -0.194555 -0.161316 -0.1287404 -0.175418333 -0.193489
          -0.0870324 -0.0286381667 -0.0118952 -0.0620105 -0.145367667 -0.182365 -0.0247928 -0.0824714333 -0.0690325
          -0.204496 -0.192176333 -0.200814667 -0.184940333 -0.181328667 -0.193160333 -0.158064333 -0.141462667 -0.141527667
          -0.159354 -0.0901613667 -0.0450198667 -0.0817661667 -0.130467333 -0.167195667 -0.196270667 -0.159954667 -0.192589333
          -0.176405 -0.150189667 -0.0105667867 0.0215617467 0.0655059133 -0.0912737533 -0.0592679533 -0.199261333 -0.202477
          -0.185220333 -0.195837333 -0.199030667 -0.189861667 -0.147151667 -0.162510667 -0.166601 -0.149279667 -0.186038333
          -0.165158333 -0.179398667 -0.146231667 -0.156385 -0.181366333 -0.0349163667 -0.0697683333 -0.0878964 -0.0732429667
          -0.0106068 0.0486097667 0.0659314 0.0504556333 -0.207283 -0.203895667 -0.198248667 -0.186438 -0.191224667
          -0.202288 -0.164463333 -0.149453333 -0.151389667 -0.167964 -0.134818 -0.149665 -0.164127667 -0.137700667
          -0.152787667 -0.136368 -0.193542 -0.229504667 -0.233443333 -0.198312 -0.146733667 -0.1264 -0.135204167
          -0.1235265 -0.124912667 -0.138507 -0.205182333 -0.173846667 -0.180033667 -0.210975333 -0.101152533 -0.0984319667
          -0.101089567 -0.103129867 -0.0988474667 -0.101642533 -0.104864133 -0.113134367 -0.113695533 -0.1053308 0.0271085667
          0.0458897333 0.0663375 0.0671986 -0.125219833 -0.1364455 -0.151729 -0.127883 -0.14601 -0.129650333
          -0.220916667 -0.189887 -0.175088 -0.207703 -0.102111 -0.104440833 -0.0986051 -0.101777667 -0.1034745
          -0.100478633 -0.113507167 -0.105037267 -0.106079967 -0.113744167 0.0192868333 0.0361618667 -0.158712 -0.135551
          -0.142191333 -0.129754333 -0.134454 -0.151491333 -0.197015667 -0.230855 -0.219526 -0.183718 -0.106955667
          -0.104822 -0.103574 -0.0996216 -0.102632 -0.106140333 -0.106104933 -0.116388667 -0.118054333 -0.108585333
          0.117343833 0.0693924667 0.0771649667 0.170264667 -0.106565 -0.109245667 -0.101854467 -0.106363 -0.107260333
          -0.103134333 -0.117936333 -0.1074558 -0.109087667 -0.119303667 -0.338750333 -0.413604333 -0.521784667 -0.505734667
          -0.462906333 -0.449503333 -0.440563667 -0.447039667 -0.012072 0.0387237333 -0.220888933 -0.338750333 0.443158833
          0.492065167 0.493482267 0.4736356 0.783765667 0.863872667 0.896086333 -0.514646667 -0.500518667 0.471913367
          0.5268287 0.921872667 0.915543333 0.830931333 0.899774 -0.219649633 -0.383201967 -0.399605333 -0.380740333
          -0.51823 -0.516071 -0.265845333 -0.245882333 -0.533223 -0.522745 0.724252 0.845632667 0.835355333
          0.796879 0.722801667 0.884473 0.911375 0.911942667 0.944078333 0.927453667 -0.54479 -0.561191
          -0.560313333 -0.549984333 -0.555079333 -0.417109333 -0.397354733 -0.556734 -0.266973333 -0.234843733 -0.513683
          -0.524403333 0.20850124 0.426781533 -0.376862133 -0.19940276 0.901443 0.908383333 0.950873333 0.949346667
          0.927248 0.91059 0.933288333 0.944532667 -0.488879333 -0.509738333 -0.501721 -0.490049333 -0.454984
          -0.414515667 -0.414955 -0.442773667 -0.458951 -0.512938 -0.496997667 -0.489325667 -0.538250667 -0.522926667
          -0.448687333 -0.479875667 -0.252930167 -0.394607167 0.173059 -0.079038 -0.239329833 -0.3372395 -0.291973733
          -0.4288254 0.177615467 -0.1142632 -0.289710133 -0.393571133 -0.3596159 -0.2648649 -0.452726 -0.423649
          -0.32042 -0.1503056 -0.503638667 -0.522575667 -0.518624333 -0.521887667 -0.393925 -0.249192267 -0.4208726
          0.322586667 0.142732733 -0.0860393 0.1484157 0.351773167 0.176673567 -0.0223811 -0.197288167 -0.277263933
          -0.2579854 -0.450821 -0.476462667 -0.423002333 -0.420866 -0.451172 0.670589 0.653443333 0.3557411
          0.104055767 -0.164121233 -0.3194439 0.338340733 0.556376 0.201781767 -0.1185809 -0.610428667 -0.616325333
          -0.3105525 -0.432870167 -0.445350067 -0.317135733 -0.553017333 -0.556040333 -0.583084333 -0.599830667 0.767073
          0.78653 0.669101333 0.544658333 -0.595212333 -0.569546333 -0.374159633 -0.399229967 -0.548984667 -0.521921333
          -0.59173 -0.576028667 -0.506486333 -0.524180667 0.4361007 0.1723247 0.159578933 0.440977267 -0.351020067
          -0.2135304 0.146092 0.126129 0.737862667 0.740203333 -0.562593333 -0.554377 -0.518863 -0.542182333
          -0.558711333 -0.561715667 -0.523701 -0.505593667 0.469627667 0.452577667 0.1659409 0.678058333 0.394211933
          0.158428267 0.126298667 0.823123 0.794862 -0.362927033 -0.19153966 0.412649967 0.21636434 -0.411299333
          -0.409602333 -0.481820667 -0.482541667 -0.441608333 -0.466385667 -0.469272333 -0.445471 0.769388 0.840602333
          0.4983386 0.410347267 0.400383433 0.471685767 0.849749333 0.795224 0.865938 0.804929 0.666019
          0.740398 0.690716 0.643704667 0.857201667 0.890843 -0.582564 -0.538796667 -0.566693333 -0.599684
          -0.36163 -0.251751667 0.080511 0.140747067 -0.3274697 -0.193788367 -0.1727191 -0.1688231 -0.0354158
          0.198575867 -0.379547333 -0.509332667 -0.376614333 -0.294452333 -0.245433067 -0.341723067 0.103297933 -0.131308733
          -0.379734333 -0.303920333 -0.147620567 0.0933341 0.130073067 0.358819 -0.369236667 -0.227018 0.336504667
          0.105244667 -0.249067633 -0.0860393 -0.398845333 -0.441567667 0.140309267 0.121030733 -0.154065 -0.177291333
          -0.189682 -0.262050667 -0.217789333 -0.196147333 -0.230886667 -0.280755667 -0.333084333 -0.169980333 -0.163026333
          -0.205989 -0.179795333 -0.194811667 -0.189434667 -0.244363 -0.261648667 -0.291604333 -0.191258767 -0.126892
          -0.142591333 -0.192873 -0.189816667 -0.168062 -0.159515667 -0.172283 -0.196662 -0.256119333 -0.245563
          -0.08094561 -0.19724791 -0.259215 -0.198338667 -0.171786333 -0.254114667 -0.251391 -0.157301667 -0.150870333
          -0.240439 -0.202933667 -0.222279333 -0.250479 -0.318940333 -0.267696 -0.196044333 -0.236415333 -0.251781667
          -0.213928243 -0.11928825 0.138873417 0.160535723 -0.326398767 -0.0662091 -0.109286667 0.0355128333 0.2908925
          -0.318706833 -0.234262833 -0.213203667 -0.287242 0.208569333 0.0317006667 -0.0823003333 0.271421667 0.1862173
          0.291399 0.385519667 -0.396818333 -0.404095 -0.13771 -0.0886174 -0.0694565333 -0.0973668 -0.373842
          -0.411162667 -0.273424333 -0.300353333 -0.528115 -0.526754 -0.232546 -0.296172 -0.24189 -0.213067333
          -0.0927740333 -0.0421044333 -0.000418866667 0.0428977667 0.185989467 0.1118403 0.3269325 -0.279495833 -0.154764367
          -0.0860610667 -0.0944484 0.0990475333 0.0238642667 0.0767356667 -0.0724086667 0.309807 0.404222333 0.337833333
          0.157319533 0.149739867 -0.322564333 -0.364884 0.0388457 0.0373947333 -0.160480333 -0.131976 -0.152013333
          -0.170195333 -0.125676333 -0.128020333 -0.408868667 -0.318653333 -0.221536 -0.216099333 -0.257231 -0.243907667
          -0.209856333 -0.160644 -0.215678333 -0.251206 -0.205888667 -0.256623333 -0.259215 -0.218187 -0.16724
          -0.207087 -0.160549333 -0.201327333 -0.207423667 -0.172361333 -0.156131333 -0.294757333 -0.342945333 -0.209236333
          -0.259756667 -0.231246 -0.187481667 -0.289454 -0.271388 -0.446643667 -0.437226 -0.230432 -0.188009667
          -0.375237333 -0.289889333 -0.377053 -0.322736667 -0.283731333 0.101434233 0.112748993 -0.257073 -0.145412673
          -0.314395 -0.385661333 -0.350428 -0.350942 -0.391917667 -0.338185667 -0.385641667 -0.357667667 -0.272024333
          -0.424745333 -0.384959333 0.354251333 0.2360699 -0.146928333 -0.0552640333 -0.264437 -0.404415333 -0.389356333
          -0.228195667 -0.406353667 -0.306520667 -0.245265667 -0.0929171333 -0.0650068667 -0.399575333 -0.30294 -0.228999
          -0.223746 -0.413661333 -0.382601667 -0.456090333 -0.543174 -0.371185 -0.382581667 -0.381784667 -0.312399333
          -0.526754 -0.468842667 -0.175441333 -0.168949667 -0.369349667 -0.405556667 -0.249949333 -0.198751333 -0.124810333
          -0.0950931667 -0.0108555 -0.0074094 -0.343045667 -0.388483 -0.457750333 -0.460998667 -0.236185333 -0.276740333
          -0.118300833 -0.158661 -0.0872353 -0.1164067 -0.0811706333 -0.0645695 0.0297568333 0.0346539 -0.240099
          -0.180156533 -0.252688 -0.191964467 -0.234435467 -0.172491667 -0.119981933 -0.0100566 0.0406927667 0.1402341
          0.255974 -0.100513067 -0.0093628 0.304461333 0.213155333 -0.1735198 -0.136532133 -0.0624149333 -0.0609639667
          -0.163215333 -0.147273333 -0.289412 -0.304880667 -0.177096667 -0.225023333 -0.276233667 -0.304036333 -0.191837333
          -0.208294 -0.266992 -0.223028 -0.189582333 -0.169534333 -0.20684 -0.142404667 -0.169374 -0.215227667
          -0.230098333 -0.128308667 -0.127372 -0.291125 -0.291227 -0.285353 -0.265516333 -0.169697667 -0.235928
          -0.0329241333 -0.156251667 -0.122718667 0.094555 -0.0394568667 -0.133108867 0.244614467 0.2165838 -0.322043667
          -0.357569667 -0.392721 -0.273274667 -0.213489333 0.357552667 0.176877333 0.0427686667 0.376745333 0.339365667
          0.370775667 0.302573333 -0.318723333 -0.330955333 -0.340036667 -0.340135333 -0.0735896667 0.0081013 0.0962299667
          0.209772667 0.060863 -0.133836667 -0.0515631967 -0.07631543 0.0977318367 0.03656547 0.196754867 0.0643678667
          0.0841063333 -0.0222667333 0.250434333 0.283295667 0.273346333 0.305673667 0.190769837 0.171254837 -0.114766067
          -0.139433033 -0.190179667 -0.220923333 -0.248000667 -0.256158 -0.254195667 -0.253648667 -0.03523137 -0.0830706667
          -0.208803633 -0.10426867 -0.112964967 -0.096546 -0.128096667 -0.2012113 -0.202321733 -0.150294867 -0.1763088
          -0.160489333 -0.165876667 -0.127651667 -0.143113333 -0.219283667 -0.241319333 -0.0258418367 -0.0159947333 -0.0154846667
          -0.0548024333 -0.120659367 -0.102290733 -0.162254367 -0.225822333 -0.226593667 -0.191128 -0.197067333 -0.20511
          -0.187279 -0.195619667 -0.165423 -0.188745667 -0.152122333 -0.271597333 -0.244192 -0.259094667 -0.254758333
          -0.390313 -0.425904667 -0.320995667 -0.371668 -0.0948791367 -0.147778767 -0.363757 -0.30627 -0.385557
          -0.35678 -0.148016 -0.133421 0.15723 0.1923228 -0.222578533 -0.0637178667 -0.258104533 -0.134336667
          0.0718031333 -0.0498795333 -0.308943667 -0.281698333 -0.1354081 -0.141881433 -0.13026 -0.135645333 0.258642533
          0.389968333 0.017289 0.129762 -0.230171333 -0.154806433 -0.240348 -0.227363333 -0.155204333 -0.150553667
          -0.0373242333 -0.0013297 -0.0850437 -0.0853227333 -0.213189667 -0.2337 -0.100786567 -0.1686258 -0.00329083333
          -0.0210830667 -0.138222545 -0.0643460447 -0.0943772333 -0.142375733 -0.163166333 -0.357861 -0.366955667 -0.294097
          -0.275548667 -0.24158 -0.205367667 -0.279077333 -0.294488333 -0.213329667 -0.277443333 -0.0751394113 -0.1252752
          -0.0130918 -0.00126291133 -0.1009863 -0.1392932 -0.198601 -0.241517333 -0.0892347333 -0.103257133 -0.339226333
          -0.279503 -0.1167419 -0.0607073667 -0.0745221333 -0.0248443333 -0.0480946333 -0.104129167 -0.116594367 -0.301764333
          -0.353115333 -0.2077808 -0.1732368 -0.0778929333 -0.0268054667 0.0447702367 0.0680418667 -0.0383312 0.263116333
          0.21074 -0.0314067333 -0.1006268 -0.127490033 -0.1222547 -0.142049667 -0.321724333 -0.312984 -0.188336
          -0.235202 -0.297916333 -0.277396 -0.33094 -0.202354 -0.257960333 -0.244989333 -0.285813667 -0.244677667
          -0.229130333 -0.257724 -0.312762 0.0962484667 -0.0281268667 -0.267788667 -0.243460667 0.413008667 0.2567096
          -0.264438333 -0.1864248 -0.193031333 -0.281055333 -0.220033667 -0.246099333 -0.314183667 -0.142769667 -0.189858333
          -0.3496762 -0.2459129 -0.439838333 -0.445846667 -0.300070667 -0.253074 -0.532612667 -0.380098667 -0.369988667
          -0.538122 -0.562776667 -0.279124 -0.276384667 -0.27455 -0.255035333 -0.405632667 -0.395987 -0.425807
          -0.481887333 -0.423771667 -0.494173667 -0.332091333 -0.413275333 -0.296405333 -0.216381667 -0.0499973 -0.137252667
          -0.241079667 -0.0620632 -0.0437659367 0.143488533 0.0646078 -0.209242667 -0.236652667 -0.199331333 -0.126482733
          -0.167575533 -0.212053867 0.0519614 0.0530928333 -0.231069 -0.253330667 -0.255462667 -0.294792667 0.1265396
          0.0196026667 0.149136467 0.181641533 -0.1669828 -0.175754667 -0.1272938 -0.149149333 -0.275873 -0.293939
          -0.212601167 -0.341060167 -0.196290533 -0.2509522 -0.2918392 0.447473833 0.2687745 0.0736083 -0.0543583667
          0.156613133 0.1269515 -0.128814833 -0.187483833 -0.463991667 -0.455991 -0.505284 -0.388487667 -0.334126
          -0.345461333 -0.337878667 -0.413937667 -0.374578 0.26435 0.0683683333 -0.0352383333 0.2642525 0.382633167
          0.291208333 0.187070967 -0.239150333 -0.256538333 -0.164744667 -0.150220667 -0.582191 -0.551528 -0.258037667
          -0.252868667 -0.267812 -0.1422616 -0.0439446 -0.0848356667 -0.0773436667 -0.030038 -0.205949 -0.229502
          -0.453405667 -0.344091667 -0.306757 -0.391416333 -0.214963667 -0.216094333 -0.212065667 -0.244176667 -0.230299667
          -0.253244 -0.298070667 -0.375273667 -0.126907667 -0.18338 -0.298440667 -0.259542667 -0.217599333 -0.186119333
          -0.02562507 -0.0349411667 -0.134179567 -0.216009333 -0.0518245333 -0.0560366667 -0.123459733 -0.197801333 -0.0499973
          -0.0794684 -0.0120453333 0.00902893 0.0540385 0.0464924667 -0.069794 0.107921667 0.132465333 0.000188266667
          0.344755 0.291414667 -0.0437768333 -0.0449082667 -0.237494333 -0.229384 -0.1698159 -0.1604969 -0.00911193667
          0.0189664667 0.539448333 0.484487 0.477849333 0.407451667 0.297820333 0.244424 -0.129527333 -0.138835333
          -0.319206333 -0.334968 -0.207403333 -0.228671333 -0.243342667 -0.220589667 -0.231615333 -0.212544333 -0.157683333
          -0.166868 -0.188599667 -0.197086333 -0.151375333 -0.443202333 -0.433210333 -0.208847333 -0.267206667 -0.1078518
          -0.113754667 -0.126077333 -0.114590667 -0.114225667 -0.190557333 -0.248621 -0.292767333 -0.145492333 -0.15411
          -0.254413333 -0.194034333 -0.213841333 -0.225853 -0.497167333 -0.512929 -0.145021 -0.213336 -0.447314
          -0.453083667 -0.196292333 -0.278546667 -0.212972333 -0.207422 -0.345566 -0.291622333 -0.222736 -0.234107333
          0.0933567667 0.107689467 -0.266172867 -0.148076867 -0.436987333 -0.445623667 -0.338735333 -0.0510482 -0.139378833
          0.142979133 0.291110833 -0.112434667 -0.0205903667 -0.272055333 -0.244675667 -0.167873667 -0.146030667 -0.191045333
          -0.183187667 -0.1025757 -0.126716333 -0.211233 -0.216862333 -0.112968 -0.0947033667 -0.134605133 -0.106357833
          -0.229514 -0.242127333 -0.1386874 -0.1356174 -0.192145667 -0.268375 -0.176361333 -0.237083 -0.330181467
          -0.232691333 -0.0956741667 -0.0869161667 -0.146004 -0.148886 -0.139729433 -0.152064833 -0.0984855 -0.138666133
          -0.1080708 -0.121497133 -0.1416088 -0.116249133 -0.179037667 -0.190685 -0.197451333 -0.200039667 0.00556583333
          -0.115959167 -0.075562 0.0386233333 -0.171886333 -0.151571667 -0.188580667 -0.178652667 0.160107733 0.0952357333
          -0.286706333 -0.310175333 -0.257172333 -0.277641333 -0.231468667 -0.306626667 -0.0869863667 -0.0832121333 0.1136381
          0.0324596333 -0.129166667 -0.271449 -0.229989333 -0.152483133 0.451516667 0.366788667 0.39153103 0.24019903
          -0.0754473033 -0.257307637 0.0311606667 -0.106275667 -0.0173759333 0.170214433 0.1806931 0.442905 0.509509
          0.391932333 0.246524 -0.375521333 -0.342907667 -0.324546667 -0.395218 -0.404477333 -0.376702333 -0.183627333
          -0.172715333 -0.1316094 -0.193438667 -0.174738333 -0.1336324 -0.107383133 -0.229185333 -0.239284667 -0.234987
          -0.248472 -0.120867067 -0.1301584 -0.0987618 -0.0885555333 -0.288572333 -0.276687 0.142409033 0.203490167
          -0.167805833 -0.107361967 -0.606849 -0.400985867 -0.2155022 -0.250661667 0.195882363 -0.0549766367 -0.260676637
          -0.34300997 0.241542333 0.060385 -0.075978 0.303519667 0.236547667 0.283969333 0.212579667 -0.270906333
          -0.240427333 -0.330816 -0.27796 -0.0215971667 0.0436373667 -0.246813667 -0.229994333 -0.397925667 -0.207817167
          -0.0306568333 -0.080685 0.0852687 0.179291833 -0.114215833 -0.137901167 -0.234183333 -0.280173333 -0.224694433
          -0.103612267 0.182777567 0.0735480667 -0.186565767 -0.2339481 0.0952357333 -0.0228216 -0.327016333 -0.416305667
          -0.486168667 -0.488620667 -0.431399333 -0.422145667 -0.418757667 -0.36701 -0.190029333 -0.249602333 -0.327102
          -0.404727333 -0.316367333 -0.299294667 -0.048631 -0.0756797667 -0.1553862 -0.1378728 -0.116292433 -0.1400602
          -0.227559 -0.296874667 -0.298055667 -0.286252667 -0.0188071667 -0.0804643 -0.0530653667 0.0228241667 -0.177266167
          -0.140564167 0.107405667 0.192133667 0.116467 -0.0330371333 -0.0155507 0.0513748667 -0.0628625 0.0311118333
          0.288164333 0.219838667 -0.155469 -0.169118333 -0.214896 -0.222408667 -0.217916 -0.219085 -0.218666
          -0.196335 -0.1276274 -0.172577 -0.214256667 -0.232144333 -0.191241333 -0.189955 -0.194308333 -0.202867
          -0.208323667 -0.197251 -0.270125333 -0.240039 -0.20788 -0.157722667 -0.113897733 -0.109138733 -0.117317067
          -0.1087998 -0.556205333 -0.464085333 -0.313111667 -0.393089667 -0.257079667 -0.318973667 -0.358050667 -0.375314667
          -0.309369 0.0928416667 0.1090984 -0.254419467 -0.1406726 -0.574539333 -0.526024 -0.536306667 -0.534178333
          0.130247133 0.274557 -0.354806333 -0.331982333 -0.446821333 -0.430568333 -0.183107 -0.263443 -0.184586
          -0.154111333
        </DataArray>
        <DataArray type="Float32" Name="pPa" format="ascii">
          2999.98 2596.67 -1538.23 -1539.35 -1600.26333 -1568.32667 -1582.99 -1619.40667 -173.331
          -90.25329 -624.822957 -1497.79 -1491.69667 -1480.75667 -1458.87333 -1488.81333 -1506.65 -868.353
          -993.675333 -1499.14 -1507.4 -1537.49667 -1539.22 -1474.15333 -1488.2 -995.427333 -871.967333
          -446.637167 -314.9935 -1531.19333 -1527.90667 -1603.33667 -1574.83333 -1536.76667 -1548.73667 -918.816
          -1058.22467 -261.469667 -330.469333 -714.115 -1079.57933 -936.05 -1515.58 -1509.98 -1315.43
          1042.871 529.91271 614.73571 1055.004 -1358.79 -1368.93 -1172.34 -654.103333 -699.727
          -1421.57 -1397.54 -1195.57333 -700.738333 -654.022667 -1267.61333 -1471.75333 -1491.57333 -678.543333
          -730.390667 -743.007333 -690.010667 1128.111 1363.45433 1225.30667 1404.48667 2186.72 2350.33667
          3205.56667 3515.10667 613.860333 1083.26367 739.103 1372.123 2418.42333 2348.57667 764.041667
          1245.12033 991.795667 1542.721 1949.95667 2125.53667 2585.01 3110.77 993.055333 1526.013
          1192.76233 1575.78667 1963.44 2565.28333 1616.56 1815.09333 1605.92667 1748.29667 -960.250333
          -1120.69233 -1178.98233 -1053.40133 -1143.91567 -979.302 716.805633 640.628633 117.282633 -414.3337
          -599.392367 -448.774333 -178.029623 -1129.09667 -1230.02667 -1268.88 -1196.57667 -1200.74667 -1112.25667
          -861.574667 -964.483667 -973.159 -867.331 -1191.647 -988.058667 -788.535 -1074.43633 -1185.11933
          -533.073133 -175.408467 -72.8576667 -379.813667 -890.376667 -1116.986 -151.8553 -505.137667 -422.824667
          -1252.54 -1177.08333 -1229.99 -1132.76 -1110.63667 -1183.10667 -968.147 -866.460333 -866.857
          -976.043 -552.2383 -275.747133 -500.8185 -799.112 -1024.07267 -1202.15867 -979.720333 -1179.60867
          -1080.47733 -919.908667 -64.7215333 132.065467 401.223633 -559.0507 -363.015033 -1220.48 -1240.17667
          -1134.47667 -1199.50667 -1219.06667 -1162.90333 -901.303667 -995.379 -1020.431 -914.339 -1139.48767
          -1011.59667 -1098.81767 -895.668333 -957.858667 -1110.87233 -213.863333 -427.331 -538.3648 -448.612467
          -64.9668 297.733867 403.828867 309.040533 -1269.61 -1248.86 -1214.27333 -1141.93 -1171.25
          -1239.01333 -1007.33633 -915.400333 -927.260333 -1028.77767 -825.759333 -916.697333 -1005.279 -843.415333
          -935.822 -835.252667 -1185.44433 -1405.71333 -1429.84 -1214.65833 -898.741667 -774.199 -828.124667
          -756.598 -765.089 -848.354333 -1256.74333 -1064.81167 -1102.706 -1292.22333 -619.558667 -602.896
          -619.173 -631.669667 -605.44 -622.559667 -642.293333 -692.948667 -696.385 -645.150667 166.040033
          281.074667 406.317333 411.591333 -766.974667 -835.731333 -929.345333 -783.287 -894.314 -794.111667
          -1353.11667 -1163.061 -1072.41833 -1272.18667 -625.430667 -639.701333 -603.956333 -623.389 -633.782667
          -615.432333 -695.231333 -643.353667 -649.739 -696.681333 118.131867 221.491167 -972.112667 -830.252333
          -870.921 -794.744333 -823.533333 -927.885333 -1206.72167 -1413.99 -1344.59667 -1125.27267 -655.103667
          -642.035 -634.389 -610.180667 -628.622 -650.110667 -649.891333 -712.878333 -723.083 -665.086
          718.730333 425.029333 472.635667 1042.871 -652.710333 -669.129333 -623.858667 -651.473333 -656.97
          -631.698667 -722.357667 -658.165333 -668.162667 -730.734333 -2074.84333 -2533.32333 -3195.93 -3097.62667
          -2835.3 -2753.20667 -2698.45 -2738.11333 -73.939 237.185 -1352.94167 -2074.84333 2714.347
          3013.897 3022.578 2901.018 4800.56333 5291.22 5488.52667 -3152.21 -3065.67667 2890.46733
          3226.824 5646.47 5607.7 5089.45333 5511.11667 -1345.35367 -2347.11267 -2447.58067 -2332.034
          -3174.15667 -3160.93333 -1628.30133 -1506.02833 -3265.99 -3201.81 4436.04333 5179.5 5116.55333
          4880.88667 4427.16 5417.4 5582.17333 5585.65 5782.48 5680.65333 -3336.84 -3437.29667
          -3431.92333 -3368.65667 -3399.86333 -2554.79467 -2433.798 -3409.99667 -1635.21067 -1438.41733 -3146.31
          -3211.97333 1277.07003 2614.036 -2308.28067 -1221.3433 5521.33667 5563.84667 5824.1 5814.75
          5679.39667 5577.36333 5716.39 5785.26333 -2994.38667 -3122.14667 -3073.04 -3001.55333 -2786.77667
          -2538.90667 -2541.6 -2711.99 -2811.07333 -3141.74333 -3044.11 -2997.12 -3296.78667 -3202.92667
          -2748.21 -2939.24 -1549.19633 -2416.96633 1059.98602 -484.10731 -1465.89431 -2065.59098 -1788.33867
          -2626.55533 1087.894 -699.862667 -1774.474 -2410.62067 -2202.64867 -1622.29867 -2772.94333 -2594.85
          -1962.57 -920.618333 -3084.78667 -3200.77667 -3176.57333 -3196.56333 -2412.79133 -1526.30367 -2577.84567
          1975.844 874.239333 -526.991 909.044667 2154.61236 1082.12769 -137.084977 -1208.39031 -1698.24233
          -1580.16133 -2761.28 -2918.33333 -2590.89 -2577.80333 -2763.43 4107.35667 4002.34 2178.91467
          637.342333 -1005.241 -1956.592 2072.33833 3407.80333 1235.91167 -726.308333 -3738.87667 -3774.99667
          -1902.13633 -2651.32967 -2727.772 -1942.45867 -3387.23 -3405.74667 -3571.39333 -3673.96333 4698.32
          4817.49333 4098.24333 3336.03333 -3645.68 -3488.47333 -2291.72933 -2445.286 -3362.53 -3196.76667
          -3624.35 -3528.17667 -3102.22667 -3210.60667 2671.11733 1055.48967 977.4223 2700.9863 -2149.99703
          -1307.87437 894.815 772.542 4519.41 4533.74667 -3445.88333 -3395.56 -3178.03333 -3320.86333
          -3422.10667 -3440.51 -3207.67 -3096.76 2876.46867 2772.03867 1016.38833 4153.10667 2414.54533
          970.372667 773.579333 5041.62667 4868.53 -2222.92933 -1173.18197 2527.48067 1325.23137 -2519.20667
          -2508.81333 -2951.15 -2955.56667 -2704.85 -2856.61 -2874.29333 -2728.51 4712.5 5148.68667
          3052.32297 2513.3763 2452.348 2889.07467 5204.71333 4870.74667 5303.86667 4930.18667 4079.36333
          4534.93667 4230.63333 3942.69 5250.36 5456.41 -3568.20333 -3300.13 -3470.99667 -3673.06667
          -2214.98333 -1541.97767 493.132333 862.078333 -2005.75267 -1186.95533 -1057.905 -1034.043 -216.922333
          1216.277 -2324.728 -3119.66333 -2306.763 -1803.523 -1503.28037 -2093.0537 632.699967 -804.2667
          -2325.873 -1861.513 -904.175 571.671667 796.696333 2197.76533 -2261.57467 -1390.48567 2061.092
          644.624333 -1525.542 -526.991 -2442.92933 -2704.606 859.392 741.311 -943.651 -1085.91367
          -1161.80667 -1605.06333 -1333.96333 -1201.40333 -1414.18 -1719.63 -2040.14333 -1041.13267 -998.539333
          -1261.68333 -1101.24733 -1193.22267 -1160.28933 -1496.72333 -1602.59667 -1786.076 -1171.459 -777.212333
          -873.373333 -1181.34767 -1162.627 -1029.38033 -977.033 -1055.23267 -1204.55267 -1568.73 -1504.07333
          -495.7923 -1208.14397 -1587.69333 -1214.82467 -1052.191 -1556.45333 -1539.77 -963.474333 -924.081333
          -1472.69 -1242.97 -1361.46333 -1534.18667 -1953.51 -1639.64 -1200.77333 -1448.04333 -1542.16333
          -1310.31063 -730.6406 850.5994 983.281033 -1999.193 -405.533 -669.383333 217.515 1781.715
          -1952.08167 -1434.86167 -1305.87267 -1759.35667 1277.48567 194.165667 -504.09 1662.45567 1140.58067
          1784.81667 2361.30667 -2430.51333 -2475.08333 -843.475 -542.782 -425.421333 -596.371 -2289.78333
          -2518.37333 -1674.72667 -1839.66667 -3234.70333 -3226.36667 -1424.344 -1814.05333 -1481.57333 -1305.03667
          -568.242967 -257.889967 -2.565 262.749333 1139.18767 685.022667 2002.46167 -1711.915 -947.934
          -527.124333 -578.496667 606.666333 146.169 470.01 -443.5 1897.57 2475.86333 2069.23
          963.583333 917.156333 -1975.70667 -2234.91667 237.929667 229.042667 -982.943667 -808.353 -931.080667
          -1042.448 -769.767333 -784.123667 -2504.32 -1951.75 -1356.91 -1323.61033 -1575.54333 -1493.93667
          -1285.37 -983.944333 -1321.032 -1538.63667 -1261.066 -1571.82 -1587.69333 -1336.39867 -1024.34767
          -1268.406 -983.365 -1233.12967 -1270.47 -1055.71467 -956.304333 -1805.39 -2100.54333 -1281.573
          -1591.01 -1416.38333 -1148.32633 -1772.90667 -1662.25333 -2735.69333 -2678.01 -1411.396 -1151.55867
          -2298.33 -1775.57333 -2309.45 -1976.76333 -1737.85667 621.284333 690.587367 -1574.57267 -890.652633
          -1925.67 -2362.17667 -2146.37333 -2149.52 -2400.49667 -2071.38667 -2362.05667 -2190.71333 -1666.14667
          -2601.56667 -2357.87667 2169.78667 1445.927 -899.937667 -338.492667 -1619.67567 -2477.04233 -2384.80567
          -1397.69567 -2488.91333 -1877.43733 -1502.252 -569.117 -398.167333 -2447.39667 -1855.50467 -1402.61633
          -1370.44167 -2533.67667 -2343.43667 -2793.55333 -3326.94 -2273.50667 -2343.31 -2338.43 -1913.44667
          -3226.36667 -2871.66 -1074.58133 -1034.81867 -2262.26667 -2484.03333 -1530.94033 -1217.35167 -764.463333
          -582.446333 -66.4906667 -45.3833333 -2101.15333 -2379.45667 -2803.72 -2823.61667 -1446.635 -1695.03367
          -724.594667 -971.801667 -534.313633 -712.9903 -497.1703 -395.4883 182.260367 212.2547 -1470.60933
          -1103.46167 -1547.71667 -1175.78467 -1435.918 -1056.51267 -734.890333 -61.597 249.242667 858.935333
          1567.84333 -615.64 -57.3433333 1864.82667 1305.57633 -1062.808 -836.261333 -382.292667 -373.405667
          -999.695333 -902.049 -1772.65 -1867.39667 -1084.72 -1378.27 -1691.93 -1862.22333 -1175.003
          -1275.79967 -1635.32333 -1366.04667 -1161.18767 -1038.394 -1266.893 -872.227667 -1037.41433 -1318.26667
          -1409.35 -785.89 -780.153 -1783.14 -1783.76333 -1747.78667 -1626.28667 -1039.39567 -1445.05667
          -201.659667 -957.04 -751.65 579.15 -241.674333 -815.291667 1498.26267 1326.57567 -1972.51667
          -2190.11333 -2405.41667 -1673.81 -1307.62433 2190.00667 1083.371 261.957667 2307.56333 2078.61333
          2271 1853.26 -1952.18 -2027.10333 -2082.72333 -2083.32667 -450.738 49.621 589.410667
          1284.85833 372.786667 -819.75 -315.825 -467.432667 598.609 223.964667 1205.123 394.253
          515.152333 -136.383667 1533.91333 1735.18667 1674.24667 1872.25 1168.46733 1048.93733 -702.943667
          -854.028 -1164.85167 -1353.15667 -1519.00667 -1568.97 -1556.95 -1553.6 -215.791933 -508.808333
          -1278.92133 -638.644267 -691.910333 -591.343667 -784.590667 -1232.418 -1239.21933 -920.556333 -1079.89033
          -982.997333 -1015.99633 -781.864333 -876.567667 -1343.11333 -1478.08 -158.281267 -97.9676667 -94.8433333
          -335.664667 -739.040333 -626.531667 -993.810667 -1383.16333 -1387.88667 -1170.661 -1207.04 -1256.3
          -1147.08333 -1198.17 -1013.215 -1156.06767 -931.748 -1663.53 -1495.67333 -1586.95667 -1560.39667
          -2390.66667 -2608.66667 -1966.09667 -2276.46667 -581.1336 -905.143667 -2228.01333 -1875.90333 -2361.53667
          -2185.27667 -906.596667 -817.202667 963.034333 1177.977 -1363.29267 -390.273 -1580.88933 -822.812333
          439.792333 -305.512 -1892.28 -1725.40333 -829.377 -869.027333 -797.844667 -830.83 1584.187
          2388.55667 105.894 794.789667 -1409.8 -948.189333 -1472.13 -1392.6 -950.626667 -922.142333
          -228.611 -8.14466667 -520.892333 -522.601 -1305.78667 -1431.41333 -617.317667 -1032.83167 -20.1563333
          -129.134 -846.613837 -394.12017 -578.061 -872.051 -999.393333 -2191.89667 -2247.60333 -1801.34333
          -1687.73667 -1479.67667 -1257.877 -1709.35 -1803.74 -1306.64367 -1699.34 -460.22917 -767.311667
          -80.1876667 -7.73550333 -618.541333 -853.171667 -1216.434 -1479.298 -546.563333 -632.450667 -2077.76333
          -1711.95667 -715.042333 -371.832333 -456.448 -152.171667 -294.579667 -637.789667 -714.139333 -1848.31
          -2162.83333 -1272.65833 -1061.07767 -477.094333 -164.183333 274.218667 416.757333 -234.778667 1611.58833
          1290.785 -192.366333 -616.340333 -780.878333 -748.81 -870.053667 -1970.56 -1917.02667 -1153.55967
          -1440.61333 -1824.73667 -1699.05 -2027.00667 -1239.41967 -1580.00667 -1500.55733 -1750.60667 -1498.65
          -1403.42133 -1578.558 -1915.66667 589.52 -172.276667 -1640.20667 -1491.19667 2529.68 1572.34833
          -1619.68333 -1141.85033 -1182.31667 -1721.46367 -1347.70667 -1507.36 -1924.37667 -874.466667 -1162.88367
          -2141.76733 -1506.21733 -2694.01 -2730.81333 -1837.93333 -1550.07667 -3262.25 -2328.10067 -2266.17733
          -3296 -3447.01 -1709.63333 -1692.85333 -1681.61667 -1562.09 -2484.5 -2425.42 -2608.06667
          -2951.56 -2595.6 -3026.81 -2034.05667 -2531.30667 -1815.48 -1325.334 -306.232667 -840.671333
          -1476.61133 -380.136333 -268.065733 878.864667 395.722 -1281.61 -1449.49667 -1220.90167 -774.704333
          -1026.40033 -1298.83033 318.262667 325.192667 -1415.29667 -1551.65 -1564.71 -1805.60667 775.055
          120.066667 913.463 1112.55467 -1022.76767 -1076.49467 -779.674667 -913.539333 -1689.72 -1800.37667
          -1302.18033 -2088.99367 -1202.28033 -1537.08033 -1787.51367 2740.77967 1646.243 450.849333 -332.944
          959.2543 777.576967 -788.9897 -1148.33737 -2841.95 -2792.94333 -3094.86333 -2379.49 -2046.52333
          -2115.95 -2069.50667 -2535.37 -2294.29 1619.14367 418.757 -215.833333 1618.54633 2343.62967
          1783.65033 1145.80867 -1464.79667 -1571.29667 -1009.05967 -920.100333 -3565.92333 -3378.11 -1580.48
          -1548.82 -1640.35 -871.352667 -269.162 -519.619333 -473.729333 -183.982667 -1261.43667 -1405.69667
          -2777.11 -2107.56 -1878.88667 -2397.42667 -1316.65333 -1323.58 -1298.9 -1495.58 -1410.58333
          -1551.11667 -1825.68 -2298.55 -777.306667 -1123.2 -1827.94667 -1589.69667 -1332.79667 -1139.98067
          -156.952733 -214.014 -821.848333 -1323.055 -317.425 -343.224333 -756.19 -1211.53133 -306.232667
          -486.743333 -73.7776667 55.3022667 330.985 284.765667 -427.486333 661.020333 811.35 1.154
          2111.62367 1784.91367 -268.131333 -275.061333 -1454.65 -1404.97333 -1040.12 -983.04 -55.8107333
          116.169667 3304.12333 2967.48333 2926.83 2495.64333 1824.15 1497.09667 -793.354333 -850.365333
          -1955.13767 -2051.67767 -1270.344 -1400.61033 -1490.47367 -1351.11033 -1418.643 -1301.832 -965.808667
          -1022.06767 -1155.17367 -1207.15367 -927.173333 -2714.61333 -2653.41333 -1279.18967 -1636.63967 -660.592
          -696.746667 -772.222333 -701.866667 -699.630333 -1167.162 -1522.80333 -1793.2 -891.141333 -943.924667
          -1558.281 -1188.45933 -1309.77833 -1383.35 -3045.15 -3141.69 -888.253333 -1306.68333 -2739.79667
          -2775.13667 -1202.28867 -1706.09567 -1304.45567 -1270.46233 -2116.59 -1786.18667 -1364.26333 -1433.91
          571.809333 659.597 -1630.30733 -906.969667 -2676.54667 -2729.44333 -2074.75 -312.672367 -853.697367
          875.746333 1783.053 -688.663 -126.118 -1666.337 -1498.637 -1028.229 -894.438667 -1170.15667
          -1122.03 -628.275333 -776.137 -1293.80333 -1328.28 -691.929667 -580.059 -824.456333 -651.441
          -1405.77667 -1483.03333 -849.459333 -830.656333 -1176.89233 -1643.79667 -1080.211 -1452.13 -2022.36233
          -1425.23333 -586.004333 -532.362333 -894.275 -911.926 -855.844667 -931.399333 -603.224667 -849.331
          -661.932 -744.17 -867.354667 -712.025667 -1096.606 -1167.94367 -1209.38867 -1225.242 34.0903667
          -710.249967 -462.815333 236.568333 -1052.80033 -928.374667 -1155.05533 -1094.24533 980.662 583.318667
          -1756.07333 -1899.82333 -1575.18 -1700.55333 -1417.75033 -1878.09333 -532.789 -509.672 696.033333
          198.815333 -791.147 -1662.62667 -1408.68333 -933.957 2765.53667 2246.57967 2398.12793 1471.2176
          -462.115733 -1576.00873 190.856 -650.941 -106.427667 1042.564 1106.74567 2712.79 3120.74333
          2400.58667 1509.95933 -2300.06667 -2100.30667 -1987.84667 -2420.71 -2477.42333 -2307.30333 -1124.71933
          -1057.88233 -806.106 -1184.81467 -1070.27433 -818.498 -657.722 -1403.76333 -1465.62333 -1439.29667
          -1521.89 -740.312 -797.22 -604.916667 -542.402333 -1767.50667 -1694.70667 872.253367 1246.3757
          -1027.8113 -657.5933 -3716.95 -2456.03767 -1319.95133 -1535.30367 1199.78093 -336.7324 -1596.6454
          -2100.9354 1479.44667 369.86 -465.366667 1859.05667 1448.85367 1739.313 1302.04967 -1659.3
          -1472.61667 -2026.25 -1702.50667 -132.284667 267.278 -1511.73333 -1408.71333 -2437.29333 -1272.87967
          -187.773667 -494.197333 522.269667 1098.16367 -699.572333 -844.645667 -1434.37333 -1716.06333 -1376.25233
          -634.625333 1119.51367 450.480667 -1142.71567 -1432.93233 583.318667 -139.781333 -2002.97333 -2549.87
          -2977.78 -2992.8 -2642.32 -2585.64 -2564.89 -2247.93667 -1163.92767 -1528.81333 -2003.5
          -2478.95333 -1937.75 -1833.18 -297.865 -463.538667 -951.742667 -844.473 -712.289 -857.866333
          -1393.794 -1818.35333 -1825.59 -1753.29667 -115.193667 -492.843667 -325.025333 139.798 -1085.75233
          -860.953 657.859667 1176.81667 713.357667 -202.352667 -95.248 314.671333 -385.033 190.56
          1765.00433 1346.512 -952.246333 -1035.84933 -1316.23333 -1362.25 -1334.73667 -1341.89333 -1339.32667
          -1202.55033 -781.719 -1057.03533 -1312.32333 -1421.88667 -1171.35267 -1163.47267 -1190.14033 -1242.56367
          -1275.984 -1208.164 -1654.51667 -1470.24 -1273.26367 -966.051667 -697.623 -668.473 -718.566667
          -666.399333 -3406.75667 -2842.52 -1917.80667 -2407.67333 -1574.61 -1953.71 -2193.05667 -2298.8
          -1894.88333 568.653333 668.225667 -1558.32233 -861.621 -3519.05333 -3221.89667 -3284.88 -3271.84333
          797.762 1681.65967 -2173.19 -2033.39 -2736.77667 -2637.23 -1121.532 -1613.59 -1130.59033
          -943.931333
        </DataArray>
        <DataArray type="Float32" Name="k" format="ascii">
          29.8974 30.2271667 45.0641333 44.6248 45.2084333 45.5736667 45.4151667 45.6157667 34.405
          34.5254 35.0269667 40.9114 41.3836 41.609 42.592 42.8904 41.3661667 40.6342333
          40.122 42.3590667 44.1927 44.7022333 44.1508333 43.7085 42.5844667 40.8806333 41.3135333
          36.4155667 35.7205667 43.7217 41.8552 44.8606667 44.5120667 42.3099667 44.3318 42.1861
          41.7911333 36.3868667 36.2564667 36.5334333 40.5904667 41.0682333 46.0745333 45.9480333 45.1121333
          34.2185333 34.0287333 33.8641667 33.0906333 43.1824 43.2514333 43.9982 42.1537333 41.6545333
          44.7448 44.5866 44.4272 42.2692333 42.8057333 45.5936 45.3663333 45.5596 43.7427333
          43.1598 42.1258 42.6993667 31.4443667 31.0545667 31.7041333 31.3064 31.1555333 31.1324333
          30.7767333 30.2557 32.3877 31.8875333 32.5310333 32.0077667 31.0489667 31.2633333 32.6295667
          31.9953333 32.5227333 31.6741333 31.3520333 30.2889667 29.9671333 30.4632667 33.0778333 32.219
          33.0874333 32.0294 29.0197 29.3132333 29.3597667 29.9830667 29.2219333 29.8373 35.4982
          36.4871667 37.1070667 36.2006667 36.8687333 35.9409 32.7742667 33.2915 33.9446333 34.3484
          34.6535333 35.1328667 34.7877667 37.9878 37.8375 38.2837 38.8724333 38.0313 38.2346
          39.9733333 38.9185 39.1891 40.1812667 36.8604667 36.3642667 36.9846667 37.0290667 37.4173667
          36.2342 36.0685333 35.9574333 36.5745 36.6150667 37.1649667 35.4470667 35.9619333 36.4137333
          38.9829 39.7082333 38.3092 38.2160333 38.3201333 38.4744667 39.1467333 40.3981333 40.6399
          39.3131667 36.0569 35.8294333 36.6481333 37.0047 37.3667333 37.9773 36.5639333 37.3036
          37.1385667 35.8781 34.8803 34.1774 33.2330667 35.0334333 35.2368667 40.5951333 39.8127
          38.6819667 38.9276333 39.2767 39.0088333 41.0595333 39.6364667 40.0047 41.4685667 38.4322333
          37.8226 37.5471667 36.5483 36.4835333 37.8846333 35.9178333 35.6755 36.1674333 36.0067333
          35.7297667 35.1595 34.2588333 34.8241333 38.5205333 39.3196 37.9984333 38.1156 38.5825667
          38.3771667 39.1086333 40.2683 40.6439 39.5784333 43.6007 43.0396 44.9270667 44.5203667
          43.5468333 43.9789333 43.5402333 44.3725333 44.8830333 44.1393667 43.9369333 43.8012333 42.4248667
          42.9517333 43.1977667 42.7958333 43.2728333 42.7537333 43.2180667 43.6371667 42.4435 41.4023
          42.8957333 43.2682667 41.6986333 42.6648 40.7388667 40.9936333 41.1927 41.0126333 34.3821
          33.6688333 33.8121667 34.7130333 43.2259 42.5601 44.5532667 44.2247 42.9971333 43.6111333
          44.1439 43.4977667 42.8889667 43.5491 43.5525667 43.7448667 41.5659333 42.7460667 43.0902667
          41.8614333 41.3538333 40.9025 41.1273 41.6093 34.4028 33.8236 45.4775333 45.4006667
          43.2201333 44.0207667 44.5197 43.787 44.3795333 45.2712 44.5590667 43.6423667 44.6697667
          44.4988 43.4731333 42.1082667 42.5592333 43.9382333 41.4222667 42.0332333 42.4464667 41.8235333
          34.3845333 35.0852 34.6161667 34.2185333 43.5532333 43.8406667 41.7450667 42.921 43.2848
          42.2064 41.3258667 41.0109333 41.4707 41.6952333 146.044 191.645333 201.351667 234.629333
          195.784333 230.522333 227.576 220.343 86.9431333 87.0793 120.013633 146.044 49.6088
          48.2227 47.9619333 49.5143 44.5191 41.5814333 39.7622333 163.520567 155.708233 66.4155
          66.8997667 46.4384667 42.1205333 51.9789 50.5600333 104.52 132.0383 125.308133 111.346367
          130.053567 169.386333 95.9607 95.5769333 156.454333 154.604333 52.1223333 47.4805 44.7994667
          45.7767333 49.1185333 41.7285 42.5234333 42.3492333 45.4807 47.3668 88.9633 100.908167
          92.5298667 77.2836667 142.194667 120.060167 122.695833 151.978333 109.759 109.435333 166.779
          159.954667 52.5430667 51.9333333 62.7691 59.3906 49.6683333 49.5434 44.5568333 46.2638667
          50.3854333 50.2543 50.1165333 48.6655667 253.193667 229.167 179.975333 206.675667 190.690667
          162.937667 175.790333 212.469333 216.442 239.880333 231.3 199.522 168.295333 157.107
          170.275667 171.907667 55.2618333 61.5821667 53.3659333 53.4015 55.3392667 59.7101 54.6994667
          60.9886333 52.3291 52.0123 54.0475333 58.3525667 108.5115 71.0613667 174.256333 125.082667
          102.865867 87.6408333 158.044 175.107333 193.793667 147.996333 129.338167 115.803567 136.406733
          59.0971667 60.2201 81.0556 73.0395667 53.6109 54.9948667 60.0525667 63.075 89.0008667
          95.2766333 246.667 266.453 209.988 194.746 223.612 51.2691 51.3245667 52.6052667
          53.7299667 87.1909667 124.220833 53.4516 52.1352667 51.6655333 53.3142 79.7023667 79.4851
          56.6639667 62.7573 62.3031667 56.4271 122.093333 124.458333 110.514433 91.8343 44.086
          46.4443 51.6968333 53.2632 89.9979667 106.530367 138.441633 123.305633 141.506 155.260667
          124.3631 127.5621 164.675333 162.857667 68.3299 77.0393333 63.1942333 53.4511 95.4203333
          76.7131333 68.0962667 68.4800333 52.7591 53.4090333 122.483333 137.786333 145.490667 132.938333
          117.375367 114.105033 155.546333 156.066 65.4205333 64.7928667 66.6651333 53.8760667 65.9048333
          77.8255667 78.1492333 52.6363 53.3475667 67.6308 60.9509667 53.8197 54.1034333 168.132667
          165.743333 163.79 160.222667 171.920667 173.204667 170.798 175.470667 50.6739333 50.2271
          52.4051333 52.0847 52.0874333 51.9546333 50.8130667 51.7131333 50.0027667 50.5190667 51.9280333
          52.2508 51.3852333 51.6925667 51.7223 50.5759 76.827 74.8775 72.8671333 74.8512667
          93.2365333 77.9432333 54.4715333 54.5398 65.5505333 59.1569667 70.8388 59.3318667 55.8688
          55.2988 91.9964 86.8830333 88.5637667 68.0839333 68.6298333 96.922 52.4345333 52.9131333
          90.8995333 70.5127333 53.0089 52.4372667 63.4006667 57.3249 100.1715 81.5018667 57.0894333
          58.0301667 94.6155667 81.0556 78.2424 95.6730333 70.0954 63.8196333 46.3075333 48.0724667
          48.6328 47.0559667 46.8766667 46.4476333 46.9897333 45.3608333 45.1367 48.9179 48.6624333
          46.0901667 46.5063333 47.8435 46.7135333 45.5224667 45.4568 42.6370667 42.3663 46.4555667
          45.9045333 46.4634333 45.1790333 45.5001667 46.7620333 45.4843 45.3183 44.335 43.3318333
          41.0528667 42.1690667 46.8923333 46.3645667 45.4015667 47.7008333 46.2387 49.0418667 49.4482
          45.2562 45.2428333 47.4288667 52.9682 62.6238667 54.6392333 46.5595667 44.6866667 45.2666667
          42.4185 41.629 40.0867333 39.7600333 43.1408 42.2477333 42.4918 42.2954 42.1693333
          43.7329667 43.1891667 48.6032333 47.4113333 41.6519 42.1607333 43.9256667 40.3452333 39.9640333
          41.8296667 42.2489 44.4663 44.191 47.2394 45.6286333 44.8215 45.6134 50.2851
          49.8697667 58.1234333 54.4050667 46.9072 46.2156667 54.1789 62.0192667 46.1103333 46.1029333
          44.917 44.1807333 40.0983 38.7127333 40.0597 41.3766667 41.4357667 43.6935333 42.9645667
          39.6631667 40.5868333 38.6134667 38.5885667 43.8344333 44.7693333 40.6601 41.3906667 42.9011667
          41.0039667 39.4646667 44.5853333 44.1515667 40.9205667 41.1184 47.2216 46.4728 45.9612667
          46.2358 49.0235 48.3092 48.3898667 47.9987333 48.5332333 48.2283667 46.5733 46.1287333
          46.2876667 48.6156667 49.4040667 46.5534667 46.1062667 47.8805 46.8923333 49.5837333 49.1033
          46.3540667 47.2445667 45.6248 45.7950333 45.9350667 45.4463333 47.7173333 48.9436667 44.822
          45.5760667 45.7312667 45.1431333 59.7595333 54.5387 44.2039667 44.6744333 46.7472 48.1785333
          46.521 45.7639 45.3257 45.5256333 46.1943333 40.9435 40.5877667 42.7565333 42.1300333
          43.5633667 45.0974667 43.3900667 44.5695 46.7704333 46.2527667 44.9212 45.7127333 46.5196
          44.165 43.2706 40.523 40.8242333 42.1469 41.2568667 48.0363 47.9796667 47.1176333
          46.3554 62.1598333 53.7868 45.712 44.8036333 44.0117333 44.4601667 43.8238667 44.3086333
          45.5456333 50.8169667 52.7523 48.6323333 47.7692333 50.5891 59.5392667 68.2112333 64.9147667
          46.2156667 45.5442667 45.0271333 46.1068 70.2991333 70.8318 42.0048 42.2641667 42.7489333
          42.3356 42.1371 42.9955333 43.0997 43.9953667 45.0794667 45.3701667 44.0455667 42.8610333
          42.1989333 43.5374333 42.7383667 44.3064 41.2979333 41.4691 41.6968 42.3574 41.119
          41.5722333 41.6238667 42.0020333 43.6128333 40.0745667 39.3579 38.2833 38.0676333 38.143
          38.5370333 42.0272667 42.6678 38.7431333 38.5896667 44.4843 43.8864667 41.9036667 41.7058333
          43.5311667 43.7547667 42.8716667 41.6353333 42.8216667 42.7991 43.833 43.9847333 44.9777667
          44.5851 45.8381 45.7057667 42.9146333 43.2572667 43.3941667 44.2399667 43.9386333 43.0455667
          42.4945667 43.8928667 44.1795 42.8374 44.7555333 40.8117 41.4594333 44.1183667 45.2723
          41.0838 41.7354333 42.4345667 41.923 40.4965333 40.8099 39.4386 39.6086333 42.1610667
          42.3984667 43.1522333 42.2359333 41.5078333 40.4487 41.2821333 43.4057667 40.5314333 40.8892
          39.6580667 39.4731667 45.0009333 44.4708667 43.9455 43.8655667 41.3125333 39.5505667 38.6137
          38.3574 41.9723333 42.8361333 39.1496333 39.8874667 37.9014 38.2127667 43.2812333 44.8407333
          44.1515667 45.3493667 40.0635 38.6895 41.1580667 40.9385333 39.6625667 38.2335 43.4793
          43.5574333 43.3089333 43.3567667 42.6667333 43.5049667 42.6413333 42.1383333 43.8994 44.4860667
          44.3861667 43.4945 44.1471333 43.4962667 43.8707333 44.8266 45.3510333 45.9493667 46.3110667
          44.9624333 45.2025667 44.1075333 44.3969667 46.2888667 45.5865333 43.9157667 44.3221333 44.405
          43.9870333 45.1237333 44.5254667 44.0177333 44.9819333 44.9324667 44.891 45.9305667 46.4342333
          43.6314667 43.2863667 43.7415333 44.2302333 43.9737333 42.0137667 43.4069 44.2665 43.5138667
          42.9691667 43.4552667 45.0779333 45.3520333 43.5108667 43.1220667 44.1328333 44.4238667 44.7195333
          43.6683 42.0801333 42.2066667 40.0718 39.8392333 41.3436667 40.7271333 41.5810667 41.1971
          39.9373 40.4207 43.478 43.9806667 42.5689667 42.9112333 41.1186333 41.5270333 39.9585
          39.7408 40.9902 39.9718667 45.1537333 43.6461333 45.9895 46.507 44.5484667 44.7848
          42.1096 41.4021667 42.8517333 42.8218667 46.6523667 46.4566 43.2493667 44.4352333 41.4251
          41.7763333 41.9072667 42.1074 42.8689667 43.5812333 44.0256333 43.9711 44.4316333 43.7900333
          44.9562 44.4752 44.6255667 46.2590667 46.0835 44.1027333 44.0241667 40.6195333 40.4789333
          41.2250333 40.8196667 41.6675333 41.1215667 41.9448 42.7726333 40.5320333 40.7283333 45.6277333
          45.5384667 43.9975667 42.7163667 42.2799 41.2077 41.5474 42.8286 43.2262 44.2962333
          44.9952333 43.9842 42.5466333 41.3301667 41.2306333 40.4375333 42.0806 43.2784 37.6346333
          37.5795667 44.0375 43.5846 43.7036 43.8166667 44.0261667 42.4371667 41.9662 40.7260667
          41.1425 42.0245 42.8741 43.8583667 41.3687 42.2561 47.7960333 49.0857333 49.7381333
          46.7369 48.1849333 50.3721667 39.729 49.7618333 56.2740667 71.7209333 39.8075667 40.1001667
          45.7399667 45.4203 43.0722333 43.218 47.2199667 48.6058667 49.2399 42.7832667 42.9118333
          43.4569333 43.3551 49.3076667 48.6048333 47.0751333 46.7422667 47.7798333 47.6277667 46.7901333
          47.4987667 47.1355333 58.0181333 75.9742333 74.8555333 57.6807333 51.1632333 58.221 59.3883667
          51.8136 46.9097333 47.0688333 46.2635333 46.9405 51.1615333 51.5709667 43.5388333 44.3108333
          46.7762 64.7786333 56.7322 38.0873667 46.9646667 94.5289333 124.236333 120.354233 88.9874
          71.2202333 62.3619667 45.7616 55.3313 117.2861 138.896667 80.2151667 63.2600667 41.6190333
          43.4926667 39.0777 38.2199 45.5356333 46.7826 44.4586333 44.2541333 46.8323 47.1087667
          43.7499 44.1627667 43.6012333 43.2259333 42.9518 41.1076 40.4356 41.2443333 42.6930333
          40.6228333 40.8432333 41.4160667 41.4233667 45.4839667 45.4185333 44.9382333 45.3252 45.9106
          47.6546667 47.2380667 44.7727333 43.8499 42.1804333 42.7930333 44.0669667 42.4833333 42.0387333
          41.7932667 41.1453333 41.9759 42.5970667 46.5708667 46.443 47.1039667 48.1700333 68.9629667
          69.1777 45.1573333 43.7894 43.0848667 43.0831667 43.9246667 45.7849 75.805 86.0259333
          45.0868333 44.0804333 44.6394333 46.0090667 57.7591667 64.4983 44.1102 44.7789 60.1510333
          51.5372333 50.1367333 50.4744333 59.3560667 66.7783333 63.6401667 64.1267667 59.6621 52.5271667
          57.5929333 69.8313667 107.839733 135.014567 42.7641333 42.3065 43.2864 44.7791 43.5388333
          42.7628333 41.7829333 41.4303667 53.4878333 42.0596 73.0705333 62.5237 62.2860333 71.1734333
          38.4062667 38.9202667 68.9024667 59.3327667 90.7292 116.725433 111.161167 87.0047 40.5696333
          40.5965667 40.7060333 40.0953333 38.8764333 38.3011333 37.8808333 37.8909333 44.8342333 45.1146
          43.5869333 43.5869 44.025 48.2380667 47.0401667 45.8270667 45.4583667 43.9945 44.9852333
          46.8965333 48.3165 45.5743 45.0718667 43.6422 43.4932667 44.7032667 44.2091 44.5739667
          44.4642333 44.9327 44.6001667 44.1733667 43.7965333 45.4502 45.6133333 47.7388 46.7146333
          43.7405333 44.0226 44.3340667 44.6951 43.2037333 43.2037 44.2832667 43.7091667 43.2996
          43.1506333 43.1174667 43.4122 45.6343333 44.2876667 45.5379667 45.7722 43.6616 44.2630333
          41.9613 41.4225 42.6359667 41.9953333 43.4871667 44.1894333 43.6454 40.9296 41.1573
          42.2074333 42.0961667 42.7126333 41.4521 43.9601667 44.5514667 42.7673 42.8285 41.7098333
          42.1412333 44.8995333 45.3078333 44.2422667 44.6926 43.7732667 43.7988667 45.6866333 45.1647333
          44.2882 44.3777 43.5705333 43.8893 46.0429333 47.6751 43.1249 43.1685333 43.0728333
          42.7747333 43.5941 43.0752667 43.7168 43.8017333 43.6645 44.6310667 44.0640667 44.3643
          43.9515 44.3229333 44.6044667 44.4547 44.6792333 43.6404 42.9315 43.1078333 40.6754
          41.096 41.6275667 40.7553333 42.6722 42.9458667 41.688 41.9633 43.2293 43.2377333
          44.6341 44.2974667 45.7045333 46.0159 46.0883 47.9005667 41.2177333 41.4532333 38.8768333
          39.5211 44.0178333 45.1631333 44.5575 42.4978 41.7035667 42.5633333 42.1871 42.7216333
          43.5674667 43.9163667 44.4085667 44.8859333 43.7164333 40.8608667 39.3786333 41.0512667 41.3765
          41.6182333 42.0763333 46.2956667 46.5741667 46.3332 46.2422667 45.0696333 45.6863667 44.5136667
          44.2913667 44.2410667 44.1795 44.0436667 43.9933667 44.024 44.2624333 44.2112 44.6005667
          45.2727667 44.3387667 44.537 43.9733 43.9521333 46.6677667 46.1442 40.7266 40.3389333
          41.4528 41.4198667 44.4268333 43.4119 42.6563333 42.5428667 41.8551667 41.9736 42.7307667
          43.4957667 41.7434 42.3743 44.3781333 40.6602 40.4188667 42.2409333 42.0377 42.6374
          42.0448 46.8923333 45.8245 43.1836333 42.7786333 46.9241667 46.8683 43.6686 43.1323333
          43.5311333 43.8251667 43.2896667 43.6433 45.3579 46.0749 47.0068333 47.4135333 42.3263333
          42.5638333 43.2053 42.9626333 44.1512 43.2157333 43.2377333 43.6846 45.6460333 45.8697667
          44.9265 45.1327667 43.7978333 42.9084333 46.0760333 46.7444 44.0095333 44.1676333 44.3525333
          44.3517333 47.2656 46.6848667 41.6948333 42.9492667 44.4141667 43.5141 42.1304333 43.0891
          44.8407667 45.5266333 44.9173333 45.097 42.1412 42.0984667 43.2138 42.6522333 45.9298333
          44.9654667 42.8696667 42.0099 40.8558 40.8011667 41.0176333 41.6201 43.4539 42.8019333
          39.5948333 38.8959333 44.9297667 45.0402667 46.1278 45.6668333 45.7419333 46.2663333 45.1778
          45.0038667 44.2641667 44.3693667 44.5717667 44.4340667 44.8897 44.7055667 44.3528333 44.0714
          44.4523 44.593 45.9417333 45.5913667 44.5271 44.2547667 43.3915 43.7852333 44.2884333
          44.1923 44.9761 44.7699667 45.7816333 46.2075333 44.0078333 44.0299333 44.502 45.0714667
          45.2926 41.5096333 41.2208333 42.501 41.9141 44.4956667 45.0796667 45.8839667 45.8492333
          41.3896333 40.9545 43.1179667 43.1566 44.2005 43.6898 46.3448 48.0905667 44.0254667
          43.9810667
        </DataArray>
        <DataArray type="Float32" Name="p" format="ascii">
          2448.96333 2119.73 -1255.69667 -1256.61 -1306.33667 -1280.26333 -1292.23333 -1321.96333 -141.495
          -73.67623 -510.059563 -1222.68667 -1217.71 -1208.78 -1190.91667 -1215.36 -1229.92 -708.861
          -811.165 -1223.78333 -1230.52667 -1255.09333 -1256.5 -1203.38667 -1214.85333 -812.591667 -711.809
          -364.601867 -257.137867 -1249.95 -1247.27 -1308.84333 -1285.57333 -1254.50333 -1264.27333 -750.053
          -863.856 -213.444667 -269.771 -582.951333 -881.291667 -764.122667 -1237.20967 -1232.63967 -1073.82433
          851.325 432.58177 501.82477 861.228 -1109.216 -1117.496 -957.015 -533.961667 -571.205667
          -1160.46033 -1140.84367 -975.974333 -572.031333 -533.896 -1034.785 -1201.429 -1217.609 -553.912667
          -596.237 -606.537 -563.274333 920.908667 1113.02533 1000.252 1146.51867 1785.07667 1918.64
          2616.78667 2869.47333 501.109333 884.297 603.348 1120.099 1974.22333 1917.20667 623.708667
          1016.427 809.63 1259.365 1591.8 1735.13 2110.21333 2539.40333 810.658333 1245.72567
          973.684333 1286.355 1602.80667 2094.11 1319.64033 1481.71033 1310.96033 1427.18033 -783.878667
          -914.852 -962.437 -859.919667 -933.809667 -799.429 585.1479 522.962567 95.7405667 -338.231767
          -489.299767 -366.346333 -145.33023 -921.713333 -1004.10833 -1035.82233 -976.801333 -980.200333 -907.963333
          -703.327667 -787.334333 -794.414667 -708.025333 -972.776667 -806.579667 -643.702333 -877.093667 -967.446333
          -435.161733 -143.190733 -59.476 -310.052333 -726.837667 -911.824333 -123.9638 -412.357667 -345.163333
          -1022.48033 -960.882333 -1004.073 -924.701333 -906.642667 -965.801333 -790.322333 -707.313333 -707.637333
          -796.769333 -450.807133 -225.1 -408.831533 -652.336667 -835.978333 -981.354 -799.773 -962.946667
          -882.023667 -750.947 -52.8339667 107.8087 327.529567 -456.3681 -296.3391 -996.307667 -1012.387
          -926.101333 -979.188333 -995.153333 -949.308333 -735.757333 -812.552667 -833.005667 -746.399 -930.192667
          -825.791667 -896.994 -731.157333 -781.924333 -906.831667 -174.582333 -348.841667 -439.4814 -366.2144
          -53.0340667 243.048267 329.656267 252.277933 -1036.41867 -1019.482 -991.244667 -932.189333 -956.124333
          -1011.44267 -822.316 -747.265667 -756.949667 -839.821667 -674.09 -748.325333 -820.638 -688.503
          -763.937333 -681.84 -967.708 -1147.52133 -1167.21633 -991.557333 -733.667667 -632 -676.020333
          -617.631333 -624.563333 -692.535333 -1025.91267 -869.234333 -900.169333 -1054.879 -505.762333 -492.16
          -505.447333 -515.648667 -494.236667 -508.212 -524.321 -565.672333 -568.477333 -526.653333 135.542867
          229.448667 331.687333 335.992667 -626.100333 -682.228333 -758.646667 -639.416667 -730.051 -648.253333
          -1104.58033 -949.433667 -875.442333 -1038.51733 -510.555667 -522.205333 -493.025667 -508.889 -517.373667
          -502.393667 -567.535667 -525.186667 -530.399 -568.719333 96.4343333 180.809467 -793.56 -677.756333
          -710.955667 -648.770333 -672.271333 -757.456667 -985.076667 -1154.27567 -1097.62933 -918.589667 -534.778333
          -524.11 -517.868667 -498.106667 -513.160667 -530.702333 -530.523333 -581.941333 -590.271667 -542.927333
          586.718667 346.962667 385.825 851.325 -532.825 -546.228 -509.272667 -531.815 -536.302
          -515.672333 -589.68 -537.278 -545.439 -596.518 -1693.75 -2068.02 -2608.92333 -2528.67333
          -2314.53 -2247.51667 -2202.81667 -2235.19667 -60.3616667 193.617 -1104.443 -1693.75 2215.796
          2460.326 2467.413 2368.17967 3918.83 4319.36667 4480.43333 -2573.23333 -2502.59333 2359.56867
          2634.14533 4609.36667 4577.72 4154.65667 4498.87 -1098.248 -1916.01133 -1998.028 -1903.70133
          -2591.15 -2580.35667 -1329.226 -1229.41133 -2666.11667 -2613.72667 3621.26 4228.16333 4176.77667
          3984.39667 3614.01 4422.36667 4556.87667 4559.71667 4720.39 4637.26667 -2723.95333 -2805.95667
          -2801.56667 -2749.92333 -2775.4 -2085.548 -1986.77367 -2783.67 -1334.86567 -1174.218 -2568.41667
          -2622.02 1042.5062 2133.90767 -1884.31233 -997.0138 4507.21667 4541.91667 4754.37 4746.73667
          4636.24 4552.95 4666.44 4722.66333 -2444.39667 -2548.69 -2508.60667 -2450.24667 -2274.92
          -2072.57667 -2074.77667 -2213.87 -2294.75667 -2564.69 -2484.99 -2446.63 -2691.25333 -2614.63333
          -2243.43667 -2399.38 -1264.65067 -1973.034 865.296833 -395.189833 -1196.64917 -1686.19583 -1459.87033
          -2144.127 888.077333 -571.316 -1448.55233 -1967.859 -1798.07767 -1324.32433 -2263.62667 -2118.24333
          -1602.09967 -751.526 -2518.19333 -2612.87667 -2593.12 -2609.43667 -1969.625 -1245.96133 -2104.363
          1612.93267 713.663 -430.196667 742.078 1758.8675 883.367833 -111.906167 -986.439833 -1386.32033
          -1289.92767 -2254.10667 -2382.31333 -2115.01333 -2104.33 -2255.86 3352.94333 3267.21333 1778.70233
          520.277333 -820.606 -1597.21767 1691.70367 2781.88 1008.909 -592.904333 -3052.14333 -3081.62667
          -1552.764 -2164.35067 -2226.75033 -1585.68033 -2765.08333 -2780.2 -2915.42333 -2999.15333 3835.36667
          3932.65333 3345.51 2723.29333 -2976.06 -2847.73 -1870.798 -1996.148 -2744.92 -2609.60333
          -2958.65 -2880.14333 -2532.43 -2620.90333 2180.50533 861.625333 797.896667 2204.888 -1755.09867
          -1067.65 730.462 630.647333 3689.31333 3701.01667 -2812.96667 -2771.88667 -2594.31333 -2710.90667
          -2793.55333 -2808.57667 -2618.50667 -2527.97 2348.13867 2262.88867 829.705 3390.29333 1971.05967
          792.142 631.494333 4115.61333 3974.31 -1814.63667 -957.698133 2063.25 1081.82187 -2056.49667
          -2048.01333 -2409.10333 -2412.71 -2208.04333 -2331.93 -2346.36667 -2227.35667 3846.93667 4203.01
          2491.69133 2051.73467 2001.91567 2358.42567 4248.74333 3976.11667 4329.68667 4024.64333 3330.09333
          3701.99 3453.58 3218.52333 4286.00667 4454.21 -2912.82 -2693.98333 -2833.47 -2998.42
          -1808.14967 -1258.75633 402.557 703.737333 -1637.35 -968.942 -863.595 -844.115667 -177.079
          992.879667 -1897.738 -2546.66667 -1883.07133 -1472.26133 -1227.16533 -1708.61533 516.49 -656.543333
          -1898.67133 -1519.60133 -738.102333 466.671 650.365333 1794.095 -1846.18167 -1135.08833 1682.525
          526.225 -1245.33867 -430.196667 -1994.22733 -2207.84067 701.545667 605.153 -770.326333 -886.457667
          -948.410333 -1310.253 -1088.946 -980.737 -1154.43333 -1403.77667 -1665.42333 -849.902 -815.132
          -1029.94367 -898.977333 -974.058667 -947.174 -1221.814 -1308.244 -1458.02 -956.293667 -634.459
          -712.956667 -964.366 -949.083667 -840.310333 -797.578 -861.414667 -983.307667 -1280.59333 -1227.81333
          -404.726543 -986.237877 -1296.07333 -991.691333 -858.93 -1270.57 -1256.95333 -786.511333 -754.353667
          -1202.193 -1014.666 -1111.39633 -1252.39667 -1594.69967 -1338.47867 -980.222 -1182.07667 -1258.91
          -1069.64121 -596.441243 694.368757 802.680123 -1631.99367 -331.047 -546.435333 177.562 1454.46067
          -1593.536 -1171.31467 -1066.01967 -1436.21 1042.84667 158.503333 -411.503333 1357.11 931.088
          1456.99333 1927.59667 -1984.09333 -2020.47667 -688.550333 -443.087333 -347.282667 -486.833333 -1869.21
          -2055.81333 -1367.12333 -1501.76667 -2640.57 -2633.76667 -1162.73 -1480.85967 -1209.451 -1065.33633
          -463.870767 -210.522433 -2.09433333 214.488667 929.949333 559.203 1634.664 -1397.48267 -773.823667
          -430.305667 -472.242333 495.236667 119.320667 383.679667 -362.044333 1549.03733 2021.114 1689.16733
          786.598333 748.699 -1612.82333 -1824.42333 194.228 186.973 -802.402 -659.879667 -760.065667
          -850.977 -628.381333 -640.101 -2044.34333 -1593.26667 -1107.68 -1080.49733 -1286.15667 -1219.53667
          -1049.27967 -803.22 -1078.39067 -1256.03 -1029.441 -1283.11333 -1296.07333 -1090.934 -836.201333
          -1035.43433 -802.748333 -1006.63533 -1037.11633 -861.807 -780.656667 -1473.78667 -1714.72667 -1046.18133
          -1298.783 -1156.22967 -937.408 -1447.27 -1356.939 -2233.22 -2186.13333 -1152.15767 -940.047333
          -1876.18333 -1449.44333 -1885.26667 -1613.68333 -1418.65667 507.173 563.746633 -1285.36333 -727.063367
          -1571.97333 -1928.30333 -1752.13667 -1754.70667 -1959.58667 -1690.92667 -1928.20667 -1788.33667 -1360.12
          -2123.72667 -1924.79333 1771.25667 1180.34967 -734.64 -276.318667 -1322.185 -2022.075 -1946.77833
          -1140.976 -2031.76667 -1532.60367 -1226.32933 -464.585333 -325.034667 -1997.87333 -1514.69633 -1144.99333
          -1118.728 -2068.30667 -1913.00667 -2280.45 -2715.86667 -1855.92667 -1912.90667 -1908.92 -1561.99667
          -2633.76667 -2344.21 -877.208333 -844.75 -1846.74667 -2027.78 -1249.74533 -993.755 -624.052
          -475.466333 -54.2783333 -37.048 -1715.22667 -1942.41333 -2288.75 -2304.99333 -1180.92767 -1383.702
          -591.504667 -793.306333 -436.175767 -582.0331 -405.853433 -322.847767 148.783567 173.2689 -1200.497
          -900.784667 -1263.442 -959.824333 -1172.179 -862.459 -599.910333 -50.284 203.462667 701.17
          1279.87133 -502.564667 -46.8126667 1522.30767 1065.77567 -867.599667 -682.661667 -312.075 -304.82
          -816.077667 -736.367 -1447.06333 -1524.40667 -885.484333 -1125.11767 -1381.17 -1520.18333 -959.186667
          -1041.46967 -1334.96 -1115.14033 -947.911 -847.670667 -1034.19967 -712.023 -846.87 -1076.139
          -1150.49233 -641.542667 -636.859667 -1455.62667 -1456.13667 -1426.76667 -1327.58333 -848.486 -1179.63767
          -164.617333 -781.253333 -613.59 472.776667 -197.283333 -665.542333 1223.074 1082.92 -1610.21667
          -1787.84667 -1963.60333 -1366.37233 -1067.44533 1787.76667 884.388333 213.844 1883.73 1696.83
          1853.88333 1512.87 -1593.62 -1654.78 -1700.18333 -1700.67667 -367.949667 40.5068 481.151133
          1048.86467 304.315667 -669.184333 -257.816367 -381.5775 488.660167 182.827967 983.774333 321.84
          420.531667 -111.333667 1252.17233 1416.479 1366.73233 1528.369 953.849167 856.2745 -573.830667
          -697.165 -950.896667 -1104.614 -1240.004 -1280.79067 -1270.97667 -1268.24333 -176.156667 -415.3538
          -1044.01633 -521.341533 -564.824667 -482.729333 -640.483333 -1006.05633 -1011.60867 -751.474333 -881.543333
          -802.446333 -829.383667 -638.256667 -715.565333 -1096.417 -1206.59367 -129.209333 -79.9738 -77.4231333
          -274.0118 -603.297467 -511.453467 -811.272333 -1129.11067 -1132.967 -955.64 -985.337333 -1025.55033
          -936.395333 -978.096333 -827.112333 -943.728333 -760.611 -1357.98667 -1220.96 -1295.47333 -1273.79333
          -1951.56 -2129.52 -1604.97333 -1858.33667 -474.3942 -738.892333 -1818.78333 -1531.34667 -1927.78333
          -1783.89667 -740.078333 -667.103333 786.151667 961.615 -1112.891 -318.588333 -1290.521 -671.681667
          359.015667 -249.397333 -1544.71867 -1408.492 -677.041333 -709.408 -651.300333 -678.227333 1293.216
          1949.84667 86.4466667 648.811667 -1150.86 -774.034 -1201.74 -1136.81667 -776.021 -752.768333
          -186.621333 -6.6486 -425.218 -426.613 -1065.95 -1168.50333 -503.934667 -843.130667 -16.4542667
          -105.415667 -691.11339 -321.73039 -471.886333 -711.878 -815.831 -1789.30667 -1834.78 -1470.48667
          -1377.74667 -1207.9 -1026.83833 -1395.39 -1472.44333 -1066.64833 -1387.21667 -375.697723 -626.377333
          -65.4593333 -6.31472333 -504.931667 -696.466667 -993.005333 -1207.58867 -446.174 -516.286 -1696.13
          -1397.51333 -583.709333 -303.536667 -372.610667 -124.2216 -240.473 -520.645667 -582.972 -1508.82333
          -1765.57667 -1038.904 -866.184 -389.464667 -134.027267 223.851167 340.209333 -191.656 1315.58233
          1053.701 -157.033667 -503.134 -637.450667 -611.273333 -710.248 -1608.62 -1564.92 -941.679667
          -1176.01067 -1489.584 -1386.98067 -1654.7 -1011.769 -1289.8 -1224.94633 -1429.06867 -1223.38867
          -1145.64933 -1288.61933 -1563.81 481.242 -140.634667 -1338.94333 -1217.30333 2065.04333 1283.54967
          -1322.19133 -932.122 -965.155333 -1405.27733 -1100.16867 -1230.49867 -1570.92 -713.849333 -949.294667
          -1748.381 -1229.56467 -2199.19333 -2229.23667 -1500.355 -1265.36833 -2663.06333 -1900.491 -1849.941
          -2690.61333 -2813.88667 -1395.61667 -1381.92 -1372.74667 -1275.17333 -2028.16667 -1979.93667 -2129.03667
          -2409.44 -2118.86 -2470.86667 -1660.45667 -2066.37333 -1482.02667 -1081.906 -249.985667 -686.264333
          -1205.39933 -310.315333 -218.829033 717.442333 323.039 -1046.215 -1183.26667 -996.657667 -632.413
          -837.879333 -1060.271 259.806333 265.463333 -1155.34667 -1266.65667 -1277.31667 -1473.96667 632.698
          98.0116667 745.684 908.209 -834.912667 -878.771333 -636.468333 -745.745667 -1379.36667 -1469.69667
          -1063.00733 -1705.30233 -981.452667 -1254.76267 -1459.19767 2237.371 1343.87267 368.041667 -271.791667
          783.063767 634.755767 -644.074233 -937.417567 -2319.96 -2279.95667 -2526.42333 -1942.44 -1670.63
          -1727.30333 -1689.39 -2069.69333 -1872.89333 1321.75167 341.841667 -176.193333 1321.26433 1913.16767
          1456.04167 935.353 -1195.75067 -1282.694 -823.722 -751.103 -2910.96 -2757.64333 -1290.18667
          -1264.342 -1339.061 -711.307333 -219.723 -424.178667 -386.719667 -150.191 -1029.743 -1147.50767
          -2267.03 -1720.45867 -1533.78467 -1957.08267 -1074.81667 -1080.47 -1060.329 -1220.88367 -1151.499
          -1266.22033 -1490.35333 -1876.37 -634.538 -916.9 -1492.20333 -1297.71333 -1087.99667 -930.596
          -128.1247 -174.705333 -670.897333 -1080.04767 -259.122667 -280.183333 -617.298 -989.004333 -249.985667
          -397.341333 -60.2266667 45.1446333 270.191667 232.461667 -348.970333 539.608 662.326667 0.941333333
          1723.77467 1457.073 -218.883667 -224.540667 -1187.47 -1146.92 -849.079667 -802.484 -45.5597
          94.8323333 2697.24333 2422.43333 2389.24667 2037.26 1489.10333 1222.12133 -647.636333 -694.176
          -1596.03267 -1674.84267 -1037.01767 -1143.35533 -1216.712 -1102.94767 -1158.077 -1062.721 -788.414333
          -834.34 -942.998667 -985.432333 -756.877333 -2216.01333 -2166.05333 -1044.237 -1336.03333 -539.259
          -568.773 -630.386 -572.952667 -571.127 -952.785667 -1243.105 -1463.838 -727.461333 -770.55
          -1272.06633 -970.171 -1069.206 -1129.265 -2485.84 -2564.65 -725.106 -1066.68233 -2236.57
          -2265.42 -981.459 -1392.731 -1064.861 -1037.11133 -1727.83033 -1458.11033 -1113.68233 -1170.53867
          466.782 538.445667 -1330.86433 -740.384333 -2184.93667 -2228.12 -1693.68 -255.241567 -696.8929
          714.894 1455.55433 -562.173667 -102.952333 -1360.28067 -1223.381 -839.368667 -730.153 -955.226
          -915.939667 -512.877667 -633.581333 -1056.16333 -1084.31 -564.840667 -473.517333 -673.025667 -531.788333
          -1147.56667 -1210.63333 -693.437 -678.087667 -960.728333 -1341.87433 -881.806667 -1185.41667 -1650.909
          -1163.45667 -478.371 -434.581333 -730.020667 -744.43 -698.647 -760.324333 -492.428 -693.331333
          -540.352667 -607.485667 -708.044667 -581.245667 -895.188333 -953.423667 -987.256667 -1000.19833 27.8288
          -579.796533 -377.809333 193.117 -859.430333 -757.857667 -942.904 -893.263333 800.540333 476.178667
          -1433.53333 -1550.88 -1285.86 -1388.20333 -1157.34333 -1533.13333 -434.93 -416.059 568.190667
          162.298333 -645.833 -1357.24267 -1149.94267 -762.413333 2257.58333 1833.943 1957.6568 1200.99647
          -377.236867 -1286.53653 155.802 -531.378 -86.8793333 851.072667 903.465667 2214.52667 2547.54667
          1959.66 1232.61867 -1877.60333 -1714.53667 -1622.73333 -1976.08667 -2022.38333 -1883.51 -918.137667
          -863.577333 -658.046 -967.195667 -873.693333 -668.162 -536.916333 -1145.92667 -1196.42333 -1174.93333
          -1242.35667 -604.336333 -650.792 -493.809667 -442.777667 -1442.861 -1383.43433 712.043467 1017.44947
          -839.0292 -536.809867 -3034.24333 -2004.92767 -1077.50933 -1253.30767 979.4118 -274.8842 -1303.38253
          -1715.04653 1207.71233 301.924667 -379.891 1517.599 1182.73767 1419.845 1062.89833 -1354.53333
          -1202.13667 -1654.08 -1389.802 -107.987 218.186333 -1234.07 -1149.97 -1989.62667 -1039.08567
          -153.284667 -403.426333 426.343 896.460333 -571.079333 -689.507333 -1170.91667 -1400.86667 -1123.47233
          -518.061333 913.888667 367.739667 -932.831 -1169.74233 476.178667 -114.108333 -1635.08333 -2081.53
          -2430.84333 -2443.10333 -2156.99667 -2110.72667 -2093.79 -1835.05 -950.146667 -1248.01333 -1635.51333
          -2023.63667 -1581.83667 -1496.47333 -243.155167 -378.398833 -776.931 -689.364 -581.460667 -700.299333
          -1137.79167 -1484.37 -1490.27667 -1431.26 -94.0356667 -402.321333 -265.326667 114.121 -886.330667
          -702.819 537.027 960.667333 582.335667 -165.185 -77.7535 256.874833 -314.3125 155.5595
          1440.82167 1099.19333 -777.345333 -845.592 -1074.47867 -1112.04533 -1089.58233 -1095.42533 -1093.332
          -981.675667 -638.138333 -862.886333 -1071.28467 -1160.72333 -956.206667 -949.774333 -971.540667 -1014.334
          -1041.61733 -986.254 -1350.62667 -1200.197 -1039.40033 -788.614333 -569.488 -545.692333 -586.585333
          -543.999667 -2781.02667 -2320.42667 -1565.56 -1965.44667 -1285.4 -1594.87 -1790.25333 -1876.57333
          -1546.84667 464.206667 545.490333 -1272.099 -703.363 -2872.69333 -2630.11667 -2681.53 -2670.89
          651.234 1372.785 -1774.03333 -1659.91333 -2234.10667 -2152.84333 -915.534667 -1317.21433 -922.930667
          -770.557333
        </DataArray>
        <DataArray type="Float32" Name="pressureCoeff" format="ascii">
          0.489792333 0.423945667 -0.251140333 -0.251323 -0.261268 -0.256053667 -0.258447667 -0.264393 -0.0282990333
          -0.0147353123 -0.102011979 -0.244537667 -0.243542667 -0.241756 -0.238183333 -0.243072 -0.245984 -0.141772
          -0.162232667 -0.244757333 -0.246106333 -0.251019667 -0.251301 -0.240677333 -0.242970667 -0.162518333 -0.142362
          -0.0729205 -0.0514277 -0.249990667 -0.249454 -0.261768667 -0.257115333 -0.250900333 -0.252854667 -0.150010667
          -0.172771 -0.0426888667 -0.0539540667 -0.116590233 -0.176258 -0.152824667 -0.247442 -0.246528333 -0.214765
          0.170264667 0.0865163543 0.100365021 0.172245667 -0.221843667 -0.223499333 -0.191402667 -0.106792233 -0.114241033
          -0.232092667 -0.228169 -0.195194667 -0.1144065 -0.106779333 -0.206957 -0.240285667 -0.243521333 -0.110782667
          -0.119247667 -0.121307667 -0.112655 0.184181667 0.222605 0.200050333 0.229304 0.357015 0.383728
          0.523357667 0.573895 0.100221833 0.176859033 0.1206696 0.2240198 0.394844667 0.383441 0.1247417
          0.203285033 0.161926 0.251873 0.318360333 0.347026 0.422042333 0.507881 0.1621318 0.249145133
          0.194737 0.257271333 0.320561 0.418821333 0.263928 0.296341667 0.262192 0.285436 -0.156776
          -0.182970333 -0.192486667 -0.171983667 -0.186761667 -0.159886 0.11702958 0.10459258 0.0191482133 -0.0676464533
          -0.0978600867 -0.0732693333 -0.029065979 -0.184342667 -0.200821333 -0.207164 -0.195359667 -0.19604 -0.181592667
          -0.140665333 -0.157466667 -0.158883 -0.141605 -0.194555 -0.161316 -0.1287404 -0.175418333 -0.193489
          -0.0870324 -0.0286381667 -0.0118952 -0.0620105 -0.145367667 -0.182365 -0.0247928 -0.0824714333 -0.0690325
          -0.204496 -0.192176333 -0.200814667 -0.184940333 -0.181328667 -0.193160333 -0.158064333 -0.141462667 -0.141527667
          -0.159354 -0.0901613667 -0.0450198667 -0.0817661667 -0.130467333 -0.167195667 -0.196270667 -0.159954667 -0.192589333
          -0.176405 -0.150189667 -0.0105667867 0.0215617467 0.0655059133 -0.0912737533 -0.0592679533 -0.199261333 -0.202477
          -0.185220333 -0.195837333 -0.199030667 -0.189861667 -0.147151667 -0.162510667 -0.166601 -0.149279667 -0.186038333
          -0.165158333 -0.179398667 -0.146231667 -0.156385 -0.181366333 -0.0349163667 -0.0697683333 -0.0878964 -0.0732429667
          -0.0106068 0.0486097667 0.0659314 0.0504556333 -0.207283 -0.203895667 -0.198248667 -0.186438 -0.191224667
          -0.202288 -0.164463333 -0.149453333 -0.151389667 -0.167964 -0.134818 -0.149665 -0.164127667 -0.137700667
          -0.152787667 -0.136368 -0.193542 -0.229504667 -0.233443333 -0.198312 -0.146733667 -0.1264 -0.135204167
          -0.1235265 -0.124912667 -0.138507 -0.205182333 -0.173846667 -0.180033667 -0.210975333 -0.101152533 -0.0984319667
          -0.101089567 -0.103129867 -0.0988474667 -0.101642533 -0.104864133 -0.113134367 -0.113695533 -0.1053308 0.0271085667
          0.0458897333 0.0663375 0.0671986 -0.125219833 -0.1364455 -0.151729 -0.127883 -0.14601 -0.129650333
          -0.220916667 -0.189887 -0.175088 -0.207703 -0.102111 -0.104440833 -0.0986051 -0.101777667 -0.1034745
          -0.100478633 -0.113507167 -0.105037267 -0.106079967 -0.113744167 0.0192868333 0.0361618667 -0.158712 -0.135551
          -0.142191333 -0.129754333 -0.134454 -0.151491333 -0.197015667 -0.230855 -0.219526 -0.183718 -0.106955667
          -0.104822 -0.103574 -0.0996216 -0.102632 -0.106140333 -0.106104933 -0.116388667 -0.118054333 -0.108585333
          0.117343833 0.0693924667 0.0771649667 0.170264667 -0.106565 -0.109245667 -0.101854467 -0.106363 -0.107260333
          -0.103134333 -0.117936333 -0.1074558 -0.109087667 -0.119303667 -0.338750333 -0.413604333 -0.521784667 -0.505734667
          -0.462906333 -0.449503333 -0.440563667 -0.447039667 -0.012072 0.0387237333 -0.220888933 -0.338750333 0.443158833
          0.492065167 0.493482267 0.4736356 0.783765667 0.863872667 0.896086333 -0.514646667 -0.500518667 0.471913367
          0.5268287 0.921872667 0.915543333 0.830931333 0.899774 -0.219649633 -0.383201967 -0.399605333 -0.380740333
          -0.51823 -0.516071 -0.265845333 -0.245882333 -0.533223 -0.522745 0.724252 0.845632667 0.835355333
          0.796879 0.722801667 0.884473 0.911375 0.911942667 0.944078333 0.927453667 -0.54479 -0.561191
          -0.560313333 -0.549984333 -0.555079333 -0.417109333 -0.397354733 -0.556734 -0.266973333 -0.234843733 -0.513683
          -0.524403333 0.20850124 0.426781533 -0.376862133 -0.19940276 0.901443 0.908383333 0.950873333 0.949346667
          0.927248 0.91059 0.933288333 0.944532667 -0.488879333 -0.509738333 -0.501721 -0.490049333 -0.454984
          -0.414515667 -0.414955 -0.442773667 -0.458951 -0.512938 -0.496997667 -0.489325667 -0.538250667 -0.522926667
          -0.448687333 -0.479875667 -0.252930167 -0.394607167 0.173059 -0.079038 -0.239329833 -0.3372395 -0.291973733
          -0.4288254 0.177615467 -0.1142632 -0.289710133 -0.393571133 -0.3596159 -0.2648649 -0.452726 -0.423649
          -0.32042 -0.1503056 -0.503638667 -0.522575667 -0.518624333 -0.521887667 -0.393925 -0.249192267 -0.4208726
          0.322586667 0.142732733 -0.0860393 0.1484157 0.351773167 0.176673567 -0.0223811 -0.197288167 -0.277263933
          -0.2579854 -0.450821 -0.476462667 -0.423002333 -0.420866 -0.451172 0.670589 0.653443333 0.3557411
          0.104055767 -0.164121233 -0.3194439 0.338340733 0.556376 0.201781767 -0.1185809 -0.610428667 -0.616325333
          -0.3105525 -0.432870167 -0.445350067 -0.317135733 -0.553017333 -0.556040333 -0.583084333 -0.599830667 0.767073
          0.78653 0.669101333 0.544658333 -0.595212333 -0.569546333 -0.374159633 -0.399229967 -0.548984667 -0.521921333
          -0.59173 -0.576028667 -0.506486333 -0.524180667 0.4361007 0.1723247 0.159578933 0.440977267 -0.351020067
          -0.2135304 0.146092 0.126129 0.737862667 0.740203333 -0.562593333 -0.554377 -0.518863 -0.542182333
          -0.558711333 -0.561715667 -0.523701 -0.505593667 0.469627667 0.452577667 0.1659409 0.678058333 0.394211933
          0.158428267 0.126298667 0.823123 0.794862 -0.362927033 -0.19153966 0.412649967 0.21636434 -0.411299333
          -0.409602333 -0.481820667 -0.482541667 -0.441608333 -0.466385667 -0.469272333 -0.445471 0.769388 0.840602333
          0.4983386 0.410347267 0.400383433 0.471685767 0.849749333 0.795224 0.865938 0.804929 0.666019
          0.740398 0.690716 0.643704667 0.857201667 0.890843 -0.582564 -0.538796667 -0.566693333 -0.599684
          -0.36163 -0.251751667 0.080511 0.140747067 -0.3274697 -0.193788367 -0.1727191 -0.1688231 -0.0354158
          0.198575867 -0.379547333 -0.509332667 -0.376614333 -0.294452333 -0.245433067 -0.341723067 0.103297933 -0.131308733
          -0.379734333 -0.303920333 -0.147620567 0.0933341 0.130073067 0.358819 -0.369236667 -0.227018 0.336504667
          0.105244667 -0.249067633 -0.0860393 -0.398845333 -0.441567667 0.140309267 0.121030733 -0.154065 -0.177291333
          -0.189682 -0.262050667 -0.217789333 -0.196147333 -0.230886667 -0.280755667 -0.333084333 -0.169980333 -0.163026333
          -0.205989 -0.179795333 -0.194811667 -0.189434667 -0.244363 -0.261648667 -0.291604333 -0.191258767 -0.126892
          -0.142591333 -0.192873 -0.189816667 -0.168062 -0.159515667 -0.172283 -0.196662 -0.256119333 -0.245563
          -0.08094561 -0.19724791 -0.259215 -0.198338667 -0.171786333 -0.254114667 -0.251391 -0.157301667 -0.150870333
          -0.240439 -0.202933667 -0.222279333 -0.250479 -0.318940333 -0.267696 -0.196044333 -0.236415333 -0.251781667
          -0.213928243 -0.11928825 0.138873417 0.160535723 -0.326398767 -0.0662091 -0.109286667 0.0355128333 0.2908925
          -0.318706833 -0.234262833 -0.213203667 -0.287242 0.208569333 0.0317006667 -0.0823003333 0.271421667 0.1862173
          0.291399 0.385519667 -0.396818333 -0.404095 -0.13771 -0.0886174 -0.0694565333 -0.0973668 -0.373842
          -0.411162667 -0.273424333 -0.300353333 -0.528115 -0.526754 -0.232546 -0.296172 -0.24189 -0.213067333
          -0.0927740333 -0.0421044333 -0.000418866667 0.0428977667 0.185989467 0.1118403 0.3269325 -0.279495833 -0.154764367
          -0.0860610667 -0.0944484 0.0990475333 0.0238642667 0.0767356667 -0.0724086667 0.309807 0.404222333 0.337833333
          0.157319533 0.149739867 -0.322564333 -0.364884 0.0388457 0.0373947333 -0.160480333 -0.131976 -0.152013333
          -0.170195333 -0.125676333 -0.128020333 -0.408868667 -0.318653333 -0.221536 -0.216099333 -0.257231 -0.243907667
          -0.209856333 -0.160644 -0.215678333 -0.251206 -0.205888667 -0.256623333 -0.259215 -0.218187 -0.16724
          -0.207087 -0.160549333 -0.201327333 -0.207423667 -0.172361333 -0.156131333 -0.294757333 -0.342945333 -0.209236333
          -0.259756667 -0.231246 -0.187481667 -0.289454 -0.271388 -0.446643667 -0.437226 -0.230432 -0.188009667
          -0.375237333 -0.289889333 -0.377053 -0.322736667 -0.283731333 0.101434233 0.112748993 -0.257073 -0.145412673
          -0.314395 -0.385661333 -0.350428 -0.350942 -0.391917667 -0.338185667 -0.385641667 -0.357667667 -0.272024333
          -0.424745333 -0.384959333 0.354251333 0.2360699 -0.146928333 -0.0552640333 -0.264437 -0.404415333 -0.389356333
          -0.228195667 -0.406353667 -0.306520667 -0.245265667 -0.0929171333 -0.0650068667 -0.399575333 -0.30294 -0.228999
          -0.223746 -0.413661333 -0.382601667 -0.456090333 -0.543174 -0.371185 -0.382581667 -0.381784667 -0.312399333
          -0.526754 -0.468842667 -0.175441333 -0.168949667 -0.369349667 -0.405556667 -0.249949333 -0.198751333 -0.124810333
          -0.0950931667 -0.0108555 -0.0074094 -0.343045667 -0.388483 -0.457750333 -0.460998667 -0.236185333 -0.276740333
          -0.118300833 -0.158661 -0.0872353 -0.1164067 -0.0811706333 -0.0645695 0.0297568333 0.0346539 -0.240099
          -0.180156533 -0.252688 -0.191964467 -0.234435467 -0.172491667 -0.119981933 -0.0100566 0.0406927667 0.1402341
          0.255974 -0.100513067 -0.0093628 0.304461333 0.213155333 -0.1735198 -0.136532133 -0.0624149333 -0.0609639667
          -0.163215333 -0.147273333 -0.289412 -0.304880667 -0.177096667 -0.225023333 -0.276233667 -0.304036333 -0.191837333
          -0.208294 -0.266992 -0.223028 -0.189582333 -0.169534333 -0.20684 -0.142404667 -0.169374 -0.215227667
          -0.230098333 -0.128308667 -0.127372 -0.291125 -0.291227 -0.285353 -0.265516333 -0.169697667 -0.235928
          -0.0329241333 -0.156251667 -0.122718667 0.094555 -0.0394568667 -0.133108867 0.244614467 0.2165838 -0.322043667
          -0.357569667 -0.392721 -0.273274667 -0.213489333 0.357552667 0.176877333 0.0427686667 0.376745333 0.339365667
          0.370775667 0.302573333 -0.318723333 -0.330955333 -0.340036667 -0.340135333 -0.0735896667 0.0081013 0.0962299667
          0.209772667 0.060863 -0.133836667 -0.0515631967 -0.07631543 0.0977318367 0.03656547 0.196754867 0.0643678667
          0.0841063333 -0.0222667333 0.250434333 0.283295667 0.273346333 0.305673667 0.190769837 0.171254837 -0.114766067
          -0.139433033 -0.190179667 -0.220923333 -0.248000667 -0.256158 -0.254195667 -0.253648667 -0.03523137 -0.0830706667
          -0.208803633 -0.10426867 -0.112964967 -0.096546 -0.128096667 -0.2012113 -0.202321733 -0.150294867 -0.1763088
          -0.160489333 -0.165876667 -0.127651667 -0.143113333 -0.219283667 -0.241319333 -0.0258418367 -0.0159947333 -0.0154846667
          -0.0548024333 -0.120659367 -0.102290733 -0.162254367 -0.225822333 -0.226593667 -0.191128 -0.197067333 -0.20511
          -0.187279 -0.195619667 -0.165423 -0.188745667 -0.152122333 -0.271597333 -0.244192 -0.259094667 -0.254758333
          -0.390313 -0.425904667 -0.320995667 -0.371668 -0.0948791367 -0.147778767 -0.363757 -0.30627 -0.385557
          -0.35678 -0.148016 -0.133421 0.15723 0.1923228 -0.222578533 -0.0637178667 -0.258104533 -0.134336667
          0.0718031333 -0.0498795333 -0.308943667 -0.281698333 -0.1354081 -0.141881433 -0.13026 -0.135645333 0.258642533
          0.389968333 0.017289 0.129762 -0.230171333 -0.154806433 -0.240348 -0.227363333 -0.155204333 -0.150553667
          -0.0373242333 -0.0013297 -0.0850437 -0.0853227333 -0.213189667 -0.2337 -0.100786567 -0.1686258 -0.00329083333
          -0.0210830667 -0.138222545 -0.0643460447 -0.0943772333 -0.142375733 -0.163166333 -0.357861 -0.366955667 -0.294097
          -0.275548667 -0.24158 -0.205367667 -0.279077333 -0.294488333 -0.213329667 -0.277443333 -0.0751394113 -0.1252752
          -0.0130918 -0.00126291133 -0.1009863 -0.1392932 -0.198601 -0.241517333 -0.0892347333 -0.103257133 -0.339226333
          -0.279503 -0.1167419 -0.0607073667 -0.0745221333 -0.0248443333 -0.0480946333 -0.104129167 -0.116594367 -0.301764333
          -0.353115333 -0.2077808 -0.1732368 -0.0778929333 -0.0268054667 0.0447702367 0.0680418667 -0.0383312 0.263116333
          0.21074 -0.0314067333 -0.1006268 -0.127490033 -0.1222547 -0.142049667 -0.321724333 -0.312984 -0.188336
          -0.235202 -0.297916333 -0.277396 -0.33094 -0.202354 -0.257960333 -0.244989333 -0.285813667 -0.244677667
          -0.229130333 -0.257724 -0.312762 0.0962484667 -0.0281268667 -0.267788667 -0.243460667 0.413008667 0.2567096
          -0.264438333 -0.1864248 -0.193031333 -0.281055333 -0.220033667 -0.246099333 -0.314183667 -0.142769667 -0.189858333
          -0.3496762 -0.2459129 -0.439838333 -0.445846667 -0.300070667 -0.253074 -0.532612667 -0.380098667 -0.369988667
          -0.538122 -0.562776667 -0.279124 -0.276384667 -0.27455 -0.255035333 -0.405632667 -0.395987 -0.425807
          -0.481887333 -0.423771667 -0.494173667 -0.332091333 -0.413275333 -0.296405333 -0.216381667 -0.0499973 -0.137252667
          -0.241079667 -0.0620632 -0.0437659367 0.143488533 0.0646078 -0.209242667 -0.236652667 -0.199331333 -0.126482733
          -0.167575533 -0.212053867 0.0519614 0.0530928333 -0.231069 -0.253330667 -0.255462667 -0.294792667 0.1265396
          0.0196026667 0.149136467 0.181641533 -0.1669828 -0.175754667 -0.1272938 -0.149149333 -0.275873 -0.293939
          -0.212601167 -0.341060167 -0.196290533 -0.2509522 -0.2918392 0.447473833 0.2687745 0.0736083 -0.0543583667
          0.156613133 0.1269515 -0.128814833 -0.187483833 -0.463991667 -0.455991 -0.505284 -0.388487667 -0.334126
          -0.345461333 -0.337878667 -0.413937667 -0.374578 0.26435 0.0683683333 -0.0352383333 0.2642525 0.382633167
          0.291208333 0.187070967 -0.239150333 -0.256538333 -0.164744667 -0.150220667 -0.582191 -0.551528 -0.258037667
          -0.252868667 -0.267812 -0.1422616 -0.0439446 -0.0848356667 -0.0773436667 -0.030038 -0.205949 -0.229502
          -0.453405667 -0.344091667 -0.306757 -0.391416333 -0.214963667 -0.216094333 -0.212065667 -0.244176667 -0.230299667
          -0.253244 -0.298070667 -0.375273667 -0.126907667 -0.18338 -0.298440667 -0.259542667 -0.217599333 -0.186119333
          -0.02562507 -0.0349411667 -0.134179567 -0.216009333 -0.0518245333 -0.0560366667 -0.123459733 -0.197801333 -0.0499973
          -0.0794684 -0.0120453333 0.00902893 0.0540385 0.0464924667 -0.069794 0.107921667 0.132465333 0.000188266667
          0.344755 0.291414667 -0.0437768333 -0.0449082667 -0.237494333 -0.229384 -0.1698159 -0.1604969 -0.00911193667
          0.0189664667 0.539448333 0.484487 0.477849333 0.407451667 0.297820333 0.244424 -0.129527333 -0.138835333
          -0.319206333 -0.334968 -0.207403333 -0.228671333 -0.243342667 -0.220589667 -0.231615333 -0.212544333 -0.157683333
          -0.166868 -0.188599667 -0.197086333 -0.151375333 -0.443202333 -0.433210333 -0.208847333 -0.267206667 -0.1078518
          -0.113754667 -0.126077333 -0.114590667 -0.114225667 -0.190557333 -0.248621 -0.292767333 -0.145492333 -0.15411
          -0.254413333 -0.194034333 -0.213841333 -0.225853 -0.497167333 -0.512929 -0.145021 -0.213336 -0.447314
          -0.453083667 -0.196292333 -0.278546667 -0.212972333 -0.207422 -0.345566 -0.291622333 -0.222736 -0.234107333
          0.0933567667 0.107689467 -0.266172867 -0.148076867 -0.436987333 -0.445623667 -0.338735333 -0.0510482 -0.139378833
          0.142979133 0.291110833 -0.112434667 -0.0205903667 -0.272055333 -0.244675667 -0.167873667 -0.146030667 -0.191045333
          -0.183187667 -0.1025757 -0.126716333 -0.211233 -0.216862333 -0.112968 -0.0947033667 -0.134605133 -0.106357833
          -0.229514 -0.242127333 -0.1386874 -0.1356174 -0.192145667 -0.268375 -0.176361333 -0.237083 -0.330181467
          -0.232691333 -0.0956741667 -0.0869161667 -0.146004 -0.148886 -0.139729433 -0.152064833 -0.0984855 -0.138666133
          -0.1080708 -0.121497133 -0.1416088 -0.116249133 -0.179037667 -0.190685 -0.197451333 -0.200039667 0.00556583333
          -0.115959167 -0.075562 0.0386233333 -0.171886333 -0.151571667 -0.188580667 -0.178652667 0.160107733 0.0952357333
          -0.286706333 -0.310175333 -0.257172333 -0.277641333 -0.231468667 -0.306626667 -0.0869863667 -0.0832121333 0.1136381
          0.0324596333 -0.129166667 -0.271449 -0.229989333 -0.152483133 0.451516667 0.366788667 0.39153103 0.24019903
          -0.0754473033 -0.257307637 0.0311606667 -0.106275667 -0.0173759333 0.170214433 0.1806931 0.442905 0.509509
          0.391932333 0.246524 -0.375521333 -0.342907667 -0.324546667 -0.395218 -0.404477333 -0.376702333 -0.183627333
          -0.172715333 -0.1316094 -0.193438667 -0.174738333 -0.1336324 -0.107383133 -0.229185333 -0.239284667 -0.234987
          -0.248472 -0.120867067 -0.1301584 -0.0987618 -0.0885555333 -0.288572333 -0.276687 0.142409033 0.203490167
          -0.167805833 -0.107361967 -0.606849 -0.400985867 -0.2155022 -0.250661667 0.195882363 -0.0549766367 -0.260676637
          -0.34300997 0.241542333 0.060385 -0.075978 0.303519667 0.236547667 0.283969333 0.212579667 -0.270906333
          -0.240427333 -0.330816 -0.27796 -0.0215971667 0.0436373667 -0.246813667 -0.229994333 -0.397925667 -0.207817167
          -0.0306568333 -0.080685 0.0852687 0.179291833 -0.114215833 -0.137901167 -0.234183333 -0.280173333 -0.224694433
          -0.103612267 0.182777567 0.0735480667 -0.186565767 -0.2339481 0.0952357333 -0.0228216 -0.327016333 -0.416305667
          -0.486168667 -0.488620667 -0.431399333 -0.422145667 -0.418757667 -0.36701 -0.190029333 -0.249602333 -0.327102
          -0.404727333 -0.316367333 -0.299294667 -0.048631 -0.0756797667 -0.1553862 -0.1378728 -0.116292433 -0.1400602
          -0.227559 -0.296874667 -0.298055667 -0.286252667 -0.0188071667 -0.0804643 -0.0530653667 0.0228241667 -0.177266167
          -0.140564167 0.107405667 0.192133667 0.116467 -0.0330371333 -0.0155507 0.0513748667 -0.0628625 0.0311118333
          0.288164333 0.219838667 -0.155469 -0.169118333 -0.214896 -0.222408667 -0.217916 -0.219085 -0.218666
          -0.196335 -0.1276274 -0.172577 -0.214256667 -0.232144333 -0.191241333 -0.189955 -0.194308333 -0.202867
          -0.208323667 -0.197251 -0.270125333 -0.240039 -0.20788 -0.157722667 -0.113897733 -0.109138733 -0.117317067
          -0.1087998 -0.556205333 -0.464085333 -0.313111667 -0.393089667 -0.257079667 -0.318973667 -0.358050667 -0.375314667
          -0.309369 0.0928416667 0.1090984 -0.254419467 -0.1406726 -0.574539333 -0.526024 -0.536306667 -0.534178333
          0.130247133 0.274557 -0.354806333 -0.331982333 -0.446821333 -0.430568333 -0.183107 -0.263443 -0.184586
          -0.154111333
        </DataArray>
        <DataArray type="Float32" Name="pressureCoeffAbs" format="ascii">
          0.489792333 0.423945667 0.251140333 0.251323 0.261268 0.256053667 0.258447667 0.264393 0.0282990333
          0.0147353123 0.102011979 0.244537667 0.243542667 0.241756 0.238183333 0.243072 0.245984 0.141772
          0.162232667 0.244757333 0.246106333 0.251019667 0.251301 0.240677333 0.242970667 0.162518333 0.142362
          0.0729205 0.0514277 0.249990667 0.249454 0.261768667 0.257115333 0.250900333 0.252854667 0.150010667
          0.172771 0.0426888667 0.0539540667 0.116590233 0.176258 0.152824667 0.247442 0.246528333 0.214765
          0.170264667 0.0865163543 0.100365021 0.172245667 0.221843667 0.223499333 0.191402667 0.106792233 0.114241033
          0.232092667 0.228169 0.195194667 0.1144065 0.106779333 0.206957 0.240285667 0.243521333 0.110782667
          0.119247667 0.121307667 0.112655 0.184181667 0.222605 0.200050333 0.229304 0.357015 0.383728
          0.523357667 0.573895 0.100221833 0.176859033 0.1206696 0.2240198 0.394844667 0.383441 0.1247417
          0.203285033 0.161926 0.251873 0.318360333 0.347026 0.422042333 0.507881 0.1621318 0.249145133
          0.194737 0.257271333 0.320561 0.418821333 0.263928 0.296341667 0.262192 0.285436 0.156776
          0.182970333 0.192486667 0.171983667 0.186761667 0.159886 0.11702958 0.10459258 0.0191482133 0.0676464533
          0.0978600867 0.0732693333 0.029065979 0.184342667 0.200821333 0.207164 0.195359667 0.19604 0.181592667
          0.140665333 0.157466667 0.158883 0.141605 0.194555 0.161316 0.1287404 0.175418333 0.193489
          0.0870324 0.0286381667 0.0118952 0.0620105 0.145367667 0.182365 0.0247928 0.0824714333 0.0690325
          0.204496 0.192176333 0.200814667 0.184940333 0.181328667 0.193160333 0.158064333 0.141462667 0.141527667
          0.159354 0.0901613667 0.0450198667 0.0817661667 0.130467333 0.167195667 0.196270667 0.159954667 0.192589333
          0.176405 0.150189667 0.0105667867 0.0215617467 0.0655059133 0.0912737533 0.0592679533 0.199261333 0.202477
          0.185220333 0.195837333 0.199030667 0.189861667 0.147151667 0.162510667 0.166601 0.149279667 0.186038333
          0.165158333 0.179398667 0.146231667 0.156385 0.181366333 0.0349163667 0.0697683333 0.0878964 0.0732429667
          0.0106068 0.0486097667 0.0659314 0.0504556333 0.207283 0.203895667 0.198248667 0.186438 0.191224667
          0.202288 0.164463333 0.149453333 0.151389667 0.167964 0.134818 0.149665 0.164127667 0.137700667
          0.152787667 0.136368 0.193542 0.229504667 0.233443333 0.198312 0.146733667 0.1264 0.135204167
          0.1235265 0.124912667 0.138507 0.205182333 0.173846667 0.180033667 0.210975333 0.101152533 0.0984319667
          0.101089567 0.103129867 0.0988474667 0.101642533 0.104864133 0.113134367 0.113695533 0.1053308 0.0271085667
          0.0458897333 0.0663375 0.0671986 0.125219833 0.1364455 0.151729 0.127883 0.14601 0.129650333
          0.220916667 0.189887 0.175088 0.207703 0.102111 0.104440833 0.0986051 0.101777667 0.1034745
          0.100478633 0.113507167 0.105037267 0.106079967 0.113744167 0.0192868333 0.0361618667 0.158712 0.135551
          0.142191333 0.129754333 0.134454 0.151491333 0.197015667 0.230855 0.219526 0.183718 0.106955667
          0.104822 0.103574 0.0996216 0.102632 0.106140333 0.106104933 0.116388667 0.118054333 0.108585333
          0.117343833 0.0693924667 0.0771649667 0.170264667 0.106565 0.109245667 0.101854467 0.106363 0.107260333
          0.103134333 0.117936333 0.1074558 0.109087667 0.119303667 0.338750333 0.413604333 0.521784667 0.505734667
          0.462906333 0.449503333 0.440563667 0.447039667 0.012072 0.0387237333 0.220888933 0.338750333 0.443158833
          0.492065167 0.493482267 0.4736356 0.783765667 0.863872667 0.896086333 0.514646667 0.500518667 0.471913367
          0.5268287 0.921872667 0.915543333 0.830931333 0.899774 0.219649633 0.383201967 0.399605333 0.380740333
          0.51823 0.516071 0.265845333 0.245882333 0.533223 0.522745 0.724252 0.845632667 0.835355333
          0.796879 0.722801667 0.884473 0.911375 0.911942667 0.944078333 0.927453667 0.54479 0.561191
          0.560313333 0.549984333 0.555079333 0.417109333 0.397354733 0.556734 0.266973333 0.234843733 0.513683
          0.524403333 0.20850124 0.426781533 0.376862133 0.19940276 0.901443 0.908383333 0.950873333 0.949346667
          0.927248 0.91059 0.933288333 0.944532667 0.488879333 0.509738333 0.501721 0.490049333 0.454984
          0.414515667 0.414955 0.442773667 0.458951 0.512938 0.496997667 0.489325667 0.538250667 0.522926667
          0.448687333 0.479875667 0.252930167 0.394607167 0.173059 0.079038 0.239329833 0.3372395 0.291973733
          0.4288254 0.177615467 0.1142632 0.289710133 0.393571133 0.3596159 0.2648649 0.452726 0.423649
          0.32042 0.1503056 0.503638667 0.522575667 0.518624333 0.521887667 0.393925 0.249192267 0.4208726
          0.322586667 0.142732733 0.0860393 0.1484157 0.351773167 0.176673567 0.0223811 0.197288167 0.277263933
          0.2579854 0.450821 0.476462667 0.423002333 0.420866 0.451172 0.670589 0.653443333 0.3557411
          0.104055767 0.164121233 0.3194439 0.338340733 0.556376 0.201781767 0.1185809 0.610428667 0.616325333
          0.3105525 0.432870167 0.445350067 0.317135733 0.553017333 0.556040333 0.583084333 0.599830667 0.767073
          0.78653 0.669101333 0.544658333 0.595212333 0.569546333 0.374159633 0.399229967 0.548984667 0.521921333
          0.59173 0.576028667 0.506486333 0.524180667 0.4361007 0.1723247 0.159578933 0.440977267 0.351020067
          0.2135304 0.146092 0.126129 0.737862667 0.740203333 0.562593333 0.554377 0.518863 0.542182333
          0.558711333 0.561715667 0.523701 0.505593667 0.469627667 0.452577667 0.1659409 0.678058333 0.394211933
          0.158428267 0.126298667 0.823123 0.794862 0.362927033 0.19153966 0.412649967 0.21636434 0.411299333
          0.409602333 0.481820667 0.482541667 0.441608333 0.466385667 0.469272333 0.445471 0.769388 0.840602333
          0.4983386 0.410347267 0.400383433 0.471685767 0.849749333 0.795224 0.865938 0.804929 0.666019
          0.740398 0.690716 0.643704667 0.857201667 0.890843 0.582564 0.538796667 0.566693333 0.599684
          0.36163 0.251751667 0.080511 0.140747067 0.3274697 0.193788367 0.1727191 0.1688231 0.0354158
          0.198575867 0.379547333 0.509332667 0.376614333 0.294452333 0.245433067 0.341723067 0.103297933 0.131308733
          0.379734333 0.303920333 0.147620567 0.0933341 0.130073067 0.358819 0.369236667 0.227018 0.336504667
          0.105244667 0.249067633 0.0860393 0.398845333 0.441567667 0.140309267 0.121030733 0.154065 0.177291333
          0.189682 0.262050667 0.217789333 0.196147333 0.230886667 0.280755667 0.333084333 0.169980333 0.163026333
          0.205989 0.179795333 0.194811667 0.189434667 0.244363 0.261648667 0.291604333 0.191258767 0.126892
          0.142591333 0.192873 0.189816667 0.168062 0.159515667 0.172283 0.196662 0.256119333 0.245563
          0.08094561 0.19724791 0.259215 0.198338667 0.171786333 0.254114667 0.251391 0.157301667 0.150870333
          0.240439 0.202933667 0.222279333 0.250479 0.318940333 0.267696 0.196044333 0.236415333 0.251781667
          0.213928243 0.11928825 0.138873417 0.160535723 0.326398767 0.0662091 0.109286667 0.0355128333 0.2908925
          0.318706833 0.234262833 0.213203667 0.287242 0.208569333 0.0317006667 0.0823003333 0.271421667 0.1862173
          0.291399 0.385519667 0.396818333 0.404095 0.13771 0.0886174 0.0694565333 0.0973668 0.373842
          0.411162667 0.273424333 0.300353333 0.528115 0.526754 0.232546 0.296172 0.24189 0.213067333
          0.0927740333 0.0421044333 0.000418866667 0.0428977667 0.185989467 0.1118403 0.3269325 0.279495833 0.154764367
          0.0860610667 0.0944484 0.0990475333 0.0238642667 0.0767356667 0.0724086667 0.309807 0.404222333 0.337833333
          0.157319533 0.149739867 0.322564333 0.364884 0.0388457 0.0373947333 0.160480333 0.131976 0.152013333
          0.170195333 0.125676333 0.128020333 0.408868667 0.318653333 0.221536 0.216099333 0.257231 0.243907667
          0.209856333 0.160644 0.215678333 0.251206 0.205888667 0.256623333 0.259215 0.218187 0.16724
          0.207087 0.160549333 0.201327333 0.207423667 0.172361333 0.156131333 0.294757333 0.342945333 0.209236333
          0.259756667 0.231246 0.187481667 0.289454 0.271388 0.446643667 0.437226 0.230432 0.188009667
          0.375237333 0.289889333 0.377053 0.322736667 0.283731333 0.101434233 0.112748993 0.257073 0.145412673
          0.314395 0.385661333 0.350428 0.350942 0.391917667 0.338185667 0.385641667 0.357667667 0.272024333
          0.424745333 0.384959333 0.354251333 0.2360699 0.146928333 0.0552640333 0.264437 0.404415333 0.389356333
          0.228195667 0.406353667 0.306520667 0.245265667 0.0929171333 0.0650068667 0.399575333 0.30294 0.228999
          0.223746 0.413661333 0.382601667 0.456090333 0.543174 0.371185 0.382581667 0.381784667 0.312399333
          0.526754 0.468842667 0.175441333 0.168949667 0.369349667 0.405556667 0.249949333 0.198751333 0.124810333
          0.0950931667 0.0108555 0.0074094 0.343045667 0.388483 0.457750333 0.460998667 0.236185333 0.276740333
          0.118300833 0.158661 0.0872353 0.1164067 0.0811706333 0.0645695 0.0297568333 0.0346539 0.240099
          0.180156533 0.252688 0.191964467 0.234435467 0.172491667 0.119981933 0.0100566 0.0406927667 0.1402341
          0.255974 0.100513067 0.0093628 0.304461333 0.213155333 0.1735198 0.136532133 0.0624149333 0.0609639667
          0.163215333 0.147273333 0.289412 0.304880667 0.177096667 0.225023333 0.276233667 0.304036333 0.191837333
          0.208294 0.266992 0.223028 0.189582333 0.169534333 0.20684 0.142404667 0.169374 0.215227667
          0.230098333 0.128308667 0.127372 0.291125 0.291227 0.285353 0.265516333 0.169697667 0.235928
          0.0329241333 0.156251667 0.122718667 0.094555 0.0394568667 0.133108867 0.244614467 0.2165838 0.322043667
          0.357569667 0.392721 0.273274667 0.213489333 0.357552667 0.176877333 0.0427686667 0.376745333 0.339365667
          0.370775667 0.302573333 0.318723333 0.330955333 0.340036667 0.340135333 0.0735896667 0.0081013 0.0962299667
          0.209772667 0.060863 0.133836667 0.0515631967 0.07631543 0.0977318367 0.03656547 0.196754867 0.0643678667
          0.0841063333 0.0222667333 0.250434333 0.283295667 0.273346333 0.305673667 0.190769837 0.171254837 0.114766067
          0.139433033 0.190179667 0.220923333 0.248000667 0.256158 0.254195667 0.253648667 0.03523137 0.0830706667
          0.208803633 0.10426867 0.112964967 0.096546 0.128096667 0.2012113 0.202321733 0.150294867 0.1763088
          0.160489333 0.165876667 0.127651667 0.143113333 0.219283667 0.241319333 0.0258418367 0.0159947333 0.0154846667
          0.0548024333 0.120659367 0.102290733 0.162254367 0.225822333 0.226593667 0.191128 0.197067333 0.20511
          0.187279 0.195619667 0.165423 0.188745667 0.152122333 0.271597333 0.244192 0.259094667 0.254758333
          0.390313 0.425904667 0.320995667 0.371668 0.0948791367 0.147778767 0.363757 0.30627 0.385557
          0.35678 0.148016 0.133421 0.15723 0.1923228 0.222578533 0.0637178667 0.258104533 0.134336667
          0.0718031333 0.0498795333 0.308943667 0.281698333 0.1354081 0.141881433 0.13026 0.135645333 0.258642533
          0.389968333 0.017289 0.129762 0.230171333 0.154806433 0.240348 0.227363333 0.155204333 0.150553667
          0.0373242333 0.0013297 0.0850437 0.0853227333 0.213189667 0.2337 0.100786567 0.1686258 0.00329083333
          0.0210830667 0.138222545 0.0643460447 0.0943772333 0.142375733 0.163166333 0.357861 0.366955667 0.294097
          0.275548667 0.24158 0.205367667 0.279077333 0.294488333 0.213329667 0.277443333 0.0751394113 0.1252752
          0.0130918 0.00126291133 0.1009863 0.1392932 0.198601 0.241517333 0.0892347333 0.103257133 0.339226333
          0.279503 0.1167419 0.0607073667 0.0745221333 0.0248443333 0.0480946333 0.104129167 0.116594367 0.301764333
          0.353115333 0.2077808 0.1732368 0.0778929333 0.0268054667 0.0447702367 0.0680418667 0.0383312 0.263116333
          0.21074 0.0314067333 0.1006268 0.127490033 0.1222547 0.142049667 0.321724333 0.312984 0.188336
          0.235202 0.297916333 0.277396 0.33094 0.202354 0.257960333 0.244989333 0.285813667 0.244677667
          0.229130333 0.257724 0.312762 0.0962484667 0.0281268667 0.267788667 0.243460667 0.413008667 0.2567096
          0.264438333 0.1864248 0.193031333 0.281055333 0.220033667 0.246099333 0.314183667 0.142769667 0.189858333
          0.3496762 0.2459129 0.439838333 0.445846667 0.300070667 0.253074 0.532612667 0.380098667 0.369988667
          0.538122 0.562776667 0.279124 0.276384667 0.27455 0.255035333 0.405632667 0.395987 0.425807
          0.481887333 0.423771667 0.494173667 0.332091333 0.413275333 0.296405333 0.216381667 0.0499973 0.137252667
          0.241079667 0.0620632 0.0437659367 0.143488533 0.0646078 0.209242667 0.236652667 0.199331333 0.126482733
          0.167575533 0.212053867 0.0519614 0.0530928333 0.231069 0.253330667 0.255462667 0.294792667 0.1265396
          0.0196026667 0.149136467 0.181641533 0.1669828 0.175754667 0.1272938 0.149149333 0.275873 0.293939
          0.212601167 0.341060167 0.196290533 0.2509522 0.2918392 0.447473833 0.2687745 0.0736083 0.0543583667
          0.156613133 0.1269515 0.128814833 0.187483833 0.463991667 0.455991 0.505284 0.388487667 0.334126
          0.345461333 0.337878667 0.413937667 0.374578 0.26435 0.0683683333 0.0352383333 0.2642525 0.382633167
          0.291208333 0.187070967 0.239150333 0.256538333 0.164744667 0.150220667 0.582191 0.551528 0.258037667
          0.252868667 0.267812 0.1422616 0.0439446 0.0848356667 0.0773436667 0.030038 0.205949 0.229502
          0.453405667 0.344091667 0.306757 0.391416333 0.214963667 0.216094333 0.212065667 0.244176667 0.230299667
          0.253244 0.298070667 0.375273667 0.126907667 0.18338 0.298440667 0.259542667 0.217599333 0.186119333
          0.02562507 0.0349411667 0.134179567 0.216009333 0.0518245333 0.0560366667 0.123459733 0.197801333 0.0499973
          0.0794684 0.0120453333 0.00902893 0.0540385 0.0464924667 0.069794 0.107921667 0.132465333 0.000188266667
          0.344755 0.291414667 0.0437768333 0.0449082667 0.237494333 0.229384 0.1698159 0.1604969 0.00911193667
          0.0189664667 0.539448333 0.484487 0.477849333 0.407451667 0.297820333 0.244424 0.129527333 0.138835333
          0.319206333 0.334968 0.207403333 0.228671333 0.243342667 0.220589667 0.231615333 0.212544333 0.157683333
          0.166868 0.188599667 0.197086333 0.151375333 0.443202333 0.433210333 0.208847333 0.267206667 0.1078518
          0.113754667 0.126077333 0.114590667 0.114225667 0.190557333 0.248621 0.292767333 0.145492333 0.15411
          0.254413333 0.194034333 0.213841333 0.225853 0.497167333 0.512929 0.145021 0.213336 0.447314
          0.453083667 0.196292333 0.278546667 0.212972333 0.207422 0.345566 0.291622333 0.222736 0.234107333
          0.0933567667 0.107689467 0.266172867 0.148076867 0.436987333 0.445623667 0.338735333 0.0510482 0.139378833
          0.142979133 0.291110833 0.112434667 0.0205903667 0.272055333 0.244675667 0.167873667 0.146030667 0.191045333
          0.183187667 0.1025757 0.126716333 0.211233 0.216862333 0.112968 0.0947033667 0.134605133 0.106357833
          0.229514 0.242127333 0.1386874 0.1356174 0.192145667 0.268375 0.176361333 0.237083 0.330181467
          0.232691333 0.0956741667 0.0869161667 0.146004 0.148886 0.139729433 0.152064833 0.0984855 0.138666133
          0.1080708 0.121497133 0.1416088 0.116249133 0.179037667 0.190685 0.197451333 0.200039667 0.00556583333
          0.115959167 0.075562 0.0386233333 0.171886333 0.151571667 0.188580667 0.178652667 0.160107733 0.0952357333
          0.286706333 0.310175333 0.257172333 0.277641333 0.231468667 0.306626667 0.0869863667 0.0832121333 0.1136381
          0.0324596333 0.129166667 0.271449 0.229989333 0.152483133 0.451516667 0.366788667 0.39153103 0.24019903
          0.0754473033 0.257307637 0.0311606667 0.106275667 0.0173759333 0.170214433 0.1806931 0.442905 0.509509
          0.391932333 0.246524 0.375521333 0.342907667 0.324546667 0.395218 0.404477333 0.376702333 0.183627333
          0.172715333 0.1316094 0.193438667 0.174738333 0.1336324 0.107383133 0.229185333 0.239284667 0.234987
          0.248472 0.120867067 0.1301584 0.0987618 0.0885555333 0.288572333 0.276687 0.142409033 0.203490167
          0.167805833 0.107361967 0.606849 0.400985867 0.2155022 0.250661667 0.195882363 0.0549766367 0.260676637
          0.34300997 0.241542333 0.060385 0.075978 0.303519667 0.236547667 0.283969333 0.212579667 0.270906333
          0.240427333 0.330816 0.27796 0.0215971667 0.0436373667 0.246813667 0.229994333 0.397925667 0.207817167
          0.0306568333 0.080685 0.0852687 0.179291833 0.114215833 0.137901167 0.234183333 0.280173333 0.224694433
          0.103612267 0.182777567 0.0735480667 0.186565767 0.2339481 0.0952357333 0.0228216 0.327016333 0.416305667
          0.486168667 0.488620667 0.431399333 0.422145667 0.418757667 0.36701 0.190029333 0.249602333 0.327102
          0.404727333 0.316367333 0.299294667 0.048631 0.0756797667 0.1553862 0.1378728 0.116292433 0.1400602
          0.227559 0.296874667 0.298055667 0.286252667 0.0188071667 0.0804643 0.0530653667 0.0228241667 0.177266167
          0.140564167 0.107405667 0.192133667 0.116467 0.0330371333 0.0155507 0.0513748667 0.0628625 0.0311118333
          0.288164333 0.219838667 0.155469 0.169118333 0.214896 0.222408667 0.217916 0.219085 0.218666
          0.196335 0.1276274 0.172577 0.214256667 0.232144333 0.191241333 0.189955 0.194308333 0.202867
          0.208323667 0.197251 0.270125333 0.240039 0.20788 0.157722667 0.113897733 0.109138733 0.117317067
          0.1087998 0.556205333 0.464085333 0.313111667 0.393089667 0.257079667 0.318973667 0.358050667 0.375314667
          0.309369 0.0928416667 0.1090984 0.254419467 0.1406726 0.574539333 0.526024 0.536306667 0.534178333
          0.130247133 0.274557 0.354806333 0.331982333 0.446821333 0.430568333 0.183107 0.263443 0.184586
          0.154111333
        </DataArray>
        <DataArray type="Float32" Name="pressurePa" format="ascii">
          2999.98 2596.67 -1538.23 -1539.35 -1600.26333 -1568.32667 -1582.99 -1619.40667 -173.331
          -90.25329 -624.822957 -1497.79 -1491.69667 -1480.75667 -1458.87333 -1488.81333 -1506.65 -868.353
          -993.675333 -1499.14 -1507.4 -1537.49667 -1539.22 -1474.15333 -1488.2 -995.427333 -871.967333
          -446.637167 -314.9935 -1531.19333 -1527.90667 -1603.33667 -1574.83333 -1536.76667 -1548.73667 -918.816
          -1058.22467 -261.469667 -330.469333 -714.115 -1079.57933 -936.05 -1515.58 -1509.98 -1315.43
          1042.871 529.91271 614.73571 1055.004 -1358.79 -1368.93 -1172.34 -654.103333 -699.727
          -1421.57 -1397.54 -1195.57333 -700.738333 -654.022667 -1267.61333 -1471.75333 -1491.57333 -678.543333
          -730.390667 -743.007333 -690.010667 1128.111 1363.45433 1225.30667 1404.48667 2186.72 2350.33667
          3205.56667 3515.10667 613.860333 1083.26367 739.103 1372.123 2418.42333 2348.57667 764.041667
          1245.12033 991.795667 1542.721 1949.95667 2125.53667 2585.01 3110.77 993.055333 1526.013
          1192.76233 1575.78667 1963.44 2565.28333 1616.56 1815.09333 1605.92667 1748.29667 -960.250333
          -1120.69233 -1178.98233 -1053.40133 -1143.91567 -979.302 716.805633 640.628633 117.282633 -414.3337
          -599.392367 -448.774333 -178.029623 -1129.09667 -1230.02667 -1268.88 -1196.57667 -1200.74667 -1112.25667
          -861.574667 -964.483667 -973.159 -867.331 -1191.647 -988.058667 -788.535 -1074.43633 -1185.11933
          -533.073133 -175.408467 -72.8576667 -379.813667 -890.376667 -1116.986 -151.8553 -505.137667 -422.824667
          -1252.54 -1177.08333 -1229.99 -1132.76 -1110.63667 -1183.10667 -968.147 -866.460333 -866.857
          -976.043 -552.2383 -275.747133 -500.8185 -799.112 -1024.07267 -1202.15867 -979.720333 -1179.60867
          -1080.47733 -919.908667 -64.7215333 132.065467 401.223633 -559.0507 -363.015033 -1220.48 -1240.17667
          -1134.47667 -1199.50667 -1219.06667 -1162.90333 -901.303667 -995.379 -1020.431 -914.339 -1139.48767
          -1011.59667 -1098.81767 -895.668333 -957.858667 -1110.87233 -213.863333 -427.331 -538.3648 -448.612467
          -64.9668 297.733867 403.828867 309.040533 -1269.61 -1248.86 -1214.27333 -1141.93 -1171.25
          -1239.01333 -1007.33633 -915.400333 -927.260333 -1028.77767 -825.759333 -916.697333 -1005.279 -843.415333
          -935.822 -835.252667 -1185.44433 -1405.71333 -1429.84 -1214.65833 -898.741667 -774.199 -828.124667
          -756.598 -765.089 -848.354333 -1256.74333 -1064.81167 -1102.706 -1292.22333 -619.558667 -602.896
          -619.173 -631.669667 -605.44 -622.559667 -642.293333 -692.948667 -696.385 -645.150667 166.040033
          281.074667 406.317333 411.591333 -766.974667 -835.731333 -929.345333 -783.287 -894.314 -794.111667
          -1353.11667 -1163.061 -1072.41833 -1272.18667 -625.430667 -639.701333 -603.956333 -623.389 -633.782667
          -615.432333 -695.231333 -643.353667 -649.739 -696.681333 118.131867 221.491167 -972.112667 -830.252333
          -870.921 -794.744333 -823.533333 -927.885333 -1206.72167 -1413.99 -1344.59667 -1125.27267 -655.103667
          -642.035 -634.389 -610.180667 -628.622 -650.110667 -649.891333 -712.878333 -723.083 -665.086
          718.730333 425.029333 472.635667 1042.871 -652.710333 -669.129333 -623.858667 -651.473333 -656.97
          -631.698667 -722.357667 -658.165333 -668.162667 -730.734333 -2074.84333 -2533.32333 -3195.93 -3097.62667
          -2835.3 -2753.20667 -2698.45 -2738.11333 -73.939 237.185 -1352.94167 -2074.84333 2714.347
          3013.897 3022.578 2901.018 4800.56333 5291.22 5488.52667 -3152.21 -3065.67667 2890.46733
          3226.824 5646.47 5607.7 5089.45333 5511.11667 -1345.35367 -2347.11267 -2447.58067 -2332.034
          -3174.15667 -3160.93333 -1628.30133 -1506.02833 -3265.99 -3201.81 4436.04333 5179.5 5116.55333
          4880.88667 4427.16 5417.4 5582.17333 5585.65 5782.48 5680.65333 -3336.84 -3437.29667
          -3431.92333 -3368.65667 -3399.86333 -2554.79467 -2433.798 -3409.99667 -1635.21067 -1438.41733 -3146.31
          -3211.97333 1277.07003 2614.036 -2308.28067 -1221.3433 5521.33667 5563.84667 5824.1 5814.75
          5679.39667 5577.36333 5716.39 5785.26333 -2994.38667 -3122.14667 -3073.04 -3001.55333 -2786.77667
          -2538.90667 -2541.6 -2711.99 -2811.07333 -3141.74333 -3044.11 -2997.12 -3296.78667 -3202.92667
          -2748.21 -2939.24 -1549.19633 -2416.96633 1059.98602 -484.10731 -1465.89431 -2065.59098 -1788.33867
          -2626.55533 1087.894 -699.862667 -1774.474 -2410.62067 -2202.64867 -1622.29867 -2772.94333 -2594.85
          -1962.57 -920.618333 -3084.78667 -3200.77667 -3176.57333 -3196.56333 -2412.79133 -1526.30367 -2577.84567
          1975.844 874.239333 -526.991 909.044667 2154.61236 1082.12769 -137.084977 -1208.39031 -1698.24233
          -1580.16133 -2761.28 -2918.33333 -2590.89 -2577.80333 -2763.43 4107.35667 4002.34 2178.91467
          637.342333 -1005.241 -1956.592 2072.33833 3407.80333 1235.91167 -726.308333 -3738.87667 -3774.99667
          -1902.13633 -2651.32967 -2727.772 -1942.45867 -3387.23 -3405.74667 -3571.39333 -3673.96333 4698.32
          4817.49333 4098.24333 3336.03333 -3645.68 -3488.47333 -2291.72933 -2445.286 -3362.53 -3196.76667
          -3624.35 -3528.17667 -3102.22667 -3210.60667 2671.11733 1055.48967 977.4223 2700.9863 -2149.99703
          -1307.87437 894.815 772.542 4519.41 4533.74667 -3445.88333 -3395.56 -3178.03333 -3320.86333
          -3422.10667 -3440.51 -3207.67 -3096.76 2876.46867 2772.03867 1016.38833 4153.10667 2414.54533
          970.372667 773.579333 5041.62667 4868.53 -2222.92933 -1173.18197 2527.48067 1325.23137 -2519.20667
          -2508.81333 -2951.15 -2955.56667 -2704.85 -2856.61 -2874.29333 -2728.51 4712.5 5148.68667
          3052.32297 2513.3763 2452.348 2889.07467 5204.71333 4870.74667 5303.86667 4930.18667 4079.36333
          4534.93667 4230.63333 3942.69 5250.36 5456.41 -3568.20333 -3300.13 -3470.99667 -3673.06667
          -2214.98333 -1541.97767 493.132333 862.078333 -2005.75267 -1186.95533 -1057.905 -1034.043 -216.922333
          1216.277 -2324.728 -3119.66333 -2306.763 -1803.523 -1503.28037 -2093.0537 632.699967 -804.2667
          -2325.873 -1861.513 -904.175 571.671667 796.696333 2197.76533 -2261.57467 -1390.48567 2061.092
          644.624333 -1525.542 -526.991 -2442.92933 -2704.606 859.392 741.311 -943.651 -1085.91367
          -1161.80667 -1605.06333 -1333.96333 -1201.40333 -1414.18 -1719.63 -2040.14333 -1041.13267 -998.539333
          -1261.68333 -1101.24733 -1193.22267 -1160.28933 -1496.72333 -1602.59667 -1786.076 -1171.459 -777.212333
          -873.373333 -1181.34767 -1162.627 -1029.38033 -977.033 -1055.23267 -1204.55267 -1568.73 -1504.07333
          -495.7923 -1208.14397 -1587.69333 -1214.82467 -1052.191 -1556.45333 -1539.77 -963.474333 -924.081333
          -1472.69 -1242.97 -1361.46333 -1534.18667 -1953.51 -1639.64 -1200.77333 -1448.04333 -1542.16333
          -1310.31063 -730.6406 850.5994 983.281033 -1999.193 -405.533 -669.383333 217.515 1781.715
          -1952.08167 -1434.86167 -1305.87267 -1759.35667 1277.48567 194.165667 -504.09 1662.45567 1140.58067
          1784.81667 2361.30667 -2430.51333 -2475.08333 -843.475 -542.782 -425.421333 -596.371 -2289.78333
          -2518.37333 -1674.72667 -1839.66667 -3234.70333 -3226.36667 -1424.344 -1814.05333 -1481.57333 -1305.03667
          -568.242967 -257.889967 -2.565 262.749333 1139.18767 685.022667 2002.46167 -1711.915 -947.934
          -527.124333 -578.496667 606.666333 146.169 470.01 -443.5 1897.57 2475.86333 2069.23
          963.583333 917.156333 -1975.70667 -2234.91667 237.929667 229.042667 -982.943667 -808.353 -931.080667
          -1042.448 -769.767333 -784.123667 -2504.32 -1951.75 -1356.91 -1323.61033 -1575.54333 -1493.93667
          -1285.37 -983.944333 -1321.032 -1538.63667 -1261.066 -1571.82 -1587.69333 -1336.39867 -1024.34767
          -1268.406 -983.365 -1233.12967 -1270.47 -1055.71467 -956.304333 -1805.39 -2100.54333 -1281.573
          -1591.01 -1416.38333 -1148.32633 -1772.90667 -1662.25333 -2735.69333 -2678.01 -1411.396 -1151.55867
          -2298.33 -1775.57333 -2309.45 -1976.76333 -1737.85667 621.284333 690.587367 -1574.57267 -890.652633
          -1925.67 -2362.17667 -2146.37333 -2149.52 -2400.49667 -2071.38667 -2362.05667 -2190.71333 -1666.14667
          -2601.56667 -2357.87667 2169.78667 1445.927 -899.937667 -338.492667 -1619.67567 -2477.04233 -2384.80567
          -1397.69567 -2488.91333 -1877.43733 -1502.252 -569.117 -398.167333 -2447.39667 -1855.50467 -1402.61633
          -1370.44167 -2533.67667 -2343.43667 -2793.55333 -3326.94 -2273.50667 -2343.31 -2338.43 -1913.44667
          -3226.36667 -2871.66 -1074.58133 -1034.81867 -2262.26667 -2484.03333 -1530.94033 -1217.35167 -764.463333
          -582.446333 -66.4906667 -45.3833333 -2101.15333 -2379.45667 -2803.72 -2823.61667 -1446.635 -1695.03367
          -724.594667 -971.801667 -534.313633 -712.9903 -497.1703 -395.4883 182.260367 212.2547 -1470.60933
          -1103.46167 -1547.71667 -1175.78467 -1435.918 -1056.51267 -734.890333 -61.597 249.242667 858.935333
          1567.84333 -615.64 -57.3433333 1864.82667 1305.57633 -1062.808 -836.261333 -382.292667 -373.405667
          -999.695333 -902.049 -1772.65 -1867.39667 -1084.72 -1378.27 -1691.93 -1862.22333 -1175.003
          -1275.79967 -1635.32333 -1366.04667 -1161.18767 -1038.394 -1266.893 -872.227667 -1037.41433 -1318.26667
          -1409.35 -785.89 -780.153 -1783.14 -1783.76333 -1747.78667 -1626.28667 -1039.39567 -1445.05667
          -201.659667 -957.04 -751.65 579.15 -241.674333 -815.291667 1498.26267 1326.57567 -1972.51667
          -2190.11333 -2405.41667 -1673.81 -1307.62433 2190.00667 1083.371 261.957667 2307.56333 2078.61333
          2271 1853.26 -1952.18 -2027.10333 -2082.72333 -2083.32667 -450.738 49.621 589.410667
          1284.85833 372.786667 -819.75 -315.825 -467.432667 598.609 223.964667 1205.123 394.253
          515.152333 -136.383667 1533.91333 1735.18667 1674.24667 1872.25 1168.46733 1048.93733 -702.943667
          -854.028 -1164.85167 -1353.15667 -1519.00667 -1568.97 -1556.95 -1553.6 -215.791933 -508.808333
          -1278.92133 -638.644267 -691.910333 -591.343667 -784.590667 -1232.418 -1239.21933 -920.556333 -1079.89033
          -982.997333 -1015.99633 -781.864333 -876.567667 -1343.11333 -1478.08 -158.281267 -97.9676667 -94.8433333
          -335.664667 -739.040333 -626.531667 -993.810667 -1383.16333 -1387.88667 -1170.661 -1207.04 -1256.3
          -1147.08333 -1198.17 -1013.215 -1156.06767 -931.748 -1663.53 -1495.67333 -1586.95667 -1560.39667
          -2390.66667 -2608.66667 -1966.09667 -2276.46667 -581.1336 -905.143667 -2228.01333 -1875.90333 -2361.53667
          -2185.27667 -906.596667 -817.202667 963.034333 1177.977 -1363.29267 -390.273 -1580.88933 -822.812333
          439.792333 -305.512 -1892.28 -1725.40333 -829.377 -869.027333 -797.844667 -830.83 1584.187
          2388.55667 105.894 794.789667 -1409.8 -948.189333 -1472.13 -1392.6 -950.626667 -922.142333
          -228.611 -8.14466667 -520.892333 -522.601 -1305.78667 -1431.41333 -617.317667 -1032.83167 -20.1563333
          -129.134 -846.613837 -394.12017 -578.061 -872.051 -999.393333 -2191.89667 -2247.60333 -1801.34333
          -1687.73667 -1479.67667 -1257.877 -1709.35 -1803.74 -1306.64367 -1699.34 -460.22917 -767.311667
          -80.1876667 -7.73550333 -618.541333 -853.171667 -1216.434 -1479.298 -546.563333 -632.450667 -2077.76333
          -1711.95667 -715.042333 -371.832333 -456.448 -152.171667 -294.579667 -637.789667 -714.139333 -1848.31
          -2162.83333 -1272.65833 -1061.07767 -477.094333 -164.183333 274.218667 416.757333 -234.778667 1611.58833
          1290.785 -192.366333 -616.340333 -780.878333 -748.81 -870.053667 -1970.56 -1917.02667 -1153.55967
          -1440.61333 -1824.73667 -1699.05 -2027.00667 -1239.41967 -1580.00667 -1500.55733 -1750.60667 -1498.65
          -1403.42133 -1578.558 -1915.66667 589.52 -172.276667 -1640.20667 -1491.19667 2529.68 1572.34833
          -1619.68333 -1141.85033 -1182.31667 -1721.46367 -1347.70667 -1507.36 -1924.37667 -874.466667 -1162.88367
          -2141.76733 -1506.21733 -2694.01 -2730.81333 -1837.93333 -1550.07667 -3262.25 -2328.10067 -2266.17733
          -3296 -3447.01 -1709.63333 -1692.85333 -1681.61667 -1562.09 -2484.5 -2425.42 -2608.06667
          -2951.56 -2595.6 -3026.81 -2034.05667 -2531.30667 -1815.48 -1325.334 -306.232667 -840.671333
          -1476.61133 -380.136333 -268.065733 878.864667 395.722 -1281.61 -1449.49667 -1220.90167 -774.704333
          -1026.40033 -1298.83033 318.262667 325.192667 -1415.29667 -1551.65 -1564.71 -1805.60667 775.055
          120.066667 913.463 1112.55467 -1022.76767 -1076.49467 -779.674667 -913.539333 -1689.72 -1800.37667
          -1302.18033 -2088.99367 -1202.28033 -1537.08033 -1787.51367 2740.77967 1646.243 450.849333 -332.944
          959.2543 777.576967 -788.9897 -1148.33737 -2841.95 -2792.94333 -3094.86333 -2379.49 -2046.52333
          -2115.95 -2069.50667 -2535.37 -2294.29 1619.14367 418.757 -215.833333 1618.54633 2343.62967
          1783.65033 1145.80867 -1464.79667 -1571.29667 -1009.05967 -920.100333 -3565.92333 -3378.11 -1580.48
          -1548.82 -1640.35 -871.352667 -269.162 -519.619333 -473.729333 -183.982667 -1261.43667 -1405.69667
          -2777.11 -2107.56 -1878.88667 -2397.42667 -1316.65333 -1323.58 -1298.9 -1495.58 -1410.58333
          -1551.11667 -1825.68 -2298.55 -777.306667 -1123.2 -1827.94667 -1589.69667 -1332.79667 -1139.98067
          -156.952733 -214.014 -821.848333 -1323.055 -317.425 -343.224333 -756.19 -1211.53133 -306.232667
          -486.743333 -73.7776667 55.3022667 330.985 284.765667 -427.486333 661.020333 811.35 1.154
          2111.62367 1784.91367 -268.131333 -275.061333 -1454.65 -1404.97333 -1040.12 -983.04 -55.8107333
          116.169667 3304.12333 2967.48333 2926.83 2495.64333 1824.15 1497.09667 -793.354333 -850.365333
          -1955.13767 -2051.67767 -1270.344 -1400.61033 -1490.47367 -1351.11033 -1418.643 -1301.832 -965.808667
          -1022.06767 -1155.17367 -1207.15367 -927.173333 -2714.61333 -2653.41333 -1279.18967 -1636.63967 -660.592
          -696.746667 -772.222333 -701.866667 -699.630333 -1167.162 -1522.80333 -1793.2 -891.141333 -943.924667
          -1558.281 -1188.45933 -1309.77833 -1383.35 -3045.15 -3141.69 -888.253333 -1306.68333 -2739.79667
          -2775.13667 -1202.28867 -1706.09567 -1304.45567 -1270.46233 -2116.59 -1786.18667 -1364.26333 -1433.91
          571.809333 659.597 -1630.30733 -906.969667 -2676.54667 -2729.44333 -2074.75 -312.672367 -853.697367
          875.746333 1783.053 -688.663 -126.118 -1666.337 -1498.637 -1028.229 -894.438667 -1170.15667
          -1122.03 -628.275333 -776.137 -1293.80333 -1328.28 -691.929667 -580.059 -824.456333 -651.441
          -1405.77667 -1483.03333 -849.459333 -830.656333 -1176.89233 -1643.79667 -1080.211 -1452.13 -2022.36233
          -1425.23333 -586.004333 -532.362333 -894.275 -911.926 -855.844667 -931.399333 -603.224667 -849.331
          -661.932 -744.17 -867.354667 -712.025667 -1096.606 -1167.94367 -1209.38867 -1225.242 34.0903667
          -710.249967 -462.815333 236.568333 -1052.80033 -928.374667 -1155.05533 -1094.24533 980.662 583.318667
          -1756.07333 -1899.82333 -1575.18 -1700.55333 -1417.75033 -1878.09333 -532.789 -509.672 696.033333
          198.815333 -791.147 -1662.62667 -1408.68333 -933.957 2765.53667 2246.57967 2398.12793 1471.2176
          -462.115733 -1576.00873 190.856 -650.941 -106.427667 1042.564 1106.74567 2712.79 3120.74333
          2400.58667 1509.95933 -2300.06667 -2100.30667 -1987.84667 -2420.71 -2477.42333 -2307.30333 -1124.71933
          -1057.88233 -806.106 -1184.81467 -1070.27433 -818.498 -657.722 -1403.76333 -1465.62333 -1439.29667
          -1521.89 -740.312 -797.22 -604.916667 -542.402333 -1767.50667 -1694.70667 872.253367 1246.3757
          -1027.8113 -657.5933 -3716.95 -2456.03767 -1319.95133 -1535.30367 1199.78093 -336.7324 -1596.6454
          -2100.9354 1479.44667 369.86 -465.366667 1859.05667 1448.85367 1739.313 1302.04967 -1659.3
          -1472.61667 -2026.25 -1702.50667 -132.284667 267.278 -1511.73333 -1408.71333 -2437.29333 -1272.87967
          -187.773667 -494.197333 522.269667 1098.16367 -699.572333 -844.645667 -1434.37333 -1716.06333 -1376.25233
          -634.625333 1119.51367 450.480667 -1142.71567 -1432.93233 583.318667 -139.781333 -2002.97333 -2549.87
          -2977.78 -2992.8 -2642.32 -2585.64 -2564.89 -2247.93667 -1163.92767 -1528.81333 -2003.5
          -2478.95333 -1937.75 -1833.18 -297.865 -463.538667 -951.742667 -844.473 -712.289 -857.866333
          -1393.794 -1818.35333 -1825.59 -1753.29667 -115.193667 -492.843667 -325.025333 139.798 -1085.75233
          -860.953 657.859667 1176.81667 713.357667 -202.352667 -95.248 314.671333 -385.033 190.56
          1765.00433 1346.512 -952.246333 -1035.84933 -1316.23333 -1362.25 -1334.73667 -1341.89333 -1339.32667
          -1202.55033 -781.719 -1057.03533 -1312.32333 -1421.88667 -1171.35267 -1163.47267 -1190.14033 -1242.56367
          -1275.984 -1208.164 -1654.51667 -1470.24 -1273.26367 -966.051667 -697.623 -668.473 -718.566667
          -666.399333 -3406.75667 -2842.52 -1917.80667 -2407.67333 -1574.61 -1953.71 -2193.05667 -2298.8
          -1894.88333 568.653333 668.225667 -1558.32233 -861.621 -3519.05333 -3221.89667 -3284.88 -3271.84333
          797.762 1681.65967 -2173.19 -2033.39 -2736.77667 -2637.23 -1121.532 -1613.59 -1130.59033
          -943.931333
        </DataArray>
        <DataArray type="Float32" Name="pressurePaAbs" format="ascii">
          2999.98 2596.67 1538.23 1539.35 1600.26333 1568.32667 1582.99 1619.40667 173.331
          90.25329 624.822957 1497.79 1491.69667 1480.75667 1458.87333 1488.81333 1506.65 868.353
          993.675333 1499.14 1507.4 1537.49667 1539.22 1474.15333 1488.2 995.427333 871.967333
          446.637167 314.9935 1531.19333 1527.90667 1603.33667 1574.83333 1536.76667 1548.73667 918.816
          1058.22467 261.469667 330.469333 714.115 1079.57933 936.05 1515.58 1509.98 1315.43
          1042.871 529.91271 614.73571 1055.004 1358.79 1368.93 1172.34 654.103333 699.727
          1421.57 1397.54 1195.57333 700.738333 654.022667 1267.61333 1471.75333 1491.57333 678.543333
          730.390667 743.007333 690.010667 1128.111 1363.45433 1225.30667 1404.48667 2186.72 2350.33667
          3205.56667 3515.10667 613.860333 1083.26367 739.103 1372.123 2418.42333 2348.57667 764.041667
          1245.12033 991.795667 1542.721 1949.95667 2125.53667 2585.01 3110.77 993.055333 1526.013
          1192.76233 1575.78667 1963.44 2565.28333 1616.56 1815.09333 1605.92667 1748.29667 960.250333
          1120.69233 1178.98233 1053.40133 1143.91567 979.302 716.805633 640.628633 117.282633 414.3337
          599.392367 448.774333 178.029623 1129.09667 1230.02667 1268.88 1196.57667 1200.74667 1112.25667
          861.574667 964.483667 973.159 867.331 1191.647 988.058667 788.535 1074.43633 1185.11933
          533.073133 175.408467 72.8576667 379.813667 890.376667 1116.986 151.8553 505.137667 422.824667
          1252.54 1177.08333 1229.99 1132.76 1110.63667 1183.10667 968.147 866.460333 866.857
          976.043 552.2383 275.747133 500.8185 799.112 1024.07267 1202.15867 979.720333 1179.60867
          1080.47733 919.908667 64.7215333 132.065467 401.223633 559.0507 363.015033 1220.48 1240.17667
          1134.47667 1199.50667 1219.06667 1162.90333 901.303667 995.379 1020.431 914.339 1139.48767
          1011.59667 1098.81767 895.668333 957.858667 1110.87233 213.863333 427.331 538.3648 448.612467
          64.9668 297.733867 403.828867 309.040533 1269.61 1248.86 1214.27333 1141.93 1171.25
          1239.01333 1007.33633 915.400333 927.260333 1028.77767 825.759333 916.697333 1005.279 843.415333
          935.822 835.252667 1185.44433 1405.71333 1429.84 1214.65833 898.741667 774.199 828.124667
          756.598 765.089 848.354333 1256.74333 1064.81167 1102.706 1292.22333 619.558667 602.896
          619.173 631.669667 605.44 622.559667 642.293333 692.948667 696.385 645.150667 166.040033
          281.074667 406.317333 411.591333 766.974667 835.731333 929.345333 783.287 894.314 794.111667
          1353.11667 1163.061 1072.41833 1272.18667 625.430667 639.701333 603.956333 623.389 633.782667
          615.432333 695.231333 643.353667 649.739 696.681333 118.131867 221.491167 972.112667 830.252333
          870.921 794.744333 823.533333 927.885333 1206.72167 1413.99 1344.59667 1125.27267 655.103667
          642.035 634.389 610.180667 628.622 650.110667 649.891333 712.878333 723.083 665.086
          718.730333 425.029333 472.635667 1042.871 652.710333 669.129333 623.858667 651.473333 656.97
          631.698667 722.357667 658.165333 668.162667 730.734333 2074.84333 2533.32333 3195.93 3097.62667
          2835.3 2753.20667 2698.45 2738.11333 73.939 237.185 1352.94167 2074.84333 2714.347
          3013.897 3022.578 2901.018 4800.56333 5291.22 5488.52667 3152.21 3065.67667 2890.46733
          3226.824 5646.47 5607.7 5089.45333 5511.11667 1345.35367 2347.11267 2447.58067 2332.034
          3174.15667 3160.93333 1628.30133 1506.02833 3265.99 3201.81 4436.04333 5179.5 5116.55333
          4880.88667 4427.16 5417.4 5582.17333 5585.65 5782.48 5680.65333 3336.84 3437.29667
          3431.92333 3368.65667 3399.86333 2554.79467 2433.798 3409.99667 1635.21067 1438.41733 3146.31
          3211.97333 1277.07003 2614.036 2308.28067 1221.3433 5521.33667 5563.84667 5824.1 5814.75
          5679.39667 5577.36333 5716.39 5785.26333 2994.38667 3122.14667 3073.04 3001.55333 2786.77667
          2538.90667 2541.6 2711.99 2811.07333 3141.74333 3044.11 2997.12 3296.78667 3202.92667
          2748.21 2939.24 1549.19633 2416.96633 1059.98602 484.10731 1465.89431 2065.59098 1788.33867
          2626.55533 1087.894 699.862667 1774.474 2410.62067 2202.64867 1622.29867 2772.94333 2594.85
          1962.57 920.618333 3084.78667 3200.77667 3176.57333 3196.56333 2412.79133 1526.30367 2577.84567
          1975.844 874.239333 526.991 909.044667 2154.61236 1082.12769 137.084977 1208.39031 1698.24233
          1580.16133 2761.28 2918.33333 2590.89 2577.80333 2763.43 4107.35667 4002.34 2178.91467
          637.342333 1005.241 1956.592 2072.33833 3407.80333 1235.91167 726.308333 3738.87667 3774.99667
          1902.13633 2651.32967 2727.772 1942.45867 3387.23 3405.74667 3571.39333 3673.96333 4698.32
          4817.49333 4098.24333 3336.03333 3645.68 3488.47333 2291.72933 2445.286 3362.53 3196.76667
          3624.35 3528.17667 3102.22667 3210.60667 2671.11733 1055.48967 977.4223 2700.9863 2149.99703
          1307.87437 894.815 772.542 4519.41 4533.74667 3445.88333 3395.56 3178.03333 3320.86333
          3422.10667 3440.51 3207.67 3096.76 2876.46867 2772.03867 1016.38833 4153.10667 2414.54533
          970.372667 773.579333 5041.62667 4868.53 2222.92933 1173.18197 2527.48067 1325.23137 2519.20667
          2508.81333 2951.15 2955.56667 2704.85 2856.61 2874.29333 2728.51 4712.5 5148.68667
          3052.32297 2513.3763 2452.348 2889.07467 5204.71333 4870.74667 5303.86667 4930.18667 4079.36333
          4534.93667 4230.63333 3942.69 5250.36 5456.41 3568.20333 3300.13 3470.99667 3673.06667
          2214.98333 1541.97767 493.132333 862.078333 2005.75267 1186.95533 1057.905 1034.043 216.922333
          1216.277 2324.728 3119.66333 2306.763 1803.523 1503.28037 2093.0537 632.699967 804.2667
          2325.873 1861.513 904.175 571.671667 796.696333 2197.76533 2261.57467 1390.48567 2061.092
          644.624333 1525.542 526.991 2442.92933 2704.606 859.392 741.311 943.651 1085.91367
          1161.80667 1605.06333 1333.96333 1201.40333 1414.18 1719.63 2040.14333 1041.13267 998.539333
          1261.68333 1101.24733 1193.22267 1160.28933 1496.72333 1602.59667 1786.076 1171.459 777.212333
          873.373333 1181.34767 1162.627 1029.38033 977.033 1055.23267 1204.55267 1568.73 1504.07333
          495.7923 1208.14397 1587.69333 1214.82467 1052.191 1556.45333 1539.77 963.474333 924.081333
          1472.69 1242.97 1361.46333 1534.18667 1953.51 1639.64 1200.77333 1448.04333 1542.16333
          1310.31063 730.6406 850.5994 983.281033 1999.193 405.533 669.383333 217.515 1781.715
          1952.08167 1434.86167 1305.87267 1759.35667 1277.48567 194.165667 504.09 1662.45567 1140.58067
          1784.81667 2361.30667 2430.51333 2475.08333 843.475 542.782 425.421333 596.371 2289.78333
          2518.37333 1674.72667 1839.66667 3234.70333 3226.36667 1424.344 1814.05333 1481.57333 1305.03667
          568.242967 257.889967 2.565 262.749333 1139.18767 685.022667 2002.46167 1711.915 947.934
          527.124333 578.496667 606.666333 146.169 470.01 443.5 1897.57 2475.86333 2069.23
          963.583333 917.156333 1975.70667 2234.91667 237.929667 229.042667 982.943667 808.353 931.080667
          1042.448 769.767333 784.123667 2504.32 1951.75 1356.91 1323.61033 1575.54333 1493.93667
          1285.37 983.944333 1321.032 1538.63667 1261.066 1571.82 1587.69333 1336.39867 1024.34767
          1268.406 983.365 1233.12967 1270.47 1055.71467 956.304333 1805.39 2100.54333 1281.573
          1591.01 1416.38333 1148.32633 1772.90667 1662.25333 2735.69333 2678.01 1411.396 1151.55867
          2298.33 1775.57333 2309.45 1976.76333 1737.85667 621.284333 690.587367 1574.57267 890.652633
          1925.67 2362.17667 2146.37333 2149.52 2400.49667 2071.38667 2362.05667 2190.71333 1666.14667
          2601.56667 2357.87667 2169.78667 1445.927 899.937667 338.492667 1619.67567 2477.04233 2384.80567
          1397.69567 2488.91333 1877.43733 1502.252 569.117 398.167333 2447.39667 1855.50467 1402.61633
          1370.44167 2533.67667 2343.43667 2793.55333 3326.94 2273.50667 2343.31 2338.43 1913.44667
          3226.36667 2871.66 1074.58133 1034.81867 2262.26667 2484.03333 1530.94033 1217.35167 764.463333
          582.446333 66.4906667 45.3833333 2101.15333 2379.45667 2803.72 2823.61667 1446.635 1695.03367
          724.594667 971.801667 534.313633 712.9903 497.1703 395.4883 182.260367 212.2547 1470.60933
          1103.46167 1547.71667 1175.78467 1435.918 1056.51267 734.890333 61.597 249.242667 858.935333
          1567.84333 615.64 57.3433333 1864.82667 1305.57633 1062.808 836.261333 382.292667 373.405667
          999.695333 902.049 1772.65 1867.39667 1084.72 1378.27 1691.93 1862.22333 1175.003
          1275.79967 1635.32333 1366.04667 1161.18767 1038.394 1266.893 872.227667 1037.41433 1318.26667
          1409.35 785.89 780.153 1783.14 1783.76333 1747.78667 1626.28667 1039.39567 1445.05667
          201.659667 957.04 751.65 579.15 241.674333 815.291667 1498.26267 1326.57567 1972.51667
          2190.11333 2405.41667 1673.81 1307.62433 2190.00667 1083.371 261.957667 2307.56333 2078.61333
          2271 1853.26 1952.18 2027.10333 2082.72333 2083.32667 450.738 49.621 589.410667
          1284.85833 372.786667 819.75 315.825 467.432667 598.609 223.964667 1205.123 394.253
          515.152333 136.383667 1533.91333 1735.18667 1674.24667 1872.25 1168.46733 1048.93733 702.943667
          854.028 1164.85167 1353.15667 1519.00667 1568.97 1556.95 1553.6 215.791933 508.808333
          1278.92133 638.644267 691.910333 591.343667 784.590667 1232.418 1239.21933 920.556333 1079.89033
          982.997333 1015.99633 781.864333 876.567667 1343.11333 1478.08 158.281267 97.9676667 94.8433333
          335.664667 739.040333 626.531667 993.810667 1383.16333 1387.88667 1170.661 1207.04 1256.3
          1147.08333 1198.17 1013.215 1156.06767 931.748 1663.53 1495.67333 1586.95667 1560.39667
          2390.66667 2608.66667 1966.09667 2276.46667 581.1336 905.143667 2228.01333 1875.90333 2361.53667
          2185.27667 906.596667 817.202667 963.034333 1177.977 1363.29267 390.273 1580.88933 822.812333
          439.792333 305.512 1892.28 1725.40333 829.377 869.027333 797.844667 830.83 1584.187
          2388.55667 105.894 794.789667 1409.8 948.189333 1472.13 1392.6 950.626667 922.142333
          228.611 8.14466667 520.892333 522.601 1305.78667 1431.41333 617.317667 1032.83167 20.1563333
          129.134 846.613837 394.12017 578.061 872.051 999.393333 2191.89667 2247.60333 1801.34333
          1687.73667 1479.67667 1257.877 1709.35 1803.74 1306.64367 1699.34 460.22917 767.311667
          80.1876667 7.73550333 618.541333 853.171667 1216.434 1479.298 546.563333 632.450667 2077.76333
          1711.95667 715.042333 371.832333 456.448 152.171667 294.579667 637.789667 714.139333 1848.31
          2162.83333 1272.65833 1061.07767 477.094333 164.183333 274.218667 416.757333 234.778667 1611.58833
          1290.785 192.366333 616.340333 780.878333 748.81 870.053667 1970.56 1917.02667 1153.55967
          1440.61333 1824.73667 1699.05 2027.00667 1239.41967 1580.00667 1500.55733 1750.60667 1498.65
          1403.42133 1578.558 1915.66667 589.52 172.276667 1640.20667 1491.19667 2529.68 1572.34833
          1619.68333 1141.85033 1182.31667 1721.46367 1347.70667 1507.36 1924.37667 874.466667 1162.88367
          2141.76733 1506.21733 2694.01 2730.81333 1837.93333 1550.07667 3262.25 2328.10067 2266.17733
          3296 3447.01 1709.63333 1692.85333 1681.61667 1562.09 2484.5 2425.42 2608.06667
          2951.56 2595.6 3026.81 2034.05667 2531.30667 1815.48 1325.334 306.232667 840.671333
          1476.61133 380.136333 268.065733 878.864667 395.722 1281.61 1449.49667 1220.90167 774.704333
          1026.40033 1298.83033 318.262667 325.192667 1415.29667 1551.65 1564.71 1805.60667 775.055
          120.066667 913.463 1112.55467 1022.76767 1076.49467 779.674667 913.539333 1689.72 1800.37667
          1302.18033 2088.99367 1202.28033 1537.08033 1787.51367 2740.77967 1646.243 450.849333 332.944
          959.2543 777.576967 788.9897 1148.33737 2841.95 2792.94333 3094.86333 2379.49 2046.52333
          2115.95 2069.50667 2535.37 2294.29 1619.14367 418.757 215.833333 1618.54633 2343.62967
          1783.65033 1145.80867 1464.79667 1571.29667 1009.05967 920.100333 3565.92333 3378.11 1580.48
          1548.82 1640.35 871.352667 269.162 519.619333 473.729333 183.982667 1261.43667 1405.69667
          2777.11 2107.56 1878.88667 2397.42667 1316.65333 1323.58 1298.9 1495.58 1410.58333
          1551.11667 1825.68 2298.55 777.306667 1123.2 1827.94667 1589.69667 1332.79667 1139.98067
          156.952733 214.014 821.848333 1323.055 317.425 343.224333 756.19 1211.53133 306.232667
          486.743333 73.7776667 55.3022667 330.985 284.765667 427.486333 661.020333 811.35 1.154
          2111.62367 1784.91367 268.131333 275.061333 1454.65 1404.97333 1040.12 983.04 55.8107333
          116.169667 3304.12333 2967.48333 2926.83 2495.64333 1824.15 1497.09667 793.354333 850.365333
          1955.13767 2051.67767 1270.344 1400.61033 1490.47367 1351.11033 1418.643 1301.832 965.808667
          1022.06767 1155.17367 1207.15367 927.173333 2714.61333 2653.41333 1279.18967 1636.63967 660.592
          696.746667 772.222333 701.866667 699.630333 1167.162 1522.80333 1793.2 891.141333 943.924667
          1558.281 1188.45933 1309.77833 1383.35 3045.15 3141.69 888.253333 1306.68333 2739.79667
          2775.13667 1202.28867 1706.09567 1304.45567 1270.46233 2116.59 1786.18667 1364.26333 1433.91
          571.809333 659.597 1630.30733 906.969667 2676.54667 2729.44333 2074.75 312.672367 853.697367
          875.746333 1783.053 688.663 126.118 1666.337 1498.637 1028.229 894.438667 1170.15667
          1122.03 628.275333 776.137 1293.80333 1328.28 691.929667 580.059 824.456333 651.441
          1405.77667 1483.03333 849.459333 830.656333 1176.89233 1643.79667 1080.211 1452.13 2022.36233
          1425.23333 586.004333 532.362333 894.275 911.926 855.844667 931.399333 603.224667 849.331
          661.932 744.17 867.354667 712.025667 1096.606 1167.94367 1209.38867 1225.242 34.0903667
          710.249967 462.815333 236.568333 1052.80033 928.374667 1155.05533 1094.24533 980.662 583.318667
          1756.07333 1899.82333 1575.18 1700.55333 1417.75033 1878.09333 532.789 509.672 696.033333
          198.815333 791.147 1662.62667 1408.68333 933.957 2765.53667 2246.57967 2398.12793 1471.2176
          462.115733 1576.00873 190.856 650.941 106.427667 1042.564 1106.74567 2712.79 3120.74333
          2400.58667 1509.95933 2300.06667 2100.30667 1987.84667 2420.71 2477.42333 2307.30333 1124.71933
          1057.88233 806.106 1184.81467 1070.27433 818.498 657.722 1403.76333 1465.62333 1439.29667
          1521.89 740.312 797.22 604.916667 542.402333 1767.50667 1694.70667 872.253367 1246.3757
          1027.8113 657.5933 3716.95 2456.03767 1319.95133 1535.30367 1199.78093 336.7324 1596.6454
          2100.9354 1479.44667 369.86 465.366667 1859.05667 1448.85367 1739.313 1302.04967 1659.3
          1472.61667 2026.25 1702.50667 132.284667 267.278 1511.73333 1408.71333 2437.29333 1272.87967
          187.773667 494.197333 522.269667 1098.16367 699.572333 844.645667 1434.37333 1716.06333 1376.25233
          634.625333 1119.51367 450.480667 1142.71567 1432.93233 583.318667 139.781333 2002.97333 2549.87
          2977.78 2992.8 2642.32 2585.64 2564.89 2247.93667 1163.92767 1528.81333 2003.5
          2478.95333 1937.75 1833.18 297.865 463.538667 951.742667 844.473 712.289 857.866333
          1393.794 1818.35333 1825.59 1753.29667 115.193667 492.843667 325.025333 139.798 1085.75233
          860.953 657.859667 1176.81667 713.357667 202.352667 95.248 314.671333 385.033 190.56
          1765.00433 1346.512 952.246333 1035.84933 1316.23333 1362.25 1334.73667 1341.89333 1339.32667
          1202.55033 781.719 1057.03533 1312.32333 1421.88667 1171.35267 1163.47267 1190.14033 1242.56367
          1275.984 1208.164 1654.51667 1470.24 1273.26367 966.051667 697.623 668.473 718.566667
          666.399333 3406.75667 2842.52 1917.80667 2407.67333 1574.61 1953.71 2193.05667 2298.8
          1894.88333 568.653333 668.225667 1558.32233 861.621 3519.05333 3221.89667 3284.88 3271.84333
          797.762 1681.65967 2173.19 2033.39 2736.77667 2637.23 1121.532 1613.59 1130.59033
          943.931333
        </DataArray>
        <DataArray type="Float32" Name="pressureVisible01" format="ascii">
          0.705792884 0.663777364 0.233017682 0.232901125 0.226555408 0.229882576 0.22835501 0.224561404 0.375208525
          0.38386328 0.32817368 0.237230719 0.23786561 0.239005648 0.2412853 0.238165933 0.236307841 0.302803559
          0.289747992 0.237090554 0.236229782 0.233094677 0.232915163 0.239693925 0.238230592 0.289565713 0.302427091
          0.346736406 0.360450558 0.233751262 0.234093699 0.226235942 0.229205147 0.233170821 0.231923798 0.29754662
          0.28302368 0.366026643 0.358838531 0.31887157 0.28079869 0.29575106 0.235377519 0.235960512 0.256228098
          0.501908288 0.448470065 0.457306639 0.503172327 0.251711334 0.250654884 0.271135163 0.32512349 0.320370551
          0.24517164 0.247675258 0.26871556 0.32026497 0.325131721 0.261210236 0.23994384 0.237879222 0.32257727
          0.317175912 0.315861465 0.321382569 0.510788464 0.535305671 0.520913962 0.539580177 0.621070164 0.638115227
          0.727210292 0.759457214 0.457215273 0.50611603 0.470262609 0.536208428 0.645208563 0.637932098 0.472860939
          0.522977963 0.496587542 0.553981031 0.596405348 0.614696371 0.662562883 0.717334922 0.496718859 0.552240431
          0.517523624 0.557425606 0.597809552 0.660507623 0.5616731 0.582355651 0.560565391 0.57539695 0.293229788
          0.276515677 0.270443483 0.283526062 0.274096498 0.291245356 0.46793998 0.460004165 0.405483721 0.350101676
          0.330822925 0.346513822 0.374719151 0.275640017 0.265125289 0.261078153 0.268610276 0.268176168 0.27739474
          0.303509702 0.292789087 0.291885351 0.302910118 0.269123719 0.2903329 0.311118778 0.281334466 0.269803913
          0.337731868 0.37499213 0.385675503 0.353697872 0.300509231 0.276901929 0.377445786 0.340642135 0.349217266
          0.262780554 0.270641501 0.265129543 0.275258657 0.277563193 0.270013629 0.292407727 0.303000938 0.302959463
          0.291584815 0.335735333 0.364539276 0.341092153 0.310016854 0.286581195 0.268028984 0.291201541 0.270377974
          0.280704893 0.297432404 0.386523138 0.407023751 0.435063698 0.33502554 0.355447839 0.266120696 0.26406884
          0.275079994 0.268305486 0.26626788 0.272118447 0.299370894 0.289570605 0.286960641 0.298013058 0.274558044
          0.287881179 0.27879469 0.299957929 0.293479278 0.277539159 0.370986129 0.348747744 0.337180566 0.346530646
          0.386497606 0.424282584 0.435335193 0.425460397 0.261002221 0.263163615 0.26676686 0.274303024 0.271248742
          0.264189437 0.288324646 0.297902244 0.296666706 0.286090936 0.307240775 0.297767184 0.288538828 0.3054014
          0.295774669 0.306251749 0.269770095 0.246822994 0.244309805 0.266726448 0.299637612 0.312612143 0.30699437
          0.314445669 0.313561182 0.304886894 0.262342617 0.282337317 0.278389509 0.258646213 0.328722077 0.330458019
          0.328762254 0.327460377 0.330192896 0.328409417 0.326353774 0.321076694 0.320718624 0.326056003 0.410563073
          0.422546982 0.435594317 0.436143769 0.313365185 0.306202298 0.296450184 0.311665868 0.300099371 0.310538166
          0.252302835 0.272102282 0.281545245 0.260734227 0.328110497 0.326623874 0.330347546 0.328323191 0.327240473
          0.329152079 0.320838817 0.326243301 0.325577974 0.320687592 0.405572172 0.416339813 0.291994463 0.306773062
          0.30253599 0.310471806 0.307473037 0.296601835 0.267553614 0.245961371 0.253190193 0.276038605 0.325019206
          0.326380659 0.327176984 0.329698936 0.327778057 0.325539455 0.325562043 0.319000186 0.317937356 0.323979347
          0.4681405 0.437543634 0.44250312 0.501908288 0.325268483 0.323558 0.328274186 0.325397376 0.324824804
          0.327457527 0.318012649 0.324700081 0.323658817 0.31714018 0.177115388 0.129352458 0.0603246217 0.0705658249
          0.097893779 0.106445981 0.112150215 0.108018001 0.38556269 0.417974492 0.252320531 0.177115388 0.676036924
          0.707243136 0.708147361 0.695483576 0.89337174 0.944486511 0.965041446 0.0648792453 0.0738940564 0.694384652
          0.729425093 0.98149522 0.977456591 0.923467265 0.967394476 0.253111305 0.148751637 0.138284957 0.150322359
          0.0625927876 0.0639704049 0.223634698 0.236372713 0.0530260363 0.059711851 0.855397189 0.93284791 0.926290136
          0.901739112 0.854471758 0.957631196 0.974796856 0.975159074 0.995664238 0.985056351 0.0456453511 0.0351801814
          0.035740204 0.0423309446 0.0390799209 0.127115984 0.139721022 0.0380241093 0.222914942 0.243416236 0.0654941428
          0.0586536997 0.526306327 0.665586877 0.152796965 0.266030454 0.968459434 0.97288793 1 0.999025863
          0.984925119 0.974295962 0.988779342 0.99595414 0.0813208961 0.0680111605 0.0731268701 0.0805743411 0.102948871
          0.128770954 0.128490623 0.110740055 0.100417603 0.0659695133 0.0761407403 0.0810360992 0.0498179767 0.059595933
          0.106966656 0.0870659665 0.231875623 0.141474193 0.5036913 0.342832944 0.24055374 0.178079422 0.206962657
          0.119640182 0.506598695 0.320356407 0.208407018 0.142135266 0.163801462 0.224260294 0.104389658 0.122943145
          0.188811629 0.297358429 0.0719032431 0.0598198995 0.062341171 0.0602588993 0.141909471 0.234260706 0.124714714
          0.599102092 0.484340679 0.338365547 0.487966873 0.617725449 0.505997687 0.378984647 0.267379737 0.216348704
          0.228649973 0.105605203 0.0892437377 0.123355771 0.124718925 0.105381236 0.821155837 0.81021551 0.620257313
          0.459661634 0.288542933 0.18943446 0.609154466 0.74827867 0.522018757 0.317601363 0.00376255212 0
          0.195107895 0.117059292 0.109096103 0.190907258 0.0403956444 0.0384667249 0.021210457 0.0105249366 0.882720463
          0.895135609 0.820206585 0.740801847 0.0134718083 0.0298488003 0.15452138 0.138524471 0.0429688131 0.0602374173
          0.0156938197 0.0257125453 0.0700862005 0.0587957791 0.671533262 0.503222757 0.495089923 0.674644908 0.169286302
          0.257015873 0.486484164 0.473746149 0.864081899 0.865575434 0.0342853788 0.0395280666 0.0621888822 0.0473092541
          0.03676241 0.0348454014 0.0591018454 0.0706557943 0.692926189 0.682046905 0.499149374 0.825921878 0.644804828
          0.494355704 0.47385441 0.918484914 0.900452102 0.16168869 0.271047751 0.65656979 0.531323623 0.130823235
          0.131906059 0.0858248986 0.0853648421 0.111483632 0.0956736819 0.0938317542 0.109018937 0.884197621 0.929638148
          0.711246096 0.655100481 0.648742746 0.694239424 0.935474677 0.900683087 0.945804361 0.906875665 0.818239806
          0.865699648 0.833998498 0.80400145 0.940229871 0.961695773 0.021542472 0.0494695844 0.0316692459 0.0106185219
          0.162516303 0.232627601 0.444638161 0.483073663 0.184313348 0.269612893 0.283056796 0.28554276 0.37066745
          0.519973133 0.151083589 0.0682700087 0.152955082 0.205381109 0.236659381 0.175218543 0.459178075 0.309479972
          0.150964268 0.199339756 0.299071698 0.45282034 0.476262784 0.622221263 0.157662632 0.248409689 0.607982906
          0.460420249 0.234340233 0.338365547 0.138769899 0.111509581 0.482794311 0.470493041 0.294959626 0.28013934
          0.272233089 0.226056003 0.254298328 0.268107681 0.245941166 0.214120694 0.180730756 0.284804352 0.289241568
          0.261827898 0.278541585 0.268959945 0.272390907 0.237342171 0.226312512 0.207198364 0.271226983 0.312298207
          0.302280757 0.270196971 0.27214716 0.286028404 0.291481659 0.283335063 0.267779282 0.229840675 0.236576473
          0.341615734 0.267405424 0.227865389 0.266709432 0.283651977 0.231119815 0.232857736 0.29289437 0.296998083
          0.239846001 0.263777449 0.251433343 0.233439666 0.189755777 0.222453822 0.268173403 0.242413427 0.232608459
          0.256762017 0.317150017 0.481878122 0.495700432 0.18499669 0.351018824 0.323531839 0.415925677 0.57887864
          0.189904769 0.243786897 0.257224355 0.209981887 0.526349776 0.413493205 0.340751311 0.566454668 0.512087364
          0.579201828 0.639258456 0.140063289 0.135420185 0.305395444 0.336720509 0.348946698 0.331137682 0.154724055
          0.13091044 0.21879868 0.201615792 0.056285355 0.0571537835 0.244882376 0.204283822 0.238920145 0.257311347
          0.33406824 0.366399559 0.392998335 0.420637864 0.511941987 0.464628798 0.601875087 0.21492457 0.294513374
          0.338351658 0.332999858 0.456465975 0.408492946 0.442229192 0.347062997 0.590947627 0.651192276 0.608830703
          0.493648242 0.488811799 0.18744337 0.160439987 0.418052317 0.417126482 0.290866123 0.309054202 0.296268756
          0.284667164 0.313073901 0.311578239 0.132374198 0.189938906 0.25190765 0.255376685 0.229131342 0.23763271
          0.259360226 0.29076169 0.255645317 0.232975781 0.261891919 0.229519082 0.227865389 0.254044584 0.286552907
          0.261127285 0.290822095 0.26480242 0.260912465 0.28328508 0.293641138 0.205186494 0.174438637 0.259755836
          0.227519761 0.245711882 0.27363708 0.208570451 0.220098026 0.108270681 0.114279917 0.24623128 0.273300173
          0.153833719 0.208292673 0.152675177 0.187333408 0.212221977 0.457988883 0.465208619 0.229232159 0.300480513
          0.192656068 0.147182361 0.169664089 0.169336115 0.143190312 0.177475691 0.14719491 0.165044593 0.219691994
          0.122243596 0.147630294 0.619306721 0.54389737 0.299513399 0.358002665 0.224533329 0.135215786 0.144824651
          0.247658242 0.133978972 0.197680532 0.236766196 0.33397693 0.351785947 0.138304099 0.199965288 0.24714565
          0.250497491 0.129316088 0.149134677 0.10224294 0.0466764903 0.156419437 0.149147438 0.149655989 0.193929466
          0.0571537835 0.0941059164 0.28131979 0.285462001 0.157590529 0.134487523 0.233777636 0.266446117 0.313626479
          0.332588444 0.386338916 0.388537807 0.174374617 0.145381909 0.101183726 0.0991110253 0.242560186 0.216682803
          0.317780069 0.292027005 0.337602401 0.31898868 0.341472151 0.352065022 0.412252882 0.415377608 0.240062949
          0.27831111 0.232030145 0.270776689 0.243676743 0.283201917 0.31670739 0.386848679 0.419230895 0.482746348
          0.556597802 0.329130108 0.387291379 0.587536658 0.529276016 0.282545884 0.306147019 0.353439811 0.354365645
          0.289120971 0.299293261 0.208597251 0.198726985 0.280263553 0.249682448 0.217006098 0.199265739 0.270857811
          0.260357121 0.222903031 0.250955633 0.272296684 0.285088936 0.261284891 0.302399866 0.285191241 0.255932879
          0.246444186 0.311394258 0.311991928 0.207504218 0.207439133 0.211187222 0.223844626 0.284984716 0.242724386
          0.372257336 0.293564356 0.314961132 0.453599373 0.368088921 0.308331341 0.549349497 0.531463656 0.187775598
          0.165107125 0.142677721 0.21889418 0.257042077 0.621413239 0.506127706 0.420555488 0.633659719 0.609808457
          0.629850587 0.58633196 0.18989424 0.182089231 0.176294603 0.176231646 0.346309423 0.398434893 0.454668138
          0.5271176 0.432101142 0.307866946 0.3603641 0.344570165 0.455626453 0.416597345 0.518811187 0.434337531
          0.446932276 0.379057622 0.553063045 0.574031244 0.567682761 0.588310225 0.514992252 0.502540097 0.320035537
          0.304296009 0.271915537 0.252298581 0.235021044 0.229816003 0.231068131 0.231417161 0.370785131 0.340259776
          0.260031934 0.326733728 0.321184785 0.331661419 0.311529532 0.264876459 0.264167912 0.297365278 0.280766276
          0.29086038 0.287422824 0.311813478 0.301947679 0.253344822 0.239284277 0.376776416 0.383059667 0.383385131
          0.358297204 0.316275133 0.327995812 0.289734146 0.249172621 0.248680448 0.271310423 0.267520646 0.262388772
          0.273766398 0.268444375 0.2877123 0.272830545 0.296199206 0.219964455 0.237451283 0.227942171 0.230709104
          0.14421422 0.121503847 0.188444307 0.156111244 0.332725013 0.298970754 0.161159104 0.197840478 0.147248934
          0.165610997 0.29881938 0.308132175 0.493591112 0.515983168 0.251242429 0.352608433 0.228573957 0.307547905
          0.439081835 0.361438414 0.196134462 0.213519196 0.306864244 0.302733731 0.310149149 0.306712869 0.558300543
          0.642097067 0.404297392 0.476064298 0.246397606 0.294486532 0.239904067 0.248189338 0.294232639 0.297200142
          0.369449715 0.392417149 0.33900082 0.338822774 0.257233288 0.24414603 0.328955593 0.285668654 0.391165787
          0.379812898 0.305068399 0.352207605 0.333045268 0.302418328 0.289152237 0.164921231 0.159118095 0.20560784
          0.217443183 0.239117951 0.26222436 0.215191607 0.205358138 0.257143957 0.216234232 0.345320561 0.313329856
          0.384911975 0.392459766 0.328828147 0.304385234 0.266542042 0.239157937 0.336326601 0.327379171 0.176811661
          0.214919997 0.318774795 0.354529377 0.345714434 0.377412904 0.362577325 0.326822743 0.318868933 0.200715459
          0.167949352 0.260684585 0.282726461 0.34356359 0.376161542 0.421832652 0.436681842 0.368807188 0.561155191
          0.527734837 0.37322556 0.329057537 0.311916613 0.315257181 0.302626385 0.187979358 0.193556401 0.273091946
          0.243187632 0.203170796 0.216264434 0.182099015 0.264147324 0.228665968 0.236942519 0.21089328 0.237141388
          0.247061849 0.228816768 0.193698055 0.454679943 0.375318381 0.222394693 0.237917933 0.65679867 0.557067175
          0.224532478 0.274311447 0.270095942 0.213929483 0.252866261 0.236234249 0.192790916 0.302166966 0.272120574
          0.170143798 0.236353209 0.112613036 0.108779232 0.201796156 0.231783845 0.0534154785 0.150731794 0.157182795
          0.0499000765 0.0341683973 0.21516183 0.216909747 0.218080414 0.230532355 0.134439029 0.140593747 0.121566166
          0.0857823599 0.122864874 0.0779426816 0.181364371 0.129562387 0.204134936 0.255196533 0.361363269 0.30568726
          0.239437204 0.353664245 0.365339385 0.484822941 0.434490628 0.259751795 0.242261989 0.26607603 0.312559352
          0.286338809 0.257958021 0.426421198 0.427143145 0.245824822 0.231620071 0.230259682 0.205163949 0.474008145
          0.405773699 0.488426781 0.509167653 0.286717021 0.281119858 0.312041826 0.298096221 0.217236232 0.205708657
          0.257608799 0.175641527 0.268016308 0.233137726 0.2070485 0.678790245 0.56476556 0.440233678 0.358580554
          0.493197501 0.474270971 0.311071283 0.273635697 0.0972012483 0.102306323 0.0708533868 0.145378931 0.180066088
          0.172833225 0.177671582 0.129139764 0.154254428 0.56194237 0.436890154 0.370780688 0.561880157 0.637416635
          0.579080168 0.512632072 0.240668275 0.229573319 0.288145132 0.297412623 0.0217804762 0.04134596 0.228616623
          0.231914865 0.222379805 0.302491154 0.365225383 0.339133562 0.343914067 0.374098923 0.261853422 0.246824695
          0.103955976 0.173707184 0.197529732 0.143510204 0.256101332 0.255379875 0.257950492 0.237461066 0.246315719
          0.231675372 0.203072318 0.153810536 0.31228821 0.276254276 0.202836228 0.227656311 0.254419563 0.274506359
          0.376914731 0.370970305 0.307648148 0.255434112 0.360197346 0.357509663 0.314488272 0.267052295 0.361363269
          0.342558314 0.385579705 0.399026796 0.427746557 0.422931575 0.348731367 0.462128392 0.477789244 0.393385735
          0.613247289 0.579211825 0.365332432 0.364610485 0.241724938 0.246899989 0.284909273 0.290855552 0.387451451
          0.405367752 0.737477444 0.702407651 0.69817228 0.653252853 0.583299161 0.549227964 0.31061665 0.30467739
          0.189586047 0.179528824 0.260925439 0.247354728 0.237993226 0.252511488 0.245476217 0.257645064 0.292650836
          0.286790273 0.272923705 0.267508523 0.296675852 0.110466531 0.116842238 0.26000405 0.222766056 0.3244474
          0.320680892 0.31281803 0.320147456 0.320380356 0.271674555 0.234625221 0.206456276 0.300429684 0.294930913
          0.230929242 0.269455946 0.256817472 0.249153054 0.0760324792 0.0659752561 0.300730433 0.257139916 0.107842954
          0.104161438 0.268015159 0.215530216 0.257371965 0.260913528 0.172766439 0.207186879 0.251141953 0.243886119
          0.452834803 0.46198023 0.223425705 0.298780542 0.114432206 0.108921524 0.177124959 0.360692709 0.304330593
          0.484497902 0.579017955 0.321523159 0.38012728 0.219672213 0.237142664 0.286148576 0.300086184 0.271363171
          0.276377 0.327813981 0.312410296 0.258481801 0.254889829 0.321182849 0.332837168 0.307376601 0.325400672
          0.246817038 0.238768707 0.304771784 0.306730693 0.270661069 0.222020565 0.280732755 0.241987402 0.182583021
          0.244789642 0.332217719 0.337806034 0.300103199 0.298264249 0.304106882 0.296235895 0.33042386 0.304785354
          0.324307661 0.31574057 0.302907693 0.31908922 0.279025037 0.271593093 0.267275623 0.265624056 0.39681706
          0.319274242 0.345050915 0.417910429 0.283588169 0.296550576 0.272935829 0.279270699 0.49542734 0.454033737
          0.210323686 0.195348558 0.229168776 0.216107892 0.245569802 0.197612896 0.337761241 0.340169508 0.465775941
          0.413977488 0.310846785 0.220059103 0.246513737 0.295968986 0.681369901 0.627306557 0.643094194 0.54653209
          0.3451241 0.229082441 0.413148641 0.325453101 0.38217835 0.501876235 0.508562475 0.675874958 0.718373718
          0.643350258 0.550567935 0.153652504 0.174462672 0.186178481 0.141084432 0.135176225 0.15289893 0.276096457
          0.283059199 0.309288123 0.26983603 0.281768361 0.307997284 0.324746448 0.247026754 0.24058256 0.24332482
          0.234720295 0.316142603 0.310213978 0.330247558 0.336759985 0.209133026 0.216716834 0.484134132 0.523108855
          0.286191859 0.324759954 0.00604667011 0.137404064 0.255757704 0.23332311 0.518254459 0.358186048 0.226932746
          0.174397394 0.547389227 0.431796139 0.344785473 0.586935798 0.544202224 0.574461098 0.528908694 0.220405369
          0.239853446 0.182178137 0.215904557 0.37948486 0.421109789 0.235778446 0.246510547 0.139356721 0.26066138
          0.373704057 0.341782025 0.44767396 0.507668353 0.32038663 0.305273465 0.243837625 0.21449227 0.249892313
          0.327152567 0.509892534 0.440195244 0.274221498 0.243987722 0.454033737 0.378703572 0.184602633 0.127628788
          0.0830505216 0.0814859465 0.117997803 0.123902394 0.126064213 0.159083426 0.272011462 0.233999051 0.184547971
          0.135016705 0.191397559 0.202291307 0.362235079 0.34497577 0.294116594 0.305291565 0.319061591 0.303895826
          0.248064487 0.203835464 0.20308189 0.210613162 0.381265107 0.341922849 0.359405593 0.407829278 0.280155398
          0.303574254 0.461799142 0.515862486 0.467581009 0.372185232 0.383342997 0.426046942 0.353154227 0.413117482
          0.577137849 0.533540525 0.29406376 0.285354378 0.256144509 0.251350818 0.254217504 0.253471587 0.253738943
          0.267987934 0.311828962 0.283147467 0.256552456 0.245138672 0.271238107 0.272058892 0.269281112 0.263819988
          0.260338192 0.267403452 0.22090371 0.240101234 0.260621287 0.292625738 0.320589604 0.323626232 0.318407792
          0.323842499 0.0383614415 0.0971414813 0.193474939 0.142442481 0.229227905 0.189734507 0.164800208 0.153784374
          0.195863064 0.452506128 0.462879244 0.230925328 0.303505065 0.0266628609 0.0576195828 0.0510584065 0.052416456
          0.476373853 0.568455265 0.166870356 0.181433922 0.108157315 0.118528049 0.276428472 0.225167581 0.27548475
          0.294930062
        </DataArray>
      </CellData>
      <Points>
        <DataArray type="Float32" NumberOfComponents="3" format="ascii">
          0.0481211 0.0115867 0.0154841 0.0531383 0.00926774 0.0226816 0.0503551 0.0174839 0.0226766
          0.0481211 0.0115867 0.0154841 0.0503551 0.0174839 0.0226766 0.0448801 0.0202026 0.0202529
          -0.0551043 0.0115 0.02074 -0.0551043 0.0203623 0.02074 -0.0520983 0.023413 0.0324133
          -0.0551043 0.0115 0.02074 -0.0520983 0.023413 0.0324133 -0.0551043 0.0115 0.0296023
          -0.0497801 0.0285006 0.0206184 -0.0492616 0.0280183 0.0276411 -0.0520983 0.023413 0.0324133
          -0.0497801 0.0285006 0.0206184 -0.0520983 0.023413 0.0324133 -0.0551043 0.0203623 0.02074
          -0.0502623 0.0114229 0.0385829 -0.0551043 0.0115 0.0296023 -0.0520983 0.023413 0.0324133
          -0.0502623 0.0114229 0.0385829 -0.0520983 0.023413 0.0324133 -0.0495242 0.0186269 0.0376602
          0.0150531 0.028346 0.0281424 0.0221725 0.0269117 0.027303 0.0261001 0.0229923 0.0318442
          0.0150531 0.028346 0.0281424 0.0261001 0.0229923 0.0318442 0.0226613 0.0184416 0.0365404
          0.0150531 0.028346 0.0281424 0.0226613 0.0184416 0.0365404 0.0153689 0.0190967 0.038049
          -0.0551043 0.0115 0.02074 -0.0551043 0.00263766 0.02074 -0.0508164 0.00132833 0.0104655
          -0.0551043 0.0115 0.02074 -0.0508164 0.00132833 0.0104655 -0.0551043 0.0115 0.0118777
          -0.0489014 0.0115258 0.00525411 -0.0551043 0.0115 0.0118777 -0.0508164 0.00132833 0.0104655
          -0.0489014 0.0115258 0.00525411 -0.0508164 0.00132833 0.0104655 -0.0480926 0.0053229 0.00611284
          -0.0493314 -0.00472947 0.02072 -0.0483176 -0.0035247 0.0144934 -0.0508164 0.00132833 0.0104655
          -0.0493314 -0.00472947 0.02072 -0.0508164 0.00132833 0.0104655 -0.0551043 0.00263766 0.02074
          -0.00390703 0.00466041 0.00535801 -0.0135636 0.00465756 0.00535919 -0.0135636 -0.00440323 0.0138406
          -0.00390703 0.00466041 0.00535801 -0.0135636 -0.00440323 0.0138406 -0.00388468 -0.00440639 0.0138467
          -0.0551043 0.0115 0.02074 -0.0551043 0.0115 0.0118777 -0.0511109 0.0218711 0.00996694
          -0.0551043 0.0115 0.02074 -0.0511109 0.0218711 0.00996694 -0.0551043 0.0203623 0.02074
          -0.0497801 0.0285006 0.0206184 -0.0551043 0.0203623 0.02074 -0.0511109 0.0218711 0.00996694
          -0.0497801 0.0285006 0.0206184 -0.0511109 0.0218711 0.00996694 -0.048719 0.027142 0.014172
          -0.0489014 0.0115258 0.00525411 -0.0482595 0.0178787 0.00587863 -0.0511109 0.0218711 0.00996694
          -0.0489014 0.0115258 0.00525411 -0.0511109 0.0218711 0.00996694 -0.0551043 0.0115 0.0118777
          -0.00390788 0.0184889 0.00498682 -0.00384912 0.0282238 0.0134085 -0.0135636 0.0282259 0.0134124
          -0.00390788 0.0184889 0.00498682 -0.0135636 0.0282259 0.0134124 -0.0135636 0.0184956 0.00498956
          0.0148678 0.0272224 0.0139094 0.0157463 0.0213861 0.00793035 0.0258645 0.0221032 0.0115753
          0.0148678 0.0272224 0.0139094 0.0258645 0.0221032 0.0115753 0.0219326 0.0259789 0.0150219
          -0.0551043 0.0115 0.02074 -0.0551043 0.0115 0.0296023 -0.0517486 -0.000150062 0.0317843
          -0.0551043 0.0115 0.02074 -0.0517486 -0.000150062 0.0317843 -0.0551043 0.00263766 0.02074
          -0.0502623 0.0114229 0.0385829 -0.0493324 0.00444096 0.0373252 -0.0517486 -0.000150062 0.0317843
          -0.0502623 0.0114229 0.0385829 -0.0517486 -0.000150062 0.0317843 -0.0551043 0.0115 0.0296023
          -0.0493314 -0.00472947 0.02072 -0.0551043 0.00263766 0.02074 -0.0517486 -0.000150062 0.0317843
          -0.0493314 -0.00472947 0.02072 -0.0517486 -0.000150062 0.0317843 -0.04883 -0.0043047 0.0274162
          -0.0038582 -0.00547162 0.0282919 -0.0135636 -0.00547389 0.0282847 -0.0135636 0.00351794 0.038723
          -0.0038582 -0.00547162 0.0282919 -0.0135636 0.00351794 0.038723 -0.00385136 0.00351794 0.038723
          0.0152594 0.00407191 0.0376478 0.0225426 0.00479587 0.0361936 0.0256394 0.0004696 0.0313857
          0.0152594 0.00407191 0.0376478 0.0256394 0.0004696 0.0313857 0.0217135 -0.00294829 0.0274161
          0.0152594 0.00407191 0.0376478 0.0217135 -0.00294829 0.0274161 0.0148147 -0.00438646 0.0280544
          -0.00385136 0.0294249 0.0285845 -0.00385136 0.0196082 0.0391768 -0.0135636 0.0196082 0.0391768
          -0.00385136 0.0294249 0.0285845 -0.0135636 0.0196082 0.0391768 -0.0135636 0.0294249 0.0285845
          -0.0420103 0.0195414 0.0392045 -0.0495242 0.0186269 0.0376602 -0.0520983 0.023413 0.0324133
          -0.0420103 0.0195414 0.0392045 -0.0520983 0.023413 0.0324133 -0.0492616 0.0280183 0.0276411
          -0.0420103 0.0195414 0.0392045 -0.0492616 0.0280183 0.0276411 -0.0420103 0.029462 0.0284669
          0.0340205 0.0114489 0.0340098 0.0314285 0.0115437 0.0358798 0.025349 0.0114835 0.0371333
          0.0340205 0.0114489 0.0340098 0.025349 0.0114835 0.0371333 0.0226613 0.0184416 0.0365404
          0.0340205 0.0114489 0.0340098 0.0226613 0.0184416 0.0365404 0.0261001 0.0229923 0.0318442
          0.0340205 0.0114489 0.0340098 0.0261001 0.0229923 0.0318442 0.0357357 0.0204895 0.0296021
          -0.0420103 0.00472433 0.00533153 -0.0480926 0.0053229 0.00611284 -0.0508164 0.00132833 0.0104655
          -0.0420103 0.00472433 0.00533153 -0.0508164 0.00132833 0.0104655 -0.0483176 -0.0035247 0.0144934
          -0.0420103 0.00472433 0.00533153 -0.0483176 -0.0035247 0.0144934 -0.0420103 -0.00441278 0.013859
          -0.0232758 0.00465756 0.00535919 -0.0232758 -0.00440323 0.0138406 -0.0135636 -0.00440323 0.0138406
          -0.0232758 0.00465756 0.00535919 -0.0135636 -0.00440323 0.0138406 -0.0135636 0.00465756 0.00535919
          -0.0420103 0.0282354 0.0134307 -0.048719 0.027142 0.014172 -0.0511109 0.0218711 0.00996694
          -0.0420103 0.0282354 0.0134307 -0.0511109 0.0218711 0.00996694 -0.0482595 0.0178787 0.00587863
          -0.0420103 0.0282354 0.0134307 -0.0482595 0.0178787 0.00587863 -0.0420103 0.0184288 0.00496191
          -0.0232758 0.0184956 0.00498956 -0.0135636 0.0184956 0.00498956 -0.0135636 0.0282259 0.0134124
          -0.0232758 0.0184956 0.00498956 -0.0135636 0.0282259 0.0134124 -0.0232758 0.0282259 0.0134124
          -0.0420103 0.00353627 0.0387325 -0.0420103 -0.00551096 0.0281671 -0.04883 -0.0043047 0.0274162
          -0.0420103 0.00353627 0.0387325 -0.04883 -0.0043047 0.0274162 -0.0517486 -0.000150062 0.0317843
          -0.0420103 0.00353627 0.0387325 -0.0517486 -0.000150062 0.0317843 -0.0493324 0.00444096 0.0373252
          -0.0232758 -0.00547389 0.0282847 -0.0232758 0.00351794 0.038723 -0.0135636 0.00351794 0.038723
          -0.0232758 -0.00547389 0.0282847 -0.0135636 0.00351794 0.038723 -0.0135636 -0.00547389 0.0282847
          -0.0232758 0.0294249 0.0285845 -0.0135636 0.0294249 0.0285845 -0.0135636 0.0196082 0.0391768
          -0.0232758 0.0294249 0.0285845 -0.0135636 0.0196082 0.0391768 -0.0232758 0.0196082 0.0391768
          0.0440694 0.0186636 0.0280651 0.0357357 0.0204895 0.0296021 0.0358916 0.0235698 0.0206258
          0.0440694 0.0186636 0.0280651 0.0358916 0.0235698 0.0206258 0.0448801 0.0202026 0.0202529
          0.0340205 0.0114489 0.0340098 0.0357357 0.0204895 0.0296021 0.0440694 0.0186636 0.0280651
          0.0340205 0.0114489 0.0340098 0.0440694 0.0186636 0.0280651 0.0449623 0.0110208 0.0305485
          0.0481211 0.0115867 0.0154841 0.0425469 0.0115706 0.0128581 0.0415618 0.00574566 0.0147238
          0.0481211 0.0115867 0.0154841 0.0415618 0.00574566 0.0147238 0.0451348 0.003887 0.0205899
          0.0481211 0.0115867 0.0154841 0.0451348 0.003887 0.0205899 0.0500874 0.00647819 0.0212249
          0.0481211 0.0115867 0.0154841 0.0500874 0.00647819 0.0212249 0.0531383 0.00926774 0.0226816
          0.0348338 0.0116027 0.0101528 0.0348143 0.00396723 0.013193 0.0415618 0.00574566 0.0147238
          0.0348338 0.0116027 0.0101528 0.0415618 0.00574566 0.0147238 0.0425469 0.0115706 0.0128581
          0.0415618 0.00574566 0.0147238 0.0348143 0.00396723 0.013193 0.0352569 0.000247659 0.0206597
          0.0415618 0.00574566 0.0147238 0.0352569 0.000247659 0.0206597 0.0451348 0.003887 0.0205899
          0.0481211 0.0115867 0.0154841 0.0448801 0.0202026 0.0202529 0.0417232 0.0177553 0.0143844
          0.0481211 0.0115867 0.0154841 0.0417232 0.0177553 0.0143844 0.0425469 0.0115706 0.0128581
          0.0417232 0.0177553 0.0143844 0.0350331 0.0195315 0.0128297 0.0348338 0.0116027 0.0101528
          0.0417232 0.0177553 0.0143844 0.0348338 0.0116027 0.0101528 0.0425469 0.0115706 0.0128581
          0.0358916 0.0235698 0.0206258 0.0350331 0.0195315 0.0128297 0.0417232 0.0177553 0.0143844
          0.0358916 0.0235698 0.0206258 0.0417232 0.0177553 0.0143844 0.0448801 0.0202026 0.0202529
          0.0451348 0.003887 0.0205899 0.0422437 0.0044498 0.0280734 0.0449623 0.0110208 0.0305485
          0.0451348 0.003887 0.0205899 0.0449623 0.0110208 0.0305485 0.0505203 0.0131882 0.0275292
          0.0451348 0.003887 0.0205899 0.0505203 0.0131882 0.0275292 0.0531383 0.00926774 0.0226816
          0.0451348 0.003887 0.0205899 0.0531383 0.00926774 0.0226816 0.0500874 0.00647819 0.0212249
          0.0352569 0.000247659 0.0206597 0.0351554 0.00282668 0.0291757 0.0422437 0.0044498 0.0280734
          0.0352569 0.000247659 0.0206597 0.0422437 0.0044498 0.0280734 0.0451348 0.003887 0.0205899
          0.0422437 0.0044498 0.0280734 0.0351554 0.00282668 0.0291757 0.0340205 0.0114489 0.0340098
          0.0422437 0.0044498 0.0280734 0.0340205 0.0114489 0.0340098 0.0449623 0.0110208 0.0305485
          0.0505203 0.0131882 0.0275292 0.0493775 0.0167191 0.0262548 0.0503551 0.0174839 0.0226766
          0.0505203 0.0131882 0.0275292 0.0503551 0.0174839 0.0226766 0.0531383 0.00926774 0.0226816
          0.0503551 0.0174839 0.0226766 0.0493775 0.0167191 0.0262548 0.0440694 0.0186636 0.0280651
          0.0503551 0.0174839 0.0226766 0.0440694 0.0186636 0.0280651 0.0448801 0.0202026 0.0202529
          0.0440694 0.0186636 0.0280651 0.0493775 0.0167191 0.0262548 0.0505203 0.0131882 0.0275292
          0.0440694 0.0186636 0.0280651 0.0505203 0.0131882 0.0275292 0.0449623 0.0110208 0.0305485
          0.00579285 0.0304544 0.020748 0.0147113 0.029372 0.0207989 0.0150531 0.028346 0.0281424
          0.00579285 0.0304544 0.020748 0.0150531 0.028346 0.0281424 0.0058052 0.0294273 0.0285767
          0.0153689 0.0190967 0.038049 0.00582151 0.0196034 0.0391783 0.0058052 0.0294273 0.0285767
          0.0153689 0.0190967 0.038049 0.0058052 0.0294273 0.0285767 0.0150531 0.028346 0.0281424
          0.00581617 0.0114537 0.0407881 0.00582151 0.0196034 0.0391783 0.0153689 0.0190967 0.038049
          0.00581617 0.0114537 0.0407881 0.0153689 0.0190967 0.038049 0.0153136 0.0114854 0.0395642
          0.0226485 0.0275599 0.0209421 0.0358916 0.0235698 0.0206258 0.0357357 0.0204895 0.0296021
          0.0226485 0.0275599 0.0209421 0.0357357 0.0204895 0.0296021 0.0261001 0.0229923 0.0318442
          0.0226485 0.0275599 0.0209421 0.0261001 0.0229923 0.0318442 0.0221725 0.0269117 0.027303
          0.0226485 0.0275599 0.0209421 0.0221725 0.0269117 0.027303 0.0150531 0.028346 0.0281424
          0.0226485 0.0275599 0.0209421 0.0150531 0.028346 0.0281424 0.0147113 0.029372 0.0207989
          0.025349 0.0114835 0.0371333 0.0153136 0.0114854 0.0395642 0.0153689 0.0190967 0.038049
          0.025349 0.0114835 0.0371333 0.0153689 0.0190967 0.038049 0.0226613 0.0184416 0.0365404
          0.00515484 0.0115698 0.0038334 -0.0039245 0.0115912 0.00383247 -0.00390703 0.00466041 0.00535801
          0.00515484 0.0115698 0.0038334 -0.00390703 0.00466041 0.00535801 0.00535893 0.00470541 0.00533937
          -0.00388468 -0.00440639 0.0138467 0.00553458 -0.0044158 0.0138648 0.00535893 0.00470541 0.00533937
          -0.00388468 -0.00440639 0.0138467 0.00535893 0.00470541 0.00533937 -0.00390703 0.00466041 0.00535801
          0.00565055 -0.00641272 0.0208359 0.00553458 -0.0044158 0.0138648 -0.00388468 -0.00440639 0.0138467
          0.00565055 -0.00641272 0.0208359 -0.00388468 -0.00440639 0.0138467 -0.00387402 -0.00641127 0.0208026
          -0.0135636 0.0115936 0.00383236 -0.0135636 0.00465756 0.00535919 -0.00390703 0.00466041 0.00535801
          -0.0135636 0.0115936 0.00383236 -0.00390703 0.00466041 0.00535801 -0.0039245 0.0115912 0.00383247
          -0.0135636 -0.00641071 0.0207898 -0.00387402 -0.00641127 0.0208026 -0.00388468 -0.00440639 0.0138467
          -0.0135636 -0.00641071 0.0207898 -0.00388468 -0.00440639 0.0138467 -0.0135636 -0.00440323 0.0138406
          0.00515484 0.0115698 0.0038334 0.00535893 0.00470541 0.00533937 0.0123561 0.00519726 0.00572514
          0.00515484 0.0115698 0.0038334 0.0123561 0.00519726 0.00572514 0.0129427 0.011475 0.00451711
          0.0127575 -0.00386795 0.014191 0.0162409 0.000657687 0.00960447 0.0123561 0.00519726 0.00572514
          0.0127575 -0.00386795 0.014191 0.0123561 0.00519726 0.00572514 0.00535893 0.00470541 0.00533937
          0.0127575 -0.00386795 0.014191 0.00535893 0.00470541 0.00533937 0.00553458 -0.0044158 0.0138648
          0.0127575 -0.00386795 0.014191 0.0152095 -0.00516689 0.0204592 0.0220797 -0.00369083 0.0226922
          0.0127575 -0.00386795 0.014191 0.0220797 -0.00369083 0.0226922 0.0259914 -0.00249763 0.0202493
          0.0127575 -0.00386795 0.014191 0.0259914 -0.00249763 0.0202493 0.0262151 0.00229972 0.0113757
          0.0127575 -0.00386795 0.014191 0.0262151 0.00229972 0.0113757 0.0162409 0.000657687 0.00960447
          0.00565055 -0.00641272 0.0208359 0.0152095 -0.00516689 0.0204592 0.0127575 -0.00386795 0.014191
          0.00565055 -0.00641272 0.0208359 0.0127575 -0.00386795 0.014191 0.00553458 -0.0044158 0.0138648
          0.0262151 0.00229972 0.0113757 0.0263362 0.0116381 0.00771256 0.0129427 0.011475 0.00451711
          0.0262151 0.00229972 0.0113757 0.0129427 0.011475 0.00451711 0.0123561 0.00519726 0.00572514
          0.0262151 0.00229972 0.0113757 0.0123561 0.00519726 0.00572514 0.0162409 0.000657687 0.00960447
          -0.00390788 0.0184889 0.00498682 0.00531657 0.0183807 0.004942 0.00585253 0.028196 0.013355
          -0.00390788 0.0184889 0.00498682 0.00585253 0.028196 0.013355 -0.00384912 0.0282238 0.0134085
          0.00515484 0.0115698 0.0038334 0.00531657 0.0183807 0.004942 -0.00390788 0.0184889 0.00498682
          0.00515484 0.0115698 0.0038334 -0.00390788 0.0184889 0.00498682 -0.0039245 0.0115912 0.00383247
          0.00579285 0.0304544 0.020748 -0.00384927 0.0304543 0.0207444 -0.00384912 0.0282238 0.0134085
          0.00579285 0.0304544 0.020748 -0.00384912 0.0282238 0.0134085 0.00585253 0.028196 0.013355
          -0.0135636 0.0115936 0.00383236 -0.0039245 0.0115912 0.00383247 -0.00390788 0.0184889 0.00498682
          -0.0135636 0.0115936 0.00383236 -0.00390788 0.0184889 0.00498682 -0.0135636 0.0184956 0.00498956
          -0.0135636 0.0304543 0.0207443 -0.0135636 0.0282259 0.0134124 -0.00384912 0.0282238 0.0134085
          -0.0135636 0.0304543 0.0207443 -0.00384912 0.0282238 0.0134085 -0.00384927 0.0304543 0.0207444
          0.0123257 0.0178799 0.00534481 0.0129427 0.011475 0.00451711 0.0263362 0.0116381 0.00771256
          0.0123257 0.0178799 0.00534481 0.0263362 0.0116381 0.00771256 0.0258645 0.0221032 0.0115753
          0.0123257 0.0178799 0.00534481 0.0258645 0.0221032 0.0115753 0.0157463 0.0213861 0.00793035
          0.0123257 0.0178799 0.00534481 0.0157463 0.0213861 0.00793035 0.0148678 0.0272224 0.0139094
          0.0123257 0.0178799 0.00534481 0.0148678 0.0272224 0.0139094 0.00585253 0.028196 0.013355
          0.0123257 0.0178799 0.00534481 0.00585253 0.028196 0.013355 0.00531657 0.0183807 0.004942
          0.00515484 0.0115698 0.0038334 0.0129427 0.011475 0.00451711 0.0123257 0.0178799 0.00534481
          0.00515484 0.0115698 0.0038334 0.0123257 0.0178799 0.00534481 0.00531657 0.0183807 0.004942
          0.00579285 0.0304544 0.020748 0.00585253 0.028196 0.013355 0.0148678 0.0272224 0.0139094
          0.00579285 0.0304544 0.020748 0.0148678 0.0272224 0.0139094 0.0147113 0.029372 0.0207989
          0.0226485 0.0275599 0.0209421 0.0219326 0.0259789 0.0150219 0.0258645 0.0221032 0.0115753
          0.0226485 0.0275599 0.0209421 0.0258645 0.0221032 0.0115753 0.0350331 0.0195315 0.0128297
          0.0226485 0.0275599 0.0209421 0.0350331 0.0195315 0.0128297 0.0358916 0.0235698 0.0206258
          0.0226485 0.0275599 0.0209421 0.0147113 0.029372 0.0207989 0.0148678 0.0272224 0.0139094
          0.0226485 0.0275599 0.0209421 0.0148678 0.0272224 0.0139094 0.0219326 0.0259789 0.0150219
          -0.0038582 -0.00547162 0.0282919 -0.00385136 0.00351794 0.038723 0.00582152 0.0035177 0.0387225
          -0.0038582 -0.00547162 0.0282919 0.00582152 0.0035177 0.0387225 0.00580104 -0.00546504 0.0283128
          0.00565055 -0.00641272 0.0208359 -0.00387402 -0.00641127 0.0208026 -0.0038582 -0.00547162 0.0282919
          0.00565055 -0.00641272 0.0208359 -0.0038582 -0.00547162 0.0282919 0.00580104 -0.00546504 0.0283128
          0.00581617 0.0114537 0.0407881 0.00582152 0.0035177 0.0387225 -0.00385136 0.00351794 0.038723
          0.00581617 0.0114537 0.0407881 -0.00385136 0.00351794 0.038723 -0.00385136 0.0114565 0.0407889
          -0.0135636 -0.00641071 0.0207898 -0.0135636 -0.00547389 0.0282847 -0.0038582 -0.00547162 0.0282919
          -0.0135636 -0.00641071 0.0207898 -0.0038582 -0.00547162 0.0282919 -0.00387402 -0.00641127 0.0208026
          -0.0135636 0.0114565 0.0407889 -0.00385136 0.0114565 0.0407889 -0.00385136 0.00351794 0.038723
          -0.0135636 0.0114565 0.0407889 -0.00385136 0.00351794 0.038723 -0.0135636 0.00351794 0.038723
          0.0148147 -0.00438646 0.0280544 0.00580104 -0.00546504 0.0283128 0.00582152 0.0035177 0.0387225
          0.0148147 -0.00438646 0.0280544 0.00582152 0.0035177 0.0387225 0.0152594 0.00407191 0.0376478
          0.00565055 -0.00641272 0.0208359 0.00580104 -0.00546504 0.0283128 0.0148147 -0.00438646 0.0280544
          0.00565055 -0.00641272 0.0208359 0.0148147 -0.00438646 0.0280544 0.0152095 -0.00516689 0.0204592
          0.00581617 0.0114537 0.0407881 0.0153136 0.0114854 0.0395642 0.0152594 0.00407191 0.0376478
          0.00581617 0.0114537 0.0407881 0.0152594 0.00407191 0.0376478 0.00582152 0.0035177 0.0387225
          0.025349 0.0114835 0.0371333 0.0225426 0.00479587 0.0361936 0.0152594 0.00407191 0.0376478
          0.025349 0.0114835 0.0371333 0.0152594 0.00407191 0.0376478 0.0153136 0.0114854 0.0395642
          0.0220797 -0.00369083 0.0226922 0.0152095 -0.00516689 0.0204592 0.0148147 -0.00438646 0.0280544
          0.0220797 -0.00369083 0.0226922 0.0148147 -0.00438646 0.0280544 0.0217135 -0.00294829 0.0274161
          0.0220797 -0.00369083 0.0226922 0.0217135 -0.00294829 0.0274161 0.0256394 0.0004696 0.0313857
          0.0220797 -0.00369083 0.0226922 0.0256394 0.0004696 0.0313857 0.0351554 0.00282668 0.0291757
          0.0220797 -0.00369083 0.0226922 0.0351554 0.00282668 0.0291757 0.0352569 0.000247659 0.0206597
          0.0220797 -0.00369083 0.0226922 0.0352569 0.000247659 0.0206597 0.0259914 -0.00249763 0.0202493
          -0.00385136 0.0294249 0.0285845 0.0058052 0.0294273 0.0285767 0.00582151 0.0196034 0.0391783
          -0.00385136 0.0294249 0.0285845 0.00582151 0.0196034 0.0391783 -0.00385136 0.0196082 0.0391768
          0.00579285 0.0304544 0.020748 0.0058052 0.0294273 0.0285767 -0.00385136 0.0294249 0.0285845
          0.00579285 0.0304544 0.020748 -0.00385136 0.0294249 0.0285845 -0.00384927 0.0304543 0.0207444
          0.00581617 0.0114537 0.0407881 -0.00385136 0.0114565 0.0407889 -0.00385136 0.0196082 0.0391768
          0.00581617 0.0114537 0.0407881 -0.00385136 0.0196082 0.0391768 0.00582151 0.0196034 0.0391783
          -0.0135636 0.0304543 0.0207443 -0.00384927 0.0304543 0.0207444 -0.00385136 0.0294249 0.0285845
          -0.0135636 0.0304543 0.0207443 -0.00385136 0.0294249 0.0285845 -0.0135636 0.0294249 0.0285845
          -0.0135636 0.0114565 0.0407889 -0.0135636 0.0196082 0.0391768 -0.00385136 0.0196082 0.0391768
          -0.0135636 0.0114565 0.0407889 -0.00385136 0.0196082 0.0391768 -0.00385136 0.0114565 0.0407889
          -0.0329096 0.0304542 0.0207421 -0.0329182 0.0294282 0.028574 -0.0420103 0.029462 0.0284669
          -0.0329096 0.0304542 0.0207421 -0.0420103 0.029462 0.0284669 -0.0419218 0.0304533 0.0207226
          -0.0329182 0.0196026 0.0391791 -0.0420103 0.0195414 0.0392045 -0.0420103 0.029462 0.0284669
          -0.0329182 0.0196026 0.0391791 -0.0420103 0.029462 0.0284669 -0.0329182 0.0294282 0.028574
          -0.0329096 0.0114543 0.0407888 -0.0419218 0.0114348 0.0407879 -0.0420103 0.0195414 0.0392045
          -0.0329096 0.0114543 0.0407888 -0.0420103 0.0195414 0.0392045 -0.0329182 0.0196026 0.0391791
          -0.0497801 0.0285006 0.0206184 -0.0419218 0.0304533 0.0207226 -0.0420103 0.029462 0.0284669
          -0.0497801 0.0285006 0.0206184 -0.0420103 0.029462 0.0284669 -0.0492616 0.0280183 0.0276411
          -0.0502623 0.0114229 0.0385829 -0.0495242 0.0186269 0.0376602 -0.0420103 0.0195414 0.0392045
          -0.0502623 0.0114229 0.0385829 -0.0420103 0.0195414 0.0392045 -0.0419218 0.0114348 0.0407879
          -0.0329182 0.00466318 0.00535686 -0.0420103 0.00472433 0.00533153 -0.0420103 -0.00441278 0.013859
          -0.0329182 0.00466318 0.00535686 -0.0420103 -0.00441278 0.013859 -0.0329182 -0.00440374 0.0138416
          -0.0329096 0.0115914 0.00383245 -0.0419218 0.011572 0.0038333 -0.0420103 0.00472433 0.00533153
          -0.0329096 0.0115914 0.00383245 -0.0420103 0.00472433 0.00533153 -0.0329182 0.00466318 0.00535686
          -0.0329096 -0.00641061 0.0207876 -0.0329182 -0.00440374 0.0138416 -0.0420103 -0.00441278 0.013859
          -0.0329096 -0.00641061 0.0207876 -0.0420103 -0.00441278 0.013859 -0.0419218 -0.00640976 0.0207682
          -0.0489014 0.0115258 0.00525411 -0.0480926 0.0053229 0.00611284 -0.0420103 0.00472433 0.00533153
          -0.0489014 0.0115258 0.00525411 -0.0420103 0.00472433 0.00533153 -0.0419218 0.011572 0.0038333
          -0.0493314 -0.00472947 0.02072 -0.0419218 -0.00640976 0.0207682 -0.0420103 -0.00441278 0.013859
          -0.0493314 -0.00472947 0.02072 -0.0420103 -0.00441278 0.013859 -0.0483176 -0.0035247 0.0144934
          -0.0329096 0.0115914 0.00383245 -0.0329182 0.00466318 0.00535686 -0.0232758 0.00465756 0.00535919
          -0.0329096 0.0115914 0.00383245 -0.0232758 0.00465756 0.00535919 -0.0232758 0.0115936 0.00383236
          -0.0232758 -0.00440323 0.0138406 -0.0232758 0.00465756 0.00535919 -0.0329182 0.00466318 0.00535686
          -0.0232758 -0.00440323 0.0138406 -0.0329182 0.00466318 0.00535686 -0.0329182 -0.00440374 0.0138416
          -0.0329096 -0.00641061 0.0207876 -0.0232758 -0.00641071 0.0207898 -0.0232758 -0.00440323 0.0138406
          -0.0329096 -0.00641061 0.0207876 -0.0232758 -0.00440323 0.0138406 -0.0329182 -0.00440374 0.0138416
          -0.0135636 0.0115936 0.00383236 -0.0232758 0.0115936 0.00383236 -0.0232758 0.00465756 0.00535919
          -0.0135636 0.0115936 0.00383236 -0.0232758 0.00465756 0.00535919 -0.0135636 0.00465756 0.00535919
          -0.0135636 -0.00641071 0.0207898 -0.0135636 -0.00440323 0.0138406 -0.0232758 -0.00440323 0.0138406
          -0.0135636 -0.00641071 0.0207898 -0.0232758 -0.00440323 0.0138406 -0.0232758 -0.00641071 0.0207898
          0.0348338 0.0116027 0.0101528 0.0263362 0.0116381 0.00771256 0.0262151 0.00229972 0.0113757
          0.0348338 0.0116027 0.0101528 0.0262151 0.00229972 0.0113757 0.0348143 0.00396723 0.013193
          0.0352569 0.000247659 0.0206597 0.0348143 0.00396723 0.013193 0.0262151 0.00229972 0.0113757
          0.0352569 0.000247659 0.0206597 0.0262151 0.00229972 0.0113757 0.0259914 -0.00249763 0.0202493
          -0.0329096 0.0115914 0.00383245 -0.0329182 0.0184899 0.00498723 -0.0420103 0.0184288 0.00496191
          -0.0329096 0.0115914 0.00383245 -0.0420103 0.0184288 0.00496191 -0.0419218 0.011572 0.0038333
          -0.0329182 0.0282264 0.0134133 -0.0420103 0.0282354 0.0134307 -0.0420103 0.0184288 0.00496191
          -0.0329182 0.0282264 0.0134133 -0.0420103 0.0184288 0.00496191 -0.0329182 0.0184899 0.00498723
          -0.0329096 0.0304542 0.0207421 -0.0419218 0.0304533 0.0207226 -0.0420103 0.0282354 0.0134307
          -0.0329096 0.0304542 0.0207421 -0.0420103 0.0282354 0.0134307 -0.0329182 0.0282264 0.0134133
          -0.0497801 0.0285006 0.0206184 -0.048719 0.027142 0.014172 -0.0420103 0.0282354 0.0134307
          -0.0497801 0.0285006 0.0206184 -0.0420103 0.0282354 0.0134307 -0.0419218 0.0304533 0.0207226
          -0.0489014 0.0115258 0.00525411 -0.0419218 0.011572 0.0038333 -0.0420103 0.0184288 0.00496191
          -0.0489014 0.0115258 0.00525411 -0.0420103 0.0184288 0.00496191 -0.0482595 0.0178787 0.00587863
          -0.0232758 0.0184956 0.00498956 -0.0232758 0.0282259 0.0134124 -0.0329182 0.0282264 0.0134133
          -0.0232758 0.0184956 0.00498956 -0.0329182 0.0282264 0.0134133 -0.0329182 0.0184899 0.00498723
          -0.0329096 0.0115914 0.00383245 -0.0232758 0.0115936 0.00383236 -0.0232758 0.0184956 0.00498956
          -0.0329096 0.0115914 0.00383245 -0.0232758 0.0184956 0.00498956 -0.0329182 0.0184899 0.00498723
          -0.0329096 0.0304542 0.0207421 -0.0329182 0.0282264 0.0134133 -0.0232758 0.0282259 0.0134124
          -0.0329096 0.0304542 0.0207421 -0.0232758 0.0282259 0.0134124 -0.0232758 0.0304543 0.0207443
          -0.0135636 0.0115936 0.00383236 -0.0135636 0.0184956 0.00498956 -0.0232758 0.0184956 0.00498956
          -0.0135636 0.0115936 0.00383236 -0.0232758 0.0184956 0.00498956 -0.0232758 0.0115936 0.00383236
          -0.0135636 0.0304543 0.0207443 -0.0232758 0.0304543 0.0207443 -0.0232758 0.0282259 0.0134124
          -0.0135636 0.0304543 0.0207443 -0.0232758 0.0282259 0.0134124 -0.0135636 0.0282259 0.0134124
          0.0258645 0.0221032 0.0115753 0.0263362 0.0116381 0.00771256 0.0348338 0.0116027 0.0101528
          0.0258645 0.0221032 0.0115753 0.0348338 0.0116027 0.0101528 0.0350331 0.0195315 0.0128297
          -0.0329182 -0.00547721 0.0282741 -0.0420103 -0.00551096 0.0281671 -0.0420103 0.00353627 0.0387325
          -0.0329182 -0.00547721 0.0282741 -0.0420103 0.00353627 0.0387325 -0.0329182 0.0035189 0.0387235
          -0.0329096 -0.00641061 0.0207876 -0.0419218 -0.00640976 0.0207682 -0.0420103 -0.00551096 0.0281671
          -0.0329096 -0.00641061 0.0207876 -0.0420103 -0.00551096 0.0281671 -0.0329182 -0.00547721 0.0282741
          -0.0329096 0.0114543 0.0407888 -0.0329182 0.0035189 0.0387235 -0.0420103 0.00353627 0.0387325
          -0.0329096 0.0114543 0.0407888 -0.0420103 0.00353627 0.0387325 -0.0419218 0.0114348 0.0407879
          -0.0502623 0.0114229 0.0385829 -0.0419218 0.0114348 0.0407879 -0.0420103 0.00353627 0.0387325
          -0.0502623 0.0114229 0.0385829 -0.0420103 0.00353627 0.0387325 -0.0493324 0.00444096 0.0373252
          -0.0493314 -0.00472947 0.02072 -0.04883 -0.0043047 0.0274162 -0.0420103 -0.00551096 0.0281671
          -0.0493314 -0.00472947 0.02072 -0.0420103 -0.00551096 0.0281671 -0.0419218 -0.00640976 0.0207682
          -0.0232758 -0.00547389 0.0282847 -0.0329182 -0.00547721 0.0282741 -0.0329182 0.0035189 0.0387235
          -0.0232758 -0.00547389 0.0282847 -0.0329182 0.0035189 0.0387235 -0.0232758 0.00351794 0.038723
          -0.0329096 -0.00641061 0.0207876 -0.0329182 -0.00547721 0.0282741 -0.0232758 -0.00547389 0.0282847
          -0.0329096 -0.00641061 0.0207876 -0.0232758 -0.00547389 0.0282847 -0.0232758 -0.00641071 0.0207898
          -0.0329096 0.0114543 0.0407888 -0.0232758 0.0114565 0.0407889 -0.0232758 0.00351794 0.038723
          -0.0329096 0.0114543 0.0407888 -0.0232758 0.00351794 0.038723 -0.0329182 0.0035189 0.0387235
          -0.0135636 -0.00641071 0.0207898 -0.0232758 -0.00641071 0.0207898 -0.0232758 -0.00547389 0.0282847
          -0.0135636 -0.00641071 0.0207898 -0.0232758 -0.00547389 0.0282847 -0.0135636 -0.00547389 0.0282847
          -0.0135636 0.0114565 0.0407889 -0.0135636 0.00351794 0.038723 -0.0232758 0.00351794 0.038723
          -0.0135636 0.0114565 0.0407889 -0.0232758 0.00351794 0.038723 -0.0232758 0.0114565 0.0407889
          0.0340205 0.0114489 0.0340098 0.0351554 0.00282668 0.0291757 0.0256394 0.0004696 0.0313857
          0.0340205 0.0114489 0.0340098 0.0256394 0.0004696 0.0313857 0.0225426 0.00479587 0.0361936
          0.0340205 0.0114489 0.0340098 0.0225426 0.00479587 0.0361936 0.025349 0.0114835 0.0371333
          0.0340205 0.0114489 0.0340098 0.025349 0.0114835 0.0371333 0.0314285 0.0115437 0.0358798
          -0.0232758 0.0294249 0.0285845 -0.0232758 0.0196082 0.0391768 -0.0329182 0.0196026 0.0391791
          -0.0232758 0.0294249 0.0285845 -0.0329182 0.0196026 0.0391791 -0.0329182 0.0294282 0.028574
          -0.0329096 0.0304542 0.0207421 -0.0232758 0.0304543 0.0207443 -0.0232758 0.0294249 0.0285845
          -0.0329096 0.0304542 0.0207421 -0.0232758 0.0294249 0.0285845 -0.0329182 0.0294282 0.028574
          -0.0329096 0.0114543 0.0407888 -0.0329182 0.0196026 0.0391791 -0.0232758 0.0196082 0.0391768
          -0.0329096 0.0114543 0.0407888 -0.0232758 0.0196082 0.0391768 -0.0232758 0.0114565 0.0407889
          -0.0135636 0.0304543 0.0207443 -0.0135636 0.0294249 0.0285845 -0.0232758 0.0294249 0.0285845
          -0.0135636 0.0304543 0.0207443 -0.0232758 0.0294249 0.0285845 -0.0232758 0.0304543 0.0207443
          -0.0135636 0.0114565 0.0407889 -0.0232758 0.0114565 0.0407889 -0.0232758 0.0196082 0.0391768
          -0.0135636 0.0114565 0.0407889 -0.0232758 0.0196082 0.0391768 -0.0135636 0.0196082 0.0391768
          -0.370742 0.00717919 0.0106688 -0.371364 0.00741871 0.0171171 -0.370503 0.00116835 0.0183773
          -0.370742 0.00717919 0.0106688 -0.370503 0.00116835 0.0183773 -0.369768 0.00100694 0.0105496
          -0.367938 0.00432919 -0.0153639 -0.368743 0.010443 -0.0170142 -0.369626 0.0109086 -0.00808144
          -0.367938 0.00432919 -0.0153639 -0.369626 0.0109086 -0.00808144 -0.368505 0.00372867 -0.00808174
          -0.36914 0.00207436 0.00177707 -0.370297 0.0101445 0.00064654 -0.370742 0.00717919 0.0106688
          -0.36914 0.00207436 0.00177707 -0.370742 0.00717919 0.0106688 -0.369768 0.00100694 0.0105496
          -0.368481 -0.00748156 0.0109688 -0.369768 0.00100694 0.0105496 -0.370503 0.00116835 0.0183773
          -0.368481 -0.00748156 0.0109688 -0.370503 0.00116835 0.0183773 -0.369285 -0.00732529 0.0195654
          -0.370742 0.00717919 0.0106688 -0.367581 0.00788323 0.00821092 -0.366752 0.00104837 0.010833
          -0.370742 0.00717919 0.0106688 -0.366752 0.00104837 0.010833 -0.367212 -0.00112577 0.019661
          -0.370742 0.00717919 0.0106688 -0.367212 -0.00112577 0.019661 -0.370503 0.00116835 0.0183773
          -0.370742 0.00717919 0.0106688 -0.370503 0.00116835 0.0183773 -0.371364 0.00741871 0.0171171
          -0.358321 -0.0294477 -0.0296706 -0.357927 -0.0277333 -0.0369703 -0.356752 -0.0358189 -0.0360047
          -0.358321 -0.0294477 -0.0296706 -0.356752 -0.0358189 -0.0360047 -0.357354 -0.0368633 -0.0275612
          -0.357915 -0.0387695 -0.0180848 -0.357354 -0.0368633 -0.0275612 -0.356109 -0.0453838 -0.0266237
          -0.357915 -0.0387695 -0.0180848 -0.356109 -0.0453838 -0.0266237 -0.356803 -0.0460477 -0.0178213
          -0.358321 -0.0294477 -0.0296706 -0.357354 -0.0368633 -0.0275612 -0.357915 -0.0387695 -0.0180848
          -0.358321 -0.0294477 -0.0296706 -0.357915 -0.0387695 -0.0180848 -0.360095 -0.0254728 -0.0169428
          -0.358321 -0.0294477 -0.0296706 -0.360095 -0.0254728 -0.0169428 -0.359205 -0.0257191 -0.0263379
          -0.369626 0.0109086 -0.00808144 -0.368743 0.010443 -0.0170142 -0.369468 0.0160964 -0.014553
          -0.369626 0.0109086 -0.00808144 -0.369468 0.0160964 -0.014553 -0.370161 0.0167688 -0.00827776
          -0.363976 -0.010089 -0.0342446 -0.359667 -0.0174829 -0.0354293 -0.36063 -0.0166119 -0.0262962
          -0.363976 -0.010089 -0.0342446 -0.36063 -0.0166119 -0.0262962 -0.361942 -0.00808186 -0.0265102
          -0.360095 -0.0254728 -0.0169428 -0.361244 -0.0175753 -0.0178641 -0.36063 -0.0166119 -0.0262962
          -0.360095 -0.0254728 -0.0169428 -0.36063 -0.0166119 -0.0262962 -0.359205 -0.0257191 -0.0263379
          -0.362654 -0.00838582 -0.0181315 -0.361942 -0.00808186 -0.0265102 -0.36063 -0.0166119 -0.0262962
          -0.362654 -0.00838582 -0.0181315 -0.36063 -0.0166119 -0.0262962 -0.361244 -0.0175753 -0.0178641
          -0.363976 -0.010089 -0.0342446 -0.362848 0.000653483 -0.0315601 -0.366269 0.000296803 -0.0268356
          -0.363976 -0.010089 -0.0342446 -0.366269 0.000296803 -0.0268356 -0.364863 -0.00859663 -0.0270305
          -0.367066 0.000519633 -0.0184265 -0.366269 0.000296803 -0.0268356 -0.364449 0.00717902 -0.0251396
          -0.367066 0.000519633 -0.0184265 -0.364449 0.00717902 -0.0251396 -0.368134 0.0104586 -0.0237717
          -0.367066 0.000519633 -0.0184265 -0.368134 0.0104586 -0.0237717 -0.368743 0.010443 -0.0170142
          -0.367066 0.000519633 -0.0184265 -0.368743 0.010443 -0.0170142 -0.367938 0.00432919 -0.0153639
          -0.363775 0.00697351 -0.0322183 -0.364449 0.00717902 -0.0251396 -0.366269 0.000296803 -0.0268356
          -0.363775 0.00697351 -0.0322183 -0.366269 0.000296803 -0.0268356 -0.362848 0.000653483 -0.0315601
          -0.365732 -0.00822646 -0.0180816 -0.364863 -0.00859663 -0.0270305 -0.366269 0.000296803 -0.0268356
          -0.365732 -0.00822646 -0.0180816 -0.366269 0.000296803 -0.0268356 -0.367066 0.000519633 -0.0184265
          -0.357579 -0.0464172 -0.00862912 -0.35804 -0.048914 0.000762669 -0.3603 -0.0351603 0.0020066
          -0.357579 -0.0464172 -0.00862912 -0.3603 -0.0351603 0.0020066 -0.359358 -0.0356013 -0.00762804
          -0.357579 -0.0464172 -0.00862912 -0.359358 -0.0356013 -0.00762804 -0.358476 -0.0394233 -0.0107706
          -0.357579 -0.0464172 -0.00862912 -0.358476 -0.0394233 -0.0107706 -0.357915 -0.0387695 -0.0180848
          -0.357579 -0.0464172 -0.00862912 -0.357915 -0.0387695 -0.0180848 -0.356803 -0.0460477 -0.0178213
          -0.357915 -0.0387695 -0.0180848 -0.358476 -0.0394233 -0.0107706 -0.359358 -0.0356013 -0.00762804
          -0.357915 -0.0387695 -0.0180848 -0.359358 -0.0356013 -0.00762804 -0.360684 -0.0268409 -0.00808104
          -0.357915 -0.0387695 -0.0180848 -0.360684 -0.0268409 -0.00808104 -0.360095 -0.0254728 -0.0169428
          -0.361468 -0.027278 0.0013199 -0.360684 -0.0268409 -0.00808104 -0.359358 -0.0356013 -0.00762804
          -0.361468 -0.027278 0.0013199 -0.359358 -0.0356013 -0.00762804 -0.3603 -0.0351603 0.0020066
          -0.361691 -0.0450556 0.000771202 -0.36072 -0.0511333 0.000520614 -0.359744 -0.0523866 -0.00808812
          -0.361691 -0.0450556 0.000771202 -0.359744 -0.0523866 -0.00808812 -0.360904 -0.045078 -0.00787354
          -0.359991 -0.0453145 -0.0175423 -0.360904 -0.045078 -0.00787354 -0.359744 -0.0523866 -0.00808812
          -0.359991 -0.0453145 -0.0175423 -0.359744 -0.0523866 -0.00808812 -0.358957 -0.0522022 -0.0170894
          -0.361691 -0.0450556 0.000771202 -0.363162 -0.0360699 0.00152223 -0.363958 -0.0358957 0.00999903
          -0.361691 -0.0450556 0.000771202 -0.363958 -0.0358957 0.00999903 -0.362581 -0.0438668 0.0085384
          -0.366122 -0.0272915 0.0190676 -0.361884 -0.0341074 0.0176793 -0.363958 -0.0358957 0.00999903
          -0.366122 -0.0272915 0.0190676 -0.363958 -0.0358957 0.00999903 -0.365267 -0.0276322 0.0102182
          -0.363549 -0.0420404 0.0160731 -0.362581 -0.0438668 0.0085384 -0.363958 -0.0358957 0.00999903
          -0.363549 -0.0420404 0.0160731 -0.363958 -0.0358957 0.00999903 -0.361884 -0.0341074 0.0176793
          -0.364579 -0.0269247 0.00140991 -0.365267 -0.0276322 0.0102182 -0.363958 -0.0358957 0.00999903
          -0.364579 -0.0269247 0.00140991 -0.363958 -0.0358957 0.00999903 -0.363162 -0.0360699 0.00152223
          -0.355783 -0.0528674 -0.0173366 -0.356711 -0.0521642 -0.00829819 -0.357579 -0.0464172 -0.00862912
          -0.355783 -0.0528674 -0.0173366 -0.357579 -0.0464172 -0.00862912 -0.356803 -0.0460477 -0.0178213
          -0.355783 -0.0528674 -0.0173366 -0.358957 -0.0522022 -0.0170894 -0.359744 -0.0523866 -0.00808812
          -0.355783 -0.0528674 -0.0173366 -0.359744 -0.0523866 -0.00808812 -0.356711 -0.0521642 -0.00829819
          -0.364353 -0.00859212 0.000974342 -0.363489 -0.00853005 -0.00867429 -0.362045 -0.0178982 -0.00847135
          -0.364353 -0.00859212 0.000974342 -0.362045 -0.0178982 -0.00847135 -0.36288 -0.018087 0.00107367
          -0.360095 -0.0254728 -0.0169428 -0.360684 -0.0268409 -0.00808104 -0.362045 -0.0178982 -0.00847135
          -0.360095 -0.0254728 -0.0169428 -0.362045 -0.0178982 -0.00847135 -0.361244 -0.0175753 -0.0178641
          -0.362654 -0.00838582 -0.0181315 -0.361244 -0.0175753 -0.0178641 -0.362045 -0.0178982 -0.00847135
          -0.362654 -0.00838582 -0.0181315 -0.362045 -0.0178982 -0.00847135 -0.363489 -0.00853005 -0.00867429
          -0.361468 -0.027278 0.0013199 -0.36288 -0.018087 0.00107367 -0.362045 -0.0178982 -0.00847135
          -0.361468 -0.027278 0.0013199 -0.362045 -0.0178982 -0.00847135 -0.360684 -0.0268409 -0.00808104
          -0.36914 0.00207436 0.00177707 -0.368505 0.00372867 -0.00808174 -0.369626 0.0109086 -0.00808144
          -0.36914 0.00207436 0.00177707 -0.369626 0.0109086 -0.00808144 -0.370297 0.0101445 0.00064654
          -0.365732 -0.00822646 -0.0180816 -0.367066 0.000519633 -0.0184265 -0.367938 0.00432919 -0.0153639
          -0.365732 -0.00822646 -0.0180816 -0.367938 0.00432919 -0.0153639 -0.368505 0.00372867 -0.00808174
          -0.365732 -0.00822646 -0.0180816 -0.368505 0.00372867 -0.00808174 -0.366324 -0.0095449 -0.00927968
          -0.366714 -0.0183905 0.0102663 -0.365899 -0.0180986 0.000766971 -0.367218 -0.0093173 0.00019293
          -0.366714 -0.0183905 0.0102663 -0.367218 -0.0093173 0.00019293 -0.368119 -0.00550016 0.003568
          -0.366714 -0.0183905 0.0102663 -0.368119 -0.00550016 0.003568 -0.368481 -0.00748156 0.0109688
          -0.366714 -0.0183905 0.0102663 -0.368481 -0.00748156 0.0109688 -0.367586 -0.0146973 0.0135262
          -0.368481 -0.00748156 0.0109688 -0.369285 -0.00732529 0.0195654 -0.368173 -0.0148674 0.0202952
          -0.368481 -0.00748156 0.0109688 -0.368173 -0.0148674 0.0202952 -0.367586 -0.0146973 0.0135262
          -0.366714 -0.0183905 0.0102663 -0.367586 -0.0146973 0.0135262 -0.368173 -0.0148674 0.0202952
          -0.366714 -0.0183905 0.0102663 -0.368173 -0.0148674 0.0202952 -0.366122 -0.0272915 0.0190676
          -0.366714 -0.0183905 0.0102663 -0.366122 -0.0272915 0.0190676 -0.365267 -0.0276322 0.0102182
          -0.364579 -0.0269247 0.00140991 -0.365899 -0.0180986 0.000766971 -0.366714 -0.0183905 0.0102663
          -0.364579 -0.0269247 0.00140991 -0.366714 -0.0183905 0.0102663 -0.365267 -0.0276322 0.0102182
          -0.356752 -0.0358189 -0.0360047 -0.356672 -0.0332088 -0.0419772 -0.359631 -0.0331786 -0.0424236
          -0.356752 -0.0358189 -0.0360047 -0.359631 -0.0331786 -0.0424236 -0.359842 -0.0355905 -0.035942
          -0.356752 -0.0358189 -0.0360047 -0.357927 -0.0277333 -0.0369703 -0.35757 -0.0271261 -0.0419546
          -0.356752 -0.0358189 -0.0360047 -0.35757 -0.0271261 -0.0419546 -0.356672 -0.0332088 -0.0419772
          -0.359631 -0.0331786 -0.0424236 -0.356672 -0.0332088 -0.0419772 -0.35757 -0.0271261 -0.0419546
          -0.359631 -0.0331786 -0.0424236 -0.35757 -0.0271261 -0.0419546 -0.360604 -0.0266393 -0.0429534
          -0.358385 -0.0518294 -0.0240513 -0.355289 -0.0520536 -0.0241865 -0.356109 -0.0453838 -0.0266237
          -0.358385 -0.0518294 -0.0240513 -0.356109 -0.0453838 -0.0266237 -0.359235 -0.0449831 -0.0264629
          -0.355783 -0.0528674 -0.0173366 -0.356803 -0.0460477 -0.0178213 -0.356109 -0.0453838 -0.0266237
          -0.355783 -0.0528674 -0.0173366 -0.356109 -0.0453838 -0.0266237 -0.355289 -0.0520536 -0.0241865
          -0.355783 -0.0528674 -0.0173366 -0.355289 -0.0520536 -0.0241865 -0.358385 -0.0518294 -0.0240513
          -0.355783 -0.0528674 -0.0173366 -0.358385 -0.0518294 -0.0240513 -0.358957 -0.0522022 -0.0170894
          -0.367204 0.0099372 0.000506945 -0.370297 0.0101445 0.00064654 -0.370038 0.016499 -0.00191588
          -0.367204 0.0099372 0.000506945 -0.370038 0.016499 -0.00191588 -0.368039 0.0167826 -0.00206829
          -0.369742 -0.00795275 0.0256949 -0.369285 -0.00732529 0.0195654 -0.370503 0.00116835 0.0183773
          -0.369742 -0.00795275 0.0256949 -0.370503 0.00116835 0.0183773 -0.370154 -0.00188347 0.0255753
          -0.367653 -0.00205786 0.0261275 -0.370154 -0.00188347 0.0255753 -0.370503 0.00116835 0.0183773
          -0.367653 -0.00205786 0.0261275 -0.370503 0.00116835 0.0183773 -0.367212 -0.00112577 0.019661
          -0.369626 0.0109086 -0.00808144 -0.370161 0.0167688 -0.00827776 -0.370038 0.016499 -0.00191588
          -0.369626 0.0109086 -0.00808144 -0.370038 0.016499 -0.00191588 -0.370297 0.0101445 0.00064654
          -0.368173 -0.0148674 0.0202952 -0.369285 -0.00732529 0.0195654 -0.369742 -0.00795275 0.0256949
          -0.368173 -0.0148674 0.0202952 -0.369742 -0.00795275 0.0256949 -0.368778 -0.0145348 0.0263893
          -0.368173 -0.0148674 0.0202952 -0.368778 -0.0145348 0.0263893 -0.365125 -0.0176665 0.0251212
          -0.368173 -0.0148674 0.0202952 -0.365125 -0.0176665 0.0251212 -0.363629 -0.0267818 0.0243146
          -0.368173 -0.0148674 0.0202952 -0.363629 -0.0267818 0.0243146 -0.366122 -0.0272915 0.0190676
          -0.358872 -0.0206788 -0.0386936 -0.359667 -0.0174829 -0.0354293 -0.362042 -0.0182411 -0.0415484
          -0.358872 -0.0206788 -0.0386936 -0.362042 -0.0182411 -0.0415484 -0.358425 -0.0209148 -0.0432167
          -0.363976 -0.010089 -0.0342446 -0.363035 -0.0118145 -0.0416638 -0.362042 -0.0182411 -0.0415484
          -0.363976 -0.010089 -0.0342446 -0.362042 -0.0182411 -0.0415484 -0.359667 -0.0174829 -0.0354293
          -0.35757 -0.0271261 -0.0419546 -0.357927 -0.0277333 -0.0369703 -0.358872 -0.0206788 -0.0386936
          -0.35757 -0.0271261 -0.0419546 -0.358872 -0.0206788 -0.0386936 -0.358425 -0.0209148 -0.0432167
          -0.35757 -0.0271261 -0.0419546 -0.358425 -0.0209148 -0.0432167 -0.362042 -0.0182411 -0.0415484
          -0.35757 -0.0271261 -0.0419546 -0.362042 -0.0182411 -0.0415484 -0.360604 -0.0266393 -0.0429534
          -0.366122 -0.0272915 0.0190676 -0.363629 -0.0267818 0.0243146 -0.362772 -0.0327672 0.025164
          -0.366122 -0.0272915 0.0190676 -0.362772 -0.0327672 0.025164 -0.361884 -0.0341074 0.0176793
          -0.368481 -0.00748156 0.0109688 -0.368119 -0.00550016 0.003568 -0.36914 0.00207436 0.00177707
          -0.368481 -0.00748156 0.0109688 -0.36914 0.00207436 0.00177707 -0.369768 0.00100694 0.0105496
          -0.36914 0.00207436 0.00177707 -0.368119 -0.00550016 0.003568 -0.367218 -0.0093173 0.00019293
          -0.36914 0.00207436 0.00177707 -0.367218 -0.0093173 0.00019293 -0.366324 -0.0095449 -0.00927968
          -0.36914 0.00207436 0.00177707 -0.366324 -0.0095449 -0.00927968 -0.368505 0.00372867 -0.00808174
          -0.364353 -0.00859212 0.000974342 -0.365206 -0.00869142 0.0105534 -0.366752 0.00104837 0.010833
          -0.364353 -0.00859212 0.000974342 -0.366752 0.00104837 0.010833 -0.365805 0.000827091 0.000774397
          -0.367204 0.0099372 0.000506945 -0.365805 0.000827091 0.000774397 -0.366752 0.00104837 0.010833
          -0.367204 0.0099372 0.000506945 -0.366752 0.00104837 0.010833 -0.367581 0.00788323 0.00821092
          -0.367204 0.0099372 0.000506945 -0.367581 0.00788323 0.00821092 -0.370742 0.00717919 0.0106688
          -0.367204 0.0099372 0.000506945 -0.370742 0.00717919 0.0106688 -0.370297 0.0101445 0.00064654
          -0.366031 -0.00858179 0.0194703 -0.367212 -0.00112577 0.019661 -0.366752 0.00104837 0.010833
          -0.366031 -0.00858179 0.0194703 -0.366752 0.00104837 0.010833 -0.365206 -0.00869142 0.0105534
          -0.356109 -0.0453838 -0.0266237 -0.357354 -0.0368633 -0.0275612 -0.356752 -0.0358189 -0.0360047
          -0.356109 -0.0453838 -0.0266237 -0.356752 -0.0358189 -0.0360047 -0.355842 -0.0429564 -0.0337575
          -0.358933 -0.0427501 -0.0336431 -0.359842 -0.0355905 -0.035942 -0.360631 -0.0358026 -0.0268718
          -0.358933 -0.0427501 -0.0336431 -0.360631 -0.0358026 -0.0268718 -0.359235 -0.0449831 -0.0264629
          -0.358933 -0.0427501 -0.0336431 -0.355842 -0.0429564 -0.0337575 -0.356752 -0.0358189 -0.0360047
          -0.358933 -0.0427501 -0.0336431 -0.356752 -0.0358189 -0.0360047 -0.359842 -0.0355905 -0.035942
          -0.358933 -0.0427501 -0.0336431 -0.359235 -0.0449831 -0.0264629 -0.356109 -0.0453838 -0.0266237
          -0.358933 -0.0427501 -0.0336431 -0.356109 -0.0453838 -0.0266237 -0.355842 -0.0429564 -0.0337575
          -0.36293 -0.026491 -0.0175381 -0.361456 -0.0359821 -0.0174595 -0.360631 -0.0358026 -0.0268718
          -0.36293 -0.026491 -0.0175381 -0.360631 -0.0358026 -0.0268718 -0.362073 -0.0264481 -0.0270756
          -0.361203 -0.0268907 -0.0359117 -0.362073 -0.0264481 -0.0270756 -0.360631 -0.0358026 -0.0268718
          -0.361203 -0.0268907 -0.0359117 -0.360631 -0.0358026 -0.0268718 -0.359842 -0.0355905 -0.035942
          -0.357927 -0.0277333 -0.0369703 -0.358321 -0.0294477 -0.0296706 -0.359205 -0.0257191 -0.0263379
          -0.357927 -0.0277333 -0.0369703 -0.359205 -0.0257191 -0.0263379 -0.36063 -0.0166119 -0.0262962
          -0.357927 -0.0277333 -0.0369703 -0.36063 -0.0166119 -0.0262962 -0.359667 -0.0174829 -0.0354293
          -0.357927 -0.0277333 -0.0369703 -0.359667 -0.0174829 -0.0354293 -0.358872 -0.0206788 -0.0386936
          -0.359991 -0.0453145 -0.0175423 -0.359235 -0.0449831 -0.0264629 -0.360631 -0.0358026 -0.0268718
          -0.359991 -0.0453145 -0.0175423 -0.360631 -0.0358026 -0.0268718 -0.361456 -0.0359821 -0.0174595
          -0.363976 -0.010089 -0.0342446 -0.364863 -0.00859663 -0.0270305 -0.363522 -0.0171679 -0.0270615
          -0.363976 -0.010089 -0.0342446 -0.363522 -0.0171679 -0.0270615 -0.362608 -0.0181412 -0.0354734
          -0.36293 -0.026491 -0.0175381 -0.362073 -0.0264481 -0.0270756 -0.363522 -0.0171679 -0.0270615
          -0.36293 -0.026491 -0.0175381 -0.363522 -0.0171679 -0.0270615 -0.364371 -0.0171518 -0.0177232
          -0.361203 -0.0268907 -0.0359117 -0.362608 -0.0181412 -0.0354734 -0.363522 -0.0171679 -0.0270615
          -0.361203 -0.0268907 -0.0359117 -0.363522 -0.0171679 -0.0270615 -0.362073 -0.0264481 -0.0270756
          -0.365732 -0.00822646 -0.0180816 -0.364371 -0.0171518 -0.0177232 -0.363522 -0.0171679 -0.0270615
          -0.365732 -0.00822646 -0.0180816 -0.363522 -0.0171679 -0.0270615 -0.364863 -0.00859663 -0.0270305
          -0.363976 -0.010089 -0.0342446 -0.361942 -0.00808186 -0.0265102 -0.363361 0.000691614 -0.0259634
          -0.363976 -0.010089 -0.0342446 -0.363361 0.000691614 -0.0259634 -0.362848 0.000653483 -0.0315601
          -0.365607 0.0101581 -0.0174965 -0.364449 0.00717902 -0.0251396 -0.363361 0.000691614 -0.0259634
          -0.365607 0.0101581 -0.0174965 -0.363361 0.000691614 -0.0259634 -0.364111 0.000921702 -0.0180886
          -0.365607 0.0101581 -0.0174965 -0.368743 0.010443 -0.0170142 -0.368134 0.0104586 -0.0237717
          -0.365607 0.0101581 -0.0174965 -0.368134 0.0104586 -0.0237717 -0.364449 0.00717902 -0.0251396
          -0.363775 0.00697351 -0.0322183 -0.362848 0.000653483 -0.0315601 -0.363361 0.000691614 -0.0259634
          -0.363775 0.00697351 -0.0322183 -0.363361 0.000691614 -0.0259634 -0.364449 0.00717902 -0.0251396
          -0.362654 -0.00838582 -0.0181315 -0.364111 0.000921702 -0.0180886 -0.363361 0.000691614 -0.0259634
          -0.362654 -0.00838582 -0.0181315 -0.363361 0.000691614 -0.0259634 -0.361942 -0.00808186 -0.0265102
          -0.361691 -0.0450556 0.000771202 -0.360904 -0.045078 -0.00787354 -0.362315 -0.0360405 -0.00786848
          -0.361691 -0.0450556 0.000771202 -0.362315 -0.0360405 -0.00786848 -0.363162 -0.0360699 0.00152223
          -0.36293 -0.026491 -0.0175381 -0.363768 -0.0266586 -0.00800462 -0.362315 -0.0360405 -0.00786848
          -0.36293 -0.026491 -0.0175381 -0.362315 -0.0360405 -0.00786848 -0.361456 -0.0359821 -0.0174595
          -0.359991 -0.0453145 -0.0175423 -0.361456 -0.0359821 -0.0174595 -0.362315 -0.0360405 -0.00786848
          -0.359991 -0.0453145 -0.0175423 -0.362315 -0.0360405 -0.00786848 -0.360904 -0.045078 -0.00787354
          -0.364579 -0.0269247 0.00140991 -0.363162 -0.0360699 0.00152223 -0.362315 -0.0360405 -0.00786848
          -0.364579 -0.0269247 0.00140991 -0.362315 -0.0360405 -0.00786848 -0.363768 -0.0266586 -0.00800462
          -0.362581 -0.0438668 0.0085384 -0.360993 -0.0355616 0.0103522 -0.3603 -0.0351603 0.0020066
          -0.362581 -0.0438668 0.0085384 -0.3603 -0.0351603 0.0020066 -0.35804 -0.048914 0.000762669
          -0.362581 -0.0438668 0.0085384 -0.35804 -0.048914 0.000762669 -0.358705 -0.0483524 0.00713078
          -0.363167 -0.0265341 0.0187826 -0.362296 -0.0273395 0.010563 -0.360993 -0.0355616 0.0103522
          -0.363167 -0.0265341 0.0187826 -0.360993 -0.0355616 0.0103522 -0.361884 -0.0341074 0.0176793
          -0.363549 -0.0420404 0.0160731 -0.361884 -0.0341074 0.0176793 -0.360993 -0.0355616 0.0103522
          -0.363549 -0.0420404 0.0160731 -0.360993 -0.0355616 0.0103522 -0.362581 -0.0438668 0.0085384
          -0.361468 -0.027278 0.0013199 -0.3603 -0.0351603 0.0020066 -0.360993 -0.0355616 0.0103522
          -0.361468 -0.027278 0.0013199 -0.360993 -0.0355616 0.0103522 -0.362296 -0.0273395 0.010563
          -0.359744 -0.0523866 -0.00808812 -0.36072 -0.0511333 0.000520614 -0.357563 -0.0517406 0.000370953
          -0.359744 -0.0523866 -0.00808812 -0.357563 -0.0517406 0.000370953 -0.356711 -0.0521642 -0.00829819
          -0.357563 -0.0517406 0.000370953 -0.35804 -0.048914 0.000762669 -0.357579 -0.0464172 -0.00862912
          -0.357563 -0.0517406 0.000370953 -0.357579 -0.0464172 -0.00862912 -0.356711 -0.0521642 -0.00829819
          -0.367218 -0.0093173 0.00019293 -0.365899 -0.0180986 0.000766971 -0.365175 -0.0174584 -0.00832203
          -0.367218 -0.0093173 0.00019293 -0.365175 -0.0174584 -0.00832203 -0.366324 -0.0095449 -0.00927968
          -0.36293 -0.026491 -0.0175381 -0.364371 -0.0171518 -0.0177232 -0.365175 -0.0174584 -0.00832203
          -0.36293 -0.026491 -0.0175381 -0.365175 -0.0174584 -0.00832203 -0.363768 -0.0266586 -0.00800462
          -0.365732 -0.00822646 -0.0180816 -0.366324 -0.0095449 -0.00927968 -0.365175 -0.0174584 -0.00832203
          -0.365732 -0.00822646 -0.0180816 -0.365175 -0.0174584 -0.00832203 -0.364371 -0.0171518 -0.0177232
          -0.364579 -0.0269247 0.00140991 -0.363768 -0.0266586 -0.00800462 -0.365175 -0.0174584 -0.00832203
          -0.364579 -0.0269247 0.00140991 -0.365175 -0.0174584 -0.00832203 -0.365899 -0.0180986 0.000766971
          -0.364353 -0.00859212 0.000974342 -0.365805 0.000827091 0.000774397 -0.364969 0.00100116 -0.00875194
          -0.364353 -0.00859212 0.000974342 -0.364969 0.00100116 -0.00875194 -0.363489 -0.00853005 -0.00867429
          -0.365607 0.0101581 -0.0174965 -0.364111 0.000921702 -0.0180886 -0.364969 0.00100116 -0.00875194
          -0.365607 0.0101581 -0.0174965 -0.364969 0.00100116 -0.00875194 -0.36645 0.0102933 -0.00841854
          -0.367204 0.0099372 0.000506945 -0.36645 0.0102933 -0.00841854 -0.364969 0.00100116 -0.00875194
          -0.367204 0.0099372 0.000506945 -0.364969 0.00100116 -0.00875194 -0.365805 0.000827091 0.000774397
          -0.362654 -0.00838582 -0.0181315 -0.363489 -0.00853005 -0.00867429 -0.364969 0.00100116 -0.00875194
          -0.362654 -0.00838582 -0.0181315 -0.364969 0.00100116 -0.00875194 -0.364111 0.000921702 -0.0180886
          -0.364353 -0.00859212 0.000974342 -0.36288 -0.018087 0.00107367 -0.363728 -0.0181613 0.0105631
          -0.364353 -0.00859212 0.000974342 -0.363728 -0.0181613 0.0105631 -0.365206 -0.00869142 0.0105534
          -0.363167 -0.0265341 0.0187826 -0.364604 -0.0175347 0.0191433 -0.363728 -0.0181613 0.0105631
          -0.363167 -0.0265341 0.0187826 -0.363728 -0.0181613 0.0105631 -0.362296 -0.0273395 0.010563
          -0.366031 -0.00858179 0.0194703 -0.365206 -0.00869142 0.0105534 -0.363728 -0.0181613 0.0105631
          -0.366031 -0.00858179 0.0194703 -0.363728 -0.0181613 0.0105631 -0.364604 -0.0175347 0.0191433
          -0.361468 -0.027278 0.0013199 -0.362296 -0.0273395 0.010563 -0.363728 -0.0181613 0.0105631
          -0.361468 -0.027278 0.0013199 -0.363728 -0.0181613 0.0105631 -0.36288 -0.018087 0.00107367
          -0.361203 -0.0268907 -0.0359117 -0.359842 -0.0355905 -0.035942 -0.359631 -0.0331786 -0.0424236
          -0.361203 -0.0268907 -0.0359117 -0.359631 -0.0331786 -0.0424236 -0.360604 -0.0266393 -0.0429534
          -0.359991 -0.0453145 -0.0175423 -0.358957 -0.0522022 -0.0170894 -0.358385 -0.0518294 -0.0240513
          -0.359991 -0.0453145 -0.0175423 -0.358385 -0.0518294 -0.0240513 -0.359235 -0.0449831 -0.0264629
          -0.369742 -0.00795275 0.0256949 -0.370154 -0.00188347 0.0255753 -0.367653 -0.00205786 0.0261275
          -0.369742 -0.00795275 0.0256949 -0.367653 -0.00205786 0.0261275 -0.366642 -0.00868767 0.0263897
          -0.366031 -0.00858179 0.0194703 -0.366642 -0.00868767 0.0263897 -0.367653 -0.00205786 0.0261275
          -0.366031 -0.00858179 0.0194703 -0.367653 -0.00205786 0.0261275 -0.367212 -0.00112577 0.019661
          -0.357563 -0.0517406 0.000370953 -0.36072 -0.0511333 0.000520614 -0.361169 -0.052161 0.00724237
          -0.357563 -0.0517406 0.000370953 -0.361169 -0.052161 0.00724237 -0.357993 -0.0528589 0.00704137
          -0.361169 -0.052161 0.00724237 -0.362581 -0.0438668 0.0085384 -0.358705 -0.0483524 0.00713078
          -0.361169 -0.052161 0.00724237 -0.358705 -0.0483524 0.00713078 -0.357993 -0.0528589 0.00704137
          -0.357563 -0.0517406 0.000370953 -0.357993 -0.0528589 0.00704137 -0.358705 -0.0483524 0.00713078
          -0.357563 -0.0517406 0.000370953 -0.358705 -0.0483524 0.00713078 -0.35804 -0.048914 0.000762669
          -0.361691 -0.0450556 0.000771202 -0.362581 -0.0438668 0.0085384 -0.361169 -0.052161 0.00724237
          -0.361691 -0.0450556 0.000771202 -0.361169 -0.052161 0.00724237 -0.36072 -0.0511333 0.000520614
          -0.367497 0.0170663 -0.00852962 -0.370161 0.0167688 -0.00827776 -0.369468 0.0160964 -0.014553
          -0.367497 0.0170663 -0.00852962 -0.369468 0.0160964 -0.014553 -0.366822 0.0164076 -0.0148474
          -0.365607 0.0101581 -0.0174965 -0.366822 0.0164076 -0.0148474 -0.369468 0.0160964 -0.014553
          -0.365607 0.0101581 -0.0174965 -0.369468 0.0160964 -0.014553 -0.368743 0.010443 -0.0170142
          -0.365607 0.0101581 -0.0174965 -0.36645 0.0102933 -0.00841854 -0.367497 0.0170663 -0.00852962
          -0.365607 0.0101581 -0.0174965 -0.367497 0.0170663 -0.00852962 -0.366822 0.0164076 -0.0148474
          -0.370038 0.016499 -0.00191588 -0.370161 0.0167688 -0.00827776 -0.367497 0.0170663 -0.00852962
          -0.370038 0.016499 -0.00191588 -0.367497 0.0170663 -0.00852962 -0.368039 0.0167826 -0.00206829
          -0.367204 0.0099372 0.000506945 -0.368039 0.0167826 -0.00206829 -0.367497 0.0170663 -0.00852962
          -0.367204 0.0099372 0.000506945 -0.367497 0.0170663 -0.00852962 -0.36645 0.0102933 -0.00841854
          -0.363167 -0.0265341 0.0187826 -0.363629 -0.0267818 0.0243146 -0.365125 -0.0176665 0.0251212
          -0.363167 -0.0265341 0.0187826 -0.365125 -0.0176665 0.0251212 -0.364604 -0.0175347 0.0191433
          -0.365125 -0.0176665 0.0251212 -0.368778 -0.0145348 0.0263893 -0.369742 -0.00795275 0.0256949
          -0.365125 -0.0176665 0.0251212 -0.369742 -0.00795275 0.0256949 -0.366642 -0.00868767 0.0263897
          -0.366031 -0.00858179 0.0194703 -0.364604 -0.0175347 0.0191433 -0.365125 -0.0176665 0.0251212
          -0.366031 -0.00858179 0.0194703 -0.365125 -0.0176665 0.0251212 -0.366642 -0.00868767 0.0263897
          -0.363976 -0.010089 -0.0342446 -0.362608 -0.0181412 -0.0354734 -0.362042 -0.0182411 -0.0415484
          -0.363976 -0.010089 -0.0342446 -0.362042 -0.0182411 -0.0415484 -0.363035 -0.0118145 -0.0416638
          -0.361203 -0.0268907 -0.0359117 -0.360604 -0.0266393 -0.0429534 -0.362042 -0.0182411 -0.0415484
          -0.361203 -0.0268907 -0.0359117 -0.362042 -0.0182411 -0.0415484 -0.362608 -0.0181412 -0.0354734
          -0.363167 -0.0265341 0.0187826 -0.361884 -0.0341074 0.0176793 -0.362772 -0.0327672 0.025164
          -0.363167 -0.0265341 0.0187826 -0.362772 -0.0327672 0.025164 -0.363629 -0.0267818 0.0243146
          -0.26576 0.129309 0.126349 -0.275415 0.129076 0.127983 -0.278545 0.132255 0.132863
          -0.26576 0.129309 0.126349 -0.278545 0.132255 0.132863 -0.275493 0.134388 0.137236
          -0.26576 0.129309 0.126349 -0.275493 0.134388 0.137236 -0.265817 0.135344 0.137644
          -0.292924 0.137052 0.136795 -0.291692 0.130987 0.133826 -0.293834 0.130641 0.127352
          -0.292924 0.137052 0.136795 -0.293834 0.130641 0.127352 -0.294219 0.137296 0.127372
          -0.256408 0.130092 0.12531 -0.26576 0.129309 0.126349 -0.265817 0.135344 0.137644
          -0.256408 0.130092 0.12531 -0.265817 0.135344 0.137644 -0.256424 0.136061 0.137529
          -0.25605 0.153173 0.137172 -0.266087 0.152388 0.136629 -0.263287 0.151386 0.130494
          -0.25605 0.153173 0.137172 -0.263287 0.151386 0.130494 -0.255839 0.151997 0.130064
          -0.266232 0.135233 0.145818 -0.265817 0.135344 0.137644 -0.275493 0.134388 0.137236
          -0.266232 0.135233 0.145818 -0.275493 0.134388 0.137236 -0.275706 0.134929 0.14563
          -0.275239 0.151927 0.138421 -0.266087 0.152388 0.136629 -0.265952 0.1526 0.144403
          -0.275239 0.151927 0.138421 -0.265952 0.1526 0.144403 -0.275044 0.152119 0.144573
          -0.256424 0.136061 0.137529 -0.265817 0.135344 0.137644 -0.266232 0.135233 0.145818
          -0.256424 0.136061 0.137529 -0.266232 0.135233 0.145818 -0.256514 0.135515 0.14573
          -0.265952 0.1526 0.144403 -0.266087 0.152388 0.136629 -0.25605 0.153173 0.137172
          -0.265952 0.1526 0.144403 -0.25605 0.153173 0.137172 -0.256574 0.152975 0.144623
          -0.247219 0.147288 0.11744 -0.246901 0.143048 0.112173 -0.240561 0.143544 0.111436
          -0.247219 0.147288 0.11744 -0.240561 0.143544 0.111436 -0.240495 0.147289 0.115989
          -0.26614 0.129244 0.118575 -0.275744 0.129271 0.118958 -0.275415 0.129076 0.127983
          -0.26614 0.129244 0.118575 -0.275415 0.129076 0.127983 -0.26576 0.129309 0.126349
          -0.285361 0.131632 0.13342 -0.278545 0.132255 0.132863 -0.275415 0.129076 0.127983
          -0.285361 0.131632 0.13342 -0.275415 0.129076 0.127983 -0.284638 0.127533 0.128271
          -0.28472 0.129347 0.119237 -0.284638 0.127533 0.128271 -0.275415 0.129076 0.127983
          -0.28472 0.129347 0.119237 -0.275415 0.129076 0.127983 -0.275744 0.129271 0.118958
          -0.26614 0.129244 0.118575 -0.26576 0.129309 0.126349 -0.256408 0.130092 0.12531
          -0.26614 0.129244 0.118575 -0.256408 0.130092 0.12531 -0.256656 0.129229 0.118179
          -0.247506 0.129777 0.116912 -0.256656 0.129229 0.118179 -0.256408 0.130092 0.12531
          -0.247506 0.129777 0.116912 -0.256408 0.130092 0.12531 -0.247431 0.130908 0.124376
          -0.247506 0.129777 0.116912 -0.240087 0.129618 0.116834 -0.240159 0.13249 0.112326
          -0.247506 0.129777 0.116912 -0.240159 0.13249 0.112326 -0.244947 0.13264 0.112302
          -0.291091 0.138592 0.116347 -0.290461 0.135694 0.113911 -0.284455 0.13636 0.113316
          -0.291091 0.138592 0.116347 -0.284455 0.13636 0.113316 -0.284526 0.143633 0.120466
          -0.291091 0.138592 0.116347 -0.284526 0.143633 0.120466 -0.291287 0.142964 0.121016
          -0.28472 0.129347 0.119237 -0.284621 0.132492 0.114292 -0.291091 0.138592 0.116347
          -0.28472 0.129347 0.119237 -0.291091 0.138592 0.116347 -0.291459 0.129416 0.119426
          -0.266431 0.137678 0.111055 -0.275644 0.136876 0.112122 -0.275729 0.132413 0.114023
          -0.266431 0.137678 0.111055 -0.275729 0.132413 0.114023 -0.266141 0.13231 0.113759
          -0.293834 0.130641 0.127352 -0.291459 0.129416 0.119426 -0.291091 0.138592 0.116347
          -0.293834 0.130641 0.127352 -0.291091 0.138592 0.116347 -0.294219 0.137296 0.127372
          -0.292924 0.137052 0.136795 -0.294219 0.137296 0.127372 -0.292237 0.146343 0.12628
          -0.292924 0.137052 0.136795 -0.292237 0.146343 0.12628 -0.29334 0.144564 0.136959
          -0.275239 0.151927 0.138421 -0.282052 0.151525 0.139311 -0.284807 0.150809 0.136203
          -0.275239 0.151927 0.138421 -0.284807 0.150809 0.136203 -0.284904 0.147738 0.127191
          -0.275239 0.151927 0.138421 -0.284904 0.147738 0.127191 -0.276113 0.148587 0.126675
          -0.247431 0.130908 0.124376 -0.256408 0.130092 0.12531 -0.256424 0.136061 0.137529
          -0.247431 0.130908 0.124376 -0.256424 0.136061 0.137529 -0.247067 0.136724 0.137343
          -0.24745 0.134667 0.109229 -0.244947 0.13264 0.112302 -0.240159 0.13249 0.112326
          -0.24745 0.134667 0.109229 -0.240159 0.13249 0.112326 -0.240144 0.134329 0.109436
          -0.235283 0.137033 0.118314 -0.240144 0.134329 0.109436 -0.240159 0.13249 0.112326
          -0.235283 0.137033 0.118314 -0.240159 0.13249 0.112326 -0.240087 0.129618 0.116834
          -0.247157 0.152702 0.129708 -0.247219 0.147288 0.11744 -0.240495 0.147289 0.115989
          -0.247157 0.152702 0.129708 -0.240495 0.147289 0.115989 -0.234257 0.146889 0.126406
          -0.247157 0.152702 0.129708 -0.234257 0.146889 0.126406 -0.240424 0.153355 0.129993
          -0.239548 0.154242 0.137096 -0.240424 0.153355 0.129993 -0.234257 0.146889 0.126406
          -0.239548 0.154242 0.137096 -0.234257 0.146889 0.126406 -0.233009 0.146293 0.136042
          -0.239548 0.154242 0.137096 -0.247005 0.153774 0.137425 -0.247157 0.152702 0.129708
          -0.239548 0.154242 0.137096 -0.247157 0.152702 0.129708 -0.240424 0.153355 0.129993
          -0.266431 0.137678 0.111055 -0.266141 0.13231 0.113759 -0.256975 0.132287 0.11339
          -0.266431 0.137678 0.111055 -0.256975 0.132287 0.11339 -0.257002 0.139124 0.110511
          -0.238672 0.137972 0.136752 -0.238685 0.136152 0.127783 -0.240991 0.131921 0.123569
          -0.238672 0.137972 0.136752 -0.240991 0.131921 0.123569 -0.247431 0.130908 0.124376
          -0.238672 0.137972 0.136752 -0.247431 0.130908 0.124376 -0.247067 0.136724 0.137343
          -0.240991 0.131921 0.123569 -0.238685 0.136152 0.127783 -0.235283 0.137033 0.118314
          -0.240991 0.131921 0.123569 -0.235283 0.137033 0.118314 -0.240087 0.129618 0.116834
          -0.234257 0.146889 0.126406 -0.238685 0.136152 0.127783 -0.238672 0.137972 0.136752
          -0.234257 0.146889 0.126406 -0.238672 0.137972 0.136752 -0.233009 0.146293 0.136042
          -0.25605 0.153173 0.137172 -0.255839 0.151997 0.130064 -0.247157 0.152702 0.129708
          -0.25605 0.153173 0.137172 -0.247157 0.152702 0.129708 -0.247005 0.153774 0.137425
          -0.266232 0.135233 0.145818 -0.275706 0.134929 0.14563 -0.276056 0.133314 0.151451
          -0.266232 0.135233 0.145818 -0.276056 0.133314 0.151451 -0.267776 0.136028 0.155658
          -0.27026 0.132737 0.153986 -0.267776 0.136028 0.155658 -0.276056 0.133314 0.151451
          -0.27026 0.132737 0.153986 -0.276056 0.133314 0.151451 -0.276369 0.13277 0.155064
          -0.292924 0.137052 0.136795 -0.291767 0.138317 0.14586 -0.284725 0.134544 0.145641
          -0.292924 0.137052 0.136795 -0.284725 0.134544 0.145641 -0.284969 0.134029 0.139335
          -0.292924 0.137052 0.136795 -0.29334 0.144564 0.136959 -0.29211 0.144548 0.146007
          -0.292924 0.137052 0.136795 -0.29211 0.144548 0.146007 -0.291767 0.138317 0.14586
          -0.284596 0.132104 0.156062 -0.284605 0.133304 0.151367 -0.290606 0.137098 0.153892
          -0.284596 0.132104 0.156062 -0.290606 0.137098 0.153892 -0.290066 0.131689 0.155546
          -0.275239 0.151927 0.138421 -0.275044 0.152119 0.144573 -0.282079 0.151757 0.14407
          -0.275239 0.151927 0.138421 -0.282079 0.151757 0.14407 -0.282052 0.151525 0.139311
          -0.246835 0.13578 0.145459 -0.247067 0.136724 0.137343 -0.256424 0.136061 0.137529
          -0.246835 0.13578 0.145459 -0.256424 0.136061 0.137529 -0.256514 0.135515 0.14573
          -0.2566 0.138137 0.15507 -0.256514 0.135515 0.14573 -0.266232 0.135233 0.145818
          -0.2566 0.138137 0.15507 -0.266232 0.135233 0.145818 -0.267776 0.136028 0.155658
          -0.237456 0.151381 0.152451 -0.23738 0.153449 0.145877 -0.231585 0.152785 0.148611
          -0.237456 0.151381 0.152451 -0.231585 0.152785 0.148611 -0.231159 0.151367 0.152442
          -0.231276 0.146832 0.148333 -0.231585 0.152785 0.148611 -0.23738 0.153449 0.145877
          -0.231276 0.146832 0.148333 -0.23738 0.153449 0.145877 -0.239548 0.154242 0.137096
          -0.231276 0.146832 0.148333 -0.239548 0.154242 0.137096 -0.233009 0.146293 0.136042
          -0.247 0.153095 0.146146 -0.247005 0.153774 0.137425 -0.239548 0.154242 0.137096
          -0.247 0.153095 0.146146 -0.239548 0.154242 0.137096 -0.23738 0.153449 0.145877
          -0.247205 0.150062 0.155404 -0.237372 0.145795 0.156632 -0.237796 0.140399 0.153261
          -0.247205 0.150062 0.155404 -0.237796 0.140399 0.153261 -0.246728 0.139343 0.154132
          -0.230583 0.146887 0.153463 -0.23126 0.141245 0.152671 -0.237796 0.140399 0.153261
          -0.230583 0.146887 0.153463 -0.237796 0.140399 0.153261 -0.237372 0.145795 0.156632
          -0.246835 0.13578 0.145459 -0.23598 0.137744 0.144837 -0.238672 0.137972 0.136752
          -0.246835 0.13578 0.145459 -0.238672 0.137972 0.136752 -0.247067 0.136724 0.137343
          -0.23598 0.137744 0.144837 -0.231674 0.141129 0.148751 -0.231276 0.146832 0.148333
          -0.23598 0.137744 0.144837 -0.231276 0.146832 0.148333 -0.233009 0.146293 0.136042
          -0.23598 0.137744 0.144837 -0.233009 0.146293 0.136042 -0.238672 0.137972 0.136752
          -0.231674 0.141129 0.148751 -0.23598 0.137744 0.144837 -0.237796 0.140399 0.153261
          -0.231674 0.141129 0.148751 -0.237796 0.140399 0.153261 -0.23126 0.141245 0.152671
          -0.247 0.153095 0.146146 -0.256574 0.152975 0.144623 -0.25605 0.153173 0.137172
          -0.247 0.153095 0.146146 -0.25605 0.153173 0.137172 -0.247005 0.153774 0.137425
          -0.265997 0.142154 0.15926 -0.266306 0.145776 0.161626 -0.260415 0.146703 0.161198
          -0.265997 0.142154 0.15926 -0.260415 0.146703 0.161198 -0.258721 0.149145 0.157488
          -0.284526 0.143633 0.120466 -0.284455 0.13636 0.113316 -0.275644 0.136876 0.112122
          -0.284526 0.143633 0.120466 -0.275644 0.136876 0.112122 -0.275619 0.144608 0.119884
          -0.284526 0.143633 0.120466 -0.275619 0.144608 0.119884 -0.276113 0.148587 0.126675
          -0.284526 0.143633 0.120466 -0.276113 0.148587 0.126675 -0.284904 0.147738 0.127191
          -0.26614 0.129244 0.118575 -0.266141 0.13231 0.113759 -0.275729 0.132413 0.114023
          -0.26614 0.129244 0.118575 -0.275729 0.132413 0.114023 -0.275744 0.129271 0.118958
          -0.285361 0.131632 0.13342 -0.284969 0.134029 0.139335 -0.284725 0.134544 0.145641
          -0.285361 0.131632 0.13342 -0.284725 0.134544 0.145641 -0.275706 0.134929 0.14563
          -0.285361 0.131632 0.13342 -0.275706 0.134929 0.14563 -0.275493 0.134388 0.137236
          -0.285361 0.131632 0.13342 -0.275493 0.134388 0.137236 -0.278545 0.132255 0.132863
          -0.276113 0.148587 0.126675 -0.266377 0.149709 0.126643 -0.263287 0.151386 0.130494
          -0.276113 0.148587 0.126675 -0.263287 0.151386 0.130494 -0.266087 0.152388 0.136629
          -0.276113 0.148587 0.126675 -0.266087 0.152388 0.136629 -0.275239 0.151927 0.138421
          -0.28472 0.129347 0.119237 -0.275744 0.129271 0.118958 -0.275729 0.132413 0.114023
          -0.28472 0.129347 0.119237 -0.275729 0.132413 0.114023 -0.284621 0.132492 0.114292
          -0.266342 0.1455 0.119108 -0.266377 0.149709 0.126643 -0.276113 0.148587 0.126675
          -0.266342 0.1455 0.119108 -0.276113 0.148587 0.126675 -0.275619 0.144608 0.119884
          -0.291091 0.138592 0.116347 -0.284621 0.132492 0.114292 -0.284455 0.13636 0.113316
          -0.291091 0.138592 0.116347 -0.284455 0.13636 0.113316 -0.290461 0.135694 0.113911
          -0.284455 0.13636 0.113316 -0.284621 0.132492 0.114292 -0.275729 0.132413 0.114023
          -0.284455 0.13636 0.113316 -0.275729 0.132413 0.114023 -0.275644 0.136876 0.112122
          -0.266431 0.137678 0.111055 -0.266342 0.1455 0.119108 -0.275619 0.144608 0.119884
          -0.266431 0.137678 0.111055 -0.275619 0.144608 0.119884 -0.275644 0.136876 0.112122
          -0.291091 0.138592 0.116347 -0.291287 0.142964 0.121016 -0.292237 0.146343 0.12628
          -0.291091 0.138592 0.116347 -0.292237 0.146343 0.12628 -0.294219 0.137296 0.127372
          -0.284526 0.143633 0.120466 -0.284904 0.147738 0.127191 -0.292237 0.146343 0.12628
          -0.284526 0.143633 0.120466 -0.292237 0.146343 0.12628 -0.291287 0.142964 0.121016
          -0.285361 0.131632 0.13342 -0.291692 0.130987 0.133826 -0.292924 0.137052 0.136795
          -0.285361 0.131632 0.13342 -0.292924 0.137052 0.136795 -0.284969 0.134029 0.139335
          -0.285361 0.131632 0.13342 -0.284638 0.127533 0.128271 -0.293834 0.130641 0.127352
          -0.285361 0.131632 0.13342 -0.293834 0.130641 0.127352 -0.291692 0.130987 0.133826
          -0.28472 0.129347 0.119237 -0.291459 0.129416 0.119426 -0.293834 0.130641 0.127352
          -0.28472 0.129347 0.119237 -0.293834 0.130641 0.127352 -0.284638 0.127533 0.128271
          -0.284807 0.150809 0.136203 -0.29334 0.144564 0.136959 -0.292237 0.146343 0.12628
          -0.284807 0.150809 0.136203 -0.292237 0.146343 0.12628 -0.284904 0.147738 0.127191
          -0.247219 0.147288 0.11744 -0.247157 0.152702 0.129708 -0.255839 0.151997 0.130064
          -0.247219 0.147288 0.11744 -0.255839 0.151997 0.130064 -0.256713 0.145727 0.11734
          -0.26614 0.129244 0.118575 -0.256656 0.129229 0.118179 -0.256975 0.132287 0.11339
          -0.26614 0.129244 0.118575 -0.256975 0.132287 0.11339 -0.266141 0.13231 0.113759
          -0.247506 0.129777 0.116912 -0.250831 0.132334 0.113044 -0.256975 0.132287 0.11339
          -0.247506 0.129777 0.116912 -0.256975 0.132287 0.11339 -0.256656 0.129229 0.118179
          -0.266342 0.1455 0.119108 -0.256713 0.145727 0.11734 -0.255839 0.151997 0.130064
          -0.266342 0.1455 0.119108 -0.255839 0.151997 0.130064 -0.263287 0.151386 0.130494
          -0.266342 0.1455 0.119108 -0.263287 0.151386 0.130494 -0.266377 0.149709 0.126643
          -0.235283 0.137033 0.118314 -0.240495 0.147289 0.115989 -0.240561 0.143544 0.111436
          -0.235283 0.137033 0.118314 -0.240561 0.143544 0.111436 -0.240144 0.134329 0.109436
          -0.240561 0.143544 0.111436 -0.246901 0.143048 0.112173 -0.24745 0.134667 0.109229
          -0.240561 0.143544 0.111436 -0.24745 0.134667 0.109229 -0.240144 0.134329 0.109436
          -0.247506 0.129777 0.116912 -0.244947 0.13264 0.112302 -0.24745 0.134667 0.109229
          -0.247506 0.129777 0.116912 -0.24745 0.134667 0.109229 -0.250831 0.132334 0.113044
          -0.24745 0.134667 0.109229 -0.246901 0.143048 0.112173 -0.253651 0.142517 0.112954
          -0.24745 0.134667 0.109229 -0.253651 0.142517 0.112954 -0.257002 0.139124 0.110511
          -0.256975 0.132287 0.11339 -0.250831 0.132334 0.113044 -0.24745 0.134667 0.109229
          -0.256975 0.132287 0.11339 -0.24745 0.134667 0.109229 -0.257002 0.139124 0.110511
          -0.257002 0.139124 0.110511 -0.253651 0.142517 0.112954 -0.256713 0.145727 0.11734
          -0.257002 0.139124 0.110511 -0.256713 0.145727 0.11734 -0.266342 0.1455 0.119108
          -0.257002 0.139124 0.110511 -0.266342 0.1455 0.119108 -0.266431 0.137678 0.111055
          -0.247219 0.147288 0.11744 -0.256713 0.145727 0.11734 -0.253651 0.142517 0.112954
          -0.247219 0.147288 0.11744 -0.253651 0.142517 0.112954 -0.246901 0.143048 0.112173
          -0.235283 0.137033 0.118314 -0.238685 0.136152 0.127783 -0.234257 0.146889 0.126406
          -0.235283 0.137033 0.118314 -0.234257 0.146889 0.126406 -0.240495 0.147289 0.115989
          -0.247506 0.129777 0.116912 -0.247431 0.130908 0.124376 -0.240991 0.131921 0.123569
          -0.247506 0.129777 0.116912 -0.240991 0.131921 0.123569 -0.240087 0.129618 0.116834
          -0.276056 0.133314 0.151451 -0.275706 0.134929 0.14563 -0.284725 0.134544 0.145641
          -0.276056 0.133314 0.151451 -0.284725 0.134544 0.145641 -0.284605 0.133304 0.151367
          -0.276056 0.133314 0.151451 -0.284605 0.133304 0.151367 -0.284596 0.132104 0.156062
          -0.276056 0.133314 0.151451 -0.284596 0.132104 0.156062 -0.276369 0.13277 0.155064
          -0.284591 0.149271 0.157164 -0.284693 0.151535 0.146552 -0.282079 0.151757 0.14407
          -0.284591 0.149271 0.157164 -0.282079 0.151757 0.14407 -0.275044 0.152119 0.144573
          -0.284591 0.149271 0.157164 -0.275044 0.152119 0.144573 -0.275686 0.149714 0.156156
          -0.27026 0.132737 0.153986 -0.276369 0.13277 0.155064 -0.275634 0.137736 0.158107
          -0.27026 0.132737 0.153986 -0.275634 0.137736 0.158107 -0.267776 0.136028 0.155658
          -0.284596 0.132104 0.156062 -0.284441 0.137039 0.159185 -0.282849 0.140485 0.16111
          -0.284596 0.132104 0.156062 -0.282849 0.140485 0.16111 -0.277889 0.140846 0.160482
          -0.284596 0.132104 0.156062 -0.277889 0.140846 0.160482 -0.275634 0.137736 0.158107
          -0.284596 0.132104 0.156062 -0.275634 0.137736 0.158107 -0.276369 0.13277 0.155064
          -0.29211 0.144548 0.146007 -0.291079 0.143741 0.153254 -0.290606 0.137098 0.153892
          -0.29211 0.144548 0.146007 -0.290606 0.137098 0.153892 -0.291767 0.138317 0.14586
          -0.284725 0.134544 0.145641 -0.291767 0.138317 0.14586 -0.290606 0.137098 0.153892
          -0.284725 0.134544 0.145641 -0.290606 0.137098 0.153892 -0.284605 0.133304 0.151367
          -0.284591 0.149271 0.157164 -0.291079 0.143741 0.153254 -0.29211 0.144548 0.146007
          -0.284591 0.149271 0.157164 -0.29211 0.144548 0.146007 -0.284693 0.151535 0.146552
          -0.284807 0.150809 0.136203 -0.284693 0.151535 0.146552 -0.29211 0.144548 0.146007
          -0.284807 0.150809 0.136203 -0.29211 0.144548 0.146007 -0.29334 0.144564 0.136959
          -0.284596 0.132104 0.156062 -0.290066 0.131689 0.155546 -0.290606 0.137098 0.153892
          -0.284596 0.132104 0.156062 -0.290606 0.137098 0.153892 -0.284441 0.137039 0.159185
          -0.265952 0.1526 0.144403 -0.266567 0.149772 0.156174 -0.275686 0.149714 0.156156
          -0.265952 0.1526 0.144403 -0.275686 0.149714 0.156156 -0.275044 0.152119 0.144573
          -0.284807 0.150809 0.136203 -0.282052 0.151525 0.139311 -0.282079 0.151757 0.14407
          -0.284807 0.150809 0.136203 -0.282079 0.151757 0.14407 -0.284693 0.151535 0.146552
          -0.282849 0.140485 0.16111 -0.28222 0.143643 0.163017 -0.274911 0.144296 0.162169
          -0.282849 0.140485 0.16111 -0.274911 0.144296 0.162169 -0.277889 0.140846 0.160482
          -0.275634 0.137736 0.158107 -0.277889 0.140846 0.160482 -0.274911 0.144296 0.162169
          -0.275634 0.137736 0.158107 -0.274911 0.144296 0.162169 -0.266306 0.145776 0.161626
          -0.275634 0.137736 0.158107 -0.266306 0.145776 0.161626 -0.265997 0.142154 0.15926
          -0.275634 0.137736 0.158107 -0.265997 0.142154 0.15926 -0.267776 0.136028 0.155658
          -0.284591 0.149271 0.157164 -0.28222 0.143643 0.163017 -0.282849 0.140485 0.16111
          -0.284591 0.149271 0.157164 -0.282849 0.140485 0.16111 -0.284441 0.137039 0.159185
          -0.284591 0.149271 0.157164 -0.284441 0.137039 0.159185 -0.290606 0.137098 0.153892
          -0.284591 0.149271 0.157164 -0.290606 0.137098 0.153892 -0.291079 0.143741 0.153254
          -0.284591 0.149271 0.157164 -0.275686 0.149714 0.156156 -0.274911 0.144296 0.162169
          -0.284591 0.149271 0.157164 -0.274911 0.144296 0.162169 -0.28222 0.143643 0.163017
          -0.266567 0.149772 0.156174 -0.266306 0.145776 0.161626 -0.274911 0.144296 0.162169
          -0.266567 0.149772 0.156174 -0.274911 0.144296 0.162169 -0.275686 0.149714 0.156156
          -0.2566 0.138137 0.15507 -0.246728 0.139343 0.154132 -0.246835 0.13578 0.145459
          -0.2566 0.138137 0.15507 -0.246835 0.13578 0.145459 -0.256514 0.135515 0.14573
          -0.247205 0.150062 0.155404 -0.246728 0.139343 0.154132 -0.2566 0.138137 0.15507
          -0.247205 0.150062 0.155404 -0.2566 0.138137 0.15507 -0.258721 0.149145 0.157488
          -0.265997 0.142154 0.15926 -0.258721 0.149145 0.157488 -0.2566 0.138137 0.15507
          -0.265997 0.142154 0.15926 -0.2566 0.138137 0.15507 -0.267776 0.136028 0.155658
          -0.237456 0.151381 0.152451 -0.244236 0.151407 0.152255 -0.247 0.153095 0.146146
          -0.237456 0.151381 0.152451 -0.247 0.153095 0.146146 -0.23738 0.153449 0.145877
          -0.247 0.153095 0.146146 -0.244236 0.151407 0.152255 -0.247205 0.150062 0.155404
          -0.247 0.153095 0.146146 -0.247205 0.150062 0.155404 -0.258721 0.149145 0.157488
          -0.247 0.153095 0.146146 -0.258721 0.149145 0.157488 -0.256574 0.152975 0.144623
          -0.247205 0.150062 0.155404 -0.244236 0.151407 0.152255 -0.237456 0.151381 0.152451
          -0.247205 0.150062 0.155404 -0.237456 0.151381 0.152451 -0.237372 0.145795 0.156632
          -0.230583 0.146887 0.153463 -0.237372 0.145795 0.156632 -0.237456 0.151381 0.152451
          -0.230583 0.146887 0.153463 -0.237456 0.151381 0.152451 -0.231159 0.151367 0.152442
          -0.230583 0.146887 0.153463 -0.231159 0.151367 0.152442 -0.231585 0.152785 0.148611
          -0.230583 0.146887 0.153463 -0.231585 0.152785 0.148611 -0.231276 0.146832 0.148333
          -0.246835 0.13578 0.145459 -0.246728 0.139343 0.154132 -0.237796 0.140399 0.153261
          -0.246835 0.13578 0.145459 -0.237796 0.140399 0.153261 -0.23598 0.137744 0.144837
          -0.230583 0.146887 0.153463 -0.231276 0.146832 0.148333 -0.231674 0.141129 0.148751
          -0.230583 0.146887 0.153463 -0.231674 0.141129 0.148751 -0.23126 0.141245 0.152671
          -0.265952 0.1526 0.144403 -0.256574 0.152975 0.144623 -0.258721 0.149145 0.157488
          -0.265952 0.1526 0.144403 -0.258721 0.149145 0.157488 -0.266567 0.149772 0.156174
          -0.266567 0.149772 0.156174 -0.258721 0.149145 0.157488 -0.260415 0.146703 0.161198
          -0.266567 0.149772 0.156174 -0.260415 0.146703 0.161198 -0.266306 0.145776 0.161626
          -0.275794 0.101391 -0.0970817 -0.266306 0.101483 -0.0967985 -0.266257 0.100472 -0.104022
          -0.275794 0.101391 -0.0970817 -0.266257 0.100472 -0.104022 -0.275662 0.101502 -0.103107
          -0.294221 0.127439 -0.104818 -0.292498 0.127574 -0.0977065 -0.294895 0.118401 -0.0956089
          -0.294221 0.127439 -0.104818 -0.294895 0.118401 -0.0956089 -0.295478 0.118242 -0.104364
          -0.266257 0.100472 -0.104022 -0.266306 0.101483 -0.0967985 -0.256591 0.101314 -0.096639
          -0.266257 0.100472 -0.104022 -0.256591 0.101314 -0.096639 -0.25696 0.0995361 -0.105044
          -0.292217 0.13667 -0.0981294 -0.292498 0.127574 -0.0977065 -0.294221 0.127439 -0.104818
          -0.292217 0.13667 -0.0981294 -0.294221 0.127439 -0.104818 -0.292938 0.136741 -0.105131
          -0.284521 0.111753 -0.110276 -0.284709 0.118817 -0.11367 -0.292312 0.118095 -0.112488
          -0.284521 0.111753 -0.110276 -0.292312 0.118095 -0.112488 -0.291427 0.112267 -0.109574
          -0.28492 0.127513 -0.115664 -0.294592 0.127888 -0.111824 -0.292312 0.118095 -0.112488
          -0.28492 0.127513 -0.115664 -0.292312 0.118095 -0.112488 -0.284709 0.118817 -0.11367
          -0.292497 0.107706 -0.105972 -0.291223 0.103312 -0.101697 -0.284543 0.102546 -0.102315
          -0.292497 0.107706 -0.105972 -0.284543 0.102546 -0.102315 -0.284521 0.111753 -0.110276
          -0.292497 0.107706 -0.105972 -0.284521 0.111753 -0.110276 -0.291427 0.112267 -0.109574
          -0.291435 0.101908 -0.0971886 -0.284758 0.101551 -0.0972329 -0.284543 0.102546 -0.102315
          -0.291435 0.101908 -0.0971886 -0.284543 0.102546 -0.102315 -0.291223 0.103312 -0.101697
          -0.291435 0.101908 -0.0971886 -0.291223 0.103312 -0.101697 -0.292497 0.107706 -0.105972
          -0.291435 0.101908 -0.0971886 -0.292497 0.107706 -0.105972 -0.292154 0.107406 -0.0937159
          -0.275794 0.101391 -0.0970817 -0.275662 0.101502 -0.103107 -0.284543 0.102546 -0.102315
          -0.275794 0.101391 -0.0970817 -0.284543 0.102546 -0.102315 -0.284758 0.101551 -0.0972329
          -0.294221 0.127439 -0.104818 -0.295478 0.118242 -0.104364 -0.292312 0.118095 -0.112488
          -0.294221 0.127439 -0.104818 -0.292312 0.118095 -0.112488 -0.294592 0.127888 -0.111824
          -0.292497 0.107706 -0.105972 -0.295478 0.118242 -0.104364 -0.294895 0.118401 -0.0956089
          -0.292497 0.107706 -0.105972 -0.294895 0.118401 -0.0956089 -0.292154 0.107406 -0.0937159
          -0.245897 0.127216 -0.101295 -0.247183 0.115619 -0.0980772 -0.256234 0.117453 -0.0977728
          -0.245897 0.127216 -0.101295 -0.256234 0.117453 -0.0977728 -0.257892 0.127284 -0.100492
          -0.247606 0.107913 -0.113367 -0.240374 0.107635 -0.114206 -0.235408 0.117236 -0.112211
          -0.247606 0.107913 -0.113367 -0.235408 0.117236 -0.112211 -0.247555 0.117463 -0.117126
          -0.247356 0.127658 -0.118219 -0.247555 0.117463 -0.117126 -0.235408 0.117236 -0.112211
          -0.247356 0.127658 -0.118219 -0.235408 0.117236 -0.112211 -0.2341 0.126725 -0.112539
          -0.240653 0.100803 -0.0965159 -0.237146 0.101664 -0.105091 -0.247846 0.0995547 -0.106946
          -0.240653 0.100803 -0.0965159 -0.247846 0.0995547 -0.106946 -0.24745 0.100953 -0.0966072
          -0.240653 0.100803 -0.0965159 -0.238999 0.109151 -0.0977553 -0.236365 0.10882 -0.10482
          -0.240653 0.100803 -0.0965159 -0.236365 0.10882 -0.10482 -0.237146 0.101664 -0.105091
          -0.25696 0.0995361 -0.105044 -0.247846 0.0995547 -0.106946 -0.244856 0.102707 -0.110335
          -0.25696 0.0995361 -0.105044 -0.244856 0.102707 -0.110335 -0.247606 0.107913 -0.113367
          -0.25696 0.0995361 -0.105044 -0.247606 0.107913 -0.113367 -0.256695 0.109831 -0.113151
          -0.247846 0.0995547 -0.106946 -0.25696 0.0995361 -0.105044 -0.256591 0.101314 -0.096639
          -0.247846 0.0995547 -0.106946 -0.256591 0.101314 -0.096639 -0.24745 0.100953 -0.0966072
          -0.238005 0.127101 -0.103428 -0.238077 0.118185 -0.103236 -0.240991 0.114603 -0.0993993
          -0.238005 0.127101 -0.103428 -0.240991 0.114603 -0.0993993 -0.247183 0.115619 -0.0980772
          -0.238005 0.127101 -0.103428 -0.247183 0.115619 -0.0980772 -0.245897 0.127216 -0.101295
          -0.235408 0.117236 -0.112211 -0.238077 0.118185 -0.103236 -0.238005 0.127101 -0.103428
          -0.235408 0.117236 -0.112211 -0.238005 0.127101 -0.103428 -0.2341 0.126725 -0.112539
          -0.240991 0.114603 -0.0993993 -0.238077 0.118185 -0.103236 -0.236365 0.10882 -0.10482
          -0.240991 0.114603 -0.0993993 -0.236365 0.10882 -0.10482 -0.238999 0.109151 -0.0977553
          -0.294221 0.127439 -0.104818 -0.294592 0.127888 -0.111824 -0.293286 0.137253 -0.111909
          -0.294221 0.127439 -0.104818 -0.293286 0.137253 -0.111909 -0.292938 0.136741 -0.105131
          -0.292217 0.13667 -0.0981294 -0.292938 0.136741 -0.105131 -0.29163 0.146063 -0.105074
          -0.292217 0.13667 -0.0981294 -0.29163 0.146063 -0.105074 -0.291544 0.143828 -0.098651
          -0.246809 0.144411 -0.113926 -0.246969 0.137218 -0.11676 -0.238254 0.138579 -0.116466
          -0.246809 0.144411 -0.113926 -0.238254 0.138579 -0.116466 -0.237692 0.144954 -0.111105
          -0.231669 0.143722 -0.111692 -0.237692 0.144954 -0.111105 -0.238254 0.138579 -0.116466
          -0.231669 0.143722 -0.111692 -0.238254 0.138579 -0.116466 -0.232238 0.139574 -0.111506
          -0.247356 0.127658 -0.118219 -0.2341 0.126725 -0.112539 -0.238254 0.138579 -0.116466
          -0.247356 0.127658 -0.118219 -0.238254 0.138579 -0.116466 -0.246969 0.137218 -0.11676
          -0.246809 0.144411 -0.113926 -0.237692 0.144954 -0.111105 -0.238224 0.142858 -0.107673
          -0.246809 0.144411 -0.113926 -0.238224 0.142858 -0.107673 -0.24668 0.143729 -0.106659
          -0.231669 0.143722 -0.111692 -0.231761 0.14225 -0.108539 -0.238224 0.142858 -0.107673
          -0.231669 0.143722 -0.111692 -0.238224 0.142858 -0.107673 -0.237692 0.144954 -0.111105
          -0.246209 0.132763 -0.100382 -0.238936 0.14005 -0.103076 -0.238005 0.127101 -0.103428
          -0.246209 0.132763 -0.100382 -0.238005 0.127101 -0.103428 -0.245897 0.127216 -0.101295
          -0.240757 0.136847 -0.098669 -0.238936 0.14005 -0.103076 -0.246209 0.132763 -0.100382
          -0.240757 0.136847 -0.098669 -0.246209 0.132763 -0.100382 -0.246689 0.136766 -0.0987383
          -0.238254 0.138579 -0.116466 -0.238936 0.14005 -0.103076 -0.232028 0.139528 -0.107473
          -0.238254 0.138579 -0.116466 -0.232028 0.139528 -0.107473 -0.232238 0.139574 -0.111506
          -0.238005 0.127101 -0.103428 -0.238936 0.14005 -0.103076 -0.238254 0.138579 -0.116466
          -0.238005 0.127101 -0.103428 -0.238254 0.138579 -0.116466 -0.2341 0.126725 -0.112539
          -0.232028 0.139528 -0.107473 -0.238936 0.14005 -0.103076 -0.238224 0.142858 -0.107673
          -0.232028 0.139528 -0.107473 -0.238224 0.142858 -0.107673 -0.231761 0.14225 -0.108539
          -0.285331 0.114689 -0.0895715 -0.278533 0.114193 -0.0896677 -0.276044 0.110719 -0.0905549
          -0.285331 0.114689 -0.0895715 -0.276044 0.110719 -0.0905549 -0.284893 0.111204 -0.0909377
          -0.285331 0.114689 -0.0895715 -0.284893 0.111204 -0.0909377 -0.291414 0.111617 -0.0909882
          -0.285331 0.114689 -0.0895715 -0.291414 0.111617 -0.0909882 -0.291488 0.115538 -0.0893421
          -0.285331 0.114689 -0.0895715 -0.291488 0.115538 -0.0893421 -0.294895 0.118401 -0.0956089
          -0.285331 0.114689 -0.0895715 -0.294895 0.118401 -0.0956089 -0.285313 0.119272 -0.0943808
          -0.294895 0.118401 -0.0956089 -0.291488 0.115538 -0.0893421 -0.291414 0.111617 -0.0909882
          -0.294895 0.118401 -0.0956089 -0.291414 0.111617 -0.0909882 -0.292154 0.107406 -0.0937159
          -0.266617 0.126922 -0.0995374 -0.266272 0.117261 -0.0954577 -0.275741 0.11732 -0.0937518
          -0.266617 0.126922 -0.0995374 -0.275741 0.11732 -0.0937518 -0.27613 0.126672 -0.0986932
          -0.266617 0.126922 -0.0995374 -0.257892 0.127284 -0.100492 -0.256234 0.117453 -0.0977728
          -0.266617 0.126922 -0.0995374 -0.256234 0.117453 -0.0977728 -0.266272 0.117261 -0.0954577
          -0.266617 0.126922 -0.0995374 -0.27613 0.126672 -0.0986932 -0.275781 0.137845 -0.0982081
          -0.266617 0.126922 -0.0995374 -0.275781 0.137845 -0.0982081 -0.266336 0.137627 -0.0983814
          -0.266617 0.126922 -0.0995374 -0.266336 0.137627 -0.0983814 -0.255736 0.136989 -0.0986889
          -0.266617 0.126922 -0.0995374 -0.255736 0.136989 -0.0986889 -0.257892 0.127284 -0.100492
          -0.257892 0.127284 -0.100492 -0.255736 0.136989 -0.0986889 -0.246689 0.136766 -0.0987383
          -0.257892 0.127284 -0.100492 -0.246689 0.136766 -0.0987383 -0.246209 0.132763 -0.100382
          -0.257892 0.127284 -0.100492 -0.246209 0.132763 -0.100382 -0.245897 0.127216 -0.101295
          -0.284521 0.111753 -0.110276 -0.275509 0.11118 -0.111251 -0.275672 0.118588 -0.114573
          -0.284521 0.111753 -0.110276 -0.275672 0.118588 -0.114573 -0.284709 0.118817 -0.11367
          -0.284521 0.111753 -0.110276 -0.284543 0.102546 -0.102315 -0.275662 0.101502 -0.103107
          -0.284521 0.111753 -0.110276 -0.275662 0.101502 -0.103107 -0.275509 0.11118 -0.111251
          -0.266176 0.127496 -0.117027 -0.275781 0.127557 -0.116368 -0.275672 0.118588 -0.114573
          -0.266176 0.127496 -0.117027 -0.275672 0.118588 -0.114573 -0.26612 0.118304 -0.115487
          -0.275741 0.11732 -0.0937518 -0.266272 0.117261 -0.0954577 -0.267899 0.108613 -0.0925454
          -0.275741 0.11732 -0.0937518 -0.267899 0.108613 -0.0925454 -0.269766 0.109786 -0.0907231
          -0.275741 0.11732 -0.0937518 -0.269766 0.109786 -0.0907231 -0.276044 0.110719 -0.0905549
          -0.275741 0.11732 -0.0937518 -0.276044 0.110719 -0.0905549 -0.278533 0.114193 -0.0896677
          -0.285226 0.127026 -0.0981972 -0.27613 0.126672 -0.0986932 -0.275741 0.11732 -0.0937518
          -0.285226 0.127026 -0.0981972 -0.275741 0.11732 -0.0937518 -0.278533 0.114193 -0.0896677
          -0.285226 0.127026 -0.0981972 -0.278533 0.114193 -0.0896677 -0.285331 0.114689 -0.0895715
          -0.285226 0.127026 -0.0981972 -0.285331 0.114689 -0.0895715 -0.285313 0.119272 -0.0943808
          -0.266031 0.110555 -0.112264 -0.26612 0.118304 -0.115487 -0.275672 0.118588 -0.114573
          -0.266031 0.110555 -0.112264 -0.275672 0.118588 -0.114573 -0.275509 0.11118 -0.111251
          -0.28492 0.127513 -0.115664 -0.284709 0.118817 -0.11367 -0.275672 0.118588 -0.114573
          -0.28492 0.127513 -0.115664 -0.275672 0.118588 -0.114573 -0.275781 0.127557 -0.116368
          -0.284758 0.101551 -0.0972329 -0.291435 0.101908 -0.0971886 -0.292154 0.107406 -0.0937159
          -0.284758 0.101551 -0.0972329 -0.292154 0.107406 -0.0937159 -0.291414 0.111617 -0.0909882
          -0.284758 0.101551 -0.0972329 -0.291414 0.111617 -0.0909882 -0.284893 0.111204 -0.0909377
          -0.266257 0.100472 -0.104022 -0.266031 0.110555 -0.112264 -0.275509 0.11118 -0.111251
          -0.266257 0.100472 -0.104022 -0.275509 0.11118 -0.111251 -0.275662 0.101502 -0.103107
          -0.292312 0.118095 -0.112488 -0.295478 0.118242 -0.104364 -0.292497 0.107706 -0.105972
          -0.292312 0.118095 -0.112488 -0.292497 0.107706 -0.105972 -0.291427 0.112267 -0.109574
          -0.285226 0.127026 -0.0981972 -0.285313 0.119272 -0.0943808 -0.294895 0.118401 -0.0956089
          -0.285226 0.127026 -0.0981972 -0.294895 0.118401 -0.0956089 -0.292498 0.127574 -0.0977065
          -0.247606 0.107913 -0.113367 -0.247555 0.117463 -0.117126 -0.256542 0.117878 -0.116359
          -0.247606 0.107913 -0.113367 -0.256542 0.117878 -0.116359 -0.256695 0.109831 -0.113151
          -0.266176 0.127496 -0.117027 -0.26612 0.118304 -0.115487 -0.256542 0.117878 -0.116359
          -0.266176 0.127496 -0.117027 -0.256542 0.117878 -0.116359 -0.256547 0.127433 -0.117687
          -0.267899 0.108613 -0.0925454 -0.266272 0.117261 -0.0954577 -0.256234 0.117453 -0.0977728
          -0.267899 0.108613 -0.0925454 -0.256234 0.117453 -0.0977728 -0.256764 0.107394 -0.0929247
          -0.266031 0.110555 -0.112264 -0.256695 0.109831 -0.113151 -0.256542 0.117878 -0.116359
          -0.266031 0.110555 -0.112264 -0.256542 0.117878 -0.116359 -0.26612 0.118304 -0.115487
          -0.247356 0.127658 -0.118219 -0.256547 0.127433 -0.117687 -0.256542 0.117878 -0.116359
          -0.247356 0.127658 -0.118219 -0.256542 0.117878 -0.116359 -0.247555 0.117463 -0.117126
          -0.247031 0.110853 -0.0941348 -0.256764 0.107394 -0.0929247 -0.256234 0.117453 -0.0977728
          -0.247031 0.110853 -0.0941348 -0.256234 0.117453 -0.0977728 -0.247183 0.115619 -0.0980772
          -0.236365 0.10882 -0.10482 -0.240374 0.107635 -0.114206 -0.240196 0.102408 -0.110881
          -0.236365 0.10882 -0.10482 -0.240196 0.102408 -0.110881 -0.237146 0.101664 -0.105091
          -0.240196 0.102408 -0.110881 -0.244856 0.102707 -0.110335 -0.247846 0.0995547 -0.106946
          -0.240196 0.102408 -0.110881 -0.247846 0.0995547 -0.106946 -0.237146 0.101664 -0.105091
          -0.247606 0.107913 -0.113367 -0.244856 0.102707 -0.110335 -0.240196 0.102408 -0.110881
          -0.247606 0.107913 -0.113367 -0.240196 0.102408 -0.110881 -0.240374 0.107635 -0.114206
          -0.247031 0.110853 -0.0941348 -0.238999 0.109151 -0.0977553 -0.240653 0.100803 -0.0965159
          -0.247031 0.110853 -0.0941348 -0.240653 0.100803 -0.0965159 -0.24745 0.100953 -0.0966072
          -0.266257 0.100472 -0.104022 -0.25696 0.0995361 -0.105044 -0.256695 0.109831 -0.113151
          -0.266257 0.100472 -0.104022 -0.256695 0.109831 -0.113151 -0.266031 0.110555 -0.112264
          -0.267899 0.108613 -0.0925454 -0.256764 0.107394 -0.0929247 -0.256591 0.101314 -0.096639
          -0.267899 0.108613 -0.0925454 -0.256591 0.101314 -0.096639 -0.266306 0.101483 -0.0967985
          -0.247031 0.110853 -0.0941348 -0.24745 0.100953 -0.0966072 -0.256591 0.101314 -0.096639
          -0.247031 0.110853 -0.0941348 -0.256591 0.101314 -0.096639 -0.256764 0.107394 -0.0929247
          -0.235408 0.117236 -0.112211 -0.240374 0.107635 -0.114206 -0.236365 0.10882 -0.10482
          -0.235408 0.117236 -0.112211 -0.236365 0.10882 -0.10482 -0.238077 0.118185 -0.103236
          -0.247031 0.110853 -0.0941348 -0.247183 0.115619 -0.0980772 -0.240991 0.114603 -0.0993993
          -0.247031 0.110853 -0.0941348 -0.240991 0.114603 -0.0993993 -0.238999 0.109151 -0.0977553
          -0.284969 0.145731 -0.113338 -0.284889 0.137216 -0.115545 -0.275802 0.137175 -0.115919
          -0.284969 0.145731 -0.113338 -0.275802 0.137175 -0.115919 -0.276093 0.146521 -0.113052
          -0.266176 0.127496 -0.117027 -0.26618 0.136989 -0.116284 -0.275802 0.137175 -0.115919
          -0.266176 0.127496 -0.117027 -0.275802 0.137175 -0.115919 -0.275781 0.127557 -0.116368
          -0.285226 0.127026 -0.0981972 -0.284857 0.137383 -0.0982031 -0.275781 0.137845 -0.0982081
          -0.285226 0.127026 -0.0981972 -0.275781 0.137845 -0.0982081 -0.27613 0.126672 -0.0986932
          -0.266699 0.142558 -0.0991939 -0.275912 0.14368 -0.0983627 -0.276167 0.148128 -0.10526
          -0.266699 0.142558 -0.0991939 -0.276167 0.148128 -0.10526 -0.266331 0.14633 -0.105208
          -0.266699 0.142558 -0.0991939 -0.266336 0.137627 -0.0983814 -0.275781 0.137845 -0.0982081
          -0.266699 0.142558 -0.0991939 -0.275781 0.137845 -0.0982081 -0.275912 0.14368 -0.0983627
          -0.28492 0.127513 -0.115664 -0.275781 0.127557 -0.116368 -0.275802 0.137175 -0.115919
          -0.28492 0.127513 -0.115664 -0.275802 0.137175 -0.115919 -0.284889 0.137216 -0.115545
          -0.266148 0.145148 -0.11366 -0.276093 0.146521 -0.113052 -0.275802 0.137175 -0.115919
          -0.266148 0.145148 -0.11366 -0.275802 0.137175 -0.115919 -0.26618 0.136989 -0.116284
          -0.266148 0.145148 -0.11366 -0.266331 0.14633 -0.105208 -0.276167 0.148128 -0.10526
          -0.266148 0.145148 -0.11366 -0.276167 0.148128 -0.10526 -0.276093 0.146521 -0.113052
          -0.284712 0.14482 -0.097675 -0.285669 0.151564 -0.10797 -0.27939 0.150869 -0.108647
          -0.284712 0.14482 -0.097675 -0.27939 0.150869 -0.108647 -0.276167 0.148128 -0.10526
          -0.284712 0.14482 -0.097675 -0.276167 0.148128 -0.10526 -0.275912 0.14368 -0.0983627
          -0.284712 0.14482 -0.097675 -0.275912 0.14368 -0.0983627 -0.275781 0.137845 -0.0982081
          -0.284712 0.14482 -0.097675 -0.275781 0.137845 -0.0982081 -0.284857 0.137383 -0.0982031
          -0.293286 0.137253 -0.111909 -0.292056 0.146033 -0.111877 -0.29163 0.146063 -0.105074
          -0.293286 0.137253 -0.111909 -0.29163 0.146063 -0.105074 -0.292938 0.136741 -0.105131
          -0.284969 0.145731 -0.113338 -0.292056 0.146033 -0.111877 -0.293286 0.137253 -0.111909
          -0.284969 0.145731 -0.113338 -0.293286 0.137253 -0.111909 -0.284889 0.137216 -0.115545
          -0.285226 0.127026 -0.0981972 -0.292498 0.127574 -0.0977065 -0.292217 0.13667 -0.0981294
          -0.285226 0.127026 -0.0981972 -0.292217 0.13667 -0.0981294 -0.284857 0.137383 -0.0982031
          -0.28492 0.127513 -0.115664 -0.284889 0.137216 -0.115545 -0.293286 0.137253 -0.111909
          -0.28492 0.127513 -0.115664 -0.293286 0.137253 -0.111909 -0.294592 0.127888 -0.111824
          -0.284712 0.14482 -0.097675 -0.284857 0.137383 -0.0982031 -0.292217 0.13667 -0.0981294
          -0.284712 0.14482 -0.097675 -0.292217 0.13667 -0.0981294 -0.291544 0.143828 -0.098651
          -0.279008 0.151832 -0.110262 -0.27939 0.150869 -0.108647 -0.285669 0.151564 -0.10797
          -0.279008 0.151832 -0.110262 -0.285669 0.151564 -0.10797 -0.285324 0.151871 -0.110359
          -0.279008 0.151832 -0.110262 -0.276093 0.146521 -0.113052 -0.276167 0.148128 -0.10526
          -0.279008 0.151832 -0.110262 -0.276167 0.148128 -0.10526 -0.27939 0.150869 -0.108647
          -0.284969 0.145731 -0.113338 -0.276093 0.146521 -0.113052 -0.279008 0.151832 -0.110262
          -0.284969 0.145731 -0.113338 -0.279008 0.151832 -0.110262 -0.285324 0.151871 -0.110359
          -0.246809 0.144411 -0.113926 -0.256395 0.14462 -0.113869 -0.256464 0.136887 -0.116635
          -0.246809 0.144411 -0.113926 -0.256464 0.136887 -0.116635 -0.246969 0.137218 -0.11676
          -0.246809 0.144411 -0.113926 -0.24668 0.143729 -0.106659 -0.256205 0.144298 -0.104874
          -0.246809 0.144411 -0.113926 -0.256205 0.144298 -0.104874 -0.256395 0.14462 -0.113869
          -0.266176 0.127496 -0.117027 -0.256547 0.127433 -0.117687 -0.256464 0.136887 -0.116635
          -0.266176 0.127496 -0.117027 -0.256464 0.136887 -0.116635 -0.26618 0.136989 -0.116284
          -0.246689 0.136766 -0.0987383 -0.255736 0.136989 -0.0986889 -0.259224 0.141656 -0.0998861
          -0.246689 0.136766 -0.0987383 -0.259224 0.141656 -0.0998861 -0.256205 0.144298 -0.104874
          -0.246689 0.136766 -0.0987383 -0.256205 0.144298 -0.104874 -0.24668 0.143729 -0.106659
          -0.266699 0.142558 -0.0991939 -0.266331 0.14633 -0.105208 -0.256205 0.144298 -0.104874
          -0.266699 0.142558 -0.0991939 -0.256205 0.144298 -0.104874 -0.259224 0.141656 -0.0998861
          -0.266699 0.142558 -0.0991939 -0.259224 0.141656 -0.0998861 -0.255736 0.136989 -0.0986889
          -0.266699 0.142558 -0.0991939 -0.255736 0.136989 -0.0986889 -0.266336 0.137627 -0.0983814
          -0.247356 0.127658 -0.118219 -0.246969 0.137218 -0.11676 -0.256464 0.136887 -0.116635
          -0.247356 0.127658 -0.118219 -0.256464 0.136887 -0.116635 -0.256547 0.127433 -0.117687
          -0.266148 0.145148 -0.11366 -0.26618 0.136989 -0.116284 -0.256464 0.136887 -0.116635
          -0.266148 0.145148 -0.11366 -0.256464 0.136887 -0.116635 -0.256395 0.14462 -0.113869
          -0.266148 0.145148 -0.11366 -0.256395 0.14462 -0.113869 -0.256205 0.144298 -0.104874
          -0.266148 0.145148 -0.11366 -0.256205 0.144298 -0.104874 -0.266331 0.14633 -0.105208
          -0.24668 0.143729 -0.106659 -0.238224 0.142858 -0.107673 -0.238936 0.14005 -0.103076
          -0.24668 0.143729 -0.106659 -0.238936 0.14005 -0.103076 -0.240757 0.136847 -0.098669
          -0.24668 0.143729 -0.106659 -0.240757 0.136847 -0.098669 -0.246689 0.136766 -0.0987383
          -0.231669 0.143722 -0.111692 -0.232238 0.139574 -0.111506 -0.232028 0.139528 -0.107473
          -0.231669 0.143722 -0.111692 -0.232028 0.139528 -0.107473 -0.231761 0.14225 -0.108539
          -0.276044 0.110719 -0.0905549 -0.269766 0.109786 -0.0907231 -0.267899 0.108613 -0.0925454
          -0.276044 0.110719 -0.0905549 -0.267899 0.108613 -0.0925454 -0.266306 0.101483 -0.0967985
          -0.276044 0.110719 -0.0905549 -0.266306 0.101483 -0.0967985 -0.275794 0.101391 -0.0970817
          -0.284893 0.111204 -0.0909377 -0.276044 0.110719 -0.0905549 -0.275794 0.101391 -0.0970817
          -0.284893 0.111204 -0.0909377 -0.275794 0.101391 -0.0970817 -0.284758 0.101551 -0.0972329
          -0.29163 0.146063 -0.105074 -0.292056 0.146033 -0.111877 -0.291154 0.151858 -0.110477
          -0.29163 0.146063 -0.105074 -0.291154 0.151858 -0.110477 -0.29092 0.152208 -0.107502
          -0.291154 0.151858 -0.110477 -0.285324 0.151871 -0.110359 -0.285669 0.151564 -0.10797
          -0.291154 0.151858 -0.110477 -0.285669 0.151564 -0.10797 -0.29092 0.152208 -0.107502
          -0.29163 0.146063 -0.105074 -0.29092 0.152208 -0.107502 -0.285669 0.151564 -0.10797
          -0.29163 0.146063 -0.105074 -0.285669 0.151564 -0.10797 -0.284712 0.14482 -0.097675
          -0.29163 0.146063 -0.105074 -0.284712 0.14482 -0.097675 -0.291544 0.143828 -0.098651
          -0.284969 0.145731 -0.113338 -0.285324 0.151871 -0.110359 -0.291154 0.151858 -0.110477
          -0.284969 0.145731 -0.113338 -0.291154 0.151858 -0.110477 -0.292056 0.146033 -0.111877
          -0.268851 -0.109449 -0.091524 -0.276326 -0.108771 -0.0920311 -0.275931 -0.111089 -0.104413
          -0.268851 -0.109449 -0.091524 -0.275931 -0.111089 -0.104413 -0.26649 -0.111213 -0.104108
          -0.268851 -0.109449 -0.091524 -0.26649 -0.111213 -0.104108 -0.265949 -0.111201 -0.0955437
          -0.26649 -0.111213 -0.104108 -0.263948 -0.10992 -0.10757 -0.256472 -0.109498 -0.107165
          -0.26649 -0.111213 -0.104108 -0.256472 -0.109498 -0.107165 -0.256255 -0.112002 -0.0956446
          -0.26649 -0.111213 -0.104108 -0.256255 -0.112002 -0.0956446 -0.265949 -0.111201 -0.0955437
          -0.237631 -0.130361 -0.0952748 -0.231763 -0.129757 -0.0978037 -0.231142 -0.129922 -0.102584
          -0.237631 -0.130361 -0.0952748 -0.231142 -0.129922 -0.102584 -0.237722 -0.129749 -0.102661
          -0.262736 -0.128875 -0.10231 -0.262979 -0.12887 -0.0973215 -0.255962 -0.129212 -0.0951151
          -0.262736 -0.128875 -0.10231 -0.255962 -0.129212 -0.0951151 -0.255699 -0.129107 -0.102686
          -0.231244 -0.117282 -0.104768 -0.232384 -0.118371 -0.0984918 -0.236803 -0.114599 -0.0953899
          -0.231244 -0.117282 -0.104768 -0.236803 -0.114599 -0.0953899 -0.237408 -0.112595 -0.103627
          -0.292045 -0.114306 -0.0950518 -0.292018 -0.107871 -0.0924587 -0.292923 -0.107673 -0.0859552
          -0.292045 -0.114306 -0.0950518 -0.292923 -0.107673 -0.0859552 -0.293337 -0.11436 -0.0861045
          -0.273175 -0.108742 -0.0709487 -0.265681 -0.108958 -0.0710633 -0.265918 -0.113028 -0.0689353
          -0.273175 -0.108742 -0.0709487 -0.265918 -0.113028 -0.0689353 -0.275388 -0.112594 -0.0702674
          -0.2562 -0.106363 -0.0839136 -0.265852 -0.106168 -0.0856461 -0.268851 -0.109449 -0.091524
          -0.2562 -0.106363 -0.0839136 -0.268851 -0.109449 -0.091524 -0.265949 -0.111201 -0.0955437
          -0.2562 -0.106363 -0.0839136 -0.265949 -0.111201 -0.0955437 -0.256255 -0.112002 -0.0956446
          -0.265918 -0.113028 -0.0689353 -0.265681 -0.108958 -0.0710633 -0.256323 -0.108915 -0.0708675
          -0.265918 -0.113028 -0.0689353 -0.256323 -0.108915 -0.0708675 -0.256811 -0.113788 -0.0678173
          -0.247568 -0.122929 -0.0753952 -0.244827 -0.119645 -0.0706796 -0.240172 -0.120089 -0.0702256
          -0.247568 -0.122929 -0.0753952 -0.240172 -0.120089 -0.0702256 -0.240268 -0.123514 -0.0749046
          -0.26649 -0.111213 -0.104108 -0.275931 -0.111089 -0.104413 -0.275825 -0.109648 -0.10978
          -0.26649 -0.111213 -0.104108 -0.275825 -0.109648 -0.10978 -0.275153 -0.10948 -0.113874
          -0.26649 -0.111213 -0.104108 -0.275153 -0.10948 -0.113874 -0.266564 -0.109065 -0.112114
          -0.26649 -0.111213 -0.104108 -0.266564 -0.109065 -0.112114 -0.263948 -0.10992 -0.10757
          -0.284769 -0.110459 -0.0983547 -0.284932 -0.11239 -0.105043 -0.275931 -0.111089 -0.104413
          -0.284769 -0.110459 -0.0983547 -0.275931 -0.111089 -0.104413 -0.276326 -0.108771 -0.0920311
          -0.284769 -0.110459 -0.0983547 -0.276326 -0.108771 -0.0920311 -0.284964 -0.107942 -0.0924468
          -0.281061 -0.108751 -0.114435 -0.275153 -0.10948 -0.113874 -0.275825 -0.109648 -0.10978
          -0.281061 -0.108751 -0.114435 -0.275825 -0.109648 -0.10978 -0.281163 -0.11278 -0.116264
          -0.266342 -0.12835 -0.0946913 -0.262979 -0.12887 -0.0973215 -0.262736 -0.128875 -0.10231
          -0.266342 -0.12835 -0.0946913 -0.262736 -0.128875 -0.10231 -0.265946 -0.128352 -0.10518
          -0.266342 -0.12835 -0.0946913 -0.265946 -0.128352 -0.10518 -0.275771 -0.127835 -0.104938
          -0.266342 -0.12835 -0.0946913 -0.275771 -0.127835 -0.104938 -0.275875 -0.127626 -0.0950696
          -0.284932 -0.11239 -0.105043 -0.291267 -0.116212 -0.102543 -0.290763 -0.121774 -0.104661
          -0.284932 -0.11239 -0.105043 -0.290763 -0.121774 -0.104661 -0.290652 -0.123151 -0.110901
          -0.284932 -0.11239 -0.105043 -0.290652 -0.123151 -0.110901 -0.284618 -0.123834 -0.112686
          -0.284932 -0.11239 -0.105043 -0.284618 -0.123834 -0.112686 -0.281163 -0.11278 -0.116264
          -0.292045 -0.114306 -0.0950518 -0.291267 -0.116212 -0.102543 -0.284932 -0.11239 -0.105043
          -0.292045 -0.114306 -0.0950518 -0.284932 -0.11239 -0.105043 -0.284769 -0.110459 -0.0983547
          -0.284964 -0.107942 -0.0924468 -0.292018 -0.107871 -0.0924587 -0.292045 -0.114306 -0.0950518
          -0.284964 -0.107942 -0.0924468 -0.292045 -0.114306 -0.0950518 -0.284769 -0.110459 -0.0983547
          -0.290763 -0.121774 -0.104661 -0.291267 -0.116212 -0.102543 -0.292045 -0.114306 -0.0950518
          -0.290763 -0.121774 -0.104661 -0.292045 -0.114306 -0.0950518 -0.292306 -0.121565 -0.0952312
          -0.256472 -0.109498 -0.107165 -0.250349 -0.109469 -0.105969 -0.248504 -0.111727 -0.104726
          -0.256472 -0.109498 -0.107165 -0.248504 -0.111727 -0.104726 -0.246905 -0.112712 -0.0956552
          -0.256472 -0.109498 -0.107165 -0.246905 -0.112712 -0.0956552 -0.256255 -0.112002 -0.0956446
          -0.24657 -0.120386 -0.115394 -0.23733 -0.120619 -0.11415 -0.237866 -0.116239 -0.111504
          -0.24657 -0.120386 -0.115394 -0.237866 -0.116239 -0.111504 -0.246783 -0.115505 -0.112409
          -0.229548 -0.12182 -0.110757 -0.231143 -0.117091 -0.110889 -0.237866 -0.116239 -0.111504
          -0.229548 -0.12182 -0.110757 -0.237866 -0.116239 -0.111504 -0.23733 -0.120619 -0.11415
          -0.246629 -0.129453 -0.102747 -0.237722 -0.129749 -0.102661 -0.237775 -0.128378 -0.107932
          -0.246629 -0.129453 -0.102747 -0.237775 -0.128378 -0.107932 -0.24694 -0.128118 -0.108352
          -0.24657 -0.120386 -0.115394 -0.24694 -0.128118 -0.108352 -0.237775 -0.128378 -0.107932
          -0.24657 -0.120386 -0.115394 -0.237775 -0.128378 -0.107932 -0.23733 -0.120619 -0.11415
          -0.237631 -0.130361 -0.0952748 -0.237722 -0.129749 -0.102661 -0.246629 -0.129453 -0.102747
          -0.237631 -0.130361 -0.0952748 -0.246629 -0.129453 -0.102747 -0.246523 -0.129846 -0.0955823
          -0.265604 -0.119175 -0.118343 -0.266386 -0.123379 -0.119556 -0.260334 -0.123085 -0.119832
          -0.265604 -0.119175 -0.118343 -0.260334 -0.123085 -0.119832 -0.258438 -0.12507 -0.115703
          -0.256477 -0.128032 -0.108192 -0.255699 -0.129107 -0.102686 -0.246629 -0.129453 -0.102747
          -0.256477 -0.128032 -0.108192 -0.246629 -0.129453 -0.102747 -0.24694 -0.128118 -0.108352
          -0.246629 -0.129453 -0.102747 -0.255699 -0.129107 -0.102686 -0.255962 -0.129212 -0.0951151
          -0.246629 -0.129453 -0.102747 -0.255962 -0.129212 -0.0951151 -0.246523 -0.129846 -0.0955823
          -0.248504 -0.111727 -0.104726 -0.237408 -0.112595 -0.103627 -0.236803 -0.114599 -0.0953899
          -0.248504 -0.111727 -0.104726 -0.236803 -0.114599 -0.0953899 -0.246905 -0.112712 -0.0956552
          -0.231244 -0.117282 -0.104768 -0.237408 -0.112595 -0.103627 -0.237866 -0.116239 -0.111504
          -0.231244 -0.117282 -0.104768 -0.237866 -0.116239 -0.111504 -0.231143 -0.117091 -0.110889
          -0.292045 -0.114306 -0.0950518 -0.293337 -0.11436 -0.0861045 -0.293545 -0.120945 -0.0865557
          -0.292045 -0.114306 -0.0950518 -0.293545 -0.120945 -0.0865557 -0.292306 -0.121565 -0.0952312
          -0.29419 -0.114073 -0.0792666 -0.293337 -0.11436 -0.0861045 -0.292923 -0.107673 -0.0859552
          -0.29419 -0.114073 -0.0792666 -0.292923 -0.107673 -0.0859552 -0.293797 -0.107936 -0.0796319
          -0.256255 -0.112002 -0.0956446 -0.246905 -0.112712 -0.0956552 -0.247368 -0.107278 -0.0831261
          -0.256255 -0.112002 -0.0956446 -0.247368 -0.107278 -0.0831261 -0.2562 -0.106363 -0.0839136
          -0.239562 -0.127046 -0.0843272 -0.239834 -0.129636 -0.088502 -0.246619 -0.129016 -0.0885265
          -0.239562 -0.127046 -0.0843272 -0.246619 -0.129016 -0.0885265 -0.247568 -0.122929 -0.0753952
          -0.239562 -0.127046 -0.0843272 -0.247568 -0.122929 -0.0753952 -0.240268 -0.123514 -0.0749046
          -0.246619 -0.129016 -0.0885265 -0.239834 -0.129636 -0.088502 -0.237631 -0.130361 -0.0952748
          -0.246619 -0.129016 -0.0885265 -0.237631 -0.130361 -0.0952748 -0.246523 -0.129846 -0.0955823
          -0.239562 -0.127046 -0.0843272 -0.232528 -0.123676 -0.0924628 -0.231422 -0.123691 -0.0977436
          -0.239562 -0.127046 -0.0843272 -0.231422 -0.123691 -0.0977436 -0.231763 -0.129757 -0.0978037
          -0.239562 -0.127046 -0.0843272 -0.231763 -0.129757 -0.0978037 -0.237631 -0.130361 -0.0952748
          -0.239562 -0.127046 -0.0843272 -0.237631 -0.130361 -0.0952748 -0.239834 -0.129636 -0.088502
          -0.240566 -0.108674 -0.0704166 -0.240259 -0.105783 -0.0749698 -0.234417 -0.113802 -0.0768503
          -0.240566 -0.108674 -0.0704166 -0.234417 -0.113802 -0.0768503 -0.240618 -0.116545 -0.0669843
          -0.240566 -0.108674 -0.0704166 -0.240618 -0.116545 -0.0669843 -0.247765 -0.115696 -0.0676171
          -0.240566 -0.108674 -0.0704166 -0.247765 -0.115696 -0.0676171 -0.247339 -0.108811 -0.0705705
          -0.246619 -0.129016 -0.0885265 -0.253625 -0.128383 -0.0888273 -0.256766 -0.126903 -0.0852883
          -0.246619 -0.129016 -0.0885265 -0.256766 -0.126903 -0.0852883 -0.256753 -0.122865 -0.0772811
          -0.246619 -0.129016 -0.0885265 -0.256753 -0.122865 -0.0772811 -0.247568 -0.122929 -0.0753952
          -0.256766 -0.126903 -0.0852883 -0.253625 -0.128383 -0.0888273 -0.255962 -0.129212 -0.0951151
          -0.256766 -0.126903 -0.0852883 -0.255962 -0.129212 -0.0951151 -0.262979 -0.12887 -0.0973215
          -0.256766 -0.126903 -0.0852883 -0.262979 -0.12887 -0.0973215 -0.266342 -0.12835 -0.0946913
          -0.256766 -0.126903 -0.0852883 -0.266342 -0.12835 -0.0946913 -0.266495 -0.125882 -0.0854722
          -0.255962 -0.129212 -0.0951151 -0.253625 -0.128383 -0.0888273 -0.246619 -0.129016 -0.0885265
          -0.255962 -0.129212 -0.0951151 -0.246619 -0.129016 -0.0885265 -0.246523 -0.129846 -0.0955823
          -0.236803 -0.114599 -0.0953899 -0.237946 -0.112504 -0.086428 -0.240627 -0.108267 -0.0824673
          -0.236803 -0.114599 -0.0953899 -0.240627 -0.108267 -0.0824673 -0.247368 -0.107278 -0.0831261
          -0.236803 -0.114599 -0.0953899 -0.247368 -0.107278 -0.0831261 -0.246905 -0.112712 -0.0956552
          -0.239562 -0.127046 -0.0843272 -0.237946 -0.112504 -0.086428 -0.236803 -0.114599 -0.0953899
          -0.239562 -0.127046 -0.0843272 -0.236803 -0.114599 -0.0953899 -0.232528 -0.123676 -0.0924628
          -0.240627 -0.108267 -0.0824673 -0.237946 -0.112504 -0.086428 -0.234417 -0.113802 -0.0768503
          -0.240627 -0.108267 -0.0824673 -0.234417 -0.113802 -0.0768503 -0.240259 -0.105783 -0.0749698
          -0.256323 -0.108915 -0.0708675 -0.247339 -0.108811 -0.0705705 -0.247765 -0.115696 -0.0676171
          -0.256323 -0.108915 -0.0708675 -0.247765 -0.115696 -0.0676171 -0.256811 -0.113788 -0.0678173
          -0.268851 -0.109449 -0.091524 -0.265852 -0.106168 -0.0856461 -0.275745 -0.104417 -0.0857484
          -0.268851 -0.109449 -0.091524 -0.275745 -0.104417 -0.0857484 -0.276326 -0.108771 -0.0920311
          -0.284932 -0.11239 -0.105043 -0.281163 -0.11278 -0.116264 -0.275825 -0.109648 -0.10978
          -0.284932 -0.11239 -0.105043 -0.275825 -0.109648 -0.10978 -0.275931 -0.111089 -0.104413
          -0.284618 -0.123834 -0.112686 -0.284602 -0.12684 -0.104527 -0.275771 -0.127835 -0.104938
          -0.284618 -0.123834 -0.112686 -0.275771 -0.127835 -0.104938 -0.2756 -0.126046 -0.113631
          -0.266564 -0.109065 -0.112114 -0.275153 -0.10948 -0.113874 -0.274516 -0.114562 -0.117052
          -0.266564 -0.109065 -0.112114 -0.274516 -0.114562 -0.117052 -0.265856 -0.114524 -0.115535
          -0.265604 -0.119175 -0.118343 -0.265856 -0.114524 -0.115535 -0.274516 -0.114562 -0.117052
          -0.265604 -0.119175 -0.118343 -0.274516 -0.114562 -0.117052 -0.277366 -0.117468 -0.119467
          -0.265604 -0.119175 -0.118343 -0.277366 -0.117468 -0.119467 -0.274915 -0.122919 -0.120586
          -0.265604 -0.119175 -0.118343 -0.274915 -0.122919 -0.120586 -0.266386 -0.123379 -0.119556
          -0.266556 -0.126101 -0.113865 -0.2756 -0.126046 -0.113631 -0.275771 -0.127835 -0.104938
          -0.266556 -0.126101 -0.113865 -0.275771 -0.127835 -0.104938 -0.265946 -0.128352 -0.10518
          -0.281061 -0.108751 -0.114435 -0.281163 -0.11278 -0.116264 -0.281999 -0.116957 -0.119905
          -0.281061 -0.108751 -0.114435 -0.281999 -0.116957 -0.119905 -0.277366 -0.117468 -0.119467
          -0.281061 -0.108751 -0.114435 -0.277366 -0.117468 -0.119467 -0.274516 -0.114562 -0.117052
          -0.281061 -0.108751 -0.114435 -0.274516 -0.114562 -0.117052 -0.275153 -0.10948 -0.113874
          -0.284874 -0.126683 -0.0948679 -0.275875 -0.127626 -0.0950696 -0.275771 -0.127835 -0.104938
          -0.284874 -0.126683 -0.0948679 -0.275771 -0.127835 -0.104938 -0.284602 -0.12684 -0.104527
          -0.274915 -0.122919 -0.120586 -0.277366 -0.117468 -0.119467 -0.281999 -0.116957 -0.119905
          -0.274915 -0.122919 -0.120586 -0.281999 -0.116957 -0.119905 -0.282027 -0.122832 -0.120651
          -0.284618 -0.123834 -0.112686 -0.2756 -0.126046 -0.113631 -0.274915 -0.122919 -0.120586
          -0.284618 -0.123834 -0.112686 -0.274915 -0.122919 -0.120586 -0.282027 -0.122832 -0.120651
          -0.284618 -0.123834 -0.112686 -0.282027 -0.122832 -0.120651 -0.281999 -0.116957 -0.119905
          -0.284618 -0.123834 -0.112686 -0.281999 -0.116957 -0.119905 -0.281163 -0.11278 -0.116264
          -0.266556 -0.126101 -0.113865 -0.266386 -0.123379 -0.119556 -0.274915 -0.122919 -0.120586
          -0.266556 -0.126101 -0.113865 -0.274915 -0.122919 -0.120586 -0.2756 -0.126046 -0.113631
          -0.284618 -0.123834 -0.112686 -0.290652 -0.123151 -0.110901 -0.290763 -0.121774 -0.104661
          -0.284618 -0.123834 -0.112686 -0.290763 -0.121774 -0.104661 -0.284602 -0.12684 -0.104527
          -0.284874 -0.126683 -0.0948679 -0.284602 -0.12684 -0.104527 -0.290763 -0.121774 -0.104661
          -0.284874 -0.126683 -0.0948679 -0.290763 -0.121774 -0.104661 -0.292306 -0.121565 -0.0952312
          -0.24657 -0.120386 -0.115394 -0.246783 -0.115505 -0.112409 -0.256291 -0.114047 -0.113386
          -0.24657 -0.120386 -0.115394 -0.256291 -0.114047 -0.113386 -0.258438 -0.12507 -0.115703
          -0.24657 -0.120386 -0.115394 -0.258438 -0.12507 -0.115703 -0.256477 -0.128032 -0.108192
          -0.24657 -0.120386 -0.115394 -0.256477 -0.128032 -0.108192 -0.24694 -0.128118 -0.108352
          -0.266564 -0.109065 -0.112114 -0.265856 -0.114524 -0.115535 -0.256291 -0.114047 -0.113386
          -0.266564 -0.109065 -0.112114 -0.256291 -0.114047 -0.113386 -0.258949 -0.109078 -0.111248
          -0.266564 -0.109065 -0.112114 -0.258949 -0.109078 -0.111248 -0.256472 -0.109498 -0.107165
          -0.266564 -0.109065 -0.112114 -0.256472 -0.109498 -0.107165 -0.263948 -0.10992 -0.10757
          -0.248504 -0.111727 -0.104726 -0.250349 -0.109469 -0.105969 -0.256472 -0.109498 -0.107165
          -0.248504 -0.111727 -0.104726 -0.256472 -0.109498 -0.107165 -0.258949 -0.109078 -0.111248
          -0.248504 -0.111727 -0.104726 -0.258949 -0.109078 -0.111248 -0.256291 -0.114047 -0.113386
          -0.248504 -0.111727 -0.104726 -0.256291 -0.114047 -0.113386 -0.246783 -0.115505 -0.112409
          -0.265604 -0.119175 -0.118343 -0.258438 -0.12507 -0.115703 -0.256291 -0.114047 -0.113386
          -0.265604 -0.119175 -0.118343 -0.256291 -0.114047 -0.113386 -0.265856 -0.114524 -0.115535
          -0.237775 -0.128378 -0.107932 -0.237722 -0.129749 -0.102661 -0.231142 -0.129922 -0.102584
          -0.237775 -0.128378 -0.107932 -0.231142 -0.129922 -0.102584 -0.23049 -0.123832 -0.104813
          -0.237775 -0.128378 -0.107932 -0.23049 -0.123832 -0.104813 -0.229548 -0.12182 -0.110757
          -0.237775 -0.128378 -0.107932 -0.229548 -0.12182 -0.110757 -0.23733 -0.120619 -0.11415
          -0.231422 -0.123691 -0.0977436 -0.23049 -0.123832 -0.104813 -0.231142 -0.129922 -0.102584
          -0.231422 -0.123691 -0.0977436 -0.231142 -0.129922 -0.102584 -0.231763 -0.129757 -0.0978037
          -0.266556 -0.126101 -0.113865 -0.258438 -0.12507 -0.115703 -0.260334 -0.123085 -0.119832
          -0.266556 -0.126101 -0.113865 -0.260334 -0.123085 -0.119832 -0.266386 -0.123379 -0.119556
          -0.265946 -0.128352 -0.10518 -0.262736 -0.128875 -0.10231 -0.255699 -0.129107 -0.102686
          -0.265946 -0.128352 -0.10518 -0.255699 -0.129107 -0.102686 -0.256477 -0.128032 -0.108192
          -0.265946 -0.128352 -0.10518 -0.256477 -0.128032 -0.108192 -0.258438 -0.12507 -0.115703
          -0.265946 -0.128352 -0.10518 -0.258438 -0.12507 -0.115703 -0.266556 -0.126101 -0.113865
          -0.248504 -0.111727 -0.104726 -0.246783 -0.115505 -0.112409 -0.237866 -0.116239 -0.111504
          -0.248504 -0.111727 -0.104726 -0.237866 -0.116239 -0.111504 -0.237408 -0.112595 -0.103627
          -0.231422 -0.123691 -0.0977436 -0.232528 -0.123676 -0.0924628 -0.236803 -0.114599 -0.0953899
          -0.231422 -0.123691 -0.0977436 -0.236803 -0.114599 -0.0953899 -0.232384 -0.118371 -0.0984918
          -0.231422 -0.123691 -0.0977436 -0.232384 -0.118371 -0.0984918 -0.231244 -0.117282 -0.104768
          -0.231422 -0.123691 -0.0977436 -0.231244 -0.117282 -0.104768 -0.23049 -0.123832 -0.104813
          -0.229548 -0.12182 -0.110757 -0.23049 -0.123832 -0.104813 -0.231244 -0.117282 -0.104768
          -0.229548 -0.12182 -0.110757 -0.231244 -0.117282 -0.104768 -0.231143 -0.117091 -0.110889
          -0.284347 -0.120046 -0.0793555 -0.275487 -0.120978 -0.0786994 -0.275798 -0.125027 -0.0859468
          -0.284347 -0.120046 -0.0793555 -0.275798 -0.125027 -0.0859468 -0.284767 -0.124025 -0.0861416
          -0.284347 -0.120046 -0.0793555 -0.283276 -0.114743 -0.0736466 -0.281426 -0.112743 -0.0713372
          -0.284347 -0.120046 -0.0793555 -0.281426 -0.112743 -0.0713372 -0.275388 -0.112594 -0.0702674
          -0.284347 -0.120046 -0.0793555 -0.275388 -0.112594 -0.0702674 -0.275487 -0.120978 -0.0786994
          -0.266342 -0.12835 -0.0946913 -0.275875 -0.127626 -0.0950696 -0.275798 -0.125027 -0.0859468
          -0.266342 -0.12835 -0.0946913 -0.275798 -0.125027 -0.0859468 -0.266495 -0.125882 -0.0854722
          -0.284964 -0.107942 -0.0924468 -0.276326 -0.108771 -0.0920311 -0.275745 -0.104417 -0.0857484
          -0.284964 -0.107942 -0.0924468 -0.275745 -0.104417 -0.0857484 -0.284427 -0.103929 -0.0869231
          -0.265925 -0.105393 -0.0768702 -0.275908 -0.106246 -0.0762232 -0.275745 -0.104417 -0.0857484
          -0.265925 -0.105393 -0.0768702 -0.275745 -0.104417 -0.0857484 -0.265852 -0.106168 -0.0856461
          -0.284874 -0.126683 -0.0948679 -0.284767 -0.124025 -0.0861416 -0.275798 -0.125027 -0.0859468
          -0.284874 -0.126683 -0.0948679 -0.275798 -0.125027 -0.0859468 -0.275875 -0.127626 -0.0950696
          -0.266064 -0.121986 -0.0780953 -0.266495 -0.125882 -0.0854722 -0.275798 -0.125027 -0.0859468
          -0.266064 -0.121986 -0.0780953 -0.275798 -0.125027 -0.0859468 -0.275487 -0.120978 -0.0786994
          -0.284826 -0.105881 -0.077441 -0.275908 -0.106246 -0.0762232 -0.279275 -0.109283 -0.0722463
          -0.284826 -0.105881 -0.077441 -0.279275 -0.109283 -0.0722463 -0.283276 -0.114743 -0.0736466
          -0.284826 -0.105881 -0.077441 -0.284427 -0.103929 -0.0869231 -0.275745 -0.104417 -0.0857484
          -0.284826 -0.105881 -0.077441 -0.275745 -0.104417 -0.0857484 -0.275908 -0.106246 -0.0762232
          -0.293545 -0.120945 -0.0865557 -0.293337 -0.11436 -0.0861045 -0.29419 -0.114073 -0.0792666
          -0.293545 -0.120945 -0.0865557 -0.29419 -0.114073 -0.0792666 -0.291254 -0.119432 -0.0800563
          -0.284347 -0.120046 -0.0793555 -0.284767 -0.124025 -0.0861416 -0.293545 -0.120945 -0.0865557
          -0.284347 -0.120046 -0.0793555 -0.293545 -0.120945 -0.0865557 -0.291254 -0.119432 -0.0800563
          -0.284347 -0.120046 -0.0793555 -0.291254 -0.119432 -0.0800563 -0.29419 -0.114073 -0.0792666
          -0.284347 -0.120046 -0.0793555 -0.29419 -0.114073 -0.0792666 -0.283276 -0.114743 -0.0736466
          -0.284964 -0.107942 -0.0924468 -0.284427 -0.103929 -0.0869231 -0.292923 -0.107673 -0.0859552
          -0.284964 -0.107942 -0.0924468 -0.292923 -0.107673 -0.0859552 -0.292018 -0.107871 -0.0924587
          -0.284874 -0.126683 -0.0948679 -0.292306 -0.121565 -0.0952312 -0.293545 -0.120945 -0.0865557
          -0.284874 -0.126683 -0.0948679 -0.293545 -0.120945 -0.0865557 -0.284767 -0.124025 -0.0861416
          -0.284826 -0.105881 -0.077441 -0.283276 -0.114743 -0.0736466 -0.29419 -0.114073 -0.0792666
          -0.284826 -0.105881 -0.077441 -0.29419 -0.114073 -0.0792666 -0.293797 -0.107936 -0.0796319
          -0.284826 -0.105881 -0.077441 -0.293797 -0.107936 -0.0796319 -0.292923 -0.107673 -0.0859552
          -0.284826 -0.105881 -0.077441 -0.292923 -0.107673 -0.0859552 -0.284427 -0.103929 -0.0869231
          -0.281426 -0.112743 -0.0713372 -0.283276 -0.114743 -0.0736466 -0.279275 -0.109283 -0.0722463
          -0.281426 -0.112743 -0.0713372 -0.279275 -0.109283 -0.0722463 -0.275388 -0.112594 -0.0702674
          -0.265918 -0.113028 -0.0689353 -0.266064 -0.121986 -0.0780953 -0.275487 -0.120978 -0.0786994
          -0.265918 -0.113028 -0.0689353 -0.275487 -0.120978 -0.0786994 -0.275388 -0.112594 -0.0702674
          -0.279275 -0.109283 -0.0722463 -0.275908 -0.106246 -0.0762232 -0.273175 -0.108742 -0.0709487
          -0.279275 -0.109283 -0.0722463 -0.273175 -0.108742 -0.0709487 -0.275388 -0.112594 -0.0702674
          -0.265925 -0.105393 -0.0768702 -0.265681 -0.108958 -0.0710633 -0.273175 -0.108742 -0.0709487
          -0.265925 -0.105393 -0.0768702 -0.273175 -0.108742 -0.0709487 -0.275908 -0.106246 -0.0762232
          -0.265925 -0.105393 -0.0768702 -0.265852 -0.106168 -0.0856461 -0.2562 -0.106363 -0.0839136
          -0.265925 -0.105393 -0.0768702 -0.2562 -0.106363 -0.0839136 -0.256428 -0.105307 -0.0765447
          -0.266064 -0.121986 -0.0780953 -0.256753 -0.122865 -0.0772811 -0.256766 -0.126903 -0.0852883
          -0.266064 -0.121986 -0.0780953 -0.256766 -0.126903 -0.0852883 -0.266495 -0.125882 -0.0854722
          -0.247437 -0.105306 -0.0760726 -0.256428 -0.105307 -0.0765447 -0.2562 -0.106363 -0.0839136
          -0.247437 -0.105306 -0.0760726 -0.2562 -0.106363 -0.0839136 -0.247368 -0.107278 -0.0831261
          -0.234417 -0.113802 -0.0768503 -0.240268 -0.123514 -0.0749046 -0.240172 -0.120089 -0.0702256
          -0.234417 -0.113802 -0.0768503 -0.240172 -0.120089 -0.0702256 -0.240618 -0.116545 -0.0669843
          -0.240172 -0.120089 -0.0702256 -0.244827 -0.119645 -0.0706796 -0.247765 -0.115696 -0.0676171
          -0.240172 -0.120089 -0.0702256 -0.247765 -0.115696 -0.0676171 -0.240618 -0.116545 -0.0669843
          -0.247765 -0.115696 -0.0676171 -0.244827 -0.119645 -0.0706796 -0.247568 -0.122929 -0.0753952
          -0.247765 -0.115696 -0.0676171 -0.247568 -0.122929 -0.0753952 -0.256753 -0.122865 -0.0772811
          -0.247765 -0.115696 -0.0676171 -0.256753 -0.122865 -0.0772811 -0.256811 -0.113788 -0.0678173
          -0.247437 -0.105306 -0.0760726 -0.240259 -0.105783 -0.0749698 -0.240566 -0.108674 -0.0704166
          -0.247437 -0.105306 -0.0760726 -0.240566 -0.108674 -0.0704166 -0.247339 -0.108811 -0.0705705
          -0.239562 -0.127046 -0.0843272 -0.240268 -0.123514 -0.0749046 -0.234417 -0.113802 -0.0768503
          -0.239562 -0.127046 -0.0843272 -0.234417 -0.113802 -0.0768503 -0.237946 -0.112504 -0.086428
          -0.247437 -0.105306 -0.0760726 -0.247368 -0.107278 -0.0831261 -0.240627 -0.108267 -0.0824673
          -0.247437 -0.105306 -0.0760726 -0.240627 -0.108267 -0.0824673 -0.240259 -0.105783 -0.0749698
          -0.265918 -0.113028 -0.0689353 -0.256811 -0.113788 -0.0678173 -0.256753 -0.122865 -0.0772811
          -0.265918 -0.113028 -0.0689353 -0.256753 -0.122865 -0.0772811 -0.266064 -0.121986 -0.0780953
          -0.265925 -0.105393 -0.0768702 -0.256428 -0.105307 -0.0765447 -0.256323 -0.108915 -0.0708675
          -0.265925 -0.105393 -0.0768702 -0.256323 -0.108915 -0.0708675 -0.265681 -0.108958 -0.0710633
          -0.247437 -0.105306 -0.0760726 -0.247339 -0.108811 -0.0705705 -0.256323 -0.108915 -0.0708675
          -0.247437 -0.105306 -0.0760726 -0.256323 -0.108915 -0.0708675 -0.256428 -0.105307 -0.0765447
          -0.267803 -0.103459 0.142784 -0.276459 -0.102798 0.141824 -0.275905 -0.11502 0.141963
          -0.267803 -0.103459 0.142784 -0.275905 -0.11502 0.141963 -0.265798 -0.114186 0.142351
          -0.291495 -0.113622 0.141827 -0.292528 -0.104005 0.140606 -0.293051 -0.104265 0.146527
          -0.291495 -0.113622 0.141827 -0.293051 -0.104265 0.146527 -0.291825 -0.11312 0.146596
          -0.28536 -0.102728 0.140885 -0.284932 -0.114502 0.141904 -0.275905 -0.11502 0.141963
          -0.28536 -0.102728 0.140885 -0.275905 -0.11502 0.141963 -0.276459 -0.102798 0.141824
          -0.267803 -0.103459 0.142784 -0.265755 -0.094621 0.138924 -0.275924 -0.094291 0.136841
          -0.267803 -0.103459 0.142784 -0.275924 -0.094291 0.136841 -0.276459 -0.102798 0.141824
          -0.293051 -0.104265 0.146527 -0.292528 -0.104005 0.140606 -0.293919 -0.0951986 0.139341
          -0.293051 -0.104265 0.146527 -0.293919 -0.0951986 0.139341 -0.294312 -0.0951259 0.146368
          -0.275667 -0.0798178 0.140398 -0.266019 -0.0795542 0.140238 -0.266405 -0.0774819 0.145734
          -0.275667 -0.0798178 0.140398 -0.266405 -0.0774819 0.145734 -0.275699 -0.0784502 0.144819
          -0.256253 -0.0927892 0.139024 -0.265755 -0.094621 0.138924 -0.267803 -0.103459 0.142784
          -0.256253 -0.0927892 0.139024 -0.267803 -0.103459 0.142784 -0.255375 -0.104146 0.143848
          -0.266405 -0.0774819 0.145734 -0.266019 -0.0795542 0.140238 -0.256398 -0.0791673 0.140158
          -0.266405 -0.0774819 0.145734 -0.256398 -0.0791673 0.140158 -0.256764 -0.0771286 0.147446
          -0.247255 -0.0857843 0.156283 -0.246886 -0.0796846 0.15198 -0.24055 -0.0791818 0.152647
          -0.247255 -0.0857843 0.156283 -0.24055 -0.0791818 0.152647 -0.240462 -0.0844318 0.156235
          -0.26665 -0.11982 0.140866 -0.265798 -0.114186 0.142351 -0.275905 -0.11502 0.141963
          -0.26665 -0.11982 0.140866 -0.275905 -0.11502 0.141963 -0.275846 -0.120868 0.140007
          -0.284719 -0.121067 0.139412 -0.275846 -0.120868 0.140007 -0.275905 -0.11502 0.141963
          -0.284719 -0.121067 0.139412 -0.275905 -0.11502 0.141963 -0.284932 -0.114502 0.141904
          -0.26665 -0.11982 0.140866 -0.259227 -0.11901 0.141593 -0.255932 -0.116032 0.141551
          -0.26665 -0.11982 0.140866 -0.255932 -0.116032 0.141551 -0.265798 -0.114186 0.142351
          -0.28536 -0.102728 0.140885 -0.276459 -0.102798 0.141824 -0.275924 -0.094291 0.136841
          -0.28536 -0.102728 0.140885 -0.275924 -0.094291 0.136841 -0.284788 -0.0953143 0.136143
          -0.266091 -0.0855351 0.136426 -0.275705 -0.085891 0.136526 -0.275924 -0.094291 0.136841
          -0.266091 -0.0855351 0.136426 -0.275924 -0.094291 0.136841 -0.265755 -0.094621 0.138924
          -0.284768 -0.0858867 0.136837 -0.284788 -0.0953143 0.136143 -0.275924 -0.094291 0.136841
          -0.284768 -0.0858867 0.136837 -0.275924 -0.094291 0.136841 -0.275705 -0.085891 0.136526
          -0.266091 -0.0855351 0.136426 -0.265755 -0.094621 0.138924 -0.256253 -0.0927892 0.139024
          -0.266091 -0.0855351 0.136426 -0.256253 -0.0927892 0.139024 -0.256483 -0.0850463 0.136412
          -0.24748 -0.0845585 0.136417 -0.256483 -0.0850463 0.136412 -0.256253 -0.0927892 0.139024
          -0.24748 -0.0845585 0.136417 -0.256253 -0.0927892 0.139024 -0.247439 -0.0921031 0.13994
          -0.24748 -0.0845585 0.136417 -0.238653 -0.0865863 0.138983 -0.240606 -0.0788082 0.139851
          -0.24748 -0.0845585 0.136417 -0.240606 -0.0788082 0.139851 -0.247407 -0.0788531 0.140053
          -0.24748 -0.0845585 0.136417 -0.247439 -0.0921031 0.13994 -0.240978 -0.0914229 0.14101
          -0.24748 -0.0845585 0.136417 -0.240978 -0.0914229 0.14101 -0.238653 -0.0865863 0.138983
          -0.266091 -0.0855351 0.136426 -0.256483 -0.0850463 0.136412 -0.256398 -0.0791673 0.140158
          -0.266091 -0.0855351 0.136426 -0.256398 -0.0791673 0.140158 -0.266019 -0.0795542 0.140238
          -0.24748 -0.0845585 0.136417 -0.247407 -0.0788531 0.140053 -0.256398 -0.0791673 0.140158
          -0.24748 -0.0845585 0.136417 -0.256398 -0.0791673 0.140158 -0.256483 -0.0850463 0.136412
          -0.267761 -0.124619 0.156422 -0.272059 -0.127405 0.151243 -0.275558 -0.129077 0.154169
          -0.267761 -0.124619 0.156422 -0.275558 -0.129077 0.154169 -0.269683 -0.128738 0.154214
          -0.291495 -0.113622 0.141827 -0.291825 -0.11312 0.146596 -0.29075 -0.120867 0.146597
          -0.291495 -0.113622 0.141827 -0.29075 -0.120867 0.146597 -0.290485 -0.120315 0.14035
          -0.292118 -0.113645 0.153303 -0.291825 -0.11312 0.146596 -0.293051 -0.104265 0.146527
          -0.292118 -0.113645 0.153303 -0.293051 -0.104265 0.146527 -0.293369 -0.104679 0.153397
          -0.255932 -0.116032 0.141551 -0.246919 -0.114796 0.141965 -0.246943 -0.104215 0.144383
          -0.255932 -0.116032 0.141551 -0.246943 -0.104215 0.144383 -0.255375 -0.104146 0.143848
          -0.246831 -0.122527 0.157131 -0.23766 -0.122779 0.153561 -0.238103 -0.120336 0.149023
          -0.246831 -0.122527 0.157131 -0.238103 -0.120336 0.149023 -0.246623 -0.121025 0.148126
          -0.23054 -0.120699 0.154143 -0.231693 -0.119691 0.150031 -0.238103 -0.120336 0.149023
          -0.23054 -0.120699 0.154143 -0.238103 -0.120336 0.149023 -0.23766 -0.122779 0.153561
          -0.246185 -0.11182 0.160814 -0.2375 -0.112332 0.160945 -0.238002 -0.11753 0.15931
          -0.246185 -0.11182 0.160814 -0.238002 -0.11753 0.15931 -0.246634 -0.117009 0.159496
          -0.246831 -0.122527 0.157131 -0.246634 -0.117009 0.159496 -0.238002 -0.11753 0.15931
          -0.246831 -0.122527 0.157131 -0.238002 -0.11753 0.15931 -0.23766 -0.122779 0.153561
          -0.232192 -0.110461 0.155529 -0.231362 -0.11544 0.155914 -0.231815 -0.113903 0.160617
          -0.232192 -0.110461 0.155529 -0.231815 -0.113903 0.160617 -0.2375 -0.112332 0.160945
          -0.239223 -0.10453 0.161849 -0.233287 -0.10356 0.155655 -0.232192 -0.110461 0.155529
          -0.239223 -0.10453 0.161849 -0.232192 -0.110461 0.155529 -0.2375 -0.112332 0.160945
          -0.239223 -0.10453 0.161849 -0.2375 -0.112332 0.160945 -0.246185 -0.11182 0.160814
          -0.239223 -0.10453 0.161849 -0.246185 -0.11182 0.160814 -0.246688 -0.104438 0.161476
          -0.238348 -0.11264 0.144451 -0.238426 -0.103968 0.145896 -0.246943 -0.104215 0.144383
          -0.238348 -0.11264 0.144451 -0.246943 -0.104215 0.144383 -0.246919 -0.114796 0.141965
          -0.238348 -0.11264 0.144451 -0.246919 -0.114796 0.141965 -0.240808 -0.114655 0.141603
          -0.231292 -0.115966 0.14947 -0.238348 -0.11264 0.144451 -0.238103 -0.120336 0.149023
          -0.231292 -0.115966 0.14947 -0.238103 -0.120336 0.149023 -0.231693 -0.119691 0.150031
          -0.231292 -0.115966 0.14947 -0.231362 -0.11544 0.155914 -0.232192 -0.110461 0.155529
          -0.231292 -0.115966 0.14947 -0.232192 -0.110461 0.155529 -0.233287 -0.10356 0.155655
          -0.231292 -0.115966 0.14947 -0.233287 -0.10356 0.155655 -0.238426 -0.103968 0.145896
          -0.231292 -0.115966 0.14947 -0.238426 -0.103968 0.145896 -0.238348 -0.11264 0.144451
          -0.253331 -0.106423 0.161062 -0.253058 -0.111447 0.160671 -0.256294 -0.114356 0.16003
          -0.253331 -0.106423 0.161062 -0.256294 -0.114356 0.16003 -0.266399 -0.114528 0.159725
          -0.253331 -0.106423 0.161062 -0.266399 -0.114528 0.159725 -0.266274 -0.104431 0.160243
          -0.253331 -0.106423 0.161062 -0.266274 -0.104431 0.160243 -0.256665 -0.10399 0.160809
          -0.253331 -0.106423 0.161062 -0.246688 -0.104438 0.161476 -0.246185 -0.11182 0.160814
          -0.253331 -0.106423 0.161062 -0.246185 -0.11182 0.160814 -0.253058 -0.111447 0.160671
          -0.284631 -0.0883764 0.15261 -0.291528 -0.0888828 0.151907 -0.292484 -0.0843633 0.147951
          -0.284631 -0.0883764 0.15261 -0.292484 -0.0843633 0.147951 -0.291205 -0.0803173 0.143563
          -0.284631 -0.0883764 0.15261 -0.291205 -0.0803173 0.143563 -0.284568 -0.0795176 0.1441
          -0.292484 -0.0843633 0.147951 -0.291922 -0.0849094 0.137703 -0.291309 -0.0801082 0.140744
          -0.292484 -0.0843633 0.147951 -0.291309 -0.0801082 0.140744 -0.291205 -0.0803173 0.143563
          -0.284568 -0.0795176 0.1441 -0.291205 -0.0803173 0.143563 -0.291309 -0.0801082 0.140744
          -0.284568 -0.0795176 0.1441 -0.291309 -0.0801082 0.140744 -0.284638 -0.0799791 0.1406
          -0.293919 -0.0951986 0.139341 -0.291922 -0.0849094 0.137703 -0.292484 -0.0843633 0.147951
          -0.293919 -0.0951986 0.139341 -0.292484 -0.0843633 0.147951 -0.294312 -0.0951259 0.146368
          -0.293051 -0.104265 0.146527 -0.294312 -0.0951259 0.146368 -0.292445 -0.0944817 0.155096
          -0.293051 -0.104265 0.146527 -0.292445 -0.0944817 0.155096 -0.293369 -0.104679 0.153397
          -0.284568 -0.0795176 0.1441 -0.275699 -0.0784502 0.144819 -0.275654 -0.0876943 0.153509
          -0.284568 -0.0795176 0.1441 -0.275654 -0.0876943 0.153509 -0.284631 -0.0883764 0.15261
          -0.275667 -0.0798178 0.140398 -0.275699 -0.0784502 0.144819 -0.284568 -0.0795176 0.1441
          -0.275667 -0.0798178 0.140398 -0.284568 -0.0795176 0.1441 -0.284638 -0.0799791 0.1406
          -0.255375 -0.104146 0.143848 -0.246943 -0.104215 0.144383 -0.247439 -0.0921031 0.13994
          -0.255375 -0.104146 0.143848 -0.247439 -0.0921031 0.13994 -0.256253 -0.0927892 0.139024
          -0.235397 -0.0859829 0.14619 -0.240796 -0.0758371 0.149395 -0.240606 -0.0788082 0.139851
          -0.235397 -0.0859829 0.14619 -0.240606 -0.0788082 0.139851 -0.238653 -0.0865863 0.138983
          -0.247525 -0.0754463 0.14747 -0.247407 -0.0788531 0.140053 -0.240606 -0.0788082 0.139851
          -0.247525 -0.0754463 0.14747 -0.240606 -0.0788082 0.139851 -0.240796 -0.0758371 0.149395
          -0.244767 -0.0979962 0.161119 -0.247639 -0.0943897 0.159806 -0.247255 -0.0857843 0.156283
          -0.244767 -0.0979962 0.161119 -0.247255 -0.0857843 0.156283 -0.240462 -0.0844318 0.156235
          -0.244767 -0.0979962 0.161119 -0.240462 -0.0844318 0.156235 -0.239892 -0.0940967 0.159235
          -0.244767 -0.0979962 0.161119 -0.239892 -0.0940967 0.159235 -0.239954 -0.0981083 0.161541
          -0.239892 -0.0940967 0.159235 -0.233287 -0.10356 0.155655 -0.239223 -0.10453 0.161849
          -0.239892 -0.0940967 0.159235 -0.239223 -0.10453 0.161849 -0.239954 -0.0981083 0.161541
          -0.244767 -0.0979962 0.161119 -0.239954 -0.0981083 0.161541 -0.239223 -0.10453 0.161849
          -0.244767 -0.0979962 0.161119 -0.239223 -0.10453 0.161849 -0.246688 -0.104438 0.161476
          -0.238426 -0.103968 0.145896 -0.238276 -0.0954427 0.144974 -0.240978 -0.0914229 0.14101
          -0.238426 -0.103968 0.145896 -0.240978 -0.0914229 0.14101 -0.247439 -0.0921031 0.13994
          -0.238426 -0.103968 0.145896 -0.247439 -0.0921031 0.13994 -0.246943 -0.104215 0.144383
          -0.240978 -0.0914229 0.14101 -0.238276 -0.0954427 0.144974 -0.235397 -0.0859829 0.14619
          -0.240978 -0.0914229 0.14101 -0.235397 -0.0859829 0.14619 -0.238653 -0.0865863 0.138983
          -0.238426 -0.103968 0.145896 -0.233287 -0.10356 0.155655 -0.239892 -0.0940967 0.159235
          -0.238426 -0.103968 0.145896 -0.239892 -0.0940967 0.159235 -0.238276 -0.0954427 0.144974
          -0.247525 -0.0754463 0.14747 -0.256764 -0.0771286 0.147446 -0.256398 -0.0791673 0.140158
          -0.247525 -0.0754463 0.14747 -0.256398 -0.0791673 0.140158 -0.247407 -0.0788531 0.140053
          -0.28458 -0.12399 0.156784 -0.284883 -0.11428 0.159117 -0.27593 -0.114379 0.15945
          -0.28458 -0.12399 0.156784 -0.27593 -0.114379 0.15945 -0.275982 -0.12306 0.157153
          -0.26665 -0.11982 0.140866 -0.275846 -0.120868 0.140007 -0.275465 -0.125241 0.14694
          -0.26665 -0.11982 0.140866 -0.275465 -0.125241 0.14694 -0.266259 -0.123548 0.146794
          -0.266274 -0.104431 0.160243 -0.266399 -0.114528 0.159725 -0.27593 -0.114379 0.15945
          -0.266274 -0.104431 0.160243 -0.27593 -0.114379 0.15945 -0.275905 -0.104297 0.15955
          -0.284719 -0.121067 0.139412 -0.284407 -0.126248 0.146085 -0.2828 -0.128447 0.149954
          -0.284719 -0.121067 0.139412 -0.2828 -0.128447 0.149954 -0.278012 -0.127846 0.150315
          -0.284719 -0.121067 0.139412 -0.278012 -0.127846 0.150315 -0.275465 -0.125241 0.14694
          -0.284719 -0.121067 0.139412 -0.275465 -0.125241 0.14694 -0.275846 -0.120868 0.140007
          -0.267761 -0.124619 0.156422 -0.266259 -0.123548 0.146794 -0.275465 -0.125241 0.14694
          -0.267761 -0.124619 0.156422 -0.275465 -0.125241 0.14694 -0.272059 -0.127405 0.151243
          -0.267761 -0.124619 0.156422 -0.275982 -0.12306 0.157153 -0.27593 -0.114379 0.15945
          -0.267761 -0.124619 0.156422 -0.27593 -0.114379 0.15945 -0.266399 -0.114528 0.159725
          -0.285027 -0.104269 0.158881 -0.275905 -0.104297 0.15955 -0.27593 -0.114379 0.15945
          -0.285027 -0.104269 0.158881 -0.27593 -0.114379 0.15945 -0.284883 -0.11428 0.159117
          -0.2828 -0.128447 0.149954 -0.282378 -0.129714 0.153977 -0.275558 -0.129077 0.154169
          -0.2828 -0.128447 0.149954 -0.275558 -0.129077 0.154169 -0.278012 -0.127846 0.150315
          -0.275558 -0.129077 0.154169 -0.272059 -0.127405 0.151243 -0.275465 -0.125241 0.14694
          -0.275558 -0.129077 0.154169 -0.275465 -0.125241 0.14694 -0.278012 -0.127846 0.150315
          -0.28458 -0.12399 0.156784 -0.275982 -0.12306 0.157153 -0.275558 -0.129077 0.154169
          -0.28458 -0.12399 0.156784 -0.275558 -0.129077 0.154169 -0.282378 -0.129714 0.153977
          -0.267761 -0.124619 0.156422 -0.269683 -0.128738 0.154214 -0.275558 -0.129077 0.154169
          -0.267761 -0.124619 0.156422 -0.275558 -0.129077 0.154169 -0.275982 -0.12306 0.157153
          -0.29075 -0.120867 0.146597 -0.291825 -0.11312 0.146596 -0.292118 -0.113645 0.153303
          -0.29075 -0.120867 0.146597 -0.292118 -0.113645 0.153303 -0.29111 -0.120705 0.152786
          -0.284407 -0.126248 0.146085 -0.29075 -0.120867 0.146597 -0.29111 -0.120705 0.152786
          -0.284407 -0.126248 0.146085 -0.29111 -0.120705 0.152786 -0.28458 -0.12399 0.156784
          -0.284407 -0.126248 0.146085 -0.28458 -0.12399 0.156784 -0.282378 -0.129714 0.153977
          -0.284407 -0.126248 0.146085 -0.282378 -0.129714 0.153977 -0.2828 -0.128447 0.149954
          -0.28458 -0.12399 0.156784 -0.29111 -0.120705 0.152786 -0.292118 -0.113645 0.153303
          -0.28458 -0.12399 0.156784 -0.292118 -0.113645 0.153303 -0.284883 -0.11428 0.159117
          -0.284719 -0.121067 0.139412 -0.284932 -0.114502 0.141904 -0.291495 -0.113622 0.141827
          -0.284719 -0.121067 0.139412 -0.291495 -0.113622 0.141827 -0.290485 -0.120315 0.14035
          -0.284719 -0.121067 0.139412 -0.290485 -0.120315 0.14035 -0.29075 -0.120867 0.146597
          -0.284719 -0.121067 0.139412 -0.29075 -0.120867 0.146597 -0.284407 -0.126248 0.146085
          -0.285027 -0.104269 0.158881 -0.284883 -0.11428 0.159117 -0.292118 -0.113645 0.153303
          -0.285027 -0.104269 0.158881 -0.292118 -0.113645 0.153303 -0.293369 -0.104679 0.153397
          -0.256285 -0.12163 0.146501 -0.246623 -0.121025 0.148126 -0.246352 -0.11807 0.143688
          -0.256285 -0.12163 0.146501 -0.246352 -0.11807 0.143688 -0.246919 -0.114796 0.141965
          -0.256285 -0.12163 0.146501 -0.246919 -0.114796 0.141965 -0.255932 -0.116032 0.141551
          -0.256285 -0.12163 0.146501 -0.255932 -0.116032 0.141551 -0.259227 -0.11901 0.141593
          -0.246831 -0.122527 0.157131 -0.246623 -0.121025 0.148126 -0.256285 -0.12163 0.146501
          -0.246831 -0.122527 0.157131 -0.256285 -0.12163 0.146501 -0.256644 -0.12278 0.157163
          -0.246831 -0.122527 0.157131 -0.256644 -0.12278 0.157163 -0.256294 -0.114356 0.16003
          -0.246831 -0.122527 0.157131 -0.256294 -0.114356 0.16003 -0.253058 -0.111447 0.160671
          -0.246831 -0.122527 0.157131 -0.253058 -0.111447 0.160671 -0.246185 -0.11182 0.160814
          -0.246831 -0.122527 0.157131 -0.246185 -0.11182 0.160814 -0.246634 -0.117009 0.159496
          -0.26665 -0.11982 0.140866 -0.266259 -0.123548 0.146794 -0.256285 -0.12163 0.146501
          -0.26665 -0.11982 0.140866 -0.256285 -0.12163 0.146501 -0.259227 -0.11901 0.141593
          -0.267761 -0.124619 0.156422 -0.256644 -0.12278 0.157163 -0.256285 -0.12163 0.146501
          -0.267761 -0.124619 0.156422 -0.256285 -0.12163 0.146501 -0.266259 -0.123548 0.146794
          -0.267761 -0.124619 0.156422 -0.266399 -0.114528 0.159725 -0.256294 -0.114356 0.16003
          -0.267761 -0.124619 0.156422 -0.256294 -0.114356 0.16003 -0.256644 -0.12278 0.157163
          -0.238002 -0.11753 0.15931 -0.2375 -0.112332 0.160945 -0.231815 -0.113903 0.160617
          -0.238002 -0.11753 0.15931 -0.231815 -0.113903 0.160617 -0.231362 -0.11544 0.155914
          -0.238002 -0.11753 0.15931 -0.231362 -0.11544 0.155914 -0.23054 -0.120699 0.154143
          -0.238002 -0.11753 0.15931 -0.23054 -0.120699 0.154143 -0.23766 -0.122779 0.153561
          -0.246352 -0.11807 0.143688 -0.246623 -0.121025 0.148126 -0.238103 -0.120336 0.149023
          -0.246352 -0.11807 0.143688 -0.238103 -0.120336 0.149023 -0.238348 -0.11264 0.144451
          -0.240808 -0.114655 0.141603 -0.246919 -0.114796 0.141965 -0.246352 -0.11807 0.143688
          -0.240808 -0.114655 0.141603 -0.246352 -0.11807 0.143688 -0.238348 -0.11264 0.144451
          -0.23054 -0.120699 0.154143 -0.231362 -0.11544 0.155914 -0.231292 -0.115966 0.14947
          -0.23054 -0.120699 0.154143 -0.231292 -0.115966 0.14947 -0.231693 -0.119691 0.150031
          -0.284631 -0.0883764 0.15261 -0.275654 -0.0876943 0.153509 -0.275804 -0.095135 0.157289
          -0.284631 -0.0883764 0.15261 -0.275804 -0.095135 0.157289 -0.284849 -0.0953301 0.156373
          -0.266274 -0.104431 0.160243 -0.275905 -0.104297 0.15955 -0.275804 -0.095135 0.157289
          -0.266274 -0.104431 0.160243 -0.275804 -0.095135 0.157289 -0.266243 -0.0946932 0.158162
          -0.285027 -0.104269 0.158881 -0.284849 -0.0953301 0.156373 -0.275804 -0.095135 0.157289
          -0.285027 -0.104269 0.158881 -0.275804 -0.095135 0.157289 -0.275905 -0.104297 0.15955
          -0.266322 -0.0869899 0.154377 -0.266243 -0.0946932 0.158162 -0.275804 -0.095135 0.157289
          -0.266322 -0.0869899 0.154377 -0.275804 -0.095135 0.157289 -0.275654 -0.0876943 0.153509
          -0.284768 -0.0858867 0.136837 -0.284638 -0.0799791 0.1406 -0.291309 -0.0801082 0.140744
          -0.284768 -0.0858867 0.136837 -0.291309 -0.0801082 0.140744 -0.291922 -0.0849094 0.137703
          -0.292484 -0.0843633 0.147951 -0.291528 -0.0888828 0.151907 -0.292445 -0.0944817 0.155096
          -0.292484 -0.0843633 0.147951 -0.292445 -0.0944817 0.155096 -0.294312 -0.0951259 0.146368
          -0.284631 -0.0883764 0.15261 -0.284849 -0.0953301 0.156373 -0.292445 -0.0944817 0.155096
          -0.284631 -0.0883764 0.15261 -0.292445 -0.0944817 0.155096 -0.291528 -0.0888828 0.151907
          -0.28536 -0.102728 0.140885 -0.284788 -0.0953143 0.136143 -0.293919 -0.0951986 0.139341
          -0.28536 -0.102728 0.140885 -0.293919 -0.0951986 0.139341 -0.292528 -0.104005 0.140606
          -0.284768 -0.0858867 0.136837 -0.291922 -0.0849094 0.137703 -0.293919 -0.0951986 0.139341
          -0.284768 -0.0858867 0.136837 -0.293919 -0.0951986 0.139341 -0.284788 -0.0953143 0.136143
          -0.285027 -0.104269 0.158881 -0.293369 -0.104679 0.153397 -0.292445 -0.0944817 0.155096
          -0.285027 -0.104269 0.158881 -0.292445 -0.0944817 0.155096 -0.284849 -0.0953301 0.156373
          -0.266405 -0.0774819 0.145734 -0.266322 -0.0869899 0.154377 -0.275654 -0.0876943 0.153509
          -0.266405 -0.0774819 0.145734 -0.275654 -0.0876943 0.153509 -0.275699 -0.0784502 0.144819
          -0.266091 -0.0855351 0.136426 -0.266019 -0.0795542 0.140238 -0.275667 -0.0798178 0.140398
          -0.266091 -0.0855351 0.136426 -0.275667 -0.0798178 0.140398 -0.275705 -0.085891 0.136526
          -0.284768 -0.0858867 0.136837 -0.275705 -0.085891 0.136526 -0.275667 -0.0798178 0.140398
          -0.284768 -0.0858867 0.136837 -0.275667 -0.0798178 0.140398 -0.284638 -0.0799791 0.1406
          -0.247255 -0.0857843 0.156283 -0.247639 -0.0943897 0.159806 -0.256877 -0.0942269 0.158929
          -0.247255 -0.0857843 0.156283 -0.256877 -0.0942269 0.158929 -0.256671 -0.0852955 0.15469
          -0.266274 -0.104431 0.160243 -0.266243 -0.0946932 0.158162 -0.256877 -0.0942269 0.158929
          -0.266274 -0.104431 0.160243 -0.256877 -0.0942269 0.158929 -0.256665 -0.10399 0.160809
          -0.266322 -0.0869899 0.154377 -0.266405 -0.0774819 0.145734 -0.256764 -0.0771286 0.147446
          -0.266322 -0.0869899 0.154377 -0.256764 -0.0771286 0.147446 -0.25361 -0.0802578 0.1513
          -0.266322 -0.0869899 0.154377 -0.25361 -0.0802578 0.1513 -0.256671 -0.0852955 0.15469
          -0.266322 -0.0869899 0.154377 -0.256671 -0.0852955 0.15469 -0.256877 -0.0942269 0.158929
          -0.266322 -0.0869899 0.154377 -0.256877 -0.0942269 0.158929 -0.266243 -0.0946932 0.158162
          -0.235397 -0.0859829 0.14619 -0.240462 -0.0844318 0.156235 -0.24055 -0.0791818 0.152647
          -0.235397 -0.0859829 0.14619 -0.24055 -0.0791818 0.152647 -0.240796 -0.0758371 0.149395
          -0.24055 -0.0791818 0.152647 -0.246886 -0.0796846 0.15198 -0.247525 -0.0754463 0.14747
          -0.24055 -0.0791818 0.152647 -0.247525 -0.0754463 0.14747 -0.240796 -0.0758371 0.149395
          -0.247639 -0.0943897 0.159806 -0.244767 -0.0979962 0.161119 -0.246688 -0.104438 0.161476
          -0.247639 -0.0943897 0.159806 -0.246688 -0.104438 0.161476 -0.253331 -0.106423 0.161062
          -0.247639 -0.0943897 0.159806 -0.253331 -0.106423 0.161062 -0.256665 -0.10399 0.160809
          -0.247639 -0.0943897 0.159806 -0.256665 -0.10399 0.160809 -0.256877 -0.0942269 0.158929
          -0.239892 -0.0940967 0.159235 -0.240462 -0.0844318 0.156235 -0.235397 -0.0859829 0.14619
          -0.239892 -0.0940967 0.159235 -0.235397 -0.0859829 0.14619 -0.238276 -0.0954427 0.144974
          -0.247525 -0.0754463 0.14747 -0.246886 -0.0796846 0.15198 -0.25361 -0.0802578 0.1513
          -0.247525 -0.0754463 0.14747 -0.25361 -0.0802578 0.1513 -0.256764 -0.0771286 0.147446
          -0.247255 -0.0857843 0.156283 -0.256671 -0.0852955 0.15469 -0.25361 -0.0802578 0.1513
          -0.247255 -0.0857843 0.156283 -0.25361 -0.0802578 0.1513 -0.246886 -0.0796846 0.15198
          -0.267803 -0.103459 0.142784 -0.265798 -0.114186 0.142351 -0.255932 -0.116032 0.141551
          -0.267803 -0.103459 0.142784 -0.255932 -0.116032 0.141551 -0.255375 -0.104146 0.143848
          -0.28536 -0.102728 0.140885 -0.292528 -0.104005 0.140606 -0.291495 -0.113622 0.141827
          -0.28536 -0.102728 0.140885 -0.291495 -0.113622 0.141827 -0.284932 -0.114502 0.141904
        </DataArray>
      </Points>
      <Polys>
        <DataArray type="Int32" Name="connectivity" format="ascii">
          0 1 2 3 4 5 6 7 8 9 10 11 12 13 14 15 16 17
          18 19 20 21 22 23 24 25 26 27 28 29 30 31 32 33 34 35
          36 37 38 39 40 41 42 43 44 45 46 47 48 49 50 51 52 53
          54 55 56 57 58 59 60 61 62 63 64 65 66 67 68 69 70 71
          72 73 74 75 76 77 78 79 80 81 82 83 84 85 86 87 88 89
          90 91 92 93 94 95 96 97 98 99 100 101 102 103 104 105 106 107
          108 109 110 111 112 113 114 115 116 117 118 119 120 121 122 123 124 125
          126 127 128 129 130 131 132 133 134 135 136 137 138 139 140 141 142 143
          144 145 146 147 148 149 150 151 152 153 154 155 156 157 158 159 160 161
          162 163 164 165 166 167 168 169 170 171 172 173 174 175 176 177 178 179
          180 181 182 183 184 185 186 187 188 189 190 191 192 193 194 195 196 197
          198 199 200 201 202 203 204 205 206 207 208 209 210 211 212 213 214 215
          216 217 218 219 220 221 222 223 224 225 226 227 228 229 230 231 232 233
          234 235 236 237 238 239 240 241 242 243 244 245 246 247 248 249 250 251
          252 253 254 255 256 257 258 259 260 261 262 263 264 265 266 267 268 269
          270 271 272 273 274 275 276 277 278 279 280 281 282 283 284 285 286 287
          288 289 290 291 292 293 294 295 296 297 298 299 300 301 302 303 304 305
          306 307 308 309 310 311 312 313 314 315 316 317 318 319 320 321 322 323
          324 325 326 327 328 329 330 331 332 333 334 335 336 337 338 339 340 341
          342 343 344 345 346 347 348 349 350 351 352 353 354 355 356 357 358 359
          360 361 362 363 364 365 366 367 368 369 370 371 372 373 374 375 376 377
          378 379 380 381 382 383 384 385 386 387 388 389 390 391 392 393 394 395
          396 397 398 399 400 401 402 403 404 405 406 407 408 409 410 411 412 413
          414 415 416 417 418 419 420 421 422 423 424 425 426 427 428 429 430 431
          432 433 434 435 436 437 438 439 440 441 442 443 444 445 446 447 448 449
          450 451 452 453 454 455 456 457 458 459 460 461 462 463 464 465 466 467
          468 469 470 471 472 473 474 475 476 477 478 479 480 481 482 483 484 485
          486 487 488 489 490 491 492 493 494 495 496 497 498 499 500 501 502 503
          504 505 506 507 508 509 510 511 512 513 514 515 516 517 518 519 520 521
          522 523 524 525 526 527 528 529 530 531 532 533 534 535 536 537 538 539
          540 541 542 543 544 545 546 547 548 549 550 551 552 553 554 555 556 557
          558 559 560 561 562 563 564 565 566 567 568 569 570 571 572 573 574 575
          576 577 578 579 580 581 582 583 584 585 586 587 588 589 590 591 592 593
          594 595 596 597 598 599 600 601 602 603 604 605 606 607 608 609 610 611
          612 613 614 615 616 617 618 619 620 621 622 623 624 625 626 627 628 629
          630 631 632 633 634 635 636 637 638 639 640 641 642 643 644 645 646 647
          648 649 650 651 652 653 654 655 656 657 658 659 660 661 662 663 664 665
          666 667 668 669 670 671 672 673 674 675 676 677 678 679 680 681 682 683
          684 685 686 687 688 689 690 691 692 693 694 695 696 697 698 699 700 701
          702 703 704 705 706 707 708 709 710 711 712 713 714 715 716 717 718 719
          720 721 722 723 724 725 726 727 728 729 730 731 732 733 734 735 736 737
          738 739 740 741 742 743 744 745 746 747 748 749 750 751 752 753 754 755
          756 757 758 759 760 761 762 763 764 765 766 767 768 769 770 771 772 773
          774 775 776 777 778 779 780 781 782 783 784 785 786 787 788 789 790 791
          792 793 794 795 796 797 798 799 800 801 802 803 804 805 806 807 808 809
          810 811 812 813 814 815 816 817 818 819 820 821 822 823 824 825 826 827
          828 829 830 831 832 833 834 835 836 837 838 839 840 841 842 843 844 845
          846 847 848 849 850 851 852 853 854 855 856 857 858 859 860 861 862 863
          864 865 866 867 868 869 870 871 872 873 874 875 876 877 878 879 880 881
          882 883 884 885 886 887 888 889 890 891 892 893 894 895 896 897 898 899
          900 901 902 903 904 905 906 907 908 909 910 911 912 913 914 915 916 917
          918 919 920 921 922 923 924 925 926 927 928 929 930 931 932 933 934 935
          936 937 938 939 940 941 942 943 944 945 946 947 948 949 950 951 952 953
          954 955 956 957 958 959 960 961 962 963 964 965 966 967 968 969 970 971
          972 973 974 975 976 977 978 979 980 981 982 983 984 985 986 987 988 989
          990 991 992 993 994 995 996 997 998 999 1000 1001 1002 1003 1004 1005 1006 1007
          1008 1009 1010 1011 1012 1013 1014 1015 1016 1017 1018 1019 1020 1021 1022 1023 1024 1025
          1026 1027 1028 1029 1030 1031 1032 1033 1034 1035 1036 1037 1038 1039 1040 1041 1042 1043
          1044 1045 1046 1047 1048 1049 1050 1051 1052 1053 1054 1055 1056 1057 1058 1059 1060 1061
          1062 1063 1064 1065 1066 1067 1068 1069 1070 1071 1072 1073 1074 1075 1076 1077 1078 1079
          1080 1081 1082 1083 1084 1085 1086 1087 1088 1089 1090 1091 1092 1093 1094 1095 1096 1097
          1098 1099 1100 1101 1102 1103 1104 1105 1106 1107 1108 1109 1110 1111 1112 1113 1114 1115
          1116 1117 1118 1119 1120 1121 1122 1123 1124 1125 1126 1127 1128 1129 1130 1131 1132 1133
          1134 1135 1136 1137 1138 1139 1140 1141 1142 1143 1144 1145 1146 1147 1148 1149 1150 1151
          1152 1153 1154 1155 1156 1157 1158 1159 1160 1161 1162 1163 1164 1165 1166 1167 1168 1169
          1170 1171 1172 1173 1174 1175 1176 1177 1178 1179 1180 1181 1182 1183 1184 1185 1186 1187
          1188 1189 1190 1191 1192 1193 1194 1195 1196 1197 1198 1199 1200 1201 1202 1203 1204 1205
          1206 1207 1208 1209 1210 1211 1212 1213 1214 1215 1216 1217 1218 1219 1220 1221 1222 1223
          1224 1225 1226 1227 1228 1229 1230 1231 1232 1233 1234 1235 1236 1237 1238 1239 1240 1241
          1242 1243 1244 1245 1246 1247 1248 1249 1250 1251 1252 1253 1254 1255 1256 1257 1258 1259
          1260 1261 1262 1263 1264 1265 1266 1267 1268 1269 1270 1271 1272 1273 1274 1275 1276 1277
          1278 1279 1280 1281 1282 1283 1284 1285 1286 1287 1288 1289 1290 1291 1292 1293 1294 1295
          1296 1297 1298 1299 1300 1301 1302 1303 1304 1305 1306 1307 1308 1309 1310 1311 1312 1313
          1314 1315 1316 1317 1318 1319 1320 1321 1322 1323 1324 1325 1326 1327 1328 1329 1330 1331
          1332 1333 1334 1335 1336 1337 1338 1339 1340 1341 1342 1343 1344 1345 1346 1347 1348 1349
          1350 1351 1352 1353 1354 1355 1356 1357 1358 1359 1360 1361 1362 1363 1364 1365 1366 1367
          1368 1369 1370 1371 1372 1373 1374 1375 1376 1377 1378 1379 1380 1381 1382 1383 1384 1385
          1386 1387 1388 1389 1390 1391 1392 1393 1394 1395 1396 1397 1398 1399 1400 1401 1402 1403
          1404 1405 1406 1407 1408 1409 1410 1411 1412 1413 1414 1415 1416 1417 1418 1419 1420 1421
          1422 1423 1424 1425 1426 1427 1428 1429 1430 1431 1432 1433 1434 1435 1436 1437 1438 1439
          1440 1441 1442 1443 1444 1445 1446 1447 1448 1449 1450 1451 1452 1453 1454 1455 1456 1457
          1458 1459 1460 1461 1462 1463 1464 1465 1466 1467 1468 1469 1470 1471 1472 1473 1474 1475
          1476 1477 1478 1479 1480 1481 1482 1483 1484 1485 1486 1487 1488 1489 1490 1491 1492 1493
          1494 1495 1496 1497 1498 1499 1500 1501 1502 1503 1504 1505 1506 1507 1508 1509 1510 1511
          1512 1513 1514 1515 1516 1517 1518 1519 1520 1521 1522 1523 1524 1525 1526 1527 1528 1529
          1530 1531 1532 1533 1534 1535 1536 1537 1538 1539 1540 1541 1542 1543 1544 1545 1546 1547
          1548 1549 1550 1551 1552 1553 1554 1555 1556 1557 1558 1559 1560 1561 1562 1563 1564 1565
          1566 1567 1568 1569 1570 1571 1572 1573 1574 1575 1576 1577 1578 1579 1580 1581 1582 1583
          1584 1585 1586 1587 1588 1589 1590 1591 1592 1593 1594 1595 1596 1597 1598 1599 1600 1601
          1602 1603 1604 1605 1606 1607 1608 1609 1610 1611 1612 1613 1614 1615 1616 1617 1618 1619
          1620 1621 1622 1623 1624 1625 1626 1627 1628 1629 1630 1631 1632 1633 1634 1635 1636 1637
          1638 1639 1640 1641 1642 1643 1644 1645 1646 1647 1648 1649 1650 1651 1652 1653 1654 1655
          1656 1657 1658 1659 1660 1661 1662 1663 1664 1665 1666 1667 1668 1669 1670 1671 1672 1673
          1674 1675 1676 1677 1678 1679 1680 1681 1682 1683 1684 1685 1686 1687 1688 1689 1690 1691
          1692 1693 1694 1695 1696 1697 1698 1699 1700 1701 1702 1703 1704 1705 1706 1707 1708 1709
          1710 1711 1712 1713 1714 1715 1716 1717 1718 1719 1720 1721 1722 1723 1724 1725 1726 1727
          1728 1729 1730 1731 1732 1733 1734 1735 1736 1737 1738 1739 1740 1741 1742 1743 1744 1745
          1746 1747 1748 1749 1750 1751 1752 1753 1754 1755 1756 1757 1758 1759 1760 1761 1762 1763
          1764 1765 1766 1767 1768 1769 1770 1771 1772 1773 1774 1775 1776 1777 1778 1779 1780 1781
          1782 1783 1784 1785 1786 1787 1788 1789 1790 1791 1792 1793 1794 1795 1796 1797 1798 1799
          1800 1801 1802 1803 1804 1805 1806 1807 1808 1809 1810 1811 1812 1813 1814 1815 1816 1817
          1818 1819 1820 1821 1822 1823 1824 1825 1826 1827 1828 1829 1830 1831 1832 1833 1834 1835
          1836 1837 1838 1839 1840 1841 1842 1843 1844 1845 1846 1847 1848 1849 1850 1851 1852 1853
          1854 1855 1856 1857 1858 1859 1860 1861 1862 1863 1864 1865 1866 1867 1868 1869 1870 1871
          1872 1873 1874 1875 1876 1877 1878 1879 1880 1881 1882 1883 1884 1885 1886 1887 1888 1889
          1890 1891 1892 1893 1894 1895 1896 1897 1898 1899 1900 1901 1902 1903 1904 1905 1906 1907
          1908 1909 1910 1911 1912 1913 1914 1915 1916 1917 1918 1919 1920 1921 1922 1923 1924 1925
          1926 1927 1928 1929 1930 1931 1932 1933 1934 1935 1936 1937 1938 1939 1940 1941 1942 1943
          1944 1945 1946 1947 1948 1949 1950 1951 1952 1953 1954 1955 1956 1957 1958 1959 1960 1961
          1962 1963 1964 1965 1966 1967 1968 1969 1970 1971 1972 1973 1974 1975 1976 1977 1978 1979
          1980 1981 1982 1983 1984 1985 1986 1987 1988 1989 1990 1991 1992 1993 1994 1995 1996 1997
          1998 1999 2000 2001 2002 2003 2004 2005 2006 2007 2008 2009 2010 2011 2012 2013 2014 2015
          2016 2017 2018 2019 2020 2021 2022 2023 2024 2025 2026 2027 2028 2029 2030 2031 2032 2033
          2034 2035 2036 2037 2038 2039 2040 2041 2042 2043 2044 2045 2046 2047 2048 2049 2050 2051
          2052 2053 2054 2055 2056 2057 2058 2059 2060 2061 2062 2063 2064 2065 2066 2067 2068 2069
          2070 2071 2072 2073 2074 2075 2076 2077 2078 2079 2080 2081 2082 2083 2084 2085 2086 2087
          2088 2089 2090 2091 2092 2093 2094 2095 2096 2097 2098 2099 2100 2101 2102 2103 2104 2105
          2106 2107 2108 2109 2110 2111 2112 2113 2114 2115 2116 2117 2118 2119 2120 2121 2122 2123
          2124 2125 2126 2127 2128 2129 2130 2131 2132 2133 2134 2135 2136 2137 2138 2139 2140 2141
          2142 2143 2144 2145 2146 2147 2148 2149 2150 2151 2152 2153 2154 2155 2156 2157 2158 2159
          2160 2161 2162 2163 2164 2165 2166 2167 2168 2169 2170 2171 2172 2173 2174 2175 2176 2177
          2178 2179 2180 2181 2182 2183 2184 2185 2186 2187 2188 2189 2190 2191 2192 2193 2194 2195
          2196 2197 2198 2199 2200 2201 2202 2203 2204 2205 2206 2207 2208 2209 2210 2211 2212 2213
          2214 2215 2216 2217 2218 2219 2220 2221 2222 2223 2224 2225 2226 2227 2228 2229 2230 2231
          2232 2233 2234 2235 2236 2237 2238 2239 2240 2241 2242 2243 2244 2245 2246 2247 2248 2249
          2250 2251 2252 2253 2254 2255 2256 2257 2258 2259 2260 2261 2262 2263 2264 2265 2266 2267
          2268 2269 2270 2271 2272 2273 2274 2275 2276 2277 2278 2279 2280 2281 2282 2283 2284 2285
          2286 2287 2288 2289 2290 2291 2292 2293 2294 2295 2296 2297 2298 2299 2300 2301 2302 2303
          2304 2305 2306 2307 2308 2309 2310 2311 2312 2313 2314 2315 2316 2317 2318 2319 2320 2321
          2322 2323 2324 2325 2326 2327 2328 2329 2330 2331 2332 2333 2334 2335 2336 2337 2338 2339
          2340 2341 2342 2343 2344 2345 2346 2347 2348 2349 2350 2351 2352 2353 2354 2355 2356 2357
          2358 2359 2360 2361 2362 2363 2364 2365 2366 2367 2368 2369 2370 2371 2372 2373 2374 2375
          2376 2377 2378 2379 2380 2381 2382 2383 2384 2385 2386 2387 2388 2389 2390 2391 2392 2393
          2394 2395 2396 2397 2398 2399 2400 2401 2402 2403 2404 2405 2406 2407 2408 2409 2410 2411
          2412 2413 2414 2415 2416 2417 2418 2419 2420 2421 2422 2423 2424 2425 2426 2427 2428 2429
          2430 2431 2432 2433 2434 2435 2436 2437 2438 2439 2440 2441 2442 2443 2444 2445 2446 2447
          2448 2449 2450 2451 2452 2453 2454 2455 2456 2457 2458 2459 2460 2461 2462 2463 2464 2465
          2466 2467 2468 2469 2470 2471 2472 2473 2474 2475 2476 2477 2478 2479 2480 2481 2482 2483
          2484 2485 2486 2487 2488 2489 2490 2491 2492 2493 2494 2495 2496 2497 2498 2499 2500 2501
          2502 2503 2504 2505 2506 2507 2508 2509 2510 2511 2512 2513 2514 2515 2516 2517 2518 2519
          2520 2521 2522 2523 2524 2525 2526 2527 2528 2529 2530 2531 2532 2533 2534 2535 2536 2537
          2538 2539 2540 2541 2542 2543 2544 2545 2546 2547 2548 2549 2550 2551 2552 2553 2554 2555
          2556 2557 2558 2559 2560 2561 2562 2563 2564 2565 2566 2567 2568 2569 2570 2571 2572 2573
          2574 2575 2576 2577 2578 2579 2580 2581 2582 2583 2584 2585 2586 2587 2588 2589 2590 2591
          2592 2593 2594 2595 2596 2597 2598 2599 2600 2601 2602 2603 2604 2605 2606 2607 2608 2609
          2610 2611 2612 2613 2614 2615 2616 2617 2618 2619 2620 2621 2622 2623 2624 2625 2626 2627
          2628 2629 2630 2631 2632 2633 2634 2635 2636 2637 2638 2639 2640 2641 2642 2643 2644 2645
          2646 2647 2648 2649 2650 2651 2652 2653 2654 2655 2656 2657 2658 2659 2660 2661 2662 2663
          2664 2665 2666 2667 2668 2669 2670 2671 2672 2673 2674 2675 2676 2677 2678 2679 2680 2681
          2682 2683 2684 2685 2686 2687 2688 2689 2690 2691 2692 2693 2694 2695 2696 2697 2698 2699
          2700 2701 2702 2703 2704 2705 2706 2707 2708 2709 2710 2711 2712 2713 2714 2715 2716 2717
          2718 2719 2720 2721 2722 2723 2724 2725 2726 2727 2728 2729 2730 2731 2732 2733 2734 2735
          2736 2737 2738 2739 2740 2741 2742 2743 2744 2745 2746 2747 2748 2749 2750 2751 2752 2753
          2754 2755 2756 2757 2758 2759 2760 2761 2762 2763 2764 2765 2766 2767 2768 2769 2770 2771
          2772 2773 2774 2775 2776 2777 2778 2779 2780 2781 2782 2783 2784 2785 2786 2787 2788 2789
          2790 2791 2792 2793 2794 2795 2796 2797 2798 2799 2800 2801 2802 2803 2804 2805 2806 2807
          2808 2809 2810 2811 2812 2813 2814 2815 2816 2817 2818 2819 2820 2821 2822 2823 2824 2825
          2826 2827 2828 2829 2830 2831 2832 2833 2834 2835 2836 2837 2838 2839 2840 2841 2842 2843
          2844 2845 2846 2847 2848 2849 2850 2851 2852 2853 2854 2855 2856 2857 2858 2859 2860 2861
          2862 2863 2864 2865 2866 2867 2868 2869 2870 2871 2872 2873 2874 2875 2876 2877 2878 2879
          2880 2881 2882 2883 2884 2885 2886 2887 2888 2889 2890 2891 2892 2893 2894 2895 2896 2897
          2898 2899 2900 2901 2902 2903 2904 2905 2906 2907 2908 2909 2910 2911 2912 2913 2914 2915
          2916 2917 2918 2919 2920 2921 2922 2923 2924 2925 2926 2927 2928 2929 2930 2931 2932 2933
          2934 2935 2936 2937 2938 2939 2940 2941 2942 2943 2944 2945 2946 2947 2948 2949 2950 2951
          2952 2953 2954 2955 2956 2957 2958 2959 2960 2961 2962 2963 2964 2965 2966 2967 2968 2969
          2970 2971 2972 2973 2974 2975 2976 2977 2978 2979 2980 2981 2982 2983 2984 2985 2986 2987
          2988 2989 2990 2991 2992 2993 2994 2995 2996 2997 2998 2999 3000 3001 3002 3003 3004 3005
          3006 3007 3008 3009 3010 3011 3012 3013 3014 3015 3016 3017 3018 3019 3020 3021 3022 3023
          3024 3025 3026 3027 3028 3029 3030 3031 3032 3033 3034 3035 3036 3037 3038 3039 3040 3041
          3042 3043 3044 3045 3046 3047 3048 3049 3050 3051 3052 3053 3054 3055 3056 3057 3058 3059
          3060 3061 3062 3063 3064 3065 3066 3067 3068 3069 3070 3071 3072 3073 3074 3075 3076 3077
          3078 3079 3080 3081 3082 3083 3084 3085 3086 3087 3088 3089 3090 3091 3092 3093 3094 3095
          3096 3097 3098 3099 3100 3101 3102 3103 3104 3105 3106 3107 3108 3109 3110 3111 3112 3113
          3114 3115 3116 3117 3118 3119 3120 3121 3122 3123 3124 3125 3126 3127 3128 3129 3130 3131
          3132 3133 3134 3135 3136 3137 3138 3139 3140 3141 3142 3143 3144 3145 3146 3147 3148 3149
          3150 3151 3152 3153 3154 3155 3156 3157 3158 3159 3160 3161 3162 3163 3164 3165 3166 3167
          3168 3169 3170 3171 3172 3173 3174 3175 3176 3177 3178 3179 3180 3181 3182 3183 3184 3185
          3186 3187 3188 3189 3190 3191 3192 3193 3194 3195 3196 3197 3198 3199 3200 3201 3202 3203
          3204 3205 3206 3207 3208 3209 3210 3211 3212 3213 3214 3215 3216 3217 3218 3219 3220 3221
          3222 3223 3224 3225 3226 3227 3228 3229 3230 3231 3232 3233 3234 3235 3236 3237 3238 3239
          3240 3241 3242 3243 3244 3245 3246 3247 3248 3249 3250 3251 3252 3253 3254 3255 3256 3257
          3258 3259 3260 3261 3262 3263 3264 3265 3266 3267 3268 3269 3270 3271 3272 3273 3274 3275
          3276 3277 3278 3279 3280 3281 3282 3283 3284 3285 3286 3287 3288 3289 3290 3291 3292 3293
          3294 3295 3296 3297 3298 3299 3300 3301 3302 3303 3304 3305 3306 3307 3308 3309 3310 3311
          3312 3313 3314 3315 3316 3317 3318 3319 3320 3321 3322 3323 3324 3325 3326 3327 3328 3329
          3330 3331 3332 3333 3334 3335 3336 3337 3338 3339 3340 3341 3342 3343 3344 3345 3346 3347
          3348 3349 3350 3351 3352 3353 3354 3355 3356 3357 3358 3359 3360 3361 3362 3363 3364 3365
          3366 3367 3368 3369 3370 3371 3372 3373 3374 3375 3376 3377 3378 3379 3380 3381 3382 3383
          3384 3385 3386 3387 3388 3389 3390 3391 3392 3393 3394 3395 3396 3397 3398 3399 3400 3401
          3402 3403 3404 3405 3406 3407 3408 3409 3410 3411 3412 3413 3414 3415 3416 3417 3418 3419
          3420 3421 3422 3423 3424 3425 3426 3427 3428 3429 3430 3431 3432 3433 3434 3435 3436 3437
          3438 3439 3440 3441 3442 3443 3444 3445 3446 3447 3448 3449 3450 3451 3452 3453 3454 3455
          3456 3457 3458 3459 3460 3461 3462 3463 3464 3465 3466 3467 3468 3469 3470 3471 3472 3473
          3474 3475 3476 3477 3478 3479 3480 3481 3482 3483 3484 3485 3486 3487 3488 3489 3490 3491
          3492 3493 3494 3495 3496 3497 3498 3499 3500 3501 3502 3503 3504 3505 3506 3507 3508 3509
          3510 3511 3512 3513 3514 3515 3516 3517 3518 3519 3520 3521 3522 3523 3524 3525 3526 3527
          3528 3529 3530 3531 3532 3533 3534 3535 3536 3537 3538 3539 3540 3541 3542 3543 3544 3545
          3546 3547 3548 3549 3550 3551 3552 3553 3554 3555 3556 3557 3558 3559 3560 3561 3562 3563
          3564 3565 3566 3567 3568 3569 3570 3571 3572 3573 3574 3575 3576 3577 3578 3579 3580 3581
          3582 3583 3584 3585 3586 3587 3588 3589 3590 3591 3592 3593 3594 3595 3596 3597 3598 3599
          3600 3601 3602 3603 3604 3605 3606 3607 3608 3609 3610 3611 3612 3613 3614 3615 3616 3617
          3618 3619 3620 3621 3622 3623 3624 3625 3626 3627 3628 3629 3630 3631 3632 3633 3634 3635
          3636 3637 3638 3639 3640 3641 3642 3643 3644 3645 3646 3647 3648 3649 3650 3651 3652 3653
          3654 3655 3656 3657 3658 3659 3660 3661 3662 3663 3664 3665 3666 3667 3668 3669 3670 3671
          3672 3673 3674 3675 3676 3677 3678 3679 3680 3681 3682 3683 3684 3685 3686 3687 3688 3689
          3690 3691 3692 3693 3694 3695 3696 3697 3698 3699 3700 3701 3702 3703 3704 3705 3706 3707
          3708 3709 3710 3711 3712 3713 3714 3715 3716 3717 3718 3719 3720 3721 3722 3723 3724 3725
          3726 3727 3728 3729 3730 3731 3732 3733 3734 3735 3736 3737 3738 3739 3740 3741 3742 3743
          3744 3745 3746 3747 3748 3749 3750 3751 3752 3753 3754 3755 3756 3757 3758 3759 3760 3761
          3762 3763 3764 3765 3766 3767 3768 3769 3770 3771 3772 3773 3774 3775 3776 3777 3778 3779
          3780 3781 3782 3783 3784 3785 3786 3787 3788 3789 3790 3791 3792 3793 3794 3795 3796 3797
          3798 3799 3800 3801 3802 3803 3804 3805 3806 3807 3808 3809 3810 3811 3812 3813 3814 3815
          3816 3817 3818 3819 3820 3821 3822 3823 3824 3825 3826 3827 3828 3829 3830 3831 3832 3833
          3834 3835 3836 3837 3838 3839 3840 3841 3842 3843 3844 3845 3846 3847 3848 3849 3850 3851
          3852 3853 3854 3855 3856 3857 3858 3859 3860 3861 3862 3863 3864 3865 3866 3867 3868 3869
          3870 3871 3872 3873 3874 3875 3876 3877 3878 3879 3880 3881 3882 3883 3884 3885 3886 3887
          3888 3889 3890 3891 3892 3893 3894 3895 3896 3897 3898 3899 3900 3901 3902 3903 3904 3905
          3906 3907 3908 3909 3910 3911 3912 3913 3914 3915 3916 3917 3918 3919 3920 3921 3922 3923
          3924 3925 3926 3927 3928 3929 3930 3931 3932 3933 3934 3935 3936 3937 3938 3939 3940 3941
          3942 3943 3944 3945 3946 3947 3948 3949 3950 3951 3952 3953 3954 3955 3956 3957 3958 3959
          3960 3961 3962 3963 3964 3965 3966 3967 3968 3969 3970 3971 3972 3973 3974 3975 3976 3977
          3978 3979 3980 3981 3982 3983 3984 3985 3986 3987 3988 3989 3990 3991 3992 3993 3994 3995
          3996 3997 3998 3999 4000 4001 4002 4003 4004 4005 4006 4007 4008 4009 4010 4011 4012 4013
          4014 4015 4016 4017 4018 4019 4020 4021 4022 4023 4024 4025 4026 4027 4028 4029 4030 4031
          4032 4033 4034 4035 4036 4037 4038 4039 4040 4041 4042 4043 4044 4045 4046 4047 4048 4049
          4050 4051 4052 4053 4054 4055 4056 4057 4058 4059 4060 4061 4062 4063 4064 4065 4066 4067
          4068 4069 4070 4071 4072 4073 4074 4075 4076 4077 4078 4079 4080 4081 4082 4083 4084 4085
          4086 4087 4088 4089 4090 4091 4092 4093 4094 4095 4096 4097 4098 4099 4100 4101 4102 4103
          4104 4105 4106 4107 4108 4109 4110 4111 4112 4113 4114 4115 4116 4117 4118 4119 4120 4121
          4122 4123 4124 4125 4126 4127 4128 4129 4130 4131 4132 4133 4134 4135 4136 4137 4138 4139
          4140 4141 4142 4143 4144 4145 4146 4147 4148 4149 4150 4151 4152 4153 4154 4155 4156 4157
          4158 4159 4160 4161 4162 4163 4164 4165 4166 4167 4168 4169 4170 4171 4172 4173 4174 4175
          4176 4177 4178 4179 4180 4181 4182 4183 4184 4185 4186 4187 4188 4189 4190 4191 4192 4193
          4194 4195 4196 4197 4198 4199 4200 4201 4202 4203 4204 4205 4206 4207 4208 4209 4210 4211
          4212 4213 4214 4215 4216 4217 4218 4219 4220 4221 4222 4223 4224 4225 4226 4227 4228 4229
          4230 4231 4232 4233 4234 4235 4236 4237 4238 4239 4240 4241 4242 4243 4244 4245 4246 4247
          4248 4249 4250 4251 4252 4253 4254 4255 4256 4257 4258 4259 4260 4261 4262 4263 4264 4265
          4266 4267 4268 4269 4270 4271 4272 4273 4274 4275 4276 4277 4278 4279 4280 4281 4282 4283
          4284 4285 4286 4287 4288 4289 4290 4291 4292 4293 4294 4295 4296 4297 4298 4299 4300 4301
          4302 4303 4304 4305 4306 4307 4308 4309 4310 4311 4312 4313 4314 4315 4316 4317 4318 4319
          4320 4321 4322 4323 4324 4325 4326 4327 4328 4329 4330 4331 4332 4333 4334 4335 4336 4337
          4338 4339 4340 4341 4342 4343 4344 4345 4346 4347 4348 4349 4350 4351 4352 4353 4354 4355
          4356 4357 4358 4359 4360 4361 4362 4363 4364 4365 4366 4367 4368 4369 4370 4371 4372 4373
          4374 4375 4376 4377 4378 4379 4380 4381 4382 4383 4384 4385 4386 4387 4388 4389 4390 4391
          4392 4393 4394 4395 4396 4397 4398 4399 4400 4401 4402 4403
        </DataArray>
        <DataArray type="Int32" Name="offsets" format="ascii">
          3 6 9 12 15 18 21 24 27 30 33 36 39 42 45 48 51 54
          57 60 63 66 69 72 75 78 81 84 87 90 93 96 99 102 105 108
          111 114 117 120 123 126 129 132 135 138 141 144 147 150 153 156 159 162
          165 168 171 174 177 180 183 186 189 192 195 198 201 204 207 210 213 216
          219 222 225 228 231 234 237 240 243 246 249 252 255 258 261 264 267 270
          273 276 279 282 285 288 291 294 297 300 303 306 309 312 315 318 321 324
          327 330 333 336 339 342 345 348 351 354 357 360 363 366 369 372 375 378
          381 384 387 390 393 396 399 402 405 408 411 414 417 420 423 426 429 432
          435 438 441 444 447 450 453 456 459 462 465 468 471 474 477 480 483 486
          489 492 495 498 501 504 507 510 513 516 519 522 525 528 531 534 537 540
          543 546 549 552 555 558 561 564 567 570 573 576 579 582 585 588 591 594
          597 600 603 606 609 612 615 618 621 624 627 630 633 636 639 642 645 648
          651 654 657 660 663 666 669 672 675 678 681 684 687 690 693 696 699 702
          705 708 711 714 717 720 723 726 729 732 735 738 741 744 747 750 753 756
          759 762 765 768 771 774 777 780 783 786 789 792 795 798 801 804 807 810
          813 816 819 822 825 828 831 834 837 840 843 846 849 852 855 858 861 864
          867 870 873 876 879 882 885 888 891 894 897 900 903 906 909 912 915 918
          921 924 927 930 933 936 939 942 945 948 951 954 957 960 963 966 969 972
          975 978 981 984 987 990 993 996 999 1002 1005 1008 1011 1014 1017 1020 1023 1026
          1029 1032 1035 1038 1041 1044 1047 1050 1053 1056 1059 1062 1065 1068 1071 1074 1077 1080
          1083 1086 1089 1092 1095 1098 1101 1104 1107 1110 1113 1116 1119 1122 1125 1128 1131 1134
          1137 1140 1143 1146 1149 1152 1155 1158 1161 1164 1167 1170 1173 1176 1179 1182 1185 1188
          1191 1194 1197 1200 1203 1206 1209 1212 1215 1218 1221 1224 1227 1230 1233 1236 1239 1242
          1245 1248 1251 1254 1257 1260 1263 1266 1269 1272 1275 1278 1281 1284 1287 1290 1293 1296
          1299 1302 1305 1308 1311 1314 1317 1320 1323 1326 1329 1332 1335 1338 1341 1344 1347 1350
          1353 1356 1359 1362 1365 1368 1371 1374 1377 1380 1383 1386 1389 1392 1395 1398 1401 1404
          1407 1410 1413 1416 1419 1422 1425 1428 1431 1434 1437 1440 1443 1446 1449 1452 1455 1458
          1461 1464 1467 1470 1473 1476 1479 1482 1485 1488 1491 1494 1497 1500 1503 1506 1509 1512
          1515 1518 1521 1524 1527 1530 1533 1536 1539 1542 1545 1548 1551 1554 1557 1560 1563 1566
          1569 1572 1575 1578 1581 1584 1587 1590 1593 1596 1599 1602 1605 1608 1611 1614 1617 1620
          1623 1626 1629 1632 1635 1638 1641 1644 1647 1650 1653 1656 1659 1662 1665 1668 1671 1674
          1677 1680 1683 1686 1689 1692 1695 1698 1701 1704 1707 1710 1713 1716 1719 1722 1725 1728
          1731 1734 1737 1740 1743 1746 1749 1752 1755 1758 1761 1764 1767 1770 1773 1776 1779 1782
          1785 1788 1791 1794 1797 1800 1803 1806 1809 1812 1815 1818 1821 1824 1827 1830 1833 1836
          1839 1842 1845 1848 1851 1854 1857 1860 1863 1866 1869 1872 1875 1878 1881 1884 1887 1890
          1893 1896 1899 1902 1905 1908 1911 1914 1917 1920 1923 1926 1929 1932 1935 1938 1941 1944
          1947 1950 1953 1956 1959 1962 1965 1968 1971 1974 1977 1980 1983 1986 1989 1992 1995 1998
          2001 2004 2007 2010 2013 2016 2019 2022 2025 2028 2031 2034 2037 2040 2043 2046 2049 2052
          2055 2058 2061 2064 2067 2070 2073 2076 2079 2082 2085 2088 2091 2094 2097 2100 2103 2106
          2109 2112 2115 2118 2121 2124 2127 2130 2133 2136 2139 2142 2145 2148 2151 2154 2157 2160
          2163 2166 2169 2172 2175 2178 2181 2184 2187 2190 2193 2196 2199 2202 2205 2208 2211 2214
          2217 2220 2223 2226 2229 2232 2235 2238 2241 2244 2247 2250 2253 2256 2259 2262 2265 2268
          2271 2274 2277 2280 2283 2286 2289 2292 2295 2298 2301 2304 2307 2310 2313 2316 2319 2322
          2325 2328 2331 2334 2337 2340 2343 2346 2349 2352 2355 2358 2361 2364 2367 2370 2373 2376
          2379 2382 2385 2388 2391 2394 2397 2400 2403 2406 2409 2412 2415 2418 2421 2424 2427 2430
          2433 2436 2439 2442 2445 2448 2451 2454 2457 2460 2463 2466 2469 2472 2475 2478 2481 2484
          2487 2490 2493 2496 2499 2502 2505 2508 2511 2514 2517 2520 2523 2526 2529 2532 2535 2538
          2541 2544 2547 2550 2553 2556 2559 2562 2565 2568 2571 2574 2577 2580 2583 2586 2589 2592
          2595 2598 2601 2604 2607 2610 2613 2616 2619 2622 2625 2628 2631 2634 2637 2640 2643 2646
          2649 2652 2655 2658 2661 2664 2667 2670 2673 2676 2679 2682 2685 2688 2691 2694 2697 2700
          2703 2706 2709 2712 2715 2718 2721 2724 2727 2730 2733 2736 2739 2742 2745 2748 2751 2754
          2757 2760 2763 2766 2769 2772 2775 2778 2781 2784 2787 2790 2793 2796 2799 2802 2805 2808
          2811 2814 2817 2820 2823 2826 2829 2832 2835 2838 2841 2844 2847 2850 2853 2856 2859 2862
          2865 2868 2871 2874 2877 2880 2883 2886 2889 2892 2895 2898 2901 2904 2907 2910 2913 2916
          2919 2922 2925 2928 2931 2934 2937 2940 2943 2946 2949 2952 2955 2958 2961 2964 2967 2970
          2973 2976 2979 2982 2985 2988 2991 2994 2997 3000 3003 3006 3009 3012 3015 3018 3021 3024
          3027 3030 3033 3036 3039 3042 3045 3048 3051 3054 3057 3060 3063 3066 3069 3072 3075 3078
          3081 3084 3087 3090 3093 3096 3099 3102 3105 3108 3111 3114 3117 3120 3123 3126 3129 3132
          3135 3138 3141 3144 3147 3150 3153 3156 3159 3162 3165 3168 3171 3174 3177 3180 3183 3186
          3189 3192 3195 3198 3201 3204 3207 3210 3213 3216 3219 3222 3225 3228 3231 3234 3237 3240
          3243 3246 3249 3252 3255 3258 3261 3264 3267 3270 3273 3276 3279 3282 3285 3288 3291 3294
          3297 3300 3303 3306 3309 3312 3315 3318 3321 3324 3327 3330 3333 3336 3339 3342 3345 3348
          3351 3354 3357 3360 3363 3366 3369 3372 3375 3378 3381 3384 3387 3390 3393 3396 3399 3402
          3405 3408 3411 3414 3417 3420 3423 3426 3429 3432 3435 3438 3441 3444 3447 3450 3453 3456
          3459 3462 3465 3468 3471 3474 3477 3480 3483 3486 3489 3492 3495 3498 3501 3504 3507 3510
          3513 3516 3519 3522 3525 3528 3531 3534 3537 3540 3543 3546 3549 3552 3555 3558 3561 3564
          3567 3570 3573 3576 3579 3582 3585 3588 3591 3594 3597 3600 3603 3606 3609 3612 3615 3618
          3621 3624 3627 3630 3633 3636 3639 3642 3645 3648 3651 3654 3657 3660 3663 3666 3669 3672
          3675 3678 3681 3684 3687 3690 3693 3696 3699 3702 3705 3708 3711 3714 3717 3720 3723 3726
          3729 3732 3735 3738 3741 3744 3747 3750 3753 3756 3759 3762 3765 3768 3771 3774 3777 3780
          3783 3786 3789 3792 3795 3798 3801 3804 3807 3810 3813 3816 3819 3822 3825 3828 3831 3834
          3837 3840 3843 3846 3849 3852 3855 3858 3861 3864 3867 3870 3873 3876 3879 3882 3885 3888
          3891 3894 3897 3900 3903 3906 3909 3912 3915 3918 3921 3924 3927 3930 3933 3936 3939 3942
          3945 3948 3951 3954 3957 3960 3963 3966 3969 3972 3975 3978 3981 3984 3987 3990 3993 3996
          3999 4002 4005 4008 4011 4014 4017 4020 4023 4026 4029 4032 4035 4038 4041 4044 4047 4050
          4053 4056 4059 4062 4065 4068 4071 4074 4077 4080 4083 4086 4089 4092 4095 4098 4101 4104
          4107 4110 4113 4116 4119 4122 4125 4128 4131 4134 4137 4140 4143 4146 4149 4152 4155 4158
          4161 4164 4167 4170 4173 4176 4179 4182 4185 4188 4191 4194 4197 4200 4203 4206 4209 4212
          4215 4218 4221 4224 4227 4230 4233 4236 4239 4242 4245 4248 4251 4254 4257 4260 4263 4266
          4269 4272 4275 4278 4281 4284 4287 4290 4293 4296 4299 4302 4305 4308 4311 4314 4317 4320
          4323 4326 4329 4332 4335 4338 4341 4344 4347 4350 4353 4356 4359 4362 4365 4368 4371 4374
          4377 4380 4383 4386 4389 4392 4395 4398 4401 4404
        </DataArray>
      </Polys>
    </Piece>
  </PolyData>
</VTKFile>
