<?xml version="1.0"?>
<VTKFile type="PolyData" version="0.1" byte_order="LittleEndian">
  <PolyData>
    <Piece NumberOfPoints="3186" NumberOfPolys="1062">
      <PointData Scalars="pressureCoeff">
        <DataArray type="Float32" Name="Cp" format="ascii">
          0.490181 0.490181 0.490181 0.592708333 0.592708333 0.592708333 0.662409667 0.662409667 0.662409667
          0.601108333 0.601108333 0.601108333 0.410085 0.410085 0.410085 0.331169 0.331169 0.331169
          -0.0990214 -0.0990214 -0.0990214 -0.100459033 -0.100459033 -0.100459033 -0.149924367 -0.149924367 -0.149924367
          -0.130005 -0.130005 -0.130005 -0.117657667 -0.117657667 -0.117657667 -0.129653 -0.129653 -0.129653
          -0.115443667 -0.115443667 -0.115443667 -0.1153738 -0.1153738 -0.1153738 -0.123215133 -0.123215133 -0.123215133
          -0.110953346 -0.110953346 -0.110953346 -0.080735413 -0.080735413 -0.080735413 -0.124485333 -0.124485333 -0.124485333
          -0.113168 -0.113168 -0.113168 -0.273978667 -0.273978667 -0.273978667 -0.276827 -0.276827 -0.276827
          -0.231346667 -0.231346667 -0.231346667 -0.344181 -0.344181 -0.344181 -0.115173333 -0.115173333 -0.115173333
          -0.109097 -0.109097 -0.109097 -0.358752667 -0.358752667 -0.358752667 -0.247479667 -0.247479667 -0.247479667
          -0.283715 -0.283715 -0.283715 -0.274785333 -0.274785333 -0.274785333 -0.114822333 -0.114822333 -0.114822333
          -0.106862 -0.106862 -0.106862 -0.1056988 -0.1056988 -0.1056988 -0.1059678 -0.1059678 -0.1059678
          -0.0999741667 -0.0999741667 -0.0999741667 -0.0969261333 -0.0969261333 -0.0969261333 -0.161664667 -0.161664667 -0.161664667
          -0.184187667 -0.184187667 -0.184187667 -0.153341333 -0.153341333 -0.153341333 -0.183331667 -0.183331667 -0.183331667
          -0.164713333 -0.164713333 -0.164713333 -0.186525 -0.186525 -0.186525 -0.156215667 -0.156215667 -0.156215667
          -0.185669 -0.185669 -0.185669 -0.173835333 -0.173835333 -0.173835333 -0.0872970333 -0.0872970333 -0.0872970333
          -0.238427 -0.238427 -0.238427 -0.369842667 -0.369842667 -0.369842667 -0.401585333 -0.401585333 -0.401585333
          -0.284388667 -0.284388667 -0.284388667 0.586998 0.586998 0.586998 0.575355 0.575355 0.575355
          0.1585614 0.1585614 0.1585614 0.311335667 0.311335667 0.311335667 0.1633263 0.1633263 0.1633263
          0.327743567 0.327743567 0.327743567 -0.173141667 -0.173141667 -0.173141667 -0.0724903667 -0.0724903667 -0.0724903667
          -0.218622 -0.218622 -0.218622 -0.233694 -0.233694 -0.233694 -0.192303667 -0.192303667 -0.192303667
          -0.244404667 -0.244404667 -0.244404667 0.342929667 0.342929667 0.342929667 0.380619667 0.380619667 0.380619667
          0.0870797867 0.0870797867 0.0870797867 0.166024653 0.166024653 0.166024653 0.104723233 0.104723233 0.104723233
          0.2213581 0.2213581 0.2213581 0.542227333 0.542227333 0.542227333 0.445454333 0.445454333 0.445454333
          0.498323333 0.498323333 0.498323333 0.677116667 0.677116667 0.677116667 -0.189907333 -0.189907333 -0.189907333
          -0.0832263667 -0.0832263667 -0.0832263667 -0.226142667 -0.226142667 -0.226142667 -0.235185 -0.235185 -0.235185
          -0.194528 -0.194528 -0.194528 -0.245895667 -0.245895667 -0.245895667 0.07195302 0.07195302 0.07195302
          0.154263987 0.154263987 0.154263987 0.0888147 0.0888147 0.0888147 0.250041667 0.250041667 0.250041667
          0.705084333 0.705084333 0.705084333 0.766385667 0.766385667 0.766385667 -0.205859667 -0.205859667 -0.205859667
          -0.0765610333 -0.0765610333 -0.0765610333 -0.311267667 -0.311267667 -0.311267667 -0.287554 -0.287554 -0.287554
          -0.236280333 -0.236280333 -0.236280333 -0.344181 -0.344181 -0.344181 0.129935433 0.129935433 0.129935433
          0.234146433 0.234146433 0.234146433 0.133918567 0.133918567 0.133918567 0.290998567 0.290998567 0.290998567
          0.778704667 0.778704667 0.778704667 0.729046333 0.729046333 0.729046333 -0.189076333 -0.189076333 -0.189076333
          -0.196555667 -0.196555667 -0.196555667 -0.168165 -0.168165 -0.168165 -0.189643333 -0.189643333 -0.189643333
          -0.193525333 -0.193525333 -0.193525333 -0.181408667 -0.181408667 -0.181408667 -0.1039217 -0.1039217 -0.1039217
          -0.122178967 -0.122178967 -0.122178967 -0.0617493 -0.0617493 -0.0617493 -0.0154942 -0.0154942 -0.0154942
          0.0188650333 0.0188650333 0.0188650333 -0.138249933 -0.138249933 -0.138249933 -0.111214633 -0.111214633 -0.111214633
          -0.161449667 -0.161449667 -0.161449667 -0.151302333 -0.151302333 -0.151302333 -0.165972333 -0.165972333 -0.165972333
          -0.156205667 -0.156205667 -0.156205667 -0.140367333 -0.140367333 -0.140367333 -0.136828 -0.136828 -0.136828
          -0.128941667 -0.128941667 -0.128941667 -0.116213667 -0.116213667 -0.116213667 -0.148373667 -0.148373667 -0.148373667
          -0.165988333 -0.165988333 -0.165988333 -0.0945546533 -0.0945546533 -0.0945546533 -0.0564183867 -0.0564183867 -0.0564183867
          -0.0970894 -0.0970894 -0.0970894 -0.15945 -0.15945 -0.15945 -0.170511 -0.170511 -0.170511
          -0.0816777667 -0.0816777667 -0.0816777667 -0.102057067 -0.102057067 -0.102057067 -0.136928667 -0.136928667 -0.136928667
          -0.141179333 -0.141179333 -0.141179333 -0.153187 -0.153187 -0.153187 -0.162896 -0.162896 -0.162896
          -0.149848 -0.149848 -0.149848 -0.163079 -0.163079 -0.163079 -0.111575667 -0.111575667 -0.111575667
          -0.122263 -0.122263 -0.122263 -0.0189065667 -0.0189065667 -0.0189065667 -0.0718419667 -0.0718419667 -0.0718419667
          -0.104131 -0.104131 -0.104131 -0.097866 -0.097866 -0.097866 -0.103258667 -0.103258667 -0.103258667
          -0.0823423667 -0.0823423667 -0.0823423667 -0.168173667 -0.168173667 -0.168173667 -0.150823 -0.150823 -0.150823
          -0.168356667 -0.168356667 -0.168356667 -0.157271 -0.157271 -0.157271 -0.163474667 -0.163474667 -0.163474667
          -0.193873333 -0.193873333 -0.193873333 -0.158812667 -0.158812667 -0.158812667 -0.184963 -0.184963 -0.184963
          -0.180324333 -0.180324333 -0.180324333 -0.150744667 -0.150744667 -0.150744667 -0.119459 -0.119459 -0.119459
          -0.131548667 -0.131548667 -0.131548667 -0.119919433 -0.119919433 -0.119919433 -0.109239567 -0.109239567 -0.109239567
          -0.117851346 -0.117851346 -0.117851346 -0.0669046663 -0.0669046663 -0.0669046663 -0.113061987 -0.113061987 -0.113061987
          -0.214312333 -0.214312333 -0.214312333 -0.200873333 -0.200873333 -0.200873333 -0.178014333 -0.178014333 -0.178014333
          -0.205402 -0.205402 -0.205402 -0.177957333 -0.177957333 -0.177957333 -0.181167 -0.181167 -0.181167
          -0.197284 -0.197284 -0.197284 -0.101048333 -0.101048333 -0.101048333 -0.138008267 -0.138008267 -0.138008267
          -0.183171333 -0.183171333 -0.183171333 -0.160447 -0.160447 -0.160447 -0.176259 -0.176259 -0.176259
          -0.152635333 -0.152635333 -0.152635333 -0.152701 -0.152701 -0.152701 -0.178280333 -0.178280333 -0.178280333
          -0.125050333 -0.125050333 -0.125050333 -0.114632333 -0.114632333 -0.114632333 -0.111493433 -0.111493433 -0.111493433
          -0.121875767 -0.121875767 -0.121875767 -0.177053667 -0.177053667 -0.177053667 -0.201006 -0.201006 -0.201006
          -0.243546 -0.243546 -0.243546 -0.241645333 -0.241645333 -0.241645333 -0.248292667 -0.248292667 -0.248292667
          -0.226241 -0.226241 -0.226241 -0.223315333 -0.223315333 -0.223315333 -0.237771 -0.237771 -0.237771
          -0.295892333 -0.295892333 -0.295892333 -0.300244667 -0.300244667 -0.300244667 0.0234737333 0.0234737333 0.0234737333
          -0.0213437333 -0.0213437333 -0.0213437333 -0.0262440333 -0.0262440333 -0.0262440333 0.0084341 0.0084341 0.0084341
          -0.130083667 -0.130083667 -0.130083667 -0.132815333 -0.132815333 -0.132815333 -0.177393333 -0.177393333 -0.177393333
          -0.211574 -0.211574 -0.211574 -0.172138333 -0.172138333 -0.172138333 -0.209205 -0.209205 -0.209205
          -0.107653 -0.107653 -0.107653 -0.110843333 -0.110843333 -0.110843333 -0.0263631133 -0.0263631133 -0.0263631133
          0.00444372 0.00444372 0.00444372 0.0220871667 0.0220871667 0.0220871667 0.0115720467 0.0115720467 0.0115720467
          -0.130917667 -0.130917667 -0.130917667 -0.132916 -0.132916 -0.132916 -0.211828333 -0.211828333 -0.211828333
          -0.178432667 -0.178432667 -0.178432667 -0.207335667 -0.207335667 -0.207335667 -0.168391 -0.168391 -0.168391
          -0.105405333 -0.105405333 -0.105405333 -0.102994 -0.102994 -0.102994 0.0172747 0.0172747 0.0172747
          0.0155880667 0.0155880667 0.0155880667 -0.0270277133 -0.0270277133 -0.0270277133 0.00041302 0.00041302 0.00041302
          -0.270022333 -0.270022333 -0.270022333 -0.289383667 -0.289383667 -0.289383667 -0.175344 -0.175344 -0.175344
          -0.218748667 -0.218748667 -0.218748667 -0.1739 -0.1739 -0.1739 -0.161890333 -0.161890333 -0.161890333
          -0.229139333 -0.229139333 -0.229139333 -0.112605 -0.112605 -0.112605 -0.110053 -0.110053 -0.110053
          -0.101129233 -0.101129233 -0.101129233 -0.103525433 -0.103525433 -0.103525433 0.0465152203 0.0465152203 0.0465152203
          0.002847487 0.002847487 0.002847487 -0.0174654333 -0.0174654333 -0.0174654333 0.042532087 0.042532087 0.042532087
          0.0195931003 0.0195931003 0.0195931003 -0.129766467 -0.129766467 -0.129766467 -0.2072885 -0.2072885 -0.2072885
          -0.219606833 -0.219606833 -0.219606833 -0.166566167 -0.166566167 -0.166566167 -0.208516833 -0.208516833 -0.208516833
          -0.1883333 -0.1883333 -0.1883333 -0.157591633 -0.157591633 -0.157591633 -0.1014385 -0.1014385 -0.1014385
          -0.1035805 -0.1035805 -0.1035805 -0.0992267333 -0.0992267333 -0.0992267333 -0.0971280667 -0.0971280667 -0.0971280667
          -0.108552017 -0.108552017 -0.108552017 0.164798983 0.164798983 0.164798983 -0.0426512467 -0.0426512467 -0.0426512467
          0.18402242 0.18402242 0.18402242 -0.564623667 -0.564623667 -0.564623667 -0.580908333 -0.580908333 -0.580908333
          -0.561496667 -0.561496667 -0.561496667 -0.635275333 -0.635275333 -0.635275333 -0.568097667 -0.568097667 -0.568097667
          -0.528809667 -0.528809667 -0.528809667 -0.616143333 -0.616143333 -0.616143333 -0.565368 -0.565368 -0.565368
          -0.529555667 -0.529555667 -0.529555667 -0.533855333 -0.533855333 -0.533855333 0.922912333 0.922912333 0.922912333
          0.907976 0.907976 0.907976 0.71727 0.71727 0.71727 0.797227 0.797227 0.797227
          0.780837667 0.780837667 0.780837667 0.687813667 0.687813667 0.687813667 0.888259333 0.888259333 0.888259333
          0.916262667 0.916262667 0.916262667 -0.589922333 -0.589922333 -0.589922333 -0.58458 -0.58458 -0.58458
          -0.408206 -0.408206 -0.408206 -0.536209 -0.536209 -0.536209 -0.557760333 -0.557760333 -0.557760333
          -0.577111667 -0.577111667 -0.577111667 -0.620380333 -0.620380333 -0.620380333 -0.478368333 -0.478368333 -0.478368333
          0.706015 0.706015 0.706015 0.814634 0.814634 0.814634 0.206347357 0.206347357 0.206347357
          0.402856983 0.402856983 0.402856983 -0.505022 -0.505022 -0.505022 -0.525663 -0.525663 -0.525663
          -0.485323333 -0.485323333 -0.485323333 -0.457155 -0.457155 -0.457155 -0.526407333 -0.526407333 -0.526407333
          -0.514539333 -0.514539333 -0.514539333 -0.445805333 -0.445805333 -0.445805333 -0.465200667 -0.465200667 -0.465200667
          0.19423194 0.19423194 0.19423194 0.382600233 0.382600233 0.382600233 0.443099 0.443099 0.443099
          0.635393667 0.635393667 0.635393667 0.729622667 0.729622667 0.729622667 0.481278667 0.481278667 0.481278667
          0.247748467 0.247748467 0.247748467 0.271274133 0.271274133 0.271274133 0.788131333 0.788131333 0.788131333
          0.820655 0.820655 0.820655 -0.398235333 -0.398235333 -0.398235333 -0.419337667 -0.419337667 -0.419337667
          -0.492617 -0.492617 -0.492617 -0.477806667 -0.477806667 -0.477806667 -0.453554 -0.453554 -0.453554
          -0.455808667 -0.455808667 -0.455808667 -0.442204333 -0.442204333 -0.442204333 -0.373631667 -0.373631667 -0.373631667
          -0.411605 -0.411605 -0.411605 0.161213333 0.161213333 0.161213333 0.156832 0.156832 0.156832
          -0.0846156667 -0.0846156667 -0.0846156667 -0.233188333 -0.233188333 -0.233188333 -0.245279333 -0.245279333 -0.245279333
          -0.108799333 -0.108799333 -0.108799333 0.137636667 0.137636667 0.137636667 0.161213333 0.161213333 0.161213333
          0.125685133 0.125685133 0.125685133 0.362373667 0.362373667 0.362373667 0.332917333 0.332917333 0.332917333
          0.0580426667 0.0580426667 0.0580426667 0.0408736667 0.0408736667 0.0408736667 0.0578723333 0.0578723333 0.0578723333
          -0.276948933 -0.276948933 -0.276948933 -0.0648121333 -0.0648121333 -0.0648121333 0.510858067 0.510858067 0.510858067
          0.260657947 0.260657947 0.260657947 -0.535264 -0.535264 -0.535264 -0.531348333 -0.531348333 -0.531348333
          -0.569615667 -0.569615667 -0.569615667 -0.56448 -0.56448 -0.56448 -0.392668453 -0.392668453 -0.392668453
          -0.260498453 -0.260498453 -0.260498453 -0.289889167 -0.289889167 -0.289889167 -0.2694894 -0.2694894 -0.2694894
          -0.4346529 -0.4346529 -0.4346529 -0.377076233 -0.377076233 -0.377076233 -0.386493333 -0.386493333 -0.386493333
          -0.43779 -0.43779 -0.43779 -0.322850867 -0.322850867 -0.322850867 -0.451279333 -0.451279333 -0.451279333
          -0.486961667 -0.486961667 -0.486961667 -0.312149667 -0.312149667 -0.312149667 -0.201124333 -0.201124333 -0.201124333
          -0.502690667 -0.502690667 -0.502690667 -0.521305667 -0.521305667 -0.521305667 -0.556573667 -0.556573667 -0.556573667
          -0.524990333 -0.524990333 -0.524990333 -0.556640333 -0.556640333 -0.556640333 -0.606623 -0.606623 -0.606623
          -0.613607667 -0.613607667 -0.613607667 -0.592374 -0.592374 -0.592374 -0.485169 -0.485169 -0.485169
          -0.488003333 -0.488003333 -0.488003333 0.797958333 0.797958333 0.797958333 0.699827 0.699827 0.699827
          0.132042853 0.132042853 0.132042853 0.374110853 0.374110853 0.374110853 0.67082 0.67082 0.67082
          0.481545333 0.481545333 0.481545333 0.535610333 0.535610333 0.535610333 0.467957 0.467957 0.467957
          -0.472997333 -0.472997333 -0.472997333 -0.314294 -0.314294 -0.314294 -0.275287683 -0.275287683 -0.275287683
          -0.36021235 -0.36021235 -0.36021235 -0.32752535 -0.32752535 -0.32752535 -0.16575931 -0.16575931 -0.16575931
          0.925564667 0.925564667 0.925564667 0.934526 0.934526 0.934526 0.886025667 0.886025667 0.886025667
          0.869135667 0.869135667 0.869135667 0.860387667 0.860387667 0.860387667 0.884599 0.884599 0.884599
          0.927876333 0.927876333 0.927876333 0.911593667 0.911593667 0.911593667 -0.18203948 -0.18203948 -0.18203948
          -0.197433813 -0.197433813 -0.197433813 -0.3380261 -0.3380261 -0.3380261 -0.194628767 -0.194628767 -0.194628767
          -0.177874727 -0.177874727 -0.177874727 -0.359577433 -0.359577433 -0.359577433 -0.525574333 -0.525574333 -0.525574333
          -0.545085667 -0.545085667 -0.545085667 -0.476448667 -0.476448667 -0.476448667 -0.467823333 -0.467823333 -0.467823333
          -0.428334 -0.428334 -0.428334 -0.405488 -0.405488 -0.405488 0.649663667 0.649663667 0.649663667
          0.476564333 0.476564333 0.476564333 0.738864667 0.738864667 0.738864667 0.821077667 0.821077667 0.821077667
          0.349891967 0.349891967 0.349891967 0.485022633 0.485022633 0.485022633 -0.206979367 -0.206979367 -0.206979367
          0.00913396667 0.00913396667 0.00913396667 0.846645667 0.846645667 0.846645667 0.802401333 0.802401333 0.802401333
          -0.433322333 -0.433322333 -0.433322333 -0.422491 -0.422491 -0.422491 -0.0602022 -0.0602022 -0.0602022
          -0.252263867 -0.252263867 -0.252263867 -0.299020533 -0.299020533 -0.299020533 -0.130484533 -0.130484533 -0.130484533
          -0.233188333 -0.233188333 -0.233188333 -0.344677333 -0.344677333 -0.344677333 -0.349665667 -0.349665667 -0.349665667
          -0.245279333 -0.245279333 -0.245279333 -0.480858667 -0.480858667 -0.480858667 -0.296425533 -0.296425533 -0.296425533
          -0.341596333 -0.341596333 -0.341596333 -0.487843333 -0.487843333 -0.487843333 -0.341766667 -0.341766667 -0.341766667
          -0.358765333 -0.358765333 -0.358765333 -0.0648121333 -0.0648121333 -0.0648121333 0.207706067 0.207706067 0.207706067
          -0.19009772 -0.19009772 -0.19009772 -0.4245526 -0.4245526 -0.4245526 0.756249667 0.756249667 0.756249667
          0.674944333 0.674944333 0.674944333 0.46744788 0.46744788 0.46744788 0.747501667 0.747501667 0.747501667
          0.1194715 0.1194715 0.1194715 0.148862213 0.148862213 0.148862213 0.368010433 0.368010433 0.368010433
          0.139871267 0.139871267 0.139871267 -0.187336667 -0.187336667 -0.187336667 -0.386493333 -0.386493333 -0.386493333
          0.167561333 0.167561333 0.167561333 0.0992598 0.0992598 0.0992598 0.491342667 0.491342667 0.491342667
          0.507325 0.507325 0.507325 -0.301262667 -0.301262667 -0.301262667 -0.182787667 -0.182787667 -0.182787667
          0.253482967 0.253482967 0.253482967 -0.0149683667 -0.0149683667 -0.0149683667 -0.1772307 -0.1772307 -0.1772307
          -0.260023367 -0.260023367 -0.260023367 -0.0755099 -0.0755099 -0.0755099 0.184408767 0.184408767 0.184408767
          -0.341069567 -0.341069567 -0.341069567 -0.248659233 -0.248659233 -0.248659233 -0.314249333 -0.314249333 -0.314249333
          -0.347936667 -0.347936667 -0.347936667 -0.365982 -0.365982 -0.365982 -0.273029667 -0.273029667 -0.273029667
          -0.285627 -0.285627 -0.285627 -0.267771333 -0.267771333 -0.267771333 -0.244297667 -0.244297667 -0.244297667
          -0.164674667 -0.164674667 -0.164674667 -0.190041333 -0.190041333 -0.190041333 -0.196114333 -0.196114333 -0.196114333
          -0.15368 -0.15368 -0.15368 -0.183338 -0.183338 -0.183338 -0.223879333 -0.223879333 -0.223879333
          -0.243125 -0.243125 -0.243125 -0.243401333 -0.243401333 -0.243401333 -0.234590333 -0.234590333 -0.234590333
          -0.282964667 -0.282964667 -0.282964667 -0.209025667 -0.209025667 -0.209025667 -0.23234 -0.23234 -0.23234
          -0.295259667 -0.295259667 -0.295259667 -0.211764667 -0.211764667 -0.211764667 -0.256524333 -0.256524333 -0.256524333
          -0.314210333 -0.314210333 -0.314210333 -0.1819008 -0.1819008 -0.1819008 -0.0592343333 -0.0592343333 -0.0592343333
          -0.0767664667 -0.0767664667 -0.0767664667 -0.1758841 -0.1758841 -0.1758841 -0.242664333 -0.242664333 -0.242664333
          -0.229111333 -0.229111333 -0.229111333 -0.300974333 -0.300974333 -0.300974333 -0.369132 -0.369132 -0.369132
          -0.397266333 -0.397266333 -0.397266333 0.424166333 0.424166333 0.424166333 0.438420333 0.438420333 0.438420333
          0.335016533 0.335016533 0.335016533 0.3859302 0.3859302 0.3859302 0.284948533 0.284948533 0.284948533
          0.136849 0.136849 0.136849 0.0097872 0.0097872 0.0097872 -0.130257667 -0.130257667 -0.130257667
          -0.0212418233 -0.0212418233 -0.0212418233 0.31812151 0.31812151 0.31812151 0.25313651 0.25313651 0.25313651
          0.383238 0.383238 0.383238 0.513390667 0.513390667 0.513390667 -0.193429667 -0.193429667 -0.193429667
          -0.217373667 -0.217373667 -0.217373667 0.147723467 0.147723467 0.147723467 0.153643467 0.153643467 0.153643467
          -0.211833 -0.211833 -0.211833 -0.216642333 -0.216642333 -0.216642333 -0.176504667 -0.176504667 -0.176504667
          -0.16834 -0.16834 -0.16834 -0.174374333 -0.174374333 -0.174374333 -0.172843333 -0.172843333 -0.172843333
          -0.175089333 -0.175089333 -0.175089333 -0.204376 -0.204376 -0.204376 -0.217932 -0.217932 -0.217932
          -0.213716 -0.213716 -0.213716 -0.296051 -0.296051 -0.296051 -0.303358667 -0.303358667 -0.303358667
          -0.230838667 -0.230838667 -0.230838667 -0.365343667 -0.365343667 -0.365343667 -0.355547333 -0.355547333 -0.355547333
          -0.263016333 -0.263016333 -0.263016333 -0.235386667 -0.235386667 -0.235386667 -0.327565333 -0.327565333 -0.327565333
          -0.288584333 -0.288584333 -0.288584333 -0.0862268233 -0.0862268233 -0.0862268233 -0.145068333 -0.145068333 -0.145068333
          -0.0412195333 -0.0412195333 -0.0412195333 -0.240858 -0.240858 -0.240858 -0.218117667 -0.218117667 -0.218117667
          -0.229615333 -0.229615333 -0.229615333 -0.281199 -0.281199 -0.281199 -0.251694333 -0.251694333 -0.251694333
          -0.297782 -0.297782 -0.297782 -0.193558333 -0.193558333 -0.193558333 -0.188062333 -0.188062333 -0.188062333
          -0.121844333 -0.121844333 -0.121844333 -0.155190333 -0.155190333 -0.155190333 -0.122070333 -0.122070333 -0.122070333
          -0.148979333 -0.148979333 -0.148979333 -0.159968333 -0.159968333 -0.159968333 -0.150988333 -0.150988333 -0.150988333
          -0.1199452 -0.1199452 -0.1199452 -0.150272667 -0.150272667 -0.150272667 -0.144489333 -0.144489333 -0.144489333
          -0.160002333 -0.160002333 -0.160002333 -0.1156602 -0.1156602 -0.1156602 -0.142959667 -0.142959667 -0.142959667
          -0.234209 -0.234209 -0.234209 -0.198606 -0.198606 -0.198606 -0.246527 -0.246527 -0.246527
          -0.211834667 -0.211834667 -0.211834667 -0.207042667 -0.207042667 -0.207042667 -0.210074333 -0.210074333 -0.210074333
          -0.235598333 -0.235598333 -0.235598333 -0.214498667 -0.214498667 -0.214498667 -0.201263333 -0.201263333 -0.201263333
          -0.294931333 -0.294931333 -0.294931333 -0.346064667 -0.346064667 -0.346064667 -0.279972 -0.279972 -0.279972
          -0.265014333 -0.265014333 -0.265014333 -0.250090333 -0.250090333 -0.250090333 -0.193233667 -0.193233667 -0.193233667
          -0.173901333 -0.173901333 -0.173901333 -0.326268667 -0.326268667 -0.326268667 -0.237564333 -0.237564333 -0.237564333
          -0.218359333 -0.218359333 -0.218359333 -0.216831 -0.216831 -0.216831 -0.162906667 -0.162906667 -0.162906667
          -0.206869333 -0.206869333 -0.206869333 -0.221873333 -0.221873333 -0.221873333 -0.247979333 -0.247979333 -0.247979333
          -0.00128556667 -0.00128556667 -0.00128556667 -0.1175741 -0.1175741 -0.1175741 0.2944509 0.2944509 0.2944509
          0.161559433 0.161559433 0.161559433 0.0875488667 0.0875488667 0.0875488667 0.0723408 0.0723408 0.0723408
          -0.123742533 -0.123742533 -0.123742533 -0.21127 -0.21127 -0.21127 0.0842878667 0.0842878667 0.0842878667
          0.234350233 0.234350233 0.234350233 -0.258751367 -0.258751367 -0.258751367 -0.0976970333 -0.0976970333 -0.0976970333
          -0.0899941333 -0.0899941333 -0.0899941333 -0.249818467 -0.249818467 -0.249818467 -0.403266667 -0.403266667 -0.403266667
          -0.335698 -0.335698 -0.335698 -0.330489 -0.330489 -0.330489 -0.111275067 -0.111275067 -0.111275067
          -0.155376 -0.155376 -0.155376 -0.0861496 -0.0861496 -0.0861496 -0.123813533 -0.123813533 -0.123813533
          -0.0891123333 -0.0891123333 -0.0891123333 0.065345 0.065345 0.065345 0.239873 0.239873 0.239873
          0.349438667 0.349438667 0.349438667 -0.149379 -0.149379 -0.149379 -0.0419694667 -0.0419694667 -0.0419694667
          0.274468333 0.274468333 0.274468333 0.117854867 0.117854867 0.117854867 -0.156671333 -0.156671333 -0.156671333
          -0.118601867 -0.118601867 -0.118601867 -0.214807333 -0.214807333 -0.214807333 -0.205878 -0.205878 -0.205878
          -0.121826333 -0.121826333 -0.121826333 -0.114316867 -0.114316867 -0.114316867 -0.143683 -0.143683 -0.143683
          -0.122052333 -0.122052333 -0.122052333 -0.0175441333 -0.0175441333 -0.0175441333 0.0554049333 0.0554049333 0.0554049333
          0.0449464667 0.0449464667 0.0449464667 -0.0426696 -0.0426696 -0.0426696 0.204807467 0.204807467 0.204807467
          0.219474467 0.219474467 0.219474467 -0.301213333 -0.301213333 -0.301213333 -0.296927667 -0.296927667 -0.296927667
          -0.266832667 -0.266832667 -0.266832667 -0.272130667 -0.272130667 -0.272130667 -0.206203 -0.206203 -0.206203
          0.1025739 0.1025739 0.1025739 0.154334667 0.154334667 0.154334667 -0.046526 -0.046526 -0.046526
          -0.173181 -0.173181 -0.173181 -0.200823667 -0.200823667 -0.200823667 -0.210295 -0.210295 -0.210295
          -0.204246667 -0.204246667 -0.204246667 -0.208721667 -0.208721667 -0.208721667 -0.395247 -0.395247 -0.395247
          -0.293789667 -0.293789667 -0.293789667 -0.278070333 -0.278070333 -0.278070333 -0.271805333 -0.271805333 -0.271805333
          -0.273353 -0.273353 -0.273353 -0.31434 -0.31434 -0.31434 -0.0870066667 -0.0870066667 -0.0870066667
          0.076147 0.076147 0.076147 0.28925807 0.28925807 0.28925807 0.20519165 0.20519165 0.20519165
          -0.07525742 -0.07525742 -0.07525742 -0.0482102667 -0.0482102667 -0.0482102667 -0.272017933 -0.272017933 -0.272017933
          -0.123476683 -0.123476683 -0.123476683 -0.196560597 -0.196560597 -0.196560597 0.3811824 0.3811824 0.3811824
          0.537273667 0.537273667 0.537273667 0.515906333 0.515906333 0.515906333 0.470823667 0.470823667 0.470823667
          0.359491667 0.359491667 0.359491667 0.407396333 0.407396333 0.407396333 0.428763667 0.428763667 0.428763667
          0.329691667 0.329691667 0.329691667 -0.265587 -0.265587 -0.265587 -0.251084 -0.251084 -0.251084
          -0.309651667 -0.309651667 -0.309651667 -0.275654333 -0.275654333 -0.275654333 -0.239665 -0.239665 -0.239665
          -0.248234 -0.248234 -0.248234 -0.235231333 -0.235231333 -0.235231333 -0.232918667 -0.232918667 -0.232918667
          -0.189688 -0.189688 -0.189688 -0.203428333 -0.203428333 -0.203428333 -0.248160667 -0.248160667 -0.248160667
          -0.232068 -0.232068 -0.232068 0.2461 0.2461 0.2461 0.031779 0.031779 0.031779
          -0.081367 -0.081367 -0.081367 0.333814667 0.333814667 0.333814667 0.422657667 0.422657667 0.422657667
          0.437783 0.437783 0.437783 0.462331667 0.462331667 0.462331667 -0.239511333 -0.239511333 -0.239511333
          -0.24956 -0.24956 -0.24956 -0.204055333 -0.204055333 -0.204055333 -0.225598667 -0.225598667 -0.225598667
          -0.228035333 -0.228035333 -0.228035333 -0.259627333 -0.259627333 -0.259627333 -0.205642667 -0.205642667 -0.205642667
          -0.21972 -0.21972 -0.21972 -0.168063 -0.168063 -0.168063 -0.148456333 -0.148456333 -0.148456333
          -0.193506333 -0.193506333 -0.193506333 -0.227422 -0.227422 -0.227422 -0.293349667 -0.293349667 -0.293349667
          -0.292337333 -0.292337333 -0.292337333 -0.264905 -0.264905 -0.264905 -0.284733 -0.284733 -0.284733
          -0.193108667 -0.193108667 -0.193108667 -0.195469333 -0.195469333 -0.195469333 -0.234362333 -0.234362333 -0.234362333
          -0.284733 -0.284733 -0.284733 -0.153008 -0.153008 -0.153008 -0.172562333 -0.172562333 -0.172562333
          -0.240226 -0.240226 -0.240226 -0.246993 -0.246993 -0.246993 -0.212009333 -0.212009333 -0.212009333
          -0.233080333 -0.233080333 -0.233080333 -0.196431667 -0.196431667 -0.196431667 -0.210735667 -0.210735667 -0.210735667
          -0.152410667 -0.152410667 -0.152410667 -0.168285 -0.168285 -0.168285 -0.147845 -0.147845 -0.147845
          -0.141637667 -0.141637667 -0.141637667 -0.188452333 -0.188452333 -0.188452333 -0.209392667 -0.209392667 -0.209392667
          -0.225112 -0.225112 -0.225112 -0.210060667 -0.210060667 -0.210060667 -0.204258333 -0.204258333 -0.204258333
          -0.188054667 -0.188054667 -0.188054667 -0.196681667 -0.196681667 -0.196681667 -0.19821 -0.19821 -0.19821
          -0.284468333 -0.284468333 -0.284468333 -0.27978 -0.27978 -0.27978 -0.218183 -0.218183 -0.218183
          -0.208133333 -0.208133333 -0.208133333 -0.212505 -0.212505 -0.212505 -0.238012333 -0.238012333 -0.238012333
          -0.230146 -0.230146 -0.230146 -0.246199 -0.246199 -0.246199 -0.262051667 -0.262051667 -0.262051667
          -0.272579333 -0.272579333 -0.272579333 -0.274554667 -0.274554667 -0.274554667 -0.247026333 -0.247026333 -0.247026333
          -0.274401 -0.274401 -0.274401 -0.271386667 -0.271386667 -0.271386667 -0.21119 -0.21119 -0.21119
          -0.236834333 -0.236834333 -0.236834333 -0.371195667 -0.371195667 -0.371195667 -0.351271 -0.351271 -0.351271
          -0.234762333 -0.234762333 -0.234762333 -0.194373 -0.194373 -0.194373 -0.199412333 -0.199412333 -0.199412333
          -0.198978667 -0.198978667 -0.198978667 -0.142683333 -0.142683333 -0.142683333 -0.166320667 -0.166320667 -0.166320667
          -0.14652 -0.14652 -0.14652 -0.187846667 -0.187846667 -0.187846667 0.280458067 0.280458067 0.280458067
          0.253410913 0.253410913 0.253410913 0.0357134033 0.0357134033 0.0357134033 -0.12143693 -0.12143693 -0.12143693
          -0.192394933 -0.192394933 -0.192394933 -0.335548667 -0.335548667 -0.335548667 -0.209114667 -0.209114667 -0.209114667
          -0.205122333 -0.205122333 -0.205122333 -0.181142333 -0.181142333 -0.181142333 -0.172989 -0.172989 -0.172989
          -0.206407667 -0.206407667 -0.206407667 -0.202573 -0.202573 -0.202573 -0.164993333 -0.164993333 -0.164993333
          -0.156682333 -0.156682333 -0.156682333 -0.0454245347 -0.0454245347 -0.0454245347 -0.108779333 -0.108779333 -0.108779333
          0.022651032 0.022651032 0.022651032 0.0996312333 0.0996312333 0.0996312333 0.254252567 0.254252567 0.254252567
          0.3031759 0.3031759 0.3031759 -0.031406968 -0.031406968 -0.031406968 -0.0726801 -0.0726801 -0.0726801
          0.161175 0.161175 0.161175 0.126467067 0.126467067 0.126467067 0.3169664 0.3169664 0.3169664
          0.0248536667 0.0248536667 0.0248536667 0.145634333 0.145634333 0.145634333 0.300255667 0.300255667 0.300255667
          0.364304333 0.364304333 0.364304333 -0.156365667 -0.156365667 -0.156365667 -0.133292 -0.133292 -0.133292
          -0.171943333 -0.171943333 -0.171943333 -0.163317667 -0.163317667 -0.163317667 -0.146488333 -0.146488333 -0.146488333
          -0.137128667 -0.137128667 -0.137128667 -0.147011 -0.147011 -0.147011 -0.141922667 -0.141922667 -0.141922667
          -0.516883 -0.516883 -0.516883 -0.388773333 -0.388773333 -0.388773333 -0.546917333 -0.546917333 -0.546917333
          -0.472253667 -0.472253667 -0.472253667 -0.180769 -0.180769 -0.180769 -0.183846667 -0.183846667 -0.183846667
          -0.501885333 -0.501885333 -0.501885333 -0.378695667 -0.378695667 -0.378695667 -0.0611294 -0.0611294 -0.0611294
          -0.0856861333 -0.0856861333 -0.0856861333 -0.1039726 -0.1039726 -0.1039726 -0.0908929 -0.0908929 -0.0908929
          -0.0934277333 -0.0934277333 -0.0934277333 -0.106119933 -0.106119933 -0.106119933 -0.0795927333 -0.0795927333 -0.0795927333
          -0.0554235 -0.0554235 -0.0554235 -0.318450667 -0.318450667 -0.318450667 -0.262090667 -0.262090667 -0.262090667
          -0.157691333 -0.157691333 -0.157691333 -0.174220333 -0.174220333 -0.174220333 -0.108360967 -0.108360967 -0.108360967
          -0.1094817 -0.1094817 -0.1094817 -0.108223033 -0.108223033 -0.108223033 -0.347123333 -0.347123333 -0.347123333
          -0.311727 -0.311727 -0.311727 -0.136845067 -0.136845067 -0.136845067 -0.200655067 -0.200655067 -0.200655067
          -0.220795 -0.220795 -0.220795 -0.180089333 -0.180089333 -0.180089333 -0.2643224 -0.2643224 -0.2643224
          -0.1560968 -0.1560968 -0.1560968 -0.356691667 -0.356691667 -0.356691667 -0.498686 -0.498686 -0.498686
          -0.1503909 -0.1503909 -0.1503909 -0.222539833 -0.222539833 -0.222539833 -0.609975333 -0.609975333 -0.609975333
          -0.504057667 -0.504057667 -0.504057667 -0.610166333 -0.610166333 -0.610166333 -0.677834667 -0.677834667 -0.677834667
          -0.571472 -0.571472 -0.571472 -0.609721333 -0.609721333 -0.609721333 0.0798732667 0.0798732667 0.0798732667
          0.189350567 0.189350567 0.189350567 -0.119226433 -0.119226433 -0.119226433 -0.0538914 -0.0538914 -0.0538914
          0.317504667 0.317504667 0.317504667 0.319341333 0.319341333 0.319341333 0.360976 0.360976 0.360976
          0.358384 0.358384 0.358384 0.326323333 0.326323333 0.326323333 0.339468 0.339468 0.339468
          -0.459741667 -0.459741667 -0.459741667 -0.358689333 -0.358689333 -0.358689333 -0.465493 -0.465493 -0.465493
          -0.270408267 -0.270408267 -0.270408267 -0.368723933 -0.368723933 -0.368723933 -0.472253667 -0.472253667 -0.472253667
          -0.378575667 -0.378575667 -0.378575667 -0.257566 -0.257566 -0.257566 -0.336753667 -0.336753667 -0.336753667
          -0.471851 -0.471851 -0.471851 -0.198541367 -0.198541367 -0.198541367 -0.2644127 -0.2644127 -0.2644127
          -0.175001367 -0.175001367 -0.175001367 -0.239614033 -0.239614033 -0.239614033 -0.232301667 -0.232301667 -0.232301667
          -0.21866 -0.21866 -0.21866 -0.285847333 -0.285847333 -0.285847333 -0.212988333 -0.212988333 -0.212988333
          -0.200305667 -0.200305667 -0.200305667 -0.176220667 -0.176220667 -0.176220667 -0.122320933 -0.122320933 -0.122320933
          -0.0601023333 -0.0601023333 -0.0601023333 -0.0590270333 -0.0590270333 -0.0590270333 -0.143974933 -0.143974933 -0.143974933
          -0.138665333 -0.138665333 -0.138665333 -0.148056 -0.148056 -0.148056 -0.146507333 -0.146507333 -0.146507333
          -0.151203667 -0.151203667 -0.151203667 -0.223592 -0.223592 -0.223592 -0.213703 -0.213703 -0.213703
          -0.343370667 -0.343370667 -0.343370667 -0.311799 -0.311799 -0.311799 -0.190301667 -0.190301667 -0.190301667
          -0.186201333 -0.186201333 -0.186201333 -0.112739633 -0.112739633 -0.112739633 -0.101883467 -0.101883467 -0.101883467
          -0.132812 -0.132812 -0.132812 -0.161246333 -0.161246333 -0.161246333 -0.149863167 -0.149863167 -0.149863167
          -0.193254 -0.193254 -0.193254 -0.147435333 -0.147435333 -0.147435333 -0.254399333 -0.254399333 -0.254399333
          -0.238946 -0.238946 -0.238946 -0.107185867 -0.107185867 -0.107185867 -0.127044733 -0.127044733 -0.127044733
          -0.12267 -0.12267 -0.12267 -0.129510333 -0.129510333 -0.129510333 -0.155126667 -0.155126667 -0.155126667
          -0.140645333 -0.140645333 -0.140645333 -0.144683333 -0.144683333 -0.144683333 -0.215524667 -0.215524667 -0.215524667
          -0.122797 -0.122797 -0.122797 -0.114927467 -0.114927467 -0.114927467 -0.131657667 -0.131657667 -0.131657667
          -0.126835 -0.126835 -0.126835 -0.390126 -0.390126 -0.390126 -0.351876667 -0.351876667 -0.351876667
          -0.141782333 -0.141782333 -0.141782333 -0.140155 -0.140155 -0.140155 0.0447164 0.0447164 0.0447164
          -0.0446092667 -0.0446092667 -0.0446092667 0.231578667 0.231578667 0.231578667 0.046476 0.046476 0.046476
          -0.095773 -0.095773 -0.095773 0.224596667 0.224596667 0.224596667 0.156634 0.156634 0.156634
          0.0830510667 0.0830510667 0.0830510667 0.0396997667 0.0396997667 0.0396997667 -0.0940649 -0.0940649 -0.0940649
          -0.238354933 -0.238354933 -0.238354933 0.128174633 0.128174633 0.128174633 0.2581499 0.2581499 0.2581499
          0.245760567 0.245760567 0.245760567 0.228408733 0.228408733 0.228408733 0.101361333 0.101361333 0.101361333
          0.1440676 0.1440676 0.1440676 0.248419333 0.248419333 0.248419333 0.0656963333 0.0656963333 0.0656963333
          -0.0627463333 -0.0627463333 -0.0627463333 -0.107564367 -0.107564367 -0.107564367 -0.143099 -0.143099 -0.143099
          -0.0797457667 -0.0797457667 -0.0797457667 -0.110586067 -0.110586067 -0.110586067 -0.339706667 -0.339706667 -0.339706667
          -0.294554667 -0.294554667 -0.294554667 -0.284873667 -0.284873667 -0.284873667 -0.212453667 -0.212453667 -0.212453667
          -0.190074 -0.190074 -0.190074 -0.168208 -0.168208 -0.168208 -0.160366 -0.160366 -0.160366
          -0.154964 -0.154964 -0.154964 0.070834 0.070834 0.070834 -0.0635776667 -0.0635776667 -0.0635776667
          0.221616 0.221616 0.221616 0.269927333 0.269927333 0.269927333 0.0540710333 0.0540710333 0.0540710333
          -0.034917 -0.034917 -0.034917 -0.0070984 -0.0070984 -0.0070984 0.0641759667 0.0641759667 0.0641759667
          0.187139367 0.187139367 0.187139367 0.204853033 0.204853033 0.204853033 -0.154946667 -0.154946667 -0.154946667
          -0.152973667 -0.152973667 -0.152973667 -0.172439667 -0.172439667 -0.172439667 -0.149023333 -0.149023333 -0.149023333
          -0.137449333 -0.137449333 -0.137449333 -0.160725 -0.160725 -0.160725 -0.124704667 -0.124704667 -0.124704667
          -0.126818333 -0.126818333 -0.126818333 -0.215726333 -0.215726333 -0.215726333 -0.183918667 -0.183918667 -0.183918667
          -0.268520667 -0.268520667 -0.268520667 -0.291252667 -0.291252667 -0.291252667 -0.311703333 -0.311703333 -0.311703333
          -0.311628333 -0.311628333 -0.311628333 -0.206096 -0.206096 -0.206096 -0.238087 -0.238087 -0.238087
          -0.261245 -0.261245 -0.261245 -0.314105333 -0.314105333 -0.314105333 -0.385953 -0.385953 -0.385953
          -0.33778 -0.33778 -0.33778 -0.353456333 -0.353456333 -0.353456333 -0.384262667 -0.384262667 -0.384262667
          -0.177967667 -0.177967667 -0.177967667 -0.214646 -0.214646 -0.214646 -0.278777 -0.278777 -0.278777
          -0.307986 -0.307986 -0.307986 -0.1843386 -0.1843386 -0.1843386 -0.0562054667 -0.0562054667 -0.0562054667
          0.387287333 0.387287333 0.387287333 0.435753333 0.435753333 0.435753333 0.296839667 0.296839667 0.296839667
          0.287424333 0.287424333 0.287424333 0.0135810633 0.0135810633 0.0135810633 0.13089223 0.13089223 0.13089223
          0.186763097 0.186763097 0.186763097 -0.135582737 -0.135582737 -0.135582737 -0.245238833 -0.245238833 -0.245238833
          -0.27460657 -0.27460657 -0.27460657 -0.245126903 -0.245126903 -0.245126903 -0.391186667 -0.391186667 -0.391186667
          -0.04181857 -0.04181857 -0.04181857 0.13373643 0.13373643 0.13373643 0.235805667 0.235805667 0.235805667
          0.2244724 0.2244724 0.2244724 0.257948067 0.257948067 0.257948067 0.1410432 0.1410432 0.1410432
          -0.0205656 -0.0205656 -0.0205656 -0.122253667 -0.122253667 -0.122253667 0.028602 0.028602 0.028602
          -0.286645 -0.286645 -0.286645 -0.270652 -0.270652 -0.270652 -0.231948 -0.231948 -0.231948
          -0.264666 -0.264666 -0.264666 -0.224164 -0.224164 -0.224164 -0.240889 -0.240889 -0.240889
          -0.197546667 -0.197546667 -0.197546667 -0.229921667 -0.229921667 -0.229921667 -0.172380667 -0.172380667 -0.172380667
          -0.171383 -0.171383 -0.171383 -0.269451667 -0.269451667 -0.269451667 -0.271072333 -0.271072333 -0.271072333
          -0.257811667 -0.257811667 -0.257811667 -0.246136333 -0.246136333 -0.246136333 -0.210128 -0.210128 -0.210128
          -0.202884 -0.202884 -0.202884 -0.157708667 -0.157708667 -0.157708667 -0.171718667 -0.171718667 -0.171718667
          -0.197329 -0.197329 -0.197329 -0.216555333 -0.216555333 -0.216555333 -0.205137667 -0.205137667 -0.205137667
          -0.260348667 -0.260348667 -0.260348667 -0.286396333 -0.286396333 -0.286396333 -0.228179 -0.228179 -0.228179
          -0.264417333 -0.264417333 -0.264417333 -0.201350667 -0.201350667 -0.201350667 -0.211541333 -0.211541333 -0.211541333
          -0.133006667 -0.133006667 -0.133006667 -0.147819667 -0.147819667 -0.147819667 -0.138392667 -0.138392667 -0.138392667
          -0.152528333 -0.152528333 -0.152528333 -0.0122621333 -0.0122621333 -0.0122621333 -0.108275 -0.108275 -0.108275
          -0.0374004333 -0.0374004333 -0.0374004333 -0.100040633 -0.100040633 -0.100040633 0.0740762333 0.0740762333 0.0740762333
          0.152661367 0.152661367 0.152661367 0.283512 0.283512 0.283512 0.341571 0.341571 0.341571
          -0.251649333 -0.251649333 -0.251649333 -0.223607 -0.223607 -0.223607 -0.331338333 -0.331338333 -0.331338333
          -0.323805 -0.323805 -0.323805 -0.187674333 -0.187674333 -0.187674333 -0.163609667 -0.163609667 -0.163609667
          -0.179890333 -0.179890333 -0.179890333 -0.168594 -0.168594 -0.168594 -0.152447667 -0.152447667 -0.152447667
          -0.139676667 -0.139676667 -0.139676667 -0.177611 -0.177611 -0.177611 -0.177613667 -0.177613667 -0.177613667
          -0.152628667 -0.152628667 -0.152628667 -0.193867333 -0.193867333 -0.193867333 -0.242792 -0.242792 -0.242792
          -0.221033 -0.221033 -0.221033 -0.156967667 -0.156967667 -0.156967667 -0.159905333 -0.159905333 -0.159905333
          -0.208843667 -0.208843667 -0.208843667 -0.237713667 -0.237713667 -0.237713667 -0.205249 -0.205249 -0.205249
          -0.188575 -0.188575 -0.188575 -0.158942667 -0.158942667 -0.158942667 -0.151648333 -0.151648333 -0.151648333
          -0.137104333 -0.137104333 -0.137104333 -0.209318333 -0.209318333 -0.209318333 -0.200586667 -0.200586667 -0.200586667
          -0.272000667 -0.272000667 -0.272000667 -0.241994 -0.241994 -0.241994 -0.29437 -0.29437 -0.29437
          -0.292451333 -0.292451333 -0.292451333 -0.246399333 -0.246399333 -0.246399333 -0.252951333 -0.252951333 -0.252951333
          -0.314713667 -0.314713667 -0.314713667 -0.290385 -0.290385 -0.290385 -0.190925667 -0.190925667 -0.190925667
          -0.159484 -0.159484 -0.159484 -0.0815983667 -0.0815983667 -0.0815983667 -0.211725167 -0.211725167 -0.211725167
          0.330041 0.330041 0.330041 0.257514667 0.257514667 0.257514667 0.171396733 0.171396733 0.171396733
          -0.00814126667 -0.00814126667 -0.00814126667 -0.128702667 -0.128702667 -0.128702667 -0.138609667 -0.138609667 -0.138609667
          -0.144532 -0.144532 -0.144532 -0.137766 -0.137766 -0.137766 -0.132850667 -0.132850667 -0.132850667
          -0.136119 -0.136119 -0.136119 -0.160785 -0.160785 -0.160785 -0.151035333 -0.151035333 -0.151035333
          -0.166289 -0.166289 -0.166289 -0.0666096333 -0.0666096333 -0.0666096333 -0.0811859667 -0.0811859667 -0.0811859667
          -0.179694667 -0.179694667 -0.179694667 -0.159150333 -0.159150333 -0.159150333 -0.152866333 -0.152866333 -0.152866333
          -0.131524333 -0.131524333 -0.131524333 -0.135217333 -0.135217333 -0.135217333 -0.132855 -0.132855 -0.132855
          -0.127469 -0.127469 -0.127469 -0.129033667 -0.129033667 -0.129033667 -0.1235546 -0.1235546 -0.1235546
          -0.0140677 -0.0140677 -0.0140677 0.201208633 0.201208633 0.201208633 0.271259733 0.271259733 0.271259733
          -0.0064939 -0.0064939 -0.0064939 0.1201551 0.1201551 0.1201551 -0.0247287 -0.0247287 -0.0247287
          -0.0909196 -0.0909196 -0.0909196 0.251005733 0.251005733 0.251005733 0.190547633 0.190547633 0.190547633
        </DataArray>
        <DataArray type="Float32" Name="pPa" format="ascii">
          3002.35667 3002.35667 3002.35667 3630.33667 3630.33667 3630.33667 4057.25667 4057.25667 4057.25667
          3681.78667 3681.78667 3681.78667 2511.77 2511.77 2511.77 2028.41 2028.41 2028.41
          -606.505667 -606.505667 -606.505667 -615.311 -615.311 -615.311 -918.287667 -918.287667 -918.287667
          -796.280333 -796.280333 -796.280333 -720.651667 -720.651667 -720.651667 -794.124333 -794.124333 -794.124333
          -707.093 -707.093 -707.093 -706.665333 -706.665333 -706.665333 -754.692333 -754.692333 -754.692333
          -679.587037 -679.587037 -679.587037 -494.502703 -494.502703 -494.502703 -762.471333 -762.471333 -762.471333
          -693.152667 -693.152667 -693.152667 -1678.12 -1678.12 -1678.12 -1695.56667 -1695.56667 -1695.56667
          -1417 -1417 -1417 -2108.11 -2108.11 -2108.11 -705.435333 -705.435333 -705.435333
          -668.217667 -668.217667 -668.217667 -2197.36 -2197.36 -2197.36 -1515.81333 -1515.81333 -1515.81333
          -1737.75667 -1737.75667 -1737.75667 -1683.06 -1683.06 -1683.06 -703.286 -703.286 -703.286
          -654.53 -654.53 -654.53 -647.405 -647.405 -647.405 -649.052333 -649.052333 -649.052333
          -612.341333 -612.341333 -612.341333 -593.672333 -593.672333 -593.672333 -990.197333 -990.197333 -990.197333
          -1128.15 -1128.15 -1128.15 -939.216667 -939.216667 -939.216667 -1122.90833 -1122.90833 -1122.90833
          -1008.867 -1008.867 -1008.867 -1142.46333 -1142.46333 -1142.46333 -956.819333 -956.819333 -956.819333
          -1137.22167 -1137.22167 -1137.22167 -1064.74067 -1064.74067 -1064.74067 -534.694 -534.694 -534.694
          -1460.36333 -1460.36333 -1460.36333 -2265.28667 -2265.28667 -2265.28667 -2459.71 -2459.71 -2459.71
          -1741.87667 -1741.87667 -1741.87667 3595.36 3595.36 3595.36 3524.04667 3524.04667 3524.04667
          971.186667 971.186667 971.186667 1906.92867 1906.92867 1906.92867 1000.37167 1000.37167 1000.37167
          2007.427 2007.427 2007.427 -1060.49367 -1060.49367 -1060.49367 -444.003667 -444.003667 -444.003667
          -1339.06033 -1339.06033 -1339.06033 -1431.377 -1431.377 -1431.377 -1177.86033 -1177.86033 -1177.86033
          -1496.98067 -1496.98067 -1496.98067 2100.44333 2100.44333 2100.44333 2331.29333 2331.29333 2331.29333
          533.363433 533.363433 533.363433 1016.90077 1016.90077 1016.90077 641.429667 641.429667 641.429667
          1355.817 1355.817 1355.817 3321.14 3321.14 3321.14 2728.40667 2728.40667 2728.40667
          3052.23 3052.23 3052.23 4147.33667 4147.33667 4147.33667 -1163.18367 -1163.18367 -1163.18367
          -509.760333 -509.760333 -509.760333 -1385.127 -1385.127 -1385.127 -1440.51033 -1440.51033 -1440.51033
          -1191.48567 -1191.48567 -1191.48567 -1506.114 -1506.114 -1506.114 440.712767 440.712767 440.712767
          944.867433 944.867433 944.867433 543.990667 543.990667 543.990667 1531.50533 1531.50533 1531.50533
          4318.64 4318.64 4318.64 4694.11 4694.11 4694.11 -1260.89067 -1260.89067 -1260.89067
          -468.937333 -468.937333 -468.937333 -1906.51333 -1906.51333 -1906.51333 -1761.26667 -1761.26667 -1761.26667
          -1447.21667 -1447.21667 -1447.21667 -2108.11 -2108.11 -2108.11 795.856 795.856 795.856
          1434.147 1434.147 1434.147 820.252667 820.252667 820.252667 1782.367 1782.367 1782.367
          4769.56333 4769.56333 4769.56333 4465.40667 4465.40667 4465.40667 -1158.09333 -1158.09333 -1158.09333
          -1203.90333 -1203.90333 -1203.90333 -1030.012 -1030.012 -1030.012 -1161.56667 -1161.56667 -1161.56667
          -1185.34333 -1185.34333 -1185.34333 -1111.13 -1111.13 -1111.13 -636.52 -636.52 -636.52
          -748.346333 -748.346333 -748.346333 -378.214333 -378.214333 -378.214333 -94.902 -94.902 -94.902
          115.548333 115.548333 115.548333 -846.783333 -846.783333 -846.783333 -681.191 -681.191 -681.191
          -988.881333 -988.881333 -988.881333 -926.728667 -926.728667 -926.728667 -1016.58133 -1016.58133 -1016.58133
          -956.759667 -956.759667 -956.759667 -859.749 -859.749 -859.749 -838.069 -838.069 -838.069
          -789.766333 -789.766333 -789.766333 -711.806667 -711.806667 -711.806667 -908.788667 -908.788667 -908.788667
          -1016.68033 -1016.68033 -1016.68033 -579.145467 -579.145467 -579.145467 -345.5618 -345.5618 -345.5618
          -594.671 -594.671 -594.671 -976.629667 -976.629667 -976.629667 -1044.38033 -1044.38033 -1044.38033
          -500.276667 -500.276667 -500.276667 -625.099 -625.099 -625.099 -838.685333 -838.685333 -838.685333
          -864.721667 -864.721667 -864.721667 -938.269667 -938.269667 -938.269667 -997.736 -997.736 -997.736
          -917.82 -917.82 -917.82 -998.859333 -998.859333 -998.859333 -683.401667 -683.401667 -683.401667
          -748.86 -748.86 -748.86 -115.802667 -115.802667 -115.802667 -440.032667 -440.032667 -440.032667
          -637.802667 -637.802667 -637.802667 -599.428333 -599.428333 -599.428333 -632.459 -632.459 -632.459
          -504.347333 -504.347333 -504.347333 -1030.061 -1030.061 -1030.061 -923.788667 -923.788667 -923.788667
          -1031.18433 -1031.18433 -1031.18433 -963.286333 -963.286333 -963.286333 -1001.283 -1001.283 -1001.283
          -1187.477 -1187.477 -1187.477 -972.728667 -972.728667 -972.728667 -1132.90033 -1132.90033 -1132.90033
          -1104.486 -1104.486 -1104.486 -923.308333 -923.308333 -923.308333 -731.686 -731.686 -731.686
          -805.735333 -805.735333 -805.735333 -734.504333 -734.504333 -734.504333 -669.091333 -669.091333 -669.091333
          -721.837037 -721.837037 -721.837037 -409.78917 -409.78917 -409.78917 -692.5018 -692.5018 -692.5018
          -1312.66333 -1312.66333 -1312.66333 -1230.34667 -1230.34667 -1230.34667 -1090.33367 -1090.33367 -1090.33367
          -1258.08667 -1258.08667 -1258.08667 -1089.986 -1089.986 -1089.986 -1109.64667 -1109.64667 -1109.64667
          -1208.36333 -1208.36333 -1208.36333 -618.919333 -618.919333 -618.919333 -845.3 -845.3 -845.3
          -1121.92367 -1121.92367 -1121.92367 -982.736333 -982.736333 -982.736333 -1079.587 -1079.587 -1079.587
          -934.891 -934.891 -934.891 -935.291667 -935.291667 -935.291667 -1091.966 -1091.966 -1091.966
          -765.931 -765.931 -765.931 -702.121 -702.121 -702.121 -682.897 -682.897 -682.897
          -746.487667 -746.487667 -746.487667 -1084.454 -1084.454 -1084.454 -1231.164 -1231.164 -1231.164
          -1491.71667 -1491.71667 -1491.71667 -1480.07667 -1480.07667 -1480.07667 -1520.79333 -1520.79333 -1520.79333
          -1385.72333 -1385.72333 -1385.72333 -1367.80733 -1367.80733 -1367.80733 -1456.34733 -1456.34733 -1456.34733
          -1812.34067 -1812.34067 -1812.34067 -1838.99733 -1838.99733 -1838.99733 143.776667 143.776667 143.776667
          -130.730333 -130.730333 -130.730333 -160.744667 -160.744667 -160.744667 51.659 51.659 51.659
          -796.762 -796.762 -796.762 -813.493 -813.493 -813.493 -1086.53367 -1086.53367 -1086.53367
          -1295.89067 -1295.89067 -1295.89067 -1054.34767 -1054.34767 -1054.34767 -1281.38067 -1281.38067 -1281.38067
          -659.372667 -659.372667 -659.372667 -678.914333 -678.914333 -678.914333 -161.474233 -161.474233 -161.474233
          27.2177667 27.2177667 27.2177667 135.284 135.284 135.284 70.8788667 70.8788667 70.8788667
          -801.870333 -801.870333 -801.870333 -814.109333 -814.109333 -814.109333 -1297.44967 -1297.44967 -1297.44967
          -1092.90133 -1092.90133 -1092.90133 -1269.92967 -1269.92967 -1269.92967 -1031.39467 -1031.39467 -1031.39467
          -645.608 -645.608 -645.608 -630.838667 -630.838667 -630.838667 105.807667 105.807667 105.807667
          95.477 95.477 95.477 -165.5449 -165.5449 -165.5449 2.52976667 2.52976667 2.52976667
          -1653.884 -1653.884 -1653.884 -1772.474 -1772.474 -1772.474 -1073.98233 -1073.98233 -1073.98233
          -1339.834 -1339.834 -1339.834 -1065.13767 -1065.13767 -1065.13767 -991.578667 -991.578667 -991.578667
          -1403.47833 -1403.47833 -1403.47833 -689.704333 -689.704333 -689.704333 -674.073 -674.073 -674.073
          -619.417 -619.417 -619.417 -634.094667 -634.094667 -634.094667 284.905963 284.905963 284.905963
          17.4409633 17.4409633 17.4409633 -106.975667 -106.975667 -106.975667 260.509297 260.509297 260.509297
          120.00783 120.00783 120.00783 -794.817333 -794.817333 -794.817333 -1269.639 -1269.639 -1269.639
          -1345.089 -1345.089 -1345.089 -1020.21733 -1020.21733 -1020.21733 -1277.16233 -1277.16233 -1277.16233
          -1153.53833 -1153.53833 -1153.53833 -965.248667 -965.248667 -965.248667 -621.309667 -621.309667 -621.309667
          -634.430667 -634.430667 -634.430667 -607.764667 -607.764667 -607.764667 -594.909333 -594.909333 -594.909333
          -664.882067 -664.882067 -664.882067 1009.3946 1009.3946 1009.3946 -261.239933 -261.239933 -261.239933
          1127.13673 1127.13673 1127.13673 -3458.32 -3458.32 -3458.32 -3558.06333 -3558.06333 -3558.06333
          -3439.16667 -3439.16667 -3439.16667 -3891.06333 -3891.06333 -3891.06333 -3479.6 -3479.6 -3479.6
          -3238.96 -3238.96 -3238.96 -3773.88 -3773.88 -3773.88 -3462.88 -3462.88 -3462.88
          -3243.53333 -3243.53333 -3243.53333 -3269.87 -3269.87 -3269.87 5652.83333 5652.83333 5652.83333
          5561.35 5561.35 5561.35 4393.27667 4393.27667 4393.27667 4883.01333 4883.01333 4883.01333
          4782.62667 4782.62667 4782.62667 4212.85333 4212.85333 4212.85333 5440.58333 5440.58333 5440.58333
          5612.10333 5612.10333 5612.10333 -3613.27333 -3613.27333 -3613.27333 -3580.55333 -3580.55333 -3580.55333
          -2500.262 -2500.262 -2500.262 -3284.28 -3284.28 -3284.28 -3416.28333 -3416.28333 -3416.28333
          -3534.81 -3534.81 -3534.81 -3799.83 -3799.83 -3799.83 -2930.00533 -2930.00533 -2930.00533
          4324.34 4324.34 4324.34 4989.63 4989.63 4989.63 1263.87537 1263.87537 1263.87537
          2467.49727 2467.49727 2467.49727 -3093.26333 -3093.26333 -3093.26333 -3219.68667 -3219.68667 -3219.68667
          -2972.60667 -2972.60667 -2972.60667 -2800.07333 -2800.07333 -2800.07333 -3224.24667 -3224.24667 -3224.24667
          -3151.55667 -3151.55667 -3151.55667 -2730.55667 -2730.55667 -2730.55667 -2849.35667 -2849.35667 -2849.35667
          1189.66843 1189.66843 1189.66843 2343.42367 2343.42367 2343.42367 2713.98 2713.98 2713.98
          3891.78333 3891.78333 3891.78333 4468.93667 4468.93667 4468.93667 2947.83067 2947.83067 2947.83067
          1517.457 1517.457 1517.457 1661.553 1661.553 1661.553 4827.3 4827.3 4827.3
          5026.50667 5026.50667 5026.50667 -2439.19333 -2439.19333 -2439.19333 -2568.44667 -2568.44667 -2568.44667
          -3017.28333 -3017.28333 -3017.28333 -2926.56667 -2926.56667 -2926.56667 -2778.01667 -2778.01667 -2778.01667
          -2791.83 -2791.83 -2791.83 -2708.5 -2708.5 -2708.5 -2288.49667 -2288.49667 -2288.49667
          -2521.08333 -2521.08333 -2521.08333 987.43 987.43 987.43 960.593333 960.593333 960.593333
          -518.273333 -518.273333 -518.273333 -1428.28 -1428.28 -1428.28 -1502.33667 -1502.33667 -1502.33667
          -666.396667 -666.396667 -666.396667 843.023333 843.023333 843.023333 987.43 987.43 987.43
          769.822667 769.822667 769.822667 2219.53867 2219.53867 2219.53867 2039.11533 2039.11533 2039.11533
          355.508667 355.508667 355.508667 250.346667 250.346667 250.346667 354.464667 354.464667 354.464667
          -1696.312 -1696.312 -1696.312 -396.974 -396.974 -396.974 3129.00733 3129.00733 3129.00733
          1596.53027 1596.53027 1596.53027 -3278.49 -3278.49 -3278.49 -3254.50667 -3254.50667 -3254.50667
          -3488.89667 -3488.89667 -3488.89667 -3457.44 -3457.44 -3457.44 -2405.09373 -2405.09373 -2405.09373
          -1595.55073 -1595.55073 -1595.55073 -1775.569 -1775.569 -1775.569 -1650.621 -1650.621 -1650.621
          -2662.249 -2662.249 -2662.249 -2309.59233 -2309.59233 -2309.59233 -2367.27333 -2367.27333 -2367.27333
          -2681.46667 -2681.46667 -2681.46667 -1977.46267 -1977.46267 -1977.46267 -2764.08667 -2764.08667 -2764.08667
          -2982.64333 -2982.64333 -2982.64333 -1911.918 -1911.918 -1911.918 -1231.88467 -1231.88467 -1231.88467
          -3078.98 -3078.98 -3078.98 -3193 -3193 -3193 -3409.01333 -3409.01333 -3409.01333
          -3215.56667 -3215.56667 -3215.56667 -3409.42 -3409.42 -3409.42 -3715.56667 -3715.56667 -3715.56667
          -3758.34667 -3758.34667 -3758.34667 -3628.29 -3628.29 -3628.29 -2971.66 -2971.66 -2971.66
          -2989.01667 -2989.01667 -2989.01667 4887.49333 4887.49333 4887.49333 4286.43667 4286.43667 4286.43667
          808.761067 808.761067 808.761067 2291.4264 2291.4264 2291.4264 4108.77 4108.77 4108.77
          2949.46733 2949.46733 2949.46733 3280.614 3280.614 3280.614 2866.23733 2866.23733 2866.23733
          -2897.10933 -2897.10933 -2897.10933 -1925.05267 -1925.05267 -1925.05267 -1686.1394 -1686.1394 -1686.1394
          -2206.2994 -2206.2994 -2206.2994 -2006.09273 -2006.09273 -2006.09273 -1015.27797 -1015.27797 -1015.27797
          5669.08333 5669.08333 5669.08333 5723.97 5723.97 5723.97 5426.90667 5426.90667 5426.90667
          5323.45667 5323.45667 5323.45667 5269.87667 5269.87667 5269.87667 5418.17 5418.17 5418.17
          5683.24 5683.24 5683.24 5583.51 5583.51 5583.51 -1114.9936 -1114.9936 -1114.9936
          -1209.28227 -1209.28227 -1209.28227 -2070.40967 -2070.40967 -2070.40967 -1192.103 -1192.103 -1192.103
          -1089.4849 -1089.4849 -1089.4849 -2202.413 -2202.413 -2202.413 -3219.14667 -3219.14667 -3219.14667
          -3338.65 -3338.65 -3338.65 -2918.24667 -2918.24667 -2918.24667 -2865.42 -2865.42 -2865.42
          -2623.54667 -2623.54667 -2623.54667 -2483.61667 -2483.61667 -2483.61667 3979.19 3979.19 3979.19
          2918.95667 2918.95667 2918.95667 4525.54667 4525.54667 4525.54667 5029.1 5029.1 5029.1
          2143.08867 2143.08867 2143.08867 2970.76533 2970.76533 2970.76533 -1267.748 -1267.748 -1267.748
          55.9453333 55.9453333 55.9453333 5185.70333 5185.70333 5185.70333 4914.70667 4914.70667 4914.70667
          -2654.1 -2654.1 -2654.1 -2587.76 -2587.76 -2587.76 -368.737 -368.737 -368.737
          -1545.117 -1545.117 -1545.117 -1831.50367 -1831.50367 -1831.50367 -799.219667 -799.219667 -799.219667
          -1428.28 -1428.28 -1428.28 -2111.15 -2111.15 -2111.15 -2141.70333 -2141.70333 -2141.70333
          -1502.33667 -1502.33667 -1502.33667 -2945.26133 -2945.26133 -2945.26133 -1815.60733 -1815.60733 -1815.60733
          -2092.278 -2092.278 -2092.278 -2988.04133 -2988.04133 -2988.04133 -2093.322 -2093.322 -2093.322
          -2197.44 -2197.44 -2197.44 -396.974 -396.974 -396.974 1272.20133 1272.20133 1272.20133
          -1164.34973 -1164.34973 -1164.34973 -2600.386 -2600.386 -2600.386 4632.03 4632.03 4632.03
          4134.03333 4134.03333 4134.03333 2863.1196 2863.1196 2863.1196 4578.45 4578.45 4578.45
          731.764333 731.764333 731.764333 911.7826 911.7826 911.7826 2254.06433 2254.06433 2254.06433
          856.712333 856.712333 856.712333 -1147.43933 -1147.43933 -1147.43933 -2367.27333 -2367.27333 -2367.27333
          1026.314 1026.314 1026.314 607.967333 607.967333 607.967333 3009.472 3009.472 3009.472
          3107.36533 3107.36533 3107.36533 -1845.23467 -1845.23467 -1845.23467 -1119.573 -1119.573 -1119.573
          1552.584 1552.584 1552.584 -91.681 -91.681 -91.681 -1085.53633 -1085.53633 -1085.53633
          -1592.64133 -1592.64133 -1592.64133 -462.497 -462.497 -462.497 1129.503 1129.503 1129.503
          -2089.049 -2089.049 -2089.049 -1523.03567 -1523.03567 -1523.03567 -1924.78 -1924.78 -1924.78
          -2131.11333 -2131.11333 -2131.11333 -2241.64 -2241.64 -2241.64 -1672.30667 -1672.30667 -1672.30667
          -1749.46667 -1749.46667 -1749.46667 -1640.1 -1640.1 -1640.1 -1496.32 -1496.32 -1496.32
          -1008.63167 -1008.63167 -1008.63167 -1164.00333 -1164.00333 -1164.00333 -1201.19867 -1201.19867 -1201.19867
          -941.290333 -941.290333 -941.290333 -1122.94633 -1122.94633 -1122.94633 -1371.263 -1371.263 -1371.263
          -1489.14 -1489.14 -1489.14 -1490.83333 -1490.83333 -1490.83333 -1436.86667 -1436.86667 -1436.86667
          -1733.15667 -1733.15667 -1733.15667 -1280.28 -1280.28 -1280.28 -1423.07867 -1423.07867 -1423.07867
          -1808.46333 -1808.46333 -1808.46333 -1297.058 -1297.058 -1297.058 -1571.21333 -1571.21333 -1571.21333
          -1924.54 -1924.54 -1924.54 -1114.14033 -1114.14033 -1114.14033 -362.809333 -362.809333 -362.809333
          -470.196333 -470.196333 -470.196333 -1077.29167 -1077.29167 -1077.29167 -1486.317 -1486.317 -1486.317
          -1403.30367 -1403.30367 -1403.30367 -1843.46667 -1843.46667 -1843.46667 -2260.93 -2260.93 -2260.93
          -2433.25 -2433.25 -2433.25 2598.01833 2598.01833 2598.01833 2685.325 2685.325 2685.325
          2051.97967 2051.97967 2051.97967 2363.823 2363.823 2363.823 1745.30967 1745.30967 1745.30967
          838.200667 838.200667 838.200667 59.9496667 59.9496667 59.9496667 -797.823333 -797.823333 -797.823333
          -130.1023 -130.1023 -130.1023 1948.4977 1948.4977 1948.4977 1550.4617 1550.4617 1550.4617
          2347.334 2347.334 2347.334 3144.52 3144.52 3144.52 -1184.755 -1184.755 -1184.755
          -1331.41333 -1331.41333 -1331.41333 904.806 904.806 904.806 941.066333 941.066333 941.066333
          -1297.47667 -1297.47667 -1297.47667 -1326.93667 -1326.93667 -1326.93667 -1081.09 -1081.09 -1081.09
          -1031.08 -1031.08 -1031.08 -1068.04333 -1068.04333 -1068.04333 -1058.66733 -1058.66733 -1058.66733
          -1072.424 -1072.424 -1072.424 -1251.80367 -1251.80367 -1251.80367 -1334.83367 -1334.83367 -1334.83367
          -1309.01333 -1309.01333 -1309.01333 -1813.31333 -1813.31333 -1813.31333 -1858.07333 -1858.07333 -1858.07333
          -1413.88667 -1413.88667 -1413.88667 -2237.73 -2237.73 -2237.73 -2177.72667 -2177.72667 -2177.72667
          -1610.97167 -1610.97167 -1610.97167 -1441.74167 -1441.74167 -1441.74167 -2006.33333 -2006.33333 -2006.33333
          -1767.57667 -1767.57667 -1767.57667 -528.1383 -528.1383 -528.1383 -888.542667 -888.542667 -888.542667
          -252.470667 -252.470667 -252.470667 -1475.25567 -1475.25567 -1475.25567 -1335.97233 -1335.97233 -1335.97233
          -1406.39667 -1406.39667 -1406.39667 -1722.34667 -1722.34667 -1722.34667 -1541.63 -1541.63 -1541.63
          -1823.91667 -1823.91667 -1823.91667 -1185.54733 -1185.54733 -1185.54733 -1151.884 -1151.884 -1151.884
          -746.295 -746.295 -746.295 -950.539667 -950.539667 -950.539667 -747.679667 -747.679667 -747.679667
          -912.497667 -912.497667 -912.497667 -979.807333 -979.807333 -979.807333 -924.803667 -924.803667 -924.803667
          -734.664667 -734.664667 -734.664667 -920.421333 -920.421333 -920.421333 -884.997 -884.997 -884.997
          -980.016333 -980.016333 -980.016333 -708.417667 -708.417667 -708.417667 -875.627667 -875.627667 -875.627667
          -1434.532 -1434.532 -1434.532 -1216.46333 -1216.46333 -1216.46333 -1509.98133 -1509.98133 -1509.98133
          -1297.49133 -1297.49133 -1297.49133 -1268.13967 -1268.13967 -1268.13967 -1286.70533 -1286.70533 -1286.70533
          -1443.03867 -1443.03867 -1443.03867 -1313.802 -1313.802 -1313.802 -1232.73867 -1232.73867 -1232.73867
          -1806.45667 -1806.45667 -1806.45667 -2119.64667 -2119.64667 -2119.64667 -1714.83 -1714.83 -1714.83
          -1623.21 -1623.21 -1623.21 -1531.80333 -1531.80333 -1531.80333 -1183.55333 -1183.55333 -1183.55333
          -1065.145 -1065.145 -1065.145 -1998.39667 -1998.39667 -1998.39667 -1455.08333 -1455.08333 -1455.08333
          -1337.452 -1337.452 -1337.452 -1328.08867 -1328.08867 -1328.08867 -997.803667 -997.803667 -997.803667
          -1267.07533 -1267.07533 -1267.07533 -1358.97667 -1358.97667 -1358.97667 -1518.87333 -1518.87333 -1518.87333
          -7.875 -7.875 -7.875 -720.142 -720.142 -720.142 1803.51167 1803.51167 1803.51167
          989.552 989.552 989.552 536.236667 536.236667 536.236667 443.087333 443.087333 443.087333
          -757.922667 -757.922667 -757.922667 -1294.027 -1294.027 -1294.027 516.262 516.262 516.262
          1435.39333 1435.39333 1435.39333 -1584.85133 -1584.85133 -1584.85133 -598.393 -598.393 -598.393
          -551.212667 -551.212667 -551.212667 -1530.13433 -1530.13433 -1530.13433 -2470.00333 -2470.00333 -2470.00333
          -2056.14667 -2056.14667 -2056.14667 -2024.24333 -2024.24333 -2024.24333 -681.56 -681.56 -681.56
          -951.678333 -951.678333 -951.678333 -527.665667 -527.665667 -527.665667 -758.357333 -758.357333 -758.357333
          -545.813667 -545.813667 -545.813667 400.236333 400.236333 400.236333 1469.222 1469.222 1469.222
          2140.312 2140.312 2140.312 -914.944667 -914.944667 -914.944667 -257.062333 -257.062333 -257.062333
          1681.117 1681.117 1681.117 721.859333 721.859333 721.859333 -959.613667 -959.613667 -959.613667
          -726.437 -726.437 -726.437 -1315.69633 -1315.69633 -1315.69633 -1261.003 -1261.003 -1261.003
          -746.185333 -746.185333 -746.185333 -700.19 -700.19 -700.19 -880.058 -880.058 -880.058
          -747.57 -747.57 -747.57 -107.458 -107.458 -107.458 339.354667 339.354667 339.354667
          275.296 275.296 275.296 -261.352333 -261.352333 -261.352333 1254.446 1254.446 1254.446
          1344.28167 1344.28167 1344.28167 -1844.93 -1844.93 -1844.93 -1818.68 -1818.68 -1818.68
          -1634.34667 -1634.34667 -1634.34667 -1666.79667 -1666.79667 -1666.79667 -1262.99 -1262.99 -1262.99
          628.265667 628.265667 628.265667 945.300333 945.300333 945.300333 -284.969667 -284.969667 -284.969667
          -1060.733 -1060.733 -1060.733 -1230.04333 -1230.04333 -1230.04333 -1288.05333 -1288.05333 -1288.05333
          -1251.00967 -1251.00967 -1251.00967 -1278.41967 -1278.41967 -1278.41967 -2420.88667 -2420.88667 -2420.88667
          -1799.46 -1799.46 -1799.46 -1703.18 -1703.18 -1703.18 -1664.80667 -1664.80667 -1664.80667
          -1674.28667 -1674.28667 -1674.28667 -1925.33 -1925.33 -1925.33 -532.914667 -532.914667 -532.914667
          466.398667 466.398667 466.398667 1771.70527 1771.70527 1771.70527 1256.79983 1256.79983 1256.79983
          -460.950767 -460.950767 -460.950767 -295.287 -295.287 -295.287 -1666.10833 -1666.10833 -1666.10833
          -756.2935 -756.2935 -756.2935 -1203.9314 -1203.9314 -1203.9314 2334.745 2334.745 2334.745
          3290.80333 3290.80333 3290.80333 3159.92667 3159.92667 3159.92667 2883.79667 2883.79667 2883.79667
          2201.885 2201.885 2201.885 2495.30167 2495.30167 2495.30167 2626.17833 2626.17833 2626.17833
          2019.36167 2019.36167 2019.36167 -1626.72 -1626.72 -1626.72 -1537.89 -1537.89 -1537.89
          -1896.61667 -1896.61667 -1896.61667 -1688.38333 -1688.38333 -1688.38333 -1467.94333 -1467.94333 -1467.94333
          -1520.43 -1520.43 -1520.43 -1440.79333 -1440.79333 -1440.79333 -1426.62667 -1426.62667 -1426.62667
          -1161.838 -1161.838 -1161.838 -1245.998 -1245.998 -1245.998 -1519.98 -1519.98 -1519.98
          -1421.41333 -1421.41333 -1421.41333 1507.36167 1507.36167 1507.36167 194.648333 194.648333 194.648333
          -498.37 -498.37 -498.37 2044.61333 2044.61333 2044.61333 2588.77667 2588.77667 2588.77667
          2681.42 2681.42 2681.42 2831.78 2831.78 2831.78 -1467.00667 -1467.00667 -1467.00667
          -1528.55333 -1528.55333 -1528.55333 -1249.84 -1249.84 -1249.84 -1381.79333 -1381.79333 -1381.79333
          -1396.71667 -1396.71667 -1396.71667 -1590.21667 -1590.21667 -1590.21667 -1259.56333 -1259.56333 -1259.56333
          -1345.78333 -1345.78333 -1345.78333 -1029.39 -1029.39 -1029.39 -909.296333 -909.296333 -909.296333
          -1185.22333 -1185.22333 -1185.22333 -1392.95667 -1392.95667 -1392.95667 -1796.76333 -1796.76333 -1796.76333
          -1790.56333 -1790.56333 -1790.56333 -1622.54 -1622.54 -1622.54 -1743.98667 -1743.98667 -1743.98667
          -1182.78667 -1182.78667 -1182.78667 -1197.24667 -1197.24667 -1197.24667 -1435.46667 -1435.46667 -1435.46667
          -1743.98667 -1743.98667 -1743.98667 -937.171433 -937.171433 -937.171433 -1056.9421 -1056.9421 -1056.9421
          -1471.38333 -1471.38333 -1471.38333 -1512.83333 -1512.83333 -1512.83333 -1298.55667 -1298.55667 -1298.55667
          -1427.62 -1427.62 -1427.62 -1203.14133 -1203.14133 -1203.14133 -1290.75467 -1290.75467 -1290.75467
          -933.515667 -933.515667 -933.515667 -1030.74433 -1030.74433 -1030.74433 -905.552333 -905.552333 -905.552333
          -867.530667 -867.530667 -867.530667 -1154.27 -1154.27 -1154.27 -1282.53 -1282.53 -1282.53
          -1378.81 -1378.81 -1378.81 -1286.62 -1286.62 -1286.62 -1251.08 -1251.08 -1251.08
          -1151.83333 -1151.83333 -1151.83333 -1204.67633 -1204.67633 -1204.67633 -1214.03633 -1214.03633 -1214.03633
          -1742.36667 -1742.36667 -1742.36667 -1713.65333 -1713.65333 -1713.65333 -1336.37333 -1336.37333 -1336.37333
          -1274.81333 -1274.81333 -1274.81333 -1301.59 -1301.59 -1301.59 -1457.82333 -1457.82333 -1457.82333
          -1409.64333 -1409.64333 -1409.64333 -1507.97 -1507.97 -1507.97 -1605.06667 -1605.06667 -1605.06667
          -1669.54667 -1669.54667 -1669.54667 -1681.64667 -1681.64667 -1681.64667 -1513.03333 -1513.03333 -1513.03333
          -1680.70333 -1680.70333 -1680.70333 -1662.24333 -1662.24333 -1662.24333 -1293.54 -1293.54 -1293.54
          -1450.61 -1450.61 -1450.61 -2273.57 -2273.57 -2273.57 -2151.53333 -2151.53333 -2151.53333
          -1437.91667 -1437.91667 -1437.91667 -1190.53233 -1190.53233 -1190.53233 -1221.399 -1221.399 -1221.399
          -1218.74233 -1218.74233 -1218.74233 -873.936 -873.936 -873.936 -1018.71367 -1018.71367 -1018.71367
          -897.434667 -897.434667 -897.434667 -1150.559 -1150.559 -1150.559 1717.80633 1717.80633 1717.80633
          1552.14257 1552.14257 1552.14257 218.742267 218.742267 218.742267 -743.801067 -743.801067 -743.801067
          -1178.41767 -1178.41767 -1178.41767 -2055.23267 -2055.23267 -2055.23267 -1280.82967 -1280.82967 -1280.82967
          -1256.37633 -1256.37633 -1256.37633 -1109.49967 -1109.49967 -1109.49967 -1059.55833 -1059.55833 -1059.55833
          -1264.24633 -1264.24633 -1264.24633 -1240.75967 -1240.75967 -1240.75967 -1010.58633 -1010.58633 -1010.58633
          -959.678333 -959.678333 -959.678333 -278.225543 -278.225543 -278.225543 -666.2731 -666.2731 -666.2731
          138.737457 138.737457 138.737457 610.243233 610.243233 610.243233 1557.29867 1557.29867 1557.29867
          1856.952 1856.952 1856.952 -192.36811 -192.36811 -192.36811 -445.165333 -445.165333 -445.165333
          987.200667 987.200667 987.200667 774.612333 774.612333 774.612333 1941.42167 1941.42167 1941.42167
          152.2319 152.2319 152.2319 892.014567 892.014567 892.014567 1839.07 1839.07 1839.07
          2231.36667 2231.36667 2231.36667 -957.737 -957.737 -957.737 -816.412667 -816.412667 -816.412667
          -1053.15233 -1053.15233 -1053.15233 -1000.321 -1000.321 -1000.321 -897.240333 -897.240333 -897.240333
          -839.911333 -839.911333 -839.911333 -900.441 -900.441 -900.441 -869.277 -869.277 -869.277
          -3165.91 -3165.91 -3165.91 -2381.23667 -2381.23667 -2381.23667 -3349.87 -3349.87 -3349.87
          -2892.55333 -2892.55333 -2892.55333 -1107.20933 -1107.20933 -1107.20933 -1126.059 -1126.059 -1126.059
          -3074.05 -3074.05 -3074.05 -2319.51333 -2319.51333 -2319.51333 -374.417667 -374.417667 -374.417667
          -524.827667 -524.827667 -524.827667 -636.833333 -636.833333 -636.833333 -556.719667 -556.719667 -556.719667
          -572.246 -572.246 -572.246 -649.986333 -649.986333 -649.986333 -487.505667 -487.505667 -487.505667
          -339.469 -339.469 -339.469 -1950.51 -1950.51 -1950.51 -1605.30633 -1605.30633 -1605.30633
          -965.861 -965.861 -965.861 -1067.09933 -1067.09933 -1067.09933 -663.711333 -663.711333 -663.711333
          -670.575667 -670.575667 -670.575667 -662.865667 -662.865667 -662.865667 -2126.13 -2126.13 -2126.13
          -1909.32667 -1909.32667 -1909.32667 -838.176333 -838.176333 -838.176333 -1229.013 -1229.013 -1229.013
          -1352.37033 -1352.37033 -1352.37033 -1103.047 -1103.047 -1103.047 -1618.977 -1618.977 -1618.977
          -956.094 -956.094 -956.094 -2184.73667 -2184.73667 -2184.73667 -3054.45333 -3054.45333 -3054.45333
          -921.145333 -921.145333 -921.145333 -1363.05833 -1363.05833 -1363.05833 -3736.1 -3736.1 -3736.1
          -3087.35333 -3087.35333 -3087.35333 -3737.26667 -3737.26667 -3737.26667 -4151.73667 -4151.73667 -4151.73667
          -3500.26667 -3500.26667 -3500.26667 -3734.54333 -3734.54333 -3734.54333 489.222333 489.222333 489.222333
          1159.772 1159.772 1159.772 -730.262333 -730.262333 -730.262333 -330.085333 -330.085333 -330.085333
          1944.71667 1944.71667 1944.71667 1955.96333 1955.96333 1955.96333 2210.98 2210.98 2210.98
          2195.10333 2195.10333 2195.10333 1998.73 1998.73 1998.73 2079.24333 2079.24333 2079.24333
          -2815.92 -2815.92 -2815.92 -2196.97667 -2196.97667 -2196.97667 -2851.14667 -2851.14667 -2851.14667
          -1656.25067 -1656.25067 -1656.25067 -2258.434 -2258.434 -2258.434 -2892.55333 -2892.55333 -2892.55333
          -2318.77667 -2318.77667 -2318.77667 -1577.59167 -1577.59167 -1577.59167 -2062.61667 -2062.61667 -2062.61667
          -2890.09 -2890.09 -2890.09 -1216.06667 -1216.06667 -1216.06667 -1619.528 -1619.528 -1619.528
          -1071.88333 -1071.88333 -1071.88333 -1467.63467 -1467.63467 -1467.63467 -1422.84967 -1422.84967 -1422.84967
          -1339.29633 -1339.29633 -1339.29633 -1750.815 -1750.815 -1750.815 -1304.55367 -1304.55367 -1304.55367
          -1226.87267 -1226.87267 -1226.87267 -1079.352 -1079.352 -1079.352 -749.215 -749.215 -749.215
          -368.126667 -368.126667 -368.126667 -361.540667 -361.540667 -361.540667 -881.846 -881.846 -881.846
          -849.326667 -849.326667 -849.326667 -906.845667 -906.845667 -906.845667 -897.357 -897.357 -897.357
          -926.121667 -926.121667 -926.121667 -1369.49967 -1369.49967 -1369.49967 -1308.933 -1308.933 -1308.933
          -2103.14333 -2103.14333 -2103.14333 -1909.76667 -1909.76667 -1909.76667 -1165.59967 -1165.59967 -1165.59967
          -1140.484 -1140.484 -1140.484 -690.531 -690.531 -690.531 -624.037333 -624.037333 -624.037333
          -813.476 -813.476 -813.476 -987.635 -987.635 -987.635 -917.913667 -917.913667 -917.913667
          -1183.682 -1183.682 -1183.682 -903.041667 -903.041667 -903.041667 -1558.19633 -1558.19633 -1558.19633
          -1463.545 -1463.545 -1463.545 -656.512667 -656.512667 -656.512667 -778.149 -778.149 -778.149
          -751.352667 -751.352667 -751.352667 -793.251333 -793.251333 -793.251333 -950.151667 -950.151667 -950.151667
          -861.453333 -861.453333 -861.453333 -886.186333 -886.186333 -886.186333 -1320.08833 -1320.08833 -1320.08833
          -752.132 -752.132 -752.132 -703.931 -703.931 -703.931 -806.404333 -806.404333 -806.404333
          -776.865 -776.865 -776.865 -2389.52433 -2389.52433 -2389.52433 -2155.24767 -2155.24767 -2155.24767
          -868.417667 -868.417667 -868.417667 -858.450333 -858.450333 -858.450333 273.888333 273.888333 273.888333
          -273.232667 -273.232667 -273.232667 1418.418 1418.418 1418.418 284.664667 284.664667 284.664667
          -586.612 -586.612 -586.612 1375.65133 1375.65133 1375.65133 959.382333 959.382333 959.382333
          508.687 508.687 508.687 243.159667 243.159667 243.159667 -576.148 -576.148 -576.148
          -1459.925 -1459.925 -1459.925 785.069333 785.069333 785.069333 1581.16867 1581.16867 1581.16867
          1505.28533 1505.28533 1505.28533 1399.004 1399.004 1399.004 620.839 620.839 620.839
          882.414 882.414 882.414 1521.56933 1521.56933 1521.56933 402.392667 402.392667 402.392667
          -384.32 -384.32 -384.32 -658.831333 -658.831333 -658.831333 -876.482333 -876.482333 -876.482333
          -488.443333 -488.443333 -488.443333 -677.34 -677.34 -677.34 -2080.70667 -2080.70667 -2080.70667
          -1804.15 -1804.15 -1804.15 -1744.85333 -1744.85333 -1744.85333 -1301.281 -1301.281 -1301.281
          -1164.20333 -1164.20333 -1164.20333 -1030.27433 -1030.27433 -1030.27433 -982.244 -982.244 -982.244
          -949.157333 -949.157333 -949.157333 433.859667 433.859667 433.859667 -389.410333 -389.410333 -389.410333
          1357.39933 1357.39933 1357.39933 1653.306 1653.306 1653.306 331.186333 331.186333 331.186333
          -213.866 -213.866 -213.866 -43.478 -43.478 -43.478 393.076667 393.076667 393.076667
          1146.22833 1146.22833 1146.22833 1254.726 1254.726 1254.726 -949.048 -949.048 -949.048
          -936.963 -936.963 -936.963 -1056.19367 -1056.19367 -1056.19367 -912.767333 -912.767333 -912.767333
          -841.876333 -841.876333 -841.876333 -984.440333 -984.440333 -984.440333 -763.815 -763.815 -763.815
          -776.762333 -776.762333 -776.762333 -1321.32667 -1321.32667 -1321.32667 -1126.504 -1126.504 -1126.504
          -1644.68667 -1644.68667 -1644.68667 -1783.91667 -1783.91667 -1783.91667 -1909.17667 -1909.17667 -1909.17667
          -1908.72 -1908.72 -1908.72 -1262.33767 -1262.33767 -1262.33767 -1458.28333 -1458.28333 -1458.28333
          -1600.12667 -1600.12667 -1600.12667 -1923.89667 -1923.89667 -1923.89667 -2363.96333 -2363.96333 -2363.96333
          -2068.90333 -2068.90333 -2068.90333 -2164.92 -2164.92 -2164.92 -2353.61 -2353.61 -2353.61
          -1090.052 -1090.052 -1090.052 -1314.70767 -1314.70767 -1314.70767 -1707.50333 -1707.50333 -1707.50333
          -1886.41 -1886.41 -1886.41 -1129.07267 -1129.07267 -1129.07267 -344.257 -344.257 -344.257
          2372.13333 2372.13333 2372.13333 2668.99 2668.99 2668.99 1818.14267 1818.14267 1818.14267
          1760.47267 1760.47267 1760.47267 83.1839333 83.1839333 83.1839333 801.714933 801.714933 801.714933
          1143.9226 1143.9226 1143.9226 -830.445067 -830.445067 -830.445067 -1502.08767 -1502.08767 -1502.08767
          -1681.9674 -1681.9674 -1681.9674 -1501.40407 -1501.40407 -1501.40407 -2396.02 -2396.02 -2396.02
          -256.138067 -256.138067 -256.138067 819.135267 819.135267 819.135267 1444.30933 1444.30933 1444.30933
          1374.89067 1374.89067 1374.89067 1579.93067 1579.93067 1579.93067 863.889667 863.889667 863.889667
          -125.966 -125.966 -125.966 -748.803333 -748.803333 -748.803333 175.187 175.187 175.187
          -1755.7 -1755.7 -1755.7 -1657.74333 -1657.74333 -1657.74333 -1420.68333 -1420.68333 -1420.68333
          -1621.08 -1621.08 -1621.08 -1373.00667 -1373.00667 -1373.00667 -1475.44667 -1475.44667 -1475.44667
          -1209.97 -1209.97 -1209.97 -1408.26667 -1408.26667 -1408.26667 -1055.83 -1055.83 -1055.83
          -1049.72 -1049.72 -1049.72 -1650.39 -1650.39 -1650.39 -1660.31667 -1660.31667 -1660.31667
          -1579.09667 -1579.09667 -1579.09667 -1507.58333 -1507.58333 -1507.58333 -1287.03433 -1287.03433 -1287.03433
          -1242.66433 -1242.66433 -1242.66433 -965.964667 -965.964667 -965.964667 -1051.77633 -1051.77633 -1051.77633
          -1208.63867 -1208.63867 -1208.63867 -1326.40333 -1326.40333 -1326.40333 -1256.47 -1256.47 -1256.47
          -1594.63333 -1594.63333 -1594.63333 -1754.17667 -1754.17667 -1754.17667 -1397.59667 -1397.59667 -1397.59667
          -1619.55667 -1619.55667 -1619.55667 -1233.272 -1233.272 -1233.272 -1295.68867 -1295.68867 -1295.68867
          -814.666667 -814.666667 -814.666667 -905.396 -905.396 -905.396 -847.656667 -847.656667 -847.656667
          -934.236 -934.236 -934.236 -75.1063333 -75.1063333 -75.1063333 -663.183 -663.183 -663.183
          -229.077667 -229.077667 -229.077667 -612.747667 -612.747667 -612.747667 453.716 453.716 453.716
          935.049333 935.049333 935.049333 1736.51033 1736.51033 1736.51033 2092.12367 2092.12367 2092.12367
          -1541.35333 -1541.35333 -1541.35333 -1369.59333 -1369.59333 -1369.59333 -2029.45 -2029.45 -2029.45
          -1983.30667 -1983.30667 -1983.30667 -1149.50633 -1149.50633 -1149.50633 -1002.10967 -1002.10967 -1002.10967
          -1101.82967 -1101.82967 -1101.82967 -1032.63967 -1032.63967 -1032.63967 -933.739667 -933.739667 -933.739667
          -855.519667 -855.519667 -855.519667 -1087.86633 -1087.86633 -1087.86633 -1087.87967 -1087.87967 -1087.87967
          -934.851 -934.851 -934.851 -1187.43833 -1187.43833 -1187.43833 -1487.1 -1487.1 -1487.1
          -1353.82667 -1353.82667 -1353.82667 -961.429 -961.429 -961.429 -979.421667 -979.421667 -979.421667
          -1279.16667 -1279.16667 -1279.16667 -1455.99667 -1455.99667 -1455.99667 -1257.15333 -1257.15333 -1257.15333
          -1155.025 -1155.025 -1155.025 -973.525667 -973.525667 -973.525667 -928.845 -928.845 -928.845
          -839.764333 -839.764333 -839.764333 -1282.07333 -1282.07333 -1282.07333 -1228.59 -1228.59 -1228.59
          -1666 -1666 -1666 -1482.21333 -1482.21333 -1482.21333 -1803.01333 -1803.01333 -1803.01333
          -1791.26 -1791.26 -1791.26 -1509.19333 -1509.19333 -1509.19333 -1549.32667 -1549.32667 -1549.32667
          -1927.62333 -1927.62333 -1927.62333 -1778.61 -1778.61 -1778.61 -1169.421 -1169.421 -1169.421
          -976.84 -976.84 -976.84 -499.788667 -499.788667 -499.788667 -1296.81433 -1296.81433 -1296.81433
          2021.50033 2021.50033 2021.50033 1577.27367 1577.27367 1577.27367 1049.805 1049.805 1049.805
          -49.865 -49.865 -49.865 -788.304 -788.304 -788.304 -848.985 -848.985 -848.985
          -885.258667 -885.258667 -885.258667 -843.817 -843.817 -843.817 -813.710333 -813.710333 -813.710333
          -833.729667 -833.729667 -833.729667 -984.809 -984.809 -984.809 -925.091333 -925.091333 -925.091333
          -1018.51933 -1018.51933 -1018.51933 -407.985667 -407.985667 -407.985667 -497.263667 -497.263667 -497.263667
          -1100.63 -1100.63 -1100.63 -974.796667 -974.796667 -974.796667 -936.305333 -936.305333 -936.305333
          -805.586 -805.586 -805.586 -828.206667 -828.206667 -828.206667 -813.737333 -813.737333 -813.737333
          -780.747333 -780.747333 -780.747333 -790.330667 -790.330667 -790.330667 -756.771 -756.771 -756.771
          -86.163 -86.163 -86.163 1232.40367 1232.40367 1232.40367 1661.46567 1661.46567 1661.46567
          -39.776 -39.776 -39.776 735.949333 735.949333 735.949333 -151.461667 -151.461667 -151.461667
          -556.881667 -556.881667 -556.881667 1537.41033 1537.41033 1537.41033 1167.105 1167.105 1167.105
        </DataArray>
        <DataArray type="Float32" Name="k" format="ascii">
          28.6114667 28.6114667 28.6114667 27.9227333 27.9227333 27.9227333 27.151 27.151 27.151
          27.4344 27.4344 27.4344 28.7980667 28.7980667 28.7980667 29.3681333 29.3681333 29.3681333
          33.4593333 33.4593333 33.4593333 33.4758333 33.4758333 33.4758333 33.9026 33.9026 33.9026
          38.4894667 38.4894667 38.4894667 38.252 38.252 38.252 38.9532 38.9532 38.9532
          38.7477667 38.7477667 38.7477667 38.7451667 38.7451667 38.7451667 38.3875667 38.3875667 38.3875667
          34.2277667 34.2277667 34.2277667 33.5106333 33.5106333 33.5106333 38.6712 38.6712 38.6712
          39.0887333 39.0887333 39.0887333 39.9787333 39.9787333 39.9787333 40.9928667 40.9928667 40.9928667
          40.7779667 40.7779667 40.7779667 39.8107333 39.8107333 39.8107333 40.2847667 40.2847667 40.2847667
          39.0582667 39.0582667 39.0582667 40.1088333 40.1088333 40.1088333 41.0110333 41.0110333 41.0110333
          41.3158333 41.3158333 41.3158333 40.353 40.353 40.353 40.6427667 40.6427667 40.6427667
          39.5118333 39.5118333 39.5118333 39.9601333 39.9601333 39.9601333 39.5155667 39.5155667 39.5155667
          39.889 39.889 39.889 40.3277667 40.3277667 40.3277667 38.3768 38.3768 38.3768
          38.0849 38.0849 38.0849 35.5712667 35.5712667 35.5712667 36.5503 36.5503 36.5503
          38.7201 38.7201 38.7201 38.2806333 38.2806333 38.2806333 36.1009 36.1009 36.1009
          36.7460333 36.7460333 36.7460333 41.3352333 41.3352333 41.3352333 41.6091333 41.6091333 41.6091333
          41.7348667 41.7348667 41.7348667 41.2962 41.2962 41.2962 40.5789 40.5789 40.5789
          40.8083667 40.8083667 40.8083667 26.5159667 26.5159667 26.5159667 26.6854333 26.6854333 26.6854333
          30.1459667 30.1459667 30.1459667 29.0072333 29.0072333 29.0072333 30.0100333 30.0100333 30.0100333
          28.7018333 28.7018333 28.7018333 42.4327333 42.4327333 42.4327333 42.3374667 42.3374667 42.3374667
          42.6476333 42.6476333 42.6476333 43.2076333 43.2076333 43.2076333 42.2168 42.2168 42.2168
          43.0660333 43.0660333 43.0660333 29.1098333 29.1098333 29.1098333 28.9451 28.9451 28.9451
          30.3341333 30.3341333 30.3341333 29.8758667 29.8758667 29.8758667 30.2799333 30.2799333 30.2799333
          29.6569333 29.6569333 29.6569333 28.0110667 28.0110667 28.0110667 28.3711667 28.3711667 28.3711667
          27.7963667 27.7963667 27.7963667 26.4709667 26.4709667 26.4709667 42.5074333 42.5074333 42.5074333
          42.3178 42.3178 42.3178 42.8122333 42.8122333 42.8122333 43.2778667 43.2778667 43.2778667
          42.3710667 42.3710667 42.3710667 43.1362667 43.1362667 43.1362667 30.8337333 30.8337333 30.8337333
          30.1341667 30.1341667 30.1341667 31.0147667 31.0147667 31.0147667 29.7451333 29.7451333 29.7451333
          26.0596667 26.0596667 26.0596667 25.7762667 25.7762667 25.7762667 41.2861333 41.2861333 41.2861333
          41.6288 41.6288 41.6288 41.3458667 41.3458667 41.3458667 40.9899667 40.9899667 40.9899667
          39.9841333 39.9841333 39.9841333 39.8107333 39.8107333 39.8107333 30.3792667 30.3792667 30.3792667
          29.6834 29.6834 29.6834 30.4785667 30.4785667 30.4785667 29.2079 29.2079 29.2079
          25.5827 25.5827 25.5827 25.6966333 25.6966333 25.6966333 35.0245 35.0245 35.0245
          35.6914333 35.6914333 35.6914333 34.3540667 34.3540667 34.3540667 35.1133 35.1133 35.1133
          35.2319667 35.2319667 35.2319667 34.1692333 34.1692333 34.1692333 33.6377 33.6377 33.6377
          33.9824667 33.9824667 33.9824667 32.9044667 32.9044667 32.9044667 32.2304333 32.2304333 32.2304333
          31.552 31.552 31.552 33.3904 33.3904 33.3904 33.3312333 33.3312333 33.3312333
          36.0104667 36.0104667 36.0104667 37.2455667 37.2455667 37.2455667 35.1918667 35.1918667 35.1918667
          35.4049 35.4049 35.4049 39.6207 39.6207 39.6207 40.6726 40.6726 40.6726
          36.2976 36.2976 36.2976 37.0822 37.0822 37.0822 35.2068667 35.2068667 35.2068667
          35.2427 35.2427 35.2427 33.6425 33.6425 33.6425 33.3168667 33.3168667 33.3168667
          33.9451333 33.9451333 33.9451333 34.0483 34.0483 34.0483 34.4241 34.4241 34.4241
          33.6935667 33.6935667 33.6935667 34.3095333 34.3095333 34.3095333 40.7823 40.7823 40.7823
          39.8779667 39.8779667 39.8779667 37.7953333 37.7953333 37.7953333 36.6516 36.6516 36.6516
          35.9947 35.9947 35.9947 35.8353 35.8353 35.8353 37.6265 37.6265 37.6265
          36.8476 36.8476 36.8476 33.7503 33.7503 33.7503 33.8352 33.8352 33.8352
          34.3774333 34.3774333 34.3774333 34.9512667 34.9512667 34.9512667 34.9705 34.9705 34.9705
          34.0206333 34.0206333 34.0206333 36.0225333 36.0225333 36.0225333 36.0816667 36.0816667 36.0816667
          35.2062333 35.2062333 35.2062333 34.6915333 34.6915333 34.6915333 37.3193 37.3193 37.3193
          36.6156333 36.6156333 36.6156333 35.7887667 35.7887667 35.7887667 35.9071333 35.9071333 35.9071333
          36.3828333 36.3828333 36.3828333 36.4005 36.4005 36.4005 37.8611 37.8611 37.8611
          36.6814667 36.6814667 36.6814667 37.2948333 37.2948333 37.2948333 38.3454333 38.3454333 38.3454333
          34.4443667 34.4443667 34.4443667 33.6579667 33.6579667 33.6579667 33.8626 33.8626 33.8626
          35.6841 35.6841 35.6841 35.1214 35.1214 35.1214 34.7935 34.7935 34.7935
          34.9756 34.9756 34.9756 34.2684 34.2684 34.2684 34.1214 34.1214 34.1214
          35.1164667 35.1164667 35.1164667 33.2926 33.2926 33.2926 33.3425667 33.3425667 33.3425667
          36.9809667 36.9809667 36.9809667 37.6077 37.6077 37.6077 36.4028333 36.4028333 36.4028333
          36.3177 36.3177 36.3177 36.4756333 36.4756333 36.4756333 36.5256333 36.5256333 36.5256333
          37.1706 37.1706 37.1706 38.3 38.3 38.3 38.4834667 38.4834667 38.4834667
          37.3699667 37.3699667 37.3699667 41.3723333 41.3723333 41.3723333 41.1844 41.1844 41.1844
          41.6934333 41.6934333 41.6934333 41.7719667 41.7719667 41.7719667 40.5694 40.5694 40.5694
          40.6788 40.6788 40.6788 40.6027333 40.6027333 40.6027333 40.6323333 40.6323333 40.6323333
          41.3070667 41.3070667 41.3070667 41.3966333 41.3966333 41.3966333 31.8761667 31.8761667 31.8761667
          32.5337 32.5337 32.5337 32.7120667 32.7120667 32.7120667 32.9719333 32.9719333 32.9719333
          41.6847333 41.6847333 41.6847333 41.7476 41.7476 41.7476 40.8168333 40.8168333 40.8168333
          40.0919333 40.0919333 40.0919333 38.4069 38.4069 38.4069 38.9817 38.9817 38.9817
          37.8884667 37.8884667 37.8884667 37.8152667 37.8152667 37.8152667 32.2302 32.2302 32.2302
          31.4935333 31.4935333 31.4935333 31.4393333 31.4393333 31.4393333 32.1637 32.1637 32.1637
          41.8784667 41.8784667 41.8784667 41.8573 41.8573 41.8573 40.4721 40.4721 40.4721
          41.1353667 41.1353667 41.1353667 39.45 39.45 39.45 38.8903667 38.8903667 38.8903667
          38.2986 38.2986 38.2986 38.3905667 38.3905667 38.3905667 32.2429333 32.2429333 32.2429333
          33.0294333 33.0294333 33.0294333 32.5572667 32.5572667 32.5572667 32.0619 32.0619 32.0619
          40.5558333 40.5558333 40.5558333 40.8221667 40.8221667 40.8221667 40.4275333 40.4275333 40.4275333
          39.55 39.55 39.55 38.7549 38.7549 38.7549 39.4957667 39.4957667 39.4957667
          40.2974333 40.2974333 40.2974333 38.1632667 38.1632667 38.1632667 38.6315 38.6315 38.6315
          39.1476 39.1476 39.1476 38.8133333 38.8133333 38.8133333 31.7325 31.7325 31.7325
          32.4532667 32.4532667 32.4532667 32.2352333 32.2352333 32.2352333 31.6332 31.6332 31.6332
          32.2847 32.2847 32.2847 40.8120667 40.8120667 40.8120667 41.4173333 41.4173333 41.4173333
          41.2866667 41.2866667 41.2866667 39.2495667 39.2495667 39.2495667 40.0993 40.0993 40.0993
          40.5065 40.5065 40.5065 39.6250333 39.6250333 39.6250333 39.1002667 39.1002667 39.1002667
          38.6578 38.6578 38.6578 38.9426 38.9426 38.9426 39.3397667 39.3397667 39.3397667
          52.3172333 52.3172333 52.3172333 50.6164 50.6164 50.6164 51.2794 51.2794 51.2794
          50.6151333 50.6151333 50.6151333 129.309667 129.309667 129.309667 115.976667 115.976667 115.976667
          79.8147 79.8147 79.8147 84.4815667 84.4815667 84.4815667 93.8168667 93.8168667 93.8168667
          81.6258667 81.6258667 81.6258667 110.003533 110.003533 110.003533 130.860667 130.860667 130.860667
          198.401333 198.401333 198.401333 176.279333 176.279333 176.279333 46.2244333 46.2244333 46.2244333
          45.8705667 45.8705667 45.8705667 50.1106 50.1106 50.1106 49.4429333 49.4429333 49.4429333
          49.4699 49.4699 49.4699 50.919 50.919 50.919 48.5871667 48.5871667 48.5871667
          48.1596 48.1596 48.1596 111.065767 111.065767 111.065767 119.3431 119.3431 119.3431
          73.2866333 73.2866333 73.2866333 70.9574 70.9574 70.9574 74.8479667 74.8479667 74.8479667
          88.9059667 88.9059667 88.9059667 107.538867 107.538867 107.538867 87.5327667 87.5327667 87.5327667
          45.7771 45.7771 45.7771 43.7852 43.7852 43.7852 50.9565667 50.9565667 50.9565667
          49.0816 49.0816 49.0816 152.555 152.555 152.555 147.405 147.405 147.405
          156.741 156.741 156.741 153.289667 153.289667 153.289667 148.956 148.956 148.956
          154.978667 154.978667 154.978667 161.011 161.011 161.011 163.589667 163.589667 163.589667
          50.4330333 50.4330333 50.4330333 48.9057 48.9057 48.9057 50.2793 50.2793 50.2793
          49.4164 49.4164 49.4164 49.4827333 49.4827333 49.4827333 50.1608 50.1608 50.1608
          50.6122 50.6122 50.6122 50.674 50.674 50.674 48.5039333 48.5039333 48.5039333
          48.6269667 48.6269667 48.6269667 176.039667 176.039667 176.039667 209.475333 209.475333 209.475333
          219.628 219.628 219.628 195.512 195.512 195.512 179.532 179.532 179.532
          218.754667 218.754667 218.754667 187.253333 187.253333 187.253333 118.534233 118.534233 118.534233
          154.105567 154.105567 154.105567 71.5393 71.5393 71.5393 70.8932 70.8932 70.8932
          110.580433 110.580433 110.580433 134.156 134.156 134.156 121.685 121.685 121.685
          103.678 103.678 103.678 71.4661 71.4661 71.4661 71.5393 71.5393 71.5393
          62.4449333 62.4449333 62.4449333 56.4872667 56.4872667 56.4872667 57.2956667 57.2956667 57.2956667
          61.7592 61.7592 61.7592 59.692 59.692 59.692 61.2345667 61.2345667 61.2345667
          66.1128667 66.1128667 66.1128667 56.2944 56.2944 56.2944 53.315 53.315 53.315
          65.7599 65.7599 65.7599 141.077 141.077 141.077 153.605667 153.605667 153.605667
          165.322333 165.322333 165.322333 139.314667 139.314667 139.314667 113.188467 113.188467 113.188467
          88.3718 88.3718 88.3718 82.2209 82.2209 82.2209 81.2713667 81.2713667 81.2713667
          119.200133 119.200133 119.200133 106.8022 106.8022 106.8022 74.8388667 74.8388667 74.8388667
          93.6019 93.6019 93.6019 85.1618 85.1618 85.1618 151.1832 151.1832 151.1832
          148.1472 148.1472 148.1472 90.6117333 90.6117333 90.6117333 62.4574 62.4574 62.4574
          116.186233 116.186233 116.186233 134.018833 134.018833 134.018833 139.136667 139.136667 139.136667
          149.342333 149.342333 149.342333 146.88 146.88 146.88 131.160667 131.160667 131.160667
          123.282433 123.282433 123.282433 127.332433 127.332433 127.332433 160.377 160.377 160.377
          161.840667 161.840667 161.840667 45.6521667 45.6521667 45.6521667 45.7441333 45.7441333 45.7441333
          57.7878 57.7878 57.7878 51.0529 51.0529 51.0529 49.2515 49.2515 49.2515
          48.6666 48.6666 48.6666 47.4594333 47.4594333 47.4594333 47.3119 47.3119 47.3119
          65.0280333 65.0280333 65.0280333 55.4417 55.4417 55.4417 55.8808 55.8808 55.8808
          60.8002667 60.8002667 60.8002667 62.6114333 62.6114333 62.6114333 57.8661 57.8661 57.8661
          44.1036667 44.1036667 44.1036667 45.6961667 45.6961667 45.6961667 47.6618667 47.6618667 47.6618667
          48.3024 48.3024 48.3024 48.3591333 48.3591333 48.3591333 46.2431 46.2431 46.2431
          47.6313333 47.6313333 47.6313333 47.5143333 47.5143333 47.5143333 52.848 52.848 52.848
          58.9186333 58.9186333 58.9186333 56.3303333 56.3303333 56.3303333 52.5889333 52.5889333 52.5889333
          57.3425667 57.3425667 57.3425667 60.2209 60.2209 60.2209 145.900567 145.900567 145.900567
          169.184333 169.184333 169.184333 184.145 184.145 184.145 211.604 211.604 211.604
          213.414 213.414 213.414 219.474333 219.474333 219.474333 48.9349333 48.9349333 48.9349333
          49.2249333 49.2249333 49.2249333 47.9994333 47.9994333 47.9994333 47.7484667 47.7484667 47.7484667
          48.7458333 48.7458333 48.7458333 48.2852667 48.2852667 48.2852667 120.198333 120.198333 120.198333
          89.1644333 89.1644333 89.1644333 47.6009333 47.6009333 47.6009333 48.0224667 48.0224667 48.0224667
          205.938667 205.938667 205.938667 204.848333 204.848333 204.848333 83.1358 83.1358 83.1358
          104.310467 104.310467 104.310467 86.7170333 86.7170333 86.7170333 65.4805667 65.4805667 65.4805667
          134.156 134.156 134.156 168.989667 168.989667 168.989667 161.514333 161.514333 161.514333
          121.685 121.685 121.685 102.513067 102.513067 102.513067 86.5085333 86.5085333 86.5085333
          77.1361667 77.1361667 77.1361667 94.6348333 94.6348333 94.6348333 76.6115333 76.6115333 76.6115333
          75.0689667 75.0689667 75.0689667 56.2944 56.2944 56.2944 54.4215667 54.4215667 54.4215667
          95.952 95.952 95.952 95.1984 95.1984 95.1984 48.9731 48.9731 48.9731
          48.7284 48.7284 48.7284 60.5658667 60.5658667 60.5658667 49.0298333 49.0298333 49.0298333
          59.7904 59.7904 59.7904 65.9413 65.9413 65.9413 53.2110333 53.2110333 53.2110333
          58.8408667 58.8408667 58.8408667 69.8261 69.8261 69.8261 74.8388667 74.8388667 74.8388667
          55.1509333 55.1509333 55.1509333 61.0982 61.0982 61.0982 48.4314667 48.4314667 48.4314667
          48.2866 48.2866 48.2866 92.3407667 92.3407667 92.3407667 64.2039667 64.2039667 64.2039667
          48.5724333 48.5724333 48.5724333 48.8941 48.8941 48.8941 64.1690667 64.1690667 64.1690667
          95.3418667 95.3418667 95.3418667 53.0733667 53.0733667 53.0733667 52.9141 52.9141 52.9141
          76.9410333 76.9410333 76.9410333 66.6193 66.6193 66.6193 43.7911667 43.7911667 43.7911667
          45.1368333 45.1368333 45.1368333 46.0903667 46.0903667 46.0903667 41.7025 41.7025 41.7025
          42.048 42.048 42.048 42.2158667 42.2158667 42.2158667 42.6716 42.6716 42.6716
          42.2832 42.2832 42.2832 42.5754 42.5754 42.5754 42.7159 42.7159 42.7159
          42.3442667 42.3442667 42.3442667 42.8215 42.8215 42.8215 42.4452 42.4452 42.4452
          45.0208333 45.0208333 45.0208333 43.8951 43.8951 43.8951 43.7702667 43.7702667 43.7702667
          44.4343 44.4343 44.4343 40.8919333 40.8919333 40.8919333 40.4497 40.4497 40.4497
          42.377 42.377 42.377 41.8145667 41.8145667 41.8145667 45.4137 45.4137 45.4137
          46.3207 46.3207 46.3207 43.6124667 43.6124667 43.6124667 42.1977 42.1977 42.1977
          38.4342333 38.4342333 38.4342333 38.8111 38.8111 38.8111 39.5853667 39.5853667 39.5853667
          39.8255 39.8255 39.8255 39.8414 39.8414 39.8414 40.4859667 40.4859667 40.4859667
          41.6067333 41.6067333 41.6067333 38.2618333 38.2618333 38.2618333 38.3231 38.3231 38.3231
          41.6377667 41.6377667 41.6377667 40.0447333 40.0447333 40.0447333 39.8550333 39.8550333 39.8550333
          40.8418 40.8418 40.8418 43.6687 43.6687 43.6687 44.0854 44.0854 44.0854
          43.366 43.366 43.366 41.4831667 41.4831667 41.4831667 41.0651333 41.0651333 41.0651333
          39.5581 39.5581 39.5581 38.4443667 38.4443667 38.4443667 43.4818 43.4818 43.4818
          45.2633667 45.2633667 45.2633667 39.6677 39.6677 39.6677 38.5580667 38.5580667 38.5580667
          43.6104333 43.6104333 43.6104333 43.1727333 43.1727333 43.1727333 43.2566333 43.2566333 43.2566333
          43.2112333 43.2112333 43.2112333 43.0668667 43.0668667 43.0668667 42.7095333 42.7095333 42.7095333
          42.3868 42.3868 42.3868 41.5539 41.5539 41.5539 40.7425 40.7425 40.7425
          42.4211 42.4211 42.4211 42.6234667 42.6234667 42.6234667 45.1984333 45.1984333 45.1984333
          44.2587667 44.2587667 44.2587667 46.6516333 46.6516333 46.6516333 46.2681667 46.2681667 46.2681667
          44.0538333 44.0538333 44.0538333 42.3064667 42.3064667 42.3064667 45.1624667 45.1624667 45.1624667
          45.5676 45.5676 45.5676 42.9479667 42.9479667 42.9479667 42.1885667 42.1885667 42.1885667
          40.4153333 40.4153333 40.4153333 40.0307667 40.0307667 40.0307667 40.0532 40.0532 40.0532
          42.7947667 42.7947667 42.7947667 43.1953667 43.1953667 43.1953667 42.2006333 42.2006333 42.2006333
          42.9426667 42.9426667 42.9426667 41.6674 41.6674 41.6674 42.0088333 42.0088333 42.0088333
          39.9452333 39.9452333 39.9452333 39.9254 39.9254 39.9254 40.2353 40.2353 40.2353
          40.4519667 40.4519667 40.4519667 43.1505333 43.1505333 43.1505333 43.2345 43.2345 43.2345
          42.189 42.189 42.189 42.7478 42.7478 42.7478 42.9545333 42.9545333 42.9545333
          43.0960333 43.0960333 43.0960333 41.8169667 41.8169667 41.8169667 42.0664 42.0664 42.0664
          40.9882667 40.9882667 40.9882667 41.0700333 41.0700333 41.0700333 41.5239333 41.5239333 41.5239333
          42.2463 42.2463 42.2463 42.9997 42.9997 42.9997 42.1839333 42.1839333 42.1839333
          41.5022333 41.5022333 41.5022333 41.0169333 41.0169333 41.0169333 42.0591 42.0591 42.0591
          46.8453333 46.8453333 46.8453333 47.1762667 47.1762667 47.1762667 47.0056333 47.0056333 47.0056333
          44.2556667 44.2556667 44.2556667 45.2618667 45.2618667 45.2618667 43.7428333 43.7428333 43.7428333
          43.3062667 43.3062667 43.3062667 46.0505 46.0505 46.0505 44.5013667 44.5013667 44.5013667
          44.7810333 44.7810333 44.7810333 44.2999667 44.2999667 44.2999667 43.3673333 43.3673333 43.3673333
          44.2200333 44.2200333 44.2200333 46.4336667 46.4336667 46.4336667 46.2405333 46.2405333 46.2405333
          38.0909667 38.0909667 38.0909667 38.5550667 38.5550667 38.5550667 37.9575667 37.9575667 37.9575667
          37.9486667 37.9486667 37.9486667 38.3326 38.3326 38.3326 39.3282667 39.3282667 39.3282667
          40.6841667 40.6841667 40.6841667 40.3927333 40.3927333 40.3927333 37.9088333 37.9088333 37.9088333
          37.8305 37.8305 37.8305 39.5947333 39.5947333 39.5947333 39.0693333 39.0693333 39.0693333
          39.1461667 39.1461667 39.1461667 39.7900667 39.7900667 39.7900667 41.3349 41.3349 41.3349
          40.8989333 40.8989333 40.8989333 41.4172333 41.4172333 41.4172333 38.6148667 38.6148667 38.6148667
          39.2361 39.2361 39.2361 38.7815333 38.7815333 38.7815333 39.6392667 39.6392667 39.6392667
          38.8339 38.8339 38.8339 38.0157333 38.0157333 38.0157333 37.8773 37.8773 37.8773
          38.0929333 38.0929333 38.0929333 39.2181 39.2181 39.2181 38.7094667 38.7094667 38.7094667
          37.9716667 37.9716667 37.9716667 38.0655667 38.0655667 38.0655667 41.314 41.314 41.314
          41.4193667 41.4193667 41.4193667 41.8472333 41.8472333 41.8472333 42.3858 42.3858 42.3858
          40.5052 40.5052 40.5052 41.0473333 41.0473333 41.0473333 41.7706 41.7706 41.7706
          40.7952667 40.7952667 40.7952667 38.192 38.192 38.192 38.1923667 38.1923667 38.1923667
          37.8059667 37.8059667 37.8059667 38.0253333 38.0253333 38.0253333 37.8872667 37.8872667 37.8872667
          37.6675333 37.6675333 37.6675333 43.7146 43.7146 43.7146 44.0569333 44.0569333 44.0569333
          44.3112333 44.3112333 44.3112333 43.6729333 43.6729333 43.6729333 43.4016 43.4016 43.4016
          40.7115333 40.7115333 40.7115333 41.6033333 41.6033333 41.6033333 42.9666333 42.9666333 42.9666333
          43.2382333 43.2382333 43.2382333 44.7537333 44.7537333 44.7537333 43.6698 43.6698 43.6698
          42.9159 42.9159 42.9159 42.9828 42.9828 42.9828 43.0072 43.0072 43.0072
          42.6701667 42.6701667 42.6701667 41.8941667 41.8941667 41.8941667 41.5224667 41.5224667 41.5224667
          45.9003333 45.9003333 45.9003333 46.8726 46.8726 46.8726 41.8046333 41.8046333 41.8046333
          40.8551 40.8551 40.8551 39.7578667 39.7578667 39.7578667 39.8677667 39.8677667 39.8677667
          40.6634667 40.6634667 40.6634667 40.5603 40.5603 40.5603 41.6004333 41.6004333 41.6004333
          40.7624333 40.7624333 40.7624333 40.9877 40.9877 40.9877 38.8373333 38.8373333 38.8373333
          38.0593 38.0593 38.0593 37.6510667 37.6510667 37.6510667 37.6193667 37.6193667 37.6193667
          39.9472333 39.9472333 39.9472333 38.8210333 38.8210333 38.8210333 39.2292667 39.2292667 39.2292667
          40.0005667 40.0005667 40.0005667 44.7467333 44.7467333 44.7467333 44.3758 44.3758 44.3758
          46.9317 46.9317 46.9317 45.9241667 45.9241667 45.9241667 44.3577333 44.3577333 44.3577333
          44.3455333 44.3455333 44.3455333 43.5765 43.5765 43.5765 42.7956 42.7956 42.7956
          42.7337667 42.7337667 42.7337667 42.2170333 42.2170333 42.2170333 41.0147333 41.0147333 41.0147333
          39.9645333 39.9645333 39.9645333 41.6730667 41.6730667 41.6730667 42.2677 42.2677 42.2677
          43.4580667 43.4580667 43.4580667 41.5001333 41.5001333 41.5001333 39.6888333 39.6888333 39.6888333
          38.7133333 38.7133333 38.7133333 38.7988 38.7988 38.7988 43.6681667 43.6681667 43.6681667
          44.4221 44.4221 44.4221 44.1261667 44.1261667 44.1261667 43.6243333 43.6243333 43.6243333
          45.3474333 45.3474333 45.3474333 45.5995333 45.5995333 45.5995333 44.3368 44.3368 44.3368
          44.6187333 44.6187333 44.6187333 43.1145 43.1145 43.1145 42.3187333 42.3187333 42.3187333
          42.8643667 42.8643667 42.8643667 42.9126 42.9126 42.9126 43.1839333 43.1839333 43.1839333
          43.4799 43.4799 43.4799 43.7483 43.7483 43.7483 43.8075667 43.8075667 43.8075667
          43.2694667 43.2694667 43.2694667 43.8286 43.8286 43.8286 43.9632333 43.9632333 43.9632333
          43.8075667 43.8075667 43.8075667 39.1308667 39.1308667 39.1308667 39.2452333 39.2452333 39.2452333
          42.354 42.354 42.354 42.7519 42.7519 42.7519 42.2247 42.2247 42.2247
          42.7080667 42.7080667 42.7080667 41.6899667 41.6899667 41.6899667 41.7754333 41.7754333 41.7754333
          39.9241667 39.9241667 39.9241667 39.5174 39.5174 39.5174 40.5194 40.5194 40.5194
          40.8878 40.8878 40.8878 42.3708667 42.3708667 42.3708667 42.2028333 42.2028333 42.2028333
          42.9788333 42.9788333 42.9788333 43.8919667 43.8919667 43.8919667 42.7837 42.7837 42.7837
          42.7759667 42.7759667 42.7759667 41.4823333 41.4823333 41.4823333 42.0298 42.0298 42.0298
          46.9877333 46.9877333 46.9877333 47.0468333 47.0468333 47.0468333 46.4194 46.4194 46.4194
          44.8855 44.8855 44.8855 45.4180333 45.4180333 45.4180333 44.1177667 44.1177667 44.1177667
          43.6084667 43.6084667 43.6084667 43.8726333 43.8726333 43.8726333 44.6719333 44.6719333 44.6719333
          44.4700333 44.4700333 44.4700333 45.4133 45.4133 45.4133 45.0201333 45.0201333 45.0201333
          44.4687333 44.4687333 44.4687333 45.0768333 45.0768333 45.0768333 45.696 45.696 45.696
          45.5680333 45.5680333 45.5680333 42.0375667 42.0375667 42.0375667 43.2243333 43.2243333 43.2243333
          43.8004333 43.8004333 43.8004333 43.4593333 43.4593333 43.4593333 43.8244667 43.8244667 43.8244667
          44.2876333 44.2876333 44.2876333 41.9033667 41.9033667 41.9033667 42.7540333 42.7540333 42.7540333
          41.4334333 41.4334333 41.4334333 41.8604 41.8604 41.8604 39.6656333 39.6656333 39.6656333
          39.7688 39.7688 39.7688 40.6124 40.6124 40.6124 40.9475667 40.9475667 40.9475667
          40.653 40.653 40.653 40.873 40.873 40.873 45.9024333 45.9024333 45.9024333
          45.2702333 45.2702333 45.2702333 44.0489667 44.0489667 44.0489667 43.3794333 43.3794333 43.3794333
          45.4940333 45.4940333 45.4940333 44.5758667 44.5758667 44.5758667 43.3535667 43.3535667 43.3535667
          42.97 42.97 42.97 38.641 38.641 38.641 38.7981 38.7981 38.7981
          38.9085333 38.9085333 38.9085333 38.2752667 38.2752667 38.2752667 38.1011333 38.1011333 38.1011333
          39.3810667 39.3810667 39.3810667 39.3863667 39.3863667 39.3863667 40.3186333 40.3186333 40.3186333
          37.7590667 37.7590667 37.7590667 38.8061 38.8061 38.8061 38.413 38.413 38.413
          37.8638333 37.8638333 37.8638333 37.1878333 37.1878333 37.1878333 37.0137 37.0137 37.0137
          37.3181333 37.3181333 37.3181333 41.4467667 41.4467667 41.4467667 41.1983 41.1983 41.1983
          41.9815 41.9815 41.9815 42.2971667 42.2971667 42.2971667 40.5119 40.5119 40.5119
          40.7283667 40.7283667 40.7283667 41.8877333 41.8877333 41.8877333 41.1071333 41.1071333 41.1071333
          43.1795667 43.1795667 43.1795667 43.2910333 43.2910333 43.2910333 43.6587333 43.6587333 43.6587333
          44.2151333 44.2151333 44.2151333 43.2422 43.2422 43.2422 41.6954 41.6954 41.6954
          42.8289667 42.8289667 42.8289667 42.6207667 42.6207667 42.6207667 42.8131333 42.8131333 42.8131333
          42.4913 42.4913 42.4913 43.1369667 43.1369667 43.1369667 43.7232 43.7232 43.7232
          42.2901333 42.2901333 42.2901333 42.4136333 42.4136333 42.4136333 43.8238 43.8238 43.8238
          43.4359 43.4359 43.4359 43.1453333 43.1453333 43.1453333 43.3428 43.3428 43.3428
          45.3240667 45.3240667 45.3240667 43.5686667 43.5686667 43.5686667 43.9019 43.9019 43.9019
          43.5087667 43.5087667 43.5087667 43.6206667 43.6206667 43.6206667 42.3505667 42.3505667 42.3505667
          43.0965333 43.0965333 43.0965333 43.2484333 43.2484333 43.2484333 42.8681333 42.8681333 42.8681333
          41.8847 41.8847 41.8847 41.1310667 41.1310667 41.1310667 43.3853 43.3853 43.3853
          43.3212667 43.3212667 43.3212667 43.6968667 43.6968667 43.6968667 44.2416333 44.2416333 44.2416333
          43.9440333 43.9440333 43.9440333 44.1328333 44.1328333 44.1328333 45.9771333 45.9771333 45.9771333
          45.3076 45.3076 45.3076 44.7283667 44.7283667 44.7283667 45.5400667 45.5400667 45.5400667
          45.4566333 45.4566333 45.4566333 45.3144667 45.3144667 45.3144667 38.0824 38.0824 38.0824
          37.8338333 37.8338333 37.8338333 39.8806 39.8806 39.8806 38.9166667 38.9166667 38.9166667
          37.2570667 37.2570667 37.2570667 37.1956333 37.1956333 37.1956333 37.4767667 37.4767667 37.4767667
          37.5549 37.5549 37.5549 37.6718 37.6718 37.6718 37.7951333 37.7951333 37.7951333
          42.3474 42.3474 42.3474 41.6227333 41.6227333 41.6227333 43.0799 43.0799 43.0799
          39.7794 39.7794 39.7794 41.2362667 41.2362667 41.2362667 44.2151333 44.2151333 44.2151333
          44.0865 44.0865 44.0865 45.1751667 45.1751667 45.1751667 42.3539 42.3539 42.3539
          42.3498 42.3498 42.3498 43.1863667 43.1863667 43.1863667 42.7192 42.7192 42.7192
          42.8807 42.8807 42.8807 42.5254333 42.5254333 42.5254333 41.5803 41.5803 41.5803
          40.5784333 40.5784333 40.5784333 42.6388667 42.6388667 42.6388667 42.9986667 42.9986667 42.9986667
          42.9169333 42.9169333 42.9169333 42.9872667 42.9872667 42.9872667 41.04 41.04 41.04
          39.6878 39.6878 39.6878 40.1089333 40.1089333 40.1089333 41.2890667 41.2890667 41.2890667
          39.8745667 39.8745667 39.8745667 39.7218667 39.7218667 39.7218667 40.3583333 40.3583333 40.3583333
          40.4444667 40.4444667 40.4444667 39.9783 39.9783 39.9783 39.9067 39.9067 39.9067
          41.4203 41.4203 41.4203 41.2404333 41.2404333 41.2404333 42.2723333 42.2723333 42.2723333
          42.943 42.943 42.943 43.7014333 43.7014333 43.7014333 43.9643 43.9643 43.9643
          41.7947667 41.7947667 41.7947667 42.1945333 42.1945333 42.1945333 43.7652 43.7652 43.7652
          43.2314333 43.2314333 43.2314333 43.7860667 43.7860667 43.7860667 44.1096 44.1096 44.1096
          45.4558333 45.4558333 45.4558333 42.7104333 42.7104333 42.7104333 43.4766 43.4766 43.4766
          43.4329667 43.4329667 43.4329667 43.0274667 43.0274667 43.0274667 43.0192667 43.0192667 43.0192667
          42.5195 42.5195 42.5195 42.1908667 42.1908667 42.1908667 42.4931667 42.4931667 42.4931667
          42.3761667 42.3761667 42.3761667 42.5092667 42.5092667 42.5092667 42.3041333 42.3041333 42.3041333
          42.0475333 42.0475333 42.0475333 42.4087333 42.4087333 42.4087333 42.5509 42.5509 42.5509
          44.9041333 44.9041333 44.9041333 45.0679333 45.0679333 45.0679333 37.2485667 37.2485667 37.2485667
          37.8082667 37.8082667 37.8082667 37.608 37.608 37.608 38.8345 38.8345 38.8345
          38.9056667 38.9056667 38.9056667 37.1318333 37.1318333 37.1318333 37.0006667 37.0006667 37.0006667
          37.1497333 37.1497333 37.1497333 37.5909 37.5909 37.5909 38.4251667 38.4251667 38.4251667
          40.0005667 40.0005667 40.0005667 39.0364667 39.0364667 39.0364667 38.1365 38.1365 38.1365
          37.9964667 37.9964667 37.9964667 38.4548667 38.4548667 38.4548667 38.7019333 38.7019333 38.7019333
          37.8053667 37.8053667 37.8053667 38.0603333 38.0603333 38.0603333 38.7946333 38.7946333 38.7946333
          39.7121 39.7121 39.7121 38.4906333 38.4906333 38.4906333 39.0501333 39.0501333 39.0501333
          38.4954667 38.4954667 38.4954667 39.2938 39.2938 39.2938 42.3101333 42.3101333 42.3101333
          42.9461 42.9461 42.9461 41.6372 41.6372 41.6372 41.5341 41.5341 41.5341
          42.2793667 42.2793667 42.2793667 41.0909 41.0909 41.0909 40.6071333 40.6071333 40.6071333
          41.0565333 41.0565333 41.0565333 38.0388667 38.0388667 38.0388667 38.8809667 38.8809667 38.8809667
          37.6341667 37.6341667 37.6341667 37.7419667 37.7419667 37.7419667 37.7215 37.7215 37.7215
          37.9325 37.9325 37.9325 37.9373333 37.9373333 37.9373333 37.7580333 37.7580333 37.7580333
          37.3485 37.3485 37.3485 37.3168 37.3168 37.3168 43.7402667 43.7402667 43.7402667
          43.6612 43.6612 43.6612 43.4215333 43.4215333 43.4215333 43.8290667 43.8290667 43.8290667
          43.3447667 43.3447667 43.3447667 43.2228667 43.2228667 43.2228667 44.0169 44.0169 44.0169
          43.8103333 43.8103333 43.8103333 45.0633333 45.0633333 45.0633333 45.4830667 45.4830667 45.4830667
          45.3242667 45.3242667 45.3242667 44.3684333 44.3684333 44.3684333 44.0236667 44.0236667 44.0236667
          43.9403 43.9403 43.9403 43.9305 43.9305 43.9305 44.0674 44.0674 44.0674
          44.0205 44.0205 44.0205 43.5212 43.5212 43.5212 43.3077667 43.3077667 43.3077667
          43.6868333 43.6868333 43.6868333 43.3311667 43.3311667 43.3311667 42.7368667 42.7368667 42.7368667
          44.0005667 44.0005667 44.0005667 44.0172333 44.0172333 44.0172333 44.1359 44.1359 44.1359
          43.7999 43.7999 43.7999 42.9507 42.9507 42.9507 42.4581333 42.4581333 42.4581333
          37.8305 37.8305 37.8305 38.0608 38.0608 38.0608 38.7428 38.7428 38.7428
          38.1233333 38.1233333 38.1233333 41.4836667 41.4836667 41.4836667 40.8532 40.8532 40.8532
          40.2381667 40.2381667 40.2381667 41.5376667 41.5376667 41.5376667 42.1591 42.1591 42.1591
          42.1154333 42.1154333 42.1154333 41.6681333 41.6681333 41.6681333 42.3011667 42.3011667 42.3011667
          40.0696333 40.0696333 40.0696333 39.8479 39.8479 39.8479 39.3681 39.3681 39.3681
          40.5363 40.5363 40.5363 40.0237667 40.0237667 40.0237667 41.2641 41.2641 41.2641
          42.2692 42.2692 42.2692 42.4321333 42.4321333 42.4321333 41.4319667 41.4319667 41.4319667
          43.2764333 43.2764333 43.2764333 43.6363 43.6363 43.6363 44.0897 44.0897 44.0897
          43.5434 43.5434 43.5434 45.3840333 45.3840333 45.3840333 45.1976 45.1976 45.1976
          42.9182333 42.9182333 42.9182333 42.9566 42.9566 42.9566 41.8175333 41.8175333 41.8175333
          41.0770667 41.0770667 41.0770667 42.9997333 42.9997333 42.9997333 42.6081 42.6081 42.6081
          42.6601667 42.6601667 42.6601667 42.3364 42.3364 42.3364 43.0486667 43.0486667 43.0486667
          43.3707667 43.3707667 43.3707667 43.8423333 43.8423333 43.8423333 42.6627 42.6627 42.6627
          42.199 42.199 42.199 41.4379 41.4379 41.4379 40.4788333 40.4788333 40.4788333
          42.0845667 42.0845667 42.0845667 42.4401 42.4401 42.4401 42.3453333 42.3453333 42.3453333
          42.7070667 42.7070667 42.7070667 41.9409667 41.9409667 41.9409667 41.9471667 41.9471667 41.9471667
          40.0411667 40.0411667 40.0411667 39.8119667 39.8119667 39.8119667 40.2903333 40.2903333 40.2903333
          40.3158667 40.3158667 40.3158667 40.9688667 40.9688667 40.9688667 41.6204333 41.6204333 41.6204333
          40.5292 40.5292 40.5292 40.4019333 40.4019333 40.4019333 40.1642 40.1642 40.1642
          39.2153 39.2153 39.2153 38.6358667 38.6358667 38.6358667 38.7935333 38.7935333 38.7935333
          39.9073333 39.9073333 39.9073333 39.8564333 39.8564333 39.8564333 41.3202667 41.3202667 41.3202667
          41.1639 41.1639 41.1639 43.8333333 43.8333333 43.8333333 43.0362667 43.0362667 43.0362667
          45.1276667 45.1276667 45.1276667 45.7645667 45.7645667 45.7645667 42.5436 42.5436 42.5436
          42.4493333 42.4493333 42.4493333 44.984 44.984 44.984 43.6443 43.6443 43.6443
          44.4236667 44.4236667 44.4236667 45.4731 45.4731 45.4731 43.1377 43.1377 43.1377
          43.2017333 43.2017333 43.2017333 45.0594667 45.0594667 45.0594667 44.3899667 44.3899667 44.3899667
          43.4077 43.4077 43.4077 43.6574667 43.6574667 43.6574667 46.7128667 46.7128667 46.7128667
          46.3870333 46.3870333 46.3870333 45.9630333 45.9630333 45.9630333 44.0631667 44.0631667 44.0631667
          44.1072333 44.1072333 44.1072333 43.0030667 43.0030667 43.0030667 43.0809 43.0809 43.0809
          43.9800333 43.9800333 43.9800333 44.1024 44.1024 44.1024 43.3169667 43.3169667 43.3169667
          43.6352667 43.6352667 43.6352667 45.4372333 45.4372333 45.4372333 46.1404333 46.1404333 46.1404333
          42.2284333 42.2284333 42.2284333 43.0434333 43.0434333 43.0434333 43.5394667 43.5394667 43.5394667
          43.3514333 43.3514333 43.3514333 42.1979 42.1979 42.1979 42.4555333 42.4555333 42.4555333
          39.0799 39.0799 39.0799 39.9816 39.9816 39.9816 38.0733333 38.0733333 38.0733333
          38.7637667 38.7637667 38.7637667 39.6608 39.6608 39.6608 42.1165333 42.1165333 42.1165333
          42.7974 42.7974 42.7974 43.6549333 43.6549333 43.6549333 43.9838667 43.9838667 43.9838667
          41.6848 41.6848 41.6848 42.0648667 42.0648667 42.0648667 38.8002 38.8002 38.8002
          39.1895667 39.1895667 39.1895667 38.9966333 38.9966333 38.9966333 39.6407333 39.6407333 39.6407333
          42.0831333 42.0831333 42.0831333 42.1941 42.1941 42.1941 41.6787667 41.6787667 41.6787667
          41.4678 41.4678 41.4678 41.6071667 41.6071667 41.6071667 40.9354333 40.9354333 40.9354333
          40.6862667 40.6862667 40.6862667 41.0360667 41.0360667 41.0360667 38.8539333 38.8539333 38.8539333
          38.1502667 38.1502667 38.1502667 37.7672667 37.7672667 37.7672667 37.7805 37.7805 37.7805
          38.4205 38.4205 38.4205 38.2429667 38.2429667 38.2429667 37.9606667 37.9606667 37.9606667
          38.2240667 38.2240667 38.2240667 37.6635333 37.6635333 37.6635333 37.5776667 37.5776667 37.5776667
        </DataArray>
        <DataArray type="Float32" Name="p" format="ascii">
          2450.90667 2450.90667 2450.90667 2963.54 2963.54 2963.54 3312.04667 3312.04667 3312.04667
          3005.54333 3005.54333 3005.54333 2050.426 2050.426 2050.426 1655.846 1655.846 1655.846
          -495.106667 -495.106667 -495.106667 -502.295 -502.295 -502.295 -749.622 -749.622 -749.622
          -650.025 -650.025 -650.025 -588.287333 -588.287333 -588.287333 -648.264667 -648.264667 -648.264667
          -577.218667 -577.218667 -577.218667 -576.869333 -576.869333 -576.869333 -616.075333 -616.075333 -616.075333
          -554.76573 -554.76573 -554.76573 -403.67673 -403.67673 -403.67673 -622.425667 -622.425667 -622.425667
          -565.839 -565.839 -565.839 -1369.89333 -1369.89333 -1369.89333 -1384.13333 -1384.13333 -1384.13333
          -1156.73333 -1156.73333 -1156.73333 -1720.90667 -1720.90667 -1720.90667 -575.865667 -575.865667 -575.865667
          -545.484 -545.484 -545.484 -1793.764 -1793.764 -1793.764 -1237.40067 -1237.40067 -1237.40067
          -1418.57667 -1418.57667 -1418.57667 -1373.92667 -1373.92667 -1373.92667 -574.111 -574.111 -574.111
          -534.31 -534.31 -534.31 -528.493667 -528.493667 -528.493667 -529.838333 -529.838333 -529.838333
          -499.870333 -499.870333 -499.870333 -484.630333 -484.630333 -484.630333 -808.323667 -808.323667 -808.323667
          -920.936333 -920.936333 -920.936333 -766.706333 -766.706333 -766.706333 -916.657 -916.657 -916.657
          -823.566333 -823.566333 -823.566333 -932.623 -932.623 -932.623 -781.078333 -781.078333 -781.078333
          -928.343667 -928.343667 -928.343667 -869.178 -869.178 -869.178 -436.486333 -436.486333 -436.486333
          -1192.136 -1192.136 -1192.136 -1849.214 -1849.214 -1849.214 -2007.92667 -2007.92667 -2007.92667
          -1421.94333 -1421.94333 -1421.94333 2934.99 2934.99 2934.99 2876.77667 2876.77667 2876.77667
          792.807 792.807 792.807 1556.68 1556.68 1556.68 816.631667 816.631667 816.631667
          1638.718 1638.718 1638.718 -865.708 -865.708 -865.708 -362.451667 -362.451667 -362.451667
          -1093.108 -1093.108 -1093.108 -1168.468 -1168.468 -1168.468 -961.516667 -961.516667 -961.516667
          -1222.022 -1222.022 -1222.022 1714.65 1714.65 1714.65 1903.1 1903.1 1903.1
          435.398933 435.398933 435.398933 830.124933 830.124933 830.124933 523.616333 523.616333 523.616333
          1106.79233 1106.79233 1106.79233 2711.13667 2711.13667 2711.13667 2227.27333 2227.27333 2227.27333
          2491.61667 2491.61667 2491.61667 3385.58 3385.58 3385.58 -949.538667 -949.538667 -949.538667
          -416.132333 -416.132333 -416.132333 -1130.71467 -1130.71467 -1130.71467 -1175.92467 -1175.92467 -1175.92467
          -972.640333 -972.640333 -972.640333 -1229.47867 -1229.47867 -1229.47867 359.764267 359.764267 359.764267
          771.320933 771.320933 771.320933 444.072667 444.072667 444.072667 1250.20933 1250.20933 1250.20933
          3525.42333 3525.42333 3525.42333 3831.92667 3831.92667 3831.92667 -1029.29867 -1029.29867 -1029.29867
          -382.805667 -382.805667 -382.805667 -1556.33667 -1556.33667 -1556.33667 -1437.76667 -1437.76667 -1437.76667
          -1181.4 -1181.4 -1181.4 -1720.90667 -1720.90667 -1720.90667 649.679 649.679 649.679
          1170.73567 1170.73567 1170.73567 669.594667 669.594667 669.594667 1454.99467 1454.99467 1454.99467
          3893.52 3893.52 3893.52 3645.23 3645.23 3645.23 -945.38 -945.38 -945.38
          -982.778 -982.778 -982.778 -840.825667 -840.825667 -840.825667 -948.218333 -948.218333 -948.218333
          -967.625667 -967.625667 -967.625667 -907.044 -907.044 -907.044 -519.608 -519.608 -519.608
          -610.895 -610.895 -610.895 -308.746667 -308.746667 -308.746667 -77.471 -77.471 -77.471
          94.3253333 94.3253333 94.3253333 -691.25 -691.25 -691.25 -556.073667 -556.073667 -556.073667
          -807.248333 -807.248333 -807.248333 -756.512 -756.512 -756.512 -829.861333 -829.861333 -829.861333
          -781.028 -781.028 -781.028 -701.836667 -701.836667 -701.836667 -684.138667 -684.138667 -684.138667
          -644.707667 -644.707667 -644.707667 -581.067 -581.067 -581.067 -741.867 -741.867 -741.867
          -829.941333 -829.941333 -829.941333 -472.771933 -472.771933 -472.771933 -282.091267 -282.091267 -282.091267
          -485.445667 -485.445667 -485.445667 -797.248333 -797.248333 -797.248333 -852.554333 -852.554333 -852.554333
          -408.389 -408.389 -408.389 -510.285 -510.285 -510.285 -684.641667 -684.641667 -684.641667
          -705.895667 -705.895667 -705.895667 -765.935333 -765.935333 -765.935333 -814.48 -814.48 -814.48
          -749.240333 -749.240333 -749.240333 -815.395333 -815.395333 -815.395333 -557.878667 -557.878667 -557.878667
          -611.314333 -611.314333 -611.314333 -94.5327333 -94.5327333 -94.5327333 -359.210333 -359.210333 -359.210333
          -520.655333 -520.655333 -520.655333 -489.329333 -489.329333 -489.329333 -516.293333 -516.293333 -516.293333
          -411.712 -411.712 -411.712 -840.867667 -840.867667 -840.867667 -754.114333 -754.114333 -754.114333
          -841.783 -841.783 -841.783 -786.355667 -786.355667 -786.355667 -817.373 -817.373 -817.373
          -969.368667 -969.368667 -969.368667 -794.063667 -794.063667 -794.063667 -924.816667 -924.816667 -924.816667
          -901.621333 -901.621333 -901.621333 -753.722333 -753.722333 -753.722333 -597.294667 -597.294667 -597.294667
          -657.743333 -657.743333 -657.743333 -599.596 -599.596 -599.596 -546.197333 -546.197333 -546.197333
          -589.256063 -589.256063 -589.256063 -334.52333 -334.52333 -334.52333 -565.309267 -565.309267 -565.309267
          -1071.56333 -1071.56333 -1071.56333 -1004.36633 -1004.36633 -1004.36633 -890.070667 -890.070667 -890.070667
          -1027.01133 -1027.01133 -1027.01133 -889.785667 -889.785667 -889.785667 -905.835 -905.835 -905.835
          -986.42 -986.42 -986.42 -505.241333 -505.241333 -505.241333 -690.041 -690.041 -690.041
          -915.856 -915.856 -915.856 -802.232333 -802.232333 -802.232333 -881.296333 -881.296333 -881.296333
          -763.176 -763.176 -763.176 -763.504333 -763.504333 -763.504333 -891.4 -891.4 -891.4
          -625.25 -625.25 -625.25 -573.16 -573.16 -573.16 -557.467 -557.467 -557.467
          -609.378 -609.378 -609.378 -885.267333 -885.267333 -885.267333 -1005.02867 -1005.02867 -1005.02867
          -1217.72767 -1217.72767 -1217.72767 -1208.22533 -1208.22533 -1208.22533 -1241.46 -1241.46 -1241.46
          -1131.201 -1131.201 -1131.201 -1116.57533 -1116.57533 -1116.57533 -1188.85533 -1188.85533 -1188.85533
          -1479.462 -1479.462 -1479.462 -1501.222 -1501.222 -1501.222 117.368667 117.368667 117.368667
          -106.718667 -106.718667 -106.718667 -131.22 -131.22 -131.22 42.1706 42.1706 42.1706
          -650.418 -650.418 -650.418 -664.076 -664.076 -664.076 -886.964333 -886.964333 -886.964333
          -1057.86967 -1057.86967 -1057.86967 -860.691667 -860.691667 -860.691667 -1046.02633 -1046.02633 -1046.02633
          -538.263667 -538.263667 -538.263667 -554.216 -554.216 -554.216 -131.8154 -131.8154 -131.8154
          22.2186 22.2186 22.2186 110.436 110.436 110.436 57.8604 57.8604 57.8604
          -654.588 -654.588 -654.588 -664.579 -664.579 -664.579 -1059.14167 -1059.14167 -1059.14167
          -892.163333 -892.163333 -892.163333 -1036.67833 -1036.67833 -1036.67833 -841.955667 -841.955667 -841.955667
          -527.026667 -527.026667 -527.026667 -514.97 -514.97 -514.97 86.3733333 86.3733333 86.3733333
          77.9402667 77.9402667 77.9402667 -135.1384 -135.1384 -135.1384 2.06493333 2.06493333 2.06493333
          -1350.10767 -1350.10767 -1350.10767 -1446.91767 -1446.91767 -1446.91767 -876.721333 -876.721333 -876.721333
          -1093.741 -1093.741 -1093.741 -869.499667 -869.499667 -869.499667 -809.451 -809.451 -809.451
          -1145.697 -1145.697 -1145.697 -563.024 -563.024 -563.024 -550.263667 -550.263667 -550.263667
          -505.646667 -505.646667 -505.646667 -517.628333 -517.628333 -517.628333 232.57627 232.57627 232.57627
          14.2376033 14.2376033 14.2376033 -87.327 -87.327 -87.327 212.660603 212.660603 212.660603
          97.96567 97.96567 97.96567 -648.831333 -648.831333 -648.831333 -1036.44167 -1036.44167 -1036.44167
          -1098.034 -1098.034 -1098.034 -832.831333 -832.831333 -832.831333 -1042.584 -1042.584 -1042.584
          -941.664 -941.664 -941.664 -787.957 -787.957 -787.957 -507.191333 -507.191333 -507.191333
          -517.902333 -517.902333 -517.902333 -496.134333 -496.134333 -496.134333 -485.640333 -485.640333 -485.640333
          -542.761433 -542.761433 -542.761433 823.995233 823.995233 823.995233 -213.257067 -213.257067 -213.257067
          920.111933 920.111933 920.111933 -2823.11667 -2823.11667 -2823.11667 -2904.54 -2904.54 -2904.54
          -2807.48333 -2807.48333 -2807.48333 -3176.37667 -3176.37667 -3176.37667 -2840.48667 -2840.48667 -2840.48667
          -2644.04667 -2644.04667 -2644.04667 -3080.71667 -3080.71667 -3080.71667 -2826.84 -2826.84 -2826.84
          -2647.78 -2647.78 -2647.78 -2669.28 -2669.28 -2669.28 4614.55667 4614.55667 4614.55667
          4539.87667 4539.87667 4539.87667 3586.35 3586.35 3586.35 3986.13333 3986.13333 3986.13333
          3904.18667 3904.18667 3904.18667 3439.06667 3439.06667 3439.06667 4441.29333 4441.29333 4441.29333
          4581.31 4581.31 4581.31 -2949.61 -2949.61 -2949.61 -2922.9 -2922.9 -2922.9
          -2041.02967 -2041.02967 -2041.02967 -2681.04333 -2681.04333 -2681.04333 -2788.8 -2788.8 -2788.8
          -2885.55667 -2885.55667 -2885.55667 -3101.90333 -3101.90333 -3101.90333 -2391.843 -2391.843 -2391.843
          3530.07667 3530.07667 3530.07667 4073.17 4073.17 4073.17 1031.73677 1031.73677 1031.73677
          2014.2849 2014.2849 2014.2849 -2525.11 -2525.11 -2525.11 -2628.31333 -2628.31333 -2628.31333
          -2426.61667 -2426.61667 -2426.61667 -2285.77667 -2285.77667 -2285.77667 -2632.03667 -2632.03667 -2632.03667
          -2572.69667 -2572.69667 -2572.69667 -2229.02667 -2229.02667 -2229.02667 -2326.00333 -2326.00333 -2326.00333
          971.159533 971.159533 971.159533 1913.001 1913.001 1913.001 2215.49367 2215.49367 2215.49367
          3176.96667 3176.96667 3176.96667 3648.11333 3648.11333 3648.11333 2406.395 2406.395 2406.395
          1238.74233 1238.74233 1238.74233 1356.371 1356.371 1356.371 3940.65667 3940.65667 3940.65667
          4103.27333 4103.27333 4103.27333 -1991.17667 -1991.17667 -1991.17667 -2096.68667 -2096.68667 -2096.68667
          -2463.08333 -2463.08333 -2463.08333 -2389.03333 -2389.03333 -2389.03333 -2267.77 -2267.77 -2267.77
          -2279.04333 -2279.04333 -2279.04333 -2211.02 -2211.02 -2211.02 -1868.15667 -1868.15667 -1868.15667
          -2058.02667 -2058.02667 -2058.02667 806.063333 806.063333 806.063333 784.156667 784.156667 784.156667
          -423.08 -423.08 -423.08 -1165.94333 -1165.94333 -1165.94333 -1226.39667 -1226.39667 -1226.39667
          -543.996333 -543.996333 -543.996333 688.180333 688.180333 688.180333 806.063333 806.063333 806.063333
          628.427333 628.427333 628.427333 1811.87 1811.87 1811.87 1664.58667 1664.58667 1664.58667
          290.213333 290.213333 290.213333 204.366667 204.366667 204.366667 289.360333 289.360333 289.360333
          -1384.74267 -1384.74267 -1384.74267 -324.060333 -324.060333 -324.060333 2554.29033 2554.29033 2554.29033
          1303.28973 1303.28973 1303.28973 -2676.32 -2676.32 -2676.32 -2656.74333 -2656.74333 -2656.74333
          -2848.08 -2848.08 -2848.08 -2822.4 -2822.4 -2822.4 -1963.34393 -1963.34393 -1963.34393
          -1302.49193 -1302.49193 -1302.49193 -1449.44567 -1449.44567 -1449.44567 -1347.447 -1347.447 -1347.447
          -2173.266 -2173.266 -2173.266 -1885.38267 -1885.38267 -1885.38267 -1932.46667 -1932.46667 -1932.46667
          -2188.95 -2188.95 -2188.95 -1614.25267 -1614.25267 -1614.25267 -2256.39667 -2256.39667 -2256.39667
          -2434.81 -2434.81 -2434.81 -1560.75167 -1560.75167 -1560.75167 -1005.62333 -1005.62333 -1005.62333
          -2513.45667 -2513.45667 -2513.45667 -2606.53333 -2606.53333 -2606.53333 -2782.86667 -2782.86667 -2782.86667
          -2624.95 -2624.95 -2624.95 -2783.19667 -2783.19667 -2783.19667 -3033.11333 -3033.11333 -3033.11333
          -3068.04 -3068.04 -3068.04 -2961.87 -2961.87 -2961.87 -2425.84333 -2425.84333 -2425.84333
          -2440.01333 -2440.01333 -2440.01333 3989.79 3989.79 3989.79 3499.13333 3499.13333 3499.13333
          660.2146 660.2146 660.2146 1870.55427 1870.55427 1870.55427 3354.1 3354.1 3354.1
          2407.727 2407.727 2407.727 2678.05367 2678.05367 2678.05367 2339.787 2339.787 2339.787
          -2364.98633 -2364.98633 -2364.98633 -1571.473 -1571.473 -1571.473 -1376.44177 -1376.44177 -1376.44177
          -1801.06177 -1801.06177 -1801.06177 -1637.6251 -1637.6251 -1637.6251 -828.796567 -828.796567 -828.796567
          4627.82333 4627.82333 4627.82333 4672.62667 4672.62667 4672.62667 4430.13 4430.13 4430.13
          4345.67667 4345.67667 4345.67667 4301.93667 4301.93667 4301.93667 4422.99667 4422.99667 4422.99667
          4639.38 4639.38 4639.38 4557.97 4557.97 4557.97 -910.198067 -910.198067 -910.198067
          -987.168733 -987.168733 -987.168733 -1690.129 -1690.129 -1690.129 -973.144667 -973.144667 -973.144667
          -889.3738 -889.3738 -889.3738 -1797.88567 -1797.88567 -1797.88567 -2627.87333 -2627.87333 -2627.87333
          -2725.42667 -2725.42667 -2725.42667 -2382.24333 -2382.24333 -2382.24333 -2339.12 -2339.12 -2339.12
          -2141.67333 -2141.67333 -2141.67333 -2027.44 -2027.44 -2027.44 3248.31667 3248.31667 3248.31667
          2382.82 2382.82 2382.82 3694.32333 3694.32333 3694.32333 4105.39 4105.39 4105.39
          1749.45967 1749.45967 1749.45967 2425.113 2425.113 2425.113 -1034.897 -1034.897 -1034.897
          45.6696667 45.6696667 45.6696667 4233.23 4233.23 4233.23 4012.00667 4012.00667 4012.00667
          -2166.61333 -2166.61333 -2166.61333 -2112.45667 -2112.45667 -2112.45667 -301.009 -301.009 -301.009
          -1261.316 -1261.316 -1261.316 -1495.10267 -1495.10267 -1495.10267 -652.424333 -652.424333 -652.424333
          -1165.94333 -1165.94333 -1165.94333 -1723.39 -1723.39 -1723.39 -1748.33 -1748.33 -1748.33
          -1226.39667 -1226.39667 -1226.39667 -2404.29333 -2404.29333 -2404.29333 -1482.126 -1482.126 -1482.126
          -1707.98333 -1707.98333 -1707.98333 -2439.22 -2439.22 -2439.22 -1708.83633 -1708.83633 -1708.83633
          -1793.83 -1793.83 -1793.83 -324.060333 -324.060333 -324.060333 1038.53067 1038.53067 1038.53067
          -950.490267 -950.490267 -950.490267 -2122.763 -2122.763 -2122.763 3781.24667 3781.24667 3781.24667
          3374.72 3374.72 3374.72 2337.2394 2337.2394 2337.2394 3737.50667 3737.50667 3737.50667
          597.357667 597.357667 597.357667 744.3114 744.3114 744.3114 1840.05067 1840.05067 1840.05067
          699.356333 699.356333 699.356333 -936.685 -936.685 -936.685 -1932.46667 -1932.46667 -1932.46667
          837.808333 837.808333 837.808333 496.300667 496.300667 496.300667 2456.71167 2456.71167 2456.71167
          2536.625 2536.625 2536.625 -1506.315 -1506.315 -1506.315 -913.938 -913.938 -913.938
          1267.41467 1267.41467 1267.41467 -74.8416667 -74.8416667 -74.8416667 -886.153333 -886.153333 -886.153333
          -1300.117 -1300.117 -1300.117 -377.549333 -377.549333 -377.549333 922.042333 922.042333 922.042333
          -1705.34933 -1705.34933 -1705.34933 -1243.29767 -1243.29767 -1243.29767 -1571.24667 -1571.24667 -1571.24667
          -1739.68333 -1739.68333 -1739.68333 -1829.91 -1829.91 -1829.91 -1365.15 -1365.15 -1365.15
          -1428.13667 -1428.13667 -1428.13667 -1338.86 -1338.86 -1338.86 -1221.49 -1221.49 -1221.49
          -823.374667 -823.374667 -823.374667 -950.207333 -950.207333 -950.207333 -980.573333 -980.573333 -980.573333
          -768.402 -768.402 -768.402 -916.691 -916.691 -916.691 -1119.39967 -1119.39967 -1119.39967
          -1215.62667 -1215.62667 -1215.62667 -1217.009 -1217.009 -1217.009 -1172.95233 -1172.95233 -1172.95233
          -1414.82333 -1414.82333 -1414.82333 -1045.127 -1045.127 -1045.127 -1161.69667 -1161.69667 -1161.69667
          -1476.29833 -1476.29833 -1476.29833 -1058.822 -1058.822 -1058.822 -1282.62 -1282.62 -1282.62
          -1571.04667 -1571.04667 -1571.04667 -909.502333 -909.502333 -909.502333 -296.17 -296.17 -296.17
          -383.832667 -383.832667 -383.832667 -879.420667 -879.420667 -879.420667 -1213.32067 -1213.32067 -1213.32067
          -1145.554 -1145.554 -1145.554 -1504.87 -1504.87 -1504.87 -1845.65667 -1845.65667 -1845.65667
          -1986.33 -1986.33 -1986.33 2120.831 2120.831 2120.831 2192.101 2192.101 2192.101
          1675.08433 1675.08433 1675.08433 1929.651 1929.651 1929.651 1424.74433 1424.74433 1424.74433
          684.246667 684.246667 684.246667 48.9376667 48.9376667 48.9376667 -651.286667 -651.286667 -651.286667
          -106.207433 -106.207433 -106.207433 1590.60923 1590.60923 1590.60923 1265.6819 1265.6819 1265.6819
          1916.18933 1916.18933 1916.18933 2566.95333 2566.95333 2566.95333 -967.148667 -967.148667 -967.148667
          -1086.87033 -1086.87033 -1086.87033 738.616667 738.616667 738.616667 768.217 768.217 768.217
          -1059.166 -1059.166 -1059.166 -1083.21367 -1083.21367 -1083.21367 -882.523333 -882.523333 -882.523333
          -841.699333 -841.699333 -841.699333 -871.871333 -871.871333 -871.871333 -864.218 -864.218 -864.218
          -875.447667 -875.447667 -875.447667 -1021.88133 -1021.88133 -1021.88133 -1089.66133 -1089.66133 -1089.66133
          -1068.58167 -1068.58167 -1068.58167 -1480.25833 -1480.25833 -1480.25833 -1516.79333 -1516.79333 -1516.79333
          -1154.19267 -1154.19267 -1154.19267 -1826.71333 -1826.71333 -1826.71333 -1777.73333 -1777.73333 -1777.73333
          -1315.08167 -1315.08167 -1315.08167 -1176.93367 -1176.93367 -1176.93367 -1637.82667 -1637.82667 -1637.82667
          -1442.92333 -1442.92333 -1442.92333 -431.134767 -431.134767 -431.134767 -725.342667 -725.342667 -725.342667
          -206.098667 -206.098667 -206.098667 -1204.294 -1204.294 -1204.294 -1090.59067 -1090.59067 -1090.59067
          -1148.077 -1148.077 -1148.077 -1405.99333 -1405.99333 -1405.99333 -1258.47067 -1258.47067 -1258.47067
          -1488.90667 -1488.90667 -1488.90667 -967.791333 -967.791333 -967.791333 -940.311 -940.311 -940.311
          -609.220667 -609.220667 -609.220667 -775.950667 -775.950667 -775.950667 -610.351 -610.351 -610.351
          -744.896333 -744.896333 -744.896333 -799.841667 -799.841667 -799.841667 -754.940667 -754.940667 -754.940667
          -599.726333 -599.726333 -599.726333 -751.364333 -751.364333 -751.364333 -722.446 -722.446 -722.446
          -800.011333 -800.011333 -800.011333 -578.300333 -578.300333 -578.300333 -714.797667 -714.797667 -714.797667
          -1171.04667 -1171.04667 -1171.04667 -993.030333 -993.030333 -993.030333 -1232.637 -1232.637 -1232.637
          -1059.17533 -1059.17533 -1059.17533 -1035.21467 -1035.21467 -1035.21467 -1050.37233 -1050.37233 -1050.37233
          -1177.99333 -1177.99333 -1177.99333 -1072.49 -1072.49 -1072.49 -1006.31567 -1006.31567 -1006.31567
          -1474.65333 -1474.65333 -1474.65333 -1730.32 -1730.32 -1730.32 -1399.86 -1399.86 -1399.86
          -1325.07 -1325.07 -1325.07 -1250.45 -1250.45 -1250.45 -966.165333 -966.165333 -966.165333
          -869.504667 -869.504667 -869.504667 -1631.34333 -1631.34333 -1631.34333 -1187.82367 -1187.82367 -1187.82367
          -1091.79667 -1091.79667 -1091.79667 -1084.15333 -1084.15333 -1084.15333 -814.532 -814.532 -814.532
          -1034.34667 -1034.34667 -1034.34667 -1109.37 -1109.37 -1109.37 -1239.9 -1239.9 -1239.9
          -6.42866667 -6.42866667 -6.42866667 -587.871333 -587.871333 -587.871333 1472.256 1472.256 1472.256
          807.798667 807.798667 807.798667 437.745333 437.745333 437.745333 361.705 361.705 361.705
          -618.711667 -618.711667 -618.711667 -1056.34733 -1056.34733 -1056.34733 421.438333 421.438333 421.438333
          1171.75033 1171.75033 1171.75033 -1293.75533 -1293.75533 -1293.75533 -488.484333 -488.484333 -488.484333
          -449.969667 -449.969667 -449.969667 -1249.09067 -1249.09067 -1249.09067 -2016.33333 -2016.33333 -2016.33333
          -1678.49333 -1678.49333 -1678.49333 -1652.45 -1652.45 -1652.45 -556.375333 -556.375333 -556.375333
          -776.88 -776.88 -776.88 -430.747333 -430.747333 -430.747333 -619.067333 -619.067333 -619.067333
          -445.564333 -445.564333 -445.564333 326.723667 326.723667 326.723667 1199.36433 1199.36433 1199.36433
          1747.193 1747.193 1747.193 -746.897 -746.897 -746.897 -209.847667 -209.847667 -209.847667
          1372.34067 1372.34067 1372.34067 589.273333 589.273333 589.273333 -783.358 -783.358 -783.358
          -593.01 -593.01 -593.01 -1074.03733 -1074.03733 -1074.03733 -1029.39033 -1029.39033 -1029.39033
          -609.131333 -609.131333 -609.131333 -571.584 -571.584 -571.584 -718.415333 -718.415333 -718.415333
          -610.261667 -610.261667 -610.261667 -87.7206667 -87.7206667 -87.7206667 277.024333 277.024333 277.024333
          224.731333 224.731333 224.731333 -213.348667 -213.348667 -213.348667 1024.037 1024.037 1024.037
          1097.372 1097.372 1097.372 -1506.06667 -1506.06667 -1506.06667 -1484.63667 -1484.63667 -1484.63667
          -1334.16133 -1334.16133 -1334.16133 -1360.65133 -1360.65133 -1360.65133 -1031.01267 -1031.01267 -1031.01267
          512.871667 512.871667 512.871667 771.675667 771.675667 771.675667 -232.627667 -232.627667 -232.627667
          -865.903333 -865.903333 -865.903333 -1004.118 -1004.118 -1004.118 -1051.47333 -1051.47333 -1051.47333
          -1021.23233 -1021.23233 -1021.23233 -1043.609 -1043.609 -1043.609 -1976.23333 -1976.23333 -1976.23333
          -1468.94667 -1468.94667 -1468.94667 -1390.35 -1390.35 -1390.35 -1359.02667 -1359.02667 -1359.02667
          -1366.76667 -1366.76667 -1366.76667 -1571.7 -1571.7 -1571.7 -435.033333 -435.033333 -435.033333
          380.733333 380.733333 380.733333 1446.28703 1446.28703 1446.28703 1025.9566 1025.9566 1025.9566
          -376.287433 -376.287433 -376.287433 -241.051667 -241.051667 -241.051667 -1360.088 -1360.088 -1360.088
          -617.3834 -617.3834 -617.3834 -982.802967 -982.802967 -982.802967 1905.912 1905.912 1905.912
          2686.36667 2686.36667 2686.36667 2579.53 2579.53 2579.53 2354.12 2354.12 2354.12
          1797.45567 1797.45567 1797.45567 2036.979 2036.979 2036.979 2143.81567 2143.81567 2143.81567
          1648.45567 1648.45567 1648.45567 -1327.93667 -1327.93667 -1327.93667 -1255.42 -1255.42 -1255.42
          -1548.25667 -1548.25667 -1548.25667 -1378.27 -1378.27 -1378.27 -1198.32333 -1198.32333 -1198.32333
          -1241.17 -1241.17 -1241.17 -1176.15667 -1176.15667 -1176.15667 -1164.59667 -1164.59667 -1164.59667
          -948.439667 -948.439667 -948.439667 -1017.14333 -1017.14333 -1017.14333 -1240.80333 -1240.80333 -1240.80333
          -1160.34 -1160.34 -1160.34 1230.499 1230.499 1230.499 158.895667 158.895667 158.895667
          -406.833333 -406.833333 -406.833333 1669.07333 1669.07333 1669.07333 2113.29 2113.29 2113.29
          2188.91667 2188.91667 2188.91667 2311.65667 2311.65667 2311.65667 -1197.55667 -1197.55667 -1197.55667
          -1247.8 -1247.8 -1247.8 -1020.27667 -1020.27667 -1020.27667 -1127.99333 -1127.99333 -1127.99333
          -1140.17333 -1140.17333 -1140.17333 -1298.13333 -1298.13333 -1298.13333 -1028.21467 -1028.21467 -1028.21467
          -1098.599 -1098.599 -1098.599 -840.316667 -840.316667 -840.316667 -742.282 -742.282 -742.282
          -967.531 -967.531 -967.531 -1137.108 -1137.108 -1137.108 -1466.74667 -1466.74667 -1466.74667
          -1461.68667 -1461.68667 -1461.68667 -1324.52333 -1324.52333 -1324.52333 -1423.66333 -1423.66333 -1423.66333
          -965.543 -965.543 -965.543 -977.346667 -977.346667 -977.346667 -1171.81 -1171.81 -1171.81
          -1423.66333 -1423.66333 -1423.66333 -765.039333 -765.039333 -765.039333 -862.811667 -862.811667 -862.811667
          -1201.13333 -1201.13333 -1201.13333 -1234.96667 -1234.96667 -1234.96667 -1060.04767 -1060.04767 -1060.04767
          -1165.40333 -1165.40333 -1165.40333 -982.157667 -982.157667 -982.157667 -1053.68 -1053.68 -1053.68
          -762.054333 -762.054333 -762.054333 -841.425333 -841.425333 -841.425333 -739.226333 -739.226333 -739.226333
          -708.188333 -708.188333 -708.188333 -942.261 -942.261 -942.261 -1046.96133 -1046.96133 -1046.96133
          -1125.558 -1125.558 -1125.558 -1050.30267 -1050.30267 -1050.30267 -1021.29 -1021.29 -1021.29
          -940.273 -940.273 -940.273 -983.409 -983.409 -983.409 -991.049 -991.049 -991.049
          -1422.34133 -1422.34133 -1422.34133 -1398.898 -1398.898 -1398.898 -1090.913 -1090.913 -1090.913
          -1040.66667 -1040.66667 -1040.66667 -1062.52467 -1062.52467 -1062.52467 -1190.05967 -1190.05967 -1190.05967
          -1150.72967 -1150.72967 -1150.72967 -1230.99333 -1230.99333 -1230.99333 -1310.25667 -1310.25667 -1310.25667
          -1362.89667 -1362.89667 -1362.89667 -1372.77333 -1372.77333 -1372.77333 -1235.13 -1235.13 -1235.13
          -1372.00333 -1372.00333 -1372.00333 -1356.93333 -1356.93333 -1356.93333 -1055.94967 -1055.94967 -1055.94967
          -1184.17167 -1184.17167 -1184.17167 -1855.97667 -1855.97667 -1855.97667 -1756.35333 -1756.35333 -1756.35333
          -1173.81133 -1173.81133 -1173.81133 -971.865333 -971.865333 -971.865333 -997.060333 -997.060333 -997.060333
          -994.892 -994.892 -994.892 -713.417333 -713.417333 -713.417333 -831.603667 -831.603667 -831.603667
          -732.600667 -732.600667 -732.600667 -939.234 -939.234 -939.234 1402.28833 1402.28833 1402.28833
          1267.05257 1267.05257 1267.05257 178.5647 178.5647 178.5647 -607.1853 -607.1853 -607.1853
          -961.972333 -961.972333 -961.972333 -1677.741 -1677.741 -1677.741 -1045.57133 -1045.57133 -1045.57133
          -1025.60967 -1025.60967 -1025.60967 -905.713 -905.713 -905.713 -864.945667 -864.945667 -864.945667
          -1032.038 -1032.038 -1032.038 -1012.86533 -1012.86533 -1012.86533 -824.967333 -824.967333 -824.967333
          -783.411 -783.411 -783.411 -227.123007 -227.123007 -227.123007 -543.897 -543.897 -543.897
          113.254993 113.254993 113.254993 498.157667 498.157667 498.157667 1271.266 1271.266 1271.266
          1515.88267 1515.88267 1515.88267 -157.03534 -157.03534 -157.03534 -363.400333 -363.400333 -363.400333
          805.878333 805.878333 805.878333 632.337667 632.337667 632.337667 1584.83533 1584.83533 1584.83533
          124.27 124.27 124.27 728.174333 728.174333 728.174333 1501.28267 1501.28267 1501.28267
          1821.526 1821.526 1821.526 -781.827 -781.827 -781.827 -666.459333 -666.459333 -666.459333
          -859.717 -859.717 -859.717 -816.588667 -816.588667 -816.588667 -732.441667 -732.441667 -732.441667
          -685.642667 -685.642667 -685.642667 -735.054 -735.054 -735.054 -709.613667 -709.613667 -709.613667
          -2584.41667 -2584.41667 -2584.41667 -1943.86667 -1943.86667 -1943.86667 -2734.58667 -2734.58667 -2734.58667
          -2361.26667 -2361.26667 -2361.26667 -903.845333 -903.845333 -903.845333 -919.233 -919.233 -919.233
          -2509.42667 -2509.42667 -2509.42667 -1893.47667 -1893.47667 -1893.47667 -305.647 -305.647 -305.647
          -428.430667 -428.430667 -428.430667 -519.864 -519.864 -519.864 -454.465 -454.465 -454.465
          -467.139333 -467.139333 -467.139333 -530.601 -530.601 -530.601 -397.964 -397.964 -397.964
          -277.117667 -277.117667 -277.117667 -1592.25333 -1592.25333 -1592.25333 -1310.45367 -1310.45367 -1310.45367
          -788.457667 -788.457667 -788.457667 -871.102 -871.102 -871.102 -541.805333 -541.805333 -541.805333
          -547.408667 -547.408667 -547.408667 -541.114667 -541.114667 -541.114667 -1735.62 -1735.62 -1735.62
          -1558.63667 -1558.63667 -1558.63667 -684.225333 -684.225333 -684.225333 -1003.27467 -1003.27467 -1003.27467
          -1103.97467 -1103.97467 -1103.97467 -900.444667 -900.444667 -900.444667 -1321.61367 -1321.61367 -1321.61367
          -780.485667 -780.485667 -780.485667 -1783.46 -1783.46 -1783.46 -2493.43333 -2493.43333 -2493.43333
          -751.956333 -751.956333 -751.956333 -1112.701 -1112.701 -1112.701 -3049.88 -3049.88 -3049.88
          -2520.29 -2520.29 -2520.29 -3050.83333 -3050.83333 -3050.83333 -3389.17667 -3389.17667 -3389.17667
          -2857.36 -2857.36 -2857.36 -3048.60667 -3048.60667 -3048.60667 399.366 399.366 399.366
          946.752667 946.752667 946.752667 -596.131 -596.131 -596.131 -269.457667 -269.457667 -269.457667
          1587.52333 1587.52333 1587.52333 1596.70667 1596.70667 1596.70667 1804.88 1804.88 1804.88
          1791.92 1791.92 1791.92 1631.61667 1631.61667 1631.61667 1697.34 1697.34 1697.34
          -2298.71167 -2298.71167 -2298.71167 -1793.44833 -1793.44833 -1793.44833 -2327.46667 -2327.46667 -2327.46667
          -1352.043 -1352.043 -1352.043 -1843.62133 -1843.62133 -1843.62133 -2361.26667 -2361.26667 -2361.26667
          -1892.87667 -1892.87667 -1892.87667 -1287.83033 -1287.83033 -1287.83033 -1683.76667 -1683.76667 -1683.76667
          -2359.25667 -2359.25667 -2359.25667 -992.706 -992.706 -992.706 -1322.06167 -1322.06167 -1322.06167
          -875.006667 -875.006667 -875.006667 -1198.06833 -1198.06833 -1198.06833 -1161.51233 -1161.51233 -1161.51233
          -1093.30233 -1093.30233 -1093.30233 -1429.236 -1429.236 -1429.236 -1064.94033 -1064.94033 -1064.94033
          -1001.52733 -1001.52733 -1001.52733 -881.101667 -881.101667 -881.101667 -611.604667 -611.604667 -611.604667
          -300.511667 -300.511667 -300.511667 -295.133667 -295.133667 -295.133667 -719.873 -719.873 -719.873
          -693.328 -693.328 -693.328 -740.281 -740.281 -740.281 -732.537 -732.537 -732.537
          -756.018333 -756.018333 -756.018333 -1117.95933 -1117.95933 -1117.95933 -1068.516 -1068.516 -1068.516
          -1716.85333 -1716.85333 -1716.85333 -1558.99333 -1558.99333 -1558.99333 -951.509667 -951.509667 -951.509667
          -931.007333 -931.007333 -931.007333 -563.699 -563.699 -563.699 -509.418333 -509.418333 -509.418333
          -664.062 -664.062 -664.062 -806.234667 -806.234667 -806.234667 -749.316667 -749.316667 -749.316667
          -966.272333 -966.272333 -966.272333 -737.177 -737.177 -737.177 -1271.99767 -1271.99767 -1271.99767
          -1194.731 -1194.731 -1194.731 -535.928667 -535.928667 -535.928667 -635.223667 -635.223667 -635.223667
          -613.349 -613.349 -613.349 -647.552 -647.552 -647.552 -775.633 -775.633 -775.633
          -703.226333 -703.226333 -703.226333 -723.416333 -723.416333 -723.416333 -1077.62267 -1077.62267 -1077.62267
          -613.985333 -613.985333 -613.985333 -574.637333 -574.637333 -574.637333 -658.289 -658.289 -658.289
          -634.175333 -634.175333 -634.175333 -1950.63033 -1950.63033 -1950.63033 -1759.38367 -1759.38367 -1759.38367
          -708.912 -708.912 -708.912 -700.775333 -700.775333 -700.775333 223.582333 223.582333 223.582333
          -223.046333 -223.046333 -223.046333 1157.89333 1157.89333 1157.89333 232.38 232.38 232.38
          -478.865 -478.865 -478.865 1122.98333 1122.98333 1122.98333 783.170333 783.170333 783.170333
          415.255667 415.255667 415.255667 198.498667 198.498667 198.498667 -470.325 -470.325 -470.325
          -1191.775 -1191.775 -1191.775 640.873 640.873 640.873 1290.74933 1290.74933 1290.74933
          1228.80267 1228.80267 1228.80267 1142.04367 1142.04367 1142.04367 506.806667 506.806667 506.806667
          720.337333 720.337333 720.337333 1242.09667 1242.09667 1242.09667 328.483333 328.483333 328.483333
          -313.73 -313.73 -313.73 -537.821667 -537.821667 -537.821667 -715.494667 -715.494667 -715.494667
          -398.729333 -398.729333 -398.729333 -552.930667 -552.930667 -552.930667 -1698.532 -1698.532 -1698.532
          -1472.772 -1472.772 -1472.772 -1424.36867 -1424.36867 -1424.36867 -1062.26933 -1062.26933 -1062.26933
          -950.37 -950.37 -950.37 -841.040333 -841.040333 -841.040333 -801.831333 -801.831333 -801.831333
          -774.821667 -774.821667 -774.821667 354.170667 354.170667 354.170667 -317.886 -317.886 -317.886
          1108.08 1108.08 1108.08 1349.63667 1349.63667 1349.63667 270.355667 270.355667 270.355667
          -174.584667 -174.584667 -174.584667 -35.4923333 -35.4923333 -35.4923333 320.879 320.879 320.879
          935.696 935.696 935.696 1024.265 1024.265 1024.265 -774.734 -774.734 -774.734
          -764.868667 -764.868667 -764.868667 -862.197333 -862.197333 -862.197333 -745.114667 -745.114667 -745.114667
          -687.246667 -687.246667 -687.246667 -803.625333 -803.625333 -803.625333 -623.522667 -623.522667 -623.522667
          -634.092 -634.092 -634.092 -1078.63233 -1078.63233 -1078.63233 -919.594 -919.594 -919.594
          -1342.60333 -1342.60333 -1342.60333 -1456.26333 -1456.26333 -1456.26333 -1558.51667 -1558.51667 -1558.51667
          -1558.14333 -1558.14333 -1558.14333 -1030.479 -1030.479 -1030.479 -1190.43333 -1190.43333 -1190.43333
          -1306.22333 -1306.22333 -1306.22333 -1570.52333 -1570.52333 -1570.52333 -1929.76333 -1929.76333 -1929.76333
          -1688.9 -1688.9 -1688.9 -1767.28333 -1767.28333 -1767.28333 -1921.31667 -1921.31667 -1921.31667
          -889.837 -889.837 -889.837 -1073.228 -1073.228 -1073.228 -1393.88333 -1393.88333 -1393.88333
          -1539.93 -1539.93 -1539.93 -921.694667 -921.694667 -921.694667 -281.027333 -281.027333 -281.027333
          1936.43667 1936.43667 1936.43667 2178.76667 2178.76667 2178.76667 1484.19733 1484.19733 1484.19733
          1437.12067 1437.12067 1437.12067 67.9054667 67.9054667 67.9054667 654.461133 654.461133 654.461133
          933.8138 933.8138 933.8138 -677.9152 -677.9152 -677.9152 -1226.19567 -1226.19567 -1226.19567
          -1373.0362 -1373.0362 -1373.0362 -1225.6362 -1225.6362 -1225.6362 -1955.93333 -1955.93333 -1955.93333
          -209.0922 -209.0922 -209.0922 668.681133 668.681133 668.681133 1179.02733 1179.02733 1179.02733
          1122.35867 1122.35867 1122.35867 1289.73867 1289.73867 1289.73867 705.216 705.216 705.216
          -102.831333 -102.831333 -102.831333 -611.27 -611.27 -611.27 143.009333 143.009333 143.009333
          -1433.22667 -1433.22667 -1433.22667 -1353.26 -1353.26 -1353.26 -1159.74 -1159.74 -1159.74
          -1323.33333 -1323.33333 -1323.33333 -1120.81833 -1120.81833 -1120.81833 -1204.445 -1204.445 -1204.445
          -987.733667 -987.733667 -987.733667 -1149.60733 -1149.60733 -1149.60733 -861.904 -861.904 -861.904
          -856.916 -856.916 -856.916 -1347.25667 -1347.25667 -1347.25667 -1355.36 -1355.36 -1355.36
          -1289.05667 -1289.05667 -1289.05667 -1230.68 -1230.68 -1230.68 -1050.638 -1050.638 -1050.638
          -1014.418 -1014.418 -1014.418 -788.541 -788.541 -788.541 -858.591 -858.591 -858.591
          -986.643 -986.643 -986.643 -1082.77633 -1082.77633 -1082.77633 -1025.687 -1025.687 -1025.687
          -1301.74333 -1301.74333 -1301.74333 -1431.98333 -1431.98333 -1431.98333 -1140.89733 -1140.89733 -1140.89733
          -1322.09 -1322.09 -1322.09 -1006.75367 -1006.75367 -1006.75367 -1057.70633 -1057.70633 -1057.70633
          -665.034 -665.034 -665.034 -739.097667 -739.097667 -739.097667 -691.964667 -691.964667 -691.964667
          -762.642667 -762.642667 -762.642667 -61.312 -61.312 -61.312 -541.374667 -541.374667 -541.374667
          -187.003 -187.003 -187.003 -500.204 -500.204 -500.204 370.380333 370.380333 370.380333
          763.304333 763.304333 763.304333 1417.55933 1417.55933 1417.55933 1707.856 1707.856 1707.856
          -1258.246 -1258.246 -1258.246 -1118.03333 -1118.03333 -1118.03333 -1656.69 -1656.69 -1656.69
          -1619.02333 -1619.02333 -1619.02333 -938.371 -938.371 -938.371 -818.049667 -818.049667 -818.049667
          -899.449333 -899.449333 -899.449333 -842.969 -842.969 -842.969 -762.237667 -762.237667 -762.237667
          -698.383333 -698.383333 -698.383333 -888.054 -888.054 -888.054 -888.067333 -888.067333 -888.067333
          -763.144333 -763.144333 -763.144333 -969.337333 -969.337333 -969.337333 -1213.95667 -1213.95667 -1213.95667
          -1105.16233 -1105.16233 -1105.16233 -784.839667 -784.839667 -784.839667 -799.528333 -799.528333 -799.528333
          -1044.21767 -1044.21767 -1044.21767 -1188.56733 -1188.56733 -1188.56733 -1026.24467 -1026.24467 -1026.24467
          -942.875667 -942.875667 -942.875667 -794.714 -794.714 -794.714 -758.242333 -758.242333 -758.242333
          -685.522333 -685.522333 -685.522333 -1046.59033 -1046.59033 -1046.59033 -1002.93167 -1002.93167 -1002.93167
          -1360.00333 -1360.00333 -1360.00333 -1209.97 -1209.97 -1209.97 -1471.85 -1471.85 -1471.85
          -1462.25667 -1462.25667 -1462.25667 -1231.99633 -1231.99633 -1231.99633 -1264.75633 -1264.75633 -1264.75633
          -1573.56667 -1573.56667 -1573.56667 -1451.92333 -1451.92333 -1451.92333 -954.628 -954.628 -954.628
          -797.420333 -797.420333 -797.420333 -407.991667 -407.991667 -407.991667 -1058.62567 -1058.62567 -1058.62567
          1650.20267 1650.20267 1650.20267 1287.56933 1287.56933 1287.56933 856.984333 856.984333 856.984333
          -40.7056667 -40.7056667 -40.7056667 -643.512667 -643.512667 -643.512667 -693.048667 -693.048667 -693.048667
          -722.66 -722.66 -722.66 -688.83 -688.83 -688.83 -664.253333 -664.253333 -664.253333
          -680.595333 -680.595333 -680.595333 -803.925333 -803.925333 -803.925333 -755.177333 -755.177333 -755.177333
          -831.444 -831.444 -831.444 -333.049667 -333.049667 -333.049667 -405.930667 -405.930667 -405.930667
          -898.475333 -898.475333 -898.475333 -795.753333 -795.753333 -795.753333 -764.331667 -764.331667 -764.331667
          -657.621 -657.621 -657.621 -676.087 -676.087 -676.087 -664.275333 -664.275333 -664.275333
          -637.344667 -637.344667 -637.344667 -645.167667 -645.167667 -645.167667 -617.772333 -617.772333 -617.772333
          -70.338 -70.338 -70.338 1006.04467 1006.04467 1006.04467 1356.30033 1356.30033 1356.30033
          -32.4703333 -32.4703333 -32.4703333 600.773667 600.773667 600.773667 -123.643 -123.643 -123.643
          -454.598 -454.598 -454.598 1255.02867 1255.02867 1255.02867 952.739667 952.739667 952.739667
        </DataArray>
        <DataArray type="Float32" Name="pressureCoeff" format="ascii">
          0.490181 0.490181 0.490181 0.592708333 0.592708333 0.592708333 0.662409667 0.662409667 0.662409667
          0.601108333 0.601108333 0.601108333 0.410085 0.410085 0.410085 0.331169 0.331169 0.331169
          -0.0990214 -0.0990214 -0.0990214 -0.100459033 -0.100459033 -0.100459033 -0.149924367 -0.149924367 -0.149924367
          -0.130005 -0.130005 -0.130005 -0.117657667 -0.117657667 -0.117657667 -0.129653 -0.129653 -0.129653
          -0.115443667 -0.115443667 -0.115443667 -0.1153738 -0.1153738 -0.1153738 -0.123215133 -0.123215133 -0.123215133
          -0.110953346 -0.110953346 -0.110953346 -0.080735413 -0.080735413 -0.080735413 -0.124485333 -0.124485333 -0.124485333
          -0.113168 -0.113168 -0.113168 -0.273978667 -0.273978667 -0.273978667 -0.276827 -0.276827 -0.276827
          -0.231346667 -0.231346667 -0.231346667 -0.344181 -0.344181 -0.344181 -0.115173333 -0.115173333 -0.115173333
          -0.109097 -0.109097 -0.109097 -0.358752667 -0.358752667 -0.358752667 -0.247479667 -0.247479667 -0.247479667
          -0.283715 -0.283715 -0.283715 -0.274785333 -0.274785333 -0.274785333 -0.114822333 -0.114822333 -0.114822333
          -0.106862 -0.106862 -0.106862 -0.1056988 -0.1056988 -0.1056988 -0.1059678 -0.1059678 -0.1059678
          -0.0999741667 -0.0999741667 -0.0999741667 -0.0969261333 -0.0969261333 -0.0969261333 -0.161664667 -0.161664667 -0.161664667
          -0.184187667 -0.184187667 -0.184187667 -0.153341333 -0.153341333 -0.153341333 -0.183331667 -0.183331667 -0.183331667
          -0.164713333 -0.164713333 -0.164713333 -0.186525 -0.186525 -0.186525 -0.156215667 -0.156215667 -0.156215667
          -0.185669 -0.185669 -0.185669 -0.173835333 -0.173835333 -0.173835333 -0.0872970333 -0.0872970333 -0.0872970333
          -0.238427 -0.238427 -0.238427 -0.369842667 -0.369842667 -0.369842667 -0.401585333 -0.401585333 -0.401585333
          -0.284388667 -0.284388667 -0.284388667 0.586998 0.586998 0.586998 0.575355 0.575355 0.575355
          0.1585614 0.1585614 0.1585614 0.311335667 0.311335667 0.311335667 0.1633263 0.1633263 0.1633263
          0.327743567 0.327743567 0.327743567 -0.173141667 -0.173141667 -0.173141667 -0.0724903667 -0.0724903667 -0.0724903667
          -0.218622 -0.218622 -0.218622 -0.233694 -0.233694 -0.233694 -0.192303667 -0.192303667 -0.192303667
          -0.244404667 -0.244404667 -0.244404667 0.342929667 0.342929667 0.342929667 0.380619667 0.380619667 0.380619667
          0.0870797867 0.0870797867 0.0870797867 0.166024653 0.166024653 0.166024653 0.104723233 0.104723233 0.104723233
          0.2213581 0.2213581 0.2213581 0.542227333 0.542227333 0.542227333 0.445454333 0.445454333 0.445454333
          0.498323333 0.498323333 0.498323333 0.677116667 0.677116667 0.677116667 -0.189907333 -0.189907333 -0.189907333
          -0.0832263667 -0.0832263667 -0.0832263667 -0.226142667 -0.226142667 -0.226142667 -0.235185 -0.235185 -0.235185
          -0.194528 -0.194528 -0.194528 -0.245895667 -0.245895667 -0.245895667 0.07195302 0.07195302 0.07195302
          0.154263987 0.154263987 0.154263987 0.0888147 0.0888147 0.0888147 0.250041667 0.250041667 0.250041667
          0.705084333 0.705084333 0.705084333 0.766385667 0.766385667 0.766385667 -0.205859667 -0.205859667 -0.205859667
          -0.0765610333 -0.0765610333 -0.0765610333 -0.311267667 -0.311267667 -0.311267667 -0.287554 -0.287554 -0.287554
          -0.236280333 -0.236280333 -0.236280333 -0.344181 -0.344181 -0.344181 0.129935433 0.129935433 0.129935433
          0.234146433 0.234146433 0.234146433 0.133918567 0.133918567 0.133918567 0.290998567 0.290998567 0.290998567
          0.778704667 0.778704667 0.778704667 0.729046333 0.729046333 0.729046333 -0.189076333 -0.189076333 -0.189076333
          -0.196555667 -0.196555667 -0.196555667 -0.168165 -0.168165 -0.168165 -0.189643333 -0.189643333 -0.189643333
          -0.193525333 -0.193525333 -0.193525333 -0.181408667 -0.181408667 -0.181408667 -0.1039217 -0.1039217 -0.1039217
          -0.122178967 -0.122178967 -0.122178967 -0.0617493 -0.0617493 -0.0617493 -0.0154942 -0.0154942 -0.0154942
          0.0188650333 0.0188650333 0.0188650333 -0.138249933 -0.138249933 -0.138249933 -0.111214633 -0.111214633 -0.111214633
          -0.161449667 -0.161449667 -0.161449667 -0.151302333 -0.151302333 -0.151302333 -0.165972333 -0.165972333 -0.165972333
          -0.156205667 -0.156205667 -0.156205667 -0.140367333 -0.140367333 -0.140367333 -0.136828 -0.136828 -0.136828
          -0.128941667 -0.128941667 -0.128941667 -0.116213667 -0.116213667 -0.116213667 -0.148373667 -0.148373667 -0.148373667
          -0.165988333 -0.165988333 -0.165988333 -0.0945546533 -0.0945546533 -0.0945546533 -0.0564183867 -0.0564183867 -0.0564183867
          -0.0970894 -0.0970894 -0.0970894 -0.15945 -0.15945 -0.15945 -0.170511 -0.170511 -0.170511
          -0.0816777667 -0.0816777667 -0.0816777667 -0.102057067 -0.102057067 -0.102057067 -0.136928667 -0.136928667 -0.136928667
          -0.141179333 -0.141179333 -0.141179333 -0.153187 -0.153187 -0.153187 -0.162896 -0.162896 -0.162896
          -0.149848 -0.149848 -0.149848 -0.163079 -0.163079 -0.163079 -0.111575667 -0.111575667 -0.111575667
          -0.122263 -0.122263 -0.122263 -0.0189065667 -0.0189065667 -0.0189065667 -0.0718419667 -0.0718419667 -0.0718419667
          -0.104131 -0.104131 -0.104131 -0.097866 -0.097866 -0.097866 -0.103258667 -0.103258667 -0.103258667
          -0.0823423667 -0.0823423667 -0.0823423667 -0.168173667 -0.168173667 -0.168173667 -0.150823 -0.150823 -0.150823
          -0.168356667 -0.168356667 -0.168356667 -0.157271 -0.157271 -0.157271 -0.163474667 -0.163474667 -0.163474667
          -0.193873333 -0.193873333 -0.193873333 -0.158812667 -0.158812667 -0.158812667 -0.184963 -0.184963 -0.184963
          -0.180324333 -0.180324333 -0.180324333 -0.150744667 -0.150744667 -0.150744667 -0.119459 -0.119459 -0.119459
          -0.131548667 -0.131548667 -0.131548667 -0.119919433 -0.119919433 -0.119919433 -0.109239567 -0.109239567 -0.109239567
          -0.117851346 -0.117851346 -0.117851346 -0.0669046663 -0.0669046663 -0.0669046663 -0.113061987 -0.113061987 -0.113061987
          -0.214312333 -0.214312333 -0.214312333 -0.200873333 -0.200873333 -0.200873333 -0.178014333 -0.178014333 -0.178014333
          -0.205402 -0.205402 -0.205402 -0.177957333 -0.177957333 -0.177957333 -0.181167 -0.181167 -0.181167
          -0.197284 -0.197284 -0.197284 -0.101048333 -0.101048333 -0.101048333 -0.138008267 -0.138008267 -0.138008267
          -0.183171333 -0.183171333 -0.183171333 -0.160447 -0.160447 -0.160447 -0.176259 -0.176259 -0.176259
          -0.152635333 -0.152635333 -0.152635333 -0.152701 -0.152701 -0.152701 -0.178280333 -0.178280333 -0.178280333
          -0.125050333 -0.125050333 -0.125050333 -0.114632333 -0.114632333 -0.114632333 -0.111493433 -0.111493433 -0.111493433
          -0.121875767 -0.121875767 -0.121875767 -0.177053667 -0.177053667 -0.177053667 -0.201006 -0.201006 -0.201006
          -0.243546 -0.243546 -0.243546 -0.241645333 -0.241645333 -0.241645333 -0.248292667 -0.248292667 -0.248292667
          -0.226241 -0.226241 -0.226241 -0.223315333 -0.223315333 -0.223315333 -0.237771 -0.237771 -0.237771
          -0.295892333 -0.295892333 -0.295892333 -0.300244667 -0.300244667 -0.300244667 0.0234737333 0.0234737333 0.0234737333
          -0.0213437333 -0.0213437333 -0.0213437333 -0.0262440333 -0.0262440333 -0.0262440333 0.0084341 0.0084341 0.0084341
          -0.130083667 -0.130083667 -0.130083667 -0.132815333 -0.132815333 -0.132815333 -0.177393333 -0.177393333 -0.177393333
          -0.211574 -0.211574 -0.211574 -0.172138333 -0.172138333 -0.172138333 -0.209205 -0.209205 -0.209205
          -0.107653 -0.107653 -0.107653 -0.110843333 -0.110843333 -0.110843333 -0.0263631133 -0.0263631133 -0.0263631133
          0.00444372 0.00444372 0.00444372 0.0220871667 0.0220871667 0.0220871667 0.0115720467 0.0115720467 0.0115720467
          -0.130917667 -0.130917667 -0.130917667 -0.132916 -0.132916 -0.132916 -0.211828333 -0.211828333 -0.211828333
          -0.178432667 -0.178432667 -0.178432667 -0.207335667 -0.207335667 -0.207335667 -0.168391 -0.168391 -0.168391
          -0.105405333 -0.105405333 -0.105405333 -0.102994 -0.102994 -0.102994 0.0172747 0.0172747 0.0172747
          0.0155880667 0.0155880667 0.0155880667 -0.0270277133 -0.0270277133 -0.0270277133 0.00041302 0.00041302 0.00041302
          -0.270022333 -0.270022333 -0.270022333 -0.289383667 -0.289383667 -0.289383667 -0.175344 -0.175344 -0.175344
          -0.218748667 -0.218748667 -0.218748667 -0.1739 -0.1739 -0.1739 -0.161890333 -0.161890333 -0.161890333
          -0.229139333 -0.229139333 -0.229139333 -0.112605 -0.112605 -0.112605 -0.110053 -0.110053 -0.110053
          -0.101129233 -0.101129233 -0.101129233 -0.103525433 -0.103525433 -0.103525433 0.0465152203 0.0465152203 0.0465152203
          0.002847487 0.002847487 0.002847487 -0.0174654333 -0.0174654333 -0.0174654333 0.042532087 0.042532087 0.042532087
          0.0195931003 0.0195931003 0.0195931003 -0.129766467 -0.129766467 -0.129766467 -0.2072885 -0.2072885 -0.2072885
          -0.219606833 -0.219606833 -0.219606833 -0.166566167 -0.166566167 -0.166566167 -0.208516833 -0.208516833 -0.208516833
          -0.1883333 -0.1883333 -0.1883333 -0.157591633 -0.157591633 -0.157591633 -0.1014385 -0.1014385 -0.1014385
          -0.1035805 -0.1035805 -0.1035805 -0.0992267333 -0.0992267333 -0.0992267333 -0.0971280667 -0.0971280667 -0.0971280667
          -0.108552017 -0.108552017 -0.108552017 0.164798983 0.164798983 0.164798983 -0.0426512467 -0.0426512467 -0.0426512467
          0.18402242 0.18402242 0.18402242 -0.564623667 -0.564623667 -0.564623667 -0.580908333 -0.580908333 -0.580908333
          -0.561496667 -0.561496667 -0.561496667 -0.635275333 -0.635275333 -0.635275333 -0.568097667 -0.568097667 -0.568097667
          -0.528809667 -0.528809667 -0.528809667 -0.616143333 -0.616143333 -0.616143333 -0.565368 -0.565368 -0.565368
          -0.529555667 -0.529555667 -0.529555667 -0.533855333 -0.533855333 -0.533855333 0.922912333 0.922912333 0.922912333
          0.907976 0.907976 0.907976 0.71727 0.71727 0.71727 0.797227 0.797227 0.797227
          0.780837667 0.780837667 0.780837667 0.687813667 0.687813667 0.687813667 0.888259333 0.888259333 0.888259333
          0.916262667 0.916262667 0.916262667 -0.589922333 -0.589922333 -0.589922333 -0.58458 -0.58458 -0.58458
          -0.408206 -0.408206 -0.408206 -0.536209 -0.536209 -0.536209 -0.557760333 -0.557760333 -0.557760333
          -0.577111667 -0.577111667 -0.577111667 -0.620380333 -0.620380333 -0.620380333 -0.478368333 -0.478368333 -0.478368333
          0.706015 0.706015 0.706015 0.814634 0.814634 0.814634 0.206347357 0.206347357 0.206347357
          0.402856983 0.402856983 0.402856983 -0.505022 -0.505022 -0.505022 -0.525663 -0.525663 -0.525663
          -0.485323333 -0.485323333 -0.485323333 -0.457155 -0.457155 -0.457155 -0.526407333 -0.526407333 -0.526407333
          -0.514539333 -0.514539333 -0.514539333 -0.445805333 -0.445805333 -0.445805333 -0.465200667 -0.465200667 -0.465200667
          0.19423194 0.19423194 0.19423194 0.382600233 0.382600233 0.382600233 0.443099 0.443099 0.443099
          0.635393667 0.635393667 0.635393667 0.729622667 0.729622667 0.729622667 0.481278667 0.481278667 0.481278667
          0.247748467 0.247748467 0.247748467 0.271274133 0.271274133 0.271274133 0.788131333 0.788131333 0.788131333
          0.820655 0.820655 0.820655 -0.398235333 -0.398235333 -0.398235333 -0.419337667 -0.419337667 -0.419337667
          -0.492617 -0.492617 -0.492617 -0.477806667 -0.477806667 -0.477806667 -0.453554 -0.453554 -0.453554
          -0.455808667 -0.455808667 -0.455808667 -0.442204333 -0.442204333 -0.442204333 -0.373631667 -0.373631667 -0.373631667
          -0.411605 -0.411605 -0.411605 0.161213333 0.161213333 0.161213333 0.156832 0.156832 0.156832
          -0.0846156667 -0.0846156667 -0.0846156667 -0.233188333 -0.233188333 -0.233188333 -0.245279333 -0.245279333 -0.245279333
          -0.108799333 -0.108799333 -0.108799333 0.137636667 0.137636667 0.137636667 0.161213333 0.161213333 0.161213333
          0.125685133 0.125685133 0.125685133 0.362373667 0.362373667 0.362373667 0.332917333 0.332917333 0.332917333
          0.0580426667 0.0580426667 0.0580426667 0.0408736667 0.0408736667 0.0408736667 0.0578723333 0.0578723333 0.0578723333
          -0.276948933 -0.276948933 -0.276948933 -0.0648121333 -0.0648121333 -0.0648121333 0.510858067 0.510858067 0.510858067
          0.260657947 0.260657947 0.260657947 -0.535264 -0.535264 -0.535264 -0.531348333 -0.531348333 -0.531348333
          -0.569615667 -0.569615667 -0.569615667 -0.56448 -0.56448 -0.56448 -0.392668453 -0.392668453 -0.392668453
          -0.260498453 -0.260498453 -0.260498453 -0.289889167 -0.289889167 -0.289889167 -0.2694894 -0.2694894 -0.2694894
          -0.4346529 -0.4346529 -0.4346529 -0.377076233 -0.377076233 -0.377076233 -0.386493333 -0.386493333 -0.386493333
          -0.43779 -0.43779 -0.43779 -0.322850867 -0.322850867 -0.322850867 -0.451279333 -0.451279333 -0.451279333
          -0.486961667 -0.486961667 -0.486961667 -0.312149667 -0.312149667 -0.312149667 -0.201124333 -0.201124333 -0.201124333
          -0.502690667 -0.502690667 -0.502690667 -0.521305667 -0.521305667 -0.521305667 -0.556573667 -0.556573667 -0.556573667
          -0.524990333 -0.524990333 -0.524990333 -0.556640333 -0.556640333 -0.556640333 -0.606623 -0.606623 -0.606623
          -0.613607667 -0.613607667 -0.613607667 -0.592374 -0.592374 -0.592374 -0.485169 -0.485169 -0.485169
          -0.488003333 -0.488003333 -0.488003333 0.797958333 0.797958333 0.797958333 0.699827 0.699827 0.699827
          0.132042853 0.132042853 0.132042853 0.374110853 0.374110853 0.374110853 0.67082 0.67082 0.67082
          0.481545333 0.481545333 0.481545333 0.535610333 0.535610333 0.535610333 0.467957 0.467957 0.467957
          -0.472997333 -0.472997333 -0.472997333 -0.314294 -0.314294 -0.314294 -0.275287683 -0.275287683 -0.275287683
          -0.36021235 -0.36021235 -0.36021235 -0.32752535 -0.32752535 -0.32752535 -0.16575931 -0.16575931 -0.16575931
          0.925564667 0.925564667 0.925564667 0.934526 0.934526 0.934526 0.886025667 0.886025667 0.886025667
          0.869135667 0.869135667 0.869135667 0.860387667 0.860387667 0.860387667 0.884599 0.884599 0.884599
          0.927876333 0.927876333 0.927876333 0.911593667 0.911593667 0.911593667 -0.18203948 -0.18203948 -0.18203948
          -0.197433813 -0.197433813 -0.197433813 -0.3380261 -0.3380261 -0.3380261 -0.194628767 -0.194628767 -0.194628767
          -0.177874727 -0.177874727 -0.177874727 -0.359577433 -0.359577433 -0.359577433 -0.525574333 -0.525574333 -0.525574333
          -0.545085667 -0.545085667 -0.545085667 -0.476448667 -0.476448667 -0.476448667 -0.467823333 -0.467823333 -0.467823333
          -0.428334 -0.428334 -0.428334 -0.405488 -0.405488 -0.405488 0.649663667 0.649663667 0.649663667
          0.476564333 0.476564333 0.476564333 0.738864667 0.738864667 0.738864667 0.821077667 0.821077667 0.821077667
          0.349891967 0.349891967 0.349891967 0.485022633 0.485022633 0.485022633 -0.206979367 -0.206979367 -0.206979367
          0.00913396667 0.00913396667 0.00913396667 0.846645667 0.846645667 0.846645667 0.802401333 0.802401333 0.802401333
          -0.433322333 -0.433322333 -0.433322333 -0.422491 -0.422491 -0.422491 -0.0602022 -0.0602022 -0.0602022
          -0.252263867 -0.252263867 -0.252263867 -0.299020533 -0.299020533 -0.299020533 -0.130484533 -0.130484533 -0.130484533
          -0.233188333 -0.233188333 -0.233188333 -0.344677333 -0.344677333 -0.344677333 -0.349665667 -0.349665667 -0.349665667
          -0.245279333 -0.245279333 -0.245279333 -0.480858667 -0.480858667 -0.480858667 -0.296425533 -0.296425533 -0.296425533
          -0.341596333 -0.341596333 -0.341596333 -0.487843333 -0.487843333 -0.487843333 -0.341766667 -0.341766667 -0.341766667
          -0.358765333 -0.358765333 -0.358765333 -0.0648121333 -0.0648121333 -0.0648121333 0.207706067 0.207706067 0.207706067
          -0.19009772 -0.19009772 -0.19009772 -0.4245526 -0.4245526 -0.4245526 0.756249667 0.756249667 0.756249667
          0.674944333 0.674944333 0.674944333 0.46744788 0.46744788 0.46744788 0.747501667 0.747501667 0.747501667
          0.1194715 0.1194715 0.1194715 0.148862213 0.148862213 0.148862213 0.368010433 0.368010433 0.368010433
          0.139871267 0.139871267 0.139871267 -0.187336667 -0.187336667 -0.187336667 -0.386493333 -0.386493333 -0.386493333
          0.167561333 0.167561333 0.167561333 0.0992598 0.0992598 0.0992598 0.491342667 0.491342667 0.491342667
          0.507325 0.507325 0.507325 -0.301262667 -0.301262667 -0.301262667 -0.182787667 -0.182787667 -0.182787667
          0.253482967 0.253482967 0.253482967 -0.0149683667 -0.0149683667 -0.0149683667 -0.1772307 -0.1772307 -0.1772307
          -0.260023367 -0.260023367 -0.260023367 -0.0755099 -0.0755099 -0.0755099 0.184408767 0.184408767 0.184408767
          -0.341069567 -0.341069567 -0.341069567 -0.248659233 -0.248659233 -0.248659233 -0.314249333 -0.314249333 -0.314249333
          -0.347936667 -0.347936667 -0.347936667 -0.365982 -0.365982 -0.365982 -0.273029667 -0.273029667 -0.273029667
          -0.285627 -0.285627 -0.285627 -0.267771333 -0.267771333 -0.267771333 -0.244297667 -0.244297667 -0.244297667
          -0.164674667 -0.164674667 -0.164674667 -0.190041333 -0.190041333 -0.190041333 -0.196114333 -0.196114333 -0.196114333
          -0.15368 -0.15368 -0.15368 -0.183338 -0.183338 -0.183338 -0.223879333 -0.223879333 -0.223879333
          -0.243125 -0.243125 -0.243125 -0.243401333 -0.243401333 -0.243401333 -0.234590333 -0.234590333 -0.234590333
          -0.282964667 -0.282964667 -0.282964667 -0.209025667 -0.209025667 -0.209025667 -0.23234 -0.23234 -0.23234
          -0.295259667 -0.295259667 -0.295259667 -0.211764667 -0.211764667 -0.211764667 -0.256524333 -0.256524333 -0.256524333
          -0.314210333 -0.314210333 -0.314210333 -0.1819008 -0.1819008 -0.1819008 -0.0592343333 -0.0592343333 -0.0592343333
          -0.0767664667 -0.0767664667 -0.0767664667 -0.1758841 -0.1758841 -0.1758841 -0.242664333 -0.242664333 -0.242664333
          -0.229111333 -0.229111333 -0.229111333 -0.300974333 -0.300974333 -0.300974333 -0.369132 -0.369132 -0.369132
          -0.397266333 -0.397266333 -0.397266333 0.424166333 0.424166333 0.424166333 0.438420333 0.438420333 0.438420333
          0.335016533 0.335016533 0.335016533 0.3859302 0.3859302 0.3859302 0.284948533 0.284948533 0.284948533
          0.136849 0.136849 0.136849 0.0097872 0.0097872 0.0097872 -0.130257667 -0.130257667 -0.130257667
          -0.0212418233 -0.0212418233 -0.0212418233 0.31812151 0.31812151 0.31812151 0.25313651 0.25313651 0.25313651
          0.383238 0.383238 0.383238 0.513390667 0.513390667 0.513390667 -0.193429667 -0.193429667 -0.193429667
          -0.217373667 -0.217373667 -0.217373667 0.147723467 0.147723467 0.147723467 0.153643467 0.153643467 0.153643467
          -0.211833 -0.211833 -0.211833 -0.216642333 -0.216642333 -0.216642333 -0.176504667 -0.176504667 -0.176504667
          -0.16834 -0.16834 -0.16834 -0.174374333 -0.174374333 -0.174374333 -0.172843333 -0.172843333 -0.172843333
          -0.175089333 -0.175089333 -0.175089333 -0.204376 -0.204376 -0.204376 -0.217932 -0.217932 -0.217932
          -0.213716 -0.213716 -0.213716 -0.296051 -0.296051 -0.296051 -0.303358667 -0.303358667 -0.303358667
          -0.230838667 -0.230838667 -0.230838667 -0.365343667 -0.365343667 -0.365343667 -0.355547333 -0.355547333 -0.355547333
          -0.263016333 -0.263016333 -0.263016333 -0.235386667 -0.235386667 -0.235386667 -0.327565333 -0.327565333 -0.327565333
          -0.288584333 -0.288584333 -0.288584333 -0.0862268233 -0.0862268233 -0.0862268233 -0.145068333 -0.145068333 -0.145068333
          -0.0412195333 -0.0412195333 -0.0412195333 -0.240858 -0.240858 -0.240858 -0.218117667 -0.218117667 -0.218117667
          -0.229615333 -0.229615333 -0.229615333 -0.281199 -0.281199 -0.281199 -0.251694333 -0.251694333 -0.251694333
          -0.297782 -0.297782 -0.297782 -0.193558333 -0.193558333 -0.193558333 -0.188062333 -0.188062333 -0.188062333
          -0.121844333 -0.121844333 -0.121844333 -0.155190333 -0.155190333 -0.155190333 -0.122070333 -0.122070333 -0.122070333
          -0.148979333 -0.148979333 -0.148979333 -0.159968333 -0.159968333 -0.159968333 -0.150988333 -0.150988333 -0.150988333
          -0.1199452 -0.1199452 -0.1199452 -0.150272667 -0.150272667 -0.150272667 -0.144489333 -0.144489333 -0.144489333
          -0.160002333 -0.160002333 -0.160002333 -0.1156602 -0.1156602 -0.1156602 -0.142959667 -0.142959667 -0.142959667
          -0.234209 -0.234209 -0.234209 -0.198606 -0.198606 -0.198606 -0.246527 -0.246527 -0.246527
          -0.211834667 -0.211834667 -0.211834667 -0.207042667 -0.207042667 -0.207042667 -0.210074333 -0.210074333 -0.210074333
          -0.235598333 -0.235598333 -0.235598333 -0.214498667 -0.214498667 -0.214498667 -0.201263333 -0.201263333 -0.201263333
          -0.294931333 -0.294931333 -0.294931333 -0.346064667 -0.346064667 -0.346064667 -0.279972 -0.279972 -0.279972
          -0.265014333 -0.265014333 -0.265014333 -0.250090333 -0.250090333 -0.250090333 -0.193233667 -0.193233667 -0.193233667
          -0.173901333 -0.173901333 -0.173901333 -0.326268667 -0.326268667 -0.326268667 -0.237564333 -0.237564333 -0.237564333
          -0.218359333 -0.218359333 -0.218359333 -0.216831 -0.216831 -0.216831 -0.162906667 -0.162906667 -0.162906667
          -0.206869333 -0.206869333 -0.206869333 -0.221873333 -0.221873333 -0.221873333 -0.247979333 -0.247979333 -0.247979333
          -0.00128556667 -0.00128556667 -0.00128556667 -0.1175741 -0.1175741 -0.1175741 0.2944509 0.2944509 0.2944509
          0.161559433 0.161559433 0.161559433 0.0875488667 0.0875488667 0.0875488667 0.0723408 0.0723408 0.0723408
          -0.123742533 -0.123742533 -0.123742533 -0.21127 -0.21127 -0.21127 0.0842878667 0.0842878667 0.0842878667
          0.234350233 0.234350233 0.234350233 -0.258751367 -0.258751367 -0.258751367 -0.0976970333 -0.0976970333 -0.0976970333
          -0.0899941333 -0.0899941333 -0.0899941333 -0.249818467 -0.249818467 -0.249818467 -0.403266667 -0.403266667 -0.403266667
          -0.335698 -0.335698 -0.335698 -0.330489 -0.330489 -0.330489 -0.111275067 -0.111275067 -0.111275067
          -0.155376 -0.155376 -0.155376 -0.0861496 -0.0861496 -0.0861496 -0.123813533 -0.123813533 -0.123813533
          -0.0891123333 -0.0891123333 -0.0891123333 0.065345 0.065345 0.065345 0.239873 0.239873 0.239873
          0.349438667 0.349438667 0.349438667 -0.149379 -0.149379 -0.149379 -0.0419694667 -0.0419694667 -0.0419694667
          0.274468333 0.274468333 0.274468333 0.117854867 0.117854867 0.117854867 -0.156671333 -0.156671333 -0.156671333
          -0.118601867 -0.118601867 -0.118601867 -0.214807333 -0.214807333 -0.214807333 -0.205878 -0.205878 -0.205878
          -0.121826333 -0.121826333 -0.121826333 -0.114316867 -0.114316867 -0.114316867 -0.143683 -0.143683 -0.143683
          -0.122052333 -0.122052333 -0.122052333 -0.0175441333 -0.0175441333 -0.0175441333 0.0554049333 0.0554049333 0.0554049333
          0.0449464667 0.0449464667 0.0449464667 -0.0426696 -0.0426696 -0.0426696 0.204807467 0.204807467 0.204807467
          0.219474467 0.219474467 0.219474467 -0.301213333 -0.301213333 -0.301213333 -0.296927667 -0.296927667 -0.296927667
          -0.266832667 -0.266832667 -0.266832667 -0.272130667 -0.272130667 -0.272130667 -0.206203 -0.206203 -0.206203
          0.1025739 0.1025739 0.1025739 0.154334667 0.154334667 0.154334667 -0.046526 -0.046526 -0.046526
          -0.173181 -0.173181 -0.173181 -0.200823667 -0.200823667 -0.200823667 -0.210295 -0.210295 -0.210295
          -0.204246667 -0.204246667 -0.204246667 -0.208721667 -0.208721667 -0.208721667 -0.395247 -0.395247 -0.395247
          -0.293789667 -0.293789667 -0.293789667 -0.278070333 -0.278070333 -0.278070333 -0.271805333 -0.271805333 -0.271805333
          -0.273353 -0.273353 -0.273353 -0.31434 -0.31434 -0.31434 -0.0870066667 -0.0870066667 -0.0870066667
          0.076147 0.076147 0.076147 0.28925807 0.28925807 0.28925807 0.20519165 0.20519165 0.20519165
          -0.07525742 -0.07525742 -0.07525742 -0.0482102667 -0.0482102667 -0.0482102667 -0.272017933 -0.272017933 -0.272017933
          -0.123476683 -0.123476683 -0.123476683 -0.196560597 -0.196560597 -0.196560597 0.3811824 0.3811824 0.3811824
          0.537273667 0.537273667 0.537273667 0.515906333 0.515906333 0.515906333 0.470823667 0.470823667 0.470823667
          0.359491667 0.359491667 0.359491667 0.407396333 0.407396333 0.407396333 0.428763667 0.428763667 0.428763667
          0.329691667 0.329691667 0.329691667 -0.265587 -0.265587 -0.265587 -0.251084 -0.251084 -0.251084
          -0.309651667 -0.309651667 -0.309651667 -0.275654333 -0.275654333 -0.275654333 -0.239665 -0.239665 -0.239665
          -0.248234 -0.248234 -0.248234 -0.235231333 -0.235231333 -0.235231333 -0.232918667 -0.232918667 -0.232918667
          -0.189688 -0.189688 -0.189688 -0.203428333 -0.203428333 -0.203428333 -0.248160667 -0.248160667 -0.248160667
          -0.232068 -0.232068 -0.232068 0.2461 0.2461 0.2461 0.031779 0.031779 0.031779
          -0.081367 -0.081367 -0.081367 0.333814667 0.333814667 0.333814667 0.422657667 0.422657667 0.422657667
          0.437783 0.437783 0.437783 0.462331667 0.462331667 0.462331667 -0.239511333 -0.239511333 -0.239511333
          -0.24956 -0.24956 -0.24956 -0.204055333 -0.204055333 -0.204055333 -0.225598667 -0.225598667 -0.225598667
          -0.228035333 -0.228035333 -0.228035333 -0.259627333 -0.259627333 -0.259627333 -0.205642667 -0.205642667 -0.205642667
          -0.21972 -0.21972 -0.21972 -0.168063 -0.168063 -0.168063 -0.148456333 -0.148456333 -0.148456333
          -0.193506333 -0.193506333 -0.193506333 -0.227422 -0.227422 -0.227422 -0.293349667 -0.293349667 -0.293349667
          -0.292337333 -0.292337333 -0.292337333 -0.264905 -0.264905 -0.264905 -0.284733 -0.284733 -0.284733
          -0.193108667 -0.193108667 -0.193108667 -0.195469333 -0.195469333 -0.195469333 -0.234362333 -0.234362333 -0.234362333
          -0.284733 -0.284733 -0.284733 -0.153008 -0.153008 -0.153008 -0.172562333 -0.172562333 -0.172562333
          -0.240226 -0.240226 -0.240226 -0.246993 -0.246993 -0.246993 -0.212009333 -0.212009333 -0.212009333
          -0.233080333 -0.233080333 -0.233080333 -0.196431667 -0.196431667 -0.196431667 -0.210735667 -0.210735667 -0.210735667
          -0.152410667 -0.152410667 -0.152410667 -0.168285 -0.168285 -0.168285 -0.147845 -0.147845 -0.147845
          -0.141637667 -0.141637667 -0.141637667 -0.188452333 -0.188452333 -0.188452333 -0.209392667 -0.209392667 -0.209392667
          -0.225112 -0.225112 -0.225112 -0.210060667 -0.210060667 -0.210060667 -0.204258333 -0.204258333 -0.204258333
          -0.188054667 -0.188054667 -0.188054667 -0.196681667 -0.196681667 -0.196681667 -0.19821 -0.19821 -0.19821
          -0.284468333 -0.284468333 -0.284468333 -0.27978 -0.27978 -0.27978 -0.218183 -0.218183 -0.218183
          -0.208133333 -0.208133333 -0.208133333 -0.212505 -0.212505 -0.212505 -0.238012333 -0.238012333 -0.238012333
          -0.230146 -0.230146 -0.230146 -0.246199 -0.246199 -0.246199 -0.262051667 -0.262051667 -0.262051667
          -0.272579333 -0.272579333 -0.272579333 -0.274554667 -0.274554667 -0.274554667 -0.247026333 -0.247026333 -0.247026333
          -0.274401 -0.274401 -0.274401 -0.271386667 -0.271386667 -0.271386667 -0.21119 -0.21119 -0.21119
          -0.236834333 -0.236834333 -0.236834333 -0.371195667 -0.371195667 -0.371195667 -0.351271 -0.351271 -0.351271
          -0.234762333 -0.234762333 -0.234762333 -0.194373 -0.194373 -0.194373 -0.199412333 -0.199412333 -0.199412333
          -0.198978667 -0.198978667 -0.198978667 -0.142683333 -0.142683333 -0.142683333 -0.166320667 -0.166320667 -0.166320667
          -0.14652 -0.14652 -0.14652 -0.187846667 -0.187846667 -0.187846667 0.280458067 0.280458067 0.280458067
          0.253410913 0.253410913 0.253410913 0.0357134033 0.0357134033 0.0357134033 -0.12143693 -0.12143693 -0.12143693
          -0.192394933 -0.192394933 -0.192394933 -0.335548667 -0.335548667 -0.335548667 -0.209114667 -0.209114667 -0.209114667
          -0.205122333 -0.205122333 -0.205122333 -0.181142333 -0.181142333 -0.181142333 -0.172989 -0.172989 -0.172989
          -0.206407667 -0.206407667 -0.206407667 -0.202573 -0.202573 -0.202573 -0.164993333 -0.164993333 -0.164993333
          -0.156682333 -0.156682333 -0.156682333 -0.0454245347 -0.0454245347 -0.0454245347 -0.108779333 -0.108779333 -0.108779333
          0.022651032 0.022651032 0.022651032 0.0996312333 0.0996312333 0.0996312333 0.254252567 0.254252567 0.254252567
          0.3031759 0.3031759 0.3031759 -0.031406968 -0.031406968 -0.031406968 -0.0726801 -0.0726801 -0.0726801
          0.161175 0.161175 0.161175 0.126467067 0.126467067 0.126467067 0.3169664 0.3169664 0.3169664
          0.0248536667 0.0248536667 0.0248536667 0.145634333 0.145634333 0.145634333 0.300255667 0.300255667 0.300255667
          0.364304333 0.364304333 0.364304333 -0.156365667 -0.156365667 -0.156365667 -0.133292 -0.133292 -0.133292
          -0.171943333 -0.171943333 -0.171943333 -0.163317667 -0.163317667 -0.163317667 -0.146488333 -0.146488333 -0.146488333
          -0.137128667 -0.137128667 -0.137128667 -0.147011 -0.147011 -0.147011 -0.141922667 -0.141922667 -0.141922667
          -0.516883 -0.516883 -0.516883 -0.388773333 -0.388773333 -0.388773333 -0.546917333 -0.546917333 -0.546917333
          -0.472253667 -0.472253667 -0.472253667 -0.180769 -0.180769 -0.180769 -0.183846667 -0.183846667 -0.183846667
          -0.501885333 -0.501885333 -0.501885333 -0.378695667 -0.378695667 -0.378695667 -0.0611294 -0.0611294 -0.0611294
          -0.0856861333 -0.0856861333 -0.0856861333 -0.1039726 -0.1039726 -0.1039726 -0.0908929 -0.0908929 -0.0908929
          -0.0934277333 -0.0934277333 -0.0934277333 -0.106119933 -0.106119933 -0.106119933 -0.0795927333 -0.0795927333 -0.0795927333
          -0.0554235 -0.0554235 -0.0554235 -0.318450667 -0.318450667 -0.318450667 -0.262090667 -0.262090667 -0.262090667
          -0.157691333 -0.157691333 -0.157691333 -0.174220333 -0.174220333 -0.174220333 -0.108360967 -0.108360967 -0.108360967
          -0.1094817 -0.1094817 -0.1094817 -0.108223033 -0.108223033 -0.108223033 -0.347123333 -0.347123333 -0.347123333
          -0.311727 -0.311727 -0.311727 -0.136845067 -0.136845067 -0.136845067 -0.200655067 -0.200655067 -0.200655067
          -0.220795 -0.220795 -0.220795 -0.180089333 -0.180089333 -0.180089333 -0.2643224 -0.2643224 -0.2643224
          -0.1560968 -0.1560968 -0.1560968 -0.356691667 -0.356691667 -0.356691667 -0.498686 -0.498686 -0.498686
          -0.1503909 -0.1503909 -0.1503909 -0.222539833 -0.222539833 -0.222539833 -0.609975333 -0.609975333 -0.609975333
          -0.504057667 -0.504057667 -0.504057667 -0.610166333 -0.610166333 -0.610166333 -0.677834667 -0.677834667 -0.677834667
          -0.571472 -0.571472 -0.571472 -0.609721333 -0.609721333 -0.609721333 0.0798732667 0.0798732667 0.0798732667
          0.189350567 0.189350567 0.189350567 -0.119226433 -0.119226433 -0.119226433 -0.0538914 -0.0538914 -0.0538914
          0.317504667 0.317504667 0.317504667 0.319341333 0.319341333 0.319341333 0.360976 0.360976 0.360976
          0.358384 0.358384 0.358384 0.326323333 0.326323333 0.326323333 0.339468 0.339468 0.339468
          -0.459741667 -0.459741667 -0.459741667 -0.358689333 -0.358689333 -0.358689333 -0.465493 -0.465493 -0.465493
          -0.270408267 -0.270408267 -0.270408267 -0.368723933 -0.368723933 -0.368723933 -0.472253667 -0.472253667 -0.472253667
          -0.378575667 -0.378575667 -0.378575667 -0.257566 -0.257566 -0.257566 -0.336753667 -0.336753667 -0.336753667
          -0.471851 -0.471851 -0.471851 -0.198541367 -0.198541367 -0.198541367 -0.2644127 -0.2644127 -0.2644127
          -0.175001367 -0.175001367 -0.175001367 -0.239614033 -0.239614033 -0.239614033 -0.232301667 -0.232301667 -0.232301667
          -0.21866 -0.21866 -0.21866 -0.285847333 -0.285847333 -0.285847333 -0.212988333 -0.212988333 -0.212988333
          -0.200305667 -0.200305667 -0.200305667 -0.176220667 -0.176220667 -0.176220667 -0.122320933 -0.122320933 -0.122320933
          -0.0601023333 -0.0601023333 -0.0601023333 -0.0590270333 -0.0590270333 -0.0590270333 -0.143974933 -0.143974933 -0.143974933
          -0.138665333 -0.138665333 -0.138665333 -0.148056 -0.148056 -0.148056 -0.146507333 -0.146507333 -0.146507333
          -0.151203667 -0.151203667 -0.151203667 -0.223592 -0.223592 -0.223592 -0.213703 -0.213703 -0.213703
          -0.343370667 -0.343370667 -0.343370667 -0.311799 -0.311799 -0.311799 -0.190301667 -0.190301667 -0.190301667
          -0.186201333 -0.186201333 -0.186201333 -0.112739633 -0.112739633 -0.112739633 -0.101883467 -0.101883467 -0.101883467
          -0.132812 -0.132812 -0.132812 -0.161246333 -0.161246333 -0.161246333 -0.149863167 -0.149863167 -0.149863167
          -0.193254 -0.193254 -0.193254 -0.147435333 -0.147435333 -0.147435333 -0.254399333 -0.254399333 -0.254399333
          -0.238946 -0.238946 -0.238946 -0.107185867 -0.107185867 -0.107185867 -0.127044733 -0.127044733 -0.127044733
          -0.12267 -0.12267 -0.12267 -0.129510333 -0.129510333 -0.129510333 -0.155126667 -0.155126667 -0.155126667
          -0.140645333 -0.140645333 -0.140645333 -0.144683333 -0.144683333 -0.144683333 -0.215524667 -0.215524667 -0.215524667
          -0.122797 -0.122797 -0.122797 -0.114927467 -0.114927467 -0.114927467 -0.131657667 -0.131657667 -0.131657667
          -0.126835 -0.126835 -0.126835 -0.390126 -0.390126 -0.390126 -0.351876667 -0.351876667 -0.351876667
          -0.141782333 -0.141782333 -0.141782333 -0.140155 -0.140155 -0.140155 0.0447164 0.0447164 0.0447164
          -0.0446092667 -0.0446092667 -0.0446092667 0.231578667 0.231578667 0.231578667 0.046476 0.046476 0.046476
          -0.095773 -0.095773 -0.095773 0.224596667 0.224596667 0.224596667 0.156634 0.156634 0.156634
          0.0830510667 0.0830510667 0.0830510667 0.0396997667 0.0396997667 0.0396997667 -0.0940649 -0.0940649 -0.0940649
          -0.238354933 -0.238354933 -0.238354933 0.128174633 0.128174633 0.128174633 0.2581499 0.2581499 0.2581499
          0.245760567 0.245760567 0.245760567 0.228408733 0.228408733 0.228408733 0.101361333 0.101361333 0.101361333
          0.1440676 0.1440676 0.1440676 0.248419333 0.248419333 0.248419333 0.0656963333 0.0656963333 0.0656963333
          -0.0627463333 -0.0627463333 -0.0627463333 -0.107564367 -0.107564367 -0.107564367 -0.143099 -0.143099 -0.143099
          -0.0797457667 -0.0797457667 -0.0797457667 -0.110586067 -0.110586067 -0.110586067 -0.339706667 -0.339706667 -0.339706667
          -0.294554667 -0.294554667 -0.294554667 -0.284873667 -0.284873667 -0.284873667 -0.212453667 -0.212453667 -0.212453667
          -0.190074 -0.190074 -0.190074 -0.168208 -0.168208 -0.168208 -0.160366 -0.160366 -0.160366
          -0.154964 -0.154964 -0.154964 0.070834 0.070834 0.070834 -0.0635776667 -0.0635776667 -0.0635776667
          0.221616 0.221616 0.221616 0.269927333 0.269927333 0.269927333 0.0540710333 0.0540710333 0.0540710333
          -0.034917 -0.034917 -0.034917 -0.0070984 -0.0070984 -0.0070984 0.0641759667 0.0641759667 0.0641759667
          0.187139367 0.187139367 0.187139367 0.204853033 0.204853033 0.204853033 -0.154946667 -0.154946667 -0.154946667
          -0.152973667 -0.152973667 -0.152973667 -0.172439667 -0.172439667 -0.172439667 -0.149023333 -0.149023333 -0.149023333
          -0.137449333 -0.137449333 -0.137449333 -0.160725 -0.160725 -0.160725 -0.124704667 -0.124704667 -0.124704667
          -0.126818333 -0.126818333 -0.126818333 -0.215726333 -0.215726333 -0.215726333 -0.183918667 -0.183918667 -0.183918667
          -0.268520667 -0.268520667 -0.268520667 -0.291252667 -0.291252667 -0.291252667 -0.311703333 -0.311703333 -0.311703333
          -0.311628333 -0.311628333 -0.311628333 -0.206096 -0.206096 -0.206096 -0.238087 -0.238087 -0.238087
          -0.261245 -0.261245 -0.261245 -0.314105333 -0.314105333 -0.314105333 -0.385953 -0.385953 -0.385953
          -0.33778 -0.33778 -0.33778 -0.353456333 -0.353456333 -0.353456333 -0.384262667 -0.384262667 -0.384262667
          -0.177967667 -0.177967667 -0.177967667 -0.214646 -0.214646 -0.214646 -0.278777 -0.278777 -0.278777
          -0.307986 -0.307986 -0.307986 -0.1843386 -0.1843386 -0.1843386 -0.0562054667 -0.0562054667 -0.0562054667
          0.387287333 0.387287333 0.387287333 0.435753333 0.435753333 0.435753333 0.296839667 0.296839667 0.296839667
          0.287424333 0.287424333 0.287424333 0.0135810633 0.0135810633 0.0135810633 0.13089223 0.13089223 0.13089223
          0.186763097 0.186763097 0.186763097 -0.135582737 -0.135582737 -0.135582737 -0.245238833 -0.245238833 -0.245238833
          -0.27460657 -0.27460657 -0.27460657 -0.245126903 -0.245126903 -0.245126903 -0.391186667 -0.391186667 -0.391186667
          -0.04181857 -0.04181857 -0.04181857 0.13373643 0.13373643 0.13373643 0.235805667 0.235805667 0.235805667
          0.2244724 0.2244724 0.2244724 0.257948067 0.257948067 0.257948067 0.1410432 0.1410432 0.1410432
          -0.0205656 -0.0205656 -0.0205656 -0.122253667 -0.122253667 -0.122253667 0.028602 0.028602 0.028602
          -0.286645 -0.286645 -0.286645 -0.270652 -0.270652 -0.270652 -0.231948 -0.231948 -0.231948
          -0.264666 -0.264666 -0.264666 -0.224164 -0.224164 -0.224164 -0.240889 -0.240889 -0.240889
          -0.197546667 -0.197546667 -0.197546667 -0.229921667 -0.229921667 -0.229921667 -0.172380667 -0.172380667 -0.172380667
          -0.171383 -0.171383 -0.171383 -0.269451667 -0.269451667 -0.269451667 -0.271072333 -0.271072333 -0.271072333
          -0.257811667 -0.257811667 -0.257811667 -0.246136333 -0.246136333 -0.246136333 -0.210128 -0.210128 -0.210128
          -0.202884 -0.202884 -0.202884 -0.157708667 -0.157708667 -0.157708667 -0.171718667 -0.171718667 -0.171718667
          -0.197329 -0.197329 -0.197329 -0.216555333 -0.216555333 -0.216555333 -0.205137667 -0.205137667 -0.205137667
          -0.260348667 -0.260348667 -0.260348667 -0.286396333 -0.286396333 -0.286396333 -0.228179 -0.228179 -0.228179
          -0.264417333 -0.264417333 -0.264417333 -0.201350667 -0.201350667 -0.201350667 -0.211541333 -0.211541333 -0.211541333
          -0.133006667 -0.133006667 -0.133006667 -0.147819667 -0.147819667 -0.147819667 -0.138392667 -0.138392667 -0.138392667
          -0.152528333 -0.152528333 -0.152528333 -0.0122621333 -0.0122621333 -0.0122621333 -0.108275 -0.108275 -0.108275
          -0.0374004333 -0.0374004333 -0.0374004333 -0.100040633 -0.100040633 -0.100040633 0.0740762333 0.0740762333 0.0740762333
          0.152661367 0.152661367 0.152661367 0.283512 0.283512 0.283512 0.341571 0.341571 0.341571
          -0.251649333 -0.251649333 -0.251649333 -0.223607 -0.223607 -0.223607 -0.331338333 -0.331338333 -0.331338333
          -0.323805 -0.323805 -0.323805 -0.187674333 -0.187674333 -0.187674333 -0.163609667 -0.163609667 -0.163609667
          -0.179890333 -0.179890333 -0.179890333 -0.168594 -0.168594 -0.168594 -0.152447667 -0.152447667 -0.152447667
          -0.139676667 -0.139676667 -0.139676667 -0.177611 -0.177611 -0.177611 -0.177613667 -0.177613667 -0.177613667
          -0.152628667 -0.152628667 -0.152628667 -0.193867333 -0.193867333 -0.193867333 -0.242792 -0.242792 -0.242792
          -0.221033 -0.221033 -0.221033 -0.156967667 -0.156967667 -0.156967667 -0.159905333 -0.159905333 -0.159905333
          -0.208843667 -0.208843667 -0.208843667 -0.237713667 -0.237713667 -0.237713667 -0.205249 -0.205249 -0.205249
          -0.188575 -0.188575 -0.188575 -0.158942667 -0.158942667 -0.158942667 -0.151648333 -0.151648333 -0.151648333
          -0.137104333 -0.137104333 -0.137104333 -0.209318333 -0.209318333 -0.209318333 -0.200586667 -0.200586667 -0.200586667
          -0.272000667 -0.272000667 -0.272000667 -0.241994 -0.241994 -0.241994 -0.29437 -0.29437 -0.29437
          -0.292451333 -0.292451333 -0.292451333 -0.246399333 -0.246399333 -0.246399333 -0.252951333 -0.252951333 -0.252951333
          -0.314713667 -0.314713667 -0.314713667 -0.290385 -0.290385 -0.290385 -0.190925667 -0.190925667 -0.190925667
          -0.159484 -0.159484 -0.159484 -0.0815983667 -0.0815983667 -0.0815983667 -0.211725167 -0.211725167 -0.211725167
          0.330041 0.330041 0.330041 0.257514667 0.257514667 0.257514667 0.171396733 0.171396733 0.171396733
          -0.00814126667 -0.00814126667 -0.00814126667 -0.128702667 -0.128702667 -0.128702667 -0.138609667 -0.138609667 -0.138609667
          -0.144532 -0.144532 -0.144532 -0.137766 -0.137766 -0.137766 -0.132850667 -0.132850667 -0.132850667
          -0.136119 -0.136119 -0.136119 -0.160785 -0.160785 -0.160785 -0.151035333 -0.151035333 -0.151035333
          -0.166289 -0.166289 -0.166289 -0.0666096333 -0.0666096333 -0.0666096333 -0.0811859667 -0.0811859667 -0.0811859667
          -0.179694667 -0.179694667 -0.179694667 -0.159150333 -0.159150333 -0.159150333 -0.152866333 -0.152866333 -0.152866333
          -0.131524333 -0.131524333 -0.131524333 -0.135217333 -0.135217333 -0.135217333 -0.132855 -0.132855 -0.132855
          -0.127469 -0.127469 -0.127469 -0.129033667 -0.129033667 -0.129033667 -0.1235546 -0.1235546 -0.1235546
          -0.0140677 -0.0140677 -0.0140677 0.201208633 0.201208633 0.201208633 0.271259733 0.271259733 0.271259733
          -0.0064939 -0.0064939 -0.0064939 0.1201551 0.1201551 0.1201551 -0.0247287 -0.0247287 -0.0247287
          -0.0909196 -0.0909196 -0.0909196 0.251005733 0.251005733 0.251005733 0.190547633 0.190547633 0.190547633
        </DataArray>
        <DataArray type="Float32" Name="pressureCoeffAbs" format="ascii">
          0.490181 0.490181 0.490181 0.592708333 0.592708333 0.592708333 0.662409667 0.662409667 0.662409667
          0.601108333 0.601108333 0.601108333 0.410085 0.410085 0.410085 0.331169 0.331169 0.331169
          0.0990214 0.0990214 0.0990214 0.100459033 0.100459033 0.100459033 0.149924367 0.149924367 0.149924367
          0.130005 0.130005 0.130005 0.117657667 0.117657667 0.117657667 0.129653 0.129653 0.129653
          0.115443667 0.115443667 0.115443667 0.1153738 0.1153738 0.1153738 0.123215133 0.123215133 0.123215133
          0.110953346 0.110953346 0.110953346 0.080735413 0.080735413 0.080735413 0.124485333 0.124485333 0.124485333
          0.113168 0.113168 0.113168 0.273978667 0.273978667 0.273978667 0.276827 0.276827 0.276827
          0.231346667 0.231346667 0.231346667 0.344181 0.344181 0.344181 0.115173333 0.115173333 0.115173333
          0.109097 0.109097 0.109097 0.358752667 0.358752667 0.358752667 0.247479667 0.247479667 0.247479667
          0.283715 0.283715 0.283715 0.274785333 0.274785333 0.274785333 0.114822333 0.114822333 0.114822333
          0.106862 0.106862 0.106862 0.1056988 0.1056988 0.1056988 0.1059678 0.1059678 0.1059678
          0.0999741667 0.0999741667 0.0999741667 0.0969261333 0.0969261333 0.0969261333 0.161664667 0.161664667 0.161664667
          0.184187667 0.184187667 0.184187667 0.153341333 0.153341333 0.153341333 0.183331667 0.183331667 0.183331667
          0.164713333 0.164713333 0.164713333 0.186525 0.186525 0.186525 0.156215667 0.156215667 0.156215667
          0.185669 0.185669 0.185669 0.173835333 0.173835333 0.173835333 0.0872970333 0.0872970333 0.0872970333
          0.238427 0.238427 0.238427 0.369842667 0.369842667 0.369842667 0.401585333 0.401585333 0.401585333
          0.284388667 0.284388667 0.284388667 0.586998 0.586998 0.586998 0.575355 0.575355 0.575355
          0.1585614 0.1585614 0.1585614 0.311335667 0.311335667 0.311335667 0.1633263 0.1633263 0.1633263
          0.327743567 0.327743567 0.327743567 0.173141667 0.173141667 0.173141667 0.0724903667 0.0724903667 0.0724903667
          0.218622 0.218622 0.218622 0.233694 0.233694 0.233694 0.192303667 0.192303667 0.192303667
          0.244404667 0.244404667 0.244404667 0.342929667 0.342929667 0.342929667 0.380619667 0.380619667 0.380619667
          0.0870797867 0.0870797867 0.0870797867 0.166024653 0.166024653 0.166024653 0.104723233 0.104723233 0.104723233
          0.2213581 0.2213581 0.2213581 0.542227333 0.542227333 0.542227333 0.445454333 0.445454333 0.445454333
          0.498323333 0.498323333 0.498323333 0.677116667 0.677116667 0.677116667 0.189907333 0.189907333 0.189907333
          0.0832263667 0.0832263667 0.0832263667 0.226142667 0.226142667 0.226142667 0.235185 0.235185 0.235185
          0.194528 0.194528 0.194528 0.245895667 0.245895667 0.245895667 0.07195302 0.07195302 0.07195302
          0.154263987 0.154263987 0.154263987 0.0888147 0.0888147 0.0888147 0.250041667 0.250041667 0.250041667
          0.705084333 0.705084333 0.705084333 0.766385667 0.766385667 0.766385667 0.205859667 0.205859667 0.205859667
          0.0765610333 0.0765610333 0.0765610333 0.311267667 0.311267667 0.311267667 0.287554 0.287554 0.287554
          0.236280333 0.236280333 0.236280333 0.344181 0.344181 0.344181 0.129935433 0.129935433 0.129935433
          0.234146433 0.234146433 0.234146433 0.133918567 0.133918567 0.133918567 0.290998567 0.290998567 0.290998567
          0.778704667 0.778704667 0.778704667 0.729046333 0.729046333 0.729046333 0.189076333 0.189076333 0.189076333
          0.196555667 0.196555667 0.196555667 0.168165 0.168165 0.168165 0.189643333 0.189643333 0.189643333
          0.193525333 0.193525333 0.193525333 0.181408667 0.181408667 0.181408667 0.1039217 0.1039217 0.1039217
          0.122178967 0.122178967 0.122178967 0.0617493 0.0617493 0.0617493 0.0154942 0.0154942 0.0154942
          0.0188650333 0.0188650333 0.0188650333 0.138249933 0.138249933 0.138249933 0.111214633 0.111214633 0.111214633
          0.161449667 0.161449667 0.161449667 0.151302333 0.151302333 0.151302333 0.165972333 0.165972333 0.165972333
          0.156205667 0.156205667 0.156205667 0.140367333 0.140367333 0.140367333 0.136828 0.136828 0.136828
          0.128941667 0.128941667 0.128941667 0.116213667 0.116213667 0.116213667 0.148373667 0.148373667 0.148373667
          0.165988333 0.165988333 0.165988333 0.0945546533 0.0945546533 0.0945546533 0.0564183867 0.0564183867 0.0564183867
          0.0970894 0.0970894 0.0970894 0.15945 0.15945 0.15945 0.170511 0.170511 0.170511
          0.0816777667 0.0816777667 0.0816777667 0.102057067 0.102057067 0.102057067 0.136928667 0.136928667 0.136928667
          0.141179333 0.141179333 0.141179333 0.153187 0.153187 0.153187 0.162896 0.162896 0.162896
          0.149848 0.149848 0.149848 0.163079 0.163079 0.163079 0.111575667 0.111575667 0.111575667
          0.122263 0.122263 0.122263 0.0189065667 0.0189065667 0.0189065667 0.0718419667 0.0718419667 0.0718419667
          0.104131 0.104131 0.104131 0.097866 0.097866 0.097866 0.103258667 0.103258667 0.103258667
          0.0823423667 0.0823423667 0.0823423667 0.168173667 0.168173667 0.168173667 0.150823 0.150823 0.150823
          0.168356667 0.168356667 0.168356667 0.157271 0.157271 0.157271 0.163474667 0.163474667 0.163474667
          0.193873333 0.193873333 0.193873333 0.158812667 0.158812667 0.158812667 0.184963 0.184963 0.184963
          0.180324333 0.180324333 0.180324333 0.150744667 0.150744667 0.150744667 0.119459 0.119459 0.119459
          0.131548667 0.131548667 0.131548667 0.119919433 0.119919433 0.119919433 0.109239567 0.109239567 0.109239567
          0.117851346 0.117851346 0.117851346 0.0669046663 0.0669046663 0.0669046663 0.113061987 0.113061987 0.113061987
          0.214312333 0.214312333 0.214312333 0.200873333 0.200873333 0.200873333 0.178014333 0.178014333 0.178014333
          0.205402 0.205402 0.205402 0.177957333 0.177957333 0.177957333 0.181167 0.181167 0.181167
          0.197284 0.197284 0.197284 0.101048333 0.101048333 0.101048333 0.138008267 0.138008267 0.138008267
          0.183171333 0.183171333 0.183171333 0.160447 0.160447 0.160447 0.176259 0.176259 0.176259
          0.152635333 0.152635333 0.152635333 0.152701 0.152701 0.152701 0.178280333 0.178280333 0.178280333
          0.125050333 0.125050333 0.125050333 0.114632333 0.114632333 0.114632333 0.111493433 0.111493433 0.111493433
          0.121875767 0.121875767 0.121875767 0.177053667 0.177053667 0.177053667 0.201006 0.201006 0.201006
          0.243546 0.243546 0.243546 0.241645333 0.241645333 0.241645333 0.248292667 0.248292667 0.248292667
          0.226241 0.226241 0.226241 0.223315333 0.223315333 0.223315333 0.237771 0.237771 0.237771
          0.295892333 0.295892333 0.295892333 0.300244667 0.300244667 0.300244667 0.0234737333 0.0234737333 0.0234737333
          0.0213437333 0.0213437333 0.0213437333 0.0262440333 0.0262440333 0.0262440333 0.0084341 0.0084341 0.0084341
          0.130083667 0.130083667 0.130083667 0.132815333 0.132815333 0.132815333 0.177393333 0.177393333 0.177393333
          0.211574 0.211574 0.211574 0.172138333 0.172138333 0.172138333 0.209205 0.209205 0.209205
          0.107653 0.107653 0.107653 0.110843333 0.110843333 0.110843333 0.0263631133 0.0263631133 0.0263631133
          0.00444372 0.00444372 0.00444372 0.0220871667 0.0220871667 0.0220871667 0.0115720467 0.0115720467 0.0115720467
          0.130917667 0.130917667 0.130917667 0.132916 0.132916 0.132916 0.211828333 0.211828333 0.211828333
          0.178432667 0.178432667 0.178432667 0.207335667 0.207335667 0.207335667 0.168391 0.168391 0.168391
          0.105405333 0.105405333 0.105405333 0.102994 0.102994 0.102994 0.0172747 0.0172747 0.0172747
          0.0155880667 0.0155880667 0.0155880667 0.0270277133 0.0270277133 0.0270277133 0.00041302 0.00041302 0.00041302
          0.270022333 0.270022333 0.270022333 0.289383667 0.289383667 0.289383667 0.175344 0.175344 0.175344
          0.218748667 0.218748667 0.218748667 0.1739 0.1739 0.1739 0.161890333 0.161890333 0.161890333
          0.229139333 0.229139333 0.229139333 0.112605 0.112605 0.112605 0.110053 0.110053 0.110053
          0.101129233 0.101129233 0.101129233 0.103525433 0.103525433 0.103525433 0.0465152203 0.0465152203 0.0465152203
          0.002847487 0.002847487 0.002847487 0.0174654333 0.0174654333 0.0174654333 0.042532087 0.042532087 0.042532087
          0.0195931003 0.0195931003 0.0195931003 0.129766467 0.129766467 0.129766467 0.2072885 0.2072885 0.2072885
          0.219606833 0.219606833 0.219606833 0.166566167 0.166566167 0.166566167 0.208516833 0.208516833 0.208516833
          0.1883333 0.1883333 0.1883333 0.157591633 0.157591633 0.157591633 0.1014385 0.1014385 0.1014385
          0.1035805 0.1035805 0.1035805 0.0992267333 0.0992267333 0.0992267333 0.0971280667 0.0971280667 0.0971280667
          0.108552017 0.108552017 0.108552017 0.164798983 0.164798983 0.164798983 0.0426512467 0.0426512467 0.0426512467
          0.18402242 0.18402242 0.18402242 0.564623667 0.564623667 0.564623667 0.580908333 0.580908333 0.580908333
          0.561496667 0.561496667 0.561496667 0.635275333 0.635275333 0.635275333 0.568097667 0.568097667 0.568097667
          0.528809667 0.528809667 0.528809667 0.616143333 0.616143333 0.616143333 0.565368 0.565368 0.565368
          0.529555667 0.529555667 0.529555667 0.533855333 0.533855333 0.533855333 0.922912333 0.922912333 0.922912333
          0.907976 0.907976 0.907976 0.71727 0.71727 0.71727 0.797227 0.797227 0.797227
          0.780837667 0.780837667 0.780837667 0.687813667 0.687813667 0.687813667 0.888259333 0.888259333 0.888259333
          0.916262667 0.916262667 0.916262667 0.589922333 0.589922333 0.589922333 0.58458 0.58458 0.58458
          0.408206 0.408206 0.408206 0.536209 0.536209 0.536209 0.557760333 0.557760333 0.557760333
          0.577111667 0.577111667 0.577111667 0.620380333 0.620380333 0.620380333 0.478368333 0.478368333 0.478368333
          0.706015 0.706015 0.706015 0.814634 0.814634 0.814634 0.206347357 0.206347357 0.206347357
          0.402856983 0.402856983 0.402856983 0.505022 0.505022 0.505022 0.525663 0.525663 0.525663
          0.485323333 0.485323333 0.485323333 0.457155 0.457155 0.457155 0.526407333 0.526407333 0.526407333
          0.514539333 0.514539333 0.514539333 0.445805333 0.445805333 0.445805333 0.465200667 0.465200667 0.465200667
          0.19423194 0.19423194 0.19423194 0.382600233 0.382600233 0.382600233 0.443099 0.443099 0.443099
          0.635393667 0.635393667 0.635393667 0.729622667 0.729622667 0.729622667 0.481278667 0.481278667 0.481278667
          0.247748467 0.247748467 0.247748467 0.271274133 0.271274133 0.271274133 0.788131333 0.788131333 0.788131333
          0.820655 0.820655 0.820655 0.398235333 0.398235333 0.398235333 0.419337667 0.419337667 0.419337667
          0.492617 0.492617 0.492617 0.477806667 0.477806667 0.477806667 0.453554 0.453554 0.453554
          0.455808667 0.455808667 0.455808667 0.442204333 0.442204333 0.442204333 0.373631667 0.373631667 0.373631667
          0.411605 0.411605 0.411605 0.161213333 0.161213333 0.161213333 0.156832 0.156832 0.156832
          0.0846156667 0.0846156667 0.0846156667 0.233188333 0.233188333 0.233188333 0.245279333 0.245279333 0.245279333
          0.108799333 0.108799333 0.108799333 0.137636667 0.137636667 0.137636667 0.161213333 0.161213333 0.161213333
          0.125685133 0.125685133 0.125685133 0.362373667 0.362373667 0.362373667 0.332917333 0.332917333 0.332917333
          0.0580426667 0.0580426667 0.0580426667 0.0408736667 0.0408736667 0.0408736667 0.0578723333 0.0578723333 0.0578723333
          0.276948933 0.276948933 0.276948933 0.0648121333 0.0648121333 0.0648121333 0.510858067 0.510858067 0.510858067
          0.260657947 0.260657947 0.260657947 0.535264 0.535264 0.535264 0.531348333 0.531348333 0.531348333
          0.569615667 0.569615667 0.569615667 0.56448 0.56448 0.56448 0.392668453 0.392668453 0.392668453
          0.260498453 0.260498453 0.260498453 0.289889167 0.289889167 0.289889167 0.2694894 0.2694894 0.2694894
          0.4346529 0.4346529 0.4346529 0.377076233 0.377076233 0.377076233 0.386493333 0.386493333 0.386493333
          0.43779 0.43779 0.43779 0.322850867 0.322850867 0.322850867 0.451279333 0.451279333 0.451279333
          0.486961667 0.486961667 0.486961667 0.312149667 0.312149667 0.312149667 0.201124333 0.201124333 0.201124333
          0.502690667 0.502690667 0.502690667 0.521305667 0.521305667 0.521305667 0.556573667 0.556573667 0.556573667
          0.524990333 0.524990333 0.524990333 0.556640333 0.556640333 0.556640333 0.606623 0.606623 0.606623
          0.613607667 0.613607667 0.613607667 0.592374 0.592374 0.592374 0.485169 0.485169 0.485169
          0.488003333 0.488003333 0.488003333 0.797958333 0.797958333 0.797958333 0.699827 0.699827 0.699827
          0.132042853 0.132042853 0.132042853 0.374110853 0.374110853 0.374110853 0.67082 0.67082 0.67082
          0.481545333 0.481545333 0.481545333 0.535610333 0.535610333 0.535610333 0.467957 0.467957 0.467957
          0.472997333 0.472997333 0.472997333 0.314294 0.314294 0.314294 0.275287683 0.275287683 0.275287683
          0.36021235 0.36021235 0.36021235 0.32752535 0.32752535 0.32752535 0.16575931 0.16575931 0.16575931
          0.925564667 0.925564667 0.925564667 0.934526 0.934526 0.934526 0.886025667 0.886025667 0.886025667
          0.869135667 0.869135667 0.869135667 0.860387667 0.860387667 0.860387667 0.884599 0.884599 0.884599
          0.927876333 0.927876333 0.927876333 0.911593667 0.911593667 0.911593667 0.18203948 0.18203948 0.18203948
          0.197433813 0.197433813 0.197433813 0.3380261 0.3380261 0.3380261 0.194628767 0.194628767 0.194628767
          0.177874727 0.177874727 0.177874727 0.359577433 0.359577433 0.359577433 0.525574333 0.525574333 0.525574333
          0.545085667 0.545085667 0.545085667 0.476448667 0.476448667 0.476448667 0.467823333 0.467823333 0.467823333
          0.428334 0.428334 0.428334 0.405488 0.405488 0.405488 0.649663667 0.649663667 0.649663667
          0.476564333 0.476564333 0.476564333 0.738864667 0.738864667 0.738864667 0.821077667 0.821077667 0.821077667
          0.349891967 0.349891967 0.349891967 0.485022633 0.485022633 0.485022633 0.206979367 0.206979367 0.206979367
          0.00913396667 0.00913396667 0.00913396667 0.846645667 0.846645667 0.846645667 0.802401333 0.802401333 0.802401333
          0.433322333 0.433322333 0.433322333 0.422491 0.422491 0.422491 0.0602022 0.0602022 0.0602022
          0.252263867 0.252263867 0.252263867 0.299020533 0.299020533 0.299020533 0.130484533 0.130484533 0.130484533
          0.233188333 0.233188333 0.233188333 0.344677333 0.344677333 0.344677333 0.349665667 0.349665667 0.349665667
          0.245279333 0.245279333 0.245279333 0.480858667 0.480858667 0.480858667 0.296425533 0.296425533 0.296425533
          0.341596333 0.341596333 0.341596333 0.487843333 0.487843333 0.487843333 0.341766667 0.341766667 0.341766667
          0.358765333 0.358765333 0.358765333 0.0648121333 0.0648121333 0.0648121333 0.207706067 0.207706067 0.207706067
          0.19009772 0.19009772 0.19009772 0.4245526 0.4245526 0.4245526 0.756249667 0.756249667 0.756249667
          0.674944333 0.674944333 0.674944333 0.46744788 0.46744788 0.46744788 0.747501667 0.747501667 0.747501667
          0.1194715 0.1194715 0.1194715 0.148862213 0.148862213 0.148862213 0.368010433 0.368010433 0.368010433
          0.139871267 0.139871267 0.139871267 0.187336667 0.187336667 0.187336667 0.386493333 0.386493333 0.386493333
          0.167561333 0.167561333 0.167561333 0.0992598 0.0992598 0.0992598 0.491342667 0.491342667 0.491342667
          0.507325 0.507325 0.507325 0.301262667 0.301262667 0.301262667 0.182787667 0.182787667 0.182787667
          0.253482967 0.253482967 0.253482967 0.0149683667 0.0149683667 0.0149683667 0.1772307 0.1772307 0.1772307
          0.260023367 0.260023367 0.260023367 0.0755099 0.0755099 0.0755099 0.184408767 0.184408767 0.184408767
          0.341069567 0.341069567 0.341069567 0.248659233 0.248659233 0.248659233 0.314249333 0.314249333 0.314249333
          0.347936667 0.347936667 0.347936667 0.365982 0.365982 0.365982 0.273029667 0.273029667 0.273029667
          0.285627 0.285627 0.285627 0.267771333 0.267771333 0.267771333 0.244297667 0.244297667 0.244297667
          0.164674667 0.164674667 0.164674667 0.190041333 0.190041333 0.190041333 0.196114333 0.196114333 0.196114333
          0.15368 0.15368 0.15368 0.183338 0.183338 0.183338 0.223879333 0.223879333 0.223879333
          0.243125 0.243125 0.243125 0.243401333 0.243401333 0.243401333 0.234590333 0.234590333 0.234590333
          0.282964667 0.282964667 0.282964667 0.209025667 0.209025667 0.209025667 0.23234 0.23234 0.23234
          0.295259667 0.295259667 0.295259667 0.211764667 0.211764667 0.211764667 0.256524333 0.256524333 0.256524333
          0.314210333 0.314210333 0.314210333 0.1819008 0.1819008 0.1819008 0.0592343333 0.0592343333 0.0592343333
          0.0767664667 0.0767664667 0.0767664667 0.1758841 0.1758841 0.1758841 0.242664333 0.242664333 0.242664333
          0.229111333 0.229111333 0.229111333 0.300974333 0.300974333 0.300974333 0.369132 0.369132 0.369132
          0.397266333 0.397266333 0.397266333 0.424166333 0.424166333 0.424166333 0.438420333 0.438420333 0.438420333
          0.335016533 0.335016533 0.335016533 0.3859302 0.3859302 0.3859302 0.284948533 0.284948533 0.284948533
          0.136849 0.136849 0.136849 0.0097872 0.0097872 0.0097872 0.130257667 0.130257667 0.130257667
          0.0212418233 0.0212418233 0.0212418233 0.31812151 0.31812151 0.31812151 0.25313651 0.25313651 0.25313651
          0.383238 0.383238 0.383238 0.513390667 0.513390667 0.513390667 0.193429667 0.193429667 0.193429667
          0.217373667 0.217373667 0.217373667 0.147723467 0.147723467 0.147723467 0.153643467 0.153643467 0.153643467
          0.211833 0.211833 0.211833 0.216642333 0.216642333 0.216642333 0.176504667 0.176504667 0.176504667
          0.16834 0.16834 0.16834 0.174374333 0.174374333 0.174374333 0.172843333 0.172843333 0.172843333
          0.175089333 0.175089333 0.175089333 0.204376 0.204376 0.204376 0.217932 0.217932 0.217932
          0.213716 0.213716 0.213716 0.296051 0.296051 0.296051 0.303358667 0.303358667 0.303358667
          0.230838667 0.230838667 0.230838667 0.365343667 0.365343667 0.365343667 0.355547333 0.355547333 0.355547333
          0.263016333 0.263016333 0.263016333 0.235386667 0.235386667 0.235386667 0.327565333 0.327565333 0.327565333
          0.288584333 0.288584333 0.288584333 0.0862268233 0.0862268233 0.0862268233 0.145068333 0.145068333 0.145068333
          0.0412195333 0.0412195333 0.0412195333 0.240858 0.240858 0.240858 0.218117667 0.218117667 0.218117667
          0.229615333 0.229615333 0.229615333 0.281199 0.281199 0.281199 0.251694333 0.251694333 0.251694333
          0.297782 0.297782 0.297782 0.193558333 0.193558333 0.193558333 0.188062333 0.188062333 0.188062333
          0.121844333 0.121844333 0.121844333 0.155190333 0.155190333 0.155190333 0.122070333 0.122070333 0.122070333
          0.148979333 0.148979333 0.148979333 0.159968333 0.159968333 0.159968333 0.150988333 0.150988333 0.150988333
          0.1199452 0.1199452 0.1199452 0.150272667 0.150272667 0.150272667 0.144489333 0.144489333 0.144489333
          0.160002333 0.160002333 0.160002333 0.1156602 0.1156602 0.1156602 0.142959667 0.142959667 0.142959667
          0.234209 0.234209 0.234209 0.198606 0.198606 0.198606 0.246527 0.246527 0.246527
          0.211834667 0.211834667 0.211834667 0.207042667 0.207042667 0.207042667 0.210074333 0.210074333 0.210074333
          0.235598333 0.235598333 0.235598333 0.214498667 0.214498667 0.214498667 0.201263333 0.201263333 0.201263333
          0.294931333 0.294931333 0.294931333 0.346064667 0.346064667 0.346064667 0.279972 0.279972 0.279972
          0.265014333 0.265014333 0.265014333 0.250090333 0.250090333 0.250090333 0.193233667 0.193233667 0.193233667
          0.173901333 0.173901333 0.173901333 0.326268667 0.326268667 0.326268667 0.237564333 0.237564333 0.237564333
          0.218359333 0.218359333 0.218359333 0.216831 0.216831 0.216831 0.162906667 0.162906667 0.162906667
          0.206869333 0.206869333 0.206869333 0.221873333 0.221873333 0.221873333 0.247979333 0.247979333 0.247979333
          0.00128556667 0.00128556667 0.00128556667 0.1175741 0.1175741 0.1175741 0.2944509 0.2944509 0.2944509
          0.161559433 0.161559433 0.161559433 0.0875488667 0.0875488667 0.0875488667 0.0723408 0.0723408 0.0723408
          0.123742533 0.123742533 0.123742533 0.21127 0.21127 0.21127 0.0842878667 0.0842878667 0.0842878667
          0.234350233 0.234350233 0.234350233 0.258751367 0.258751367 0.258751367 0.0976970333 0.0976970333 0.0976970333
          0.0899941333 0.0899941333 0.0899941333 0.249818467 0.249818467 0.249818467 0.403266667 0.403266667 0.403266667
          0.335698 0.335698 0.335698 0.330489 0.330489 0.330489 0.111275067 0.111275067 0.111275067
          0.155376 0.155376 0.155376 0.0861496 0.0861496 0.0861496 0.123813533 0.123813533 0.123813533
          0.0891123333 0.0891123333 0.0891123333 0.065345 0.065345 0.065345 0.239873 0.239873 0.239873
          0.349438667 0.349438667 0.349438667 0.149379 0.149379 0.149379 0.0419694667 0.0419694667 0.0419694667
          0.274468333 0.274468333 0.274468333 0.117854867 0.117854867 0.117854867 0.156671333 0.156671333 0.156671333
          0.118601867 0.118601867 0.118601867 0.214807333 0.214807333 0.214807333 0.205878 0.205878 0.205878
          0.121826333 0.121826333 0.121826333 0.114316867 0.114316867 0.114316867 0.143683 0.143683 0.143683
          0.122052333 0.122052333 0.122052333 0.0175441333 0.0175441333 0.0175441333 0.0554049333 0.0554049333 0.0554049333
          0.0449464667 0.0449464667 0.0449464667 0.0426696 0.0426696 0.0426696 0.204807467 0.204807467 0.204807467
          0.219474467 0.219474467 0.219474467 0.301213333 0.301213333 0.301213333 0.296927667 0.296927667 0.296927667
          0.266832667 0.266832667 0.266832667 0.272130667 0.272130667 0.272130667 0.206203 0.206203 0.206203
          0.1025739 0.1025739 0.1025739 0.154334667 0.154334667 0.154334667 0.046526 0.046526 0.046526
          0.173181 0.173181 0.173181 0.200823667 0.200823667 0.200823667 0.210295 0.210295 0.210295
          0.204246667 0.204246667 0.204246667 0.208721667 0.208721667 0.208721667 0.395247 0.395247 0.395247
          0.293789667 0.293789667 0.293789667 0.278070333 0.278070333 0.278070333 0.271805333 0.271805333 0.271805333
          0.273353 0.273353 0.273353 0.31434 0.31434 0.31434 0.0870066667 0.0870066667 0.0870066667
          0.076147 0.076147 0.076147 0.28925807 0.28925807 0.28925807 0.20519165 0.20519165 0.20519165
          0.07525742 0.07525742 0.07525742 0.0482102667 0.0482102667 0.0482102667 0.272017933 0.272017933 0.272017933
          0.123476683 0.123476683 0.123476683 0.196560597 0.196560597 0.196560597 0.3811824 0.3811824 0.3811824
          0.537273667 0.537273667 0.537273667 0.515906333 0.515906333 0.515906333 0.470823667 0.470823667 0.470823667
          0.359491667 0.359491667 0.359491667 0.407396333 0.407396333 0.407396333 0.428763667 0.428763667 0.428763667
          0.329691667 0.329691667 0.329691667 0.265587 0.265587 0.265587 0.251084 0.251084 0.251084
          0.309651667 0.309651667 0.309651667 0.275654333 0.275654333 0.275654333 0.239665 0.239665 0.239665
          0.248234 0.248234 0.248234 0.235231333 0.235231333 0.235231333 0.232918667 0.232918667 0.232918667
          0.189688 0.189688 0.189688 0.203428333 0.203428333 0.203428333 0.248160667 0.248160667 0.248160667
          0.232068 0.232068 0.232068 0.2461 0.2461 0.2461 0.031779 0.031779 0.031779
          0.081367 0.081367 0.081367 0.333814667 0.333814667 0.333814667 0.422657667 0.422657667 0.422657667
          0.437783 0.437783 0.437783 0.462331667 0.462331667 0.462331667 0.239511333 0.239511333 0.239511333
          0.24956 0.24956 0.24956 0.204055333 0.204055333 0.204055333 0.225598667 0.225598667 0.225598667
          0.228035333 0.228035333 0.228035333 0.259627333 0.259627333 0.259627333 0.205642667 0.205642667 0.205642667
          0.21972 0.21972 0.21972 0.168063 0.168063 0.168063 0.148456333 0.148456333 0.148456333
          0.193506333 0.193506333 0.193506333 0.227422 0.227422 0.227422 0.293349667 0.293349667 0.293349667
          0.292337333 0.292337333 0.292337333 0.264905 0.264905 0.264905 0.284733 0.284733 0.284733
          0.193108667 0.193108667 0.193108667 0.195469333 0.195469333 0.195469333 0.234362333 0.234362333 0.234362333
          0.284733 0.284733 0.284733 0.153008 0.153008 0.153008 0.172562333 0.172562333 0.172562333
          0.240226 0.240226 0.240226 0.246993 0.246993 0.246993 0.212009333 0.212009333 0.212009333
          0.233080333 0.233080333 0.233080333 0.196431667 0.196431667 0.196431667 0.210735667 0.210735667 0.210735667
          0.152410667 0.152410667 0.152410667 0.168285 0.168285 0.168285 0.147845 0.147845 0.147845
          0.141637667 0.141637667 0.141637667 0.188452333 0.188452333 0.188452333 0.209392667 0.209392667 0.209392667
          0.225112 0.225112 0.225112 0.210060667 0.210060667 0.210060667 0.204258333 0.204258333 0.204258333
          0.188054667 0.188054667 0.188054667 0.196681667 0.196681667 0.196681667 0.19821 0.19821 0.19821
          0.284468333 0.284468333 0.284468333 0.27978 0.27978 0.27978 0.218183 0.218183 0.218183
          0.208133333 0.208133333 0.208133333 0.212505 0.212505 0.212505 0.238012333 0.238012333 0.238012333
          0.230146 0.230146 0.230146 0.246199 0.246199 0.246199 0.262051667 0.262051667 0.262051667
          0.272579333 0.272579333 0.272579333 0.274554667 0.274554667 0.274554667 0.247026333 0.247026333 0.247026333
          0.274401 0.274401 0.274401 0.271386667 0.271386667 0.271386667 0.21119 0.21119 0.21119
          0.236834333 0.236834333 0.236834333 0.371195667 0.371195667 0.371195667 0.351271 0.351271 0.351271
          0.234762333 0.234762333 0.234762333 0.194373 0.194373 0.194373 0.199412333 0.199412333 0.199412333
          0.198978667 0.198978667 0.198978667 0.142683333 0.142683333 0.142683333 0.166320667 0.166320667 0.166320667
          0.14652 0.14652 0.14652 0.187846667 0.187846667 0.187846667 0.280458067 0.280458067 0.280458067
          0.253410913 0.253410913 0.253410913 0.0357134033 0.0357134033 0.0357134033 0.12143693 0.12143693 0.12143693
          0.192394933 0.192394933 0.192394933 0.335548667 0.335548667 0.335548667 0.209114667 0.209114667 0.209114667
          0.205122333 0.205122333 0.205122333 0.181142333 0.181142333 0.181142333 0.172989 0.172989 0.172989
          0.206407667 0.206407667 0.206407667 0.202573 0.202573 0.202573 0.164993333 0.164993333 0.164993333
          0.156682333 0.156682333 0.156682333 0.0454245347 0.0454245347 0.0454245347 0.108779333 0.108779333 0.108779333
          0.022651032 0.022651032 0.022651032 0.0996312333 0.0996312333 0.0996312333 0.254252567 0.254252567 0.254252567
          0.3031759 0.3031759 0.3031759 0.031406968 0.031406968 0.031406968 0.0726801 0.0726801 0.0726801
          0.161175 0.161175 0.161175 0.126467067 0.126467067 0.126467067 0.3169664 0.3169664 0.3169664
          0.0248536667 0.0248536667 0.0248536667 0.145634333 0.145634333 0.145634333 0.300255667 0.300255667 0.300255667
          0.364304333 0.364304333 0.364304333 0.156365667 0.156365667 0.156365667 0.133292 0.133292 0.133292
          0.171943333 0.171943333 0.171943333 0.163317667 0.163317667 0.163317667 0.146488333 0.146488333 0.146488333
          0.137128667 0.137128667 0.137128667 0.147011 0.147011 0.147011 0.141922667 0.141922667 0.141922667
          0.516883 0.516883 0.516883 0.388773333 0.388773333 0.388773333 0.546917333 0.546917333 0.546917333
          0.472253667 0.472253667 0.472253667 0.180769 0.180769 0.180769 0.183846667 0.183846667 0.183846667
          0.501885333 0.501885333 0.501885333 0.378695667 0.378695667 0.378695667 0.0611294 0.0611294 0.0611294
          0.0856861333 0.0856861333 0.0856861333 0.1039726 0.1039726 0.1039726 0.0908929 0.0908929 0.0908929
          0.0934277333 0.0934277333 0.0934277333 0.106119933 0.106119933 0.106119933 0.0795927333 0.0795927333 0.0795927333
          0.0554235 0.0554235 0.0554235 0.318450667 0.318450667 0.318450667 0.262090667 0.262090667 0.262090667
          0.157691333 0.157691333 0.157691333 0.174220333 0.174220333 0.174220333 0.108360967 0.108360967 0.108360967
          0.1094817 0.1094817 0.1094817 0.108223033 0.108223033 0.108223033 0.347123333 0.347123333 0.347123333
          0.311727 0.311727 0.311727 0.136845067 0.136845067 0.136845067 0.200655067 0.200655067 0.200655067
          0.220795 0.220795 0.220795 0.180089333 0.180089333 0.180089333 0.2643224 0.2643224 0.2643224
          0.1560968 0.1560968 0.1560968 0.356691667 0.356691667 0.356691667 0.498686 0.498686 0.498686
          0.1503909 0.1503909 0.1503909 0.222539833 0.222539833 0.222539833 0.609975333 0.609975333 0.609975333
          0.504057667 0.504057667 0.504057667 0.610166333 0.610166333 0.610166333 0.677834667 0.677834667 0.677834667
          0.571472 0.571472 0.571472 0.609721333 0.609721333 0.609721333 0.0798732667 0.0798732667 0.0798732667
          0.189350567 0.189350567 0.189350567 0.119226433 0.119226433 0.119226433 0.0538914 0.0538914 0.0538914
          0.317504667 0.317504667 0.317504667 0.319341333 0.319341333 0.319341333 0.360976 0.360976 0.360976
          0.358384 0.358384 0.358384 0.326323333 0.326323333 0.326323333 0.339468 0.339468 0.339468
          0.459741667 0.459741667 0.459741667 0.358689333 0.358689333 0.358689333 0.465493 0.465493 0.465493
          0.270408267 0.270408267 0.270408267 0.368723933 0.368723933 0.368723933 0.472253667 0.472253667 0.472253667
          0.378575667 0.378575667 0.378575667 0.257566 0.257566 0.257566 0.336753667 0.336753667 0.336753667
          0.471851 0.471851 0.471851 0.198541367 0.198541367 0.198541367 0.2644127 0.2644127 0.2644127
          0.175001367 0.175001367 0.175001367 0.239614033 0.239614033 0.239614033 0.232301667 0.232301667 0.232301667
          0.21866 0.21866 0.21866 0.285847333 0.285847333 0.285847333 0.212988333 0.212988333 0.212988333
          0.200305667 0.200305667 0.200305667 0.176220667 0.176220667 0.176220667 0.122320933 0.122320933 0.122320933
          0.0601023333 0.0601023333 0.0601023333 0.0590270333 0.0590270333 0.0590270333 0.143974933 0.143974933 0.143974933
          0.138665333 0.138665333 0.138665333 0.148056 0.148056 0.148056 0.146507333 0.146507333 0.146507333
          0.151203667 0.151203667 0.151203667 0.223592 0.223592 0.223592 0.213703 0.213703 0.213703
          0.343370667 0.343370667 0.343370667 0.311799 0.311799 0.311799 0.190301667 0.190301667 0.190301667
          0.186201333 0.186201333 0.186201333 0.112739633 0.112739633 0.112739633 0.101883467 0.101883467 0.101883467
          0.132812 0.132812 0.132812 0.161246333 0.161246333 0.161246333 0.149863167 0.149863167 0.149863167
          0.193254 0.193254 0.193254 0.147435333 0.147435333 0.147435333 0.254399333 0.254399333 0.254399333
          0.238946 0.238946 0.238946 0.107185867 0.107185867 0.107185867 0.127044733 0.127044733 0.127044733
          0.12267 0.12267 0.12267 0.129510333 0.129510333 0.129510333 0.155126667 0.155126667 0.155126667
          0.140645333 0.140645333 0.140645333 0.144683333 0.144683333 0.144683333 0.215524667 0.215524667 0.215524667
          0.122797 0.122797 0.122797 0.114927467 0.114927467 0.114927467 0.131657667 0.131657667 0.131657667
          0.126835 0.126835 0.126835 0.390126 0.390126 0.390126 0.351876667 0.351876667 0.351876667
          0.141782333 0.141782333 0.141782333 0.140155 0.140155 0.140155 0.0447164 0.0447164 0.0447164
          0.0446092667 0.0446092667 0.0446092667 0.231578667 0.231578667 0.231578667 0.046476 0.046476 0.046476
          0.095773 0.095773 0.095773 0.224596667 0.224596667 0.224596667 0.156634 0.156634 0.156634
          0.0830510667 0.0830510667 0.0830510667 0.0396997667 0.0396997667 0.0396997667 0.0940649 0.0940649 0.0940649
          0.238354933 0.238354933 0.238354933 0.128174633 0.128174633 0.128174633 0.2581499 0.2581499 0.2581499
          0.245760567 0.245760567 0.245760567 0.228408733 0.228408733 0.228408733 0.101361333 0.101361333 0.101361333
          0.1440676 0.1440676 0.1440676 0.248419333 0.248419333 0.248419333 0.0656963333 0.0656963333 0.0656963333
          0.0627463333 0.0627463333 0.0627463333 0.107564367 0.107564367 0.107564367 0.143099 0.143099 0.143099
          0.0797457667 0.0797457667 0.0797457667 0.110586067 0.110586067 0.110586067 0.339706667 0.339706667 0.339706667
          0.294554667 0.294554667 0.294554667 0.284873667 0.284873667 0.284873667 0.212453667 0.212453667 0.212453667
          0.190074 0.190074 0.190074 0.168208 0.168208 0.168208 0.160366 0.160366 0.160366
          0.154964 0.154964 0.154964 0.070834 0.070834 0.070834 0.0635776667 0.0635776667 0.0635776667
          0.221616 0.221616 0.221616 0.269927333 0.269927333 0.269927333 0.0540710333 0.0540710333 0.0540710333
          0.034917 0.034917 0.034917 0.0070984 0.0070984 0.0070984 0.0641759667 0.0641759667 0.0641759667
          0.187139367 0.187139367 0.187139367 0.204853033 0.204853033 0.204853033 0.154946667 0.154946667 0.154946667
          0.152973667 0.152973667 0.152973667 0.172439667 0.172439667 0.172439667 0.149023333 0.149023333 0.149023333
          0.137449333 0.137449333 0.137449333 0.160725 0.160725 0.160725 0.124704667 0.124704667 0.124704667
          0.126818333 0.126818333 0.126818333 0.215726333 0.215726333 0.215726333 0.183918667 0.183918667 0.183918667
          0.268520667 0.268520667 0.268520667 0.291252667 0.291252667 0.291252667 0.311703333 0.311703333 0.311703333
          0.311628333 0.311628333 0.311628333 0.206096 0.206096 0.206096 0.238087 0.238087 0.238087
          0.261245 0.261245 0.261245 0.314105333 0.314105333 0.314105333 0.385953 0.385953 0.385953
          0.33778 0.33778 0.33778 0.353456333 0.353456333 0.353456333 0.384262667 0.384262667 0.384262667
          0.177967667 0.177967667 0.177967667 0.214646 0.214646 0.214646 0.278777 0.278777 0.278777
          0.307986 0.307986 0.307986 0.1843386 0.1843386 0.1843386 0.0562054667 0.0562054667 0.0562054667
          0.387287333 0.387287333 0.387287333 0.435753333 0.435753333 0.435753333 0.296839667 0.296839667 0.296839667
          0.287424333 0.287424333 0.287424333 0.0135810633 0.0135810633 0.0135810633 0.13089223 0.13089223 0.13089223
          0.186763097 0.186763097 0.186763097 0.135582737 0.135582737 0.135582737 0.245238833 0.245238833 0.245238833
          0.27460657 0.27460657 0.27460657 0.245126903 0.245126903 0.245126903 0.391186667 0.391186667 0.391186667
          0.04181857 0.04181857 0.04181857 0.13373643 0.13373643 0.13373643 0.235805667 0.235805667 0.235805667
          0.2244724 0.2244724 0.2244724 0.257948067 0.257948067 0.257948067 0.1410432 0.1410432 0.1410432
          0.0205656 0.0205656 0.0205656 0.122253667 0.122253667 0.122253667 0.028602 0.028602 0.028602
          0.286645 0.286645 0.286645 0.270652 0.270652 0.270652 0.231948 0.231948 0.231948
          0.264666 0.264666 0.264666 0.224164 0.224164 0.224164 0.240889 0.240889 0.240889
          0.197546667 0.197546667 0.197546667 0.229921667 0.229921667 0.229921667 0.172380667 0.172380667 0.172380667
          0.171383 0.171383 0.171383 0.269451667 0.269451667 0.269451667 0.271072333 0.271072333 0.271072333
          0.257811667 0.257811667 0.257811667 0.246136333 0.246136333 0.246136333 0.210128 0.210128 0.210128
          0.202884 0.202884 0.202884 0.157708667 0.157708667 0.157708667 0.171718667 0.171718667 0.171718667
          0.197329 0.197329 0.197329 0.216555333 0.216555333 0.216555333 0.205137667 0.205137667 0.205137667
          0.260348667 0.260348667 0.260348667 0.286396333 0.286396333 0.286396333 0.228179 0.228179 0.228179
          0.264417333 0.264417333 0.264417333 0.201350667 0.201350667 0.201350667 0.211541333 0.211541333 0.211541333
          0.133006667 0.133006667 0.133006667 0.147819667 0.147819667 0.147819667 0.138392667 0.138392667 0.138392667
          0.152528333 0.152528333 0.152528333 0.0122621333 0.0122621333 0.0122621333 0.108275 0.108275 0.108275
          0.0374004333 0.0374004333 0.0374004333 0.100040633 0.100040633 0.100040633 0.0740762333 0.0740762333 0.0740762333
          0.152661367 0.152661367 0.152661367 0.283512 0.283512 0.283512 0.341571 0.341571 0.341571
          0.251649333 0.251649333 0.251649333 0.223607 0.223607 0.223607 0.331338333 0.331338333 0.331338333
          0.323805 0.323805 0.323805 0.187674333 0.187674333 0.187674333 0.163609667 0.163609667 0.163609667
          0.179890333 0.179890333 0.179890333 0.168594 0.168594 0.168594 0.152447667 0.152447667 0.152447667
          0.139676667 0.139676667 0.139676667 0.177611 0.177611 0.177611 0.177613667 0.177613667 0.177613667
          0.152628667 0.152628667 0.152628667 0.193867333 0.193867333 0.193867333 0.242792 0.242792 0.242792
          0.221033 0.221033 0.221033 0.156967667 0.156967667 0.156967667 0.159905333 0.159905333 0.159905333
          0.208843667 0.208843667 0.208843667 0.237713667 0.237713667 0.237713667 0.205249 0.205249 0.205249
          0.188575 0.188575 0.188575 0.158942667 0.158942667 0.158942667 0.151648333 0.151648333 0.151648333
          0.137104333 0.137104333 0.137104333 0.209318333 0.209318333 0.209318333 0.200586667 0.200586667 0.200586667
          0.272000667 0.272000667 0.272000667 0.241994 0.241994 0.241994 0.29437 0.29437 0.29437
          0.292451333 0.292451333 0.292451333 0.246399333 0.246399333 0.246399333 0.252951333 0.252951333 0.252951333
          0.314713667 0.314713667 0.314713667 0.290385 0.290385 0.290385 0.190925667 0.190925667 0.190925667
          0.159484 0.159484 0.159484 0.0815983667 0.0815983667 0.0815983667 0.211725167 0.211725167 0.211725167
          0.330041 0.330041 0.330041 0.257514667 0.257514667 0.257514667 0.171396733 0.171396733 0.171396733
          0.00814126667 0.00814126667 0.00814126667 0.128702667 0.128702667 0.128702667 0.138609667 0.138609667 0.138609667
          0.144532 0.144532 0.144532 0.137766 0.137766 0.137766 0.132850667 0.132850667 0.132850667
          0.136119 0.136119 0.136119 0.160785 0.160785 0.160785 0.151035333 0.151035333 0.151035333
          0.166289 0.166289 0.166289 0.0666096333 0.0666096333 0.0666096333 0.0811859667 0.0811859667 0.0811859667
          0.179694667 0.179694667 0.179694667 0.159150333 0.159150333 0.159150333 0.152866333 0.152866333 0.152866333
          0.131524333 0.131524333 0.131524333 0.135217333 0.135217333 0.135217333 0.132855 0.132855 0.132855
          0.127469 0.127469 0.127469 0.129033667 0.129033667 0.129033667 0.1235546 0.1235546 0.1235546
          0.0140677 0.0140677 0.0140677 0.201208633 0.201208633 0.201208633 0.271259733 0.271259733 0.271259733
          0.0064939 0.0064939 0.0064939 0.1201551 0.1201551 0.1201551 0.0247287 0.0247287 0.0247287
          0.0909196 0.0909196 0.0909196 0.251005733 0.251005733 0.251005733 0.190547633 0.190547633 0.190547633
        </DataArray>
        <DataArray type="Float32" Name="pressurePa" format="ascii">
          3002.35667 3002.35667 3002.35667 3630.33667 3630.33667 3630.33667 4057.25667 4057.25667 4057.25667
          3681.78667 3681.78667 3681.78667 2511.77 2511.77 2511.77 2028.41 2028.41 2028.41
          -606.505667 -606.505667 -606.505667 -615.311 -615.311 -615.311 -918.287667 -918.287667 -918.287667
          -796.280333 -796.280333 -796.280333 -720.651667 -720.651667 -720.651667 -794.124333 -794.124333 -794.124333
          -707.093 -707.093 -707.093 -706.665333 -706.665333 -706.665333 -754.692333 -754.692333 -754.692333
          -679.587037 -679.587037 -679.587037 -494.502703 -494.502703 -494.502703 -762.471333 -762.471333 -762.471333
          -693.152667 -693.152667 -693.152667 -1678.12 -1678.12 -1678.12 -1695.56667 -1695.56667 -1695.56667
          -1417 -1417 -1417 -2108.11 -2108.11 -2108.11 -705.435333 -705.435333 -705.435333
          -668.217667 -668.217667 -668.217667 -2197.36 -2197.36 -2197.36 -1515.81333 -1515.81333 -1515.81333
          -1737.75667 -1737.75667 -1737.75667 -1683.06 -1683.06 -1683.06 -703.286 -703.286 -703.286
          -654.53 -654.53 -654.53 -647.405 -647.405 -647.405 -649.052333 -649.052333 -649.052333
          -612.341333 -612.341333 -612.341333 -593.672333 -593.672333 -593.672333 -990.197333 -990.197333 -990.197333
          -1128.15 -1128.15 -1128.15 -939.216667 -939.216667 -939.216667 -1122.90833 -1122.90833 -1122.90833
          -1008.867 -1008.867 -1008.867 -1142.46333 -1142.46333 -1142.46333 -956.819333 -956.819333 -956.819333
          -1137.22167 -1137.22167 -1137.22167 -1064.74067 -1064.74067 -1064.74067 -534.694 -534.694 -534.694
          -1460.36333 -1460.36333 -1460.36333 -2265.28667 -2265.28667 -2265.28667 -2459.71 -2459.71 -2459.71
          -1741.87667 -1741.87667 -1741.87667 3595.36 3595.36 3595.36 3524.04667 3524.04667 3524.04667
          971.186667 971.186667 971.186667 1906.92867 1906.92867 1906.92867 1000.37167 1000.37167 1000.37167
          2007.427 2007.427 2007.427 -1060.49367 -1060.49367 -1060.49367 -444.003667 -444.003667 -444.003667
          -1339.06033 -1339.06033 -1339.06033 -1431.377 -1431.377 -1431.377 -1177.86033 -1177.86033 -1177.86033
          -1496.98067 -1496.98067 -1496.98067 2100.44333 2100.44333 2100.44333 2331.29333 2331.29333 2331.29333
          533.363433 533.363433 533.363433 1016.90077 1016.90077 1016.90077 641.429667 641.429667 641.429667
          1355.817 1355.817 1355.817 3321.14 3321.14 3321.14 2728.40667 2728.40667 2728.40667
          3052.23 3052.23 3052.23 4147.33667 4147.33667 4147.33667 -1163.18367 -1163.18367 -1163.18367
          -509.760333 -509.760333 -509.760333 -1385.127 -1385.127 -1385.127 -1440.51033 -1440.51033 -1440.51033
          -1191.48567 -1191.48567 -1191.48567 -1506.114 -1506.114 -1506.114 440.712767 440.712767 440.712767
          944.867433 944.867433 944.867433 543.990667 543.990667 543.990667 1531.50533 1531.50533 1531.50533
          4318.64 4318.64 4318.64 4694.11 4694.11 4694.11 -1260.89067 -1260.89067 -1260.89067
          -468.937333 -468.937333 -468.937333 -1906.51333 -1906.51333 -1906.51333 -1761.26667 -1761.26667 -1761.26667
          -1447.21667 -1447.21667 -1447.21667 -2108.11 -2108.11 -2108.11 795.856 795.856 795.856
          1434.147 1434.147 1434.147 820.252667 820.252667 820.252667 1782.367 1782.367 1782.367
          4769.56333 4769.56333 4769.56333 4465.40667 4465.40667 4465.40667 -1158.09333 -1158.09333 -1158.09333
          -1203.90333 -1203.90333 -1203.90333 -1030.012 -1030.012 -1030.012 -1161.56667 -1161.56667 -1161.56667
          -1185.34333 -1185.34333 -1185.34333 -1111.13 -1111.13 -1111.13 -636.52 -636.52 -636.52
          -748.346333 -748.346333 -748.346333 -378.214333 -378.214333 -378.214333 -94.902 -94.902 -94.902
          115.548333 115.548333 115.548333 -846.783333 -846.783333 -846.783333 -681.191 -681.191 -681.191
          -988.881333 -988.881333 -988.881333 -926.728667 -926.728667 -926.728667 -1016.58133 -1016.58133 -1016.58133
          -956.759667 -956.759667 -956.759667 -859.749 -859.749 -859.749 -838.069 -838.069 -838.069
          -789.766333 -789.766333 -789.766333 -711.806667 -711.806667 -711.806667 -908.788667 -908.788667 -908.788667
          -1016.68033 -1016.68033 -1016.68033 -579.145467 -579.145467 -579.145467 -345.5618 -345.5618 -345.5618
          -594.671 -594.671 -594.671 -976.629667 -976.629667 -976.629667 -1044.38033 -1044.38033 -1044.38033
          -500.276667 -500.276667 -500.276667 -625.099 -625.099 -625.099 -838.685333 -838.685333 -838.685333
          -864.721667 -864.721667 -864.721667 -938.269667 -938.269667 -938.269667 -997.736 -997.736 -997.736
          -917.82 -917.82 -917.82 -998.859333 -998.859333 -998.859333 -683.401667 -683.401667 -683.401667
          -748.86 -748.86 -748.86 -115.802667 -115.802667 -115.802667 -440.032667 -440.032667 -440.032667
          -637.802667 -637.802667 -637.802667 -599.428333 -599.428333 -599.428333 -632.459 -632.459 -632.459
          -504.347333 -504.347333 -504.347333 -1030.061 -1030.061 -1030.061 -923.788667 -923.788667 -923.788667
          -1031.18433 -1031.18433 -1031.18433 -963.286333 -963.286333 -963.286333 -1001.283 -1001.283 -1001.283
          -1187.477 -1187.477 -1187.477 -972.728667 -972.728667 -972.728667 -1132.90033 -1132.90033 -1132.90033
          -1104.486 -1104.486 -1104.486 -923.308333 -923.308333 -923.308333 -731.686 -731.686 -731.686
          -805.735333 -805.735333 -805.735333 -734.504333 -734.504333 -734.504333 -669.091333 -669.091333 -669.091333
          -721.837037 -721.837037 -721.837037 -409.78917 -409.78917 -409.78917 -692.5018 -692.5018 -692.5018
          -1312.66333 -1312.66333 -1312.66333 -1230.34667 -1230.34667 -1230.34667 -1090.33367 -1090.33367 -1090.33367
          -1258.08667 -1258.08667 -1258.08667 -1089.986 -1089.986 -1089.986 -1109.64667 -1109.64667 -1109.64667
          -1208.36333 -1208.36333 -1208.36333 -618.919333 -618.919333 -618.919333 -845.3 -845.3 -845.3
          -1121.92367 -1121.92367 -1121.92367 -982.736333 -982.736333 -982.736333 -1079.587 -1079.587 -1079.587
          -934.891 -934.891 -934.891 -935.291667 -935.291667 -935.291667 -1091.966 -1091.966 -1091.966
          -765.931 -765.931 -765.931 -702.121 -702.121 -702.121 -682.897 -682.897 -682.897
          -746.487667 -746.487667 -746.487667 -1084.454 -1084.454 -1084.454 -1231.164 -1231.164 -1231.164
          -1491.71667 -1491.71667 -1491.71667 -1480.07667 -1480.07667 -1480.07667 -1520.79333 -1520.79333 -1520.79333
          -1385.72333 -1385.72333 -1385.72333 -1367.80733 -1367.80733 -1367.80733 -1456.34733 -1456.34733 -1456.34733
          -1812.34067 -1812.34067 -1812.34067 -1838.99733 -1838.99733 -1838.99733 143.776667 143.776667 143.776667
          -130.730333 -130.730333 -130.730333 -160.744667 -160.744667 -160.744667 51.659 51.659 51.659
          -796.762 -796.762 -796.762 -813.493 -813.493 -813.493 -1086.53367 -1086.53367 -1086.53367
          -1295.89067 -1295.89067 -1295.89067 -1054.34767 -1054.34767 -1054.34767 -1281.38067 -1281.38067 -1281.38067
          -659.372667 -659.372667 -659.372667 -678.914333 -678.914333 -678.914333 -161.474233 -161.474233 -161.474233
          27.2177667 27.2177667 27.2177667 135.284 135.284 135.284 70.8788667 70.8788667 70.8788667
          -801.870333 -801.870333 -801.870333 -814.109333 -814.109333 -814.109333 -1297.44967 -1297.44967 -1297.44967
          -1092.90133 -1092.90133 -1092.90133 -1269.92967 -1269.92967 -1269.92967 -1031.39467 -1031.39467 -1031.39467
          -645.608 -645.608 -645.608 -630.838667 -630.838667 -630.838667 105.807667 105.807667 105.807667
          95.477 95.477 95.477 -165.5449 -165.5449 -165.5449 2.52976667 2.52976667 2.52976667
          -1653.884 -1653.884 -1653.884 -1772.474 -1772.474 -1772.474 -1073.98233 -1073.98233 -1073.98233
          -1339.834 -1339.834 -1339.834 -1065.13767 -1065.13767 -1065.13767 -991.578667 -991.578667 -991.578667
          -1403.47833 -1403.47833 -1403.47833 -689.704333 -689.704333 -689.704333 -674.073 -674.073 -674.073
          -619.417 -619.417 -619.417 -634.094667 -634.094667 -634.094667 284.905963 284.905963 284.905963
          17.4409633 17.4409633 17.4409633 -106.975667 -106.975667 -106.975667 260.509297 260.509297 260.509297
          120.00783 120.00783 120.00783 -794.817333 -794.817333 -794.817333 -1269.639 -1269.639 -1269.639
          -1345.089 -1345.089 -1345.089 -1020.21733 -1020.21733 -1020.21733 -1277.16233 -1277.16233 -1277.16233
          -1153.53833 -1153.53833 -1153.53833 -965.248667 -965.248667 -965.248667 -621.309667 -621.309667 -621.309667
          -634.430667 -634.430667 -634.430667 -607.764667 -607.764667 -607.764667 -594.909333 -594.909333 -594.909333
          -664.882067 -664.882067 -664.882067 1009.3946 1009.3946 1009.3946 -261.239933 -261.239933 -261.239933
          1127.13673 1127.13673 1127.13673 -3458.32 -3458.32 -3458.32 -3558.06333 -3558.06333 -3558.06333
          -3439.16667 -3439.16667 -3439.16667 -3891.06333 -3891.06333 -3891.06333 -3479.6 -3479.6 -3479.6
          -3238.96 -3238.96 -3238.96 -3773.88 -3773.88 -3773.88 -3462.88 -3462.88 -3462.88
          -3243.53333 -3243.53333 -3243.53333 -3269.87 -3269.87 -3269.87 5652.83333 5652.83333 5652.83333
          5561.35 5561.35 5561.35 4393.27667 4393.27667 4393.27667 4883.01333 4883.01333 4883.01333
          4782.62667 4782.62667 4782.62667 4212.85333 4212.85333 4212.85333 5440.58333 5440.58333 5440.58333
          5612.10333 5612.10333 5612.10333 -3613.27333 -3613.27333 -3613.27333 -3580.55333 -3580.55333 -3580.55333
          -2500.262 -2500.262 -2500.262 -3284.28 -3284.28 -3284.28 -3416.28333 -3416.28333 -3416.28333
          -3534.81 -3534.81 -3534.81 -3799.83 -3799.83 -3799.83 -2930.00533 -2930.00533 -2930.00533
          4324.34 4324.34 4324.34 4989.63 4989.63 4989.63 1263.87537 1263.87537 1263.87537
          2467.49727 2467.49727 2467.49727 -3093.26333 -3093.26333 -3093.26333 -3219.68667 -3219.68667 -3219.68667
          -2972.60667 -2972.60667 -2972.60667 -2800.07333 -2800.07333 -2800.07333 -3224.24667 -3224.24667 -3224.24667
          -3151.55667 -3151.55667 -3151.55667 -2730.55667 -2730.55667 -2730.55667 -2849.35667 -2849.35667 -2849.35667
          1189.66843 1189.66843 1189.66843 2343.42367 2343.42367 2343.42367 2713.98 2713.98 2713.98
          3891.78333 3891.78333 3891.78333 4468.93667 4468.93667 4468.93667 2947.83067 2947.83067 2947.83067
          1517.457 1517.457 1517.457 1661.553 1661.553 1661.553 4827.3 4827.3 4827.3
          5026.50667 5026.50667 5026.50667 -2439.19333 -2439.19333 -2439.19333 -2568.44667 -2568.44667 -2568.44667
          -3017.28333 -3017.28333 -3017.28333 -2926.56667 -2926.56667 -2926.56667 -2778.01667 -2778.01667 -2778.01667
          -2791.83 -2791.83 -2791.83 -2708.5 -2708.5 -2708.5 -2288.49667 -2288.49667 -2288.49667
          -2521.08333 -2521.08333 -2521.08333 987.43 987.43 987.43 960.593333 960.593333 960.593333
          -518.273333 -518.273333 -518.273333 -1428.28 -1428.28 -1428.28 -1502.33667 -1502.33667 -1502.33667
          -666.396667 -666.396667 -666.396667 843.023333 843.023333 843.023333 987.43 987.43 987.43
          769.822667 769.822667 769.822667 2219.53867 2219.53867 2219.53867 2039.11533 2039.11533 2039.11533
          355.508667 355.508667 355.508667 250.346667 250.346667 250.346667 354.464667 354.464667 354.464667
          -1696.312 -1696.312 -1696.312 -396.974 -396.974 -396.974 3129.00733 3129.00733 3129.00733
          1596.53027 1596.53027 1596.53027 -3278.49 -3278.49 -3278.49 -3254.50667 -3254.50667 -3254.50667
          -3488.89667 -3488.89667 -3488.89667 -3457.44 -3457.44 -3457.44 -2405.09373 -2405.09373 -2405.09373
          -1595.55073 -1595.55073 -1595.55073 -1775.569 -1775.569 -1775.569 -1650.621 -1650.621 -1650.621
          -2662.249 -2662.249 -2662.249 -2309.59233 -2309.59233 -2309.59233 -2367.27333 -2367.27333 -2367.27333
          -2681.46667 -2681.46667 -2681.46667 -1977.46267 -1977.46267 -1977.46267 -2764.08667 -2764.08667 -2764.08667
          -2982.64333 -2982.64333 -2982.64333 -1911.918 -1911.918 -1911.918 -1231.88467 -1231.88467 -1231.88467
          -3078.98 -3078.98 -3078.98 -3193 -3193 -3193 -3409.01333 -3409.01333 -3409.01333
          -3215.56667 -3215.56667 -3215.56667 -3409.42 -3409.42 -3409.42 -3715.56667 -3715.56667 -3715.56667
          -3758.34667 -3758.34667 -3758.34667 -3628.29 -3628.29 -3628.29 -2971.66 -2971.66 -2971.66
          -2989.01667 -2989.01667 -2989.01667 4887.49333 4887.49333 4887.49333 4286.43667 4286.43667 4286.43667
          808.761067 808.761067 808.761067 2291.4264 2291.4264 2291.4264 4108.77 4108.77 4108.77
          2949.46733 2949.46733 2949.46733 3280.614 3280.614 3280.614 2866.23733 2866.23733 2866.23733
          -2897.10933 -2897.10933 -2897.10933 -1925.05267 -1925.05267 -1925.05267 -1686.1394 -1686.1394 -1686.1394
          -2206.2994 -2206.2994 -2206.2994 -2006.09273 -2006.09273 -2006.09273 -1015.27797 -1015.27797 -1015.27797
          5669.08333 5669.08333 5669.08333 5723.97 5723.97 5723.97 5426.90667 5426.90667 5426.90667
          5323.45667 5323.45667 5323.45667 5269.87667 5269.87667 5269.87667 5418.17 5418.17 5418.17
          5683.24 5683.24 5683.24 5583.51 5583.51 5583.51 -1114.9936 -1114.9936 -1114.9936
          -1209.28227 -1209.28227 -1209.28227 -2070.40967 -2070.40967 -2070.40967 -1192.103 -1192.103 -1192.103
          -1089.4849 -1089.4849 -1089.4849 -2202.413 -2202.413 -2202.413 -3219.14667 -3219.14667 -3219.14667
          -3338.65 -3338.65 -3338.65 -2918.24667 -2918.24667 -2918.24667 -2865.42 -2865.42 -2865.42
          -2623.54667 -2623.54667 -2623.54667 -2483.61667 -2483.61667 -2483.61667 3979.19 3979.19 3979.19
          2918.95667 2918.95667 2918.95667 4525.54667 4525.54667 4525.54667 5029.1 5029.1 5029.1
          2143.08867 2143.08867 2143.08867 2970.76533 2970.76533 2970.76533 -1267.748 -1267.748 -1267.748
          55.9453333 55.9453333 55.9453333 5185.70333 5185.70333 5185.70333 4914.70667 4914.70667 4914.70667
          -2654.1 -2654.1 -2654.1 -2587.76 -2587.76 -2587.76 -368.737 -368.737 -368.737
          -1545.117 -1545.117 -1545.117 -1831.50367 -1831.50367 -1831.50367 -799.219667 -799.219667 -799.219667
          -1428.28 -1428.28 -1428.28 -2111.15 -2111.15 -2111.15 -2141.70333 -2141.70333 -2141.70333
          -1502.33667 -1502.33667 -1502.33667 -2945.26133 -2945.26133 -2945.26133 -1815.60733 -1815.60733 -1815.60733
          -2092.278 -2092.278 -2092.278 -2988.04133 -2988.04133 -2988.04133 -2093.322 -2093.322 -2093.322
          -2197.44 -2197.44 -2197.44 -396.974 -396.974 -396.974 1272.20133 1272.20133 1272.20133
          -1164.34973 -1164.34973 -1164.34973 -2600.386 -2600.386 -2600.386 4632.03 4632.03 4632.03
          4134.03333 4134.03333 4134.03333 2863.1196 2863.1196 2863.1196 4578.45 4578.45 4578.45
          731.764333 731.764333 731.764333 911.7826 911.7826 911.7826 2254.06433 2254.06433 2254.06433
          856.712333 856.712333 856.712333 -1147.43933 -1147.43933 -1147.43933 -2367.27333 -2367.27333 -2367.27333
          1026.314 1026.314 1026.314 607.967333 607.967333 607.967333 3009.472 3009.472 3009.472
          3107.36533 3107.36533 3107.36533 -1845.23467 -1845.23467 -1845.23467 -1119.573 -1119.573 -1119.573
          1552.584 1552.584 1552.584 -91.681 -91.681 -91.681 -1085.53633 -1085.53633 -1085.53633
          -1592.64133 -1592.64133 -1592.64133 -462.497 -462.497 -462.497 1129.503 1129.503 1129.503
          -2089.049 -2089.049 -2089.049 -1523.03567 -1523.03567 -1523.03567 -1924.78 -1924.78 -1924.78
          -2131.11333 -2131.11333 -2131.11333 -2241.64 -2241.64 -2241.64 -1672.30667 -1672.30667 -1672.30667
          -1749.46667 -1749.46667 -1749.46667 -1640.1 -1640.1 -1640.1 -1496.32 -1496.32 -1496.32
          -1008.63167 -1008.63167 -1008.63167 -1164.00333 -1164.00333 -1164.00333 -1201.19867 -1201.19867 -1201.19867
          -941.290333 -941.290333 -941.290333 -1122.94633 -1122.94633 -1122.94633 -1371.263 -1371.263 -1371.263
          -1489.14 -1489.14 -1489.14 -1490.83333 -1490.83333 -1490.83333 -1436.86667 -1436.86667 -1436.86667
          -1733.15667 -1733.15667 -1733.15667 -1280.28 -1280.28 -1280.28 -1423.07867 -1423.07867 -1423.07867
          -1808.46333 -1808.46333 -1808.46333 -1297.058 -1297.058 -1297.058 -1571.21333 -1571.21333 -1571.21333
          -1924.54 -1924.54 -1924.54 -1114.14033 -1114.14033 -1114.14033 -362.809333 -362.809333 -362.809333
          -470.196333 -470.196333 -470.196333 -1077.29167 -1077.29167 -1077.29167 -1486.317 -1486.317 -1486.317
          -1403.30367 -1403.30367 -1403.30367 -1843.46667 -1843.46667 -1843.46667 -2260.93 -2260.93 -2260.93
          -2433.25 -2433.25 -2433.25 2598.01833 2598.01833 2598.01833 2685.325 2685.325 2685.325
          2051.97967 2051.97967 2051.97967 2363.823 2363.823 2363.823 1745.30967 1745.30967 1745.30967
          838.200667 838.200667 838.200667 59.9496667 59.9496667 59.9496667 -797.823333 -797.823333 -797.823333
          -130.1023 -130.1023 -130.1023 1948.4977 1948.4977 1948.4977 1550.4617 1550.4617 1550.4617
          2347.334 2347.334 2347.334 3144.52 3144.52 3144.52 -1184.755 -1184.755 -1184.755
          -1331.41333 -1331.41333 -1331.41333 904.806 904.806 904.806 941.066333 941.066333 941.066333
          -1297.47667 -1297.47667 -1297.47667 -1326.93667 -1326.93667 -1326.93667 -1081.09 -1081.09 -1081.09
          -1031.08 -1031.08 -1031.08 -1068.04333 -1068.04333 -1068.04333 -1058.66733 -1058.66733 -1058.66733
          -1072.424 -1072.424 -1072.424 -1251.80367 -1251.80367 -1251.80367 -1334.83367 -1334.83367 -1334.83367
          -1309.01333 -1309.01333 -1309.01333 -1813.31333 -1813.31333 -1813.31333 -1858.07333 -1858.07333 -1858.07333
          -1413.88667 -1413.88667 -1413.88667 -2237.73 -2237.73 -2237.73 -2177.72667 -2177.72667 -2177.72667
          -1610.97167 -1610.97167 -1610.97167 -1441.74167 -1441.74167 -1441.74167 -2006.33333 -2006.33333 -2006.33333
          -1767.57667 -1767.57667 -1767.57667 -528.1383 -528.1383 -528.1383 -888.542667 -888.542667 -888.542667
          -252.470667 -252.470667 -252.470667 -1475.25567 -1475.25567 -1475.25567 -1335.97233 -1335.97233 -1335.97233
          -1406.39667 -1406.39667 -1406.39667 -1722.34667 -1722.34667 -1722.34667 -1541.63 -1541.63 -1541.63
          -1823.91667 -1823.91667 -1823.91667 -1185.54733 -1185.54733 -1185.54733 -1151.884 -1151.884 -1151.884
          -746.295 -746.295 -746.295 -950.539667 -950.539667 -950.539667 -747.679667 -747.679667 -747.679667
          -912.497667 -912.497667 -912.497667 -979.807333 -979.807333 -979.807333 -924.803667 -924.803667 -924.803667
          -734.664667 -734.664667 -734.664667 -920.421333 -920.421333 -920.421333 -884.997 -884.997 -884.997
          -980.016333 -980.016333 -980.016333 -708.417667 -708.417667 -708.417667 -875.627667 -875.627667 -875.627667
          -1434.532 -1434.532 -1434.532 -1216.46333 -1216.46333 -1216.46333 -1509.98133 -1509.98133 -1509.98133
          -1297.49133 -1297.49133 -1297.49133 -1268.13967 -1268.13967 -1268.13967 -1286.70533 -1286.70533 -1286.70533
          -1443.03867 -1443.03867 -1443.03867 -1313.802 -1313.802 -1313.802 -1232.73867 -1232.73867 -1232.73867
          -1806.45667 -1806.45667 -1806.45667 -2119.64667 -2119.64667 -2119.64667 -1714.83 -1714.83 -1714.83
          -1623.21 -1623.21 -1623.21 -1531.80333 -1531.80333 -1531.80333 -1183.55333 -1183.55333 -1183.55333
          -1065.145 -1065.145 -1065.145 -1998.39667 -1998.39667 -1998.39667 -1455.08333 -1455.08333 -1455.08333
          -1337.452 -1337.452 -1337.452 -1328.08867 -1328.08867 -1328.08867 -997.803667 -997.803667 -997.803667
          -1267.07533 -1267.07533 -1267.07533 -1358.97667 -1358.97667 -1358.97667 -1518.87333 -1518.87333 -1518.87333
          -7.875 -7.875 -7.875 -720.142 -720.142 -720.142 1803.51167 1803.51167 1803.51167
          989.552 989.552 989.552 536.236667 536.236667 536.236667 443.087333 443.087333 443.087333
          -757.922667 -757.922667 -757.922667 -1294.027 -1294.027 -1294.027 516.262 516.262 516.262
          1435.39333 1435.39333 1435.39333 -1584.85133 -1584.85133 -1584.85133 -598.393 -598.393 -598.393
          -551.212667 -551.212667 -551.212667 -1530.13433 -1530.13433 -1530.13433 -2470.00333 -2470.00333 -2470.00333
          -2056.14667 -2056.14667 -2056.14667 -2024.24333 -2024.24333 -2024.24333 -681.56 -681.56 -681.56
          -951.678333 -951.678333 -951.678333 -527.665667 -527.665667 -527.665667 -758.357333 -758.357333 -758.357333
          -545.813667 -545.813667 -545.813667 400.236333 400.236333 400.236333 1469.222 1469.222 1469.222
          2140.312 2140.312 2140.312 -914.944667 -914.944667 -914.944667 -257.062333 -257.062333 -257.062333
          1681.117 1681.117 1681.117 721.859333 721.859333 721.859333 -959.613667 -959.613667 -959.613667
          -726.437 -726.437 -726.437 -1315.69633 -1315.69633 -1315.69633 -1261.003 -1261.003 -1261.003
          -746.185333 -746.185333 -746.185333 -700.19 -700.19 -700.19 -880.058 -880.058 -880.058
          -747.57 -747.57 -747.57 -107.458 -107.458 -107.458 339.354667 339.354667 339.354667
          275.296 275.296 275.296 -261.352333 -261.352333 -261.352333 1254.446 1254.446 1254.446
          1344.28167 1344.28167 1344.28167 -1844.93 -1844.93 -1844.93 -1818.68 -1818.68 -1818.68
          -1634.34667 -1634.34667 -1634.34667 -1666.79667 -1666.79667 -1666.79667 -1262.99 -1262.99 -1262.99
          628.265667 628.265667 628.265667 945.300333 945.300333 945.300333 -284.969667 -284.969667 -284.969667
          -1060.733 -1060.733 -1060.733 -1230.04333 -1230.04333 -1230.04333 -1288.05333 -1288.05333 -1288.05333
          -1251.00967 -1251.00967 -1251.00967 -1278.41967 -1278.41967 -1278.41967 -2420.88667 -2420.88667 -2420.88667
          -1799.46 -1799.46 -1799.46 -1703.18 -1703.18 -1703.18 -1664.80667 -1664.80667 -1664.80667
          -1674.28667 -1674.28667 -1674.28667 -1925.33 -1925.33 -1925.33 -532.914667 -532.914667 -532.914667
          466.398667 466.398667 466.398667 1771.70527 1771.70527 1771.70527 1256.79983 1256.79983 1256.79983
          -460.950767 -460.950767 -460.950767 -295.287 -295.287 -295.287 -1666.10833 -1666.10833 -1666.10833
          -756.2935 -756.2935 -756.2935 -1203.9314 -1203.9314 -1203.9314 2334.745 2334.745 2334.745
          3290.80333 3290.80333 3290.80333 3159.92667 3159.92667 3159.92667 2883.79667 2883.79667 2883.79667
          2201.885 2201.885 2201.885 2495.30167 2495.30167 2495.30167 2626.17833 2626.17833 2626.17833
          2019.36167 2019.36167 2019.36167 -1626.72 -1626.72 -1626.72 -1537.89 -1537.89 -1537.89
          -1896.61667 -1896.61667 -1896.61667 -1688.38333 -1688.38333 -1688.38333 -1467.94333 -1467.94333 -1467.94333
          -1520.43 -1520.43 -1520.43 -1440.79333 -1440.79333 -1440.79333 -1426.62667 -1426.62667 -1426.62667
          -1161.838 -1161.838 -1161.838 -1245.998 -1245.998 -1245.998 -1519.98 -1519.98 -1519.98
          -1421.41333 -1421.41333 -1421.41333 1507.36167 1507.36167 1507.36167 194.648333 194.648333 194.648333
          -498.37 -498.37 -498.37 2044.61333 2044.61333 2044.61333 2588.77667 2588.77667 2588.77667
          2681.42 2681.42 2681.42 2831.78 2831.78 2831.78 -1467.00667 -1467.00667 -1467.00667
          -1528.55333 -1528.55333 -1528.55333 -1249.84 -1249.84 -1249.84 -1381.79333 -1381.79333 -1381.79333
          -1396.71667 -1396.71667 -1396.71667 -1590.21667 -1590.21667 -1590.21667 -1259.56333 -1259.56333 -1259.56333
          -1345.78333 -1345.78333 -1345.78333 -1029.39 -1029.39 -1029.39 -909.296333 -909.296333 -909.296333
          -1185.22333 -1185.22333 -1185.22333 -1392.95667 -1392.95667 -1392.95667 -1796.76333 -1796.76333 -1796.76333
          -1790.56333 -1790.56333 -1790.56333 -1622.54 -1622.54 -1622.54 -1743.98667 -1743.98667 -1743.98667
          -1182.78667 -1182.78667 -1182.78667 -1197.24667 -1197.24667 -1197.24667 -1435.46667 -1435.46667 -1435.46667
          -1743.98667 -1743.98667 -1743.98667 -937.171433 -937.171433 -937.171433 -1056.9421 -1056.9421 -1056.9421
          -1471.38333 -1471.38333 -1471.38333 -1512.83333 -1512.83333 -1512.83333 -1298.55667 -1298.55667 -1298.55667
          -1427.62 -1427.62 -1427.62 -1203.14133 -1203.14133 -1203.14133 -1290.75467 -1290.75467 -1290.75467
          -933.515667 -933.515667 -933.515667 -1030.74433 -1030.74433 -1030.74433 -905.552333 -905.552333 -905.552333
          -867.530667 -867.530667 -867.530667 -1154.27 -1154.27 -1154.27 -1282.53 -1282.53 -1282.53
          -1378.81 -1378.81 -1378.81 -1286.62 -1286.62 -1286.62 -1251.08 -1251.08 -1251.08
          -1151.83333 -1151.83333 -1151.83333 -1204.67633 -1204.67633 -1204.67633 -1214.03633 -1214.03633 -1214.03633
          -1742.36667 -1742.36667 -1742.36667 -1713.65333 -1713.65333 -1713.65333 -1336.37333 -1336.37333 -1336.37333
          -1274.81333 -1274.81333 -1274.81333 -1301.59 -1301.59 -1301.59 -1457.82333 -1457.82333 -1457.82333
          -1409.64333 -1409.64333 -1409.64333 -1507.97 -1507.97 -1507.97 -1605.06667 -1605.06667 -1605.06667
          -1669.54667 -1669.54667 -1669.54667 -1681.64667 -1681.64667 -1681.64667 -1513.03333 -1513.03333 -1513.03333
          -1680.70333 -1680.70333 -1680.70333 -1662.24333 -1662.24333 -1662.24333 -1293.54 -1293.54 -1293.54
          -1450.61 -1450.61 -1450.61 -2273.57 -2273.57 -2273.57 -2151.53333 -2151.53333 -2151.53333
          -1437.91667 -1437.91667 -1437.91667 -1190.53233 -1190.53233 -1190.53233 -1221.399 -1221.399 -1221.399
          -1218.74233 -1218.74233 -1218.74233 -873.936 -873.936 -873.936 -1018.71367 -1018.71367 -1018.71367
          -897.434667 -897.434667 -897.434667 -1150.559 -1150.559 -1150.559 1717.80633 1717.80633 1717.80633
          1552.14257 1552.14257 1552.14257 218.742267 218.742267 218.742267 -743.801067 -743.801067 -743.801067
          -1178.41767 -1178.41767 -1178.41767 -2055.23267 -2055.23267 -2055.23267 -1280.82967 -1280.82967 -1280.82967
          -1256.37633 -1256.37633 -1256.37633 -1109.49967 -1109.49967 -1109.49967 -1059.55833 -1059.55833 -1059.55833
          -1264.24633 -1264.24633 -1264.24633 -1240.75967 -1240.75967 -1240.75967 -1010.58633 -1010.58633 -1010.58633
          -959.678333 -959.678333 -959.678333 -278.225543 -278.225543 -278.225543 -666.2731 -666.2731 -666.2731
          138.737457 138.737457 138.737457 610.243233 610.243233 610.243233 1557.29867 1557.29867 1557.29867
          1856.952 1856.952 1856.952 -192.36811 -192.36811 -192.36811 -445.165333 -445.165333 -445.165333
          987.200667 987.200667 987.200667 774.612333 774.612333 774.612333 1941.42167 1941.42167 1941.42167
          152.2319 152.2319 152.2319 892.014567 892.014567 892.014567 1839.07 1839.07 1839.07
          2231.36667 2231.36667 2231.36667 -957.737 -957.737 -957.737 -816.412667 -816.412667 -816.412667
          -1053.15233 -1053.15233 -1053.15233 -1000.321 -1000.321 -1000.321 -897.240333 -897.240333 -897.240333
          -839.911333 -839.911333 -839.911333 -900.441 -900.441 -900.441 -869.277 -869.277 -869.277
          -3165.91 -3165.91 -3165.91 -2381.23667 -2381.23667 -2381.23667 -3349.87 -3349.87 -3349.87
          -2892.55333 -2892.55333 -2892.55333 -1107.20933 -1107.20933 -1107.20933 -1126.059 -1126.059 -1126.059
          -3074.05 -3074.05 -3074.05 -2319.51333 -2319.51333 -2319.51333 -374.417667 -374.417667 -374.417667
          -524.827667 -524.827667 -524.827667 -636.833333 -636.833333 -636.833333 -556.719667 -556.719667 -556.719667
          -572.246 -572.246 -572.246 -649.986333 -649.986333 -649.986333 -487.505667 -487.505667 -487.505667
          -339.469 -339.469 -339.469 -1950.51 -1950.51 -1950.51 -1605.30633 -1605.30633 -1605.30633
          -965.861 -965.861 -965.861 -1067.09933 -1067.09933 -1067.09933 -663.711333 -663.711333 -663.711333
          -670.575667 -670.575667 -670.575667 -662.865667 -662.865667 -662.865667 -2126.13 -2126.13 -2126.13
          -1909.32667 -1909.32667 -1909.32667 -838.176333 -838.176333 -838.176333 -1229.013 -1229.013 -1229.013
          -1352.37033 -1352.37033 -1352.37033 -1103.047 -1103.047 -1103.047 -1618.977 -1618.977 -1618.977
          -956.094 -956.094 -956.094 -2184.73667 -2184.73667 -2184.73667 -3054.45333 -3054.45333 -3054.45333
          -921.145333 -921.145333 -921.145333 -1363.05833 -1363.05833 -1363.05833 -3736.1 -3736.1 -3736.1
          -3087.35333 -3087.35333 -3087.35333 -3737.26667 -3737.26667 -3737.26667 -4151.73667 -4151.73667 -4151.73667
          -3500.26667 -3500.26667 -3500.26667 -3734.54333 -3734.54333 -3734.54333 489.222333 489.222333 489.222333
          1159.772 1159.772 1159.772 -730.262333 -730.262333 -730.262333 -330.085333 -330.085333 -330.085333
          1944.71667 1944.71667 1944.71667 1955.96333 1955.96333 1955.96333 2210.98 2210.98 2210.98
          2195.10333 2195.10333 2195.10333 1998.73 1998.73 1998.73 2079.24333 2079.24333 2079.24333
          -2815.92 -2815.92 -2815.92 -2196.97667 -2196.97667 -2196.97667 -2851.14667 -2851.14667 -2851.14667
          -1656.25067 -1656.25067 -1656.25067 -2258.434 -2258.434 -2258.434 -2892.55333 -2892.55333 -2892.55333
          -2318.77667 -2318.77667 -2318.77667 -1577.59167 -1577.59167 -1577.59167 -2062.61667 -2062.61667 -2062.61667
          -2890.09 -2890.09 -2890.09 -1216.06667 -1216.06667 -1216.06667 -1619.528 -1619.528 -1619.528
          -1071.88333 -1071.88333 -1071.88333 -1467.63467 -1467.63467 -1467.63467 -1422.84967 -1422.84967 -1422.84967
          -1339.29633 -1339.29633 -1339.29633 -1750.815 -1750.815 -1750.815 -1304.55367 -1304.55367 -1304.55367
          -1226.87267 -1226.87267 -1226.87267 -1079.352 -1079.352 -1079.352 -749.215 -749.215 -749.215
          -368.126667 -368.126667 -368.126667 -361.540667 -361.540667 -361.540667 -881.846 -881.846 -881.846
          -849.326667 -849.326667 -849.326667 -906.845667 -906.845667 -906.845667 -897.357 -897.357 -897.357
          -926.121667 -926.121667 -926.121667 -1369.49967 -1369.49967 -1369.49967 -1308.933 -1308.933 -1308.933
          -2103.14333 -2103.14333 -2103.14333 -1909.76667 -1909.76667 -1909.76667 -1165.59967 -1165.59967 -1165.59967
          -1140.484 -1140.484 -1140.484 -690.531 -690.531 -690.531 -624.037333 -624.037333 -624.037333
          -813.476 -813.476 -813.476 -987.635 -987.635 -987.635 -917.913667 -917.913667 -917.913667
          -1183.682 -1183.682 -1183.682 -903.041667 -903.041667 -903.041667 -1558.19633 -1558.19633 -1558.19633
          -1463.545 -1463.545 -1463.545 -656.512667 -656.512667 -656.512667 -778.149 -778.149 -778.149
          -751.352667 -751.352667 -751.352667 -793.251333 -793.251333 -793.251333 -950.151667 -950.151667 -950.151667
          -861.453333 -861.453333 -861.453333 -886.186333 -886.186333 -886.186333 -1320.08833 -1320.08833 -1320.08833
          -752.132 -752.132 -752.132 -703.931 -703.931 -703.931 -806.404333 -806.404333 -806.404333
          -776.865 -776.865 -776.865 -2389.52433 -2389.52433 -2389.52433 -2155.24767 -2155.24767 -2155.24767
          -868.417667 -868.417667 -868.417667 -858.450333 -858.450333 -858.450333 273.888333 273.888333 273.888333
          -273.232667 -273.232667 -273.232667 1418.418 1418.418 1418.418 284.664667 284.664667 284.664667
          -586.612 -586.612 -586.612 1375.65133 1375.65133 1375.65133 959.382333 959.382333 959.382333
          508.687 508.687 508.687 243.159667 243.159667 243.159667 -576.148 -576.148 -576.148
          -1459.925 -1459.925 -1459.925 785.069333 785.069333 785.069333 1581.16867 1581.16867 1581.16867
          1505.28533 1505.28533 1505.28533 1399.004 1399.004 1399.004 620.839 620.839 620.839
          882.414 882.414 882.414 1521.56933 1521.56933 1521.56933 402.392667 402.392667 402.392667
          -384.32 -384.32 -384.32 -658.831333 -658.831333 -658.831333 -876.482333 -876.482333 -876.482333
          -488.443333 -488.443333 -488.443333 -677.34 -677.34 -677.34 -2080.70667 -2080.70667 -2080.70667
          -1804.15 -1804.15 -1804.15 -1744.85333 -1744.85333 -1744.85333 -1301.281 -1301.281 -1301.281
          -1164.20333 -1164.20333 -1164.20333 -1030.27433 -1030.27433 -1030.27433 -982.244 -982.244 -982.244
          -949.157333 -949.157333 -949.157333 433.859667 433.859667 433.859667 -389.410333 -389.410333 -389.410333
          1357.39933 1357.39933 1357.39933 1653.306 1653.306 1653.306 331.186333 331.186333 331.186333
          -213.866 -213.866 -213.866 -43.478 -43.478 -43.478 393.076667 393.076667 393.076667
          1146.22833 1146.22833 1146.22833 1254.726 1254.726 1254.726 -949.048 -949.048 -949.048
          -936.963 -936.963 -936.963 -1056.19367 -1056.19367 -1056.19367 -912.767333 -912.767333 -912.767333
          -841.876333 -841.876333 -841.876333 -984.440333 -984.440333 -984.440333 -763.815 -763.815 -763.815
          -776.762333 -776.762333 -776.762333 -1321.32667 -1321.32667 -1321.32667 -1126.504 -1126.504 -1126.504
          -1644.68667 -1644.68667 -1644.68667 -1783.91667 -1783.91667 -1783.91667 -1909.17667 -1909.17667 -1909.17667
          -1908.72 -1908.72 -1908.72 -1262.33767 -1262.33767 -1262.33767 -1458.28333 -1458.28333 -1458.28333
          -1600.12667 -1600.12667 -1600.12667 -1923.89667 -1923.89667 -1923.89667 -2363.96333 -2363.96333 -2363.96333
          -2068.90333 -2068.90333 -2068.90333 -2164.92 -2164.92 -2164.92 -2353.61 -2353.61 -2353.61
          -1090.052 -1090.052 -1090.052 -1314.70767 -1314.70767 -1314.70767 -1707.50333 -1707.50333 -1707.50333
          -1886.41 -1886.41 -1886.41 -1129.07267 -1129.07267 -1129.07267 -344.257 -344.257 -344.257
          2372.13333 2372.13333 2372.13333 2668.99 2668.99 2668.99 1818.14267 1818.14267 1818.14267
          1760.47267 1760.47267 1760.47267 83.1839333 83.1839333 83.1839333 801.714933 801.714933 801.714933
          1143.9226 1143.9226 1143.9226 -830.445067 -830.445067 -830.445067 -1502.08767 -1502.08767 -1502.08767
          -1681.9674 -1681.9674 -1681.9674 -1501.40407 -1501.40407 -1501.40407 -2396.02 -2396.02 -2396.02
          -256.138067 -256.138067 -256.138067 819.135267 819.135267 819.135267 1444.30933 1444.30933 1444.30933
          1374.89067 1374.89067 1374.89067 1579.93067 1579.93067 1579.93067 863.889667 863.889667 863.889667
          -125.966 -125.966 -125.966 -748.803333 -748.803333 -748.803333 175.187 175.187 175.187
          -1755.7 -1755.7 -1755.7 -1657.74333 -1657.74333 -1657.74333 -1420.68333 -1420.68333 -1420.68333
          -1621.08 -1621.08 -1621.08 -1373.00667 -1373.00667 -1373.00667 -1475.44667 -1475.44667 -1475.44667
          -1209.97 -1209.97 -1209.97 -1408.26667 -1408.26667 -1408.26667 -1055.83 -1055.83 -1055.83
          -1049.72 -1049.72 -1049.72 -1650.39 -1650.39 -1650.39 -1660.31667 -1660.31667 -1660.31667
          -1579.09667 -1579.09667 -1579.09667 -1507.58333 -1507.58333 -1507.58333 -1287.03433 -1287.03433 -1287.03433
          -1242.66433 -1242.66433 -1242.66433 -965.964667 -965.964667 -965.964667 -1051.77633 -1051.77633 -1051.77633
          -1208.63867 -1208.63867 -1208.63867 -1326.40333 -1326.40333 -1326.40333 -1256.47 -1256.47 -1256.47
          -1594.63333 -1594.63333 -1594.63333 -1754.17667 -1754.17667 -1754.17667 -1397.59667 -1397.59667 -1397.59667
          -1619.55667 -1619.55667 -1619.55667 -1233.272 -1233.272 -1233.272 -1295.68867 -1295.68867 -1295.68867
          -814.666667 -814.666667 -814.666667 -905.396 -905.396 -905.396 -847.656667 -847.656667 -847.656667
          -934.236 -934.236 -934.236 -75.1063333 -75.1063333 -75.1063333 -663.183 -663.183 -663.183
          -229.077667 -229.077667 -229.077667 -612.747667 -612.747667 -612.747667 453.716 453.716 453.716
          935.049333 935.049333 935.049333 1736.51033 1736.51033 1736.51033 2092.12367 2092.12367 2092.12367
          -1541.35333 -1541.35333 -1541.35333 -1369.59333 -1369.59333 -1369.59333 -2029.45 -2029.45 -2029.45
          -1983.30667 -1983.30667 -1983.30667 -1149.50633 -1149.50633 -1149.50633 -1002.10967 -1002.10967 -1002.10967
          -1101.82967 -1101.82967 -1101.82967 -1032.63967 -1032.63967 -1032.63967 -933.739667 -933.739667 -933.739667
          -855.519667 -855.519667 -855.519667 -1087.86633 -1087.86633 -1087.86633 -1087.87967 -1087.87967 -1087.87967
          -934.851 -934.851 -934.851 -1187.43833 -1187.43833 -1187.43833 -1487.1 -1487.1 -1487.1
          -1353.82667 -1353.82667 -1353.82667 -961.429 -961.429 -961.429 -979.421667 -979.421667 -979.421667
          -1279.16667 -1279.16667 -1279.16667 -1455.99667 -1455.99667 -1455.99667 -1257.15333 -1257.15333 -1257.15333
          -1155.025 -1155.025 -1155.025 -973.525667 -973.525667 -973.525667 -928.845 -928.845 -928.845
          -839.764333 -839.764333 -839.764333 -1282.07333 -1282.07333 -1282.07333 -1228.59 -1228.59 -1228.59
          -1666 -1666 -1666 -1482.21333 -1482.21333 -1482.21333 -1803.01333 -1803.01333 -1803.01333
          -1791.26 -1791.26 -1791.26 -1509.19333 -1509.19333 -1509.19333 -1549.32667 -1549.32667 -1549.32667
          -1927.62333 -1927.62333 -1927.62333 -1778.61 -1778.61 -1778.61 -1169.421 -1169.421 -1169.421
          -976.84 -976.84 -976.84 -499.788667 -499.788667 -499.788667 -1296.81433 -1296.81433 -1296.81433
          2021.50033 2021.50033 2021.50033 1577.27367 1577.27367 1577.27367 1049.805 1049.805 1049.805
          -49.865 -49.865 -49.865 -788.304 -788.304 -788.304 -848.985 -848.985 -848.985
          -885.258667 -885.258667 -885.258667 -843.817 -843.817 -843.817 -813.710333 -813.710333 -813.710333
          -833.729667 -833.729667 -833.729667 -984.809 -984.809 -984.809 -925.091333 -925.091333 -925.091333
          -1018.51933 -1018.51933 -1018.51933 -407.985667 -407.985667 -407.985667 -497.263667 -497.263667 -497.263667
          -1100.63 -1100.63 -1100.63 -974.796667 -974.796667 -974.796667 -936.305333 -936.305333 -936.305333
          -805.586 -805.586 -805.586 -828.206667 -828.206667 -828.206667 -813.737333 -813.737333 -813.737333
          -780.747333 -780.747333 -780.747333 -790.330667 -790.330667 -790.330667 -756.771 -756.771 -756.771
          -86.163 -86.163 -86.163 1232.40367 1232.40367 1232.40367 1661.46567 1661.46567 1661.46567
          -39.776 -39.776 -39.776 735.949333 735.949333 735.949333 -151.461667 -151.461667 -151.461667
          -556.881667 -556.881667 -556.881667 1537.41033 1537.41033 1537.41033 1167.105 1167.105 1167.105
        </DataArray>
        <DataArray type="Float32" Name="pressurePaAbs" format="ascii">
          3002.35667 3002.35667 3002.35667 3630.33667 3630.33667 3630.33667 4057.25667 4057.25667 4057.25667
          3681.78667 3681.78667 3681.78667 2511.77 2511.77 2511.77 2028.41 2028.41 2028.41
          606.505667 606.505667 606.505667 615.311 615.311 615.311 918.287667 918.287667 918.287667
          796.280333 796.280333 796.280333 720.651667 720.651667 720.651667 794.124333 794.124333 794.124333
          707.093 707.093 707.093 706.665333 706.665333 706.665333 754.692333 754.692333 754.692333
          679.587037 679.587037 679.587037 494.502703 494.502703 494.502703 762.471333 762.471333 762.471333
          693.152667 693.152667 693.152667 1678.12 1678.12 1678.12 1695.56667 1695.56667 1695.56667
          1417 1417 1417 2108.11 2108.11 2108.11 705.435333 705.435333 705.435333
          668.217667 668.217667 668.217667 2197.36 2197.36 2197.36 1515.81333 1515.81333 1515.81333
          1737.75667 1737.75667 1737.75667 1683.06 1683.06 1683.06 703.286 703.286 703.286
          654.53 654.53 654.53 647.405 647.405 647.405 649.052333 649.052333 649.052333
          612.341333 612.341333 612.341333 593.672333 593.672333 593.672333 990.197333 990.197333 990.197333
          1128.15 1128.15 1128.15 939.216667 939.216667 939.216667 1122.90833 1122.90833 1122.90833
          1008.867 1008.867 1008.867 1142.46333 1142.46333 1142.46333 956.819333 956.819333 956.819333
          1137.22167 1137.22167 1137.22167 1064.74067 1064.74067 1064.74067 534.694 534.694 534.694
          1460.36333 1460.36333 1460.36333 2265.28667 2265.28667 2265.28667 2459.71 2459.71 2459.71
          1741.87667 1741.87667 1741.87667 3595.36 3595.36 3595.36 3524.04667 3524.04667 3524.04667
          971.186667 971.186667 971.186667 1906.92867 1906.92867 1906.92867 1000.37167 1000.37167 1000.37167
          2007.427 2007.427 2007.427 1060.49367 1060.49367 1060.49367 444.003667 444.003667 444.003667
          1339.06033 1339.06033 1339.06033 1431.377 1431.377 1431.377 1177.86033 1177.86033 1177.86033
          1496.98067 1496.98067 1496.98067 2100.44333 2100.44333 2100.44333 2331.29333 2331.29333 2331.29333
          533.363433 533.363433 533.363433 1016.90077 1016.90077 1016.90077 641.429667 641.429667 641.429667
          1355.817 1355.817 1355.817 3321.14 3321.14 3321.14 2728.40667 2728.40667 2728.40667
          3052.23 3052.23 3052.23 4147.33667 4147.33667 4147.33667 1163.18367 1163.18367 1163.18367
          509.760333 509.760333 509.760333 1385.127 1385.127 1385.127 1440.51033 1440.51033 1440.51033
          1191.48567 1191.48567 1191.48567 1506.114 1506.114 1506.114 440.712767 440.712767 440.712767
          944.867433 944.867433 944.867433 543.990667 543.990667 543.990667 1531.50533 1531.50533 1531.50533
          4318.64 4318.64 4318.64 4694.11 4694.11 4694.11 1260.89067 1260.89067 1260.89067
          468.937333 468.937333 468.937333 1906.51333 1906.51333 1906.51333 1761.26667 1761.26667 1761.26667
          1447.21667 1447.21667 1447.21667 2108.11 2108.11 2108.11 795.856 795.856 795.856
          1434.147 1434.147 1434.147 820.252667 820.252667 820.252667 1782.367 1782.367 1782.367
          4769.56333 4769.56333 4769.56333 4465.40667 4465.40667 4465.40667 1158.09333 1158.09333 1158.09333
          1203.90333 1203.90333 1203.90333 1030.012 1030.012 1030.012 1161.56667 1161.56667 1161.56667
          1185.34333 1185.34333 1185.34333 1111.13 1111.13 1111.13 636.52 636.52 636.52
          748.346333 748.346333 748.346333 378.214333 378.214333 378.214333 94.902 94.902 94.902
          115.548333 115.548333 115.548333 846.783333 846.783333 846.783333 681.191 681.191 681.191
          988.881333 988.881333 988.881333 926.728667 926.728667 926.728667 1016.58133 1016.58133 1016.58133
          956.759667 956.759667 956.759667 859.749 859.749 859.749 838.069 838.069 838.069
          789.766333 789.766333 789.766333 711.806667 711.806667 711.806667 908.788667 908.788667 908.788667
          1016.68033 1016.68033 1016.68033 579.145467 579.145467 579.145467 345.5618 345.5618 345.5618
          594.671 594.671 594.671 976.629667 976.629667 976.629667 1044.38033 1044.38033 1044.38033
          500.276667 500.276667 500.276667 625.099 625.099 625.099 838.685333 838.685333 838.685333
          864.721667 864.721667 864.721667 938.269667 938.269667 938.269667 997.736 997.736 997.736
          917.82 917.82 917.82 998.859333 998.859333 998.859333 683.401667 683.401667 683.401667
          748.86 748.86 748.86 115.802667 115.802667 115.802667 440.032667 440.032667 440.032667
          637.802667 637.802667 637.802667 599.428333 599.428333 599.428333 632.459 632.459 632.459
          504.347333 504.347333 504.347333 1030.061 1030.061 1030.061 923.788667 923.788667 923.788667
          1031.18433 1031.18433 1031.18433 963.286333 963.286333 963.286333 1001.283 1001.283 1001.283
          1187.477 1187.477 1187.477 972.728667 972.728667 972.728667 1132.90033 1132.90033 1132.90033
          1104.486 1104.486 1104.486 923.308333 923.308333 923.308333 731.686 731.686 731.686
          805.735333 805.735333 805.735333 734.504333 734.504333 734.504333 669.091333 669.091333 669.091333
          721.837037 721.837037 721.837037 409.78917 409.78917 409.78917 692.5018 692.5018 692.5018
          1312.66333 1312.66333 1312.66333 1230.34667 1230.34667 1230.34667 1090.33367 1090.33367 1090.33367
          1258.08667 1258.08667 1258.08667 1089.986 1089.986 1089.986 1109.64667 1109.64667 1109.64667
          1208.36333 1208.36333 1208.36333 618.919333 618.919333 618.919333 845.3 845.3 845.3
          1121.92367 1121.92367 1121.92367 982.736333 982.736333 982.736333 1079.587 1079.587 1079.587
          934.891 934.891 934.891 935.291667 935.291667 935.291667 1091.966 1091.966 1091.966
          765.931 765.931 765.931 702.121 702.121 702.121 682.897 682.897 682.897
          746.487667 746.487667 746.487667 1084.454 1084.454 1084.454 1231.164 1231.164 1231.164
          1491.71667 1491.71667 1491.71667 1480.07667 1480.07667 1480.07667 1520.79333 1520.79333 1520.79333
          1385.72333 1385.72333 1385.72333 1367.80733 1367.80733 1367.80733 1456.34733 1456.34733 1456.34733
          1812.34067 1812.34067 1812.34067 1838.99733 1838.99733 1838.99733 143.776667 143.776667 143.776667
          130.730333 130.730333 130.730333 160.744667 160.744667 160.744667 51.659 51.659 51.659
          796.762 796.762 796.762 813.493 813.493 813.493 1086.53367 1086.53367 1086.53367
          1295.89067 1295.89067 1295.89067 1054.34767 1054.34767 1054.34767 1281.38067 1281.38067 1281.38067
          659.372667 659.372667 659.372667 678.914333 678.914333 678.914333 161.474233 161.474233 161.474233
          27.2177667 27.2177667 27.2177667 135.284 135.284 135.284 70.8788667 70.8788667 70.8788667
          801.870333 801.870333 801.870333 814.109333 814.109333 814.109333 1297.44967 1297.44967 1297.44967
          1092.90133 1092.90133 1092.90133 1269.92967 1269.92967 1269.92967 1031.39467 1031.39467 1031.39467
          645.608 645.608 645.608 630.838667 630.838667 630.838667 105.807667 105.807667 105.807667
          95.477 95.477 95.477 165.5449 165.5449 165.5449 2.52976667 2.52976667 2.52976667
          1653.884 1653.884 1653.884 1772.474 1772.474 1772.474 1073.98233 1073.98233 1073.98233
          1339.834 1339.834 1339.834 1065.13767 1065.13767 1065.13767 991.578667 991.578667 991.578667
          1403.47833 1403.47833 1403.47833 689.704333 689.704333 689.704333 674.073 674.073 674.073
          619.417 619.417 619.417 634.094667 634.094667 634.094667 284.905963 284.905963 284.905963
          17.4409633 17.4409633 17.4409633 106.975667 106.975667 106.975667 260.509297 260.509297 260.509297
          120.00783 120.00783 120.00783 794.817333 794.817333 794.817333 1269.639 1269.639 1269.639
          1345.089 1345.089 1345.089 1020.21733 1020.21733 1020.21733 1277.16233 1277.16233 1277.16233
          1153.53833 1153.53833 1153.53833 965.248667 965.248667 965.248667 621.309667 621.309667 621.309667
          634.430667 634.430667 634.430667 607.764667 607.764667 607.764667 594.909333 594.909333 594.909333
          664.882067 664.882067 664.882067 1009.3946 1009.3946 1009.3946 261.239933 261.239933 261.239933
          1127.13673 1127.13673 1127.13673 3458.32 3458.32 3458.32 3558.06333 3558.06333 3558.06333
          3439.16667 3439.16667 3439.16667 3891.06333 3891.06333 3891.06333 3479.6 3479.6 3479.6
          3238.96 3238.96 3238.96 3773.88 3773.88 3773.88 3462.88 3462.88 3462.88
          3243.53333 3243.53333 3243.53333 3269.87 3269.87 3269.87 5652.83333 5652.83333 5652.83333
          5561.35 5561.35 5561.35 4393.27667 4393.27667 4393.27667 4883.01333 4883.01333 4883.01333
          4782.62667 4782.62667 4782.62667 4212.85333 4212.85333 4212.85333 5440.58333 5440.58333 5440.58333
          5612.10333 5612.10333 5612.10333 3613.27333 3613.27333 3613.27333 3580.55333 3580.55333 3580.55333
          2500.262 2500.262 2500.262 3284.28 3284.28 3284.28 3416.28333 3416.28333 3416.28333
          3534.81 3534.81 3534.81 3799.83 3799.83 3799.83 2930.00533 2930.00533 2930.00533
          4324.34 4324.34 4324.34 4989.63 4989.63 4989.63 1263.87537 1263.87537 1263.87537
          2467.49727 2467.49727 2467.49727 3093.26333 3093.26333 3093.26333 3219.68667 3219.68667 3219.68667
          2972.60667 2972.60667 2972.60667 2800.07333 2800.07333 2800.07333 3224.24667 3224.24667 3224.24667
          3151.55667 3151.55667 3151.55667 2730.55667 2730.55667 2730.55667 2849.35667 2849.35667 2849.35667
          1189.66843 1189.66843 1189.66843 2343.42367 2343.42367 2343.42367 2713.98 2713.98 2713.98
          3891.78333 3891.78333 3891.78333 4468.93667 4468.93667 4468.93667 2947.83067 2947.83067 2947.83067
          1517.457 1517.457 1517.457 1661.553 1661.553 1661.553 4827.3 4827.3 4827.3
          5026.50667 5026.50667 5026.50667 2439.19333 2439.19333 2439.19333 2568.44667 2568.44667 2568.44667
          3017.28333 3017.28333 3017.28333 2926.56667 2926.56667 2926.56667 2778.01667 2778.01667 2778.01667
          2791.83 2791.83 2791.83 2708.5 2708.5 2708.5 2288.49667 2288.49667 2288.49667
          2521.08333 2521.08333 2521.08333 987.43 987.43 987.43 960.593333 960.593333 960.593333
          518.273333 518.273333 518.273333 1428.28 1428.28 1428.28 1502.33667 1502.33667 1502.33667
          666.396667 666.396667 666.396667 843.023333 843.023333 843.023333 987.43 987.43 987.43
          769.822667 769.822667 769.822667 2219.53867 2219.53867 2219.53867 2039.11533 2039.11533 2039.11533
          355.508667 355.508667 355.508667 250.346667 250.346667 250.346667 354.464667 354.464667 354.464667
          1696.312 1696.312 1696.312 396.974 396.974 396.974 3129.00733 3129.00733 3129.00733
          1596.53027 1596.53027 1596.53027 3278.49 3278.49 3278.49 3254.50667 3254.50667 3254.50667
          3488.89667 3488.89667 3488.89667 3457.44 3457.44 3457.44 2405.09373 2405.09373 2405.09373
          1595.55073 1595.55073 1595.55073 1775.569 1775.569 1775.569 1650.621 1650.621 1650.621
          2662.249 2662.249 2662.249 2309.59233 2309.59233 2309.59233 2367.27333 2367.27333 2367.27333
          2681.46667 2681.46667 2681.46667 1977.46267 1977.46267 1977.46267 2764.08667 2764.08667 2764.08667
          2982.64333 2982.64333 2982.64333 1911.918 1911.918 1911.918 1231.88467 1231.88467 1231.88467
          3078.98 3078.98 3078.98 3193 3193 3193 3409.01333 3409.01333 3409.01333
          3215.56667 3215.56667 3215.56667 3409.42 3409.42 3409.42 3715.56667 3715.56667 3715.56667
          3758.34667 3758.34667 3758.34667 3628.29 3628.29 3628.29 2971.66 2971.66 2971.66
          2989.01667 2989.01667 2989.01667 4887.49333 4887.49333 4887.49333 4286.43667 4286.43667 4286.43667
          808.761067 808.761067 808.761067 2291.4264 2291.4264 2291.4264 4108.77 4108.77 4108.77
          2949.46733 2949.46733 2949.46733 3280.614 3280.614 3280.614 2866.23733 2866.23733 2866.23733
          2897.10933 2897.10933 2897.10933 1925.05267 1925.05267 1925.05267 1686.1394 1686.1394 1686.1394
          2206.2994 2206.2994 2206.2994 2006.09273 2006.09273 2006.09273 1015.27797 1015.27797 1015.27797
          5669.08333 5669.08333 5669.08333 5723.97 5723.97 5723.97 5426.90667 5426.90667 5426.90667
          5323.45667 5323.45667 5323.45667 5269.87667 5269.87667 5269.87667 5418.17 5418.17 5418.17
          5683.24 5683.24 5683.24 5583.51 5583.51 5583.51 1114.9936 1114.9936 1114.9936
          1209.28227 1209.28227 1209.28227 2070.40967 2070.40967 2070.40967 1192.103 1192.103 1192.103
          1089.4849 1089.4849 1089.4849 2202.413 2202.413 2202.413 3219.14667 3219.14667 3219.14667
          3338.65 3338.65 3338.65 2918.24667 2918.24667 2918.24667 2865.42 2865.42 2865.42
          2623.54667 2623.54667 2623.54667 2483.61667 2483.61667 2483.61667 3979.19 3979.19 3979.19
          2918.95667 2918.95667 2918.95667 4525.54667 4525.54667 4525.54667 5029.1 5029.1 5029.1
          2143.08867 2143.08867 2143.08867 2970.76533 2970.76533 2970.76533 1267.748 1267.748 1267.748
          55.9453333 55.9453333 55.9453333 5185.70333 5185.70333 5185.70333 4914.70667 4914.70667 4914.70667
          2654.1 2654.1 2654.1 2587.76 2587.76 2587.76 368.737 368.737 368.737
          1545.117 1545.117 1545.117 1831.50367 1831.50367 1831.50367 799.219667 799.219667 799.219667
          1428.28 1428.28 1428.28 2111.15 2111.15 2111.15 2141.70333 2141.70333 2141.70333
          1502.33667 1502.33667 1502.33667 2945.26133 2945.26133 2945.26133 1815.60733 1815.60733 1815.60733
          2092.278 2092.278 2092.278 2988.04133 2988.04133 2988.04133 2093.322 2093.322 2093.322
          2197.44 2197.44 2197.44 396.974 396.974 396.974 1272.20133 1272.20133 1272.20133
          1164.34973 1164.34973 1164.34973 2600.386 2600.386 2600.386 4632.03 4632.03 4632.03
          4134.03333 4134.03333 4134.03333 2863.1196 2863.1196 2863.1196 4578.45 4578.45 4578.45
          731.764333 731.764333 731.764333 911.7826 911.7826 911.7826 2254.06433 2254.06433 2254.06433
          856.712333 856.712333 856.712333 1147.43933 1147.43933 1147.43933 2367.27333 2367.27333 2367.27333
          1026.314 1026.314 1026.314 607.967333 607.967333 607.967333 3009.472 3009.472 3009.472
          3107.36533 3107.36533 3107.36533 1845.23467 1845.23467 1845.23467 1119.573 1119.573 1119.573
          1552.584 1552.584 1552.584 91.681 91.681 91.681 1085.53633 1085.53633 1085.53633
          1592.64133 1592.64133 1592.64133 462.497 462.497 462.497 1129.503 1129.503 1129.503
          2089.049 2089.049 2089.049 1523.03567 1523.03567 1523.03567 1924.78 1924.78 1924.78
          2131.11333 2131.11333 2131.11333 2241.64 2241.64 2241.64 1672.30667 1672.30667 1672.30667
          1749.46667 1749.46667 1749.46667 1640.1 1640.1 1640.1 1496.32 1496.32 1496.32
          1008.63167 1008.63167 1008.63167 1164.00333 1164.00333 1164.00333 1201.19867 1201.19867 1201.19867
          941.290333 941.290333 941.290333 1122.94633 1122.94633 1122.94633 1371.263 1371.263 1371.263
          1489.14 1489.14 1489.14 1490.83333 1490.83333 1490.83333 1436.86667 1436.86667 1436.86667
          1733.15667 1733.15667 1733.15667 1280.28 1280.28 1280.28 1423.07867 1423.07867 1423.07867
          1808.46333 1808.46333 1808.46333 1297.058 1297.058 1297.058 1571.21333 1571.21333 1571.21333
          1924.54 1924.54 1924.54 1114.14033 1114.14033 1114.14033 362.809333 362.809333 362.809333
          470.196333 470.196333 470.196333 1077.29167 1077.29167 1077.29167 1486.317 1486.317 1486.317
          1403.30367 1403.30367 1403.30367 1843.46667 1843.46667 1843.46667 2260.93 2260.93 2260.93
          2433.25 2433.25 2433.25 2598.01833 2598.01833 2598.01833 2685.325 2685.325 2685.325
          2051.97967 2051.97967 2051.97967 2363.823 2363.823 2363.823 1745.30967 1745.30967 1745.30967
          838.200667 838.200667 838.200667 59.9496667 59.9496667 59.9496667 797.823333 797.823333 797.823333
          130.1023 130.1023 130.1023 1948.4977 1948.4977 1948.4977 1550.4617 1550.4617 1550.4617
          2347.334 2347.334 2347.334 3144.52 3144.52 3144.52 1184.755 1184.755 1184.755
          1331.41333 1331.41333 1331.41333 904.806 904.806 904.806 941.066333 941.066333 941.066333
          1297.47667 1297.47667 1297.47667 1326.93667 1326.93667 1326.93667 1081.09 1081.09 1081.09
          1031.08 1031.08 1031.08 1068.04333 1068.04333 1068.04333 1058.66733 1058.66733 1058.66733
          1072.424 1072.424 1072.424 1251.80367 1251.80367 1251.80367 1334.83367 1334.83367 1334.83367
          1309.01333 1309.01333 1309.01333 1813.31333 1813.31333 1813.31333 1858.07333 1858.07333 1858.07333
          1413.88667 1413.88667 1413.88667 2237.73 2237.73 2237.73 2177.72667 2177.72667 2177.72667
          1610.97167 1610.97167 1610.97167 1441.74167 1441.74167 1441.74167 2006.33333 2006.33333 2006.33333
          1767.57667 1767.57667 1767.57667 528.1383 528.1383 528.1383 888.542667 888.542667 888.542667
          252.470667 252.470667 252.470667 1475.25567 1475.25567 1475.25567 1335.97233 1335.97233 1335.97233
          1406.39667 1406.39667 1406.39667 1722.34667 1722.34667 1722.34667 1541.63 1541.63 1541.63
          1823.91667 1823.91667 1823.91667 1185.54733 1185.54733 1185.54733 1151.884 1151.884 1151.884
          746.295 746.295 746.295 950.539667 950.539667 950.539667 747.679667 747.679667 747.679667
          912.497667 912.497667 912.497667 979.807333 979.807333 979.807333 924.803667 924.803667 924.803667
          734.664667 734.664667 734.664667 920.421333 920.421333 920.421333 884.997 884.997 884.997
          980.016333 980.016333 980.016333 708.417667 708.417667 708.417667 875.627667 875.627667 875.627667
          1434.532 1434.532 1434.532 1216.46333 1216.46333 1216.46333 1509.98133 1509.98133 1509.98133
          1297.49133 1297.49133 1297.49133 1268.13967 1268.13967 1268.13967 1286.70533 1286.70533 1286.70533
          1443.03867 1443.03867 1443.03867 1313.802 1313.802 1313.802 1232.73867 1232.73867 1232.73867
          1806.45667 1806.45667 1806.45667 2119.64667 2119.64667 2119.64667 1714.83 1714.83 1714.83
          1623.21 1623.21 1623.21 1531.80333 1531.80333 1531.80333 1183.55333 1183.55333 1183.55333
          1065.145 1065.145 1065.145 1998.39667 1998.39667 1998.39667 1455.08333 1455.08333 1455.08333
          1337.452 1337.452 1337.452 1328.08867 1328.08867 1328.08867 997.803667 997.803667 997.803667
          1267.07533 1267.07533 1267.07533 1358.97667 1358.97667 1358.97667 1518.87333 1518.87333 1518.87333
          7.875 7.875 7.875 720.142 720.142 720.142 1803.51167 1803.51167 1803.51167
          989.552 989.552 989.552 536.236667 536.236667 536.236667 443.087333 443.087333 443.087333
          757.922667 757.922667 757.922667 1294.027 1294.027 1294.027 516.262 516.262 516.262
          1435.39333 1435.39333 1435.39333 1584.85133 1584.85133 1584.85133 598.393 598.393 598.393
          551.212667 551.212667 551.212667 1530.13433 1530.13433 1530.13433 2470.00333 2470.00333 2470.00333
          2056.14667 2056.14667 2056.14667 2024.24333 2024.24333 2024.24333 681.56 681.56 681.56
          951.678333 951.678333 951.678333 527.665667 527.665667 527.665667 758.357333 758.357333 758.357333
          545.813667 545.813667 545.813667 400.236333 400.236333 400.236333 1469.222 1469.222 1469.222
          2140.312 2140.312 2140.312 914.944667 914.944667 914.944667 257.062333 257.062333 257.062333
          1681.117 1681.117 1681.117 721.859333 721.859333 721.859333 959.613667 959.613667 959.613667
          726.437 726.437 726.437 1315.69633 1315.69633 1315.69633 1261.003 1261.003 1261.003
          746.185333 746.185333 746.185333 700.19 700.19 700.19 880.058 880.058 880.058
          747.57 747.57 747.57 107.458 107.458 107.458 339.354667 339.354667 339.354667
          275.296 275.296 275.296 261.352333 261.352333 261.352333 1254.446 1254.446 1254.446
          1344.28167 1344.28167 1344.28167 1844.93 1844.93 1844.93 1818.68 1818.68 1818.68
          1634.34667 1634.34667 1634.34667 1666.79667 1666.79667 1666.79667 1262.99 1262.99 1262.99
          628.265667 628.265667 628.265667 945.300333 945.300333 945.300333 284.969667 284.969667 284.969667
          1060.733 1060.733 1060.733 1230.04333 1230.04333 1230.04333 1288.05333 1288.05333 1288.05333
          1251.00967 1251.00967 1251.00967 1278.41967 1278.41967 1278.41967 2420.88667 2420.88667 2420.88667
          1799.46 1799.46 1799.46 1703.18 1703.18 1703.18 1664.80667 1664.80667 1664.80667
          1674.28667 1674.28667 1674.28667 1925.33 1925.33 1925.33 532.914667 532.914667 532.914667
          466.398667 466.398667 466.398667 1771.70527 1771.70527 1771.70527 1256.79983 1256.79983 1256.79983
          460.950767 460.950767 460.950767 295.287 295.287 295.287 1666.10833 1666.10833 1666.10833
          756.2935 756.2935 756.2935 1203.9314 1203.9314 1203.9314 2334.745 2334.745 2334.745
          3290.80333 3290.80333 3290.80333 3159.92667 3159.92667 3159.92667 2883.79667 2883.79667 2883.79667
          2201.885 2201.885 2201.885 2495.30167 2495.30167 2495.30167 2626.17833 2626.17833 2626.17833
          2019.36167 2019.36167 2019.36167 1626.72 1626.72 1626.72 1537.89 1537.89 1537.89
          1896.61667 1896.61667 1896.61667 1688.38333 1688.38333 1688.38333 1467.94333 1467.94333 1467.94333
          1520.43 1520.43 1520.43 1440.79333 1440.79333 1440.79333 1426.62667 1426.62667 1426.62667
          1161.838 1161.838 1161.838 1245.998 1245.998 1245.998 1519.98 1519.98 1519.98
          1421.41333 1421.41333 1421.41333 1507.36167 1507.36167 1507.36167 194.648333 194.648333 194.648333
          498.37 498.37 498.37 2044.61333 2044.61333 2044.61333 2588.77667 2588.77667 2588.77667
          2681.42 2681.42 2681.42 2831.78 2831.78 2831.78 1467.00667 1467.00667 1467.00667
          1528.55333 1528.55333 1528.55333 1249.84 1249.84 1249.84 1381.79333 1381.79333 1381.79333
          1396.71667 1396.71667 1396.71667 1590.21667 1590.21667 1590.21667 1259.56333 1259.56333 1259.56333
          1345.78333 1345.78333 1345.78333 1029.39 1029.39 1029.39 909.296333 909.296333 909.296333
          1185.22333 1185.22333 1185.22333 1392.95667 1392.95667 1392.95667 1796.76333 1796.76333 1796.76333
          1790.56333 1790.56333 1790.56333 1622.54 1622.54 1622.54 1743.98667 1743.98667 1743.98667
          1182.78667 1182.78667 1182.78667 1197.24667 1197.24667 1197.24667 1435.46667 1435.46667 1435.46667
          1743.98667 1743.98667 1743.98667 937.171433 937.171433 937.171433 1056.9421 1056.9421 1056.9421
          1471.38333 1471.38333 1471.38333 1512.83333 1512.83333 1512.83333 1298.55667 1298.55667 1298.55667
          1427.62 1427.62 1427.62 1203.14133 1203.14133 1203.14133 1290.75467 1290.75467 1290.75467
          933.515667 933.515667 933.515667 1030.74433 1030.74433 1030.74433 905.552333 905.552333 905.552333
          867.530667 867.530667 867.530667 1154.27 1154.27 1154.27 1282.53 1282.53 1282.53
          1378.81 1378.81 1378.81 1286.62 1286.62 1286.62 1251.08 1251.08 1251.08
          1151.83333 1151.83333 1151.83333 1204.67633 1204.67633 1204.67633 1214.03633 1214.03633 1214.03633
          1742.36667 1742.36667 1742.36667 1713.65333 1713.65333 1713.65333 1336.37333 1336.37333 1336.37333
          1274.81333 1274.81333 1274.81333 1301.59 1301.59 1301.59 1457.82333 1457.82333 1457.82333
          1409.64333 1409.64333 1409.64333 1507.97 1507.97 1507.97 1605.06667 1605.06667 1605.06667
          1669.54667 1669.54667 1669.54667 1681.64667 1681.64667 1681.64667 1513.03333 1513.03333 1513.03333
          1680.70333 1680.70333 1680.70333 1662.24333 1662.24333 1662.24333 1293.54 1293.54 1293.54
          1450.61 1450.61 1450.61 2273.57 2273.57 2273.57 2151.53333 2151.53333 2151.53333
          1437.91667 1437.91667 1437.91667 1190.53233 1190.53233 1190.53233 1221.399 1221.399 1221.399
          1218.74233 1218.74233 1218.74233 873.936 873.936 873.936 1018.71367 1018.71367 1018.71367
          897.434667 897.434667 897.434667 1150.559 1150.559 1150.559 1717.80633 1717.80633 1717.80633
          1552.14257 1552.14257 1552.14257 218.742267 218.742267 218.742267 743.801067 743.801067 743.801067
          1178.41767 1178.41767 1178.41767 2055.23267 2055.23267 2055.23267 1280.82967 1280.82967 1280.82967
          1256.37633 1256.37633 1256.37633 1109.49967 1109.49967 1109.49967 1059.55833 1059.55833 1059.55833
          1264.24633 1264.24633 1264.24633 1240.75967 1240.75967 1240.75967 1010.58633 1010.58633 1010.58633
          959.678333 959.678333 959.678333 278.225543 278.225543 278.225543 666.2731 666.2731 666.2731
          138.737457 138.737457 138.737457 610.243233 610.243233 610.243233 1557.29867 1557.29867 1557.29867
          1856.952 1856.952 1856.952 192.36811 192.36811 192.36811 445.165333 445.165333 445.165333
          987.200667 987.200667 987.200667 774.612333 774.612333 774.612333 1941.42167 1941.42167 1941.42167
          152.2319 152.2319 152.2319 892.014567 892.014567 892.014567 1839.07 1839.07 1839.07
          2231.36667 2231.36667 2231.36667 957.737 957.737 957.737 816.412667 816.412667 816.412667
          1053.15233 1053.15233 1053.15233 1000.321 1000.321 1000.321 897.240333 897.240333 897.240333
          839.911333 839.911333 839.911333 900.441 900.441 900.441 869.277 869.277 869.277
          3165.91 3165.91 3165.91 2381.23667 2381.23667 2381.23667 3349.87 3349.87 3349.87
          2892.55333 2892.55333 2892.55333 1107.20933 1107.20933 1107.20933 1126.059 1126.059 1126.059
          3074.05 3074.05 3074.05 2319.51333 2319.51333 2319.51333 374.417667 374.417667 374.417667
          524.827667 524.827667 524.827667 636.833333 636.833333 636.833333 556.719667 556.719667 556.719667
          572.246 572.246 572.246 649.986333 649.986333 649.986333 487.505667 487.505667 487.505667
          339.469 339.469 339.469 1950.51 1950.51 1950.51 1605.30633 1605.30633 1605.30633
          965.861 965.861 965.861 1067.09933 1067.09933 1067.09933 663.711333 663.711333 663.711333
          670.575667 670.575667 670.575667 662.865667 662.865667 662.865667 2126.13 2126.13 2126.13
          1909.32667 1909.32667 1909.32667 838.176333 838.176333 838.176333 1229.013 1229.013 1229.013
          1352.37033 1352.37033 1352.37033 1103.047 1103.047 1103.047 1618.977 1618.977 1618.977
          956.094 956.094 956.094 2184.73667 2184.73667 2184.73667 3054.45333 3054.45333 3054.45333
          921.145333 921.145333 921.145333 1363.05833 1363.05833 1363.05833 3736.1 3736.1 3736.1
          3087.35333 3087.35333 3087.35333 3737.26667 3737.26667 3737.26667 4151.73667 4151.73667 4151.73667
          3500.26667 3500.26667 3500.26667 3734.54333 3734.54333 3734.54333 489.222333 489.222333 489.222333
          1159.772 1159.772 1159.772 730.262333 730.262333 730.262333 330.085333 330.085333 330.085333
          1944.71667 1944.71667 1944.71667 1955.96333 1955.96333 1955.96333 2210.98 2210.98 2210.98
          2195.10333 2195.10333 2195.10333 1998.73 1998.73 1998.73 2079.24333 2079.24333 2079.24333
          2815.92 2815.92 2815.92 2196.97667 2196.97667 2196.97667 2851.14667 2851.14667 2851.14667
          1656.25067 1656.25067 1656.25067 2258.434 2258.434 2258.434 2892.55333 2892.55333 2892.55333
          2318.77667 2318.77667 2318.77667 1577.59167 1577.59167 1577.59167 2062.61667 2062.61667 2062.61667
          2890.09 2890.09 2890.09 1216.06667 1216.06667 1216.06667 1619.528 1619.528 1619.528
          1071.88333 1071.88333 1071.88333 1467.63467 1467.63467 1467.63467 1422.84967 1422.84967 1422.84967
          1339.29633 1339.29633 1339.29633 1750.815 1750.815 1750.815 1304.55367 1304.55367 1304.55367
          1226.87267 1226.87267 1226.87267 1079.352 1079.352 1079.352 749.215 749.215 749.215
          368.126667 368.126667 368.126667 361.540667 361.540667 361.540667 881.846 881.846 881.846
          849.326667 849.326667 849.326667 906.845667 906.845667 906.845667 897.357 897.357 897.357
          926.121667 926.121667 926.121667 1369.49967 1369.49967 1369.49967 1308.933 1308.933 1308.933
          2103.14333 2103.14333 2103.14333 1909.76667 1909.76667 1909.76667 1165.59967 1165.59967 1165.59967
          1140.484 1140.484 1140.484 690.531 690.531 690.531 624.037333 624.037333 624.037333
          813.476 813.476 813.476 987.635 987.635 987.635 917.913667 917.913667 917.913667
          1183.682 1183.682 1183.682 903.041667 903.041667 903.041667 1558.19633 1558.19633 1558.19633
          1463.545 1463.545 1463.545 656.512667 656.512667 656.512667 778.149 778.149 778.149
          751.352667 751.352667 751.352667 793.251333 793.251333 793.251333 950.151667 950.151667 950.151667
          861.453333 861.453333 861.453333 886.186333 886.186333 886.186333 1320.08833 1320.08833 1320.08833
          752.132 752.132 752.132 703.931 703.931 703.931 806.404333 806.404333 806.404333
          776.865 776.865 776.865 2389.52433 2389.52433 2389.52433 2155.24767 2155.24767 2155.24767
          868.417667 868.417667 868.417667 858.450333 858.450333 858.450333 273.888333 273.888333 273.888333
          273.232667 273.232667 273.232667 1418.418 1418.418 1418.418 284.664667 284.664667 284.664667
          586.612 586.612 586.612 1375.65133 1375.65133 1375.65133 959.382333 959.382333 959.382333
          508.687 508.687 508.687 243.159667 243.159667 243.159667 576.148 576.148 576.148
          1459.925 1459.925 1459.925 785.069333 785.069333 785.069333 1581.16867 1581.16867 1581.16867
          1505.28533 1505.28533 1505.28533 1399.004 1399.004 1399.004 620.839 620.839 620.839
          882.414 882.414 882.414 1521.56933 1521.56933 1521.56933 402.392667 402.392667 402.392667
          384.32 384.32 384.32 658.831333 658.831333 658.831333 876.482333 876.482333 876.482333
          488.443333 488.443333 488.443333 677.34 677.34 677.34 2080.70667 2080.70667 2080.70667
          1804.15 1804.15 1804.15 1744.85333 1744.85333 1744.85333 1301.281 1301.281 1301.281
          1164.20333 1164.20333 1164.20333 1030.27433 1030.27433 1030.27433 982.244 982.244 982.244
          949.157333 949.157333 949.157333 433.859667 433.859667 433.859667 389.410333 389.410333 389.410333
          1357.39933 1357.39933 1357.39933 1653.306 1653.306 1653.306 331.186333 331.186333 331.186333
          213.866 213.866 213.866 43.478 43.478 43.478 393.076667 393.076667 393.076667
          1146.22833 1146.22833 1146.22833 1254.726 1254.726 1254.726 949.048 949.048 949.048
          936.963 936.963 936.963 1056.19367 1056.19367 1056.19367 912.767333 912.767333 912.767333
          841.876333 841.876333 841.876333 984.440333 984.440333 984.440333 763.815 763.815 763.815
          776.762333 776.762333 776.762333 1321.32667 1321.32667 1321.32667 1126.504 1126.504 1126.504
          1644.68667 1644.68667 1644.68667 1783.91667 1783.91667 1783.91667 1909.17667 1909.17667 1909.17667
          1908.72 1908.72 1908.72 1262.33767 1262.33767 1262.33767 1458.28333 1458.28333 1458.28333
          1600.12667 1600.12667 1600.12667 1923.89667 1923.89667 1923.89667 2363.96333 2363.96333 2363.96333
          2068.90333 2068.90333 2068.90333 2164.92 2164.92 2164.92 2353.61 2353.61 2353.61
          1090.052 1090.052 1090.052 1314.70767 1314.70767 1314.70767 1707.50333 1707.50333 1707.50333
          1886.41 1886.41 1886.41 1129.07267 1129.07267 1129.07267 344.257 344.257 344.257
          2372.13333 2372.13333 2372.13333 2668.99 2668.99 2668.99 1818.14267 1818.14267 1818.14267
          1760.47267 1760.47267 1760.47267 83.1839333 83.1839333 83.1839333 801.714933 801.714933 801.714933
          1143.9226 1143.9226 1143.9226 830.445067 830.445067 830.445067 1502.08767 1502.08767 1502.08767
          1681.9674 1681.9674 1681.9674 1501.40407 1501.40407 1501.40407 2396.02 2396.02 2396.02
          256.138067 256.138067 256.138067 819.135267 819.135267 819.135267 1444.30933 1444.30933 1444.30933
          1374.89067 1374.89067 1374.89067 1579.93067 1579.93067 1579.93067 863.889667 863.889667 863.889667
          125.966 125.966 125.966 748.803333 748.803333 748.803333 175.187 175.187 175.187
          1755.7 1755.7 1755.7 1657.74333 1657.74333 1657.74333 1420.68333 1420.68333 1420.68333
          1621.08 1621.08 1621.08 1373.00667 1373.00667 1373.00667 1475.44667 1475.44667 1475.44667
          1209.97 1209.97 1209.97 1408.26667 1408.26667 1408.26667 1055.83 1055.83 1055.83
          1049.72 1049.72 1049.72 1650.39 1650.39 1650.39 1660.31667 1660.31667 1660.31667
          1579.09667 1579.09667 1579.09667 1507.58333 1507.58333 1507.58333 1287.03433 1287.03433 1287.03433
          1242.66433 1242.66433 1242.66433 965.964667 965.964667 965.964667 1051.77633 1051.77633 1051.77633
          1208.63867 1208.63867 1208.63867 1326.40333 1326.40333 1326.40333 1256.47 1256.47 1256.47
          1594.63333 1594.63333 1594.63333 1754.17667 1754.17667 1754.17667 1397.59667 1397.59667 1397.59667
          1619.55667 1619.55667 1619.55667 1233.272 1233.272 1233.272 1295.68867 1295.68867 1295.68867
          814.666667 814.666667 814.666667 905.396 905.396 905.396 847.656667 847.656667 847.656667
          934.236 934.236 934.236 75.1063333 75.1063333 75.1063333 663.183 663.183 663.183
          229.077667 229.077667 229.077667 612.747667 612.747667 612.747667 453.716 453.716 453.716
          935.049333 935.049333 935.049333 1736.51033 1736.51033 1736.51033 2092.12367 2092.12367 2092.12367
          1541.35333 1541.35333 1541.35333 1369.59333 1369.59333 1369.59333 2029.45 2029.45 2029.45
          1983.30667 1983.30667 1983.30667 1149.50633 1149.50633 1149.50633 1002.10967 1002.10967 1002.10967
          1101.82967 1101.82967 1101.82967 1032.63967 1032.63967 1032.63967 933.739667 933.739667 933.739667
          855.519667 855.519667 855.519667 1087.86633 1087.86633 1087.86633 1087.87967 1087.87967 1087.87967
          934.851 934.851 934.851 1187.43833 1187.43833 1187.43833 1487.1 1487.1 1487.1
          1353.82667 1353.82667 1353.82667 961.429 961.429 961.429 979.421667 979.421667 979.421667
          1279.16667 1279.16667 1279.16667 1455.99667 1455.99667 1455.99667 1257.15333 1257.15333 1257.15333
          1155.025 1155.025 1155.025 973.525667 973.525667 973.525667 928.845 928.845 928.845
          839.764333 839.764333 839.764333 1282.07333 1282.07333 1282.07333 1228.59 1228.59 1228.59
          1666 1666 1666 1482.21333 1482.21333 1482.21333 1803.01333 1803.01333 1803.01333
          1791.26 1791.26 1791.26 1509.19333 1509.19333 1509.19333 1549.32667 1549.32667 1549.32667
          1927.62333 1927.62333 1927.62333 1778.61 1778.61 1778.61 1169.421 1169.421 1169.421
          976.84 976.84 976.84 499.788667 499.788667 499.788667 1296.81433 1296.81433 1296.81433
          2021.50033 2021.50033 2021.50033 1577.27367 1577.27367 1577.27367 1049.805 1049.805 1049.805
          49.865 49.865 49.865 788.304 788.304 788.304 848.985 848.985 848.985
          885.258667 885.258667 885.258667 843.817 843.817 843.817 813.710333 813.710333 813.710333
          833.729667 833.729667 833.729667 984.809 984.809 984.809 925.091333 925.091333 925.091333
          1018.51933 1018.51933 1018.51933 407.985667 407.985667 407.985667 497.263667 497.263667 497.263667
          1100.63 1100.63 1100.63 974.796667 974.796667 974.796667 936.305333 936.305333 936.305333
          805.586 805.586 805.586 828.206667 828.206667 828.206667 813.737333 813.737333 813.737333
          780.747333 780.747333 780.747333 790.330667 790.330667 790.330667 756.771 756.771 756.771
          86.163 86.163 86.163 1232.40367 1232.40367 1232.40367 1661.46567 1661.46567 1661.46567
          39.776 39.776 39.776 735.949333 735.949333 735.949333 151.461667 151.461667 151.461667
          556.881667 556.881667 556.881667 1537.41033 1537.41033 1537.41033 1167.105 1167.105 1167.105
        </DataArray>
        <DataArray type="Float32" Name="pressureVisible01" format="ascii">
          0.724413396 0.724413396 0.724413396 0.788001733 0.788001733 0.788001733 0.831231102 0.831231102 0.831231102
          0.793211486 0.793211486 0.793211486 0.674737166 0.674737166 0.674737166 0.625792782 0.625792782 0.625792782
          0.358984983 0.358984983 0.358984983 0.35809335 0.35809335 0.35809335 0.327414524 0.327414524 0.327414524
          0.339768687 0.339768687 0.339768687 0.34742661 0.34742661 0.34742661 0.339987 0.339987 0.339987
          0.348799752 0.348799752 0.348799752 0.348843083 0.348843083 0.348843083 0.343979821 0.343979821 0.343979821
          0.351584687 0.351584687 0.351584687 0.37032611 0.37032611 0.37032611 0.343192032 0.343192032 0.343192032
          0.35021114 0.35021114 0.35021114 0.250474976 0.250474976 0.250474976 0.248708416 0.248708416 0.248708416
          0.276915711 0.276915711 0.276915711 0.206934883 0.206934883 0.206934883 0.348967415 0.348967415 0.348967415
          0.352736009 0.352736009 0.352736009 0.19789741 0.19789741 0.19789741 0.266909885 0.266909885 0.266909885
          0.244436418 0.244436418 0.244436418 0.249974675 0.249974675 0.249974675 0.349185108 0.349185108 0.349185108
          0.354122175 0.354122175 0.354122175 0.354843602 0.354843602 0.354843602 0.354676766 0.354676766 0.354676766
          0.358394069 0.358394069 0.358394069 0.360284486 0.360284486 0.360284486 0.320133089 0.320133089 0.320133089
          0.30616413 0.30616413 0.30616413 0.325295292 0.325295292 0.325295292 0.306695028 0.306695028 0.306695028
          0.318242279 0.318242279 0.318242279 0.304714495 0.304714495 0.304714495 0.323512605 0.323512605 0.323512605
          0.305245394 0.305245394 0.305245394 0.312584736 0.312584736 0.312584736 0.366256536 0.366256536 0.366256536
          0.272524427 0.272524427 0.272524427 0.191019296 0.191019296 0.191019296 0.171332221 0.171332221 0.171332221
          0.244018605 0.244018605 0.244018605 0.784460135 0.784460135 0.784460135 0.777239046 0.777239046 0.777239046
          0.518740059 0.518740059 0.518740059 0.613491977 0.613491977 0.613491977 0.521695291 0.521695291 0.521695291
          0.623668298 0.623668298 0.623668298 0.313014954 0.313014954 0.313014954 0.375439759 0.375439759 0.375439759
          0.284807659 0.284807659 0.284807659 0.275459874 0.275459874 0.275459874 0.301130516 0.301130516 0.301130516
          0.268817026 0.268817026 0.268817026 0.633086849 0.633086849 0.633086849 0.656462512 0.656462512 0.656462512
          0.474406545 0.474406545 0.474406545 0.523368833 0.523368833 0.523368833 0.485349163 0.485349163 0.485349163
          0.557687114 0.557687114 0.557687114 0.756692981 0.756692981 0.756692981 0.696673532 0.696673532 0.696673532
          0.729463342 0.729463342 0.729463342 0.84035251 0.84035251 0.84035251 0.302616743 0.302616743 0.302616743
          0.368781199 0.368781199 0.368781199 0.280143276 0.280143276 0.280143276 0.274535143 0.274535143 0.274535143
          0.299750966 0.299750966 0.299750966 0.267892295 0.267892295 0.267892295 0.465024794 0.465024794 0.465024794
          0.516074766 0.516074766 0.516074766 0.475482553 0.475482553 0.475482553 0.575476909 0.575476909 0.575476909
          0.857698298 0.857698298 0.857698298 0.895717914 0.895717914 0.895717914 0.292722968 0.292722968 0.292722968
          0.372915096 0.372915096 0.372915096 0.227348017 0.227348017 0.227348017 0.242055438 0.242055438 0.242055438
          0.273855808 0.273855808 0.273855808 0.206934883 0.206934883 0.206934883 0.500985987 0.500985987 0.500985987
          0.565618549 0.565618549 0.565618549 0.503456361 0.503456361 0.503456361 0.600878732 0.600878732 0.600878732
          0.903358264 0.903358264 0.903358264 0.872559737 0.872559737 0.872559737 0.303132136 0.303132136 0.303132136
          0.298493389 0.298493389 0.298493389 0.316101526 0.316101526 0.316101526 0.302780478 0.302780478 0.302780478
          0.300372828 0.300372828 0.300372828 0.307887689 0.307887689 0.307887689 0.355945775 0.355945775 0.355945775
          0.34462246 0.34462246 0.34462246 0.382101461 0.382101461 0.382101461 0.410789273 0.410789273 0.410789273
          0.432099166 0.432099166 0.432099166 0.334655108 0.334655108 0.334655108 0.351422635 0.351422635 0.351422635
          0.320266433 0.320266433 0.320266433 0.326559897 0.326559897 0.326559897 0.317461436 0.317461436 0.317461436
          0.323518807 0.323518807 0.323518807 0.333341878 0.333341878 0.333341878 0.335537004 0.335537004 0.335537004
          0.340428175 0.340428175 0.340428175 0.348322191 0.348322191 0.348322191 0.328376281 0.328376281 0.328376281
          0.317451513 0.317451513 0.317451513 0.361755298 0.361755298 0.361755298 0.38540774 0.38540774 0.38540774
          0.360183226 0.360183226 0.360183226 0.321506644 0.321506644 0.321506644 0.314646516 0.314646516 0.314646516
          0.369741654 0.369741654 0.369741654 0.357102236 0.357102236 0.357102236 0.335474569 0.335474569 0.335474569
          0.332838269 0.332838269 0.332838269 0.325391011 0.325391011 0.325391011 0.319369405 0.319369405 0.319369405
          0.327461887 0.327461887 0.327461887 0.319255907 0.319255907 0.319255907 0.351198719 0.351198719 0.351198719
          0.344570342 0.344570342 0.344570342 0.408672894 0.408672894 0.408672894 0.375841902 0.375841902 0.375841902
          0.355815965 0.355815965 0.355815965 0.359701572 0.359701572 0.359701572 0.356356994 0.356356994 0.356356994
          0.369329464 0.369329464 0.369329464 0.316096151 0.316096151 0.316096151 0.326857184 0.326857184 0.326857184
          0.315982652 0.315982652 0.315982652 0.322858078 0.322858078 0.322858078 0.319010511 0.319010511 0.319010511
          0.300156995 0.300156995 0.300156995 0.321901924 0.321901924 0.321901924 0.305683261 0.305683261 0.305683261
          0.308560202 0.308560202 0.308560202 0.326905767 0.326905767 0.326905767 0.346309407 0.346309407 0.346309407
          0.338811292 0.338811292 0.338811292 0.346023842 0.346023842 0.346023842 0.352647588 0.352647588 0.352647588
          0.347306488 0.347306488 0.347306488 0.378904058 0.378904058 0.378904058 0.35027689 0.35027689 0.35027689
          0.287480551 0.287480551 0.287480551 0.295815535 0.295815535 0.295815535 0.309992884 0.309992884 0.309992884
          0.293006817 0.293006817 0.293006817 0.310028236 0.310028236 0.310028236 0.308037573 0.308037573 0.308037573
          0.298041671 0.298041671 0.298041671 0.357727862 0.357727862 0.357727862 0.334804992 0.334804992 0.334804992
          0.306794468 0.306794468 0.306794468 0.320888296 0.320888296 0.320888296 0.311081557 0.311081557 0.311081557
          0.325733159 0.325733159 0.325733159 0.325692432 0.325692432 0.325692432 0.309827909 0.309827909 0.309827909
          0.342841614 0.342841614 0.342841614 0.349302948 0.349302948 0.349302948 0.35124972 0.35124972 0.35124972
          0.344810508 0.344810508 0.344810508 0.310588698 0.310588698 0.310588698 0.295733254 0.295733254 0.295733254
          0.269349579 0.269349579 0.269349579 0.270528389 0.270528389 0.270528389 0.266405655 0.266405655 0.266405655
          0.280082289 0.280082289 0.280082289 0.281896813 0.281896813 0.281896813 0.272931284 0.272931284 0.272931284
          0.236883931 0.236883931 0.236883931 0.234184577 0.234184577 0.234184577 0.434957522 0.434957522 0.434957522
          0.407161342 0.407161342 0.407161342 0.404122134 0.404122134 0.404122134 0.425629812 0.425629812 0.425629812
          0.339719897 0.339719897 0.339719897 0.338025694 0.338025694 0.338025694 0.310378034 0.310378034 0.310378034
          0.289178889 0.289178889 0.289178889 0.31363723 0.31363723 0.31363723 0.290648164 0.290648164 0.290648164
          0.35363159 0.35363159 0.35363159 0.351652918 0.351652918 0.351652918 0.40404828 0.40404828 0.40404828
          0.423154943 0.423154943 0.423154943 0.434097561 0.434097561 0.434097561 0.427575993 0.427575993 0.427575993
          0.339202643 0.339202643 0.339202643 0.33796326 0.33796326 0.33796326 0.28902115 0.28902115 0.28902115
          0.30973343 0.30973343 0.30973343 0.29180754 0.29180754 0.29180754 0.315961359 0.315961359 0.315961359
          0.355025613 0.355025613 0.355025613 0.356521142 0.356521142 0.356521142 0.431112828 0.431112828 0.431112828
          0.430066763 0.430066763 0.430066763 0.403636089 0.403636089 0.403636089 0.420655068 0.420655068 0.420655068
          0.252928729 0.252928729 0.252928729 0.240920662 0.240920662 0.240920662 0.311649048 0.311649048 0.311649048
          0.284729099 0.284729099 0.284729099 0.312544629 0.312544629 0.312544629 0.319993128 0.319993128 0.319993128
          0.278284718 0.278284718 0.278284718 0.350560317 0.350560317 0.350560317 0.35214309 0.35214309 0.35214309
          0.357677687 0.357677687 0.357677687 0.356191543 0.356191543 0.356191543 0.449248051 0.449248051 0.449248051
          0.422164946 0.422164946 0.422164946 0.409566697 0.409566697 0.409566697 0.446777677 0.446777677 0.446777677
          0.43255072 0.43255072 0.43255072 0.339916627 0.339916627 0.339916627 0.291836793 0.291836793 0.291836793
          0.284196857 0.284196857 0.284196857 0.317093136 0.317093136 0.317093136 0.29107497 0.29107497 0.29107497
          0.303592972 0.303592972 0.303592972 0.322659219 0.322659219 0.322659219 0.357485877 0.357485877 0.357485877
          0.35615739 0.35615739 0.35615739 0.358857634 0.358857634 0.358857634 0.360159245 0.360159245 0.360159245
          0.353074012 0.353074012 0.353074012 0.522608662 0.522608662 0.522608662 0.393946239 0.393946239 0.393946239
          0.534531203 0.534531203 0.534531203 0.0702144392 0.0702144392 0.0702144392 0.0601145484 0.0601145484 0.0601145484
          0.0721538316 0.0721538316 0.0721538316 0.0263956658 0.0263956658 0.0263956658 0.0680598344 0.0680598344 0.0680598344
          0.0924265911 0.0924265911 0.0924265911 0.0382614973 0.0382614973 0.0382614973 0.0697527972 0.0697527972 0.0697527972
          0.0919639154 0.0919639154 0.0919639154 0.0892972251 0.0892972251 0.0892972251 0.992797104 0.992797104 0.992797104
          0.983533461 0.983533461 0.983533461 0.865255954 0.865255954 0.865255954 0.914845975 0.914845975 0.914845975
          0.904681169 0.904681169 0.904681169 0.846986882 0.846986882 0.846986882 0.971305014 0.971305014 0.971305014
          0.988672923 0.988672923 0.988672923 0.0545239878 0.0545239878 0.0545239878 0.057837349 0.057837349 0.057837349
          0.167226026 0.167226026 0.167226026 0.0878374607 0.0878374607 0.0878374607 0.0744711378 0.0744711378 0.0744711378
          0.0624692738 0.0624692738 0.0624692738 0.0356336734 0.0356336734 0.0356336734 0.123710741 0.123710741 0.123710741
          0.858275506 0.858275506 0.858275506 0.925641947 0.925641947 0.925641947 0.548377321 0.548377321 0.548377321
          0.670254288 0.670254288 0.670254288 0.107179907 0.107179907 0.107179907 0.0943781809 0.0943781809 0.0943781809
          0.11939719 0.11939719 0.11939719 0.136867434 0.136867434 0.136867434 0.0939165389 0.0939165389 0.0939165389
          0.101277175 0.101277175 0.101277175 0.143906595 0.143906595 0.143906595 0.131877442 0.131877442 0.131877442
          0.540863235 0.540863235 0.540863235 0.657690876 0.657690876 0.657690876 0.695212734 0.695212734 0.695212734
          0.814475545 0.814475545 0.814475545 0.872917184 0.872917184 0.872917184 0.718892092 0.718892092 0.718892092
          0.574054647 0.574054647 0.574054647 0.588645468 0.588645468 0.588645468 0.909204764 0.909204764 0.909204764
          0.929376223 0.929376223 0.929376223 0.173409919 0.173409919 0.173409919 0.16032207 0.16032207 0.16032207
          0.114873595 0.114873595 0.114873595 0.124059092 0.124059092 0.124059092 0.139100805 0.139100805 0.139100805
          0.137702441 0.137702441 0.137702441 0.146139966 0.146139966 0.146139966 0.188669326 0.188669326 0.188669326
          0.165117937 0.165117937 0.165117937 0.520384811 0.520384811 0.520384811 0.51766747 0.51766747 0.51766747
          0.367919543 0.367919543 0.367919543 0.275773493 0.275773493 0.275773493 0.268274551 0.268274551 0.268274551
          0.352920624 0.352920624 0.352920624 0.505762358 0.505762358 0.505762358 0.520384811 0.520384811 0.520384811
          0.498349914 0.498349914 0.498349914 0.645146185 0.645146185 0.645146185 0.626877113 0.626877113 0.626877113
          0.456397473 0.456397473 0.456397473 0.445749111 0.445749111 0.445749111 0.45629183 0.45629183 0.45629183
          0.248632791 0.248632791 0.248632791 0.380201866 0.380201866 0.380201866 0.737237492 0.737237492 0.737237492
          0.582061218 0.582061218 0.582061218 0.0884235578 0.0884235578 0.0884235578 0.0908520881 0.0908520881 0.0908520881
          0.0671183577 0.0671183577 0.0671183577 0.0703035425 0.0703035425 0.0703035425 0.176862546 0.176862546 0.176862546
          0.258835521 0.258835521 0.258835521 0.240607147 0.240607147 0.240607147 0.253259258 0.253259258 0.253259258
          0.15082343 0.15082343 0.15082343 0.186532976 0.186532976 0.186532976 0.180692409 0.180692409 0.180692409
          0.148877774 0.148877774 0.148877774 0.220164016 0.220164016 0.220164016 0.140511573 0.140511573 0.140511573
          0.118381082 0.118381082 0.118381082 0.226800993 0.226800993 0.226800993 0.295659863 0.295659863 0.295659863
          0.10862582 0.10862582 0.10862582 0.0970806366 0.0970806366 0.0970806366 0.0752071187 0.0752071187 0.0752071187
          0.0947953746 0.0947953746 0.0947953746 0.0751657714 0.0751657714 0.0751657714 0.0441660902 0.0441660902 0.0441660902
          0.0398341397 0.0398341397 0.0398341397 0.053003443 0.053003443 0.053003443 0.119492909 0.119492909 0.119492909
          0.117735031 0.117735031 0.117735031 0.915299555 0.915299555 0.915299555 0.854437655 0.854437655 0.854437655
          0.502293027 0.502293027 0.502293027 0.65242569 0.65242569 0.65242569 0.836447263 0.836447263 0.836447263
          0.719057481 0.719057481 0.719057481 0.752589061 0.752589061 0.752589061 0.71062988 0.71062988 0.71062988
          0.127041882 0.127041882 0.127041882 0.225471059 0.225471059 0.225471059 0.249663113 0.249663113 0.249663113
          0.196992102 0.196992102 0.196992102 0.217264861 0.217264861 0.217264861 0.317593555 0.317593555 0.317593555
          0.994442104 0.994442104 0.994442104 1 1 1 0.969919675 0.969919675 0.969919675
          0.959444351 0.959444351 0.959444351 0.954018766 0.954018766 0.954018766 0.969034844 0.969034844 0.969034844
          0.995875819 0.995875819 0.995875819 0.985777169 0.985777169 0.985777169 0.307496453 0.307496453 0.307496453
          0.297948755 0.297948755 0.297948755 0.210752206 0.210752206 0.210752206 0.299688469 0.299688469 0.299688469
          0.310079469 0.310079469 0.310079469 0.197385883 0.197385883 0.197385883 0.0944331727 0.0944331727 0.0944331727
          0.0823320754 0.0823320754 0.0823320754 0.124901335 0.124901335 0.124901335 0.130250841 0.130250841 0.130250841
          0.154742467 0.154742467 0.154742467 0.168911753 0.168911753 0.168911753 0.823325923 0.823325923 0.823325923
          0.715968222 0.715968222 0.715968222 0.878649153 0.878649153 0.878649153 0.929638365 0.929638365 0.929638365
          0.637404927 0.637404927 0.637404927 0.721214133 0.721214133 0.721214133 0.292028521 0.292028521 0.292028521
          0.426063875 0.426063875 0.426063875 0.945495859 0.945495859 0.945495859 0.918055142 0.918055142 0.918055142
          0.151648659 0.151648659 0.151648659 0.158366346 0.158366346 0.158366346 0.383060986 0.383060986 0.383060986
          0.263942683 0.263942683 0.263942683 0.234943795 0.234943795 0.234943795 0.339471276 0.339471276 0.339471276
          0.275773493 0.275773493 0.275773493 0.206627053 0.206627053 0.206627053 0.203533246 0.203533246 0.203533246
          0.268274551 0.268274551 0.268274551 0.122166215 0.122166215 0.122166215 0.236553236 0.236553236 0.236553236
          0.208537916 0.208537916 0.208537916 0.117834265 0.117834265 0.117834265 0.208432274 0.208432274 0.208432274
          0.197889554 0.197889554 0.197889554 0.380201866 0.380201866 0.380201866 0.549220005 0.549220005 0.549220005
          0.302498663 0.302498663 0.302498663 0.157087724 0.157087724 0.157087724 0.88943148 0.88943148 0.88943148
          0.83900521 0.83900521 0.83900521 0.710314119 0.710314119 0.710314119 0.884005894 0.884005894 0.884005894
          0.494496165 0.494496165 0.494496165 0.512724539 0.512724539 0.512724539 0.648642157 0.648642157 0.648642157
          0.507148277 0.507148277 0.507148277 0.304211093 0.304211093 0.304211093 0.180692409 0.180692409 0.180692409
          0.524321895 0.524321895 0.524321895 0.481960694 0.481960694 0.481960694 0.725133872 0.725133872 0.725133872
          0.735046253 0.735046253 0.735046253 0.233553204 0.233553204 0.233553204 0.307032422 0.307032422 0.307032422
          0.577611233 0.577611233 0.577611233 0.4111154 0.4111154 0.4111154 0.3104789 0.3104789 0.3104789
          0.259130174 0.259130174 0.259130174 0.373567018 0.373567018 0.373567018 0.534770818 0.534770818 0.534770818
          0.208864621 0.208864621 0.208864621 0.266178308 0.266178308 0.266178308 0.225498761 0.225498761 0.225498761
          0.204605587 0.204605587 0.204605587 0.193413715 0.193413715 0.193413715 0.251063554 0.251063554 0.251063554
          0.24325058 0.24325058 0.24325058 0.254324818 0.254324818 0.254324818 0.268883389 0.268883389 0.268883389
          0.318266261 0.318266261 0.318266261 0.302533635 0.302533635 0.302533635 0.298767108 0.298767108 0.298767108
          0.325085248 0.325085248 0.325085248 0.3066911 0.3066911 0.3066911 0.281547015 0.281547015 0.281547015
          0.269610687 0.269610687 0.269610687 0.269439302 0.269439302 0.269439302 0.274903961 0.274903961 0.274903961
          0.244901782 0.244901782 0.244901782 0.290759388 0.290759388 0.290759388 0.276299637 0.276299637 0.276299637
          0.237276317 0.237276317 0.237276317 0.289060636 0.289060636 0.289060636 0.261300305 0.261300305 0.261300305
          0.22552295 0.22552295 0.22552295 0.307582464 0.307582464 0.307582464 0.383661265 0.383661265 0.383661265
          0.372787685 0.372787685 0.372787685 0.311314073 0.311314073 0.311314073 0.269896396 0.269896396 0.269896396
          0.278302084 0.278302084 0.278302084 0.233732031 0.233732031 0.233732031 0.191460058 0.191460058 0.191460058
          0.174010902 0.174010902 0.174010902 0.68347053 0.68347053 0.68347053 0.692310984 0.692310984 0.692310984
          0.628179055 0.628179055 0.628179055 0.659756151 0.659756151 0.659756151 0.597126449 0.597126449 0.597126449
          0.505273841 0.505273841 0.505273841 0.426469016 0.426469016 0.426469016 0.339611981 0.339611981 0.339611981
          0.407224548 0.407224548 0.407224548 0.617700616 0.617700616 0.617700616 0.577396358 0.577396358 0.577396358
          0.658086425 0.658086425 0.658086425 0.738808232 0.738808232 0.738808232 0.300432161 0.300432161 0.300432161
          0.285581886 0.285581886 0.285581886 0.512018279 0.512018279 0.512018279 0.515689914 0.515689914 0.515689914
          0.289018255 0.289018255 0.289018255 0.286035465 0.286035465 0.286035465 0.310929192 0.310929192 0.310929192
          0.315992989 0.315992989 0.315992989 0.312250444 0.312250444 0.312250444 0.313199983 0.313199983 0.313199983
          0.311806994 0.311806994 0.311806994 0.293643151 0.293643151 0.293643151 0.285235603 0.285235603 0.285235603
          0.287850402 0.287850402 0.287850402 0.236785525 0.236785525 0.236785525 0.232253247 0.232253247 0.232253247
          0.277230777 0.277230777 0.277230777 0.193809615 0.193809615 0.193809615 0.199885385 0.199885385 0.199885385
          0.25727391 0.25727391 0.25727391 0.274410068 0.274410068 0.274410068 0.217240063 0.217240063 0.217240063
          0.241416416 0.241416416 0.241416416 0.36692029 0.36692029 0.36692029 0.330426278 0.330426278 0.330426278
          0.3948342 0.3948342 0.3948342 0.2710167 0.2710167 0.2710167 0.285120451 0.285120451 0.285120451
          0.277989499 0.277989499 0.277989499 0.245996863 0.245996863 0.245996863 0.264295912 0.264295912 0.264295912
          0.235711944 0.235711944 0.235711944 0.300352361 0.300352361 0.300352361 0.303761028 0.303761028 0.303761028
          0.344830003 0.344830003 0.344830003 0.324148526 0.324148526 0.324148526 0.344689836 0.344689836 0.344689836
          0.328000642 0.328000642 0.328000642 0.321185169 0.321185169 0.321185169 0.326754643 0.326754643 0.326754643
          0.346007862 0.346007862 0.346007862 0.327198505 0.327198505 0.327198505 0.330785378 0.330785378 0.330785378
          0.321164082 0.321164082 0.321164082 0.348665456 0.348665456 0.348665456 0.331734091 0.331734091 0.331734091
          0.275140467 0.275140467 0.275140467 0.297221755 0.297221755 0.297221755 0.267500737 0.267500737 0.267500737
          0.289017222 0.289017222 0.289017222 0.291989261 0.291989261 0.291989261 0.290108995 0.290108995 0.290108995
          0.27427879 0.27427879 0.27427879 0.287364986 0.287364986 0.287364986 0.295573654 0.295573654 0.295573654
          0.237479952 0.237479952 0.237479952 0.205766617 0.205766617 0.205766617 0.246757859 0.246757859 0.246757859
          0.256034733 0.256034733 0.256034733 0.265290727 0.265290727 0.265290727 0.300553722 0.300553722 0.300553722
          0.312543802 0.312543802 0.312543802 0.218044267 0.218044267 0.218044267 0.27305946 0.27305946 0.27305946
          0.284970567 0.284970567 0.284970567 0.285918452 0.285918452 0.285918452 0.319362789 0.319362789 0.319362789
          0.292096764 0.292096764 0.292096764 0.282791154 0.282791154 0.282791154 0.266599987 0.266599987 0.266599987
          0.41960159 0.41960159 0.41960159 0.347478438 0.347478438 0.347478438 0.603019899 0.603019899 0.603019899
          0.520599465 0.520599465 0.520599465 0.474697473 0.474697473 0.474697473 0.465265298 0.465265298 0.465265298
          0.343652723 0.343652723 0.343652723 0.289367433 0.289367433 0.289367433 0.472674972 0.472674972 0.472674972
          0.565744947 0.565744947 0.565744947 0.259919079 0.259919079 0.259919079 0.359806367 0.359806367 0.359806367
          0.364583772 0.364583772 0.364583772 0.265459341 0.265459341 0.265459341 0.170289443 0.170289443 0.170289443
          0.212196113 0.212196113 0.212196113 0.21542678 0.21542678 0.21542678 0.351385153 0.351385153 0.351385153
          0.324033374 0.324033374 0.324033374 0.366968185 0.366968185 0.366968185 0.343608688 0.343608688 0.343608688
          0.365130672 0.365130672 0.365130672 0.460926443 0.460926443 0.460926443 0.569170215 0.569170215 0.569170215
          0.637123787 0.637123787 0.637123787 0.327752765 0.327752765 0.327752765 0.394369085 0.394369085 0.394369085
          0.590626539 0.590626539 0.590626539 0.493493515 0.493493515 0.493493515 0.323229997 0.323229997 0.323229997
          0.346841009 0.346841009 0.346841009 0.287173548 0.287173548 0.287173548 0.292711598 0.292711598 0.292711598
          0.344841167 0.344841167 0.344841167 0.349498603 0.349498603 0.349498603 0.331285473 0.331285473 0.331285473
          0.344700999 0.344700999 0.344700999 0.409517887 0.409517887 0.409517887 0.454761528 0.454761528 0.454761528
          0.448275096 0.448275096 0.448275096 0.393934856 0.393934856 0.393934856 0.547422268 0.547422268 0.547422268
          0.556518868 0.556518868 0.556518868 0.233583801 0.233583801 0.233583801 0.236241809 0.236241809 0.236241809
          0.254906987 0.254906987 0.254906987 0.251621122 0.251621122 0.251621122 0.29251003 0.29251003 0.29251003
          0.484016128 0.484016128 0.484016128 0.516118602 0.516118602 0.516118602 0.391543083 0.391543083 0.391543083
          0.312990559 0.312990559 0.312990559 0.295846339 0.295846339 0.295846339 0.289972136 0.289972136 0.289972136
          0.293723365 0.293723365 0.293723365 0.290947931 0.290947931 0.290947931 0.17526331 0.17526331 0.17526331
          0.238188023 0.238188023 0.238188023 0.247937289 0.247937289 0.247937289 0.251822897 0.251822897 0.251822897
          0.25086302 0.25086302 0.25086302 0.225442529 0.225442529 0.225442529 0.366436624 0.366436624 0.366436624
          0.467625936 0.467625936 0.467625936 0.599799261 0.599799261 0.599799261 0.547660542 0.547660542 0.547660542
          0.373723609 0.373723609 0.373723609 0.390498486 0.390498486 0.390498486 0.25169104 0.25169104 0.25169104
          0.343817605 0.343817605 0.343817605 0.298490332 0.298490332 0.298490332 0.656811524 0.656811524 0.656811524
          0.753620675 0.753620675 0.753620675 0.74036847 0.74036847 0.74036847 0.712407811 0.712407811 0.712407811
          0.643358744 0.643358744 0.643358744 0.673069632 0.673069632 0.673069632 0.686321836 0.686321836 0.686321836
          0.624876527 0.624876527 0.624876527 0.255679561 0.255679561 0.255679561 0.264674446 0.264674446 0.264674446
          0.228350274 0.228350274 0.228350274 0.249435714 0.249435714 0.249435714 0.271756609 0.271756609 0.271756609
          0.266442041 0.266442041 0.266442041 0.274506407 0.274506407 0.274506407 0.275940743 0.275940743 0.275940743
          0.302752775 0.302752775 0.302752775 0.294230902 0.294230902 0.294230902 0.266487523 0.266487523 0.266487523
          0.276468334 0.276468334 0.276468334 0.573032254 0.573032254 0.573032254 0.44010852 0.44010852 0.44010852
          0.369934394 0.369934394 0.369934394 0.627433647 0.627433647 0.627433647 0.682534842 0.682534842 0.682534842
          0.691915705 0.691915705 0.691915705 0.707140999 0.707140999 0.707140999 0.271851914 0.271851914 0.271851914
          0.265619644 0.265619644 0.265619644 0.293842031 0.293842031 0.293842031 0.28048067 0.28048067 0.28048067
          0.278969428 0.278969428 0.278969428 0.259375797 0.259375797 0.259375797 0.292857553 0.292857553 0.292857553
          0.28412667 0.28412667 0.28412667 0.316164787 0.316164787 0.316164787 0.328325011 0.328325011 0.328325011
          0.300384612 0.300384612 0.300384612 0.279349823 0.279349823 0.279349823 0.238460915 0.238460915 0.238460915
          0.239088773 0.239088773 0.239088773 0.256102543 0.256102543 0.256102543 0.243805046 0.243805046 0.243805046
          0.300631248 0.300631248 0.300631248 0.299167143 0.299167143 0.299167143 0.275045368 0.275045368 0.275045368
          0.243805046 0.243805046 0.243805046 0.325502028 0.325502028 0.325502028 0.313374262 0.313374262 0.313374262
          0.271408672 0.271408672 0.271408672 0.26721172 0.26721172 0.26721172 0.288908892 0.288908892 0.288908892
          0.275840476 0.275840476 0.275840476 0.298570295 0.298570295 0.298570295 0.289698831 0.289698831 0.289698831
          0.325872499 0.325872499 0.325872499 0.316027101 0.316027101 0.316027101 0.328704165 0.328704165 0.328704165
          0.332554007 0.332554007 0.332554007 0.303519146 0.303519146 0.303519146 0.290531771 0.290531771 0.290531771
          0.280782505 0.280782505 0.280782505 0.290117472 0.290117472 0.290117472 0.293716129 0.293716129 0.293716129
          0.303765783 0.303765783 0.303765783 0.298415243 0.298415243 0.298415243 0.297467357 0.297467357 0.297467357
          0.243969195 0.243969195 0.243969195 0.246876939 0.246876939 0.246876939 0.28507993 0.28507993 0.28507993
          0.29131282 0.29131282 0.29131282 0.288601475 0.288601475 0.288601475 0.272781607 0.272781607 0.272781607
          0.277660375 0.277660375 0.277660375 0.267704165 0.267704165 0.267704165 0.257872205 0.257872205 0.257872205
          0.251342855 0.251342855 0.251342855 0.250117736 0.250117736 0.250117736 0.267191046 0.267191046 0.267191046
          0.250213042 0.250213042 0.250213042 0.252082557 0.252082557 0.252082557 0.289417049 0.289417049 0.289417049
          0.273512213 0.273512213 0.273512213 0.190180154 0.190180154 0.190180154 0.202537604 0.202537604 0.202537604
          0.274797285 0.274797285 0.274797285 0.299847098 0.299847098 0.299847098 0.29672166 0.29672166 0.29672166
          0.296990624 0.296990624 0.296990624 0.331905475 0.331905475 0.331905475 0.317245397 0.317245397 0.317245397
          0.329525941 0.329525941 0.329525941 0.303894786 0.303894786 0.303894786 0.594341423 0.594341423 0.594341423
          0.577566545 0.577566545 0.577566545 0.442548671 0.442548671 0.442548671 0.345082678 0.345082678 0.345082678
          0.301073912 0.301073912 0.301073912 0.212288731 0.212288731 0.212288731 0.290704189 0.290704189 0.290704189
          0.293180269 0.293180269 0.293180269 0.308052872 0.308052872 0.308052872 0.313109639 0.313109639 0.313109639
          0.292383094 0.292383094 0.292383094 0.294761387 0.294761387 0.294761387 0.318068621 0.318068621 0.318068621
          0.323223175 0.323223175 0.323223175 0.392226222 0.392226222 0.392226222 0.352933029 0.352933029 0.352933029
          0.434447275 0.434447275 0.434447275 0.482191061 0.482191061 0.482191061 0.578088546 0.578088546 0.578088546
          0.608431219 0.608431219 0.608431219 0.400920037 0.400920037 0.400920037 0.375322085 0.375322085 0.375322085
          0.520361036 0.520361036 0.520361036 0.498834876 0.498834876 0.498834876 0.616984207 0.616984207 0.616984207
          0.435813368 0.435813368 0.435813368 0.51072258 0.51072258 0.51072258 0.606620066 0.606620066 0.606620066
          0.646343601 0.646343601 0.646343601 0.323419574 0.323419574 0.323419574 0.337730061 0.337730061 0.337730061
          0.313758171 0.313758171 0.313758171 0.319107884 0.319107884 0.319107884 0.329545581 0.329545581 0.329545581
          0.335350527 0.335350527 0.335350527 0.329221419 0.329221419 0.329221419 0.332377247 0.332377247 0.332377247
          0.0998236127 0.0998236127 0.0998236127 0.179278334 0.179278334 0.179278334 0.0811960599 0.0811960599 0.0811960599
          0.12750311 0.12750311 0.12750311 0.308284416 0.308284416 0.308284416 0.306375621 0.306375621 0.306375621
          0.109125295 0.109125295 0.109125295 0.185528589 0.185528589 0.185528589 0.382485928 0.382485928 0.382485928
          0.367255631 0.367255631 0.367255631 0.355914206 0.355914206 0.355914206 0.364026349 0.364026349 0.364026349
          0.362454223 0.362454223 0.362454223 0.354582411 0.354582411 0.354582411 0.37103481 0.37103481 0.37103481
          0.386024777 0.386024777 0.386024777 0.222893058 0.222893058 0.222893058 0.257848017 0.257848017 0.257848017
          0.322597384 0.322597384 0.322597384 0.312345956 0.312345956 0.312345956 0.353192503 0.353192503 0.353192503
          0.352497415 0.352497415 0.352497415 0.353278051 0.353278051 0.353278051 0.205110023 0.205110023 0.205110023
          0.227063134 0.227063134 0.227063134 0.335526419 0.335526419 0.335526419 0.295950906 0.295950906 0.295950906
          0.283459945 0.283459945 0.283459945 0.308705951 0.308705951 0.308705951 0.256463876 0.256463876 0.256463876
          0.323586327 0.323586327 0.323586327 0.19917566 0.19917566 0.19917566 0.111109549 0.111109549 0.111109549
          0.327125176 0.327125176 0.327125176 0.282377785 0.282377785 0.282377785 0.0420869442 0.0420869442 0.0420869442
          0.107777995 0.107777995 0.107777995 0.0419684843 0.0419684843 0.0419684843 0 0 0
          0.0659670438 0.0659670438 0.0659670438 0.0422444771 0.0422444771 0.0422444771 0.469936999 0.469936999 0.469936999
          0.537835765 0.537835765 0.537835765 0.346453647 0.346453647 0.346453647 0.386974999 0.386974999 0.386974999
          0.617318044 0.617318044 0.617318044 0.618457161 0.618457161 0.618457161 0.64427934 0.64427934 0.64427934
          0.64267176 0.64267176 0.64267176 0.622787457 0.622787457 0.622787457 0.630939893 0.630939893 0.630939893
          0.135263161 0.135263161 0.135263161 0.19793669 0.19793669 0.19793669 0.131696134 0.131696134 0.131696134
          0.252689369 0.252689369 0.252689369 0.191713144 0.191713144 0.191713144 0.12750311 0.12750311 0.12750311
          0.185603014 0.185603014 0.185603014 0.260654254 0.260654254 0.260654254 0.21154138 0.21154138 0.21154138
          0.127752848 0.127752848 0.127752848 0.297261841 0.297261841 0.297261841 0.256407872 0.256407872 0.256407872
          0.311861552 0.311861552 0.311861552 0.271788219 0.271788219 0.271788219 0.276323412 0.276323412 0.276323412
          0.284784091 0.284784091 0.284784091 0.243113927 0.243113927 0.243113927 0.288301708 0.288301708 0.288301708
          0.296167607 0.296167607 0.296167607 0.311105332 0.311105332 0.311105332 0.344534411 0.344534411 0.344534411
          0.383122924 0.383122924 0.383122924 0.383789834 0.383789834 0.383789834 0.331104414 0.331104414 0.331104414
          0.334397474 0.334397474 0.334397474 0.328573301 0.328573301 0.328573301 0.329533797 0.329533797 0.329533797
          0.326621091 0.326621091 0.326621091 0.281725222 0.281725222 0.281725222 0.287858465 0.287858465 0.287858465
          0.207437459 0.207437459 0.207437459 0.227018479 0.227018479 0.227018479 0.302372174 0.302372174 0.302372174
          0.304915236 0.304915236 0.304915236 0.350476816 0.350476816 0.350476816 0.357209905 0.357209905 0.357209905
          0.338027761 0.338027761 0.338027761 0.320392542 0.320392542 0.320392542 0.327452481 0.327452481 0.327452481
          0.300541111 0.300541111 0.300541111 0.328958244 0.328958244 0.328958244 0.262618248 0.262618248 0.262618248
          0.272202539 0.272202539 0.272202539 0.35392131 0.35392131 0.35392131 0.34160467 0.34160467 0.34160467
          0.344317917 0.344317917 0.344317917 0.340075484 0.340075484 0.340075484 0.324188013 0.324188013 0.324188013
          0.33316946 0.33316946 0.33316946 0.330665058 0.330665058 0.330665058 0.286728652 0.286728652 0.286728652
          0.344239151 0.344239151 0.344239151 0.349119903 0.349119903 0.349119903 0.338743689 0.338743689 0.338743689
          0.341734748 0.341734748 0.341734748 0.178439398 0.178439398 0.178439398 0.202161965 0.202161965 0.202161965
          0.332464283 0.332464283 0.332464283 0.333473569 0.333473569 0.333473569 0.448132407 0.448132407 0.448132407
          0.392731858 0.392731858 0.392731858 0.564025997 0.564025997 0.564025997 0.449223726 0.449223726 0.449223726
          0.360999669 0.360999669 0.360999669 0.559695701 0.559695701 0.559695701 0.517544668 0.517544668 0.517544668
          0.471907898 0.471907898 0.471907898 0.445021048 0.445021048 0.445021048 0.362059047 0.362059047 0.362059047
          0.272569123 0.272569123 0.272569123 0.499893924 0.499893924 0.499893924 0.580505706 0.580505706 0.580505706
          0.572821734 0.572821734 0.572821734 0.562059977 0.562059977 0.562059977 0.483264084 0.483264084 0.483264084
          0.509750879 0.509750879 0.509750879 0.574470724 0.574470724 0.574470724 0.461144343 0.461144343 0.461144343
          0.381483092 0.381483092 0.381483092 0.353686561 0.353686561 0.353686561 0.331647675 0.331647675 0.331647675
          0.370939897 0.370939897 0.370939897 0.351812477 0.351812477 0.351812477 0.209709904 0.209709904 0.209709904
          0.237713564 0.237713564 0.237713564 0.243717803 0.243717803 0.243717803 0.288633312 0.288633312 0.288633312
          0.302513375 0.302513375 0.302513375 0.316074857 0.316074857 0.316074857 0.320938533 0.320938533 0.320938533
          0.3242889 0.3242889 0.3242889 0.464330768 0.464330768 0.464330768 0.380967492 0.380967492 0.380967492
          0.557847066 0.557847066 0.557847066 0.587810172 0.587810172 0.587810172 0.453934231 0.453934231 0.453934231
          0.398743085 0.398743085 0.398743085 0.415996421 0.415996421 0.415996421 0.460201398 0.460201398 0.460201398
          0.53646436 0.53646436 0.53646436 0.547450529 0.547450529 0.547450529 0.32429965 0.32429965 0.32429965
          0.325523322 0.325523322 0.325523322 0.313450341 0.313450341 0.313450341 0.327973353 0.327973353 0.327973353
          0.335151647 0.335151647 0.335151647 0.320715878 0.320715878 0.320715878 0.343055999 0.343055999 0.343055999
          0.341745085 0.341745085 0.341745085 0.286603576 0.286603576 0.286603576 0.306330966 0.306330966 0.306330966
          0.253860075 0.253860075 0.253860075 0.239761493 0.239761493 0.239761493 0.227077813 0.227077813 0.227077813
          0.227124328 0.227124328 0.227124328 0.292576392 0.292576392 0.292576392 0.272735298 0.272735298 0.272735298
          0.258372506 0.258372506 0.258372506 0.225588071 0.225588071 0.225588071 0.181027529 0.181027529 0.181027529
          0.210904839 0.210904839 0.210904839 0.201182242 0.201182242 0.201182242 0.182075888 0.182075888 0.182075888
          0.310021827 0.310021827 0.310021827 0.287273608 0.287273608 0.287273608 0.247499009 0.247499009 0.247499009
          0.229383335 0.229383335 0.229383335 0.306070519 0.306070519 0.306070519 0.385539794 0.385539794 0.385539794
          0.660597856 0.660597856 0.660597856 0.690656888 0.690656888 0.690656888 0.604501433 0.604501433 0.604501433
          0.598661962 0.598661962 0.598661962 0.428822003 0.428822003 0.428822003 0.501579401 0.501579401 0.501579401
          0.536230994 0.536230994 0.536230994 0.336309327 0.336309327 0.336309327 0.268299669 0.268299669 0.268299669
          0.250085545 0.250085545 0.250085545 0.268369089 0.268369089 0.268369089 0.177781563 0.177781563 0.177781563
          0.394462672 0.394462672 0.394462672 0.503343398 0.503343398 0.503343398 0.566647619 0.566647619 0.566647619
          0.55961863 0.55961863 0.55961863 0.580380527 0.580380527 0.580380527 0.50787512 0.50787512 0.50787512
          0.407643947 0.407643947 0.407643947 0.344576131 0.344576131 0.344576131 0.438138117 0.438138117 0.438138117
          0.242619207 0.242619207 0.242619207 0.252538204 0.252538204 0.252538204 0.276542759 0.276542759 0.276542759
          0.256250773 0.256250773 0.256250773 0.281370463 0.281370463 0.281370463 0.270997473 0.270997473 0.270997473
          0.297878762 0.297878762 0.297878762 0.277799508 0.277799508 0.277799508 0.313486933 0.313486933 0.313486933
          0.314105694 0.314105694 0.314105694 0.253282661 0.253282661 0.253282661 0.252277509 0.252277509 0.252277509
          0.260501889 0.260501889 0.260501889 0.267743032 0.267743032 0.267743032 0.290075711 0.290075711 0.290075711
          0.294568502 0.294568502 0.294568502 0.322586634 0.322586634 0.322586634 0.313897511 0.313897511 0.313897511
          0.298013761 0.298013761 0.298013761 0.286089423 0.286089423 0.286089423 0.293170759 0.293170759 0.293170759
          0.25892842 0.25892842 0.25892842 0.242773432 0.242773432 0.242773432 0.278880325 0.278880325 0.278880325
          0.256404998 0.256404998 0.256404998 0.295519489 0.295519489 0.295519489 0.289199149 0.289199149 0.289199149
          0.337907027 0.337907027 0.337907027 0.328719877 0.328719877 0.328719877 0.334566584 0.334566584 0.334566584
          0.325799521 0.325799521 0.325799521 0.412793829 0.412793829 0.412793829 0.353245821 0.353245821 0.353245821
          0.397202838 0.397202838 0.397202838 0.358352846 0.358352846 0.358352846 0.466341629 0.466341629 0.466341629
          0.515080807 0.515080807 0.515080807 0.596235499 0.596235499 0.596235499 0.632244192 0.632244192 0.632244192
          0.264323822 0.264323822 0.264323822 0.281715919 0.281715919 0.281715919 0.214900016 0.214900016 0.214900016
          0.219572255 0.219572255 0.219572255 0.304001669 0.304001669 0.304001669 0.318926783 0.318926783 0.318926783
          0.308829373 0.308829373 0.308829373 0.315835456 0.315835456 0.315835456 0.325849551 0.325849551 0.325849551
          0.333770236 0.333770236 0.333770236 0.310243035 0.310243035 0.310243035 0.310241381 0.310241381 0.310241381
          0.325737294 0.325737294 0.325737294 0.300160717 0.300160717 0.300160717 0.269817216 0.269817216 0.269817216
          0.283312336 0.283312336 0.283312336 0.323046208 0.323046208 0.323046208 0.321224242 0.321224242 0.321224242
          0.290872266 0.290872266 0.290872266 0.272966842 0.272966842 0.272966842 0.293101709 0.293101709 0.293101709
          0.303443068 0.303443068 0.303443068 0.321821296 0.321821296 0.321821296 0.326345305 0.326345305 0.326345305
          0.335365619 0.335365619 0.335365619 0.290577873 0.290577873 0.290577873 0.295993328 0.295993328 0.295993328
          0.251701749 0.251701749 0.251701749 0.270312143 0.270312143 0.270312143 0.237828096 0.237828096 0.237828096
          0.239018069 0.239018069 0.239018069 0.267579917 0.267579917 0.267579917 0.26351631 0.26351631 0.26351631
          0.225210778 0.225210778 0.225210778 0.240299627 0.240299627 0.240299627 0.301985164 0.301985164 0.301985164
          0.321485557 0.321485557 0.321485557 0.369790899 0.369790899 0.369790899 0.289085134 0.289085134 0.289085134
          0.625093186 0.625093186 0.625093186 0.580111729 0.580111729 0.580111729 0.526700643 0.526700643 0.526700643
          0.415349626 0.415349626 0.415349626 0.340576405 0.340576405 0.340576405 0.334431998 0.334431998 0.334431998
          0.330758916 0.330758916 0.330758916 0.334955248 0.334955248 0.334955248 0.33800378 0.33800378 0.33800378
          0.335976731 0.335976731 0.335976731 0.320678665 0.320678665 0.320678665 0.326725493 0.326725493 0.326725493
          0.317265037 0.317265037 0.317265037 0.37908704 0.37908704 0.37908704 0.370046673 0.370046673 0.370046673
          0.308950727 0.308950727 0.308950727 0.3216925 0.3216925 0.3216925 0.325589891 0.325589891 0.325589891
          0.338826383 0.338826383 0.338826383 0.336535953 0.336535953 0.336535953 0.338001092 0.338001092 0.338001092
          0.341341536 0.341341536 0.341341536 0.340371116 0.340371116 0.340371116 0.343769281 0.343769281 0.343769281
          0.411674001 0.411674001 0.411674001 0.545190241 0.545190241 0.545190241 0.588636537 0.588636537 0.588636537
          0.416371337 0.416371337 0.416371337 0.49492014 0.49492014 0.49492014 0.405061957 0.405061957 0.405061957
          0.364009789 0.364009789 0.364009789 0.576074832 0.576074832 0.576074832 0.538578197 0.538578197 0.538578197
        </DataArray>
      </PointData>
      <CellData Scalars="pressureCoeff">
        <DataArray type="Float32" Name="Cp" format="ascii">
          0.490181 0.592708333 0.662409667 0.601108333 0.410085 0.331169 -0.0990214 -0.100459033 -0.149924367
          -0.130005 -0.117657667 -0.129653 -0.115443667 -0.1153738 -0.123215133 -0.110953346 -0.080735413 -0.124485333
          -0.113168 -0.273978667 -0.276827 -0.231346667 -0.344181 -0.115173333 -0.109097 -0.358752667 -0.247479667
          -0.283715 -0.274785333 -0.114822333 -0.106862 -0.1056988 -0.1059678 -0.0999741667 -0.0969261333 -0.161664667
          -0.184187667 -0.153341333 -0.183331667 -0.164713333 -0.186525 -0.156215667 -0.185669 -0.173835333 -0.0872970333
          -0.238427 -0.369842667 -0.401585333 -0.284388667 0.586998 0.575355 0.1585614 0.311335667 0.1633263
          0.327743567 -0.173141667 -0.0724903667 -0.218622 -0.233694 -0.192303667 -0.244404667 0.342929667 0.380619667
          0.0870797867 0.166024653 0.104723233 0.2213581 0.542227333 0.445454333 0.498323333 0.677116667 -0.189907333
          -0.0832263667 -0.226142667 -0.235185 -0.194528 -0.245895667 0.07195302 0.154263987 0.0888147 0.250041667
          0.705084333 0.766385667 -0.205859667 -0.0765610333 -0.311267667 -0.287554 -0.236280333 -0.344181 0.129935433
          0.234146433 0.133918567 0.290998567 0.778704667 0.729046333 -0.189076333 -0.196555667 -0.168165 -0.189643333
          -0.193525333 -0.181408667 -0.1039217 -0.122178967 -0.0617493 -0.0154942 0.0188650333 -0.138249933 -0.111214633
          -0.161449667 -0.151302333 -0.165972333 -0.156205667 -0.140367333 -0.136828 -0.128941667 -0.116213667 -0.148373667
          -0.165988333 -0.0945546533 -0.0564183867 -0.0970894 -0.15945 -0.170511 -0.0816777667 -0.102057067 -0.136928667
          -0.141179333 -0.153187 -0.162896 -0.149848 -0.163079 -0.111575667 -0.122263 -0.0189065667 -0.0718419667
          -0.104131 -0.097866 -0.103258667 -0.0823423667 -0.168173667 -0.150823 -0.168356667 -0.157271 -0.163474667
          -0.193873333 -0.158812667 -0.184963 -0.180324333 -0.150744667 -0.119459 -0.131548667 -0.119919433 -0.109239567
          -0.117851346 -0.0669046663 -0.113061987 -0.214312333 -0.200873333 -0.178014333 -0.205402 -0.177957333 -0.181167
          -0.197284 -0.101048333 -0.138008267 -0.183171333 -0.160447 -0.176259 -0.152635333 -0.152701 -0.178280333
          -0.125050333 -0.114632333 -0.111493433 -0.121875767 -0.177053667 -0.201006 -0.243546 -0.241645333 -0.248292667
          -0.226241 -0.223315333 -0.237771 -0.295892333 -0.300244667 0.0234737333 -0.0213437333 -0.0262440333 0.0084341
          -0.130083667 -0.132815333 -0.177393333 -0.211574 -0.172138333 -0.209205 -0.107653 -0.110843333 -0.0263631133
          0.00444372 0.0220871667 0.0115720467 -0.130917667 -0.132916 -0.211828333 -0.178432667 -0.207335667 -0.168391
          -0.105405333 -0.102994 0.0172747 0.0155880667 -0.0270277133 0.00041302 -0.270022333 -0.289383667 -0.175344
          -0.218748667 -0.1739 -0.161890333 -0.229139333 -0.112605 -0.110053 -0.101129233 -0.103525433 0.0465152203
          0.002847487 -0.0174654333 0.042532087 0.0195931003 -0.129766467 -0.2072885 -0.219606833 -0.166566167 -0.208516833
          -0.1883333 -0.157591633 -0.1014385 -0.1035805 -0.0992267333 -0.0971280667 -0.108552017 0.164798983 -0.0426512467
          0.18402242 -0.564623667 -0.580908333 -0.561496667 -0.635275333 -0.568097667 -0.528809667 -0.616143333 -0.565368
          -0.529555667 -0.533855333 0.922912333 0.907976 0.71727 0.797227 0.780837667 0.687813667 0.888259333
          0.916262667 -0.589922333 -0.58458 -0.408206 -0.536209 -0.557760333 -0.577111667 -0.620380333 -0.478368333
          0.706015 0.814634 0.206347357 0.402856983 -0.505022 -0.525663 -0.485323333 -0.457155 -0.526407333
          -0.514539333 -0.445805333 -0.465200667 0.19423194 0.382600233 0.443099 0.635393667 0.729622667 0.481278667
          0.247748467 0.271274133 0.788131333 0.820655 -0.398235333 -0.419337667 -0.492617 -0.477806667 -0.453554
          -0.455808667 -0.442204333 -0.373631667 -0.411605 0.161213333 0.156832 -0.0846156667 -0.233188333 -0.245279333
          -0.108799333 0.137636667 0.161213333 0.125685133 0.362373667 0.332917333 0.0580426667 0.0408736667 0.0578723333
          -0.276948933 -0.0648121333 0.510858067 0.260657947 -0.535264 -0.531348333 -0.569615667 -0.56448 -0.392668453
          -0.260498453 -0.289889167 -0.2694894 -0.4346529 -0.377076233 -0.386493333 -0.43779 -0.322850867 -0.451279333
          -0.486961667 -0.312149667 -0.201124333 -0.502690667 -0.521305667 -0.556573667 -0.524990333 -0.556640333 -0.606623
          -0.613607667 -0.592374 -0.485169 -0.488003333 0.797958333 0.699827 0.132042853 0.374110853 0.67082
          0.481545333 0.535610333 0.467957 -0.472997333 -0.314294 -0.275287683 -0.36021235 -0.32752535 -0.16575931
          0.925564667 0.934526 0.886025667 0.869135667 0.860387667 0.884599 0.927876333 0.911593667 -0.18203948
          -0.197433813 -0.3380261 -0.194628767 -0.177874727 -0.359577433 -0.525574333 -0.545085667 -0.476448667 -0.467823333
          -0.428334 -0.405488 0.649663667 0.476564333 0.738864667 0.821077667 0.349891967 0.485022633 -0.206979367
          0.00913396667 0.846645667 0.802401333 -0.433322333 -0.422491 -0.0602022 -0.252263867 -0.299020533 -0.130484533
          -0.233188333 -0.344677333 -0.349665667 -0.245279333 -0.480858667 -0.296425533 -0.341596333 -0.487843333 -0.341766667
          -0.358765333 -0.0648121333 0.207706067 -0.19009772 -0.4245526 0.756249667 0.674944333 0.46744788 0.747501667
          0.1194715 0.148862213 0.368010433 0.139871267 -0.187336667 -0.386493333 0.167561333 0.0992598 0.491342667
          0.507325 -0.301262667 -0.182787667 0.253482967 -0.0149683667 -0.1772307 -0.260023367 -0.0755099 0.184408767
          -0.341069567 -0.248659233 -0.314249333 -0.347936667 -0.365982 -0.273029667 -0.285627 -0.267771333 -0.244297667
          -0.164674667 -0.190041333 -0.196114333 -0.15368 -0.183338 -0.223879333 -0.243125 -0.243401333 -0.234590333
          -0.282964667 -0.209025667 -0.23234 -0.295259667 -0.211764667 -0.256524333 -0.314210333 -0.1819008 -0.0592343333
          -0.0767664667 -0.1758841 -0.242664333 -0.229111333 -0.300974333 -0.369132 -0.397266333 0.424166333 0.438420333
          0.335016533 0.3859302 0.284948533 0.136849 0.0097872 -0.130257667 -0.0212418233 0.31812151 0.25313651
          0.383238 0.513390667 -0.193429667 -0.217373667 0.147723467 0.153643467 -0.211833 -0.216642333 -0.176504667
          -0.16834 -0.174374333 -0.172843333 -0.175089333 -0.204376 -0.217932 -0.213716 -0.296051 -0.303358667
          -0.230838667 -0.365343667 -0.355547333 -0.263016333 -0.235386667 -0.327565333 -0.288584333 -0.0862268233 -0.145068333
          -0.0412195333 -0.240858 -0.218117667 -0.229615333 -0.281199 -0.251694333 -0.297782 -0.193558333 -0.188062333
          -0.121844333 -0.155190333 -0.122070333 -0.148979333 -0.159968333 -0.150988333 -0.1199452 -0.150272667 -0.144489333
          -0.160002333 -0.1156602 -0.142959667 -0.234209 -0.198606 -0.246527 -0.211834667 -0.207042667 -0.210074333
          -0.235598333 -0.214498667 -0.201263333 -0.294931333 -0.346064667 -0.279972 -0.265014333 -0.250090333 -0.193233667
          -0.173901333 -0.326268667 -0.237564333 -0.218359333 -0.216831 -0.162906667 -0.206869333 -0.221873333 -0.247979333
          -0.00128556667 -0.1175741 0.2944509 0.161559433 0.0875488667 0.0723408 -0.123742533 -0.21127 0.0842878667
          0.234350233 -0.258751367 -0.0976970333 -0.0899941333 -0.249818467 -0.403266667 -0.335698 -0.330489 -0.111275067
          -0.155376 -0.0861496 -0.123813533 -0.0891123333 0.065345 0.239873 0.349438667 -0.149379 -0.0419694667
          0.274468333 0.117854867 -0.156671333 -0.118601867 -0.214807333 -0.205878 -0.121826333 -0.114316867 -0.143683
          -0.122052333 -0.0175441333 0.0554049333 0.0449464667 -0.0426696 0.204807467 0.219474467 -0.301213333 -0.296927667
          -0.266832667 -0.272130667 -0.206203 0.1025739 0.154334667 -0.046526 -0.173181 -0.200823667 -0.210295
          -0.204246667 -0.208721667 -0.395247 -0.293789667 -0.278070333 -0.271805333 -0.273353 -0.31434 -0.0870066667
          0.076147 0.28925807 0.20519165 -0.07525742 -0.0482102667 -0.272017933 -0.123476683 -0.196560597 0.3811824
          0.537273667 0.515906333 0.470823667 0.359491667 0.407396333 0.428763667 0.329691667 -0.265587 -0.251084
          -0.309651667 -0.275654333 -0.239665 -0.248234 -0.235231333 -0.232918667 -0.189688 -0.203428333 -0.248160667
          -0.232068 0.2461 0.031779 -0.081367 0.333814667 0.422657667 0.437783 0.462331667 -0.239511333
          -0.24956 -0.204055333 -0.225598667 -0.228035333 -0.259627333 -0.205642667 -0.21972 -0.168063 -0.148456333
          -0.193506333 -0.227422 -0.293349667 -0.292337333 -0.264905 -0.284733 -0.193108667 -0.195469333 -0.234362333
          -0.284733 -0.153008 -0.172562333 -0.240226 -0.246993 -0.212009333 -0.233080333 -0.196431667 -0.210735667
          -0.152410667 -0.168285 -0.147845 -0.141637667 -0.188452333 -0.209392667 -0.225112 -0.210060667 -0.204258333
          -0.188054667 -0.196681667 -0.19821 -0.284468333 -0.27978 -0.218183 -0.208133333 -0.212505 -0.238012333
          -0.230146 -0.246199 -0.262051667 -0.272579333 -0.274554667 -0.247026333 -0.274401 -0.271386667 -0.21119
          -0.236834333 -0.371195667 -0.351271 -0.234762333 -0.194373 -0.199412333 -0.198978667 -0.142683333 -0.166320667
          -0.14652 -0.187846667 0.280458067 0.253410913 0.0357134033 -0.12143693 -0.192394933 -0.335548667 -0.209114667
          -0.205122333 -0.181142333 -0.172989 -0.206407667 -0.202573 -0.164993333 -0.156682333 -0.0454245347 -0.108779333
          0.022651032 0.0996312333 0.254252567 0.3031759 -0.031406968 -0.0726801 0.161175 0.126467067 0.3169664
          0.0248536667 0.145634333 0.300255667 0.364304333 -0.156365667 -0.133292 -0.171943333 -0.163317667 -0.146488333
          -0.137128667 -0.147011 -0.141922667 -0.516883 -0.388773333 -0.546917333 -0.472253667 -0.180769 -0.183846667
          -0.501885333 -0.378695667 -0.0611294 -0.0856861333 -0.1039726 -0.0908929 -0.0934277333 -0.106119933 -0.0795927333
          -0.0554235 -0.318450667 -0.262090667 -0.157691333 -0.174220333 -0.108360967 -0.1094817 -0.108223033 -0.347123333
          -0.311727 -0.136845067 -0.200655067 -0.220795 -0.180089333 -0.2643224 -0.1560968 -0.356691667 -0.498686
          -0.1503909 -0.222539833 -0.609975333 -0.504057667 -0.610166333 -0.677834667 -0.571472 -0.609721333 0.0798732667
          0.189350567 -0.119226433 -0.0538914 0.317504667 0.319341333 0.360976 0.358384 0.326323333 0.339468
          -0.459741667 -0.358689333 -0.465493 -0.270408267 -0.368723933 -0.472253667 -0.378575667 -0.257566 -0.336753667
          -0.471851 -0.198541367 -0.2644127 -0.175001367 -0.239614033 -0.232301667 -0.21866 -0.285847333 -0.212988333
          -0.200305667 -0.176220667 -0.122320933 -0.0601023333 -0.0590270333 -0.143974933 -0.138665333 -0.148056 -0.146507333
          -0.151203667 -0.223592 -0.213703 -0.343370667 -0.311799 -0.190301667 -0.186201333 -0.112739633 -0.101883467
          -0.132812 -0.161246333 -0.149863167 -0.193254 -0.147435333 -0.254399333 -0.238946 -0.107185867 -0.127044733
          -0.12267 -0.129510333 -0.155126667 -0.140645333 -0.144683333 -0.215524667 -0.122797 -0.114927467 -0.131657667
          -0.126835 -0.390126 -0.351876667 -0.141782333 -0.140155 0.0447164 -0.0446092667 0.231578667 0.046476
          -0.095773 0.224596667 0.156634 0.0830510667 0.0396997667 -0.0940649 -0.238354933 0.128174633 0.2581499
          0.245760567 0.228408733 0.101361333 0.1440676 0.248419333 0.0656963333 -0.0627463333 -0.107564367 -0.143099
          -0.0797457667 -0.110586067 -0.339706667 -0.294554667 -0.284873667 -0.212453667 -0.190074 -0.168208 -0.160366
          -0.154964 0.070834 -0.0635776667 0.221616 0.269927333 0.0540710333 -0.034917 -0.0070984 0.0641759667
          0.187139367 0.204853033 -0.154946667 -0.152973667 -0.172439667 -0.149023333 -0.137449333 -0.160725 -0.124704667
          -0.126818333 -0.215726333 -0.183918667 -0.268520667 -0.291252667 -0.311703333 -0.311628333 -0.206096 -0.238087
          -0.261245 -0.314105333 -0.385953 -0.33778 -0.353456333 -0.384262667 -0.177967667 -0.214646 -0.278777
          -0.307986 -0.1843386 -0.0562054667 0.387287333 0.435753333 0.296839667 0.287424333 0.0135810633 0.13089223
          0.186763097 -0.135582737 -0.245238833 -0.27460657 -0.245126903 -0.391186667 -0.04181857 0.13373643 0.235805667
          0.2244724 0.257948067 0.1410432 -0.0205656 -0.122253667 0.028602 -0.286645 -0.270652 -0.231948
          -0.264666 -0.224164 -0.240889 -0.197546667 -0.229921667 -0.172380667 -0.171383 -0.269451667 -0.271072333
          -0.257811667 -0.246136333 -0.210128 -0.202884 -0.157708667 -0.171718667 -0.197329 -0.216555333 -0.205137667
          -0.260348667 -0.286396333 -0.228179 -0.264417333 -0.201350667 -0.211541333 -0.133006667 -0.147819667 -0.138392667
          -0.152528333 -0.0122621333 -0.108275 -0.0374004333 -0.100040633 0.0740762333 0.152661367 0.283512 0.341571
          -0.251649333 -0.223607 -0.331338333 -0.323805 -0.187674333 -0.163609667 -0.179890333 -0.168594 -0.152447667
          -0.139676667 -0.177611 -0.177613667 -0.152628667 -0.193867333 -0.242792 -0.221033 -0.156967667 -0.159905333
          -0.208843667 -0.237713667 -0.205249 -0.188575 -0.158942667 -0.151648333 -0.137104333 -0.209318333 -0.200586667
          -0.272000667 -0.241994 -0.29437 -0.292451333 -0.246399333 -0.252951333 -0.314713667 -0.290385 -0.190925667
          -0.159484 -0.0815983667 -0.211725167 0.330041 0.257514667 0.171396733 -0.00814126667 -0.128702667 -0.138609667
          -0.144532 -0.137766 -0.132850667 -0.136119 -0.160785 -0.151035333 -0.166289 -0.0666096333 -0.0811859667
          -0.179694667 -0.159150333 -0.152866333 -0.131524333 -0.135217333 -0.132855 -0.127469 -0.129033667 -0.1235546
          -0.0140677 0.201208633 0.271259733 -0.0064939 0.1201551 -0.0247287 -0.0909196 0.251005733 0.190547633
        </DataArray>
        <DataArray type="Float32" Name="pPa" format="ascii">
          3002.35667 3630.33667 4057.25667 3681.78667 2511.77 2028.41 -606.505667 -615.311 -918.287667
          -796.280333 -720.651667 -794.124333 -707.093 -706.665333 -754.692333 -679.587037 -494.502703 -762.471333
          -693.152667 -1678.12 -1695.56667 -1417 -2108.11 -705.435333 -668.217667 -2197.36 -1515.81333
          -1737.75667 -1683.06 -703.286 -654.53 -647.405 -649.052333 -612.341333 -593.672333 -990.197333
          -1128.15 -939.216667 -1122.90833 -1008.867 -1142.46333 -956.819333 -1137.22167 -1064.74067 -534.694
          -1460.36333 -2265.28667 -2459.71 -1741.87667 3595.36 3524.04667 971.186667 1906.92867 1000.37167
          2007.427 -1060.49367 -444.003667 -1339.06033 -1431.377 -1177.86033 -1496.98067 2100.44333 2331.29333
          533.363433 1016.90077 641.429667 1355.817 3321.14 2728.40667 3052.23 4147.33667 -1163.18367
          -509.760333 -1385.127 -1440.51033 -1191.48567 -1506.114 440.712767 944.867433 543.990667 1531.50533
          4318.64 4694.11 -1260.89067 -468.937333 -1906.51333 -1761.26667 -1447.21667 -2108.11 795.856
          1434.147 820.252667 1782.367 4769.56333 4465.40667 -1158.09333 -1203.90333 -1030.012 -1161.56667
          -1185.34333 -1111.13 -636.52 -748.346333 -378.214333 -94.902 115.548333 -846.783333 -681.191
          -988.881333 -926.728667 -1016.58133 -956.759667 -859.749 -838.069 -789.766333 -711.806667 -908.788667
          -1016.68033 -579.145467 -345.5618 -594.671 -976.629667 -1044.38033 -500.276667 -625.099 -838.685333
          -864.721667 -938.269667 -997.736 -917.82 -998.859333 -683.401667 -748.86 -115.802667 -440.032667
          -637.802667 -599.428333 -632.459 -504.347333 -1030.061 -923.788667 -1031.18433 -963.286333 -1001.283
          -1187.477 -972.728667 -1132.90033 -1104.486 -923.308333 -731.686 -805.735333 -734.504333 -669.091333
          -721.837037 -409.78917 -692.5018 -1312.66333 -1230.34667 -1090.33367 -1258.08667 -1089.986 -1109.64667
          -1208.36333 -618.919333 -845.3 -1121.92367 -982.736333 -1079.587 -934.891 -935.291667 -1091.966
          -765.931 -702.121 -682.897 -746.487667 -1084.454 -1231.164 -1491.71667 -1480.07667 -1520.79333
          -1385.72333 -1367.80733 -1456.34733 -1812.34067 -1838.99733 143.776667 -130.730333 -160.744667 51.659
          -796.762 -813.493 -1086.53367 -1295.89067 -1054.34767 -1281.38067 -659.372667 -678.914333 -161.474233
          27.2177667 135.284 70.8788667 -801.870333 -814.109333 -1297.44967 -1092.90133 -1269.92967 -1031.39467
          -645.608 -630.838667 105.807667 95.477 -165.5449 2.52976667 -1653.884 -1772.474 -1073.98233
          -1339.834 -1065.13767 -991.578667 -1403.47833 -689.704333 -674.073 -619.417 -634.094667 284.905963
          17.4409633 -106.975667 260.509297 120.00783 -794.817333 -1269.639 -1345.089 -1020.21733 -1277.16233
          -1153.53833 -965.248667 -621.309667 -634.430667 -607.764667 -594.909333 -664.882067 1009.3946 -261.239933
          1127.13673 -3458.32 -3558.06333 -3439.16667 -3891.06333 -3479.6 -3238.96 -3773.88 -3462.88
          -3243.53333 -3269.87 5652.83333 5561.35 4393.27667 4883.01333 4782.62667 4212.85333 5440.58333
          5612.10333 -3613.27333 -3580.55333 -2500.262 -3284.28 -3416.28333 -3534.81 -3799.83 -2930.00533
          4324.34 4989.63 1263.87537 2467.49727 -3093.26333 -3219.68667 -2972.60667 -2800.07333 -3224.24667
          -3151.55667 -2730.55667 -2849.35667 1189.66843 2343.42367 2713.98 3891.78333 4468.93667 2947.83067
          1517.457 1661.553 4827.3 5026.50667 -2439.19333 -2568.44667 -3017.28333 -2926.56667 -2778.01667
          -2791.83 -2708.5 -2288.49667 -2521.08333 987.43 960.593333 -518.273333 -1428.28 -1502.33667
          -666.396667 843.023333 987.43 769.822667 2219.53867 2039.11533 355.508667 250.346667 354.464667
          -1696.312 -396.974 3129.00733 1596.53027 -3278.49 -3254.50667 -3488.89667 -3457.44 -2405.09373
          -1595.55073 -1775.569 -1650.621 -2662.249 -2309.59233 -2367.27333 -2681.46667 -1977.46267 -2764.08667
          -2982.64333 -1911.918 -1231.88467 -3078.98 -3193 -3409.01333 -3215.56667 -3409.42 -3715.56667
          -3758.34667 -3628.29 -2971.66 -2989.01667 4887.49333 4286.43667 808.761067 2291.4264 4108.77
          2949.46733 3280.614 2866.23733 -2897.10933 -1925.05267 -1686.1394 -2206.2994 -2006.09273 -1015.27797
          5669.08333 5723.97 5426.90667 5323.45667 5269.87667 5418.17 5683.24 5583.51 -1114.9936
          -1209.28227 -2070.40967 -1192.103 -1089.4849 -2202.413 -3219.14667 -3338.65 -2918.24667 -2865.42
          -2623.54667 -2483.61667 3979.19 2918.95667 4525.54667 5029.1 2143.08867 2970.76533 -1267.748
          55.9453333 5185.70333 4914.70667 -2654.1 -2587.76 -368.737 -1545.117 -1831.50367 -799.219667
          -1428.28 -2111.15 -2141.70333 -1502.33667 -2945.26133 -1815.60733 -2092.278 -2988.04133 -2093.322
          -2197.44 -396.974 1272.20133 -1164.34973 -2600.386 4632.03 4134.03333 2863.1196 4578.45
          731.764333 911.7826 2254.06433 856.712333 -1147.43933 -2367.27333 1026.314 607.967333 3009.472
          3107.36533 -1845.23467 -1119.573 1552.584 -91.681 -1085.53633 -1592.64133 -462.497 1129.503
          -2089.049 -1523.03567 -1924.78 -2131.11333 -2241.64 -1672.30667 -1749.46667 -1640.1 -1496.32
          -1008.63167 -1164.00333 -1201.19867 -941.290333 -1122.94633 -1371.263 -1489.14 -1490.83333 -1436.86667
          -1733.15667 -1280.28 -1423.07867 -1808.46333 -1297.058 -1571.21333 -1924.54 -1114.14033 -362.809333
          -470.196333 -1077.29167 -1486.317 -1403.30367 -1843.46667 -2260.93 -2433.25 2598.01833 2685.325
          2051.97967 2363.823 1745.30967 838.200667 59.9496667 -797.823333 -130.1023 1948.4977 1550.4617
          2347.334 3144.52 -1184.755 -1331.41333 904.806 941.066333 -1297.47667 -1326.93667 -1081.09
          -1031.08 -1068.04333 -1058.66733 -1072.424 -1251.80367 -1334.83367 -1309.01333 -1813.31333 -1858.07333
          -1413.88667 -2237.73 -2177.72667 -1610.97167 -1441.74167 -2006.33333 -1767.57667 -528.1383 -888.542667
          -252.470667 -1475.25567 -1335.97233 -1406.39667 -1722.34667 -1541.63 -1823.91667 -1185.54733 -1151.884
          -746.295 -950.539667 -747.679667 -912.497667 -979.807333 -924.803667 -734.664667 -920.421333 -884.997
          -980.016333 -708.417667 -875.627667 -1434.532 -1216.46333 -1509.98133 -1297.49133 -1268.13967 -1286.70533
          -1443.03867 -1313.802 -1232.73867 -1806.45667 -2119.64667 -1714.83 -1623.21 -1531.80333 -1183.55333
          -1065.145 -1998.39667 -1455.08333 -1337.452 -1328.08867 -997.803667 -1267.07533 -1358.97667 -1518.87333
          -7.875 -720.142 1803.51167 989.552 536.236667 443.087333 -757.922667 -1294.027 516.262
          1435.39333 -1584.85133 -598.393 -551.212667 -1530.13433 -2470.00333 -2056.14667 -2024.24333 -681.56
          -951.678333 -527.665667 -758.357333 -545.813667 400.236333 1469.222 2140.312 -914.944667 -257.062333
          1681.117 721.859333 -959.613667 -726.437 -1315.69633 -1261.003 -746.185333 -700.19 -880.058
          -747.57 -107.458 339.354667 275.296 -261.352333 1254.446 1344.28167 -1844.93 -1818.68
          -1634.34667 -1666.79667 -1262.99 628.265667 945.300333 -284.969667 -1060.733 -1230.04333 -1288.05333
          -1251.00967 -1278.41967 -2420.88667 -1799.46 -1703.18 -1664.80667 -1674.28667 -1925.33 -532.914667
          466.398667 1771.70527 1256.79983 -460.950767 -295.287 -1666.10833 -756.2935 -1203.9314 2334.745
          3290.80333 3159.92667 2883.79667 2201.885 2495.30167 2626.17833 2019.36167 -1626.72 -1537.89
          -1896.61667 -1688.38333 -1467.94333 -1520.43 -1440.79333 -1426.62667 -1161.838 -1245.998 -1519.98
          -1421.41333 1507.36167 194.648333 -498.37 2044.61333 2588.77667 2681.42 2831.78 -1467.00667
          -1528.55333 -1249.84 -1381.79333 -1396.71667 -1590.21667 -1259.56333 -1345.78333 -1029.39 -909.296333
          -1185.22333 -1392.95667 -1796.76333 -1790.56333 -1622.54 -1743.98667 -1182.78667 -1197.24667 -1435.46667
          -1743.98667 -937.171433 -1056.9421 -1471.38333 -1512.83333 -1298.55667 -1427.62 -1203.14133 -1290.75467
          -933.515667 -1030.74433 -905.552333 -867.530667 -1154.27 -1282.53 -1378.81 -1286.62 -1251.08
          -1151.83333 -1204.67633 -1214.03633 -1742.36667 -1713.65333 -1336.37333 -1274.81333 -1301.59 -1457.82333
          -1409.64333 -1507.97 -1605.06667 -1669.54667 -1681.64667 -1513.03333 -1680.70333 -1662.24333 -1293.54
          -1450.61 -2273.57 -2151.53333 -1437.91667 -1190.53233 -1221.399 -1218.74233 -873.936 -1018.71367
          -897.434667 -1150.559 1717.80633 1552.14257 218.742267 -743.801067 -1178.41767 -2055.23267 -1280.82967
          -1256.37633 -1109.49967 -1059.55833 -1264.24633 -1240.75967 -1010.58633 -959.678333 -278.225543 -666.2731
          138.737457 610.243233 1557.29867 1856.952 -192.36811 -445.165333 987.200667 774.612333 1941.42167
          152.2319 892.014567 1839.07 2231.36667 -957.737 -816.412667 -1053.15233 -1000.321 -897.240333
          -839.911333 -900.441 -869.277 -3165.91 -2381.23667 -3349.87 -2892.55333 -1107.20933 -1126.059
          -3074.05 -2319.51333 -374.417667 -524.827667 -636.833333 -556.719667 -572.246 -649.986333 -487.505667
          -339.469 -1950.51 -1605.30633 -965.861 -1067.09933 -663.711333 -670.575667 -662.865667 -2126.13
          -1909.32667 -838.176333 -1229.013 -1352.37033 -1103.047 -1618.977 -956.094 -2184.73667 -3054.45333
          -921.145333 -1363.05833 -3736.1 -3087.35333 -3737.26667 -4151.73667 -3500.26667 -3734.54333 489.222333
          1159.772 -730.262333 -330.085333 1944.71667 1955.96333 2210.98 2195.10333 1998.73 2079.24333
          -2815.92 -2196.97667 -2851.14667 -1656.25067 -2258.434 -2892.55333 -2318.77667 -1577.59167 -2062.61667
          -2890.09 -1216.06667 -1619.528 -1071.88333 -1467.63467 -1422.84967 -1339.29633 -1750.815 -1304.55367
          -1226.87267 -1079.352 -749.215 -368.126667 -361.540667 -881.846 -849.326667 -906.845667 -897.357
          -926.121667 -1369.49967 -1308.933 -2103.14333 -1909.76667 -1165.59967 -1140.484 -690.531 -624.037333
          -813.476 -987.635 -917.913667 -1183.682 -903.041667 -1558.19633 -1463.545 -656.512667 -778.149
          -751.352667 -793.251333 -950.151667 -861.453333 -886.186333 -1320.08833 -752.132 -703.931 -806.404333
          -776.865 -2389.52433 -2155.24767 -868.417667 -858.450333 273.888333 -273.232667 1418.418 284.664667
          -586.612 1375.65133 959.382333 508.687 243.159667 -576.148 -1459.925 785.069333 1581.16867
          1505.28533 1399.004 620.839 882.414 1521.56933 402.392667 -384.32 -658.831333 -876.482333
          -488.443333 -677.34 -2080.70667 -1804.15 -1744.85333 -1301.281 -1164.20333 -1030.27433 -982.244
          -949.157333 433.859667 -389.410333 1357.39933 1653.306 331.186333 -213.866 -43.478 393.076667
          1146.22833 1254.726 -949.048 -936.963 -1056.19367 -912.767333 -841.876333 -984.440333 -763.815
          -776.762333 -1321.32667 -1126.504 -1644.68667 -1783.91667 -1909.17667 -1908.72 -1262.33767 -1458.28333
          -1600.12667 -1923.89667 -2363.96333 -2068.90333 -2164.92 -2353.61 -1090.052 -1314.70767 -1707.50333
          -1886.41 -1129.07267 -344.257 2372.13333 2668.99 1818.14267 1760.47267 83.1839333 801.714933
          1143.9226 -830.445067 -1502.08767 -1681.9674 -1501.40407 -2396.02 -256.138067 819.135267 1444.30933
          1374.89067 1579.93067 863.889667 -125.966 -748.803333 175.187 -1755.7 -1657.74333 -1420.68333
          -1621.08 -1373.00667 -1475.44667 -1209.97 -1408.26667 -1055.83 -1049.72 -1650.39 -1660.31667
          -1579.09667 -1507.58333 -1287.03433 -1242.66433 -965.964667 -1051.77633 -1208.63867 -1326.40333 -1256.47
          -1594.63333 -1754.17667 -1397.59667 -1619.55667 -1233.272 -1295.68867 -814.666667 -905.396 -847.656667
          -934.236 -75.1063333 -663.183 -229.077667 -612.747667 453.716 935.049333 1736.51033 2092.12367
          -1541.35333 -1369.59333 -2029.45 -1983.30667 -1149.50633 -1002.10967 -1101.82967 -1032.63967 -933.739667
          -855.519667 -1087.86633 -1087.87967 -934.851 -1187.43833 -1487.1 -1353.82667 -961.429 -979.421667
          -1279.16667 -1455.99667 -1257.15333 -1155.025 -973.525667 -928.845 -839.764333 -1282.07333 -1228.59
          -1666 -1482.21333 -1803.01333 -1791.26 -1509.19333 -1549.32667 -1927.62333 -1778.61 -1169.421
          -976.84 -499.788667 -1296.81433 2021.50033 1577.27367 1049.805 -49.865 -788.304 -848.985
          -885.258667 -843.817 -813.710333 -833.729667 -984.809 -925.091333 -1018.51933 -407.985667 -497.263667
          -1100.63 -974.796667 -936.305333 -805.586 -828.206667 -813.737333 -780.747333 -790.330667 -756.771
          -86.163 1232.40367 1661.46567 -39.776 735.949333 -151.461667 -556.881667 1537.41033 1167.105
        </DataArray>
        <DataArray type="Float32" Name="k" format="ascii">
          28.6114667 27.9227333 27.151 27.4344 28.7980667 29.3681333 33.4593333 33.4758333 33.9026
          38.4894667 38.252 38.9532 38.7477667 38.7451667 38.3875667 34.2277667 33.5106333 38.6712
          39.0887333 39.9787333 40.9928667 40.7779667 39.8107333 40.2847667 39.0582667 40.1088333 41.0110333
          41.3158333 40.353 40.6427667 39.5118333 39.9601333 39.5155667 39.889 40.3277667 38.3768
          38.0849 35.5712667 36.5503 38.7201 38.2806333 36.1009 36.7460333 41.3352333 41.6091333
          41.7348667 41.2962 40.5789 40.8083667 26.5159667 26.6854333 30.1459667 29.0072333 30.0100333
          28.7018333 42.4327333 42.3374667 42.6476333 43.2076333 42.2168 43.0660333 29.1098333 28.9451
          30.3341333 29.8758667 30.2799333 29.6569333 28.0110667 28.3711667 27.7963667 26.4709667 42.5074333
          42.3178 42.8122333 43.2778667 42.3710667 43.1362667 30.8337333 30.1341667 31.0147667 29.7451333
          26.0596667 25.7762667 41.2861333 41.6288 41.3458667 40.9899667 39.9841333 39.8107333 30.3792667
          29.6834 30.4785667 29.2079 25.5827 25.6966333 35.0245 35.6914333 34.3540667 35.1133
          35.2319667 34.1692333 33.6377 33.9824667 32.9044667 32.2304333 31.552 33.3904 33.3312333
          36.0104667 37.2455667 35.1918667 35.4049 39.6207 40.6726 36.2976 37.0822 35.2068667
          35.2427 33.6425 33.3168667 33.9451333 34.0483 34.4241 33.6935667 34.3095333 40.7823
          39.8779667 37.7953333 36.6516 35.9947 35.8353 37.6265 36.8476 33.7503 33.8352
          34.3774333 34.9512667 34.9705 34.0206333 36.0225333 36.0816667 35.2062333 34.6915333 37.3193
          36.6156333 35.7887667 35.9071333 36.3828333 36.4005 37.8611 36.6814667 37.2948333 38.3454333
          34.4443667 33.6579667 33.8626 35.6841 35.1214 34.7935 34.9756 34.2684 34.1214
          35.1164667 33.2926 33.3425667 36.9809667 37.6077 36.4028333 36.3177 36.4756333 36.5256333
          37.1706 38.3 38.4834667 37.3699667 41.3723333 41.1844 41.6934333 41.7719667 40.5694
          40.6788 40.6027333 40.6323333 41.3070667 41.3966333 31.8761667 32.5337 32.7120667 32.9719333
          41.6847333 41.7476 40.8168333 40.0919333 38.4069 38.9817 37.8884667 37.8152667 32.2302
          31.4935333 31.4393333 32.1637 41.8784667 41.8573 40.4721 41.1353667 39.45 38.8903667
          38.2986 38.3905667 32.2429333 33.0294333 32.5572667 32.0619 40.5558333 40.8221667 40.4275333
          39.55 38.7549 39.4957667 40.2974333 38.1632667 38.6315 39.1476 38.8133333 31.7325
          32.4532667 32.2352333 31.6332 32.2847 40.8120667 41.4173333 41.2866667 39.2495667 40.0993
          40.5065 39.6250333 39.1002667 38.6578 38.9426 39.3397667 52.3172333 50.6164 51.2794
          50.6151333 129.309667 115.976667 79.8147 84.4815667 93.8168667 81.6258667 110.003533 130.860667
          198.401333 176.279333 46.2244333 45.8705667 50.1106 49.4429333 49.4699 50.919 48.5871667
          48.1596 111.065767 119.3431 73.2866333 70.9574 74.8479667 88.9059667 107.538867 87.5327667
          45.7771 43.7852 50.9565667 49.0816 152.555 147.405 156.741 153.289667 148.956
          154.978667 161.011 163.589667 50.4330333 48.9057 50.2793 49.4164 49.4827333 50.1608
          50.6122 50.674 48.5039333 48.6269667 176.039667 209.475333 219.628 195.512 179.532
          218.754667 187.253333 118.534233 154.105567 71.5393 70.8932 110.580433 134.156 121.685
          103.678 71.4661 71.5393 62.4449333 56.4872667 57.2956667 61.7592 59.692 61.2345667
          66.1128667 56.2944 53.315 65.7599 141.077 153.605667 165.322333 139.314667 113.188467
          88.3718 82.2209 81.2713667 119.200133 106.8022 74.8388667 93.6019 85.1618 151.1832
          148.1472 90.6117333 62.4574 116.186233 134.018833 139.136667 149.342333 146.88 131.160667
          123.282433 127.332433 160.377 161.840667 45.6521667 45.7441333 57.7878 51.0529 49.2515
          48.6666 47.4594333 47.3119 65.0280333 55.4417 55.8808 60.8002667 62.6114333 57.8661
          44.1036667 45.6961667 47.6618667 48.3024 48.3591333 46.2431 47.6313333 47.5143333 52.848
          58.9186333 56.3303333 52.5889333 57.3425667 60.2209 145.900567 169.184333 184.145 211.604
          213.414 219.474333 48.9349333 49.2249333 47.9994333 47.7484667 48.7458333 48.2852667 120.198333
          89.1644333 47.6009333 48.0224667 205.938667 204.848333 83.1358 104.310467 86.7170333 65.4805667
          134.156 168.989667 161.514333 121.685 102.513067 86.5085333 77.1361667 94.6348333 76.6115333
          75.0689667 56.2944 54.4215667 95.952 95.1984 48.9731 48.7284 60.5658667 49.0298333
          59.7904 65.9413 53.2110333 58.8408667 69.8261 74.8388667 55.1509333 61.0982 48.4314667
          48.2866 92.3407667 64.2039667 48.5724333 48.8941 64.1690667 95.3418667 53.0733667 52.9141
          76.9410333 66.6193 43.7911667 45.1368333 46.0903667 41.7025 42.048 42.2158667 42.6716
          42.2832 42.5754 42.7159 42.3442667 42.8215 42.4452 45.0208333 43.8951 43.7702667
          44.4343 40.8919333 40.4497 42.377 41.8145667 45.4137 46.3207 43.6124667 42.1977
          38.4342333 38.8111 39.5853667 39.8255 39.8414 40.4859667 41.6067333 38.2618333 38.3231
          41.6377667 40.0447333 39.8550333 40.8418 43.6687 44.0854 43.366 41.4831667 41.0651333
          39.5581 38.4443667 43.4818 45.2633667 39.6677 38.5580667 43.6104333 43.1727333 43.2566333
          43.2112333 43.0668667 42.7095333 42.3868 41.5539 40.7425 42.4211 42.6234667 45.1984333
          44.2587667 46.6516333 46.2681667 44.0538333 42.3064667 45.1624667 45.5676 42.9479667 42.1885667
          40.4153333 40.0307667 40.0532 42.7947667 43.1953667 42.2006333 42.9426667 41.6674 42.0088333
          39.9452333 39.9254 40.2353 40.4519667 43.1505333 43.2345 42.189 42.7478 42.9545333
          43.0960333 41.8169667 42.0664 40.9882667 41.0700333 41.5239333 42.2463 42.9997 42.1839333
          41.5022333 41.0169333 42.0591 46.8453333 47.1762667 47.0056333 44.2556667 45.2618667 43.7428333
          43.3062667 46.0505 44.5013667 44.7810333 44.2999667 43.3673333 44.2200333 46.4336667 46.2405333
          38.0909667 38.5550667 37.9575667 37.9486667 38.3326 39.3282667 40.6841667 40.3927333 37.9088333
          37.8305 39.5947333 39.0693333 39.1461667 39.7900667 41.3349 40.8989333 41.4172333 38.6148667
          39.2361 38.7815333 39.6392667 38.8339 38.0157333 37.8773 38.0929333 39.2181 38.7094667
          37.9716667 38.0655667 41.314 41.4193667 41.8472333 42.3858 40.5052 41.0473333 41.7706
          40.7952667 38.192 38.1923667 37.8059667 38.0253333 37.8872667 37.6675333 43.7146 44.0569333
          44.3112333 43.6729333 43.4016 40.7115333 41.6033333 42.9666333 43.2382333 44.7537333 43.6698
          42.9159 42.9828 43.0072 42.6701667 41.8941667 41.5224667 45.9003333 46.8726 41.8046333
          40.8551 39.7578667 39.8677667 40.6634667 40.5603 41.6004333 40.7624333 40.9877 38.8373333
          38.0593 37.6510667 37.6193667 39.9472333 38.8210333 39.2292667 40.0005667 44.7467333 44.3758
          46.9317 45.9241667 44.3577333 44.3455333 43.5765 42.7956 42.7337667 42.2170333 41.0147333
          39.9645333 41.6730667 42.2677 43.4580667 41.5001333 39.6888333 38.7133333 38.7988 43.6681667
          44.4221 44.1261667 43.6243333 45.3474333 45.5995333 44.3368 44.6187333 43.1145 42.3187333
          42.8643667 42.9126 43.1839333 43.4799 43.7483 43.8075667 43.2694667 43.8286 43.9632333
          43.8075667 39.1308667 39.2452333 42.354 42.7519 42.2247 42.7080667 41.6899667 41.7754333
          39.9241667 39.5174 40.5194 40.8878 42.3708667 42.2028333 42.9788333 43.8919667 42.7837
          42.7759667 41.4823333 42.0298 46.9877333 47.0468333 46.4194 44.8855 45.4180333 44.1177667
          43.6084667 43.8726333 44.6719333 44.4700333 45.4133 45.0201333 44.4687333 45.0768333 45.696
          45.5680333 42.0375667 43.2243333 43.8004333 43.4593333 43.8244667 44.2876333 41.9033667 42.7540333
          41.4334333 41.8604 39.6656333 39.7688 40.6124 40.9475667 40.653 40.873 45.9024333
          45.2702333 44.0489667 43.3794333 45.4940333 44.5758667 43.3535667 42.97 38.641 38.7981
          38.9085333 38.2752667 38.1011333 39.3810667 39.3863667 40.3186333 37.7590667 38.8061 38.413
          37.8638333 37.1878333 37.0137 37.3181333 41.4467667 41.1983 41.9815 42.2971667 40.5119
          40.7283667 41.8877333 41.1071333 43.1795667 43.2910333 43.6587333 44.2151333 43.2422 41.6954
          42.8289667 42.6207667 42.8131333 42.4913 43.1369667 43.7232 42.2901333 42.4136333 43.8238
          43.4359 43.1453333 43.3428 45.3240667 43.5686667 43.9019 43.5087667 43.6206667 42.3505667
          43.0965333 43.2484333 42.8681333 41.8847 41.1310667 43.3853 43.3212667 43.6968667 44.2416333
          43.9440333 44.1328333 45.9771333 45.3076 44.7283667 45.5400667 45.4566333 45.3144667 38.0824
          37.8338333 39.8806 38.9166667 37.2570667 37.1956333 37.4767667 37.5549 37.6718 37.7951333
          42.3474 41.6227333 43.0799 39.7794 41.2362667 44.2151333 44.0865 45.1751667 42.3539
          42.3498 43.1863667 42.7192 42.8807 42.5254333 41.5803 40.5784333 42.6388667 42.9986667
          42.9169333 42.9872667 41.04 39.6878 40.1089333 41.2890667 39.8745667 39.7218667 40.3583333
          40.4444667 39.9783 39.9067 41.4203 41.2404333 42.2723333 42.943 43.7014333 43.9643
          41.7947667 42.1945333 43.7652 43.2314333 43.7860667 44.1096 45.4558333 42.7104333 43.4766
          43.4329667 43.0274667 43.0192667 42.5195 42.1908667 42.4931667 42.3761667 42.5092667 42.3041333
          42.0475333 42.4087333 42.5509 44.9041333 45.0679333 37.2485667 37.8082667 37.608 38.8345
          38.9056667 37.1318333 37.0006667 37.1497333 37.5909 38.4251667 40.0005667 39.0364667 38.1365
          37.9964667 38.4548667 38.7019333 37.8053667 38.0603333 38.7946333 39.7121 38.4906333 39.0501333
          38.4954667 39.2938 42.3101333 42.9461 41.6372 41.5341 42.2793667 41.0909 40.6071333
          41.0565333 38.0388667 38.8809667 37.6341667 37.7419667 37.7215 37.9325 37.9373333 37.7580333
          37.3485 37.3168 43.7402667 43.6612 43.4215333 43.8290667 43.3447667 43.2228667 44.0169
          43.8103333 45.0633333 45.4830667 45.3242667 44.3684333 44.0236667 43.9403 43.9305 44.0674
          44.0205 43.5212 43.3077667 43.6868333 43.3311667 42.7368667 44.0005667 44.0172333 44.1359
          43.7999 42.9507 42.4581333 37.8305 38.0608 38.7428 38.1233333 41.4836667 40.8532
          40.2381667 41.5376667 42.1591 42.1154333 41.6681333 42.3011667 40.0696333 39.8479 39.3681
          40.5363 40.0237667 41.2641 42.2692 42.4321333 41.4319667 43.2764333 43.6363 44.0897
          43.5434 45.3840333 45.1976 42.9182333 42.9566 41.8175333 41.0770667 42.9997333 42.6081
          42.6601667 42.3364 43.0486667 43.3707667 43.8423333 42.6627 42.199 41.4379 40.4788333
          42.0845667 42.4401 42.3453333 42.7070667 41.9409667 41.9471667 40.0411667 39.8119667 40.2903333
          40.3158667 40.9688667 41.6204333 40.5292 40.4019333 40.1642 39.2153 38.6358667 38.7935333
          39.9073333 39.8564333 41.3202667 41.1639 43.8333333 43.0362667 45.1276667 45.7645667 42.5436
          42.4493333 44.984 43.6443 44.4236667 45.4731 43.1377 43.2017333 45.0594667 44.3899667
          43.4077 43.6574667 46.7128667 46.3870333 45.9630333 44.0631667 44.1072333 43.0030667 43.0809
          43.9800333 44.1024 43.3169667 43.6352667 45.4372333 46.1404333 42.2284333 43.0434333 43.5394667
          43.3514333 42.1979 42.4555333 39.0799 39.9816 38.0733333 38.7637667 39.6608 42.1165333
          42.7974 43.6549333 43.9838667 41.6848 42.0648667 38.8002 39.1895667 38.9966333 39.6407333
          42.0831333 42.1941 41.6787667 41.4678 41.6071667 40.9354333 40.6862667 41.0360667 38.8539333
          38.1502667 37.7672667 37.7805 38.4205 38.2429667 37.9606667 38.2240667 37.6635333 37.5776667
        </DataArray>
        <DataArray type="Float32" Name="p" format="ascii">
          2450.90667 2963.54 3312.04667 3005.54333 2050.426 1655.846 -495.106667 -502.295 -749.622
          -650.025 -588.287333 -648.264667 -577.218667 -576.869333 -616.075333 -554.76573 -403.67673 -622.425667
          -565.839 -1369.89333 -1384.13333 -1156.73333 -1720.90667 -575.865667 -545.484 -1793.764 -1237.40067
          -1418.57667 -1373.92667 -574.111 -534.31 -528.493667 -529.838333 -499.870333 -484.630333 -808.323667
          -920.936333 -766.706333 -916.657 -823.566333 -932.623 -781.078333 -928.343667 -869.178 -436.486333
          -1192.136 -1849.214 -2007.92667 -1421.94333 2934.99 2876.77667 792.807 1556.68 816.631667
          1638.718 -865.708 -362.451667 -1093.108 -1168.468 -961.516667 -1222.022 1714.65 1903.1
          435.398933 830.124933 523.616333 1106.79233 2711.13667 2227.27333 2491.61667 3385.58 -949.538667
          -416.132333 -1130.71467 -1175.92467 -972.640333 -1229.47867 359.764267 771.320933 444.072667 1250.20933
          3525.42333 3831.92667 -1029.29867 -382.805667 -1556.33667 -1437.76667 -1181.4 -1720.90667 649.679
          1170.73567 669.594667 1454.99467 3893.52 3645.23 -945.38 -982.778 -840.825667 -948.218333
          -967.625667 -907.044 -519.608 -610.895 -308.746667 -77.471 94.3253333 -691.25 -556.073667
          -807.248333 -756.512 -829.861333 -781.028 -701.836667 -684.138667 -644.707667 -581.067 -741.867
          -829.941333 -472.771933 -282.091267 -485.445667 -797.248333 -852.554333 -408.389 -510.285 -684.641667
          -705.895667 -765.935333 -814.48 -749.240333 -815.395333 -557.878667 -611.314333 -94.5327333 -359.210333
          -520.655333 -489.329333 -516.293333 -411.712 -840.867667 -754.114333 -841.783 -786.355667 -817.373
          -969.368667 -794.063667 -924.816667 -901.621333 -753.722333 -597.294667 -657.743333 -599.596 -546.197333
          -589.256063 -334.52333 -565.309267 -1071.56333 -1004.36633 -890.070667 -1027.01133 -889.785667 -905.835
          -986.42 -505.241333 -690.041 -915.856 -802.232333 -881.296333 -763.176 -763.504333 -891.4
          -625.25 -573.16 -557.467 -609.378 -885.267333 -1005.02867 -1217.72767 -1208.22533 -1241.46
          -1131.201 -1116.57533 -1188.85533 -1479.462 -1501.222 117.368667 -106.718667 -131.22 42.1706
          -650.418 -664.076 -886.964333 -1057.86967 -860.691667 -1046.02633 -538.263667 -554.216 -131.8154
          22.2186 110.436 57.8604 -654.588 -664.579 -1059.14167 -892.163333 -1036.67833 -841.955667
          -527.026667 -514.97 86.3733333 77.9402667 -135.1384 2.06493333 -1350.10767 -1446.91767 -876.721333
          -1093.741 -869.499667 -809.451 -1145.697 -563.024 -550.263667 -505.646667 -517.628333 232.57627
          14.2376033 -87.327 212.660603 97.96567 -648.831333 -1036.44167 -1098.034 -832.831333 -1042.584
          -941.664 -787.957 -507.191333 -517.902333 -496.134333 -485.640333 -542.761433 823.995233 -213.257067
          920.111933 -2823.11667 -2904.54 -2807.48333 -3176.37667 -2840.48667 -2644.04667 -3080.71667 -2826.84
          -2647.78 -2669.28 4614.55667 4539.87667 3586.35 3986.13333 3904.18667 3439.06667 4441.29333
          4581.31 -2949.61 -2922.9 -2041.02967 -2681.04333 -2788.8 -2885.55667 -3101.90333 -2391.843
          3530.07667 4073.17 1031.73677 2014.2849 -2525.11 -2628.31333 -2426.61667 -2285.77667 -2632.03667
          -2572.69667 -2229.02667 -2326.00333 971.159533 1913.001 2215.49367 3176.96667 3648.11333 2406.395
          1238.74233 1356.371 3940.65667 4103.27333 -1991.17667 -2096.68667 -2463.08333 -2389.03333 -2267.77
          -2279.04333 -2211.02 -1868.15667 -2058.02667 806.063333 784.156667 -423.08 -1165.94333 -1226.39667
          -543.996333 688.180333 806.063333 628.427333 1811.87 1664.58667 290.213333 204.366667 289.360333
          -1384.74267 -324.060333 2554.29033 1303.28973 -2676.32 -2656.74333 -2848.08 -2822.4 -1963.34393
          -1302.49193 -1449.44567 -1347.447 -2173.266 -1885.38267 -1932.46667 -2188.95 -1614.25267 -2256.39667
          -2434.81 -1560.75167 -1005.62333 -2513.45667 -2606.53333 -2782.86667 -2624.95 -2783.19667 -3033.11333
          -3068.04 -2961.87 -2425.84333 -2440.01333 3989.79 3499.13333 660.2146 1870.55427 3354.1
          2407.727 2678.05367 2339.787 -2364.98633 -1571.473 -1376.44177 -1801.06177 -1637.6251 -828.796567
          4627.82333 4672.62667 4430.13 4345.67667 4301.93667 4422.99667 4639.38 4557.97 -910.198067
          -987.168733 -1690.129 -973.144667 -889.3738 -1797.88567 -2627.87333 -2725.42667 -2382.24333 -2339.12
          -2141.67333 -2027.44 3248.31667 2382.82 3694.32333 4105.39 1749.45967 2425.113 -1034.897
          45.6696667 4233.23 4012.00667 -2166.61333 -2112.45667 -301.009 -1261.316 -1495.10267 -652.424333
          -1165.94333 -1723.39 -1748.33 -1226.39667 -2404.29333 -1482.126 -1707.98333 -2439.22 -1708.83633
          -1793.83 -324.060333 1038.53067 -950.490267 -2122.763 3781.24667 3374.72 2337.2394 3737.50667
          597.357667 744.3114 1840.05067 699.356333 -936.685 -1932.46667 837.808333 496.300667 2456.71167
          2536.625 -1506.315 -913.938 1267.41467 -74.8416667 -886.153333 -1300.117 -377.549333 922.042333
          -1705.34933 -1243.29767 -1571.24667 -1739.68333 -1829.91 -1365.15 -1428.13667 -1338.86 -1221.49
          -823.374667 -950.207333 -980.573333 -768.402 -916.691 -1119.39967 -1215.62667 -1217.009 -1172.95233
          -1414.82333 -1045.127 -1161.69667 -1476.29833 -1058.822 -1282.62 -1571.04667 -909.502333 -296.17
          -383.832667 -879.420667 -1213.32067 -1145.554 -1504.87 -1845.65667 -1986.33 2120.831 2192.101
          1675.08433 1929.651 1424.74433 684.246667 48.9376667 -651.286667 -106.207433 1590.60923 1265.6819
          1916.18933 2566.95333 -967.148667 -1086.87033 738.616667 768.217 -1059.166 -1083.21367 -882.523333
          -841.699333 -871.871333 -864.218 -875.447667 -1021.88133 -1089.66133 -1068.58167 -1480.25833 -1516.79333
          -1154.19267 -1826.71333 -1777.73333 -1315.08167 -1176.93367 -1637.82667 -1442.92333 -431.134767 -725.342667
          -206.098667 -1204.294 -1090.59067 -1148.077 -1405.99333 -1258.47067 -1488.90667 -967.791333 -940.311
          -609.220667 -775.950667 -610.351 -744.896333 -799.841667 -754.940667 -599.726333 -751.364333 -722.446
          -800.011333 -578.300333 -714.797667 -1171.04667 -993.030333 -1232.637 -1059.17533 -1035.21467 -1050.37233
          -1177.99333 -1072.49 -1006.31567 -1474.65333 -1730.32 -1399.86 -1325.07 -1250.45 -966.165333
          -869.504667 -1631.34333 -1187.82367 -1091.79667 -1084.15333 -814.532 -1034.34667 -1109.37 -1239.9
          -6.42866667 -587.871333 1472.256 807.798667 437.745333 361.705 -618.711667 -1056.34733 421.438333
          1171.75033 -1293.75533 -488.484333 -449.969667 -1249.09067 -2016.33333 -1678.49333 -1652.45 -556.375333
          -776.88 -430.747333 -619.067333 -445.564333 326.723667 1199.36433 1747.193 -746.897 -209.847667
          1372.34067 589.273333 -783.358 -593.01 -1074.03733 -1029.39033 -609.131333 -571.584 -718.415333
          -610.261667 -87.7206667 277.024333 224.731333 -213.348667 1024.037 1097.372 -1506.06667 -1484.63667
          -1334.16133 -1360.65133 -1031.01267 512.871667 771.675667 -232.627667 -865.903333 -1004.118 -1051.47333
          -1021.23233 -1043.609 -1976.23333 -1468.94667 -1390.35 -1359.02667 -1366.76667 -1571.7 -435.033333
          380.733333 1446.28703 1025.9566 -376.287433 -241.051667 -1360.088 -617.3834 -982.802967 1905.912
          2686.36667 2579.53 2354.12 1797.45567 2036.979 2143.81567 1648.45567 -1327.93667 -1255.42
          -1548.25667 -1378.27 -1198.32333 -1241.17 -1176.15667 -1164.59667 -948.439667 -1017.14333 -1240.80333
          -1160.34 1230.499 158.895667 -406.833333 1669.07333 2113.29 2188.91667 2311.65667 -1197.55667
          -1247.8 -1020.27667 -1127.99333 -1140.17333 -1298.13333 -1028.21467 -1098.599 -840.316667 -742.282
          -967.531 -1137.108 -1466.74667 -1461.68667 -1324.52333 -1423.66333 -965.543 -977.346667 -1171.81
          -1423.66333 -765.039333 -862.811667 -1201.13333 -1234.96667 -1060.04767 -1165.40333 -982.157667 -1053.68
          -762.054333 -841.425333 -739.226333 -708.188333 -942.261 -1046.96133 -1125.558 -1050.30267 -1021.29
          -940.273 -983.409 -991.049 -1422.34133 -1398.898 -1090.913 -1040.66667 -1062.52467 -1190.05967
          -1150.72967 -1230.99333 -1310.25667 -1362.89667 -1372.77333 -1235.13 -1372.00333 -1356.93333 -1055.94967
          -1184.17167 -1855.97667 -1756.35333 -1173.81133 -971.865333 -997.060333 -994.892 -713.417333 -831.603667
          -732.600667 -939.234 1402.28833 1267.05257 178.5647 -607.1853 -961.972333 -1677.741 -1045.57133
          -1025.60967 -905.713 -864.945667 -1032.038 -1012.86533 -824.967333 -783.411 -227.123007 -543.897
          113.254993 498.157667 1271.266 1515.88267 -157.03534 -363.400333 805.878333 632.337667 1584.83533
          124.27 728.174333 1501.28267 1821.526 -781.827 -666.459333 -859.717 -816.588667 -732.441667
          -685.642667 -735.054 -709.613667 -2584.41667 -1943.86667 -2734.58667 -2361.26667 -903.845333 -919.233
          -2509.42667 -1893.47667 -305.647 -428.430667 -519.864 -454.465 -467.139333 -530.601 -397.964
          -277.117667 -1592.25333 -1310.45367 -788.457667 -871.102 -541.805333 -547.408667 -541.114667 -1735.62
          -1558.63667 -684.225333 -1003.27467 -1103.97467 -900.444667 -1321.61367 -780.485667 -1783.46 -2493.43333
          -751.956333 -1112.701 -3049.88 -2520.29 -3050.83333 -3389.17667 -2857.36 -3048.60667 399.366
          946.752667 -596.131 -269.457667 1587.52333 1596.70667 1804.88 1791.92 1631.61667 1697.34
          -2298.71167 -1793.44833 -2327.46667 -1352.043 -1843.62133 -2361.26667 -1892.87667 -1287.83033 -1683.76667
          -2359.25667 -992.706 -1322.06167 -875.006667 -1198.06833 -1161.51233 -1093.30233 -1429.236 -1064.94033
          -1001.52733 -881.101667 -611.604667 -300.511667 -295.133667 -719.873 -693.328 -740.281 -732.537
          -756.018333 -1117.95933 -1068.516 -1716.85333 -1558.99333 -951.509667 -931.007333 -563.699 -509.418333
          -664.062 -806.234667 -749.316667 -966.272333 -737.177 -1271.99767 -1194.731 -535.928667 -635.223667
          -613.349 -647.552 -775.633 -703.226333 -723.416333 -1077.62267 -613.985333 -574.637333 -658.289
          -634.175333 -1950.63033 -1759.38367 -708.912 -700.775333 223.582333 -223.046333 1157.89333 232.38
          -478.865 1122.98333 783.170333 415.255667 198.498667 -470.325 -1191.775 640.873 1290.74933
          1228.80267 1142.04367 506.806667 720.337333 1242.09667 328.483333 -313.73 -537.821667 -715.494667
          -398.729333 -552.930667 -1698.532 -1472.772 -1424.36867 -1062.26933 -950.37 -841.040333 -801.831333
          -774.821667 354.170667 -317.886 1108.08 1349.63667 270.355667 -174.584667 -35.4923333 320.879
          935.696 1024.265 -774.734 -764.868667 -862.197333 -745.114667 -687.246667 -803.625333 -623.522667
          -634.092 -1078.63233 -919.594 -1342.60333 -1456.26333 -1558.51667 -1558.14333 -1030.479 -1190.43333
          -1306.22333 -1570.52333 -1929.76333 -1688.9 -1767.28333 -1921.31667 -889.837 -1073.228 -1393.88333
          -1539.93 -921.694667 -281.027333 1936.43667 2178.76667 1484.19733 1437.12067 67.9054667 654.461133
          933.8138 -677.9152 -1226.19567 -1373.0362 -1225.6362 -1955.93333 -209.0922 668.681133 1179.02733
          1122.35867 1289.73867 705.216 -102.831333 -611.27 143.009333 -1433.22667 -1353.26 -1159.74
          -1323.33333 -1120.81833 -1204.445 -987.733667 -1149.60733 -861.904 -856.916 -1347.25667 -1355.36
          -1289.05667 -1230.68 -1050.638 -1014.418 -788.541 -858.591 -986.643 -1082.77633 -1025.687
          -1301.74333 -1431.98333 -1140.89733 -1322.09 -1006.75367 -1057.70633 -665.034 -739.097667 -691.964667
          -762.642667 -61.312 -541.374667 -187.003 -500.204 370.380333 763.304333 1417.55933 1707.856
          -1258.246 -1118.03333 -1656.69 -1619.02333 -938.371 -818.049667 -899.449333 -842.969 -762.237667
          -698.383333 -888.054 -888.067333 -763.144333 -969.337333 -1213.95667 -1105.16233 -784.839667 -799.528333
          -1044.21767 -1188.56733 -1026.24467 -942.875667 -794.714 -758.242333 -685.522333 -1046.59033 -1002.93167
          -1360.00333 -1209.97 -1471.85 -1462.25667 -1231.99633 -1264.75633 -1573.56667 -1451.92333 -954.628
          -797.420333 -407.991667 -1058.62567 1650.20267 1287.56933 856.984333 -40.7056667 -643.512667 -693.048667
          -722.66 -688.83 -664.253333 -680.595333 -803.925333 -755.177333 -831.444 -333.049667 -405.930667
          -898.475333 -795.753333 -764.331667 -657.621 -676.087 -664.275333 -637.344667 -645.167667 -617.772333
          -70.338 1006.04467 1356.30033 -32.4703333 600.773667 -123.643 -454.598 1255.02867 952.739667
        </DataArray>
        <DataArray type="Float32" Name="pressureCoeff" format="ascii">
          0.490181 0.592708333 0.662409667 0.601108333 0.410085 0.331169 -0.0990214 -0.100459033 -0.149924367
          -0.130005 -0.117657667 -0.129653 -0.115443667 -0.1153738 -0.123215133 -0.110953346 -0.080735413 -0.124485333
          -0.113168 -0.273978667 -0.276827 -0.231346667 -0.344181 -0.115173333 -0.109097 -0.358752667 -0.247479667
          -0.283715 -0.274785333 -0.114822333 -0.106862 -0.1056988 -0.1059678 -0.0999741667 -0.0969261333 -0.161664667
          -0.184187667 -0.153341333 -0.183331667 -0.164713333 -0.186525 -0.156215667 -0.185669 -0.173835333 -0.0872970333
          -0.238427 -0.369842667 -0.401585333 -0.284388667 0.586998 0.575355 0.1585614 0.311335667 0.1633263
          0.327743567 -0.173141667 -0.0724903667 -0.218622 -0.233694 -0.192303667 -0.244404667 0.342929667 0.380619667
          0.0870797867 0.166024653 0.104723233 0.2213581 0.542227333 0.445454333 0.498323333 0.677116667 -0.189907333
          -0.0832263667 -0.226142667 -0.235185 -0.194528 -0.245895667 0.07195302 0.154263987 0.0888147 0.250041667
          0.705084333 0.766385667 -0.205859667 -0.0765610333 -0.311267667 -0.287554 -0.236280333 -0.344181 0.129935433
          0.234146433 0.133918567 0.290998567 0.778704667 0.729046333 -0.189076333 -0.196555667 -0.168165 -0.189643333
          -0.193525333 -0.181408667 -0.1039217 -0.122178967 -0.0617493 -0.0154942 0.0188650333 -0.138249933 -0.111214633
          -0.161449667 -0.151302333 -0.165972333 -0.156205667 -0.140367333 -0.136828 -0.128941667 -0.116213667 -0.148373667
          -0.165988333 -0.0945546533 -0.0564183867 -0.0970894 -0.15945 -0.170511 -0.0816777667 -0.102057067 -0.136928667
          -0.141179333 -0.153187 -0.162896 -0.149848 -0.163079 -0.111575667 -0.122263 -0.0189065667 -0.0718419667
          -0.104131 -0.097866 -0.103258667 -0.0823423667 -0.168173667 -0.150823 -0.168356667 -0.157271 -0.163474667
          -0.193873333 -0.158812667 -0.184963 -0.180324333 -0.150744667 -0.119459 -0.131548667 -0.119919433 -0.109239567
          -0.117851346 -0.0669046663 -0.113061987 -0.214312333 -0.200873333 -0.178014333 -0.205402 -0.177957333 -0.181167
          -0.197284 -0.101048333 -0.138008267 -0.183171333 -0.160447 -0.176259 -0.152635333 -0.152701 -0.178280333
          -0.125050333 -0.114632333 -0.111493433 -0.121875767 -0.177053667 -0.201006 -0.243546 -0.241645333 -0.248292667
          -0.226241 -0.223315333 -0.237771 -0.295892333 -0.300244667 0.0234737333 -0.0213437333 -0.0262440333 0.0084341
          -0.130083667 -0.132815333 -0.177393333 -0.211574 -0.172138333 -0.209205 -0.107653 -0.110843333 -0.0263631133
          0.00444372 0.0220871667 0.0115720467 -0.130917667 -0.132916 -0.211828333 -0.178432667 -0.207335667 -0.168391
          -0.105405333 -0.102994 0.0172747 0.0155880667 -0.0270277133 0.00041302 -0.270022333 -0.289383667 -0.175344
          -0.218748667 -0.1739 -0.161890333 -0.229139333 -0.112605 -0.110053 -0.101129233 -0.103525433 0.0465152203
          0.002847487 -0.0174654333 0.042532087 0.0195931003 -0.129766467 -0.2072885 -0.219606833 -0.166566167 -0.208516833
          -0.1883333 -0.157591633 -0.1014385 -0.1035805 -0.0992267333 -0.0971280667 -0.108552017 0.164798983 -0.0426512467
          0.18402242 -0.564623667 -0.580908333 -0.561496667 -0.635275333 -0.568097667 -0.528809667 -0.616143333 -0.565368
          -0.529555667 -0.533855333 0.922912333 0.907976 0.71727 0.797227 0.780837667 0.687813667 0.888259333
          0.916262667 -0.589922333 -0.58458 -0.408206 -0.536209 -0.557760333 -0.577111667 -0.620380333 -0.478368333
          0.706015 0.814634 0.206347357 0.402856983 -0.505022 -0.525663 -0.485323333 -0.457155 -0.526407333
          -0.514539333 -0.445805333 -0.465200667 0.19423194 0.382600233 0.443099 0.635393667 0.729622667 0.481278667
          0.247748467 0.271274133 0.788131333 0.820655 -0.398235333 -0.419337667 -0.492617 -0.477806667 -0.453554
          -0.455808667 -0.442204333 -0.373631667 -0.411605 0.161213333 0.156832 -0.0846156667 -0.233188333 -0.245279333
          -0.108799333 0.137636667 0.161213333 0.125685133 0.362373667 0.332917333 0.0580426667 0.0408736667 0.0578723333
          -0.276948933 -0.0648121333 0.510858067 0.260657947 -0.535264 -0.531348333 -0.569615667 -0.56448 -0.392668453
          -0.260498453 -0.289889167 -0.2694894 -0.4346529 -0.377076233 -0.386493333 -0.43779 -0.322850867 -0.451279333
          -0.486961667 -0.312149667 -0.201124333 -0.502690667 -0.521305667 -0.556573667 -0.524990333 -0.556640333 -0.606623
          -0.613607667 -0.592374 -0.485169 -0.488003333 0.797958333 0.699827 0.132042853 0.374110853 0.67082
          0.481545333 0.535610333 0.467957 -0.472997333 -0.314294 -0.275287683 -0.36021235 -0.32752535 -0.16575931
          0.925564667 0.934526 0.886025667 0.869135667 0.860387667 0.884599 0.927876333 0.911593667 -0.18203948
          -0.197433813 -0.3380261 -0.194628767 -0.177874727 -0.359577433 -0.525574333 -0.545085667 -0.476448667 -0.467823333
          -0.428334 -0.405488 0.649663667 0.476564333 0.738864667 0.821077667 0.349891967 0.485022633 -0.206979367
          0.00913396667 0.846645667 0.802401333 -0.433322333 -0.422491 -0.0602022 -0.252263867 -0.299020533 -0.130484533
          -0.233188333 -0.344677333 -0.349665667 -0.245279333 -0.480858667 -0.296425533 -0.341596333 -0.487843333 -0.341766667
          -0.358765333 -0.0648121333 0.207706067 -0.19009772 -0.4245526 0.756249667 0.674944333 0.46744788 0.747501667
          0.1194715 0.148862213 0.368010433 0.139871267 -0.187336667 -0.386493333 0.167561333 0.0992598 0.491342667
          0.507325 -0.301262667 -0.182787667 0.253482967 -0.0149683667 -0.1772307 -0.260023367 -0.0755099 0.184408767
          -0.341069567 -0.248659233 -0.314249333 -0.347936667 -0.365982 -0.273029667 -0.285627 -0.267771333 -0.244297667
          -0.164674667 -0.190041333 -0.196114333 -0.15368 -0.183338 -0.223879333 -0.243125 -0.243401333 -0.234590333
          -0.282964667 -0.209025667 -0.23234 -0.295259667 -0.211764667 -0.256524333 -0.314210333 -0.1819008 -0.0592343333
          -0.0767664667 -0.1758841 -0.242664333 -0.229111333 -0.300974333 -0.369132 -0.397266333 0.424166333 0.438420333
          0.335016533 0.3859302 0.284948533 0.136849 0.0097872 -0.130257667 -0.0212418233 0.31812151 0.25313651
          0.383238 0.513390667 -0.193429667 -0.217373667 0.147723467 0.153643467 -0.211833 -0.216642333 -0.176504667
          -0.16834 -0.174374333 -0.172843333 -0.175089333 -0.204376 -0.217932 -0.213716 -0.296051 -0.303358667
          -0.230838667 -0.365343667 -0.355547333 -0.263016333 -0.235386667 -0.327565333 -0.288584333 -0.0862268233 -0.145068333
          -0.0412195333 -0.240858 -0.218117667 -0.229615333 -0.281199 -0.251694333 -0.297782 -0.193558333 -0.188062333
          -0.121844333 -0.155190333 -0.122070333 -0.148979333 -0.159968333 -0.150988333 -0.1199452 -0.150272667 -0.144489333
          -0.160002333 -0.1156602 -0.142959667 -0.234209 -0.198606 -0.246527 -0.211834667 -0.207042667 -0.210074333
          -0.235598333 -0.214498667 -0.201263333 -0.294931333 -0.346064667 -0.279972 -0.265014333 -0.250090333 -0.193233667
          -0.173901333 -0.326268667 -0.237564333 -0.218359333 -0.216831 -0.162906667 -0.206869333 -0.221873333 -0.247979333
          -0.00128556667 -0.1175741 0.2944509 0.161559433 0.0875488667 0.0723408 -0.123742533 -0.21127 0.0842878667
          0.234350233 -0.258751367 -0.0976970333 -0.0899941333 -0.249818467 -0.403266667 -0.335698 -0.330489 -0.111275067
          -0.155376 -0.0861496 -0.123813533 -0.0891123333 0.065345 0.239873 0.349438667 -0.149379 -0.0419694667
          0.274468333 0.117854867 -0.156671333 -0.118601867 -0.214807333 -0.205878 -0.121826333 -0.114316867 -0.143683
          -0.122052333 -0.0175441333 0.0554049333 0.0449464667 -0.0426696 0.204807467 0.219474467 -0.301213333 -0.296927667
          -0.266832667 -0.272130667 -0.206203 0.1025739 0.154334667 -0.046526 -0.173181 -0.200823667 -0.210295
          -0.204246667 -0.208721667 -0.395247 -0.293789667 -0.278070333 -0.271805333 -0.273353 -0.31434 -0.0870066667
          0.076147 0.28925807 0.20519165 -0.07525742 -0.0482102667 -0.272017933 -0.123476683 -0.196560597 0.3811824
          0.537273667 0.515906333 0.470823667 0.359491667 0.407396333 0.428763667 0.329691667 -0.265587 -0.251084
          -0.309651667 -0.275654333 -0.239665 -0.248234 -0.235231333 -0.232918667 -0.189688 -0.203428333 -0.248160667
          -0.232068 0.2461 0.031779 -0.081367 0.333814667 0.422657667 0.437783 0.462331667 -0.239511333
          -0.24956 -0.204055333 -0.225598667 -0.228035333 -0.259627333 -0.205642667 -0.21972 -0.168063 -0.148456333
          -0.193506333 -0.227422 -0.293349667 -0.292337333 -0.264905 -0.284733 -0.193108667 -0.195469333 -0.234362333
          -0.284733 -0.153008 -0.172562333 -0.240226 -0.246993 -0.212009333 -0.233080333 -0.196431667 -0.210735667
          -0.152410667 -0.168285 -0.147845 -0.141637667 -0.188452333 -0.209392667 -0.225112 -0.210060667 -0.204258333
          -0.188054667 -0.196681667 -0.19821 -0.284468333 -0.27978 -0.218183 -0.208133333 -0.212505 -0.238012333
          -0.230146 -0.246199 -0.262051667 -0.272579333 -0.274554667 -0.247026333 -0.274401 -0.271386667 -0.21119
          -0.236834333 -0.371195667 -0.351271 -0.234762333 -0.194373 -0.199412333 -0.198978667 -0.142683333 -0.166320667
          -0.14652 -0.187846667 0.280458067 0.253410913 0.0357134033 -0.12143693 -0.192394933 -0.335548667 -0.209114667
          -0.205122333 -0.181142333 -0.172989 -0.206407667 -0.202573 -0.164993333 -0.156682333 -0.0454245347 -0.108779333
          0.022651032 0.0996312333 0.254252567 0.3031759 -0.031406968 -0.0726801 0.161175 0.126467067 0.3169664
          0.0248536667 0.145634333 0.300255667 0.364304333 -0.156365667 -0.133292 -0.171943333 -0.163317667 -0.146488333
          -0.137128667 -0.147011 -0.141922667 -0.516883 -0.388773333 -0.546917333 -0.472253667 -0.180769 -0.183846667
          -0.501885333 -0.378695667 -0.0611294 -0.0856861333 -0.1039726 -0.0908929 -0.0934277333 -0.106119933 -0.0795927333
          -0.0554235 -0.318450667 -0.262090667 -0.157691333 -0.174220333 -0.108360967 -0.1094817 -0.108223033 -0.347123333
          -0.311727 -0.136845067 -0.200655067 -0.220795 -0.180089333 -0.2643224 -0.1560968 -0.356691667 -0.498686
          -0.1503909 -0.222539833 -0.609975333 -0.504057667 -0.610166333 -0.677834667 -0.571472 -0.609721333 0.0798732667
          0.189350567 -0.119226433 -0.0538914 0.317504667 0.319341333 0.360976 0.358384 0.326323333 0.339468
          -0.459741667 -0.358689333 -0.465493 -0.270408267 -0.368723933 -0.472253667 -0.378575667 -0.257566 -0.336753667
          -0.471851 -0.198541367 -0.2644127 -0.175001367 -0.239614033 -0.232301667 -0.21866 -0.285847333 -0.212988333
          -0.200305667 -0.176220667 -0.122320933 -0.0601023333 -0.0590270333 -0.143974933 -0.138665333 -0.148056 -0.146507333
          -0.151203667 -0.223592 -0.213703 -0.343370667 -0.311799 -0.190301667 -0.186201333 -0.112739633 -0.101883467
          -0.132812 -0.161246333 -0.149863167 -0.193254 -0.147435333 -0.254399333 -0.238946 -0.107185867 -0.127044733
          -0.12267 -0.129510333 -0.155126667 -0.140645333 -0.144683333 -0.215524667 -0.122797 -0.114927467 -0.131657667
          -0.126835 -0.390126 -0.351876667 -0.141782333 -0.140155 0.0447164 -0.0446092667 0.231578667 0.046476
          -0.095773 0.224596667 0.156634 0.0830510667 0.0396997667 -0.0940649 -0.238354933 0.128174633 0.2581499
          0.245760567 0.228408733 0.101361333 0.1440676 0.248419333 0.0656963333 -0.0627463333 -0.107564367 -0.143099
          -0.0797457667 -0.110586067 -0.339706667 -0.294554667 -0.284873667 -0.212453667 -0.190074 -0.168208 -0.160366
          -0.154964 0.070834 -0.0635776667 0.221616 0.269927333 0.0540710333 -0.034917 -0.0070984 0.0641759667
          0.187139367 0.204853033 -0.154946667 -0.152973667 -0.172439667 -0.149023333 -0.137449333 -0.160725 -0.124704667
          -0.126818333 -0.215726333 -0.183918667 -0.268520667 -0.291252667 -0.311703333 -0.311628333 -0.206096 -0.238087
          -0.261245 -0.314105333 -0.385953 -0.33778 -0.353456333 -0.384262667 -0.177967667 -0.214646 -0.278777
          -0.307986 -0.1843386 -0.0562054667 0.387287333 0.435753333 0.296839667 0.287424333 0.0135810633 0.13089223
          0.186763097 -0.135582737 -0.245238833 -0.27460657 -0.245126903 -0.391186667 -0.04181857 0.13373643 0.235805667
          0.2244724 0.257948067 0.1410432 -0.0205656 -0.122253667 0.028602 -0.286645 -0.270652 -0.231948
          -0.264666 -0.224164 -0.240889 -0.197546667 -0.229921667 -0.172380667 -0.171383 -0.269451667 -0.271072333
          -0.257811667 -0.246136333 -0.210128 -0.202884 -0.157708667 -0.171718667 -0.197329 -0.216555333 -0.205137667
          -0.260348667 -0.286396333 -0.228179 -0.264417333 -0.201350667 -0.211541333 -0.133006667 -0.147819667 -0.138392667
          -0.152528333 -0.0122621333 -0.108275 -0.0374004333 -0.100040633 0.0740762333 0.152661367 0.283512 0.341571
          -0.251649333 -0.223607 -0.331338333 -0.323805 -0.187674333 -0.163609667 -0.179890333 -0.168594 -0.152447667
          -0.139676667 -0.177611 -0.177613667 -0.152628667 -0.193867333 -0.242792 -0.221033 -0.156967667 -0.159905333
          -0.208843667 -0.237713667 -0.205249 -0.188575 -0.158942667 -0.151648333 -0.137104333 -0.209318333 -0.200586667
          -0.272000667 -0.241994 -0.29437 -0.292451333 -0.246399333 -0.252951333 -0.314713667 -0.290385 -0.190925667
          -0.159484 -0.0815983667 -0.211725167 0.330041 0.257514667 0.171396733 -0.00814126667 -0.128702667 -0.138609667
          -0.144532 -0.137766 -0.132850667 -0.136119 -0.160785 -0.151035333 -0.166289 -0.0666096333 -0.0811859667
          -0.179694667 -0.159150333 -0.152866333 -0.131524333 -0.135217333 -0.132855 -0.127469 -0.129033667 -0.1235546
          -0.0140677 0.201208633 0.271259733 -0.0064939 0.1201551 -0.0247287 -0.0909196 0.251005733 0.190547633
        </DataArray>
        <DataArray type="Float32" Name="pressureCoeffAbs" format="ascii">
          0.490181 0.592708333 0.662409667 0.601108333 0.410085 0.331169 0.0990214 0.100459033 0.149924367
          0.130005 0.117657667 0.129653 0.115443667 0.1153738 0.123215133 0.110953346 0.080735413 0.124485333
          0.113168 0.273978667 0.276827 0.231346667 0.344181 0.115173333 0.109097 0.358752667 0.247479667
          0.283715 0.274785333 0.114822333 0.106862 0.1056988 0.1059678 0.0999741667 0.0969261333 0.161664667
          0.184187667 0.153341333 0.183331667 0.164713333 0.186525 0.156215667 0.185669 0.173835333 0.0872970333
          0.238427 0.369842667 0.401585333 0.284388667 0.586998 0.575355 0.1585614 0.311335667 0.1633263
          0.327743567 0.173141667 0.0724903667 0.218622 0.233694 0.192303667 0.244404667 0.342929667 0.380619667
          0.0870797867 0.166024653 0.104723233 0.2213581 0.542227333 0.445454333 0.498323333 0.677116667 0.189907333
          0.0832263667 0.226142667 0.235185 0.194528 0.245895667 0.07195302 0.154263987 0.0888147 0.250041667
          0.705084333 0.766385667 0.205859667 0.0765610333 0.311267667 0.287554 0.236280333 0.344181 0.129935433
          0.234146433 0.133918567 0.290998567 0.778704667 0.729046333 0.189076333 0.196555667 0.168165 0.189643333
          0.193525333 0.181408667 0.1039217 0.122178967 0.0617493 0.0154942 0.0188650333 0.138249933 0.111214633
          0.161449667 0.151302333 0.165972333 0.156205667 0.140367333 0.136828 0.128941667 0.116213667 0.148373667
          0.165988333 0.0945546533 0.0564183867 0.0970894 0.15945 0.170511 0.0816777667 0.102057067 0.136928667
          0.141179333 0.153187 0.162896 0.149848 0.163079 0.111575667 0.122263 0.0189065667 0.0718419667
          0.104131 0.097866 0.103258667 0.0823423667 0.168173667 0.150823 0.168356667 0.157271 0.163474667
          0.193873333 0.158812667 0.184963 0.180324333 0.150744667 0.119459 0.131548667 0.119919433 0.109239567
          0.117851346 0.0669046663 0.113061987 0.214312333 0.200873333 0.178014333 0.205402 0.177957333 0.181167
          0.197284 0.101048333 0.138008267 0.183171333 0.160447 0.176259 0.152635333 0.152701 0.178280333
          0.125050333 0.114632333 0.111493433 0.121875767 0.177053667 0.201006 0.243546 0.241645333 0.248292667
          0.226241 0.223315333 0.237771 0.295892333 0.300244667 0.0234737333 0.0213437333 0.0262440333 0.0084341
          0.130083667 0.132815333 0.177393333 0.211574 0.172138333 0.209205 0.107653 0.110843333 0.0263631133
          0.00444372 0.0220871667 0.0115720467 0.130917667 0.132916 0.211828333 0.178432667 0.207335667 0.168391
          0.105405333 0.102994 0.0172747 0.0155880667 0.0270277133 0.00041302 0.270022333 0.289383667 0.175344
          0.218748667 0.1739 0.161890333 0.229139333 0.112605 0.110053 0.101129233 0.103525433 0.0465152203
          0.002847487 0.0174654333 0.042532087 0.0195931003 0.129766467 0.2072885 0.219606833 0.166566167 0.208516833
          0.1883333 0.157591633 0.1014385 0.1035805 0.0992267333 0.0971280667 0.108552017 0.164798983 0.0426512467
          0.18402242 0.564623667 0.580908333 0.561496667 0.635275333 0.568097667 0.528809667 0.616143333 0.565368
          0.529555667 0.533855333 0.922912333 0.907976 0.71727 0.797227 0.780837667 0.687813667 0.888259333
          0.916262667 0.589922333 0.58458 0.408206 0.536209 0.557760333 0.577111667 0.620380333 0.478368333
          0.706015 0.814634 0.206347357 0.402856983 0.505022 0.525663 0.485323333 0.457155 0.526407333
          0.514539333 0.445805333 0.465200667 0.19423194 0.382600233 0.443099 0.635393667 0.729622667 0.481278667
          0.247748467 0.271274133 0.788131333 0.820655 0.398235333 0.419337667 0.492617 0.477806667 0.453554
          0.455808667 0.442204333 0.373631667 0.411605 0.161213333 0.156832 0.0846156667 0.233188333 0.245279333
          0.108799333 0.137636667 0.161213333 0.125685133 0.362373667 0.332917333 0.0580426667 0.0408736667 0.0578723333
          0.276948933 0.0648121333 0.510858067 0.260657947 0.535264 0.531348333 0.569615667 0.56448 0.392668453
          0.260498453 0.289889167 0.2694894 0.4346529 0.377076233 0.386493333 0.43779 0.322850867 0.451279333
          0.486961667 0.312149667 0.201124333 0.502690667 0.521305667 0.556573667 0.524990333 0.556640333 0.606623
          0.613607667 0.592374 0.485169 0.488003333 0.797958333 0.699827 0.132042853 0.374110853 0.67082
          0.481545333 0.535610333 0.467957 0.472997333 0.314294 0.275287683 0.36021235 0.32752535 0.16575931
          0.925564667 0.934526 0.886025667 0.869135667 0.860387667 0.884599 0.927876333 0.911593667 0.18203948
          0.197433813 0.3380261 0.194628767 0.177874727 0.359577433 0.525574333 0.545085667 0.476448667 0.467823333
          0.428334 0.405488 0.649663667 0.476564333 0.738864667 0.821077667 0.349891967 0.485022633 0.206979367
          0.00913396667 0.846645667 0.802401333 0.433322333 0.422491 0.0602022 0.252263867 0.299020533 0.130484533
          0.233188333 0.344677333 0.349665667 0.245279333 0.480858667 0.296425533 0.341596333 0.487843333 0.341766667
          0.358765333 0.0648121333 0.207706067 0.19009772 0.4245526 0.756249667 0.674944333 0.46744788 0.747501667
          0.1194715 0.148862213 0.368010433 0.139871267 0.187336667 0.386493333 0.167561333 0.0992598 0.491342667
          0.507325 0.301262667 0.182787667 0.253482967 0.0149683667 0.1772307 0.260023367 0.0755099 0.184408767
          0.341069567 0.248659233 0.314249333 0.347936667 0.365982 0.273029667 0.285627 0.267771333 0.244297667
          0.164674667 0.190041333 0.196114333 0.15368 0.183338 0.223879333 0.243125 0.243401333 0.234590333
          0.282964667 0.209025667 0.23234 0.295259667 0.211764667 0.256524333 0.314210333 0.1819008 0.0592343333
          0.0767664667 0.1758841 0.242664333 0.229111333 0.300974333 0.369132 0.397266333 0.424166333 0.438420333
          0.335016533 0.3859302 0.284948533 0.136849 0.0097872 0.130257667 0.0212418233 0.31812151 0.25313651
          0.383238 0.513390667 0.193429667 0.217373667 0.147723467 0.153643467 0.211833 0.216642333 0.176504667
          0.16834 0.174374333 0.172843333 0.175089333 0.204376 0.217932 0.213716 0.296051 0.303358667
          0.230838667 0.365343667 0.355547333 0.263016333 0.235386667 0.327565333 0.288584333 0.0862268233 0.145068333
          0.0412195333 0.240858 0.218117667 0.229615333 0.281199 0.251694333 0.297782 0.193558333 0.188062333
          0.121844333 0.155190333 0.122070333 0.148979333 0.159968333 0.150988333 0.1199452 0.150272667 0.144489333
          0.160002333 0.1156602 0.142959667 0.234209 0.198606 0.246527 0.211834667 0.207042667 0.210074333
          0.235598333 0.214498667 0.201263333 0.294931333 0.346064667 0.279972 0.265014333 0.250090333 0.193233667
          0.173901333 0.326268667 0.237564333 0.218359333 0.216831 0.162906667 0.206869333 0.221873333 0.247979333
          0.00128556667 0.1175741 0.2944509 0.161559433 0.0875488667 0.0723408 0.123742533 0.21127 0.0842878667
          0.234350233 0.258751367 0.0976970333 0.0899941333 0.249818467 0.403266667 0.335698 0.330489 0.111275067
          0.155376 0.0861496 0.123813533 0.0891123333 0.065345 0.239873 0.349438667 0.149379 0.0419694667
          0.274468333 0.117854867 0.156671333 0.118601867 0.214807333 0.205878 0.121826333 0.114316867 0.143683
          0.122052333 0.0175441333 0.0554049333 0.0449464667 0.0426696 0.204807467 0.219474467 0.301213333 0.296927667
          0.266832667 0.272130667 0.206203 0.1025739 0.154334667 0.046526 0.173181 0.200823667 0.210295
          0.204246667 0.208721667 0.395247 0.293789667 0.278070333 0.271805333 0.273353 0.31434 0.0870066667
          0.076147 0.28925807 0.20519165 0.07525742 0.0482102667 0.272017933 0.123476683 0.196560597 0.3811824
          0.537273667 0.515906333 0.470823667 0.359491667 0.407396333 0.428763667 0.329691667 0.265587 0.251084
          0.309651667 0.275654333 0.239665 0.248234 0.235231333 0.232918667 0.189688 0.203428333 0.248160667
          0.232068 0.2461 0.031779 0.081367 0.333814667 0.422657667 0.437783 0.462331667 0.239511333
          0.24956 0.204055333 0.225598667 0.228035333 0.259627333 0.205642667 0.21972 0.168063 0.148456333
          0.193506333 0.227422 0.293349667 0.292337333 0.264905 0.284733 0.193108667 0.195469333 0.234362333
          0.284733 0.153008 0.172562333 0.240226 0.246993 0.212009333 0.233080333 0.196431667 0.210735667
          0.152410667 0.168285 0.147845 0.141637667 0.188452333 0.209392667 0.225112 0.210060667 0.204258333
          0.188054667 0.196681667 0.19821 0.284468333 0.27978 0.218183 0.208133333 0.212505 0.238012333
          0.230146 0.246199 0.262051667 0.272579333 0.274554667 0.247026333 0.274401 0.271386667 0.21119
          0.236834333 0.371195667 0.351271 0.234762333 0.194373 0.199412333 0.198978667 0.142683333 0.166320667
          0.14652 0.187846667 0.280458067 0.253410913 0.0357134033 0.12143693 0.192394933 0.335548667 0.209114667
          0.205122333 0.181142333 0.172989 0.206407667 0.202573 0.164993333 0.156682333 0.0454245347 0.108779333
          0.022651032 0.0996312333 0.254252567 0.3031759 0.031406968 0.0726801 0.161175 0.126467067 0.3169664
          0.0248536667 0.145634333 0.300255667 0.364304333 0.156365667 0.133292 0.171943333 0.163317667 0.146488333
          0.137128667 0.147011 0.141922667 0.516883 0.388773333 0.546917333 0.472253667 0.180769 0.183846667
          0.501885333 0.378695667 0.0611294 0.0856861333 0.1039726 0.0908929 0.0934277333 0.106119933 0.0795927333
          0.0554235 0.318450667 0.262090667 0.157691333 0.174220333 0.108360967 0.1094817 0.108223033 0.347123333
          0.311727 0.136845067 0.200655067 0.220795 0.180089333 0.2643224 0.1560968 0.356691667 0.498686
          0.1503909 0.222539833 0.609975333 0.504057667 0.610166333 0.677834667 0.571472 0.609721333 0.0798732667
          0.189350567 0.119226433 0.0538914 0.317504667 0.319341333 0.360976 0.358384 0.326323333 0.339468
          0.459741667 0.358689333 0.465493 0.270408267 0.368723933 0.472253667 0.378575667 0.257566 0.336753667
          0.471851 0.198541367 0.2644127 0.175001367 0.239614033 0.232301667 0.21866 0.285847333 0.212988333
          0.200305667 0.176220667 0.122320933 0.0601023333 0.0590270333 0.143974933 0.138665333 0.148056 0.146507333
          0.151203667 0.223592 0.213703 0.343370667 0.311799 0.190301667 0.186201333 0.112739633 0.101883467
          0.132812 0.161246333 0.149863167 0.193254 0.147435333 0.254399333 0.238946 0.107185867 0.127044733
          0.12267 0.129510333 0.155126667 0.140645333 0.144683333 0.215524667 0.122797 0.114927467 0.131657667
          0.126835 0.390126 0.351876667 0.141782333 0.140155 0.0447164 0.0446092667 0.231578667 0.046476
          0.095773 0.224596667 0.156634 0.0830510667 0.0396997667 0.0940649 0.238354933 0.128174633 0.2581499
          0.245760567 0.228408733 0.101361333 0.1440676 0.248419333 0.0656963333 0.0627463333 0.107564367 0.143099
          0.0797457667 0.110586067 0.339706667 0.294554667 0.284873667 0.212453667 0.190074 0.168208 0.160366
          0.154964 0.070834 0.0635776667 0.221616 0.269927333 0.0540710333 0.034917 0.0070984 0.0641759667
          0.187139367 0.204853033 0.154946667 0.152973667 0.172439667 0.149023333 0.137449333 0.160725 0.124704667
          0.126818333 0.215726333 0.183918667 0.268520667 0.291252667 0.311703333 0.311628333 0.206096 0.238087
          0.261245 0.314105333 0.385953 0.33778 0.353456333 0.384262667 0.177967667 0.214646 0.278777
          0.307986 0.1843386 0.0562054667 0.387287333 0.435753333 0.296839667 0.287424333 0.0135810633 0.13089223
          0.186763097 0.135582737 0.245238833 0.27460657 0.245126903 0.391186667 0.04181857 0.13373643 0.235805667
          0.2244724 0.257948067 0.1410432 0.0205656 0.122253667 0.028602 0.286645 0.270652 0.231948
          0.264666 0.224164 0.240889 0.197546667 0.229921667 0.172380667 0.171383 0.269451667 0.271072333
          0.257811667 0.246136333 0.210128 0.202884 0.157708667 0.171718667 0.197329 0.216555333 0.205137667
          0.260348667 0.286396333 0.228179 0.264417333 0.201350667 0.211541333 0.133006667 0.147819667 0.138392667
          0.152528333 0.0122621333 0.108275 0.0374004333 0.100040633 0.0740762333 0.152661367 0.283512 0.341571
          0.251649333 0.223607 0.331338333 0.323805 0.187674333 0.163609667 0.179890333 0.168594 0.152447667
          0.139676667 0.177611 0.177613667 0.152628667 0.193867333 0.242792 0.221033 0.156967667 0.159905333
          0.208843667 0.237713667 0.205249 0.188575 0.158942667 0.151648333 0.137104333 0.209318333 0.200586667
          0.272000667 0.241994 0.29437 0.292451333 0.246399333 0.252951333 0.314713667 0.290385 0.190925667
          0.159484 0.0815983667 0.211725167 0.330041 0.257514667 0.171396733 0.00814126667 0.128702667 0.138609667
          0.144532 0.137766 0.132850667 0.136119 0.160785 0.151035333 0.166289 0.0666096333 0.0811859667
          0.179694667 0.159150333 0.152866333 0.131524333 0.135217333 0.132855 0.127469 0.129033667 0.1235546
          0.0140677 0.201208633 0.271259733 0.0064939 0.1201551 0.0247287 0.0909196 0.251005733 0.190547633
        </DataArray>
        <DataArray type="Float32" Name="pressurePa" format="ascii">
          3002.35667 3630.33667 4057.25667 3681.78667 2511.77 2028.41 -606.505667 -615.311 -918.287667
          -796.280333 -720.651667 -794.124333 -707.093 -706.665333 -754.692333 -679.587037 -494.502703 -762.471333
          -693.152667 -1678.12 -1695.56667 -1417 -2108.11 -705.435333 -668.217667 -2197.36 -1515.81333
          -1737.75667 -1683.06 -703.286 -654.53 -647.405 -649.052333 -612.341333 -593.672333 -990.197333
          -1128.15 -939.216667 -1122.90833 -1008.867 -1142.46333 -956.819333 -1137.22167 -1064.74067 -534.694
          -1460.36333 -2265.28667 -2459.71 -1741.87667 3595.36 3524.04667 971.186667 1906.92867 1000.37167
          2007.427 -1060.49367 -444.003667 -1339.06033 -1431.377 -1177.86033 -1496.98067 2100.44333 2331.29333
          533.363433 1016.90077 641.429667 1355.817 3321.14 2728.40667 3052.23 4147.33667 -1163.18367
          -509.760333 -1385.127 -1440.51033 -1191.48567 -1506.114 440.712767 944.867433 543.990667 1531.50533
          4318.64 4694.11 -1260.89067 -468.937333 -1906.51333 -1761.26667 -1447.21667 -2108.11 795.856
          1434.147 820.252667 1782.367 4769.56333 4465.40667 -1158.09333 -1203.90333 -1030.012 -1161.56667
          -1185.34333 -1111.13 -636.52 -748.346333 -378.214333 -94.902 115.548333 -846.783333 -681.191
          -988.881333 -926.728667 -1016.58133 -956.759667 -859.749 -838.069 -789.766333 -711.806667 -908.788667
          -1016.68033 -579.145467 -345.5618 -594.671 -976.629667 -1044.38033 -500.276667 -625.099 -838.685333
          -864.721667 -938.269667 -997.736 -917.82 -998.859333 -683.401667 -748.86 -115.802667 -440.032667
          -637.802667 -599.428333 -632.459 -504.347333 -1030.061 -923.788667 -1031.18433 -963.286333 -1001.283
          -1187.477 -972.728667 -1132.90033 -1104.486 -923.308333 -731.686 -805.735333 -734.504333 -669.091333
          -721.837037 -409.78917 -692.5018 -1312.66333 -1230.34667 -1090.33367 -1258.08667 -1089.986 -1109.64667
          -1208.36333 -618.919333 -845.3 -1121.92367 -982.736333 -1079.587 -934.891 -935.291667 -1091.966
          -765.931 -702.121 -682.897 -746.487667 -1084.454 -1231.164 -1491.71667 -1480.07667 -1520.79333
          -1385.72333 -1367.80733 -1456.34733 -1812.34067 -1838.99733 143.776667 -130.730333 -160.744667 51.659
          -796.762 -813.493 -1086.53367 -1295.89067 -1054.34767 -1281.38067 -659.372667 -678.914333 -161.474233
          27.2177667 135.284 70.8788667 -801.870333 -814.109333 -1297.44967 -1092.90133 -1269.92967 -1031.39467
          -645.608 -630.838667 105.807667 95.477 -165.5449 2.52976667 -1653.884 -1772.474 -1073.98233
          -1339.834 -1065.13767 -991.578667 -1403.47833 -689.704333 -674.073 -619.417 -634.094667 284.905963
          17.4409633 -106.975667 260.509297 120.00783 -794.817333 -1269.639 -1345.089 -1020.21733 -1277.16233
          -1153.53833 -965.248667 -621.309667 -634.430667 -607.764667 -594.909333 -664.882067 1009.3946 -261.239933
          1127.13673 -3458.32 -3558.06333 -3439.16667 -3891.06333 -3479.6 -3238.96 -3773.88 -3462.88
          -3243.53333 -3269.87 5652.83333 5561.35 4393.27667 4883.01333 4782.62667 4212.85333 5440.58333
          5612.10333 -3613.27333 -3580.55333 -2500.262 -3284.28 -3416.28333 -3534.81 -3799.83 -2930.00533
          4324.34 4989.63 1263.87537 2467.49727 -3093.26333 -3219.68667 -2972.60667 -2800.07333 -3224.24667
          -3151.55667 -2730.55667 -2849.35667 1189.66843 2343.42367 2713.98 3891.78333 4468.93667 2947.83067
          1517.457 1661.553 4827.3 5026.50667 -2439.19333 -2568.44667 -3017.28333 -2926.56667 -2778.01667
          -2791.83 -2708.5 -2288.49667 -2521.08333 987.43 960.593333 -518.273333 -1428.28 -1502.33667
          -666.396667 843.023333 987.43 769.822667 2219.53867 2039.11533 355.508667 250.346667 354.464667
          -1696.312 -396.974 3129.00733 1596.53027 -3278.49 -3254.50667 -3488.89667 -3457.44 -2405.09373
          -1595.55073 -1775.569 -1650.621 -2662.249 -2309.59233 -2367.27333 -2681.46667 -1977.46267 -2764.08667
          -2982.64333 -1911.918 -1231.88467 -3078.98 -3193 -3409.01333 -3215.56667 -3409.42 -3715.56667
          -3758.34667 -3628.29 -2971.66 -2989.01667 4887.49333 4286.43667 808.761067 2291.4264 4108.77
          2949.46733 3280.614 2866.23733 -2897.10933 -1925.05267 -1686.1394 -2206.2994 -2006.09273 -1015.27797
          5669.08333 5723.97 5426.90667 5323.45667 5269.87667 5418.17 5683.24 5583.51 -1114.9936
          -1209.28227 -2070.40967 -1192.103 -1089.4849 -2202.413 -3219.14667 -3338.65 -2918.24667 -2865.42
          -2623.54667 -2483.61667 3979.19 2918.95667 4525.54667 5029.1 2143.08867 2970.76533 -1267.748
          55.9453333 5185.70333 4914.70667 -2654.1 -2587.76 -368.737 -1545.117 -1831.50367 -799.219667
          -1428.28 -2111.15 -2141.70333 -1502.33667 -2945.26133 -1815.60733 -2092.278 -2988.04133 -2093.322
          -2197.44 -396.974 1272.20133 -1164.34973 -2600.386 4632.03 4134.03333 2863.1196 4578.45
          731.764333 911.7826 2254.06433 856.712333 -1147.43933 -2367.27333 1026.314 607.967333 3009.472
          3107.36533 -1845.23467 -1119.573 1552.584 -91.681 -1085.53633 -1592.64133 -462.497 1129.503
          -2089.049 -1523.03567 -1924.78 -2131.11333 -2241.64 -1672.30667 -1749.46667 -1640.1 -1496.32
          -1008.63167 -1164.00333 -1201.19867 -941.290333 -1122.94633 -1371.263 -1489.14 -1490.83333 -1436.86667
          -1733.15667 -1280.28 -1423.07867 -1808.46333 -1297.058 -1571.21333 -1924.54 -1114.14033 -362.809333
          -470.196333 -1077.29167 -1486.317 -1403.30367 -1843.46667 -2260.93 -2433.25 2598.01833 2685.325
          2051.97967 2363.823 1745.30967 838.200667 59.9496667 -797.823333 -130.1023 1948.4977 1550.4617
          2347.334 3144.52 -1184.755 -1331.41333 904.806 941.066333 -1297.47667 -1326.93667 -1081.09
          -1031.08 -1068.04333 -1058.66733 -1072.424 -1251.80367 -1334.83367 -1309.01333 -1813.31333 -1858.07333
          -1413.88667 -2237.73 -2177.72667 -1610.97167 -1441.74167 -2006.33333 -1767.57667 -528.1383 -888.542667
          -252.470667 -1475.25567 -1335.97233 -1406.39667 -1722.34667 -1541.63 -1823.91667 -1185.54733 -1151.884
          -746.295 -950.539667 -747.679667 -912.497667 -979.807333 -924.803667 -734.664667 -920.421333 -884.997
          -980.016333 -708.417667 -875.627667 -1434.532 -1216.46333 -1509.98133 -1297.49133 -1268.13967 -1286.70533
          -1443.03867 -1313.802 -1232.73867 -1806.45667 -2119.64667 -1714.83 -1623.21 -1531.80333 -1183.55333
          -1065.145 -1998.39667 -1455.08333 -1337.452 -1328.08867 -997.803667 -1267.07533 -1358.97667 -1518.87333
          -7.875 -720.142 1803.51167 989.552 536.236667 443.087333 -757.922667 -1294.027 516.262
          1435.39333 -1584.85133 -598.393 -551.212667 -1530.13433 -2470.00333 -2056.14667 -2024.24333 -681.56
          -951.678333 -527.665667 -758.357333 -545.813667 400.236333 1469.222 2140.312 -914.944667 -257.062333
          1681.117 721.859333 -959.613667 -726.437 -1315.69633 -1261.003 -746.185333 -700.19 -880.058
          -747.57 -107.458 339.354667 275.296 -261.352333 1254.446 1344.28167 -1844.93 -1818.68
          -1634.34667 -1666.79667 -1262.99 628.265667 945.300333 -284.969667 -1060.733 -1230.04333 -1288.05333
          -1251.00967 -1278.41967 -2420.88667 -1799.46 -1703.18 -1664.80667 -1674.28667 -1925.33 -532.914667
          466.398667 1771.70527 1256.79983 -460.950767 -295.287 -1666.10833 -756.2935 -1203.9314 2334.745
          3290.80333 3159.92667 2883.79667 2201.885 2495.30167 2626.17833 2019.36167 -1626.72 -1537.89
          -1896.61667 -1688.38333 -1467.94333 -1520.43 -1440.79333 -1426.62667 -1161.838 -1245.998 -1519.98
          -1421.41333 1507.36167 194.648333 -498.37 2044.61333 2588.77667 2681.42 2831.78 -1467.00667
          -1528.55333 -1249.84 -1381.79333 -1396.71667 -1590.21667 -1259.56333 -1345.78333 -1029.39 -909.296333
          -1185.22333 -1392.95667 -1796.76333 -1790.56333 -1622.54 -1743.98667 -1182.78667 -1197.24667 -1435.46667
          -1743.98667 -937.171433 -1056.9421 -1471.38333 -1512.83333 -1298.55667 -1427.62 -1203.14133 -1290.75467
          -933.515667 -1030.74433 -905.552333 -867.530667 -1154.27 -1282.53 -1378.81 -1286.62 -1251.08
          -1151.83333 -1204.67633 -1214.03633 -1742.36667 -1713.65333 -1336.37333 -1274.81333 -1301.59 -1457.82333
          -1409.64333 -1507.97 -1605.06667 -1669.54667 -1681.64667 -1513.03333 -1680.70333 -1662.24333 -1293.54
          -1450.61 -2273.57 -2151.53333 -1437.91667 -1190.53233 -1221.399 -1218.74233 -873.936 -1018.71367
          -897.434667 -1150.559 1717.80633 1552.14257 218.742267 -743.801067 -1178.41767 -2055.23267 -1280.82967
          -1256.37633 -1109.49967 -1059.55833 -1264.24633 -1240.75967 -1010.58633 -959.678333 -278.225543 -666.2731
          138.737457 610.243233 1557.29867 1856.952 -192.36811 -445.165333 987.200667 774.612333 1941.42167
          152.2319 892.014567 1839.07 2231.36667 -957.737 -816.412667 -1053.15233 -1000.321 -897.240333
          -839.911333 -900.441 -869.277 -3165.91 -2381.23667 -3349.87 -2892.55333 -1107.20933 -1126.059
          -3074.05 -2319.51333 -374.417667 -524.827667 -636.833333 -556.719667 -572.246 -649.986333 -487.505667
          -339.469 -1950.51 -1605.30633 -965.861 -1067.09933 -663.711333 -670.575667 -662.865667 -2126.13
          -1909.32667 -838.176333 -1229.013 -1352.37033 -1103.047 -1618.977 -956.094 -2184.73667 -3054.45333
          -921.145333 -1363.05833 -3736.1 -3087.35333 -3737.26667 -4151.73667 -3500.26667 -3734.54333 489.222333
          1159.772 -730.262333 -330.085333 1944.71667 1955.96333 2210.98 2195.10333 1998.73 2079.24333
          -2815.92 -2196.97667 -2851.14667 -1656.25067 -2258.434 -2892.55333 -2318.77667 -1577.59167 -2062.61667
          -2890.09 -1216.06667 -1619.528 -1071.88333 -1467.63467 -1422.84967 -1339.29633 -1750.815 -1304.55367
          -1226.87267 -1079.352 -749.215 -368.126667 -361.540667 -881.846 -849.326667 -906.845667 -897.357
          -926.121667 -1369.49967 -1308.933 -2103.14333 -1909.76667 -1165.59967 -1140.484 -690.531 -624.037333
          -813.476 -987.635 -917.913667 -1183.682 -903.041667 -1558.19633 -1463.545 -656.512667 -778.149
          -751.352667 -793.251333 -950.151667 -861.453333 -886.186333 -1320.08833 -752.132 -703.931 -806.404333
          -776.865 -2389.52433 -2155.24767 -868.417667 -858.450333 273.888333 -273.232667 1418.418 284.664667
          -586.612 1375.65133 959.382333 508.687 243.159667 -576.148 -1459.925 785.069333 1581.16867
          1505.28533 1399.004 620.839 882.414 1521.56933 402.392667 -384.32 -658.831333 -876.482333
          -488.443333 -677.34 -2080.70667 -1804.15 -1744.85333 -1301.281 -1164.20333 -1030.27433 -982.244
          -949.157333 433.859667 -389.410333 1357.39933 1653.306 331.186333 -213.866 -43.478 393.076667
          1146.22833 1254.726 -949.048 -936.963 -1056.19367 -912.767333 -841.876333 -984.440333 -763.815
          -776.762333 -1321.32667 -1126.504 -1644.68667 -1783.91667 -1909.17667 -1908.72 -1262.33767 -1458.28333
          -1600.12667 -1923.89667 -2363.96333 -2068.90333 -2164.92 -2353.61 -1090.052 -1314.70767 -1707.50333
          -1886.41 -1129.07267 -344.257 2372.13333 2668.99 1818.14267 1760.47267 83.1839333 801.714933
          1143.9226 -830.445067 -1502.08767 -1681.9674 -1501.40407 -2396.02 -256.138067 819.135267 1444.30933
          1374.89067 1579.93067 863.889667 -125.966 -748.803333 175.187 -1755.7 -1657.74333 -1420.68333
          -1621.08 -1373.00667 -1475.44667 -1209.97 -1408.26667 -1055.83 -1049.72 -1650.39 -1660.31667
          -1579.09667 -1507.58333 -1287.03433 -1242.66433 -965.964667 -1051.77633 -1208.63867 -1326.40333 -1256.47
          -1594.63333 -1754.17667 -1397.59667 -1619.55667 -1233.272 -1295.68867 -814.666667 -905.396 -847.656667
          -934.236 -75.1063333 -663.183 -229.077667 -612.747667 453.716 935.049333 1736.51033 2092.12367
          -1541.35333 -1369.59333 -2029.45 -1983.30667 -1149.50633 -1002.10967 -1101.82967 -1032.63967 -933.739667
          -855.519667 -1087.86633 -1087.87967 -934.851 -1187.43833 -1487.1 -1353.82667 -961.429 -979.421667
          -1279.16667 -1455.99667 -1257.15333 -1155.025 -973.525667 -928.845 -839.764333 -1282.07333 -1228.59
          -1666 -1482.21333 -1803.01333 -1791.26 -1509.19333 -1549.32667 -1927.62333 -1778.61 -1169.421
          -976.84 -499.788667 -1296.81433 2021.50033 1577.27367 1049.805 -49.865 -788.304 -848.985
          -885.258667 -843.817 -813.710333 -833.729667 -984.809 -925.091333 -1018.51933 -407.985667 -497.263667
          -1100.63 -974.796667 -936.305333 -805.586 -828.206667 -813.737333 -780.747333 -790.330667 -756.771
          -86.163 1232.40367 1661.46567 -39.776 735.949333 -151.461667 -556.881667 1537.41033 1167.105
        </DataArray>
        <DataArray type="Float32" Name="pressurePaAbs" format="ascii">
          3002.35667 3630.33667 4057.25667 3681.78667 2511.77 2028.41 606.505667 615.311 918.287667
          796.280333 720.651667 794.124333 707.093 706.665333 754.692333 679.587037 494.502703 762.471333
          693.152667 1678.12 1695.56667 1417 2108.11 705.435333 668.217667 2197.36 1515.81333
          1737.75667 1683.06 703.286 654.53 647.405 649.052333 612.341333 593.672333 990.197333
          1128.15 939.216667 1122.90833 1008.867 1142.46333 956.819333 1137.22167 1064.74067 534.694
          1460.36333 2265.28667 2459.71 1741.87667 3595.36 3524.04667 971.186667 1906.92867 1000.37167
          2007.427 1060.49367 444.003667 1339.06033 1431.377 1177.86033 1496.98067 2100.44333 2331.29333
          533.363433 1016.90077 641.429667 1355.817 3321.14 2728.40667 3052.23 4147.33667 1163.18367
          509.760333 1385.127 1440.51033 1191.48567 1506.114 440.712767 944.867433 543.990667 1531.50533
          4318.64 4694.11 1260.89067 468.937333 1906.51333 1761.26667 1447.21667 2108.11 795.856
          1434.147 820.252667 1782.367 4769.56333 4465.40667 1158.09333 1203.90333 1030.012 1161.56667
          1185.34333 1111.13 636.52 748.346333 378.214333 94.902 115.548333 846.783333 681.191
          988.881333 926.728667 1016.58133 956.759667 859.749 838.069 789.766333 711.806667 908.788667
          1016.68033 579.145467 345.5618 594.671 976.629667 1044.38033 500.276667 625.099 838.685333
          864.721667 938.269667 997.736 917.82 998.859333 683.401667 748.86 115.802667 440.032667
          637.802667 599.428333 632.459 504.347333 1030.061 923.788667 1031.18433 963.286333 1001.283
          1187.477 972.728667 1132.90033 1104.486 923.308333 731.686 805.735333 734.504333 669.091333
          721.837037 409.78917 692.5018 1312.66333 1230.34667 1090.33367 1258.08667 1089.986 1109.64667
          1208.36333 618.919333 845.3 1121.92367 982.736333 1079.587 934.891 935.291667 1091.966
          765.931 702.121 682.897 746.487667 1084.454 1231.164 1491.71667 1480.07667 1520.79333
          1385.72333 1367.80733 1456.34733 1812.34067 1838.99733 143.776667 130.730333 160.744667 51.659
          796.762 813.493 1086.53367 1295.89067 1054.34767 1281.38067 659.372667 678.914333 161.474233
          27.2177667 135.284 70.8788667 801.870333 814.109333 1297.44967 1092.90133 1269.92967 1031.39467
          645.608 630.838667 105.807667 95.477 165.5449 2.52976667 1653.884 1772.474 1073.98233
          1339.834 1065.13767 991.578667 1403.47833 689.704333 674.073 619.417 634.094667 284.905963
          17.4409633 106.975667 260.509297 120.00783 794.817333 1269.639 1345.089 1020.21733 1277.16233
          1153.53833 965.248667 621.309667 634.430667 607.764667 594.909333 664.882067 1009.3946 261.239933
          1127.13673 3458.32 3558.06333 3439.16667 3891.06333 3479.6 3238.96 3773.88 3462.88
          3243.53333 3269.87 5652.83333 5561.35 4393.27667 4883.01333 4782.62667 4212.85333 5440.58333
          5612.10333 3613.27333 3580.55333 2500.262 3284.28 3416.28333 3534.81 3799.83 2930.00533
          4324.34 4989.63 1263.87537 2467.49727 3093.26333 3219.68667 2972.60667 2800.07333 3224.24667
          3151.55667 2730.55667 2849.35667 1189.66843 2343.42367 2713.98 3891.78333 4468.93667 2947.83067
          1517.457 1661.553 4827.3 5026.50667 2439.19333 2568.44667 3017.28333 2926.56667 2778.01667
          2791.83 2708.5 2288.49667 2521.08333 987.43 960.593333 518.273333 1428.28 1502.33667
          666.396667 843.023333 987.43 769.822667 2219.53867 2039.11533 355.508667 250.346667 354.464667
          1696.312 396.974 3129.00733 1596.53027 3278.49 3254.50667 3488.89667 3457.44 2405.09373
          1595.55073 1775.569 1650.621 2662.249 2309.59233 2367.27333 2681.46667 1977.46267 2764.08667
          2982.64333 1911.918 1231.88467 3078.98 3193 3409.01333 3215.56667 3409.42 3715.56667
          3758.34667 3628.29 2971.66 2989.01667 4887.49333 4286.43667 808.761067 2291.4264 4108.77
          2949.46733 3280.614 2866.23733 2897.10933 1925.05267 1686.1394 2206.2994 2006.09273 1015.27797
          5669.08333 5723.97 5426.90667 5323.45667 5269.87667 5418.17 5683.24 5583.51 1114.9936
          1209.28227 2070.40967 1192.103 1089.4849 2202.413 3219.14667 3338.65 2918.24667 2865.42
          2623.54667 2483.61667 3979.19 2918.95667 4525.54667 5029.1 2143.08867 2970.76533 1267.748
          55.9453333 5185.70333 4914.70667 2654.1 2587.76 368.737 1545.117 1831.50367 799.219667
          1428.28 2111.15 2141.70333 1502.33667 2945.26133 1815.60733 2092.278 2988.04133 2093.322
          2197.44 396.974 1272.20133 1164.34973 2600.386 4632.03 4134.03333 2863.1196 4578.45
          731.764333 911.7826 2254.06433 856.712333 1147.43933 2367.27333 1026.314 607.967333 3009.472
          3107.36533 1845.23467 1119.573 1552.584 91.681 1085.53633 1592.64133 462.497 1129.503
          2089.049 1523.03567 1924.78 2131.11333 2241.64 1672.30667 1749.46667 1640.1 1496.32
          1008.63167 1164.00333 1201.19867 941.290333 1122.94633 1371.263 1489.14 1490.83333 1436.86667
          1733.15667 1280.28 1423.07867 1808.46333 1297.058 1571.21333 1924.54 1114.14033 362.809333
          470.196333 1077.29167 1486.317 1403.30367 1843.46667 2260.93 2433.25 2598.01833 2685.325
          2051.97967 2363.823 1745.30967 838.200667 59.9496667 797.823333 130.1023 1948.4977 1550.4617
          2347.334 3144.52 1184.755 1331.41333 904.806 941.066333 1297.47667 1326.93667 1081.09
          1031.08 1068.04333 1058.66733 1072.424 1251.80367 1334.83367 1309.01333 1813.31333 1858.07333
          1413.88667 2237.73 2177.72667 1610.97167 1441.74167 2006.33333 1767.57667 528.1383 888.542667
          252.470667 1475.25567 1335.97233 1406.39667 1722.34667 1541.63 1823.91667 1185.54733 1151.884
          746.295 950.539667 747.679667 912.497667 979.807333 924.803667 734.664667 920.421333 884.997
          980.016333 708.417667 875.627667 1434.532 1216.46333 1509.98133 1297.49133 1268.13967 1286.70533
          1443.03867 1313.802 1232.73867 1806.45667 2119.64667 1714.83 1623.21 1531.80333 1183.55333
          1065.145 1998.39667 1455.08333 1337.452 1328.08867 997.803667 1267.07533 1358.97667 1518.87333
          7.875 720.142 1803.51167 989.552 536.236667 443.087333 757.922667 1294.027 516.262
          1435.39333 1584.85133 598.393 551.212667 1530.13433 2470.00333 2056.14667 2024.24333 681.56
          951.678333 527.665667 758.357333 545.813667 400.236333 1469.222 2140.312 914.944667 257.062333
          1681.117 721.859333 959.613667 726.437 1315.69633 1261.003 746.185333 700.19 880.058
          747.57 107.458 339.354667 275.296 261.352333 1254.446 1344.28167 1844.93 1818.68
          1634.34667 1666.79667 1262.99 628.265667 945.300333 284.969667 1060.733 1230.04333 1288.05333
          1251.00967 1278.41967 2420.88667 1799.46 1703.18 1664.80667 1674.28667 1925.33 532.914667
          466.398667 1771.70527 1256.79983 460.950767 295.287 1666.10833 756.2935 1203.9314 2334.745
          3290.80333 3159.92667 2883.79667 2201.885 2495.30167 2626.17833 2019.36167 1626.72 1537.89
          1896.61667 1688.38333 1467.94333 1520.43 1440.79333 1426.62667 1161.838 1245.998 1519.98
          1421.41333 1507.36167 194.648333 498.37 2044.61333 2588.77667 2681.42 2831.78 1467.00667
          1528.55333 1249.84 1381.79333 1396.71667 1590.21667 1259.56333 1345.78333 1029.39 909.296333
          1185.22333 1392.95667 1796.76333 1790.56333 1622.54 1743.98667 1182.78667 1197.24667 1435.46667
          1743.98667 937.171433 1056.9421 1471.38333 1512.83333 1298.55667 1427.62 1203.14133 1290.75467
          933.515667 1030.74433 905.552333 867.530667 1154.27 1282.53 1378.81 1286.62 1251.08
          1151.83333 1204.67633 1214.03633 1742.36667 1713.65333 1336.37333 1274.81333 1301.59 1457.82333
          1409.64333 1507.97 1605.06667 1669.54667 1681.64667 1513.03333 1680.70333 1662.24333 1293.54
          1450.61 2273.57 2151.53333 1437.91667 1190.53233 1221.399 1218.74233 873.936 1018.71367
          897.434667 1150.559 1717.80633 1552.14257 218.742267 743.801067 1178.41767 2055.23267 1280.82967
          1256.37633 1109.49967 1059.55833 1264.24633 1240.75967 1010.58633 959.678333 278.225543 666.2731
          138.737457 610.243233 1557.29867 1856.952 192.36811 445.165333 987.200667 774.612333 1941.42167
          152.2319 892.014567 1839.07 2231.36667 957.737 816.412667 1053.15233 1000.321 897.240333
          839.911333 900.441 869.277 3165.91 2381.23667 3349.87 2892.55333 1107.20933 1126.059
          3074.05 2319.51333 374.417667 524.827667 636.833333 556.719667 572.246 649.986333 487.505667
          339.469 1950.51 1605.30633 965.861 1067.09933 663.711333 670.575667 662.865667 2126.13
          1909.32667 838.176333 1229.013 1352.37033 1103.047 1618.977 956.094 2184.73667 3054.45333
          921.145333 1363.05833 3736.1 3087.35333 3737.26667 4151.73667 3500.26667 3734.54333 489.222333
          1159.772 730.262333 330.085333 1944.71667 1955.96333 2210.98 2195.10333 1998.73 2079.24333
          2815.92 2196.97667 2851.14667 1656.25067 2258.434 2892.55333 2318.77667 1577.59167 2062.61667
          2890.09 1216.06667 1619.528 1071.88333 1467.63467 1422.84967 1339.29633 1750.815 1304.55367
          1226.87267 1079.352 749.215 368.126667 361.540667 881.846 849.326667 906.845667 897.357
          926.121667 1369.49967 1308.933 2103.14333 1909.76667 1165.59967 1140.484 690.531 624.037333
          813.476 987.635 917.913667 1183.682 903.041667 1558.19633 1463.545 656.512667 778.149
          751.352667 793.251333 950.151667 861.453333 886.186333 1320.08833 752.132 703.931 806.404333
          776.865 2389.52433 2155.24767 868.417667 858.450333 273.888333 273.232667 1418.418 284.664667
          586.612 1375.65133 959.382333 508.687 243.159667 576.148 1459.925 785.069333 1581.16867
          1505.28533 1399.004 620.839 882.414 1521.56933 402.392667 384.32 658.831333 876.482333
          488.443333 677.34 2080.70667 1804.15 1744.85333 1301.281 1164.20333 1030.27433 982.244
          949.157333 433.859667 389.410333 1357.39933 1653.306 331.186333 213.866 43.478 393.076667
          1146.22833 1254.726 949.048 936.963 1056.19367 912.767333 841.876333 984.440333 763.815
          776.762333 1321.32667 1126.504 1644.68667 1783.91667 1909.17667 1908.72 1262.33767 1458.28333
          1600.12667 1923.89667 2363.96333 2068.90333 2164.92 2353.61 1090.052 1314.70767 1707.50333
          1886.41 1129.07267 344.257 2372.13333 2668.99 1818.14267 1760.47267 83.1839333 801.714933
          1143.9226 830.445067 1502.08767 1681.9674 1501.40407 2396.02 256.138067 819.135267 1444.30933
          1374.89067 1579.93067 863.889667 125.966 748.803333 175.187 1755.7 1657.74333 1420.68333
          1621.08 1373.00667 1475.44667 1209.97 1408.26667 1055.83 1049.72 1650.39 1660.31667
          1579.09667 1507.58333 1287.03433 1242.66433 965.964667 1051.77633 1208.63867 1326.40333 1256.47
          1594.63333 1754.17667 1397.59667 1619.55667 1233.272 1295.68867 814.666667 905.396 847.656667
          934.236 75.1063333 663.183 229.077667 612.747667 453.716 935.049333 1736.51033 2092.12367
          1541.35333 1369.59333 2029.45 1983.30667 1149.50633 1002.10967 1101.82967 1032.63967 933.739667
          855.519667 1087.86633 1087.87967 934.851 1187.43833 1487.1 1353.82667 961.429 979.421667
          1279.16667 1455.99667 1257.15333 1155.025 973.525667 928.845 839.764333 1282.07333 1228.59
          1666 1482.21333 1803.01333 1791.26 1509.19333 1549.32667 1927.62333 1778.61 1169.421
          976.84 499.788667 1296.81433 2021.50033 1577.27367 1049.805 49.865 788.304 848.985
          885.258667 843.817 813.710333 833.729667 984.809 925.091333 1018.51933 407.985667 497.263667
          1100.63 974.796667 936.305333 805.586 828.206667 813.737333 780.747333 790.330667 756.771
          86.163 1232.40367 1661.46567 39.776 735.949333 151.461667 556.881667 1537.41033 1167.105
        </DataArray>
        <DataArray type="Float32" Name="pressureVisible01" format="ascii">
          0.724413396 0.788001733 0.831231102 0.793211486 0.674737166 0.625792782 0.358984983 0.35809335 0.327414524
          0.339768687 0.34742661 0.339987 0.348799752 0.348843083 0.343979821 0.351584687 0.37032611 0.343192032
          0.35021114 0.250474976 0.248708416 0.276915711 0.206934883 0.348967415 0.352736009 0.19789741 0.266909885
          0.244436418 0.249974675 0.349185108 0.354122175 0.354843602 0.354676766 0.358394069 0.360284486 0.320133089
          0.30616413 0.325295292 0.306695028 0.318242279 0.304714495 0.323512605 0.305245394 0.312584736 0.366256536
          0.272524427 0.191019296 0.171332221 0.244018605 0.784460135 0.777239046 0.518740059 0.613491977 0.521695291
          0.623668298 0.313014954 0.375439759 0.284807659 0.275459874 0.301130516 0.268817026 0.633086849 0.656462512
          0.474406545 0.523368833 0.485349163 0.557687114 0.756692981 0.696673532 0.729463342 0.84035251 0.302616743
          0.368781199 0.280143276 0.274535143 0.299750966 0.267892295 0.465024794 0.516074766 0.475482553 0.575476909
          0.857698298 0.895717914 0.292722968 0.372915096 0.227348017 0.242055438 0.273855808 0.206934883 0.500985987
          0.565618549 0.503456361 0.600878732 0.903358264 0.872559737 0.303132136 0.298493389 0.316101526 0.302780478
          0.300372828 0.307887689 0.355945775 0.34462246 0.382101461 0.410789273 0.432099166 0.334655108 0.351422635
          0.320266433 0.326559897 0.317461436 0.323518807 0.333341878 0.335537004 0.340428175 0.348322191 0.328376281
          0.317451513 0.361755298 0.38540774 0.360183226 0.321506644 0.314646516 0.369741654 0.357102236 0.335474569
          0.332838269 0.325391011 0.319369405 0.327461887 0.319255907 0.351198719 0.344570342 0.408672894 0.375841902
          0.355815965 0.359701572 0.356356994 0.369329464 0.316096151 0.326857184 0.315982652 0.322858078 0.319010511
          0.300156995 0.321901924 0.305683261 0.308560202 0.326905767 0.346309407 0.338811292 0.346023842 0.352647588
          0.347306488 0.378904058 0.35027689 0.287480551 0.295815535 0.309992884 0.293006817 0.310028236 0.308037573
          0.298041671 0.357727862 0.334804992 0.306794468 0.320888296 0.311081557 0.325733159 0.325692432 0.309827909
          0.342841614 0.349302948 0.35124972 0.344810508 0.310588698 0.295733254 0.269349579 0.270528389 0.266405655
          0.280082289 0.281896813 0.272931284 0.236883931 0.234184577 0.434957522 0.407161342 0.404122134 0.425629812
          0.339719897 0.338025694 0.310378034 0.289178889 0.31363723 0.290648164 0.35363159 0.351652918 0.40404828
          0.423154943 0.434097561 0.427575993 0.339202643 0.33796326 0.28902115 0.30973343 0.29180754 0.315961359
          0.355025613 0.356521142 0.431112828 0.430066763 0.403636089 0.420655068 0.252928729 0.240920662 0.311649048
          0.284729099 0.312544629 0.319993128 0.278284718 0.350560317 0.35214309 0.357677687 0.356191543 0.449248051
          0.422164946 0.409566697 0.446777677 0.43255072 0.339916627 0.291836793 0.284196857 0.317093136 0.29107497
          0.303592972 0.322659219 0.357485877 0.35615739 0.358857634 0.360159245 0.353074012 0.522608662 0.393946239
          0.534531203 0.0702144392 0.0601145484 0.0721538316 0.0263956658 0.0680598344 0.0924265911 0.0382614973 0.0697527972
          0.0919639154 0.0892972251 0.992797104 0.983533461 0.865255954 0.914845975 0.904681169 0.846986882 0.971305014
          0.988672923 0.0545239878 0.057837349 0.167226026 0.0878374607 0.0744711378 0.0624692738 0.0356336734 0.123710741
          0.858275506 0.925641947 0.548377321 0.670254288 0.107179907 0.0943781809 0.11939719 0.136867434 0.0939165389
          0.101277175 0.143906595 0.131877442 0.540863235 0.657690876 0.695212734 0.814475545 0.872917184 0.718892092
          0.574054647 0.588645468 0.909204764 0.929376223 0.173409919 0.16032207 0.114873595 0.124059092 0.139100805
          0.137702441 0.146139966 0.188669326 0.165117937 0.520384811 0.51766747 0.367919543 0.275773493 0.268274551
          0.352920624 0.505762358 0.520384811 0.498349914 0.645146185 0.626877113 0.456397473 0.445749111 0.45629183
          0.248632791 0.380201866 0.737237492 0.582061218 0.0884235578 0.0908520881 0.0671183577 0.0703035425 0.176862546
          0.258835521 0.240607147 0.253259258 0.15082343 0.186532976 0.180692409 0.148877774 0.220164016 0.140511573
          0.118381082 0.226800993 0.295659863 0.10862582 0.0970806366 0.0752071187 0.0947953746 0.0751657714 0.0441660902
          0.0398341397 0.053003443 0.119492909 0.117735031 0.915299555 0.854437655 0.502293027 0.65242569 0.836447263
          0.719057481 0.752589061 0.71062988 0.127041882 0.225471059 0.249663113 0.196992102 0.217264861 0.317593555
          0.994442104 1 0.969919675 0.959444351 0.954018766 0.969034844 0.995875819 0.985777169 0.307496453
          0.297948755 0.210752206 0.299688469 0.310079469 0.197385883 0.0944331727 0.0823320754 0.124901335 0.130250841
          0.154742467 0.168911753 0.823325923 0.715968222 0.878649153 0.929638365 0.637404927 0.721214133 0.292028521
          0.426063875 0.945495859 0.918055142 0.151648659 0.158366346 0.383060986 0.263942683 0.234943795 0.339471276
          0.275773493 0.206627053 0.203533246 0.268274551 0.122166215 0.236553236 0.208537916 0.117834265 0.208432274
          0.197889554 0.380201866 0.549220005 0.302498663 0.157087724 0.88943148 0.83900521 0.710314119 0.884005894
          0.494496165 0.512724539 0.648642157 0.507148277 0.304211093 0.180692409 0.524321895 0.481960694 0.725133872
          0.735046253 0.233553204 0.307032422 0.577611233 0.4111154 0.3104789 0.259130174 0.373567018 0.534770818
          0.208864621 0.266178308 0.225498761 0.204605587 0.193413715 0.251063554 0.24325058 0.254324818 0.268883389
          0.318266261 0.302533635 0.298767108 0.325085248 0.3066911 0.281547015 0.269610687 0.269439302 0.274903961
          0.244901782 0.290759388 0.276299637 0.237276317 0.289060636 0.261300305 0.22552295 0.307582464 0.383661265
          0.372787685 0.311314073 0.269896396 0.278302084 0.233732031 0.191460058 0.174010902 0.68347053 0.692310984
          0.628179055 0.659756151 0.597126449 0.505273841 0.426469016 0.339611981 0.407224548 0.617700616 0.577396358
          0.658086425 0.738808232 0.300432161 0.285581886 0.512018279 0.515689914 0.289018255 0.286035465 0.310929192
          0.315992989 0.312250444 0.313199983 0.311806994 0.293643151 0.285235603 0.287850402 0.236785525 0.232253247
          0.277230777 0.193809615 0.199885385 0.25727391 0.274410068 0.217240063 0.241416416 0.36692029 0.330426278
          0.3948342 0.2710167 0.285120451 0.277989499 0.245996863 0.264295912 0.235711944 0.300352361 0.303761028
          0.344830003 0.324148526 0.344689836 0.328000642 0.321185169 0.326754643 0.346007862 0.327198505 0.330785378
          0.321164082 0.348665456 0.331734091 0.275140467 0.297221755 0.267500737 0.289017222 0.291989261 0.290108995
          0.27427879 0.287364986 0.295573654 0.237479952 0.205766617 0.246757859 0.256034733 0.265290727 0.300553722
          0.312543802 0.218044267 0.27305946 0.284970567 0.285918452 0.319362789 0.292096764 0.282791154 0.266599987
          0.41960159 0.347478438 0.603019899 0.520599465 0.474697473 0.465265298 0.343652723 0.289367433 0.472674972
          0.565744947 0.259919079 0.359806367 0.364583772 0.265459341 0.170289443 0.212196113 0.21542678 0.351385153
          0.324033374 0.366968185 0.343608688 0.365130672 0.460926443 0.569170215 0.637123787 0.327752765 0.394369085
          0.590626539 0.493493515 0.323229997 0.346841009 0.287173548 0.292711598 0.344841167 0.349498603 0.331285473
          0.344700999 0.409517887 0.454761528 0.448275096 0.393934856 0.547422268 0.556518868 0.233583801 0.236241809
          0.254906987 0.251621122 0.29251003 0.484016128 0.516118602 0.391543083 0.312990559 0.295846339 0.289972136
          0.293723365 0.290947931 0.17526331 0.238188023 0.247937289 0.251822897 0.25086302 0.225442529 0.366436624
          0.467625936 0.599799261 0.547660542 0.373723609 0.390498486 0.25169104 0.343817605 0.298490332 0.656811524
          0.753620675 0.74036847 0.712407811 0.643358744 0.673069632 0.686321836 0.624876527 0.255679561 0.264674446
          0.228350274 0.249435714 0.271756609 0.266442041 0.274506407 0.275940743 0.302752775 0.294230902 0.266487523
          0.276468334 0.573032254 0.44010852 0.369934394 0.627433647 0.682534842 0.691915705 0.707140999 0.271851914
          0.265619644 0.293842031 0.28048067 0.278969428 0.259375797 0.292857553 0.28412667 0.316164787 0.328325011
          0.300384612 0.279349823 0.238460915 0.239088773 0.256102543 0.243805046 0.300631248 0.299167143 0.275045368
          0.243805046 0.325502028 0.313374262 0.271408672 0.26721172 0.288908892 0.275840476 0.298570295 0.289698831
          0.325872499 0.316027101 0.328704165 0.332554007 0.303519146 0.290531771 0.280782505 0.290117472 0.293716129
          0.303765783 0.298415243 0.297467357 0.243969195 0.246876939 0.28507993 0.29131282 0.288601475 0.272781607
          0.277660375 0.267704165 0.257872205 0.251342855 0.250117736 0.267191046 0.250213042 0.252082557 0.289417049
          0.273512213 0.190180154 0.202537604 0.274797285 0.299847098 0.29672166 0.296990624 0.331905475 0.317245397
          0.329525941 0.303894786 0.594341423 0.577566545 0.442548671 0.345082678 0.301073912 0.212288731 0.290704189
          0.293180269 0.308052872 0.313109639 0.292383094 0.294761387 0.318068621 0.323223175 0.392226222 0.352933029
          0.434447275 0.482191061 0.578088546 0.608431219 0.400920037 0.375322085 0.520361036 0.498834876 0.616984207
          0.435813368 0.51072258 0.606620066 0.646343601 0.323419574 0.337730061 0.313758171 0.319107884 0.329545581
          0.335350527 0.329221419 0.332377247 0.0998236127 0.179278334 0.0811960599 0.12750311 0.308284416 0.306375621
          0.109125295 0.185528589 0.382485928 0.367255631 0.355914206 0.364026349 0.362454223 0.354582411 0.37103481
          0.386024777 0.222893058 0.257848017 0.322597384 0.312345956 0.353192503 0.352497415 0.353278051 0.205110023
          0.227063134 0.335526419 0.295950906 0.283459945 0.308705951 0.256463876 0.323586327 0.19917566 0.111109549
          0.327125176 0.282377785 0.0420869442 0.107777995 0.0419684843 0 0.0659670438 0.0422444771 0.469936999
          0.537835765 0.346453647 0.386974999 0.617318044 0.618457161 0.64427934 0.64267176 0.622787457 0.630939893
          0.135263161 0.19793669 0.131696134 0.252689369 0.191713144 0.12750311 0.185603014 0.260654254 0.21154138
          0.127752848 0.297261841 0.256407872 0.311861552 0.271788219 0.276323412 0.284784091 0.243113927 0.288301708
          0.296167607 0.311105332 0.344534411 0.383122924 0.383789834 0.331104414 0.334397474 0.328573301 0.329533797
          0.326621091 0.281725222 0.287858465 0.207437459 0.227018479 0.302372174 0.304915236 0.350476816 0.357209905
          0.338027761 0.320392542 0.327452481 0.300541111 0.328958244 0.262618248 0.272202539 0.35392131 0.34160467
          0.344317917 0.340075484 0.324188013 0.33316946 0.330665058 0.286728652 0.344239151 0.349119903 0.338743689
          0.341734748 0.178439398 0.202161965 0.332464283 0.333473569 0.448132407 0.392731858 0.564025997 0.449223726
          0.360999669 0.559695701 0.517544668 0.471907898 0.445021048 0.362059047 0.272569123 0.499893924 0.580505706
          0.572821734 0.562059977 0.483264084 0.509750879 0.574470724 0.461144343 0.381483092 0.353686561 0.331647675
          0.370939897 0.351812477 0.209709904 0.237713564 0.243717803 0.288633312 0.302513375 0.316074857 0.320938533
          0.3242889 0.464330768 0.380967492 0.557847066 0.587810172 0.453934231 0.398743085 0.415996421 0.460201398
          0.53646436 0.547450529 0.32429965 0.325523322 0.313450341 0.327973353 0.335151647 0.320715878 0.343055999
          0.341745085 0.286603576 0.306330966 0.253860075 0.239761493 0.227077813 0.227124328 0.292576392 0.272735298
          0.258372506 0.225588071 0.181027529 0.210904839 0.201182242 0.182075888 0.310021827 0.287273608 0.247499009
          0.229383335 0.306070519 0.385539794 0.660597856 0.690656888 0.604501433 0.598661962 0.428822003 0.501579401
          0.536230994 0.336309327 0.268299669 0.250085545 0.268369089 0.177781563 0.394462672 0.503343398 0.566647619
          0.55961863 0.580380527 0.50787512 0.407643947 0.344576131 0.438138117 0.242619207 0.252538204 0.276542759
          0.256250773 0.281370463 0.270997473 0.297878762 0.277799508 0.313486933 0.314105694 0.253282661 0.252277509
          0.260501889 0.267743032 0.290075711 0.294568502 0.322586634 0.313897511 0.298013761 0.286089423 0.293170759
          0.25892842 0.242773432 0.278880325 0.256404998 0.295519489 0.289199149 0.337907027 0.328719877 0.334566584
          0.325799521 0.412793829 0.353245821 0.397202838 0.358352846 0.466341629 0.515080807 0.596235499 0.632244192
          0.264323822 0.281715919 0.214900016 0.219572255 0.304001669 0.318926783 0.308829373 0.315835456 0.325849551
          0.333770236 0.310243035 0.310241381 0.325737294 0.300160717 0.269817216 0.283312336 0.323046208 0.321224242
          0.290872266 0.272966842 0.293101709 0.303443068 0.321821296 0.326345305 0.335365619 0.290577873 0.295993328
          0.251701749 0.270312143 0.237828096 0.239018069 0.267579917 0.26351631 0.225210778 0.240299627 0.301985164
          0.321485557 0.369790899 0.289085134 0.625093186 0.580111729 0.526700643 0.415349626 0.340576405 0.334431998
          0.330758916 0.334955248 0.33800378 0.335976731 0.320678665 0.326725493 0.317265037 0.37908704 0.370046673
          0.308950727 0.3216925 0.325589891 0.338826383 0.336535953 0.338001092 0.341341536 0.340371116 0.343769281
          0.411674001 0.545190241 0.588636537 0.416371337 0.49492014 0.405061957 0.364009789 0.576074832 0.538578197
        </DataArray>
      </CellData>
      <Points>
        <DataArray type="Float32" NumberOfComponents="3" format="ascii">
          0.047048 0.0111259 0.0149233 0.0436726 0.00315633 0.0206527 0.0492466 0.00590572 0.0213003
          0.047048 0.0111259 0.0149233 0.0492466 0.00590572 0.0213003 0.0518973 0.00846889 0.0245748
          0.047048 0.0111259 0.0149233 0.0518973 0.00846889 0.0245748 0.0496827 0.0178396 0.0212382
          0.047048 0.0111259 0.0149233 0.0496827 0.0178396 0.0212382 0.0440193 0.0206896 0.0204898
          0.047048 0.0111259 0.0149233 0.0440193 0.0206896 0.0204898 0.0398944 0.0182351 0.0138748
          0.047048 0.0111259 0.0149233 0.0398944 0.0182351 0.0138748 0.0408244 0.0115096 0.0122038
          0.0095381 0.0292413 0.0289786 0.0171703 0.027787 0.0282491 0.021454 0.0236647 0.0330772
          0.0095381 0.0292413 0.0289786 0.021454 0.0236647 0.0330772 0.017539 0.0186093 0.0377169
          0.0095381 0.0292413 0.0289786 0.017539 0.0186093 0.0377169 0.00955114 0.0195756 0.0391637
          -0.0119303 -0.00463181 0.0142797 -0.0118958 0.000201096 0.00808815 -0.0228942 0.000201117 0.00808818
          -0.0119303 -0.00463181 0.0142797 -0.0228942 0.000201117 0.00808818 -0.0228596 -0.00463181 0.0142797
          -0.0228942 0.0232367 0.00762182 -0.0118908 0.0232388 0.00762344 -0.011905 0.0284761 0.0138931
          -0.0228942 0.0232367 0.00762182 -0.011905 0.0284761 0.0138931 -0.0228596 0.0284715 0.0138842
          -0.0119302 -0.0053618 0.0286411 -0.0228608 -0.00536727 0.0286429 -0.0228862 0.00376063 0.0388679
          -0.0119302 -0.0053618 0.0286411 -0.0228862 0.00376063 0.0388679 -0.0118633 0.00375644 0.0388484
          0.0220055 0.000748842 0.033292 0.0104324 -0.00333961 0.0323551 0.00957504 0.00375111 0.0388138
          0.0220055 0.000748842 0.033292 0.00957504 0.00375111 0.0388138 0.0175302 0.00493574 0.0375117
          -0.0118736 0.0293373 0.0288096 -0.0118658 0.0196452 0.0391616 -0.0229189 0.0196579 0.0391589
          -0.0118736 0.0293373 0.0288096 -0.0229189 0.0196579 0.0391589 -0.0228598 0.0293443 0.0287927
          -0.0420488 -0.00643678 0.0211211 -0.0415454 -0.00475398 0.0145082 -0.0442576 -0.00170768 0.00997972
          -0.0420488 -0.00643678 0.0211211 -0.0442576 -0.00170768 0.00997972 -0.055092 0.00394233 0.0138173
          -0.0420488 -0.00643678 0.0211211 -0.055092 0.00394233 0.0138173 -0.0550367 0.003439 0.021286
          -0.0420488 -0.00643678 0.0211211 -0.0550367 0.003439 0.021286 -0.0489516 -0.00473838 0.0211309
          -0.0228942 0.000201117 0.00808818 -0.0337023 -8.4183e-05 0.00834063 -0.0333493 -0.00467252 0.0143566
          -0.0228942 0.000201117 0.00808818 -0.0333493 -0.00467252 0.0143566 -0.0228596 -0.00463181 0.0142797
          -0.042047 0.0304675 0.0210463 -0.0493465 0.0287858 0.0212495 -0.0550739 0.0198588 0.0216318
          -0.042047 0.0304675 0.0210463 -0.0550739 0.0198588 0.0216318 -0.0550987 0.0191771 0.0138555
          -0.042047 0.0304675 0.0210463 -0.0550987 0.0191771 0.0138555 -0.0442672 0.0253516 0.00950349
          -0.042047 0.0304675 0.0210463 -0.0442672 0.0253516 0.00950349 -0.0415497 0.0286745 0.0142741
          -0.033349 0.0285118 0.0139617 -0.0337023 0.0233918 0.00774082 -0.0228942 0.0232367 0.00762182
          -0.033349 0.0285118 0.0139617 -0.0228942 0.0232367 0.00762182 -0.0228596 0.0284715 0.0138842
          -0.0333934 -0.00541447 0.0286108 -0.0335933 0.0037487 0.0389494 -0.0228862 0.00376063 0.0388679
          -0.0333934 -0.00541447 0.0286108 -0.0228862 0.00376063 0.0388679 -0.0228608 -0.00536727 0.0286429
          -0.0333493 0.0293947 0.0286724 -0.0228598 0.0293443 0.0287927 -0.0229189 0.0196579 0.0391589
          -0.0333493 0.0293947 0.0286724 -0.0229189 0.0196579 0.0391589 -0.0339434 0.0197388 0.0391412
          -0.0118755 0.0113283 0.00384394 -0.0118958 0.000201096 0.00808815 -0.00102606 -7.48255e-05 0.00833056
          -0.0118755 0.0113283 0.00384394 -0.00102606 -7.48255e-05 0.00833056 -0.000796333 0.0113212 0.00384425
          -0.00102606 -7.48255e-05 0.00833056 0.010824 -0.00157292 0.0100886 0.0115015 0.0113201 0.00419367
          -0.00102606 -7.48255e-05 0.00833056 0.0115015 0.0113201 0.00419367 -0.000796333 0.0113212 0.00384425
          -0.00098624 0.0233842 0.00773495 -0.0118908 0.0232388 0.00762344 -0.0118755 0.0113283 0.00384394
          -0.00098624 0.0233842 0.00773495 -0.0118755 0.0113283 0.00384394 -0.000796333 0.0113212 0.00384425
          0.0115015 0.0113201 0.00419367 0.0113257 0.0247525 0.00932858 -0.00098624 0.0233842 0.00773495
          0.0115015 0.0113201 0.00419367 -0.00098624 0.0233842 0.00773495 -0.000796333 0.0113212 0.00384425
          -0.0550739 0.0198588 0.0216318 -0.0549436 0.0198334 0.0310821 -0.0546047 0.011179 0.0314457
          -0.0550739 0.0198588 0.0216318 -0.0546047 0.011179 0.0314457 -0.0550873 0.0116043 0.0215279
          -0.0443409 0.02698 0.0331045 -0.0549436 0.0198334 0.0310821 -0.0550739 0.0198588 0.0216318
          -0.0443409 0.02698 0.0331045 -0.0550739 0.0198588 0.0216318 -0.0493465 0.0287858 0.0212495
          -0.0443409 0.02698 0.0331045 -0.0493465 0.0287858 0.0212495 -0.042047 0.0304675 0.0210463
          -0.0443409 0.02698 0.0331045 -0.042047 0.0304675 0.0210463 -0.041579 0.029511 0.028319
          0.0479245 0.017465 0.0266527 0.0442896 0.0114249 0.0310275 0.0408184 0.0196404 0.0289871
          0.0479245 0.017465 0.0266527 0.0408184 0.0196404 0.0289871 0.0440193 0.0206896 0.0204898
          0.0408184 0.0196404 0.0289871 0.0328808 0.0216046 0.0307903 0.0327874 0.0247438 0.0207138
          0.0408184 0.0196404 0.0289871 0.0327874 0.0247438 0.0207138 0.0440193 0.0206896 0.0204898
          0.033379 0.0115585 0.0349383 0.0328808 0.0216046 0.0307903 0.0408184 0.0196404 0.0289871
          0.033379 0.0115585 0.0349383 0.0408184 0.0196404 0.0289871 0.0442896 0.0114249 0.0310275
          -0.0550367 0.003439 0.021286 -0.055092 0.00394233 0.0138173 -0.0550859 0.0115557 0.0134516
          -0.0550367 0.003439 0.021286 -0.0550859 0.0115557 0.0134516 -0.0550873 0.0116043 0.0215279
          -0.0550859 0.0115557 0.0134516 -0.055092 0.00394233 0.0138173 -0.0442576 -0.00170768 0.00997972
          -0.0550859 0.0115557 0.0134516 -0.0442576 -0.00170768 0.00997972 -0.0441072 0.0112573 0.00385472
          -0.0442576 -0.00170768 0.00997972 -0.0337023 -8.4183e-05 0.00834063 -0.033898 0.0113091 0.00384514
          -0.0442576 -0.00170768 0.00997972 -0.033898 0.0113091 0.00384514 -0.0441072 0.0112573 0.00385472
          0.047048 0.0111259 0.0149233 0.0408244 0.0115096 0.0122038 0.0397048 0.0052322 0.0142279
          0.047048 0.0111259 0.0149233 0.0397048 0.0052322 0.0142279 0.0436726 0.00315633 0.0206527
          0.0320692 0.011488 0.00927534 0.0320503 0.0033037 0.0125958 0.0397048 0.0052322 0.0142279
          0.0320692 0.011488 0.00927534 0.0397048 0.0052322 0.0142279 0.0408244 0.0115096 0.0122038
          0.0397048 0.0052322 0.0142279 0.0320503 0.0033037 0.0125958 0.0326617 -0.00074987 0.0208002
          0.0397048 0.0052322 0.0142279 0.0326617 -0.00074987 0.0208002 0.0436726 0.00315633 0.0206527
          0.0518973 0.00846889 0.0245748 0.0492466 0.00590572 0.0213003 0.0436726 0.00315633 0.0206527
          0.0518973 0.00846889 0.0245748 0.0436726 0.00315633 0.0206527 0.0405858 0.00391807 0.0285288
          0.0518973 0.00846889 0.0245748 0.0405858 0.00391807 0.0285288 0.0442896 0.0114249 0.0310275
          0.0518973 0.00846889 0.0245748 0.0442896 0.0114249 0.0310275 0.0497891 0.0115464 0.0281404
          -0.0550859 0.0115557 0.0134516 -0.0550987 0.0191771 0.0138555 -0.0550739 0.0198588 0.0216318
          -0.0550859 0.0115557 0.0134516 -0.0550739 0.0198588 0.0216318 -0.0550873 0.0116043 0.0215279
          -0.0442672 0.0253516 0.00950349 -0.0550987 0.0191771 0.0138555 -0.0550859 0.0115557 0.0134516
          -0.0442672 0.0253516 0.00950349 -0.0550859 0.0115557 0.0134516 -0.0441072 0.0112573 0.00385472
          -0.033898 0.0113091 0.00384514 -0.0337023 0.0233918 0.00774082 -0.0442672 0.0253516 0.00950349
          -0.033898 0.0113091 0.00384514 -0.0442672 0.0253516 0.00950349 -0.0441072 0.0112573 0.00385472
          0.0398944 0.0182351 0.0138748 0.0321913 0.0201503 0.0121507 0.0320692 0.011488 0.00927534
          0.0398944 0.0182351 0.0138748 0.0320692 0.011488 0.00927534 0.0408244 0.0115096 0.0122038
          0.0327874 0.0247438 0.0207138 0.0321913 0.0201503 0.0121507 0.0398944 0.0182351 0.0138748
          0.0327874 0.0247438 0.0207138 0.0398944 0.0182351 0.0138748 0.0440193 0.0206896 0.0204898
          0.0479245 0.017465 0.0266527 0.0440193 0.0206896 0.0204898 0.0496827 0.0178396 0.0212382
          0.0479245 0.017465 0.0266527 0.0496827 0.0178396 0.0212382 0.0518973 0.00846889 0.0245748
          -0.0546047 0.011179 0.0314457 -0.054824 0.0035723 0.0289967 -0.0550367 0.003439 0.021286
          -0.0546047 0.011179 0.0314457 -0.0550367 0.003439 0.021286 -0.0550873 0.0116043 0.0215279
          -0.0550367 0.003439 0.021286 -0.054824 0.0035723 0.0289967 -0.0446762 -0.00159634 0.0333659
          -0.0550367 0.003439 0.021286 -0.0446762 -0.00159634 0.0333659 -0.041615 -0.00557776 0.0282193
          -0.0550367 0.003439 0.021286 -0.041615 -0.00557776 0.0282193 -0.0420488 -0.00643678 0.0211211
          -0.0550367 0.003439 0.021286 -0.0420488 -0.00643678 0.0211211 -0.0489516 -0.00473838 0.0211309
          0.0326617 -0.00074987 0.0208002 0.0328118 0.0020564 0.0303731 0.0405858 0.00391807 0.0285288
          0.0326617 -0.00074987 0.0208002 0.0405858 0.00391807 0.0285288 0.0436726 0.00315633 0.0206527
          0.0405858 0.00391807 0.0285288 0.0328118 0.0020564 0.0303731 0.033379 0.0115585 0.0349383
          0.0405858 0.00391807 0.0285288 0.033379 0.0115585 0.0349383 0.0442896 0.0114249 0.0310275
          0.0479245 0.017465 0.0266527 0.0518973 0.00846889 0.0245748 0.0497891 0.0115464 0.0281404
          0.0479245 0.017465 0.0266527 0.0497891 0.0115464 0.0281404 0.0442896 0.0114249 0.0310275
          0.0095381 0.0292413 0.0289786 0.00955114 0.0195756 0.0391637 -0.000870858 0.0196415 0.039163
          0.0095381 0.0292413 0.0289786 -0.000870858 0.0196415 0.039163 -0.000877288 0.0293198 0.0288517
          -0.00105451 0.0304716 0.0211419 0.00985106 0.0303973 0.0207227 0.0095381 0.0292413 0.0289786
          -0.00105451 0.0304716 0.0211419 0.0095381 0.0292413 0.0289786 -0.000877288 0.0293198 0.0288517
          -0.000884922 0.0116223 0.0407961 -0.000870858 0.0196415 0.039163 0.00955114 0.0195756 0.0391637
          -0.000884922 0.0116223 0.0407961 0.00955114 0.0195756 0.0391637 0.00940421 0.0116273 0.040777
          0.0176313 0.0287329 0.0231389 0.0171703 0.027787 0.0282491 0.0095381 0.0292413 0.0289786
          0.0176313 0.0287329 0.0231389 0.0095381 0.0292413 0.0289786 0.00985106 0.0303973 0.0207227
          0.018231 0.0117282 0.0389094 0.017539 0.0186093 0.0377169 0.021454 0.0236647 0.0330772
          0.018231 0.0117282 0.0389094 0.021454 0.0236647 0.0330772 0.0328808 0.0216046 0.0307903
          0.018231 0.0117282 0.0389094 0.0328808 0.0216046 0.0307903 0.033379 0.0115585 0.0349383
          0.018231 0.0117282 0.0389094 0.00940421 0.0116273 0.040777 0.00955114 0.0195756 0.0391637
          0.018231 0.0117282 0.0389094 0.00955114 0.0195756 0.0391637 0.017539 0.0186093 0.0377169
          -0.0119303 -0.00463181 0.0142797 -0.00142324 -0.00466936 0.0143518 -0.00102606 -7.48255e-05 0.00833056
          -0.0119303 -0.00463181 0.0142797 -0.00102606 -7.48255e-05 0.00833056 -0.0118958 0.000201096 0.00808815
          -0.00161906 -0.00642453 0.0211064 -0.00142324 -0.00466936 0.0143518 -0.0119303 -0.00463181 0.0142797
          -0.00161906 -0.00642453 0.0211064 -0.0119303 -0.00463181 0.0142797 -0.011951 -0.00642542 0.0211267
          -0.0228942 0.000201117 0.00808818 -0.0118958 0.000201096 0.00808815 -0.0118755 0.0113283 0.00384394
          -0.0228942 0.000201117 0.00808818 -0.0118755 0.0113283 0.00384394 -0.0229145 0.0113283 0.00384394
          -0.0228412 -0.0064261 0.0211269 -0.011951 -0.00642542 0.0211267 -0.0119303 -0.00463181 0.0142797
          -0.0228412 -0.0064261 0.0211269 -0.0119303 -0.00463181 0.0142797 -0.0228596 -0.00463181 0.0142797
          0.00685547 -0.0047486 0.0145063 0.010824 -0.00157292 0.0100886 -0.00102606 -7.48255e-05 0.00833056
          0.00685547 -0.0047486 0.0145063 -0.00102606 -7.48255e-05 0.00833056 -0.00142324 -0.00466936 0.0143518
          0.00685547 -0.0047486 0.0145063 0.0073472 -0.00642339 0.0210803 0.0224695 -0.00356789 0.0212374
          0.00685547 -0.0047486 0.0145063 0.0224695 -0.00356789 0.0212374 0.0220029 0.00123934 0.0108601
          0.00685547 -0.0047486 0.0145063 0.0220029 0.00123934 0.0108601 0.010824 -0.00157292 0.0100886
          -0.00161906 -0.00642453 0.0211064 0.0073472 -0.00642339 0.0210803 0.00685547 -0.0047486 0.0145063
          -0.00161906 -0.00642453 0.0211064 0.00685547 -0.0047486 0.0145063 -0.00142324 -0.00466936 0.0143518
          0.0220029 0.00123934 0.0108601 0.0220127 0.0114047 0.00659829 0.0115015 0.0113201 0.00419367
          0.0220029 0.00123934 0.0108601 0.0115015 0.0113201 0.00419367 0.010824 -0.00157292 0.0100886
          -0.0228942 0.0232367 0.00762182 -0.0229145 0.0113283 0.00384394 -0.0118755 0.0113283 0.00384394
          -0.0228942 0.0232367 0.00762182 -0.0118755 0.0113283 0.00384394 -0.0118908 0.0232388 0.00762344
          -0.011905 0.0284761 0.0138931 -0.0118908 0.0232388 0.00762344 -0.00098624 0.0233842 0.00773495
          -0.011905 0.0284761 0.0138931 -0.00098624 0.0233842 0.00773495 -0.00121759 0.0285199 0.0139772
          -0.00105451 0.0304716 0.0211419 -0.0118935 0.0304699 0.0211018 -0.011905 0.0284761 0.0138931
          -0.00105451 0.0304716 0.0211419 -0.011905 0.0284761 0.0138931 -0.00121759 0.0285199 0.0139772
          -0.0228389 0.0304691 0.0210847 -0.0228596 0.0284715 0.0138842 -0.011905 0.0284761 0.0138931
          -0.0228389 0.0304691 0.0210847 -0.011905 0.0284761 0.0138931 -0.0118935 0.0304699 0.0211018
          0.0221779 0.0222549 0.0104094 0.0220495 0.0276315 0.0204462 0.0176313 0.0287329 0.0231389
          0.0221779 0.0222549 0.0104094 0.0176313 0.0287329 0.0231389 0.00985106 0.0303973 0.0207227
          0.0221779 0.0222549 0.0104094 0.00985106 0.0303973 0.0207227 0.00728692 0.028583 0.0140983
          0.0221779 0.0222549 0.0104094 0.00728692 0.028583 0.0140983 0.0113257 0.0247525 0.00932858
          0.0221779 0.0222549 0.0104094 0.0113257 0.0247525 0.00932858 0.0115015 0.0113201 0.00419367
          0.0221779 0.0222549 0.0104094 0.0115015 0.0113201 0.00419367 0.0220127 0.0114047 0.00659829
          0.00728692 0.028583 0.0140983 -0.00121759 0.0285199 0.0139772 -0.00098624 0.0233842 0.00773495
          0.00728692 0.028583 0.0140983 -0.00098624 0.0233842 0.00773495 0.0113257 0.0247525 0.00932858
          -0.00105451 0.0304716 0.0211419 -0.00121759 0.0285199 0.0139772 0.00728692 0.028583 0.0140983
          -0.00105451 0.0304716 0.0211419 0.00728692 0.028583 0.0140983 0.00985106 0.0303973 0.0207227
          -0.0119302 -0.0053618 0.0286411 -0.0118633 0.00375644 0.0388484 -0.000816976 0.00369601 0.0388157
          -0.0119302 -0.0053618 0.0286411 -0.000816976 0.00369601 0.0388157 -0.00142895 -0.00539313 0.0285408
          -0.00161906 -0.00642453 0.0211064 -0.011951 -0.00642542 0.0211267 -0.0119302 -0.0053618 0.0286411
          -0.00161906 -0.00642453 0.0211064 -0.0119302 -0.0053618 0.0286411 -0.00142895 -0.00539313 0.0285408
          -0.000884922 0.0116223 0.0407961 -0.000816976 0.00369601 0.0388157 -0.0118633 0.00375644 0.0388484
          -0.000884922 0.0116223 0.0407961 -0.0118633 0.00375644 0.0388484 -0.0118634 0.0116181 0.0407969
          -0.0228412 -0.0064261 0.0211269 -0.0228608 -0.00536727 0.0286429 -0.0119302 -0.0053618 0.0286411
          -0.0228412 -0.0064261 0.0211269 -0.0119302 -0.0053618 0.0286411 -0.011951 -0.00642542 0.0211267
          -0.0229007 0.0116312 0.0408097 -0.0118634 0.0116181 0.0407969 -0.0118633 0.00375644 0.0388484
          -0.0229007 0.0116312 0.0408097 -0.0118633 0.00375644 0.0388484 -0.0228862 0.00376063 0.0388679
          0.00686908 -0.00555248 0.0280354 0.0104324 -0.00333961 0.0323551 0.0220055 0.000748842 0.033292
          0.00686908 -0.00555248 0.0280354 0.0220055 0.000748842 0.033292 0.0224695 -0.00356789 0.0212374
          0.00686908 -0.00555248 0.0280354 0.0224695 -0.00356789 0.0212374 0.0073472 -0.00642339 0.0210803
          0.00686908 -0.00555248 0.0280354 -0.00142895 -0.00539313 0.0285408 -0.000816976 0.00369601 0.0388157
          0.00686908 -0.00555248 0.0280354 -0.000816976 0.00369601 0.0388157 0.00957504 0.00375111 0.0388138
          0.00686908 -0.00555248 0.0280354 0.00957504 0.00375111 0.0388138 0.0104324 -0.00333961 0.0323551
          -0.00161906 -0.00642453 0.0211064 -0.00142895 -0.00539313 0.0285408 0.00686908 -0.00555248 0.0280354
          -0.00161906 -0.00642453 0.0211064 0.00686908 -0.00555248 0.0280354 0.0073472 -0.00642339 0.0210803
          -0.000884922 0.0116223 0.0407961 0.00940421 0.0116273 0.040777 0.00957504 0.00375111 0.0388138
          -0.000884922 0.0116223 0.0407961 0.00957504 0.00375111 0.0388138 -0.000816976 0.00369601 0.0388157
          0.018231 0.0117282 0.0389094 0.0175302 0.00493574 0.0375117 0.00957504 0.00375111 0.0388138
          0.018231 0.0117282 0.0389094 0.00957504 0.00375111 0.0388138 0.00940421 0.0116273 0.040777
          -0.0118736 0.0293373 0.0288096 -0.000877288 0.0293198 0.0288517 -0.000870858 0.0196415 0.039163
          -0.0118736 0.0293373 0.0288096 -0.000870858 0.0196415 0.039163 -0.0118658 0.0196452 0.0391616
          -0.00105451 0.0304716 0.0211419 -0.000877288 0.0293198 0.0288517 -0.0118736 0.0293373 0.0288096
          -0.00105451 0.0304716 0.0211419 -0.0118736 0.0293373 0.0288096 -0.0118935 0.0304699 0.0211018
          -0.000884922 0.0116223 0.0407961 -0.0118634 0.0116181 0.0407969 -0.0118658 0.0196452 0.0391616
          -0.000884922 0.0116223 0.0407961 -0.0118658 0.0196452 0.0391616 -0.000870858 0.0196415 0.039163
          -0.0228389 0.0304691 0.0210847 -0.0118935 0.0304699 0.0211018 -0.0118736 0.0293373 0.0288096
          -0.0228389 0.0304691 0.0210847 -0.0118736 0.0293373 0.0288096 -0.0228598 0.0293443 0.0287927
          -0.0229007 0.0116312 0.0408097 -0.0229189 0.0196579 0.0391589 -0.0118658 0.0196452 0.0391616
          -0.0229007 0.0116312 0.0408097 -0.0118658 0.0196452 0.0391616 -0.0118634 0.0116181 0.0407969
          -0.0546047 0.011179 0.0314457 -0.0549436 0.0198334 0.0310821 -0.0508002 0.0185889 0.0370885
          -0.0546047 0.011179 0.0314457 -0.0508002 0.0185889 0.0370885 -0.0516019 0.0134923 0.0381094
          -0.0443409 0.02698 0.0331045 -0.0441401 0.0197707 0.0391269 -0.0508002 0.0185889 0.0370885
          -0.0443409 0.02698 0.0331045 -0.0508002 0.0185889 0.0370885 -0.0549436 0.0198334 0.0310821
          -0.0445119 0.0111523 0.0405757 -0.0516019 0.0134923 0.0381094 -0.0508002 0.0185889 0.0370885
          -0.0445119 0.0111523 0.0405757 -0.0508002 0.0185889 0.0370885 -0.0441401 0.0197707 0.0391269
          -0.0546047 0.011179 0.0314457 -0.0516019 0.0134923 0.0381094 -0.0445119 0.0111523 0.0405757
          -0.0546047 0.011179 0.0314457 -0.0445119 0.0111523 0.0405757 -0.042028 0.00375766 0.0390296
          -0.0546047 0.011179 0.0314457 -0.042028 0.00375766 0.0390296 -0.0446762 -0.00159634 0.0333659
          -0.0546047 0.011179 0.0314457 -0.0446762 -0.00159634 0.0333659 -0.054824 0.0035723 0.0289967
          0.0327874 0.0247438 0.0207138 0.0328808 0.0216046 0.0307903 0.021454 0.0236647 0.0330772
          0.0327874 0.0247438 0.0207138 0.021454 0.0236647 0.0330772 0.0171703 0.027787 0.0282491
          0.0327874 0.0247438 0.0207138 0.0171703 0.027787 0.0282491 0.0176313 0.0287329 0.0231389
          0.0327874 0.0247438 0.0207138 0.0176313 0.0287329 0.0231389 0.0220495 0.0276315 0.0204462
          -0.033898 0.0113091 0.00384514 -0.0337023 -8.4183e-05 0.00834063 -0.0228942 0.000201117 0.00808818
          -0.033898 0.0113091 0.00384514 -0.0228942 0.000201117 0.00808818 -0.0229145 0.0113283 0.00384394
          -0.0333493 -0.00467252 0.0143566 -0.0337023 -8.4183e-05 0.00834063 -0.0442576 -0.00170768 0.00997972
          -0.0333493 -0.00467252 0.0143566 -0.0442576 -0.00170768 0.00997972 -0.0415454 -0.00475398 0.0145082
          -0.0420488 -0.00643678 0.0211211 -0.0331744 -0.0064338 0.02111 -0.0333493 -0.00467252 0.0143566
          -0.0420488 -0.00643678 0.0211211 -0.0333493 -0.00467252 0.0143566 -0.0415454 -0.00475398 0.0145082
          -0.0228412 -0.0064261 0.0211269 -0.0228596 -0.00463181 0.0142797 -0.0333493 -0.00467252 0.0143566
          -0.0228412 -0.0064261 0.0211269 -0.0333493 -0.00467252 0.0143566 -0.0331744 -0.0064338 0.02111
          0.0320692 0.011488 0.00927534 0.0220127 0.0114047 0.00659829 0.0220029 0.00123934 0.0108601
          0.0320692 0.011488 0.00927534 0.0220029 0.00123934 0.0108601 0.0320503 0.0033037 0.0125958
          0.0326617 -0.00074987 0.0208002 0.0320503 0.0033037 0.0125958 0.0220029 0.00123934 0.0108601
          0.0326617 -0.00074987 0.0208002 0.0220029 0.00123934 0.0108601 0.0224695 -0.00356789 0.0212374
          -0.0228942 0.0232367 0.00762182 -0.0337023 0.0233918 0.00774082 -0.033898 0.0113091 0.00384514
          -0.0228942 0.0232367 0.00762182 -0.033898 0.0113091 0.00384514 -0.0229145 0.0113283 0.00384394
          -0.033349 0.0285118 0.0139617 -0.0415497 0.0286745 0.0142741 -0.0442672 0.0253516 0.00950349
          -0.033349 0.0285118 0.0139617 -0.0442672 0.0253516 0.00950349 -0.0337023 0.0233918 0.00774082
          -0.042047 0.0304675 0.0210463 -0.0415497 0.0286745 0.0142741 -0.033349 0.0285118 0.0139617
          -0.042047 0.0304675 0.0210463 -0.033349 0.0285118 0.0139617 -0.0331691 0.0304683 0.0210644
          -0.0228389 0.0304691 0.0210847 -0.0331691 0.0304683 0.0210644 -0.033349 0.0285118 0.0139617
          -0.0228389 0.0304691 0.0210847 -0.033349 0.0285118 0.0139617 -0.0228596 0.0284715 0.0138842
          0.0221779 0.0222549 0.0104094 0.0321913 0.0201503 0.0121507 0.0327874 0.0247438 0.0207138
          0.0221779 0.0222549 0.0104094 0.0327874 0.0247438 0.0207138 0.0220495 0.0276315 0.0204462
          0.0221779 0.0222549 0.0104094 0.0220127 0.0114047 0.00659829 0.0320692 0.011488 0.00927534
          0.0221779 0.0222549 0.0104094 0.0320692 0.011488 0.00927534 0.0321913 0.0201503 0.0121507
          -0.0333934 -0.00541447 0.0286108 -0.041615 -0.00557776 0.0282193 -0.0446762 -0.00159634 0.0333659
          -0.0333934 -0.00541447 0.0286108 -0.0446762 -0.00159634 0.0333659 -0.042028 0.00375766 0.0390296
          -0.0333934 -0.00541447 0.0286108 -0.042028 0.00375766 0.0390296 -0.0335933 0.0037487 0.0389494
          -0.0420488 -0.00643678 0.0211211 -0.041615 -0.00557776 0.0282193 -0.0333934 -0.00541447 0.0286108
          -0.0420488 -0.00643678 0.0211211 -0.0333934 -0.00541447 0.0286108 -0.0331744 -0.0064338 0.02111
          -0.0445119 0.0111523 0.0405757 -0.0337354 0.0116578 0.0408721 -0.0335933 0.0037487 0.0389494
          -0.0445119 0.0111523 0.0405757 -0.0335933 0.0037487 0.0389494 -0.042028 0.00375766 0.0390296
          -0.0228412 -0.0064261 0.0211269 -0.0331744 -0.0064338 0.02111 -0.0333934 -0.00541447 0.0286108
          -0.0228412 -0.0064261 0.0211269 -0.0333934 -0.00541447 0.0286108 -0.0228608 -0.00536727 0.0286429
          -0.0229007 0.0116312 0.0408097 -0.0228862 0.00376063 0.0388679 -0.0335933 0.0037487 0.0389494
          -0.0229007 0.0116312 0.0408097 -0.0335933 0.0037487 0.0389494 -0.0337354 0.0116578 0.0408721
          0.033379 0.0115585 0.0349383 0.0328118 0.0020564 0.0303731 0.0220055 0.000748842 0.033292
          0.033379 0.0115585 0.0349383 0.0220055 0.000748842 0.033292 0.0175302 0.00493574 0.0375117
          0.033379 0.0115585 0.0349383 0.0175302 0.00493574 0.0375117 0.018231 0.0117282 0.0389094
          0.0220055 0.000748842 0.033292 0.0328118 0.0020564 0.0303731 0.0326617 -0.00074987 0.0208002
          0.0220055 0.000748842 0.033292 0.0326617 -0.00074987 0.0208002 0.0224695 -0.00356789 0.0212374
          -0.0333493 0.0293947 0.0286724 -0.0339434 0.0197388 0.0391412 -0.0441401 0.0197707 0.0391269
          -0.0333493 0.0293947 0.0286724 -0.0441401 0.0197707 0.0391269 -0.0443409 0.02698 0.0331045
          -0.0333493 0.0293947 0.0286724 -0.0443409 0.02698 0.0331045 -0.041579 0.029511 0.028319
          -0.042047 0.0304675 0.0210463 -0.0331691 0.0304683 0.0210644 -0.0333493 0.0293947 0.0286724
          -0.042047 0.0304675 0.0210463 -0.0333493 0.0293947 0.0286724 -0.041579 0.029511 0.028319
          -0.0445119 0.0111523 0.0405757 -0.0441401 0.0197707 0.0391269 -0.0339434 0.0197388 0.0391412
          -0.0445119 0.0111523 0.0405757 -0.0339434 0.0197388 0.0391412 -0.0337354 0.0116578 0.0408721
          -0.0228389 0.0304691 0.0210847 -0.0228598 0.0293443 0.0287927 -0.0333493 0.0293947 0.0286724
          -0.0228389 0.0304691 0.0210847 -0.0333493 0.0293947 0.0286724 -0.0331691 0.0304683 0.0210644
          -0.0229007 0.0116312 0.0408097 -0.0337354 0.0116578 0.0408721 -0.0339434 0.0197388 0.0391412
          -0.0229007 0.0116312 0.0408097 -0.0339434 0.0197388 0.0391412 -0.0229189 0.0196579 0.0391589
          -0.414815 -0.0715438 0.00907697 -0.414752 -0.0726379 0.0170741 -0.415968 -0.066402 0.0194291
          -0.414815 -0.0715438 0.00907697 -0.415968 -0.066402 0.0194291 -0.415419 -0.0683747 0.00948066
          -0.415059 -0.0675869 -0.0188452 -0.414257 -0.0719057 -0.0181841 -0.414376 -0.0719563 -0.0110299
          -0.415059 -0.0675869 -0.0188452 -0.414376 -0.0719563 -0.0110299 -0.415041 -0.0684136 -0.0111282
          -0.421071 -0.0535743 -0.00103041 -0.421242 -0.0537041 0.00989867 -0.419248 -0.064264 0.00957207
          -0.421071 -0.0535743 -0.00103041 -0.419248 -0.064264 0.00957207 -0.419146 -0.0637933 -0.00101067
          -0.41792 -0.0720333 0.0171221 -0.417747 -0.0722006 0.00924053 -0.419248 -0.064264 0.00957207
          -0.41792 -0.0720333 0.0171221 -0.419248 -0.064264 0.00957207 -0.419411 -0.0643532 0.0196314
          -0.417556 -0.0722326 -0.0010631 -0.419146 -0.0637933 -0.00101067 -0.419248 -0.064264 0.00957207
          -0.417556 -0.0722326 -0.0010631 -0.419248 -0.064264 0.00957207 -0.417747 -0.0722006 0.00924053
          -0.421394 -0.0538515 0.0199141 -0.419411 -0.0643532 0.0196314 -0.419248 -0.064264 0.00957207
          -0.421394 -0.0538515 0.0199141 -0.419248 -0.064264 0.00957207 -0.421242 -0.0537041 0.00989867
          -0.426473 -0.0279481 0.0310851 -0.426068 -0.0293633 0.023358 -0.427481 -0.0216008 0.0206526
          -0.426473 -0.0279481 0.0310851 -0.427481 -0.0216008 0.0206526 -0.427458 -0.0226268 0.0301117
          -0.418182 -0.0526902 -0.00114257 -0.41981 -0.0440394 -0.00120901 -0.419624 -0.0439893 -0.0120705
          -0.418182 -0.0526902 -0.00114257 -0.419624 -0.0439893 -0.0120705 -0.417912 -0.0530865 -0.012022
          -0.421578 -0.0327555 -0.0211167 -0.419567 -0.0434156 -0.0212705 -0.419624 -0.0439893 -0.0120705
          -0.421578 -0.0327555 -0.0211167 -0.419624 -0.0439893 -0.0120705 -0.421605 -0.0334663 -0.0121267
          -0.417638 -0.0536396 -0.0214722 -0.417912 -0.0530865 -0.012022 -0.419624 -0.0439893 -0.0120705
          -0.417638 -0.0536396 -0.0214722 -0.419624 -0.0439893 -0.0120705 -0.419567 -0.0434156 -0.0212705
          -0.421775 -0.0336024 -0.00123697 -0.421605 -0.0334663 -0.0121267 -0.419624 -0.0439893 -0.0120705
          -0.421775 -0.0336024 -0.00123697 -0.419624 -0.0439893 -0.0120705 -0.41981 -0.0440394 -0.00120901
          -0.421071 -0.0535743 -0.00103041 -0.419146 -0.0637933 -0.00101067 -0.418953 -0.0638368 -0.0113498
          -0.421071 -0.0535743 -0.00103041 -0.418953 -0.0638368 -0.0113498 -0.420896 -0.0534773 -0.0117701
          -0.417334 -0.0717284 -0.0187617 -0.419035 -0.0625779 -0.0199517 -0.418953 -0.0638368 -0.0113498
          -0.417334 -0.0717284 -0.0187617 -0.418953 -0.0638368 -0.0113498 -0.417779 -0.0700989 -0.0110652
          -0.417556 -0.0722326 -0.0010631 -0.417779 -0.0700989 -0.0110652 -0.418953 -0.0638368 -0.0113498
          -0.417556 -0.0722326 -0.0010631 -0.418953 -0.0638368 -0.0113498 -0.419146 -0.0637933 -0.00101067
          -0.42068 -0.0537593 -0.0208649 -0.420896 -0.0534773 -0.0117701 -0.418953 -0.0638368 -0.0113498
          -0.42068 -0.0537593 -0.0208649 -0.418953 -0.0638368 -0.0113498 -0.419035 -0.0625779 -0.0199517
          -0.415182 -0.068624 -0.00107915 -0.415419 -0.0683747 0.00948066 -0.418233 -0.0534558 0.0097815
          -0.415182 -0.068624 -0.00107915 -0.418233 -0.0534558 0.0097815 -0.418182 -0.0526902 -0.00114257
          -0.415182 -0.068624 -0.00107915 -0.414595 -0.0717397 -0.00109638 -0.414815 -0.0715438 0.00907697
          -0.415182 -0.068624 -0.00107915 -0.414815 -0.0715438 0.00907697 -0.415419 -0.0683747 0.00948066
          -0.421071 -0.0535743 -0.00103041 -0.423027 -0.0431785 -0.00111299 -0.42319 -0.0433431 0.00971973
          -0.421071 -0.0535743 -0.00103041 -0.42319 -0.0433431 0.00971973 -0.421242 -0.0537041 0.00989867
          -0.425178 -0.0337646 0.0199986 -0.423233 -0.0440948 0.0199667 -0.42319 -0.0433431 0.00971973
          -0.425178 -0.0337646 0.0199986 -0.42319 -0.0433431 0.00971973 -0.424802 -0.0347364 0.00918251
          -0.421394 -0.0538515 0.0199141 -0.421242 -0.0537041 0.00989867 -0.42319 -0.0433431 0.00971973
          -0.421394 -0.0538515 0.0199141 -0.42319 -0.0433431 0.00971973 -0.423233 -0.0440948 0.0199667
          -0.424689 -0.0343412 -0.00121533 -0.424802 -0.0347364 0.00918251 -0.42319 -0.0433431 0.00971973
          -0.424689 -0.0343412 -0.00121533 -0.42319 -0.0433431 0.00971973 -0.423027 -0.0431785 -0.00111299
          -0.414376 -0.0719563 -0.0110299 -0.414595 -0.0717397 -0.00109638 -0.415182 -0.068624 -0.00107915
          -0.414376 -0.0719563 -0.0110299 -0.415182 -0.068624 -0.00107915 -0.415041 -0.0684136 -0.0111282
          -0.425489 -0.0138917 -0.00113928 -0.425242 -0.0142443 -0.0112086 -0.423546 -0.0231802 -0.0119217
          -0.425489 -0.0138917 -0.00113928 -0.423546 -0.0231802 -0.0119217 -0.423726 -0.0232443 -0.00121948
          -0.421578 -0.0327555 -0.0211167 -0.421605 -0.0334663 -0.0121267 -0.423546 -0.0231802 -0.0119217
          -0.421578 -0.0327555 -0.0211167 -0.423546 -0.0231802 -0.0119217 -0.423484 -0.0225839 -0.0216339
          -0.424989 -0.0148322 -0.0191477 -0.423484 -0.0225839 -0.0216339 -0.423546 -0.0231802 -0.0119217
          -0.424989 -0.0148322 -0.0191477 -0.423546 -0.0231802 -0.0119217 -0.425242 -0.0142443 -0.0112086
          -0.421775 -0.0336024 -0.00123697 -0.423726 -0.0232443 -0.00121948 -0.423546 -0.0231802 -0.0119217
          -0.421775 -0.0336024 -0.00123697 -0.423546 -0.0231802 -0.0119217 -0.421605 -0.0334663 -0.0121267
          -0.429204 -0.0111942 0.00744469 -0.428842 -0.0142898 0.019762 -0.427481 -0.0216008 0.0206526
          -0.429204 -0.0111942 0.00744469 -0.427481 -0.0216008 0.0206526 -0.427918 -0.0181791 0.0090786
          -0.427918 -0.0181791 0.0090786 -0.427481 -0.0216008 0.0206526 -0.426068 -0.0293633 0.023358
          -0.427918 -0.0181791 0.0090786 -0.426068 -0.0293633 0.023358 -0.425178 -0.0337646 0.0199986
          -0.427918 -0.0181791 0.0090786 -0.425178 -0.0337646 0.0199986 -0.424802 -0.0347364 0.00918251
          -0.424689 -0.0343412 -0.00121533 -0.427524 -0.0193037 -0.00109215 -0.427918 -0.0181791 0.0090786
          -0.424689 -0.0343412 -0.00121533 -0.427918 -0.0181791 0.0090786 -0.424802 -0.0347364 0.00918251
          -0.426926 -0.0205378 -0.0214685 -0.428196 -0.0140399 -0.0188781 -0.428911 -0.0111606 -0.0092185
          -0.426926 -0.0205378 -0.0214685 -0.428911 -0.0111606 -0.0092185 -0.427559 -0.0181424 -0.011308
          -0.430164 -0.00528565 -0.00108147 -0.426662 -0.00766991 -0.00106211 -0.425489 -0.0138917 -0.00113928
          -0.430164 -0.00528565 -0.00108147 -0.425489 -0.0138917 -0.00113928 -0.42561 -0.0142575 0.00943687
          -0.430164 -0.00528565 -0.00108147 -0.42561 -0.0142575 0.00943687 -0.429204 -0.0111942 0.00744469
          -0.430164 -0.00528565 -0.00108147 -0.429204 -0.0111942 0.00744469 -0.430461 -0.00433298 0.00547692
          -0.430164 -0.00528565 -0.00108147 -0.430049 -0.00530102 -0.00733468 -0.428911 -0.0111606 -0.0092185
          -0.430164 -0.00528565 -0.00108147 -0.428911 -0.0111606 -0.0092185 -0.425242 -0.0142443 -0.0112086
          -0.430164 -0.00528565 -0.00108147 -0.425242 -0.0142443 -0.0112086 -0.425489 -0.0138917 -0.00113928
          -0.430164 -0.00528565 -0.00108147 -0.425489 -0.0138917 -0.00113928 -0.426662 -0.00766991 -0.00106211
          -0.421578 -0.0327555 -0.0211167 -0.42139 -0.0331613 -0.0273179 -0.422446 -0.0437702 -0.0273027
          -0.421578 -0.0327555 -0.0211167 -0.422446 -0.0437702 -0.0273027 -0.419567 -0.0434156 -0.0212705
          -0.417638 -0.0536396 -0.0214722 -0.419567 -0.0434156 -0.0212705 -0.422446 -0.0437702 -0.0273027
          -0.417638 -0.0536396 -0.0214722 -0.422446 -0.0437702 -0.0273027 -0.420574 -0.0537262 -0.0271411
          -0.417638 -0.0536396 -0.0214722 -0.420574 -0.0537262 -0.0271411 -0.419249 -0.060658 -0.0281613
          -0.417638 -0.0536396 -0.0214722 -0.419249 -0.060658 -0.0281613 -0.419035 -0.0625779 -0.0199517
          -0.415968 -0.066402 0.0194291 -0.419411 -0.0643532 0.0196314 -0.419917 -0.0622404 0.0256476
          -0.415968 -0.066402 0.0194291 -0.419917 -0.0622404 0.0256476 -0.416323 -0.0651867 0.0264169
          -0.418553 -0.0527516 0.0201985 -0.416886 -0.0615411 0.0195802 -0.419917 -0.0622404 0.0256476
          -0.418553 -0.0527516 0.0201985 -0.419917 -0.0622404 0.0256476 -0.421913 -0.0519052 0.0283983
          -0.423486 -0.0436897 0.0298649 -0.423233 -0.0440948 0.0199667 -0.425178 -0.0337646 0.0199986
          -0.423486 -0.0436897 0.0298649 -0.425178 -0.0337646 0.0199986 -0.426068 -0.0293633 0.023358
          -0.423486 -0.0436897 0.0298649 -0.426068 -0.0293633 0.023358 -0.426473 -0.0279481 0.0310851
          -0.421394 -0.0538515 0.0199141 -0.423233 -0.0440948 0.0199667 -0.423486 -0.0436897 0.0298649
          -0.421394 -0.0538515 0.0199141 -0.423486 -0.0436897 0.0298649 -0.421913 -0.0519052 0.0283983
          -0.422381 -0.0502289 0.0368714 -0.421913 -0.0519052 0.0283983 -0.423486 -0.0436897 0.0298649
          -0.422381 -0.0502289 0.0368714 -0.423486 -0.0436897 0.0298649 -0.420683 -0.0429481 0.0359943
          -0.422561 -0.0330494 0.0367892 -0.420683 -0.0429481 0.0359943 -0.423486 -0.0436897 0.0298649
          -0.422561 -0.0330494 0.0367892 -0.423486 -0.0436897 0.0298649 -0.426473 -0.0279481 0.0310851
          -0.422561 -0.0330494 0.0367892 -0.426473 -0.0279481 0.0310851 -0.42628 -0.0296397 0.038068
          -0.42301 -0.0245503 -0.027432 -0.426541 -0.0219022 -0.028583 -0.426926 -0.0205378 -0.0214685
          -0.42301 -0.0245503 -0.027432 -0.426926 -0.0205378 -0.0214685 -0.424426 -0.0337981 -0.021611
          -0.42301 -0.0245503 -0.027432 -0.424426 -0.0337981 -0.021611 -0.42139 -0.0331613 -0.0273179
          -0.427481 -0.0216008 0.0206526 -0.428842 -0.0142898 0.019762 -0.428857 -0.0149987 0.0280047
          -0.427481 -0.0216008 0.0206526 -0.428857 -0.0149987 0.0280047 -0.427458 -0.0226268 0.0301117
          -0.427115 -0.0250763 0.0367151 -0.427458 -0.0226268 0.0301117 -0.424187 -0.0237232 0.0294886
          -0.427115 -0.0250763 0.0367151 -0.424187 -0.0237232 0.0294886 -0.42399 -0.0255055 0.0372454
          -0.427115 -0.0250763 0.0367151 -0.42628 -0.0296397 0.038068 -0.426473 -0.0279481 0.0310851
          -0.427115 -0.0250763 0.0367151 -0.426473 -0.0279481 0.0310851 -0.427458 -0.0226268 0.0301117
          -0.421071 -0.0535743 -0.00103041 -0.420896 -0.0534773 -0.0117701 -0.422844 -0.0431225 -0.0119233
          -0.421071 -0.0535743 -0.00103041 -0.422844 -0.0431225 -0.0119233 -0.423027 -0.0431785 -0.00111299
          -0.424426 -0.0337981 -0.021611 -0.424516 -0.0342319 -0.012041 -0.422844 -0.0431225 -0.0119233
          -0.424426 -0.0337981 -0.021611 -0.422844 -0.0431225 -0.0119233 -0.422588 -0.0435919 -0.0212669
          -0.42068 -0.0537593 -0.0208649 -0.422588 -0.0435919 -0.0212669 -0.422844 -0.0431225 -0.0119233
          -0.42068 -0.0537593 -0.0208649 -0.422844 -0.0431225 -0.0119233 -0.420896 -0.0534773 -0.0117701
          -0.424689 -0.0343412 -0.00121533 -0.423027 -0.0431785 -0.00111299 -0.422844 -0.0431225 -0.0119233
          -0.424689 -0.0343412 -0.00121533 -0.422844 -0.0431225 -0.0119233 -0.424516 -0.0342319 -0.012041
          -0.418182 -0.0526902 -0.00114257 -0.417912 -0.0530865 -0.012022 -0.415041 -0.0684136 -0.0111282
          -0.418182 -0.0526902 -0.00114257 -0.415041 -0.0684136 -0.0111282 -0.415182 -0.068624 -0.00107915
          -0.417638 -0.0536396 -0.0214722 -0.419035 -0.0625779 -0.0199517 -0.415059 -0.0675869 -0.0188452
          -0.417638 -0.0536396 -0.0214722 -0.415059 -0.0675869 -0.0188452 -0.415041 -0.0684136 -0.0111282
          -0.417638 -0.0536396 -0.0214722 -0.415041 -0.0684136 -0.0111282 -0.417912 -0.0530865 -0.012022
          -0.415968 -0.066402 0.0194291 -0.416886 -0.0615411 0.0195802 -0.418553 -0.0527516 0.0201985
          -0.415968 -0.066402 0.0194291 -0.418553 -0.0527516 0.0201985 -0.418233 -0.0534558 0.0097815
          -0.415968 -0.066402 0.0194291 -0.418233 -0.0534558 0.0097815 -0.415419 -0.0683747 0.00948066
          -0.41792 -0.0720333 0.0171221 -0.419411 -0.0643532 0.0196314 -0.415968 -0.066402 0.0194291
          -0.41792 -0.0720333 0.0171221 -0.415968 -0.066402 0.0194291 -0.414752 -0.0726379 0.0170741
          -0.41792 -0.0720333 0.0171221 -0.414752 -0.0726379 0.0170741 -0.414815 -0.0715438 0.00907697
          -0.41792 -0.0720333 0.0171221 -0.414815 -0.0715438 0.00907697 -0.417747 -0.0722006 0.00924053
          -0.417556 -0.0722326 -0.0010631 -0.417747 -0.0722006 0.00924053 -0.414815 -0.0715438 0.00907697
          -0.417556 -0.0722326 -0.0010631 -0.414815 -0.0715438 0.00907697 -0.414595 -0.0717397 -0.00109638
          -0.418182 -0.0526902 -0.00114257 -0.418233 -0.0534558 0.0097815 -0.420006 -0.0440454 0.00979016
          -0.418182 -0.0526902 -0.00114257 -0.420006 -0.0440454 0.00979016 -0.41981 -0.0440394 -0.00120901
          -0.422181 -0.0335316 0.0206535 -0.421967 -0.0336307 0.00977261 -0.420006 -0.0440454 0.00979016
          -0.422181 -0.0335316 0.0206535 -0.420006 -0.0440454 0.00979016 -0.420235 -0.0438527 0.0205217
          -0.418553 -0.0527516 0.0201985 -0.420235 -0.0438527 0.0205217 -0.420006 -0.0440454 0.00979016
          -0.418553 -0.0527516 0.0201985 -0.420006 -0.0440454 0.00979016 -0.418233 -0.0534558 0.0097815
          -0.421775 -0.0336024 -0.00123697 -0.41981 -0.0440394 -0.00120901 -0.420006 -0.0440454 0.00979016
          -0.421775 -0.0336024 -0.00123697 -0.420006 -0.0440454 0.00979016 -0.421967 -0.0336307 0.00977261
          -0.417334 -0.0717284 -0.0187617 -0.414257 -0.0719057 -0.0181841 -0.415059 -0.0675869 -0.0188452
          -0.417334 -0.0717284 -0.0187617 -0.415059 -0.0675869 -0.0188452 -0.419035 -0.0625779 -0.0199517
          -0.417334 -0.0717284 -0.0187617 -0.417779 -0.0700989 -0.0110652 -0.414376 -0.0719563 -0.0110299
          -0.417334 -0.0717284 -0.0187617 -0.414376 -0.0719563 -0.0110299 -0.414257 -0.0719057 -0.0181841
          -0.417556 -0.0722326 -0.0010631 -0.414595 -0.0717397 -0.00109638 -0.414376 -0.0719563 -0.0110299
          -0.417556 -0.0722326 -0.0010631 -0.414376 -0.0719563 -0.0110299 -0.417779 -0.0700989 -0.0110652
          -0.424426 -0.0337981 -0.021611 -0.426926 -0.0205378 -0.0214685 -0.427559 -0.0181424 -0.011308
          -0.424426 -0.0337981 -0.021611 -0.427559 -0.0181424 -0.011308 -0.424516 -0.0342319 -0.012041
          -0.424689 -0.0343412 -0.00121533 -0.424516 -0.0342319 -0.012041 -0.427559 -0.0181424 -0.011308
          -0.424689 -0.0343412 -0.00121533 -0.427559 -0.0181424 -0.011308 -0.427524 -0.0193037 -0.00109215
          -0.427524 -0.0193037 -0.00109215 -0.428997 -0.0114779 -0.00110086 -0.429204 -0.0111942 0.00744469
          -0.427524 -0.0193037 -0.00109215 -0.429204 -0.0111942 0.00744469 -0.427918 -0.0181791 0.0090786
          -0.425489 -0.0138917 -0.00113928 -0.423726 -0.0232443 -0.00121948 -0.42391 -0.0233081 0.00971415
          -0.425489 -0.0138917 -0.00113928 -0.42391 -0.0233081 0.00971415 -0.42561 -0.0142575 0.00943687
          -0.422181 -0.0335316 0.0206535 -0.424095 -0.0233495 0.0204416 -0.42391 -0.0233081 0.00971415
          -0.422181 -0.0335316 0.0206535 -0.42391 -0.0233081 0.00971415 -0.421967 -0.0336307 0.00977261
          -0.42568 -0.0148853 0.0199156 -0.42561 -0.0142575 0.00943687 -0.42391 -0.0233081 0.00971415
          -0.42568 -0.0148853 0.0199156 -0.42391 -0.0233081 0.00971415 -0.424095 -0.0233495 0.0204416
          -0.42568 -0.0148853 0.0199156 -0.428842 -0.0142898 0.019762 -0.429204 -0.0111942 0.00744469
          -0.42568 -0.0148853 0.0199156 -0.429204 -0.0111942 0.00744469 -0.42561 -0.0142575 0.00943687
          -0.421775 -0.0336024 -0.00123697 -0.421967 -0.0336307 0.00977261 -0.42391 -0.0233081 0.00971415
          -0.421775 -0.0336024 -0.00123697 -0.42391 -0.0233081 0.00971415 -0.423726 -0.0232443 -0.00121948
          -0.428911 -0.0111606 -0.0092185 -0.428997 -0.0114779 -0.00110086 -0.427524 -0.0193037 -0.00109215
          -0.428911 -0.0111606 -0.0092185 -0.427524 -0.0193037 -0.00109215 -0.427559 -0.0181424 -0.011308
          -0.424989 -0.0148322 -0.0191477 -0.425242 -0.0142443 -0.0112086 -0.428911 -0.0111606 -0.0092185
          -0.424989 -0.0148322 -0.0191477 -0.428911 -0.0111606 -0.0092185 -0.428196 -0.0140399 -0.0188781
          -0.424989 -0.0148322 -0.0191477 -0.428196 -0.0140399 -0.0188781 -0.426926 -0.0205378 -0.0214685
          -0.424989 -0.0148322 -0.0191477 -0.426926 -0.0205378 -0.0214685 -0.423484 -0.0225839 -0.0216339
          -0.430164 -0.00528565 -0.00108147 -0.430461 -0.00433298 0.00547692 -0.429204 -0.0111942 0.00744469
          -0.430164 -0.00528565 -0.00108147 -0.429204 -0.0111942 0.00744469 -0.428997 -0.0114779 -0.00110086
          -0.430164 -0.00528565 -0.00108147 -0.428997 -0.0114779 -0.00110086 -0.428911 -0.0111606 -0.0092185
          -0.430164 -0.00528565 -0.00108147 -0.428911 -0.0111606 -0.0092185 -0.430049 -0.00530102 -0.00733468
          -0.424426 -0.0337981 -0.021611 -0.422588 -0.0435919 -0.0212669 -0.422446 -0.0437702 -0.0273027
          -0.424426 -0.0337981 -0.021611 -0.422446 -0.0437702 -0.0273027 -0.42139 -0.0331613 -0.0273179
          -0.42068 -0.0537593 -0.0208649 -0.420574 -0.0537262 -0.0271411 -0.422446 -0.0437702 -0.0273027
          -0.42068 -0.0537593 -0.0208649 -0.422446 -0.0437702 -0.0273027 -0.422588 -0.0435919 -0.0212669
          -0.42068 -0.0537593 -0.0208649 -0.419035 -0.0625779 -0.0199517 -0.419249 -0.060658 -0.0281613
          -0.42068 -0.0537593 -0.0208649 -0.419249 -0.060658 -0.0281613 -0.420574 -0.0537262 -0.0271411
          -0.415968 -0.066402 0.0194291 -0.416323 -0.0651867 0.0264169 -0.419917 -0.0622404 0.0256476
          -0.415968 -0.066402 0.0194291 -0.419917 -0.0622404 0.0256476 -0.416886 -0.0615411 0.0195802
          -0.421394 -0.0538515 0.0199141 -0.421913 -0.0519052 0.0283983 -0.419917 -0.0622404 0.0256476
          -0.421394 -0.0538515 0.0199141 -0.419917 -0.0622404 0.0256476 -0.419411 -0.0643532 0.0196314
          -0.422181 -0.0335316 0.0206535 -0.420235 -0.0438527 0.0205217 -0.420597 -0.0428093 0.0297488
          -0.422181 -0.0335316 0.0206535 -0.420597 -0.0428093 0.0297488 -0.422482 -0.0328305 0.0300552
          -0.418553 -0.0527516 0.0201985 -0.421913 -0.0519052 0.0283983 -0.420597 -0.0428093 0.0297488
          -0.418553 -0.0527516 0.0201985 -0.420597 -0.0428093 0.0297488 -0.420235 -0.0438527 0.0205217
          -0.422381 -0.0502289 0.0368714 -0.420683 -0.0429481 0.0359943 -0.420597 -0.0428093 0.0297488
          -0.422381 -0.0502289 0.0368714 -0.420597 -0.0428093 0.0297488 -0.421913 -0.0519052 0.0283983
          -0.422561 -0.0330494 0.0367892 -0.422482 -0.0328305 0.0300552 -0.420597 -0.0428093 0.0297488
          -0.422561 -0.0330494 0.0367892 -0.420597 -0.0428093 0.0297488 -0.420683 -0.0429481 0.0359943
          -0.42301 -0.0245503 -0.027432 -0.423484 -0.0225839 -0.0216339 -0.426926 -0.0205378 -0.0214685
          -0.42301 -0.0245503 -0.027432 -0.426926 -0.0205378 -0.0214685 -0.426541 -0.0219022 -0.028583
          -0.421578 -0.0327555 -0.0211167 -0.423484 -0.0225839 -0.0216339 -0.42301 -0.0245503 -0.027432
          -0.421578 -0.0327555 -0.0211167 -0.42301 -0.0245503 -0.027432 -0.42139 -0.0331613 -0.0273179
          -0.422181 -0.0335316 0.0206535 -0.422482 -0.0328305 0.0300552 -0.424187 -0.0237232 0.0294886
          -0.422181 -0.0335316 0.0206535 -0.424187 -0.0237232 0.0294886 -0.424095 -0.0233495 0.0204416
          -0.424187 -0.0237232 0.0294886 -0.427458 -0.0226268 0.0301117 -0.428857 -0.0149987 0.0280047
          -0.424187 -0.0237232 0.0294886 -0.428857 -0.0149987 0.0280047 -0.425729 -0.0153923 0.0279865
          -0.42568 -0.0148853 0.0199156 -0.424095 -0.0233495 0.0204416 -0.424187 -0.0237232 0.0294886
          -0.42568 -0.0148853 0.0199156 -0.424187 -0.0237232 0.0294886 -0.425729 -0.0153923 0.0279865
          -0.42568 -0.0148853 0.0199156 -0.425729 -0.0153923 0.0279865 -0.428857 -0.0149987 0.0280047
          -0.42568 -0.0148853 0.0199156 -0.428857 -0.0149987 0.0280047 -0.428842 -0.0142898 0.019762
          -0.422561 -0.0330494 0.0367892 -0.42399 -0.0255055 0.0372454 -0.424187 -0.0237232 0.0294886
          -0.422561 -0.0330494 0.0367892 -0.424187 -0.0237232 0.0294886 -0.422482 -0.0328305 0.0300552
          -0.422561 -0.0330494 0.0367892 -0.42628 -0.0296397 0.038068 -0.427115 -0.0250763 0.0367151
          -0.422561 -0.0330494 0.0367892 -0.427115 -0.0250763 0.0367151 -0.42399 -0.0255055 0.0372454
          -0.350279 0.187477 0.0642462 -0.349298 0.190117 0.0716017 -0.342107 0.189385 0.0773951
          -0.350279 0.187477 0.0642462 -0.342107 0.189385 0.0773951 -0.342876 0.178935 0.0627487
          -0.350279 0.187477 0.0642462 -0.342876 0.178935 0.0627487 -0.350671 0.179854 0.0618033
          -0.332119 0.16403 0.0428751 -0.328747 0.168892 0.0367205 -0.32856 0.173549 0.0377518
          -0.332119 0.16403 0.0428751 -0.32856 0.173549 0.0377518 -0.33225 0.177394 0.0396359
          -0.332119 0.16403 0.0428751 -0.33225 0.177394 0.0396359 -0.342898 0.177778 0.0411439
          -0.332119 0.16403 0.0428751 -0.342898 0.177778 0.0411439 -0.342662 0.1641 0.0449721
          -0.350465 0.18484 0.046049 -0.352675 0.177077 0.0465878 -0.342898 0.177778 0.0411439
          -0.350465 0.18484 0.046049 -0.342898 0.177778 0.0411439 -0.342781 0.185224 0.04539
          -0.352742 0.170102 0.0465866 -0.342662 0.1641 0.0449721 -0.342898 0.177778 0.0411439
          -0.352742 0.170102 0.0465866 -0.342898 0.177778 0.0411439 -0.352675 0.177077 0.0465878
          -0.332505 0.185734 0.0445343 -0.342781 0.185224 0.04539 -0.342898 0.177778 0.0411439
          -0.332505 0.185734 0.0445343 -0.342898 0.177778 0.0411439 -0.33225 0.177394 0.0396359
          -0.332119 0.16403 0.0428751 -0.332051 0.1678 0.054388 -0.32133 0.167792 0.0530156
          -0.332119 0.16403 0.0428751 -0.32133 0.167792 0.0530156 -0.3213 0.163857 0.0430404
          -0.310678 0.163707 0.0429046 -0.3213 0.163857 0.0430404 -0.32133 0.167792 0.0530156
          -0.310678 0.163707 0.0429046 -0.32133 0.167792 0.0530156 -0.310745 0.16829 0.051787
          -0.310595 0.17502 0.035989 -0.320609 0.174217 0.0369776 -0.320846 0.168486 0.0356379
          -0.310595 0.17502 0.035989 -0.320846 0.168486 0.0356379 -0.3106 0.168851 0.0343855
          -0.310595 0.17502 0.035989 -0.311244 0.187339 0.0432299 -0.321697 0.186513 0.0438256
          -0.310595 0.17502 0.035989 -0.321697 0.186513 0.0438256 -0.320609 0.174217 0.0369776
          -0.342167 0.168055 0.0557437 -0.352078 0.169912 0.0517104 -0.351677 0.177308 0.0542438
          -0.342167 0.168055 0.0557437 -0.351677 0.177308 0.0542438 -0.342612 0.173362 0.0579865
          -0.310678 0.163707 0.0429046 -0.310745 0.16829 0.051787 -0.302297 0.169029 0.0509687
          -0.310678 0.163707 0.0429046 -0.302297 0.169029 0.0509687 -0.299892 0.163607 0.043248
          -0.293546 0.176947 0.0359753 -0.293241 0.183154 0.0378644 -0.297307 0.18292 0.0382133
          -0.293546 0.176947 0.0359753 -0.297307 0.18292 0.0382133 -0.300403 0.177107 0.0355068
          -0.300597 0.169706 0.0332509 -0.300403 0.177107 0.0355068 -0.310595 0.17502 0.035989
          -0.300597 0.169706 0.0332509 -0.310595 0.17502 0.035989 -0.3106 0.168851 0.0343855
          -0.310595 0.17502 0.035989 -0.300403 0.177107 0.0355068 -0.297307 0.18292 0.0382133
          -0.310595 0.17502 0.035989 -0.297307 0.18292 0.0382133 -0.300638 0.188043 0.0426025
          -0.310595 0.17502 0.035989 -0.300638 0.188043 0.0426025 -0.311244 0.187339 0.0432299
          -0.292403 0.18676 0.0440094 -0.292611 0.176946 0.0437488 -0.293112 0.179721 0.0511084
          -0.292403 0.18676 0.0440094 -0.293112 0.179721 0.0511084 -0.291326 0.186787 0.0544624
          -0.302297 0.169029 0.0509687 -0.299287 0.176203 0.0544114 -0.293112 0.179721 0.0511084
          -0.302297 0.169029 0.0509687 -0.293112 0.179721 0.0511084 -0.292611 0.176946 0.0437488
          -0.302297 0.169029 0.0509687 -0.292611 0.176946 0.0437488 -0.293076 0.169645 0.0410437
          -0.302297 0.169029 0.0509687 -0.293076 0.169645 0.0410437 -0.299892 0.163607 0.043248
          -0.299287 0.176203 0.0544114 -0.302297 0.169029 0.0509687 -0.310745 0.16829 0.051787
          -0.299287 0.176203 0.0544114 -0.310745 0.16829 0.051787 -0.310924 0.180637 0.0618247
          -0.299287 0.176203 0.0544114 -0.310924 0.180637 0.0618247 -0.302318 0.180467 0.0614168
          -0.293112 0.179721 0.0511084 -0.299287 0.176203 0.0544114 -0.302318 0.180467 0.0614168
          -0.293112 0.179721 0.0511084 -0.302318 0.180467 0.0614168 -0.299522 0.183295 0.0652949
          -0.293112 0.179721 0.0511084 -0.299522 0.183295 0.0652949 -0.290678 0.18885 0.0642833
          -0.293112 0.179721 0.0511084 -0.290678 0.18885 0.0642833 -0.291326 0.186787 0.0544624
          -0.332057 0.189252 0.0760874 -0.321267 0.189299 0.0746889 -0.321692 0.180238 0.0621161
          -0.332057 0.189252 0.0760874 -0.321692 0.180238 0.0621161 -0.33262 0.179575 0.062376
          -0.290678 0.18885 0.0642833 -0.299522 0.183295 0.0652949 -0.300265 0.189795 0.0720008
          -0.290678 0.18885 0.0642833 -0.300265 0.189795 0.0720008 -0.292809 0.19052 0.071067
          -0.350279 0.187477 0.0642462 -0.351553 0.187251 0.0544606 -0.350402 0.195131 0.0570702
          -0.350279 0.187477 0.0642462 -0.350402 0.195131 0.0570702 -0.350169 0.195266 0.0645139
          -0.342756 0.195496 0.0567546 -0.350402 0.195131 0.0570702 -0.351553 0.187251 0.0544606
          -0.342756 0.195496 0.0567546 -0.351553 0.187251 0.0544606 -0.350465 0.18484 0.046049
          -0.342756 0.195496 0.0567546 -0.350465 0.18484 0.046049 -0.342781 0.185224 0.04539
          -0.350402 0.195131 0.0570702 -0.342756 0.195496 0.0567546 -0.342719 0.198915 0.0644034
          -0.350402 0.195131 0.0570702 -0.342719 0.198915 0.0644034 -0.350169 0.195266 0.0645139
          -0.321528 0.199506 0.0644575 -0.321536 0.196463 0.0561869 -0.31083 0.19682 0.0557168
          -0.321528 0.199506 0.0644575 -0.31083 0.19682 0.0557168 -0.310539 0.199696 0.0642161
          -0.31083 0.19682 0.0557168 -0.321536 0.196463 0.0561869 -0.321697 0.186513 0.0438256
          -0.31083 0.19682 0.0557168 -0.321697 0.186513 0.0438256 -0.311244 0.187339 0.0432299
          -0.350279 0.187477 0.0642462 -0.350671 0.179854 0.0618033 -0.351677 0.177308 0.0542438
          -0.350279 0.187477 0.0642462 -0.351677 0.177308 0.0542438 -0.351553 0.187251 0.0544606
          -0.342876 0.178935 0.0627487 -0.342612 0.173362 0.0579865 -0.351677 0.177308 0.0542438
          -0.342876 0.178935 0.0627487 -0.351677 0.177308 0.0542438 -0.350671 0.179854 0.0618033
          -0.310924 0.180637 0.0618247 -0.321692 0.180238 0.0621161 -0.321267 0.189299 0.0746889
          -0.310924 0.180637 0.0618247 -0.321267 0.189299 0.0746889 -0.310387 0.189404 0.0732781
          -0.321692 0.180238 0.0621161 -0.310924 0.180637 0.0618247 -0.310745 0.16829 0.051787
          -0.321692 0.180238 0.0621161 -0.310745 0.16829 0.051787 -0.32133 0.167792 0.0530156
          -0.299522 0.183295 0.0652949 -0.302318 0.180467 0.0614168 -0.310924 0.180637 0.0618247
          -0.299522 0.183295 0.0652949 -0.310924 0.180637 0.0618247 -0.310387 0.189404 0.0732781
          -0.299522 0.183295 0.0652949 -0.310387 0.189404 0.0732781 -0.300265 0.189795 0.0720008
          -0.31083 0.19682 0.0557168 -0.300456 0.196431 0.0537683 -0.30028 0.199771 0.0638986
          -0.31083 0.19682 0.0557168 -0.30028 0.199771 0.0638986 -0.310539 0.199696 0.0642161
          -0.350279 0.187477 0.0642462 -0.350169 0.195266 0.0645139 -0.349271 0.195306 0.0714206
          -0.350279 0.187477 0.0642462 -0.349271 0.195306 0.0714206 -0.349298 0.190117 0.0716017
          -0.349271 0.195306 0.0714206 -0.342727 0.200487 0.0712511 -0.342107 0.189385 0.0773951
          -0.349271 0.195306 0.0714206 -0.342107 0.189385 0.0773951 -0.349298 0.190117 0.0716017
          -0.342719 0.198915 0.0644034 -0.342727 0.200487 0.0712511 -0.349271 0.195306 0.0714206
          -0.342719 0.198915 0.0644034 -0.349271 0.195306 0.0714206 -0.350169 0.195266 0.0645139
          -0.310331 0.196095 0.0735699 -0.321129 0.196045 0.0749689 -0.321528 0.199506 0.0644575
          -0.310331 0.196095 0.0735699 -0.321528 0.199506 0.0644575 -0.310539 0.199696 0.0642161
          -0.321267 0.189299 0.0746889 -0.321129 0.196045 0.0749689 -0.310331 0.196095 0.0735699
          -0.321267 0.189299 0.0746889 -0.310331 0.196095 0.0735699 -0.310387 0.189404 0.0732781
          -0.332449 0.195966 0.0564791 -0.342756 0.195496 0.0567546 -0.342781 0.185224 0.04539
          -0.332449 0.195966 0.0564791 -0.342781 0.185224 0.04539 -0.332505 0.185734 0.0445343
          -0.332449 0.195966 0.0564791 -0.332487 0.199272 0.0645242 -0.342719 0.198915 0.0644034
          -0.332449 0.195966 0.0564791 -0.342719 0.198915 0.0644034 -0.342756 0.195496 0.0567546
          -0.321536 0.196463 0.0561869 -0.332449 0.195966 0.0564791 -0.332505 0.185734 0.0445343
          -0.321536 0.196463 0.0561869 -0.332505 0.185734 0.0445343 -0.321697 0.186513 0.0438256
          -0.321528 0.199506 0.0644575 -0.332487 0.199272 0.0645242 -0.332449 0.195966 0.0564791
          -0.321528 0.199506 0.0644575 -0.332449 0.195966 0.0564791 -0.321536 0.196463 0.0561869
          -0.32856 0.173549 0.0377518 -0.328747 0.168892 0.0367205 -0.320846 0.168486 0.0356379
          -0.32856 0.173549 0.0377518 -0.320846 0.168486 0.0356379 -0.320609 0.174217 0.0369776
          -0.33225 0.177394 0.0396359 -0.32856 0.173549 0.0377518 -0.320609 0.174217 0.0369776
          -0.33225 0.177394 0.0396359 -0.320609 0.174217 0.0369776 -0.321697 0.186513 0.0438256
          -0.33225 0.177394 0.0396359 -0.321697 0.186513 0.0438256 -0.332505 0.185734 0.0445343
          -0.332119 0.16403 0.0428751 -0.3213 0.163857 0.0430404 -0.320846 0.168486 0.0356379
          -0.332119 0.16403 0.0428751 -0.320846 0.168486 0.0356379 -0.328747 0.168892 0.0367205
          -0.310678 0.163707 0.0429046 -0.3106 0.168851 0.0343855 -0.320846 0.168486 0.0356379
          -0.310678 0.163707 0.0429046 -0.320846 0.168486 0.0356379 -0.3213 0.163857 0.0430404
          -0.332051 0.1678 0.054388 -0.342167 0.168055 0.0557437 -0.342612 0.173362 0.0579865
          -0.332051 0.1678 0.054388 -0.342612 0.173362 0.0579865 -0.342876 0.178935 0.0627487
          -0.332051 0.1678 0.054388 -0.342876 0.178935 0.0627487 -0.33262 0.179575 0.062376
          -0.332119 0.16403 0.0428751 -0.342662 0.1641 0.0449721 -0.342167 0.168055 0.0557437
          -0.332119 0.16403 0.0428751 -0.342167 0.168055 0.0557437 -0.332051 0.1678 0.054388
          -0.350465 0.18484 0.046049 -0.351553 0.187251 0.0544606 -0.351677 0.177308 0.0542438
          -0.350465 0.18484 0.046049 -0.351677 0.177308 0.0542438 -0.352675 0.177077 0.0465878
          -0.33262 0.179575 0.062376 -0.342876 0.178935 0.0627487 -0.342107 0.189385 0.0773951
          -0.33262 0.179575 0.062376 -0.342107 0.189385 0.0773951 -0.332057 0.189252 0.0760874
          -0.352742 0.170102 0.0465866 -0.352078 0.169912 0.0517104 -0.342167 0.168055 0.0557437
          -0.352742 0.170102 0.0465866 -0.342167 0.168055 0.0557437 -0.342662 0.1641 0.0449721
          -0.352742 0.170102 0.0465866 -0.352675 0.177077 0.0465878 -0.351677 0.177308 0.0542438
          -0.352742 0.170102 0.0465866 -0.351677 0.177308 0.0542438 -0.352078 0.169912 0.0517104
          -0.32133 0.167792 0.0530156 -0.332051 0.1678 0.054388 -0.33262 0.179575 0.062376
          -0.32133 0.167792 0.0530156 -0.33262 0.179575 0.062376 -0.321692 0.180238 0.0621161
          -0.300597 0.169706 0.0332509 -0.293625 0.170005 0.0358921 -0.293546 0.176947 0.0359753
          -0.300597 0.169706 0.0332509 -0.293546 0.176947 0.0359753 -0.300403 0.177107 0.0355068
          -0.293076 0.169645 0.0410437 -0.292611 0.176946 0.0437488 -0.293546 0.176947 0.0359753
          -0.293076 0.169645 0.0410437 -0.293546 0.176947 0.0359753 -0.293625 0.170005 0.0358921
          -0.293076 0.169645 0.0410437 -0.293625 0.170005 0.0358921 -0.300597 0.169706 0.0332509
          -0.293076 0.169645 0.0410437 -0.300597 0.169706 0.0332509 -0.299892 0.163607 0.043248
          -0.310678 0.163707 0.0429046 -0.299892 0.163607 0.043248 -0.300597 0.169706 0.0332509
          -0.310678 0.163707 0.0429046 -0.300597 0.169706 0.0332509 -0.3106 0.168851 0.0343855
          -0.292403 0.18676 0.0440094 -0.293241 0.183154 0.0378644 -0.293546 0.176947 0.0359753
          -0.292403 0.18676 0.0440094 -0.293546 0.176947 0.0359753 -0.292611 0.176946 0.0437488
          -0.300638 0.188043 0.0426025 -0.297307 0.18292 0.0382133 -0.293241 0.183154 0.0378644
          -0.300638 0.188043 0.0426025 -0.293241 0.183154 0.0378644 -0.292403 0.18676 0.0440094
          -0.300638 0.188043 0.0426025 -0.292403 0.18676 0.0440094 -0.292105 0.193264 0.0474808
          -0.300638 0.188043 0.0426025 -0.292105 0.193264 0.0474808 -0.297421 0.192928 0.0476721
          -0.311244 0.187339 0.0432299 -0.300638 0.188043 0.0426025 -0.297421 0.192928 0.0476721
          -0.311244 0.187339 0.0432299 -0.297421 0.192928 0.0476721 -0.300456 0.196431 0.0537683
          -0.311244 0.187339 0.0432299 -0.300456 0.196431 0.0537683 -0.31083 0.19682 0.0557168
          -0.30028 0.199771 0.0638986 -0.300274 0.195987 0.0722628 -0.310331 0.196095 0.0735699
          -0.30028 0.199771 0.0638986 -0.310331 0.196095 0.0735699 -0.310539 0.199696 0.0642161
          -0.310331 0.196095 0.0735699 -0.300274 0.195987 0.0722628 -0.300265 0.189795 0.0720008
          -0.310331 0.196095 0.0735699 -0.300265 0.189795 0.0720008 -0.310387 0.189404 0.0732781
          -0.30028 0.199771 0.0638986 -0.300456 0.196431 0.0537683 -0.290996 0.195045 0.0543499
          -0.30028 0.199771 0.0638986 -0.290996 0.195045 0.0543499 -0.289791 0.195628 0.0636811
          -0.290678 0.18885 0.0642833 -0.289791 0.195628 0.0636811 -0.290996 0.195045 0.0543499
          -0.290678 0.18885 0.0642833 -0.290996 0.195045 0.0543499 -0.291326 0.186787 0.0544624
          -0.290996 0.195045 0.0543499 -0.300456 0.196431 0.0537683 -0.297421 0.192928 0.0476721
          -0.290996 0.195045 0.0543499 -0.297421 0.192928 0.0476721 -0.292105 0.193264 0.0474808
          -0.292403 0.18676 0.0440094 -0.291326 0.186787 0.0544624 -0.290996 0.195045 0.0543499
          -0.292403 0.18676 0.0440094 -0.290996 0.195045 0.0543499 -0.292105 0.193264 0.0474808
          -0.331916 0.195963 0.0763629 -0.342727 0.200487 0.0712511 -0.342719 0.198915 0.0644034
          -0.331916 0.195963 0.0763629 -0.342719 0.198915 0.0644034 -0.332487 0.199272 0.0645242
          -0.342107 0.189385 0.0773951 -0.342727 0.200487 0.0712511 -0.331916 0.195963 0.0763629
          -0.342107 0.189385 0.0773951 -0.331916 0.195963 0.0763629 -0.332057 0.189252 0.0760874
          -0.321528 0.199506 0.0644575 -0.321129 0.196045 0.0749689 -0.331916 0.195963 0.0763629
          -0.321528 0.199506 0.0644575 -0.331916 0.195963 0.0763629 -0.332487 0.199272 0.0645242
          -0.321267 0.189299 0.0746889 -0.332057 0.189252 0.0760874 -0.331916 0.195963 0.0763629
          -0.321267 0.189299 0.0746889 -0.331916 0.195963 0.0763629 -0.321129 0.196045 0.0749689
          -0.300265 0.189795 0.0720008 -0.300274 0.195987 0.0722628 -0.292809 0.195558 0.0712809
          -0.300265 0.189795 0.0720008 -0.292809 0.195558 0.0712809 -0.292809 0.19052 0.071067
          -0.30028 0.199771 0.0638986 -0.289791 0.195628 0.0636811 -0.292809 0.195558 0.0712809
          -0.30028 0.199771 0.0638986 -0.292809 0.195558 0.0712809 -0.300274 0.195987 0.0722628
          -0.290678 0.18885 0.0642833 -0.292809 0.19052 0.071067 -0.292809 0.195558 0.0712809
          -0.290678 0.18885 0.0642833 -0.292809 0.195558 0.0712809 -0.289791 0.195628 0.0636811
          -0.350512 0.0366274 -0.152363 -0.353752 0.0363474 -0.144653 -0.343212 0.0308129 -0.144972
          -0.350512 0.0366274 -0.152363 -0.343212 0.0308129 -0.144972 -0.342844 0.0359392 -0.15277
          -0.332525 0.0352251 -0.153456 -0.342844 0.0359392 -0.15277 -0.343212 0.0308129 -0.144972
          -0.332525 0.0352251 -0.153456 -0.343212 0.0308129 -0.144972 -0.34028 0.028732 -0.14099
          -0.332525 0.0352251 -0.153456 -0.34028 0.028732 -0.14099 -0.331889 0.0278044 -0.14159
          -0.310964 0.0623666 -0.155078 -0.303009 0.0613561 -0.15736 -0.299242 0.0590496 -0.154392
          -0.310964 0.0623666 -0.155078 -0.299242 0.0590496 -0.154392 -0.302037 0.0528704 -0.147659
          -0.310964 0.0623666 -0.155078 -0.302037 0.0528704 -0.147659 -0.310539 0.0553008 -0.147626
          -0.310964 0.0623666 -0.155078 -0.310539 0.0553008 -0.147626 -0.313535 0.06226 -0.148644
          -0.332498 0.0336705 -0.129292 -0.332317 0.0436185 -0.134768 -0.321562 0.0423773 -0.135391
          -0.332498 0.0336705 -0.129292 -0.321562 0.0423773 -0.135391 -0.321639 0.0335455 -0.129159
          -0.311298 0.0334887 -0.129075 -0.321639 0.0335455 -0.129159 -0.321562 0.0423773 -0.135391
          -0.311298 0.0334887 -0.129075 -0.321562 0.0423773 -0.135391 -0.311092 0.0413616 -0.136297
          -0.311336 0.0256523 -0.143035 -0.310985 0.0336381 -0.154767 -0.321605 0.034533 -0.154251
          -0.311336 0.0256523 -0.143035 -0.321605 0.034533 -0.154251 -0.321431 0.0266132 -0.142158
          -0.311336 0.0256523 -0.143035 -0.321431 0.0266132 -0.142158 -0.321778 0.0248083 -0.136202
          -0.311336 0.0256523 -0.143035 -0.321778 0.0248083 -0.136202 -0.311565 0.0236704 -0.136988
          -0.342309 0.0449182 -0.134612 -0.353046 0.0418739 -0.136779 -0.352537 0.0451693 -0.144468
          -0.342309 0.0449182 -0.134612 -0.352537 0.0451693 -0.144468 -0.342835 0.0481771 -0.140715
          -0.311298 0.0334887 -0.129075 -0.311092 0.0413616 -0.136297 -0.302777 0.0407014 -0.137276
          -0.311298 0.0334887 -0.129075 -0.302777 0.0407014 -0.137276 -0.300088 0.0385026 -0.135048
          -0.303591 0.0231049 -0.138023 -0.300088 0.0385026 -0.135048 -0.294747 0.0343656 -0.143885
          -0.303591 0.0231049 -0.138023 -0.294747 0.0343656 -0.143885 -0.302398 0.0260994 -0.145269
          -0.311336 0.0256523 -0.143035 -0.302398 0.0260994 -0.145269 -0.299904 0.0279911 -0.150049
          -0.311336 0.0256523 -0.143035 -0.299904 0.0279911 -0.150049 -0.300696 0.0315149 -0.153663
          -0.311336 0.0256523 -0.143035 -0.300696 0.0315149 -0.153663 -0.310985 0.0336381 -0.154767
          -0.303591 0.0231049 -0.138023 -0.302398 0.0260994 -0.145269 -0.311336 0.0256523 -0.143035
          -0.303591 0.0231049 -0.138023 -0.311336 0.0256523 -0.143035 -0.311565 0.0236704 -0.136988
          -0.293056 0.0366664 -0.15246 -0.300696 0.0315149 -0.153663 -0.294747 0.0343656 -0.143885
          -0.293056 0.0366664 -0.15246 -0.294747 0.0343656 -0.143885 -0.293124 0.0366785 -0.147136
          -0.293056 0.0366664 -0.15246 -0.293124 0.0366785 -0.147136 -0.293723 0.0420431 -0.147819
          -0.293056 0.0366664 -0.15246 -0.293723 0.0420431 -0.147819 -0.292065 0.0446029 -0.154683
          -0.302777 0.0407014 -0.137276 -0.299572 0.0450713 -0.143991 -0.293723 0.0420431 -0.147819
          -0.302777 0.0407014 -0.137276 -0.293723 0.0420431 -0.147819 -0.293124 0.0366785 -0.147136
          -0.302777 0.0407014 -0.137276 -0.293124 0.0366785 -0.147136 -0.294747 0.0343656 -0.143885
          -0.302777 0.0407014 -0.137276 -0.294747 0.0343656 -0.143885 -0.300088 0.0385026 -0.135048
          -0.35116 0.0546242 -0.154936 -0.35117 0.0549577 -0.147052 -0.352537 0.0451693 -0.144468
          -0.35116 0.0546242 -0.154936 -0.352537 0.0451693 -0.144468 -0.352445 0.0453085 -0.15473
          -0.343042 0.0540584 -0.146022 -0.342835 0.0481771 -0.140715 -0.352537 0.0451693 -0.144468
          -0.343042 0.0540584 -0.146022 -0.352537 0.0451693 -0.144468 -0.35117 0.0549577 -0.147052
          -0.321879 0.0541605 -0.147155 -0.310539 0.0553008 -0.147626 -0.311092 0.0413616 -0.136297
          -0.321879 0.0541605 -0.147155 -0.311092 0.0413616 -0.136297 -0.321562 0.0423773 -0.135391
          -0.35116 0.0546242 -0.154936 -0.352445 0.0453085 -0.15473 -0.35056 0.0482638 -0.161751
          -0.35116 0.0546242 -0.154936 -0.35056 0.0482638 -0.161751 -0.351006 0.0553412 -0.162629
          -0.35056 0.0482638 -0.161751 -0.342721 0.0479204 -0.162089 -0.342706 0.0555935 -0.164928
          -0.35056 0.0482638 -0.161751 -0.342706 0.0555935 -0.164928 -0.351006 0.0553412 -0.162629
          -0.321531 0.0555288 -0.165395 -0.321444 0.0472851 -0.162976 -0.310535 0.0469041 -0.163377
          -0.321531 0.0555288 -0.165395 -0.310535 0.0469041 -0.163377 -0.310787 0.0553008 -0.165523
          -0.302037 0.0528704 -0.147659 -0.299572 0.0450713 -0.143991 -0.302777 0.0407014 -0.137276
          -0.302037 0.0528704 -0.147659 -0.302777 0.0407014 -0.137276 -0.311092 0.0413616 -0.136297
          -0.302037 0.0528704 -0.147659 -0.311092 0.0413616 -0.136297 -0.310539 0.0553008 -0.147626
          -0.299572 0.0450713 -0.143991 -0.302037 0.0528704 -0.147659 -0.299242 0.0590496 -0.154392
          -0.299572 0.0450713 -0.143991 -0.299242 0.0590496 -0.154392 -0.29109 0.0523163 -0.156927
          -0.299572 0.0450713 -0.143991 -0.29109 0.0523163 -0.156927 -0.292065 0.0446029 -0.154683
          -0.299572 0.0450713 -0.143991 -0.292065 0.0446029 -0.154683 -0.293723 0.0420431 -0.147819
          -0.35116 0.0546242 -0.154936 -0.350033 0.0627843 -0.155232 -0.350139 0.0623458 -0.148854
          -0.35116 0.0546242 -0.154936 -0.350139 0.0623458 -0.148854 -0.35117 0.0549577 -0.147052
          -0.342605 0.0662971 -0.155245 -0.342766 0.0630847 -0.149045 -0.350139 0.0623458 -0.148854
          -0.342605 0.0662971 -0.155245 -0.350139 0.0623458 -0.148854 -0.350033 0.0627843 -0.155232
          -0.350139 0.0623458 -0.148854 -0.342766 0.0630847 -0.149045 -0.343042 0.0540584 -0.146022
          -0.350139 0.0623458 -0.148854 -0.343042 0.0540584 -0.146022 -0.35117 0.0549577 -0.147052
          -0.321879 0.0541605 -0.147155 -0.321918 0.0631881 -0.148897 -0.313535 0.06226 -0.148644
          -0.321879 0.0541605 -0.147155 -0.313535 0.06226 -0.148644 -0.310539 0.0553008 -0.147626
          -0.313535 0.06226 -0.148644 -0.321918 0.0631881 -0.148897 -0.322035 0.063599 -0.15544
          -0.313535 0.06226 -0.148644 -0.322035 0.063599 -0.15544 -0.310964 0.0623666 -0.155078
          -0.34296 0.0275831 -0.135721 -0.332384 0.0261174 -0.135596 -0.331889 0.0278044 -0.14159
          -0.34296 0.0275831 -0.135721 -0.331889 0.0278044 -0.14159 -0.34028 0.028732 -0.14099
          -0.34296 0.0275831 -0.135721 -0.34028 0.028732 -0.14099 -0.343212 0.0308129 -0.144972
          -0.34296 0.0275831 -0.135721 -0.343212 0.0308129 -0.144972 -0.353752 0.0363474 -0.144653
          -0.34296 0.0275831 -0.135721 -0.353752 0.0363474 -0.144653 -0.354103 0.0342227 -0.136405
          -0.34296 0.0275831 -0.135721 -0.354103 0.0342227 -0.136405 -0.349781 0.0282395 -0.134096
          -0.332498 0.0336705 -0.129292 -0.332384 0.0261174 -0.135596 -0.34296 0.0275831 -0.135721
          -0.332498 0.0336705 -0.129292 -0.34296 0.0275831 -0.135721 -0.342522 0.0337621 -0.12942
          -0.354103 0.0342227 -0.136405 -0.342522 0.0337621 -0.12942 -0.34296 0.0275831 -0.135721
          -0.354103 0.0342227 -0.136405 -0.34296 0.0275831 -0.135721 -0.349781 0.0282395 -0.134096
          -0.310535 0.0469041 -0.163377 -0.300461 0.0465926 -0.163666 -0.300655 0.0547949 -0.165451
          -0.310535 0.0469041 -0.163377 -0.300655 0.0547949 -0.165451 -0.310787 0.0553008 -0.165523
          -0.35116 0.0546242 -0.154936 -0.351006 0.0553412 -0.162629 -0.350024 0.0624821 -0.16226
          -0.35116 0.0546242 -0.154936 -0.350024 0.0624821 -0.16226 -0.350033 0.0627843 -0.155232
          -0.350024 0.0624821 -0.16226 -0.342755 0.0629579 -0.166077 -0.342605 0.0662971 -0.155245
          -0.350024 0.0624821 -0.16226 -0.342605 0.0662971 -0.155245 -0.350033 0.0627843 -0.155232
          -0.342706 0.0555935 -0.164928 -0.342755 0.0629579 -0.166077 -0.350024 0.0624821 -0.16226
          -0.342706 0.0555935 -0.164928 -0.350024 0.0624821 -0.16226 -0.351006 0.0553412 -0.162629
          -0.31123 0.0623596 -0.163124 -0.321513 0.0637355 -0.163166 -0.321531 0.0555288 -0.165395
          -0.31123 0.0623596 -0.163124 -0.321531 0.0555288 -0.165395 -0.310787 0.0553008 -0.165523
          -0.322035 0.063599 -0.15544 -0.321513 0.0637355 -0.163166 -0.31123 0.0623596 -0.163124
          -0.322035 0.063599 -0.15544 -0.31123 0.0623596 -0.163124 -0.310964 0.0623666 -0.155078
          -0.331889 0.0278044 -0.14159 -0.332384 0.0261174 -0.135596 -0.321778 0.0248083 -0.136202
          -0.331889 0.0278044 -0.14159 -0.321778 0.0248083 -0.136202 -0.321431 0.0266132 -0.142158
          -0.331889 0.0278044 -0.14159 -0.321431 0.0266132 -0.142158 -0.321605 0.034533 -0.154251
          -0.331889 0.0278044 -0.14159 -0.321605 0.034533 -0.154251 -0.332525 0.0352251 -0.153456
          -0.332498 0.0336705 -0.129292 -0.321639 0.0335455 -0.129159 -0.321778 0.0248083 -0.136202
          -0.332498 0.0336705 -0.129292 -0.321778 0.0248083 -0.136202 -0.332384 0.0261174 -0.135596
          -0.311298 0.0334887 -0.129075 -0.311565 0.0236704 -0.136988 -0.321778 0.0248083 -0.136202
          -0.311298 0.0334887 -0.129075 -0.321778 0.0248083 -0.136202 -0.321639 0.0335455 -0.129159
          -0.332317 0.0436185 -0.134768 -0.342309 0.0449182 -0.134612 -0.342835 0.0481771 -0.140715
          -0.332317 0.0436185 -0.134768 -0.342835 0.0481771 -0.140715 -0.343042 0.0540584 -0.146022
          -0.332317 0.0436185 -0.134768 -0.343042 0.0540584 -0.146022 -0.332744 0.0539439 -0.146648
          -0.332498 0.0336705 -0.129292 -0.342522 0.0337621 -0.12942 -0.342309 0.0449182 -0.134612
          -0.332498 0.0336705 -0.129292 -0.342309 0.0449182 -0.134612 -0.332317 0.0436185 -0.134768
          -0.350512 0.0366274 -0.152363 -0.342844 0.0359392 -0.15277 -0.342721 0.0479204 -0.162089
          -0.350512 0.0366274 -0.152363 -0.342721 0.0479204 -0.162089 -0.35056 0.0482638 -0.161751
          -0.350512 0.0366274 -0.152363 -0.35056 0.0482638 -0.161751 -0.352445 0.0453085 -0.15473
          -0.350512 0.0366274 -0.152363 -0.352445 0.0453085 -0.15473 -0.352537 0.0451693 -0.144468
          -0.350512 0.0366274 -0.152363 -0.352537 0.0451693 -0.144468 -0.353752 0.0363474 -0.144653
          -0.354103 0.0342227 -0.136405 -0.353046 0.0418739 -0.136779 -0.342309 0.0449182 -0.134612
          -0.354103 0.0342227 -0.136405 -0.342309 0.0449182 -0.134612 -0.342522 0.0337621 -0.12942
          -0.354103 0.0342227 -0.136405 -0.353752 0.0363474 -0.144653 -0.352537 0.0451693 -0.144468
          -0.354103 0.0342227 -0.136405 -0.352537 0.0451693 -0.144468 -0.353046 0.0418739 -0.136779
          -0.321562 0.0423773 -0.135391 -0.332317 0.0436185 -0.134768 -0.332744 0.0539439 -0.146648
          -0.321562 0.0423773 -0.135391 -0.332744 0.0539439 -0.146648 -0.321879 0.0541605 -0.147155
          -0.310985 0.0336381 -0.154767 -0.310535 0.0469041 -0.163377 -0.321444 0.0472851 -0.162976
          -0.310985 0.0336381 -0.154767 -0.321444 0.0472851 -0.162976 -0.321605 0.034533 -0.154251
          -0.332525 0.0352251 -0.153456 -0.321605 0.034533 -0.154251 -0.321444 0.0472851 -0.162976
          -0.332525 0.0352251 -0.153456 -0.321444 0.0472851 -0.162976 -0.332398 0.047527 -0.162504
          -0.332398 0.047527 -0.162504 -0.342721 0.0479204 -0.162089 -0.342844 0.0359392 -0.15277
          -0.332398 0.047527 -0.162504 -0.342844 0.0359392 -0.15277 -0.332525 0.0352251 -0.153456
          -0.332398 0.047527 -0.162504 -0.332451 0.0556424 -0.16522 -0.342706 0.0555935 -0.164928
          -0.332398 0.047527 -0.162504 -0.342706 0.0555935 -0.164928 -0.342721 0.0479204 -0.162089
          -0.321531 0.0555288 -0.165395 -0.332451 0.0556424 -0.16522 -0.332398 0.047527 -0.162504
          -0.321531 0.0555288 -0.165395 -0.332398 0.047527 -0.162504 -0.321444 0.0472851 -0.162976
          -0.294747 0.0343656 -0.143885 -0.300696 0.0315149 -0.153663 -0.299904 0.0279911 -0.150049
          -0.294747 0.0343656 -0.143885 -0.299904 0.0279911 -0.150049 -0.302398 0.0260994 -0.145269
          -0.311298 0.0334887 -0.129075 -0.300088 0.0385026 -0.135048 -0.303591 0.0231049 -0.138023
          -0.311298 0.0334887 -0.129075 -0.303591 0.0231049 -0.138023 -0.311565 0.0236704 -0.136988
          -0.310985 0.0336381 -0.154767 -0.300696 0.0315149 -0.153663 -0.300461 0.0465926 -0.163666
          -0.310985 0.0336381 -0.154767 -0.300461 0.0465926 -0.163666 -0.310535 0.0469041 -0.163377
          -0.332499 0.0634834 -0.149056 -0.332744 0.0539439 -0.146648 -0.343042 0.0540584 -0.146022
          -0.332499 0.0634834 -0.149056 -0.343042 0.0540584 -0.146022 -0.342766 0.0630847 -0.149045
          -0.332499 0.0634834 -0.149056 -0.342766 0.0630847 -0.149045 -0.342605 0.0662971 -0.155245
          -0.332499 0.0634834 -0.149056 -0.342605 0.0662971 -0.155245 -0.332634 0.0649384 -0.155338
          -0.321879 0.0541605 -0.147155 -0.332744 0.0539439 -0.146648 -0.332499 0.0634834 -0.149056
          -0.321879 0.0541605 -0.147155 -0.332499 0.0634834 -0.149056 -0.321918 0.0631881 -0.148897
          -0.322035 0.063599 -0.15544 -0.321918 0.0631881 -0.148897 -0.332499 0.0634834 -0.149056
          -0.322035 0.063599 -0.15544 -0.332499 0.0634834 -0.149056 -0.332634 0.0649384 -0.155338
          -0.300655 0.0547949 -0.165451 -0.30332 0.0613093 -0.162732 -0.31123 0.0623596 -0.163124
          -0.300655 0.0547949 -0.165451 -0.31123 0.0623596 -0.163124 -0.310787 0.0553008 -0.165523
          -0.303009 0.0613561 -0.15736 -0.30332 0.0613093 -0.162732 -0.300655 0.0547949 -0.165451
          -0.303009 0.0613561 -0.15736 -0.300655 0.0547949 -0.165451 -0.290911 0.0522012 -0.162381
          -0.303009 0.0613561 -0.15736 -0.290911 0.0522012 -0.162381 -0.29109 0.0523163 -0.156927
          -0.303009 0.0613561 -0.15736 -0.29109 0.0523163 -0.156927 -0.299242 0.0590496 -0.154392
          -0.31123 0.0623596 -0.163124 -0.30332 0.0613093 -0.162732 -0.303009 0.0613561 -0.15736
          -0.31123 0.0623596 -0.163124 -0.303009 0.0613561 -0.15736 -0.310964 0.0623666 -0.155078
          -0.292065 0.0446029 -0.154683 -0.291617 0.0468552 -0.162462 -0.300461 0.0465926 -0.163666
          -0.292065 0.0446029 -0.154683 -0.300461 0.0465926 -0.163666 -0.300696 0.0315149 -0.153663
          -0.292065 0.0446029 -0.154683 -0.300696 0.0315149 -0.153663 -0.293056 0.0366664 -0.15246
          -0.300655 0.0547949 -0.165451 -0.300461 0.0465926 -0.163666 -0.291617 0.0468552 -0.162462
          -0.300655 0.0547949 -0.165451 -0.291617 0.0468552 -0.162462 -0.290911 0.0522012 -0.162381
          -0.29109 0.0523163 -0.156927 -0.290911 0.0522012 -0.162381 -0.291617 0.0468552 -0.162462
          -0.29109 0.0523163 -0.156927 -0.291617 0.0468552 -0.162462 -0.292065 0.0446029 -0.154683
          -0.332236 0.0652109 -0.163108 -0.342755 0.0629579 -0.166077 -0.342706 0.0555935 -0.164928
          -0.332236 0.0652109 -0.163108 -0.342706 0.0555935 -0.164928 -0.332451 0.0556424 -0.16522
          -0.342605 0.0662971 -0.155245 -0.342755 0.0629579 -0.166077 -0.332236 0.0652109 -0.163108
          -0.342605 0.0662971 -0.155245 -0.332236 0.0652109 -0.163108 -0.332634 0.0649384 -0.155338
          -0.321531 0.0555288 -0.165395 -0.321513 0.0637355 -0.163166 -0.332236 0.0652109 -0.163108
          -0.321531 0.0555288 -0.165395 -0.332236 0.0652109 -0.163108 -0.332451 0.0556424 -0.16522
          -0.322035 0.063599 -0.15544 -0.332634 0.0649384 -0.155338 -0.332236 0.0652109 -0.163108
          -0.322035 0.063599 -0.15544 -0.332236 0.0652109 -0.163108 -0.321513 0.0637355 -0.163166
          -0.35027 -0.163869 -0.0204874 -0.348414 -0.164289 -0.0256281 -0.342707 -0.15561 -0.0230265
          -0.35027 -0.163869 -0.0204874 -0.342707 -0.15561 -0.0230265 -0.350226 -0.154641 -0.0198601
          -0.342707 -0.15561 -0.0230265 -0.348414 -0.164289 -0.0256281 -0.340911 -0.160909 -0.0303518
          -0.342707 -0.15561 -0.0230265 -0.340911 -0.160909 -0.0303518 -0.343125 -0.158851 -0.0293035
          -0.310633 -0.156745 -0.0206149 -0.321512 -0.156068 -0.0209637 -0.320875 -0.166063 -0.0349541
          -0.310633 -0.156745 -0.0206149 -0.320875 -0.166063 -0.0349541 -0.310196 -0.166204 -0.0334991
          -0.340911 -0.160909 -0.0303518 -0.348414 -0.164289 -0.0256281 -0.34305 -0.174567 -0.0220227
          -0.340911 -0.160909 -0.0303518 -0.34305 -0.174567 -0.0220227 -0.340376 -0.176607 -0.0291625
          -0.332276 -0.140912 -0.00326018 -0.3325 -0.154268 -4.83521e-05 -0.342805 -0.154072 -0.00133352
          -0.332276 -0.140912 -0.00326018 -0.342805 -0.154072 -0.00133352 -0.34345 -0.147328 0.000660813
          -0.350475 -0.160676 -0.00586601 -0.352204 -0.15391 -0.00493486 -0.342805 -0.154072 -0.00133352
          -0.350475 -0.160676 -0.00586601 -0.342805 -0.154072 -0.00133352 -0.342637 -0.161174 -0.00518405
          -0.352242 -0.146893 -0.00539215 -0.34345 -0.147328 0.000660813 -0.342805 -0.154072 -0.00133352
          -0.352242 -0.146893 -0.00539215 -0.342805 -0.154072 -0.00133352 -0.352204 -0.15391 -0.00493486
          -0.332363 -0.161712 -0.00420682 -0.342637 -0.161174 -0.00518405 -0.342805 -0.154072 -0.00133352
          -0.332363 -0.161712 -0.00420682 -0.342805 -0.154072 -0.00133352 -0.3325 -0.154268 -4.83521e-05
          -0.350458 -0.147541 -0.0181945 -0.350226 -0.154641 -0.0198601 -0.342707 -0.15561 -0.0230265
          -0.350458 -0.147541 -0.0181945 -0.342707 -0.15561 -0.0230265 -0.345758 -0.14783 -0.0177174
          -0.321512 -0.156068 -0.0209637 -0.331951 -0.15551 -0.0215449 -0.331001 -0.165604 -0.036086
          -0.321512 -0.156068 -0.0209637 -0.331001 -0.165604 -0.036086 -0.320875 -0.166063 -0.0349541
          -0.350475 -0.160676 -0.00586601 -0.342637 -0.161174 -0.00518405 -0.342641 -0.171214 -0.0153763
          -0.350475 -0.160676 -0.00586601 -0.342641 -0.171214 -0.0153763 -0.350261 -0.170691 -0.0154835
          -0.350475 -0.160676 -0.00586601 -0.350261 -0.170691 -0.0154835 -0.351052 -0.163907 -0.0122474
          -0.310626 -0.162921 -0.00237319 -0.310496 -0.172959 -0.0146595 -0.321433 -0.17244 -0.0149224
          -0.310626 -0.162921 -0.00237319 -0.321433 -0.17244 -0.0149224 -0.32149 -0.162278 -0.00325928
          -0.332276 -0.140912 -0.00326018 -0.331488 -0.144397 -0.0146261 -0.320705 -0.144329 -0.0131447
          -0.332276 -0.140912 -0.00326018 -0.320705 -0.144329 -0.0131447 -0.319575 -0.140764 -0.000747738
          -0.310056 -0.140534 -0.00151109 -0.319575 -0.140764 -0.000747738 -0.320705 -0.144329 -0.0131447
          -0.310056 -0.140534 -0.00151109 -0.320705 -0.144329 -0.0131447 -0.31012 -0.144255 -0.0116868
          -0.332276 -0.140912 -0.00326018 -0.319575 -0.140764 -0.000747738 -0.321794 -0.154659 0.00120332
          -0.332276 -0.140912 -0.00326018 -0.321794 -0.154659 0.00120332 -0.3325 -0.154268 -4.83521e-05
          -0.310626 -0.162921 -0.00237319 -0.32149 -0.162278 -0.00325928 -0.321794 -0.154659 0.00120332
          -0.310626 -0.162921 -0.00237319 -0.321794 -0.154659 0.00120332 -0.310951 -0.154592 0.00267736
          -0.332363 -0.161712 -0.00420682 -0.3325 -0.154268 -4.83521e-05 -0.321794 -0.154659 0.00120332
          -0.332363 -0.161712 -0.00420682 -0.321794 -0.154659 0.00120332 -0.32149 -0.162278 -0.00325928
          -0.31476 -0.14854 0.00426801 -0.310951 -0.154592 0.00267736 -0.321794 -0.154659 0.00120332
          -0.31476 -0.14854 0.00426801 -0.321794 -0.154659 0.00120332 -0.319575 -0.140764 -0.000747738
          -0.31476 -0.14854 0.00426801 -0.310305 -0.14519 0.00557189 -0.307446 -0.150644 0.00466945
          -0.31476 -0.14854 0.00426801 -0.307446 -0.150644 0.00466945 -0.310951 -0.154592 0.00267736
          -0.31476 -0.14854 0.00426801 -0.319575 -0.140764 -0.000747738 -0.317311 -0.143571 0.00484282
          -0.31476 -0.14854 0.00426801 -0.317311 -0.143571 0.00484282 -0.310305 -0.14519 0.00557189
          -0.292444 -0.145991 -0.0015127 -0.30032 -0.140344 -0.00129958 -0.299975 -0.144971 -0.010419
          -0.292444 -0.145991 -0.0015127 -0.299975 -0.144971 -0.010419 -0.294435 -0.146984 -0.00741317
          -0.310056 -0.140534 -0.00151109 -0.31012 -0.144255 -0.0116868 -0.299975 -0.144971 -0.010419
          -0.310056 -0.140534 -0.00151109 -0.299975 -0.144971 -0.010419 -0.30032 -0.140344 -0.00129958
          -0.292444 -0.145991 -0.0015127 -0.294435 -0.146984 -0.00741317 -0.293294 -0.154841 -0.0112467
          -0.292444 -0.145991 -0.0015127 -0.293294 -0.154841 -0.0112467 -0.292062 -0.153816 -0.0017687
          -0.290703 -0.163516 -0.0225461 -0.290482 -0.164057 -0.0122354 -0.293294 -0.154841 -0.0112467
          -0.290703 -0.163516 -0.0225461 -0.293294 -0.154841 -0.0112467 -0.294145 -0.158873 -0.0190545
          -0.291613 -0.161444 -0.0042097 -0.292062 -0.153816 -0.0017687 -0.293294 -0.154841 -0.0112467
          -0.291613 -0.161444 -0.0042097 -0.293294 -0.154841 -0.0112467 -0.290482 -0.164057 -0.0122354
          -0.310951 -0.154592 0.00267736 -0.307446 -0.150644 0.00466945 -0.29979 -0.151158 0.00551978
          -0.310951 -0.154592 0.00267736 -0.29979 -0.151158 0.00551978 -0.300401 -0.163634 -0.00162415
          -0.310951 -0.154592 0.00267736 -0.300401 -0.163634 -0.00162415 -0.310626 -0.162921 -0.00237319
          -0.300286 -0.145293 0.00692804 -0.29979 -0.151158 0.00551978 -0.307446 -0.150644 0.00466945
          -0.300286 -0.145293 0.00692804 -0.307446 -0.150644 0.00466945 -0.310305 -0.14519 0.00557189
          -0.342707 -0.15561 -0.0230265 -0.343125 -0.158851 -0.0293035 -0.340911 -0.160909 -0.0303518
          -0.342707 -0.15561 -0.0230265 -0.340911 -0.160909 -0.0303518 -0.331001 -0.165604 -0.036086
          -0.342707 -0.15561 -0.0230265 -0.331001 -0.165604 -0.036086 -0.331951 -0.15551 -0.0215449
          -0.35027 -0.163869 -0.0204874 -0.34985 -0.171305 -0.0204093 -0.34305 -0.174567 -0.0220227
          -0.35027 -0.163869 -0.0204874 -0.34305 -0.174567 -0.0220227 -0.348414 -0.164289 -0.0256281
          -0.35027 -0.163869 -0.0204874 -0.351052 -0.163907 -0.0122474 -0.350261 -0.170691 -0.0154835
          -0.35027 -0.163869 -0.0204874 -0.350261 -0.170691 -0.0154835 -0.34985 -0.171305 -0.0204093
          -0.350261 -0.170691 -0.0154835 -0.342641 -0.171214 -0.0153763 -0.34305 -0.174567 -0.0220227
          -0.350261 -0.170691 -0.0154835 -0.34305 -0.174567 -0.0220227 -0.34985 -0.171305 -0.0204093
          -0.321488 -0.175796 -0.022778 -0.321433 -0.17244 -0.0149224 -0.310496 -0.172959 -0.0146595
          -0.321488 -0.175796 -0.022778 -0.310496 -0.172959 -0.0146595 -0.31055 -0.176043 -0.0227822
          -0.35027 -0.163869 -0.0204874 -0.350226 -0.154641 -0.0198601 -0.351257 -0.154268 -0.0119859
          -0.35027 -0.163869 -0.0204874 -0.351257 -0.154268 -0.0119859 -0.351052 -0.163907 -0.0122474
          -0.321512 -0.156068 -0.0209637 -0.310633 -0.156745 -0.0206149 -0.31012 -0.144255 -0.0116868
          -0.321512 -0.156068 -0.0209637 -0.31012 -0.144255 -0.0116868 -0.320705 -0.144329 -0.0131447
          -0.300239 -0.157281 -0.0202502 -0.310633 -0.156745 -0.0206149 -0.310196 -0.166204 -0.0334991
          -0.300239 -0.157281 -0.0202502 -0.310196 -0.166204 -0.0334991 -0.300072 -0.166457 -0.0321052
          -0.300239 -0.157281 -0.0202502 -0.299975 -0.144971 -0.010419 -0.31012 -0.144255 -0.0116868
          -0.300239 -0.157281 -0.0202502 -0.31012 -0.144255 -0.0116868 -0.310633 -0.156745 -0.0206149
          -0.310059 -0.172913 -0.0337842 -0.321429 -0.177215 -0.0300163 -0.321488 -0.175796 -0.022778
          -0.310059 -0.172913 -0.0337842 -0.321488 -0.175796 -0.022778 -0.31055 -0.176043 -0.0227822
          -0.320875 -0.166063 -0.0349541 -0.321429 -0.177215 -0.0300163 -0.310059 -0.172913 -0.0337842
          -0.320875 -0.166063 -0.0349541 -0.310059 -0.172913 -0.0337842 -0.310196 -0.166204 -0.0334991
          -0.310496 -0.172959 -0.0146595 -0.30024 -0.173443 -0.01447 -0.300346 -0.176214 -0.0226261
          -0.310496 -0.172959 -0.0146595 -0.300346 -0.176214 -0.0226261 -0.31055 -0.176043 -0.0227822
          -0.30024 -0.173443 -0.01447 -0.310496 -0.172959 -0.0146595 -0.310626 -0.162921 -0.00237319
          -0.30024 -0.173443 -0.01447 -0.310626 -0.162921 -0.00237319 -0.300401 -0.163634 -0.00162415
          -0.332372 -0.171907 -0.0152701 -0.332318 -0.175415 -0.0227204 -0.34305 -0.174567 -0.0220227
          -0.332372 -0.171907 -0.0152701 -0.34305 -0.174567 -0.0220227 -0.342641 -0.171214 -0.0153763
          -0.332372 -0.171907 -0.0152701 -0.342641 -0.171214 -0.0153763 -0.342637 -0.161174 -0.00518405
          -0.332372 -0.171907 -0.0152701 -0.342637 -0.161174 -0.00518405 -0.332363 -0.161712 -0.00420682
          -0.321488 -0.175796 -0.022778 -0.332318 -0.175415 -0.0227204 -0.332372 -0.171907 -0.0152701
          -0.321488 -0.175796 -0.022778 -0.332372 -0.171907 -0.0152701 -0.321433 -0.17244 -0.0149224
          -0.332372 -0.171907 -0.0152701 -0.332363 -0.161712 -0.00420682 -0.32149 -0.162278 -0.00325928
          -0.332372 -0.171907 -0.0152701 -0.32149 -0.162278 -0.00325928 -0.321433 -0.17244 -0.0149224
          -0.331488 -0.144397 -0.0146261 -0.342156 -0.144892 -0.0161947 -0.345758 -0.14783 -0.0177174
          -0.331488 -0.144397 -0.0146261 -0.345758 -0.14783 -0.0177174 -0.342707 -0.15561 -0.0230265
          -0.331488 -0.144397 -0.0146261 -0.342707 -0.15561 -0.0230265 -0.331951 -0.15551 -0.0215449
          -0.332276 -0.140912 -0.00326018 -0.34345 -0.147328 0.000660813 -0.342156 -0.144892 -0.0161947
          -0.332276 -0.140912 -0.00326018 -0.342156 -0.144892 -0.0161947 -0.331488 -0.144397 -0.0146261
          -0.350475 -0.160676 -0.00586601 -0.351052 -0.163907 -0.0122474 -0.351257 -0.154268 -0.0119859
          -0.350475 -0.160676 -0.00586601 -0.351257 -0.154268 -0.0119859 -0.352204 -0.15391 -0.00493486
          -0.350458 -0.147541 -0.0181945 -0.345758 -0.14783 -0.0177174 -0.342156 -0.144892 -0.0161947
          -0.350458 -0.147541 -0.0181945 -0.342156 -0.144892 -0.0161947 -0.351303 -0.146676 -0.0121428
          -0.350458 -0.147541 -0.0181945 -0.351303 -0.146676 -0.0121428 -0.351257 -0.154268 -0.0119859
          -0.350458 -0.147541 -0.0181945 -0.351257 -0.154268 -0.0119859 -0.350226 -0.154641 -0.0198601
          -0.352242 -0.146893 -0.00539215 -0.351303 -0.146676 -0.0121428 -0.342156 -0.144892 -0.0161947
          -0.352242 -0.146893 -0.00539215 -0.342156 -0.144892 -0.0161947 -0.34345 -0.147328 0.000660813
          -0.352242 -0.146893 -0.00539215 -0.352204 -0.15391 -0.00493486 -0.351257 -0.154268 -0.0119859
          -0.352242 -0.146893 -0.00539215 -0.351257 -0.154268 -0.0119859 -0.351303 -0.146676 -0.0121428
          -0.310056 -0.140534 -0.00151109 -0.310305 -0.14519 0.00557189 -0.317311 -0.143571 0.00484282
          -0.310056 -0.140534 -0.00151109 -0.317311 -0.143571 0.00484282 -0.319575 -0.140764 -0.000747738
          -0.320705 -0.144329 -0.0131447 -0.331488 -0.144397 -0.0146261 -0.331951 -0.15551 -0.0215449
          -0.320705 -0.144329 -0.0131447 -0.331951 -0.15551 -0.0215449 -0.321512 -0.156068 -0.0209637
          -0.300286 -0.145293 0.00692804 -0.293173 -0.145942 0.00538487 -0.293124 -0.15115 0.00556861
          -0.300286 -0.145293 0.00692804 -0.293124 -0.15115 0.00556861 -0.29979 -0.151158 0.00551978
          -0.293124 -0.15115 0.00556861 -0.292062 -0.153816 -0.0017687 -0.291613 -0.161444 -0.0042097
          -0.293124 -0.15115 0.00556861 -0.291613 -0.161444 -0.0042097 -0.300401 -0.163634 -0.00162415
          -0.293124 -0.15115 0.00556861 -0.300401 -0.163634 -0.00162415 -0.29979 -0.151158 0.00551978
          -0.292444 -0.145991 -0.0015127 -0.292062 -0.153816 -0.0017687 -0.293124 -0.15115 0.00556861
          -0.292444 -0.145991 -0.0015127 -0.293124 -0.15115 0.00556861 -0.293173 -0.145942 0.00538487
          -0.292444 -0.145991 -0.0015127 -0.293173 -0.145942 0.00538487 -0.300286 -0.145293 0.00692804
          -0.292444 -0.145991 -0.0015127 -0.300286 -0.145293 0.00692804 -0.30032 -0.140344 -0.00129958
          -0.310056 -0.140534 -0.00151109 -0.30032 -0.140344 -0.00129958 -0.300286 -0.145293 0.00692804
          -0.310056 -0.140534 -0.00151109 -0.300286 -0.145293 0.00692804 -0.310305 -0.14519 0.00557189
          -0.299975 -0.144971 -0.010419 -0.300239 -0.157281 -0.0202502 -0.294145 -0.158873 -0.0190545
          -0.299975 -0.144971 -0.010419 -0.294145 -0.158873 -0.0190545 -0.293294 -0.154841 -0.0112467
          -0.299975 -0.144971 -0.010419 -0.293294 -0.154841 -0.0112467 -0.294435 -0.146984 -0.00741317
          -0.290703 -0.163516 -0.0225461 -0.294145 -0.158873 -0.0190545 -0.300239 -0.157281 -0.0202502
          -0.290703 -0.163516 -0.0225461 -0.300239 -0.157281 -0.0202502 -0.300072 -0.166457 -0.0321052
          -0.290703 -0.163516 -0.0225461 -0.300072 -0.166457 -0.0321052 -0.292554 -0.166995 -0.0310852
          -0.291613 -0.161444 -0.0042097 -0.290482 -0.164057 -0.0122354 -0.292706 -0.17383 -0.0145632
          -0.291613 -0.161444 -0.0042097 -0.292706 -0.17383 -0.0145632 -0.30024 -0.173443 -0.01447
          -0.291613 -0.161444 -0.0042097 -0.30024 -0.173443 -0.01447 -0.300401 -0.163634 -0.00162415
          -0.300346 -0.176214 -0.0226261 -0.300024 -0.17277 -0.032384 -0.310059 -0.172913 -0.0337842
          -0.300346 -0.176214 -0.0226261 -0.310059 -0.172913 -0.0337842 -0.31055 -0.176043 -0.0227822
          -0.310059 -0.172913 -0.0337842 -0.300024 -0.17277 -0.032384 -0.300072 -0.166457 -0.0321052
          -0.310059 -0.172913 -0.0337842 -0.300072 -0.166457 -0.0321052 -0.310196 -0.166204 -0.0334991
          -0.340911 -0.160909 -0.0303518 -0.340376 -0.176607 -0.0291625 -0.332057 -0.177025 -0.0294608
          -0.340911 -0.160909 -0.0303518 -0.332057 -0.177025 -0.0294608 -0.331001 -0.165604 -0.036086
          -0.332057 -0.177025 -0.0294608 -0.340376 -0.176607 -0.0291625 -0.34305 -0.174567 -0.0220227
          -0.332057 -0.177025 -0.0294608 -0.34305 -0.174567 -0.0220227 -0.332318 -0.175415 -0.0227204
          -0.320875 -0.166063 -0.0349541 -0.331001 -0.165604 -0.036086 -0.332057 -0.177025 -0.0294608
          -0.320875 -0.166063 -0.0349541 -0.332057 -0.177025 -0.0294608 -0.321429 -0.177215 -0.0300163
          -0.321488 -0.175796 -0.022778 -0.321429 -0.177215 -0.0300163 -0.332057 -0.177025 -0.0294608
          -0.321488 -0.175796 -0.022778 -0.332057 -0.177025 -0.0294608 -0.332318 -0.175415 -0.0227204
          -0.292706 -0.17383 -0.0145632 -0.288936 -0.172138 -0.0222986 -0.300346 -0.176214 -0.0226261
          -0.292706 -0.17383 -0.0145632 -0.300346 -0.176214 -0.0226261 -0.30024 -0.173443 -0.01447
          -0.290703 -0.163516 -0.0225461 -0.288936 -0.172138 -0.0222986 -0.292706 -0.17383 -0.0145632
          -0.290703 -0.163516 -0.0225461 -0.292706 -0.17383 -0.0145632 -0.290482 -0.164057 -0.0122354
          -0.300346 -0.176214 -0.0226261 -0.288936 -0.172138 -0.0222986 -0.292547 -0.172166 -0.0313181
          -0.300346 -0.176214 -0.0226261 -0.292547 -0.172166 -0.0313181 -0.300024 -0.17277 -0.032384
          -0.300072 -0.166457 -0.0321052 -0.300024 -0.17277 -0.032384 -0.292547 -0.172166 -0.0313181
          -0.300072 -0.166457 -0.0321052 -0.292547 -0.172166 -0.0313181 -0.292554 -0.166995 -0.0310852
          -0.290703 -0.163516 -0.0225461 -0.292554 -0.166995 -0.0310852 -0.292547 -0.172166 -0.0313181
          -0.290703 -0.163516 -0.0225461 -0.292547 -0.172166 -0.0313181 -0.288936 -0.172138 -0.0222986
          -0.330659 -0.00648016 0.178717 -0.33231 -0.00955147 0.186542 -0.342605 -0.0107355 0.186304
          -0.330659 -0.00648016 0.178717 -0.342605 -0.0107355 0.186304 -0.34306 -0.00841687 0.180012
          -0.350477 -0.0156375 0.192707 -0.351189 -0.0123285 0.187315 -0.342605 -0.0107355 0.186304
          -0.350477 -0.0156375 0.192707 -0.342605 -0.0107355 0.186304 -0.3426 -0.0149838 0.193084
          -0.353124 -0.014842 0.179328 -0.34306 -0.00841687 0.180012 -0.342605 -0.0107355 0.186304
          -0.353124 -0.014842 0.179328 -0.342605 -0.0107355 0.186304 -0.351189 -0.0123285 0.187315
          -0.332292 -0.0141438 0.193597 -0.3426 -0.0149838 0.193084 -0.342605 -0.0107355 0.186304
          -0.332292 -0.0141438 0.193597 -0.342605 -0.0107355 0.186304 -0.33231 -0.00955147 0.186542
          -0.351201 -0.0277314 0.179862 -0.350797 -0.0313636 0.186836 -0.342798 -0.0307807 0.185145
          -0.351201 -0.0277314 0.179862 -0.342798 -0.0307807 0.185145 -0.345792 -0.027007 0.179771
          -0.330659 -0.00648016 0.178717 -0.331382 -0.0235592 0.175951 -0.320982 -0.0221727 0.175805
          -0.330659 -0.00648016 0.178717 -0.320982 -0.0221727 0.175805 -0.321092 -0.0110064 0.170851
          -0.311241 -0.0108255 0.170821 -0.321092 -0.0110064 0.170851 -0.320982 -0.0221727 0.175805
          -0.311241 -0.0108255 0.170821 -0.320982 -0.0221727 0.175805 -0.310783 -0.020986 0.176258
          -0.321848 -0.00853776 0.187069 -0.33231 -0.00955147 0.186542 -0.330659 -0.00648016 0.178717
          -0.321848 -0.00853776 0.187069 -0.330659 -0.00648016 0.178717 -0.327912 -0.00546603 0.17551
          -0.321848 -0.00853776 0.187069 -0.327912 -0.00546603 0.17551 -0.321201 -0.00467564 0.176014
          -0.310552 -0.0125081 0.194716 -0.321413 -0.013261 0.194143 -0.321848 -0.00853776 0.187069
          -0.310552 -0.0125081 0.194716 -0.321848 -0.00853776 0.187069 -0.311014 -0.00719473 0.187078
          -0.311014 -0.00719473 0.187078 -0.321848 -0.00853776 0.187069 -0.321201 -0.00467564 0.176014
          -0.311014 -0.00719473 0.187078 -0.321201 -0.00467564 0.176014 -0.311298 -0.00375816 0.177835
          -0.311014 -0.00719473 0.187078 -0.311298 -0.00375816 0.177835 -0.307774 -0.00492419 0.183181
          -0.332292 -0.0141438 0.193597 -0.33231 -0.00955147 0.186542 -0.321848 -0.00853776 0.187069
          -0.332292 -0.0141438 0.193597 -0.321848 -0.00853776 0.187069 -0.321413 -0.013261 0.194143
          -0.320982 -0.0221727 0.175805 -0.321647 -0.0312017 0.187275 -0.31072 -0.0311148 0.18775
          -0.320982 -0.0221727 0.175805 -0.31072 -0.0311148 0.18775 -0.310783 -0.020986 0.176258
          -0.311241 -0.0108255 0.170821 -0.310783 -0.020986 0.176258 -0.302522 -0.020038 0.176948
          -0.311241 -0.0108255 0.170821 -0.302522 -0.020038 0.176948 -0.302331 -0.0107701 0.172147
          -0.290777 -0.0321244 0.196415 -0.29143 -0.0217104 0.196907 -0.292798 -0.0213439 0.188685
          -0.290777 -0.0321244 0.196415 -0.292798 -0.0213439 0.188685 -0.29335 -0.0292066 0.190397
          -0.292535 -0.0135657 0.19448 -0.293109 -0.011293 0.187694 -0.292798 -0.0213439 0.188685
          -0.292535 -0.0135657 0.19448 -0.292798 -0.0213439 0.188685 -0.29143 -0.0217104 0.196907
          -0.299975 -0.00454531 0.184451 -0.302769 -0.00286686 0.178227 -0.302331 -0.0107701 0.172147
          -0.299975 -0.00454531 0.184451 -0.302331 -0.0107701 0.172147 -0.293109 -0.011293 0.187694
          -0.299975 -0.00454531 0.184451 -0.293109 -0.011293 0.187694 -0.293805 -0.00445195 0.186006
          -0.302769 -0.00286686 0.178227 -0.299975 -0.00454531 0.184451 -0.307774 -0.00492419 0.183181
          -0.302769 -0.00286686 0.178227 -0.307774 -0.00492419 0.183181 -0.311298 -0.00375816 0.177835
          -0.311014 -0.00719473 0.187078 -0.307774 -0.00492419 0.183181 -0.299975 -0.00454531 0.184451
          -0.311014 -0.00719473 0.187078 -0.299975 -0.00454531 0.184451 -0.300427 -0.0120605 0.195505
          -0.311014 -0.00719473 0.187078 -0.300427 -0.0120605 0.195505 -0.310552 -0.0125081 0.194716
          -0.292535 -0.0135657 0.19448 -0.300427 -0.0120605 0.195505 -0.299975 -0.00454531 0.184451
          -0.292535 -0.0135657 0.19448 -0.299975 -0.00454531 0.184451 -0.293805 -0.00445195 0.186006
          -0.292535 -0.0135657 0.19448 -0.293805 -0.00445195 0.186006 -0.293109 -0.011293 0.187694
          -0.302522 -0.020038 0.176948 -0.299551 -0.0226377 0.182497 -0.292798 -0.0213439 0.188685
          -0.302522 -0.020038 0.176948 -0.292798 -0.0213439 0.188685 -0.293109 -0.011293 0.187694
          -0.302522 -0.020038 0.176948 -0.293109 -0.011293 0.187694 -0.302331 -0.0107701 0.172147
          -0.299551 -0.0226377 0.182497 -0.302522 -0.020038 0.176948 -0.310783 -0.020986 0.176258
          -0.299551 -0.0226377 0.182497 -0.310783 -0.020986 0.176258 -0.31072 -0.0311148 0.18775
          -0.299551 -0.0226377 0.182497 -0.31072 -0.0311148 0.18775 -0.299861 -0.0319758 0.188565
          -0.350631 -0.0314479 0.196382 -0.349537 -0.0395952 0.196799 -0.349714 -0.039122 0.189764
          -0.350631 -0.0314479 0.196382 -0.349714 -0.039122 0.189764 -0.350797 -0.0313636 0.186836
          -0.342191 -0.0464409 0.196823 -0.342816 -0.0397843 0.190147 -0.349714 -0.039122 0.189764
          -0.342191 -0.0464409 0.196823 -0.349714 -0.039122 0.189764 -0.349537 -0.0395952 0.196799
          -0.349714 -0.039122 0.189764 -0.342816 -0.0397843 0.190147 -0.342798 -0.0307807 0.185145
          -0.349714 -0.039122 0.189764 -0.342798 -0.0307807 0.185145 -0.350797 -0.0313636 0.186836
          -0.321647 -0.0312017 0.187275 -0.321519 -0.0403221 0.190425 -0.310853 -0.0400978 0.190334
          -0.321647 -0.0312017 0.187275 -0.310853 -0.0400978 0.190334 -0.31072 -0.0311148 0.18775
          -0.310853 -0.0400978 0.190334 -0.321519 -0.0403221 0.190425 -0.32143 -0.0436937 0.197035
          -0.310853 -0.0400978 0.190334 -0.32143 -0.0436937 0.197035 -0.310745 -0.0422837 0.197143
          -0.350631 -0.0314479 0.196382 -0.350797 -0.0313636 0.186836 -0.352063 -0.021897 0.186716
          -0.350631 -0.0314479 0.196382 -0.352063 -0.021897 0.186716 -0.351868 -0.0221814 0.19641
          -0.350631 -0.0314479 0.196382 -0.351868 -0.0221814 0.19641 -0.3505 -0.0260898 0.202228
          -0.350631 -0.0314479 0.196382 -0.3505 -0.0260898 0.202228 -0.350405 -0.0321787 0.204372
          -0.342645 -0.0257598 0.202565 -0.3505 -0.0260898 0.202228 -0.351868 -0.0221814 0.19641
          -0.342645 -0.0257598 0.202565 -0.351868 -0.0221814 0.19641 -0.350477 -0.0156375 0.192707
          -0.342645 -0.0257598 0.202565 -0.350477 -0.0156375 0.192707 -0.3426 -0.0149838 0.193084
          -0.3505 -0.0260898 0.202228 -0.342645 -0.0257598 0.202565 -0.342679 -0.03286 0.205787
          -0.3505 -0.0260898 0.202228 -0.342679 -0.03286 0.205787 -0.350405 -0.0321787 0.204372
          -0.321477 -0.0327576 0.206268 -0.321362 -0.0250841 0.203377 -0.310434 -0.0246876 0.203724
          -0.321477 -0.0327576 0.206268 -0.310434 -0.0246876 0.203724 -0.310521 -0.0326869 0.206439
          -0.350631 -0.0314479 0.196382 -0.350405 -0.0321787 0.204372 -0.349457 -0.0393223 0.204003
          -0.350631 -0.0314479 0.196382 -0.349457 -0.0393223 0.204003 -0.349537 -0.0395952 0.196799
          -0.349457 -0.0393223 0.204003 -0.34276 -0.0396827 0.207448 -0.342191 -0.0464409 0.196823
          -0.349457 -0.0393223 0.204003 -0.342191 -0.0464409 0.196823 -0.349537 -0.0395952 0.196799
          -0.342679 -0.03286 0.205787 -0.34276 -0.0396827 0.207448 -0.349457 -0.0393223 0.204003
          -0.342679 -0.03286 0.205787 -0.349457 -0.0393223 0.204003 -0.350405 -0.0321787 0.204372
          -0.310233 -0.0425593 0.204854 -0.321494 -0.0402155 0.207459 -0.321477 -0.0327576 0.206268
          -0.310233 -0.0425593 0.204854 -0.321477 -0.0327576 0.206268 -0.310521 -0.0326869 0.206439
          -0.32143 -0.0436937 0.197035 -0.321494 -0.0402155 0.207459 -0.310233 -0.0425593 0.204854
          -0.32143 -0.0436937 0.197035 -0.310233 -0.0425593 0.204854 -0.310745 -0.0422837 0.197143
          -0.310853 -0.0400978 0.190334 -0.302423 -0.0398399 0.190184 -0.299861 -0.0319758 0.188565
          -0.310853 -0.0400978 0.190334 -0.299861 -0.0319758 0.188565 -0.31072 -0.0311148 0.18775
          -0.299902 -0.0408073 0.19681 -0.302423 -0.0398399 0.190184 -0.310853 -0.0400978 0.190334
          -0.299902 -0.0408073 0.19681 -0.310853 -0.0400978 0.190334 -0.310745 -0.0422837 0.197143
          -0.299861 -0.0319758 0.188565 -0.302423 -0.0398399 0.190184 -0.299902 -0.0408073 0.19681
          -0.299861 -0.0319758 0.188565 -0.299902 -0.0408073 0.19681 -0.29236 -0.0399009 0.199071
          -0.299861 -0.0319758 0.188565 -0.29236 -0.0399009 0.199071 -0.290777 -0.0321244 0.196415
          -0.299861 -0.0319758 0.188565 -0.290777 -0.0321244 0.196415 -0.29335 -0.0292066 0.190397
          -0.310434 -0.0246876 0.203724 -0.300172 -0.0245884 0.204112 -0.300324 -0.0324728 0.206515
          -0.310434 -0.0246876 0.203724 -0.300324 -0.0324728 0.206515 -0.310521 -0.0326869 0.206439
          -0.300172 -0.0245884 0.204112 -0.310434 -0.0246876 0.203724 -0.310552 -0.0125081 0.194716
          -0.300172 -0.0245884 0.204112 -0.310552 -0.0125081 0.194716 -0.300427 -0.0120605 0.195505
          -0.332478 -0.0401876 0.190377 -0.342816 -0.0397843 0.190147 -0.342191 -0.0464409 0.196823
          -0.332478 -0.0401876 0.190377 -0.342191 -0.0464409 0.196823 -0.332179 -0.0451169 0.196938
          -0.342798 -0.0307807 0.185145 -0.342816 -0.0397843 0.190147 -0.332478 -0.0401876 0.190377
          -0.342798 -0.0307807 0.185145 -0.332478 -0.0401876 0.190377 -0.332348 -0.0313281 0.186589
          -0.32143 -0.0436937 0.197035 -0.321519 -0.0403221 0.190425 -0.332478 -0.0401876 0.190377
          -0.32143 -0.0436937 0.197035 -0.332478 -0.0401876 0.190377 -0.332179 -0.0451169 0.196938
          -0.321647 -0.0312017 0.187275 -0.332348 -0.0313281 0.186589 -0.332478 -0.0401876 0.190377
          -0.321647 -0.0312017 0.187275 -0.332478 -0.0401876 0.190377 -0.321519 -0.0403221 0.190425
          -0.330659 -0.00648016 0.178717 -0.34306 -0.00841687 0.180012 -0.342019 -0.0251596 0.176642
          -0.330659 -0.00648016 0.178717 -0.342019 -0.0251596 0.176642 -0.331382 -0.0235592 0.175951
          -0.350477 -0.0156375 0.192707 -0.351868 -0.0221814 0.19641 -0.352063 -0.021897 0.186716
          -0.350477 -0.0156375 0.192707 -0.352063 -0.021897 0.186716 -0.351189 -0.0123285 0.187315
          -0.351201 -0.0277314 0.179862 -0.345792 -0.027007 0.179771 -0.342019 -0.0251596 0.176642
          -0.351201 -0.0277314 0.179862 -0.342019 -0.0251596 0.176642 -0.352204 -0.0217659 0.17909
          -0.351201 -0.0277314 0.179862 -0.352204 -0.0217659 0.17909 -0.352063 -0.021897 0.186716
          -0.351201 -0.0277314 0.179862 -0.352063 -0.021897 0.186716 -0.350797 -0.0313636 0.186836
          -0.342798 -0.0307807 0.185145 -0.332348 -0.0313281 0.186589 -0.331382 -0.0235592 0.175951
          -0.342798 -0.0307807 0.185145 -0.331382 -0.0235592 0.175951 -0.342019 -0.0251596 0.176642
          -0.342798 -0.0307807 0.185145 -0.342019 -0.0251596 0.176642 -0.345792 -0.027007 0.179771
          -0.353124 -0.014842 0.179328 -0.352204 -0.0217659 0.17909 -0.342019 -0.0251596 0.176642
          -0.353124 -0.014842 0.179328 -0.342019 -0.0251596 0.176642 -0.34306 -0.00841687 0.180012
          -0.353124 -0.014842 0.179328 -0.351189 -0.0123285 0.187315 -0.352063 -0.021897 0.186716
          -0.353124 -0.014842 0.179328 -0.352063 -0.021897 0.186716 -0.352204 -0.0217659 0.17909
          -0.330659 -0.00648016 0.178717 -0.321092 -0.0110064 0.170851 -0.321201 -0.00467564 0.176014
          -0.330659 -0.00648016 0.178717 -0.321201 -0.00467564 0.176014 -0.327912 -0.00546603 0.17551
          -0.311241 -0.0108255 0.170821 -0.311298 -0.00375816 0.177835 -0.321201 -0.00467564 0.176014
          -0.311241 -0.0108255 0.170821 -0.321201 -0.00467564 0.176014 -0.321092 -0.0110064 0.170851
          -0.332348 -0.0313281 0.186589 -0.321647 -0.0312017 0.187275 -0.320982 -0.0221727 0.175805
          -0.332348 -0.0313281 0.186589 -0.320982 -0.0221727 0.175805 -0.331382 -0.0235592 0.175951
          -0.310552 -0.0125081 0.194716 -0.310434 -0.0246876 0.203724 -0.321362 -0.0250841 0.203377
          -0.310552 -0.0125081 0.194716 -0.321362 -0.0250841 0.203377 -0.321413 -0.013261 0.194143
          -0.332292 -0.0141438 0.193597 -0.321413 -0.013261 0.194143 -0.321362 -0.0250841 0.203377
          -0.332292 -0.0141438 0.193597 -0.321362 -0.0250841 0.203377 -0.332318 -0.0253359 0.202907
          -0.311241 -0.0108255 0.170821 -0.302331 -0.0107701 0.172147 -0.302769 -0.00286686 0.178227
          -0.311241 -0.0108255 0.170821 -0.302769 -0.00286686 0.178227 -0.311298 -0.00375816 0.177835
          -0.299861 -0.0319758 0.188565 -0.29335 -0.0292066 0.190397 -0.292798 -0.0213439 0.188685
          -0.299861 -0.0319758 0.188565 -0.292798 -0.0213439 0.188685 -0.299551 -0.0226377 0.182497
          -0.292535 -0.0135657 0.19448 -0.29143 -0.0217104 0.196907 -0.292622 -0.0247149 0.204472
          -0.292535 -0.0135657 0.19448 -0.292622 -0.0247149 0.204472 -0.300172 -0.0245884 0.204112
          -0.292535 -0.0135657 0.19448 -0.300172 -0.0245884 0.204112 -0.300427 -0.0120605 0.195505
          -0.332318 -0.0253359 0.202907 -0.332422 -0.0329218 0.206106 -0.342679 -0.03286 0.205787
          -0.332318 -0.0253359 0.202907 -0.342679 -0.03286 0.205787 -0.342645 -0.0257598 0.202565
          -0.332318 -0.0253359 0.202907 -0.342645 -0.0257598 0.202565 -0.3426 -0.0149838 0.193084
          -0.332318 -0.0253359 0.202907 -0.3426 -0.0149838 0.193084 -0.332292 -0.0141438 0.193597
          -0.321477 -0.0327576 0.206268 -0.332422 -0.0329218 0.206106 -0.332318 -0.0253359 0.202907
          -0.321477 -0.0327576 0.206268 -0.332318 -0.0253359 0.202907 -0.321362 -0.0250841 0.203377
          -0.300324 -0.0324728 0.206515 -0.300155 -0.0412053 0.204781 -0.310233 -0.0425593 0.204854
          -0.300324 -0.0324728 0.206515 -0.310233 -0.0425593 0.204854 -0.310521 -0.0326869 0.206439
          -0.310233 -0.0425593 0.204854 -0.300155 -0.0412053 0.204781 -0.299902 -0.0408073 0.19681
          -0.310233 -0.0425593 0.204854 -0.299902 -0.0408073 0.19681 -0.310745 -0.0422837 0.197143
          -0.342191 -0.0464409 0.196823 -0.34276 -0.0396827 0.207448 -0.332453 -0.0402 0.207517
          -0.342191 -0.0464409 0.196823 -0.332453 -0.0402 0.207517 -0.332179 -0.0451169 0.196938
          -0.332453 -0.0402 0.207517 -0.34276 -0.0396827 0.207448 -0.342679 -0.03286 0.205787
          -0.332453 -0.0402 0.207517 -0.342679 -0.03286 0.205787 -0.332422 -0.0329218 0.206106
          -0.32143 -0.0436937 0.197035 -0.332179 -0.0451169 0.196938 -0.332453 -0.0402 0.207517
          -0.32143 -0.0436937 0.197035 -0.332453 -0.0402 0.207517 -0.321494 -0.0402155 0.207459
          -0.321477 -0.0327576 0.206268 -0.321494 -0.0402155 0.207459 -0.332453 -0.0402 0.207517
          -0.321477 -0.0327576 0.206268 -0.332453 -0.0402 0.207517 -0.332422 -0.0329218 0.206106
          -0.300324 -0.0324728 0.206515 -0.300172 -0.0245884 0.204112 -0.292622 -0.0247149 0.204472
          -0.300324 -0.0324728 0.206515 -0.292622 -0.0247149 0.204472 -0.2924 -0.0318832 0.206362
          -0.290777 -0.0321244 0.196415 -0.2924 -0.0318832 0.206362 -0.292622 -0.0247149 0.204472
          -0.290777 -0.0321244 0.196415 -0.292622 -0.0247149 0.204472 -0.29143 -0.0217104 0.196907
          -0.299902 -0.0408073 0.19681 -0.300155 -0.0412053 0.204781 -0.292632 -0.0401841 0.204393
          -0.299902 -0.0408073 0.19681 -0.292632 -0.0401841 0.204393 -0.29236 -0.0399009 0.199071
          -0.300324 -0.0324728 0.206515 -0.2924 -0.0318832 0.206362 -0.292632 -0.0401841 0.204393
          -0.300324 -0.0324728 0.206515 -0.292632 -0.0401841 0.204393 -0.300155 -0.0412053 0.204781
          -0.290777 -0.0321244 0.196415 -0.29236 -0.0399009 0.199071 -0.292632 -0.0401841 0.204393
          -0.290777 -0.0321244 0.196415 -0.292632 -0.0401841 0.204393 -0.2924 -0.0318832 0.206362
        </DataArray>
      </Points>
      <Polys>
        <DataArray type="Int32" Name="connectivity" format="ascii">
          0 1 2 3 4 5 6 7 8 9 10 11 12 13 14 15 16 17
          18 19 20 21 22 23 24 25 26 27 28 29 30 31 32 33 34 35
          36 37 38 39 40 41 42 43 44 45 46 47 48 49 50 51 52 53
          54 55 56 57 58 59 60 61 62 63 64 65 66 67 68 69 70 71
          72 73 74 75 76 77 78 79 80 81 82 83 84 85 86 87 88 89
          90 91 92 93 94 95 96 97 98 99 100 101 102 103 104 105 106 107
          108 109 110 111 112 113 114 115 116 117 118 119 120 121 122 123 124 125
          126 127 128 129 130 131 132 133 134 135 136 137 138 139 140 141 142 143
          144 145 146 147 148 149 150 151 152 153 154 155 156 157 158 159 160 161
          162 163 164 165 166 167 168 169 170 171 172 173 174 175 176 177 178 179
          180 181 182 183 184 185 186 187 188 189 190 191 192 193 194 195 196 197
          198 199 200 201 202 203 204 205 206 207 208 209 210 211 212 213 214 215
          216 217 218 219 220 221 222 223 224 225 226 227 228 229 230 231 232 233
          234 235 236 237 238 239 240 241 242 243 244 245 246 247 248 249 250 251
          252 253 254 255 256 257 258 259 260 261 262 263 264 265 266 267 268 269
          270 271 272 273 274 275 276 277 278 279 280 281 282 283 284 285 286 287
          288 289 290 291 292 293 294 295 296 297 298 299 300 301 302 303 304 305
          306 307 308 309 310 311 312 313 314 315 316 317 318 319 320 321 322 323
          324 325 326 327 328 329 330 331 332 333 334 335 336 337 338 339 340 341
          342 343 344 345 346 347 348 349 350 351 352 353 354 355 356 357 358 359
          360 361 362 363 364 365 366 367 368 369 370 371 372 373 374 375 376 377
          378 379 380 381 382 383 384 385 386 387 388 389 390 391 392 393 394 395
          396 397 398 399 400 401 402 403 404 405 406 407 408 409 410 411 412 413
          414 415 416 417 418 419 420 421 422 423 424 425 426 427 428 429 430 431
          432 433 434 435 436 437 438 439 440 441 442 443 444 445 446 447 448 449
          450 451 452 453 454 455 456 457 458 459 460 461 462 463 464 465 466 467
          468 469 470 471 472 473 474 475 476 477 478 479 480 481 482 483 484 485
          486 487 488 489 490 491 492 493 494 495 496 497 498 499 500 501 502 503
          504 505 506 507 508 509 510 511 512 513 514 515 516 517 518 519 520 521
          522 523 524 525 526 527 528 529 530 531 532 533 534 535 536 537 538 539
          540 541 542 543 544 545 546 547 548 549 550 551 552 553 554 555 556 557
          558 559 560 561 562 563 564 565 566 567 568 569 570 571 572 573 574 575
          576 577 578 579 580 581 582 583 584 585 586 587 588 589 590 591 592 593
          594 595 596 597 598 599 600 601 602 603 604 605 606 607 608 609 610 611
          612 613 614 615 616 617 618 619 620 621 622 623 624 625 626 627 628 629
          630 631 632 633 634 635 636 637 638 639 640 641 642 643 644 645 646 647
          648 649 650 651 652 653 654 655 656 657 658 659 660 661 662 663 664 665
          666 667 668 669 670 671 672 673 674 675 676 677 678 679 680 681 682 683
          684 685 686 687 688 689 690 691 692 693 694 695 696 697 698 699 700 701
          702 703 704 705 706 707 708 709 710 711 712 713 714 715 716 717 718 719
          720 721 722 723 724 725 726 727 728 729 730 731 732 733 734 735 736 737
          738 739 740 741 742 743 744 745 746 747 748 749 750 751 752 753 754 755
          756 757 758 759 760 761 762 763 764 765 766 767 768 769 770 771 772 773
          774 775 776 777 778 779 780 781 782 783 784 785 786 787 788 789 790 791
          792 793 794 795 796 797 798 799 800 801 802 803 804 805 806 807 808 809
          810 811 812 813 814 815 816 817 818 819 820 821 822 823 824 825 826 827
          828 829 830 831 832 833 834 835 836 837 838 839 840 841 842 843 844 845
          846 847 848 849 850 851 852 853 854 855 856 857 858 859 860 861 862 863
          864 865 866 867 868 869 870 871 872 873 874 875 876 877 878 879 880 881
          882 883 884 885 886 887 888 889 890 891 892 893 894 895 896 897 898 899
          900 901 902 903 904 905 906 907 908 909 910 911 912 913 914 915 916 917
          918 919 920 921 922 923 924 925 926 927 928 929 930 931 932 933 934 935
          936 937 938 939 940 941 942 943 944 945 946 947 948 949 950 951 952 953
          954 955 956 957 958 959 960 961 962 963 964 965 966 967 968 969 970 971
          972 973 974 975 976 977 978 979 980 981 982 983 984 985 986 987 988 989
          990 991 992 993 994 995 996 997 998 999 1000 1001 1002 1003 1004 1005 1006 1007
          1008 1009 1010 1011 1012 1013 1014 1015 1016 1017 1018 1019 1020 1021 1022 1023 1024 1025
          1026 1027 1028 1029 1030 1031 1032 1033 1034 1035 1036 1037 1038 1039 1040 1041 1042 1043
          1044 1045 1046 1047 1048 1049 1050 1051 1052 1053 1054 1055 1056 1057 1058 1059 1060 1061
          1062 1063 1064 1065 1066 1067 1068 1069 1070 1071 1072 1073 1074 1075 1076 1077 1078 1079
          1080 1081 1082 1083 1084 1085 1086 1087 1088 1089 1090 1091 1092 1093 1094 1095 1096 1097
          1098 1099 1100 1101 1102 1103 1104 1105 1106 1107 1108 1109 1110 1111 1112 1113 1114 1115
          1116 1117 1118 1119 1120 1121 1122 1123 1124 1125 1126 1127 1128 1129 1130 1131 1132 1133
          1134 1135 1136 1137 1138 1139 1140 1141 1142 1143 1144 1145 1146 1147 1148 1149 1150 1151
          1152 1153 1154 1155 1156 1157 1158 1159 1160 1161 1162 1163 1164 1165 1166 1167 1168 1169
          1170 1171 1172 1173 1174 1175 1176 1177 1178 1179 1180 1181 1182 1183 1184 1185 1186 1187
          1188 1189 1190 1191 1192 1193 1194 1195 1196 1197 1198 1199 1200 1201 1202 1203 1204 1205
          1206 1207 1208 1209 1210 1211 1212 1213 1214 1215 1216 1217 1218 1219 1220 1221 1222 1223
          1224 1225 1226 1227 1228 1229 1230 1231 1232 1233 1234 1235 1236 1237 1238 1239 1240 1241
          1242 1243 1244 1245 1246 1247 1248 1249 1250 1251 1252 1253 1254 1255 1256 1257 1258 1259
          1260 1261 1262 1263 1264 1265 1266 1267 1268 1269 1270 1271 1272 1273 1274 1275 1276 1277
          1278 1279 1280 1281 1282 1283 1284 1285 1286 1287 1288 1289 1290 1291 1292 1293 1294 1295
          1296 1297 1298 1299 1300 1301 1302 1303 1304 1305 1306 1307 1308 1309 1310 1311 1312 1313
          1314 1315 1316 1317 1318 1319 1320 1321 1322 1323 1324 1325 1326 1327 1328 1329 1330 1331
          1332 1333 1334 1335 1336 1337 1338 1339 1340 1341 1342 1343 1344 1345 1346 1347 1348 1349
          1350 1351 1352 1353 1354 1355 1356 1357 1358 1359 1360 1361 1362 1363 1364 1365 1366 1367
          1368 1369 1370 1371 1372 1373 1374 1375 1376 1377 1378 1379 1380 1381 1382 1383 1384 1385
          1386 1387 1388 1389 1390 1391 1392 1393 1394 1395 1396 1397 1398 1399 1400 1401 1402 1403
          1404 1405 1406 1407 1408 1409 1410 1411 1412 1413 1414 1415 1416 1417 1418 1419 1420 1421
          1422 1423 1424 1425 1426 1427 1428 1429 1430 1431 1432 1433 1434 1435 1436 1437 1438 1439
          1440 1441 1442 1443 1444 1445 1446 1447 1448 1449 1450 1451 1452 1453 1454 1455 1456 1457
          1458 1459 1460 1461 1462 1463 1464 1465 1466 1467 1468 1469 1470 1471 1472 1473 1474 1475
          1476 1477 1478 1479 1480 1481 1482 1483 1484 1485 1486 1487 1488 1489 1490 1491 1492 1493
          1494 1495 1496 1497 1498 1499 1500 1501 1502 1503 1504 1505 1506 1507 1508 1509 1510 1511
          1512 1513 1514 1515 1516 1517 1518 1519 1520 1521 1522 1523 1524 1525 1526 1527 1528 1529
          1530 1531 1532 1533 1534 1535 1536 1537 1538 1539 1540 1541 1542 1543 1544 1545 1546 1547
          1548 1549 1550 1551 1552 1553 1554 1555 1556 1557 1558 1559 1560 1561 1562 1563 1564 1565
          1566 1567 1568 1569 1570 1571 1572 1573 1574 1575 1576 1577 1578 1579 1580 1581 1582 1583
          1584 1585 1586 1587 1588 1589 1590 1591 1592 1593 1594 1595 1596 1597 1598 1599 1600 1601
          1602 1603 1604 1605 1606 1607 1608 1609 1610 1611 1612 1613 1614 1615 1616 1617 1618 1619
          1620 1621 1622 1623 1624 1625 1626 1627 1628 1629 1630 1631 1632 1633 1634 1635 1636 1637
          1638 1639 1640 1641 1642 1643 1644 1645 1646 1647 1648 1649 1650 1651 1652 1653 1654 1655
          1656 1657 1658 1659 1660 1661 1662 1663 1664 1665 1666 1667 1668 1669 1670 1671 1672 1673
          1674 1675 1676 1677 1678 1679 1680 1681 1682 1683 1684 1685 1686 1687 1688 1689 1690 1691
          1692 1693 1694 1695 1696 1697 1698 1699 1700 1701 1702 1703 1704 1705 1706 1707 1708 1709
          1710 1711 1712 1713 1714 1715 1716 1717 1718 1719 1720 1721 1722 1723 1724 1725 1726 1727
          1728 1729 1730 1731 1732 1733 1734 1735 1736 1737 1738 1739 1740 1741 1742 1743 1744 1745
          1746 1747 1748 1749 1750 1751 1752 1753 1754 1755 1756 1757 1758 1759 1760 1761 1762 1763
          1764 1765 1766 1767 1768 1769 1770 1771 1772 1773 1774 1775 1776 1777 1778 1779 1780 1781
          1782 1783 1784 1785 1786 1787 1788 1789 1790 1791 1792 1793 1794 1795 1796 1797 1798 1799
          1800 1801 1802 1803 1804 1805 1806 1807 1808 1809 1810 1811 1812 1813 1814 1815 1816 1817
          1818 1819 1820 1821 1822 1823 1824 1825 1826 1827 1828 1829 1830 1831 1832 1833 1834 1835
          1836 1837 1838 1839 1840 1841 1842 1843 1844 1845 1846 1847 1848 1849 1850 1851 1852 1853
          1854 1855 1856 1857 1858 1859 1860 1861 1862 1863 1864 1865 1866 1867 1868 1869 1870 1871
          1872 1873 1874 1875 1876 1877 1878 1879 1880 1881 1882 1883 1884 1885 1886 1887 1888 1889
          1890 1891 1892 1893 1894 1895 1896 1897 1898 1899 1900 1901 1902 1903 1904 1905 1906 1907
          1908 1909 1910 1911 1912 1913 1914 1915 1916 1917 1918 1919 1920 1921 1922 1923 1924 1925
          1926 1927 1928 1929 1930 1931 1932 1933 1934 1935 1936 1937 1938 1939 1940 1941 1942 1943
          1944 1945 1946 1947 1948 1949 1950 1951 1952 1953 1954 1955 1956 1957 1958 1959 1960 1961
          1962 1963 1964 1965 1966 1967 1968 1969 1970 1971 1972 1973 1974 1975 1976 1977 1978 1979
          1980 1981 1982 1983 1984 1985 1986 1987 1988 1989 1990 1991 1992 1993 1994 1995 1996 1997
          1998 1999 2000 2001 2002 2003 2004 2005 2006 2007 2008 2009 2010 2011 2012 2013 2014 2015
          2016 2017 2018 2019 2020 2021 2022 2023 2024 2025 2026 2027 2028 2029 2030 2031 2032 2033
          2034 2035 2036 2037 2038 2039 2040 2041 2042 2043 2044 2045 2046 2047 2048 2049 2050 2051
          2052 2053 2054 2055 2056 2057 2058 2059 2060 2061 2062 2063 2064 2065 2066 2067 2068 2069
          2070 2071 2072 2073 2074 2075 2076 2077 2078 2079 2080 2081 2082 2083 2084 2085 2086 2087
          2088 2089 2090 2091 2092 2093 2094 2095 2096 2097 2098 2099 2100 2101 2102 2103 2104 2105
          2106 2107 2108 2109 2110 2111 2112 2113 2114 2115 2116 2117 2118 2119 2120 2121 2122 2123
          2124 2125 2126 2127 2128 2129 2130 2131 2132 2133 2134 2135 2136 2137 2138 2139 2140 2141
          2142 2143 2144 2145 2146 2147 2148 2149 2150 2151 2152 2153 2154 2155 2156 2157 2158 2159
          2160 2161 2162 2163 2164 2165 2166 2167 2168 2169 2170 2171 2172 2173 2174 2175 2176 2177
          2178 2179 2180 2181 2182 2183 2184 2185 2186 2187 2188 2189 2190 2191 2192 2193 2194 2195
          2196 2197 2198 2199 2200 2201 2202 2203 2204 2205 2206 2207 2208 2209 2210 2211 2212 2213
          2214 2215 2216 2217 2218 2219 2220 2221 2222 2223 2224 2225 2226 2227 2228 2229 2230 2231
          2232 2233 2234 2235 2236 2237 2238 2239 2240 2241 2242 2243 2244 2245 2246 2247 2248 2249
          2250 2251 2252 2253 2254 2255 2256 2257 2258 2259 2260 2261 2262 2263 2264 2265 2266 2267
          2268 2269 2270 2271 2272 2273 2274 2275 2276 2277 2278 2279 2280 2281 2282 2283 2284 2285
          2286 2287 2288 2289 2290 2291 2292 2293 2294 2295 2296 2297 2298 2299 2300 2301 2302 2303
          2304 2305 2306 2307 2308 2309 2310 2311 2312 2313 2314 2315 2316 2317 2318 2319 2320 2321
          2322 2323 2324 2325 2326 2327 2328 2329 2330 2331 2332 2333 2334 2335 2336 2337 2338 2339
          2340 2341 2342 2343 2344 2345 2346 2347 2348 2349 2350 2351 2352 2353 2354 2355 2356 2357
          2358 2359 2360 2361 2362 2363 2364 2365 2366 2367 2368 2369 2370 2371 2372 2373 2374 2375
          2376 2377 2378 2379 2380 2381 2382 2383 2384 2385 2386 2387 2388 2389 2390 2391 2392 2393
          2394 2395 2396 2397 2398 2399 2400 2401 2402 2403 2404 2405 2406 2407 2408 2409 2410 2411
          2412 2413 2414 2415 2416 2417 2418 2419 2420 2421 2422 2423 2424 2425 2426 2427 2428 2429
          2430 2431 2432 2433 2434 2435 2436 2437 2438 2439 2440 2441 2442 2443 2444 2445 2446 2447
          2448 2449 2450 2451 2452 2453 2454 2455 2456 2457 2458 2459 2460 2461 2462 2463 2464 2465
          2466 2467 2468 2469 2470 2471 2472 2473 2474 2475 2476 2477 2478 2479 2480 2481 2482 2483
          2484 2485 2486 2487 2488 2489 2490 2491 2492 2493 2494 2495 2496 2497 2498 2499 2500 2501
          2502 2503 2504 2505 2506 2507 2508 2509 2510 2511 2512 2513 2514 2515 2516 2517 2518 2519
          2520 2521 2522 2523 2524 2525 2526 2527 2528 2529 2530 2531 2532 2533 2534 2535 2536 2537
          2538 2539 2540 2541 2542 2543 2544 2545 2546 2547 2548 2549 2550 2551 2552 2553 2554 2555
          2556 2557 2558 2559 2560 2561 2562 2563 2564 2565 2566 2567 2568 2569 2570 2571 2572 2573
          2574 2575 2576 2577 2578 2579 2580 2581 2582 2583 2584 2585 2586 2587 2588 2589 2590 2591
          2592 2593 2594 2595 2596 2597 2598 2599 2600 2601 2602 2603 2604 2605 2606 2607 2608 2609
          2610 2611 2612 2613 2614 2615 2616 2617 2618 2619 2620 2621 2622 2623 2624 2625 2626 2627
          2628 2629 2630 2631 2632 2633 2634 2635 2636 2637 2638 2639 2640 2641 2642 2643 2644 2645
          2646 2647 2648 2649 2650 2651 2652 2653 2654 2655 2656 2657 2658 2659 2660 2661 2662 2663
          2664 2665 2666 2667 2668 2669 2670 2671 2672 2673 2674 2675 2676 2677 2678 2679 2680 2681
          2682 2683 2684 2685 2686 2687 2688 2689 2690 2691 2692 2693 2694 2695 2696 2697 2698 2699
          2700 2701 2702 2703 2704 2705 2706 2707 2708 2709 2710 2711 2712 2713 2714 2715 2716 2717
          2718 2719 2720 2721 2722 2723 2724 2725 2726 2727 2728 2729 2730 2731 2732 2733 2734 2735
          2736 2737 2738 2739 2740 2741 2742 2743 2744 2745 2746 2747 2748 2749 2750 2751 2752 2753
          2754 2755 2756 2757 2758 2759 2760 2761 2762 2763 2764 2765 2766 2767 2768 2769 2770 2771
          2772 2773 2774 2775 2776 2777 2778 2779 2780 2781 2782 2783 2784 2785 2786 2787 2788 2789
          2790 2791 2792 2793 2794 2795 2796 2797 2798 2799 2800 2801 2802 2803 2804 2805 2806 2807
          2808 2809 2810 2811 2812 2813 2814 2815 2816 2817 2818 2819 2820 2821 2822 2823 2824 2825
          2826 2827 2828 2829 2830 2831 2832 2833 2834 2835 2836 2837 2838 2839 2840 2841 2842 2843
          2844 2845 2846 2847 2848 2849 2850 2851 2852 2853 2854 2855 2856 2857 2858 2859 2860 2861
          2862 2863 2864 2865 2866 2867 2868 2869 2870 2871 2872 2873 2874 2875 2876 2877 2878 2879
          2880 2881 2882 2883 2884 2885 2886 2887 2888 2889 2890 2891 2892 2893 2894 2895 2896 2897
          2898 2899 2900 2901 2902 2903 2904 2905 2906 2907 2908 2909 2910 2911 2912 2913 2914 2915
          2916 2917 2918 2919 2920 2921 2922 2923 2924 2925 2926 2927 2928 2929 2930 2931 2932 2933
          2934 2935 2936 2937 2938 2939 2940 2941 2942 2943 2944 2945 2946 2947 2948 2949 2950 2951
          2952 2953 2954 2955 2956 2957 2958 2959 2960 2961 2962 2963 2964 2965 2966 2967 2968 2969
          2970 2971 2972 2973 2974 2975 2976 2977 2978 2979 2980 2981 2982 2983 2984 2985 2986 2987
          2988 2989 2990 2991 2992 2993 2994 2995 2996 2997 2998 2999 3000 3001 3002 3003 3004 3005
          3006 3007 3008 3009 3010 3011 3012 3013 3014 3015 3016 3017 3018 3019 3020 3021 3022 3023
          3024 3025 3026 3027 3028 3029 3030 3031 3032 3033 3034 3035 3036 3037 3038 3039 3040 3041
          3042 3043 3044 3045 3046 3047 3048 3049 3050 3051 3052 3053 3054 3055 3056 3057 3058 3059
          3060 3061 3062 3063 3064 3065 3066 3067 3068 3069 3070 3071 3072 3073 3074 3075 3076 3077
          3078 3079 3080 3081 3082 3083 3084 3085 3086 3087 3088 3089 3090 3091 3092 3093 3094 3095
          3096 3097 3098 3099 3100 3101 3102 3103 3104 3105 3106 3107 3108 3109 3110 3111 3112 3113
          3114 3115 3116 3117 3118 3119 3120 3121 3122 3123 3124 3125 3126 3127 3128 3129 3130 3131
          3132 3133 3134 3135 3136 3137 3138 3139 3140 3141 3142 3143 3144 3145 3146 3147 3148 3149
          3150 3151 3152 3153 3154 3155 3156 3157 3158 3159 3160 3161 3162 3163 3164 3165 3166 3167
          3168 3169 3170 3171 3172 3173 3174 3175 3176 3177 3178 3179 3180 3181 3182 3183 3184 3185
        </DataArray>
        <DataArray type="Int32" Name="offsets" format="ascii">
          3 6 9 12 15 18 21 24 27 30 33 36 39 42 45 48 51 54
          57 60 63 66 69 72 75 78 81 84 87 90 93 96 99 102 105 108
          111 114 117 120 123 126 129 132 135 138 141 144 147 150 153 156 159 162
          165 168 171 174 177 180 183 186 189 192 195 198 201 204 207 210 213 216
          219 222 225 228 231 234 237 240 243 246 249 252 255 258 261 264 267 270
          273 276 279 282 285 288 291 294 297 300 303 306 309 312 315 318 321 324
          327 330 333 336 339 342 345 348 351 354 357 360 363 366 369 372 375 378
          381 384 387 390 393 396 399 402 405 408 411 414 417 420 423 426 429 432
          435 438 441 444 447 450 453 456 459 462 465 468 471 474 477 480 483 486
          489 492 495 498 501 504 507 510 513 516 519 522 525 528 531 534 537 540
          543 546 549 552 555 558 561 564 567 570 573 576 579 582 585 588 591 594
          597 600 603 606 609 612 615 618 621 624 627 630 633 636 639 642 645 648
          651 654 657 660 663 666 669 672 675 678 681 684 687 690 693 696 699 702
          705 708 711 714 717 720 723 726 729 732 735 738 741 744 747 750 753 756
          759 762 765 768 771 774 777 780 783 786 789 792 795 798 801 804 807 810
          813 816 819 822 825 828 831 834 837 840 843 846 849 852 855 858 861 864
          867 870 873 876 879 882 885 888 891 894 897 900 903 906 909 912 915 918
          921 924 927 930 933 936 939 942 945 948 951 954 957 960 963 966 969 972
          975 978 981 984 987 990 993 996 999 1002 1005 1008 1011 1014 1017 1020 1023 1026
          1029 1032 1035 1038 1041 1044 1047 1050 1053 1056 1059 1062 1065 1068 1071 1074 1077 1080
          1083 1086 1089 1092 1095 1098 1101 1104 1107 1110 1113 1116 1119 1122 1125 1128 1131 1134
          1137 1140 1143 1146 1149 1152 1155 1158 1161 1164 1167 1170 1173 1176 1179 1182 1185 1188
          1191 1194 1197 1200 1203 1206 1209 1212 1215 1218 1221 1224 1227 1230 1233 1236 1239 1242
          1245 1248 1251 1254 1257 1260 1263 1266 1269 1272 1275 1278 1281 1284 1287 1290 1293 1296
          1299 1302 1305 1308 1311 1314 1317 1320 1323 1326 1329 1332 1335 1338 1341 1344 1347 1350
          1353 1356 1359 1362 1365 1368 1371 1374 1377 1380 1383 1386 1389 1392 1395 1398 1401 1404
          1407 1410 1413 1416 1419 1422 1425 1428 1431 1434 1437 1440 1443 1446 1449 1452 1455 1458
          1461 1464 1467 1470 1473 1476 1479 1482 1485 1488 1491 1494 1497 1500 1503 1506 1509 1512
          1515 1518 1521 1524 1527 1530 1533 1536 1539 1542 1545 1548 1551 1554 1557 1560 1563 1566
          1569 1572 1575 1578 1581 1584 1587 1590 1593 1596 1599 1602 1605 1608 1611 1614 1617 1620
          1623 1626 1629 1632 1635 1638 1641 1644 1647 1650 1653 1656 1659 1662 1665 1668 1671 1674
          1677 1680 1683 1686 1689 1692 1695 1698 1701 1704 1707 1710 1713 1716 1719 1722 1725 1728
          1731 1734 1737 1740 1743 1746 1749 1752 1755 1758 1761 1764 1767 1770 1773 1776 1779 1782
          1785 1788 1791 1794 1797 1800 1803 1806 1809 1812 1815 1818 1821 1824 1827 1830 1833 1836
          1839 1842 1845 1848 1851 1854 1857 1860 1863 1866 1869 1872 1875 1878 1881 1884 1887 1890
          1893 1896 1899 1902 1905 1908 1911 1914 1917 1920 1923 1926 1929 1932 1935 1938 1941 1944
          1947 1950 1953 1956 1959 1962 1965 1968 1971 1974 1977 1980 1983 1986 1989 1992 1995 1998
          2001 2004 2007 2010 2013 2016 2019 2022 2025 2028 2031 2034 2037 2040 2043 2046 2049 2052
          2055 2058 2061 2064 2067 2070 2073 2076 2079 2082 2085 2088 2091 2094 2097 2100 2103 2106
          2109 2112 2115 2118 2121 2124 2127 2130 2133 2136 2139 2142 2145 2148 2151 2154 2157 2160
          2163 2166 2169 2172 2175 2178 2181 2184 2187 2190 2193 2196 2199 2202 2205 2208 2211 2214
          2217 2220 2223 2226 2229 2232 2235 2238 2241 2244 2247 2250 2253 2256 2259 2262 2265 2268
          2271 2274 2277 2280 2283 2286 2289 2292 2295 2298 2301 2304 2307 2310 2313 2316 2319 2322
          2325 2328 2331 2334 2337 2340 2343 2346 2349 2352 2355 2358 2361 2364 2367 2370 2373 2376
          2379 2382 2385 2388 2391 2394 2397 2400 2403 2406 2409 2412 2415 2418 2421 2424 2427 2430
          2433 2436 2439 2442 2445 2448 2451 2454 2457 2460 2463 2466 2469 2472 2475 2478 2481 2484
          2487 2490 2493 2496 2499 2502 2505 2508 2511 2514 2517 2520 2523 2526 2529 2532 2535 2538
          2541 2544 2547 2550 2553 2556 2559 2562 2565 2568 2571 2574 2577 2580 2583 2586 2589 2592
          2595 2598 2601 2604 2607 2610 2613 2616 2619 2622 2625 2628 2631 2634 2637 2640 2643 2646
          2649 2652 2655 2658 2661 2664 2667 2670 2673 2676 2679 2682 2685 2688 2691 2694 2697 2700
          2703 2706 2709 2712 2715 2718 2721 2724 2727 2730 2733 2736 2739 2742 2745 2748 2751 2754
          2757 2760 2763 2766 2769 2772 2775 2778 2781 2784 2787 2790 2793 2796 2799 2802 2805 2808
          2811 2814 2817 2820 2823 2826 2829 2832 2835 2838 2841 2844 2847 2850 2853 2856 2859 2862
          2865 2868 2871 2874 2877 2880 2883 2886 2889 2892 2895 2898 2901 2904 2907 2910 2913 2916
          2919 2922 2925 2928 2931 2934 2937 2940 2943 2946 2949 2952 2955 2958 2961 2964 2967 2970
          2973 2976 2979 2982 2985 2988 2991 2994 2997 3000 3003 3006 3009 3012 3015 3018 3021 3024
          3027 3030 3033 3036 3039 3042 3045 3048 3051 3054 3057 3060 3063 3066 3069 3072 3075 3078
          3081 3084 3087 3090 3093 3096 3099 3102 3105 3108 3111 3114 3117 3120 3123 3126 3129 3132
          3135 3138 3141 3144 3147 3150 3153 3156 3159 3162 3165 3168 3171 3174 3177 3180 3183 3186
        </DataArray>
      </Polys>
    </Piece>
  </PolyData>
</VTKFile>
